Subject,Trial,Tone1,Tone2,Difference,CorrectResponse,Accuracy,NextTrial.ACC,Reversal,ReversalNumb,DurationThreshold.last,SessionDate,SessionTime
14005,1,150,250,100,second,0,NA,NA,NA,40,08-28-2018,11:13:34
14005,2,500,350,150,first,1,0,1,1,40,08-28-2018,11:13:34
14005,3,380,250,130,first,1,1,0,NA,40,08-28-2018,11:13:34
14005,4,320,430,110,second,1,1,0,NA,40,08-28-2018,11:13:34
14005,5,250,340,90,second,0,1,1,2,40,08-28-2018,11:13:34
14005,6,100,250,150,second,1,0,1,3,40,08-28-2018,11:13:34
14005,7,150,280,130,second,1,1,0,NA,40,08-28-2018,11:13:34
14005,8,320,440,120,second,1,1,0,NA,40,08-28-2018,11:13:34
14005,9,240,350,110,second,1,1,0,NA,40,08-28-2018,11:13:34
14005,10,420,320,100,first,1,1,0,NA,40,08-28-2018,11:13:34
14005,11,410,320,90,first,1,1,0,NA,40,08-28-2018,11:13:34
14005,12,250,330,80,second,1,1,0,NA,40,08-28-2018,11:13:34
14005,13,180,250,70,second,1,1,0,NA,40,08-28-2018,11:13:34
14005,14,250,310,60,second,0,1,1,4,40,08-28-2018,11:13:34
14005,15,260,350,90,second,1,0,1,5,40,08-28-2018,11:13:34
14005,16,360,280,80,first,1,1,0,NA,40,08-28-2018,11:13:34
14005,17,250,320,70,second,1,1,0,NA,40,08-28-2018,11:13:34
14005,18,320,260,60,first,1,1,0,NA,40,08-28-2018,11:13:34
14005,19,350,400,50,second,1,1,0,NA,40,08-28-2018,11:13:34
14005,20,280,240,40,first,1,1,0,NA,40,08-28-2018,11:13:34
14005,21,320,290,30,first,1,1,0,NA,40,08-28-2018,11:13:34
14005,22,250,230,20,first,1,1,0,NA,40,08-28-2018,11:13:34
14005,23,360,350,10,first,0,1,1,6,40,08-28-2018,11:13:34
14005,24,280,240,40,first,1,0,1,7,40,08-28-2018,11:13:34
14005,25,320,290,30,first,1,1,0,NA,40,08-28-2018,11:13:34
14005,26,280,300,20,second,0,1,1,8,40,08-28-2018,11:13:34
14005,27,280,230,50,first,1,0,1,9,40,08-28-2018,11:13:34
14005,28,280,320,40,second,1,1,0,NA,40,08-28-2018,11:13:34
14005,29,250,280,30,second,0,1,1,10,40,08-28-2018,11:13:34
14005,30,350,290,60,first,1,0,1,11,40,08-28-2018,11:13:34
14005,31,350,300,50,first,1,1,0,NA,40,08-28-2018,11:13:34
14005,32,240,280,40,second,0,1,1,12,40,08-28-2018,11:13:34
14005,33,280,350,70,second,1,0,1,13,40,08-28-2018,11:13:34
14005,34,350,410,60,second,1,1,0,NA,40,08-28-2018,11:13:34
14005,35,300,250,50,first,1,1,0,NA,40,08-28-2018,11:13:34
14005,36,280,320,40,second,0,1,1,14,40,08-28-2018,11:13:34
14005,37,390,320,70,first,1,0,1,15,40,08-28-2018,11:13:34
14005,38,280,220,60,first,1,1,0,NA,40,08-28-2018,11:13:34
14005,39,280,330,50,second,0,1,1,16,40,08-28-2018,11:13:34
14005,40,360,280,80,first,1,0,1,17,40,08-28-2018,11:13:34
14005,41,280,350,70,second,0,1,1,18,40,08-28-2018,11:13:34
14005,42,250,350,100,second,1,0,1,19,40,08-28-2018,11:13:34
14005,43,340,250,90,first,1,1,0,NA,40,08-28-2018,11:13:34
14005,44,320,240,80,first,1,1,0,NA,40,08-28-2018,11:13:34
14005,45,350,420,70,second,1,1,0,NA,40,08-28-2018,11:13:34
14005,46,250,190,60,first,1,1,0,NA,40,08-28-2018,11:13:34
14005,47,400,350,50,first,1,1,0,NA,40,08-28-2018,11:13:34
14005,48,390,350,40,first,1,1,0,NA,40,08-28-2018,11:13:34
14005,49,250,280,30,second,0,1,1,20,40,08-28-2018,11:13:34
14005,50,220,280,60,second,1,0,1,21,40,08-28-2018,11:13:34
14005,51,200,250,50,second,1,1,0,NA,40,08-28-2018,11:13:34
14005,52,250,210,40,first,1,1,0,NA,40,08-28-2018,11:13:34
14005,53,310,280,30,first,0,1,1,22,40,08-28-2018,11:13:34
14005,54,320,380,60,second,1,0,1,23,40,08-28-2018,11:13:34
14005,55,350,300,50,first,1,1,0,NA,40,08-28-2018,11:13:34
14005,56,350,310,40,first,1,1,0,NA,40,08-28-2018,11:13:34
14005,57,350,320,30,first,1,1,0,NA,40,08-28-2018,11:13:34
14005,58,320,340,20,second,1,1,0,NA,40,08-28-2018,11:13:34
14005,59,250,240,10,first,1,1,0,NA,40,08-28-2018,11:13:34
14005,60,310,320,10,second,0,1,1,24,40,08-28-2018,11:13:34
14005,61,290,250,40,first,1,0,1,25,40,08-28-2018,11:13:34
14005,62,310,280,30,first,1,1,0,NA,40,08-28-2018,11:13:34
14005,63,350,370,20,second,1,1,0,NA,40,08-28-2018,11:13:34
14005,64,310,320,10,second,0,1,1,26,40,08-28-2018,11:13:34
14009,1,350,250,100,first,1,NA,NA,NA,40,10-12-2018,15:17:57
14009,2,350,270,80,first,1,1,0,NA,40,10-12-2018,15:17:57
14009,3,250,310,60,second,1,1,0,NA,40,10-12-2018,15:17:57
14009,4,250,290,40,second,1,1,0,NA,40,10-12-2018,15:17:57
14009,5,350,330,20,first,0,1,1,1,40,10-12-2018,15:17:57
14009,6,430,350,80,first,1,0,1,2,40,10-12-2018,15:17:57
14009,7,280,340,60,second,0,1,1,3,40,10-12-2018,15:17:57
14009,8,190,280,90,second,1,0,1,4,40,10-12-2018,15:17:57
14009,9,200,280,80,second,1,1,0,NA,40,10-12-2018,15:17:57
14009,10,420,350,70,first,1,1,0,NA,40,10-12-2018,15:17:57
14009,11,320,260,60,first,1,1,0,NA,40,10-12-2018,15:17:57
14009,12,200,250,50,second,1,1,0,NA,40,10-12-2018,15:17:57
14009,13,280,320,40,second,1,1,0,NA,40,10-12-2018,15:17:57
14009,14,290,320,30,second,0,1,1,5,40,10-12-2018,15:17:57
14009,15,250,190,60,first,1,0,1,6,40,10-12-2018,15:17:57
14009,16,200,250,50,second,1,1,0,NA,40,10-12-2018,15:17:57
14009,17,350,390,40,second,1,1,0,NA,40,10-12-2018,15:17:57
14009,18,280,310,30,second,1,1,0,NA,40,10-12-2018,15:17:57
14009,19,340,320,20,first,1,1,0,NA,40,10-12-2018,15:17:57
14009,20,310,320,10,second,1,1,0,NA,40,10-12-2018,15:17:57
14009,21,350,360,10,second,1,1,0,NA,40,10-12-2018,15:17:57
14009,22,250,240,10,first,1,1,0,NA,40,10-12-2018,15:17:57
14009,23,290,280,10,first,1,1,0,NA,40,10-12-2018,15:17:57
14009,24,350,340,10,first,0,1,1,7,40,10-12-2018,15:17:57
14009,25,320,280,40,first,1,0,1,8,40,10-12-2018,15:17:57
14009,26,350,320,30,first,0,1,1,9,40,10-12-2018,15:17:57
14009,27,250,310,60,second,1,0,1,10,40,10-12-2018,15:17:57
14009,28,370,320,50,first,1,1,0,NA,40,10-12-2018,15:17:57
14009,29,280,240,40,first,1,1,0,NA,40,10-12-2018,15:17:57
14009,30,320,350,30,second,1,1,0,NA,40,10-12-2018,15:17:57
14009,31,300,280,20,first,1,1,0,NA,40,10-12-2018,15:17:57
14009,32,250,240,10,first,0,1,1,11,40,10-12-2018,15:17:57
14009,33,210,250,40,second,0,0,0,NA,40,10-12-2018,15:17:57
14009,34,280,350,70,second,1,0,1,12,40,10-12-2018,15:17:57
14009,35,280,340,60,second,1,1,0,NA,40,10-12-2018,15:17:57
14009,36,300,250,50,first,1,1,0,NA,40,10-12-2018,15:17:57
14009,37,320,360,40,second,1,1,0,NA,40,10-12-2018,15:17:57
14009,38,280,250,30,first,1,1,0,NA,40,10-12-2018,15:17:57
14009,39,280,260,20,first,1,1,0,NA,40,10-12-2018,15:17:57
14009,40,360,350,10,first,0,1,1,13,40,10-12-2018,15:17:57
14009,41,320,360,40,second,0,0,0,NA,40,10-12-2018,15:17:57
14009,42,350,280,70,first,1,0,1,14,40,10-12-2018,15:17:57
14009,43,320,260,60,first,1,1,0,NA,40,10-12-2018,15:17:57
14009,44,320,370,50,second,1,1,0,NA,40,10-12-2018,15:17:57
14009,45,320,360,40,second,1,1,0,NA,40,10-12-2018,15:17:57
14009,46,250,280,30,second,1,1,0,NA,40,10-12-2018,15:17:57
14009,47,300,280,20,first,1,1,0,NA,40,10-12-2018,15:17:57
14009,48,240,250,10,second,0,1,1,15,40,10-12-2018,15:17:57
14009,49,280,320,40,second,1,0,1,16,40,10-12-2018,15:17:57
14009,50,320,290,30,first,0,1,1,17,40,10-12-2018,15:17:57
14009,51,310,250,60,first,1,0,1,18,40,10-12-2018,15:17:57
14009,52,230,280,50,second,1,1,0,NA,40,10-12-2018,15:17:57
14009,53,280,320,40,second,1,1,0,NA,40,10-12-2018,15:17:57
14009,54,350,380,30,second,0,1,1,19,40,10-12-2018,15:17:57
14009,55,350,410,60,second,1,0,1,20,40,10-12-2018,15:17:57
14009,56,320,270,50,first,1,1,0,NA,40,10-12-2018,15:17:57
14009,57,240,280,40,second,1,1,0,NA,40,10-12-2018,15:17:57
14009,58,280,250,30,first,1,1,0,NA,40,10-12-2018,15:17:57
14009,59,280,260,20,first,1,1,0,NA,40,10-12-2018,15:17:57
14009,60,360,350,10,first,0,1,1,21,40,10-12-2018,15:17:57
14009,61,250,210,40,first,1,0,1,22,40,10-12-2018,15:17:57
14009,62,320,350,30,second,1,1,0,NA,40,10-12-2018,15:17:57
14009,63,330,350,20,second,1,1,0,NA,40,10-12-2018,15:17:57
14009,64,330,320,10,first,0,1,1,23,40,10-12-2018,15:17:57
14011,1,320,420,100,second,1,NA,NA,NA,60,08-14-2018,14:56:20
14011,2,250,170,80,first,1,1,0,NA,60,08-14-2018,14:56:20
14011,3,280,220,60,first,1,1,0,NA,60,08-14-2018,14:56:20
14011,4,310,350,40,second,1,1,0,NA,60,08-14-2018,14:56:20
14011,5,230,250,20,second,1,1,0,NA,60,08-14-2018,14:56:20
14011,6,340,350,10,second,0,1,1,1,60,08-14-2018,14:56:20
14011,7,280,350,70,second,1,0,1,2,60,08-14-2018,14:56:20
14011,8,320,260,60,first,1,1,0,NA,60,08-14-2018,14:56:20
14011,9,300,250,50,first,1,1,0,NA,60,08-14-2018,14:56:20
14011,10,320,280,40,first,1,1,0,NA,60,08-14-2018,14:56:20
14011,11,350,380,30,second,0,1,1,3,60,08-14-2018,14:56:20
14011,12,320,260,60,first,1,0,1,4,60,08-14-2018,14:56:20
14011,13,370,320,50,first,1,1,0,NA,60,08-14-2018,14:56:20
14011,14,240,280,40,second,1,1,0,NA,60,08-14-2018,14:56:20
14011,15,320,350,30,second,1,1,0,NA,60,08-14-2018,14:56:20
14011,16,320,340,20,second,1,1,0,NA,60,08-14-2018,14:56:20
14011,17,270,280,10,second,1,1,0,NA,60,08-14-2018,14:56:20
14011,18,240,250,10,second,1,1,0,NA,60,08-14-2018,14:56:20
14011,19,360,350,10,first,1,1,0,NA,60,08-14-2018,14:56:20
14011,20,350,360,10,second,1,1,0,NA,60,08-14-2018,14:56:20
14011,21,260,250,10,first,1,1,0,NA,60,08-14-2018,14:56:20
14011,22,340,350,10,second,0,1,1,5,60,08-14-2018,14:56:20
14011,23,320,280,40,first,1,0,1,6,60,08-14-2018,14:56:20
14011,24,350,320,30,first,1,1,0,NA,60,08-14-2018,14:56:20
14011,25,280,300,20,second,1,1,0,NA,60,08-14-2018,14:56:20
14011,26,360,350,10,first,1,1,0,NA,60,08-14-2018,14:56:20
14011,27,270,280,10,second,1,1,0,NA,60,08-14-2018,14:56:20
14011,28,280,270,10,first,0,1,1,7,60,08-14-2018,14:56:20
14011,29,290,250,40,first,1,0,1,8,60,08-14-2018,14:56:20
14011,30,320,350,30,second,1,1,0,NA,60,08-14-2018,14:56:20
14011,31,340,320,20,first,1,1,0,NA,60,08-14-2018,14:56:20
14011,32,250,260,10,second,1,1,0,NA,60,08-14-2018,14:56:20
14011,33,290,280,10,first,1,1,0,NA,60,08-14-2018,14:56:20
14011,34,350,360,10,second,0,1,1,9,60,08-14-2018,14:56:20
14011,35,320,280,40,first,1,0,1,10,60,08-14-2018,14:56:20
14011,36,380,350,30,first,1,1,0,NA,60,08-14-2018,14:56:20
14011,37,250,230,20,first,1,1,0,NA,60,08-14-2018,14:56:20
14011,38,320,330,10,second,0,1,1,11,60,08-14-2018,14:56:20
14011,39,280,320,40,second,1,0,1,12,60,08-14-2018,14:56:20
14011,40,350,380,30,second,1,1,0,NA,60,08-14-2018,14:56:20
14011,41,280,300,20,second,0,1,1,13,60,08-14-2018,14:56:20
14011,42,370,320,50,first,1,0,1,14,60,08-14-2018,14:56:20
14011,43,350,310,40,first,1,1,0,NA,60,08-14-2018,14:56:20
14011,44,310,280,30,first,1,1,0,NA,60,08-14-2018,14:56:20
14011,45,260,280,20,second,0,1,1,15,60,08-14-2018,14:56:20
14011,46,280,330,50,second,0,0,0,NA,60,08-14-2018,14:56:20
14011,47,250,170,80,first,1,0,1,16,60,08-14-2018,14:56:20
14011,48,250,320,70,second,0,1,1,17,60,08-14-2018,14:56:20
14011,49,220,320,100,second,1,0,1,18,60,08-14-2018,14:56:20
14011,50,350,260,90,first,1,1,0,NA,60,08-14-2018,14:56:20
14011,51,240,320,80,second,1,1,0,NA,60,08-14-2018,14:56:20
14011,52,280,210,70,first,1,1,0,NA,60,08-14-2018,14:56:20
14011,53,350,290,60,first,1,1,0,NA,60,08-14-2018,14:56:20
14011,54,250,200,50,first,1,1,0,NA,60,08-14-2018,14:56:20
14011,55,250,290,40,second,0,1,1,19,60,08-14-2018,14:56:20
14011,56,350,280,70,first,1,0,1,20,60,08-14-2018,14:56:20
14011,57,410,350,60,first,0,1,1,21,60,08-14-2018,14:56:20
14011,58,160,250,90,second,0,0,0,NA,60,08-14-2018,14:56:20
14011,59,280,160,120,first,1,0,1,22,60,08-14-2018,14:56:20
14011,60,210,320,110,second,1,1,0,NA,60,08-14-2018,14:56:20
14011,61,350,250,100,first,1,1,0,NA,60,08-14-2018,14:56:20
14011,62,160,250,90,second,1,1,0,NA,60,08-14-2018,14:56:20
14011,63,250,330,80,second,1,1,0,NA,60,08-14-2018,14:56:20
14011,64,350,280,70,first,1,1,0,NA,60,08-14-2018,14:56:20
14013,1,150,250,100,second,1,NA,NA,NA,40,10-29-2018,11:49:18
14013,2,330,250,80,first,1,1,0,NA,40,10-29-2018,11:49:18
14013,3,260,320,60,second,1,1,0,NA,40,10-29-2018,11:49:18
14013,4,290,250,40,first,1,1,0,NA,40,10-29-2018,11:49:18
14013,5,340,320,20,first,0,1,1,1,40,10-29-2018,11:49:18
14013,6,240,320,80,second,1,0,1,2,40,10-29-2018,11:49:18
14013,7,410,350,60,first,1,1,0,NA,40,10-29-2018,11:49:18
14013,8,320,270,50,first,1,1,0,NA,40,10-29-2018,11:49:18
14013,9,320,360,40,second,1,1,0,NA,40,10-29-2018,11:49:18
14013,10,280,250,30,first,1,1,0,NA,40,10-29-2018,11:49:18
14013,11,340,320,20,first,0,1,1,3,40,10-29-2018,11:49:18
14013,12,350,400,50,second,1,0,1,4,40,10-29-2018,11:49:18
14013,13,210,250,40,second,1,1,0,NA,40,10-29-2018,11:49:18
14013,14,350,320,30,first,1,1,0,NA,40,10-29-2018,11:49:18
14013,15,300,320,20,second,1,1,0,NA,40,10-29-2018,11:49:18
14013,16,280,270,10,first,1,1,0,NA,40,10-29-2018,11:49:18
14013,17,280,270,10,first,1,1,0,NA,40,10-29-2018,11:49:18
14013,18,280,290,10,second,1,1,0,NA,40,10-29-2018,11:49:18
14013,19,280,290,10,second,0,1,1,5,40,10-29-2018,11:49:18
14013,20,320,280,40,first,0,0,0,NA,40,10-29-2018,11:49:18
14013,21,390,320,70,first,1,0,1,6,40,10-29-2018,11:49:18
14013,22,320,380,60,second,0,1,1,7,40,10-29-2018,11:49:18
14013,23,260,350,90,second,1,0,1,8,40,10-29-2018,11:49:18
14013,24,200,280,80,second,1,1,0,NA,40,10-29-2018,11:49:18
14013,25,280,210,70,first,1,1,0,NA,40,10-29-2018,11:49:18
14013,26,320,260,60,first,1,1,0,NA,40,10-29-2018,11:49:18
14013,27,330,280,50,first,1,1,0,NA,40,10-29-2018,11:49:18
14013,28,280,320,40,second,0,1,1,9,40,10-29-2018,11:49:18
14013,29,320,250,70,first,1,0,1,10,40,10-29-2018,11:49:18
14013,30,340,280,60,first,1,1,0,NA,40,10-29-2018,11:49:18
14013,31,320,370,50,second,1,1,0,NA,40,10-29-2018,11:49:18
14013,32,320,280,40,first,1,1,0,NA,40,10-29-2018,11:49:18
14013,33,250,220,30,first,0,1,1,11,40,10-29-2018,11:49:18
14013,34,320,380,60,second,1,0,1,12,40,10-29-2018,11:49:18
14013,35,230,280,50,second,1,1,0,NA,40,10-29-2018,11:49:18
14013,36,310,350,40,second,0,1,1,13,40,10-29-2018,11:49:18
14013,37,350,420,70,second,0,0,0,NA,40,10-29-2018,11:49:18
14013,38,250,350,100,second,1,0,1,14,40,10-29-2018,11:49:18
14013,39,350,260,90,first,1,1,0,NA,40,10-29-2018,11:49:18
14013,40,350,430,80,second,1,1,0,NA,40,10-29-2018,11:49:18
14013,41,250,180,70,first,1,1,0,NA,40,10-29-2018,11:49:18
14013,42,350,290,60,first,1,1,0,NA,40,10-29-2018,11:49:18
14013,43,250,200,50,first,1,1,0,NA,40,10-29-2018,11:49:18
14013,44,390,350,40,first,1,1,0,NA,40,10-29-2018,11:49:18
14013,45,380,350,30,first,1,1,0,NA,40,10-29-2018,11:49:18
14013,46,370,350,20,first,1,1,0,NA,40,10-29-2018,11:49:18
14013,47,340,350,10,second,1,1,0,NA,40,10-29-2018,11:49:18
14013,48,310,320,10,second,0,1,1,15,40,10-29-2018,11:49:18
14013,49,210,250,40,second,1,0,1,16,40,10-29-2018,11:49:18
14013,50,250,280,30,second,1,1,0,NA,40,10-29-2018,11:49:18
14013,51,260,280,20,second,0,1,1,17,40,10-29-2018,11:49:18
14013,52,300,350,50,second,0,0,0,NA,40,10-29-2018,11:49:18
14013,53,280,360,80,second,0,0,0,NA,40,10-29-2018,11:49:18
14013,54,350,460,110,second,1,0,1,18,40,10-29-2018,11:49:18
14013,55,350,250,100,first,1,1,0,NA,40,10-29-2018,11:49:18
14013,56,280,190,90,first,1,1,0,NA,40,10-29-2018,11:49:18
14013,57,250,330,80,second,1,1,0,NA,40,10-29-2018,11:49:18
14013,58,250,180,70,first,1,1,0,NA,40,10-29-2018,11:49:18
14013,59,380,320,60,first,1,1,0,NA,40,10-29-2018,11:49:18
14013,60,250,300,50,second,1,1,0,NA,40,10-29-2018,11:49:18
14013,61,290,250,40,first,1,1,0,NA,40,10-29-2018,11:49:18
14013,62,250,280,30,second,0,1,1,19,40,10-29-2018,11:49:18
14013,63,320,260,60,first,1,0,1,20,40,10-29-2018,11:49:18
14013,64,200,250,50,second,1,1,0,NA,40,10-29-2018,11:49:18
14017,1,250,150,100,first,1,NA,NA,NA,20,08-09-2018,15:09:47
14017,2,280,200,80,first,1,1,0,NA,20,08-09-2018,15:09:47
14017,3,320,380,60,second,1,1,0,NA,20,08-09-2018,15:09:47
14017,4,290,250,40,first,1,1,0,NA,20,08-09-2018,15:09:47
14017,5,260,280,20,second,0,1,1,1,20,08-09-2018,15:09:47
14017,6,320,240,80,first,1,0,1,2,20,08-09-2018,15:09:47
14017,7,410,350,60,first,1,1,0,NA,20,08-09-2018,15:09:47
14017,8,200,250,50,second,1,1,0,NA,20,08-09-2018,15:09:47
14017,9,320,280,40,first,1,1,0,NA,20,08-09-2018,15:09:47
14017,10,280,310,30,second,0,1,1,3,20,08-09-2018,15:09:47
14017,11,350,410,60,second,1,0,1,4,20,08-09-2018,15:09:47
14017,12,280,330,50,second,0,1,1,5,20,08-09-2018,15:09:47
14017,13,330,250,80,first,1,0,1,6,20,08-09-2018,15:09:47
14017,14,320,250,70,first,1,1,0,NA,20,08-09-2018,15:09:47
14017,15,380,320,60,first,1,1,0,NA,20,08-09-2018,15:09:47
14017,16,370,320,50,first,1,1,0,NA,20,08-09-2018,15:09:47
14017,17,280,240,40,first,1,1,0,NA,20,08-09-2018,15:09:47
14017,18,250,280,30,second,1,1,0,NA,20,08-09-2018,15:09:47
14017,19,250,270,20,second,1,1,0,NA,20,08-09-2018,15:09:47
14017,20,330,320,10,first,1,1,0,NA,20,08-09-2018,15:09:47
14017,21,320,310,10,first,1,1,0,NA,20,08-09-2018,15:09:47
14017,22,360,350,10,first,0,1,1,7,20,08-09-2018,15:09:47
14017,23,240,280,40,second,1,0,1,8,20,08-09-2018,15:09:47
14017,24,350,380,30,second,0,1,1,9,20,08-09-2018,15:09:47
14017,25,280,220,60,first,1,0,1,10,20,08-09-2018,15:09:47
14017,26,300,250,50,first,1,1,0,NA,20,08-09-2018,15:09:47
14017,27,280,320,40,second,1,1,0,NA,20,08-09-2018,15:09:47
14017,28,310,280,30,first,1,1,0,NA,20,08-09-2018,15:09:47
14017,29,350,330,20,first,1,1,0,NA,20,08-09-2018,15:09:47
14017,30,330,320,10,first,1,1,0,NA,20,08-09-2018,15:09:47
14017,31,350,340,10,first,1,1,0,NA,20,08-09-2018,15:09:47
14017,32,250,260,10,second,0,1,1,11,20,08-09-2018,15:09:47
14017,33,210,250,40,second,1,0,1,12,20,08-09-2018,15:09:47
14017,34,280,250,30,first,0,1,1,13,20,08-09-2018,15:09:47
14017,35,320,380,60,second,0,0,0,NA,20,08-09-2018,15:09:47
14017,36,280,370,90,second,0,0,0,NA,20,08-09-2018,15:09:47
14017,37,350,230,120,first,1,0,1,14,20,08-09-2018,15:09:47
14017,38,240,350,110,second,1,1,0,NA,20,08-09-2018,15:09:47
14017,39,380,280,100,first,1,1,0,NA,20,08-09-2018,15:09:47
14017,40,260,350,90,second,1,1,0,NA,20,08-09-2018,15:09:47
14017,41,320,240,80,first,1,1,0,NA,20,08-09-2018,15:09:47
14017,42,420,350,70,first,1,1,0,NA,20,08-09-2018,15:09:47
14017,43,350,290,60,first,1,1,0,NA,20,08-09-2018,15:09:47
14017,44,230,280,50,second,1,1,0,NA,20,08-09-2018,15:09:47
14017,45,310,350,40,second,0,1,1,15,20,08-09-2018,15:09:47
14017,46,250,320,70,second,1,0,1,16,20,08-09-2018,15:09:47
14017,47,250,190,60,first,1,1,0,NA,20,08-09-2018,15:09:47
14017,48,300,350,50,second,1,1,0,NA,20,08-09-2018,15:09:47
14017,49,250,210,40,first,1,1,0,NA,20,08-09-2018,15:09:47
14017,50,220,250,30,second,1,1,0,NA,20,08-09-2018,15:09:47
14017,51,320,340,20,second,1,1,0,NA,20,08-09-2018,15:09:47
14017,52,260,250,10,first,1,1,0,NA,20,08-09-2018,15:09:47
14017,53,350,360,10,second,1,1,0,NA,20,08-09-2018,15:09:47
14017,54,350,360,10,second,0,1,1,17,20,08-09-2018,15:09:47
14017,55,320,280,40,first,1,0,1,18,20,08-09-2018,15:09:47
14017,56,250,220,30,first,1,1,0,NA,20,08-09-2018,15:09:47
14017,57,300,320,20,second,1,1,0,NA,20,08-09-2018,15:09:47
14017,58,310,320,10,second,0,1,1,19,20,08-09-2018,15:09:47
14017,59,210,250,40,second,1,0,1,20,20,08-09-2018,15:09:47
14017,60,290,320,30,second,1,1,0,NA,20,08-09-2018,15:09:47
14017,61,280,300,20,second,1,1,0,NA,20,08-09-2018,15:09:47
14017,62,270,280,10,second,0,1,1,21,20,08-09-2018,15:09:47
14017,63,320,360,40,second,1,0,1,22,20,08-09-2018,15:09:47
14017,64,380,350,30,first,1,1,0,NA,20,08-09-2018,15:09:47
14021,1,320,420,100,second,1,NA,NA,NA,60,10-12-2018,14:09:18
14021,2,250,170,80,first,1,1,0,NA,60,10-12-2018,14:09:18
14021,3,280,340,60,second,1,1,0,NA,60,10-12-2018,14:09:18
14021,4,350,310,40,first,1,1,0,NA,60,10-12-2018,14:09:18
14021,5,300,320,20,second,0,1,1,1,60,10-12-2018,14:09:18
14021,6,240,320,80,second,1,0,1,2,60,10-12-2018,14:09:18
14021,7,250,310,60,second,1,1,0,NA,60,10-12-2018,14:09:18
14021,8,200,250,50,second,1,1,0,NA,60,10-12-2018,14:09:18
14021,9,350,310,40,first,1,1,0,NA,60,10-12-2018,14:09:18
14021,10,280,250,30,first,1,1,0,NA,60,10-12-2018,14:09:18
14021,11,270,250,20,first,1,1,0,NA,60,10-12-2018,14:09:18
14021,12,250,240,10,first,1,1,0,NA,60,10-12-2018,14:09:18
14021,13,350,360,10,second,0,1,1,3,60,10-12-2018,14:09:18
14021,14,280,240,40,first,1,0,1,4,60,10-12-2018,14:09:18
14021,15,380,350,30,first,0,1,1,5,60,10-12-2018,14:09:18
14021,16,380,320,60,first,1,0,1,6,60,10-12-2018,14:09:18
14021,17,300,350,50,second,1,1,0,NA,60,10-12-2018,14:09:18
14021,18,350,310,40,first,1,1,0,NA,60,10-12-2018,14:09:18
14021,19,280,250,30,first,1,1,0,NA,60,10-12-2018,14:09:18
14021,20,260,280,20,second,1,1,0,NA,60,10-12-2018,14:09:18
14021,21,350,360,10,second,1,1,0,NA,60,10-12-2018,14:09:18
14021,22,280,290,10,second,0,1,1,7,60,10-12-2018,14:09:18
14021,23,320,360,40,second,1,0,1,8,60,10-12-2018,14:09:18
14021,24,380,350,30,first,1,1,0,NA,60,10-12-2018,14:09:18
14021,25,320,340,20,second,0,1,1,9,60,10-12-2018,14:09:18
14021,26,370,320,50,first,1,0,1,10,60,10-12-2018,14:09:18
14021,27,280,240,40,first,1,1,0,NA,60,10-12-2018,14:09:18
14021,28,350,380,30,second,1,1,0,NA,60,10-12-2018,14:09:18
14021,29,250,230,20,first,1,1,0,NA,60,10-12-2018,14:09:18
14021,30,250,260,10,second,0,1,1,11,60,10-12-2018,14:09:18
14021,31,250,210,40,first,1,0,1,12,60,10-12-2018,14:09:18
14021,32,350,380,30,second,0,1,1,13,60,10-12-2018,14:09:18
14021,33,320,380,60,second,1,0,1,14,60,10-12-2018,14:09:18
14021,34,300,250,50,first,1,1,0,NA,60,10-12-2018,14:09:18
14021,35,240,280,40,second,0,1,1,15,60,10-12-2018,14:09:18
14021,36,350,280,70,first,0,0,0,NA,60,10-12-2018,14:09:18
14021,37,280,380,100,second,1,0,1,16,60,10-12-2018,14:09:18
14021,38,260,350,90,second,1,1,0,NA,60,10-12-2018,14:09:18
14021,39,430,350,80,first,1,1,0,NA,60,10-12-2018,14:09:18
14021,40,350,280,70,first,1,1,0,NA,60,10-12-2018,14:09:18
14021,41,260,320,60,second,1,1,0,NA,60,10-12-2018,14:09:18
14021,42,230,280,50,second,1,1,0,NA,60,10-12-2018,14:09:18
14021,43,360,320,40,first,1,1,0,NA,60,10-12-2018,14:09:18
14021,44,280,310,30,second,1,1,0,NA,60,10-12-2018,14:09:18
14021,45,320,300,20,first,1,1,0,NA,60,10-12-2018,14:09:18
14021,46,290,280,10,first,0,1,1,17,60,10-12-2018,14:09:18
14021,47,320,280,40,first,1,0,1,18,60,10-12-2018,14:09:18
14021,48,290,320,30,second,1,1,0,NA,60,10-12-2018,14:09:18
14021,49,350,330,20,first,1,1,0,NA,60,10-12-2018,14:09:18
14021,50,290,280,10,first,0,1,1,19,60,10-12-2018,14:09:18
14021,51,360,320,40,first,1,0,1,20,60,10-12-2018,14:09:18
14021,52,250,280,30,second,1,1,0,NA,60,10-12-2018,14:09:18
14021,53,330,350,20,second,0,1,1,21,60,10-12-2018,14:09:18
14021,54,320,270,50,first,0,0,0,NA,60,10-12-2018,14:09:18
14021,55,430,350,80,first,1,0,1,22,60,10-12-2018,14:09:18
14021,56,180,250,70,second,1,1,0,NA,60,10-12-2018,14:09:18
14021,57,320,260,60,first,1,1,0,NA,60,10-12-2018,14:09:18
14021,58,200,250,50,second,1,1,0,NA,60,10-12-2018,14:09:18
14021,59,290,250,40,first,0,1,1,23,60,10-12-2018,14:09:18
14021,60,210,280,70,second,1,0,1,24,60,10-12-2018,14:09:18
14021,61,280,220,60,first,0,1,1,25,60,10-12-2018,14:09:18
14021,62,260,350,90,second,1,0,1,26,60,10-12-2018,14:09:18
14021,63,170,250,80,second,1,1,0,NA,60,10-12-2018,14:09:18
14021,64,250,320,70,second,1,1,0,NA,60,10-12-2018,14:09:18
14023,1,380,280,100,first,1,NA,NA,NA,50,09-07-2018,16:09:39
14023,2,430,350,80,first,1,1,0,NA,50,09-07-2018,16:09:39
14023,3,350,410,60,second,1,1,0,NA,50,09-07-2018,16:09:39
14023,4,280,240,40,first,1,1,0,NA,50,09-07-2018,16:09:39
14023,5,370,350,20,first,1,1,0,NA,50,09-07-2018,16:09:39
14023,6,290,280,10,first,1,1,0,NA,50,09-07-2018,16:09:39
14023,7,330,320,10,first,0,1,1,1,50,09-07-2018,16:09:39
14023,8,250,210,40,first,1,0,1,2,50,09-07-2018,16:09:39
14023,9,250,220,30,first,1,1,0,NA,50,09-07-2018,16:09:39
14023,10,330,350,20,second,1,1,0,NA,50,09-07-2018,16:09:39
14023,11,250,260,10,second,0,1,1,3,50,09-07-2018,16:09:39
14023,12,390,350,40,first,1,0,1,4,50,09-07-2018,16:09:39
14023,13,310,280,30,first,1,1,0,NA,50,09-07-2018,16:09:39
14023,14,260,280,20,second,1,1,0,NA,50,09-07-2018,16:09:39
14023,15,350,360,10,second,1,1,0,NA,50,09-07-2018,16:09:39
14023,16,270,280,10,second,1,1,0,NA,50,09-07-2018,16:09:39
14023,17,260,250,10,first,0,1,1,5,50,09-07-2018,16:09:39
14023,18,350,390,40,second,1,0,1,6,50,09-07-2018,16:09:39
14023,19,320,290,30,first,1,1,0,NA,50,09-07-2018,16:09:39
14023,20,280,260,20,first,0,1,1,7,50,09-07-2018,16:09:39
14023,21,230,280,50,second,1,0,1,8,50,09-07-2018,16:09:39
14023,22,350,310,40,first,0,1,1,9,50,09-07-2018,16:09:39
14023,23,180,250,70,second,1,0,1,10,50,09-07-2018,16:09:39
14023,24,250,310,60,second,1,1,0,NA,50,09-07-2018,16:09:39
14023,25,370,320,50,first,1,1,0,NA,50,09-07-2018,16:09:39
14023,26,320,280,40,first,0,1,1,11,50,09-07-2018,16:09:39
14023,27,250,320,70,second,1,0,1,12,50,09-07-2018,16:09:39
14023,28,320,260,60,first,1,1,0,NA,50,09-07-2018,16:09:39
14023,29,350,300,50,first,1,1,0,NA,50,09-07-2018,16:09:39
14023,30,320,280,40,first,1,1,0,NA,50,09-07-2018,16:09:39
14023,31,320,350,30,second,0,1,1,13,50,09-07-2018,16:09:39
14023,32,260,320,60,second,1,0,1,14,50,09-07-2018,16:09:39
14023,33,250,200,50,first,1,1,0,NA,50,09-07-2018,16:09:39
14023,34,280,320,40,second,1,1,0,NA,50,09-07-2018,16:09:39
14023,35,250,280,30,second,1,1,0,NA,50,09-07-2018,16:09:39
14023,36,270,250,20,first,0,1,1,15,50,09-07-2018,16:09:39
14023,37,350,300,50,first,1,0,1,16,50,09-07-2018,16:09:39
14023,38,210,250,40,second,1,1,0,NA,50,09-07-2018,16:09:39
14023,39,280,310,30,second,1,1,0,NA,50,09-07-2018,16:09:39
14023,40,250,270,20,second,1,1,0,NA,50,09-07-2018,16:09:39
14023,41,330,320,10,first,0,1,1,17,50,09-07-2018,16:09:39
14023,42,320,360,40,second,0,0,0,NA,50,09-07-2018,16:09:39
14023,43,280,350,70,second,1,0,1,18,50,09-07-2018,16:09:39
14023,44,190,250,60,second,1,1,0,NA,50,09-07-2018,16:09:39
14023,45,320,370,50,second,1,1,0,NA,50,09-07-2018,16:09:39
14023,46,310,350,40,second,0,1,1,19,50,09-07-2018,16:09:39
14023,47,390,320,70,first,1,0,1,20,50,09-07-2018,16:09:39
14023,48,190,250,60,second,1,1,0,NA,50,09-07-2018,16:09:39
14023,49,280,230,50,first,1,1,0,NA,50,09-07-2018,16:09:39
14023,50,350,390,40,second,1,1,0,NA,50,09-07-2018,16:09:39
14023,51,290,320,30,second,1,1,0,NA,50,09-07-2018,16:09:39
14023,52,260,280,20,second,1,1,0,NA,50,09-07-2018,16:09:39
14023,53,280,270,10,first,1,1,0,NA,50,09-07-2018,16:09:39
14023,54,280,290,10,second,1,1,0,NA,50,09-07-2018,16:09:39
14023,55,260,250,10,first,1,1,0,NA,50,09-07-2018,16:09:39
14023,56,360,350,10,first,0,1,1,21,50,09-07-2018,16:09:39
14023,57,280,320,40,second,1,0,1,22,50,09-07-2018,16:09:39
14023,58,320,290,30,first,1,1,0,NA,50,09-07-2018,16:09:39
14023,59,270,250,20,first,1,1,0,NA,50,09-07-2018,16:09:39
14023,60,280,290,10,second,1,1,0,NA,50,09-07-2018,16:09:39
14023,61,250,240,10,first,0,1,1,23,50,09-07-2018,16:09:39
14023,62,310,350,40,second,0,0,0,NA,50,09-07-2018,16:09:39
14023,63,350,280,70,first,1,0,1,24,50,09-07-2018,16:09:39
14023,64,320,380,60,second,1,1,0,NA,50,09-07-2018,16:09:39
14037,1,350,250,100,first,1,NA,NA,NA,20,08-16-2018,15:07:02
14037,2,250,170,80,first,1,1,0,NA,20,08-16-2018,15:07:02
14037,3,250,310,60,second,1,1,0,NA,20,08-16-2018,15:07:02
14037,4,280,320,40,second,1,1,0,NA,20,08-16-2018,15:07:02
14037,5,340,320,20,first,0,1,1,1,20,08-16-2018,15:07:02
14037,6,360,280,80,first,1,0,1,2,20,08-16-2018,15:07:02
14037,7,380,320,60,first,1,1,0,NA,20,08-16-2018,15:07:02
14037,8,230,280,50,second,1,1,0,NA,20,08-16-2018,15:07:02
14037,9,320,360,40,second,1,1,0,NA,20,08-16-2018,15:07:02
14037,10,320,350,30,second,0,1,1,3,20,08-16-2018,15:07:02
14037,11,320,260,60,first,1,0,1,4,20,08-16-2018,15:07:02
14037,12,400,350,50,first,1,1,0,NA,20,08-16-2018,15:07:02
14037,13,350,390,40,second,1,1,0,NA,20,08-16-2018,15:07:02
14037,14,280,250,30,first,1,1,0,NA,20,08-16-2018,15:07:02
14037,15,330,350,20,second,0,1,1,5,20,08-16-2018,15:07:02
14037,16,320,270,50,first,1,0,1,6,20,08-16-2018,15:07:02
14037,17,320,360,40,second,1,1,0,NA,20,08-16-2018,15:07:02
14037,18,320,350,30,second,0,1,1,7,20,08-16-2018,15:07:02
14037,19,340,280,60,first,1,0,1,8,20,08-16-2018,15:07:02
14037,20,400,350,50,first,0,1,1,9,20,08-16-2018,15:07:02
14037,21,240,320,80,second,1,0,1,10,20,08-16-2018,15:07:02
14037,22,350,280,70,first,1,1,0,NA,20,08-16-2018,15:07:02
14037,23,190,250,60,second,1,1,0,NA,20,08-16-2018,15:07:02
14037,24,250,300,50,second,1,1,0,NA,20,08-16-2018,15:07:02
14037,25,320,360,40,second,1,1,0,NA,20,08-16-2018,15:07:02
14037,26,350,320,30,first,1,1,0,NA,20,08-16-2018,15:07:02
14037,27,320,300,20,first,1,1,0,NA,20,08-16-2018,15:07:02
14037,28,260,250,10,first,1,1,0,NA,20,08-16-2018,15:07:02
14037,29,360,350,10,first,0,1,1,11,20,08-16-2018,15:07:02
14037,30,320,280,40,first,1,0,1,12,20,08-16-2018,15:07:02
14037,31,350,380,30,second,1,1,0,NA,20,08-16-2018,15:07:02
14037,32,320,340,20,second,0,1,1,13,20,08-16-2018,15:07:02
14037,33,300,350,50,second,1,0,1,14,20,08-16-2018,15:07:02
14037,34,250,210,40,first,1,1,0,NA,20,08-16-2018,15:07:02
14037,35,350,320,30,first,1,1,0,NA,20,08-16-2018,15:07:02
14037,36,250,270,20,second,1,1,0,NA,20,08-16-2018,15:07:02
14037,37,350,340,10,first,1,1,0,NA,20,08-16-2018,15:07:02
14037,38,290,280,10,first,0,1,1,15,20,08-16-2018,15:07:02
14037,39,280,240,40,first,1,0,1,16,20,08-16-2018,15:07:02
14037,40,250,220,30,first,1,1,0,NA,20,08-16-2018,15:07:02
14037,41,270,250,20,first,0,1,1,17,20,08-16-2018,15:07:02
14037,42,300,250,50,first,1,0,1,18,20,08-16-2018,15:07:02
14037,43,240,280,40,second,1,1,0,NA,20,08-16-2018,15:07:02
14037,44,220,250,30,second,0,1,1,19,20,08-16-2018,15:07:02
14037,45,220,280,60,second,1,0,1,20,20,08-16-2018,15:07:02
14037,46,300,250,50,first,1,1,0,NA,20,08-16-2018,15:07:02
14037,47,280,320,40,second,1,1,0,NA,20,08-16-2018,15:07:02
14037,48,280,310,30,second,0,1,1,21,20,08-16-2018,15:07:02
14037,49,350,410,60,second,1,0,1,22,20,08-16-2018,15:07:02
14037,50,280,330,50,second,0,1,1,23,20,08-16-2018,15:07:02
14037,51,430,350,80,first,0,0,0,NA,20,08-16-2018,15:07:02
14037,52,250,360,110,second,0,0,0,NA,20,08-16-2018,15:07:02
14037,53,350,490,140,second,1,0,1,24,20,08-16-2018,15:07:02
14037,54,120,250,130,second,1,1,0,NA,20,08-16-2018,15:07:02
14037,55,250,130,120,first,1,1,0,NA,20,08-16-2018,15:07:02
14037,56,140,250,110,second,1,1,0,NA,20,08-16-2018,15:07:02
14037,57,220,320,100,second,1,1,0,NA,20,08-16-2018,15:07:02
14037,58,280,190,90,first,1,1,0,NA,20,08-16-2018,15:07:02
14037,59,320,240,80,first,1,1,0,NA,20,08-16-2018,15:07:02
14037,60,280,210,70,first,1,1,0,NA,20,08-16-2018,15:07:02
14037,61,280,340,60,second,1,1,0,NA,20,08-16-2018,15:07:02
14037,62,280,330,50,second,1,1,0,NA,20,08-16-2018,15:07:02
14037,63,240,280,40,second,1,1,0,NA,20,08-16-2018,15:07:02
14037,64,350,320,30,first,1,1,0,NA,20,08-16-2018,15:07:02
14039,1,280,380,100,second,1,NA,NA,NA,40,10-03-2018,15:52:45
14039,2,430,350,80,first,1,1,0,NA,40,10-03-2018,15:52:45
14039,3,290,350,60,second,1,1,0,NA,40,10-03-2018,15:52:45
14039,4,320,360,40,second,1,1,0,NA,40,10-03-2018,15:52:45
14039,5,300,320,20,second,1,1,0,NA,40,10-03-2018,15:52:45
14039,6,320,330,10,second,0,1,1,1,40,10-03-2018,15:52:45
14039,7,350,420,70,second,0,0,0,NA,40,10-03-2018,15:52:45
14039,8,380,280,100,first,1,0,1,2,40,10-03-2018,15:52:45
14039,9,160,250,90,second,1,1,0,NA,40,10-03-2018,15:52:45
14039,10,320,240,80,first,1,1,0,NA,40,10-03-2018,15:52:45
14039,11,350,420,70,second,1,1,0,NA,40,10-03-2018,15:52:45
14039,12,320,260,60,first,1,1,0,NA,40,10-03-2018,15:52:45
14039,13,230,280,50,second,1,1,0,NA,40,10-03-2018,15:52:45
14039,14,240,280,40,second,0,1,1,3,40,10-03-2018,15:52:45
14039,15,280,210,70,first,1,0,1,4,40,10-03-2018,15:52:45
14039,16,250,190,60,first,1,1,0,NA,40,10-03-2018,15:52:45
14039,17,350,400,50,second,1,1,0,NA,40,10-03-2018,15:52:45
14039,18,320,280,40,first,1,1,0,NA,40,10-03-2018,15:52:45
14039,19,350,320,30,first,1,1,0,NA,40,10-03-2018,15:52:45
14039,20,350,370,20,second,0,1,1,5,40,10-03-2018,15:52:45
14039,21,230,280,50,second,1,0,1,6,40,10-03-2018,15:52:45
14039,22,350,310,40,first,1,1,0,NA,40,10-03-2018,15:52:45
14039,23,250,220,30,first,1,1,0,NA,40,10-03-2018,15:52:45
14039,24,300,280,20,first,1,1,0,NA,40,10-03-2018,15:52:45
14039,25,360,350,10,first,1,1,0,NA,40,10-03-2018,15:52:45
14039,26,310,320,10,second,1,1,0,NA,40,10-03-2018,15:52:45
14039,27,250,260,10,second,0,1,1,7,40,10-03-2018,15:52:45
14039,28,360,320,40,first,1,0,1,8,40,10-03-2018,15:52:45
14039,29,290,320,30,second,1,1,0,NA,40,10-03-2018,15:52:45
14039,30,340,320,20,first,1,1,0,NA,40,10-03-2018,15:52:45
14039,31,320,330,10,second,0,1,1,9,40,10-03-2018,15:52:45
14039,32,350,310,40,first,1,0,1,10,40,10-03-2018,15:52:45
14039,33,380,350,30,first,1,1,0,NA,40,10-03-2018,15:52:45
14039,34,250,270,20,second,0,1,1,11,40,10-03-2018,15:52:45
14039,35,280,330,50,second,1,0,1,12,40,10-03-2018,15:52:45
14039,36,280,240,40,first,1,1,0,NA,40,10-03-2018,15:52:45
14039,37,280,250,30,first,1,1,0,NA,40,10-03-2018,15:52:45
14039,38,270,250,20,first,1,1,0,NA,40,10-03-2018,15:52:45
14039,39,340,350,10,second,1,1,0,NA,40,10-03-2018,15:52:45
14039,40,340,350,10,second,0,1,1,13,40,10-03-2018,15:52:45
14039,41,320,280,40,first,1,0,1,14,40,10-03-2018,15:52:45
14039,42,250,220,30,first,1,1,0,NA,40,10-03-2018,15:52:45
14039,43,230,250,20,second,0,1,1,15,40,10-03-2018,15:52:45
14039,44,320,370,50,second,1,0,1,16,40,10-03-2018,15:52:45
14039,45,360,320,40,first,1,1,0,NA,40,10-03-2018,15:52:45
14039,46,280,250,30,first,1,1,0,NA,40,10-03-2018,15:52:45
14039,47,230,250,20,second,1,1,0,NA,40,10-03-2018,15:52:45
14039,48,310,320,10,second,1,1,0,NA,40,10-03-2018,15:52:45
14039,49,330,320,10,first,1,1,0,NA,40,10-03-2018,15:52:45
14039,50,360,350,10,first,1,1,0,NA,40,10-03-2018,15:52:45
14039,51,250,240,10,first,1,1,0,NA,40,10-03-2018,15:52:45
14039,52,320,310,10,first,0,1,1,17,40,10-03-2018,15:52:45
14039,53,280,240,40,first,1,0,1,18,40,10-03-2018,15:52:45
14039,54,350,320,30,first,1,1,0,NA,40,10-03-2018,15:52:45
14039,55,270,250,20,first,1,1,0,NA,40,10-03-2018,15:52:45
14039,56,280,290,10,second,1,1,0,NA,40,10-03-2018,15:52:45
14039,57,320,310,10,first,1,1,0,NA,40,10-03-2018,15:52:45
14039,58,260,250,10,first,1,1,0,NA,40,10-03-2018,15:52:45
14039,59,280,290,10,second,1,1,0,NA,40,10-03-2018,15:52:45
14039,60,240,250,10,second,1,1,0,NA,40,10-03-2018,15:52:45
14039,61,250,260,10,second,1,1,0,NA,40,10-03-2018,15:52:45
14039,62,270,280,10,second,1,1,0,NA,40,10-03-2018,15:52:45
14039,63,340,350,10,second,1,1,0,NA,40,10-03-2018,15:52:45
14039,64,250,260,10,second,0,1,1,19,40,10-03-2018,15:52:45
14057,1,250,350,100,second,1,NA,NA,NA,90,08-31-2018,15:09:06
14057,2,330,250,80,first,0,1,1,1,90,08-31-2018,15:09:06
14057,3,490,350,140,first,1,0,1,2,90,08-31-2018,15:09:06
14057,4,130,250,120,second,1,1,0,NA,90,08-31-2018,15:09:06
14057,5,320,220,100,first,0,1,1,3,90,08-31-2018,15:09:06
14057,6,200,350,150,second,1,0,1,4,90,08-31-2018,15:09:06
14057,7,120,250,130,second,1,1,0,NA,90,08-31-2018,15:09:06
14057,8,250,370,120,second,1,1,0,NA,90,08-31-2018,15:09:06
14057,9,360,250,110,first,0,1,1,5,90,08-31-2018,15:09:06
14057,10,210,350,140,second,1,0,1,6,90,08-31-2018,15:09:06
14057,11,350,480,130,second,1,1,0,NA,90,08-31-2018,15:09:06
14057,12,160,280,120,second,1,1,0,NA,90,08-31-2018,15:09:06
14057,13,460,350,110,first,0,1,1,7,90,08-31-2018,15:09:06
14057,14,320,460,140,second,1,0,1,8,90,08-31-2018,15:09:06
14057,15,450,320,130,first,0,1,1,9,90,08-31-2018,15:09:06
14057,16,200,350,150,second,1,0,1,10,90,08-31-2018,15:09:06
14057,17,180,320,140,second,1,1,0,NA,90,08-31-2018,15:09:06
14057,18,380,250,130,first,0,1,1,11,90,08-31-2018,15:09:06
14057,19,280,130,150,first,1,0,1,12,90,08-31-2018,15:09:06
14057,20,350,490,140,second,1,1,0,NA,90,08-31-2018,15:09:06
14057,21,450,320,130,first,1,1,0,NA,90,08-31-2018,15:09:06
14057,22,440,320,120,first,1,1,0,NA,90,08-31-2018,15:09:06
14057,23,140,250,110,second,1,1,0,NA,90,08-31-2018,15:09:06
14057,24,220,320,100,second,1,1,0,NA,90,08-31-2018,15:09:06
14057,25,280,370,90,second,1,1,0,NA,90,08-31-2018,15:09:06
14057,26,240,320,80,second,1,1,0,NA,90,08-31-2018,15:09:06
14057,27,320,250,70,first,1,1,0,NA,90,08-31-2018,15:09:06
14057,28,280,340,60,second,1,1,0,NA,90,08-31-2018,15:09:06
14057,29,280,230,50,first,0,1,1,13,90,08-31-2018,15:09:06
14057,30,200,280,80,second,1,0,1,14,90,08-31-2018,15:09:06
14057,31,350,280,70,first,0,1,1,15,90,08-31-2018,15:09:06
14057,32,250,150,100,first,1,0,1,16,90,08-31-2018,15:09:06
14057,33,280,370,90,second,1,1,0,NA,90,08-31-2018,15:09:06
14057,34,360,280,80,first,0,1,1,17,90,08-31-2018,15:09:06
14057,35,250,140,110,first,1,0,1,18,90,08-31-2018,15:09:06
14057,36,350,250,100,first,1,1,0,NA,90,08-31-2018,15:09:06
14057,37,320,230,90,first,1,1,0,NA,90,08-31-2018,15:09:06
14057,38,430,350,80,first,1,1,0,NA,90,08-31-2018,15:09:06
14057,39,320,390,70,second,0,1,1,19,90,08-31-2018,15:09:06
14057,40,250,150,100,first,1,0,1,20,90,08-31-2018,15:09:06
14057,41,340,250,90,first,1,1,0,NA,90,08-31-2018,15:09:06
14057,42,280,360,80,second,1,1,0,NA,90,08-31-2018,15:09:06
14057,43,210,280,70,second,1,1,0,NA,90,08-31-2018,15:09:06
14057,44,320,260,60,first,0,1,1,21,90,08-31-2018,15:09:06
14057,45,320,410,90,second,1,0,1,22,90,08-31-2018,15:09:06
14057,46,350,430,80,second,1,1,0,NA,90,08-31-2018,15:09:06
14057,47,280,350,70,second,1,1,0,NA,90,08-31-2018,15:09:06
14057,48,250,310,60,second,0,1,1,23,90,08-31-2018,15:09:06
14057,49,350,260,90,first,1,0,1,24,90,08-31-2018,15:09:06
14057,50,320,400,80,second,1,1,0,NA,90,08-31-2018,15:09:06
14057,51,180,250,70,second,1,1,0,NA,90,08-31-2018,15:09:06
14057,52,220,280,60,second,1,1,0,NA,90,08-31-2018,15:09:06
14057,53,270,320,50,second,1,1,0,NA,90,08-31-2018,15:09:06
14057,54,320,280,40,first,1,1,0,NA,90,08-31-2018,15:09:06
14057,55,350,380,30,second,1,1,0,NA,90,08-31-2018,15:09:06
14057,56,280,260,20,first,0,1,1,25,90,08-31-2018,15:09:06
14057,57,400,350,50,first,1,0,1,26,90,08-31-2018,15:09:06
14057,58,280,240,40,first,0,1,1,27,90,08-31-2018,15:09:06
14057,59,390,320,70,first,0,0,0,NA,90,08-31-2018,15:09:06
14057,60,350,250,100,first,1,0,1,28,90,08-31-2018,15:09:06
14057,61,350,260,90,first,0,1,1,29,90,08-31-2018,15:09:06
14057,62,400,280,120,first,1,0,1,30,90,08-31-2018,15:09:06
14057,63,250,360,110,second,1,1,0,NA,90,08-31-2018,15:09:06
14057,64,250,150,100,first,1,1,0,NA,90,08-31-2018,15:09:06
14065,1,220,320,100,second,1,NA,NA,NA,20,08-13-2018,11:18:47
14065,2,430,350,80,first,1,1,0,NA,20,08-13-2018,11:18:47
14065,3,250,310,60,second,0,1,1,1,20,08-13-2018,11:18:47
14065,4,280,400,120,second,1,0,1,2,20,08-13-2018,11:18:47
14065,5,320,220,100,first,1,1,0,NA,20,08-13-2018,11:18:47
14065,6,330,250,80,first,1,1,0,NA,20,08-13-2018,11:18:47
14065,7,340,280,60,first,1,1,0,NA,20,08-13-2018,11:18:47
14065,8,350,400,50,second,1,1,0,NA,20,08-13-2018,11:18:47
14065,9,280,320,40,second,0,1,1,3,20,08-13-2018,11:18:47
14065,10,280,350,70,second,1,0,1,4,20,08-13-2018,11:18:47
14065,11,350,290,60,first,1,1,0,NA,20,08-13-2018,11:18:47
14065,12,250,200,50,first,1,1,0,NA,20,08-13-2018,11:18:47
14065,13,350,390,40,second,0,1,1,5,20,08-13-2018,11:18:47
14065,14,320,250,70,first,1,0,1,6,20,08-13-2018,11:18:47
14065,15,410,350,60,first,1,1,0,NA,20,08-13-2018,11:18:47
14065,16,350,300,50,first,1,1,0,NA,20,08-13-2018,11:18:47
14065,17,350,310,40,first,1,1,0,NA,20,08-13-2018,11:18:47
14065,18,250,280,30,second,1,1,0,NA,20,08-13-2018,11:18:47
14065,19,250,230,20,first,1,1,0,NA,20,08-13-2018,11:18:47
14065,20,240,250,10,second,0,1,1,7,20,08-13-2018,11:18:47
14065,21,320,280,40,first,1,0,1,8,20,08-13-2018,11:18:47
14065,22,250,280,30,second,0,1,1,9,20,08-13-2018,11:18:47
14065,23,310,250,60,first,1,0,1,10,20,08-13-2018,11:18:47
14065,24,370,320,50,first,0,1,1,11,20,08-13-2018,11:18:47
14065,25,280,200,80,first,1,0,1,12,20,08-13-2018,11:18:47
14065,26,250,180,70,first,1,1,0,NA,20,08-13-2018,11:18:47
14065,27,250,190,60,first,1,1,0,NA,20,08-13-2018,11:18:47
14065,28,280,330,50,second,1,1,0,NA,20,08-13-2018,11:18:47
14065,29,360,320,40,first,1,1,0,NA,20,08-13-2018,11:18:47
14065,30,250,280,30,second,0,1,1,13,20,08-13-2018,11:18:47
14065,31,380,320,60,first,1,0,1,14,20,08-13-2018,11:18:47
14065,32,350,300,50,first,1,1,0,NA,20,08-13-2018,11:18:47
14065,33,320,360,40,second,0,1,1,15,20,08-13-2018,11:18:47
14065,34,320,390,70,second,1,0,1,16,20,08-13-2018,11:18:47
14065,35,310,250,60,first,1,1,0,NA,20,08-13-2018,11:18:47
14065,36,320,370,50,second,1,1,0,NA,20,08-13-2018,11:18:47
14065,37,320,280,40,first,1,1,0,NA,20,08-13-2018,11:18:47
14065,38,320,290,30,first,1,1,0,NA,20,08-13-2018,11:18:47
14065,39,330,350,20,second,1,1,0,NA,20,08-13-2018,11:18:47
14065,40,360,350,10,first,1,1,0,NA,20,08-13-2018,11:18:47
14065,41,280,270,10,first,1,1,0,NA,20,08-13-2018,11:18:47
14065,42,250,260,10,second,0,1,1,17,20,08-13-2018,11:18:47
14065,43,310,350,40,second,0,0,0,NA,20,08-13-2018,11:18:47
14065,44,350,420,70,second,1,0,1,18,20,08-13-2018,11:18:47
14065,45,350,410,60,second,1,1,0,NA,20,08-13-2018,11:18:47
14065,46,370,320,50,first,1,1,0,NA,20,08-13-2018,11:18:47
14065,47,210,250,40,second,0,1,1,19,20,08-13-2018,11:18:47
14065,48,210,280,70,second,1,0,1,20,20,08-13-2018,11:18:47
14065,49,410,350,60,first,1,1,0,NA,20,08-13-2018,11:18:47
14065,50,330,280,50,first,1,1,0,NA,20,08-13-2018,11:18:47
14065,51,280,240,40,first,1,1,0,NA,20,08-13-2018,11:18:47
14065,52,220,250,30,second,0,1,1,21,20,08-13-2018,11:18:47
14065,53,320,380,60,second,1,0,1,22,20,08-13-2018,11:18:47
14065,54,270,320,50,second,0,1,1,23,20,08-13-2018,11:18:47
14065,55,170,250,80,second,0,0,0,NA,20,08-13-2018,11:18:47
14065,56,170,280,110,second,1,0,1,24,20,08-13-2018,11:18:47
14065,57,280,380,100,second,1,1,0,NA,20,08-13-2018,11:18:47
14065,58,340,250,90,first,1,1,0,NA,20,08-13-2018,11:18:47
14065,59,320,240,80,first,1,1,0,NA,20,08-13-2018,11:18:47
14065,60,250,320,70,second,1,1,0,NA,20,08-13-2018,11:18:47
14065,61,220,280,60,second,1,1,0,NA,20,08-13-2018,11:18:47
14065,62,280,230,50,first,1,1,0,NA,20,08-13-2018,11:18:47
14065,63,310,350,40,second,1,1,0,NA,20,08-13-2018,11:18:47
14065,64,280,310,30,second,1,1,0,NA,20,08-13-2018,11:18:47
14079,1,380,280,100,first,1,NA,NA,NA,100,10-17-2018,16:20:56
14079,2,200,280,80,second,1,1,0,NA,100,10-17-2018,16:20:56
14079,3,350,290,60,first,1,1,0,NA,100,10-17-2018,16:20:56
14079,4,210,250,40,second,1,1,0,NA,100,10-17-2018,16:20:56
14079,5,340,320,20,first,1,1,0,NA,100,10-17-2018,16:20:56
14079,6,240,250,10,second,0,1,1,1,100,10-17-2018,16:20:56
14079,7,280,350,70,second,1,0,1,2,100,10-17-2018,16:20:56
14079,8,310,250,60,first,1,1,0,NA,100,10-17-2018,16:20:56
14079,9,320,270,50,first,1,1,0,NA,100,10-17-2018,16:20:56
14079,10,390,350,40,first,0,1,1,3,100,10-17-2018,16:20:56
14079,11,280,210,70,first,1,0,1,4,100,10-17-2018,16:20:56
14079,12,290,350,60,second,1,1,0,NA,100,10-17-2018,16:20:56
14079,13,270,320,50,second,0,1,1,5,100,10-17-2018,16:20:56
14079,14,320,240,80,first,1,0,1,6,100,10-17-2018,16:20:56
14079,15,280,350,70,second,1,1,0,NA,100,10-17-2018,16:20:56
14079,16,410,350,60,first,1,1,0,NA,100,10-17-2018,16:20:56
14079,17,280,230,50,first,1,1,0,NA,100,10-17-2018,16:20:56
14079,18,310,350,40,second,1,1,0,NA,100,10-17-2018,16:20:56
14079,19,310,280,30,first,1,1,0,NA,100,10-17-2018,16:20:56
14079,20,350,370,20,second,0,1,1,7,100,10-17-2018,16:20:56
14079,21,200,250,50,second,0,0,0,NA,100,10-17-2018,16:20:56
14079,22,200,280,80,second,1,0,1,8,100,10-17-2018,16:20:56
14079,23,250,320,70,second,0,1,1,9,100,10-17-2018,16:20:56
14079,24,220,320,100,second,1,0,1,10,100,10-17-2018,16:20:56
14079,25,350,260,90,first,1,1,0,NA,100,10-17-2018,16:20:56
14079,26,400,320,80,first,1,1,0,NA,100,10-17-2018,16:20:56
14079,27,250,180,70,first,1,1,0,NA,100,10-17-2018,16:20:56
14079,28,280,220,60,first,1,1,0,NA,100,10-17-2018,16:20:56
14079,29,200,250,50,second,0,1,1,11,100,10-17-2018,16:20:56
14079,30,280,360,80,second,1,0,1,12,100,10-17-2018,16:20:56
14079,31,320,250,70,first,1,1,0,NA,100,10-17-2018,16:20:56
14079,32,280,340,60,second,1,1,0,NA,100,10-17-2018,16:20:56
14079,33,270,320,50,second,1,1,0,NA,100,10-17-2018,16:20:56
14079,34,250,210,40,first,1,1,0,NA,100,10-17-2018,16:20:56
14079,35,250,280,30,second,1,1,0,NA,100,10-17-2018,16:20:56
14079,36,340,320,20,first,1,1,0,NA,100,10-17-2018,16:20:56
14079,37,250,260,10,second,0,1,1,13,100,10-17-2018,16:20:56
14079,38,240,280,40,second,1,0,1,14,100,10-17-2018,16:20:56
14079,39,320,350,30,second,1,1,0,NA,100,10-17-2018,16:20:56
14079,40,280,300,20,second,0,1,1,15,100,10-17-2018,16:20:56
14079,41,320,270,50,first,1,0,1,16,100,10-17-2018,16:20:56
14079,42,350,310,40,first,1,1,0,NA,100,10-17-2018,16:20:56
14079,43,310,280,30,first,1,1,0,NA,100,10-17-2018,16:20:56
14079,44,320,340,20,second,1,1,0,NA,100,10-17-2018,16:20:56
14079,45,350,340,10,first,1,1,0,NA,100,10-17-2018,16:20:56
14079,46,290,280,10,first,0,1,1,17,100,10-17-2018,16:20:56
14079,47,310,350,40,second,0,0,0,NA,100,10-17-2018,16:20:56
14079,48,320,390,70,second,1,0,1,18,100,10-17-2018,16:20:56
14079,49,320,380,60,second,0,1,1,19,100,10-17-2018,16:20:56
14079,50,340,250,90,first,1,0,1,20,100,10-17-2018,16:20:56
14079,51,240,320,80,second,1,1,0,NA,100,10-17-2018,16:20:56
14079,52,350,420,70,second,0,1,1,21,100,10-17-2018,16:20:56
14079,53,450,350,100,first,1,0,1,22,100,10-17-2018,16:20:56
14079,54,320,230,90,first,0,1,1,23,100,10-17-2018,16:20:56
14079,55,350,470,120,second,0,0,0,NA,100,10-17-2018,16:20:56
14079,56,280,130,150,first,1,0,1,24,100,10-17-2018,16:20:56
14079,57,250,110,140,first,1,1,0,NA,100,10-17-2018,16:20:56
14079,58,350,480,130,second,1,1,0,NA,100,10-17-2018,16:20:56
14079,59,250,370,120,second,1,1,0,NA,100,10-17-2018,16:20:56
14079,60,460,350,110,first,1,1,0,NA,100,10-17-2018,16:20:56
14079,61,350,250,100,first,0,1,1,25,100,10-17-2018,16:20:56
14079,62,250,120,130,first,1,0,1,26,100,10-17-2018,16:20:56
14079,63,440,320,120,first,1,1,0,NA,100,10-17-2018,16:20:56
14079,64,250,360,110,second,1,1,0,NA,100,10-17-2018,16:20:56
14081,1,320,420,100,second,1,NA,NA,NA,70,08-07-2018,13:17:31
14081,2,270,350,80,second,1,1,0,NA,70,08-07-2018,13:17:31
14081,3,250,190,60,first,1,1,0,NA,70,08-07-2018,13:17:31
14081,4,280,320,40,second,1,1,0,NA,70,08-07-2018,13:17:31
14081,5,280,300,20,second,1,1,0,NA,70,08-07-2018,13:17:31
14081,6,250,260,10,second,1,1,0,NA,70,08-07-2018,13:17:31
14081,7,280,290,10,second,1,1,0,NA,70,08-07-2018,13:17:31
14081,8,270,280,10,second,1,1,0,NA,70,08-07-2018,13:17:31
14081,9,260,250,10,first,1,1,0,NA,70,08-07-2018,13:17:31
14081,10,360,350,10,first,1,1,0,NA,70,08-07-2018,13:17:31
14081,11,320,310,10,first,1,1,0,NA,70,08-07-2018,13:17:31
14081,12,240,250,10,second,1,1,0,NA,70,08-07-2018,13:17:31
14081,13,360,350,10,first,1,1,0,NA,70,08-07-2018,13:17:31
14081,14,280,270,10,first,1,1,0,NA,70,08-07-2018,13:17:31
14081,15,310,320,10,second,1,1,0,NA,70,08-07-2018,13:17:31
14081,16,320,330,10,second,1,1,0,NA,70,08-07-2018,13:17:31
14081,17,250,240,10,first,1,1,0,NA,70,08-07-2018,13:17:31
14081,18,320,310,10,first,1,1,0,NA,70,08-07-2018,13:17:31
14081,19,280,270,10,first,0,1,1,1,70,08-07-2018,13:17:31
14081,20,320,360,40,second,0,0,0,NA,70,08-07-2018,13:17:31
14081,21,180,250,70,second,1,0,1,2,70,08-07-2018,13:17:31
14081,22,410,350,60,first,1,1,0,NA,70,08-07-2018,13:17:31
14081,23,330,280,50,first,1,1,0,NA,70,08-07-2018,13:17:31
14081,24,250,290,40,second,1,1,0,NA,70,08-07-2018,13:17:31
14081,25,250,280,30,second,1,1,0,NA,70,08-07-2018,13:17:31
14081,26,340,320,20,first,1,1,0,NA,70,08-07-2018,13:17:31
14081,27,250,260,10,second,0,1,1,3,70,08-07-2018,13:17:31
14081,28,350,390,40,second,1,0,1,4,70,08-07-2018,13:17:31
14081,29,280,310,30,second,0,1,1,5,70,08-07-2018,13:17:31
14081,30,220,280,60,second,1,0,1,6,70,08-07-2018,13:17:31
14081,31,300,350,50,second,1,1,0,NA,70,08-07-2018,13:17:31
14081,32,290,250,40,first,0,1,1,7,70,08-07-2018,13:17:31
14081,33,320,250,70,first,1,0,1,8,70,08-07-2018,13:17:31
14081,34,320,380,60,second,1,1,0,NA,70,08-07-2018,13:17:31
14081,35,200,250,50,second,0,1,1,9,70,08-07-2018,13:17:31
14081,36,400,320,80,first,1,0,1,10,70,08-07-2018,13:17:31
14081,37,350,280,70,first,1,1,0,NA,70,08-07-2018,13:17:31
14081,38,350,410,60,second,1,1,0,NA,70,08-07-2018,13:17:31
14081,39,330,280,50,first,1,1,0,NA,70,08-07-2018,13:17:31
14081,40,250,290,40,second,0,1,1,11,70,08-07-2018,13:17:31
14081,41,350,280,70,first,1,0,1,12,70,08-07-2018,13:17:31
14081,42,280,220,60,first,1,1,0,NA,70,08-07-2018,13:17:31
14081,43,230,280,50,second,1,1,0,NA,70,08-07-2018,13:17:31
14081,44,310,350,40,second,0,1,1,13,70,08-07-2018,13:17:31
14081,45,350,280,70,first,1,0,1,14,70,08-07-2018,13:17:31
14081,46,250,190,60,first,1,1,0,NA,70,08-07-2018,13:17:31
14081,47,370,320,50,first,1,1,0,NA,70,08-07-2018,13:17:31
14081,48,290,250,40,first,1,1,0,NA,70,08-07-2018,13:17:31
14081,49,320,290,30,first,0,1,1,15,70,08-07-2018,13:17:31
14081,50,190,250,60,second,1,0,1,16,70,08-07-2018,13:17:31
14081,51,280,230,50,first,1,1,0,NA,70,08-07-2018,13:17:31
14081,52,320,280,40,first,1,1,0,NA,70,08-07-2018,13:17:31
14081,53,290,320,30,second,1,1,0,NA,70,08-07-2018,13:17:31
14081,54,330,350,20,second,1,1,0,NA,70,08-07-2018,13:17:31
14081,55,350,340,10,first,0,1,1,17,70,08-07-2018,13:17:31
14081,56,360,320,40,first,1,0,1,18,70,08-07-2018,13:17:31
14081,57,290,320,30,second,0,1,1,19,70,08-07-2018,13:17:31
14081,58,320,260,60,first,1,0,1,20,70,08-07-2018,13:17:31
14081,59,250,200,50,first,1,1,0,NA,70,08-07-2018,13:17:31
14081,60,280,320,40,second,0,1,1,21,70,08-07-2018,13:17:31
14081,61,350,420,70,second,1,0,1,22,70,08-07-2018,13:17:31
14081,62,410,350,60,first,0,1,1,23,70,08-07-2018,13:17:31
14081,63,370,280,90,first,1,0,1,24,70,08-07-2018,13:17:31
14081,64,350,430,80,second,1,1,0,NA,70,08-07-2018,13:17:31
14119,1,250,350,100,second,1,NA,NA,NA,30,10-12-2018,14:08:03
14119,2,200,280,80,second,1,1,0,NA,30,10-12-2018,14:08:03
14119,3,350,290,60,first,1,1,0,NA,30,10-12-2018,14:08:03
14119,4,280,320,40,second,0,1,1,1,30,10-12-2018,14:08:03
14119,5,180,280,100,second,1,0,1,2,30,10-12-2018,14:08:03
14119,6,320,240,80,first,1,1,0,NA,30,10-12-2018,14:08:03
14119,7,410,350,60,first,1,1,0,NA,30,10-12-2018,14:08:03
14119,8,250,200,50,first,1,1,0,NA,30,10-12-2018,14:08:03
14119,9,320,280,40,first,1,1,0,NA,30,10-12-2018,14:08:03
14119,10,320,350,30,second,1,1,0,NA,30,10-12-2018,14:08:03
14119,11,320,340,20,second,1,1,0,NA,30,10-12-2018,14:08:03
14119,12,260,250,10,first,1,1,0,NA,30,10-12-2018,14:08:03
14119,13,340,350,10,second,1,1,0,NA,30,10-12-2018,14:08:03
14119,14,280,270,10,first,0,1,1,3,30,10-12-2018,14:08:03
14119,15,350,390,40,second,0,0,0,NA,30,10-12-2018,14:08:03
14119,16,250,320,70,second,0,0,0,NA,30,10-12-2018,14:08:03
14119,17,280,380,100,second,1,0,1,4,30,10-12-2018,14:08:03
14119,18,190,280,90,second,1,1,0,NA,30,10-12-2018,14:08:03
14119,19,320,240,80,first,1,1,0,NA,30,10-12-2018,14:08:03
14119,20,280,210,70,first,1,1,0,NA,30,10-12-2018,14:08:03
14119,21,310,250,60,first,1,1,0,NA,30,10-12-2018,14:08:03
14119,22,320,270,50,first,1,1,0,NA,30,10-12-2018,14:08:03
14119,23,360,320,40,first,1,1,0,NA,30,10-12-2018,14:08:03
14119,24,310,280,30,first,0,1,1,5,30,10-12-2018,14:08:03
14119,25,320,260,60,first,0,0,0,NA,30,10-12-2018,14:08:03
14119,26,350,440,90,second,1,0,1,6,30,10-12-2018,14:08:03
14119,27,270,350,80,second,1,1,0,NA,30,10-12-2018,14:08:03
14119,28,250,320,70,second,1,1,0,NA,30,10-12-2018,14:08:03
14119,29,310,250,60,first,1,1,0,NA,30,10-12-2018,14:08:03
14119,30,200,250,50,second,1,1,0,NA,30,10-12-2018,14:08:03
14119,31,280,240,40,first,1,1,0,NA,30,10-12-2018,14:08:03
14119,32,280,310,30,second,1,1,0,NA,30,10-12-2018,14:08:03
14119,33,280,300,20,second,0,1,1,7,30,10-12-2018,14:08:03
14119,34,350,300,50,first,1,0,1,8,30,10-12-2018,14:08:03
14119,35,320,280,40,first,1,1,0,NA,30,10-12-2018,14:08:03
14119,36,310,280,30,first,1,1,0,NA,30,10-12-2018,14:08:03
14119,37,300,320,20,second,1,1,0,NA,30,10-12-2018,14:08:03
14119,38,240,250,10,second,1,1,0,NA,30,10-12-2018,14:08:03
14119,39,270,280,10,second,1,1,0,NA,30,10-12-2018,14:08:03
14119,40,250,260,10,second,1,1,0,NA,30,10-12-2018,14:08:03
14119,41,240,250,10,second,0,1,1,9,30,10-12-2018,14:08:03
14119,42,280,320,40,second,1,0,1,10,30,10-12-2018,14:08:03
14119,43,250,280,30,second,1,1,0,NA,30,10-12-2018,14:08:03
14119,44,320,340,20,second,1,1,0,NA,30,10-12-2018,14:08:03
14119,45,350,340,10,first,1,1,0,NA,30,10-12-2018,14:08:03
14119,46,250,240,10,first,1,1,0,NA,30,10-12-2018,14:08:03
14119,47,250,240,10,first,1,1,0,NA,30,10-12-2018,14:08:03
14119,48,240,250,10,second,1,1,0,NA,30,10-12-2018,14:08:03
14119,49,310,320,10,second,1,1,0,NA,30,10-12-2018,14:08:03
14119,50,350,360,10,second,0,1,1,11,30,10-12-2018,14:08:03
14119,51,390,350,40,first,1,0,1,12,30,10-12-2018,14:08:03
14119,52,350,320,30,first,1,1,0,NA,30,10-12-2018,14:08:03
14119,53,320,340,20,second,1,1,0,NA,30,10-12-2018,14:08:03
14119,54,330,320,10,first,1,1,0,NA,30,10-12-2018,14:08:03
14119,55,280,270,10,first,0,1,1,13,30,10-12-2018,14:08:03
14119,56,390,350,40,first,0,0,0,NA,30,10-12-2018,14:08:03
14119,57,280,350,70,second,0,0,0,NA,30,10-12-2018,14:08:03
14119,58,420,320,100,first,1,0,1,14,30,10-12-2018,14:08:03
14119,59,350,260,90,first,1,1,0,NA,30,10-12-2018,14:08:03
14119,60,250,170,80,first,1,1,0,NA,30,10-12-2018,14:08:03
14119,61,250,320,70,second,1,1,0,NA,30,10-12-2018,14:08:03
14119,62,350,410,60,second,1,1,0,NA,30,10-12-2018,14:08:03
14119,63,300,250,50,first,1,1,0,NA,30,10-12-2018,14:08:03
14119,64,390,350,40,first,1,1,0,NA,30,10-12-2018,14:08:03
14125,1,220,320,100,second,1,NA,NA,NA,30,08-31-2018,13:25:28
14125,2,360,280,80,first,1,1,0,NA,30,08-31-2018,13:25:28
14125,3,320,260,60,first,1,1,0,NA,30,08-31-2018,13:25:28
14125,4,240,280,40,second,1,1,0,NA,30,08-31-2018,13:25:28
14125,5,350,330,20,first,1,1,0,NA,30,08-31-2018,13:25:28
14125,6,350,360,10,second,1,1,0,NA,30,08-31-2018,13:25:28
14125,7,280,270,10,first,1,1,0,NA,30,08-31-2018,13:25:28
14125,8,350,360,10,second,1,1,0,NA,30,08-31-2018,13:25:28
14125,9,330,320,10,first,0,1,1,1,30,08-31-2018,13:25:28
14125,10,210,250,40,second,1,0,1,2,30,08-31-2018,13:25:28
14125,11,350,380,30,second,1,1,0,NA,30,08-31-2018,13:25:28
14125,12,330,350,20,second,1,1,0,NA,30,08-31-2018,13:25:28
14125,13,320,330,10,second,0,1,1,3,30,08-31-2018,13:25:28
14125,14,390,350,40,first,1,0,1,4,30,08-31-2018,13:25:28
14125,15,380,350,30,first,1,1,0,NA,30,08-31-2018,13:25:28
14125,16,300,280,20,first,0,1,1,5,30,08-31-2018,13:25:28
14125,17,320,370,50,second,1,0,1,6,30,08-31-2018,13:25:28
14125,18,320,280,40,first,1,1,0,NA,30,08-31-2018,13:25:28
14125,19,280,250,30,first,1,1,0,NA,30,08-31-2018,13:25:28
14125,20,320,340,20,second,1,1,0,NA,30,08-31-2018,13:25:28
14125,21,330,320,10,first,1,1,0,NA,30,08-31-2018,13:25:28
14125,22,280,270,10,first,0,1,1,7,30,08-31-2018,13:25:28
14125,23,250,210,40,first,1,0,1,8,30,08-31-2018,13:25:28
14125,24,350,320,30,first,1,1,0,NA,30,08-31-2018,13:25:28
14125,25,270,250,20,first,1,1,0,NA,30,08-31-2018,13:25:28
14125,26,270,280,10,second,0,1,1,9,30,08-31-2018,13:25:28
14125,27,250,210,40,first,1,0,1,10,30,08-31-2018,13:25:28
14125,28,250,280,30,second,1,1,0,NA,30,08-31-2018,13:25:28
14125,29,300,320,20,second,1,1,0,NA,30,08-31-2018,13:25:28
14125,30,250,240,10,first,0,1,1,11,30,08-31-2018,13:25:28
14125,31,250,210,40,first,1,0,1,12,30,08-31-2018,13:25:28
14125,32,250,280,30,second,1,1,0,NA,30,08-31-2018,13:25:28
14125,33,300,320,20,second,1,1,0,NA,30,08-31-2018,13:25:28
14125,34,260,250,10,first,0,1,1,13,30,08-31-2018,13:25:28
14125,35,320,360,40,second,1,0,1,14,30,08-31-2018,13:25:28
14125,36,220,250,30,second,0,1,1,15,30,08-31-2018,13:25:28
14125,37,350,290,60,first,1,0,1,16,30,08-31-2018,13:25:28
14125,38,320,270,50,first,1,1,0,NA,30,08-31-2018,13:25:28
14125,39,280,320,40,second,0,1,1,17,30,08-31-2018,13:25:28
14125,40,320,250,70,first,1,0,1,18,30,08-31-2018,13:25:28
14125,41,260,320,60,second,0,1,1,19,30,08-31-2018,13:25:28
14125,42,160,250,90,second,1,0,1,20,30,08-31-2018,13:25:28
14125,43,200,280,80,second,1,1,0,NA,30,08-31-2018,13:25:28
14125,44,320,250,70,first,1,1,0,NA,30,08-31-2018,13:25:28
14125,45,380,320,60,first,1,1,0,NA,30,08-31-2018,13:25:28
14125,46,330,280,50,first,1,1,0,NA,30,08-31-2018,13:25:28
14125,47,250,290,40,second,1,1,0,NA,30,08-31-2018,13:25:28
14125,48,350,320,30,first,1,1,0,NA,30,08-31-2018,13:25:28
14125,49,280,300,20,second,1,1,0,NA,30,08-31-2018,13:25:28
14125,50,340,350,10,second,0,1,1,21,30,08-31-2018,13:25:28
14125,51,350,390,40,second,1,0,1,22,30,08-31-2018,13:25:28
14125,52,320,350,30,second,1,1,0,NA,30,08-31-2018,13:25:28
14125,53,370,350,20,first,0,1,1,23,30,08-31-2018,13:25:28
14125,54,200,250,50,second,1,0,1,24,30,08-31-2018,13:25:28
14125,55,310,350,40,second,1,1,0,NA,30,08-31-2018,13:25:28
14125,56,350,320,30,first,1,1,0,NA,30,08-31-2018,13:25:28
14125,57,280,300,20,second,1,1,0,NA,30,08-31-2018,13:25:28
14125,58,250,260,10,second,0,1,1,25,30,08-31-2018,13:25:28
14125,59,280,240,40,first,1,0,1,26,30,08-31-2018,13:25:28
14125,60,280,310,30,second,1,1,0,NA,30,08-31-2018,13:25:28
14125,61,270,250,20,first,1,1,0,NA,30,08-31-2018,13:25:28
14125,62,250,260,10,second,1,1,0,NA,30,08-31-2018,13:25:28
14125,63,290,280,10,first,0,1,1,27,30,08-31-2018,13:25:28
14125,64,390,350,40,first,1,0,1,28,30,08-31-2018,13:25:28
14139,1,280,380,100,second,1,NA,NA,NA,110,08-15-2018,13:11:17
14139,2,330,250,80,first,1,1,0,NA,110,08-15-2018,13:11:17
14139,3,310,250,60,first,1,1,0,NA,110,08-15-2018,13:11:17
14139,4,320,280,40,first,1,1,0,NA,110,08-15-2018,13:11:17
14139,5,280,260,20,first,1,1,0,NA,110,08-15-2018,13:11:17
14139,6,280,290,10,second,0,1,1,1,110,08-15-2018,13:11:17
14139,7,210,280,70,second,1,0,1,2,110,08-15-2018,13:11:17
14139,8,260,320,60,second,0,1,1,3,110,08-15-2018,13:11:17
14139,9,160,250,90,second,1,0,1,4,110,08-15-2018,13:11:17
14139,10,200,280,80,second,1,1,0,NA,110,08-15-2018,13:11:17
14139,11,320,250,70,first,1,1,0,NA,110,08-15-2018,13:11:17
14139,12,350,410,60,second,0,1,1,5,110,08-15-2018,13:11:17
14139,13,410,320,90,first,1,0,1,6,110,08-15-2018,13:11:17
14139,14,350,430,80,second,0,1,1,7,110,08-15-2018,13:11:17
14139,15,320,210,110,first,1,0,1,8,110,08-15-2018,13:11:17
14139,16,280,180,100,first,1,1,0,NA,110,08-15-2018,13:11:17
14139,17,350,440,90,second,0,1,1,9,110,08-15-2018,13:11:17
14139,18,230,350,120,second,0,0,0,NA,110,08-15-2018,13:11:17
14139,19,250,100,150,first,1,0,1,10,110,08-15-2018,13:11:17
14139,20,320,460,140,second,1,1,0,NA,110,08-15-2018,13:11:17
14139,21,380,250,130,first,1,1,0,NA,110,08-15-2018,13:11:17
14139,22,160,280,120,second,1,1,0,NA,110,08-15-2018,13:11:17
14139,23,350,240,110,first,1,1,0,NA,110,08-15-2018,13:11:17
14139,24,420,320,100,first,1,1,0,NA,110,08-15-2018,13:11:17
14139,25,260,350,90,second,1,1,0,NA,110,08-15-2018,13:11:17
14139,26,170,250,80,second,0,1,1,11,110,08-15-2018,13:11:17
14139,27,240,350,110,second,1,0,1,12,110,08-15-2018,13:11:17
14139,28,150,250,100,second,1,1,0,NA,110,08-15-2018,13:11:17
14139,29,370,280,90,first,0,1,1,13,110,08-15-2018,13:11:17
14139,30,250,370,120,second,1,0,1,14,110,08-15-2018,13:11:17
14139,31,170,280,110,second,1,1,0,NA,110,08-15-2018,13:11:17
14139,32,450,350,100,first,1,1,0,NA,110,08-15-2018,13:11:17
14139,33,320,410,90,second,0,1,1,15,110,08-15-2018,13:11:17
14139,34,350,230,120,first,1,0,1,16,110,08-15-2018,13:11:17
14139,35,350,240,110,first,1,1,0,NA,110,08-15-2018,13:11:17
14139,36,220,320,100,second,1,1,0,NA,110,08-15-2018,13:11:17
14139,37,350,440,90,second,1,1,0,NA,110,08-15-2018,13:11:17
14139,38,250,330,80,second,0,1,1,17,110,08-15-2018,13:11:17
14139,39,430,320,110,first,1,0,1,18,110,08-15-2018,13:11:17
14139,40,250,150,100,first,1,1,0,NA,110,08-15-2018,13:11:17
14139,41,230,320,90,second,1,1,0,NA,110,08-15-2018,13:11:17
14139,42,170,250,80,second,1,1,0,NA,110,08-15-2018,13:11:17
14139,43,350,280,70,first,1,1,0,NA,110,08-15-2018,13:11:17
14139,44,410,350,60,first,1,1,0,NA,110,08-15-2018,13:11:17
14139,45,300,350,50,second,0,1,1,19,110,08-15-2018,13:11:17
14139,46,240,320,80,second,1,0,1,20,110,08-15-2018,13:11:17
14139,47,250,320,70,second,1,1,0,NA,110,08-15-2018,13:11:17
14139,48,320,260,60,first,1,1,0,NA,110,08-15-2018,13:11:17
14139,49,280,330,50,second,1,1,0,NA,110,08-15-2018,13:11:17
14139,50,250,210,40,first,1,1,0,NA,110,08-15-2018,13:11:17
14139,51,380,350,30,first,1,1,0,NA,110,08-15-2018,13:11:17
14139,52,300,280,20,first,1,1,0,NA,110,08-15-2018,13:11:17
14139,53,320,310,10,first,0,1,1,21,110,08-15-2018,13:11:17
14139,54,320,280,40,first,1,0,1,22,110,08-15-2018,13:11:17
14139,55,350,320,30,first,1,1,0,NA,110,08-15-2018,13:11:17
14139,56,340,320,20,first,1,1,0,NA,110,08-15-2018,13:11:17
14139,57,280,270,10,first,1,1,0,NA,110,08-15-2018,13:11:17
14139,58,280,270,10,first,1,1,0,NA,110,08-15-2018,13:11:17
14139,59,320,330,10,second,0,1,1,23,110,08-15-2018,13:11:17
14139,60,320,360,40,second,0,0,0,NA,110,08-15-2018,13:11:17
14139,61,280,350,70,second,0,0,0,NA,110,08-15-2018,13:11:17
14139,62,450,350,100,first,1,0,1,24,110,08-15-2018,13:11:17
14139,63,250,340,90,second,0,1,1,25,110,08-15-2018,13:11:17
14139,64,250,130,120,first,1,0,1,26,110,08-15-2018,13:11:17
14141,1,320,220,100,first,1,NA,NA,NA,50,10-10-2018,11:28:45
14141,2,280,360,80,second,1,1,0,NA,50,10-10-2018,11:28:45
14141,3,380,320,60,first,0,1,1,1,50,10-10-2018,11:28:45
14141,4,200,320,120,second,1,0,1,2,50,10-10-2018,11:28:45
14141,5,350,250,100,first,1,1,0,NA,50,10-10-2018,11:28:45
14141,6,170,250,80,second,1,1,0,NA,50,10-10-2018,11:28:45
14141,7,350,290,60,first,1,1,0,NA,50,10-10-2018,11:28:45
14141,8,320,270,50,first,1,1,0,NA,50,10-10-2018,11:28:45
14141,9,360,320,40,first,0,1,1,3,50,10-10-2018,11:28:45
14141,10,390,320,70,first,1,0,1,4,50,10-10-2018,11:28:45
14141,11,220,280,60,second,1,1,0,NA,50,10-10-2018,11:28:45
14141,12,280,330,50,second,1,1,0,NA,50,10-10-2018,11:28:45
14141,13,280,240,40,first,1,1,0,NA,50,10-10-2018,11:28:45
14141,14,320,350,30,second,1,1,0,NA,50,10-10-2018,11:28:45
14141,15,350,370,20,second,0,1,1,5,50,10-10-2018,11:28:45
14141,16,230,280,50,second,1,0,1,6,50,10-10-2018,11:28:45
14141,17,280,320,40,second,1,1,0,NA,50,10-10-2018,11:28:45
14141,18,250,280,30,second,0,1,1,7,50,10-10-2018,11:28:45
14141,19,350,410,60,second,0,0,0,NA,50,10-10-2018,11:28:45
14141,20,280,190,90,first,1,0,1,8,50,10-10-2018,11:28:45
14141,21,250,170,80,first,1,1,0,NA,50,10-10-2018,11:28:45
14141,22,320,390,70,second,1,1,0,NA,50,10-10-2018,11:28:45
14141,23,250,190,60,first,1,1,0,NA,50,10-10-2018,11:28:45
14141,24,400,350,50,first,1,1,0,NA,50,10-10-2018,11:28:45
14141,25,350,310,40,first,1,1,0,NA,50,10-10-2018,11:28:45
14141,26,320,350,30,second,1,1,0,NA,50,10-10-2018,11:28:45
14141,27,230,250,20,second,1,1,0,NA,50,10-10-2018,11:28:45
14141,28,260,250,10,first,0,1,1,9,50,10-10-2018,11:28:45
14141,29,250,210,40,first,1,0,1,10,50,10-10-2018,11:28:45
14141,30,280,250,30,first,1,1,0,NA,50,10-10-2018,11:28:45
14141,31,250,270,20,second,0,1,1,11,50,10-10-2018,11:28:45
14141,32,300,350,50,second,1,0,1,12,50,10-10-2018,11:28:45
14141,33,310,350,40,second,1,1,0,NA,50,10-10-2018,11:28:45
14141,34,350,320,30,first,1,1,0,NA,50,10-10-2018,11:28:45
14141,35,280,300,20,second,0,1,1,13,50,10-10-2018,11:28:45
14141,36,330,280,50,first,0,0,0,NA,50,10-10-2018,11:28:45
14141,37,320,400,80,second,1,0,1,14,50,10-10-2018,11:28:45
14141,38,350,420,70,second,1,1,0,NA,50,10-10-2018,11:28:45
14141,39,290,350,60,second,1,1,0,NA,50,10-10-2018,11:28:45
14141,40,270,320,50,second,1,1,0,NA,50,10-10-2018,11:28:45
14141,41,320,280,40,first,1,1,0,NA,50,10-10-2018,11:28:45
14141,42,250,280,30,second,1,1,0,NA,50,10-10-2018,11:28:45
14141,43,270,250,20,first,1,1,0,NA,50,10-10-2018,11:28:45
14141,44,360,350,10,first,0,1,1,15,50,10-10-2018,11:28:45
14141,45,390,350,40,first,1,0,1,16,50,10-10-2018,11:28:45
14141,46,220,250,30,second,1,1,0,NA,50,10-10-2018,11:28:45
14141,47,300,320,20,second,1,1,0,NA,50,10-10-2018,11:28:45
14141,48,320,310,10,first,1,1,0,NA,50,10-10-2018,11:28:45
14141,49,250,260,10,second,0,1,1,17,50,10-10-2018,11:28:45
14141,50,350,390,40,second,0,0,0,NA,50,10-10-2018,11:28:45
14141,51,280,350,70,second,0,0,0,NA,50,10-10-2018,11:28:45
14141,52,350,250,100,first,1,0,1,18,50,10-10-2018,11:28:45
14141,53,350,260,90,first,1,1,0,NA,50,10-10-2018,11:28:45
14141,54,170,250,80,second,1,1,0,NA,50,10-10-2018,11:28:45
14141,55,350,280,70,first,1,1,0,NA,50,10-10-2018,11:28:45
14141,56,280,220,60,first,0,1,1,19,50,10-10-2018,11:28:45
14141,57,190,280,90,second,1,0,1,20,50,10-10-2018,11:28:45
14141,58,360,280,80,first,1,1,0,NA,50,10-10-2018,11:28:45
14141,59,320,250,70,first,1,1,0,NA,50,10-10-2018,11:28:45
14141,60,410,350,60,first,0,1,1,21,50,10-10-2018,11:28:45
14141,61,320,230,90,first,1,0,1,22,50,10-10-2018,11:28:45
14141,62,320,400,80,second,1,1,0,NA,50,10-10-2018,11:28:45
14141,63,250,180,70,first,1,1,0,NA,50,10-10-2018,11:28:45
14141,64,250,310,60,second,1,1,0,NA,50,10-10-2018,11:28:45
14149,1,280,180,100,first,1,NA,NA,NA,40,10-18-2018,15:36:46
14149,2,400,320,80,first,1,1,0,NA,40,10-18-2018,15:36:46
14149,3,350,290,60,first,1,1,0,NA,40,10-18-2018,15:36:46
14149,4,280,320,40,second,1,1,0,NA,40,10-18-2018,15:36:46
14149,5,280,300,20,second,0,1,1,1,40,10-18-2018,15:36:46
14149,6,320,240,80,first,1,0,1,2,40,10-18-2018,15:36:46
14149,7,340,280,60,first,1,1,0,NA,40,10-18-2018,15:36:46
14149,8,300,250,50,first,1,1,0,NA,40,10-18-2018,15:36:46
14149,9,310,350,40,second,1,1,0,NA,40,10-18-2018,15:36:46
14149,10,250,280,30,second,1,1,0,NA,40,10-18-2018,15:36:46
14149,11,250,270,20,second,1,1,0,NA,40,10-18-2018,15:36:46
14149,12,330,320,10,first,1,1,0,NA,40,10-18-2018,15:36:46
14149,13,350,360,10,second,0,1,1,3,40,10-18-2018,15:36:46
14149,14,210,250,40,second,1,0,1,4,40,10-18-2018,15:36:46
14149,15,280,250,30,first,0,1,1,5,40,10-18-2018,15:36:46
14149,16,320,380,60,second,1,0,1,6,40,10-18-2018,15:36:46
14149,17,280,330,50,second,1,1,0,NA,40,10-18-2018,15:36:46
14149,18,320,280,40,first,1,1,0,NA,40,10-18-2018,15:36:46
14149,19,350,380,30,second,1,1,0,NA,40,10-18-2018,15:36:46
14149,20,320,300,20,first,1,1,0,NA,40,10-18-2018,15:36:46
14149,21,350,360,10,second,1,1,0,NA,40,10-18-2018,15:36:46
14149,22,280,290,10,second,1,1,0,NA,40,10-18-2018,15:36:46
14149,23,360,350,10,first,1,1,0,NA,40,10-18-2018,15:36:46
14149,24,280,270,10,first,1,1,0,NA,40,10-18-2018,15:36:46
14149,25,250,240,10,first,1,1,0,NA,40,10-18-2018,15:36:46
14149,26,270,280,10,second,0,1,1,7,40,10-18-2018,15:36:46
14149,27,350,390,40,second,1,0,1,8,40,10-18-2018,15:36:46
14149,28,320,350,30,second,0,1,1,9,40,10-18-2018,15:36:46
14149,29,380,320,60,first,1,0,1,10,40,10-18-2018,15:36:46
14149,30,280,330,50,second,1,1,0,NA,40,10-18-2018,15:36:46
14149,31,210,250,40,second,0,1,1,11,40,10-18-2018,15:36:46
14149,32,250,320,70,second,1,0,1,12,40,10-18-2018,15:36:46
14149,33,250,310,60,second,1,1,0,NA,40,10-18-2018,15:36:46
14149,34,320,370,50,second,1,1,0,NA,40,10-18-2018,15:36:46
14149,35,350,310,40,first,1,1,0,NA,40,10-18-2018,15:36:46
14149,36,320,350,30,second,1,1,0,NA,40,10-18-2018,15:36:46
14149,37,260,280,20,second,1,1,0,NA,40,10-18-2018,15:36:46
14149,38,260,250,10,first,1,1,0,NA,40,10-18-2018,15:36:46
14149,39,350,340,10,first,1,1,0,NA,40,10-18-2018,15:36:46
14149,40,240,250,10,second,0,1,1,13,40,10-18-2018,15:36:46
14149,41,250,210,40,first,1,0,1,14,40,10-18-2018,15:36:46
14149,42,250,280,30,second,0,1,1,15,40,10-18-2018,15:36:46
14149,43,310,250,60,first,1,0,1,16,40,10-18-2018,15:36:46
14149,44,270,320,50,second,0,1,1,17,40,10-18-2018,15:36:46
14149,45,250,170,80,first,1,0,1,18,40,10-18-2018,15:36:46
14149,46,350,280,70,first,1,1,0,NA,40,10-18-2018,15:36:46
14149,47,280,220,60,first,1,1,0,NA,40,10-18-2018,15:36:46
14149,48,370,320,50,first,1,1,0,NA,40,10-18-2018,15:36:46
14149,49,240,280,40,second,1,1,0,NA,40,10-18-2018,15:36:46
14149,50,380,350,30,first,1,1,0,NA,40,10-18-2018,15:36:46
14149,51,350,330,20,first,1,1,0,NA,40,10-18-2018,15:36:46
14149,52,320,330,10,second,0,1,1,19,40,10-18-2018,15:36:46
14149,53,280,240,40,first,1,0,1,20,40,10-18-2018,15:36:46
14149,54,320,350,30,second,0,1,1,21,40,10-18-2018,15:36:46
14149,55,410,350,60,first,1,0,1,22,40,10-18-2018,15:36:46
14149,56,230,280,50,second,1,1,0,NA,40,10-18-2018,15:36:46
14149,57,320,280,40,first,1,1,0,NA,40,10-18-2018,15:36:46
14149,58,310,280,30,first,1,1,0,NA,40,10-18-2018,15:36:46
14149,59,230,250,20,second,1,1,0,NA,40,10-18-2018,15:36:46
14149,60,320,310,10,first,0,1,1,23,40,10-18-2018,15:36:46
14149,61,310,350,40,second,1,0,1,24,40,10-18-2018,15:36:46
14149,62,250,220,30,first,1,1,0,NA,40,10-18-2018,15:36:46
14149,63,300,320,20,second,0,1,1,25,40,10-18-2018,15:36:46
14149,64,400,350,50,first,1,0,1,26,40,10-18-2018,15:36:46
14153,1,280,180,100,first,1,NA,NA,NA,10,10-25-2018,10:02:53
14153,2,330,250,80,first,1,1,0,NA,10,10-25-2018,10:02:53
14153,3,280,220,60,first,1,1,0,NA,10,10-25-2018,10:02:53
14153,4,240,280,40,second,1,1,0,NA,10,10-25-2018,10:02:53
14153,5,250,230,20,first,1,1,0,NA,10,10-25-2018,10:02:53
14153,6,310,320,10,second,1,1,0,NA,10,10-25-2018,10:02:53
14153,7,350,340,10,first,1,1,0,NA,10,10-25-2018,10:02:53
14153,8,290,280,10,first,0,1,1,1,10,10-25-2018,10:02:53
14153,9,320,280,40,first,1,0,1,2,10,10-25-2018,10:02:53
14153,10,280,250,30,first,1,1,0,NA,10,10-25-2018,10:02:53
14153,11,330,350,20,second,1,1,0,NA,10,10-25-2018,10:02:53
14153,12,330,320,10,first,0,1,1,3,10,10-25-2018,10:02:53
14153,13,290,250,40,first,1,0,1,4,10,10-25-2018,10:02:53
14153,14,320,290,30,first,1,1,0,NA,10,10-25-2018,10:02:53
14153,15,250,230,20,first,1,1,0,NA,10,10-25-2018,10:02:53
14153,16,280,290,10,second,1,1,0,NA,10,10-25-2018,10:02:53
14153,17,350,360,10,second,1,1,0,NA,10,10-25-2018,10:02:53
14153,18,320,330,10,second,1,1,0,NA,10,10-25-2018,10:02:53
14153,19,240,250,10,second,1,1,0,NA,10,10-25-2018,10:02:53
14153,20,250,260,10,second,1,1,0,NA,10,10-25-2018,10:02:53
14153,21,240,250,10,second,0,1,1,5,10,10-25-2018,10:02:53
14153,22,290,250,40,first,0,0,0,NA,10,10-25-2018,10:02:53
14153,23,350,280,70,first,0,0,0,NA,10,10-25-2018,10:02:53
14153,24,280,380,100,second,1,0,1,6,10,10-25-2018,10:02:53
14153,25,440,350,90,first,0,1,1,7,10,10-25-2018,10:02:53
14153,26,400,280,120,first,1,0,1,8,10,10-25-2018,10:02:53
14153,27,350,240,110,first,1,1,0,NA,10,10-25-2018,10:02:53
14153,28,280,380,100,second,1,1,0,NA,10,10-25-2018,10:02:53
14153,29,410,320,90,first,1,1,0,NA,10,10-25-2018,10:02:53
14153,30,270,350,80,second,1,1,0,NA,10,10-25-2018,10:02:53
14153,31,350,420,70,second,1,1,0,NA,10,10-25-2018,10:02:53
14153,32,260,320,60,second,1,1,0,NA,10,10-25-2018,10:02:53
14153,33,200,250,50,second,1,1,0,NA,10,10-25-2018,10:02:53
14153,34,350,310,40,first,0,1,1,9,10,10-25-2018,10:02:53
14153,35,250,320,70,second,0,0,0,NA,10,10-25-2018,10:02:53
14153,36,180,280,100,second,1,0,1,10,10,10-25-2018,10:02:53
14153,37,410,320,90,first,1,1,0,NA,10,10-25-2018,10:02:53
14153,38,360,280,80,first,1,1,0,NA,10,10-25-2018,10:02:53
14153,39,350,280,70,first,1,1,0,NA,10,10-25-2018,10:02:53
14153,40,410,350,60,first,1,1,0,NA,10,10-25-2018,10:02:53
14153,41,300,350,50,second,1,1,0,NA,10,10-25-2018,10:02:53
14153,42,360,320,40,first,1,1,0,NA,10,10-25-2018,10:02:53
14153,43,250,220,30,first,1,1,0,NA,10,10-25-2018,10:02:53
14153,44,280,260,20,first,1,1,0,NA,10,10-25-2018,10:02:53
14153,45,310,320,10,second,0,1,1,11,10,10-25-2018,10:02:53
14153,46,280,320,40,second,1,0,1,12,10,10-25-2018,10:02:53
14153,47,320,350,30,second,0,1,1,13,10,10-25-2018,10:02:53
14153,48,280,340,60,second,1,0,1,14,10,10-25-2018,10:02:53
14153,49,320,270,50,first,1,1,0,NA,10,10-25-2018,10:02:53
14153,50,320,280,40,first,1,1,0,NA,10,10-25-2018,10:02:53
14153,51,250,220,30,first,1,1,0,NA,10,10-25-2018,10:02:53
14153,52,370,350,20,first,0,1,1,15,10,10-25-2018,10:02:53
14153,53,400,350,50,first,1,0,1,16,10,10-25-2018,10:02:53
14153,54,320,360,40,second,1,1,0,NA,10,10-25-2018,10:02:53
14153,55,320,350,30,second,1,1,0,NA,10,10-25-2018,10:02:53
14153,56,260,280,20,second,0,1,1,17,10,10-25-2018,10:02:53
14153,57,250,300,50,second,1,0,1,18,10,10-25-2018,10:02:53
14153,58,350,390,40,second,1,1,0,NA,10,10-25-2018,10:02:53
14153,59,280,250,30,first,1,1,0,NA,10,10-25-2018,10:02:53
14153,60,230,250,20,second,0,1,1,19,10,10-25-2018,10:02:53
14153,61,250,300,50,second,1,0,1,20,10,10-25-2018,10:02:53
14153,62,240,280,40,second,1,1,0,NA,10,10-25-2018,10:02:53
14153,63,350,380,30,second,1,1,0,NA,10,10-25-2018,10:02:53
14153,64,330,350,20,second,1,1,0,NA,10,10-25-2018,10:02:53
14169,1,420,320,100,first,1,NA,NA,NA,20,09-05-2018,16:06:20
14169,2,280,360,80,second,1,1,0,NA,20,09-05-2018,16:06:20
14169,3,280,220,60,first,1,1,0,NA,20,09-05-2018,16:06:20
14169,4,350,310,40,first,1,1,0,NA,20,09-05-2018,16:06:20
14169,5,370,350,20,first,1,1,0,NA,20,09-05-2018,16:06:20
14169,6,320,330,10,second,1,1,0,NA,20,09-05-2018,16:06:20
14169,7,290,280,10,first,1,1,0,NA,20,09-05-2018,16:06:20
14169,8,350,340,10,first,0,1,1,1,20,09-05-2018,16:06:20
14169,9,280,320,40,second,1,0,1,2,20,09-05-2018,16:06:20
14169,10,350,320,30,first,1,1,0,NA,20,09-05-2018,16:06:20
14169,11,230,250,20,second,1,1,0,NA,20,09-05-2018,16:06:20
14169,12,320,310,10,first,1,1,0,NA,20,09-05-2018,16:06:20
14169,13,280,270,10,first,0,1,1,3,20,09-05-2018,16:06:20
14169,14,280,320,40,second,1,0,1,4,20,09-05-2018,16:06:20
14169,15,250,280,30,second,1,1,0,NA,20,09-05-2018,16:06:20
14169,16,300,320,20,second,1,1,0,NA,20,09-05-2018,16:06:20
14169,17,260,250,10,first,1,1,0,NA,20,09-05-2018,16:06:20
14169,18,280,290,10,second,1,1,0,NA,20,09-05-2018,16:06:20
14169,19,260,250,10,first,1,1,0,NA,20,09-05-2018,16:06:20
14169,20,250,240,10,first,0,1,1,5,20,09-05-2018,16:06:20
14169,21,320,360,40,second,1,0,1,6,20,09-05-2018,16:06:20
14169,22,290,320,30,second,1,1,0,NA,20,09-05-2018,16:06:20
14169,23,320,300,20,first,1,1,0,NA,20,09-05-2018,16:06:20
14169,24,280,270,10,first,0,1,1,7,20,09-05-2018,16:06:20
14169,25,390,350,40,first,1,0,1,8,20,09-05-2018,16:06:20
14169,26,310,280,30,first,1,1,0,NA,20,09-05-2018,16:06:20
14169,27,300,280,20,first,0,1,1,9,20,09-05-2018,16:06:20
14169,28,350,300,50,first,1,0,1,10,20,09-05-2018,16:06:20
14169,29,250,290,40,second,1,1,0,NA,20,09-05-2018,16:06:20
14169,30,320,350,30,second,1,1,0,NA,20,09-05-2018,16:06:20
14169,31,280,260,20,first,1,1,0,NA,20,09-05-2018,16:06:20
14169,32,330,320,10,first,1,1,0,NA,20,09-05-2018,16:06:20
14169,33,290,280,10,first,1,1,0,NA,20,09-05-2018,16:06:20
14169,34,320,310,10,first,0,1,1,11,20,09-05-2018,16:06:20
14169,35,250,290,40,second,1,0,1,12,20,09-05-2018,16:06:20
14169,36,380,350,30,first,0,1,1,13,20,09-05-2018,16:06:20
14169,37,320,380,60,second,1,0,1,14,20,09-05-2018,16:06:20
14169,38,320,370,50,second,1,1,0,NA,20,09-05-2018,16:06:20
14169,39,290,250,40,first,1,1,0,NA,20,09-05-2018,16:06:20
14169,40,320,290,30,first,0,1,1,15,20,09-05-2018,16:06:20
14169,41,190,250,60,second,1,0,1,16,20,09-05-2018,16:06:20
14169,42,370,320,50,first,0,1,1,17,20,09-05-2018,16:06:20
14169,43,430,350,80,first,1,0,1,18,20,09-05-2018,16:06:20
14169,44,250,180,70,first,1,1,0,NA,20,09-05-2018,16:06:20
14169,45,310,250,60,first,0,1,1,19,20,09-05-2018,16:06:20
14169,46,230,320,90,second,0,0,0,NA,20,09-05-2018,16:06:20
14169,47,350,470,120,second,1,0,1,20,20,09-05-2018,16:06:20
14169,48,240,350,110,second,0,1,1,21,20,09-05-2018,16:06:20
14169,49,250,110,140,first,1,0,1,22,20,09-05-2018,16:06:20
14169,50,220,350,130,second,1,1,0,NA,20,09-05-2018,16:06:20
14169,51,350,230,120,first,0,1,1,23,20,09-05-2018,16:06:20
14169,52,200,350,150,second,1,0,1,24,20,09-05-2018,16:06:20
14169,53,350,490,140,second,1,1,0,NA,20,09-05-2018,16:06:20
14169,54,250,380,130,second,1,1,0,NA,20,09-05-2018,16:06:20
14169,55,350,470,120,second,1,1,0,NA,20,09-05-2018,16:06:20
14169,56,350,460,110,second,1,1,0,NA,20,09-05-2018,16:06:20
14169,57,150,250,100,second,1,1,0,NA,20,09-05-2018,16:06:20
14169,58,250,340,90,second,1,1,0,NA,20,09-05-2018,16:06:20
14169,59,170,250,80,second,1,1,0,NA,20,09-05-2018,16:06:20
14169,60,210,280,70,second,1,1,0,NA,20,09-05-2018,16:06:20
14169,61,220,280,60,second,1,1,0,NA,20,09-05-2018,16:06:20
14169,62,230,280,50,second,1,1,0,NA,20,09-05-2018,16:06:20
14169,63,250,210,40,first,1,1,0,NA,20,09-05-2018,16:06:20
14169,64,280,310,30,second,1,1,0,NA,20,09-05-2018,16:06:20
14173,1,250,350,100,second,1,NA,NA,NA,90,10-16-2018,10:07:11
14173,2,320,240,80,first,1,1,0,NA,90,10-16-2018,10:07:11
14173,3,250,310,60,second,1,1,0,NA,90,10-16-2018,10:07:11
14173,4,390,350,40,first,0,1,1,1,90,10-16-2018,10:07:11
14173,5,280,180,100,first,1,0,1,2,90,10-16-2018,10:07:11
14173,6,280,360,80,second,1,1,0,NA,90,10-16-2018,10:07:11
14173,7,280,220,60,first,1,1,0,NA,90,10-16-2018,10:07:11
14173,8,270,320,50,second,0,1,1,3,90,10-16-2018,10:07:11
14173,9,270,350,80,second,1,0,1,4,90,10-16-2018,10:07:11
14173,10,320,390,70,second,1,1,0,NA,90,10-16-2018,10:07:11
14173,11,250,190,60,first,1,1,0,NA,90,10-16-2018,10:07:11
14173,12,350,300,50,first,1,1,0,NA,90,10-16-2018,10:07:11
14173,13,360,320,40,first,1,1,0,NA,90,10-16-2018,10:07:11
14173,14,350,320,30,first,1,1,0,NA,90,10-16-2018,10:07:11
14173,15,300,320,20,second,0,1,1,5,90,10-16-2018,10:07:11
14173,16,320,370,50,second,1,0,1,6,90,10-16-2018,10:07:11
14173,17,320,360,40,second,1,1,0,NA,90,10-16-2018,10:07:11
14173,18,350,320,30,first,1,1,0,NA,90,10-16-2018,10:07:11
14173,19,280,260,20,first,0,1,1,7,90,10-16-2018,10:07:11
14173,20,200,250,50,second,1,0,1,8,90,10-16-2018,10:07:11
14173,21,320,280,40,first,1,1,0,NA,90,10-16-2018,10:07:11
14173,22,380,350,30,first,1,1,0,NA,90,10-16-2018,10:07:11
14173,23,350,370,20,second,1,1,0,NA,90,10-16-2018,10:07:11
14173,24,340,350,10,second,1,1,0,NA,90,10-16-2018,10:07:11
14173,25,270,280,10,second,0,1,1,9,90,10-16-2018,10:07:11
14173,26,350,310,40,first,1,0,1,10,90,10-16-2018,10:07:11
14173,27,290,320,30,second,1,1,0,NA,90,10-16-2018,10:07:11
14173,28,230,250,20,second,1,1,0,NA,90,10-16-2018,10:07:11
14173,29,320,310,10,first,0,1,1,11,90,10-16-2018,10:07:11
14173,30,350,390,40,second,1,0,1,12,90,10-16-2018,10:07:11
14173,31,280,250,30,first,1,1,0,NA,90,10-16-2018,10:07:11
14173,32,280,300,20,second,0,1,1,13,90,10-16-2018,10:07:11
14173,33,200,250,50,second,1,0,1,14,90,10-16-2018,10:07:11
14173,34,320,360,40,second,1,1,0,NA,90,10-16-2018,10:07:11
14173,35,280,250,30,first,1,1,0,NA,90,10-16-2018,10:07:11
14173,36,350,370,20,second,1,1,0,NA,90,10-16-2018,10:07:11
14173,37,250,240,10,first,0,1,1,15,90,10-16-2018,10:07:11
14173,38,280,320,40,second,0,0,0,NA,90,10-16-2018,10:07:11
14173,39,420,350,70,first,0,0,0,NA,90,10-16-2018,10:07:11
14173,40,250,350,100,second,1,0,1,16,90,10-16-2018,10:07:11
14173,41,260,350,90,second,1,1,0,NA,90,10-16-2018,10:07:11
14173,42,320,240,80,first,1,1,0,NA,90,10-16-2018,10:07:11
14173,43,350,280,70,first,1,1,0,NA,90,10-16-2018,10:07:11
14173,44,220,280,60,second,1,1,0,NA,90,10-16-2018,10:07:11
14173,45,350,300,50,first,1,1,0,NA,90,10-16-2018,10:07:11
14173,46,280,240,40,first,1,1,0,NA,90,10-16-2018,10:07:11
14173,47,250,280,30,second,1,1,0,NA,90,10-16-2018,10:07:11
14173,48,250,230,20,first,1,1,0,NA,90,10-16-2018,10:07:11
14173,49,250,260,10,second,0,1,1,17,90,10-16-2018,10:07:11
14173,50,390,350,40,first,0,0,0,NA,90,10-16-2018,10:07:11
14173,51,390,320,70,first,1,0,1,18,90,10-16-2018,10:07:11
14173,52,350,410,60,second,1,1,0,NA,90,10-16-2018,10:07:11
14173,53,350,300,50,first,1,1,0,NA,90,10-16-2018,10:07:11
14173,54,280,320,40,second,1,1,0,NA,90,10-16-2018,10:07:11
14173,55,310,280,30,first,0,1,1,19,90,10-16-2018,10:07:11
14173,56,220,280,60,second,1,0,1,20,90,10-16-2018,10:07:11
14173,57,320,270,50,first,1,1,0,NA,90,10-16-2018,10:07:11
14173,58,290,250,40,first,1,1,0,NA,90,10-16-2018,10:07:11
14173,59,250,220,30,first,1,1,0,NA,90,10-16-2018,10:07:11
14173,60,300,280,20,first,0,1,1,21,90,10-16-2018,10:07:11
14173,61,200,250,50,second,0,0,0,NA,90,10-16-2018,10:07:11
14173,62,330,250,80,first,1,0,1,22,90,10-16-2018,10:07:11
14173,63,280,350,70,second,1,1,0,NA,90,10-16-2018,10:07:11
14173,64,260,320,60,second,0,1,1,23,90,10-16-2018,10:07:11
14179,1,380,280,100,first,1,NA,NA,NA,40,11-06-2018,10:06:18
14179,2,170,250,80,second,1,1,0,NA,40,11-06-2018,10:06:18
14179,3,350,290,60,first,1,1,0,NA,40,11-06-2018,10:06:18
14179,4,250,210,40,first,1,1,0,NA,40,11-06-2018,10:06:18
14179,5,340,320,20,first,1,1,0,NA,40,11-06-2018,10:06:18
14179,6,330,320,10,first,1,1,0,NA,40,11-06-2018,10:06:18
14179,7,350,360,10,second,1,1,0,NA,40,11-06-2018,10:06:18
14179,8,260,250,10,first,1,1,0,NA,40,11-06-2018,10:06:18
14179,9,280,270,10,first,1,1,0,NA,40,11-06-2018,10:06:18
14179,10,330,320,10,first,1,1,0,NA,40,11-06-2018,10:06:18
14179,11,250,240,10,first,0,1,1,1,40,11-06-2018,10:06:18
14179,12,350,310,40,first,1,0,1,2,40,11-06-2018,10:06:18
14179,13,280,250,30,first,1,1,0,NA,40,11-06-2018,10:06:18
14179,14,230,250,20,second,1,1,0,NA,40,11-06-2018,10:06:18
14179,15,320,310,10,first,1,1,0,NA,40,11-06-2018,10:06:18
14179,16,270,280,10,second,0,1,1,3,40,11-06-2018,10:06:18
14179,17,250,210,40,first,0,0,0,NA,40,11-06-2018,10:06:18
14179,18,250,320,70,second,0,0,0,NA,40,11-06-2018,10:06:18
14179,19,320,420,100,second,1,0,1,4,40,11-06-2018,10:06:18
14179,20,250,340,90,second,1,1,0,NA,40,11-06-2018,10:06:18
14179,21,330,250,80,first,1,1,0,NA,40,11-06-2018,10:06:18
14179,22,250,320,70,second,1,1,0,NA,40,11-06-2018,10:06:18
14179,23,280,340,60,second,1,1,0,NA,40,11-06-2018,10:06:18
14179,24,280,230,50,first,1,1,0,NA,40,11-06-2018,10:06:18
14179,25,240,280,40,second,1,1,0,NA,40,11-06-2018,10:06:18
14179,26,350,380,30,second,1,1,0,NA,40,11-06-2018,10:06:18
14179,27,330,350,20,second,0,1,1,5,40,11-06-2018,10:06:18
14179,28,320,270,50,first,0,0,0,NA,40,11-06-2018,10:06:18
14179,29,430,350,80,first,1,0,1,6,40,11-06-2018,10:06:18
14179,30,180,250,70,second,1,1,0,NA,40,11-06-2018,10:06:18
14179,31,280,220,60,first,1,1,0,NA,40,11-06-2018,10:06:18
14179,32,320,270,50,first,1,1,0,NA,40,11-06-2018,10:06:18
14179,33,280,320,40,second,0,1,1,7,40,11-06-2018,10:06:18
14179,34,320,390,70,second,1,0,1,8,40,11-06-2018,10:06:18
14179,35,290,350,60,second,1,1,0,NA,40,11-06-2018,10:06:18
14179,36,370,320,50,first,0,1,1,9,40,11-06-2018,10:06:18
14179,37,280,360,80,second,1,0,1,10,40,11-06-2018,10:06:18
14179,38,350,420,70,second,1,1,0,NA,40,11-06-2018,10:06:18
14179,39,410,350,60,first,1,1,0,NA,40,11-06-2018,10:06:18
14179,40,250,300,50,second,1,1,0,NA,40,11-06-2018,10:06:18
14179,41,350,310,40,first,1,1,0,NA,40,11-06-2018,10:06:18
14179,42,350,320,30,first,1,1,0,NA,40,11-06-2018,10:06:18
14179,43,320,300,20,first,1,1,0,NA,40,11-06-2018,10:06:18
14179,44,320,330,10,second,0,1,1,11,40,11-06-2018,10:06:18
14179,45,320,280,40,first,1,0,1,12,40,11-06-2018,10:06:18
14179,46,320,350,30,second,1,1,0,NA,40,11-06-2018,10:06:18
14179,47,280,300,20,second,1,1,0,NA,40,11-06-2018,10:06:18
14179,48,320,330,10,second,0,1,1,13,40,11-06-2018,10:06:18
14179,49,390,350,40,first,1,0,1,14,40,11-06-2018,10:06:18
14179,50,220,250,30,second,0,1,1,15,40,11-06-2018,10:06:18
14179,51,250,190,60,first,1,0,1,16,40,11-06-2018,10:06:18
14179,52,230,280,50,second,1,1,0,NA,40,11-06-2018,10:06:18
14179,53,280,320,40,second,0,1,1,17,40,11-06-2018,10:06:18
14179,54,210,280,70,second,1,0,1,18,40,11-06-2018,10:06:18
14179,55,310,250,60,first,1,1,0,NA,40,11-06-2018,10:06:18
14179,56,300,350,50,second,0,1,1,19,40,11-06-2018,10:06:18
14179,57,240,320,80,second,1,0,1,20,40,11-06-2018,10:06:18
14179,58,250,320,70,second,1,1,0,NA,40,11-06-2018,10:06:18
14179,59,340,280,60,first,1,1,0,NA,40,11-06-2018,10:06:18
14179,60,330,280,50,first,1,1,0,NA,40,11-06-2018,10:06:18
14179,61,350,390,40,second,1,1,0,NA,40,11-06-2018,10:06:18
14179,62,250,280,30,second,1,1,0,NA,40,11-06-2018,10:06:18
14179,63,370,350,20,first,0,1,1,21,40,11-06-2018,10:06:18
14179,64,280,230,50,first,1,0,1,22,40,11-06-2018,10:06:18
14187,1,250,150,100,first,1,NA,NA,NA,40,08-16-2018,15:09:39
14187,2,350,430,80,second,1,1,0,NA,40,08-16-2018,15:09:39
14187,3,280,340,60,second,1,1,0,NA,40,08-16-2018,15:09:39
14187,4,240,280,40,second,1,1,0,NA,40,08-16-2018,15:09:39
14187,5,270,250,20,first,0,1,1,1,40,08-16-2018,15:09:39
14187,6,270,350,80,second,1,0,1,2,40,08-16-2018,15:09:39
14187,7,310,250,60,first,1,1,0,NA,40,08-16-2018,15:09:39
14187,8,250,300,50,second,1,1,0,NA,40,08-16-2018,15:09:39
14187,9,320,360,40,second,1,1,0,NA,40,08-16-2018,15:09:39
14187,10,250,280,30,second,0,1,1,3,40,08-16-2018,15:09:39
14187,11,310,250,60,first,1,0,1,4,40,08-16-2018,15:09:39
14187,12,250,300,50,second,1,1,0,NA,40,08-16-2018,15:09:39
14187,13,280,320,40,second,1,1,0,NA,40,08-16-2018,15:09:39
14187,14,350,320,30,first,1,1,0,NA,40,08-16-2018,15:09:39
14187,15,250,270,20,second,0,1,1,5,40,08-16-2018,15:09:39
14187,16,250,200,50,first,1,0,1,6,40,08-16-2018,15:09:39
14187,17,250,290,40,second,1,1,0,NA,40,08-16-2018,15:09:39
14187,18,320,350,30,second,1,1,0,NA,40,08-16-2018,15:09:39
14187,19,350,370,20,second,1,1,0,NA,40,08-16-2018,15:09:39
14187,20,360,350,10,first,1,1,0,NA,40,08-16-2018,15:09:39
14187,21,310,320,10,second,0,1,1,7,40,08-16-2018,15:09:39
14187,22,280,240,40,first,1,0,1,8,40,08-16-2018,15:09:39
14187,23,280,250,30,first,1,1,0,NA,40,08-16-2018,15:09:39
14187,24,300,280,20,first,1,1,0,NA,40,08-16-2018,15:09:39
14187,25,320,330,10,second,0,1,1,9,40,08-16-2018,15:09:39
14187,26,210,250,40,second,1,0,1,10,40,08-16-2018,15:09:39
14187,27,350,320,30,first,0,1,1,11,40,08-16-2018,15:09:39
14187,28,350,290,60,first,1,0,1,12,40,08-16-2018,15:09:39
14187,29,280,230,50,first,1,1,0,NA,40,08-16-2018,15:09:39
14187,30,210,250,40,second,1,1,0,NA,40,08-16-2018,15:09:39
14187,31,280,250,30,first,1,1,0,NA,40,08-16-2018,15:09:39
14187,32,320,300,20,first,1,1,0,NA,40,08-16-2018,15:09:39
14187,33,280,290,10,second,0,1,1,13,40,08-16-2018,15:09:39
14187,34,280,320,40,second,0,0,0,NA,40,08-16-2018,15:09:39
14187,35,320,250,70,first,1,0,1,14,40,08-16-2018,15:09:39
14187,36,280,340,60,second,0,1,1,15,40,08-16-2018,15:09:39
14187,37,370,280,90,first,1,0,1,16,40,08-16-2018,15:09:39
14187,38,320,400,80,second,1,1,0,NA,40,08-16-2018,15:09:39
14187,39,320,250,70,first,0,1,1,17,40,08-16-2018,15:09:39
14187,40,380,280,100,first,1,0,1,18,40,08-16-2018,15:09:39
14187,41,370,280,90,first,1,1,0,NA,40,08-16-2018,15:09:39
14187,42,350,430,80,second,1,1,0,NA,40,08-16-2018,15:09:39
14187,43,210,280,70,second,0,1,1,19,40,08-16-2018,15:09:39
14187,44,180,280,100,second,1,0,1,20,40,08-16-2018,15:09:39
14187,45,410,320,90,first,1,1,0,NA,40,08-16-2018,15:09:39
14187,46,270,350,80,second,1,1,0,NA,40,08-16-2018,15:09:39
14187,47,390,320,70,first,1,1,0,NA,40,08-16-2018,15:09:39
14187,48,350,290,60,first,0,1,1,21,40,08-16-2018,15:09:39
14187,49,280,370,90,second,1,0,1,22,40,08-16-2018,15:09:39
14187,50,270,350,80,second,1,1,0,NA,40,08-16-2018,15:09:39
14187,51,420,350,70,first,1,1,0,NA,40,08-16-2018,15:09:39
14187,52,320,260,60,first,1,1,0,NA,40,08-16-2018,15:09:39
14187,53,320,370,50,second,1,1,0,NA,40,08-16-2018,15:09:39
14187,54,350,310,40,first,1,1,0,NA,40,08-16-2018,15:09:39
14187,55,280,250,30,first,1,1,0,NA,40,08-16-2018,15:09:39
14187,56,350,370,20,second,1,1,0,NA,40,08-16-2018,15:09:39
14187,57,360,350,10,first,1,1,0,NA,40,08-16-2018,15:09:39
14187,58,350,340,10,first,1,1,0,NA,40,08-16-2018,15:09:39
14187,59,310,320,10,second,1,1,0,NA,40,08-16-2018,15:09:39
14187,60,240,250,10,second,0,1,1,23,40,08-16-2018,15:09:39
14187,61,390,350,40,first,0,0,0,NA,40,08-16-2018,15:09:39
14187,62,250,180,70,first,1,0,1,24,40,08-16-2018,15:09:39
14187,63,250,190,60,first,1,1,0,NA,40,08-16-2018,15:09:39
14187,64,200,250,50,second,1,1,0,NA,40,08-16-2018,15:09:39
14203,1,350,250,100,first,1,NA,NA,NA,100,10-22-2018,10:25:16
14203,2,320,400,80,second,1,1,0,NA,100,10-22-2018,10:25:16
14203,3,250,310,60,second,1,1,0,NA,100,10-22-2018,10:25:16
14203,4,250,290,40,second,0,1,1,1,100,10-22-2018,10:25:16
14203,5,280,180,100,first,1,0,1,2,100,10-22-2018,10:25:16
14203,6,430,350,80,first,0,1,1,3,100,10-22-2018,10:25:16
14203,7,180,320,140,second,1,0,1,4,100,10-22-2018,10:25:16
14203,8,380,250,130,first,1,1,0,NA,100,10-22-2018,10:25:16
14203,9,320,200,120,first,1,1,0,NA,100,10-22-2018,10:25:16
14203,10,320,210,110,first,0,1,1,5,100,10-22-2018,10:25:16
14203,11,250,390,140,second,1,0,1,6,100,10-22-2018,10:25:16
14203,12,410,280,130,first,1,1,0,NA,100,10-22-2018,10:25:16
14203,13,160,280,120,second,1,1,0,NA,100,10-22-2018,10:25:16
14203,14,210,320,110,second,1,1,0,NA,100,10-22-2018,10:25:16
14203,15,380,280,100,first,1,1,0,NA,100,10-22-2018,10:25:16
14203,16,250,160,90,first,1,1,0,NA,100,10-22-2018,10:25:16
14203,17,320,240,80,first,0,1,1,7,100,10-22-2018,10:25:16
14203,18,170,280,110,second,1,0,1,8,100,10-22-2018,10:25:16
14203,19,250,150,100,first,1,1,0,NA,100,10-22-2018,10:25:16
14203,20,350,440,90,second,1,1,0,NA,100,10-22-2018,10:25:16
14203,21,280,200,80,first,1,1,0,NA,100,10-22-2018,10:25:16
14203,22,390,320,70,first,1,1,0,NA,100,10-22-2018,10:25:16
14203,23,380,320,60,first,0,1,1,9,100,10-22-2018,10:25:16
14203,24,350,440,90,second,1,0,1,10,100,10-22-2018,10:25:16
14203,25,350,270,80,first,1,1,0,NA,100,10-22-2018,10:25:16
14203,26,320,250,70,first,1,1,0,NA,100,10-22-2018,10:25:16
14203,27,190,250,60,second,1,1,0,NA,100,10-22-2018,10:25:16
14203,28,300,350,50,second,1,1,0,NA,100,10-22-2018,10:25:16
14203,29,280,240,40,first,1,1,0,NA,100,10-22-2018,10:25:16
14203,30,320,350,30,second,1,1,0,NA,100,10-22-2018,10:25:16
14203,31,280,300,20,second,0,1,1,11,100,10-22-2018,10:25:16
14203,32,320,270,50,first,0,0,0,NA,100,10-22-2018,10:25:16
14203,33,200,280,80,second,0,0,0,NA,100,10-22-2018,10:25:16
14203,34,350,460,110,second,0,0,0,NA,100,10-22-2018,10:25:16
14203,35,180,320,140,second,1,0,1,12,100,10-22-2018,10:25:16
14203,36,450,320,130,first,1,1,0,NA,100,10-22-2018,10:25:16
14203,37,440,320,120,first,1,1,0,NA,100,10-22-2018,10:25:16
14203,38,280,170,110,first,1,1,0,NA,100,10-22-2018,10:25:16
14203,39,250,350,100,second,1,1,0,NA,100,10-22-2018,10:25:16
14203,40,340,250,90,first,0,1,1,13,100,10-22-2018,10:25:16
14203,41,370,250,120,first,1,0,1,14,100,10-22-2018,10:25:16
14203,42,280,390,110,second,0,1,1,15,100,10-22-2018,10:25:16
14203,43,110,250,140,second,1,0,1,16,100,10-22-2018,10:25:16
14203,44,320,450,130,second,1,1,0,NA,100,10-22-2018,10:25:16
14203,45,280,400,120,second,0,1,1,17,100,10-22-2018,10:25:16
14203,46,100,250,150,second,1,0,1,18,100,10-22-2018,10:25:16
14203,47,110,250,140,second,0,1,1,19,100,10-22-2018,10:25:16
14203,48,430,280,150,first,1,0,1,20,100,10-22-2018,10:25:16
14203,49,350,210,140,first,0,1,1,21,100,10-22-2018,10:25:16
14203,50,170,320,150,second,1,0,1,22,100,10-22-2018,10:25:16
14203,51,320,460,140,second,0,1,1,23,100,10-22-2018,10:25:16
14203,52,250,100,150,first,1,0,1,24,100,10-22-2018,10:25:16
14203,53,140,280,140,second,1,1,0,NA,100,10-22-2018,10:25:16
14203,54,350,220,130,first,1,1,0,NA,100,10-22-2018,10:25:16
14203,55,400,280,120,first,1,1,0,NA,100,10-22-2018,10:25:16
14203,56,320,430,110,second,1,1,0,NA,100,10-22-2018,10:25:16
14203,57,280,380,100,second,0,1,1,25,100,10-22-2018,10:25:16
14203,58,250,120,130,first,1,0,1,26,100,10-22-2018,10:25:16
14203,59,470,350,120,first,0,1,1,27,100,10-22-2018,10:25:16
14203,60,200,350,150,second,1,0,1,28,100,10-22-2018,10:25:16
14203,61,350,490,140,second,1,1,0,NA,100,10-22-2018,10:25:16
14203,62,480,350,130,first,1,1,0,NA,100,10-22-2018,10:25:16
14203,63,470,350,120,first,1,1,0,NA,100,10-22-2018,10:25:16
14203,64,250,360,110,second,1,1,0,NA,100,10-22-2018,10:25:16
14211,1,420,320,100,first,1,NA,NA,NA,30,10-01-2018,12:15:32
14211,2,350,270,80,first,1,1,0,NA,30,10-01-2018,12:15:32
14211,3,280,340,60,second,1,1,0,NA,30,10-01-2018,12:15:32
14211,4,250,290,40,second,1,1,0,NA,30,10-01-2018,12:15:32
14211,5,260,280,20,second,0,1,1,1,30,10-01-2018,12:15:32
14211,6,400,320,80,first,1,0,1,2,30,10-01-2018,12:15:32
14211,7,280,340,60,second,1,1,0,NA,30,10-01-2018,12:15:32
14211,8,350,300,50,first,1,1,0,NA,30,10-01-2018,12:15:32
14211,9,310,350,40,second,1,1,0,NA,30,10-01-2018,12:15:32
14211,10,280,310,30,second,0,1,1,3,30,10-01-2018,12:15:32
14211,11,260,320,60,second,0,0,0,NA,30,10-01-2018,12:15:32
14211,12,250,160,90,first,1,0,1,4,30,10-01-2018,12:15:32
14211,13,400,320,80,first,1,1,0,NA,30,10-01-2018,12:15:32
14211,14,350,280,70,first,1,1,0,NA,30,10-01-2018,12:15:32
14211,15,250,190,60,first,1,1,0,NA,30,10-01-2018,12:15:32
14211,16,320,370,50,second,1,1,0,NA,30,10-01-2018,12:15:32
14211,17,250,290,40,second,1,1,0,NA,30,10-01-2018,12:15:32
14211,18,280,250,30,first,1,1,0,NA,30,10-01-2018,12:15:32
14211,19,320,300,20,first,0,1,1,5,30,10-01-2018,12:15:32
14211,20,300,250,50,first,1,0,1,6,30,10-01-2018,12:15:32
14211,21,320,280,40,first,1,1,0,NA,30,10-01-2018,12:15:32
14211,22,290,320,30,second,1,1,0,NA,30,10-01-2018,12:15:32
14211,23,320,340,20,second,1,1,0,NA,30,10-01-2018,12:15:32
14211,24,270,280,10,second,1,1,0,NA,30,10-01-2018,12:15:32
14211,25,320,310,10,first,1,1,0,NA,30,10-01-2018,12:15:32
14211,26,280,270,10,first,1,1,0,NA,30,10-01-2018,12:15:32
14211,27,320,310,10,first,0,1,1,7,30,10-01-2018,12:15:32
14211,28,310,350,40,second,1,0,1,8,30,10-01-2018,12:15:32
14211,29,290,320,30,second,1,1,0,NA,30,10-01-2018,12:15:32
14211,30,350,370,20,second,1,1,0,NA,30,10-01-2018,12:15:32
14211,31,320,330,10,second,0,1,1,9,30,10-01-2018,12:15:32
14211,32,350,390,40,second,1,0,1,10,30,10-01-2018,12:15:32
14211,33,310,280,30,first,1,1,0,NA,30,10-01-2018,12:15:32
14211,34,280,260,20,first,1,1,0,NA,30,10-01-2018,12:15:32
14211,35,250,240,10,first,1,1,0,NA,30,10-01-2018,12:15:32
14211,36,330,320,10,first,1,1,0,NA,30,10-01-2018,12:15:32
14211,37,360,350,10,first,1,1,0,NA,30,10-01-2018,12:15:32
14211,38,350,360,10,second,0,1,1,11,30,10-01-2018,12:15:32
14211,39,290,250,40,first,1,0,1,12,30,10-01-2018,12:15:32
14211,40,310,280,30,first,1,1,0,NA,30,10-01-2018,12:15:32
14211,41,250,270,20,second,1,1,0,NA,30,10-01-2018,12:15:32
14211,42,270,280,10,second,1,1,0,NA,30,10-01-2018,12:15:32
14211,43,360,350,10,first,0,1,1,13,30,10-01-2018,12:15:32
14211,44,210,250,40,second,0,0,0,NA,30,10-01-2018,12:15:32
14211,45,350,420,70,second,0,0,0,NA,30,10-01-2018,12:15:32
14211,46,280,180,100,first,1,0,1,14,30,10-01-2018,12:15:32
14211,47,230,320,90,second,1,1,0,NA,30,10-01-2018,12:15:32
14211,48,430,350,80,first,1,1,0,NA,30,10-01-2018,12:15:32
14211,49,250,320,70,second,1,1,0,NA,30,10-01-2018,12:15:32
14211,50,310,250,60,first,1,1,0,NA,30,10-01-2018,12:15:32
14211,51,400,350,50,first,0,1,1,15,30,10-01-2018,12:15:32
14211,52,200,280,80,second,1,0,1,16,30,10-01-2018,12:15:32
14211,53,320,390,70,second,0,1,1,17,30,10-01-2018,12:15:32
14211,54,250,350,100,second,1,0,1,18,30,10-01-2018,12:15:32
14211,55,280,190,90,first,1,1,0,NA,30,10-01-2018,12:15:32
14211,56,170,250,80,second,1,1,0,NA,30,10-01-2018,12:15:32
14211,57,350,280,70,first,1,1,0,NA,30,10-01-2018,12:15:32
14211,58,190,250,60,second,1,1,0,NA,30,10-01-2018,12:15:32
14211,59,350,300,50,first,1,1,0,NA,30,10-01-2018,12:15:32
14211,60,320,280,40,first,1,1,0,NA,30,10-01-2018,12:15:32
14211,61,220,250,30,second,1,1,0,NA,30,10-01-2018,12:15:32
14211,62,280,300,20,second,1,1,0,NA,30,10-01-2018,12:15:32
14211,63,340,350,10,second,0,1,1,19,30,10-01-2018,12:15:32
14211,64,250,210,40,first,1,0,1,20,30,10-01-2018,12:15:32
14221,1,450,350,100,first,1,NA,NA,NA,20,10-03-2018,13:58:10
14221,2,280,200,80,first,1,1,0,NA,20,10-03-2018,13:58:10
14221,3,310,250,60,first,1,1,0,NA,20,10-03-2018,13:58:10
14221,4,350,310,40,first,1,1,0,NA,20,10-03-2018,13:58:10
14221,5,260,280,20,second,1,1,0,NA,20,10-03-2018,13:58:10
14221,6,250,260,10,second,0,1,1,1,20,10-03-2018,13:58:10
14221,7,320,250,70,first,1,0,1,2,20,10-03-2018,13:58:10
14221,8,250,190,60,first,1,1,0,NA,20,10-03-2018,13:58:10
14221,9,300,350,50,second,1,1,0,NA,20,10-03-2018,13:58:10
14221,10,320,360,40,second,1,1,0,NA,20,10-03-2018,13:58:10
14221,11,350,320,30,first,0,1,1,3,20,10-03-2018,13:58:10
14221,12,320,260,60,first,1,0,1,4,20,10-03-2018,13:58:10
14221,13,350,300,50,first,1,1,0,NA,20,10-03-2018,13:58:10
14221,14,350,390,40,second,1,1,0,NA,20,10-03-2018,13:58:10
14221,15,220,250,30,second,0,1,1,5,20,10-03-2018,13:58:10
14221,16,250,310,60,second,1,0,1,6,20,10-03-2018,13:58:10
14221,17,280,230,50,first,1,1,0,NA,20,10-03-2018,13:58:10
14221,18,280,320,40,second,1,1,0,NA,20,10-03-2018,13:58:10
14221,19,380,350,30,first,0,1,1,7,20,10-03-2018,13:58:10
14221,20,350,410,60,second,1,0,1,8,20,10-03-2018,13:58:10
14221,21,320,370,50,second,1,1,0,NA,20,10-03-2018,13:58:10
14221,22,350,310,40,first,1,1,0,NA,20,10-03-2018,13:58:10
14221,23,250,280,30,second,0,1,1,9,20,10-03-2018,13:58:10
14221,24,260,320,60,second,1,0,1,10,20,10-03-2018,13:58:10
14221,25,320,370,50,second,1,1,0,NA,20,10-03-2018,13:58:10
14221,26,360,320,40,first,1,1,0,NA,20,10-03-2018,13:58:10
14221,27,350,320,30,first,1,1,0,NA,20,10-03-2018,13:58:10
14221,28,250,270,20,second,0,1,1,11,20,10-03-2018,13:58:10
14221,29,300,250,50,first,1,0,1,12,20,10-03-2018,13:58:10
14221,30,240,280,40,second,1,1,0,NA,20,10-03-2018,13:58:10
14221,31,320,350,30,second,1,1,0,NA,20,10-03-2018,13:58:10
14221,32,320,300,20,first,0,1,1,13,20,10-03-2018,13:58:10
14221,33,300,350,50,second,1,0,1,14,20,10-03-2018,13:58:10
14221,34,290,250,40,first,1,1,0,NA,20,10-03-2018,13:58:10
14221,35,280,250,30,first,1,1,0,NA,20,10-03-2018,13:58:10
14221,36,300,280,20,first,1,1,0,NA,20,10-03-2018,13:58:10
14221,37,290,280,10,first,1,1,0,NA,20,10-03-2018,13:58:10
14221,38,280,270,10,first,1,1,0,NA,20,10-03-2018,13:58:10
14221,39,250,240,10,first,1,1,0,NA,20,10-03-2018,13:58:10
14221,40,340,350,10,second,1,1,0,NA,20,10-03-2018,13:58:10
14221,41,280,290,10,second,1,1,0,NA,20,10-03-2018,13:58:10
14221,42,280,270,10,first,1,1,0,NA,20,10-03-2018,13:58:10
14221,43,280,290,10,second,1,1,0,NA,20,10-03-2018,13:58:10
14221,44,340,350,10,second,0,1,1,15,20,10-03-2018,13:58:10
14221,45,280,320,40,second,1,0,1,16,20,10-03-2018,13:58:10
14221,46,220,250,30,second,1,1,0,NA,20,10-03-2018,13:58:10
14221,47,370,350,20,first,1,1,0,NA,20,10-03-2018,13:58:10
14221,48,250,240,10,first,1,1,0,NA,20,10-03-2018,13:58:10
14221,49,240,250,10,second,0,1,1,17,20,10-03-2018,13:58:10
14221,50,210,250,40,second,1,0,1,18,20,10-03-2018,13:58:10
14221,51,310,280,30,first,1,1,0,NA,20,10-03-2018,13:58:10
14221,52,340,320,20,first,0,1,1,19,20,10-03-2018,13:58:10
14221,53,350,400,50,second,1,0,1,20,20,10-03-2018,13:58:10
14221,54,320,280,40,first,1,1,0,NA,20,10-03-2018,13:58:10
14221,55,250,220,30,first,1,1,0,NA,20,10-03-2018,13:58:10
14221,56,280,300,20,second,1,1,0,NA,20,10-03-2018,13:58:10
14221,57,350,360,10,second,0,1,1,21,20,10-03-2018,13:58:10
14221,58,360,320,40,first,1,0,1,22,20,10-03-2018,13:58:10
14221,59,380,350,30,first,1,1,0,NA,20,10-03-2018,13:58:10
14221,60,300,320,20,second,1,1,0,NA,20,10-03-2018,13:58:10
14221,61,310,320,10,second,1,1,0,NA,20,10-03-2018,13:58:10
14221,62,270,280,10,second,0,1,1,23,20,10-03-2018,13:58:10
14221,63,320,280,40,first,1,0,1,24,20,10-03-2018,13:58:10
14221,64,250,280,30,second,1,1,0,NA,20,10-03-2018,13:58:10
14223,1,220,320,100,second,1,NA,NA,NA,140,10-03-2018,12:16:28
14223,2,250,330,80,second,1,1,0,NA,140,10-03-2018,12:16:28
14223,3,380,320,60,first,1,1,0,NA,140,10-03-2018,12:16:28
14223,4,210,250,40,second,0,1,1,1,140,10-03-2018,12:16:28
14223,5,420,320,100,first,1,0,1,2,140,10-03-2018,12:16:28
14223,6,170,250,80,second,1,1,0,NA,140,10-03-2018,12:16:28
14223,7,350,410,60,second,1,1,0,NA,140,10-03-2018,12:16:28
14223,8,280,330,50,second,1,1,0,NA,140,10-03-2018,12:16:28
14223,9,250,210,40,first,1,1,0,NA,140,10-03-2018,12:16:28
14223,10,280,250,30,first,1,1,0,NA,140,10-03-2018,12:16:28
14223,11,300,320,20,second,0,1,1,3,140,10-03-2018,12:16:28
14223,12,350,300,50,first,1,0,1,4,140,10-03-2018,12:16:28
14223,13,290,250,40,first,1,1,0,NA,140,10-03-2018,12:16:28
14223,14,380,350,30,first,1,1,0,NA,140,10-03-2018,12:16:28
14223,15,370,350,20,first,1,1,0,NA,140,10-03-2018,12:16:28
14223,16,250,260,10,second,0,1,1,5,140,10-03-2018,12:16:28
14223,17,320,280,40,first,1,0,1,6,140,10-03-2018,12:16:28
14223,18,280,310,30,second,0,1,1,7,140,10-03-2018,12:16:28
14223,19,320,380,60,second,0,0,0,NA,140,10-03-2018,12:16:28
14223,20,280,190,90,first,1,0,1,8,140,10-03-2018,12:16:28
14223,21,270,350,80,second,0,1,1,9,140,10-03-2018,12:16:28
14223,22,140,250,110,second,1,0,1,10,140,10-03-2018,12:16:28
14223,23,280,180,100,first,1,1,0,NA,140,10-03-2018,12:16:28
14223,24,410,320,90,first,0,1,1,11,140,10-03-2018,12:16:28
14223,25,320,440,120,second,0,0,0,NA,140,10-03-2018,12:16:28
14223,26,350,200,150,first,1,0,1,12,140,10-03-2018,12:16:28
14223,27,320,180,140,first,1,1,0,NA,140,10-03-2018,12:16:28
14223,28,150,280,130,second,0,1,1,13,140,10-03-2018,12:16:28
14223,29,250,100,150,first,1,0,1,14,140,10-03-2018,12:16:28
14223,30,320,460,140,second,0,1,1,15,140,10-03-2018,12:16:28
14223,31,280,130,150,first,1,0,1,16,140,10-03-2018,12:16:28
14223,32,250,110,140,first,1,1,0,NA,140,10-03-2018,12:16:28
14223,33,220,350,130,second,0,1,1,17,140,10-03-2018,12:16:28
14223,34,350,200,150,first,1,0,1,18,140,10-03-2018,12:16:28
14223,35,250,390,140,second,0,1,1,19,140,10-03-2018,12:16:28
14223,36,280,130,150,first,1,0,1,20,140,10-03-2018,12:16:28
14223,37,250,390,140,second,0,1,1,21,140,10-03-2018,12:16:28
14223,38,250,100,150,first,1,0,1,22,140,10-03-2018,12:16:28
14223,39,140,280,140,second,0,1,1,23,140,10-03-2018,12:16:28
14223,40,170,320,150,second,0,0,0,NA,140,10-03-2018,12:16:28
14223,41,280,430,150,second,0,0,0,NA,140,10-03-2018,12:16:28
14223,42,430,280,150,first,1,0,1,24,140,10-03-2018,12:16:28
14223,43,110,250,140,second,0,1,1,25,140,10-03-2018,12:16:28
14223,44,400,250,150,first,1,0,1,26,140,10-03-2018,12:16:28
14223,45,350,490,140,second,0,1,1,27,140,10-03-2018,12:16:28
14223,46,350,500,150,second,0,0,0,NA,140,10-03-2018,12:16:28
14223,47,280,430,150,second,0,0,0,NA,140,10-03-2018,12:16:28
14223,48,200,350,150,second,1,0,1,28,140,10-03-2018,12:16:28
14223,49,140,280,140,second,1,1,0,NA,140,10-03-2018,12:16:28
14223,50,380,250,130,first,1,1,0,NA,140,10-03-2018,12:16:28
14223,51,470,350,120,first,1,1,0,NA,140,10-03-2018,12:16:28
14223,52,350,460,110,second,0,1,1,29,140,10-03-2018,12:16:28
14223,53,320,180,140,first,1,0,1,30,140,10-03-2018,12:16:28
14223,54,190,320,130,second,0,1,1,31,140,10-03-2018,12:16:28
14223,55,320,470,150,second,0,0,0,NA,140,10-03-2018,12:16:28
14223,56,430,280,150,first,1,0,1,32,140,10-03-2018,12:16:28
14223,57,420,280,140,first,1,1,0,NA,140,10-03-2018,12:16:28
14223,58,450,320,130,first,0,1,1,33,140,10-03-2018,12:16:28
14223,59,320,170,150,first,1,0,1,34,140,10-03-2018,12:16:28
14223,60,490,350,140,first,1,1,0,NA,140,10-03-2018,12:16:28
14223,61,220,350,130,second,0,1,1,35,140,10-03-2018,12:16:28
14223,62,320,170,150,first,1,0,1,36,140,10-03-2018,12:16:28
14223,63,140,280,140,second,0,1,1,37,140,10-03-2018,12:16:28
14223,64,350,200,150,first,1,0,1,38,140,10-03-2018,12:16:28
14227,1,280,180,100,first,1,NA,NA,NA,20,08-14-2018,13:24:53
14227,2,250,170,80,first,1,1,0,NA,20,08-14-2018,13:24:53
14227,3,410,350,60,first,0,1,1,1,20,08-14-2018,13:24:53
14227,4,250,370,120,second,1,0,1,2,20,08-14-2018,13:24:53
14227,5,280,380,100,second,1,1,0,NA,20,08-14-2018,13:24:53
14227,6,350,270,80,first,1,1,0,NA,20,08-14-2018,13:24:53
14227,7,290,350,60,second,1,1,0,NA,20,08-14-2018,13:24:53
14227,8,320,270,50,first,1,1,0,NA,20,08-14-2018,13:24:53
14227,9,280,240,40,first,1,1,0,NA,20,08-14-2018,13:24:53
14227,10,280,250,30,first,1,1,0,NA,20,08-14-2018,13:24:53
14227,11,370,350,20,first,0,1,1,3,20,08-14-2018,13:24:53
14227,12,200,250,50,second,0,0,0,NA,20,08-14-2018,13:24:53
14227,13,270,350,80,second,1,0,1,4,20,08-14-2018,13:24:53
14227,14,280,210,70,first,1,1,0,NA,20,08-14-2018,13:24:53
14227,15,380,320,60,first,1,1,0,NA,20,08-14-2018,13:24:53
14227,16,300,250,50,first,1,1,0,NA,20,08-14-2018,13:24:53
14227,17,280,320,40,second,1,1,0,NA,20,08-14-2018,13:24:53
14227,18,350,380,30,second,1,1,0,NA,20,08-14-2018,13:24:53
14227,19,350,330,20,first,1,1,0,NA,20,08-14-2018,13:24:53
14227,20,250,260,10,second,1,1,0,NA,20,08-14-2018,13:24:53
14227,21,240,250,10,second,0,1,1,5,20,08-14-2018,13:24:53
14227,22,210,250,40,second,1,0,1,6,20,08-14-2018,13:24:53
14227,23,350,320,30,first,0,1,1,7,20,08-14-2018,13:24:53
14227,24,320,260,60,first,1,0,1,8,20,08-14-2018,13:24:53
14227,25,330,280,50,first,1,1,0,NA,20,08-14-2018,13:24:53
14227,26,250,210,40,first,1,1,0,NA,20,08-14-2018,13:24:53
14227,27,380,350,30,first,0,1,1,9,20,08-14-2018,13:24:53
14227,28,280,340,60,second,1,0,1,10,20,08-14-2018,13:24:53
14227,29,300,350,50,second,1,1,0,NA,20,08-14-2018,13:24:53
14227,30,320,280,40,first,1,1,0,NA,20,08-14-2018,13:24:53
14227,31,280,310,30,second,0,1,1,11,20,08-14-2018,13:24:53
14227,32,320,260,60,first,1,0,1,12,20,08-14-2018,13:24:53
14227,33,230,280,50,second,1,1,0,NA,20,08-14-2018,13:24:53
14227,34,320,280,40,first,1,1,0,NA,20,08-14-2018,13:24:53
14227,35,280,250,30,first,1,1,0,NA,20,08-14-2018,13:24:53
14227,36,340,320,20,first,1,1,0,NA,20,08-14-2018,13:24:53
14227,37,350,340,10,first,0,1,1,13,20,08-14-2018,13:24:53
14227,38,240,280,40,second,1,0,1,14,20,08-14-2018,13:24:53
14227,39,350,320,30,first,0,1,1,15,20,08-14-2018,13:24:53
14227,40,320,380,60,second,1,0,1,16,20,08-14-2018,13:24:53
14227,41,350,400,50,second,1,1,0,NA,20,08-14-2018,13:24:53
14227,42,320,360,40,second,1,1,0,NA,20,08-14-2018,13:24:53
14227,43,220,250,30,second,0,1,1,17,20,08-14-2018,13:24:53
14227,44,310,250,60,first,1,0,1,18,20,08-14-2018,13:24:53
14227,45,230,280,50,second,1,1,0,NA,20,08-14-2018,13:24:53
14227,46,350,390,40,second,1,1,0,NA,20,08-14-2018,13:24:53
14227,47,280,250,30,first,1,1,0,NA,20,08-14-2018,13:24:53
14227,48,320,340,20,second,1,1,0,NA,20,08-14-2018,13:24:53
14227,49,310,320,10,second,0,1,1,19,20,08-14-2018,13:24:53
14227,50,250,290,40,second,1,0,1,20,20,08-14-2018,13:24:53
14227,51,290,320,30,second,1,1,0,NA,20,08-14-2018,13:24:53
14227,52,260,280,20,second,1,1,0,NA,20,08-14-2018,13:24:53
14227,53,360,350,10,first,0,1,1,21,20,08-14-2018,13:24:53
14227,54,250,210,40,first,1,0,1,22,20,08-14-2018,13:24:53
14227,55,290,320,30,second,1,1,0,NA,20,08-14-2018,13:24:53
14227,56,350,370,20,second,1,1,0,NA,20,08-14-2018,13:24:53
14227,57,290,280,10,first,1,1,0,NA,20,08-14-2018,13:24:53
14227,58,290,280,10,first,0,1,1,23,20,08-14-2018,13:24:53
14227,59,320,360,40,second,1,0,1,24,20,08-14-2018,13:24:53
14227,60,290,320,30,second,1,1,0,NA,20,08-14-2018,13:24:53
14227,61,250,230,20,first,1,1,0,NA,20,08-14-2018,13:24:53
14227,62,350,340,10,first,0,1,1,25,20,08-14-2018,13:24:53
14227,63,310,350,40,second,1,0,1,26,20,08-14-2018,13:24:53
14227,64,250,280,30,second,1,1,0,NA,20,08-14-2018,13:24:53
14239,1,320,220,100,first,1,NA,NA,NA,60,10-10-2018,14:07:02
14239,2,320,240,80,first,1,1,0,NA,60,10-10-2018,14:07:02
14239,3,280,220,60,first,1,1,0,NA,60,10-10-2018,14:07:02
14239,4,280,320,40,second,1,1,0,NA,60,10-10-2018,14:07:02
14239,5,340,320,20,first,0,1,1,1,60,10-10-2018,14:07:02
14239,6,170,250,80,second,1,0,1,2,60,10-10-2018,14:07:02
14239,7,320,260,60,first,1,1,0,NA,60,10-10-2018,14:07:02
14239,8,300,250,50,first,0,1,1,3,60,10-10-2018,14:07:02
14239,9,430,350,80,first,1,0,1,4,60,10-10-2018,14:07:02
14239,10,350,420,70,second,1,1,0,NA,60,10-10-2018,14:07:02
14239,11,290,350,60,second,1,1,0,NA,60,10-10-2018,14:07:02
14239,12,270,320,50,second,1,1,0,NA,60,10-10-2018,14:07:02
14239,13,320,360,40,second,1,1,0,NA,60,10-10-2018,14:07:02
14239,14,220,250,30,second,1,1,0,NA,60,10-10-2018,14:07:02
14239,15,300,280,20,first,1,1,0,NA,60,10-10-2018,14:07:02
14239,16,320,330,10,second,1,1,0,NA,60,10-10-2018,14:07:02
14239,17,360,350,10,first,0,1,1,5,60,10-10-2018,14:07:02
14239,18,280,320,40,second,1,0,1,6,60,10-10-2018,14:07:02
14239,19,250,280,30,second,1,1,0,NA,60,10-10-2018,14:07:02
14239,20,250,230,20,first,1,1,0,NA,60,10-10-2018,14:07:02
14239,21,310,320,10,second,0,1,1,7,60,10-10-2018,14:07:02
14239,22,280,240,40,first,1,0,1,8,60,10-10-2018,14:07:02
14239,23,250,280,30,second,0,1,1,9,60,10-10-2018,14:07:02
14239,24,340,280,60,first,1,0,1,10,60,10-10-2018,14:07:02
14239,25,270,320,50,second,1,1,0,NA,60,10-10-2018,14:07:02
14239,26,350,390,40,second,0,1,1,11,60,10-10-2018,14:07:02
14239,27,350,280,70,first,1,0,1,12,60,10-10-2018,14:07:02
14239,28,280,220,60,first,1,1,0,NA,60,10-10-2018,14:07:02
14239,29,250,200,50,first,1,1,0,NA,60,10-10-2018,14:07:02
14239,30,280,320,40,second,0,1,1,13,60,10-10-2018,14:07:02
14239,31,210,280,70,second,1,0,1,14,60,10-10-2018,14:07:02
14239,32,280,340,60,second,1,1,0,NA,60,10-10-2018,14:07:02
14239,33,350,400,50,second,1,1,0,NA,60,10-10-2018,14:07:02
14239,34,320,280,40,first,1,1,0,NA,60,10-10-2018,14:07:02
14239,35,250,280,30,second,0,1,1,15,60,10-10-2018,14:07:02
14239,36,190,250,60,second,1,0,1,16,60,10-10-2018,14:07:02
14239,37,300,250,50,first,1,1,0,NA,60,10-10-2018,14:07:02
14239,38,320,360,40,second,1,1,0,NA,60,10-10-2018,14:07:02
14239,39,250,280,30,second,1,1,0,NA,60,10-10-2018,14:07:02
14239,40,350,330,20,first,1,1,0,NA,60,10-10-2018,14:07:02
14239,41,240,250,10,second,1,1,0,NA,60,10-10-2018,14:07:02
14239,42,340,350,10,second,0,1,1,17,60,10-10-2018,14:07:02
14239,43,390,350,40,first,1,0,1,18,60,10-10-2018,14:07:02
14239,44,250,280,30,second,1,1,0,NA,60,10-10-2018,14:07:02
14239,45,350,370,20,second,0,1,1,19,60,10-10-2018,14:07:02
14239,46,250,200,50,first,0,0,0,NA,60,10-10-2018,14:07:02
14239,47,400,320,80,first,1,0,1,20,60,10-10-2018,14:07:02
14239,48,350,280,70,first,0,1,1,21,60,10-10-2018,14:07:02
14239,49,320,420,100,second,1,0,1,22,60,10-10-2018,14:07:02
14239,50,440,350,90,first,1,1,0,NA,60,10-10-2018,14:07:02
14239,51,330,250,80,first,1,1,0,NA,60,10-10-2018,14:07:02
14239,52,320,250,70,first,0,1,1,23,60,10-10-2018,14:07:02
14239,53,250,350,100,second,1,0,1,24,60,10-10-2018,14:07:02
14239,54,280,370,90,second,1,1,0,NA,60,10-10-2018,14:07:02
14239,55,250,170,80,first,1,1,0,NA,60,10-10-2018,14:07:02
14239,56,250,320,70,second,1,1,0,NA,60,10-10-2018,14:07:02
14239,57,340,280,60,first,1,1,0,NA,60,10-10-2018,14:07:02
14239,58,280,230,50,first,1,1,0,NA,60,10-10-2018,14:07:02
14239,59,360,320,40,first,0,1,1,25,60,10-10-2018,14:07:02
14239,60,350,280,70,first,1,0,1,26,60,10-10-2018,14:07:02
14239,61,380,320,60,first,1,1,0,NA,60,10-10-2018,14:07:02
14239,62,300,350,50,second,1,1,0,NA,60,10-10-2018,14:07:02
14239,63,350,310,40,first,1,1,0,NA,60,10-10-2018,14:07:02
14239,64,320,350,30,second,0,1,1,27,60,10-10-2018,14:07:02
14251,1,180,280,100,second,0,NA,NA,NA,150,11-28-2018,12:33:42
14251,2,170,320,150,second,1,0,1,1,150,11-28-2018,12:33:42
14251,3,220,350,130,second,1,1,0,NA,150,11-28-2018,12:33:42
14251,4,240,350,110,second,1,1,0,NA,150,11-28-2018,12:33:42
14251,5,230,320,90,second,1,1,0,NA,150,11-28-2018,12:33:42
14251,6,180,250,70,second,0,1,1,2,150,11-28-2018,12:33:42
14251,7,220,350,130,second,0,0,0,NA,150,11-28-2018,12:33:42
14251,8,320,170,150,first,0,0,0,NA,150,11-28-2018,12:33:42
14251,9,250,100,150,first,1,0,1,3,150,11-28-2018,12:33:42
14251,10,280,140,140,first,0,1,1,4,150,11-28-2018,12:33:42
14251,11,130,280,150,second,0,0,0,NA,150,11-28-2018,12:33:42
14251,12,320,170,150,first,1,0,1,5,150,11-28-2018,12:33:42
14251,13,350,210,140,first,0,1,1,6,150,11-28-2018,12:33:42
14251,14,320,470,150,second,1,0,1,7,150,11-28-2018,12:33:42
14251,15,280,420,140,second,1,1,0,NA,150,11-28-2018,12:33:42
14251,16,350,480,130,second,1,1,0,NA,150,11-28-2018,12:33:42
14251,17,470,350,120,first,1,1,0,NA,150,11-28-2018,12:33:42
14251,18,350,240,110,first,1,1,0,NA,150,11-28-2018,12:33:42
14251,19,320,220,100,first,0,1,1,8,150,11-28-2018,12:33:42
14251,20,220,350,130,second,0,0,0,NA,150,11-28-2018,12:33:42
14251,21,170,320,150,second,1,0,1,9,150,11-28-2018,12:33:42
14251,22,320,180,140,first,0,1,1,10,150,11-28-2018,12:33:42
14251,23,250,100,150,first,0,0,0,NA,150,11-28-2018,12:33:42
14251,24,400,250,150,first,0,0,0,NA,150,11-28-2018,12:33:42
14251,25,280,430,150,second,1,0,1,11,150,11-28-2018,12:33:42
14251,26,280,140,140,first,0,1,1,12,150,11-28-2018,12:33:42
14251,27,430,280,150,first,0,0,0,NA,150,11-28-2018,12:33:42
14251,28,430,280,150,first,0,0,0,NA,150,11-28-2018,12:33:42
14251,29,100,250,150,second,1,0,1,13,150,11-28-2018,12:33:42
14251,30,350,210,140,first,0,1,1,14,150,11-28-2018,12:33:42
14251,31,250,100,150,first,0,0,0,NA,150,11-28-2018,12:33:42
14251,32,350,500,150,second,1,0,1,15,150,11-28-2018,12:33:42
14251,33,110,250,140,second,1,1,0,NA,150,11-28-2018,12:33:42
14251,34,410,280,130,first,0,1,1,16,150,11-28-2018,12:33:42
14251,35,280,430,150,second,0,0,0,NA,150,11-28-2018,12:33:42
14251,36,250,100,150,first,0,0,0,NA,150,11-28-2018,12:33:42
14251,37,400,250,150,first,0,0,0,NA,150,11-28-2018,12:33:42
14251,38,250,400,150,second,1,0,1,17,150,11-28-2018,12:33:42
14251,39,250,390,140,second,0,1,1,18,150,11-28-2018,12:33:42
14251,40,250,400,150,second,0,0,0,NA,150,11-28-2018,12:33:42
14251,41,470,320,150,first,1,0,1,19,150,11-28-2018,12:33:42
14251,42,490,350,140,first,0,1,1,20,150,11-28-2018,12:33:42
14251,43,470,320,150,first,0,0,0,NA,150,11-28-2018,12:33:42
14251,44,320,470,150,second,1,0,1,21,150,11-28-2018,12:33:42
14251,45,320,460,140,second,1,1,0,NA,150,11-28-2018,12:33:42
14251,46,350,480,130,second,1,1,0,NA,150,11-28-2018,12:33:42
14251,47,160,280,120,second,1,1,0,NA,150,11-28-2018,12:33:42
14251,48,280,390,110,second,1,1,0,NA,150,11-28-2018,12:33:42
14251,49,450,350,100,first,0,1,1,22,150,11-28-2018,12:33:42
14251,50,190,320,130,second,1,0,1,23,150,11-28-2018,12:33:42
14251,51,280,160,120,first,0,1,1,24,150,11-28-2018,12:33:42
14251,52,400,250,150,first,1,0,1,25,150,11-28-2018,12:33:42
14251,53,350,210,140,first,0,1,1,26,150,11-28-2018,12:33:42
14251,54,430,280,150,first,0,0,0,NA,150,11-28-2018,12:33:42
14251,55,100,250,150,second,1,0,1,27,150,11-28-2018,12:33:42
14251,56,390,250,140,first,0,1,1,28,150,11-28-2018,12:33:42
14251,57,470,320,150,first,0,0,0,NA,150,11-28-2018,12:33:42
14251,58,250,400,150,second,1,0,1,29,150,11-28-2018,12:33:42
14251,59,490,350,140,first,0,1,1,30,150,11-28-2018,12:33:42
14251,60,280,130,150,first,0,0,0,NA,150,11-28-2018,12:33:42
14251,61,470,320,150,first,0,0,0,NA,150,11-28-2018,12:33:42
14251,62,350,500,150,second,1,0,1,31,150,11-28-2018,12:33:42
14251,63,140,280,140,second,1,1,0,NA,150,11-28-2018,12:33:42
14251,64,320,450,130,second,0,1,1,32,150,11-28-2018,12:33:42
14255,1,150,250,100,second,1,NA,NA,NA,80,10-26-2018,15:55:36
14255,2,320,400,80,second,1,1,0,NA,80,10-26-2018,15:55:36
14255,3,320,260,60,first,1,1,0,NA,80,10-26-2018,15:55:36
14255,4,310,350,40,second,1,1,0,NA,80,10-26-2018,15:55:36
14255,5,300,320,20,second,0,1,1,1,80,10-26-2018,15:55:36
14255,6,360,280,80,first,1,0,1,2,80,10-26-2018,15:55:36
14255,7,250,190,60,first,1,1,0,NA,80,10-26-2018,15:55:36
14255,8,350,400,50,second,1,1,0,NA,80,10-26-2018,15:55:36
14255,9,350,390,40,second,1,1,0,NA,80,10-26-2018,15:55:36
14255,10,320,350,30,second,1,1,0,NA,80,10-26-2018,15:55:36
14255,11,320,300,20,first,1,1,0,NA,80,10-26-2018,15:55:36
14255,12,330,320,10,first,0,1,1,3,80,10-26-2018,15:55:36
14255,13,280,240,40,first,1,0,1,4,80,10-26-2018,15:55:36
14255,14,350,320,30,first,1,1,0,NA,80,10-26-2018,15:55:36
14255,15,300,280,20,first,1,1,0,NA,80,10-26-2018,15:55:36
14255,16,310,320,10,second,1,1,0,NA,80,10-26-2018,15:55:36
14255,17,310,320,10,second,1,1,0,NA,80,10-26-2018,15:55:36
14255,18,260,250,10,first,0,1,1,5,80,10-26-2018,15:55:36
14255,19,280,320,40,second,1,0,1,6,80,10-26-2018,15:55:36
14255,20,280,250,30,first,0,1,1,7,80,10-26-2018,15:55:36
14255,21,380,320,60,first,0,0,0,NA,80,10-26-2018,15:55:36
14255,22,320,410,90,second,1,0,1,8,80,10-26-2018,15:55:36
14255,23,280,200,80,first,0,1,1,9,80,10-26-2018,15:55:36
14255,24,240,350,110,second,1,0,1,10,80,10-26-2018,15:55:36
14255,25,420,320,100,first,0,1,1,11,80,10-26-2018,15:55:36
14255,26,220,350,130,second,1,0,1,12,80,10-26-2018,15:55:36
14255,27,320,200,120,first,1,1,0,NA,80,10-26-2018,15:55:36
14255,28,250,140,110,first,1,1,0,NA,80,10-26-2018,15:55:36
14255,29,350,250,100,first,1,1,0,NA,80,10-26-2018,15:55:36
14255,30,340,250,90,first,1,1,0,NA,80,10-26-2018,15:55:36
14255,31,170,250,80,second,1,1,0,NA,80,10-26-2018,15:55:36
14255,32,210,280,70,second,1,1,0,NA,80,10-26-2018,15:55:36
14255,33,290,350,60,second,1,1,0,NA,80,10-26-2018,15:55:36
14255,34,250,200,50,first,1,1,0,NA,80,10-26-2018,15:55:36
14255,35,240,280,40,second,1,1,0,NA,80,10-26-2018,15:55:36
14255,36,350,320,30,first,0,1,1,13,80,10-26-2018,15:55:36
14255,37,350,410,60,second,1,0,1,14,80,10-26-2018,15:55:36
14255,38,330,280,50,first,1,1,0,NA,80,10-26-2018,15:55:36
14255,39,250,290,40,second,1,1,0,NA,80,10-26-2018,15:55:36
14255,40,320,350,30,second,1,1,0,NA,80,10-26-2018,15:55:36
14255,41,280,300,20,second,1,1,0,NA,80,10-26-2018,15:55:36
14255,42,250,260,10,second,1,1,0,NA,80,10-26-2018,15:55:36
14255,43,270,280,10,second,1,1,0,NA,80,10-26-2018,15:55:36
14255,44,350,340,10,first,0,1,1,15,80,10-26-2018,15:55:36
14255,45,250,290,40,second,0,0,0,NA,80,10-26-2018,15:55:36
14255,46,250,180,70,first,1,0,1,16,80,10-26-2018,15:55:36
14255,47,410,350,60,first,1,1,0,NA,80,10-26-2018,15:55:36
14255,48,280,330,50,second,1,1,0,NA,80,10-26-2018,15:55:36
14255,49,280,320,40,second,1,1,0,NA,80,10-26-2018,15:55:36
14255,50,280,250,30,first,0,1,1,17,80,10-26-2018,15:55:36
14255,51,320,260,60,first,0,0,0,NA,80,10-26-2018,15:55:36
14255,52,280,190,90,first,1,0,1,18,80,10-26-2018,15:55:36
14255,53,350,270,80,first,0,1,1,19,80,10-26-2018,15:55:36
14255,54,460,350,110,first,1,0,1,20,80,10-26-2018,15:55:36
14255,55,450,350,100,first,0,1,1,21,80,10-26-2018,15:55:36
14255,56,150,280,130,second,1,0,1,22,80,10-26-2018,15:55:36
14255,57,470,350,120,first,1,1,0,NA,80,10-26-2018,15:55:36
14255,58,390,280,110,first,1,1,0,NA,80,10-26-2018,15:55:36
14255,59,280,380,100,second,1,1,0,NA,80,10-26-2018,15:55:36
14255,60,350,440,90,second,0,1,1,23,80,10-26-2018,15:55:36
14255,61,250,370,120,second,1,0,1,24,80,10-26-2018,15:55:36
14255,62,140,250,110,second,1,1,0,NA,80,10-26-2018,15:55:36
14255,63,150,250,100,second,1,1,0,NA,80,10-26-2018,15:55:36
14255,64,340,250,90,first,1,1,0,NA,80,10-26-2018,15:55:36
14259,1,250,150,100,first,1,NA,NA,NA,150,10-02-2018,16:11:08
14259,2,280,200,80,first,1,1,0,NA,150,10-02-2018,16:11:08
14259,3,250,310,60,second,1,1,0,NA,150,10-02-2018,16:11:08
14259,4,390,350,40,first,1,1,0,NA,150,10-02-2018,16:11:08
14259,5,250,270,20,second,0,1,1,1,150,10-02-2018,16:11:08
14259,6,250,330,80,second,1,0,1,2,150,10-02-2018,16:11:08
14259,7,280,340,60,second,1,1,0,NA,150,10-02-2018,16:11:08
14259,8,230,280,50,second,0,1,1,3,150,10-02-2018,16:11:08
14259,9,200,280,80,second,1,0,1,4,150,10-02-2018,16:11:08
14259,10,280,210,70,first,1,1,0,NA,150,10-02-2018,16:11:08
14259,11,320,380,60,second,0,1,1,5,150,10-02-2018,16:11:08
14259,12,320,230,90,first,1,0,1,6,150,10-02-2018,16:11:08
14259,13,430,350,80,first,1,1,0,NA,150,10-02-2018,16:11:08
14259,14,320,390,70,second,0,1,1,7,150,10-02-2018,16:11:08
14259,15,320,220,100,first,1,0,1,8,150,10-02-2018,16:11:08
14259,16,230,320,90,second,1,1,0,NA,150,10-02-2018,16:11:08
14259,17,350,270,80,first,1,1,0,NA,150,10-02-2018,16:11:08
14259,18,350,280,70,first,1,1,0,NA,150,10-02-2018,16:11:08
14259,19,280,220,60,first,1,1,0,NA,150,10-02-2018,16:11:08
14259,20,400,350,50,first,1,1,0,NA,150,10-02-2018,16:11:08
14259,21,320,280,40,first,1,1,0,NA,150,10-02-2018,16:11:08
14259,22,350,380,30,second,0,1,1,9,150,10-02-2018,16:11:08
14259,23,320,260,60,first,1,0,1,10,150,10-02-2018,16:11:08
14259,24,370,320,50,first,1,1,0,NA,150,10-02-2018,16:11:08
14259,25,250,290,40,second,0,1,1,11,150,10-02-2018,16:11:08
14259,26,280,350,70,second,0,0,0,NA,150,10-02-2018,16:11:08
14259,27,250,350,100,second,1,0,1,12,150,10-02-2018,16:11:08
14259,28,370,280,90,first,1,1,0,NA,150,10-02-2018,16:11:08
14259,29,170,250,80,second,1,1,0,NA,150,10-02-2018,16:11:08
14259,30,180,250,70,second,0,1,1,13,150,10-02-2018,16:11:08
14259,31,150,250,100,second,1,0,1,14,150,10-02-2018,16:11:08
14259,32,340,250,90,first,1,1,0,NA,150,10-02-2018,16:11:08
14259,33,270,350,80,second,1,1,0,NA,150,10-02-2018,16:11:08
14259,34,350,280,70,first,1,1,0,NA,150,10-02-2018,16:11:08
14259,35,320,260,60,first,1,1,0,NA,150,10-02-2018,16:11:08
14259,36,350,300,50,first,1,1,0,NA,150,10-02-2018,16:11:08
14259,37,350,390,40,second,0,1,1,15,150,10-02-2018,16:11:08
14259,38,350,280,70,first,1,0,1,16,150,10-02-2018,16:11:08
14259,39,220,280,60,second,1,1,0,NA,150,10-02-2018,16:11:08
14259,40,250,200,50,first,1,1,0,NA,150,10-02-2018,16:11:08
14259,41,250,210,40,first,1,1,0,NA,150,10-02-2018,16:11:08
14259,42,250,220,30,first,1,1,0,NA,150,10-02-2018,16:11:08
14259,43,270,250,20,first,1,1,0,NA,150,10-02-2018,16:11:08
14259,44,280,270,10,first,1,1,0,NA,150,10-02-2018,16:11:08
14259,45,290,280,10,first,1,1,0,NA,150,10-02-2018,16:11:08
14259,46,350,360,10,second,0,1,1,17,150,10-02-2018,16:11:08
14259,47,280,320,40,second,0,0,0,NA,150,10-02-2018,16:11:08
14259,48,390,320,70,first,1,0,1,18,150,10-02-2018,16:11:08
14259,49,260,320,60,second,0,1,1,19,150,10-02-2018,16:11:08
14259,50,260,350,90,second,0,0,0,NA,150,10-02-2018,16:11:08
14259,51,440,320,120,first,1,0,1,20,150,10-02-2018,16:11:08
14259,52,210,320,110,second,1,1,0,NA,150,10-02-2018,16:11:08
14259,53,220,320,100,second,1,1,0,NA,150,10-02-2018,16:11:08
14259,54,320,410,90,second,0,1,1,21,150,10-02-2018,16:11:08
14259,55,280,400,120,second,0,0,0,NA,150,10-02-2018,16:11:08
14259,56,500,350,150,first,1,0,1,22,150,10-02-2018,16:11:08
14259,57,280,420,140,second,0,1,1,23,150,10-02-2018,16:11:08
14259,58,130,280,150,second,1,0,1,24,150,10-02-2018,16:11:08
14259,59,390,250,140,first,1,1,0,NA,150,10-02-2018,16:11:08
14259,60,120,250,130,second,1,1,0,NA,150,10-02-2018,16:11:08
14259,61,350,470,120,second,0,1,1,25,150,10-02-2018,16:11:08
14259,62,400,250,150,first,1,0,1,26,150,10-02-2018,16:11:08
14259,63,320,460,140,second,1,1,0,NA,150,10-02-2018,16:11:08
14259,64,450,320,130,first,0,1,1,27,150,10-02-2018,16:11:08
14265,1,280,380,100,second,1,NA,NA,NA,40,11-27-2018,11:58:40
14265,2,250,330,80,second,1,1,0,NA,40,11-27-2018,11:58:40
14265,3,350,290,60,first,1,1,0,NA,40,11-27-2018,11:58:40
14265,4,360,320,40,first,1,1,0,NA,40,11-27-2018,11:58:40
14265,5,270,250,20,first,1,1,0,NA,40,11-27-2018,11:58:40
14265,6,270,280,10,second,0,1,1,1,40,11-27-2018,11:58:40
14265,7,180,250,70,second,1,0,1,2,40,11-27-2018,11:58:40
14265,8,320,380,60,second,1,1,0,NA,40,11-27-2018,11:58:40
14265,9,250,300,50,second,0,1,1,3,40,11-27-2018,11:58:40
14265,10,350,430,80,second,1,0,1,4,40,11-27-2018,11:58:40
14265,11,320,250,70,first,1,1,0,NA,40,11-27-2018,11:58:40
14265,12,290,350,60,second,1,1,0,NA,40,11-27-2018,11:58:40
14265,13,250,300,50,second,0,1,1,5,40,11-27-2018,11:58:40
14265,14,350,270,80,first,1,0,1,6,40,11-27-2018,11:58:40
14265,15,420,350,70,first,1,1,0,NA,40,11-27-2018,11:58:40
14265,16,350,410,60,second,1,1,0,NA,40,11-27-2018,11:58:40
14265,17,370,320,50,first,1,1,0,NA,40,11-27-2018,11:58:40
14265,18,280,240,40,first,1,1,0,NA,40,11-27-2018,11:58:40
14265,19,310,280,30,first,1,1,0,NA,40,11-27-2018,11:58:40
14265,20,320,340,20,second,1,1,0,NA,40,11-27-2018,11:58:40
14265,21,240,250,10,second,0,1,1,7,40,11-27-2018,11:58:40
14265,22,350,390,40,second,0,0,0,NA,40,11-27-2018,11:58:40
14265,23,280,350,70,second,1,0,1,8,40,11-27-2018,11:58:40
14265,24,280,220,60,first,1,1,0,NA,40,11-27-2018,11:58:40
14265,25,400,350,50,first,1,1,0,NA,40,11-27-2018,11:58:40
14265,26,250,210,40,first,1,1,0,NA,40,11-27-2018,11:58:40
14265,27,320,350,30,second,0,1,1,9,40,11-27-2018,11:58:40
14265,28,260,320,60,second,1,0,1,10,40,11-27-2018,11:58:40
14265,29,300,350,50,second,1,1,0,NA,40,11-27-2018,11:58:40
14265,30,280,320,40,second,1,1,0,NA,40,11-27-2018,11:58:40
14265,31,350,320,30,first,1,1,0,NA,40,11-27-2018,11:58:40
14265,32,320,300,20,first,1,1,0,NA,40,11-27-2018,11:58:40
14265,33,250,240,10,first,1,1,0,NA,40,11-27-2018,11:58:40
14265,34,240,250,10,second,0,1,1,11,40,11-27-2018,11:58:40
14265,35,310,350,40,second,1,0,1,12,40,11-27-2018,11:58:40
14265,36,280,310,30,second,1,1,0,NA,40,11-27-2018,11:58:40
14265,37,320,300,20,first,1,1,0,NA,40,11-27-2018,11:58:40
14265,38,350,360,10,second,0,1,1,13,40,11-27-2018,11:58:40
14265,39,280,320,40,second,0,0,0,NA,40,11-27-2018,11:58:40
14265,40,320,250,70,first,1,0,1,14,40,11-27-2018,11:58:40
14265,41,320,260,60,first,1,1,0,NA,40,11-27-2018,11:58:40
14265,42,320,370,50,second,1,1,0,NA,40,11-27-2018,11:58:40
14265,43,250,290,40,second,1,1,0,NA,40,11-27-2018,11:58:40
14265,44,250,280,30,second,0,1,1,15,40,11-27-2018,11:58:40
14265,45,340,280,60,first,1,0,1,16,40,11-27-2018,11:58:40
14265,46,370,320,50,first,1,1,0,NA,40,11-27-2018,11:58:40
14265,47,240,280,40,second,0,1,1,17,40,11-27-2018,11:58:40
14265,48,320,250,70,first,1,0,1,18,40,11-27-2018,11:58:40
14265,49,260,320,60,second,1,1,0,NA,40,11-27-2018,11:58:40
14265,50,280,230,50,first,1,1,0,NA,40,11-27-2018,11:58:40
14265,51,250,210,40,first,1,1,0,NA,40,11-27-2018,11:58:40
14265,52,220,250,30,second,0,1,1,19,40,11-27-2018,11:58:40
14265,53,410,350,60,first,1,0,1,20,40,11-27-2018,11:58:40
14265,54,250,200,50,first,1,1,0,NA,40,11-27-2018,11:58:40
14265,55,390,350,40,first,1,1,0,NA,40,11-27-2018,11:58:40
14265,56,290,320,30,second,1,1,0,NA,40,11-27-2018,11:58:40
14265,57,260,280,20,second,1,1,0,NA,40,11-27-2018,11:58:40
14265,58,290,280,10,first,1,1,0,NA,40,11-27-2018,11:58:40
14265,59,330,320,10,first,0,1,1,21,40,11-27-2018,11:58:40
14265,60,320,280,40,first,1,0,1,22,40,11-27-2018,11:58:40
14265,61,280,250,30,first,1,1,0,NA,40,11-27-2018,11:58:40
14265,62,320,340,20,second,1,1,0,NA,40,11-27-2018,11:58:40
14265,63,280,270,10,first,1,1,0,NA,40,11-27-2018,11:58:40
14265,64,350,340,10,first,0,1,1,23,40,11-27-2018,11:58:40
14273,1,320,420,100,second,1,NA,NA,NA,150,10-11-2018,14:12:47
14273,2,170,250,80,second,0,1,1,1,150,10-11-2018,14:12:47
14273,3,350,210,140,first,1,0,1,2,150,10-11-2018,14:12:47
14273,4,320,440,120,second,1,1,0,NA,150,10-11-2018,14:12:47
14273,5,180,280,100,second,0,1,1,3,150,10-11-2018,14:12:47
14273,6,200,350,150,second,1,0,1,4,150,10-11-2018,14:12:47
14273,7,250,380,130,second,0,1,1,5,150,10-11-2018,14:12:47
14273,8,350,500,150,second,1,0,1,6,150,10-11-2018,14:12:47
14273,9,490,350,140,first,1,1,0,NA,150,10-11-2018,14:12:47
14273,10,410,280,130,first,1,1,0,NA,150,10-11-2018,14:12:47
14273,11,320,440,120,second,1,1,0,NA,150,10-11-2018,14:12:47
14273,12,360,250,110,first,1,1,0,NA,150,10-11-2018,14:12:47
14273,13,320,220,100,first,1,1,0,NA,150,10-11-2018,14:12:47
14273,14,320,230,90,first,1,1,0,NA,150,10-11-2018,14:12:47
14273,15,280,360,80,second,0,1,1,7,150,10-11-2018,14:12:47
14273,16,460,350,110,first,1,0,1,8,150,10-11-2018,14:12:47
14273,17,220,320,100,second,1,1,0,NA,150,10-11-2018,14:12:47
14273,18,350,260,90,first,1,1,0,NA,150,10-11-2018,14:12:47
14273,19,280,200,80,first,1,1,0,NA,150,10-11-2018,14:12:47
14273,20,350,280,70,first,1,1,0,NA,150,10-11-2018,14:12:47
14273,21,250,190,60,first,1,1,0,NA,150,10-11-2018,14:12:47
14273,22,250,200,50,first,1,1,0,NA,150,10-11-2018,14:12:47
14273,23,210,250,40,second,1,1,0,NA,150,10-11-2018,14:12:47
14273,24,350,320,30,first,1,1,0,NA,150,10-11-2018,14:12:47
14273,25,260,280,20,second,0,1,1,9,150,10-11-2018,14:12:47
14273,26,370,320,50,first,1,0,1,10,150,10-11-2018,14:12:47
14273,27,320,360,40,second,0,1,1,11,150,10-11-2018,14:12:47
14273,28,320,250,70,first,1,0,1,12,150,10-11-2018,14:12:47
14273,29,340,280,60,first,1,1,0,NA,150,10-11-2018,14:12:47
14273,30,370,320,50,first,1,1,0,NA,150,10-11-2018,14:12:47
14273,31,290,250,40,first,1,1,0,NA,150,10-11-2018,14:12:47
14273,32,320,290,30,first,1,1,0,NA,150,10-11-2018,14:12:47
14273,33,280,260,20,first,1,1,0,NA,150,10-11-2018,14:12:47
14273,34,290,280,10,first,1,1,0,NA,150,10-11-2018,14:12:47
14273,35,240,250,10,second,1,1,0,NA,150,10-11-2018,14:12:47
14273,36,320,310,10,first,1,1,0,NA,150,10-11-2018,14:12:47
14273,37,330,320,10,first,1,1,0,NA,150,10-11-2018,14:12:47
14273,38,340,350,10,second,0,1,1,13,150,10-11-2018,14:12:47
14273,39,310,350,40,second,0,0,0,NA,150,10-11-2018,14:12:47
14273,40,250,320,70,second,0,0,0,NA,150,10-11-2018,14:12:47
14273,41,220,320,100,second,1,0,1,14,150,10-11-2018,14:12:47
14273,42,160,250,90,second,0,1,1,15,150,10-11-2018,14:12:47
14273,43,470,350,120,first,1,0,1,16,150,10-11-2018,14:12:47
14273,44,280,170,110,first,1,1,0,NA,150,10-11-2018,14:12:47
14273,45,350,450,100,second,0,1,1,17,150,10-11-2018,14:12:47
14273,46,250,120,130,first,1,0,1,18,150,10-11-2018,14:12:47
14273,47,250,130,120,first,1,1,0,NA,150,10-11-2018,14:12:47
14273,48,170,280,110,second,1,1,0,NA,150,10-11-2018,14:12:47
14273,49,280,380,100,second,1,1,0,NA,150,10-11-2018,14:12:47
14273,50,340,250,90,first,1,1,0,NA,150,10-11-2018,14:12:47
14273,51,280,200,80,first,1,1,0,NA,150,10-11-2018,14:12:47
14273,52,420,350,70,first,1,1,0,NA,150,10-11-2018,14:12:47
14273,53,250,310,60,second,1,1,0,NA,150,10-11-2018,14:12:47
14273,54,280,330,50,second,1,1,0,NA,150,10-11-2018,14:12:47
14273,55,310,350,40,second,0,1,1,19,150,10-11-2018,14:12:47
14273,56,250,320,70,second,0,0,0,NA,150,10-11-2018,14:12:47
14273,57,350,250,100,first,1,0,1,20,150,10-11-2018,14:12:47
14273,58,410,320,90,first,1,1,0,NA,150,10-11-2018,14:12:47
14273,59,250,330,80,second,0,1,1,21,150,10-11-2018,14:12:47
14273,60,250,360,110,second,1,0,1,22,150,10-11-2018,14:12:47
14273,61,350,450,100,second,1,1,0,NA,150,10-11-2018,14:12:47
14273,62,280,370,90,second,0,1,1,23,150,10-11-2018,14:12:47
14273,63,160,280,120,second,0,0,0,NA,150,10-11-2018,14:12:47
14273,64,350,500,150,second,0,0,0,NA,150,10-11-2018,14:12:47
14283,1,320,220,100,first,1,NA,NA,NA,40,08-14-2018,15:19:47
14283,2,280,360,80,second,1,1,0,NA,40,08-14-2018,15:19:47
14283,3,190,250,60,second,1,1,0,NA,40,08-14-2018,15:19:47
14283,4,250,290,40,second,1,1,0,NA,40,08-14-2018,15:19:47
14283,5,350,330,20,first,0,1,1,1,40,08-14-2018,15:19:47
14283,6,270,350,80,second,1,0,1,2,40,08-14-2018,15:19:47
14283,7,320,380,60,second,0,1,1,3,40,08-14-2018,15:19:47
14283,8,160,250,90,second,1,0,1,4,40,08-14-2018,15:19:47
14283,9,280,200,80,first,1,1,0,NA,40,08-14-2018,15:19:47
14283,10,320,250,70,first,1,1,0,NA,40,08-14-2018,15:19:47
14283,11,350,290,60,first,1,1,0,NA,40,08-14-2018,15:19:47
14283,12,270,320,50,second,1,1,0,NA,40,08-14-2018,15:19:47
14283,13,240,280,40,second,0,1,1,5,40,08-14-2018,15:19:47
14283,14,320,390,70,second,1,0,1,6,40,08-14-2018,15:19:47
14283,15,380,320,60,first,1,1,0,NA,40,08-14-2018,15:19:47
14283,16,370,320,50,first,1,1,0,NA,40,08-14-2018,15:19:47
14283,17,280,320,40,second,0,1,1,7,40,08-14-2018,15:19:47
14283,18,250,320,70,second,1,0,1,8,40,08-14-2018,15:19:47
14283,19,190,250,60,second,1,1,0,NA,40,08-14-2018,15:19:47
14283,20,350,400,50,second,1,1,0,NA,40,08-14-2018,15:19:47
14283,21,320,280,40,first,1,1,0,NA,40,08-14-2018,15:19:47
14283,22,280,250,30,first,1,1,0,NA,40,08-14-2018,15:19:47
14283,23,350,370,20,second,1,1,0,NA,40,08-14-2018,15:19:47
14283,24,250,240,10,first,1,1,0,NA,40,08-14-2018,15:19:47
14283,25,350,340,10,first,1,1,0,NA,40,08-14-2018,15:19:47
14283,26,240,250,10,second,0,1,1,9,40,08-14-2018,15:19:47
14283,27,280,240,40,first,1,0,1,10,40,08-14-2018,15:19:47
14283,28,320,350,30,second,1,1,0,NA,40,08-14-2018,15:19:47
14283,29,370,350,20,first,1,1,0,NA,40,08-14-2018,15:19:47
14283,30,250,240,10,first,1,1,0,NA,40,08-14-2018,15:19:47
14283,31,320,330,10,second,1,1,0,NA,40,08-14-2018,15:19:47
14283,32,360,350,10,first,0,1,1,11,40,08-14-2018,15:19:47
14283,33,280,320,40,second,1,0,1,12,40,08-14-2018,15:19:47
14283,34,380,350,30,first,0,1,1,13,40,08-14-2018,15:19:47
14283,35,220,280,60,second,0,0,0,NA,40,08-14-2018,15:19:47
14283,36,410,320,90,first,1,0,1,14,40,08-14-2018,15:19:47
14283,37,430,350,80,first,1,1,0,NA,40,08-14-2018,15:19:47
14283,38,210,280,70,second,1,1,0,NA,40,08-14-2018,15:19:47
14283,39,250,190,60,first,1,1,0,NA,40,08-14-2018,15:19:47
14283,40,330,280,50,first,1,1,0,NA,40,08-14-2018,15:19:47
14283,41,290,250,40,first,1,1,0,NA,40,08-14-2018,15:19:47
14283,42,320,350,30,second,1,1,0,NA,40,08-14-2018,15:19:47
14283,43,280,300,20,second,0,1,1,15,40,08-14-2018,15:19:47
14283,44,330,280,50,first,1,0,1,16,40,08-14-2018,15:19:47
14283,45,250,290,40,second,0,1,1,17,40,08-14-2018,15:19:47
14283,46,210,280,70,second,1,0,1,18,40,08-14-2018,15:19:47
14283,47,350,410,60,second,1,1,0,NA,40,08-14-2018,15:19:47
14283,48,300,250,50,first,1,1,0,NA,40,08-14-2018,15:19:47
14283,49,320,280,40,first,1,1,0,NA,40,08-14-2018,15:19:47
14283,50,280,250,30,first,1,1,0,NA,40,08-14-2018,15:19:47
14283,51,350,330,20,first,0,1,1,19,40,08-14-2018,15:19:47
14283,52,300,350,50,second,1,0,1,20,40,08-14-2018,15:19:47
14283,53,360,320,40,first,1,1,0,NA,40,08-14-2018,15:19:47
14283,54,320,290,30,first,0,1,1,21,40,08-14-2018,15:19:47
14283,55,280,220,60,first,1,0,1,22,40,08-14-2018,15:19:47
14283,56,250,300,50,second,1,1,0,NA,40,08-14-2018,15:19:47
14283,57,280,320,40,second,0,1,1,23,40,08-14-2018,15:19:47
14283,58,280,350,70,second,1,0,1,24,40,08-14-2018,15:19:47
14283,59,250,190,60,first,0,1,1,25,40,08-14-2018,15:19:47
14283,60,340,250,90,first,1,0,1,26,40,08-14-2018,15:19:47
14283,61,320,240,80,first,1,1,0,NA,40,08-14-2018,15:19:47
14283,62,280,350,70,second,1,1,0,NA,40,08-14-2018,15:19:47
14283,63,350,410,60,second,1,1,0,NA,40,08-14-2018,15:19:47
14283,64,250,300,50,second,1,1,0,NA,40,08-14-2018,15:19:47
14285,1,450,350,100,first,1,NA,NA,NA,60,08-08-2018,12:48:17
14285,2,330,250,80,first,1,1,0,NA,60,08-08-2018,12:48:17
14285,3,320,380,60,second,0,1,1,1,60,08-08-2018,12:48:17
14285,4,350,470,120,second,1,0,1,2,60,08-08-2018,12:48:17
14285,5,180,280,100,second,1,1,0,NA,60,08-08-2018,12:48:17
14285,6,360,280,80,first,1,1,0,NA,60,08-08-2018,12:48:17
14285,7,340,280,60,first,1,1,0,NA,60,08-08-2018,12:48:17
14285,8,370,320,50,first,1,1,0,NA,60,08-08-2018,12:48:17
14285,9,240,280,40,second,1,1,0,NA,60,08-08-2018,12:48:17
14285,10,250,220,30,first,1,1,0,NA,60,08-08-2018,12:48:17
14285,11,250,230,20,first,1,1,0,NA,60,08-08-2018,12:48:17
14285,12,350,360,10,second,0,1,1,3,60,08-08-2018,12:48:17
14285,13,320,280,40,first,1,0,1,4,60,08-08-2018,12:48:17
14285,14,250,280,30,second,0,1,1,5,60,08-08-2018,12:48:17
14285,15,260,320,60,second,1,0,1,6,60,08-08-2018,12:48:17
14285,16,300,350,50,second,1,1,0,NA,60,08-08-2018,12:48:17
14285,17,310,350,40,second,1,1,0,NA,60,08-08-2018,12:48:17
14285,18,250,220,30,first,1,1,0,NA,60,08-08-2018,12:48:17
14285,19,320,340,20,second,0,1,1,7,60,08-08-2018,12:48:17
14285,20,320,370,50,second,1,0,1,8,60,08-08-2018,12:48:17
14285,21,350,390,40,second,1,1,0,NA,60,08-08-2018,12:48:17
14285,22,350,320,30,first,1,1,0,NA,60,08-08-2018,12:48:17
14285,23,340,320,20,first,1,1,0,NA,60,08-08-2018,12:48:17
14285,24,280,270,10,first,1,1,0,NA,60,08-08-2018,12:48:17
14285,25,240,250,10,second,0,1,1,9,60,08-08-2018,12:48:17
14285,26,280,320,40,second,1,0,1,10,60,08-08-2018,12:48:17
14285,27,310,280,30,first,1,1,0,NA,60,08-08-2018,12:48:17
14285,28,320,300,20,first,1,1,0,NA,60,08-08-2018,12:48:17
14285,29,280,290,10,second,1,1,0,NA,60,08-08-2018,12:48:17
14285,30,350,340,10,first,1,1,0,NA,60,08-08-2018,12:48:17
14285,31,330,320,10,first,0,1,1,11,60,08-08-2018,12:48:17
14285,32,240,280,40,second,0,0,0,NA,60,08-08-2018,12:48:17
14285,33,390,320,70,first,1,0,1,12,60,08-08-2018,12:48:17
14285,34,320,260,60,first,1,1,0,NA,60,08-08-2018,12:48:17
14285,35,280,230,50,first,1,1,0,NA,60,08-08-2018,12:48:17
14285,36,210,250,40,second,1,1,0,NA,60,08-08-2018,12:48:17
14285,37,380,350,30,first,1,1,0,NA,60,08-08-2018,12:48:17
14285,38,300,280,20,first,1,1,0,NA,60,08-08-2018,12:48:17
14285,39,240,250,10,second,1,1,0,NA,60,08-08-2018,12:48:17
14285,40,250,240,10,first,1,1,0,NA,60,08-08-2018,12:48:17
14285,41,280,290,10,second,0,1,1,13,60,08-08-2018,12:48:17
14285,42,250,290,40,second,1,0,1,14,60,08-08-2018,12:48:17
14285,43,380,350,30,first,1,1,0,NA,60,08-08-2018,12:48:17
14285,44,330,350,20,second,0,1,1,15,60,08-08-2018,12:48:17
14285,45,300,250,50,first,1,0,1,16,60,08-08-2018,12:48:17
14285,46,250,290,40,second,1,1,0,NA,60,08-08-2018,12:48:17
14285,47,280,250,30,first,0,1,1,17,60,08-08-2018,12:48:17
14285,48,410,350,60,first,1,0,1,18,60,08-08-2018,12:48:17
14285,49,320,370,50,second,1,1,0,NA,60,08-08-2018,12:48:17
14285,50,280,240,40,first,1,1,0,NA,60,08-08-2018,12:48:17
14285,51,350,320,30,first,1,1,0,NA,60,08-08-2018,12:48:17
14285,52,270,250,20,first,1,1,0,NA,60,08-08-2018,12:48:17
14285,53,310,320,10,second,1,1,0,NA,60,08-08-2018,12:48:17
14285,54,250,260,10,second,0,1,1,19,60,08-08-2018,12:48:17
14285,55,280,320,40,second,0,0,0,NA,60,08-08-2018,12:48:17
14285,56,320,250,70,first,1,0,1,20,60,08-08-2018,12:48:17
14285,57,320,260,60,first,1,1,0,NA,60,08-08-2018,12:48:17
14285,58,350,400,50,second,0,1,1,21,60,08-08-2018,12:48:17
14285,59,240,320,80,second,1,0,1,22,60,08-08-2018,12:48:17
14285,60,210,280,70,second,1,1,0,NA,60,08-08-2018,12:48:17
14285,61,290,350,60,second,1,1,0,NA,60,08-08-2018,12:48:17
14285,62,200,250,50,second,1,1,0,NA,60,08-08-2018,12:48:17
14285,63,280,320,40,second,0,1,1,23,60,08-08-2018,12:48:17
14285,64,350,280,70,first,1,0,1,24,60,08-08-2018,12:48:17
14297,1,350,450,100,second,0,NA,NA,NA,40,08-08-2018,15:48:36
14297,2,200,350,150,second,1,0,1,1,40,08-08-2018,15:48:36
14297,3,380,250,130,first,1,1,0,NA,40,08-08-2018,15:48:36
14297,4,250,360,110,second,1,1,0,NA,40,08-08-2018,15:48:36
14297,5,280,190,90,first,1,1,0,NA,40,08-08-2018,15:48:36
14297,6,350,280,70,first,1,1,0,NA,40,08-08-2018,15:48:36
14297,7,320,370,50,second,1,1,0,NA,40,08-08-2018,15:48:36
14297,8,320,360,40,second,0,1,1,2,40,08-08-2018,15:48:36
14297,9,180,250,70,second,1,0,1,3,40,08-08-2018,15:48:36
14297,10,410,350,60,first,1,1,0,NA,40,08-08-2018,15:48:36
14297,11,370,320,50,first,1,1,0,NA,40,08-08-2018,15:48:36
14297,12,250,210,40,first,1,1,0,NA,40,08-08-2018,15:48:36
14297,13,280,310,30,second,1,1,0,NA,40,08-08-2018,15:48:36
14297,14,370,350,20,first,1,1,0,NA,40,08-08-2018,15:48:36
14297,15,250,260,10,second,1,1,0,NA,40,08-08-2018,15:48:36
14297,16,340,350,10,second,0,1,1,4,40,08-08-2018,15:48:36
14297,17,240,280,40,second,0,0,0,NA,40,08-08-2018,15:48:36
14297,18,350,420,70,second,1,0,1,5,40,08-08-2018,15:48:36
14297,19,220,280,60,second,1,1,0,NA,40,08-08-2018,15:48:36
14297,20,370,320,50,first,1,1,0,NA,40,08-08-2018,15:48:36
14297,21,280,320,40,second,1,1,0,NA,40,08-08-2018,15:48:36
14297,22,290,320,30,second,0,1,1,6,40,08-08-2018,15:48:36
14297,23,340,280,60,first,0,0,0,NA,40,08-08-2018,15:48:36
14297,24,230,320,90,second,1,0,1,7,40,08-08-2018,15:48:36
14297,25,360,280,80,first,1,1,0,NA,40,08-08-2018,15:48:36
14297,26,280,350,70,second,1,1,0,NA,40,08-08-2018,15:48:36
14297,27,320,260,60,first,1,1,0,NA,40,08-08-2018,15:48:36
14297,28,250,300,50,second,1,1,0,NA,40,08-08-2018,15:48:36
14297,29,250,210,40,first,1,1,0,NA,40,08-08-2018,15:48:36
14297,30,350,320,30,first,0,1,1,8,40,08-08-2018,15:48:36
14297,31,320,380,60,second,1,0,1,9,40,08-08-2018,15:48:36
14297,32,350,400,50,second,0,1,1,10,40,08-08-2018,15:48:36
14297,33,200,280,80,second,1,0,1,11,40,08-08-2018,15:48:36
14297,34,420,350,70,first,1,1,0,NA,40,08-08-2018,15:48:36
14297,35,290,350,60,second,1,1,0,NA,40,08-08-2018,15:48:36
14297,36,400,350,50,first,1,1,0,NA,40,08-08-2018,15:48:36
14297,37,310,350,40,second,0,1,1,12,40,08-08-2018,15:48:36
14297,38,180,250,70,second,1,0,1,13,40,08-08-2018,15:48:36
14297,39,380,320,60,first,0,1,1,14,40,08-08-2018,15:48:36
14297,40,280,190,90,first,1,0,1,15,40,08-08-2018,15:48:36
14297,41,350,270,80,first,1,1,0,NA,40,08-08-2018,15:48:36
14297,42,250,320,70,second,0,1,1,16,40,08-08-2018,15:48:36
14297,43,380,280,100,first,1,0,1,17,40,08-08-2018,15:48:36
14297,44,340,250,90,first,0,1,1,18,40,08-08-2018,15:48:36
14297,45,280,160,120,first,1,0,1,19,40,08-08-2018,15:48:36
14297,46,280,170,110,first,1,1,0,NA,40,08-08-2018,15:48:36
14297,47,220,320,100,second,1,1,0,NA,40,08-08-2018,15:48:36
14297,48,250,160,90,first,1,1,0,NA,40,08-08-2018,15:48:36
14297,49,350,270,80,first,1,1,0,NA,40,08-08-2018,15:48:36
14297,50,320,250,70,first,1,1,0,NA,40,08-08-2018,15:48:36
14297,51,280,340,60,second,1,1,0,NA,40,08-08-2018,15:48:36
14297,52,200,250,50,second,0,1,1,20,40,08-08-2018,15:48:36
14297,53,280,360,80,second,1,0,1,21,40,08-08-2018,15:48:36
14297,54,320,250,70,first,1,1,0,NA,40,08-08-2018,15:48:36
14297,55,380,320,60,first,1,1,0,NA,40,08-08-2018,15:48:36
14297,56,250,200,50,first,1,1,0,NA,40,08-08-2018,15:48:36
14297,57,240,280,40,second,1,1,0,NA,40,08-08-2018,15:48:36
14297,58,310,280,30,first,1,1,0,NA,40,08-08-2018,15:48:36
14297,59,230,250,20,second,0,1,1,22,40,08-08-2018,15:48:36
14297,60,320,270,50,first,0,0,0,NA,40,08-08-2018,15:48:36
14297,61,320,240,80,first,1,0,1,23,40,08-08-2018,15:48:36
14297,62,350,420,70,second,1,1,0,NA,40,08-08-2018,15:48:36
14297,63,320,380,60,second,1,1,0,NA,40,08-08-2018,15:48:36
14297,64,300,250,50,first,1,1,0,NA,40,08-08-2018,15:48:36
14299,1,280,180,100,first,1,NA,NA,NA,150,11-27-2018,10:49:13
14299,2,330,250,80,first,1,1,0,NA,150,11-27-2018,10:49:13
14299,3,250,310,60,second,1,1,0,NA,150,11-27-2018,10:49:13
14299,4,250,210,40,first,1,1,0,NA,150,11-27-2018,10:49:13
14299,5,250,230,20,first,1,1,0,NA,150,11-27-2018,10:49:13
14299,6,340,350,10,second,1,1,0,NA,150,11-27-2018,10:49:13
14299,7,250,260,10,second,0,1,1,1,150,11-27-2018,10:49:13
14299,8,290,250,40,first,1,0,1,2,150,11-27-2018,10:49:13
14299,9,280,250,30,first,1,1,0,NA,150,11-27-2018,10:49:13
14299,10,280,300,20,second,0,1,1,3,150,11-27-2018,10:49:13
14299,11,400,350,50,first,1,0,1,4,150,11-27-2018,10:49:13
14299,12,350,390,40,second,1,1,0,NA,150,11-27-2018,10:49:13
14299,13,290,320,30,second,0,1,1,5,150,11-27-2018,10:49:13
14299,14,190,250,60,second,0,0,0,NA,150,11-27-2018,10:49:13
14299,15,160,250,90,second,0,0,0,NA,150,11-27-2018,10:49:13
14299,16,470,350,120,first,1,0,1,6,150,11-27-2018,10:49:13
14299,17,140,250,110,second,0,1,1,7,150,11-27-2018,10:49:13
14299,18,390,250,140,first,1,0,1,8,150,11-27-2018,10:49:13
14299,19,410,280,130,first,0,1,1,9,150,11-27-2018,10:49:13
14299,20,250,100,150,first,1,0,1,10,150,11-27-2018,10:49:13
14299,21,250,390,140,second,1,1,0,NA,150,11-27-2018,10:49:13
14299,22,410,280,130,first,1,1,0,NA,150,11-27-2018,10:49:13
14299,23,250,130,120,first,1,1,0,NA,150,11-27-2018,10:49:13
14299,24,240,350,110,second,1,1,0,NA,150,11-27-2018,10:49:13
14299,25,280,180,100,first,1,1,0,NA,150,11-27-2018,10:49:13
14299,26,320,230,90,first,1,1,0,NA,150,11-27-2018,10:49:13
14299,27,320,400,80,second,1,1,0,NA,150,11-27-2018,10:49:13
14299,28,280,210,70,first,1,1,0,NA,150,11-27-2018,10:49:13
14299,29,340,280,60,first,1,1,0,NA,150,11-27-2018,10:49:13
14299,30,320,370,50,second,0,1,1,11,150,11-27-2018,10:49:13
14299,31,400,320,80,first,1,0,1,12,150,11-27-2018,10:49:13
14299,32,350,420,70,second,0,1,1,13,150,11-27-2018,10:49:13
14299,33,220,320,100,second,0,0,0,NA,150,11-27-2018,10:49:13
14299,34,150,280,130,second,0,0,0,NA,150,11-27-2018,10:49:13
14299,35,320,470,150,second,1,0,1,14,150,11-27-2018,10:49:13
14299,36,320,180,140,first,1,1,0,NA,150,11-27-2018,10:49:13
14299,37,480,350,130,first,1,1,0,NA,150,11-27-2018,10:49:13
14299,38,350,230,120,first,1,1,0,NA,150,11-27-2018,10:49:13
14299,39,140,250,110,second,0,1,1,15,150,11-27-2018,10:49:13
14299,40,350,210,140,first,0,0,0,NA,150,11-27-2018,10:49:13
14299,41,470,320,150,first,1,0,1,16,150,11-27-2018,10:49:13
14299,42,390,250,140,first,1,1,0,NA,150,11-27-2018,10:49:13
14299,43,450,320,130,first,1,1,0,NA,150,11-27-2018,10:49:13
14299,44,470,350,120,first,0,1,1,17,150,11-27-2018,10:49:13
14299,45,320,170,150,first,1,0,1,18,150,11-27-2018,10:49:13
14299,46,140,280,140,second,0,1,1,19,150,11-27-2018,10:49:13
14299,47,350,500,150,second,0,0,0,NA,150,11-27-2018,10:49:13
14299,48,130,280,150,second,1,0,1,20,150,11-27-2018,10:49:13
14299,49,250,390,140,second,1,1,0,NA,150,11-27-2018,10:49:13
14299,50,350,220,130,first,1,1,0,NA,150,11-27-2018,10:49:13
14299,51,200,320,120,second,0,1,1,21,150,11-27-2018,10:49:13
14299,52,280,430,150,second,0,0,0,NA,150,11-27-2018,10:49:13
14299,53,470,320,150,first,1,0,1,22,150,11-27-2018,10:49:13
14299,54,280,420,140,second,0,1,1,23,150,11-27-2018,10:49:13
14299,55,170,320,150,second,0,0,0,NA,150,11-27-2018,10:49:13
14299,56,200,350,150,second,1,0,1,24,150,11-27-2018,10:49:13
14299,57,420,280,140,first,0,1,1,25,150,11-27-2018,10:49:13
14299,58,280,430,150,second,0,0,0,NA,150,11-27-2018,10:49:13
14299,59,350,200,150,first,0,0,0,NA,150,11-27-2018,10:49:13
14299,60,320,170,150,first,1,0,1,26,150,11-27-2018,10:49:13
14299,61,350,490,140,second,0,1,1,27,150,11-27-2018,10:49:13
14299,62,200,350,150,second,0,0,0,NA,150,11-27-2018,10:49:13
14299,63,130,280,150,second,0,0,0,NA,150,11-27-2018,10:49:13
14299,64,320,470,150,second,0,0,0,NA,150,11-27-2018,10:49:13
14303,1,380,280,100,first,1,NA,NA,NA,50,11-27-2018,14:34:45
14303,2,320,240,80,first,1,1,0,NA,50,11-27-2018,14:34:45
14303,3,340,280,60,first,1,1,0,NA,50,11-27-2018,14:34:45
14303,4,290,250,40,first,1,1,0,NA,50,11-27-2018,14:34:45
14303,5,320,300,20,first,1,1,0,NA,50,11-27-2018,14:34:45
14303,6,280,290,10,second,0,1,1,1,50,11-27-2018,14:34:45
14303,7,320,250,70,first,1,0,1,2,50,11-27-2018,14:34:45
14303,8,280,220,60,first,1,1,0,NA,50,11-27-2018,14:34:45
14303,9,350,300,50,first,1,1,0,NA,50,11-27-2018,14:34:45
14303,10,320,360,40,second,1,1,0,NA,50,11-27-2018,14:34:45
14303,11,220,250,30,second,1,1,0,NA,50,11-27-2018,14:34:45
14303,12,370,350,20,first,0,1,1,3,50,11-27-2018,14:34:45
14303,13,350,400,50,second,1,0,1,4,50,11-27-2018,14:34:45
14303,14,250,290,40,second,1,1,0,NA,50,11-27-2018,14:34:45
14303,15,280,250,30,first,1,1,0,NA,50,11-27-2018,14:34:45
14303,16,300,320,20,second,1,1,0,NA,50,11-27-2018,14:34:45
14303,17,330,320,10,first,1,1,0,NA,50,11-27-2018,14:34:45
14303,18,290,280,10,first,1,1,0,NA,50,11-27-2018,14:34:45
14303,19,240,250,10,second,0,1,1,5,50,11-27-2018,14:34:45
14303,20,360,320,40,first,1,0,1,6,50,11-27-2018,14:34:45
14303,21,380,350,30,first,0,1,1,7,50,11-27-2018,14:34:45
14303,22,280,220,60,first,1,0,1,8,50,11-27-2018,14:34:45
14303,23,270,320,50,second,1,1,0,NA,50,11-27-2018,14:34:45
14303,24,250,290,40,second,1,1,0,NA,50,11-27-2018,14:34:45
14303,25,250,280,30,second,1,1,0,NA,50,11-27-2018,14:34:45
14303,26,320,340,20,second,1,1,0,NA,50,11-27-2018,14:34:45
14303,27,350,340,10,first,0,1,1,9,50,11-27-2018,14:34:45
14303,28,280,320,40,second,1,0,1,10,50,11-27-2018,14:34:45
14303,29,220,250,30,second,0,1,1,11,50,11-27-2018,14:34:45
14303,30,280,340,60,second,0,0,0,NA,50,11-27-2018,14:34:45
14303,31,410,320,90,first,1,0,1,12,50,11-27-2018,14:34:45
14303,32,350,270,80,first,1,1,0,NA,50,11-27-2018,14:34:45
14303,33,320,250,70,first,1,1,0,NA,50,11-27-2018,14:34:45
14303,34,290,350,60,second,1,1,0,NA,50,11-27-2018,14:34:45
14303,35,300,250,50,first,1,1,0,NA,50,11-27-2018,14:34:45
14303,36,390,350,40,first,1,1,0,NA,50,11-27-2018,14:34:45
14303,37,320,290,30,first,1,1,0,NA,50,11-27-2018,14:34:45
14303,38,250,230,20,first,1,1,0,NA,50,11-27-2018,14:34:45
14303,39,350,360,10,second,1,1,0,NA,50,11-27-2018,14:34:45
14303,40,320,330,10,second,0,1,1,13,50,11-27-2018,14:34:45
14303,41,310,350,40,second,1,0,1,14,50,11-27-2018,14:34:45
14303,42,320,350,30,second,1,1,0,NA,50,11-27-2018,14:34:45
14303,43,280,300,20,second,1,1,0,NA,50,11-27-2018,14:34:45
14303,44,310,320,10,second,1,1,0,NA,50,11-27-2018,14:34:45
14303,45,270,280,10,second,0,1,1,15,50,11-27-2018,14:34:45
14303,46,210,250,40,second,0,0,0,NA,50,11-27-2018,14:34:45
14303,47,350,280,70,first,1,0,1,16,50,11-27-2018,14:34:45
14303,48,350,290,60,first,1,1,0,NA,50,11-27-2018,14:34:45
14303,49,250,200,50,first,1,1,0,NA,50,11-27-2018,14:34:45
14303,50,280,240,40,first,1,1,0,NA,50,11-27-2018,14:34:45
14303,51,280,310,30,second,1,1,0,NA,50,11-27-2018,14:34:45
14303,52,370,350,20,first,0,1,1,17,50,11-27-2018,14:34:45
14303,53,300,350,50,second,1,0,1,18,50,11-27-2018,14:34:45
14303,54,240,280,40,second,1,1,0,NA,50,11-27-2018,14:34:45
14303,55,350,380,30,second,1,1,0,NA,50,11-27-2018,14:34:45
14303,56,260,280,20,second,0,1,1,19,50,11-27-2018,14:34:45
14303,57,370,320,50,first,0,0,0,NA,50,11-27-2018,14:34:45
14303,58,350,430,80,second,1,0,1,20,50,11-27-2018,14:34:45
14303,59,250,180,70,first,0,1,1,21,50,11-27-2018,14:34:45
14303,60,250,150,100,first,1,0,1,22,50,11-27-2018,14:34:45
14303,61,260,350,90,second,1,1,0,NA,50,11-27-2018,14:34:45
14303,62,280,200,80,first,1,1,0,NA,50,11-27-2018,14:34:45
14303,63,210,280,70,second,1,1,0,NA,50,11-27-2018,14:34:45
14303,64,250,310,60,second,1,1,0,NA,50,11-27-2018,14:34:45
14311,1,320,220,100,first,1,NA,NA,NA,30,10-17-2018,14:01:43
14311,2,350,430,80,second,1,1,0,NA,30,10-17-2018,14:01:43
14311,3,410,350,60,first,0,1,1,1,30,10-17-2018,14:01:43
14311,4,400,280,120,first,1,0,1,2,30,10-17-2018,14:01:43
14311,5,350,250,100,first,1,1,0,NA,30,10-17-2018,14:01:43
14311,6,240,320,80,second,1,1,0,NA,30,10-17-2018,14:01:43
14311,7,410,350,60,first,1,1,0,NA,30,10-17-2018,14:01:43
14311,8,300,350,50,second,1,1,0,NA,30,10-17-2018,14:01:43
14311,9,320,360,40,second,1,1,0,NA,30,10-17-2018,14:01:43
14311,10,350,320,30,first,1,1,0,NA,30,10-17-2018,14:01:43
14311,11,320,340,20,second,1,1,0,NA,30,10-17-2018,14:01:43
14311,12,240,250,10,second,1,1,0,NA,30,10-17-2018,14:01:43
14311,13,280,290,10,second,1,1,0,NA,30,10-17-2018,14:01:43
14311,14,290,280,10,first,1,1,0,NA,30,10-17-2018,14:01:43
14311,15,250,260,10,second,1,1,0,NA,30,10-17-2018,14:01:43
14311,16,290,280,10,first,0,1,1,3,30,10-17-2018,14:01:43
14311,17,280,240,40,first,1,0,1,4,30,10-17-2018,14:01:43
14311,18,250,220,30,first,0,1,1,5,30,10-17-2018,14:01:43
14311,19,220,280,60,second,0,0,0,NA,30,10-17-2018,14:01:43
14311,20,250,160,90,first,1,0,1,6,30,10-17-2018,14:01:43
14311,21,200,280,80,second,1,1,0,NA,30,10-17-2018,14:01:43
14311,22,280,210,70,first,1,1,0,NA,30,10-17-2018,14:01:43
14311,23,280,340,60,second,1,1,0,NA,30,10-17-2018,14:01:43
14311,24,330,280,50,first,1,1,0,NA,30,10-17-2018,14:01:43
14311,25,350,390,40,second,1,1,0,NA,30,10-17-2018,14:01:43
14311,26,220,250,30,second,0,1,1,7,30,10-17-2018,14:01:43
14311,27,310,250,60,first,1,0,1,8,30,10-17-2018,14:01:43
14311,28,350,300,50,first,1,1,0,NA,30,10-17-2018,14:01:43
14311,29,280,320,40,second,1,1,0,NA,30,10-17-2018,14:01:43
14311,30,320,350,30,second,1,1,0,NA,30,10-17-2018,14:01:43
14311,31,320,300,20,first,1,1,0,NA,30,10-17-2018,14:01:43
14311,32,240,250,10,second,0,1,1,9,30,10-17-2018,14:01:43
14311,33,320,280,40,first,0,0,0,NA,30,10-17-2018,14:01:43
14311,34,280,350,70,second,1,0,1,10,30,10-17-2018,14:01:43
14311,35,320,380,60,second,0,1,1,11,30,10-17-2018,14:01:43
14311,36,230,320,90,second,1,0,1,12,30,10-17-2018,14:01:43
14311,37,320,400,80,second,1,1,0,NA,30,10-17-2018,14:01:43
14311,38,320,250,70,first,1,1,0,NA,30,10-17-2018,14:01:43
14311,39,280,220,60,first,0,1,1,13,30,10-17-2018,14:01:43
14311,40,260,350,90,second,1,0,1,14,30,10-17-2018,14:01:43
14311,41,280,200,80,first,1,1,0,NA,30,10-17-2018,14:01:43
14311,42,320,250,70,first,1,1,0,NA,30,10-17-2018,14:01:43
14311,43,250,190,60,first,1,1,0,NA,30,10-17-2018,14:01:43
14311,44,350,300,50,first,1,1,0,NA,30,10-17-2018,14:01:43
14311,45,290,250,40,first,1,1,0,NA,30,10-17-2018,14:01:43
14311,46,380,350,30,first,0,1,1,15,30,10-17-2018,14:01:43
14311,47,190,250,60,second,1,0,1,16,30,10-17-2018,14:01:43
14311,48,320,270,50,first,1,1,0,NA,30,10-17-2018,14:01:43
14311,49,280,320,40,second,1,1,0,NA,30,10-17-2018,14:01:43
14311,50,250,280,30,second,1,1,0,NA,30,10-17-2018,14:01:43
14311,51,350,330,20,first,1,1,0,NA,30,10-17-2018,14:01:43
14311,52,330,320,10,first,1,1,0,NA,30,10-17-2018,14:01:43
14311,53,270,280,10,second,1,1,0,NA,30,10-17-2018,14:01:43
14311,54,250,260,10,second,1,1,0,NA,30,10-17-2018,14:01:43
14311,55,270,280,10,second,0,1,1,17,30,10-17-2018,14:01:43
14311,56,360,320,40,first,0,0,0,NA,30,10-17-2018,14:01:43
14311,57,250,320,70,second,1,0,1,18,30,10-17-2018,14:01:43
14311,58,350,410,60,second,1,1,0,NA,30,10-17-2018,14:01:43
14311,59,400,350,50,first,1,1,0,NA,30,10-17-2018,14:01:43
14311,60,250,290,40,second,1,1,0,NA,30,10-17-2018,14:01:43
14311,61,350,320,30,first,1,1,0,NA,30,10-17-2018,14:01:43
14311,62,330,350,20,second,1,1,0,NA,30,10-17-2018,14:01:43
14311,63,350,360,10,second,0,1,1,19,30,10-17-2018,14:01:43
14311,64,250,210,40,first,1,0,1,20,30,10-17-2018,14:01:43
14335,1,350,450,100,second,1,NA,NA,NA,80,08-06-2018,11:35:01
14335,2,280,360,80,second,1,1,0,NA,80,08-06-2018,11:35:01
14335,3,320,260,60,first,1,1,0,NA,80,08-06-2018,11:35:01
14335,4,280,240,40,first,1,1,0,NA,80,08-06-2018,11:35:01
14335,5,230,250,20,second,0,1,1,1,80,08-06-2018,11:35:01
14335,6,250,330,80,second,1,0,1,2,80,08-06-2018,11:35:01
14335,7,320,260,60,first,1,1,0,NA,80,08-06-2018,11:35:01
14335,8,270,320,50,second,0,1,1,3,80,08-06-2018,11:35:01
14335,9,360,280,80,first,1,0,1,4,80,08-06-2018,11:35:01
14335,10,280,350,70,second,1,1,0,NA,80,08-06-2018,11:35:01
14335,11,380,320,60,first,1,1,0,NA,80,08-06-2018,11:35:01
14335,12,230,280,50,second,1,1,0,NA,80,08-06-2018,11:35:01
14335,13,250,290,40,second,1,1,0,NA,80,08-06-2018,11:35:01
14335,14,290,320,30,second,1,1,0,NA,80,08-06-2018,11:35:01
14335,15,320,340,20,second,0,1,1,5,80,08-06-2018,11:35:01
14335,16,330,280,50,first,0,0,0,NA,80,08-06-2018,11:35:01
14335,17,270,350,80,second,1,0,1,6,80,08-06-2018,11:35:01
14335,18,280,350,70,second,1,1,0,NA,80,08-06-2018,11:35:01
14335,19,320,260,60,first,1,1,0,NA,80,08-06-2018,11:35:01
14335,20,320,270,50,first,1,1,0,NA,80,08-06-2018,11:35:01
14335,21,350,310,40,first,1,1,0,NA,80,08-06-2018,11:35:01
14335,22,380,350,30,first,1,1,0,NA,80,08-06-2018,11:35:01
14335,23,330,350,20,second,0,1,1,7,80,08-06-2018,11:35:01
14335,24,300,250,50,first,1,0,1,8,80,08-06-2018,11:35:01
14335,25,350,390,40,second,1,1,0,NA,80,08-06-2018,11:35:01
14335,26,220,250,30,second,1,1,0,NA,80,08-06-2018,11:35:01
14335,27,350,330,20,first,0,1,1,9,80,08-06-2018,11:35:01
14335,28,330,280,50,first,1,0,1,10,80,08-06-2018,11:35:01
14335,29,320,280,40,first,1,1,0,NA,80,08-06-2018,11:35:01
14335,30,350,320,30,first,1,1,0,NA,80,08-06-2018,11:35:01
14335,31,300,320,20,second,1,1,0,NA,80,08-06-2018,11:35:01
14335,32,280,290,10,second,0,1,1,11,80,08-06-2018,11:35:01
14335,33,360,320,40,first,1,0,1,12,80,08-06-2018,11:35:01
14335,34,250,280,30,second,1,1,0,NA,80,08-06-2018,11:35:01
14335,35,270,250,20,first,1,1,0,NA,80,08-06-2018,11:35:01
14335,36,310,320,10,second,0,1,1,13,80,08-06-2018,11:35:01
14335,37,350,390,40,second,0,0,0,NA,80,08-06-2018,11:35:01
14335,38,320,250,70,first,0,0,0,NA,80,08-06-2018,11:35:01
14335,39,250,350,100,second,0,0,0,NA,80,08-06-2018,11:35:01
14335,40,150,280,130,second,1,0,1,14,80,08-06-2018,11:35:01
14335,41,320,440,120,second,1,1,0,NA,80,08-06-2018,11:35:01
14335,42,250,140,110,first,1,1,0,NA,80,08-06-2018,11:35:01
14335,43,250,350,100,second,0,1,1,15,80,08-06-2018,11:35:01
14335,44,450,320,130,first,0,0,0,NA,80,08-06-2018,11:35:01
14335,45,130,280,150,second,0,0,0,NA,80,08-06-2018,11:35:01
14335,46,280,130,150,first,1,0,1,16,80,08-06-2018,11:35:01
14335,47,490,350,140,first,1,1,0,NA,80,08-06-2018,11:35:01
14335,48,350,220,130,first,1,1,0,NA,80,08-06-2018,11:35:01
14335,49,130,250,120,second,0,1,1,17,80,08-06-2018,11:35:01
14335,50,320,470,150,second,1,0,1,18,80,08-06-2018,11:35:01
14335,51,320,460,140,second,1,1,0,NA,80,08-06-2018,11:35:01
14335,52,480,350,130,first,1,1,0,NA,80,08-06-2018,11:35:01
14335,53,350,470,120,second,1,1,0,NA,80,08-06-2018,11:35:01
14335,54,430,320,110,first,1,1,0,NA,80,08-06-2018,11:35:01
14335,55,250,350,100,second,1,1,0,NA,80,08-06-2018,11:35:01
14335,56,160,250,90,second,1,1,0,NA,80,08-06-2018,11:35:01
14335,57,430,350,80,first,1,1,0,NA,80,08-06-2018,11:35:01
14335,58,280,210,70,first,1,1,0,NA,80,08-06-2018,11:35:01
14335,59,250,190,60,first,1,1,0,NA,80,08-06-2018,11:35:01
14335,60,250,200,50,first,1,1,0,NA,80,08-06-2018,11:35:01
14335,61,250,210,40,first,1,1,0,NA,80,08-06-2018,11:35:01
14335,62,280,250,30,first,1,1,0,NA,80,08-06-2018,11:35:01
14335,63,280,260,20,first,0,1,1,19,80,08-06-2018,11:35:01
14335,64,300,350,50,second,0,0,0,NA,80,08-06-2018,11:35:01
14347,1,280,380,100,second,1,NA,NA,NA,40,11-05-2018,14:10:22
14347,2,430,350,80,first,1,1,0,NA,40,11-05-2018,14:10:22
14347,3,220,280,60,second,1,1,0,NA,40,11-05-2018,14:10:22
14347,4,240,280,40,second,1,1,0,NA,40,11-05-2018,14:10:22
14347,5,300,280,20,first,0,1,1,1,40,11-05-2018,14:10:22
14347,6,240,320,80,second,1,0,1,2,40,11-05-2018,14:10:22
14347,7,290,350,60,second,1,1,0,NA,40,11-05-2018,14:10:22
14347,8,350,400,50,second,1,1,0,NA,40,11-05-2018,14:10:22
14347,9,210,250,40,second,1,1,0,NA,40,11-05-2018,14:10:22
14347,10,350,380,30,second,0,1,1,3,40,11-05-2018,14:10:22
14347,11,310,250,60,first,1,0,1,4,40,11-05-2018,14:10:22
14347,12,250,300,50,second,0,1,1,5,40,11-05-2018,14:10:22
14347,13,200,280,80,second,1,0,1,6,40,11-05-2018,14:10:22
14347,14,350,420,70,second,0,1,1,7,40,11-05-2018,14:10:22
14347,15,350,250,100,first,1,0,1,8,40,11-05-2018,14:10:22
14347,16,250,340,90,second,1,1,0,NA,40,11-05-2018,14:10:22
14347,17,320,240,80,first,1,1,0,NA,40,11-05-2018,14:10:22
14347,18,320,250,70,first,1,1,0,NA,40,11-05-2018,14:10:22
14347,19,340,280,60,first,1,1,0,NA,40,11-05-2018,14:10:22
14347,20,350,400,50,second,0,1,1,9,40,11-05-2018,14:10:22
14347,21,360,280,80,first,1,0,1,10,40,11-05-2018,14:10:22
14347,22,180,250,70,second,1,1,0,NA,40,11-05-2018,14:10:22
14347,23,380,320,60,first,1,1,0,NA,40,11-05-2018,14:10:22
14347,24,250,200,50,first,1,1,0,NA,40,11-05-2018,14:10:22
14347,25,310,350,40,second,0,1,1,11,40,11-05-2018,14:10:22
14347,26,280,350,70,second,0,0,0,NA,40,11-05-2018,14:10:22
14347,27,250,150,100,first,1,0,1,12,40,11-05-2018,14:10:22
14347,28,250,160,90,first,1,1,0,NA,40,11-05-2018,14:10:22
14347,29,350,270,80,first,1,1,0,NA,40,11-05-2018,14:10:22
14347,30,250,320,70,second,1,1,0,NA,40,11-05-2018,14:10:22
14347,31,280,220,60,first,1,1,0,NA,40,11-05-2018,14:10:22
14347,32,270,320,50,second,0,1,1,13,40,11-05-2018,14:10:22
14347,33,280,360,80,second,0,0,0,NA,40,11-05-2018,14:10:22
14347,34,140,250,110,second,1,0,1,14,40,11-05-2018,14:10:22
14347,35,350,250,100,first,1,1,0,NA,40,11-05-2018,14:10:22
14347,36,320,410,90,second,0,1,1,15,40,11-05-2018,14:10:22
14347,37,350,230,120,first,1,0,1,16,40,11-05-2018,14:10:22
14347,38,320,210,110,first,1,1,0,NA,40,11-05-2018,14:10:22
14347,39,320,220,100,first,1,1,0,NA,40,11-05-2018,14:10:22
14347,40,370,280,90,first,1,1,0,NA,40,11-05-2018,14:10:22
14347,41,240,320,80,second,1,1,0,NA,40,11-05-2018,14:10:22
14347,42,390,320,70,first,1,1,0,NA,40,11-05-2018,14:10:22
14347,43,380,320,60,first,1,1,0,NA,40,11-05-2018,14:10:22
14347,44,250,300,50,second,1,1,0,NA,40,11-05-2018,14:10:22
14347,45,280,320,40,second,1,1,0,NA,40,11-05-2018,14:10:22
14347,46,280,250,30,first,0,1,1,17,40,11-05-2018,14:10:22
14347,47,410,350,60,first,1,0,1,18,40,11-05-2018,14:10:22
14347,48,280,330,50,second,0,1,1,19,40,11-05-2018,14:10:22
14347,49,400,320,80,first,1,0,1,20,40,11-05-2018,14:10:22
14347,50,250,180,70,first,1,1,0,NA,40,11-05-2018,14:10:22
14347,51,320,380,60,second,0,1,1,21,40,11-05-2018,14:10:22
14347,52,250,340,90,second,0,0,0,NA,40,11-05-2018,14:10:22
14347,53,280,160,120,first,1,0,1,22,40,11-05-2018,14:10:22
14347,54,280,170,110,first,1,1,0,NA,40,11-05-2018,14:10:22
14347,55,150,250,100,second,1,1,0,NA,40,11-05-2018,14:10:22
14347,56,320,410,90,second,1,1,0,NA,40,11-05-2018,14:10:22
14347,57,430,350,80,first,1,1,0,NA,40,11-05-2018,14:10:22
14347,58,320,390,70,second,0,1,1,23,40,11-05-2018,14:10:22
14347,59,350,250,100,first,1,0,1,24,40,11-05-2018,14:10:22
14347,60,440,350,90,first,1,1,0,NA,40,11-05-2018,14:10:22
14347,61,330,250,80,first,1,1,0,NA,40,11-05-2018,14:10:22
14347,62,280,350,70,second,1,1,0,NA,40,11-05-2018,14:10:22
14347,63,220,280,60,second,1,1,0,NA,40,11-05-2018,14:10:22
14347,64,320,270,50,first,1,1,0,NA,40,11-05-2018,14:10:22
14355,1,150,250,100,second,0,NA,NA,NA,100,08-08-2018,11:16:58
14355,2,100,250,150,second,1,0,1,1,100,08-08-2018,11:16:58
14355,3,410,280,130,first,1,1,0,NA,100,08-08-2018,11:16:58
14355,4,430,320,110,first,1,1,0,NA,100,08-08-2018,11:16:58
14355,5,320,230,90,first,1,1,0,NA,100,08-08-2018,11:16:58
14355,6,350,280,70,first,1,1,0,NA,100,08-08-2018,11:16:58
14355,7,320,270,50,first,1,1,0,NA,100,08-08-2018,11:16:58
14355,8,320,280,40,first,0,1,1,2,100,08-08-2018,11:16:58
14355,9,280,350,70,second,0,0,0,NA,100,08-08-2018,11:16:58
14355,10,320,420,100,second,1,0,1,3,100,08-08-2018,11:16:58
14355,11,190,280,90,second,1,1,0,NA,100,08-08-2018,11:16:58
14355,12,350,270,80,first,1,1,0,NA,100,08-08-2018,11:16:58
14355,13,250,180,70,first,1,1,0,NA,100,08-08-2018,11:16:58
14355,14,260,320,60,second,1,1,0,NA,100,08-08-2018,11:16:58
14355,15,300,350,50,second,0,1,1,4,100,08-08-2018,11:16:58
14355,16,360,280,80,first,1,0,1,5,100,08-08-2018,11:16:58
14355,17,350,420,70,second,1,1,0,NA,100,08-08-2018,11:16:58
14355,18,290,350,60,second,0,1,1,6,100,08-08-2018,11:16:58
14355,19,350,440,90,second,1,0,1,7,100,08-08-2018,11:16:58
14355,20,320,400,80,second,0,1,1,8,100,08-08-2018,11:16:58
14355,21,250,360,110,second,1,0,1,9,100,08-08-2018,11:16:58
14355,22,250,350,100,second,0,1,1,10,100,08-08-2018,11:16:58
14355,23,250,120,130,first,1,0,1,11,100,08-08-2018,11:16:58
14355,24,350,470,120,second,1,1,0,NA,100,08-08-2018,11:16:58
14355,25,170,280,110,second,1,1,0,NA,100,08-08-2018,11:16:58
14355,26,420,320,100,first,0,1,1,12,100,08-08-2018,11:16:58
14355,27,410,280,130,first,1,0,1,13,100,08-08-2018,11:16:58
14355,28,320,200,120,first,1,1,0,NA,100,08-08-2018,11:16:58
14355,29,140,250,110,second,1,1,0,NA,100,08-08-2018,11:16:58
14355,30,350,250,100,first,1,1,0,NA,100,08-08-2018,11:16:58
14355,31,250,160,90,first,1,1,0,NA,100,08-08-2018,11:16:58
14355,32,400,320,80,first,1,1,0,NA,100,08-08-2018,11:16:58
14355,33,250,180,70,first,0,1,1,14,100,08-08-2018,11:16:58
14355,34,280,180,100,first,1,0,1,15,100,08-08-2018,11:16:58
14355,35,250,340,90,second,1,1,0,NA,100,08-08-2018,11:16:58
14355,36,430,350,80,first,1,1,0,NA,100,08-08-2018,11:16:58
14355,37,250,320,70,second,1,1,0,NA,100,08-08-2018,11:16:58
14355,38,250,310,60,second,1,1,0,NA,100,08-08-2018,11:16:58
14355,39,300,250,50,first,0,1,1,16,100,08-08-2018,11:16:58
14355,40,330,250,80,first,1,0,1,17,100,08-08-2018,11:16:58
14355,41,280,210,70,first,1,1,0,NA,100,08-08-2018,11:16:58
14355,42,280,340,60,second,1,1,0,NA,100,08-08-2018,11:16:58
14355,43,230,280,50,second,0,1,1,18,100,08-08-2018,11:16:58
14355,44,430,350,80,first,1,0,1,19,100,08-08-2018,11:16:58
14355,45,390,320,70,first,0,1,1,20,100,08-08-2018,11:16:58
14355,46,280,180,100,first,1,0,1,21,100,08-08-2018,11:16:58
14355,47,230,320,90,second,1,1,0,NA,100,08-08-2018,11:16:58
14355,48,430,350,80,first,1,1,0,NA,100,08-08-2018,11:16:58
14355,49,420,350,70,first,1,1,0,NA,100,08-08-2018,11:16:58
14355,50,350,290,60,first,1,1,0,NA,100,08-08-2018,11:16:58
14355,51,200,250,50,second,1,1,0,NA,100,08-08-2018,11:16:58
14355,52,280,320,40,second,1,1,0,NA,100,08-08-2018,11:16:58
14355,53,350,320,30,first,1,1,0,NA,100,08-08-2018,11:16:58
14355,54,320,340,20,second,0,1,1,22,100,08-08-2018,11:16:58
14355,55,300,350,50,second,0,0,0,NA,100,08-08-2018,11:16:58
14355,56,320,400,80,second,0,0,0,NA,100,08-08-2018,11:16:58
14355,57,280,170,110,first,1,0,1,23,100,08-08-2018,11:16:58
14355,58,280,380,100,second,0,1,1,24,100,08-08-2018,11:16:58
14355,59,190,320,130,second,0,0,0,NA,100,08-08-2018,11:16:58
14355,60,400,250,150,first,1,0,1,25,100,08-08-2018,11:16:58
14355,61,140,280,140,second,1,1,0,NA,100,08-08-2018,11:16:58
14355,62,280,410,130,second,1,1,0,NA,100,08-08-2018,11:16:58
14355,63,350,230,120,first,1,1,0,NA,100,08-08-2018,11:16:58
14355,64,350,460,110,second,1,1,0,NA,100,08-08-2018,11:16:58
14385,1,280,380,100,second,1,NA,NA,NA,90,08-06-2018,15:39:03
14385,2,430,350,80,first,1,1,0,NA,90,08-06-2018,15:39:03
14385,3,260,320,60,second,1,1,0,NA,90,08-06-2018,15:39:03
14385,4,290,250,40,first,1,1,0,NA,90,08-06-2018,15:39:03
14385,5,280,300,20,second,1,1,0,NA,90,08-06-2018,15:39:03
14385,6,250,260,10,second,0,1,1,1,90,08-06-2018,15:39:03
14385,7,320,390,70,second,0,0,0,NA,90,08-06-2018,15:39:03
14385,8,420,320,100,first,1,0,1,2,90,08-06-2018,15:39:03
14385,9,350,260,90,first,1,1,0,NA,90,08-06-2018,15:39:03
14385,10,250,170,80,first,1,1,0,NA,90,08-06-2018,15:39:03
14385,11,280,350,70,second,1,1,0,NA,90,08-06-2018,15:39:03
14385,12,320,260,60,first,1,1,0,NA,90,08-06-2018,15:39:03
14385,13,370,320,50,first,1,1,0,NA,90,08-06-2018,15:39:03
14385,14,280,240,40,first,1,1,0,NA,90,08-06-2018,15:39:03
14385,15,350,380,30,second,0,1,1,3,90,08-06-2018,15:39:03
14385,16,340,280,60,first,0,0,0,NA,90,08-06-2018,15:39:03
14385,17,260,350,90,second,1,0,1,4,90,08-06-2018,15:39:03
14385,18,330,250,80,first,1,1,0,NA,90,08-06-2018,15:39:03
14385,19,250,320,70,second,1,1,0,NA,90,08-06-2018,15:39:03
14385,20,280,220,60,first,1,1,0,NA,90,08-06-2018,15:39:03
14385,21,350,400,50,second,1,1,0,NA,90,08-06-2018,15:39:03
14385,22,350,390,40,second,1,1,0,NA,90,08-06-2018,15:39:03
14385,23,350,320,30,first,1,1,0,NA,90,08-06-2018,15:39:03
14385,24,230,250,20,second,0,1,1,5,90,08-06-2018,15:39:03
14385,25,280,330,50,second,1,0,1,6,90,08-06-2018,15:39:03
14385,26,280,240,40,first,0,1,1,7,90,08-06-2018,15:39:03
14385,27,210,280,70,second,0,0,0,NA,90,08-06-2018,15:39:03
14385,28,350,250,100,first,1,0,1,8,90,08-06-2018,15:39:03
14385,29,230,320,90,second,0,1,1,9,90,08-06-2018,15:39:03
14385,30,350,230,120,first,1,0,1,10,90,08-06-2018,15:39:03
14385,31,460,350,110,first,1,1,0,NA,90,08-06-2018,15:39:03
14385,32,220,320,100,second,1,1,0,NA,90,08-06-2018,15:39:03
14385,33,280,190,90,first,1,1,0,NA,90,08-06-2018,15:39:03
14385,34,170,250,80,second,1,1,0,NA,90,08-06-2018,15:39:03
14385,35,320,250,70,first,1,1,0,NA,90,08-06-2018,15:39:03
14385,36,290,350,60,second,0,1,1,11,90,08-06-2018,15:39:03
14385,37,160,250,90,second,1,0,1,12,90,08-06-2018,15:39:03
14385,38,320,240,80,first,1,1,0,NA,90,08-06-2018,15:39:03
14385,39,350,280,70,first,1,1,0,NA,90,08-06-2018,15:39:03
14385,40,250,310,60,second,1,1,0,NA,90,08-06-2018,15:39:03
14385,41,280,330,50,second,0,1,1,13,90,08-06-2018,15:39:03
14385,42,200,280,80,second,1,0,1,14,90,08-06-2018,15:39:03
14385,43,350,420,70,second,0,1,1,15,90,08-06-2018,15:39:03
14385,44,250,150,100,first,1,0,1,16,90,08-06-2018,15:39:03
14385,45,250,340,90,second,1,1,0,NA,90,08-06-2018,15:39:03
14385,46,360,280,80,first,1,1,0,NA,90,08-06-2018,15:39:03
14385,47,420,350,70,first,1,1,0,NA,90,08-06-2018,15:39:03
14385,48,320,380,60,second,1,1,0,NA,90,08-06-2018,15:39:03
14385,49,300,250,50,first,1,1,0,NA,90,08-06-2018,15:39:03
14385,50,250,210,40,first,0,1,1,17,90,08-06-2018,15:39:03
14385,51,320,390,70,second,1,0,1,18,90,08-06-2018,15:39:03
14385,52,220,280,60,second,0,1,1,19,90,08-06-2018,15:39:03
14385,53,260,350,90,second,1,0,1,20,90,08-06-2018,15:39:03
14385,54,250,170,80,first,1,1,0,NA,90,08-06-2018,15:39:03
14385,55,350,280,70,first,1,1,0,NA,90,08-06-2018,15:39:03
14385,56,380,320,60,first,1,1,0,NA,90,08-06-2018,15:39:03
14385,57,300,250,50,first,0,1,1,21,90,08-06-2018,15:39:03
14385,58,320,240,80,first,1,0,1,22,90,08-06-2018,15:39:03
14385,59,350,280,70,first,1,1,0,NA,90,08-06-2018,15:39:03
14385,60,320,380,60,second,1,1,0,NA,90,08-06-2018,15:39:03
14385,61,250,300,50,second,0,1,1,23,90,08-06-2018,15:39:03
14385,62,200,280,80,second,0,0,0,NA,90,08-06-2018,15:39:03
14385,63,460,350,110,first,1,0,1,24,90,08-06-2018,15:39:03
14385,64,150,250,100,second,1,1,0,NA,90,08-06-2018,15:39:03
14387,1,380,280,100,first,1,NA,NA,NA,150,09-17-2018,14:59:21
14387,2,240,320,80,second,0,1,1,1,150,09-17-2018,14:59:21
14387,3,280,140,140,first,1,0,1,2,150,09-17-2018,14:59:21
14387,4,470,350,120,first,1,1,0,NA,150,09-17-2018,14:59:21
14387,5,250,150,100,first,0,1,1,3,150,09-17-2018,14:59:21
14387,6,250,100,150,first,1,0,1,4,150,09-17-2018,14:59:21
14387,7,250,380,130,second,0,1,1,5,150,09-17-2018,14:59:21
14387,8,320,470,150,second,0,0,0,NA,150,09-17-2018,14:59:21
14387,9,320,170,150,first,1,0,1,6,150,09-17-2018,14:59:21
14387,10,460,320,140,first,1,1,0,NA,150,09-17-2018,14:59:21
14387,11,480,350,130,first,0,1,1,7,150,09-17-2018,14:59:21
14387,12,320,170,150,first,1,0,1,8,150,09-17-2018,14:59:21
14387,13,350,210,140,first,1,1,0,NA,150,09-17-2018,14:59:21
14387,14,190,320,130,second,1,1,0,NA,150,09-17-2018,14:59:21
14387,15,130,250,120,second,1,1,0,NA,150,09-17-2018,14:59:21
14387,16,210,320,110,second,0,1,1,9,150,09-17-2018,14:59:21
14387,17,350,210,140,first,1,0,1,10,150,09-17-2018,14:59:21
14387,18,350,480,130,second,1,1,0,NA,150,09-17-2018,14:59:21
14387,19,400,280,120,first,1,1,0,NA,150,09-17-2018,14:59:21
14387,20,210,320,110,second,1,1,0,NA,150,09-17-2018,14:59:21
14387,21,350,450,100,second,1,1,0,NA,150,09-17-2018,14:59:21
14387,22,370,280,90,first,1,1,0,NA,150,09-17-2018,14:59:21
14387,23,400,320,80,first,1,1,0,NA,150,09-17-2018,14:59:21
14387,24,250,320,70,second,0,1,1,11,150,09-17-2018,14:59:21
14387,25,450,350,100,first,1,0,1,12,150,09-17-2018,14:59:21
14387,26,260,350,90,second,1,1,0,NA,150,09-17-2018,14:59:21
14387,27,320,240,80,first,1,1,0,NA,150,09-17-2018,14:59:21
14387,28,180,250,70,second,1,1,0,NA,150,09-17-2018,14:59:21
14387,29,350,410,60,second,0,1,1,13,150,09-17-2018,14:59:21
14387,30,250,160,90,first,1,0,1,14,150,09-17-2018,14:59:21
14387,31,200,280,80,second,0,1,1,15,150,09-17-2018,14:59:21
14387,32,350,460,110,second,1,0,1,16,150,09-17-2018,14:59:21
14387,33,280,380,100,second,1,1,0,NA,150,09-17-2018,14:59:21
14387,34,320,410,90,second,0,1,1,17,150,09-17-2018,14:59:21
14387,35,320,200,120,first,1,0,1,18,150,09-17-2018,14:59:21
14387,36,250,140,110,first,0,1,1,19,150,09-17-2018,14:59:21
14387,37,110,250,140,second,1,0,1,20,150,09-17-2018,14:59:21
14387,38,450,320,130,first,1,1,0,NA,150,09-17-2018,14:59:21
14387,39,370,250,120,first,0,1,1,21,150,09-17-2018,14:59:21
14387,40,280,130,150,first,0,0,0,NA,150,09-17-2018,14:59:21
14387,41,320,470,150,second,1,0,1,22,150,09-17-2018,14:59:21
14387,42,210,350,140,second,0,1,1,23,150,09-17-2018,14:59:21
14387,43,350,200,150,first,1,0,1,24,150,09-17-2018,14:59:21
14387,44,110,250,140,second,0,1,1,25,150,09-17-2018,14:59:21
14387,45,280,430,150,second,0,0,0,NA,150,09-17-2018,14:59:21
14387,46,400,250,150,first,0,0,0,NA,150,09-17-2018,14:59:21
14387,47,430,280,150,first,0,0,0,NA,150,09-17-2018,14:59:21
14387,48,250,400,150,second,0,0,0,NA,150,09-17-2018,14:59:21
14387,49,400,250,150,first,0,0,0,NA,150,09-17-2018,14:59:21
14387,50,280,430,150,second,0,0,0,NA,150,09-17-2018,14:59:21
14387,51,130,280,150,second,1,0,1,26,150,09-17-2018,14:59:21
14387,52,280,140,140,first,1,1,0,NA,150,09-17-2018,14:59:21
14387,53,480,350,130,first,1,1,0,NA,150,09-17-2018,14:59:21
14387,54,280,400,120,second,1,1,0,NA,150,09-17-2018,14:59:21
14387,55,240,350,110,second,0,1,1,27,150,09-17-2018,14:59:21
14387,56,140,280,140,second,1,0,1,28,150,09-17-2018,14:59:21
14387,57,350,220,130,first,1,1,0,NA,150,09-17-2018,14:59:21
14387,58,440,320,120,first,1,1,0,NA,150,09-17-2018,14:59:21
14387,59,240,350,110,second,1,1,0,NA,150,09-17-2018,14:59:21
14387,60,280,180,100,first,1,1,0,NA,150,09-17-2018,14:59:21
14387,61,190,280,90,second,0,1,1,29,150,09-17-2018,14:59:21
14387,62,320,440,120,second,0,0,0,NA,150,09-17-2018,14:59:21
14387,63,400,250,150,first,1,0,1,30,150,09-17-2018,14:59:21
14387,64,250,390,140,second,0,1,1,31,150,09-17-2018,14:59:21
14389,1,320,220,100,first,1,NA,NA,NA,40,08-14-2018,12:43:07
14389,2,320,240,80,first,1,1,0,NA,40,08-14-2018,12:43:07
14389,3,220,280,60,second,1,1,0,NA,40,08-14-2018,12:43:07
14389,4,390,350,40,first,1,1,0,NA,40,08-14-2018,12:43:07
14389,5,300,280,20,first,1,1,0,NA,40,08-14-2018,12:43:07
14389,6,340,350,10,second,1,1,0,NA,40,08-14-2018,12:43:07
14389,7,270,280,10,second,1,1,0,NA,40,08-14-2018,12:43:07
14389,8,280,290,10,second,1,1,0,NA,40,08-14-2018,12:43:07
14389,9,280,290,10,second,0,1,1,1,40,08-14-2018,12:43:07
14389,10,240,280,40,second,1,0,1,2,40,08-14-2018,12:43:07
14389,11,290,320,30,second,1,1,0,NA,40,08-14-2018,12:43:07
14389,12,250,270,20,second,1,1,0,NA,40,08-14-2018,12:43:07
14389,13,330,320,10,first,1,1,0,NA,40,08-14-2018,12:43:07
14389,14,350,360,10,second,0,1,1,3,40,08-14-2018,12:43:07
14389,15,350,310,40,first,1,0,1,4,40,08-14-2018,12:43:07
14389,16,310,280,30,first,1,1,0,NA,40,08-14-2018,12:43:07
14389,17,350,330,20,first,0,1,1,5,40,08-14-2018,12:43:07
14389,18,250,200,50,first,1,0,1,6,40,08-14-2018,12:43:07
14389,19,350,310,40,first,1,1,0,NA,40,08-14-2018,12:43:07
14389,20,280,250,30,first,1,1,0,NA,40,08-14-2018,12:43:07
14389,21,250,230,20,first,0,1,1,7,40,08-14-2018,12:43:07
14389,22,400,350,50,first,1,0,1,8,40,08-14-2018,12:43:07
14389,23,320,360,40,second,1,1,0,NA,40,08-14-2018,12:43:07
14389,24,380,350,30,first,0,1,1,9,40,08-14-2018,12:43:07
14389,25,380,320,60,first,1,0,1,10,40,08-14-2018,12:43:07
14389,26,280,330,50,second,1,1,0,NA,40,08-14-2018,12:43:07
14389,27,320,360,40,second,0,1,1,11,40,08-14-2018,12:43:07
14389,28,250,320,70,second,1,0,1,12,40,08-14-2018,12:43:07
14389,29,350,410,60,second,1,1,0,NA,40,08-14-2018,12:43:07
14389,30,200,250,50,second,1,1,0,NA,40,08-14-2018,12:43:07
14389,31,250,290,40,second,1,1,0,NA,40,08-14-2018,12:43:07
14389,32,290,320,30,second,0,1,1,13,40,08-14-2018,12:43:07
14389,33,310,250,60,first,1,0,1,14,40,08-14-2018,12:43:07
14389,34,280,230,50,first,1,1,0,NA,40,08-14-2018,12:43:07
14389,35,250,290,40,second,1,1,0,NA,40,08-14-2018,12:43:07
14389,36,250,280,30,second,1,1,0,NA,40,08-14-2018,12:43:07
14389,37,250,270,20,second,1,1,0,NA,40,08-14-2018,12:43:07
14389,38,360,350,10,first,1,1,0,NA,40,08-14-2018,12:43:07
14389,39,350,360,10,second,1,1,0,NA,40,08-14-2018,12:43:07
14389,40,330,320,10,first,0,1,1,15,40,08-14-2018,12:43:07
14389,41,320,360,40,second,0,0,0,NA,40,08-14-2018,12:43:07
14389,42,280,210,70,first,1,0,1,16,40,08-14-2018,12:43:07
14389,43,290,350,60,second,1,1,0,NA,40,08-14-2018,12:43:07
14389,44,350,400,50,second,0,1,1,17,40,08-14-2018,12:43:07
14389,45,330,250,80,first,1,0,1,18,40,08-14-2018,12:43:07
14389,46,350,280,70,first,1,1,0,NA,40,08-14-2018,12:43:07
14389,47,260,320,60,second,1,1,0,NA,40,08-14-2018,12:43:07
14389,48,350,300,50,first,1,1,0,NA,40,08-14-2018,12:43:07
14389,49,290,250,40,first,0,1,1,19,40,08-14-2018,12:43:07
14389,50,320,390,70,second,1,0,1,20,40,08-14-2018,12:43:07
14389,51,190,250,60,second,1,1,0,NA,40,08-14-2018,12:43:07
14389,52,300,250,50,first,0,1,1,21,40,08-14-2018,12:43:07
14389,53,400,320,80,first,1,0,1,22,40,08-14-2018,12:43:07
14389,54,280,350,70,second,1,1,0,NA,40,08-14-2018,12:43:07
14389,55,340,280,60,first,1,1,0,NA,40,08-14-2018,12:43:07
14389,56,250,200,50,first,1,1,0,NA,40,08-14-2018,12:43:07
14389,57,310,350,40,second,1,1,0,NA,40,08-14-2018,12:43:07
14389,58,320,290,30,first,1,1,0,NA,40,08-14-2018,12:43:07
14389,59,230,250,20,second,0,1,1,23,40,08-14-2018,12:43:07
14389,60,280,230,50,first,1,0,1,24,40,08-14-2018,12:43:07
14389,61,210,250,40,second,1,1,0,NA,40,08-14-2018,12:43:07
14389,62,320,350,30,second,0,1,1,25,40,08-14-2018,12:43:07
14389,63,320,260,60,first,1,0,1,26,40,08-14-2018,12:43:07
14389,64,250,200,50,first,1,1,0,NA,40,08-14-2018,12:43:07
14409,1,250,350,100,second,1,NA,NA,NA,150,11-27-2018,14:27:24
14409,2,280,200,80,first,1,1,0,NA,150,11-27-2018,14:27:24
14409,3,350,290,60,first,1,1,0,NA,150,11-27-2018,14:27:24
14409,4,390,350,40,first,1,1,0,NA,150,11-27-2018,14:27:24
14409,5,300,280,20,first,1,1,0,NA,150,11-27-2018,14:27:24
14409,6,340,350,10,second,1,1,0,NA,150,11-27-2018,14:27:24
14409,7,360,350,10,first,0,1,1,1,150,11-27-2018,14:27:24
14409,8,250,290,40,second,1,0,1,2,150,11-27-2018,14:27:24
14409,9,380,350,30,first,1,1,0,NA,150,11-27-2018,14:27:24
14409,10,350,370,20,second,0,1,1,3,150,11-27-2018,14:27:24
14409,11,350,300,50,first,1,0,1,4,150,11-27-2018,14:27:24
14409,12,280,320,40,second,1,1,0,NA,150,11-27-2018,14:27:24
14409,13,350,380,30,second,0,1,1,5,150,11-27-2018,14:27:24
14409,14,250,310,60,second,1,0,1,6,150,11-27-2018,14:27:24
14409,15,320,270,50,first,1,1,0,NA,150,11-27-2018,14:27:24
14409,16,240,280,40,second,1,1,0,NA,150,11-27-2018,14:27:24
14409,17,250,280,30,second,1,1,0,NA,150,11-27-2018,14:27:24
14409,18,300,320,20,second,0,1,1,7,150,11-27-2018,14:27:24
14409,19,320,270,50,first,1,0,1,8,150,11-27-2018,14:27:24
14409,20,210,250,40,second,1,1,0,NA,150,11-27-2018,14:27:24
14409,21,320,350,30,second,0,1,1,9,150,11-27-2018,14:27:24
14409,22,250,190,60,first,1,0,1,10,150,11-27-2018,14:27:24
14409,23,270,320,50,second,1,1,0,NA,150,11-27-2018,14:27:24
14409,24,280,320,40,second,1,1,0,NA,150,11-27-2018,14:27:24
14409,25,220,250,30,second,1,1,0,NA,150,11-27-2018,14:27:24
14409,26,300,320,20,second,1,1,0,NA,150,11-27-2018,14:27:24
14409,27,330,320,10,first,0,1,1,11,150,11-27-2018,14:27:24
14409,28,250,210,40,first,1,0,1,12,150,11-27-2018,14:27:24
14409,29,320,350,30,second,1,1,0,NA,150,11-27-2018,14:27:24
14409,30,340,320,20,first,1,1,0,NA,150,11-27-2018,14:27:24
14409,31,280,270,10,first,1,1,0,NA,150,11-27-2018,14:27:24
14409,32,260,250,10,first,1,1,0,NA,150,11-27-2018,14:27:24
14409,33,350,360,10,second,1,1,0,NA,150,11-27-2018,14:27:24
14409,34,280,270,10,first,1,1,0,NA,150,11-27-2018,14:27:24
14409,35,350,360,10,second,1,1,0,NA,150,11-27-2018,14:27:24
14409,36,270,280,10,second,1,1,0,NA,150,11-27-2018,14:27:24
14409,37,320,330,10,second,1,1,0,NA,150,11-27-2018,14:27:24
14409,38,250,240,10,first,1,1,0,NA,150,11-27-2018,14:27:24
14409,39,250,240,10,first,1,1,0,NA,150,11-27-2018,14:27:24
14409,40,260,250,10,first,1,1,0,NA,150,11-27-2018,14:27:24
14409,41,290,280,10,first,1,1,0,NA,150,11-27-2018,14:27:24
14409,42,320,330,10,second,1,1,0,NA,150,11-27-2018,14:27:24
14409,43,270,280,10,second,1,1,0,NA,150,11-27-2018,14:27:24
14409,44,320,330,10,second,1,1,0,NA,150,11-27-2018,14:27:24
14409,45,280,270,10,first,0,1,1,13,150,11-27-2018,14:27:24
14409,46,320,280,40,first,0,0,0,NA,150,11-27-2018,14:27:24
14409,47,180,250,70,second,1,0,1,14,150,11-27-2018,14:27:24
14409,48,410,350,60,first,0,1,1,15,150,11-27-2018,14:27:24
14409,49,350,260,90,first,1,0,1,16,150,11-27-2018,14:27:24
14409,50,280,360,80,second,1,1,0,NA,150,11-27-2018,14:27:24
14409,51,320,250,70,first,1,1,0,NA,150,11-27-2018,14:27:24
14409,52,280,340,60,second,1,1,0,NA,150,11-27-2018,14:27:24
14409,53,320,270,50,first,1,1,0,NA,150,11-27-2018,14:27:24
14409,54,320,280,40,first,1,1,0,NA,150,11-27-2018,14:27:24
14409,55,350,320,30,first,0,1,1,17,150,11-27-2018,14:27:24
14409,56,350,290,60,first,0,0,0,NA,150,11-27-2018,14:27:24
14409,57,160,250,90,second,1,0,1,18,150,11-27-2018,14:27:24
14409,58,280,360,80,second,1,1,0,NA,150,11-27-2018,14:27:24
14409,59,320,390,70,second,0,1,1,19,150,11-27-2018,14:27:24
14409,60,350,250,100,first,0,0,0,NA,150,11-27-2018,14:27:24
14409,61,250,380,130,second,0,0,0,NA,150,11-27-2018,14:27:24
14409,62,200,350,150,second,1,0,1,20,150,11-27-2018,14:27:24
14409,63,390,250,140,first,1,1,0,NA,150,11-27-2018,14:27:24
14409,64,450,320,130,first,0,1,1,21,150,11-27-2018,14:27:24
14413,1,380,280,100,first,1,NA,NA,NA,40,08-16-2018,15:30:58
14413,2,200,280,80,second,1,1,0,NA,40,08-16-2018,15:30:58
14413,3,380,320,60,first,1,1,0,NA,40,08-16-2018,15:30:58
14413,4,350,310,40,first,1,1,0,NA,40,08-16-2018,15:30:58
14413,5,320,300,20,first,1,1,0,NA,40,08-16-2018,15:30:58
14413,6,320,330,10,second,1,1,0,NA,40,08-16-2018,15:30:58
14413,7,260,250,10,first,1,1,0,NA,40,08-16-2018,15:30:58
14413,8,250,240,10,first,0,1,1,1,40,08-16-2018,15:30:58
14413,9,290,250,40,first,1,0,1,2,40,08-16-2018,15:30:58
14413,10,250,280,30,second,0,1,1,3,40,08-16-2018,15:30:58
14413,11,410,350,60,first,1,0,1,4,40,08-16-2018,15:30:58
14413,12,250,300,50,second,1,1,0,NA,40,08-16-2018,15:30:58
14413,13,390,350,40,first,1,1,0,NA,40,08-16-2018,15:30:58
14413,14,280,250,30,first,1,1,0,NA,40,08-16-2018,15:30:58
14413,15,320,340,20,second,0,1,1,5,40,08-16-2018,15:30:58
14413,16,350,400,50,second,1,0,1,6,40,08-16-2018,15:30:58
14413,17,280,320,40,second,0,1,1,7,40,08-16-2018,15:30:58
14413,18,250,320,70,second,0,0,0,NA,40,08-16-2018,15:30:58
14413,19,150,250,100,second,1,0,1,8,40,08-16-2018,15:30:58
14413,20,160,250,90,second,1,1,0,NA,40,08-16-2018,15:30:58
14413,21,170,250,80,second,0,1,1,9,40,08-16-2018,15:30:58
14413,22,280,170,110,first,1,0,1,10,40,08-16-2018,15:30:58
14413,23,350,450,100,second,1,1,0,NA,40,08-16-2018,15:30:58
14413,24,350,440,90,second,1,1,0,NA,40,08-16-2018,15:30:58
14413,25,240,320,80,second,1,1,0,NA,40,08-16-2018,15:30:58
14413,26,420,350,70,first,0,1,1,11,40,08-16-2018,15:30:58
14413,27,420,320,100,first,1,0,1,12,40,08-16-2018,15:30:58
14413,28,370,280,90,first,1,1,0,NA,40,08-16-2018,15:30:58
14413,29,200,280,80,second,1,1,0,NA,40,08-16-2018,15:30:58
14413,30,280,350,70,second,1,1,0,NA,40,08-16-2018,15:30:58
14413,31,260,320,60,second,0,1,1,13,40,08-16-2018,15:30:58
14413,32,230,320,90,second,1,0,1,14,40,08-16-2018,15:30:58
14413,33,200,280,80,second,1,1,0,NA,40,08-16-2018,15:30:58
14413,34,280,350,70,second,1,1,0,NA,40,08-16-2018,15:30:58
14413,35,280,220,60,first,1,1,0,NA,40,08-16-2018,15:30:58
14413,36,250,300,50,second,1,1,0,NA,40,08-16-2018,15:30:58
14413,37,360,320,40,first,0,1,1,15,40,08-16-2018,15:30:58
14413,38,350,280,70,first,1,0,1,16,40,08-16-2018,15:30:58
14413,39,190,250,60,second,1,1,0,NA,40,08-16-2018,15:30:58
14413,40,350,300,50,first,1,1,0,NA,40,08-16-2018,15:30:58
14413,41,320,280,40,first,1,1,0,NA,40,08-16-2018,15:30:58
14413,42,280,250,30,first,1,1,0,NA,40,08-16-2018,15:30:58
14413,43,300,280,20,first,1,1,0,NA,40,08-16-2018,15:30:58
14413,44,320,310,10,first,0,1,1,17,40,08-16-2018,15:30:58
14413,45,310,350,40,second,1,0,1,18,40,08-16-2018,15:30:58
14413,46,320,350,30,second,0,1,1,19,40,08-16-2018,15:30:58
14413,47,250,190,60,first,0,0,0,NA,40,08-16-2018,15:30:58
14413,48,250,160,90,first,1,0,1,20,40,08-16-2018,15:30:58
14413,49,350,270,80,first,1,1,0,NA,40,08-16-2018,15:30:58
14413,50,350,280,70,first,0,1,1,21,40,08-16-2018,15:30:58
14413,51,280,380,100,second,0,0,0,NA,40,08-16-2018,15:30:58
14413,52,380,250,130,first,1,0,1,22,40,08-16-2018,15:30:58
14413,53,320,440,120,second,1,1,0,NA,40,08-16-2018,15:30:58
14413,54,430,320,110,first,1,1,0,NA,40,08-16-2018,15:30:58
14413,55,280,380,100,second,1,1,0,NA,40,08-16-2018,15:30:58
14413,56,350,440,90,second,1,1,0,NA,40,08-16-2018,15:30:58
14413,57,430,350,80,first,1,1,0,NA,40,08-16-2018,15:30:58
14413,58,280,210,70,first,1,1,0,NA,40,08-16-2018,15:30:58
14413,59,280,340,60,second,1,1,0,NA,40,08-16-2018,15:30:58
14413,60,250,300,50,second,0,1,1,23,40,08-16-2018,15:30:58
14413,61,270,350,80,second,1,0,1,24,40,08-16-2018,15:30:58
14413,62,320,250,70,first,1,1,0,NA,40,08-16-2018,15:30:58
14413,63,290,350,60,second,1,1,0,NA,40,08-16-2018,15:30:58
14413,64,250,200,50,first,1,1,0,NA,40,08-16-2018,15:30:58
14421,1,280,380,100,second,1,NA,NA,NA,40,08-07-2018,15:06:05
14421,2,170,250,80,second,1,1,0,NA,40,08-07-2018,15:06:05
14421,3,190,250,60,second,0,1,1,1,40,08-07-2018,15:06:05
14421,4,230,350,120,second,1,0,1,2,40,08-07-2018,15:06:05
14421,5,350,250,100,first,1,1,0,NA,40,08-07-2018,15:06:05
14421,6,200,280,80,second,1,1,0,NA,40,08-07-2018,15:06:05
14421,7,260,320,60,second,1,1,0,NA,40,08-07-2018,15:06:05
14421,8,300,350,50,second,1,1,0,NA,40,08-07-2018,15:06:05
14421,9,280,320,40,second,1,1,0,NA,40,08-07-2018,15:06:05
14421,10,350,320,30,first,1,1,0,NA,40,08-07-2018,15:06:05
14421,11,230,250,20,second,0,1,1,3,40,08-07-2018,15:06:05
14421,12,350,400,50,second,1,0,1,4,40,08-07-2018,15:06:05
14421,13,210,250,40,second,0,1,1,5,40,08-07-2018,15:06:05
14421,14,350,280,70,first,1,0,1,6,40,08-07-2018,15:06:05
14421,15,310,250,60,first,1,1,0,NA,40,08-07-2018,15:06:05
14421,16,400,350,50,first,1,1,0,NA,40,08-07-2018,15:06:05
14421,17,250,210,40,first,1,1,0,NA,40,08-07-2018,15:06:05
14421,18,320,350,30,second,1,1,0,NA,40,08-07-2018,15:06:05
14421,19,370,350,20,first,1,1,0,NA,40,08-07-2018,15:06:05
14421,20,330,320,10,first,1,1,0,NA,40,08-07-2018,15:06:05
14421,21,350,360,10,second,1,1,0,NA,40,08-07-2018,15:06:05
14421,22,340,350,10,second,0,1,1,7,40,08-07-2018,15:06:05
14421,23,350,310,40,first,1,0,1,8,40,08-07-2018,15:06:05
14421,24,320,290,30,first,1,1,0,NA,40,08-07-2018,15:06:05
14421,25,250,270,20,second,1,1,0,NA,40,08-07-2018,15:06:05
14421,26,310,320,10,second,0,1,1,9,40,08-07-2018,15:06:05
14421,27,250,210,40,first,1,0,1,10,40,08-07-2018,15:06:05
14421,28,320,350,30,second,1,1,0,NA,40,08-07-2018,15:06:05
14421,29,270,250,20,first,1,1,0,NA,40,08-07-2018,15:06:05
14421,30,360,350,10,first,0,1,1,11,40,08-07-2018,15:06:05
14421,31,320,280,40,first,1,0,1,12,40,08-07-2018,15:06:05
14421,32,280,250,30,first,1,1,0,NA,40,08-07-2018,15:06:05
14421,33,300,280,20,first,1,1,0,NA,40,08-07-2018,15:06:05
14421,34,320,330,10,second,1,1,0,NA,40,08-07-2018,15:06:05
14421,35,250,260,10,second,0,1,1,13,40,08-07-2018,15:06:05
14421,36,350,390,40,second,1,0,1,14,40,08-07-2018,15:06:05
14421,37,280,250,30,first,1,1,0,NA,40,08-07-2018,15:06:05
14421,38,350,370,20,second,1,1,0,NA,40,08-07-2018,15:06:05
14421,39,250,260,10,second,0,1,1,15,40,08-07-2018,15:06:05
14421,40,320,280,40,first,1,0,1,16,40,08-07-2018,15:06:05
14421,41,280,250,30,first,1,1,0,NA,40,08-07-2018,15:06:05
14421,42,340,320,20,first,1,1,0,NA,40,08-07-2018,15:06:05
14421,43,250,260,10,second,1,1,0,NA,40,08-07-2018,15:06:05
14421,44,270,280,10,second,0,1,1,17,40,08-07-2018,15:06:05
14421,45,280,320,40,second,1,0,1,18,40,08-07-2018,15:06:05
14421,46,320,290,30,first,1,1,0,NA,40,08-07-2018,15:06:05
14421,47,260,280,20,second,1,1,0,NA,40,08-07-2018,15:06:05
14421,48,290,280,10,first,0,1,1,19,40,08-07-2018,15:06:05
14421,49,240,280,40,second,0,0,0,NA,40,08-07-2018,15:06:05
14421,50,250,180,70,first,1,0,1,20,40,08-07-2018,15:06:05
14421,51,280,340,60,second,1,1,0,NA,40,08-07-2018,15:06:05
14421,52,320,370,50,second,1,1,0,NA,40,08-07-2018,15:06:05
14421,53,320,280,40,first,1,1,0,NA,40,08-07-2018,15:06:05
14421,54,280,250,30,first,1,1,0,NA,40,08-07-2018,15:06:05
14421,55,340,320,20,first,0,1,1,21,40,08-07-2018,15:06:05
14421,56,280,330,50,second,0,0,0,NA,40,08-07-2018,15:06:05
14421,57,320,240,80,first,1,0,1,22,40,08-07-2018,15:06:05
14421,58,320,250,70,first,1,1,0,NA,40,08-07-2018,15:06:05
14421,59,310,250,60,first,1,1,0,NA,40,08-07-2018,15:06:05
14421,60,350,300,50,first,1,1,0,NA,40,08-07-2018,15:06:05
14421,61,320,360,40,second,1,1,0,NA,40,08-07-2018,15:06:05
14421,62,380,350,30,first,1,1,0,NA,40,08-07-2018,15:06:05
14421,63,300,320,20,second,0,1,1,23,40,08-07-2018,15:06:05
14421,64,250,200,50,first,1,0,1,24,40,08-07-2018,15:06:05
14427,1,420,320,100,first,1,NA,NA,NA,40,08-27-2018,15:21:57
14427,2,430,350,80,first,1,1,0,NA,40,08-27-2018,15:21:57
14427,3,250,190,60,first,1,1,0,NA,40,08-27-2018,15:21:57
14427,4,250,290,40,second,1,1,0,NA,40,08-27-2018,15:21:57
14427,5,300,280,20,first,0,1,1,1,40,08-27-2018,15:21:57
14427,6,320,240,80,first,1,0,1,2,40,08-27-2018,15:21:57
14427,7,350,290,60,first,1,1,0,NA,40,08-27-2018,15:21:57
14427,8,200,250,50,second,1,1,0,NA,40,08-27-2018,15:21:57
14427,9,250,290,40,second,0,1,1,3,40,08-27-2018,15:21:57
14427,10,350,280,70,first,1,0,1,4,40,08-27-2018,15:21:57
14427,11,350,410,60,second,1,1,0,NA,40,08-27-2018,15:21:57
14427,12,280,230,50,first,1,1,0,NA,40,08-27-2018,15:21:57
14427,13,250,290,40,second,1,1,0,NA,40,08-27-2018,15:21:57
14427,14,250,280,30,second,0,1,1,5,40,08-27-2018,15:21:57
14427,15,380,320,60,first,1,0,1,6,40,08-27-2018,15:21:57
14427,16,200,250,50,second,1,1,0,NA,40,08-27-2018,15:21:57
14427,17,280,320,40,second,0,1,1,7,40,08-27-2018,15:21:57
14427,18,280,350,70,second,1,0,1,8,40,08-27-2018,15:21:57
14427,19,320,380,60,second,1,1,0,NA,40,08-27-2018,15:21:57
14427,20,330,280,50,first,0,1,1,9,40,08-27-2018,15:21:57
14427,21,350,430,80,second,1,0,1,10,40,08-27-2018,15:21:57
14427,22,280,210,70,first,1,1,0,NA,40,08-27-2018,15:21:57
14427,23,260,320,60,second,1,1,0,NA,40,08-27-2018,15:21:57
14427,24,370,320,50,first,1,1,0,NA,40,08-27-2018,15:21:57
14427,25,280,320,40,second,0,1,1,11,40,08-27-2018,15:21:57
14427,26,320,250,70,first,1,0,1,12,40,08-27-2018,15:21:57
14427,27,310,250,60,first,1,1,0,NA,40,08-27-2018,15:21:57
14427,28,280,230,50,first,1,1,0,NA,40,08-27-2018,15:21:57
14427,29,240,280,40,second,1,1,0,NA,40,08-27-2018,15:21:57
14427,30,320,290,30,first,1,1,0,NA,40,08-27-2018,15:21:57
14427,31,320,340,20,second,0,1,1,13,40,08-27-2018,15:21:57
14427,32,300,250,50,first,1,0,1,14,40,08-27-2018,15:21:57
14427,33,290,250,40,first,1,1,0,NA,40,08-27-2018,15:21:57
14427,34,380,350,30,first,1,1,0,NA,40,08-27-2018,15:21:57
14427,35,230,250,20,second,1,1,0,NA,40,08-27-2018,15:21:57
14427,36,250,260,10,second,1,1,0,NA,40,08-27-2018,15:21:57
14427,37,280,290,10,second,1,1,0,NA,40,08-27-2018,15:21:57
14427,38,280,270,10,first,0,1,1,15,40,08-27-2018,15:21:57
14427,39,210,250,40,second,1,0,1,16,40,08-27-2018,15:21:57
14427,40,250,220,30,first,1,1,0,NA,40,08-27-2018,15:21:57
14427,41,250,230,20,first,0,1,1,17,40,08-27-2018,15:21:57
14427,42,350,300,50,first,1,0,1,18,40,08-27-2018,15:21:57
14427,43,280,320,40,second,1,1,0,NA,40,08-27-2018,15:21:57
14427,44,380,350,30,first,1,1,0,NA,40,08-27-2018,15:21:57
14427,45,250,230,20,first,1,1,0,NA,40,08-27-2018,15:21:57
14427,46,270,280,10,second,1,1,0,NA,40,08-27-2018,15:21:57
14427,47,290,280,10,first,1,1,0,NA,40,08-27-2018,15:21:57
14427,48,310,320,10,second,0,1,1,19,40,08-27-2018,15:21:57
14427,49,310,350,40,second,0,0,0,NA,40,08-27-2018,15:21:57
14427,50,420,350,70,first,1,0,1,20,40,08-27-2018,15:21:57
14427,51,350,410,60,second,1,1,0,NA,40,08-27-2018,15:21:57
14427,52,270,320,50,second,1,1,0,NA,40,08-27-2018,15:21:57
14427,53,320,280,40,first,1,1,0,NA,40,08-27-2018,15:21:57
14427,54,350,320,30,first,1,1,0,NA,40,08-27-2018,15:21:57
14427,55,280,300,20,second,1,1,0,NA,40,08-27-2018,15:21:57
14427,56,320,310,10,first,0,1,1,21,40,08-27-2018,15:21:57
14427,57,310,350,40,second,0,0,0,NA,40,08-27-2018,15:21:57
14427,58,390,320,70,first,1,0,1,22,40,08-27-2018,15:21:57
14427,59,350,410,60,second,1,1,0,NA,40,08-27-2018,15:21:57
14427,60,320,370,50,second,1,1,0,NA,40,08-27-2018,15:21:57
14427,61,320,280,40,first,1,1,0,NA,40,08-27-2018,15:21:57
14427,62,250,280,30,second,1,1,0,NA,40,08-27-2018,15:21:57
14427,63,330,350,20,second,0,1,1,23,40,08-27-2018,15:21:57
14427,64,320,370,50,second,1,0,1,24,40,08-27-2018,15:21:57
14433,1,150,250,100,second,1,NA,NA,NA,60,08-02-2018,12:05:54
14433,2,430,350,80,first,1,1,0,NA,60,08-02-2018,12:05:54
14433,3,260,320,60,second,1,1,0,NA,60,08-02-2018,12:05:54
14433,4,390,350,40,first,1,1,0,NA,60,08-02-2018,12:05:54
14433,5,300,320,20,second,0,1,1,1,60,08-02-2018,12:05:54
14433,6,350,270,80,first,1,0,1,2,60,08-02-2018,12:05:54
14433,7,250,310,60,second,0,1,1,3,60,08-02-2018,12:05:54
14433,8,250,340,90,second,1,0,1,4,60,08-02-2018,12:05:54
14433,9,360,280,80,first,1,1,0,NA,60,08-02-2018,12:05:54
14433,10,320,250,70,first,1,1,0,NA,60,08-02-2018,12:05:54
14433,11,310,250,60,first,1,1,0,NA,60,08-02-2018,12:05:54
14433,12,370,320,50,first,1,1,0,NA,60,08-02-2018,12:05:54
14433,13,280,320,40,second,1,1,0,NA,60,08-02-2018,12:05:54
14433,14,290,320,30,second,0,1,1,5,60,08-02-2018,12:05:54
14433,15,190,250,60,second,1,0,1,6,60,08-02-2018,12:05:54
14433,16,320,270,50,first,1,1,0,NA,60,08-02-2018,12:05:54
14433,17,350,310,40,first,1,1,0,NA,60,08-02-2018,12:05:54
14433,18,350,320,30,first,0,1,1,7,60,08-02-2018,12:05:54
14433,19,320,260,60,first,1,0,1,8,60,08-02-2018,12:05:54
14433,20,330,280,50,first,1,1,0,NA,60,08-02-2018,12:05:54
14433,21,240,280,40,second,1,1,0,NA,60,08-02-2018,12:05:54
14433,22,320,350,30,second,1,1,0,NA,60,08-02-2018,12:05:54
14433,23,370,350,20,first,0,1,1,9,60,08-02-2018,12:05:54
14433,24,280,230,50,first,1,0,1,10,60,08-02-2018,12:05:54
14433,25,350,390,40,second,1,1,0,NA,60,08-02-2018,12:05:54
14433,26,320,350,30,second,0,1,1,11,60,08-02-2018,12:05:54
14433,27,250,310,60,second,1,0,1,12,60,08-02-2018,12:05:54
14433,28,230,280,50,second,1,1,0,NA,60,08-02-2018,12:05:54
14433,29,280,240,40,first,1,1,0,NA,60,08-02-2018,12:05:54
14433,30,250,220,30,first,1,1,0,NA,60,08-02-2018,12:05:54
14433,31,320,340,20,second,1,1,0,NA,60,08-02-2018,12:05:54
14433,32,350,340,10,first,0,1,1,13,60,08-02-2018,12:05:54
14433,33,210,250,40,second,0,0,0,NA,60,08-02-2018,12:05:54
14433,34,280,210,70,first,1,0,1,14,60,08-02-2018,12:05:54
14433,35,290,350,60,second,1,1,0,NA,60,08-02-2018,12:05:54
14433,36,370,320,50,first,1,1,0,NA,60,08-02-2018,12:05:54
14433,37,280,320,40,second,1,1,0,NA,60,08-02-2018,12:05:54
14433,38,350,320,30,first,0,1,1,15,60,08-02-2018,12:05:54
14433,39,320,260,60,first,1,0,1,16,60,08-02-2018,12:05:54
14433,40,330,280,50,first,1,1,0,NA,60,08-02-2018,12:05:54
14433,41,320,280,40,first,1,1,0,NA,60,08-02-2018,12:05:54
14433,42,320,350,30,second,0,1,1,17,60,08-02-2018,12:05:54
14433,43,220,280,60,second,1,0,1,18,60,08-02-2018,12:05:54
14433,44,330,280,50,first,1,1,0,NA,60,08-02-2018,12:05:54
14433,45,360,320,40,first,1,1,0,NA,60,08-02-2018,12:05:54
14433,46,350,380,30,second,1,1,0,NA,60,08-02-2018,12:05:54
14433,47,300,320,20,second,1,1,0,NA,60,08-02-2018,12:05:54
14433,48,360,350,10,first,0,1,1,19,60,08-02-2018,12:05:54
14433,49,280,240,40,first,1,0,1,20,60,08-02-2018,12:05:54
14433,50,320,350,30,second,1,1,0,NA,60,08-02-2018,12:05:54
14433,51,350,370,20,second,1,1,0,NA,60,08-02-2018,12:05:54
14433,52,250,240,10,first,1,1,0,NA,60,08-02-2018,12:05:54
14433,53,280,290,10,second,1,1,0,NA,60,08-02-2018,12:05:54
14433,54,340,350,10,second,0,1,1,21,60,08-02-2018,12:05:54
14433,55,280,320,40,second,1,0,1,22,60,08-02-2018,12:05:54
14433,56,320,350,30,second,0,1,1,23,60,08-02-2018,12:05:54
14433,57,250,190,60,first,1,0,1,24,60,08-02-2018,12:05:54
14433,58,300,250,50,first,1,1,0,NA,60,08-02-2018,12:05:54
14433,59,240,280,40,second,1,1,0,NA,60,08-02-2018,12:05:54
14433,60,280,250,30,first,0,1,1,25,60,08-02-2018,12:05:54
14433,61,190,250,60,second,0,0,0,NA,60,08-02-2018,12:05:54
14433,62,250,340,90,second,1,0,1,26,60,08-02-2018,12:05:54
14433,63,350,430,80,second,1,1,0,NA,60,08-02-2018,12:05:54
14433,64,250,180,70,first,1,1,0,NA,60,08-02-2018,12:05:54
14443,1,280,380,100,second,1,NA,NA,NA,50,09-27-2018,11:40:24
14443,2,330,250,80,first,1,1,0,NA,50,09-27-2018,11:40:24
14443,3,260,320,60,second,1,1,0,NA,50,09-27-2018,11:40:24
14443,4,360,320,40,first,1,1,0,NA,50,09-27-2018,11:40:24
14443,5,280,260,20,first,1,1,0,NA,50,09-27-2018,11:40:24
14443,6,250,240,10,first,1,1,0,NA,50,09-27-2018,11:40:24
14443,7,350,340,10,first,1,1,0,NA,50,09-27-2018,11:40:24
14443,8,290,280,10,first,1,1,0,NA,50,09-27-2018,11:40:24
14443,9,340,350,10,second,0,1,1,1,50,09-27-2018,11:40:24
14443,10,280,240,40,first,1,0,1,2,50,09-27-2018,11:40:24
14443,11,350,320,30,first,1,1,0,NA,50,09-27-2018,11:40:24
14443,12,280,260,20,first,1,1,0,NA,50,09-27-2018,11:40:24
14443,13,240,250,10,second,0,1,1,3,50,09-27-2018,11:40:24
14443,14,280,320,40,second,1,0,1,4,50,09-27-2018,11:40:24
14443,15,250,220,30,first,1,1,0,NA,50,09-27-2018,11:40:24
14443,16,320,300,20,first,1,1,0,NA,50,09-27-2018,11:40:24
14443,17,320,310,10,first,1,1,0,NA,50,09-27-2018,11:40:24
14443,18,280,290,10,second,0,1,1,5,50,09-27-2018,11:40:24
14443,19,280,320,40,second,1,0,1,6,50,09-27-2018,11:40:24
14443,20,250,280,30,second,1,1,0,NA,50,09-27-2018,11:40:24
14443,21,280,300,20,second,0,1,1,7,50,09-27-2018,11:40:24
14443,22,320,270,50,first,1,0,1,8,50,09-27-2018,11:40:24
14443,23,350,310,40,first,1,1,0,NA,50,09-27-2018,11:40:24
14443,24,380,350,30,first,0,1,1,9,50,09-27-2018,11:40:24
14443,25,250,310,60,second,0,0,0,NA,50,09-27-2018,11:40:24
14443,26,340,250,90,first,1,0,1,10,50,09-27-2018,11:40:24
14443,27,400,320,80,first,1,1,0,NA,50,09-27-2018,11:40:24
14443,28,350,280,70,first,1,1,0,NA,50,09-27-2018,11:40:24
14443,29,310,250,60,first,1,1,0,NA,50,09-27-2018,11:40:24
14443,30,320,370,50,second,1,1,0,NA,50,09-27-2018,11:40:24
14443,31,250,210,40,first,1,1,0,NA,50,09-27-2018,11:40:24
14443,32,250,280,30,second,0,1,1,11,50,09-27-2018,11:40:24
14443,33,280,340,60,second,0,0,0,NA,50,09-27-2018,11:40:24
14443,34,440,350,90,first,1,0,1,12,50,09-27-2018,11:40:24
14443,35,250,170,80,first,1,1,0,NA,50,09-27-2018,11:40:24
14443,36,350,420,70,second,1,1,0,NA,50,09-27-2018,11:40:24
14443,37,320,260,60,first,1,1,0,NA,50,09-27-2018,11:40:24
14443,38,330,280,50,first,1,1,0,NA,50,09-27-2018,11:40:24
14443,39,310,350,40,second,1,1,0,NA,50,09-27-2018,11:40:24
14443,40,250,280,30,second,1,1,0,NA,50,09-27-2018,11:40:24
14443,41,350,370,20,second,1,1,0,NA,50,09-27-2018,11:40:24
14443,42,290,280,10,first,1,1,0,NA,50,09-27-2018,11:40:24
14443,43,360,350,10,first,1,1,0,NA,50,09-27-2018,11:40:24
14443,44,350,360,10,second,1,1,0,NA,50,09-27-2018,11:40:24
14443,45,350,340,10,first,1,1,0,NA,50,09-27-2018,11:40:24
14443,46,350,340,10,first,1,1,0,NA,50,09-27-2018,11:40:24
14443,47,320,330,10,second,1,1,0,NA,50,09-27-2018,11:40:24
14443,48,350,360,10,second,1,1,0,NA,50,09-27-2018,11:40:24
14443,49,270,280,10,second,0,1,1,13,50,09-27-2018,11:40:24
14443,50,290,250,40,first,1,0,1,14,50,09-27-2018,11:40:24
14443,51,320,350,30,second,0,1,1,15,50,09-27-2018,11:40:24
14443,52,320,380,60,second,1,0,1,16,50,09-27-2018,11:40:24
14443,53,200,250,50,second,0,1,1,17,50,09-27-2018,11:40:24
14443,54,400,320,80,first,1,0,1,18,50,09-27-2018,11:40:24
14443,55,180,250,70,second,1,1,0,NA,50,09-27-2018,11:40:24
14443,56,280,220,60,first,1,1,0,NA,50,09-27-2018,11:40:24
14443,57,250,300,50,second,1,1,0,NA,50,09-27-2018,11:40:24
14443,58,250,290,40,second,1,1,0,NA,50,09-27-2018,11:40:24
14443,59,320,350,30,second,0,1,1,19,50,09-27-2018,11:40:24
14443,60,410,350,60,first,1,0,1,20,50,09-27-2018,11:40:24
14443,61,320,370,50,second,1,1,0,NA,50,09-27-2018,11:40:24
14443,62,250,290,40,second,0,1,1,21,50,09-27-2018,11:40:24
14443,63,250,320,70,second,1,0,1,22,50,09-27-2018,11:40:24
14443,64,190,250,60,second,1,1,0,NA,50,09-27-2018,11:40:24
14445,1,150,250,100,second,1,NA,NA,NA,70,08-13-2018,15:21:20
14445,2,330,250,80,first,1,1,0,NA,70,08-13-2018,15:21:20
14445,3,250,310,60,second,1,1,0,NA,70,08-13-2018,15:21:20
14445,4,320,360,40,second,0,1,1,1,70,08-13-2018,15:21:20
14445,5,250,150,100,first,1,0,1,2,70,08-13-2018,15:21:20
14445,6,250,170,80,first,1,1,0,NA,70,08-13-2018,15:21:20
14445,7,220,280,60,second,1,1,0,NA,70,08-13-2018,15:21:20
14445,8,350,300,50,first,1,1,0,NA,70,08-13-2018,15:21:20
14445,9,280,240,40,first,1,1,0,NA,70,08-13-2018,15:21:20
14445,10,290,320,30,second,1,1,0,NA,70,08-13-2018,15:21:20
14445,11,230,250,20,second,1,1,0,NA,70,08-13-2018,15:21:20
14445,12,290,280,10,first,1,1,0,NA,70,08-13-2018,15:21:20
14445,13,240,250,10,second,0,1,1,3,70,08-13-2018,15:21:20
14445,14,290,250,40,first,1,0,1,4,70,08-13-2018,15:21:20
14445,15,280,250,30,first,0,1,1,5,70,08-13-2018,15:21:20
14445,16,320,380,60,second,1,0,1,6,70,08-13-2018,15:21:20
14445,17,350,300,50,first,1,1,0,NA,70,08-13-2018,15:21:20
14445,18,350,390,40,second,1,1,0,NA,70,08-13-2018,15:21:20
14445,19,250,220,30,first,1,1,0,NA,70,08-13-2018,15:21:20
14445,20,340,320,20,first,1,1,0,NA,70,08-13-2018,15:21:20
14445,21,280,290,10,second,1,1,0,NA,70,08-13-2018,15:21:20
14445,22,280,290,10,second,1,1,0,NA,70,08-13-2018,15:21:20
14445,23,250,260,10,second,1,1,0,NA,70,08-13-2018,15:21:20
14445,24,350,360,10,second,0,1,1,7,70,08-13-2018,15:21:20
14445,25,240,280,40,second,1,0,1,8,70,08-13-2018,15:21:20
14445,26,320,350,30,second,1,1,0,NA,70,08-13-2018,15:21:20
14445,27,300,280,20,first,1,1,0,NA,70,08-13-2018,15:21:20
14445,28,340,350,10,second,0,1,1,9,70,08-13-2018,15:21:20
14445,29,250,210,40,first,1,0,1,10,70,08-13-2018,15:21:20
14445,30,320,290,30,first,1,1,0,NA,70,08-13-2018,15:21:20
14445,31,300,320,20,second,0,1,1,11,70,08-13-2018,15:21:20
14445,32,300,350,50,second,1,0,1,12,70,08-13-2018,15:21:20
14445,33,320,280,40,first,1,1,0,NA,70,08-13-2018,15:21:20
14445,34,280,310,30,second,1,1,0,NA,70,08-13-2018,15:21:20
14445,35,250,270,20,second,1,1,0,NA,70,08-13-2018,15:21:20
14445,36,280,270,10,first,1,1,0,NA,70,08-13-2018,15:21:20
14445,37,310,320,10,second,1,1,0,NA,70,08-13-2018,15:21:20
14445,38,360,350,10,first,1,1,0,NA,70,08-13-2018,15:21:20
14445,39,350,360,10,second,0,1,1,13,70,08-13-2018,15:21:20
14445,40,210,250,40,second,0,0,0,NA,70,08-13-2018,15:21:20
14445,41,250,320,70,second,1,0,1,14,70,08-13-2018,15:21:20
14445,42,350,290,60,first,1,1,0,NA,70,08-13-2018,15:21:20
14445,43,370,320,50,first,1,1,0,NA,70,08-13-2018,15:21:20
14445,44,320,280,40,first,0,1,1,15,70,08-13-2018,15:21:20
14445,45,420,350,70,first,1,0,1,16,70,08-13-2018,15:21:20
14445,46,250,310,60,second,1,1,0,NA,70,08-13-2018,15:21:20
14445,47,330,280,50,first,1,1,0,NA,70,08-13-2018,15:21:20
14445,48,320,280,40,first,0,1,1,17,70,08-13-2018,15:21:20
14445,49,280,210,70,first,1,0,1,18,70,08-13-2018,15:21:20
14445,50,380,320,60,first,0,1,1,19,70,08-13-2018,15:21:20
14445,51,340,250,90,first,0,0,0,NA,70,08-13-2018,15:21:20
14445,52,470,350,120,first,1,0,1,20,70,08-13-2018,15:21:20
14445,53,170,280,110,second,1,1,0,NA,70,08-13-2018,15:21:20
14445,54,350,250,100,first,0,1,1,21,70,08-13-2018,15:21:20
14445,55,320,450,130,second,1,0,1,22,70,08-13-2018,15:21:20
14445,56,320,200,120,first,1,1,0,NA,70,08-13-2018,15:21:20
14445,57,170,280,110,second,1,1,0,NA,70,08-13-2018,15:21:20
14445,58,350,450,100,second,1,1,0,NA,70,08-13-2018,15:21:20
14445,59,260,350,90,second,1,1,0,NA,70,08-13-2018,15:21:20
14445,60,330,250,80,first,1,1,0,NA,70,08-13-2018,15:21:20
14445,61,280,350,70,second,1,1,0,NA,70,08-13-2018,15:21:20
14445,62,280,340,60,second,0,1,1,23,70,08-13-2018,15:21:20
14445,63,440,350,90,first,1,0,1,24,70,08-13-2018,15:21:20
14445,64,400,320,80,first,1,1,0,NA,70,08-13-2018,15:21:20
14447,1,250,350,100,second,1,NA,NA,NA,70,10-04-2018,14:14:52
14447,2,320,240,80,first,1,1,0,NA,70,10-04-2018,14:14:52
14447,3,280,340,60,second,1,1,0,NA,70,10-04-2018,14:14:52
14447,4,280,320,40,second,0,1,1,1,70,10-04-2018,14:14:52
14447,5,450,350,100,first,1,0,1,2,70,10-04-2018,14:14:52
14447,6,170,250,80,second,1,1,0,NA,70,10-04-2018,14:14:52
14447,7,320,380,60,second,1,1,0,NA,70,10-04-2018,14:14:52
14447,8,300,250,50,first,1,1,0,NA,70,10-04-2018,14:14:52
14447,9,280,240,40,first,1,1,0,NA,70,10-04-2018,14:14:52
14447,10,350,380,30,second,1,1,0,NA,70,10-04-2018,14:14:52
14447,11,370,350,20,first,1,1,0,NA,70,10-04-2018,14:14:52
14447,12,280,270,10,first,0,1,1,3,70,10-04-2018,14:14:52
14447,13,360,320,40,first,1,0,1,4,70,10-04-2018,14:14:52
14447,14,220,250,30,second,1,1,0,NA,70,10-04-2018,14:14:52
14447,15,300,280,20,first,1,1,0,NA,70,10-04-2018,14:14:52
14447,16,320,330,10,second,1,1,0,NA,70,10-04-2018,14:14:52
14447,17,260,250,10,first,1,1,0,NA,70,10-04-2018,14:14:52
14447,18,340,350,10,second,1,1,0,NA,70,10-04-2018,14:14:52
14447,19,270,280,10,second,1,1,0,NA,70,10-04-2018,14:14:52
14447,20,290,280,10,first,1,1,0,NA,70,10-04-2018,14:14:52
14447,21,260,250,10,first,1,1,0,NA,70,10-04-2018,14:14:52
14447,22,310,320,10,second,1,1,0,NA,70,10-04-2018,14:14:52
14447,23,270,280,10,second,0,1,1,5,70,10-04-2018,14:14:52
14447,24,350,390,40,second,1,0,1,6,70,10-04-2018,14:14:52
14447,25,250,280,30,second,1,1,0,NA,70,10-04-2018,14:14:52
14447,26,250,230,20,first,0,1,1,7,70,10-04-2018,14:14:52
14447,27,270,320,50,second,1,0,1,8,70,10-04-2018,14:14:52
14447,28,280,240,40,first,1,1,0,NA,70,10-04-2018,14:14:52
14447,29,320,350,30,second,0,1,1,9,70,10-04-2018,14:14:52
14447,30,250,310,60,second,1,0,1,10,70,10-04-2018,14:14:52
14447,31,350,300,50,first,1,1,0,NA,70,10-04-2018,14:14:52
14447,32,240,280,40,second,0,1,1,11,70,10-04-2018,14:14:52
14447,33,350,280,70,first,0,0,0,NA,70,10-04-2018,14:14:52
14447,34,150,250,100,second,1,0,1,12,70,10-04-2018,14:14:52
14447,35,190,280,90,second,1,1,0,NA,70,10-04-2018,14:14:52
14447,36,350,430,80,second,1,1,0,NA,70,10-04-2018,14:14:52
14447,37,420,350,70,first,1,1,0,NA,70,10-04-2018,14:14:52
14447,38,190,250,60,second,1,1,0,NA,70,10-04-2018,14:14:52
14447,39,320,370,50,second,0,1,1,13,70,10-04-2018,14:14:52
14447,40,250,170,80,first,1,0,1,14,70,10-04-2018,14:14:52
14447,41,320,250,70,first,1,1,0,NA,70,10-04-2018,14:14:52
14447,42,280,220,60,first,0,1,1,15,70,10-04-2018,14:14:52
14447,43,250,340,90,second,1,0,1,16,70,10-04-2018,14:14:52
14447,44,360,280,80,first,1,1,0,NA,70,10-04-2018,14:14:52
14447,45,250,320,70,second,1,1,0,NA,70,10-04-2018,14:14:52
14447,46,320,260,60,first,0,1,1,17,70,10-04-2018,14:14:52
14447,47,350,440,90,second,1,0,1,18,70,10-04-2018,14:14:52
14447,48,330,250,80,first,1,1,0,NA,70,10-04-2018,14:14:52
14447,49,250,180,70,first,1,1,0,NA,70,10-04-2018,14:14:52
14447,50,350,290,60,first,1,1,0,NA,70,10-04-2018,14:14:52
14447,51,370,320,50,first,1,1,0,NA,70,10-04-2018,14:14:52
14447,52,310,350,40,second,1,1,0,NA,70,10-04-2018,14:14:52
14447,53,280,310,30,second,0,1,1,19,70,10-04-2018,14:14:52
14447,54,340,280,60,first,1,0,1,20,70,10-04-2018,14:14:52
14447,55,350,300,50,first,0,1,1,21,70,10-04-2018,14:14:52
14447,56,280,360,80,second,1,0,1,22,70,10-04-2018,14:14:52
14447,57,390,320,70,first,0,1,1,23,70,10-04-2018,14:14:52
14447,58,320,220,100,first,1,0,1,24,70,10-04-2018,14:14:52
14447,59,260,350,90,second,1,1,0,NA,70,10-04-2018,14:14:52
14447,60,400,320,80,first,1,1,0,NA,70,10-04-2018,14:14:52
14447,61,250,320,70,second,1,1,0,NA,70,10-04-2018,14:14:52
14447,62,260,320,60,second,1,1,0,NA,70,10-04-2018,14:14:52
14447,63,250,200,50,first,0,1,1,25,70,10-04-2018,14:14:52
14447,64,430,350,80,first,1,0,1,26,70,10-04-2018,14:14:52
14455,1,380,280,100,first,1,NA,NA,NA,40,09-25-2018,10:04:55
14455,2,430,350,80,first,1,1,0,NA,40,09-25-2018,10:04:55
14455,3,350,290,60,first,1,1,0,NA,40,09-25-2018,10:04:55
14455,4,280,240,40,first,1,1,0,NA,40,09-25-2018,10:04:55
14455,5,330,350,20,second,1,1,0,NA,40,09-25-2018,10:04:55
14455,6,320,310,10,first,1,1,0,NA,40,09-25-2018,10:04:55
14455,7,280,270,10,first,1,1,0,NA,40,09-25-2018,10:04:55
14455,8,250,240,10,first,1,1,0,NA,40,09-25-2018,10:04:55
14455,9,310,320,10,second,1,1,0,NA,40,09-25-2018,10:04:55
14455,10,290,280,10,first,1,1,0,NA,40,09-25-2018,10:04:55
14455,11,310,320,10,second,1,1,0,NA,40,09-25-2018,10:04:55
14455,12,260,250,10,first,1,1,0,NA,40,09-25-2018,10:04:55
14455,13,310,320,10,second,1,1,0,NA,40,09-25-2018,10:04:55
14455,14,330,320,10,first,1,1,0,NA,40,09-25-2018,10:04:55
14455,15,350,360,10,second,1,1,0,NA,40,09-25-2018,10:04:55
14455,16,330,320,10,first,1,1,0,NA,40,09-25-2018,10:04:55
14455,17,250,260,10,second,0,1,1,1,40,09-25-2018,10:04:55
14455,18,250,290,40,second,1,0,1,2,40,09-25-2018,10:04:55
14455,19,220,250,30,second,0,1,1,3,40,09-25-2018,10:04:55
14455,20,220,280,60,second,1,0,1,4,40,09-25-2018,10:04:55
14455,21,300,250,50,first,1,1,0,NA,40,09-25-2018,10:04:55
14455,22,250,210,40,first,1,1,0,NA,40,09-25-2018,10:04:55
14455,23,350,320,30,first,1,1,0,NA,40,09-25-2018,10:04:55
14455,24,370,350,20,first,1,1,0,NA,40,09-25-2018,10:04:55
14455,25,280,270,10,first,1,1,0,NA,40,09-25-2018,10:04:55
14455,26,250,240,10,first,1,1,0,NA,40,09-25-2018,10:04:55
14455,27,320,310,10,first,1,1,0,NA,40,09-25-2018,10:04:55
14455,28,240,250,10,second,0,1,1,5,40,09-25-2018,10:04:55
14455,29,320,280,40,first,1,0,1,6,40,09-25-2018,10:04:55
14455,30,320,350,30,second,1,1,0,NA,40,09-25-2018,10:04:55
14455,31,260,280,20,second,0,1,1,7,40,09-25-2018,10:04:55
14455,32,350,300,50,first,1,0,1,8,40,09-25-2018,10:04:55
14455,33,310,350,40,second,1,1,0,NA,40,09-25-2018,10:04:55
14455,34,220,250,30,second,0,1,1,9,40,09-25-2018,10:04:55
14455,35,350,290,60,first,1,0,1,10,40,09-25-2018,10:04:55
14455,36,300,350,50,second,1,1,0,NA,40,09-25-2018,10:04:55
14455,37,240,280,40,second,0,1,1,11,40,09-25-2018,10:04:55
14455,38,320,390,70,second,1,0,1,12,40,09-25-2018,10:04:55
14455,39,250,310,60,second,1,1,0,NA,40,09-25-2018,10:04:55
14455,40,280,330,50,second,1,1,0,NA,40,09-25-2018,10:04:55
14455,41,280,240,40,first,1,1,0,NA,40,09-25-2018,10:04:55
14455,42,350,320,30,first,1,1,0,NA,40,09-25-2018,10:04:55
14455,43,230,250,20,second,0,1,1,13,40,09-25-2018,10:04:55
14455,44,370,320,50,first,1,0,1,14,40,09-25-2018,10:04:55
14455,45,320,360,40,second,0,1,1,15,40,09-25-2018,10:04:55
14455,46,420,350,70,first,1,0,1,16,40,09-25-2018,10:04:55
14455,47,340,280,60,first,1,1,0,NA,40,09-25-2018,10:04:55
14455,48,280,330,50,second,0,1,1,17,40,09-25-2018,10:04:55
14455,49,350,430,80,second,1,0,1,18,40,09-25-2018,10:04:55
14455,50,420,350,70,first,1,1,0,NA,40,09-25-2018,10:04:55
14455,51,340,280,60,first,1,1,0,NA,40,09-25-2018,10:04:55
14455,52,280,330,50,second,1,1,0,NA,40,09-25-2018,10:04:55
14455,53,280,320,40,second,1,1,0,NA,40,09-25-2018,10:04:55
14455,54,320,350,30,second,1,1,0,NA,40,09-25-2018,10:04:55
14455,55,350,370,20,second,1,1,0,NA,40,09-25-2018,10:04:55
14455,56,310,320,10,second,0,1,1,19,40,09-25-2018,10:04:55
14455,57,250,210,40,first,1,0,1,20,40,09-25-2018,10:04:55
14455,58,320,290,30,first,1,1,0,NA,40,09-25-2018,10:04:55
14455,59,270,250,20,first,1,1,0,NA,40,09-25-2018,10:04:55
14455,60,250,260,10,second,0,1,1,21,40,09-25-2018,10:04:55
14455,61,290,250,40,first,1,0,1,22,40,09-25-2018,10:04:55
14455,62,250,280,30,second,0,1,1,23,40,09-25-2018,10:04:55
14455,63,350,410,60,second,1,0,1,24,40,09-25-2018,10:04:55
14455,64,320,370,50,second,1,1,0,NA,40,09-25-2018,10:04:55
14457,1,350,450,100,second,1,NA,NA,NA,10,10-22-2018,12:09:21
14457,2,350,430,80,second,1,1,0,NA,10,10-22-2018,12:09:21
14457,3,350,290,60,first,1,1,0,NA,10,10-22-2018,12:09:21
14457,4,310,350,40,second,1,1,0,NA,10,10-22-2018,12:09:21
14457,5,270,250,20,first,1,1,0,NA,10,10-22-2018,12:09:21
14457,6,340,350,10,second,1,1,0,NA,10,10-22-2018,12:09:21
14457,7,290,280,10,first,0,1,1,1,10,10-22-2018,12:09:21
14457,8,290,250,40,first,1,0,1,2,10,10-22-2018,12:09:21
14457,9,350,320,30,first,1,1,0,NA,10,10-22-2018,12:09:21
14457,10,370,350,20,first,0,1,1,3,10,10-22-2018,12:09:21
14457,11,280,330,50,second,1,0,1,4,10,10-22-2018,12:09:21
14457,12,280,320,40,second,1,1,0,NA,10,10-22-2018,12:09:21
14457,13,220,250,30,second,1,1,0,NA,10,10-22-2018,12:09:21
14457,14,320,300,20,first,0,1,1,5,10,10-22-2018,12:09:21
14457,15,280,230,50,first,0,0,0,NA,10,10-22-2018,12:09:21
14457,16,320,400,80,second,1,0,1,6,10,10-22-2018,12:09:21
14457,17,180,250,70,second,1,1,0,NA,10,10-22-2018,12:09:21
14457,18,280,220,60,first,1,1,0,NA,10,10-22-2018,12:09:21
14457,19,230,280,50,second,1,1,0,NA,10,10-22-2018,12:09:21
14457,20,280,320,40,second,1,1,0,NA,10,10-22-2018,12:09:21
14457,21,220,250,30,second,0,1,1,7,10,10-22-2018,12:09:21
14457,22,380,320,60,first,1,0,1,8,10,10-22-2018,12:09:21
14457,23,230,280,50,second,1,1,0,NA,10,10-22-2018,12:09:21
14457,24,280,320,40,second,1,1,0,NA,10,10-22-2018,12:09:21
14457,25,250,220,30,first,1,1,0,NA,10,10-22-2018,12:09:21
14457,26,230,250,20,second,1,1,0,NA,10,10-22-2018,12:09:21
14457,27,330,320,10,first,0,1,1,9,10,10-22-2018,12:09:21
14457,28,240,280,40,second,1,0,1,10,10,10-22-2018,12:09:21
14457,29,290,320,30,second,1,1,0,NA,10,10-22-2018,12:09:21
14457,30,280,300,20,second,1,1,0,NA,10,10-22-2018,12:09:21
14457,31,290,280,10,first,0,1,1,11,10,10-22-2018,12:09:21
14457,32,240,280,40,second,1,0,1,12,10,10-22-2018,12:09:21
14457,33,350,380,30,second,1,1,0,NA,10,10-22-2018,12:09:21
14457,34,320,300,20,first,0,1,1,13,10,10-22-2018,12:09:21
14457,35,250,200,50,first,1,0,1,14,10,10-22-2018,12:09:21
14457,36,250,290,40,second,1,1,0,NA,10,10-22-2018,12:09:21
14457,37,350,320,30,first,0,1,1,15,10,10-22-2018,12:09:21
14457,38,250,190,60,first,1,0,1,16,10,10-22-2018,12:09:21
14457,39,320,270,50,first,0,1,1,17,10,10-22-2018,12:09:21
14457,40,270,350,80,second,1,0,1,18,10,10-22-2018,12:09:21
14457,41,250,320,70,second,1,1,0,NA,10,10-22-2018,12:09:21
14457,42,250,310,60,second,1,1,0,NA,10,10-22-2018,12:09:21
14457,43,270,320,50,second,1,1,0,NA,10,10-22-2018,12:09:21
14457,44,350,310,40,first,1,1,0,NA,10,10-22-2018,12:09:21
14457,45,350,320,30,first,0,1,1,19,10,10-22-2018,12:09:21
14457,46,410,350,60,first,1,0,1,20,10,10-22-2018,12:09:21
14457,47,330,280,50,first,1,1,0,NA,10,10-22-2018,12:09:21
14457,48,360,320,40,first,0,1,1,21,10,10-22-2018,12:09:21
14457,49,320,390,70,second,1,0,1,22,10,10-22-2018,12:09:21
14457,50,310,250,60,first,1,1,0,NA,10,10-22-2018,12:09:21
14457,51,250,300,50,second,1,1,0,NA,10,10-22-2018,12:09:21
14457,52,350,390,40,second,1,1,0,NA,10,10-22-2018,12:09:21
14457,53,250,220,30,first,1,1,0,NA,10,10-22-2018,12:09:21
14457,54,320,300,20,first,1,1,0,NA,10,10-22-2018,12:09:21
14457,55,280,290,10,second,1,1,0,NA,10,10-22-2018,12:09:21
14457,56,340,350,10,second,1,1,0,NA,10,10-22-2018,12:09:21
14457,57,360,350,10,first,0,1,1,23,10,10-22-2018,12:09:21
14457,58,280,240,40,first,1,0,1,24,10,10-22-2018,12:09:21
14457,59,380,350,30,first,0,1,1,25,10,10-22-2018,12:09:21
14457,60,340,280,60,first,1,0,1,26,10,10-22-2018,12:09:21
14457,61,320,370,50,second,1,1,0,NA,10,10-22-2018,12:09:21
14457,62,280,240,40,first,1,1,0,NA,10,10-22-2018,12:09:21
14457,63,280,250,30,first,1,1,0,NA,10,10-22-2018,12:09:21
14457,64,320,340,20,second,1,1,0,NA,10,10-22-2018,12:09:21
14461,1,250,350,100,second,1,NA,NA,NA,90,09-14-2018,13:58:27
14461,2,250,330,80,second,1,1,0,NA,90,09-14-2018,13:58:27
14461,3,340,280,60,first,1,1,0,NA,90,09-14-2018,13:58:27
14461,4,390,350,40,first,1,1,0,NA,90,09-14-2018,13:58:27
14461,5,230,250,20,second,1,1,0,NA,90,09-14-2018,13:58:27
14461,6,270,280,10,second,1,1,0,NA,90,09-14-2018,13:58:27
14461,7,280,290,10,second,1,1,0,NA,90,09-14-2018,13:58:27
14461,8,240,250,10,second,1,1,0,NA,90,09-14-2018,13:58:27
14461,9,340,350,10,second,1,1,0,NA,90,09-14-2018,13:58:27
14461,10,320,310,10,first,1,1,0,NA,90,09-14-2018,13:58:27
14461,11,350,340,10,first,1,1,0,NA,90,09-14-2018,13:58:27
14461,12,350,360,10,second,1,1,0,NA,90,09-14-2018,13:58:27
14461,13,320,330,10,second,0,1,1,1,90,09-14-2018,13:58:27
14461,14,320,280,40,first,1,0,1,2,90,09-14-2018,13:58:27
14461,15,320,350,30,second,0,1,1,3,90,09-14-2018,13:58:27
14461,16,310,250,60,first,1,0,1,4,90,09-14-2018,13:58:27
14461,17,250,200,50,first,1,1,0,NA,90,09-14-2018,13:58:27
14461,18,280,240,40,first,1,1,0,NA,90,09-14-2018,13:58:27
14461,19,320,350,30,second,0,1,1,5,90,09-14-2018,13:58:27
14461,20,250,310,60,second,1,0,1,6,90,09-14-2018,13:58:27
14461,21,350,400,50,second,0,1,1,7,90,09-14-2018,13:58:27
14461,22,280,200,80,first,0,0,0,NA,90,09-14-2018,13:58:27
14461,23,430,320,110,first,1,0,1,8,90,09-14-2018,13:58:27
14461,24,320,220,100,first,1,1,0,NA,90,09-14-2018,13:58:27
14461,25,340,250,90,first,1,1,0,NA,90,09-14-2018,13:58:27
14461,26,280,200,80,first,1,1,0,NA,90,09-14-2018,13:58:27
14461,27,350,280,70,first,1,1,0,NA,90,09-14-2018,13:58:27
14461,28,220,280,60,second,1,1,0,NA,90,09-14-2018,13:58:27
14461,29,330,280,50,first,1,1,0,NA,90,09-14-2018,13:58:27
14461,30,280,320,40,second,1,1,0,NA,90,09-14-2018,13:58:27
14461,31,290,320,30,second,0,1,1,9,90,09-14-2018,13:58:27
14461,32,250,190,60,first,1,0,1,10,90,09-14-2018,13:58:27
14461,33,280,330,50,second,1,1,0,NA,90,09-14-2018,13:58:27
14461,34,210,250,40,second,1,1,0,NA,90,09-14-2018,13:58:27
14461,35,350,320,30,first,1,1,0,NA,90,09-14-2018,13:58:27
14461,36,260,280,20,second,0,1,1,11,90,09-14-2018,13:58:27
14461,37,270,320,50,second,1,0,1,12,90,09-14-2018,13:58:27
14461,38,280,320,40,second,0,1,1,13,90,09-14-2018,13:58:27
14461,39,390,320,70,first,1,0,1,14,90,09-14-2018,13:58:27
14461,40,310,250,60,first,1,1,0,NA,90,09-14-2018,13:58:27
14461,41,320,270,50,first,1,1,0,NA,90,09-14-2018,13:58:27
14461,42,320,360,40,second,0,1,1,15,90,09-14-2018,13:58:27
14461,43,250,320,70,second,1,0,1,16,90,09-14-2018,13:58:27
14461,44,250,190,60,first,1,1,0,NA,90,09-14-2018,13:58:27
14461,45,250,200,50,first,0,1,1,17,90,09-14-2018,13:58:27
14461,46,250,330,80,second,1,0,1,18,90,09-14-2018,13:58:27
14461,47,320,390,70,second,0,1,1,19,90,09-14-2018,13:58:27
14461,48,350,250,100,first,1,0,1,20,90,09-14-2018,13:58:27
14461,49,190,280,90,second,1,1,0,NA,90,09-14-2018,13:58:27
14461,50,360,280,80,first,1,1,0,NA,90,09-14-2018,13:58:27
14461,51,320,250,70,first,1,1,0,NA,90,09-14-2018,13:58:27
14461,52,410,350,60,first,0,1,1,21,90,09-14-2018,13:58:27
14461,53,410,320,90,first,1,0,1,22,90,09-14-2018,13:58:27
14461,54,430,350,80,first,1,1,0,NA,90,09-14-2018,13:58:27
14461,55,180,250,70,second,1,1,0,NA,90,09-14-2018,13:58:27
14461,56,410,350,60,first,1,1,0,NA,90,09-14-2018,13:58:27
14461,57,350,300,50,first,1,1,0,NA,90,09-14-2018,13:58:27
14461,58,310,350,40,second,0,1,1,23,90,09-14-2018,13:58:27
14461,59,350,420,70,second,0,0,0,NA,90,09-14-2018,13:58:27
14461,60,350,250,100,first,1,0,1,24,90,09-14-2018,13:58:27
14461,61,280,190,90,first,1,1,0,NA,90,09-14-2018,13:58:27
14461,62,240,320,80,second,1,1,0,NA,90,09-14-2018,13:58:27
14461,63,320,390,70,second,1,1,0,NA,90,09-14-2018,13:58:27
14461,64,350,410,60,second,0,1,1,25,90,09-14-2018,13:58:27
14467,1,350,250,100,first,1,NA,NA,NA,140,09-27-2018,14:26:46
14467,2,170,250,80,second,1,1,0,NA,140,09-27-2018,14:26:46
14467,3,320,260,60,first,0,1,1,1,140,09-27-2018,14:26:46
14467,4,280,160,120,first,0,0,0,NA,140,09-27-2018,14:26:46
14467,5,250,100,150,first,1,0,1,2,140,09-27-2018,14:26:46
14467,6,480,350,130,first,1,1,0,NA,140,09-27-2018,14:26:46
14467,7,320,210,110,first,1,1,0,NA,140,09-27-2018,14:26:46
14467,8,250,350,100,second,0,1,1,3,140,09-27-2018,14:26:46
14467,9,250,380,130,second,0,0,0,NA,140,09-27-2018,14:26:46
14467,10,280,430,150,second,1,0,1,4,140,09-27-2018,14:26:46
14467,11,110,250,140,second,1,1,0,NA,140,09-27-2018,14:26:46
14467,12,450,320,130,first,0,1,1,5,140,09-27-2018,14:26:46
14467,13,350,500,150,second,0,0,0,NA,140,09-27-2018,14:26:46
14467,14,320,170,150,first,0,0,0,NA,140,09-27-2018,14:26:46
14467,15,470,320,150,first,1,0,1,6,140,09-27-2018,14:26:46
14467,16,280,140,140,first,1,1,0,NA,140,09-27-2018,14:26:46
14467,17,280,150,130,first,1,1,0,NA,140,09-27-2018,14:26:46
14467,18,320,200,120,first,1,1,0,NA,140,09-27-2018,14:26:46
14467,19,460,350,110,first,0,1,1,7,140,09-27-2018,14:26:46
14467,20,420,280,140,first,0,0,0,NA,140,09-27-2018,14:26:46
14467,21,100,250,150,second,1,0,1,8,140,09-27-2018,14:26:46
14467,22,460,320,140,first,1,1,0,NA,140,09-27-2018,14:26:46
14467,23,220,350,130,second,1,1,0,NA,140,09-27-2018,14:26:46
14467,24,350,470,120,second,1,1,0,NA,140,09-27-2018,14:26:46
14467,25,280,390,110,second,0,1,1,9,140,09-27-2018,14:26:46
14467,26,210,350,140,second,0,0,0,NA,140,09-27-2018,14:26:46
14467,27,350,500,150,second,1,0,1,10,140,09-27-2018,14:26:46
14467,28,250,390,140,second,1,1,0,NA,140,09-27-2018,14:26:46
14467,29,350,220,130,first,0,1,1,11,140,09-27-2018,14:26:46
14467,30,130,280,150,second,1,0,1,12,140,09-27-2018,14:26:46
14467,31,140,280,140,second,1,1,0,NA,140,09-27-2018,14:26:46
14467,32,250,120,130,first,1,1,0,NA,140,09-27-2018,14:26:46
14467,33,400,280,120,first,1,1,0,NA,140,09-27-2018,14:26:46
14467,34,250,360,110,second,1,1,0,NA,140,09-27-2018,14:26:46
14467,35,280,180,100,first,1,1,0,NA,140,09-27-2018,14:26:46
14467,36,230,320,90,second,0,1,1,13,140,09-27-2018,14:26:46
14467,37,400,280,120,first,1,0,1,14,140,09-27-2018,14:26:46
14467,38,460,350,110,first,0,1,1,15,140,09-27-2018,14:26:46
14467,39,320,460,140,second,1,0,1,16,140,09-27-2018,14:26:46
14467,40,150,280,130,second,0,1,1,17,140,09-27-2018,14:26:46
14467,41,250,400,150,second,1,0,1,18,140,09-27-2018,14:26:46
14467,42,390,250,140,first,0,1,1,19,140,09-27-2018,14:26:46
14467,43,350,200,150,first,1,0,1,20,140,09-27-2018,14:26:46
14467,44,390,250,140,first,1,1,0,NA,140,09-27-2018,14:26:46
14467,45,480,350,130,first,1,1,0,NA,140,09-27-2018,14:26:46
14467,46,350,470,120,second,0,1,1,21,140,09-27-2018,14:26:46
14467,47,320,470,150,second,0,0,0,NA,140,09-27-2018,14:26:46
14467,48,470,320,150,first,0,0,0,NA,140,09-27-2018,14:26:46
14467,49,250,100,150,first,0,0,0,NA,140,09-27-2018,14:26:46
14467,50,200,350,150,second,0,0,0,NA,140,09-27-2018,14:26:46
14467,51,100,250,150,second,1,0,1,22,140,09-27-2018,14:26:46
14467,52,140,280,140,second,1,1,0,NA,140,09-27-2018,14:26:46
14467,53,190,320,130,second,0,1,1,23,140,09-27-2018,14:26:46
14467,54,320,470,150,second,0,0,0,NA,140,09-27-2018,14:26:46
14467,55,250,100,150,first,0,0,0,NA,140,09-27-2018,14:26:46
14467,56,170,320,150,second,0,0,0,NA,140,09-27-2018,14:26:46
14467,57,400,250,150,first,1,0,1,24,140,09-27-2018,14:26:46
14467,58,320,460,140,second,1,1,0,NA,140,09-27-2018,14:26:46
14467,59,280,410,130,second,0,1,1,25,140,09-27-2018,14:26:46
14467,60,350,200,150,first,1,0,1,26,140,09-27-2018,14:26:46
14467,61,280,420,140,second,1,1,0,NA,140,09-27-2018,14:26:46
14467,62,410,280,130,first,0,1,1,27,140,09-27-2018,14:26:46
14467,63,170,320,150,second,0,0,0,NA,140,09-27-2018,14:26:46
14467,64,400,250,150,first,1,0,1,28,140,09-27-2018,14:26:46
14469,1,380,280,100,first,1,NA,NA,NA,70,12-04-2018,15:47:26
14469,2,350,430,80,second,1,1,0,NA,70,12-04-2018,15:47:26
14469,3,410,350,60,first,0,1,1,1,70,12-04-2018,15:47:26
14469,4,250,130,120,first,1,0,1,2,70,12-04-2018,15:47:26
14469,5,320,220,100,first,1,1,0,NA,70,12-04-2018,15:47:26
14469,6,270,350,80,second,1,1,0,NA,70,12-04-2018,15:47:26
14469,7,310,250,60,first,0,1,1,3,70,12-04-2018,15:47:26
14469,8,410,320,90,first,0,0,0,NA,70,12-04-2018,15:47:26
14469,9,350,230,120,first,1,0,1,4,70,12-04-2018,15:47:26
14469,10,210,320,110,second,1,1,0,NA,70,12-04-2018,15:47:26
14469,11,280,380,100,second,1,1,0,NA,70,12-04-2018,15:47:26
14469,12,410,320,90,first,1,1,0,NA,70,12-04-2018,15:47:26
14469,13,240,320,80,second,1,1,0,NA,70,12-04-2018,15:47:26
14469,14,250,180,70,first,1,1,0,NA,70,12-04-2018,15:47:26
14469,15,220,280,60,second,1,1,0,NA,70,12-04-2018,15:47:26
14469,16,350,400,50,second,0,1,1,5,70,12-04-2018,15:47:26
14469,17,200,280,80,second,1,0,1,6,70,12-04-2018,15:47:26
14469,18,280,210,70,first,1,1,0,NA,70,12-04-2018,15:47:26
14469,19,280,220,60,first,0,1,1,7,70,12-04-2018,15:47:26
14469,20,350,260,90,first,1,0,1,8,70,12-04-2018,15:47:26
14469,21,360,280,80,first,1,1,0,NA,70,12-04-2018,15:47:26
14469,22,280,350,70,second,1,1,0,NA,70,12-04-2018,15:47:26
14469,23,320,260,60,first,1,1,0,NA,70,12-04-2018,15:47:26
14469,24,250,300,50,second,1,1,0,NA,70,12-04-2018,15:47:26
14469,25,240,280,40,second,1,1,0,NA,70,12-04-2018,15:47:26
14469,26,280,310,30,second,1,1,0,NA,70,12-04-2018,15:47:26
14469,27,250,270,20,second,0,1,1,9,70,12-04-2018,15:47:26
14469,28,300,250,50,first,1,0,1,10,70,12-04-2018,15:47:26
14469,29,280,240,40,first,0,1,1,11,70,12-04-2018,15:47:26
14469,30,420,350,70,first,1,0,1,12,70,12-04-2018,15:47:26
14469,31,340,280,60,first,1,1,0,NA,70,12-04-2018,15:47:26
14469,32,270,320,50,second,1,1,0,NA,70,12-04-2018,15:47:26
14469,33,210,250,40,second,0,1,1,13,70,12-04-2018,15:47:26
14469,34,250,320,70,second,1,0,1,14,70,12-04-2018,15:47:26
14469,35,310,250,60,first,1,1,0,NA,70,12-04-2018,15:47:26
14469,36,350,400,50,second,1,1,0,NA,70,12-04-2018,15:47:26
14469,37,390,350,40,first,0,1,1,15,70,12-04-2018,15:47:26
14469,38,390,320,70,first,1,0,1,16,70,12-04-2018,15:47:26
14469,39,310,250,60,first,1,1,0,NA,70,12-04-2018,15:47:26
14469,40,400,350,50,first,1,1,0,NA,70,12-04-2018,15:47:26
14469,41,280,240,40,first,1,1,0,NA,70,12-04-2018,15:47:26
14469,42,320,350,30,second,1,1,0,NA,70,12-04-2018,15:47:26
14469,43,330,350,20,second,0,1,1,17,70,12-04-2018,15:47:26
14469,44,330,280,50,first,1,0,1,18,70,12-04-2018,15:47:26
14469,45,320,280,40,first,1,1,0,NA,70,12-04-2018,15:47:26
14469,46,350,320,30,first,1,1,0,NA,70,12-04-2018,15:47:26
14469,47,230,250,20,second,0,1,1,19,70,12-04-2018,15:47:26
14469,48,320,370,50,second,1,0,1,20,70,12-04-2018,15:47:26
14469,49,250,210,40,first,1,1,0,NA,70,12-04-2018,15:47:26
14469,50,280,310,30,second,1,1,0,NA,70,12-04-2018,15:47:26
14469,51,250,230,20,first,1,1,0,NA,70,12-04-2018,15:47:26
14469,52,240,250,10,second,1,1,0,NA,70,12-04-2018,15:47:26
14469,53,330,320,10,first,1,1,0,NA,70,12-04-2018,15:47:26
14469,54,340,350,10,second,1,1,0,NA,70,12-04-2018,15:47:26
14469,55,250,260,10,second,0,1,1,21,70,12-04-2018,15:47:26
14469,56,240,280,40,second,1,0,1,22,70,12-04-2018,15:47:26
14469,57,320,350,30,second,1,1,0,NA,70,12-04-2018,15:47:26
14469,58,320,300,20,first,0,1,1,23,70,12-04-2018,15:47:26
14469,59,200,250,50,second,0,0,0,NA,70,12-04-2018,15:47:26
14469,60,280,360,80,second,1,0,1,24,70,12-04-2018,15:47:26
14469,61,350,280,70,first,0,1,1,25,70,12-04-2018,15:47:26
14469,62,320,420,100,second,1,0,1,26,70,12-04-2018,15:47:26
14469,63,350,440,90,second,1,1,0,NA,70,12-04-2018,15:47:26
14469,64,250,330,80,second,1,1,0,NA,70,12-04-2018,15:47:26
14473,1,250,350,100,second,1,NA,NA,NA,150,11-19-2018,16:09:11
14473,2,320,400,80,second,1,1,0,NA,150,11-19-2018,16:09:11
14473,3,340,280,60,first,1,1,0,NA,150,11-19-2018,16:09:11
14473,4,290,250,40,first,1,1,0,NA,150,11-19-2018,16:09:11
14473,5,330,350,20,second,1,1,0,NA,150,11-19-2018,16:09:11
14473,6,350,360,10,second,0,1,1,1,150,11-19-2018,16:09:11
14473,7,350,280,70,first,0,0,0,NA,150,11-19-2018,16:09:11
14473,8,220,320,100,second,1,0,1,2,150,11-19-2018,16:09:11
14473,9,340,250,90,first,1,1,0,NA,150,11-19-2018,16:09:11
14473,10,270,350,80,second,0,1,1,3,150,11-19-2018,16:09:11
14473,11,280,170,110,first,1,0,1,4,150,11-19-2018,16:09:11
14473,12,150,250,100,second,1,1,0,NA,150,11-19-2018,16:09:11
14473,13,250,340,90,second,0,1,1,5,150,11-19-2018,16:09:11
14473,14,440,320,120,first,1,0,1,6,150,11-19-2018,16:09:11
14473,15,210,320,110,second,1,1,0,NA,150,11-19-2018,16:09:11
14473,16,250,150,100,first,1,1,0,NA,150,11-19-2018,16:09:11
14473,17,160,250,90,second,1,1,0,NA,150,11-19-2018,16:09:11
14473,18,280,200,80,first,0,1,1,7,150,11-19-2018,16:09:11
14473,19,170,280,110,second,0,0,0,NA,150,11-19-2018,16:09:11
14473,20,350,490,140,second,1,0,1,8,150,11-19-2018,16:09:11
14473,21,280,410,130,second,0,1,1,9,150,11-19-2018,16:09:11
14473,22,500,350,150,first,1,0,1,10,150,11-19-2018,16:09:11
14473,23,460,320,140,first,1,1,0,NA,150,11-19-2018,16:09:11
14473,24,320,450,130,second,0,1,1,11,150,11-19-2018,16:09:11
14473,25,250,400,150,second,1,0,1,12,150,11-19-2018,16:09:11
14473,26,280,140,140,first,1,1,0,NA,150,11-19-2018,16:09:11
14473,27,190,320,130,second,1,1,0,NA,150,11-19-2018,16:09:11
14473,28,160,280,120,second,0,1,1,13,150,11-19-2018,16:09:11
14473,29,470,320,150,first,0,0,0,NA,150,11-19-2018,16:09:11
14473,30,280,430,150,second,0,0,0,NA,150,11-19-2018,16:09:11
14473,31,100,250,150,second,1,0,1,14,150,11-19-2018,16:09:11
14473,32,140,280,140,second,1,1,0,NA,150,11-19-2018,16:09:11
14473,33,150,280,130,second,1,1,0,NA,150,11-19-2018,16:09:11
14473,34,320,200,120,first,1,1,0,NA,150,11-19-2018,16:09:11
14473,35,350,460,110,second,1,1,0,NA,150,11-19-2018,16:09:11
14473,36,280,380,100,second,0,1,1,15,150,11-19-2018,16:09:11
14473,37,350,220,130,first,0,0,0,NA,150,11-19-2018,16:09:11
14473,38,500,350,150,first,1,0,1,16,150,11-19-2018,16:09:11
14473,39,320,460,140,second,1,1,0,NA,150,11-19-2018,16:09:11
14473,40,380,250,130,first,1,1,0,NA,150,11-19-2018,16:09:11
14473,41,370,250,120,first,0,1,1,17,150,11-19-2018,16:09:11
14473,42,500,350,150,first,0,0,0,NA,150,11-19-2018,16:09:11
14473,43,320,170,150,first,1,0,1,18,150,11-19-2018,16:09:11
14473,44,350,490,140,second,1,1,0,NA,150,11-19-2018,16:09:11
14473,45,120,250,130,second,1,1,0,NA,150,11-19-2018,16:09:11
14473,46,350,230,120,first,1,1,0,NA,150,11-19-2018,16:09:11
14473,47,350,240,110,first,1,1,0,NA,150,11-19-2018,16:09:11
14473,48,420,320,100,first,0,1,1,19,150,11-19-2018,16:09:11
14473,49,250,120,130,first,1,0,1,20,150,11-19-2018,16:09:11
14473,50,320,200,120,first,0,1,1,21,150,11-19-2018,16:09:11
14473,51,500,350,150,first,1,0,1,22,150,11-19-2018,16:09:11
14473,52,210,350,140,second,1,1,0,NA,150,11-19-2018,16:09:11
14473,53,410,280,130,first,1,1,0,NA,150,11-19-2018,16:09:11
14473,54,320,200,120,first,0,1,1,23,150,11-19-2018,16:09:11
14473,55,250,100,150,first,1,0,1,24,150,11-19-2018,16:09:11
14473,56,320,460,140,second,1,1,0,NA,150,11-19-2018,16:09:11
14473,57,250,380,130,second,0,1,1,25,150,11-19-2018,16:09:11
14473,58,280,130,150,first,1,0,1,26,150,11-19-2018,16:09:11
14473,59,350,210,140,first,1,1,0,NA,150,11-19-2018,16:09:11
14473,60,250,120,130,first,0,1,1,27,150,11-19-2018,16:09:11
14473,61,170,320,150,second,1,0,1,28,150,11-19-2018,16:09:11
14473,62,420,280,140,first,1,1,0,NA,150,11-19-2018,16:09:11
14473,63,250,380,130,second,0,1,1,29,150,11-19-2018,16:09:11
14473,64,280,430,150,second,0,0,0,NA,150,11-19-2018,16:09:11
14475,1,280,380,100,second,1,NA,NA,NA,40,11-01-2018,10:08:30
14475,2,430,350,80,first,1,1,0,NA,40,11-01-2018,10:08:30
14475,3,320,380,60,second,1,1,0,NA,40,11-01-2018,10:08:30
14475,4,240,280,40,second,0,1,1,1,40,11-01-2018,10:08:30
14475,5,420,320,100,first,0,0,0,NA,40,11-01-2018,10:08:30
14475,6,250,100,150,first,1,0,1,2,40,11-01-2018,10:08:30
14475,7,380,250,130,first,1,1,0,NA,40,11-01-2018,10:08:30
14475,8,470,350,120,first,1,1,0,NA,40,11-01-2018,10:08:30
14475,9,170,280,110,second,1,1,0,NA,40,11-01-2018,10:08:30
14475,10,320,420,100,second,1,1,0,NA,40,11-01-2018,10:08:30
14475,11,320,410,90,second,1,1,0,NA,40,11-01-2018,10:08:30
14475,12,400,320,80,first,1,1,0,NA,40,11-01-2018,10:08:30
14475,13,350,420,70,second,1,1,0,NA,40,11-01-2018,10:08:30
14475,14,250,190,60,first,1,1,0,NA,40,11-01-2018,10:08:30
14475,15,300,350,50,second,0,1,1,3,40,11-01-2018,10:08:30
14475,16,280,200,80,first,1,0,1,4,40,11-01-2018,10:08:30
14475,17,350,280,70,first,1,1,0,NA,40,11-01-2018,10:08:30
14475,18,260,320,60,second,1,1,0,NA,40,11-01-2018,10:08:30
14475,19,200,250,50,second,0,1,1,5,40,11-01-2018,10:08:30
14475,20,320,240,80,first,1,0,1,6,40,11-01-2018,10:08:30
14475,21,250,180,70,first,1,1,0,NA,40,11-01-2018,10:08:30
14475,22,320,260,60,first,1,1,0,NA,40,11-01-2018,10:08:30
14475,23,350,400,50,second,1,1,0,NA,40,11-01-2018,10:08:30
14475,24,320,280,40,first,0,1,1,7,40,11-01-2018,10:08:30
14475,25,390,320,70,first,1,0,1,8,40,11-01-2018,10:08:30
14475,26,340,280,60,first,1,1,0,NA,40,11-01-2018,10:08:30
14475,27,400,350,50,first,1,1,0,NA,40,11-01-2018,10:08:30
14475,28,310,350,40,second,0,1,1,9,40,11-01-2018,10:08:30
14475,29,280,210,70,first,1,0,1,10,40,11-01-2018,10:08:30
14475,30,350,410,60,second,1,1,0,NA,40,11-01-2018,10:08:30
14475,31,280,230,50,first,1,1,0,NA,40,11-01-2018,10:08:30
14475,32,240,280,40,second,1,1,0,NA,40,11-01-2018,10:08:30
14475,33,380,350,30,first,0,1,1,11,40,11-01-2018,10:08:30
14475,34,190,250,60,second,1,0,1,12,40,11-01-2018,10:08:30
14475,35,300,350,50,second,1,1,0,NA,40,11-01-2018,10:08:30
14475,36,210,250,40,second,0,1,1,13,40,11-01-2018,10:08:30
14475,37,250,320,70,second,1,0,1,14,40,11-01-2018,10:08:30
14475,38,250,310,60,second,1,1,0,NA,40,11-01-2018,10:08:30
14475,39,280,330,50,second,0,1,1,15,40,11-01-2018,10:08:30
14475,40,250,330,80,second,0,0,0,NA,40,11-01-2018,10:08:30
14475,41,320,430,110,second,1,0,1,16,40,11-01-2018,10:08:30
14475,42,350,250,100,first,1,1,0,NA,40,11-01-2018,10:08:30
14475,43,340,250,90,first,1,1,0,NA,40,11-01-2018,10:08:30
14475,44,350,270,80,first,1,1,0,NA,40,11-01-2018,10:08:30
14475,45,350,420,70,second,1,1,0,NA,40,11-01-2018,10:08:30
14475,46,350,290,60,first,1,1,0,NA,40,11-01-2018,10:08:30
14475,47,320,270,50,first,1,1,0,NA,40,11-01-2018,10:08:30
14475,48,350,310,40,first,1,1,0,NA,40,11-01-2018,10:08:30
14475,49,280,250,30,first,1,1,0,NA,40,11-01-2018,10:08:30
14475,50,250,270,20,second,1,1,0,NA,40,11-01-2018,10:08:30
14475,51,330,320,10,first,0,1,1,17,40,11-01-2018,10:08:30
14475,52,280,320,40,second,1,0,1,18,40,11-01-2018,10:08:30
14475,53,250,280,30,second,1,1,0,NA,40,11-01-2018,10:08:30
14475,54,300,280,20,first,1,1,0,NA,40,11-01-2018,10:08:30
14475,55,250,240,10,first,1,1,0,NA,40,11-01-2018,10:08:30
14475,56,310,320,10,second,0,1,1,19,40,11-01-2018,10:08:30
14475,57,210,250,40,second,1,0,1,20,40,11-01-2018,10:08:30
14475,58,290,320,30,second,0,1,1,21,40,11-01-2018,10:08:30
14475,59,340,280,60,first,1,0,1,22,40,11-01-2018,10:08:30
14475,60,280,330,50,second,0,1,1,23,40,11-01-2018,10:08:30
14475,61,270,350,80,second,1,0,1,24,40,11-01-2018,10:08:30
14475,62,320,250,70,first,1,1,0,NA,40,11-01-2018,10:08:30
14475,63,350,290,60,first,1,1,0,NA,40,11-01-2018,10:08:30
14475,64,250,300,50,second,1,1,0,NA,40,11-01-2018,10:08:30
14477,1,350,250,100,first,1,NA,NA,NA,20,10-23-2018,14:01:46
14477,2,170,250,80,second,1,1,0,NA,20,10-23-2018,14:01:46
14477,3,350,410,60,second,1,1,0,NA,20,10-23-2018,14:01:46
14477,4,320,280,40,first,1,1,0,NA,20,10-23-2018,14:01:46
14477,5,250,270,20,second,1,1,0,NA,20,10-23-2018,14:01:46
14477,6,270,280,10,second,0,1,1,1,20,10-23-2018,14:01:46
14477,7,250,180,70,first,1,0,1,2,20,10-23-2018,14:01:46
14477,8,350,290,60,first,1,1,0,NA,20,10-23-2018,14:01:46
14477,9,270,320,50,second,1,1,0,NA,20,10-23-2018,14:01:46
14477,10,320,360,40,second,1,1,0,NA,20,10-23-2018,14:01:46
14477,11,280,250,30,first,1,1,0,NA,20,10-23-2018,14:01:46
14477,12,230,250,20,second,0,1,1,3,20,10-23-2018,14:01:46
14477,13,320,270,50,first,1,0,1,4,20,10-23-2018,14:01:46
14477,14,310,350,40,second,1,1,0,NA,20,10-23-2018,14:01:46
14477,15,280,250,30,first,1,1,0,NA,20,10-23-2018,14:01:46
14477,16,370,350,20,first,0,1,1,5,20,10-23-2018,14:01:46
14477,17,300,350,50,second,0,0,0,NA,20,10-23-2018,14:01:46
14477,18,320,400,80,second,1,0,1,6,20,10-23-2018,14:01:46
14477,19,350,420,70,second,1,1,0,NA,20,10-23-2018,14:01:46
14477,20,250,310,60,second,1,1,0,NA,20,10-23-2018,14:01:46
14477,21,320,370,50,second,1,1,0,NA,20,10-23-2018,14:01:46
14477,22,350,310,40,first,1,1,0,NA,20,10-23-2018,14:01:46
14477,23,310,280,30,first,1,1,0,NA,20,10-23-2018,14:01:46
14477,24,320,340,20,second,0,1,1,7,20,10-23-2018,14:01:46
14477,25,370,320,50,first,1,0,1,8,20,10-23-2018,14:01:46
14477,26,280,320,40,second,1,1,0,NA,20,10-23-2018,14:01:46
14477,27,280,250,30,first,1,1,0,NA,20,10-23-2018,14:01:46
14477,28,260,280,20,second,0,1,1,9,20,10-23-2018,14:01:46
14477,29,270,320,50,second,1,0,1,10,20,10-23-2018,14:01:46
14477,30,390,350,40,first,1,1,0,NA,20,10-23-2018,14:01:46
14477,31,320,290,30,first,1,1,0,NA,20,10-23-2018,14:01:46
14477,32,350,330,20,first,1,1,0,NA,20,10-23-2018,14:01:46
14477,33,340,350,10,second,1,1,0,NA,20,10-23-2018,14:01:46
14477,34,280,290,10,second,0,1,1,11,20,10-23-2018,14:01:46
14477,35,280,240,40,first,1,0,1,12,20,10-23-2018,14:01:46
14477,36,250,280,30,second,1,1,0,NA,20,10-23-2018,14:01:46
14477,37,300,280,20,first,1,1,0,NA,20,10-23-2018,14:01:46
14477,38,240,250,10,second,0,1,1,13,20,10-23-2018,14:01:46
14477,39,250,290,40,second,1,0,1,14,20,10-23-2018,14:01:46
14477,40,280,310,30,second,0,1,1,15,20,10-23-2018,14:01:46
14477,41,380,320,60,first,1,0,1,16,20,10-23-2018,14:01:46
14477,42,250,200,50,first,1,1,0,NA,20,10-23-2018,14:01:46
14477,43,240,280,40,second,1,1,0,NA,20,10-23-2018,14:01:46
14477,44,350,380,30,second,0,1,1,17,20,10-23-2018,14:01:46
14477,45,350,290,60,first,1,0,1,18,20,10-23-2018,14:01:46
14477,46,350,400,50,second,1,1,0,NA,20,10-23-2018,14:01:46
14477,47,250,210,40,first,1,1,0,NA,20,10-23-2018,14:01:46
14477,48,320,290,30,first,0,1,1,19,20,10-23-2018,14:01:46
14477,49,380,320,60,first,1,0,1,20,20,10-23-2018,14:01:46
14477,50,330,280,50,first,1,1,0,NA,20,10-23-2018,14:01:46
14477,51,250,210,40,first,1,1,0,NA,20,10-23-2018,14:01:46
14477,52,380,350,30,first,0,1,1,21,20,10-23-2018,14:01:46
14477,53,260,320,60,second,1,0,1,22,20,10-23-2018,14:01:46
14477,54,330,280,50,first,1,1,0,NA,20,10-23-2018,14:01:46
14477,55,280,320,40,second,0,1,1,23,20,10-23-2018,14:01:46
14477,56,320,250,70,first,1,0,1,24,20,10-23-2018,14:01:46
14477,57,410,350,60,first,1,1,0,NA,20,10-23-2018,14:01:46
14477,58,270,320,50,second,1,1,0,NA,20,10-23-2018,14:01:46
14477,59,360,320,40,first,1,1,0,NA,20,10-23-2018,14:01:46
14477,60,280,250,30,first,1,1,0,NA,20,10-23-2018,14:01:46
14477,61,330,350,20,second,0,1,1,25,20,10-23-2018,14:01:46
14477,62,300,250,50,first,1,0,1,26,20,10-23-2018,14:01:46
14477,63,240,280,40,second,1,1,0,NA,20,10-23-2018,14:01:46
14477,64,220,250,30,second,1,1,0,NA,20,10-23-2018,14:01:46
14479,1,320,220,100,first,1,NA,NA,NA,60,10-30-2018,15:25:44
14479,2,350,270,80,first,1,1,0,NA,60,10-30-2018,15:25:44
14479,3,280,220,60,first,1,1,0,NA,60,10-30-2018,15:25:44
14479,4,350,310,40,first,1,1,0,NA,60,10-30-2018,15:25:44
14479,5,320,300,20,first,1,1,0,NA,60,10-30-2018,15:25:44
14479,6,330,320,10,first,0,1,1,1,60,10-30-2018,15:25:44
14479,7,280,350,70,second,1,0,1,2,60,10-30-2018,15:25:44
14479,8,260,320,60,second,1,1,0,NA,60,10-30-2018,15:25:44
14479,9,250,200,50,first,1,1,0,NA,60,10-30-2018,15:25:44
14479,10,310,350,40,second,1,1,0,NA,60,10-30-2018,15:25:44
14479,11,320,290,30,first,1,1,0,NA,60,10-30-2018,15:25:44
14479,12,270,250,20,first,0,1,1,3,60,10-30-2018,15:25:44
14479,13,270,320,50,second,1,0,1,4,60,10-30-2018,15:25:44
14479,14,360,320,40,first,0,1,1,5,60,10-30-2018,15:25:44
14479,15,180,250,70,second,1,0,1,6,60,10-30-2018,15:25:44
14479,16,280,340,60,second,1,1,0,NA,60,10-30-2018,15:25:44
14479,17,300,250,50,first,1,1,0,NA,60,10-30-2018,15:25:44
14479,18,320,280,40,first,1,1,0,NA,60,10-30-2018,15:25:44
14479,19,250,280,30,second,0,1,1,7,60,10-30-2018,15:25:44
14479,20,320,380,60,second,1,0,1,8,60,10-30-2018,15:25:44
14479,21,280,230,50,first,1,1,0,NA,60,10-30-2018,15:25:44
14479,22,320,280,40,first,0,1,1,9,60,10-30-2018,15:25:44
14479,23,350,280,70,first,1,0,1,10,60,10-30-2018,15:25:44
14479,24,350,410,60,second,1,1,0,NA,60,10-30-2018,15:25:44
14479,25,400,350,50,first,1,1,0,NA,60,10-30-2018,15:25:44
14479,26,240,280,40,second,1,1,0,NA,60,10-30-2018,15:25:44
14479,27,350,380,30,second,1,1,0,NA,60,10-30-2018,15:25:44
14479,28,350,330,20,first,1,1,0,NA,60,10-30-2018,15:25:44
14479,29,330,320,10,first,1,1,0,NA,60,10-30-2018,15:25:44
14479,30,260,250,10,first,1,1,0,NA,60,10-30-2018,15:25:44
14479,31,360,350,10,first,1,1,0,NA,60,10-30-2018,15:25:44
14479,32,270,280,10,second,1,1,0,NA,60,10-30-2018,15:25:44
14479,33,350,360,10,second,1,1,0,NA,60,10-30-2018,15:25:44
14479,34,320,330,10,second,1,1,0,NA,60,10-30-2018,15:25:44
14479,35,310,320,10,second,1,1,0,NA,60,10-30-2018,15:25:44
14479,36,250,260,10,second,0,1,1,11,60,10-30-2018,15:25:44
14479,37,280,320,40,second,1,0,1,12,60,10-30-2018,15:25:44
14479,38,320,350,30,second,1,1,0,NA,60,10-30-2018,15:25:44
14479,39,250,270,20,second,1,1,0,NA,60,10-30-2018,15:25:44
14479,40,290,280,10,first,1,1,0,NA,60,10-30-2018,15:25:44
14479,41,250,240,10,first,1,1,0,NA,60,10-30-2018,15:25:44
14479,42,320,330,10,second,1,1,0,NA,60,10-30-2018,15:25:44
14479,43,360,350,10,first,1,1,0,NA,60,10-30-2018,15:25:44
14479,44,250,240,10,first,1,1,0,NA,60,10-30-2018,15:25:44
14479,45,270,280,10,second,1,1,0,NA,60,10-30-2018,15:25:44
14479,46,240,250,10,second,0,1,1,13,60,10-30-2018,15:25:44
14479,47,390,350,40,first,1,0,1,14,60,10-30-2018,15:25:44
14479,48,320,350,30,second,1,1,0,NA,60,10-30-2018,15:25:44
14479,49,350,370,20,second,1,1,0,NA,60,10-30-2018,15:25:44
14479,50,240,250,10,second,0,1,1,15,60,10-30-2018,15:25:44
14479,51,280,320,40,second,1,0,1,16,60,10-30-2018,15:25:44
14479,52,290,320,30,second,1,1,0,NA,60,10-30-2018,15:25:44
14479,53,320,300,20,first,0,1,1,17,60,10-30-2018,15:25:44
14479,54,300,350,50,second,0,0,0,NA,60,10-30-2018,15:25:44
14479,55,250,330,80,second,1,0,1,18,60,10-30-2018,15:25:44
14479,56,280,210,70,first,1,1,0,NA,60,10-30-2018,15:25:44
14479,57,380,320,60,first,0,1,1,19,60,10-30-2018,15:25:44
14479,58,370,280,90,first,1,0,1,20,60,10-30-2018,15:25:44
14479,59,280,200,80,first,1,1,0,NA,60,10-30-2018,15:25:44
14479,60,180,250,70,second,1,1,0,NA,60,10-30-2018,15:25:44
14479,61,220,280,60,second,1,1,0,NA,60,10-30-2018,15:25:44
14479,62,250,200,50,first,1,1,0,NA,60,10-30-2018,15:25:44
14479,63,280,320,40,second,1,1,0,NA,60,10-30-2018,15:25:44
14479,64,280,250,30,first,0,1,1,21,60,10-30-2018,15:25:44
