Subject,Trial,Tone1,Tone2,Difference,CorrectResponse,Accuracy,NextTrial.ACC,Reversal,ReversalNumb,PitchThreshold.last,SessionDate,SessionTime
14005,1,820,805,15,first,1,NA,NA,NA,1,08-28-2018,11:24:57
14005,2,813,800,13,first,1,1,0,NA,1,08-28-2018,11:24:57
14005,3,821,810,11,first,1,1,0,NA,1,08-28-2018,11:24:57
14005,4,821,830,9,second,1,1,0,NA,1,08-28-2018,11:24:57
14005,5,813,820,7,second,1,1,0,NA,1,08-28-2018,11:24:57
14005,6,835,830,5,first,1,1,0,NA,1,08-28-2018,11:24:57
14005,7,823,820,3,first,1,1,0,NA,1,08-28-2018,11:24:57
14005,8,812,810,2,first,1,1,0,NA,1,08-28-2018,11:24:57
14005,9,810,809,1,first,1,1,0,NA,1,08-28-2018,11:24:57
14005,10,820,821,1,second,1,1,0,NA,1,08-28-2018,11:24:57
14005,11,800,801,1,second,1,1,0,NA,1,08-28-2018,11:24:57
14005,12,810,811,1,second,0,1,1,1,1,08-28-2018,11:24:57
14005,13,824,820,4,first,1,0,1,2,1,08-28-2018,11:24:57
14005,14,817,820,3,second,1,1,0,NA,1,08-28-2018,11:24:57
14005,15,810,812,2,second,1,1,0,NA,1,08-28-2018,11:24:57
14005,16,799,800,1,second,1,1,0,NA,1,08-28-2018,11:24:57
14005,17,811,810,1,first,0,1,1,3,1,08-28-2018,11:24:57
14005,18,830,834,4,second,1,0,1,4,1,08-28-2018,11:24:57
14005,19,810,813,3,second,1,1,0,NA,1,08-28-2018,11:24:57
14005,20,798,800,2,second,1,1,0,NA,1,08-28-2018,11:24:57
14005,21,830,829,1,first,0,1,1,5,1,08-28-2018,11:24:57
14005,22,830,826,4,first,1,0,1,6,1,08-28-2018,11:24:57
14005,23,833,830,3,first,1,1,0,NA,1,08-28-2018,11:24:57
14005,24,800,798,2,first,0,1,1,7,1,08-28-2018,11:24:57
14005,25,800,805,5,second,1,0,1,8,1,08-28-2018,11:24:57
14005,26,834,830,4,first,1,1,0,NA,1,08-28-2018,11:24:57
14005,27,830,833,3,second,1,1,0,NA,1,08-28-2018,11:24:57
14005,28,798,800,2,second,0,1,1,9,1,08-28-2018,11:24:57
14005,29,815,820,5,second,1,0,1,10,1,08-28-2018,11:24:57
14005,30,810,806,4,first,0,1,1,11,1,08-28-2018,11:24:57
14005,31,813,820,7,second,1,0,1,12,1,08-28-2018,11:24:57
14005,32,824,830,6,second,1,1,0,NA,1,08-28-2018,11:24:57
14005,33,820,815,5,first,1,1,0,NA,1,08-28-2018,11:24:57
14005,34,830,826,4,first,0,1,1,13,1,08-28-2018,11:24:57
14005,35,823,830,7,second,1,0,1,14,1,08-28-2018,11:24:57
14005,36,820,814,6,first,1,1,0,NA,1,08-28-2018,11:24:57
14005,37,805,800,5,first,1,1,0,NA,1,08-28-2018,11:24:57
14005,38,816,820,4,second,1,1,0,NA,1,08-28-2018,11:24:57
14005,39,827,830,3,second,1,1,0,NA,1,08-28-2018,11:24:57
14005,40,802,800,2,first,1,1,0,NA,1,08-28-2018,11:24:57
14005,41,801,800,1,first,1,1,0,NA,1,08-28-2018,11:24:57
14005,42,810,809,1,first,1,1,0,NA,1,08-28-2018,11:24:57
14005,43,819,820,1,second,0,1,1,15,1,08-28-2018,11:24:57
14005,44,810,806,4,first,1,0,1,16,1,08-28-2018,11:24:57
14005,45,820,823,3,second,1,1,0,NA,1,08-28-2018,11:24:57
14005,46,832,830,2,first,1,1,0,NA,1,08-28-2018,11:24:57
14005,47,821,820,1,first,1,1,0,NA,1,08-28-2018,11:24:57
14005,48,820,821,1,second,1,1,0,NA,1,08-28-2018,11:24:57
14005,49,800,799,1,first,0,1,1,17,1,08-28-2018,11:24:57
14005,50,830,834,4,second,1,0,1,18,1,08-28-2018,11:24:57
14005,51,820,817,3,first,1,1,0,NA,1,08-28-2018,11:24:57
14005,52,800,802,2,second,1,1,0,NA,1,08-28-2018,11:24:57
14005,53,830,829,1,first,1,1,0,NA,1,08-28-2018,11:24:57
14005,54,821,820,1,first,1,1,0,NA,1,08-28-2018,11:24:57
14005,55,819,820,1,second,1,1,0,NA,1,08-28-2018,11:24:57
14005,56,800,799,1,first,0,1,1,19,1,08-28-2018,11:24:57
14005,57,810,814,4,second,1,0,1,20,1,08-28-2018,11:24:57
14005,58,797,800,3,second,1,1,0,NA,1,08-28-2018,11:24:57
14005,59,820,822,2,second,1,1,0,NA,1,08-28-2018,11:24:57
14005,60,830,831,1,second,1,1,0,NA,1,08-28-2018,11:24:57
14005,61,800,799,1,first,1,1,0,NA,1,08-28-2018,11:24:57
14005,62,800,801,1,second,1,1,0,NA,1,08-28-2018,11:24:57
14005,63,811,810,1,first,1,1,0,NA,1,08-28-2018,11:24:57
14005,64,819,820,1,second,1,1,0,NA,1,08-28-2018,11:24:57
14009,1,800,815,15,second,1,NA,NA,NA,3,10-12-2018,15:29:11
14009,2,820,833,13,second,1,1,0,NA,3,10-12-2018,15:29:11
14009,3,810,821,11,second,1,1,0,NA,3,10-12-2018,15:29:11
14009,4,810,801,9,first,1,1,0,NA,3,10-12-2018,15:29:11
14009,5,813,820,7,second,1,1,0,NA,3,10-12-2018,15:29:11
14009,6,815,810,5,first,1,1,0,NA,3,10-12-2018,15:29:11
14009,7,810,807,3,first,1,1,0,NA,3,10-12-2018,15:29:11
14009,8,830,828,2,first,0,1,1,1,3,10-12-2018,15:29:11
14009,9,805,800,5,first,1,0,1,2,3,10-12-2018,15:29:11
14009,10,816,820,4,second,1,1,0,NA,3,10-12-2018,15:29:11
14009,11,820,817,3,first,0,1,1,3,3,10-12-2018,15:29:11
14009,12,800,806,6,second,1,0,1,4,3,10-12-2018,15:29:11
14009,13,795,800,5,second,1,1,0,NA,3,10-12-2018,15:29:11
14009,14,824,820,4,first,0,1,1,5,3,10-12-2018,15:29:11
14009,15,837,830,7,first,0,0,0,NA,3,10-12-2018,15:29:11
14009,16,820,810,10,first,1,0,1,6,3,10-12-2018,15:29:11
14009,17,791,800,9,second,0,1,1,7,3,10-12-2018,15:29:11
14009,18,800,788,12,first,1,0,1,8,3,10-12-2018,15:29:11
14009,19,819,830,11,second,1,1,0,NA,3,10-12-2018,15:29:11
14009,20,810,820,10,second,1,1,0,NA,3,10-12-2018,15:29:11
14009,21,830,821,9,first,1,1,0,NA,3,10-12-2018,15:29:11
14009,22,792,800,8,second,1,1,0,NA,3,10-12-2018,15:29:11
14009,23,807,800,7,first,1,1,0,NA,3,10-12-2018,15:29:11
14009,24,820,826,6,second,1,1,0,NA,3,10-12-2018,15:29:11
14009,25,810,815,5,second,1,1,0,NA,3,10-12-2018,15:29:11
14009,26,820,824,4,second,1,1,0,NA,3,10-12-2018,15:29:11
14009,27,820,817,3,first,1,1,0,NA,3,10-12-2018,15:29:11
14009,28,832,830,2,first,1,1,0,NA,3,10-12-2018,15:29:11
14009,29,820,819,1,first,1,1,0,NA,3,10-12-2018,15:29:11
14009,30,811,810,1,first,1,1,0,NA,3,10-12-2018,15:29:11
14009,31,819,820,1,second,1,1,0,NA,3,10-12-2018,15:29:11
14009,32,819,820,1,second,1,1,0,NA,3,10-12-2018,15:29:11
14009,33,810,811,1,second,0,1,1,9,3,10-12-2018,15:29:11
14009,34,800,804,4,second,1,0,1,10,3,10-12-2018,15:29:11
14009,35,827,830,3,second,1,1,0,NA,3,10-12-2018,15:29:11
14009,36,822,820,2,first,1,1,0,NA,3,10-12-2018,15:29:11
14009,37,800,799,1,first,1,1,0,NA,3,10-12-2018,15:29:11
14009,38,821,820,1,first,1,1,0,NA,3,10-12-2018,15:29:11
14009,39,819,820,1,second,1,1,0,NA,3,10-12-2018,15:29:11
14009,40,830,829,1,first,0,1,1,11,3,10-12-2018,15:29:11
14009,41,826,830,4,second,1,0,1,12,3,10-12-2018,15:29:11
14009,42,797,800,3,second,1,1,0,NA,3,10-12-2018,15:29:11
14009,43,812,810,2,first,0,1,1,13,3,10-12-2018,15:29:11
14009,44,830,835,5,second,1,0,1,14,3,10-12-2018,15:29:11
14009,45,826,830,4,second,1,1,0,NA,3,10-12-2018,15:29:11
14009,46,833,830,3,first,0,1,1,15,3,10-12-2018,15:29:11
14009,47,814,820,6,second,1,0,1,16,3,10-12-2018,15:29:11
14009,48,800,805,5,second,1,1,0,NA,3,10-12-2018,15:29:11
14009,49,804,800,4,first,1,1,0,NA,3,10-12-2018,15:29:11
14009,50,833,830,3,first,1,1,0,NA,3,10-12-2018,15:29:11
14009,51,830,832,2,second,1,1,0,NA,3,10-12-2018,15:29:11
14009,52,830,829,1,first,1,1,0,NA,3,10-12-2018,15:29:11
14009,53,810,809,1,first,1,1,0,NA,3,10-12-2018,15:29:11
14009,54,800,799,1,first,1,1,0,NA,3,10-12-2018,15:29:11
14009,55,821,820,1,first,0,1,1,17,3,10-12-2018,15:29:11
14009,56,816,820,4,second,0,0,0,NA,3,10-12-2018,15:29:11
14009,57,800,793,7,first,1,0,1,18,3,10-12-2018,15:29:11
14009,58,820,826,6,second,1,1,0,NA,3,10-12-2018,15:29:11
14009,59,810,805,5,first,1,1,0,NA,3,10-12-2018,15:29:11
14009,60,804,800,4,first,1,1,0,NA,3,10-12-2018,15:29:11
14009,61,810,813,3,second,0,1,1,19,3,10-12-2018,15:29:11
14009,62,830,836,6,second,1,0,1,20,3,10-12-2018,15:29:11
14009,63,830,835,5,second,1,1,0,NA,3,10-12-2018,15:29:11
14009,64,820,816,4,first,1,1,0,NA,3,10-12-2018,15:29:11
14011,1,815,800,15,first,1,NA,NA,NA,3,08-14-2018,15:07:53
14011,2,800,813,13,second,1,1,0,NA,3,08-14-2018,15:07:53
14011,3,841,830,11,first,1,1,0,NA,3,08-14-2018,15:07:53
14011,4,830,821,9,first,1,1,0,NA,3,08-14-2018,15:07:53
14011,5,827,820,7,first,0,1,1,1,3,08-14-2018,15:07:53
14011,6,787,800,13,second,1,0,1,2,3,08-14-2018,15:07:53
14011,7,830,841,11,second,1,1,0,NA,3,08-14-2018,15:07:53
14011,8,790,800,10,second,0,1,1,3,3,08-14-2018,15:07:53
14011,9,820,833,13,second,1,0,1,4,3,08-14-2018,15:07:53
14011,10,800,788,12,first,1,1,0,NA,3,08-14-2018,15:07:53
14011,11,820,809,11,first,0,1,1,5,3,08-14-2018,15:07:53
14011,12,834,820,14,first,1,0,1,6,3,08-14-2018,15:07:53
14011,13,807,820,13,second,1,1,0,NA,3,08-14-2018,15:07:53
14011,14,812,800,12,first,1,1,0,NA,3,08-14-2018,15:07:53
14011,15,810,799,11,first,1,1,0,NA,3,08-14-2018,15:07:53
14011,16,820,830,10,second,1,1,0,NA,3,08-14-2018,15:07:53
14011,17,820,811,9,first,1,1,0,NA,3,08-14-2018,15:07:53
14011,18,838,830,8,first,0,1,1,7,3,08-14-2018,15:07:53
14011,19,820,831,11,second,1,0,1,8,3,08-14-2018,15:07:53
14011,20,810,820,10,second,1,1,0,NA,3,08-14-2018,15:07:53
14011,21,810,819,9,second,1,1,0,NA,3,08-14-2018,15:07:53
14011,22,812,820,8,second,1,1,0,NA,3,08-14-2018,15:07:53
14011,23,810,817,7,second,1,1,0,NA,3,08-14-2018,15:07:53
14011,24,816,810,6,first,1,1,0,NA,3,08-14-2018,15:07:53
14011,25,815,810,5,first,1,1,0,NA,3,08-14-2018,15:07:53
14011,26,800,804,4,second,1,1,0,NA,3,08-14-2018,15:07:53
14011,27,833,830,3,first,0,1,1,9,3,08-14-2018,15:07:53
14011,28,830,824,6,first,1,0,1,10,3,08-14-2018,15:07:53
14011,29,810,805,5,first,1,1,0,NA,3,08-14-2018,15:07:53
14011,30,830,834,4,second,1,1,0,NA,3,08-14-2018,15:07:53
14011,31,820,817,3,first,0,1,1,11,3,08-14-2018,15:07:53
14011,32,826,820,6,first,1,0,1,12,3,08-14-2018,15:07:53
14011,33,800,795,5,first,1,1,0,NA,3,08-14-2018,15:07:53
14011,34,800,796,4,first,1,1,0,NA,3,08-14-2018,15:07:53
14011,35,800,797,3,first,1,1,0,NA,3,08-14-2018,15:07:53
14011,36,822,820,2,first,0,1,1,13,3,08-14-2018,15:07:53
14011,37,815,820,5,second,1,0,1,14,3,08-14-2018,15:07:53
14011,38,816,820,4,second,1,1,0,NA,3,08-14-2018,15:07:53
14011,39,833,830,3,first,0,1,1,15,3,08-14-2018,15:07:53
14011,40,820,814,6,first,1,0,1,16,3,08-14-2018,15:07:53
14011,41,810,815,5,second,1,1,0,NA,3,08-14-2018,15:07:53
14011,42,814,810,4,first,1,1,0,NA,3,08-14-2018,15:07:53
14011,43,797,800,3,second,1,1,0,NA,3,08-14-2018,15:07:53
14011,44,818,820,2,second,1,1,0,NA,3,08-14-2018,15:07:53
14011,45,830,831,1,second,1,1,0,NA,3,08-14-2018,15:07:53
14011,46,810,809,1,first,1,1,0,NA,3,08-14-2018,15:07:53
14011,47,819,820,1,second,1,1,0,NA,3,08-14-2018,15:07:53
14011,48,799,800,1,second,0,1,1,17,3,08-14-2018,15:07:53
14011,49,800,804,4,second,1,0,1,18,3,08-14-2018,15:07:53
14011,50,830,827,3,first,0,1,1,19,3,08-14-2018,15:07:53
14011,51,806,800,6,first,1,0,1,20,3,08-14-2018,15:07:53
14011,52,815,810,5,first,1,1,0,NA,3,08-14-2018,15:07:53
14011,53,826,830,4,second,1,1,0,NA,3,08-14-2018,15:07:53
14011,54,810,807,3,first,1,1,0,NA,3,08-14-2018,15:07:53
14011,55,830,832,2,second,1,1,0,NA,3,08-14-2018,15:07:53
14011,56,829,830,1,second,1,1,0,NA,3,08-14-2018,15:07:53
14011,57,810,811,1,second,0,1,1,21,3,08-14-2018,15:07:53
14011,58,800,804,4,second,1,0,1,22,3,08-14-2018,15:07:53
14011,59,820,823,3,second,1,1,0,NA,3,08-14-2018,15:07:53
14011,60,802,800,2,first,1,1,0,NA,3,08-14-2018,15:07:53
14011,61,829,830,1,second,1,1,0,NA,3,08-14-2018,15:07:53
14011,62,820,821,1,second,1,1,0,NA,3,08-14-2018,15:07:53
14011,63,830,829,1,first,0,1,1,23,3,08-14-2018,15:07:53
14011,64,816,820,4,second,1,0,1,24,3,08-14-2018,15:07:53
14013,1,820,805,15,first,1,NA,NA,NA,5,10-29-2018,12:00:12
14013,2,817,830,13,second,1,1,0,NA,5,10-29-2018,12:00:12
14013,3,809,820,11,second,1,1,0,NA,5,10-29-2018,12:00:12
14013,4,810,801,9,first,1,1,0,NA,5,10-29-2018,12:00:12
14013,5,830,837,7,second,1,1,0,NA,5,10-29-2018,12:00:12
14013,6,820,825,5,second,1,1,0,NA,5,10-29-2018,12:00:12
14013,7,830,833,3,second,1,1,0,NA,5,10-29-2018,12:00:12
14013,8,830,828,2,first,0,1,1,1,5,10-29-2018,12:00:12
14013,9,820,825,5,second,1,0,1,2,5,10-29-2018,12:00:12
14013,10,820,816,4,first,1,1,0,NA,5,10-29-2018,12:00:12
14013,11,810,807,3,first,1,1,0,NA,5,10-29-2018,12:00:12
14013,12,798,800,2,second,0,1,1,3,5,10-29-2018,12:00:12
14013,13,825,830,5,second,1,0,1,4,5,10-29-2018,12:00:12
14013,14,824,820,4,first,1,1,0,NA,5,10-29-2018,12:00:12
14013,15,833,830,3,first,0,1,1,5,5,10-29-2018,12:00:12
14013,16,794,800,6,second,0,0,0,NA,5,10-29-2018,12:00:12
14013,17,809,800,9,first,1,0,1,6,5,10-29-2018,12:00:12
14013,18,828,820,8,first,1,1,0,NA,5,10-29-2018,12:00:12
14013,19,813,820,7,second,0,1,1,7,5,10-29-2018,12:00:12
14013,20,810,820,10,second,0,0,0,NA,5,10-29-2018,12:00:12
14013,21,820,833,13,second,1,0,1,8,5,10-29-2018,12:00:12
14013,22,822,810,12,first,1,1,0,NA,5,10-29-2018,12:00:12
14013,23,820,809,11,first,1,1,0,NA,5,10-29-2018,12:00:12
14013,24,800,790,10,first,1,1,0,NA,5,10-29-2018,12:00:12
14013,25,791,800,9,second,1,1,0,NA,5,10-29-2018,12:00:12
14013,26,808,800,8,first,1,1,0,NA,5,10-29-2018,12:00:12
14013,27,800,793,7,first,1,1,0,NA,5,10-29-2018,12:00:12
14013,28,810,804,6,first,1,1,0,NA,5,10-29-2018,12:00:12
14013,29,815,820,5,second,1,1,0,NA,5,10-29-2018,12:00:12
14013,30,834,830,4,first,1,1,0,NA,5,10-29-2018,12:00:12
14013,31,800,803,3,second,1,1,0,NA,5,10-29-2018,12:00:12
14013,32,820,818,2,first,0,1,1,9,5,10-29-2018,12:00:12
14013,33,800,805,5,second,0,0,0,NA,5,10-29-2018,12:00:12
14013,34,828,820,8,first,1,0,1,10,5,10-29-2018,12:00:12
14013,35,807,800,7,first,1,1,0,NA,5,10-29-2018,12:00:12
14013,36,800,794,6,first,1,1,0,NA,5,10-29-2018,12:00:12
14013,37,835,830,5,first,0,1,1,11,5,10-29-2018,12:00:12
14013,38,838,830,8,first,1,0,1,12,5,10-29-2018,12:00:12
14013,39,827,820,7,first,1,1,0,NA,5,10-29-2018,12:00:12
14013,40,816,810,6,first,1,1,0,NA,5,10-29-2018,12:00:12
14013,41,810,815,5,second,1,1,0,NA,5,10-29-2018,12:00:12
14013,42,810,814,4,second,1,1,0,NA,5,10-29-2018,12:00:12
14013,43,800,797,3,first,1,1,0,NA,5,10-29-2018,12:00:12
14013,44,802,800,2,first,1,1,0,NA,5,10-29-2018,12:00:12
14013,45,800,801,1,second,0,1,1,13,5,10-29-2018,12:00:12
14013,46,814,810,4,first,1,0,1,14,5,10-29-2018,12:00:12
14013,47,817,820,3,second,0,1,1,15,5,10-29-2018,12:00:12
14013,48,800,806,6,second,0,0,0,NA,5,10-29-2018,12:00:12
14013,49,811,820,9,second,1,0,1,16,5,10-29-2018,12:00:12
14013,50,830,838,8,second,1,1,0,NA,5,10-29-2018,12:00:12
14013,51,830,823,7,first,1,1,0,NA,5,10-29-2018,12:00:12
14013,52,810,804,6,first,1,1,0,NA,5,10-29-2018,12:00:12
14013,53,830,825,5,first,1,1,0,NA,5,10-29-2018,12:00:12
14013,54,814,810,4,first,1,1,0,NA,5,10-29-2018,12:00:12
14013,55,817,820,3,second,1,1,0,NA,5,10-29-2018,12:00:12
14013,56,830,828,2,first,1,1,0,NA,5,10-29-2018,12:00:12
14013,57,819,820,1,second,0,1,1,17,5,10-29-2018,12:00:12
14013,58,810,814,4,second,1,0,1,18,5,10-29-2018,12:00:12
14013,59,820,823,3,second,1,1,0,NA,5,10-29-2018,12:00:12
14013,60,828,830,2,second,1,1,0,NA,5,10-29-2018,12:00:12
14013,61,799,800,1,second,0,1,1,19,5,10-29-2018,12:00:12
14013,62,816,820,4,second,0,0,0,NA,5,10-29-2018,12:00:12
14013,63,823,830,7,second,1,0,1,20,5,10-29-2018,12:00:12
14013,64,830,836,6,second,1,1,0,NA,5,10-29-2018,12:00:12
14017,1,830,845,15,second,1,NA,NA,NA,15,08-09-2018,15:21:22
14017,2,807,820,13,second,0,1,1,1,15,08-09-2018,15:21:22
14017,3,800,781,19,first,1,0,1,2,15,08-09-2018,15:21:22
14017,4,837,820,17,first,0,1,1,3,15,08-09-2018,15:21:22
14017,5,807,830,23,second,1,0,1,4,15,08-09-2018,15:21:22
14017,6,841,820,21,first,0,1,1,5,15,08-09-2018,15:21:22
14017,7,796,820,24,second,1,0,1,6,15,08-09-2018,15:21:22
14017,8,777,800,23,second,0,1,1,7,15,08-09-2018,15:21:22
14017,9,796,820,24,second,1,0,1,8,15,08-09-2018,15:21:22
14017,10,810,787,23,first,1,1,0,NA,15,08-09-2018,15:21:22
14017,11,800,822,22,second,0,1,1,9,15,08-09-2018,15:21:22
14017,12,796,820,24,second,1,0,1,10,15,08-09-2018,15:21:22
14017,13,823,800,23,first,1,1,0,NA,15,08-09-2018,15:21:22
14017,14,822,800,22,first,1,1,0,NA,15,08-09-2018,15:21:22
14017,15,810,789,21,first,1,1,0,NA,15,08-09-2018,15:21:22
14017,16,830,810,20,first,1,1,0,NA,15,08-09-2018,15:21:22
14017,17,801,820,19,second,1,1,0,NA,15,08-09-2018,15:21:22
14017,18,820,838,18,second,1,1,0,NA,15,08-09-2018,15:21:22
14017,19,820,837,17,second,1,1,0,NA,15,08-09-2018,15:21:22
14017,20,830,814,16,first,1,1,0,NA,15,08-09-2018,15:21:22
14017,21,810,795,15,first,1,1,0,NA,15,08-09-2018,15:21:22
14017,22,816,830,14,second,0,1,1,11,15,08-09-2018,15:21:22
14017,23,847,830,17,first,0,0,0,NA,15,08-09-2018,15:21:22
14017,24,800,820,20,second,0,0,0,NA,15,08-09-2018,15:21:22
14017,25,807,830,23,second,0,0,0,NA,15,08-09-2018,15:21:22
14017,26,800,776,24,first,1,0,1,12,15,08-09-2018,15:21:22
14017,27,820,797,23,first,1,1,0,NA,15,08-09-2018,15:21:22
14017,28,830,808,22,first,1,1,0,NA,15,08-09-2018,15:21:22
14017,29,820,841,21,second,1,1,0,NA,15,08-09-2018,15:21:22
14017,30,800,820,20,second,1,1,0,NA,15,08-09-2018,15:21:22
14017,31,811,830,19,second,1,1,0,NA,15,08-09-2018,15:21:22
14017,32,800,782,18,first,1,1,0,NA,15,08-09-2018,15:21:22
14017,33,783,800,17,second,1,1,0,NA,15,08-09-2018,15:21:22
14017,34,810,826,16,second,1,1,0,NA,15,08-09-2018,15:21:22
14017,35,825,810,15,first,0,1,1,13,15,08-09-2018,15:21:22
14017,36,782,800,18,second,0,0,0,NA,15,08-09-2018,15:21:22
14017,37,820,799,21,first,0,0,0,NA,15,08-09-2018,15:21:22
14017,38,820,844,24,second,1,0,1,14,15,08-09-2018,15:21:22
14017,39,800,823,23,second,0,1,1,15,15,08-09-2018,15:21:22
14017,40,810,786,24,first,1,0,1,16,15,08-09-2018,15:21:22
14017,41,823,800,23,first,1,1,0,NA,15,08-09-2018,15:21:22
14017,42,830,852,22,second,1,1,0,NA,15,08-09-2018,15:21:22
14017,43,830,851,21,second,1,1,0,NA,15,08-09-2018,15:21:22
14017,44,840,820,20,first,1,1,0,NA,15,08-09-2018,15:21:22
14017,45,830,811,19,first,1,1,0,NA,15,08-09-2018,15:21:22
14017,46,810,828,18,second,1,1,0,NA,15,08-09-2018,15:21:22
14017,47,830,847,17,second,1,1,0,NA,15,08-09-2018,15:21:22
14017,48,820,804,16,first,1,1,0,NA,15,08-09-2018,15:21:22
14017,49,845,830,15,first,0,1,1,17,15,08-09-2018,15:21:22
14017,50,828,810,18,first,1,0,1,18,15,08-09-2018,15:21:22
14017,51,803,820,17,second,0,1,1,19,15,08-09-2018,15:21:22
14017,52,810,830,20,second,0,0,0,NA,15,08-09-2018,15:21:22
14017,53,833,810,23,first,1,0,1,20,15,08-09-2018,15:21:22
14017,54,798,820,22,second,1,1,0,NA,15,08-09-2018,15:21:22
14017,55,851,830,21,first,1,1,0,NA,15,08-09-2018,15:21:22
14017,56,800,820,20,second,1,1,0,NA,15,08-09-2018,15:21:22
14017,57,781,800,19,second,1,1,0,NA,15,08-09-2018,15:21:22
14017,58,848,830,18,first,1,1,0,NA,15,08-09-2018,15:21:22
14017,59,800,783,17,first,1,1,0,NA,15,08-09-2018,15:21:22
14017,60,836,820,16,first,1,1,0,NA,15,08-09-2018,15:21:22
14017,61,825,810,15,first,1,1,0,NA,15,08-09-2018,15:21:22
14017,62,814,800,14,first,1,1,0,NA,15,08-09-2018,15:21:22
14017,63,820,807,13,first,1,1,0,NA,15,08-09-2018,15:21:22
14017,64,810,822,12,second,0,1,1,21,15,08-09-2018,15:21:22
14021,1,815,830,15,second,1,NA,NA,NA,24,10-12-2018,14:21:51
14021,2,820,833,13,second,1,1,0,NA,24,10-12-2018,14:21:51
14021,3,830,819,11,first,0,1,1,1,24,10-12-2018,14:21:51
14021,4,820,837,17,second,1,0,1,2,24,10-12-2018,14:21:51
14021,5,830,845,15,second,0,1,1,3,24,10-12-2018,14:21:51
14021,6,820,799,21,first,1,0,1,4,24,10-12-2018,14:21:51
14021,7,849,830,19,first,1,1,0,NA,24,10-12-2018,14:21:51
14021,8,828,810,18,first,0,1,1,5,24,10-12-2018,14:21:51
14021,9,820,841,21,second,1,0,1,6,24,10-12-2018,14:21:51
14021,10,840,820,20,first,1,1,0,NA,24,10-12-2018,14:21:51
14021,11,801,820,19,second,1,1,0,NA,24,10-12-2018,14:21:51
14021,12,782,800,18,second,1,1,0,NA,24,10-12-2018,14:21:51
14021,13,803,820,17,second,1,1,0,NA,24,10-12-2018,14:21:51
14021,14,830,814,16,first,1,1,0,NA,24,10-12-2018,14:21:51
14021,15,815,830,15,second,1,1,0,NA,24,10-12-2018,14:21:51
14021,16,844,830,14,first,0,1,1,7,24,10-12-2018,14:21:51
14021,17,830,813,17,first,1,0,1,8,24,10-12-2018,14:21:51
14021,18,800,816,16,second,1,1,0,NA,24,10-12-2018,14:21:51
14021,19,810,825,15,second,0,1,1,9,24,10-12-2018,14:21:51
14021,20,812,830,18,second,1,0,1,10,24,10-12-2018,14:21:51
14021,21,837,820,17,first,0,1,1,11,24,10-12-2018,14:21:51
14021,22,800,820,20,second,1,0,1,12,24,10-12-2018,14:21:51
14021,23,781,800,19,second,1,1,0,NA,24,10-12-2018,14:21:51
14021,24,830,848,18,second,1,1,0,NA,24,10-12-2018,14:21:51
14021,25,820,803,17,first,1,1,0,NA,24,10-12-2018,14:21:51
14021,26,804,820,16,second,1,1,0,NA,24,10-12-2018,14:21:51
14021,27,825,810,15,first,0,1,1,13,24,10-12-2018,14:21:51
14021,28,800,782,18,first,1,0,1,14,24,10-12-2018,14:21:51
14021,29,800,817,17,second,1,1,0,NA,24,10-12-2018,14:21:51
14021,30,810,794,16,first,0,1,1,15,24,10-12-2018,14:21:51
14021,31,830,849,19,second,1,0,1,16,24,10-12-2018,14:21:51
14021,32,810,792,18,first,0,1,1,17,24,10-12-2018,14:21:51
14021,33,830,809,21,first,1,0,1,18,24,10-12-2018,14:21:51
14021,34,820,800,20,first,0,1,1,19,24,10-12-2018,14:21:51
14021,35,810,787,23,first,0,0,0,NA,24,10-12-2018,14:21:51
14021,36,776,800,24,second,1,0,1,20,24,10-12-2018,14:21:51
14021,37,823,800,23,first,1,1,0,NA,24,10-12-2018,14:21:51
14021,38,842,820,22,first,1,1,0,NA,24,10-12-2018,14:21:51
14021,39,821,800,21,first,0,1,1,21,24,10-12-2018,14:21:51
14021,40,796,820,24,second,0,0,0,NA,24,10-12-2018,14:21:51
14021,41,854,830,24,first,1,0,1,22,24,10-12-2018,14:21:51
14021,42,833,810,23,first,0,1,1,23,24,10-12-2018,14:21:51
14021,43,834,810,24,first,1,0,1,24,24,10-12-2018,14:21:51
14021,44,797,820,23,second,1,1,0,NA,24,10-12-2018,14:21:51
14021,45,822,800,22,first,0,1,1,25,24,10-12-2018,14:21:51
14021,46,830,854,24,second,0,0,0,NA,24,10-12-2018,14:21:51
14021,47,806,830,24,second,1,0,1,26,24,10-12-2018,14:21:51
14021,48,810,833,23,second,1,1,0,NA,24,10-12-2018,14:21:51
14021,49,798,820,22,second,1,1,0,NA,24,10-12-2018,14:21:51
14021,50,800,821,21,second,1,1,0,NA,24,10-12-2018,14:21:51
14021,51,780,800,20,second,1,1,0,NA,24,10-12-2018,14:21:51
14021,52,810,791,19,first,0,1,1,27,24,10-12-2018,14:21:51
14021,53,798,820,22,second,1,0,1,28,24,10-12-2018,14:21:51
14021,54,800,779,21,first,1,1,0,NA,24,10-12-2018,14:21:51
14021,55,800,820,20,second,1,1,0,NA,24,10-12-2018,14:21:51
14021,56,800,781,19,first,1,1,0,NA,24,10-12-2018,14:21:51
14021,57,810,828,18,second,1,1,0,NA,24,10-12-2018,14:21:51
14021,58,820,803,17,first,0,1,1,29,24,10-12-2018,14:21:51
14021,59,810,830,20,second,0,0,0,NA,24,10-12-2018,14:21:51
14021,60,853,830,23,first,0,0,0,NA,24,10-12-2018,14:21:51
14021,61,820,844,24,second,1,0,1,30,24,10-12-2018,14:21:51
14021,62,823,800,23,first,0,1,1,31,24,10-12-2018,14:21:51
14021,63,800,776,24,first,1,0,1,32,24,10-12-2018,14:21:51
14021,64,843,820,23,first,0,1,1,33,24,10-12-2018,14:21:51
14023,1,810,825,15,second,0,NA,NA,NA,9,09-07-2018,16:21:36
14023,2,799,820,21,second,1,0,1,1,9,09-07-2018,16:21:36
14023,3,781,800,19,second,1,1,0,NA,9,09-07-2018,16:21:36
14023,4,847,830,17,first,1,1,0,NA,9,09-07-2018,16:21:36
14023,5,830,815,15,first,1,1,0,NA,9,09-07-2018,16:21:36
14023,6,833,820,13,first,1,1,0,NA,9,09-07-2018,16:21:36
14023,7,800,789,11,first,0,1,1,2,9,09-07-2018,16:21:36
14023,8,820,806,14,first,1,0,1,3,9,09-07-2018,16:21:36
14023,9,807,820,13,second,1,1,0,NA,9,09-07-2018,16:21:36
14023,10,842,830,12,first,0,1,1,4,9,09-07-2018,16:21:36
14023,11,820,835,15,second,1,0,1,5,9,09-07-2018,16:21:36
14023,12,800,814,14,second,1,1,0,NA,9,09-07-2018,16:21:36
14023,13,813,800,13,first,1,1,0,NA,9,09-07-2018,16:21:36
14023,14,830,842,12,second,0,1,1,6,9,09-07-2018,16:21:36
14023,15,815,800,15,first,1,0,1,7,9,09-07-2018,16:21:36
14023,16,824,810,14,first,1,1,0,NA,9,09-07-2018,16:21:36
14023,17,843,830,13,first,1,1,0,NA,9,09-07-2018,16:21:36
14023,18,830,842,12,second,0,1,1,8,9,09-07-2018,16:21:36
14023,19,820,805,15,first,1,0,1,9,9,09-07-2018,16:21:36
14023,20,834,820,14,first,0,1,1,10,9,09-07-2018,16:21:36
14023,21,827,810,17,first,1,0,1,11,9,09-07-2018,16:21:36
14023,22,830,846,16,second,1,1,0,NA,9,09-07-2018,16:21:36
14023,23,820,835,15,second,1,1,0,NA,9,09-07-2018,16:21:36
14023,24,834,820,14,first,1,1,0,NA,9,09-07-2018,16:21:36
14023,25,810,797,13,first,1,1,0,NA,9,09-07-2018,16:21:36
14023,26,788,800,12,second,1,1,0,NA,9,09-07-2018,16:21:36
14023,27,820,831,11,second,1,1,0,NA,9,09-07-2018,16:21:36
14023,28,810,820,10,second,1,1,0,NA,9,09-07-2018,16:21:36
14023,29,800,809,9,second,1,1,0,NA,9,09-07-2018,16:21:36
14023,30,822,830,8,second,1,1,0,NA,9,09-07-2018,16:21:36
14023,31,823,830,7,second,0,1,1,12,9,09-07-2018,16:21:36
14023,32,820,810,10,first,1,0,1,13,9,09-07-2018,16:21:36
14023,33,791,800,9,second,1,1,0,NA,9,09-07-2018,16:21:36
14023,34,800,808,8,second,0,1,1,14,9,09-07-2018,16:21:36
14023,35,830,819,11,first,1,0,1,15,9,09-07-2018,16:21:36
14023,36,840,830,10,first,1,1,0,NA,9,09-07-2018,16:21:36
14023,37,811,820,9,second,1,1,0,NA,9,09-07-2018,16:21:36
14023,38,820,828,8,second,0,1,1,16,9,09-07-2018,16:21:36
14023,39,809,820,11,second,1,0,1,17,9,09-07-2018,16:21:36
14023,40,810,800,10,first,1,1,0,NA,9,09-07-2018,16:21:36
14023,41,800,791,9,first,1,1,0,NA,9,09-07-2018,16:21:36
14023,42,822,830,8,second,1,1,0,NA,9,09-07-2018,16:21:36
14023,43,793,800,7,second,0,1,1,18,9,09-07-2018,16:21:36
14023,44,810,820,10,second,1,0,1,19,9,09-07-2018,16:21:36
14023,45,830,821,9,first,0,1,1,20,9,09-07-2018,16:21:36
14023,46,810,798,12,first,1,0,1,21,9,09-07-2018,16:21:36
14023,47,830,841,11,second,1,1,0,NA,9,09-07-2018,16:21:36
14023,48,820,810,10,first,1,1,0,NA,9,09-07-2018,16:21:36
14023,49,810,801,9,first,1,1,0,NA,9,09-07-2018,16:21:36
14023,50,830,822,8,first,1,1,0,NA,9,09-07-2018,16:21:36
14023,51,820,813,7,first,1,1,0,NA,9,09-07-2018,16:21:36
14023,52,814,820,6,second,0,1,1,22,9,09-07-2018,16:21:36
14023,53,819,810,9,first,1,0,1,23,9,09-07-2018,16:21:36
14023,54,810,802,8,first,1,1,0,NA,9,09-07-2018,16:21:36
14023,55,807,800,7,first,1,1,0,NA,9,09-07-2018,16:21:36
14023,56,824,830,6,second,0,1,1,24,9,09-07-2018,16:21:36
14023,57,811,820,9,second,1,0,1,25,9,09-07-2018,16:21:36
14023,58,810,818,8,second,1,1,0,NA,9,09-07-2018,16:21:36
14023,59,813,820,7,second,1,1,0,NA,9,09-07-2018,16:21:36
14023,60,800,794,6,first,0,1,1,26,9,09-07-2018,16:21:36
14023,61,800,809,9,second,1,0,1,27,9,09-07-2018,16:21:36
14023,62,800,792,8,first,1,1,0,NA,9,09-07-2018,16:21:36
14023,63,810,817,7,second,0,1,1,28,9,09-07-2018,16:21:36
14023,64,830,820,10,first,1,0,1,29,9,09-07-2018,16:21:36
14037,1,820,805,15,first,1,NA,NA,NA,9,08-16-2018,15:18:37
14037,2,810,797,13,first,1,1,0,NA,9,08-16-2018,15:18:37
14037,3,810,821,11,second,0,1,1,1,9,08-16-2018,15:18:37
14037,4,803,820,17,second,0,0,0,NA,9,08-16-2018,15:18:37
14037,5,800,777,23,first,1,0,1,2,9,08-16-2018,15:18:37
14037,6,830,851,21,second,1,1,0,NA,9,08-16-2018,15:18:37
14037,7,830,811,19,first,1,1,0,NA,9,08-16-2018,15:18:37
14037,8,800,818,18,second,1,1,0,NA,9,08-16-2018,15:18:37
14037,9,813,830,17,second,1,1,0,NA,9,08-16-2018,15:18:37
14037,10,826,810,16,first,1,1,0,NA,9,08-16-2018,15:18:37
14037,11,810,825,15,second,1,1,0,NA,9,08-16-2018,15:18:37
14037,12,800,814,14,second,1,1,0,NA,9,08-16-2018,15:18:37
14037,13,820,807,13,first,1,1,0,NA,9,08-16-2018,15:18:37
14037,14,808,820,12,second,1,1,0,NA,9,08-16-2018,15:18:37
14037,15,819,830,11,second,0,1,1,3,9,08-16-2018,15:18:37
14037,16,844,830,14,first,1,0,1,4,9,08-16-2018,15:18:37
14037,17,820,833,13,second,1,1,0,NA,9,08-16-2018,15:18:37
14037,18,788,800,12,second,0,1,1,5,9,08-16-2018,15:18:37
14037,19,815,830,15,second,1,0,1,6,9,08-16-2018,15:18:37
14037,20,824,810,14,first,1,1,0,NA,9,08-16-2018,15:18:37
14037,21,800,787,13,first,1,1,0,NA,9,08-16-2018,15:18:37
14037,22,820,832,12,second,1,1,0,NA,9,08-16-2018,15:18:37
14037,23,819,830,11,second,1,1,0,NA,9,08-16-2018,15:18:37
14037,24,810,820,10,second,1,1,0,NA,9,08-16-2018,15:18:37
14037,25,830,839,9,second,1,1,0,NA,9,08-16-2018,15:18:37
14037,26,820,812,8,first,1,1,0,NA,9,08-16-2018,15:18:37
14037,27,800,807,7,second,0,1,1,7,9,08-16-2018,15:18:37
14037,28,810,800,10,first,1,0,1,8,9,08-16-2018,15:18:37
14037,29,810,819,9,second,0,1,1,9,9,08-16-2018,15:18:37
14037,30,832,820,12,first,1,0,1,10,9,08-16-2018,15:18:37
14037,31,800,789,11,first,1,1,0,NA,9,08-16-2018,15:18:37
14037,32,820,810,10,first,1,1,0,NA,9,08-16-2018,15:18:37
14037,33,829,820,9,first,1,1,0,NA,9,08-16-2018,15:18:37
14037,34,820,828,8,second,1,1,0,NA,9,08-16-2018,15:18:37
14037,35,807,800,7,first,1,1,0,NA,9,08-16-2018,15:18:37
14037,36,830,824,6,first,0,1,1,11,9,08-16-2018,15:18:37
14037,37,791,800,9,second,1,0,1,12,9,08-16-2018,15:18:37
14037,38,812,820,8,second,1,1,0,NA,9,08-16-2018,15:18:37
14037,39,813,820,7,second,1,1,0,NA,9,08-16-2018,15:18:37
14037,40,800,794,6,first,1,1,0,NA,9,08-16-2018,15:18:37
14037,41,825,820,5,first,1,1,0,NA,9,08-16-2018,15:18:37
14037,42,796,800,4,second,1,1,0,NA,9,08-16-2018,15:18:37
14037,43,833,830,3,first,1,1,0,NA,9,08-16-2018,15:18:37
14037,44,818,820,2,second,0,1,1,13,9,08-16-2018,15:18:37
14037,45,800,805,5,second,0,0,0,NA,9,08-16-2018,15:18:37
14037,46,812,820,8,second,0,0,0,NA,9,08-16-2018,15:18:37
14037,47,810,821,11,second,0,0,0,NA,9,08-16-2018,15:18:37
14037,48,810,796,14,first,1,0,1,14,9,08-16-2018,15:18:37
14037,49,813,800,13,first,1,1,0,NA,9,08-16-2018,15:18:37
14037,50,822,810,12,first,1,1,0,NA,9,08-16-2018,15:18:37
14037,51,810,799,11,first,1,1,0,NA,9,08-16-2018,15:18:37
14037,52,820,810,10,first,0,1,1,15,9,08-16-2018,15:18:37
14037,53,843,830,13,first,0,0,0,NA,9,08-16-2018,15:18:37
14037,54,816,800,16,first,1,0,1,16,9,08-16-2018,15:18:37
14037,55,830,815,15,first,1,1,0,NA,9,08-16-2018,15:18:37
14037,56,810,796,14,first,1,1,0,NA,9,08-16-2018,15:18:37
14037,57,843,830,13,first,1,1,0,NA,9,08-16-2018,15:18:37
14037,58,830,818,12,first,1,1,0,NA,9,08-16-2018,15:18:37
14037,59,820,831,11,second,1,1,0,NA,9,08-16-2018,15:18:37
14037,60,810,820,10,second,1,1,0,NA,9,08-16-2018,15:18:37
14037,61,791,800,9,second,0,1,1,17,9,08-16-2018,15:18:37
14037,62,830,842,12,second,1,0,1,18,9,08-16-2018,15:18:37
14037,63,830,841,11,second,1,1,0,NA,9,08-16-2018,15:18:37
14037,64,830,820,10,first,1,1,0,NA,9,08-16-2018,15:18:37
14039,1,830,845,15,second,1,NA,NA,NA,5,10-03-2018,16:07:35
14039,2,843,830,13,first,1,1,0,NA,5,10-03-2018,16:07:35
14039,3,809,820,11,second,0,1,1,1,5,10-03-2018,16:07:35
14039,4,830,847,17,second,1,0,1,2,5,10-03-2018,16:07:35
14039,5,815,830,15,second,1,1,0,NA,5,10-03-2018,16:07:35
14039,6,807,820,13,second,0,1,1,3,5,10-03-2018,16:07:35
14039,7,830,849,19,second,1,0,1,4,5,10-03-2018,16:07:35
14039,8,810,792,18,first,1,1,0,NA,5,10-03-2018,16:07:35
14039,9,830,813,17,first,1,1,0,NA,5,10-03-2018,16:07:35
14039,10,836,820,16,first,1,1,0,NA,5,10-03-2018,16:07:35
14039,11,835,820,15,first,1,1,0,NA,5,10-03-2018,16:07:35
14039,12,814,800,14,first,1,1,0,NA,5,10-03-2018,16:07:35
14039,13,787,800,13,second,0,1,1,5,5,10-03-2018,16:07:35
14039,14,804,820,16,second,1,0,1,6,5,10-03-2018,16:07:35
14039,15,825,810,15,first,1,1,0,NA,5,10-03-2018,16:07:35
14039,16,786,800,14,second,1,1,0,NA,5,10-03-2018,16:07:35
14039,17,823,810,13,first,1,1,0,NA,5,10-03-2018,16:07:35
14039,18,808,820,12,second,1,1,0,NA,5,10-03-2018,16:07:35
14039,19,809,820,11,second,1,1,0,NA,5,10-03-2018,16:07:35
14039,20,810,800,10,first,1,1,0,NA,5,10-03-2018,16:07:35
14039,21,830,821,9,first,1,1,0,NA,5,10-03-2018,16:07:35
14039,22,808,800,8,first,1,1,0,NA,5,10-03-2018,16:07:35
14039,23,820,827,7,second,1,1,0,NA,5,10-03-2018,16:07:35
14039,24,814,820,6,second,0,1,1,7,5,10-03-2018,16:07:35
14039,25,820,829,9,second,1,0,1,8,5,10-03-2018,16:07:35
14039,26,828,820,8,first,1,1,0,NA,5,10-03-2018,16:07:35
14039,27,817,810,7,first,1,1,0,NA,5,10-03-2018,16:07:35
14039,28,806,800,6,first,1,1,0,NA,5,10-03-2018,16:07:35
14039,29,825,820,5,first,1,1,0,NA,5,10-03-2018,16:07:35
14039,30,800,804,4,second,1,1,0,NA,5,10-03-2018,16:07:35
14039,31,820,823,3,second,0,1,1,9,5,10-03-2018,16:07:35
14039,32,836,830,6,first,1,0,1,10,5,10-03-2018,16:07:35
14039,33,805,800,5,first,1,1,0,NA,5,10-03-2018,16:07:35
14039,34,810,814,4,second,0,1,1,11,5,10-03-2018,16:07:35
14039,35,813,820,7,second,1,0,1,12,5,10-03-2018,16:07:35
14039,36,820,814,6,first,1,1,0,NA,5,10-03-2018,16:07:35
14039,37,810,815,5,second,1,1,0,NA,5,10-03-2018,16:07:35
14039,38,826,830,4,second,1,1,0,NA,5,10-03-2018,16:07:35
14039,39,827,830,3,second,0,1,1,13,5,10-03-2018,16:07:35
14039,40,800,794,6,first,1,0,1,14,5,10-03-2018,16:07:35
14039,41,830,835,5,second,1,1,0,NA,5,10-03-2018,16:07:35
14039,42,810,814,4,second,1,1,0,NA,5,10-03-2018,16:07:35
14039,43,833,830,3,first,1,1,0,NA,5,10-03-2018,16:07:35
14039,44,798,800,2,second,0,1,1,15,5,10-03-2018,16:07:35
14039,45,820,815,5,first,1,0,1,16,5,10-03-2018,16:07:35
14039,46,830,826,4,first,1,1,0,NA,5,10-03-2018,16:07:35
14039,47,800,797,3,first,1,1,0,NA,5,10-03-2018,16:07:35
14039,48,820,822,2,second,0,1,1,17,5,10-03-2018,16:07:35
14039,49,800,805,5,second,1,0,1,18,5,10-03-2018,16:07:35
14039,50,826,830,4,second,0,1,1,19,5,10-03-2018,16:07:35
14039,51,813,820,7,second,1,0,1,20,5,10-03-2018,16:07:35
14039,52,800,794,6,first,1,1,0,NA,5,10-03-2018,16:07:35
14039,53,815,810,5,first,1,1,0,NA,5,10-03-2018,16:07:35
14039,54,820,816,4,first,1,1,0,NA,5,10-03-2018,16:07:35
14039,55,797,800,3,second,1,1,0,NA,5,10-03-2018,16:07:35
14039,56,820,818,2,first,1,1,0,NA,5,10-03-2018,16:07:35
14039,57,830,829,1,first,0,1,1,21,5,10-03-2018,16:07:35
14039,58,810,806,4,first,1,0,1,22,5,10-03-2018,16:07:35
14039,59,800,803,3,second,0,1,1,23,5,10-03-2018,16:07:35
14039,60,800,806,6,second,1,0,1,24,5,10-03-2018,16:07:35
14039,61,835,830,5,first,1,1,0,NA,5,10-03-2018,16:07:35
14039,62,810,806,4,first,1,1,0,NA,5,10-03-2018,16:07:35
14039,63,800,797,3,first,1,1,0,NA,5,10-03-2018,16:07:35
14039,64,810,812,2,second,0,1,1,25,5,10-03-2018,16:07:35
14057,1,810,795,15,first,1,NA,NA,NA,21,08-31-2018,15:21:39
14057,2,810,823,13,second,1,1,0,NA,21,08-31-2018,15:21:39
14057,3,800,789,11,first,1,1,0,NA,21,08-31-2018,15:21:39
14057,4,819,810,9,first,0,1,1,1,21,08-31-2018,15:21:39
14057,5,820,835,15,second,1,0,1,2,21,08-31-2018,15:21:39
14057,6,833,820,13,first,1,1,0,NA,21,08-31-2018,15:21:39
14057,7,800,789,11,first,0,1,1,3,21,08-31-2018,15:21:39
14057,8,814,800,14,first,0,0,0,NA,21,08-31-2018,15:21:39
14057,9,830,813,17,first,1,0,1,4,21,08-31-2018,15:21:39
14057,10,804,820,16,second,1,1,0,NA,21,08-31-2018,15:21:39
14057,11,815,830,15,second,1,1,0,NA,21,08-31-2018,15:21:39
14057,12,786,800,14,second,0,1,1,5,21,08-31-2018,15:21:39
14057,13,800,817,17,second,1,0,1,6,21,08-31-2018,15:21:39
14057,14,804,820,16,second,0,1,1,7,21,08-31-2018,15:21:39
14057,15,801,820,19,second,1,0,1,8,21,08-31-2018,15:21:39
14057,16,802,820,18,second,1,1,0,NA,21,08-31-2018,15:21:39
14057,17,837,820,17,first,0,1,1,9,21,08-31-2018,15:21:39
14057,18,820,800,20,first,1,0,1,10,21,08-31-2018,15:21:39
14057,19,800,781,19,first,0,1,1,11,21,08-31-2018,15:21:39
14057,20,808,830,22,second,1,0,1,12,21,08-31-2018,15:21:39
14057,21,799,820,21,second,1,1,0,NA,21,08-31-2018,15:21:39
14057,22,820,840,20,second,1,1,0,NA,21,08-31-2018,15:21:39
14057,23,829,810,19,first,0,1,1,13,21,08-31-2018,15:21:39
14057,24,810,788,22,first,0,0,0,NA,21,08-31-2018,15:21:39
14057,25,820,796,24,first,1,0,1,14,21,08-31-2018,15:21:39
14057,26,830,853,23,second,1,1,0,NA,21,08-31-2018,15:21:39
14057,27,810,832,22,second,1,1,0,NA,21,08-31-2018,15:21:39
14057,28,841,820,21,first,1,1,0,NA,21,08-31-2018,15:21:39
14057,29,810,790,20,first,0,1,1,15,21,08-31-2018,15:21:39
14057,30,797,820,23,second,1,0,1,16,21,08-31-2018,15:21:39
14057,31,798,820,22,second,1,1,0,NA,21,08-31-2018,15:21:39
14057,32,809,830,21,second,1,1,0,NA,21,08-31-2018,15:21:39
14057,33,800,820,20,second,1,1,0,NA,21,08-31-2018,15:21:39
14057,34,820,839,19,second,1,1,0,NA,21,08-31-2018,15:21:39
14057,35,830,848,18,second,1,1,0,NA,21,08-31-2018,15:21:39
14057,36,830,813,17,first,1,1,0,NA,21,08-31-2018,15:21:39
14057,37,810,826,16,second,1,1,0,NA,21,08-31-2018,15:21:39
14057,38,810,825,15,second,0,1,1,17,21,08-31-2018,15:21:39
14057,39,830,848,18,second,1,0,1,18,21,08-31-2018,15:21:39
14057,40,817,800,17,first,1,1,0,NA,21,08-31-2018,15:21:39
14057,41,830,814,16,first,0,1,1,19,21,08-31-2018,15:21:39
14057,42,829,810,19,first,0,0,0,NA,21,08-31-2018,15:21:39
14057,43,778,800,22,second,1,0,1,20,21,08-31-2018,15:21:39
14057,44,809,830,21,second,1,1,0,NA,21,08-31-2018,15:21:39
14057,45,800,820,20,second,1,1,0,NA,21,08-31-2018,15:21:39
14057,46,800,819,19,second,1,1,0,NA,21,08-31-2018,15:21:39
14057,47,818,800,18,first,0,1,1,21,21,08-31-2018,15:21:39
14057,48,851,830,21,first,1,0,1,22,21,08-31-2018,15:21:39
14057,49,800,820,20,second,1,1,0,NA,21,08-31-2018,15:21:39
14057,50,849,830,19,first,0,1,1,23,21,08-31-2018,15:21:39
14057,51,820,842,22,second,1,0,1,24,21,08-31-2018,15:21:39
14057,52,851,830,21,first,1,1,0,NA,21,08-31-2018,15:21:39
14057,53,820,800,20,first,0,1,1,25,21,08-31-2018,15:21:39
14057,54,800,777,23,first,1,0,1,26,21,08-31-2018,15:21:39
14057,55,778,800,22,second,0,1,1,27,21,08-31-2018,15:21:39
14057,56,830,806,24,first,1,0,1,28,21,08-31-2018,15:21:39
14057,57,820,797,23,first,0,1,1,29,21,08-31-2018,15:21:39
14057,58,834,810,24,first,1,0,1,30,21,08-31-2018,15:21:39
14057,59,843,820,23,first,1,1,0,NA,21,08-31-2018,15:21:39
14057,60,830,852,22,second,1,1,0,NA,21,08-31-2018,15:21:39
14057,61,810,789,21,first,1,1,0,NA,21,08-31-2018,15:21:39
14057,62,780,800,20,second,1,1,0,NA,21,08-31-2018,15:21:39
14057,63,849,830,19,first,0,1,1,31,21,08-31-2018,15:21:39
14057,64,820,798,22,first,1,0,1,32,21,08-31-2018,15:21:39
14065,1,815,800,15,first,1,NA,NA,NA,6,08-13-2018,11:32:25
14065,2,830,843,13,second,1,1,0,NA,6,08-13-2018,11:32:25
14065,3,820,809,11,first,1,1,0,NA,6,08-13-2018,11:32:25
14065,4,800,809,9,second,1,1,0,NA,6,08-13-2018,11:32:25
14065,5,800,807,7,second,1,1,0,NA,6,08-13-2018,11:32:25
14065,6,805,800,5,first,1,1,0,NA,6,08-13-2018,11:32:25
14065,7,817,820,3,second,0,1,1,1,6,08-13-2018,11:32:25
14065,8,816,810,6,first,1,0,1,2,6,08-13-2018,11:32:25
14065,9,825,820,5,first,1,1,0,NA,6,08-13-2018,11:32:25
14065,10,810,806,4,first,0,1,1,3,6,08-13-2018,11:32:25
14065,11,813,820,7,second,1,0,1,4,6,08-13-2018,11:32:25
14065,12,830,824,6,first,1,1,0,NA,6,08-13-2018,11:32:25
14065,13,830,835,5,second,1,1,0,NA,6,08-13-2018,11:32:25
14065,14,820,816,4,first,1,1,0,NA,6,08-13-2018,11:32:25
14065,15,830,827,3,first,1,1,0,NA,6,08-13-2018,11:32:25
14065,16,830,832,2,second,1,1,0,NA,6,08-13-2018,11:32:25
14065,17,819,820,1,second,0,1,1,5,6,08-13-2018,11:32:25
14065,18,816,820,4,second,1,0,1,6,6,08-13-2018,11:32:25
14065,19,810,813,3,second,0,1,1,7,6,08-13-2018,11:32:25
14065,20,836,830,6,first,1,0,1,8,6,08-13-2018,11:32:25
14065,21,795,800,5,second,1,1,0,NA,6,08-13-2018,11:32:25
14065,22,826,830,4,second,1,1,0,NA,6,08-13-2018,11:32:25
14065,23,820,823,3,second,1,1,0,NA,6,08-13-2018,11:32:25
14065,24,810,812,2,second,1,1,0,NA,6,08-13-2018,11:32:25
14065,25,831,830,1,first,1,1,0,NA,6,08-13-2018,11:32:25
14065,26,800,801,1,second,0,1,1,9,6,08-13-2018,11:32:25
14065,27,824,820,4,first,0,0,0,NA,6,08-13-2018,11:32:25
14065,28,800,793,7,first,1,0,1,10,6,08-13-2018,11:32:25
14065,29,794,800,6,second,0,1,1,11,6,08-13-2018,11:32:25
14065,30,811,820,9,second,1,0,1,12,6,08-13-2018,11:32:25
14065,31,830,838,8,second,1,1,0,NA,6,08-13-2018,11:32:25
14065,32,810,803,7,first,1,1,0,NA,6,08-13-2018,11:32:25
14065,33,816,810,6,first,1,1,0,NA,6,08-13-2018,11:32:25
14065,34,810,805,5,first,1,1,0,NA,6,08-13-2018,11:32:25
14065,35,816,820,4,second,1,1,0,NA,6,08-13-2018,11:32:25
14065,36,797,800,3,second,0,1,1,13,6,08-13-2018,11:32:25
14065,37,830,824,6,first,0,0,0,NA,6,08-13-2018,11:32:25
14065,38,839,830,9,first,1,0,1,14,6,08-13-2018,11:32:25
14065,39,810,802,8,first,1,1,0,NA,6,08-13-2018,11:32:25
14065,40,823,830,7,second,1,1,0,NA,6,08-13-2018,11:32:25
14065,41,806,800,6,first,1,1,0,NA,6,08-13-2018,11:32:25
14065,42,815,810,5,first,0,1,1,15,6,08-13-2018,11:32:25
14065,43,812,820,8,second,1,0,1,16,6,08-13-2018,11:32:25
14065,44,837,830,7,first,0,1,1,17,6,08-13-2018,11:32:25
14065,45,830,820,10,first,1,0,1,18,6,08-13-2018,11:32:25
14065,46,811,820,9,second,1,1,0,NA,6,08-13-2018,11:32:25
14065,47,828,820,8,first,1,1,0,NA,6,08-13-2018,11:32:25
14065,48,810,817,7,second,1,1,0,NA,6,08-13-2018,11:32:25
14065,49,816,810,6,first,1,1,0,NA,6,08-13-2018,11:32:25
14065,50,825,830,5,second,1,1,0,NA,6,08-13-2018,11:32:25
14065,51,800,796,4,first,1,1,0,NA,6,08-13-2018,11:32:25
14065,52,820,817,3,first,0,1,1,19,6,08-13-2018,11:32:25
14065,53,820,826,6,second,1,0,1,20,6,08-13-2018,11:32:25
14065,54,820,825,5,second,1,1,0,NA,6,08-13-2018,11:32:25
14065,55,800,796,4,first,1,1,0,NA,6,08-13-2018,11:32:25
14065,56,827,830,3,second,1,1,0,NA,6,08-13-2018,11:32:25
14065,57,810,812,2,second,0,1,1,21,6,08-13-2018,11:32:25
14065,58,825,820,5,first,0,0,0,NA,6,08-13-2018,11:32:25
14065,59,808,800,8,first,1,0,1,22,6,08-13-2018,11:32:25
14065,60,820,813,7,first,1,1,0,NA,6,08-13-2018,11:32:25
14065,61,794,800,6,second,0,1,1,23,6,08-13-2018,11:32:25
14065,62,800,809,9,second,1,0,1,24,6,08-13-2018,11:32:25
14065,63,800,792,8,first,1,1,0,NA,6,08-13-2018,11:32:25
14065,64,820,827,7,second,1,1,0,NA,6,08-13-2018,11:32:25
14079,1,785,800,15,second,0,NA,NA,NA,14,10-17-2018,16:31:52
14079,2,799,820,21,second,1,0,1,1,14,10-17-2018,16:31:52
14079,3,801,820,19,second,1,1,0,NA,14,10-17-2018,16:31:52
14079,4,803,820,17,second,1,1,0,NA,14,10-17-2018,16:31:52
14079,5,810,825,15,second,1,1,0,NA,14,10-17-2018,16:31:52
14079,6,833,820,13,first,1,1,0,NA,14,10-17-2018,16:31:52
14079,7,810,821,11,second,0,1,1,2,14,10-17-2018,16:31:52
14079,8,810,824,14,second,0,0,0,NA,14,10-17-2018,16:31:52
14079,9,810,793,17,first,1,0,1,3,14,10-17-2018,16:31:52
14079,10,846,830,16,first,0,1,1,4,14,10-17-2018,16:31:52
14079,11,810,791,19,first,1,0,1,5,14,10-17-2018,16:31:52
14079,12,830,848,18,second,1,1,0,NA,14,10-17-2018,16:31:52
14079,13,830,813,17,first,1,1,0,NA,14,10-17-2018,16:31:52
14079,14,804,820,16,second,0,1,1,6,14,10-17-2018,16:31:52
14079,15,839,820,19,first,1,0,1,7,14,10-17-2018,16:31:52
14079,16,800,782,18,first,1,1,0,NA,14,10-17-2018,16:31:52
14079,17,803,820,17,second,1,1,0,NA,14,10-17-2018,16:31:52
14079,18,800,784,16,first,1,1,0,NA,14,10-17-2018,16:31:52
14079,19,845,830,15,first,1,1,0,NA,14,10-17-2018,16:31:52
14079,20,830,816,14,first,1,1,0,NA,14,10-17-2018,16:31:52
14079,21,820,807,13,first,1,1,0,NA,14,10-17-2018,16:31:52
14079,22,800,812,12,second,1,1,0,NA,14,10-17-2018,16:31:52
14079,23,800,811,11,second,1,1,0,NA,14,10-17-2018,16:31:52
14079,24,810,800,10,first,1,1,0,NA,14,10-17-2018,16:31:52
14079,25,820,829,9,second,1,1,0,NA,14,10-17-2018,16:31:52
14079,26,822,830,8,second,1,1,0,NA,14,10-17-2018,16:31:52
14079,27,820,827,7,second,1,1,0,NA,14,10-17-2018,16:31:52
14079,28,830,824,6,first,1,1,0,NA,14,10-17-2018,16:31:52
14079,29,805,800,5,first,1,1,0,NA,14,10-17-2018,16:31:52
14079,30,830,834,4,second,1,1,0,NA,14,10-17-2018,16:31:52
14079,31,833,830,3,first,1,1,0,NA,14,10-17-2018,16:31:52
14079,32,822,820,2,first,1,1,0,NA,14,10-17-2018,16:31:52
14079,33,819,820,1,second,1,1,0,NA,14,10-17-2018,16:31:52
14079,34,820,821,1,second,0,1,1,8,14,10-17-2018,16:31:52
14079,35,814,810,4,first,1,0,1,9,14,10-17-2018,16:31:52
14079,36,813,810,3,first,0,1,1,10,14,10-17-2018,16:31:52
14079,37,820,814,6,first,0,0,0,NA,14,10-17-2018,16:31:52
14079,38,821,830,9,second,1,0,1,11,14,10-17-2018,16:31:52
14079,39,820,812,8,first,1,1,0,NA,14,10-17-2018,16:31:52
14079,40,820,813,7,first,1,1,0,NA,14,10-17-2018,16:31:52
14079,41,824,830,6,second,1,1,0,NA,14,10-17-2018,16:31:52
14079,42,825,830,5,second,1,1,0,NA,14,10-17-2018,16:31:52
14079,43,814,810,4,first,1,1,0,NA,14,10-17-2018,16:31:52
14079,44,817,820,3,second,0,1,1,12,14,10-17-2018,16:31:52
14079,45,800,794,6,first,0,0,0,NA,14,10-17-2018,16:31:52
14079,46,830,821,9,first,1,0,1,13,14,10-17-2018,16:31:52
14079,47,830,838,8,second,1,1,0,NA,14,10-17-2018,16:31:52
14079,48,827,820,7,first,0,1,1,14,14,10-17-2018,16:31:52
14079,49,800,810,10,second,1,0,1,15,14,10-17-2018,16:31:52
14079,50,809,800,9,first,1,1,0,NA,14,10-17-2018,16:31:52
14079,51,800,808,8,second,0,1,1,16,14,10-17-2018,16:31:52
14079,52,789,800,11,second,0,0,0,NA,14,10-17-2018,16:31:52
14079,53,844,830,14,first,0,0,0,NA,14,10-17-2018,16:31:52
14079,54,810,827,17,second,1,0,1,17,14,10-17-2018,16:31:52
14079,55,816,800,16,first,1,1,0,NA,14,10-17-2018,16:31:52
14079,56,785,800,15,second,0,1,1,18,14,10-17-2018,16:31:52
14079,57,800,782,18,first,1,0,1,19,14,10-17-2018,16:31:52
14079,58,803,820,17,second,0,1,1,20,14,10-17-2018,16:31:52
14079,59,780,800,20,second,1,0,1,21,14,10-17-2018,16:31:52
14079,60,830,849,19,second,1,1,0,NA,14,10-17-2018,16:31:52
14079,61,818,800,18,first,1,1,0,NA,14,10-17-2018,16:31:52
14079,62,820,837,17,second,1,1,0,NA,14,10-17-2018,16:31:52
14079,63,810,794,16,first,1,1,0,NA,14,10-17-2018,16:31:52
14079,64,825,810,15,first,1,1,0,NA,14,10-17-2018,16:31:52
14081,1,810,825,15,second,1,NA,NA,NA,2,08-07-2018,13:35:04
14081,2,820,833,13,second,1,1,0,NA,2,08-07-2018,13:35:04
14081,3,819,830,11,second,1,1,0,NA,2,08-07-2018,13:35:04
14081,4,791,800,9,second,1,1,0,NA,2,08-07-2018,13:35:04
14081,5,830,837,7,second,1,1,0,NA,2,08-07-2018,13:35:04
14081,6,835,830,5,first,1,1,0,NA,2,08-07-2018,13:35:04
14081,7,823,820,3,first,0,1,1,1,2,08-07-2018,13:35:04
14081,8,800,794,6,first,1,0,1,2,2,08-07-2018,13:35:04
14081,9,815,810,5,first,0,1,1,3,2,08-07-2018,13:35:04
14081,10,810,818,8,second,1,0,1,4,2,08-07-2018,13:35:04
14081,11,813,820,7,second,1,1,0,NA,2,08-07-2018,13:35:04
14081,12,824,830,6,second,1,1,0,NA,2,08-07-2018,13:35:04
14081,13,820,825,5,second,0,1,1,5,2,08-07-2018,13:35:04
14081,14,812,820,8,second,1,0,1,6,2,08-07-2018,13:35:04
14081,15,810,817,7,second,1,1,0,NA,2,08-07-2018,13:35:04
14081,16,816,810,6,first,1,1,0,NA,2,08-07-2018,13:35:04
14081,17,830,825,5,first,1,1,0,NA,2,08-07-2018,13:35:04
14081,18,800,804,4,second,1,1,0,NA,2,08-07-2018,13:35:04
14081,19,830,827,3,first,0,1,1,7,2,08-07-2018,13:35:04
14081,20,794,800,6,second,0,0,0,NA,2,08-07-2018,13:35:04
14081,21,800,791,9,first,1,0,1,8,2,08-07-2018,13:35:04
14081,22,838,830,8,first,1,1,0,NA,2,08-07-2018,13:35:04
14081,23,837,830,7,first,1,1,0,NA,2,08-07-2018,13:35:04
14081,24,824,830,6,second,1,1,0,NA,2,08-07-2018,13:35:04
14081,25,795,800,5,second,0,1,1,9,2,08-07-2018,13:35:04
14081,26,830,822,8,first,1,0,1,10,2,08-07-2018,13:35:04
14081,27,827,820,7,first,1,1,0,NA,2,08-07-2018,13:35:04
14081,28,800,806,6,second,0,1,1,11,2,08-07-2018,13:35:04
14081,29,791,800,9,second,1,0,1,12,2,08-07-2018,13:35:04
14081,30,800,808,8,second,1,1,0,NA,2,08-07-2018,13:35:04
14081,31,813,820,7,second,1,1,0,NA,2,08-07-2018,13:35:04
14081,32,826,820,6,first,1,1,0,NA,2,08-07-2018,13:35:04
14081,33,815,810,5,first,1,1,0,NA,2,08-07-2018,13:35:04
14081,34,820,816,4,first,1,1,0,NA,2,08-07-2018,13:35:04
14081,35,803,800,3,first,1,1,0,NA,2,08-07-2018,13:35:04
14081,36,802,800,2,first,1,1,0,NA,2,08-07-2018,13:35:04
14081,37,800,799,1,first,1,1,0,NA,2,08-07-2018,13:35:04
14081,38,821,820,1,first,0,1,1,13,2,08-07-2018,13:35:04
14081,39,810,806,4,first,1,0,1,14,2,08-07-2018,13:35:04
14081,40,803,800,3,first,0,1,1,15,2,08-07-2018,13:35:04
14081,41,830,824,6,first,0,0,0,NA,2,08-07-2018,13:35:04
14081,42,820,829,9,second,1,0,1,16,2,08-07-2018,13:35:04
14081,43,838,830,8,first,1,1,0,NA,2,08-07-2018,13:35:04
14081,44,830,837,7,second,1,1,0,NA,2,08-07-2018,13:35:04
14081,45,814,820,6,second,0,1,1,17,2,08-07-2018,13:35:04
14081,46,830,839,9,second,1,0,1,18,2,08-07-2018,13:35:04
14081,47,810,802,8,first,1,1,0,NA,2,08-07-2018,13:35:04
14081,48,820,827,7,second,1,1,0,NA,2,08-07-2018,13:35:04
14081,49,814,820,6,second,1,1,0,NA,2,08-07-2018,13:35:04
14081,50,810,815,5,second,1,1,0,NA,2,08-07-2018,13:35:04
14081,51,816,820,4,second,1,1,0,NA,2,08-07-2018,13:35:04
14081,52,800,803,3,second,1,1,0,NA,2,08-07-2018,13:35:04
14081,53,828,830,2,second,1,1,0,NA,2,08-07-2018,13:35:04
14081,54,819,820,1,second,0,1,1,19,2,08-07-2018,13:35:04
14081,55,814,810,4,first,0,0,0,NA,2,08-07-2018,13:35:04
14081,56,820,813,7,first,1,0,1,20,2,08-07-2018,13:35:04
14081,57,820,814,6,first,1,1,0,NA,2,08-07-2018,13:35:04
14081,58,820,815,5,first,1,1,0,NA,2,08-07-2018,13:35:04
14081,59,804,800,4,first,0,1,1,21,2,08-07-2018,13:35:04
14081,60,810,803,7,first,1,0,1,22,2,08-07-2018,13:35:04
14081,61,800,794,6,first,1,1,0,NA,2,08-07-2018,13:35:04
14081,62,815,820,5,second,1,1,0,NA,2,08-07-2018,13:35:04
14081,63,830,834,4,second,1,1,0,NA,2,08-07-2018,13:35:04
14081,64,810,807,3,first,1,1,0,NA,2,08-07-2018,13:35:04
14119,1,810,795,15,first,1,NA,NA,NA,9,10-12-2018,14:21:46
14119,2,820,833,13,second,1,1,0,NA,9,10-12-2018,14:21:46
14119,3,841,830,11,first,1,1,0,NA,9,10-12-2018,14:21:46
14119,4,830,821,9,first,1,1,0,NA,9,10-12-2018,14:21:46
14119,5,820,813,7,first,1,1,0,NA,9,10-12-2018,14:21:46
14119,6,800,805,5,second,1,1,0,NA,9,10-12-2018,14:21:46
14119,7,820,817,3,first,1,1,0,NA,9,10-12-2018,14:21:46
14119,8,818,820,2,second,1,1,0,NA,9,10-12-2018,14:21:46
14119,9,819,820,1,second,0,1,1,1,9,10-12-2018,14:21:46
14119,10,824,820,4,first,1,0,1,2,9,10-12-2018,14:21:46
14119,11,820,817,3,first,1,1,0,NA,9,10-12-2018,14:21:46
14119,12,830,832,2,second,1,1,0,NA,9,10-12-2018,14:21:46
14119,13,810,811,1,second,0,1,1,3,9,10-12-2018,14:21:46
14119,14,830,826,4,first,1,0,1,4,9,10-12-2018,14:21:46
14119,15,817,820,3,second,1,1,0,NA,9,10-12-2018,14:21:46
14119,16,832,830,2,first,1,1,0,NA,9,10-12-2018,14:21:46
14119,17,819,820,1,second,0,1,1,5,9,10-12-2018,14:21:46
14119,18,796,800,4,second,1,0,1,6,9,10-12-2018,14:21:46
14119,19,800,797,3,first,1,1,0,NA,9,10-12-2018,14:21:46
14119,20,802,800,2,first,1,1,0,NA,9,10-12-2018,14:21:46
14119,21,829,830,1,second,0,1,1,7,9,10-12-2018,14:21:46
14119,22,834,830,4,first,0,0,0,NA,9,10-12-2018,14:21:46
14119,23,810,817,7,second,1,0,1,8,9,10-12-2018,14:21:46
14119,24,830,824,6,first,1,1,0,NA,9,10-12-2018,14:21:46
14119,25,825,820,5,first,1,1,0,NA,9,10-12-2018,14:21:46
14119,26,810,806,4,first,0,1,1,9,9,10-12-2018,14:21:46
14119,27,817,810,7,first,1,0,1,10,9,10-12-2018,14:21:46
14119,28,824,830,6,second,1,1,0,NA,9,10-12-2018,14:21:46
14119,29,815,820,5,second,1,1,0,NA,9,10-12-2018,14:21:46
14119,30,804,800,4,first,1,1,0,NA,9,10-12-2018,14:21:46
14119,31,830,827,3,first,0,1,1,11,9,10-12-2018,14:21:46
14119,32,830,836,6,second,0,0,0,NA,9,10-12-2018,14:21:46
14119,33,791,800,9,second,1,0,1,12,9,10-12-2018,14:21:46
14119,34,812,820,8,second,1,1,0,NA,9,10-12-2018,14:21:46
14119,35,810,817,7,second,1,1,0,NA,9,10-12-2018,14:21:46
14119,36,800,806,6,second,1,1,0,NA,9,10-12-2018,14:21:46
14119,37,815,810,5,first,1,1,0,NA,9,10-12-2018,14:21:46
14119,38,826,830,4,second,0,1,1,13,9,10-12-2018,14:21:46
14119,39,820,827,7,second,1,0,1,14,9,10-12-2018,14:21:46
14119,40,800,806,6,second,1,1,0,NA,9,10-12-2018,14:21:46
14119,41,830,835,5,second,0,1,1,15,9,10-12-2018,14:21:46
14119,42,838,830,8,first,1,0,1,16,9,10-12-2018,14:21:46
14119,43,817,810,7,first,1,1,0,NA,9,10-12-2018,14:21:46
14119,44,814,820,6,second,1,1,0,NA,9,10-12-2018,14:21:46
14119,45,815,820,5,second,1,1,0,NA,9,10-12-2018,14:21:46
14119,46,824,820,4,first,1,1,0,NA,9,10-12-2018,14:21:46
14119,47,820,817,3,first,1,1,0,NA,9,10-12-2018,14:21:46
14119,48,800,802,2,second,0,1,1,17,9,10-12-2018,14:21:46
14119,49,805,800,5,first,1,0,1,18,9,10-12-2018,14:21:46
14119,50,800,796,4,first,0,1,1,19,9,10-12-2018,14:21:46
14119,51,800,793,7,first,1,0,1,20,9,10-12-2018,14:21:46
14119,52,800,794,6,first,1,1,0,NA,9,10-12-2018,14:21:46
14119,53,825,820,5,first,0,1,1,21,9,10-12-2018,14:21:46
14119,54,810,818,8,second,0,0,0,NA,9,10-12-2018,14:21:46
14119,55,810,799,11,first,1,0,1,22,9,10-12-2018,14:21:46
14119,56,820,810,10,first,1,1,0,NA,9,10-12-2018,14:21:46
14119,57,820,829,9,second,1,1,0,NA,9,10-12-2018,14:21:46
14119,58,822,830,8,second,0,1,1,23,9,10-12-2018,14:21:46
14119,59,811,800,11,first,1,0,1,24,9,10-12-2018,14:21:46
14119,60,820,830,10,second,1,1,0,NA,9,10-12-2018,14:21:46
14119,61,791,800,9,second,1,1,0,NA,9,10-12-2018,14:21:46
14119,62,830,838,8,second,0,1,1,25,9,10-12-2018,14:21:46
14119,63,810,799,11,first,1,0,1,26,9,10-12-2018,14:21:46
14119,64,790,800,10,second,1,1,0,NA,9,10-12-2018,14:21:46
14125,1,825,810,15,first,1,NA,NA,NA,8,08-31-2018,13:38:03
14125,2,787,800,13,second,0,1,1,1,8,08-31-2018,13:38:03
14125,3,801,820,19,second,0,0,0,NA,8,08-31-2018,13:38:03
14125,4,796,820,24,second,1,0,1,2,8,08-31-2018,13:38:03
14125,5,830,808,22,first,1,1,0,NA,8,08-31-2018,13:38:03
14125,6,810,830,20,second,1,1,0,NA,8,08-31-2018,13:38:03
14125,7,820,838,18,second,1,1,0,NA,8,08-31-2018,13:38:03
14125,8,810,827,17,second,1,1,0,NA,8,08-31-2018,13:38:03
14125,9,816,800,16,first,1,1,0,NA,8,08-31-2018,13:38:03
14125,10,800,815,15,second,1,1,0,NA,8,08-31-2018,13:38:03
14125,11,810,824,14,second,1,1,0,NA,8,08-31-2018,13:38:03
14125,12,843,830,13,first,1,1,0,NA,8,08-31-2018,13:38:03
14125,13,808,820,12,second,1,1,0,NA,8,08-31-2018,13:38:03
14125,14,830,841,11,second,1,1,0,NA,8,08-31-2018,13:38:03
14125,15,810,820,10,second,0,1,1,3,8,08-31-2018,13:38:03
14125,16,820,833,13,second,1,0,1,4,8,08-31-2018,13:38:03
14125,17,810,798,12,first,1,1,0,NA,8,08-31-2018,13:38:03
14125,18,810,821,11,second,1,1,0,NA,8,08-31-2018,13:38:03
14125,19,810,800,10,first,1,1,0,NA,8,08-31-2018,13:38:03
14125,20,821,830,9,second,1,1,0,NA,8,08-31-2018,13:38:03
14125,21,812,820,8,second,1,1,0,NA,8,08-31-2018,13:38:03
14125,22,807,800,7,first,1,1,0,NA,8,08-31-2018,13:38:03
14125,23,830,824,6,first,1,1,0,NA,8,08-31-2018,13:38:03
14125,24,800,805,5,second,0,1,1,5,8,08-31-2018,13:38:03
14125,25,838,830,8,first,1,0,1,6,8,08-31-2018,13:38:03
14125,26,813,820,7,second,0,1,1,7,8,08-31-2018,13:38:03
14125,27,790,800,10,second,0,0,0,NA,8,08-31-2018,13:38:03
14125,28,807,820,13,second,1,0,1,8,8,08-31-2018,13:38:03
14125,29,822,810,12,first,1,1,0,NA,8,08-31-2018,13:38:03
14125,30,831,820,11,first,1,1,0,NA,8,08-31-2018,13:38:03
14125,31,820,830,10,second,1,1,0,NA,8,08-31-2018,13:38:03
14125,32,829,820,9,first,1,1,0,NA,8,08-31-2018,13:38:03
14125,33,838,830,8,first,0,1,1,9,8,08-31-2018,13:38:03
14125,34,819,830,11,second,1,0,1,10,8,08-31-2018,13:38:03
14125,35,830,820,10,first,1,1,0,NA,8,08-31-2018,13:38:03
14125,36,820,811,9,first,1,1,0,NA,8,08-31-2018,13:38:03
14125,37,808,800,8,first,1,1,0,NA,8,08-31-2018,13:38:03
14125,38,800,793,7,first,1,1,0,NA,8,08-31-2018,13:38:03
14125,39,830,824,6,first,1,1,0,NA,8,08-31-2018,13:38:03
14125,40,835,830,5,first,0,1,1,11,8,08-31-2018,13:38:03
14125,41,810,802,8,first,1,0,1,12,8,08-31-2018,13:38:03
14125,42,813,820,7,second,1,1,0,NA,8,08-31-2018,13:38:03
14125,43,830,836,6,second,1,1,0,NA,8,08-31-2018,13:38:03
14125,44,800,805,5,second,0,1,1,13,8,08-31-2018,13:38:03
14125,45,822,830,8,second,1,0,1,14,8,08-31-2018,13:38:03
14125,46,800,807,7,second,0,1,1,15,8,08-31-2018,13:38:03
14125,47,800,790,10,first,1,0,1,16,8,08-31-2018,13:38:03
14125,48,809,800,9,first,1,1,0,NA,8,08-31-2018,13:38:03
14125,49,830,838,8,second,1,1,0,NA,8,08-31-2018,13:38:03
14125,50,820,813,7,first,1,1,0,NA,8,08-31-2018,13:38:03
14125,51,830,836,6,second,1,1,0,NA,8,08-31-2018,13:38:03
14125,52,800,795,5,first,1,1,0,NA,8,08-31-2018,13:38:03
14125,53,820,816,4,first,1,1,0,NA,8,08-31-2018,13:38:03
14125,54,810,813,3,second,0,1,1,17,8,08-31-2018,13:38:03
14125,55,820,826,6,second,1,0,1,18,8,08-31-2018,13:38:03
14125,56,825,820,5,first,1,1,0,NA,8,08-31-2018,13:38:03
14125,57,824,820,4,first,1,1,0,NA,8,08-31-2018,13:38:03
14125,58,810,807,3,first,1,1,0,NA,8,08-31-2018,13:38:03
14125,59,798,800,2,second,0,1,1,19,8,08-31-2018,13:38:03
14125,60,820,815,5,first,0,0,0,NA,8,08-31-2018,13:38:03
14125,61,818,810,8,first,1,0,1,20,8,08-31-2018,13:38:03
14125,62,817,810,7,first,1,1,0,NA,8,08-31-2018,13:38:03
14125,63,800,794,6,first,1,1,0,NA,8,08-31-2018,13:38:03
14125,64,795,800,5,second,0,1,1,21,8,08-31-2018,13:38:03
14139,1,805,820,15,second,1,NA,NA,NA,8,08-15-2018,13:24:21
14139,2,807,820,13,second,1,1,0,NA,8,08-15-2018,13:24:21
14139,3,831,820,11,first,1,1,0,NA,8,08-15-2018,13:24:21
14139,4,830,839,9,second,1,1,0,NA,8,08-15-2018,13:24:21
14139,5,830,837,7,second,1,1,0,NA,8,08-15-2018,13:24:21
14139,6,800,795,5,first,1,1,0,NA,8,08-15-2018,13:24:21
14139,7,817,820,3,second,0,1,1,1,8,08-15-2018,13:24:21
14139,8,794,800,6,second,0,0,0,NA,8,08-15-2018,13:24:21
14139,9,839,830,9,first,1,0,1,2,8,08-15-2018,13:24:21
14139,10,822,830,8,second,1,1,0,NA,8,08-15-2018,13:24:21
14139,11,820,813,7,first,1,1,0,NA,8,08-15-2018,13:24:21
14139,12,826,820,6,first,1,1,0,NA,8,08-15-2018,13:24:21
14139,13,830,825,5,first,1,1,0,NA,8,08-15-2018,13:24:21
14139,14,824,820,4,first,1,1,0,NA,8,08-15-2018,13:24:21
14139,15,800,797,3,first,1,1,0,NA,8,08-15-2018,13:24:21
14139,16,822,820,2,first,1,1,0,NA,8,08-15-2018,13:24:21
14139,17,831,830,1,first,0,1,1,3,8,08-15-2018,13:24:21
14139,18,800,804,4,second,0,0,0,NA,8,08-15-2018,13:24:21
14139,19,837,830,7,first,0,0,0,NA,8,08-15-2018,13:24:21
14139,20,810,820,10,second,1,0,1,4,8,08-15-2018,13:24:21
14139,21,810,801,9,first,1,1,0,NA,8,08-15-2018,13:24:21
14139,22,810,802,8,first,1,1,0,NA,8,08-15-2018,13:24:21
14139,23,817,810,7,first,1,1,0,NA,8,08-15-2018,13:24:21
14139,24,820,826,6,second,1,1,0,NA,8,08-15-2018,13:24:21
14139,25,810,805,5,first,1,1,0,NA,8,08-15-2018,13:24:21
14139,26,804,800,4,first,1,1,0,NA,8,08-15-2018,13:24:21
14139,27,830,833,3,second,1,1,0,NA,8,08-15-2018,13:24:21
14139,28,830,828,2,first,1,1,0,NA,8,08-15-2018,13:24:21
14139,29,800,801,1,second,0,1,1,5,8,08-15-2018,13:24:21
14139,30,800,796,4,first,1,0,1,6,8,08-15-2018,13:24:21
14139,31,827,830,3,second,1,1,0,NA,8,08-15-2018,13:24:21
14139,32,820,822,2,second,1,1,0,NA,8,08-15-2018,13:24:21
14139,33,829,830,1,second,1,1,0,NA,8,08-15-2018,13:24:21
14139,34,801,800,1,first,1,1,0,NA,8,08-15-2018,13:24:21
14139,35,820,819,1,first,1,1,0,NA,8,08-15-2018,13:24:21
14139,36,819,820,1,second,0,1,1,7,8,08-15-2018,13:24:21
14139,37,816,820,4,second,0,0,0,NA,8,08-15-2018,13:24:21
14139,38,830,823,7,first,1,0,1,8,8,08-15-2018,13:24:21
14139,39,814,820,6,second,0,1,1,9,8,08-15-2018,13:24:21
14139,40,820,811,9,first,1,0,1,10,8,08-15-2018,13:24:21
14139,41,792,800,8,second,0,1,1,11,8,08-15-2018,13:24:21
14139,42,820,809,11,first,1,0,1,12,8,08-15-2018,13:24:21
14139,43,790,800,10,second,0,1,1,13,8,08-15-2018,13:24:21
14139,44,820,833,13,second,1,0,1,14,8,08-15-2018,13:24:21
14139,45,822,810,12,first,1,1,0,NA,8,08-15-2018,13:24:21
14139,46,800,811,11,second,0,1,1,15,8,08-15-2018,13:24:21
14139,47,810,796,14,first,1,0,1,16,8,08-15-2018,13:24:21
14139,48,830,817,13,first,1,1,0,NA,8,08-15-2018,13:24:21
14139,49,820,832,12,second,1,1,0,NA,8,08-15-2018,13:24:21
14139,50,841,830,11,first,1,1,0,NA,8,08-15-2018,13:24:21
14139,51,810,820,10,second,1,1,0,NA,8,08-15-2018,13:24:21
14139,52,791,800,9,second,0,1,1,17,8,08-15-2018,13:24:21
14139,53,800,812,12,second,1,0,1,18,8,08-15-2018,13:24:21
14139,54,821,810,11,first,1,1,0,NA,8,08-15-2018,13:24:21
14139,55,810,820,10,second,1,1,0,NA,8,08-15-2018,13:24:21
14139,56,811,820,9,second,0,1,1,19,8,08-15-2018,13:24:21
14139,57,830,842,12,second,1,0,1,20,8,08-15-2018,13:24:21
14139,58,810,821,11,second,0,1,1,21,8,08-15-2018,13:24:21
14139,59,824,810,14,first,1,0,1,22,8,08-15-2018,13:24:21
14139,60,817,830,13,second,1,1,0,NA,8,08-15-2018,13:24:21
14139,61,800,788,12,first,1,1,0,NA,8,08-15-2018,13:24:21
14139,62,810,821,11,second,1,1,0,NA,8,08-15-2018,13:24:21
14139,63,810,800,10,first,1,1,0,NA,8,08-15-2018,13:24:21
14139,64,809,800,9,first,1,1,0,NA,8,08-15-2018,13:24:21
14141,1,810,795,15,first,0,NA,NA,NA,13,10-10-2018,11:40:55
14141,2,810,831,21,second,1,0,1,1,13,10-10-2018,11:40:55
14141,3,801,820,19,second,1,1,0,NA,13,10-10-2018,11:40:55
14141,4,803,820,17,second,1,1,0,NA,13,10-10-2018,11:40:55
14141,5,805,820,15,second,1,1,0,NA,13,10-10-2018,11:40:55
14141,6,843,830,13,first,1,1,0,NA,13,10-10-2018,11:40:55
14141,7,830,841,11,second,1,1,0,NA,13,10-10-2018,11:40:55
14141,8,810,800,10,first,1,1,0,NA,13,10-10-2018,11:40:55
14141,9,800,791,9,first,1,1,0,NA,13,10-10-2018,11:40:55
14141,10,800,792,8,first,1,1,0,NA,13,10-10-2018,11:40:55
14141,11,807,800,7,first,0,1,1,2,13,10-10-2018,11:40:55
14141,12,800,810,10,second,1,0,1,3,13,10-10-2018,11:40:55
14141,13,830,839,9,second,1,1,0,NA,13,10-10-2018,11:40:55
14141,14,800,808,8,second,1,1,0,NA,13,10-10-2018,11:40:55
14141,15,837,830,7,first,1,1,0,NA,13,10-10-2018,11:40:55
14141,16,826,820,6,first,0,1,1,4,13,10-10-2018,11:40:55
14141,17,830,821,9,first,1,0,1,5,13,10-10-2018,11:40:55
14141,18,810,802,8,first,0,1,1,6,13,10-10-2018,11:40:55
14141,19,819,830,11,second,0,0,0,NA,13,10-10-2018,11:40:55
14141,20,830,816,14,first,1,0,1,7,13,10-10-2018,11:40:55
14141,21,807,820,13,second,0,1,1,8,13,10-10-2018,11:40:55
14141,22,800,816,16,second,1,0,1,9,13,10-10-2018,11:40:55
14141,23,830,815,15,first,1,1,0,NA,13,10-10-2018,11:40:55
14141,24,834,820,14,first,1,1,0,NA,13,10-10-2018,11:40:55
14141,25,807,820,13,second,1,1,0,NA,13,10-10-2018,11:40:55
14141,26,832,820,12,first,0,1,1,10,13,10-10-2018,11:40:55
14141,27,815,830,15,second,1,0,1,11,13,10-10-2018,11:40:55
14141,28,800,814,14,second,0,1,1,12,13,10-10-2018,11:40:55
14141,29,817,800,17,first,1,0,1,13,13,10-10-2018,11:40:55
14141,30,814,830,16,second,1,1,0,NA,13,10-10-2018,11:40:55
14141,31,805,820,15,second,1,1,0,NA,13,10-10-2018,11:40:55
14141,32,820,806,14,first,1,1,0,NA,13,10-10-2018,11:40:55
14141,33,820,807,13,first,1,1,0,NA,13,10-10-2018,11:40:55
14141,34,788,800,12,second,1,1,0,NA,13,10-10-2018,11:40:55
14141,35,841,830,11,first,0,1,1,14,13,10-10-2018,11:40:55
14141,36,814,800,14,first,1,0,1,15,13,10-10-2018,11:40:55
14141,37,833,820,13,first,1,1,0,NA,13,10-10-2018,11:40:55
14141,38,800,788,12,first,1,1,0,NA,13,10-10-2018,11:40:55
14141,39,809,820,11,second,1,1,0,NA,13,10-10-2018,11:40:55
14141,40,790,800,10,second,0,1,1,16,13,10-10-2018,11:40:55
14141,41,807,820,13,second,1,0,1,17,13,10-10-2018,11:40:55
14141,42,830,842,12,second,0,1,1,18,13,10-10-2018,11:40:55
14141,43,785,800,15,second,1,0,1,19,13,10-10-2018,11:40:55
14141,44,824,810,14,first,1,1,0,NA,13,10-10-2018,11:40:55
14141,45,843,830,13,first,1,1,0,NA,13,10-10-2018,11:40:55
14141,46,820,832,12,second,1,1,0,NA,13,10-10-2018,11:40:55
14141,47,821,810,11,first,1,1,0,NA,13,10-10-2018,11:40:55
14141,48,800,790,10,first,1,1,0,NA,13,10-10-2018,11:40:55
14141,49,819,810,9,first,0,1,1,20,13,10-10-2018,11:40:55
14141,50,830,842,12,second,1,0,1,21,13,10-10-2018,11:40:55
14141,51,820,831,11,second,0,1,1,22,13,10-10-2018,11:40:55
14141,52,820,806,14,first,0,0,0,NA,13,10-10-2018,11:40:55
14141,53,810,827,17,second,1,0,1,23,13,10-10-2018,11:40:55
14141,54,820,836,16,second,1,1,0,NA,13,10-10-2018,11:40:55
14141,55,820,805,15,first,1,1,0,NA,13,10-10-2018,11:40:55
14141,56,816,830,14,second,1,1,0,NA,13,10-10-2018,11:40:55
14141,57,787,800,13,second,1,1,0,NA,13,10-10-2018,11:40:55
14141,58,810,822,12,second,1,1,0,NA,13,10-10-2018,11:40:55
14141,59,810,799,11,first,1,1,0,NA,13,10-10-2018,11:40:55
14141,60,810,800,10,first,0,1,1,24,13,10-10-2018,11:40:55
14141,61,810,823,13,second,1,0,1,25,13,10-10-2018,11:40:55
14141,62,822,810,12,first,1,1,0,NA,13,10-10-2018,11:40:55
14141,63,820,831,11,second,1,1,0,NA,13,10-10-2018,11:40:55
14141,64,830,820,10,first,0,1,1,26,13,10-10-2018,11:40:55
14149,1,835,820,15,first,1,NA,NA,NA,13,10-18-2018,15:47:24
14149,2,833,820,13,first,1,1,0,NA,13,10-18-2018,15:47:24
14149,3,809,820,11,second,1,1,0,NA,13,10-18-2018,15:47:24
14149,4,810,819,9,second,0,1,1,1,13,10-18-2018,15:47:24
14149,5,800,785,15,first,1,0,1,2,13,10-18-2018,15:47:24
14149,6,843,830,13,first,0,1,1,3,13,10-18-2018,15:47:24
14149,7,781,800,19,second,1,0,1,4,13,10-18-2018,15:47:24
14149,8,818,800,18,first,1,1,0,NA,13,10-18-2018,15:47:24
14149,9,803,820,17,second,1,1,0,NA,13,10-18-2018,15:47:24
14149,10,800,816,16,second,1,1,0,NA,13,10-18-2018,15:47:24
14149,11,785,800,15,second,0,1,1,5,13,10-18-2018,15:47:24
14149,12,830,848,18,second,1,0,1,6,13,10-18-2018,15:47:24
14149,13,820,837,17,second,1,1,0,NA,13,10-18-2018,15:47:24
14149,14,814,830,16,second,1,1,0,NA,13,10-18-2018,15:47:24
14149,15,820,835,15,second,1,1,0,NA,13,10-18-2018,15:47:24
14149,16,806,820,14,second,1,1,0,NA,13,10-18-2018,15:47:24
14149,17,820,833,13,second,1,1,0,NA,13,10-18-2018,15:47:24
14149,18,832,820,12,first,1,1,0,NA,13,10-18-2018,15:47:24
14149,19,811,800,11,first,1,1,0,NA,13,10-18-2018,15:47:24
14149,20,820,810,10,first,1,1,0,NA,13,10-18-2018,15:47:24
14149,21,819,810,9,first,1,1,0,NA,13,10-18-2018,15:47:24
14149,22,810,802,8,first,1,1,0,NA,13,10-18-2018,15:47:24
14149,23,793,800,7,second,0,1,1,7,13,10-18-2018,15:47:24
14149,24,810,820,10,second,1,0,1,8,13,10-18-2018,15:47:24
14149,25,800,809,9,second,1,1,0,NA,13,10-18-2018,15:47:24
14149,26,828,820,8,first,0,1,1,9,13,10-18-2018,15:47:24
14149,27,830,819,11,first,1,0,1,10,13,10-18-2018,15:47:24
14149,28,790,800,10,second,1,1,0,NA,13,10-18-2018,15:47:24
14149,29,820,811,9,first,0,1,1,11,13,10-18-2018,15:47:24
14149,30,830,842,12,second,1,0,1,12,13,10-18-2018,15:47:24
14149,31,811,800,11,first,1,1,0,NA,13,10-18-2018,15:47:24
14149,32,810,800,10,first,1,1,0,NA,13,10-18-2018,15:47:24
14149,33,830,821,9,first,0,1,1,13,13,10-18-2018,15:47:24
14149,34,820,808,12,first,0,0,0,NA,13,10-18-2018,15:47:24
14149,35,830,845,15,second,1,0,1,14,13,10-18-2018,15:47:24
14149,36,844,830,14,first,0,1,1,15,13,10-18-2018,15:47:24
14149,37,803,820,17,second,1,0,1,16,13,10-18-2018,15:47:24
14149,38,800,784,16,first,1,1,0,NA,13,10-18-2018,15:47:24
14149,39,815,830,15,second,1,1,0,NA,13,10-18-2018,15:47:24
14149,40,810,796,14,first,1,1,0,NA,13,10-18-2018,15:47:24
14149,41,843,830,13,first,0,1,1,17,13,10-18-2018,15:47:24
14149,42,800,816,16,second,0,0,0,NA,13,10-18-2018,15:47:24
14149,43,811,830,19,second,1,0,1,18,13,10-18-2018,15:47:24
14149,44,848,830,18,first,0,1,1,19,13,10-18-2018,15:47:24
14149,45,800,821,21,second,1,0,1,20,13,10-18-2018,15:47:24
14149,46,800,820,20,second,1,1,0,NA,13,10-18-2018,15:47:24
14149,47,810,829,19,second,1,1,0,NA,13,10-18-2018,15:47:24
14149,48,810,792,18,first,1,1,0,NA,13,10-18-2018,15:47:24
14149,49,830,813,17,first,0,1,1,21,13,10-18-2018,15:47:24
14149,50,830,810,20,first,1,0,1,22,13,10-18-2018,15:47:24
14149,51,810,829,19,second,1,1,0,NA,13,10-18-2018,15:47:24
14149,52,800,782,18,first,1,1,0,NA,13,10-18-2018,15:47:24
14149,53,810,793,17,first,1,1,0,NA,13,10-18-2018,15:47:24
14149,54,826,810,16,first,1,1,0,NA,13,10-18-2018,15:47:24
14149,55,820,805,15,first,1,1,0,NA,13,10-18-2018,15:47:24
14149,56,816,830,14,second,1,1,0,NA,13,10-18-2018,15:47:24
14149,57,800,787,13,first,1,1,0,NA,13,10-18-2018,15:47:24
14149,58,820,832,12,second,1,1,0,NA,13,10-18-2018,15:47:24
14149,59,821,810,11,first,1,1,0,NA,13,10-18-2018,15:47:24
14149,60,810,820,10,second,1,1,0,NA,13,10-18-2018,15:47:24
14149,61,820,811,9,first,0,1,1,23,13,10-18-2018,15:47:24
14149,62,808,820,12,second,0,0,0,NA,13,10-18-2018,15:47:24
14149,63,830,845,15,second,1,0,1,24,13,10-18-2018,15:47:24
14149,64,806,820,14,second,1,1,0,NA,13,10-18-2018,15:47:24
14153,1,815,800,15,first,1,NA,NA,NA,17,10-25-2018,10:13:49
14153,2,830,843,13,second,0,1,1,1,17,10-25-2018,10:13:49
14153,3,781,800,19,second,1,0,1,2,17,10-25-2018,10:13:49
14153,4,800,783,17,first,1,1,0,NA,17,10-25-2018,10:13:49
14153,5,800,815,15,second,1,1,0,NA,17,10-25-2018,10:13:49
14153,6,807,820,13,second,1,1,0,NA,17,10-25-2018,10:13:49
14153,7,820,809,11,first,1,1,0,NA,17,10-25-2018,10:13:49
14153,8,800,790,10,first,1,1,0,NA,17,10-25-2018,10:13:49
14153,9,830,839,9,second,0,1,1,3,17,10-25-2018,10:13:49
14153,10,788,800,12,second,1,0,1,4,17,10-25-2018,10:13:49
14153,11,800,811,11,second,0,1,1,5,17,10-25-2018,10:13:49
14153,12,816,830,14,second,1,0,1,6,17,10-25-2018,10:13:49
14153,13,830,817,13,first,1,1,0,NA,17,10-25-2018,10:13:49
14153,14,818,830,12,second,1,1,0,NA,17,10-25-2018,10:13:49
14153,15,830,819,11,first,0,1,1,7,17,10-25-2018,10:13:49
14153,16,806,820,14,second,0,0,0,NA,17,10-25-2018,10:13:49
14153,17,800,783,17,first,1,0,1,8,17,10-25-2018,10:13:49
14153,18,830,846,16,second,1,1,0,NA,17,10-25-2018,10:13:49
14153,19,845,830,15,first,1,1,0,NA,17,10-25-2018,10:13:49
14153,20,806,820,14,second,1,1,0,NA,17,10-25-2018,10:13:49
14153,21,810,823,13,second,1,1,0,NA,17,10-25-2018,10:13:49
14153,22,808,820,12,second,1,1,0,NA,17,10-25-2018,10:13:49
14153,23,830,819,11,first,0,1,1,9,17,10-25-2018,10:13:49
14153,24,810,824,14,second,0,0,0,NA,17,10-25-2018,10:13:49
14153,25,830,813,17,first,1,0,1,10,17,10-25-2018,10:13:49
14153,26,784,800,16,second,0,1,1,11,17,10-25-2018,10:13:49
14153,27,829,810,19,first,1,0,1,12,17,10-25-2018,10:13:49
14153,28,820,802,18,first,1,1,0,NA,17,10-25-2018,10:13:49
14153,29,817,800,17,first,1,1,0,NA,17,10-25-2018,10:13:49
14153,30,810,794,16,first,1,1,0,NA,17,10-25-2018,10:13:49
14153,31,815,800,15,first,1,1,0,NA,17,10-25-2018,10:13:49
14153,32,820,806,14,first,1,1,0,NA,17,10-25-2018,10:13:49
14153,33,810,797,13,first,1,1,0,NA,17,10-25-2018,10:13:49
14153,34,812,800,12,first,1,1,0,NA,17,10-25-2018,10:13:49
14153,35,810,821,11,second,1,1,0,NA,17,10-25-2018,10:13:49
14153,36,820,830,10,second,1,1,0,NA,17,10-25-2018,10:13:49
14153,37,839,830,9,first,0,1,1,13,17,10-25-2018,10:13:49
14153,38,822,810,12,first,1,0,1,14,17,10-25-2018,10:13:49
14153,39,821,810,11,first,0,1,1,15,17,10-25-2018,10:13:49
14153,40,844,830,14,first,0,0,0,NA,17,10-25-2018,10:13:49
14153,41,800,817,17,second,1,0,1,16,17,10-25-2018,10:13:49
14153,42,826,810,16,first,1,1,0,NA,17,10-25-2018,10:13:49
14153,43,820,835,15,second,1,1,0,NA,17,10-25-2018,10:13:49
14153,44,834,820,14,first,1,1,0,NA,17,10-25-2018,10:13:49
14153,45,810,797,13,first,1,1,0,NA,17,10-25-2018,10:13:49
14153,46,808,820,12,second,1,1,0,NA,17,10-25-2018,10:13:49
14153,47,800,811,11,second,0,1,1,17,17,10-25-2018,10:13:49
14153,48,834,820,14,first,0,0,0,NA,17,10-25-2018,10:13:49
14153,49,820,837,17,second,1,0,1,18,17,10-25-2018,10:13:49
14153,50,810,826,16,second,1,1,0,NA,17,10-25-2018,10:13:49
14153,51,815,830,15,second,1,1,0,NA,17,10-25-2018,10:13:49
14153,52,830,844,14,second,1,1,0,NA,17,10-25-2018,10:13:49
14153,53,833,820,13,first,1,1,0,NA,17,10-25-2018,10:13:49
14153,54,808,820,12,second,0,1,1,19,17,10-25-2018,10:13:49
14153,55,835,820,15,first,1,0,1,20,17,10-25-2018,10:13:49
14153,56,820,834,14,second,1,1,0,NA,17,10-25-2018,10:13:49
14153,57,820,833,13,second,1,1,0,NA,17,10-25-2018,10:13:49
14153,58,842,830,12,first,0,1,1,21,17,10-25-2018,10:13:49
14153,59,800,785,15,first,1,0,1,22,17,10-25-2018,10:13:49
14153,60,810,796,14,first,0,1,1,23,17,10-25-2018,10:13:49
14153,61,820,803,17,first,1,0,1,24,17,10-25-2018,10:13:49
14153,62,804,820,16,second,1,1,0,NA,17,10-25-2018,10:13:49
14153,63,785,800,15,second,1,1,0,NA,17,10-25-2018,10:13:49
14153,64,806,820,14,second,0,1,1,25,17,10-25-2018,10:13:49
14169,1,810,795,15,first,1,NA,NA,NA,7,09-05-2018,16:19:43
14169,2,823,810,13,first,1,1,0,NA,7,09-05-2018,16:19:43
14169,3,789,800,11,second,0,1,1,1,7,09-05-2018,16:19:43
14169,4,803,820,17,second,1,0,1,2,7,09-05-2018,16:19:43
14169,5,810,825,15,second,1,1,0,NA,7,09-05-2018,16:19:43
14169,6,810,823,13,second,1,1,0,NA,7,09-05-2018,16:19:43
14169,7,800,811,11,second,1,1,0,NA,7,09-05-2018,16:19:43
14169,8,840,830,10,first,1,1,0,NA,7,09-05-2018,16:19:43
14169,9,839,830,9,first,1,1,0,NA,7,09-05-2018,16:19:43
14169,10,830,838,8,second,1,1,0,NA,7,09-05-2018,16:19:43
14169,11,820,813,7,first,1,1,0,NA,7,09-05-2018,16:19:43
14169,12,810,816,6,second,0,1,1,3,7,09-05-2018,16:19:43
14169,13,810,819,9,second,1,0,1,4,7,09-05-2018,16:19:43
14169,14,800,808,8,second,1,1,0,NA,7,09-05-2018,16:19:43
14169,15,827,820,7,first,1,1,0,NA,7,09-05-2018,16:19:43
14169,16,820,826,6,second,1,1,0,NA,7,09-05-2018,16:19:43
14169,17,810,805,5,first,1,1,0,NA,7,09-05-2018,16:19:43
14169,18,796,800,4,second,1,1,0,NA,7,09-05-2018,16:19:43
14169,19,820,823,3,second,1,1,0,NA,7,09-05-2018,16:19:43
14169,20,820,818,2,first,1,1,0,NA,7,09-05-2018,16:19:43
14169,21,829,830,1,second,0,1,1,5,7,09-05-2018,16:19:43
14169,22,814,810,4,first,1,0,1,6,7,09-05-2018,16:19:43
14169,23,830,827,3,first,0,1,1,7,7,09-05-2018,16:19:43
14169,24,836,830,6,first,1,0,1,8,7,09-05-2018,16:19:43
14169,25,825,820,5,first,1,1,0,NA,7,09-05-2018,16:19:43
14169,26,820,824,4,second,1,1,0,NA,7,09-05-2018,16:19:43
14169,27,833,830,3,first,0,1,1,9,7,09-05-2018,16:19:43
14169,28,800,794,6,first,1,0,1,10,7,09-05-2018,16:19:43
14169,29,805,800,5,first,1,1,0,NA,7,09-05-2018,16:19:43
14169,30,816,820,4,second,1,1,0,NA,7,09-05-2018,16:19:43
14169,31,830,827,3,first,0,1,1,11,7,09-05-2018,16:19:43
14169,32,794,800,6,second,0,0,0,NA,7,09-05-2018,16:19:43
14169,33,820,829,9,second,1,0,1,12,7,09-05-2018,16:19:43
14169,34,810,802,8,first,1,1,0,NA,7,09-05-2018,16:19:43
14169,35,820,813,7,first,1,1,0,NA,7,09-05-2018,16:19:43
14169,36,810,804,6,first,1,1,0,NA,7,09-05-2018,16:19:43
14169,37,800,795,5,first,1,1,0,NA,7,09-05-2018,16:19:43
14169,38,830,834,4,second,1,1,0,NA,7,09-05-2018,16:19:43
14169,39,817,820,3,second,1,1,0,NA,7,09-05-2018,16:19:43
14169,40,818,820,2,second,1,1,0,NA,7,09-05-2018,16:19:43
14169,41,830,831,1,second,1,1,0,NA,7,09-05-2018,16:19:43
14169,42,800,799,1,first,1,1,0,NA,7,09-05-2018,16:19:43
14169,43,800,801,1,second,0,1,1,13,7,09-05-2018,16:19:43
14169,44,816,820,4,second,1,0,1,14,7,09-05-2018,16:19:43
14169,45,827,830,3,second,0,1,1,15,7,09-05-2018,16:19:43
14169,46,830,824,6,first,0,0,0,NA,7,09-05-2018,16:19:43
14169,47,821,830,9,second,1,0,1,16,7,09-05-2018,16:19:43
14169,48,808,800,8,first,1,1,0,NA,7,09-05-2018,16:19:43
14169,49,817,810,7,first,0,1,1,17,7,09-05-2018,16:19:43
14169,50,810,820,10,second,1,0,1,18,7,09-05-2018,16:19:43
14169,51,829,820,9,first,1,1,0,NA,7,09-05-2018,16:19:43
14169,52,828,820,8,first,0,1,1,19,7,09-05-2018,16:19:43
14169,53,809,820,11,second,1,0,1,20,7,09-05-2018,16:19:43
14169,54,810,820,10,second,1,1,0,NA,7,09-05-2018,16:19:43
14169,55,819,810,9,first,1,1,0,NA,7,09-05-2018,16:19:43
14169,56,808,800,8,first,1,1,0,NA,7,09-05-2018,16:19:43
14169,57,830,823,7,first,1,1,0,NA,7,09-05-2018,16:19:43
14169,58,794,800,6,second,0,1,1,21,7,09-05-2018,16:19:43
14169,59,809,800,9,first,1,0,1,22,7,09-05-2018,16:19:43
14169,60,800,792,8,first,1,1,0,NA,7,09-05-2018,16:19:43
14169,61,820,813,7,first,1,1,0,NA,7,09-05-2018,16:19:43
14169,62,830,836,6,second,1,1,0,NA,7,09-05-2018,16:19:43
14169,63,825,830,5,second,1,1,0,NA,7,09-05-2018,16:19:43
14169,64,800,804,4,second,0,1,1,23,7,09-05-2018,16:19:43
14173,1,820,835,15,second,1,NA,NA,NA,8,10-16-2018,10:19:31
14173,2,800,813,13,second,0,1,1,1,8,10-16-2018,10:19:31
14173,3,829,810,19,first,1,0,1,2,8,10-16-2018,10:19:31
14173,4,817,800,17,first,1,1,0,NA,8,10-16-2018,10:19:31
14173,5,810,795,15,first,1,1,0,NA,8,10-16-2018,10:19:31
14173,6,830,817,13,first,1,1,0,NA,8,10-16-2018,10:19:31
14173,7,811,800,11,first,1,1,0,NA,8,10-16-2018,10:19:31
14173,8,810,820,10,second,1,1,0,NA,8,10-16-2018,10:19:31
14173,9,800,791,9,first,1,1,0,NA,8,10-16-2018,10:19:31
14173,10,828,820,8,first,1,1,0,NA,8,10-16-2018,10:19:31
14173,11,800,807,7,second,1,1,0,NA,8,10-16-2018,10:19:31
14173,12,810,816,6,second,1,1,0,NA,8,10-16-2018,10:19:31
14173,13,825,830,5,second,1,1,0,NA,8,10-16-2018,10:19:31
14173,14,830,826,4,first,1,1,0,NA,8,10-16-2018,10:19:31
14173,15,823,820,3,first,1,1,0,NA,8,10-16-2018,10:19:31
14173,16,830,832,2,second,1,1,0,NA,8,10-16-2018,10:19:31
14173,17,810,811,1,second,1,1,0,NA,8,10-16-2018,10:19:31
14173,18,820,821,1,second,1,1,0,NA,8,10-16-2018,10:19:31
14173,19,799,800,1,second,0,1,1,3,8,10-16-2018,10:19:31
14173,20,834,830,4,first,1,0,1,4,8,10-16-2018,10:19:31
14173,21,817,820,3,second,0,1,1,5,8,10-16-2018,10:19:31
14173,22,814,820,6,second,1,0,1,6,8,10-16-2018,10:19:31
14173,23,825,830,5,second,1,1,0,NA,8,10-16-2018,10:19:31
14173,24,820,816,4,first,1,1,0,NA,8,10-16-2018,10:19:31
14173,25,820,817,3,first,1,1,0,NA,8,10-16-2018,10:19:31
14173,26,820,822,2,second,0,1,1,7,8,10-16-2018,10:19:31
14173,27,810,805,5,first,1,0,1,8,8,10-16-2018,10:19:31
14173,28,816,820,4,second,1,1,0,NA,8,10-16-2018,10:19:31
14173,29,833,830,3,first,0,1,1,9,8,10-16-2018,10:19:31
14173,30,794,800,6,second,0,0,0,NA,8,10-16-2018,10:19:31
14173,31,791,800,9,second,0,0,0,NA,8,10-16-2018,10:19:31
14173,32,830,842,12,second,1,0,1,10,8,10-16-2018,10:19:31
14173,33,800,811,11,second,1,1,0,NA,8,10-16-2018,10:19:31
14173,34,810,820,10,second,1,1,0,NA,8,10-16-2018,10:19:31
14173,35,830,821,9,first,1,1,0,NA,8,10-16-2018,10:19:31
14173,36,838,830,8,first,1,1,0,NA,8,10-16-2018,10:19:31
14173,37,830,837,7,second,1,1,0,NA,8,10-16-2018,10:19:31
14173,38,814,820,6,second,1,1,0,NA,8,10-16-2018,10:19:31
14173,39,800,795,5,first,1,1,0,NA,8,10-16-2018,10:19:31
14173,40,826,830,4,second,1,1,0,NA,8,10-16-2018,10:19:31
14173,41,823,820,3,first,0,1,1,11,8,10-16-2018,10:19:31
14173,42,794,800,6,second,0,0,0,NA,8,10-16-2018,10:19:31
14173,43,830,821,9,first,1,0,1,12,8,10-16-2018,10:19:31
14173,44,820,812,8,first,1,1,0,NA,8,10-16-2018,10:19:31
14173,45,810,803,7,first,1,1,0,NA,8,10-16-2018,10:19:31
14173,46,830,836,6,second,1,1,0,NA,8,10-16-2018,10:19:31
14173,47,800,795,5,first,1,1,0,NA,8,10-16-2018,10:19:31
14173,48,800,804,4,second,0,1,1,13,8,10-16-2018,10:19:31
14173,49,810,803,7,first,1,0,1,14,8,10-16-2018,10:19:31
14173,50,806,800,6,first,1,1,0,NA,8,10-16-2018,10:19:31
14173,51,810,815,5,second,1,1,0,NA,8,10-16-2018,10:19:31
14173,52,816,820,4,second,1,1,0,NA,8,10-16-2018,10:19:31
14173,53,800,797,3,first,1,1,0,NA,8,10-16-2018,10:19:31
14173,54,828,830,2,second,1,1,0,NA,8,10-16-2018,10:19:31
14173,55,819,820,1,second,0,1,1,15,8,10-16-2018,10:19:31
14173,56,804,800,4,first,1,0,1,16,8,10-16-2018,10:19:31
14173,57,813,810,3,first,1,1,0,NA,8,10-16-2018,10:19:31
14173,58,820,822,2,second,1,1,0,NA,8,10-16-2018,10:19:31
14173,59,811,810,1,first,1,1,0,NA,8,10-16-2018,10:19:31
14173,60,810,811,1,second,0,1,1,17,8,10-16-2018,10:19:31
14173,61,824,820,4,first,0,0,0,NA,8,10-16-2018,10:19:31
14173,62,817,810,7,first,1,0,1,18,8,10-16-2018,10:19:31
14173,63,820,814,6,first,0,1,1,19,8,10-16-2018,10:19:31
14173,64,839,830,9,first,1,0,1,20,8,10-16-2018,10:19:31
14179,1,815,800,15,first,1,NA,NA,NA,5,11-06-2018,10:19:27
14179,2,810,823,13,second,1,1,0,NA,5,11-06-2018,10:19:27
14179,3,841,830,11,first,1,1,0,NA,5,11-06-2018,10:19:27
14179,4,839,830,9,first,1,1,0,NA,5,11-06-2018,10:19:27
14179,5,807,800,7,first,1,1,0,NA,5,11-06-2018,10:19:27
14179,6,825,820,5,first,1,1,0,NA,5,11-06-2018,10:19:27
14179,7,820,823,3,second,1,1,0,NA,5,11-06-2018,10:19:27
14179,8,818,820,2,second,1,1,0,NA,5,11-06-2018,10:19:27
14179,9,799,800,1,second,0,1,1,1,5,11-06-2018,10:19:27
14179,10,820,824,4,second,1,0,1,2,5,11-06-2018,10:19:27
14179,11,800,797,3,first,1,1,0,NA,5,11-06-2018,10:19:27
14179,12,828,830,2,second,1,1,0,NA,5,11-06-2018,10:19:27
14179,13,799,800,1,second,0,1,1,3,5,11-06-2018,10:19:27
14179,14,810,814,4,second,0,0,0,NA,5,11-06-2018,10:19:27
14179,15,793,800,7,second,0,0,0,NA,5,11-06-2018,10:19:27
14179,16,810,800,10,first,1,0,1,4,5,11-06-2018,10:19:27
14179,17,811,820,9,second,1,1,0,NA,5,11-06-2018,10:19:27
14179,18,820,812,8,first,1,1,0,NA,5,11-06-2018,10:19:27
14179,19,830,837,7,second,1,1,0,NA,5,11-06-2018,10:19:27
14179,20,830,824,6,first,1,1,0,NA,5,11-06-2018,10:19:27
14179,21,815,810,5,first,1,1,0,NA,5,11-06-2018,10:19:27
14179,22,816,820,4,second,1,1,0,NA,5,11-06-2018,10:19:27
14179,23,830,833,3,second,0,1,1,5,5,11-06-2018,10:19:27
14179,24,794,800,6,second,0,0,0,NA,5,11-06-2018,10:19:27
14179,25,810,801,9,first,1,0,1,6,5,11-06-2018,10:19:27
14179,26,812,820,8,second,1,1,0,NA,5,11-06-2018,10:19:27
14179,27,807,800,7,first,1,1,0,NA,5,11-06-2018,10:19:27
14179,28,816,810,6,first,1,1,0,NA,5,11-06-2018,10:19:27
14179,29,800,805,5,second,1,1,0,NA,5,11-06-2018,10:19:27
14179,30,820,816,4,first,1,1,0,NA,5,11-06-2018,10:19:27
14179,31,810,813,3,second,0,1,1,7,5,11-06-2018,10:19:27
14179,32,800,806,6,second,0,0,0,NA,5,11-06-2018,10:19:27
14179,33,800,791,9,first,1,0,1,8,5,11-06-2018,10:19:27
14179,34,822,830,8,second,0,1,1,9,5,11-06-2018,10:19:27
14179,35,809,820,11,second,1,0,1,10,5,11-06-2018,10:19:27
14179,36,800,790,10,first,1,1,0,NA,5,11-06-2018,10:19:27
14179,37,819,810,9,first,1,1,0,NA,5,11-06-2018,10:19:27
14179,38,812,820,8,second,1,1,0,NA,5,11-06-2018,10:19:27
14179,39,810,817,7,second,1,1,0,NA,5,11-06-2018,10:19:27
14179,40,836,830,6,first,1,1,0,NA,5,11-06-2018,10:19:27
14179,41,830,825,5,first,1,1,0,NA,5,11-06-2018,10:19:27
14179,42,810,806,4,first,1,1,0,NA,5,11-06-2018,10:19:27
14179,43,800,797,3,first,1,1,0,NA,5,11-06-2018,10:19:27
14179,44,820,822,2,second,1,1,0,NA,5,11-06-2018,10:19:27
14179,45,829,830,1,second,1,1,0,NA,5,11-06-2018,10:19:27
14179,46,830,829,1,first,0,1,1,11,5,11-06-2018,10:19:27
14179,47,830,834,4,second,1,0,1,12,5,11-06-2018,10:19:27
14179,48,830,827,3,first,1,1,0,NA,5,11-06-2018,10:19:27
14179,49,822,820,2,first,1,1,0,NA,5,11-06-2018,10:19:27
14179,50,819,820,1,second,0,1,1,13,5,11-06-2018,10:19:27
14179,51,830,834,4,second,1,0,1,14,5,11-06-2018,10:19:27
14179,52,800,803,3,second,1,1,0,NA,5,11-06-2018,10:19:27
14179,53,820,818,2,first,1,1,0,NA,5,11-06-2018,10:19:27
14179,54,831,830,1,first,0,1,1,15,5,11-06-2018,10:19:27
14179,55,814,810,4,first,1,0,1,16,5,11-06-2018,10:19:27
14179,56,817,820,3,second,1,1,0,NA,5,11-06-2018,10:19:27
14179,57,822,820,2,first,1,1,0,NA,5,11-06-2018,10:19:27
14179,58,821,820,1,first,1,1,0,NA,5,11-06-2018,10:19:27
14179,59,810,809,1,first,1,1,0,NA,5,11-06-2018,10:19:27
14179,60,820,821,1,second,1,1,0,NA,5,11-06-2018,10:19:27
14179,61,820,819,1,first,0,1,1,17,5,11-06-2018,10:19:27
14179,62,800,804,4,second,0,0,0,NA,5,11-06-2018,10:19:27
14179,63,810,803,7,first,1,0,1,18,5,11-06-2018,10:19:27
14179,64,824,830,6,second,1,1,0,NA,5,11-06-2018,10:19:27
14187,1,810,795,15,first,0,NA,NA,NA,24,08-16-2018,15:22:39
14187,2,799,820,21,second,1,0,1,1,24,08-16-2018,15:22:39
14187,3,810,791,19,first,1,1,0,NA,24,08-16-2018,15:22:39
14187,4,847,830,17,first,1,1,0,NA,24,08-16-2018,15:22:39
14187,5,810,795,15,first,1,1,0,NA,24,08-16-2018,15:22:39
14187,6,820,833,13,second,1,1,0,NA,24,08-16-2018,15:22:39
14187,7,830,841,11,second,0,1,1,2,24,08-16-2018,15:22:39
14187,8,786,800,14,second,1,0,1,3,24,08-16-2018,15:22:39
14187,9,820,807,13,first,0,1,1,4,24,08-16-2018,15:22:39
14187,10,800,784,16,first,0,0,0,NA,24,08-16-2018,15:22:39
14187,11,829,810,19,first,1,0,1,5,24,08-16-2018,15:22:39
14187,12,830,812,18,first,0,1,1,6,24,08-16-2018,15:22:39
14187,13,841,820,21,first,0,0,0,NA,24,08-16-2018,15:22:39
14187,14,800,776,24,first,0,0,0,NA,24,08-16-2018,15:22:39
14187,15,830,854,24,second,1,0,1,7,24,08-16-2018,15:22:39
14187,16,820,843,23,second,1,1,0,NA,24,08-16-2018,15:22:39
14187,17,820,798,22,first,1,1,0,NA,24,08-16-2018,15:22:39
14187,18,810,831,21,second,0,1,1,8,24,08-16-2018,15:22:39
14187,19,806,830,24,second,1,0,1,9,24,08-16-2018,15:22:39
14187,20,853,830,23,first,1,1,0,NA,24,08-16-2018,15:22:39
14187,21,820,842,22,second,1,1,0,NA,24,08-16-2018,15:22:39
14187,22,851,830,21,first,1,1,0,NA,24,08-16-2018,15:22:39
14187,23,850,830,20,first,1,1,0,NA,24,08-16-2018,15:22:39
14187,24,819,800,19,first,0,1,1,10,24,08-16-2018,15:22:39
14187,25,778,800,22,second,0,0,0,NA,24,08-16-2018,15:22:39
14187,26,820,796,24,first,1,0,1,11,24,08-16-2018,15:22:39
14187,27,843,820,23,first,0,1,1,12,24,08-16-2018,15:22:39
14187,28,796,820,24,second,1,0,1,13,24,08-16-2018,15:22:39
14187,29,833,810,23,first,1,1,0,NA,24,08-16-2018,15:22:39
14187,30,830,808,22,first,1,1,0,NA,24,08-16-2018,15:22:39
14187,31,800,779,21,first,1,1,0,NA,24,08-16-2018,15:22:39
14187,32,830,810,20,first,1,1,0,NA,24,08-16-2018,15:22:39
14187,33,810,829,19,second,0,1,1,14,24,08-16-2018,15:22:39
14187,34,822,800,22,first,1,0,1,15,24,08-16-2018,15:22:39
14187,35,830,851,21,second,1,1,0,NA,24,08-16-2018,15:22:39
14187,36,840,820,20,first,1,1,0,NA,24,08-16-2018,15:22:39
14187,37,810,791,19,first,1,1,0,NA,24,08-16-2018,15:22:39
14187,38,782,800,18,second,1,1,0,NA,24,08-16-2018,15:22:39
14187,39,803,820,17,second,0,1,1,16,24,08-16-2018,15:22:39
14187,40,830,850,20,second,1,0,1,17,24,08-16-2018,15:22:39
14187,41,801,820,19,second,0,1,1,18,24,08-16-2018,15:22:39
14187,42,800,822,22,second,0,0,0,NA,24,08-16-2018,15:22:39
14187,43,834,810,24,first,0,0,0,NA,24,08-16-2018,15:22:39
14187,44,800,824,24,second,1,0,1,19,24,08-16-2018,15:22:39
14187,45,843,820,23,first,1,1,0,NA,24,08-16-2018,15:22:39
14187,46,800,822,22,second,0,1,1,20,24,08-16-2018,15:22:39
14187,47,820,796,24,first,0,0,0,NA,24,08-16-2018,15:22:39
14187,48,800,824,24,second,0,0,0,NA,24,08-16-2018,15:22:39
14187,49,800,776,24,first,1,0,1,21,24,08-16-2018,15:22:39
14187,50,797,820,23,second,1,1,0,NA,24,08-16-2018,15:22:39
14187,51,820,842,22,second,1,1,0,NA,24,08-16-2018,15:22:39
14187,52,799,820,21,second,0,1,1,22,24,08-16-2018,15:22:39
14187,53,806,830,24,second,0,0,0,NA,24,08-16-2018,15:22:39
14187,54,796,820,24,second,1,0,1,23,24,08-16-2018,15:22:39
14187,55,823,800,23,first,1,1,0,NA,24,08-16-2018,15:22:39
14187,56,822,800,22,first,1,1,0,NA,24,08-16-2018,15:22:39
14187,57,809,830,21,second,0,1,1,24,24,08-16-2018,15:22:39
14187,58,796,820,24,second,1,0,1,25,24,08-16-2018,15:22:39
14187,59,810,833,23,second,0,1,1,26,24,08-16-2018,15:22:39
14187,60,830,806,24,first,1,0,1,27,24,08-16-2018,15:22:39
14187,61,777,800,23,second,0,1,1,28,24,08-16-2018,15:22:39
14187,62,806,830,24,second,1,0,1,29,24,08-16-2018,15:22:39
14187,63,810,833,23,second,1,1,0,NA,24,08-16-2018,15:22:39
14187,64,832,810,22,first,0,1,1,30,24,08-16-2018,15:22:39
14203,1,830,845,15,second,1,NA,NA,NA,10,10-22-2018,10:37:57
14203,2,807,820,13,second,0,1,1,1,10,10-22-2018,10:37:57
14203,3,801,820,19,second,1,0,1,2,10,10-22-2018,10:37:57
14203,4,803,820,17,second,0,1,1,3,10,10-22-2018,10:37:57
14203,5,853,830,23,first,0,0,0,NA,10,10-22-2018,10:37:57
14203,6,820,844,24,second,1,0,1,4,10,10-22-2018,10:37:57
14203,7,798,820,22,second,0,1,1,5,10,10-22-2018,10:37:57
14203,8,806,830,24,second,0,0,0,NA,10,10-22-2018,10:37:57
14203,9,800,776,24,first,0,0,0,NA,10,10-22-2018,10:37:57
14203,10,800,824,24,second,0,0,0,NA,10,10-22-2018,10:37:57
14203,11,824,800,24,first,1,0,1,6,10,10-22-2018,10:37:57
14203,12,797,820,23,second,0,1,1,7,10,10-22-2018,10:37:57
14203,13,820,844,24,second,1,0,1,8,10,10-22-2018,10:37:57
14203,14,800,777,23,first,1,1,0,NA,10,10-22-2018,10:37:57
14203,15,842,820,22,first,1,1,0,NA,10,10-22-2018,10:37:57
14203,16,810,831,21,second,0,1,1,9,10,10-22-2018,10:37:57
14203,17,776,800,24,second,1,0,1,10,10,10-22-2018,10:37:57
14203,18,800,777,23,first,1,1,0,NA,10,10-22-2018,10:37:57
14203,19,822,800,22,first,1,1,0,NA,10,10-22-2018,10:37:57
14203,20,810,831,21,second,0,1,1,11,10,10-22-2018,10:37:57
14203,21,806,830,24,second,0,0,0,NA,10,10-22-2018,10:37:57
14203,22,820,796,24,first,1,0,1,12,10,10-22-2018,10:37:57
14203,23,810,833,23,second,0,1,1,13,10,10-22-2018,10:37:57
14203,24,800,776,24,first,1,0,1,14,10,10-22-2018,10:37:57
14203,25,820,843,23,second,1,1,0,NA,10,10-22-2018,10:37:57
14203,26,800,822,22,second,1,1,0,NA,10,10-22-2018,10:37:57
14203,27,831,810,21,first,1,1,0,NA,10,10-22-2018,10:37:57
14203,28,810,830,20,second,0,1,1,15,10,10-22-2018,10:37:57
14203,29,810,787,23,first,1,0,1,16,10,10-22-2018,10:37:57
14203,30,808,830,22,second,0,1,1,17,10,10-22-2018,10:37:57
14203,31,844,820,24,first,1,0,1,18,10,10-22-2018,10:37:57
14203,32,820,843,23,second,1,1,0,NA,10,10-22-2018,10:37:57
14203,33,830,808,22,first,1,1,0,NA,10,10-22-2018,10:37:57
14203,34,820,799,21,first,1,1,0,NA,10,10-22-2018,10:37:57
14203,35,840,820,20,first,1,1,0,NA,10,10-22-2018,10:37:57
14203,36,830,811,19,first,1,1,0,NA,10,10-22-2018,10:37:57
14203,37,782,800,18,second,0,1,1,19,10,10-22-2018,10:37:57
14203,38,830,851,21,second,1,0,1,20,10,10-22-2018,10:37:57
14203,39,830,810,20,first,1,1,0,NA,10,10-22-2018,10:37:57
14203,40,830,849,19,second,1,1,0,NA,10,10-22-2018,10:37:57
14203,41,810,792,18,first,1,1,0,NA,10,10-22-2018,10:37:57
14203,42,830,847,17,second,1,1,0,NA,10,10-22-2018,10:37:57
14203,43,836,820,16,first,1,1,0,NA,10,10-22-2018,10:37:57
14203,44,810,795,15,first,1,1,0,NA,10,10-22-2018,10:37:57
14203,45,786,800,14,second,0,1,1,21,10,10-22-2018,10:37:57
14203,46,817,800,17,first,1,0,1,22,10,10-22-2018,10:37:57
14203,47,784,800,16,second,0,1,1,23,10,10-22-2018,10:37:57
14203,48,849,830,19,first,1,0,1,24,10,10-22-2018,10:37:57
14203,49,828,810,18,first,1,1,0,NA,10,10-22-2018,10:37:57
14203,50,817,800,17,first,1,1,0,NA,10,10-22-2018,10:37:57
14203,51,804,820,16,second,1,1,0,NA,10,10-22-2018,10:37:57
14203,52,810,795,15,first,1,1,0,NA,10,10-22-2018,10:37:57
14203,53,830,816,14,first,1,1,0,NA,10,10-22-2018,10:37:57
14203,54,823,810,13,first,1,1,0,NA,10,10-22-2018,10:37:57
14203,55,830,818,12,first,1,1,0,NA,10,10-22-2018,10:37:57
14203,56,800,811,11,second,1,1,0,NA,10,10-22-2018,10:37:57
14203,57,810,820,10,second,1,1,0,NA,10,10-22-2018,10:37:57
14203,58,821,830,9,second,1,1,0,NA,10,10-22-2018,10:37:57
14203,59,820,812,8,first,1,1,0,NA,10,10-22-2018,10:37:57
14203,60,800,807,7,second,0,1,1,25,10,10-22-2018,10:37:57
14203,61,820,810,10,first,1,0,1,26,10,10-22-2018,10:37:57
14203,62,839,830,9,first,1,1,0,NA,10,10-22-2018,10:37:57
14203,63,838,830,8,first,1,1,0,NA,10,10-22-2018,10:37:57
14203,64,813,820,7,second,0,1,1,27,10,10-22-2018,10:37:57
14211,1,785,800,15,second,1,NA,NA,NA,4,10-01-2018,12:26:58
14211,2,810,797,13,first,1,1,0,NA,4,10-01-2018,12:26:58
14211,3,830,819,11,first,0,1,1,1,4,10-01-2018,12:26:58
14211,4,820,803,17,first,1,0,1,2,4,10-01-2018,12:26:58
14211,5,800,785,15,first,1,1,0,NA,4,10-01-2018,12:26:58
14211,6,800,813,13,second,1,1,0,NA,4,10-01-2018,12:26:58
14211,7,809,820,11,second,1,1,0,NA,4,10-01-2018,12:26:58
14211,8,810,820,10,second,1,1,0,NA,4,10-01-2018,12:26:58
14211,9,820,811,9,first,1,1,0,NA,4,10-01-2018,12:26:58
14211,10,818,810,8,first,1,1,0,NA,4,10-01-2018,12:26:58
14211,11,830,823,7,first,1,1,0,NA,4,10-01-2018,12:26:58
14211,12,800,806,6,second,0,1,1,3,4,10-01-2018,12:26:58
14211,13,830,839,9,second,1,0,1,4,4,10-01-2018,12:26:58
14211,14,820,828,8,second,1,1,0,NA,4,10-01-2018,12:26:58
14211,15,820,827,7,second,1,1,0,NA,4,10-01-2018,12:26:58
14211,16,810,816,6,second,1,1,0,NA,4,10-01-2018,12:26:58
14211,17,810,805,5,first,1,1,0,NA,4,10-01-2018,12:26:58
14211,18,814,810,4,first,1,1,0,NA,4,10-01-2018,12:26:58
14211,19,803,800,3,first,0,1,1,5,4,10-01-2018,12:26:58
14211,20,814,820,6,second,1,0,1,6,4,10-01-2018,12:26:58
14211,21,800,805,5,second,0,1,1,7,4,10-01-2018,12:26:58
14211,22,810,818,8,second,1,0,1,8,4,10-01-2018,12:26:58
14211,23,800,807,7,second,1,1,0,NA,4,10-01-2018,12:26:58
14211,24,820,826,6,second,1,1,0,NA,4,10-01-2018,12:26:58
14211,25,805,800,5,first,1,1,0,NA,4,10-01-2018,12:26:58
14211,26,824,820,4,first,0,1,1,9,4,10-01-2018,12:26:58
14211,27,810,817,7,second,1,0,1,10,4,10-01-2018,12:26:58
14211,28,806,800,6,first,1,1,0,NA,4,10-01-2018,12:26:58
14211,29,795,800,5,second,0,1,1,11,4,10-01-2018,12:26:58
14211,30,818,810,8,first,1,0,1,12,4,10-01-2018,12:26:58
14211,31,827,820,7,first,1,1,0,NA,4,10-01-2018,12:26:58
14211,32,810,816,6,second,0,1,1,13,4,10-01-2018,12:26:58
14211,33,830,839,9,second,1,0,1,14,4,10-01-2018,12:26:58
14211,34,800,792,8,first,1,1,0,NA,4,10-01-2018,12:26:58
14211,35,830,823,7,first,0,1,1,15,4,10-01-2018,12:26:58
14211,36,820,810,10,first,1,0,1,16,4,10-01-2018,12:26:58
14211,37,811,820,9,second,1,1,0,NA,4,10-01-2018,12:26:58
14211,38,818,810,8,first,1,1,0,NA,4,10-01-2018,12:26:58
14211,39,837,830,7,first,1,1,0,NA,4,10-01-2018,12:26:58
14211,40,824,830,6,second,1,1,0,NA,4,10-01-2018,12:26:58
14211,41,835,830,5,first,1,1,0,NA,4,10-01-2018,12:26:58
14211,42,816,820,4,second,0,1,1,17,4,10-01-2018,12:26:58
14211,43,823,830,7,second,1,0,1,18,4,10-01-2018,12:26:58
14211,44,800,794,6,first,1,1,0,NA,4,10-01-2018,12:26:58
14211,45,805,800,5,first,1,1,0,NA,4,10-01-2018,12:26:58
14211,46,830,826,4,first,1,1,0,NA,4,10-01-2018,12:26:58
14211,47,810,807,3,first,1,1,0,NA,4,10-01-2018,12:26:58
14211,48,832,830,2,first,1,1,0,NA,4,10-01-2018,12:26:58
14211,49,819,820,1,second,0,1,1,19,4,10-01-2018,12:26:58
14211,50,796,800,4,second,0,0,0,NA,4,10-01-2018,12:26:58
14211,51,823,830,7,second,1,0,1,20,4,10-01-2018,12:26:58
14211,52,814,820,6,second,1,1,0,NA,4,10-01-2018,12:26:58
14211,53,830,835,5,second,1,1,0,NA,4,10-01-2018,12:26:58
14211,54,796,800,4,second,0,1,1,21,4,10-01-2018,12:26:58
14211,55,820,813,7,first,1,0,1,22,4,10-01-2018,12:26:58
14211,56,830,836,6,second,1,1,0,NA,4,10-01-2018,12:26:58
14211,57,825,820,5,first,1,1,0,NA,4,10-01-2018,12:26:58
14211,58,800,796,4,first,1,1,0,NA,4,10-01-2018,12:26:58
14211,59,817,820,3,second,1,1,0,NA,4,10-01-2018,12:26:58
14211,60,832,830,2,first,1,1,0,NA,4,10-01-2018,12:26:58
14211,61,829,830,1,second,1,1,0,NA,4,10-01-2018,12:26:58
14211,62,820,821,1,second,1,1,0,NA,4,10-01-2018,12:26:58
14211,63,810,809,1,first,1,1,0,NA,4,10-01-2018,12:26:58
14211,64,821,820,1,first,0,1,1,23,4,10-01-2018,12:26:58
14221,1,785,800,15,second,1,NA,NA,NA,6,10-03-2018,14:09:56
14221,2,833,820,13,first,1,1,0,NA,6,10-03-2018,14:09:56
14221,3,831,820,11,first,1,1,0,NA,6,10-03-2018,14:09:56
14221,4,820,829,9,second,1,1,0,NA,6,10-03-2018,14:09:56
14221,5,793,800,7,second,1,1,0,NA,6,10-03-2018,14:09:56
14221,6,805,800,5,first,1,1,0,NA,6,10-03-2018,14:09:56
14221,7,823,820,3,first,1,1,0,NA,6,10-03-2018,14:09:56
14221,8,830,832,2,second,1,1,0,NA,6,10-03-2018,14:09:56
14221,9,811,810,1,first,1,1,0,NA,6,10-03-2018,14:09:56
14221,10,820,819,1,first,0,1,1,1,6,10-03-2018,14:09:56
14221,11,816,820,4,second,1,0,1,2,6,10-03-2018,14:09:56
14221,12,820,823,3,second,1,1,0,NA,6,10-03-2018,14:09:56
14221,13,820,818,2,first,1,1,0,NA,6,10-03-2018,14:09:56
14221,14,810,811,1,second,1,1,0,NA,6,10-03-2018,14:09:56
14221,15,819,820,1,second,1,1,0,NA,6,10-03-2018,14:09:56
14221,16,819,820,1,second,1,1,0,NA,6,10-03-2018,14:09:56
14221,17,829,830,1,second,1,1,0,NA,6,10-03-2018,14:09:56
14221,18,831,830,1,first,0,1,1,3,6,10-03-2018,14:09:56
14221,19,796,800,4,second,1,0,1,4,6,10-03-2018,14:09:56
14221,20,800,797,3,first,0,1,1,5,6,10-03-2018,14:09:56
14221,21,810,816,6,second,1,0,1,6,6,10-03-2018,14:09:56
14221,22,815,820,5,second,1,1,0,NA,6,10-03-2018,14:09:56
14221,23,800,804,4,second,1,1,0,NA,6,10-03-2018,14:09:56
14221,24,800,797,3,first,1,1,0,NA,6,10-03-2018,14:09:56
14221,25,812,810,2,first,0,1,1,7,6,10-03-2018,14:09:56
14221,26,800,795,5,first,1,0,1,8,6,10-03-2018,14:09:56
14221,27,800,804,4,second,1,1,0,NA,6,10-03-2018,14:09:56
14221,28,830,827,3,first,0,1,1,9,6,10-03-2018,14:09:56
14221,29,806,800,6,first,0,0,0,NA,6,10-03-2018,14:09:56
14221,30,820,829,9,second,1,0,1,10,6,10-03-2018,14:09:56
14221,31,820,812,8,first,1,1,0,NA,6,10-03-2018,14:09:56
14221,32,810,803,7,first,1,1,0,NA,6,10-03-2018,14:09:56
14221,33,824,830,6,second,1,1,0,NA,6,10-03-2018,14:09:56
14221,34,810,805,5,first,0,1,1,11,6,10-03-2018,14:09:56
14221,35,830,822,8,first,1,0,1,12,6,10-03-2018,14:09:56
14221,36,813,820,7,second,1,1,0,NA,6,10-03-2018,14:09:56
14221,37,814,820,6,second,1,1,0,NA,6,10-03-2018,14:09:56
14221,38,810,805,5,first,1,1,0,NA,6,10-03-2018,14:09:56
14221,39,830,826,4,first,0,1,1,13,6,10-03-2018,14:09:56
14221,40,793,800,7,second,1,0,1,14,6,10-03-2018,14:09:56
14221,41,820,814,6,first,1,1,0,NA,6,10-03-2018,14:09:56
14221,42,810,805,5,first,1,1,0,NA,6,10-03-2018,14:09:56
14221,43,824,820,4,first,0,1,1,15,6,10-03-2018,14:09:56
14221,44,807,800,7,first,0,0,0,NA,6,10-03-2018,14:09:56
14221,45,830,840,10,second,1,0,1,16,6,10-03-2018,14:09:56
14221,46,819,810,9,first,1,1,0,NA,6,10-03-2018,14:09:56
14221,47,830,838,8,second,1,1,0,NA,6,10-03-2018,14:09:56
14221,48,807,800,7,first,1,1,0,NA,6,10-03-2018,14:09:56
14221,49,800,806,6,second,1,1,0,NA,6,10-03-2018,14:09:56
14221,50,825,830,5,second,1,1,0,NA,6,10-03-2018,14:09:56
14221,51,800,804,4,second,1,1,0,NA,6,10-03-2018,14:09:56
14221,52,800,797,3,first,1,1,0,NA,6,10-03-2018,14:09:56
14221,53,832,830,2,first,0,1,1,17,6,10-03-2018,14:09:56
14221,54,815,810,5,first,1,0,1,18,6,10-03-2018,14:09:56
14221,55,816,820,4,second,1,1,0,NA,6,10-03-2018,14:09:56
14221,56,827,830,3,second,1,1,0,NA,6,10-03-2018,14:09:56
14221,57,810,812,2,second,0,1,1,19,6,10-03-2018,14:09:56
14221,58,815,820,5,second,1,0,1,20,6,10-03-2018,14:09:56
14221,59,830,826,4,first,0,1,1,21,6,10-03-2018,14:09:56
14221,60,830,837,7,second,1,0,1,22,6,10-03-2018,14:09:56
14221,61,820,826,6,second,1,1,0,NA,6,10-03-2018,14:09:56
14221,62,835,830,5,first,1,1,0,NA,6,10-03-2018,14:09:56
14221,63,834,830,4,first,0,1,1,23,6,10-03-2018,14:09:56
14221,64,810,817,7,second,1,0,1,24,6,10-03-2018,14:09:56
14223,1,835,820,15,first,1,NA,NA,NA,23,10-03-2018,12:27:11
14223,2,833,820,13,first,1,1,0,NA,23,10-03-2018,12:27:11
14223,3,820,831,11,second,1,1,0,NA,23,10-03-2018,12:27:11
14223,4,810,801,9,first,1,1,0,NA,23,10-03-2018,12:27:11
14223,5,800,807,7,second,0,1,1,1,23,10-03-2018,12:27:11
14223,6,807,820,13,second,1,0,1,2,23,10-03-2018,12:27:11
14223,7,819,830,11,second,1,1,0,NA,23,10-03-2018,12:27:11
14223,8,820,830,10,second,1,1,0,NA,23,10-03-2018,12:27:11
14223,9,800,809,9,second,0,1,1,3,23,10-03-2018,12:27:11
14223,10,810,822,12,second,1,0,1,4,23,10-03-2018,12:27:11
14223,11,811,800,11,first,1,1,0,NA,23,10-03-2018,12:27:11
14223,12,830,840,10,second,1,1,0,NA,23,10-03-2018,12:27:11
14223,13,830,839,9,second,1,1,0,NA,23,10-03-2018,12:27:11
14223,14,800,792,8,first,1,1,0,NA,23,10-03-2018,12:27:11
14223,15,817,810,7,first,1,1,0,NA,23,10-03-2018,12:27:11
14223,16,826,820,6,first,1,1,0,NA,23,10-03-2018,12:27:11
14223,17,820,825,5,second,1,1,0,NA,23,10-03-2018,12:27:11
14223,18,810,814,4,second,0,1,1,5,23,10-03-2018,12:27:11
14223,19,823,830,7,second,0,0,0,NA,23,10-03-2018,12:27:11
14223,20,820,810,10,first,1,0,1,6,23,10-03-2018,12:27:11
14223,21,820,811,9,first,1,1,0,NA,23,10-03-2018,12:27:11
14223,22,830,822,8,first,1,1,0,NA,23,10-03-2018,12:27:11
14223,23,837,830,7,first,1,1,0,NA,23,10-03-2018,12:27:11
14223,24,810,804,6,first,1,1,0,NA,23,10-03-2018,12:27:11
14223,25,810,805,5,first,1,1,0,NA,23,10-03-2018,12:27:11
14223,26,800,804,4,second,0,1,1,7,23,10-03-2018,12:27:11
14223,27,807,800,7,first,1,0,1,8,23,10-03-2018,12:27:11
14223,28,824,830,6,second,0,1,1,9,23,10-03-2018,12:27:11
14223,29,800,791,9,first,1,0,1,10,23,10-03-2018,12:27:11
14223,30,828,820,8,first,1,1,0,NA,23,10-03-2018,12:27:11
14223,31,820,813,7,first,1,1,0,NA,23,10-03-2018,12:27:11
14223,32,806,800,6,first,1,1,0,NA,23,10-03-2018,12:27:11
14223,33,830,835,5,second,0,1,1,11,23,10-03-2018,12:27:11
14223,34,838,830,8,first,0,0,0,NA,23,10-03-2018,12:27:11
14223,35,820,809,11,first,1,0,1,12,23,10-03-2018,12:27:11
14223,36,800,810,10,second,0,1,1,13,23,10-03-2018,12:27:11
14223,37,823,810,13,first,1,0,1,14,23,10-03-2018,12:27:11
14223,38,820,832,12,second,0,1,1,15,23,10-03-2018,12:27:11
14223,39,785,800,15,second,0,0,0,NA,23,10-03-2018,12:27:11
14223,40,818,800,18,first,1,0,1,16,23,10-03-2018,12:27:11
14223,41,800,783,17,first,1,1,0,NA,23,10-03-2018,12:27:11
14223,42,804,820,16,second,0,1,1,17,23,10-03-2018,12:27:11
14223,43,820,801,19,first,1,0,1,18,23,10-03-2018,12:27:11
14223,44,812,830,18,second,0,1,1,19,23,10-03-2018,12:27:11
14223,45,779,800,21,second,1,0,1,20,23,10-03-2018,12:27:11
14223,46,830,810,20,first,0,1,1,21,23,10-03-2018,12:27:11
14223,47,810,833,23,second,0,0,0,NA,23,10-03-2018,12:27:11
14223,48,830,806,24,first,1,0,1,22,23,10-03-2018,12:27:11
14223,49,797,820,23,second,1,1,0,NA,23,10-03-2018,12:27:11
14223,50,830,808,22,first,1,1,0,NA,23,10-03-2018,12:27:11
14223,51,799,820,21,second,1,1,0,NA,23,10-03-2018,12:27:11
14223,52,780,800,20,second,0,1,1,23,23,10-03-2018,12:27:11
14223,53,853,830,23,first,1,0,1,24,23,10-03-2018,12:27:11
14223,54,798,820,22,second,1,1,0,NA,23,10-03-2018,12:27:11
14223,55,851,830,21,first,1,1,0,NA,23,10-03-2018,12:27:11
14223,56,810,830,20,second,1,1,0,NA,23,10-03-2018,12:27:11
14223,57,801,820,19,second,1,1,0,NA,23,10-03-2018,12:27:11
14223,58,810,792,18,first,1,1,0,NA,23,10-03-2018,12:27:11
14223,59,800,783,17,first,1,1,0,NA,23,10-03-2018,12:27:11
14223,60,830,846,16,second,1,1,0,NA,23,10-03-2018,12:27:11
14223,61,825,810,15,first,1,1,0,NA,23,10-03-2018,12:27:11
14223,62,786,800,14,second,0,1,1,25,23,10-03-2018,12:27:11
14223,63,803,820,17,second,0,0,0,NA,23,10-03-2018,12:27:11
14223,64,800,820,20,second,0,0,0,NA,23,10-03-2018,12:27:11
14227,1,845,830,15,first,1,NA,NA,NA,13,08-14-2018,13:36:15
14227,2,830,817,13,first,1,1,0,NA,13,08-14-2018,13:36:15
14227,3,809,820,11,second,0,1,1,1,13,08-14-2018,13:36:15
14227,4,803,820,17,second,1,0,1,2,13,08-14-2018,13:36:15
14227,5,805,820,15,second,1,1,0,NA,13,08-14-2018,13:36:15
14227,6,830,817,13,first,0,1,1,3,13,08-14-2018,13:36:15
14227,7,830,811,19,first,0,0,0,NA,13,08-14-2018,13:36:15
14227,8,800,778,22,first,1,0,1,4,13,08-14-2018,13:36:15
14227,9,800,779,21,first,0,1,1,5,13,08-14-2018,13:36:15
14227,10,810,786,24,first,1,0,1,6,13,08-14-2018,13:36:15
14227,11,797,820,23,second,1,1,0,NA,13,08-14-2018,13:36:15
14227,12,810,788,22,first,0,1,1,7,13,08-14-2018,13:36:15
14227,13,844,820,24,first,1,0,1,8,13,08-14-2018,13:36:15
14227,14,797,820,23,second,1,1,0,NA,13,08-14-2018,13:36:15
14227,15,832,810,22,first,1,1,0,NA,13,08-14-2018,13:36:15
14227,16,799,820,21,second,0,1,1,9,13,08-14-2018,13:36:15
14227,17,854,830,24,first,0,0,0,NA,13,08-14-2018,13:36:15
14227,18,810,834,24,second,1,0,1,10,13,08-14-2018,13:36:15
14227,19,807,830,23,second,0,1,1,11,13,08-14-2018,13:36:15
14227,20,854,830,24,first,0,0,0,NA,13,08-14-2018,13:36:15
14227,21,834,810,24,first,0,0,0,NA,13,08-14-2018,13:36:15
14227,22,820,796,24,first,1,0,1,12,13,08-14-2018,13:36:15
14227,23,853,830,23,first,0,1,1,13,13,08-14-2018,13:36:15
14227,24,806,830,24,second,1,0,1,14,13,08-14-2018,13:36:15
14227,25,823,800,23,first,0,1,1,15,13,08-14-2018,13:36:15
14227,26,820,796,24,first,1,0,1,16,13,08-14-2018,13:36:15
14227,27,810,833,23,second,1,1,0,NA,13,08-14-2018,13:36:15
14227,28,822,800,22,first,1,1,0,NA,13,08-14-2018,13:36:15
14227,29,830,809,21,first,1,1,0,NA,13,08-14-2018,13:36:15
14227,30,800,820,20,second,1,1,0,NA,13,08-14-2018,13:36:15
14227,31,800,819,19,second,1,1,0,NA,13,08-14-2018,13:36:15
14227,32,820,838,18,second,0,1,1,17,13,08-14-2018,13:36:15
14227,33,779,800,21,second,1,0,1,18,13,08-14-2018,13:36:15
14227,34,800,780,20,first,1,1,0,NA,13,08-14-2018,13:36:15
14227,35,820,839,19,second,1,1,0,NA,13,08-14-2018,13:36:15
14227,36,828,810,18,first,1,1,0,NA,13,08-14-2018,13:36:15
14227,37,810,793,17,first,0,1,1,19,13,08-14-2018,13:36:15
14227,38,820,800,20,first,1,0,1,20,13,08-14-2018,13:36:15
14227,39,820,839,19,second,1,1,0,NA,13,08-14-2018,13:36:15
14227,40,838,820,18,first,1,1,0,NA,13,08-14-2018,13:36:15
14227,41,813,830,17,second,1,1,0,NA,13,08-14-2018,13:36:15
14227,42,830,846,16,second,1,1,0,NA,13,08-14-2018,13:36:15
14227,43,785,800,15,second,0,1,1,21,13,08-14-2018,13:36:15
14227,44,820,838,18,second,1,0,1,22,13,08-14-2018,13:36:15
14227,45,800,783,17,first,1,1,0,NA,13,08-14-2018,13:36:15
14227,46,810,794,16,first,0,1,1,23,13,08-14-2018,13:36:15
14227,47,819,800,19,first,1,0,1,24,13,08-14-2018,13:36:15
14227,48,800,818,18,second,0,1,1,25,13,08-14-2018,13:36:15
14227,49,820,799,21,first,1,0,1,26,13,08-14-2018,13:36:15
14227,50,830,850,20,second,1,1,0,NA,13,08-14-2018,13:36:15
14227,51,839,820,19,first,0,1,1,27,13,08-14-2018,13:36:15
14227,52,832,810,22,first,1,0,1,28,13,08-14-2018,13:36:15
14227,53,779,800,21,second,1,1,0,NA,13,08-14-2018,13:36:15
14227,54,840,820,20,first,1,1,0,NA,13,08-14-2018,13:36:15
14227,55,800,819,19,second,1,1,0,NA,13,08-14-2018,13:36:15
14227,56,810,828,18,second,1,1,0,NA,13,08-14-2018,13:36:15
14227,57,783,800,17,second,1,1,0,NA,13,08-14-2018,13:36:15
14227,58,830,846,16,second,1,1,0,NA,13,08-14-2018,13:36:15
14227,59,815,830,15,second,1,1,0,NA,13,08-14-2018,13:36:15
14227,60,814,800,14,first,0,1,1,29,13,08-14-2018,13:36:15
14227,61,800,817,17,second,1,0,1,30,13,08-14-2018,13:36:15
14227,62,804,820,16,second,1,1,0,NA,13,08-14-2018,13:36:15
14227,63,810,825,15,second,1,1,0,NA,13,08-14-2018,13:36:15
14227,64,830,844,14,second,1,1,0,NA,13,08-14-2018,13:36:15
14239,1,815,830,15,second,1,NA,NA,NA,13,10-10-2018,14:20:29
14239,2,830,817,13,first,1,1,0,NA,13,10-10-2018,14:20:29
14239,3,789,800,11,second,0,1,1,1,13,10-10-2018,14:20:29
14239,4,820,803,17,first,1,0,1,2,13,10-10-2018,14:20:29
14239,5,830,815,15,first,0,1,1,3,13,10-10-2018,14:20:29
14239,6,851,830,21,first,1,0,1,4,13,10-10-2018,14:20:29
14239,7,781,800,19,second,1,1,0,NA,13,10-10-2018,14:20:29
14239,8,802,820,18,second,0,1,1,5,13,10-10-2018,14:20:29
14239,9,830,851,21,second,0,0,0,NA,13,10-10-2018,14:20:29
14239,10,800,776,24,first,1,0,1,6,13,10-10-2018,14:20:29
14239,11,810,787,23,first,1,1,0,NA,13,10-10-2018,14:20:29
14239,12,830,808,22,first,1,1,0,NA,13,10-10-2018,14:20:29
14239,13,799,820,21,second,1,1,0,NA,13,10-10-2018,14:20:29
14239,14,830,850,20,second,1,1,0,NA,13,10-10-2018,14:20:29
14239,15,820,801,19,first,1,1,0,NA,13,10-10-2018,14:20:29
14239,16,810,828,18,second,1,1,0,NA,13,10-10-2018,14:20:29
14239,17,827,810,17,first,1,1,0,NA,13,10-10-2018,14:20:29
14239,18,804,820,16,second,0,1,1,7,13,10-10-2018,14:20:29
14239,19,811,830,19,second,1,0,1,8,13,10-10-2018,14:20:29
14239,20,812,830,18,second,1,1,0,NA,13,10-10-2018,14:20:29
14239,21,830,847,17,second,0,1,1,9,13,10-10-2018,14:20:29
14239,22,800,820,20,second,1,0,1,10,13,10-10-2018,14:20:29
14239,23,800,781,19,first,0,1,1,11,13,10-10-2018,14:20:29
14239,24,778,800,22,second,0,0,0,NA,13,10-10-2018,14:20:29
14239,25,806,830,24,second,0,0,0,NA,13,10-10-2018,14:20:29
14239,26,844,820,24,first,1,0,1,12,13,10-10-2018,14:20:29
14239,27,820,843,23,second,1,1,0,NA,13,10-10-2018,14:20:29
14239,28,798,820,22,second,1,1,0,NA,13,10-10-2018,14:20:29
14239,29,851,830,21,first,1,1,0,NA,13,10-10-2018,14:20:29
14239,30,840,820,20,first,1,1,0,NA,13,10-10-2018,14:20:29
14239,31,800,819,19,second,0,1,1,13,13,10-10-2018,14:20:29
14239,32,800,822,22,second,1,0,1,14,13,10-10-2018,14:20:29
14239,33,799,820,21,second,0,1,1,15,13,10-10-2018,14:20:29
14239,34,834,810,24,first,0,0,0,NA,13,10-10-2018,14:20:29
14239,35,820,844,24,second,1,0,1,16,13,10-10-2018,14:20:29
14239,36,810,787,23,first,0,1,1,17,13,10-10-2018,14:20:29
14239,37,800,776,24,first,1,0,1,18,13,10-10-2018,14:20:29
14239,38,830,853,23,second,1,1,0,NA,13,10-10-2018,14:20:29
14239,39,810,788,22,first,1,1,0,NA,13,10-10-2018,14:20:29
14239,40,820,841,21,second,1,1,0,NA,13,10-10-2018,14:20:29
14239,41,800,820,20,second,0,1,1,19,13,10-10-2018,14:20:29
14239,42,843,820,23,first,1,0,1,20,13,10-10-2018,14:20:29
14239,43,810,832,22,second,1,1,0,NA,13,10-10-2018,14:20:29
14239,44,810,789,21,first,0,1,1,21,13,10-10-2018,14:20:29
14239,45,800,776,24,first,1,0,1,22,13,10-10-2018,14:20:29
14239,46,800,823,23,second,1,1,0,NA,13,10-10-2018,14:20:29
14239,47,810,832,22,second,0,1,1,23,13,10-10-2018,14:20:29
14239,48,820,796,24,first,1,0,1,24,13,10-10-2018,14:20:29
14239,49,820,797,23,first,0,1,1,25,13,10-10-2018,14:20:29
14239,50,776,800,24,second,1,0,1,26,13,10-10-2018,14:20:29
14239,51,823,800,23,first,1,1,0,NA,13,10-10-2018,14:20:29
14239,52,822,800,22,first,1,1,0,NA,13,10-10-2018,14:20:29
14239,53,851,830,21,first,1,1,0,NA,13,10-10-2018,14:20:29
14239,54,830,810,20,first,1,1,0,NA,13,10-10-2018,14:20:29
14239,55,829,810,19,first,1,1,0,NA,13,10-10-2018,14:20:29
14239,56,800,818,18,second,1,1,0,NA,13,10-10-2018,14:20:29
14239,57,817,800,17,first,1,1,0,NA,13,10-10-2018,14:20:29
14239,58,846,830,16,first,1,1,0,NA,13,10-10-2018,14:20:29
14239,59,810,825,15,second,0,1,1,27,13,10-10-2018,14:20:29
14239,60,802,820,18,second,1,0,1,28,13,10-10-2018,14:20:29
14239,61,837,820,17,first,1,1,0,NA,13,10-10-2018,14:20:29
14239,62,830,814,16,first,1,1,0,NA,13,10-10-2018,14:20:29
14239,63,820,835,15,second,1,1,0,NA,13,10-10-2018,14:20:29
14239,64,814,800,14,first,1,1,0,NA,13,10-10-2018,14:20:29
14251,1,815,830,15,second,0,NA,NA,NA,13,11-28-2018,12:45:36
14251,2,800,821,21,second,1,0,1,1,13,11-28-2018,12:45:36
14251,3,810,829,19,second,1,1,0,NA,13,11-28-2018,12:45:36
14251,4,813,830,17,second,1,1,0,NA,13,11-28-2018,12:45:36
14251,5,815,800,15,first,0,1,1,2,13,11-28-2018,12:45:36
14251,6,820,841,21,second,1,0,1,3,13,11-28-2018,12:45:36
14251,7,800,781,19,first,0,1,1,4,13,11-28-2018,12:45:36
14251,8,830,808,22,first,0,0,0,NA,13,11-28-2018,12:45:36
14251,9,844,820,24,first,0,0,0,NA,13,11-28-2018,12:45:36
14251,10,820,844,24,second,1,0,1,5,13,11-28-2018,12:45:36
14251,11,830,853,23,second,1,1,0,NA,13,11-28-2018,12:45:36
14251,12,800,822,22,second,0,1,1,6,13,11-28-2018,12:45:36
14251,13,844,820,24,first,1,0,1,7,13,11-28-2018,12:45:36
14251,14,853,830,23,first,0,1,1,8,13,11-28-2018,12:45:36
14251,15,830,806,24,first,1,0,1,9,13,11-28-2018,12:45:36
14251,16,820,797,23,first,0,1,1,10,13,11-28-2018,12:45:36
14251,17,810,786,24,first,1,0,1,11,13,11-28-2018,12:45:36
14251,18,810,787,23,first,0,1,1,12,13,11-28-2018,12:45:36
14251,19,824,800,24,first,1,0,1,13,13,11-28-2018,12:45:36
14251,20,777,800,23,second,1,1,0,NA,13,11-28-2018,12:45:36
14251,21,778,800,22,second,0,1,1,14,13,11-28-2018,12:45:36
14251,22,844,820,24,first,0,0,0,NA,13,11-28-2018,12:45:36
14251,23,834,810,24,first,1,0,1,15,13,11-28-2018,12:45:36
14251,24,830,853,23,second,1,1,0,NA,13,11-28-2018,12:45:36
14251,25,800,778,22,first,1,1,0,NA,13,11-28-2018,12:45:36
14251,26,779,800,21,second,1,1,0,NA,13,11-28-2018,12:45:36
14251,27,800,820,20,second,0,1,1,16,13,11-28-2018,12:45:36
14251,28,833,810,23,first,1,0,1,17,13,11-28-2018,12:45:36
14251,29,822,800,22,first,1,1,0,NA,13,11-28-2018,12:45:36
14251,30,800,779,21,first,1,1,0,NA,13,11-28-2018,12:45:36
14251,31,830,810,20,first,1,1,0,NA,13,11-28-2018,12:45:36
14251,32,830,849,19,second,0,1,1,18,13,11-28-2018,12:45:36
14251,33,822,800,22,first,1,0,1,19,13,11-28-2018,12:45:36
14251,34,830,851,21,second,0,1,1,20,13,11-28-2018,12:45:36
14251,35,820,796,24,first,0,0,0,NA,13,11-28-2018,12:45:36
14251,36,796,820,24,second,1,0,1,21,13,11-28-2018,12:45:36
14251,37,800,777,23,first,0,1,1,22,13,11-28-2018,12:45:36
14251,38,806,830,24,second,1,0,1,23,13,11-28-2018,12:45:36
14251,39,833,810,23,first,0,1,1,24,13,11-28-2018,12:45:36
14251,40,830,806,24,first,0,0,0,NA,13,11-28-2018,12:45:36
14251,41,834,810,24,first,0,0,0,NA,13,11-28-2018,12:45:36
14251,42,820,844,24,second,1,0,1,25,13,11-28-2018,12:45:36
14251,43,810,787,23,first,0,1,1,26,13,11-28-2018,12:45:36
14251,44,810,786,24,first,0,0,0,NA,13,11-28-2018,12:45:36
14251,45,810,834,24,second,1,0,1,27,13,11-28-2018,12:45:36
14251,46,800,823,23,second,1,1,0,NA,13,11-28-2018,12:45:36
14251,47,798,820,22,second,1,1,0,NA,13,11-28-2018,12:45:36
14251,48,820,799,21,first,0,1,1,28,13,11-28-2018,12:45:36
14251,49,800,824,24,second,1,0,1,29,13,11-28-2018,12:45:36
14251,50,853,830,23,first,0,1,1,30,13,11-28-2018,12:45:36
14251,51,820,796,24,first,0,0,0,NA,13,11-28-2018,12:45:36
14251,52,844,820,24,first,0,0,0,NA,13,11-28-2018,12:45:36
14251,53,854,830,24,first,0,0,0,NA,13,11-28-2018,12:45:36
14251,54,810,834,24,second,1,0,1,31,13,11-28-2018,12:45:36
14251,55,820,843,23,second,1,1,0,NA,13,11-28-2018,12:45:36
14251,56,810,832,22,second,1,1,0,NA,13,11-28-2018,12:45:36
14251,57,809,830,21,second,1,1,0,NA,13,11-28-2018,12:45:36
14251,58,800,820,20,second,1,1,0,NA,13,11-28-2018,12:45:36
14251,59,801,820,19,second,1,1,0,NA,13,11-28-2018,12:45:36
14251,60,802,820,18,second,1,1,0,NA,13,11-28-2018,12:45:36
14251,61,847,830,17,first,1,1,0,NA,13,11-28-2018,12:45:36
14251,62,804,820,16,second,1,1,0,NA,13,11-28-2018,12:45:36
14251,63,805,820,15,second,1,1,0,NA,13,11-28-2018,12:45:36
14251,64,786,800,14,second,1,1,0,NA,13,11-28-2018,12:45:36
14255,1,835,820,15,first,1,NA,NA,NA,10,10-26-2018,16:05:41
14255,2,810,823,13,second,1,1,0,NA,10,10-26-2018,16:05:41
14255,3,819,830,11,second,1,1,0,NA,10,10-26-2018,16:05:41
14255,4,811,820,9,second,1,1,0,NA,10,10-26-2018,16:05:41
14255,5,800,793,7,first,1,1,0,NA,10,10-26-2018,16:05:41
14255,6,815,820,5,second,1,1,0,NA,10,10-26-2018,16:05:41
14255,7,823,820,3,first,0,1,1,1,10,10-26-2018,16:05:41
14255,8,814,820,6,second,1,0,1,2,10,10-26-2018,16:05:41
14255,9,830,835,5,second,1,1,0,NA,10,10-26-2018,16:05:41
14255,10,826,830,4,second,1,1,0,NA,10,10-26-2018,16:05:41
14255,11,803,800,3,first,1,1,0,NA,10,10-26-2018,16:05:41
14255,12,800,802,2,second,0,1,1,3,10,10-26-2018,16:05:41
14255,13,800,805,5,second,1,0,1,4,10,10-26-2018,16:05:41
14255,14,826,830,4,second,1,1,0,NA,10,10-26-2018,16:05:41
14255,15,800,797,3,first,0,1,1,5,10,10-26-2018,16:05:41
14255,16,820,814,6,first,1,0,1,6,10,10-26-2018,16:05:41
14255,17,830,825,5,first,0,1,1,7,10,10-26-2018,16:05:41
14255,18,830,838,8,second,0,0,0,NA,10,10-26-2018,16:05:41
14255,19,830,819,11,first,0,0,0,NA,10,10-26-2018,16:05:41
14255,20,806,820,14,second,0,0,0,NA,10,10-26-2018,16:05:41
14255,21,827,810,17,first,0,0,0,NA,10,10-26-2018,16:05:41
14255,22,820,800,20,first,0,0,0,NA,10,10-26-2018,16:05:41
14255,23,820,797,23,first,1,0,1,8,10,10-26-2018,16:05:41
14255,24,778,800,22,second,0,1,1,9,10,10-26-2018,16:05:41
14255,25,810,786,24,first,1,0,1,10,10,10-26-2018,16:05:41
14255,26,777,800,23,second,1,1,0,NA,10,10-26-2018,16:05:41
14255,27,808,830,22,second,1,1,0,NA,10,10-26-2018,16:05:41
14255,28,820,841,21,second,1,1,0,NA,10,10-26-2018,16:05:41
14255,29,800,820,20,second,1,1,0,NA,10,10-26-2018,16:05:41
14255,30,849,830,19,first,1,1,0,NA,10,10-26-2018,16:05:41
14255,31,818,800,18,first,1,1,0,NA,10,10-26-2018,16:05:41
14255,32,827,810,17,first,0,1,1,11,10,10-26-2018,16:05:41
14255,33,840,820,20,first,0,0,0,NA,10,10-26-2018,16:05:41
14255,34,843,820,23,first,0,0,0,NA,10,10-26-2018,16:05:41
14255,35,810,786,24,first,0,0,0,NA,10,10-26-2018,16:05:41
14255,36,810,786,24,first,0,0,0,NA,10,10-26-2018,16:05:41
14255,37,820,844,24,second,1,0,1,12,10,10-26-2018,16:05:41
14255,38,797,820,23,second,1,1,0,NA,10,10-26-2018,16:05:41
14255,39,822,800,22,first,0,1,1,13,10,10-26-2018,16:05:41
14255,40,810,834,24,second,1,0,1,14,10,10-26-2018,16:05:41
14255,41,853,830,23,first,0,1,1,15,10,10-26-2018,16:05:41
14255,42,834,810,24,first,0,0,0,NA,10,10-26-2018,16:05:41
14255,43,810,834,24,second,1,0,1,16,10,10-26-2018,16:05:41
14255,44,830,807,23,first,1,1,0,NA,10,10-26-2018,16:05:41
14255,45,810,832,22,second,1,1,0,NA,10,10-26-2018,16:05:41
14255,46,800,779,21,first,1,1,0,NA,10,10-26-2018,16:05:41
14255,47,820,840,20,second,1,1,0,NA,10,10-26-2018,16:05:41
14255,48,801,820,19,second,1,1,0,NA,10,10-26-2018,16:05:41
14255,49,802,820,18,second,1,1,0,NA,10,10-26-2018,16:05:41
14255,50,820,837,17,second,1,1,0,NA,10,10-26-2018,16:05:41
14255,51,804,820,16,second,1,1,0,NA,10,10-26-2018,16:05:41
14255,52,830,845,15,second,1,1,0,NA,10,10-26-2018,16:05:41
14255,53,824,810,14,first,0,1,1,17,10,10-26-2018,16:05:41
14255,54,783,800,17,second,1,0,1,18,10,10-26-2018,16:05:41
14255,55,830,814,16,first,0,1,1,19,10,10-26-2018,16:05:41
14255,56,820,801,19,first,1,0,1,20,10,10-26-2018,16:05:41
14255,57,848,830,18,first,1,1,0,NA,10,10-26-2018,16:05:41
14255,58,783,800,17,second,1,1,0,NA,10,10-26-2018,16:05:41
14255,59,816,800,16,first,1,1,0,NA,10,10-26-2018,16:05:41
14255,60,810,795,15,first,1,1,0,NA,10,10-26-2018,16:05:41
14255,61,830,844,14,second,1,1,0,NA,10,10-26-2018,16:05:41
14255,62,800,787,13,first,1,1,0,NA,10,10-26-2018,16:05:41
14255,63,842,830,12,first,1,1,0,NA,10,10-26-2018,16:05:41
14255,64,800,811,11,second,1,1,0,NA,10,10-26-2018,16:05:41
14259,1,805,820,15,second,1,NA,NA,NA,14,10-02-2018,16:24:15
14259,2,823,810,13,first,1,1,0,NA,14,10-02-2018,16:24:15
14259,3,821,810,11,first,1,1,0,NA,14,10-02-2018,16:24:15
14259,4,819,810,9,first,1,1,0,NA,14,10-02-2018,16:24:15
14259,5,837,830,7,first,1,1,0,NA,14,10-02-2018,16:24:15
14259,6,830,825,5,first,1,1,0,NA,14,10-02-2018,16:24:15
14259,7,800,803,3,second,1,1,0,NA,14,10-02-2018,16:24:15
14259,8,810,812,2,second,1,1,0,NA,14,10-02-2018,16:24:15
14259,9,800,799,1,first,1,1,0,NA,14,10-02-2018,16:24:15
14259,10,820,821,1,second,0,1,1,1,14,10-02-2018,16:24:15
14259,11,816,820,4,second,0,0,0,NA,14,10-02-2018,16:24:15
14259,12,800,793,7,first,1,0,1,2,14,10-02-2018,16:24:15
14259,13,830,836,6,second,0,1,1,3,14,10-02-2018,16:24:15
14259,14,800,809,9,second,0,0,0,NA,14,10-02-2018,16:24:15
14259,15,818,830,12,second,0,0,0,NA,14,10-02-2018,16:24:15
14259,16,810,825,15,second,0,0,0,NA,14,10-02-2018,16:24:15
14259,17,810,792,18,first,1,0,1,4,14,10-02-2018,16:24:15
14259,18,810,793,17,first,1,1,0,NA,14,10-02-2018,16:24:15
14259,19,820,836,16,second,0,1,1,5,14,10-02-2018,16:24:15
14259,20,810,791,19,first,1,0,1,6,14,10-02-2018,16:24:15
14259,21,848,830,18,first,1,1,0,NA,14,10-02-2018,16:24:15
14259,22,817,800,17,first,1,1,0,NA,14,10-02-2018,16:24:15
14259,23,816,800,16,first,1,1,0,NA,14,10-02-2018,16:24:15
14259,24,805,820,15,second,1,1,0,NA,14,10-02-2018,16:24:15
14259,25,806,820,14,second,1,1,0,NA,14,10-02-2018,16:24:15
14259,26,807,820,13,second,1,1,0,NA,14,10-02-2018,16:24:15
14259,27,810,822,12,second,1,1,0,NA,14,10-02-2018,16:24:15
14259,28,831,820,11,first,1,1,0,NA,14,10-02-2018,16:24:15
14259,29,820,810,10,first,1,1,0,NA,14,10-02-2018,16:24:15
14259,30,821,830,9,second,1,1,0,NA,14,10-02-2018,16:24:15
14259,31,808,800,8,first,1,1,0,NA,14,10-02-2018,16:24:15
14259,32,830,823,7,first,1,1,0,NA,14,10-02-2018,16:24:15
14259,33,794,800,6,second,1,1,0,NA,14,10-02-2018,16:24:15
14259,34,795,800,5,second,0,1,1,7,14,10-02-2018,16:24:15
14259,35,838,830,8,first,1,0,1,8,14,10-02-2018,16:24:15
14259,36,827,820,7,first,1,1,0,NA,14,10-02-2018,16:24:15
14259,37,820,814,6,first,1,1,0,NA,14,10-02-2018,16:24:15
14259,38,810,815,5,second,1,1,0,NA,14,10-02-2018,16:24:15
14259,39,810,806,4,first,1,1,0,NA,14,10-02-2018,16:24:15
14259,40,827,830,3,second,0,1,1,9,14,10-02-2018,16:24:15
14259,41,830,836,6,second,0,0,0,NA,14,10-02-2018,16:24:15
14259,42,829,820,9,first,1,0,1,10,14,10-02-2018,16:24:15
14259,43,830,822,8,first,1,1,0,NA,14,10-02-2018,16:24:15
14259,44,827,820,7,first,1,1,0,NA,14,10-02-2018,16:24:15
14259,45,814,820,6,second,0,1,1,11,14,10-02-2018,16:24:15
14259,46,839,830,9,first,1,0,1,12,14,10-02-2018,16:24:15
14259,47,820,812,8,first,0,1,1,13,14,10-02-2018,16:24:15
14259,48,811,800,11,first,1,0,1,14,14,10-02-2018,16:24:15
14259,49,830,840,10,second,1,1,0,NA,14,10-02-2018,16:24:15
14259,50,820,811,9,first,1,1,0,NA,14,10-02-2018,16:24:15
14259,51,800,808,8,second,1,1,0,NA,14,10-02-2018,16:24:15
14259,52,800,793,7,first,1,1,0,NA,14,10-02-2018,16:24:15
14259,53,800,806,6,second,0,1,1,15,14,10-02-2018,16:24:15
14259,54,791,800,9,second,0,0,0,NA,14,10-02-2018,16:24:15
14259,55,788,800,12,second,1,0,1,16,14,10-02-2018,16:24:15
14259,56,820,831,11,second,1,1,0,NA,14,10-02-2018,16:24:15
14259,57,810,820,10,second,0,1,1,17,14,10-02-2018,16:24:15
14259,58,817,830,13,second,1,0,1,18,14,10-02-2018,16:24:15
14259,59,820,832,12,second,1,1,0,NA,14,10-02-2018,16:24:15
14259,60,800,789,11,first,1,1,0,NA,14,10-02-2018,16:24:15
14259,61,820,810,10,first,0,1,1,19,14,10-02-2018,16:24:15
14259,62,830,843,13,second,1,0,1,20,14,10-02-2018,16:24:15
14259,63,808,820,12,second,0,1,1,21,14,10-02-2018,16:24:15
14259,64,830,815,15,first,1,0,1,22,14,10-02-2018,16:24:15
14265,1,820,805,15,first,0,NA,NA,NA,20,11-27-2018,12:09:43
14265,2,800,779,21,first,1,0,1,1,20,11-27-2018,12:09:43
14265,3,781,800,19,second,1,1,0,NA,20,11-27-2018,12:09:43
14265,4,810,793,17,first,1,1,0,NA,20,11-27-2018,12:09:43
14265,5,825,810,15,first,1,1,0,NA,20,11-27-2018,12:09:43
14265,6,810,823,13,second,1,1,0,NA,20,11-27-2018,12:09:43
14265,7,800,811,11,second,0,1,1,2,20,11-27-2018,12:09:43
14265,8,810,824,14,second,0,0,0,NA,20,11-27-2018,12:09:43
14265,9,810,793,17,first,1,0,1,3,20,11-27-2018,12:09:43
14265,10,826,810,16,first,0,1,1,4,20,11-27-2018,12:09:43
14265,11,800,781,19,first,1,0,1,5,20,11-27-2018,12:09:43
14265,12,802,820,18,second,0,1,1,6,20,11-27-2018,12:09:43
14265,13,809,830,21,second,0,0,0,NA,20,11-27-2018,12:09:43
14265,14,830,806,24,first,1,0,1,7,20,11-27-2018,12:09:43
14265,15,800,823,23,second,0,1,1,8,20,11-27-2018,12:09:43
14265,16,810,834,24,second,1,0,1,9,20,11-27-2018,12:09:43
14265,17,843,820,23,first,1,1,0,NA,20,11-27-2018,12:09:43
14265,18,820,798,22,first,1,1,0,NA,20,11-27-2018,12:09:43
14265,19,851,830,21,first,1,1,0,NA,20,11-27-2018,12:09:43
14265,20,800,820,20,second,0,1,1,10,20,11-27-2018,12:09:43
14265,21,810,833,23,second,0,0,0,NA,20,11-27-2018,12:09:43
14265,22,830,854,24,second,0,0,0,NA,20,11-27-2018,12:09:43
14265,23,800,824,24,second,1,0,1,11,20,11-27-2018,12:09:43
14265,24,820,843,23,second,0,1,1,12,20,11-27-2018,12:09:43
14265,25,806,830,24,second,0,0,0,NA,20,11-27-2018,12:09:43
14265,26,810,786,24,first,1,0,1,13,20,11-27-2018,12:09:43
14265,27,830,853,23,second,0,1,1,14,20,11-27-2018,12:09:43
14265,28,834,810,24,first,1,0,1,15,20,11-27-2018,12:09:43
14265,29,810,787,23,first,1,1,0,NA,20,11-27-2018,12:09:43
14265,30,830,808,22,first,0,1,1,16,20,11-27-2018,12:09:43
14265,31,800,776,24,first,1,0,1,17,20,11-27-2018,12:09:43
14265,32,807,830,23,second,0,1,1,18,20,11-27-2018,12:09:43
14265,33,824,800,24,first,1,0,1,19,20,11-27-2018,12:09:43
14265,34,823,800,23,first,0,1,1,20,20,11-27-2018,12:09:43
14265,35,854,830,24,first,1,0,1,21,20,11-27-2018,12:09:43
14265,36,807,830,23,second,1,1,0,NA,20,11-27-2018,12:09:43
14265,37,820,842,22,second,1,1,0,NA,20,11-27-2018,12:09:43
14265,38,799,820,21,second,1,1,0,NA,20,11-27-2018,12:09:43
14265,39,830,850,20,second,0,1,1,22,20,11-27-2018,12:09:43
14265,40,843,820,23,first,1,0,1,23,20,11-27-2018,12:09:43
14265,41,842,820,22,first,1,1,0,NA,20,11-27-2018,12:09:43
14265,42,779,800,21,second,0,1,1,24,20,11-27-2018,12:09:43
14265,43,844,820,24,first,0,0,0,NA,20,11-27-2018,12:09:43
14265,44,854,830,24,first,1,0,1,25,20,11-27-2018,12:09:43
14265,45,853,830,23,first,0,1,1,26,20,11-27-2018,12:09:43
14265,46,796,820,24,second,0,0,0,NA,20,11-27-2018,12:09:43
14265,47,830,806,24,first,1,0,1,27,20,11-27-2018,12:09:43
14265,48,797,820,23,second,1,1,0,NA,20,11-27-2018,12:09:43
14265,49,820,842,22,second,0,1,1,28,20,11-27-2018,12:09:43
14265,50,834,810,24,first,1,0,1,29,20,11-27-2018,12:09:43
14265,51,820,843,23,second,1,1,0,NA,20,11-27-2018,12:09:43
14265,52,830,852,22,second,1,1,0,NA,20,11-27-2018,12:09:43
14265,53,799,820,21,second,0,1,1,30,20,11-27-2018,12:09:43
14265,54,824,800,24,first,1,0,1,31,20,11-27-2018,12:09:43
14265,55,777,800,23,second,1,1,0,NA,20,11-27-2018,12:09:43
14265,56,830,808,22,first,0,1,1,32,20,11-27-2018,12:09:43
14265,57,800,824,24,second,1,0,1,33,20,11-27-2018,12:09:43
14265,58,820,797,23,first,1,1,0,NA,20,11-27-2018,12:09:43
14265,59,820,798,22,first,1,1,0,NA,20,11-27-2018,12:09:43
14265,60,800,779,21,first,1,1,0,NA,20,11-27-2018,12:09:43
14265,61,820,800,20,first,1,1,0,NA,20,11-27-2018,12:09:43
14265,62,781,800,19,second,1,1,0,NA,20,11-27-2018,12:09:43
14265,63,802,820,18,second,0,1,1,34,20,11-27-2018,12:09:43
14265,64,799,820,21,second,1,0,1,35,20,11-27-2018,12:09:43
14273,1,815,830,15,second,1,NA,NA,NA,21,10-11-2018,14:26:49
14273,2,800,787,13,first,1,1,0,NA,21,10-11-2018,14:26:49
14273,3,809,820,11,second,0,1,1,1,21,10-11-2018,14:26:49
14273,4,803,820,17,second,1,0,1,2,21,10-11-2018,14:26:49
14273,5,820,835,15,second,0,1,1,3,21,10-11-2018,14:26:49
14273,6,799,820,21,second,1,0,1,4,21,10-11-2018,14:26:49
14273,7,830,849,19,second,1,1,0,NA,21,10-11-2018,14:26:49
14273,8,830,812,18,first,1,1,0,NA,21,10-11-2018,14:26:49
14273,9,783,800,17,second,0,1,1,5,21,10-11-2018,14:26:49
14273,10,830,810,20,first,1,0,1,6,21,10-11-2018,14:26:49
14273,11,811,830,19,second,1,1,0,NA,21,10-11-2018,14:26:49
14273,12,800,782,18,first,1,1,0,NA,21,10-11-2018,14:26:49
14273,13,830,813,17,first,1,1,0,NA,21,10-11-2018,14:26:49
14273,14,820,836,16,second,1,1,0,NA,21,10-11-2018,14:26:49
14273,15,845,830,15,first,1,1,0,NA,21,10-11-2018,14:26:49
14273,16,800,814,14,second,0,1,1,7,21,10-11-2018,14:26:49
14273,17,810,793,17,first,1,0,1,8,21,10-11-2018,14:26:49
14273,18,816,800,16,first,1,1,0,NA,21,10-11-2018,14:26:49
14273,19,835,820,15,first,0,1,1,9,21,10-11-2018,14:26:49
14273,20,820,802,18,first,1,0,1,10,21,10-11-2018,14:26:49
14273,21,803,820,17,second,1,1,0,NA,21,10-11-2018,14:26:49
14273,22,810,794,16,first,1,1,0,NA,21,10-11-2018,14:26:49
14273,23,835,820,15,first,1,1,0,NA,21,10-11-2018,14:26:49
14273,24,816,830,14,second,1,1,0,NA,21,10-11-2018,14:26:49
14273,25,810,823,13,second,0,1,1,11,21,10-11-2018,14:26:49
14273,26,816,800,16,first,1,0,1,12,21,10-11-2018,14:26:49
14273,27,820,805,15,first,1,1,0,NA,21,10-11-2018,14:26:49
14273,28,810,796,14,first,1,1,0,NA,21,10-11-2018,14:26:49
14273,29,787,800,13,second,0,1,1,13,21,10-11-2018,14:26:49
14273,30,800,816,16,second,1,0,1,14,21,10-11-2018,14:26:49
14273,31,800,815,15,second,0,1,1,15,21,10-11-2018,14:26:49
14273,32,838,820,18,first,0,0,0,NA,21,10-11-2018,14:26:49
14273,33,779,800,21,second,1,0,1,16,21,10-11-2018,14:26:49
14273,34,800,820,20,second,0,1,1,17,21,10-11-2018,14:26:49
14273,35,810,833,23,second,1,0,1,18,21,10-11-2018,14:26:49
14273,36,830,852,22,second,1,1,0,NA,21,10-11-2018,14:26:49
14273,37,809,830,21,second,1,1,0,NA,21,10-11-2018,14:26:49
14273,38,800,820,20,second,1,1,0,NA,21,10-11-2018,14:26:49
14273,39,819,800,19,first,1,1,0,NA,21,10-11-2018,14:26:49
14273,40,838,820,18,first,0,1,1,19,21,10-11-2018,14:26:49
14273,41,800,779,21,first,1,0,1,20,21,10-11-2018,14:26:49
14273,42,830,810,20,first,1,1,0,NA,21,10-11-2018,14:26:49
14273,43,829,810,19,first,1,1,0,NA,21,10-11-2018,14:26:49
14273,44,810,828,18,second,1,1,0,NA,21,10-11-2018,14:26:49
14273,45,810,793,17,first,1,1,0,NA,21,10-11-2018,14:26:49
14273,46,846,830,16,first,1,1,0,NA,21,10-11-2018,14:26:49
14273,47,800,785,15,first,1,1,0,NA,21,10-11-2018,14:26:49
14273,48,820,834,14,second,1,1,0,NA,21,10-11-2018,14:26:49
14273,49,820,833,13,second,1,1,0,NA,21,10-11-2018,14:26:49
14273,50,808,820,12,second,1,1,0,NA,21,10-11-2018,14:26:49
14273,51,809,820,11,second,1,1,0,NA,21,10-11-2018,14:26:49
14273,52,820,810,10,first,0,1,1,21,21,10-11-2018,14:26:49
14273,53,820,807,13,first,1,0,1,22,21,10-11-2018,14:26:49
14273,54,788,800,12,second,1,1,0,NA,21,10-11-2018,14:26:49
14273,55,809,820,11,second,1,1,0,NA,21,10-11-2018,14:26:49
14273,56,810,800,10,first,1,1,0,NA,21,10-11-2018,14:26:49
14273,57,819,810,9,first,0,1,1,23,21,10-11-2018,14:26:49
14273,58,842,830,12,first,1,0,1,24,21,10-11-2018,14:26:49
14273,59,830,819,11,first,1,1,0,NA,21,10-11-2018,14:26:49
14273,60,830,840,10,second,1,1,0,NA,21,10-11-2018,14:26:49
14273,61,839,830,9,first,0,1,1,25,21,10-11-2018,14:26:49
14273,62,810,822,12,second,0,0,0,NA,21,10-11-2018,14:26:49
14273,63,830,815,15,first,0,0,0,NA,21,10-11-2018,14:26:49
14273,64,830,848,18,second,0,0,0,NA,21,10-11-2018,14:26:49
14283,1,800,785,15,first,1,NA,NA,NA,21,08-14-2018,15:30:57
14283,2,813,800,13,first,1,1,0,NA,21,08-14-2018,15:30:57
14283,3,800,811,11,second,1,1,0,NA,21,08-14-2018,15:30:57
14283,4,810,801,9,first,1,1,0,NA,21,08-14-2018,15:30:57
14283,5,807,800,7,first,1,1,0,NA,21,08-14-2018,15:30:57
14283,6,820,825,5,second,0,1,1,1,21,08-14-2018,15:30:57
14283,7,819,830,11,second,0,0,0,NA,21,08-14-2018,15:30:57
14283,8,816,830,14,second,1,0,1,2,21,08-14-2018,15:30:57
14283,9,807,820,13,second,0,1,1,3,21,08-14-2018,15:30:57
14283,10,830,846,16,second,1,0,1,4,21,08-14-2018,15:30:57
14283,11,845,830,15,first,1,1,0,NA,21,08-14-2018,15:30:57
14283,12,786,800,14,second,0,1,1,5,21,08-14-2018,15:30:57
14283,13,803,820,17,second,0,0,0,NA,21,08-14-2018,15:30:57
14283,14,810,830,20,second,1,0,1,6,21,08-14-2018,15:30:57
14283,15,829,810,19,first,1,1,0,NA,21,08-14-2018,15:30:57
14283,16,810,792,18,first,1,1,0,NA,21,08-14-2018,15:30:57
14283,17,783,800,17,second,0,1,1,7,21,08-14-2018,15:30:57
14283,18,830,810,20,first,1,0,1,8,21,08-14-2018,15:30:57
14283,19,800,781,19,first,1,1,0,NA,21,08-14-2018,15:30:57
14283,20,820,838,18,second,1,1,0,NA,21,08-14-2018,15:30:57
14283,21,803,820,17,second,1,1,0,NA,21,08-14-2018,15:30:57
14283,22,830,814,16,first,0,1,1,9,21,08-14-2018,15:30:57
14283,23,839,820,19,first,0,0,0,NA,21,08-14-2018,15:30:57
14283,24,842,820,22,first,1,0,1,10,21,08-14-2018,15:30:57
14283,25,851,830,21,first,1,1,0,NA,21,08-14-2018,15:30:57
14283,26,830,850,20,second,0,1,1,11,21,08-14-2018,15:30:57
14283,27,810,787,23,first,1,0,1,12,21,08-14-2018,15:30:57
14283,28,810,832,22,second,0,1,1,13,21,08-14-2018,15:30:57
14283,29,796,820,24,second,0,0,0,NA,21,08-14-2018,15:30:57
14283,30,834,810,24,first,1,0,1,14,21,08-14-2018,15:30:57
14283,31,800,777,23,first,1,1,0,NA,21,08-14-2018,15:30:57
14283,32,832,810,22,first,0,1,1,15,21,08-14-2018,15:30:57
14283,33,810,834,24,second,0,0,0,NA,21,08-14-2018,15:30:57
14283,34,820,844,24,second,1,0,1,16,21,08-14-2018,15:30:57
14283,35,820,797,23,first,1,1,0,NA,21,08-14-2018,15:30:57
14283,36,800,822,22,second,1,1,0,NA,21,08-14-2018,15:30:57
14283,37,799,820,21,second,1,1,0,NA,21,08-14-2018,15:30:57
14283,38,830,850,20,second,1,1,0,NA,21,08-14-2018,15:30:57
14283,39,781,800,19,second,1,1,0,NA,21,08-14-2018,15:30:57
14283,40,830,812,18,first,0,1,1,17,21,08-14-2018,15:30:57
14283,41,851,830,21,first,1,0,1,18,21,08-14-2018,15:30:57
14283,42,840,820,20,first,1,1,0,NA,21,08-14-2018,15:30:57
14283,43,801,820,19,second,0,1,1,19,21,08-14-2018,15:30:57
14283,44,810,832,22,second,0,0,0,NA,21,08-14-2018,15:30:57
14283,45,810,834,24,second,1,0,1,20,21,08-14-2018,15:30:57
14283,46,797,820,23,second,0,1,1,21,21,08-14-2018,15:30:57
14283,47,824,800,24,first,1,0,1,22,21,08-14-2018,15:30:57
14283,48,810,787,23,first,1,1,0,NA,21,08-14-2018,15:30:57
14283,49,820,798,22,first,1,1,0,NA,21,08-14-2018,15:30:57
14283,50,821,800,21,first,1,1,0,NA,21,08-14-2018,15:30:57
14283,51,780,800,20,second,1,1,0,NA,21,08-14-2018,15:30:57
14283,52,820,801,19,first,1,1,0,NA,21,08-14-2018,15:30:57
14283,53,812,830,18,second,1,1,0,NA,21,08-14-2018,15:30:57
14283,54,800,783,17,first,1,1,0,NA,21,08-14-2018,15:30:57
14283,55,836,820,16,first,1,1,0,NA,21,08-14-2018,15:30:57
14283,56,805,820,15,second,0,1,1,23,21,08-14-2018,15:30:57
14283,57,800,818,18,second,0,0,0,NA,21,08-14-2018,15:30:57
14283,58,820,841,21,second,1,0,1,24,21,08-14-2018,15:30:57
14283,59,830,810,20,first,1,1,0,NA,21,08-14-2018,15:30:57
14283,60,800,819,19,second,0,1,1,25,21,08-14-2018,15:30:57
14283,61,830,808,22,first,0,0,0,NA,21,08-14-2018,15:30:57
14283,62,854,830,24,first,1,0,1,26,21,08-14-2018,15:30:57
14283,63,820,797,23,first,1,1,0,NA,21,08-14-2018,15:30:57
14283,64,830,852,22,second,1,1,0,NA,21,08-14-2018,15:30:57
14285,1,810,825,15,second,1,NA,NA,NA,9,08-08-2018,12:59:05
14285,2,813,800,13,first,1,1,0,NA,9,08-08-2018,12:59:05
14285,3,841,830,11,first,1,1,0,NA,9,08-08-2018,12:59:05
14285,4,819,810,9,first,1,1,0,NA,9,08-08-2018,12:59:05
14285,5,823,830,7,second,1,1,0,NA,9,08-08-2018,12:59:05
14285,6,825,830,5,second,1,1,0,NA,9,08-08-2018,12:59:05
14285,7,813,810,3,first,0,1,1,1,9,08-08-2018,12:59:05
14285,8,826,820,6,first,1,0,1,2,9,08-08-2018,12:59:05
14285,9,820,825,5,second,1,1,0,NA,9,08-08-2018,12:59:05
14285,10,826,830,4,second,1,1,0,NA,9,08-08-2018,12:59:05
14285,11,810,807,3,first,1,1,0,NA,9,08-08-2018,12:59:05
14285,12,818,820,2,second,0,1,1,3,9,08-08-2018,12:59:05
14285,13,815,810,5,first,1,0,1,4,9,08-08-2018,12:59:05
14285,14,816,820,4,second,0,1,1,5,9,08-08-2018,12:59:05
14285,15,820,813,7,first,1,0,1,6,9,08-08-2018,12:59:05
14285,16,806,800,6,first,1,1,0,NA,9,08-08-2018,12:59:05
14285,17,830,835,5,second,1,1,0,NA,9,08-08-2018,12:59:05
14285,18,810,814,4,second,0,1,1,7,9,08-08-2018,12:59:05
14285,19,837,830,7,first,0,0,0,NA,9,08-08-2018,12:59:05
14285,20,830,820,10,first,1,0,1,8,9,08-08-2018,12:59:05
14285,21,820,811,9,first,1,1,0,NA,9,08-08-2018,12:59:05
14285,22,812,820,8,second,1,1,0,NA,9,08-08-2018,12:59:05
14285,23,827,820,7,first,1,1,0,NA,9,08-08-2018,12:59:05
14285,24,810,816,6,second,0,1,1,9,9,08-08-2018,12:59:05
14285,25,820,829,9,second,1,0,1,10,9,08-08-2018,12:59:05
14285,26,830,822,8,first,1,1,0,NA,9,08-08-2018,12:59:05
14285,27,793,800,7,second,0,1,1,11,9,08-08-2018,12:59:05
14285,28,800,790,10,first,1,0,1,12,9,08-08-2018,12:59:05
14285,29,811,820,9,second,1,1,0,NA,9,08-08-2018,12:59:05
14285,30,820,828,8,second,1,1,0,NA,9,08-08-2018,12:59:05
14285,31,813,820,7,second,1,1,0,NA,9,08-08-2018,12:59:05
14285,32,800,794,6,first,1,1,0,NA,9,08-08-2018,12:59:05
14285,33,795,800,5,second,1,1,0,NA,9,08-08-2018,12:59:05
14285,34,824,820,4,first,0,1,1,13,9,08-08-2018,12:59:05
14285,35,793,800,7,second,0,0,0,NA,9,08-08-2018,12:59:05
14285,36,810,820,10,second,1,0,1,14,9,08-08-2018,12:59:05
14285,37,810,801,9,first,1,1,0,NA,9,08-08-2018,12:59:05
14285,38,818,810,8,first,1,1,0,NA,9,08-08-2018,12:59:05
14285,39,800,793,7,first,1,1,0,NA,9,08-08-2018,12:59:05
14285,40,810,804,6,first,1,1,0,NA,9,08-08-2018,12:59:05
14285,41,830,835,5,second,1,1,0,NA,9,08-08-2018,12:59:05
14285,42,830,834,4,second,1,1,0,NA,9,08-08-2018,12:59:05
14285,43,800,803,3,second,0,1,1,15,9,08-08-2018,12:59:05
14285,44,826,820,6,first,1,0,1,16,9,08-08-2018,12:59:05
14285,45,800,805,5,second,0,1,1,17,9,08-08-2018,12:59:05
14285,46,830,822,8,first,1,0,1,18,9,08-08-2018,12:59:05
14285,47,813,820,7,second,1,1,0,NA,9,08-08-2018,12:59:05
14285,48,830,824,6,first,0,1,1,19,9,08-08-2018,12:59:05
14285,49,820,811,9,first,1,0,1,20,9,08-08-2018,12:59:05
14285,50,808,800,8,first,1,1,0,NA,9,08-08-2018,12:59:05
14285,51,820,813,7,first,1,1,0,NA,9,08-08-2018,12:59:05
14285,52,830,836,6,second,1,1,0,NA,9,08-08-2018,12:59:05
14285,53,800,805,5,second,0,1,1,21,9,08-08-2018,12:59:05
14285,54,838,830,8,first,1,0,1,22,9,08-08-2018,12:59:05
14285,55,823,830,7,second,1,1,0,NA,9,08-08-2018,12:59:05
14285,56,810,804,6,first,1,1,0,NA,9,08-08-2018,12:59:05
14285,57,795,800,5,second,0,1,1,23,9,08-08-2018,12:59:05
14285,58,838,830,8,first,0,0,0,NA,9,08-08-2018,12:59:05
14285,59,800,811,11,second,0,0,0,NA,9,08-08-2018,12:59:05
14285,60,806,820,14,second,1,0,1,24,9,08-08-2018,12:59:05
14285,61,800,787,13,first,1,1,0,NA,9,08-08-2018,12:59:05
14285,62,810,822,12,second,1,1,0,NA,9,08-08-2018,12:59:05
14285,63,811,800,11,first,1,1,0,NA,9,08-08-2018,12:59:05
14285,64,820,830,10,second,1,1,0,NA,9,08-08-2018,12:59:05
14297,1,785,800,15,second,0,NA,NA,NA,24,08-08-2018,16:00:04
14297,2,841,820,21,first,0,0,0,NA,24,08-08-2018,16:00:04
14297,3,830,854,24,second,1,0,1,1,24,08-08-2018,16:00:04
14297,4,852,830,22,first,1,1,0,NA,24,08-08-2018,16:00:04
14297,5,830,810,20,first,0,1,1,2,24,08-08-2018,16:00:04
14297,6,810,786,24,first,1,0,1,3,24,08-08-2018,16:00:04
14297,7,820,842,22,second,1,1,0,NA,24,08-08-2018,16:00:04
14297,8,851,830,21,first,1,1,0,NA,24,08-08-2018,16:00:04
14297,9,810,830,20,second,0,1,1,4,24,08-08-2018,16:00:04
14297,10,830,853,23,second,1,0,1,5,24,08-08-2018,16:00:04
14297,11,832,810,22,first,1,1,0,NA,24,08-08-2018,16:00:04
14297,12,799,820,21,second,0,1,1,6,24,08-08-2018,16:00:04
14297,13,844,820,24,first,1,0,1,7,24,08-08-2018,16:00:04
14297,14,777,800,23,second,1,1,0,NA,24,08-08-2018,16:00:04
14297,15,808,830,22,second,0,1,1,8,24,08-08-2018,16:00:04
14297,16,820,844,24,second,1,0,1,9,24,08-08-2018,16:00:04
14297,17,800,777,23,first,0,1,1,10,24,08-08-2018,16:00:04
14297,18,796,820,24,second,0,0,0,NA,24,08-08-2018,16:00:04
14297,19,800,824,24,second,0,0,0,NA,24,08-08-2018,16:00:04
14297,20,824,800,24,first,0,0,0,NA,24,08-08-2018,16:00:04
14297,21,844,820,24,first,1,0,1,11,24,08-08-2018,16:00:04
14297,22,800,777,23,first,1,1,0,NA,24,08-08-2018,16:00:04
14297,23,800,822,22,second,1,1,0,NA,24,08-08-2018,16:00:04
14297,24,810,789,21,first,1,1,0,NA,24,08-08-2018,16:00:04
14297,25,820,800,20,first,0,1,1,12,24,08-08-2018,16:00:04
14297,26,830,853,23,second,1,0,1,13,24,08-08-2018,16:00:04
14297,27,832,810,22,first,1,1,0,NA,24,08-08-2018,16:00:04
14297,28,821,800,21,first,1,1,0,NA,24,08-08-2018,16:00:04
14297,29,820,800,20,first,0,1,1,14,24,08-08-2018,16:00:04
14297,30,797,820,23,second,0,0,0,NA,24,08-08-2018,16:00:04
14297,31,810,834,24,second,0,0,0,NA,24,08-08-2018,16:00:04
14297,32,854,830,24,first,1,0,1,15,24,08-08-2018,16:00:04
14297,33,807,830,23,second,1,1,0,NA,24,08-08-2018,16:00:04
14297,34,810,788,22,first,1,1,0,NA,24,08-08-2018,16:00:04
14297,35,810,789,21,first,1,1,0,NA,24,08-08-2018,16:00:04
14297,36,830,810,20,first,1,1,0,NA,24,08-08-2018,16:00:04
14297,37,830,811,19,first,0,1,1,16,24,08-08-2018,16:00:04
14297,38,800,822,22,second,0,0,0,NA,24,08-08-2018,16:00:04
14297,39,796,820,24,second,0,0,0,NA,24,08-08-2018,16:00:04
14297,40,776,800,24,second,0,0,0,NA,24,08-08-2018,16:00:04
14297,41,796,820,24,second,0,0,0,NA,24,08-08-2018,16:00:04
14297,42,820,796,24,first,0,0,0,NA,24,08-08-2018,16:00:04
14297,43,806,830,24,second,1,0,1,17,24,08-08-2018,16:00:04
14297,44,820,797,23,first,1,1,0,NA,24,08-08-2018,16:00:04
14297,45,800,822,22,second,0,1,1,18,24,08-08-2018,16:00:04
14297,46,776,800,24,second,0,0,0,NA,24,08-08-2018,16:00:04
14297,47,796,820,24,second,1,0,1,19,24,08-08-2018,16:00:04
14297,48,800,777,23,first,1,1,0,NA,24,08-08-2018,16:00:04
14297,49,800,778,22,first,0,1,1,20,24,08-08-2018,16:00:04
14297,50,830,806,24,first,1,0,1,21,24,08-08-2018,16:00:04
14297,51,810,833,23,second,0,1,1,22,24,08-08-2018,16:00:04
14297,52,830,854,24,second,1,0,1,23,24,08-08-2018,16:00:04
14297,53,823,800,23,first,0,1,1,24,24,08-08-2018,16:00:04
14297,54,844,820,24,first,1,0,1,25,24,08-08-2018,16:00:04
14297,55,833,810,23,first,0,1,1,26,24,08-08-2018,16:00:04
14297,56,820,844,24,second,1,0,1,27,24,08-08-2018,16:00:04
14297,57,797,820,23,second,0,1,1,28,24,08-08-2018,16:00:04
14297,58,806,830,24,second,0,0,0,NA,24,08-08-2018,16:00:04
14297,59,820,844,24,second,1,0,1,29,24,08-08-2018,16:00:04
14297,60,823,800,23,first,0,1,1,30,24,08-08-2018,16:00:04
14297,61,854,830,24,first,1,0,1,31,24,08-08-2018,16:00:04
14297,62,833,810,23,first,0,1,1,32,24,08-08-2018,16:00:04
14297,63,796,820,24,second,1,0,1,33,24,08-08-2018,16:00:04
14297,64,810,833,23,second,0,1,1,34,24,08-08-2018,16:00:04
14299,1,830,815,15,first,0,NA,NA,NA,24,11-27-2018,11:00:42
14299,2,799,820,21,second,1,0,1,1,24,11-27-2018,11:00:42
14299,3,781,800,19,second,0,1,1,2,24,11-27-2018,11:00:42
14299,4,800,824,24,second,1,0,1,3,24,11-27-2018,11:00:42
14299,5,798,820,22,second,1,1,0,NA,24,11-27-2018,11:00:42
14299,6,830,850,20,second,0,1,1,4,24,11-27-2018,11:00:42
14299,7,820,844,24,second,0,0,0,NA,24,11-27-2018,11:00:42
14299,8,800,776,24,first,0,0,0,NA,24,11-27-2018,11:00:42
14299,9,820,844,24,second,1,0,1,5,24,11-27-2018,11:00:42
14299,10,777,800,23,second,0,1,1,6,24,11-27-2018,11:00:42
14299,11,854,830,24,first,1,0,1,7,24,11-27-2018,11:00:42
14299,12,820,797,23,first,1,1,0,NA,24,11-27-2018,11:00:42
14299,13,810,832,22,second,1,1,0,NA,24,11-27-2018,11:00:42
14299,14,799,820,21,second,0,1,1,8,24,11-27-2018,11:00:42
14299,15,796,820,24,second,1,0,1,9,24,11-27-2018,11:00:42
14299,16,810,833,23,second,0,1,1,10,24,11-27-2018,11:00:42
14299,17,796,820,24,second,1,0,1,11,24,11-27-2018,11:00:42
14299,18,823,800,23,first,1,1,0,NA,24,11-27-2018,11:00:42
14299,19,832,810,22,first,0,1,1,12,24,11-27-2018,11:00:42
14299,20,820,844,24,second,0,0,0,NA,24,11-27-2018,11:00:42
14299,21,776,800,24,second,1,0,1,13,24,11-27-2018,11:00:42
14299,22,810,833,23,second,0,1,1,14,24,11-27-2018,11:00:42
14299,23,854,830,24,first,0,0,0,NA,24,11-27-2018,11:00:42
14299,24,820,796,24,first,1,0,1,15,24,11-27-2018,11:00:42
14299,25,833,810,23,first,0,1,1,16,24,11-27-2018,11:00:42
14299,26,830,806,24,first,1,0,1,17,24,11-27-2018,11:00:42
14299,27,833,810,23,first,0,1,1,18,24,11-27-2018,11:00:42
14299,28,776,800,24,second,0,0,0,NA,24,11-27-2018,11:00:42
14299,29,796,820,24,second,0,0,0,NA,24,11-27-2018,11:00:42
14299,30,800,776,24,first,1,0,1,19,24,11-27-2018,11:00:42
14299,31,843,820,23,first,1,1,0,NA,24,11-27-2018,11:00:42
14299,32,808,830,22,second,0,1,1,20,24,11-27-2018,11:00:42
14299,33,806,830,24,second,1,0,1,21,24,11-27-2018,11:00:42
14299,34,810,787,23,first,1,1,0,NA,24,11-27-2018,11:00:42
14299,35,810,788,22,first,0,1,1,22,24,11-27-2018,11:00:42
14299,36,810,786,24,first,1,0,1,23,24,11-27-2018,11:00:42
14299,37,823,800,23,first,1,1,0,NA,24,11-27-2018,11:00:42
14299,38,798,820,22,second,0,1,1,24,24,11-27-2018,11:00:42
14299,39,810,834,24,second,0,0,0,NA,24,11-27-2018,11:00:42
14299,40,796,820,24,second,1,0,1,25,24,11-27-2018,11:00:42
14299,41,843,820,23,first,1,1,0,NA,24,11-27-2018,11:00:42
14299,42,830,852,22,second,1,1,0,NA,24,11-27-2018,11:00:42
14299,43,830,851,21,second,1,1,0,NA,24,11-27-2018,11:00:42
14299,44,810,790,20,first,1,1,0,NA,24,11-27-2018,11:00:42
14299,45,830,811,19,first,1,1,0,NA,24,11-27-2018,11:00:42
14299,46,800,818,18,second,0,1,1,26,24,11-27-2018,11:00:42
14299,47,820,841,21,second,0,0,0,NA,24,11-27-2018,11:00:42
14299,48,834,810,24,first,1,0,1,27,24,11-27-2018,11:00:42
14299,49,820,797,23,first,1,1,0,NA,24,11-27-2018,11:00:42
14299,50,852,830,22,first,0,1,1,28,24,11-27-2018,11:00:42
14299,51,844,820,24,first,0,0,0,NA,24,11-27-2018,11:00:42
14299,52,824,800,24,first,0,0,0,NA,24,11-27-2018,11:00:42
14299,53,800,824,24,second,0,0,0,NA,24,11-27-2018,11:00:42
14299,54,800,776,24,first,0,0,0,NA,24,11-27-2018,11:00:42
14299,55,830,854,24,second,0,0,0,NA,24,11-27-2018,11:00:42
14299,56,854,830,24,first,0,0,0,NA,24,11-27-2018,11:00:42
14299,57,820,796,24,first,1,0,1,29,24,11-27-2018,11:00:42
14299,58,830,807,23,first,0,1,1,30,24,11-27-2018,11:00:42
14299,59,800,776,24,first,1,0,1,31,24,11-27-2018,11:00:42
14299,60,823,800,23,first,0,1,1,32,24,11-27-2018,11:00:42
14299,61,806,830,24,second,0,0,0,NA,24,11-27-2018,11:00:42
14299,62,806,830,24,second,1,0,1,33,24,11-27-2018,11:00:42
14299,63,800,823,23,second,0,1,1,34,24,11-27-2018,11:00:42
14299,64,844,820,24,first,0,0,0,NA,24,11-27-2018,11:00:42
14303,1,785,800,15,second,1,NA,NA,NA,13,11-27-2018,14:50:16
14303,2,820,833,13,second,1,1,0,NA,13,11-27-2018,14:50:16
14303,3,811,800,11,first,1,1,0,NA,13,11-27-2018,14:50:16
14303,4,811,820,9,second,1,1,0,NA,13,11-27-2018,14:50:16
14303,5,820,827,7,second,1,1,0,NA,13,11-27-2018,14:50:16
14303,6,825,830,5,second,1,1,0,NA,13,11-27-2018,14:50:16
14303,7,820,823,3,second,1,1,0,NA,13,11-27-2018,14:50:16
14303,8,798,800,2,second,0,1,1,1,13,11-27-2018,14:50:16
14303,9,830,835,5,second,1,0,1,2,13,11-27-2018,14:50:16
14303,10,834,830,4,first,1,1,0,NA,13,11-27-2018,14:50:16
14303,11,817,820,3,second,0,1,1,3,13,11-27-2018,14:50:16
14303,12,826,820,6,first,0,0,0,NA,13,11-27-2018,14:50:16
14303,13,820,811,9,first,1,0,1,4,13,11-27-2018,14:50:16
14303,14,830,838,8,second,1,1,0,NA,13,11-27-2018,14:50:16
14303,15,837,830,7,first,0,1,1,5,13,11-27-2018,14:50:16
14303,16,810,820,10,second,1,0,1,6,13,11-27-2018,14:50:16
14303,17,819,810,9,first,0,1,1,7,13,11-27-2018,14:50:16
14303,18,810,798,12,first,1,0,1,8,13,11-27-2018,14:50:16
14303,19,820,809,11,first,1,1,0,NA,13,11-27-2018,14:50:16
14303,20,810,820,10,second,1,1,0,NA,13,11-27-2018,14:50:16
14303,21,811,820,9,second,1,1,0,NA,13,11-27-2018,14:50:16
14303,22,830,838,8,second,0,1,1,9,13,11-27-2018,14:50:16
14303,23,821,810,11,first,1,0,1,10,13,11-27-2018,14:50:16
14303,24,800,790,10,first,1,1,0,NA,13,11-27-2018,14:50:16
14303,25,810,819,9,second,0,1,1,11,13,11-27-2018,14:50:16
14303,26,830,818,12,first,1,0,1,12,13,11-27-2018,14:50:16
14303,27,811,800,11,first,1,1,0,NA,13,11-27-2018,14:50:16
14303,28,810,800,10,first,1,1,0,NA,13,11-27-2018,14:50:16
14303,29,820,829,9,second,1,1,0,NA,13,11-27-2018,14:50:16
14303,30,800,792,8,first,1,1,0,NA,13,11-27-2018,14:50:16
14303,31,830,837,7,second,1,1,0,NA,13,11-27-2018,14:50:16
14303,32,826,820,6,first,0,1,1,13,13,11-27-2018,14:50:16
14303,33,811,820,9,second,1,0,1,14,13,11-27-2018,14:50:16
14303,34,828,820,8,first,1,1,0,NA,13,11-27-2018,14:50:16
14303,35,823,830,7,second,1,1,0,NA,13,11-27-2018,14:50:16
14303,36,800,794,6,first,1,1,0,NA,13,11-27-2018,14:50:16
14303,37,815,810,5,first,1,1,0,NA,13,11-27-2018,14:50:16
14303,38,820,816,4,first,0,1,1,15,13,11-27-2018,14:50:16
14303,39,813,820,7,second,1,0,1,16,13,11-27-2018,14:50:16
14303,40,800,806,6,second,0,1,1,17,13,11-27-2018,14:50:16
14303,41,830,821,9,first,0,0,0,NA,13,11-27-2018,14:50:16
14303,42,808,820,12,second,0,0,0,NA,13,11-27-2018,14:50:16
14303,43,820,805,15,first,1,0,1,18,13,11-27-2018,14:50:16
14303,44,800,814,14,second,1,1,0,NA,13,11-27-2018,14:50:16
14303,45,813,800,13,first,1,1,0,NA,13,11-27-2018,14:50:16
14303,46,818,830,12,second,1,1,0,NA,13,11-27-2018,14:50:16
14303,47,810,799,11,first,1,1,0,NA,13,11-27-2018,14:50:16
14303,48,790,800,10,second,1,1,0,NA,13,11-27-2018,14:50:16
14303,49,839,830,9,first,1,1,0,NA,13,11-27-2018,14:50:16
14303,50,800,792,8,first,1,1,0,NA,13,11-27-2018,14:50:16
14303,51,830,823,7,first,0,1,1,19,13,11-27-2018,14:50:16
14303,52,830,820,10,first,0,0,0,NA,13,11-27-2018,14:50:16
14303,53,823,810,13,first,1,0,1,20,13,11-27-2018,14:50:16
14303,54,810,822,12,second,0,1,1,21,13,11-27-2018,14:50:16
14303,55,785,800,15,second,1,0,1,22,13,11-27-2018,14:50:16
14303,56,810,796,14,first,1,1,0,NA,13,11-27-2018,14:50:16
14303,57,817,830,13,second,1,1,0,NA,13,11-27-2018,14:50:16
14303,58,810,822,12,second,0,1,1,23,13,11-27-2018,14:50:16
14303,59,800,815,15,second,0,0,0,NA,13,11-27-2018,14:50:16
14303,60,848,830,18,first,1,0,1,24,13,11-27-2018,14:50:16
14303,61,803,820,17,second,1,1,0,NA,13,11-27-2018,14:50:16
14303,62,800,816,16,second,1,1,0,NA,13,11-27-2018,14:50:16
14303,63,810,795,15,first,1,1,0,NA,13,11-27-2018,14:50:16
14303,64,834,820,14,first,1,1,0,NA,13,11-27-2018,14:50:16
14311,1,815,830,15,second,0,NA,NA,NA,18,10-17-2018,14:12:42
14311,2,809,830,21,second,1,0,1,1,18,10-17-2018,14:12:42
14311,3,800,781,19,first,1,1,0,NA,18,10-17-2018,14:12:42
14311,4,810,793,17,first,0,1,1,2,18,10-17-2018,14:12:42
14311,5,800,823,23,second,1,0,1,3,18,10-17-2018,14:12:42
14311,6,809,830,21,second,0,1,1,4,18,10-17-2018,14:12:42
14311,7,796,820,24,second,0,0,0,NA,18,10-17-2018,14:12:42
14311,8,820,796,24,first,1,0,1,5,18,10-17-2018,14:12:42
14311,9,807,830,23,second,1,1,0,NA,18,10-17-2018,14:12:42
14311,10,800,822,22,second,0,1,1,6,18,10-17-2018,14:12:42
14311,11,810,834,24,second,1,0,1,7,18,10-17-2018,14:12:42
14311,12,797,820,23,second,1,1,0,NA,18,10-17-2018,14:12:42
14311,13,852,830,22,first,0,1,1,8,18,10-17-2018,14:12:42
14311,14,800,824,24,second,0,0,0,NA,18,10-17-2018,14:12:42
14311,15,820,844,24,second,0,0,0,NA,18,10-17-2018,14:12:42
14311,16,796,820,24,second,0,0,0,NA,18,10-17-2018,14:12:42
14311,17,830,854,24,second,1,0,1,9,18,10-17-2018,14:12:42
14311,18,830,807,23,first,0,1,1,10,18,10-17-2018,14:12:42
14311,19,820,796,24,first,1,0,1,11,18,10-17-2018,14:12:42
14311,20,797,820,23,second,1,1,0,NA,18,10-17-2018,14:12:42
14311,21,822,800,22,first,0,1,1,12,18,10-17-2018,14:12:42
14311,22,820,844,24,second,1,0,1,13,18,10-17-2018,14:12:42
14311,23,820,843,23,second,0,1,1,14,18,10-17-2018,14:12:42
14311,24,820,796,24,first,0,0,0,NA,18,10-17-2018,14:12:42
14311,25,810,834,24,second,1,0,1,15,18,10-17-2018,14:12:42
14311,26,820,797,23,first,1,1,0,NA,18,10-17-2018,14:12:42
14311,27,842,820,22,first,0,1,1,16,18,10-17-2018,14:12:42
14311,28,796,820,24,second,0,0,0,NA,18,10-17-2018,14:12:42
14311,29,834,810,24,first,0,0,0,NA,18,10-17-2018,14:12:42
14311,30,800,776,24,first,1,0,1,17,18,10-17-2018,14:12:42
14311,31,853,830,23,first,0,1,1,18,18,10-17-2018,14:12:42
14311,32,810,834,24,second,1,0,1,19,18,10-17-2018,14:12:42
14311,33,800,777,23,first,1,1,0,NA,18,10-17-2018,14:12:42
14311,34,822,800,22,first,0,1,1,20,18,10-17-2018,14:12:42
14311,35,796,820,24,second,1,0,1,21,18,10-17-2018,14:12:42
14311,36,810,787,23,first,1,1,0,NA,18,10-17-2018,14:12:42
14311,37,800,778,22,first,1,1,0,NA,18,10-17-2018,14:12:42
14311,38,779,800,21,second,1,1,0,NA,18,10-17-2018,14:12:42
14311,39,800,820,20,second,1,1,0,NA,18,10-17-2018,14:12:42
14311,40,829,810,19,first,1,1,0,NA,18,10-17-2018,14:12:42
14311,41,820,838,18,second,1,1,0,NA,18,10-17-2018,14:12:42
14311,42,783,800,17,second,1,1,0,NA,18,10-17-2018,14:12:42
14311,43,830,846,16,second,1,1,0,NA,18,10-17-2018,14:12:42
14311,44,815,800,15,first,1,1,0,NA,18,10-17-2018,14:12:42
14311,45,830,844,14,second,1,1,0,NA,18,10-17-2018,14:12:42
14311,46,807,820,13,second,0,1,1,22,18,10-17-2018,14:12:42
14311,47,836,820,16,first,0,0,0,NA,18,10-17-2018,14:12:42
14311,48,810,791,19,first,1,0,1,23,18,10-17-2018,14:12:42
14311,49,782,800,18,second,0,1,1,24,18,10-17-2018,14:12:42
14311,50,830,809,21,first,1,0,1,25,18,10-17-2018,14:12:42
14311,51,840,820,20,first,0,1,1,26,18,10-17-2018,14:12:42
14311,52,823,800,23,first,1,0,1,27,18,10-17-2018,14:12:42
14311,53,852,830,22,first,1,1,0,NA,18,10-17-2018,14:12:42
14311,54,841,820,21,first,0,1,1,28,18,10-17-2018,14:12:42
14311,55,830,806,24,first,1,0,1,29,18,10-17-2018,14:12:42
14311,56,797,820,23,second,1,1,0,NA,18,10-17-2018,14:12:42
14311,57,832,810,22,first,1,1,0,NA,18,10-17-2018,14:12:42
14311,58,830,809,21,first,1,1,0,NA,18,10-17-2018,14:12:42
14311,59,810,790,20,first,1,1,0,NA,18,10-17-2018,14:12:42
14311,60,829,810,19,first,1,1,0,NA,18,10-17-2018,14:12:42
14311,61,782,800,18,second,0,1,1,30,18,10-17-2018,14:12:42
14311,62,851,830,21,first,1,0,1,31,18,10-17-2018,14:12:42
14311,63,830,850,20,second,1,1,0,NA,18,10-17-2018,14:12:42
14311,64,810,829,19,second,1,1,0,NA,18,10-17-2018,14:12:42
14335,1,805,820,15,second,0,NA,NA,NA,21,08-06-2018,11:48:00
14335,2,820,799,21,first,1,0,1,1,21,08-06-2018,11:48:00
14335,3,810,829,19,second,1,1,0,NA,21,08-06-2018,11:48:00
14335,4,810,793,17,first,1,1,0,NA,21,08-06-2018,11:48:00
14335,5,815,800,15,first,1,1,0,NA,21,08-06-2018,11:48:00
14335,6,800,813,13,second,1,1,0,NA,21,08-06-2018,11:48:00
14335,7,800,789,11,first,1,1,0,NA,21,08-06-2018,11:48:00
14335,8,830,820,10,first,0,1,1,2,21,08-06-2018,11:48:00
14335,9,820,833,13,second,0,0,0,NA,21,08-06-2018,11:48:00
14335,10,810,794,16,first,1,0,1,3,21,08-06-2018,11:48:00
14335,11,805,820,15,second,1,1,0,NA,21,08-06-2018,11:48:00
14335,12,824,810,14,first,1,1,0,NA,21,08-06-2018,11:48:00
14335,13,800,813,13,second,0,1,1,4,21,08-06-2018,11:48:00
14335,14,830,814,16,first,0,0,0,NA,21,08-06-2018,11:48:00
14335,15,801,820,19,second,1,0,1,5,21,08-06-2018,11:48:00
14335,16,830,848,18,second,1,1,0,NA,21,08-06-2018,11:48:00
14335,17,813,830,17,second,1,1,0,NA,21,08-06-2018,11:48:00
14335,18,810,826,16,second,1,1,0,NA,21,08-06-2018,11:48:00
14335,19,810,795,15,first,1,1,0,NA,21,08-06-2018,11:48:00
14335,20,820,834,14,second,1,1,0,NA,21,08-06-2018,11:48:00
14335,21,823,810,13,first,1,1,0,NA,21,08-06-2018,11:48:00
14335,22,800,812,12,second,1,1,0,NA,21,08-06-2018,11:48:00
14335,23,800,789,11,first,0,1,1,6,21,08-06-2018,11:48:00
14335,24,820,834,14,second,0,0,0,NA,21,08-06-2018,11:48:00
14335,25,837,820,17,first,1,0,1,7,21,08-06-2018,11:48:00
14335,26,846,830,16,first,1,1,0,NA,21,08-06-2018,11:48:00
14335,27,830,815,15,first,1,1,0,NA,21,08-06-2018,11:48:00
14335,28,814,800,14,first,0,1,1,8,21,08-06-2018,11:48:00
14335,29,783,800,17,second,1,0,1,9,21,08-06-2018,11:48:00
14335,30,784,800,16,second,0,1,1,10,21,08-06-2018,11:48:00
14335,31,800,819,19,second,1,0,1,11,21,08-06-2018,11:48:00
14335,32,802,820,18,second,0,1,1,12,21,08-06-2018,11:48:00
14335,33,830,851,21,second,1,0,1,13,21,08-06-2018,11:48:00
14335,34,850,830,20,first,1,1,0,NA,21,08-06-2018,11:48:00
14335,35,800,781,19,first,1,1,0,NA,21,08-06-2018,11:48:00
14335,36,838,820,18,first,0,1,1,14,21,08-06-2018,11:48:00
14335,37,820,799,21,first,1,0,1,15,21,08-06-2018,11:48:00
14335,38,810,830,20,second,0,1,1,16,21,08-06-2018,11:48:00
14335,39,810,833,23,second,1,0,1,17,21,08-06-2018,11:48:00
14335,40,852,830,22,first,0,1,1,18,21,08-06-2018,11:48:00
14335,41,810,786,24,first,1,0,1,19,21,08-06-2018,11:48:00
14335,42,823,800,23,first,1,1,0,NA,21,08-06-2018,11:48:00
14335,43,798,820,22,second,1,1,0,NA,21,08-06-2018,11:48:00
14335,44,779,800,21,second,0,1,1,20,21,08-06-2018,11:48:00
14335,45,820,844,24,second,1,0,1,21,21,08-06-2018,11:48:00
14335,46,833,810,23,first,1,1,0,NA,21,08-06-2018,11:48:00
14335,47,820,798,22,first,0,1,1,22,21,08-06-2018,11:48:00
14335,48,854,830,24,first,0,0,0,NA,21,08-06-2018,11:48:00
14335,49,796,820,24,second,1,0,1,23,21,08-06-2018,11:48:00
14335,50,807,830,23,second,0,1,1,24,21,08-06-2018,11:48:00
14335,51,844,820,24,first,1,0,1,25,21,08-06-2018,11:48:00
14335,52,830,807,23,first,0,1,1,26,21,08-06-2018,11:48:00
14335,53,796,820,24,second,0,0,0,NA,21,08-06-2018,11:48:00
14335,54,810,834,24,second,1,0,1,27,21,08-06-2018,11:48:00
14335,55,830,853,23,second,0,1,1,28,21,08-06-2018,11:48:00
14335,56,830,854,24,second,1,0,1,29,21,08-06-2018,11:48:00
14335,57,777,800,23,second,0,1,1,30,21,08-06-2018,11:48:00
14335,58,796,820,24,second,1,0,1,31,21,08-06-2018,11:48:00
14335,59,800,777,23,first,1,1,0,NA,21,08-06-2018,11:48:00
14335,60,832,810,22,first,1,1,0,NA,21,08-06-2018,11:48:00
14335,61,820,799,21,first,0,1,1,32,21,08-06-2018,11:48:00
14335,62,830,806,24,first,1,0,1,33,21,08-06-2018,11:48:00
14335,63,807,830,23,second,1,1,0,NA,21,08-06-2018,11:48:00
14335,64,822,800,22,first,1,1,0,NA,21,08-06-2018,11:48:00
14347,1,845,830,15,first,1,NA,NA,NA,24,11-05-2018,14:20:50
14347,2,800,787,13,first,1,1,0,NA,24,11-05-2018,14:20:50
14347,3,800,789,11,first,1,1,0,NA,24,11-05-2018,14:20:50
14347,4,811,820,9,second,0,1,1,1,24,11-05-2018,14:20:50
14347,5,825,810,15,first,1,0,1,2,24,11-05-2018,14:20:50
14347,6,820,807,13,first,1,1,0,NA,24,11-05-2018,14:20:50
14347,7,789,800,11,second,0,1,1,3,24,11-05-2018,14:20:50
14347,8,830,816,14,first,1,0,1,4,24,11-05-2018,14:20:50
14347,9,787,800,13,second,0,1,1,5,24,11-05-2018,14:20:50
14347,10,814,830,16,second,0,0,0,NA,24,11-05-2018,14:20:50
14347,11,781,800,19,second,0,0,0,NA,24,11-05-2018,14:20:50
14347,12,820,798,22,first,1,0,1,6,24,11-05-2018,14:20:50
14347,13,851,830,21,first,1,1,0,NA,24,11-05-2018,14:20:50
14347,14,800,820,20,second,1,1,0,NA,24,11-05-2018,14:20:50
14347,15,810,829,19,second,1,1,0,NA,24,11-05-2018,14:20:50
14347,16,800,782,18,first,1,1,0,NA,24,11-05-2018,14:20:50
14347,17,820,837,17,second,0,1,1,7,24,11-05-2018,14:20:50
14347,18,800,820,20,second,1,0,1,8,24,11-05-2018,14:20:50
14347,19,830,849,19,second,0,1,1,9,24,11-05-2018,14:20:50
14347,20,822,800,22,first,0,0,0,NA,24,11-05-2018,14:20:50
14347,21,796,820,24,second,0,0,0,NA,24,11-05-2018,14:20:50
14347,22,796,820,24,second,1,0,1,10,24,11-05-2018,14:20:50
14347,23,810,787,23,first,1,1,0,NA,24,11-05-2018,14:20:50
14347,24,832,810,22,first,1,1,0,NA,24,11-05-2018,14:20:50
14347,25,820,799,21,first,1,1,0,NA,24,11-05-2018,14:20:50
14347,26,820,800,20,first,1,1,0,NA,24,11-05-2018,14:20:50
14347,27,839,820,19,first,1,1,0,NA,24,11-05-2018,14:20:50
14347,28,830,812,18,first,0,1,1,11,24,11-05-2018,14:20:50
14347,29,809,830,21,second,0,0,0,NA,24,11-05-2018,14:20:50
14347,30,806,830,24,second,0,0,0,NA,24,11-05-2018,14:20:50
14347,31,844,820,24,first,1,0,1,12,24,11-05-2018,14:20:50
14347,32,810,787,23,first,1,1,0,NA,24,11-05-2018,14:20:50
14347,33,852,830,22,first,1,1,0,NA,24,11-05-2018,14:20:50
14347,34,830,851,21,second,1,1,0,NA,24,11-05-2018,14:20:50
14347,35,830,810,20,first,1,1,0,NA,24,11-05-2018,14:20:50
14347,36,820,801,19,first,0,1,1,13,24,11-05-2018,14:20:50
14347,37,830,808,22,first,1,0,1,14,24,11-05-2018,14:20:50
14347,38,810,789,21,first,1,1,0,NA,24,11-05-2018,14:20:50
14347,39,800,820,20,second,0,1,1,15,24,11-05-2018,14:20:50
14347,40,833,810,23,first,1,0,1,16,24,11-05-2018,14:20:50
14347,41,822,800,22,first,1,1,0,NA,24,11-05-2018,14:20:50
14347,42,830,851,21,second,1,1,0,NA,24,11-05-2018,14:20:50
14347,43,780,800,20,second,0,1,1,17,24,11-05-2018,14:20:50
14347,44,820,843,23,second,0,0,0,NA,24,11-05-2018,14:20:50
14347,45,800,824,24,second,1,0,1,18,24,11-05-2018,14:20:50
14347,46,800,823,23,second,0,1,1,19,24,11-05-2018,14:20:50
14347,47,844,820,24,first,1,0,1,20,24,11-05-2018,14:20:50
14347,48,800,777,23,first,1,1,0,NA,24,11-05-2018,14:20:50
14347,49,820,842,22,second,1,1,0,NA,24,11-05-2018,14:20:50
14347,50,799,820,21,second,1,1,0,NA,24,11-05-2018,14:20:50
14347,51,820,800,20,first,1,1,0,NA,24,11-05-2018,14:20:50
14347,52,800,819,19,second,1,1,0,NA,24,11-05-2018,14:20:50
14347,53,820,838,18,second,1,1,0,NA,24,11-05-2018,14:20:50
14347,54,803,820,17,second,1,1,0,NA,24,11-05-2018,14:20:50
14347,55,836,820,16,first,0,1,1,21,24,11-05-2018,14:20:50
14347,56,810,791,19,first,1,0,1,22,24,11-05-2018,14:20:50
14347,57,810,828,18,second,1,1,0,NA,24,11-05-2018,14:20:50
14347,58,847,830,17,first,1,1,0,NA,24,11-05-2018,14:20:50
14347,59,830,846,16,second,0,1,1,23,24,11-05-2018,14:20:50
14347,60,810,829,19,second,0,0,0,NA,24,11-05-2018,14:20:50
14347,61,808,830,22,second,0,0,0,NA,24,11-05-2018,14:20:50
14347,62,810,834,24,second,0,0,0,NA,24,11-05-2018,14:20:50
14347,63,830,806,24,first,1,0,1,24,24,11-05-2018,14:20:50
14347,64,797,820,23,second,0,1,1,25,24,11-05-2018,14:20:50
14355,1,830,815,15,first,0,NA,NA,NA,24,08-08-2018,11:27:49
14355,2,799,820,21,second,0,0,0,NA,24,08-08-2018,11:27:49
14355,3,800,776,24,first,0,0,0,NA,24,08-08-2018,11:27:49
14355,4,834,810,24,first,0,0,0,NA,24,08-08-2018,11:27:49
14355,5,830,806,24,first,0,0,0,NA,24,08-08-2018,11:27:49
14355,6,810,834,24,second,1,0,1,1,24,08-08-2018,11:27:49
14355,7,808,830,22,second,0,1,1,2,24,08-08-2018,11:27:49
14355,8,810,834,24,second,0,0,0,NA,24,08-08-2018,11:27:49
14355,9,800,824,24,second,0,0,0,NA,24,08-08-2018,11:27:49
14355,10,806,830,24,second,0,0,0,NA,24,08-08-2018,11:27:49
14355,11,800,824,24,second,1,0,1,3,24,08-08-2018,11:27:49
14355,12,820,797,23,first,1,1,0,NA,24,08-08-2018,11:27:49
14355,13,800,778,22,first,0,1,1,4,24,08-08-2018,11:27:49
14355,14,810,786,24,first,1,0,1,5,24,08-08-2018,11:27:49
14355,15,843,820,23,first,1,1,0,NA,24,08-08-2018,11:27:49
14355,16,852,830,22,first,0,1,1,6,24,08-08-2018,11:27:49
14355,17,796,820,24,second,0,0,0,NA,24,08-08-2018,11:27:49
14355,18,830,854,24,second,0,0,0,NA,24,08-08-2018,11:27:49
14355,19,830,854,24,second,1,0,1,7,24,08-08-2018,11:27:49
14355,20,833,810,23,first,1,1,0,NA,24,08-08-2018,11:27:49
14355,21,852,830,22,first,0,1,1,8,24,08-08-2018,11:27:49
14355,22,854,830,24,first,1,0,1,9,24,08-08-2018,11:27:49
14355,23,777,800,23,second,1,1,0,NA,24,08-08-2018,11:27:49
14355,24,798,820,22,second,0,1,1,10,24,08-08-2018,11:27:49
14355,25,796,820,24,second,1,0,1,11,24,08-08-2018,11:27:49
14355,26,820,797,23,first,1,1,0,NA,24,08-08-2018,11:27:49
14355,27,830,852,22,second,0,1,1,12,24,08-08-2018,11:27:49
14355,28,810,834,24,second,0,0,0,NA,24,08-08-2018,11:27:49
14355,29,800,824,24,second,0,0,0,NA,24,08-08-2018,11:27:49
14355,30,820,796,24,first,0,0,0,NA,24,08-08-2018,11:27:49
14355,31,824,800,24,first,0,0,0,NA,24,08-08-2018,11:27:49
14355,32,824,800,24,first,0,0,0,NA,24,08-08-2018,11:27:49
14355,33,830,854,24,second,0,0,0,NA,24,08-08-2018,11:27:49
14355,34,810,834,24,second,0,0,0,NA,24,08-08-2018,11:27:49
14355,35,810,786,24,first,0,0,0,NA,24,08-08-2018,11:27:49
14355,36,800,824,24,second,0,0,0,NA,24,08-08-2018,11:27:49
14355,37,824,800,24,first,0,0,0,NA,24,08-08-2018,11:27:49
14355,38,776,800,24,second,0,0,0,NA,24,08-08-2018,11:27:49
14355,39,800,776,24,first,1,0,1,13,24,08-08-2018,11:27:49
14355,40,807,830,23,second,0,1,1,14,24,08-08-2018,11:27:49
14355,41,834,810,24,first,1,0,1,15,24,08-08-2018,11:27:49
14355,42,797,820,23,second,1,1,0,NA,24,08-08-2018,11:27:49
14355,43,820,842,22,second,0,1,1,16,24,08-08-2018,11:27:49
14355,44,830,806,24,first,1,0,1,17,24,08-08-2018,11:27:49
14355,45,797,820,23,second,1,1,0,NA,24,08-08-2018,11:27:49
14355,46,842,820,22,first,0,1,1,18,24,08-08-2018,11:27:49
14355,47,810,786,24,first,0,0,0,NA,24,08-08-2018,11:27:49
14355,48,854,830,24,first,1,0,1,19,24,08-08-2018,11:27:49
14355,49,823,800,23,first,1,1,0,NA,24,08-08-2018,11:27:49
14355,50,798,820,22,second,1,1,0,NA,24,08-08-2018,11:27:49
14355,51,810,789,21,first,0,1,1,20,24,08-08-2018,11:27:49
14355,52,806,830,24,second,1,0,1,21,24,08-08-2018,11:27:49
14355,53,797,820,23,second,0,1,1,22,24,08-08-2018,11:27:49
14355,54,820,844,24,second,1,0,1,23,24,08-08-2018,11:27:49
14355,55,777,800,23,second,0,1,1,24,24,08-08-2018,11:27:49
14355,56,830,806,24,first,0,0,0,NA,24,08-08-2018,11:27:49
14355,57,776,800,24,second,0,0,0,NA,24,08-08-2018,11:27:49
14355,58,834,810,24,first,0,0,0,NA,24,08-08-2018,11:27:49
14355,59,820,796,24,first,1,0,1,25,24,08-08-2018,11:27:49
14355,60,843,820,23,first,0,1,1,26,24,08-08-2018,11:27:49
14355,61,844,820,24,first,1,0,1,27,24,08-08-2018,11:27:49
14355,62,820,843,23,second,1,1,0,NA,24,08-08-2018,11:27:49
14355,63,820,842,22,second,0,1,1,28,24,08-08-2018,11:27:49
14355,64,800,776,24,first,0,0,0,NA,24,08-08-2018,11:27:49
14385,1,820,805,15,first,1,NA,NA,NA,24,08-06-2018,15:50:26
14385,2,817,830,13,second,0,1,1,1,24,08-06-2018,15:50:26
14385,3,820,839,19,second,1,0,1,2,24,08-06-2018,15:50:26
14385,4,830,847,17,second,0,1,1,3,24,08-06-2018,15:50:26
14385,5,807,830,23,second,1,0,1,4,24,08-06-2018,15:50:26
14385,6,799,820,21,second,1,1,0,NA,24,08-06-2018,15:50:26
14385,7,830,811,19,first,0,1,1,5,24,08-06-2018,15:50:26
14385,8,832,810,22,first,1,0,1,6,24,08-06-2018,15:50:26
14385,9,800,779,21,first,1,1,0,NA,24,08-06-2018,15:50:26
14385,10,820,840,20,second,0,1,1,7,24,08-06-2018,15:50:26
14385,11,810,787,23,first,1,0,1,8,24,08-06-2018,15:50:26
14385,12,800,822,22,second,0,1,1,9,24,08-06-2018,15:50:26
14385,13,800,776,24,first,1,0,1,10,24,08-06-2018,15:50:26
14385,14,797,820,23,second,0,1,1,11,24,08-06-2018,15:50:26
14385,15,820,796,24,first,1,0,1,12,24,08-06-2018,15:50:26
14385,16,800,823,23,second,0,1,1,13,24,08-06-2018,15:50:26
14385,17,834,810,24,first,1,0,1,14,24,08-06-2018,15:50:26
14385,18,800,823,23,second,0,1,1,15,24,08-06-2018,15:50:26
14385,19,800,776,24,first,1,0,1,16,24,08-06-2018,15:50:26
14385,20,823,800,23,first,1,1,0,NA,24,08-06-2018,15:50:26
14385,21,820,842,22,second,1,1,0,NA,24,08-06-2018,15:50:26
14385,22,830,851,21,second,0,1,1,17,24,08-06-2018,15:50:26
14385,23,776,800,24,second,1,0,1,18,24,08-06-2018,15:50:26
14385,24,830,807,23,first,1,1,0,NA,24,08-06-2018,15:50:26
14385,25,830,852,22,second,1,1,0,NA,24,08-06-2018,15:50:26
14385,26,820,841,21,second,1,1,0,NA,24,08-06-2018,15:50:26
14385,27,810,790,20,first,0,1,1,19,24,08-06-2018,15:50:26
14385,28,820,797,23,first,1,0,1,20,24,08-06-2018,15:50:26
14385,29,808,830,22,second,0,1,1,21,24,08-06-2018,15:50:26
14385,30,854,830,24,first,0,0,0,NA,24,08-06-2018,15:50:26
14385,31,796,820,24,second,0,0,0,NA,24,08-06-2018,15:50:26
14385,32,844,820,24,first,1,0,1,22,24,08-06-2018,15:50:26
14385,33,810,833,23,second,0,1,1,23,24,08-06-2018,15:50:26
14385,34,796,820,24,second,1,0,1,24,24,08-06-2018,15:50:26
14385,35,810,833,23,second,1,1,0,NA,24,08-06-2018,15:50:26
14385,36,832,810,22,first,0,1,1,25,24,08-06-2018,15:50:26
14385,37,796,820,24,second,1,0,1,26,24,08-06-2018,15:50:26
14385,38,843,820,23,first,0,1,1,27,24,08-06-2018,15:50:26
14385,39,854,830,24,first,1,0,1,28,24,08-06-2018,15:50:26
14385,40,810,787,23,first,1,1,0,NA,24,08-06-2018,15:50:26
14385,41,810,832,22,second,1,1,0,NA,24,08-06-2018,15:50:26
14385,42,831,810,21,first,1,1,0,NA,24,08-06-2018,15:50:26
14385,43,800,820,20,second,1,1,0,NA,24,08-06-2018,15:50:26
14385,44,849,830,19,first,1,1,0,NA,24,08-06-2018,15:50:26
14385,45,818,800,18,first,1,1,0,NA,24,08-06-2018,15:50:26
14385,46,837,820,17,first,1,1,0,NA,24,08-06-2018,15:50:26
14385,47,784,800,16,second,1,1,0,NA,24,08-06-2018,15:50:26
14385,48,845,830,15,first,0,1,1,29,24,08-06-2018,15:50:26
14385,49,800,782,18,first,1,0,1,30,24,08-06-2018,15:50:26
14385,50,783,800,17,second,1,1,0,NA,24,08-06-2018,15:50:26
14385,51,810,826,16,second,1,1,0,NA,24,08-06-2018,15:50:26
14385,52,815,830,15,second,1,1,0,NA,24,08-06-2018,15:50:26
14385,53,806,820,14,second,1,1,0,NA,24,08-06-2018,15:50:26
14385,54,787,800,13,second,1,1,0,NA,24,08-06-2018,15:50:26
14385,55,830,818,12,first,0,1,1,31,24,08-06-2018,15:50:26
14385,56,810,795,15,first,0,0,0,NA,24,08-06-2018,15:50:26
14385,57,802,820,18,second,1,0,1,32,24,08-06-2018,15:50:26
14385,58,817,800,17,first,0,1,1,33,24,08-06-2018,15:50:26
14385,59,830,810,20,first,0,0,0,NA,24,08-06-2018,15:50:26
14385,60,800,823,23,second,1,0,1,34,24,08-06-2018,15:50:26
14385,61,830,852,22,second,1,1,0,NA,24,08-06-2018,15:50:26
14385,62,821,800,21,first,0,1,1,35,24,08-06-2018,15:50:26
14385,63,844,820,24,first,0,0,0,NA,24,08-06-2018,15:50:26
14385,64,820,796,24,first,0,0,0,NA,24,08-06-2018,15:50:26
14387,1,800,785,15,first,1,NA,NA,NA,23,09-17-2018,15:22:32
14387,2,830,843,13,second,0,1,1,1,23,09-17-2018,15:22:32
14387,3,800,819,19,second,0,0,0,NA,23,09-17-2018,15:22:32
14387,4,776,800,24,second,0,0,0,NA,23,09-17-2018,15:22:32
14387,5,854,830,24,first,1,0,1,2,23,09-17-2018,15:22:32
14387,6,798,820,22,second,0,1,1,3,23,09-17-2018,15:22:32
14387,7,800,776,24,first,1,0,1,4,23,09-17-2018,15:22:32
14387,8,800,823,23,second,0,1,1,5,23,09-17-2018,15:22:32
14387,9,854,830,24,first,0,0,0,NA,23,09-17-2018,15:22:32
14387,10,796,820,24,second,0,0,0,NA,23,09-17-2018,15:22:32
14387,11,820,844,24,second,0,0,0,NA,23,09-17-2018,15:22:32
14387,12,800,776,24,first,0,0,0,NA,23,09-17-2018,15:22:32
14387,13,776,800,24,second,0,0,0,NA,23,09-17-2018,15:22:32
14387,14,820,844,24,second,0,0,0,NA,23,09-17-2018,15:22:32
14387,15,806,830,24,second,0,0,0,NA,23,09-17-2018,15:22:32
14387,16,824,800,24,first,0,0,0,NA,23,09-17-2018,15:22:32
14387,17,844,820,24,first,1,0,1,6,23,09-17-2018,15:22:32
14387,18,797,820,23,second,1,1,0,NA,23,09-17-2018,15:22:32
14387,19,842,820,22,first,1,1,0,NA,23,09-17-2018,15:22:32
14387,20,851,830,21,first,0,1,1,7,23,09-17-2018,15:22:32
14387,21,824,800,24,first,0,0,0,NA,23,09-17-2018,15:22:32
14387,22,806,830,24,second,0,0,0,NA,23,09-17-2018,15:22:32
14387,23,820,844,24,second,0,0,0,NA,23,09-17-2018,15:22:32
14387,24,830,806,24,first,0,0,0,NA,23,09-17-2018,15:22:32
14387,25,796,820,24,second,1,0,1,8,23,09-17-2018,15:22:32
14387,26,830,853,23,second,0,1,1,9,23,09-17-2018,15:22:32
14387,27,820,796,24,first,0,0,0,NA,23,09-17-2018,15:22:32
14387,28,810,834,24,second,1,0,1,10,23,09-17-2018,15:22:32
14387,29,800,823,23,second,0,1,1,11,23,09-17-2018,15:22:32
14387,30,830,806,24,first,1,0,1,12,23,09-17-2018,15:22:32
14387,31,797,820,23,second,0,1,1,13,23,09-17-2018,15:22:32
14387,32,810,834,24,second,1,0,1,14,23,09-17-2018,15:22:32
14387,33,810,833,23,second,0,1,1,15,23,09-17-2018,15:22:32
14387,34,806,830,24,second,0,0,0,NA,23,09-17-2018,15:22:32
14387,35,796,820,24,second,1,0,1,16,23,09-17-2018,15:22:32
14387,36,820,797,23,first,1,1,0,NA,23,09-17-2018,15:22:32
14387,37,798,820,22,second,0,1,1,17,23,09-17-2018,15:22:32
14387,38,834,810,24,first,1,0,1,18,23,09-17-2018,15:22:32
14387,39,810,787,23,first,0,1,1,19,23,09-17-2018,15:22:32
14387,40,776,800,24,second,0,0,0,NA,23,09-17-2018,15:22:32
14387,41,830,854,24,second,0,0,0,NA,23,09-17-2018,15:22:32
14387,42,844,820,24,first,1,0,1,20,23,09-17-2018,15:22:32
14387,43,843,820,23,first,1,1,0,NA,23,09-17-2018,15:22:32
14387,44,820,798,22,first,0,1,1,21,23,09-17-2018,15:22:32
14387,45,810,786,24,first,1,0,1,22,23,09-17-2018,15:22:32
14387,46,777,800,23,second,1,1,0,NA,23,09-17-2018,15:22:32
14387,47,808,830,22,second,0,1,1,23,23,09-17-2018,15:22:32
14387,48,834,810,24,first,1,0,1,24,23,09-17-2018,15:22:32
14387,49,830,853,23,second,1,1,0,NA,23,09-17-2018,15:22:32
14387,50,810,788,22,first,1,1,0,NA,23,09-17-2018,15:22:32
14387,51,800,821,21,second,1,1,0,NA,23,09-17-2018,15:22:32
14387,52,830,810,20,first,0,1,1,25,23,09-17-2018,15:22:32
14387,53,853,830,23,first,1,0,1,26,23,09-17-2018,15:22:32
14387,54,822,800,22,first,1,1,0,NA,23,09-17-2018,15:22:32
14387,55,831,810,21,first,0,1,1,27,23,09-17-2018,15:22:32
14387,56,820,844,24,second,1,0,1,28,23,09-17-2018,15:22:32
14387,57,800,777,23,first,1,1,0,NA,23,09-17-2018,15:22:32
14387,58,830,808,22,first,1,1,0,NA,23,09-17-2018,15:22:32
14387,59,810,789,21,first,0,1,1,29,23,09-17-2018,15:22:32
14387,60,810,834,24,second,0,0,0,NA,23,09-17-2018,15:22:32
14387,61,796,820,24,second,1,0,1,30,23,09-17-2018,15:22:32
14387,62,833,810,23,first,1,1,0,NA,23,09-17-2018,15:22:32
14387,63,820,798,22,first,0,1,1,31,23,09-17-2018,15:22:32
14387,64,824,800,24,first,1,0,1,32,23,09-17-2018,15:22:32
14389,1,810,795,15,first,1,NA,NA,NA,6,08-14-2018,12:56:00
14389,2,820,833,13,second,1,1,0,NA,6,08-14-2018,12:56:00
14389,3,810,821,11,second,0,1,1,1,6,08-14-2018,12:56:00
14389,4,800,783,17,first,1,0,1,2,6,08-14-2018,12:56:00
14389,5,800,785,15,first,1,1,0,NA,6,08-14-2018,12:56:00
14389,6,823,810,13,first,1,1,0,NA,6,08-14-2018,12:56:00
14389,7,820,831,11,second,1,1,0,NA,6,08-14-2018,12:56:00
14389,8,800,810,10,second,1,1,0,NA,6,08-14-2018,12:56:00
14389,9,821,830,9,second,1,1,0,NA,6,08-14-2018,12:56:00
14389,10,812,820,8,second,1,1,0,NA,6,08-14-2018,12:56:00
14389,11,823,830,7,second,0,1,1,3,6,08-14-2018,12:56:00
14389,12,810,820,10,second,1,0,1,4,6,08-14-2018,12:56:00
14389,13,839,830,9,first,1,1,0,NA,6,08-14-2018,12:56:00
14389,14,808,800,8,first,1,1,0,NA,6,08-14-2018,12:56:00
14389,15,817,810,7,first,1,1,0,NA,6,08-14-2018,12:56:00
14389,16,826,820,6,first,1,1,0,NA,6,08-14-2018,12:56:00
14389,17,820,825,5,second,1,1,0,NA,6,08-14-2018,12:56:00
14389,18,830,834,4,second,1,1,0,NA,6,08-14-2018,12:56:00
14389,19,797,800,3,second,0,1,1,5,6,08-14-2018,12:56:00
14389,20,826,820,6,first,1,0,1,6,6,08-14-2018,12:56:00
14389,21,810,805,5,first,1,1,0,NA,6,08-14-2018,12:56:00
14389,22,814,810,4,first,1,1,0,NA,6,08-14-2018,12:56:00
14389,23,817,820,3,second,1,1,0,NA,6,08-14-2018,12:56:00
14389,24,798,800,2,second,0,1,1,7,6,08-14-2018,12:56:00
14389,25,810,815,5,second,0,0,0,NA,6,08-14-2018,12:56:00
14389,26,822,830,8,second,1,0,1,8,6,08-14-2018,12:56:00
14389,27,837,830,7,first,1,1,0,NA,6,08-14-2018,12:56:00
14389,28,814,820,6,second,1,1,0,NA,6,08-14-2018,12:56:00
14389,29,830,835,5,second,1,1,0,NA,6,08-14-2018,12:56:00
14389,30,796,800,4,second,0,1,1,9,6,08-14-2018,12:56:00
14389,31,830,823,7,first,1,0,1,10,6,08-14-2018,12:56:00
14389,32,830,836,6,second,1,1,0,NA,6,08-14-2018,12:56:00
14389,33,830,825,5,first,1,1,0,NA,6,08-14-2018,12:56:00
14389,34,820,816,4,first,1,1,0,NA,6,08-14-2018,12:56:00
14389,35,800,797,3,first,1,1,0,NA,6,08-14-2018,12:56:00
14389,36,818,820,2,second,1,1,0,NA,6,08-14-2018,12:56:00
14389,37,821,820,1,first,1,1,0,NA,6,08-14-2018,12:56:00
14389,38,800,801,1,second,0,1,1,11,6,08-14-2018,12:56:00
14389,39,810,814,4,second,0,0,0,NA,6,08-14-2018,12:56:00
14389,40,820,827,7,second,1,0,1,12,6,08-14-2018,12:56:00
14389,41,794,800,6,second,0,1,1,13,6,08-14-2018,12:56:00
14389,42,809,800,9,first,1,0,1,14,6,08-14-2018,12:56:00
14389,43,830,822,8,first,1,1,0,NA,6,08-14-2018,12:56:00
14389,44,837,830,7,first,0,1,1,15,6,08-14-2018,12:56:00
14389,45,830,840,10,second,1,0,1,16,6,08-14-2018,12:56:00
14389,46,811,820,9,second,1,1,0,NA,6,08-14-2018,12:56:00
14389,47,810,802,8,first,1,1,0,NA,6,08-14-2018,12:56:00
14389,48,817,810,7,first,1,1,0,NA,6,08-14-2018,12:56:00
14389,49,836,830,6,first,0,1,1,17,6,08-14-2018,12:56:00
14389,50,809,800,9,first,1,0,1,18,6,08-14-2018,12:56:00
14389,51,820,812,8,first,1,1,0,NA,6,08-14-2018,12:56:00
14389,52,810,803,7,first,1,1,0,NA,6,08-14-2018,12:56:00
14389,53,820,814,6,first,1,1,0,NA,6,08-14-2018,12:56:00
14389,54,815,820,5,second,1,1,0,NA,6,08-14-2018,12:56:00
14389,55,810,814,4,second,1,1,0,NA,6,08-14-2018,12:56:00
14389,56,817,820,3,second,1,1,0,NA,6,08-14-2018,12:56:00
14389,57,800,802,2,second,0,1,1,19,6,08-14-2018,12:56:00
14389,58,825,820,5,first,1,0,1,20,6,08-14-2018,12:56:00
14389,59,830,826,4,first,0,1,1,21,6,08-14-2018,12:56:00
14389,60,807,800,7,first,1,0,1,22,6,08-14-2018,12:56:00
14389,61,800,794,6,first,1,1,0,NA,6,08-14-2018,12:56:00
14389,62,800,805,5,second,1,1,0,NA,6,08-14-2018,12:56:00
14389,63,826,830,4,second,0,1,1,23,6,08-14-2018,12:56:00
14389,64,820,813,7,first,1,0,1,24,6,08-14-2018,12:56:00
14409,1,805,820,15,second,1,NA,NA,NA,2,11-27-2018,14:37:59
14409,2,830,817,13,first,1,1,0,NA,2,11-27-2018,14:37:59
14409,3,809,820,11,second,0,1,1,1,2,11-27-2018,14:37:59
14409,4,803,820,17,second,1,0,1,2,2,11-27-2018,14:37:59
14409,5,815,800,15,first,1,1,0,NA,2,11-27-2018,14:37:59
14409,6,830,843,13,second,1,1,0,NA,2,11-27-2018,14:37:59
14409,7,809,820,11,second,1,1,0,NA,2,11-27-2018,14:37:59
14409,8,820,830,10,second,1,1,0,NA,2,11-27-2018,14:37:59
14409,9,819,810,9,first,1,1,0,NA,2,11-27-2018,14:37:59
14409,10,828,820,8,first,1,1,0,NA,2,11-27-2018,14:37:59
14409,11,820,827,7,second,0,1,1,3,2,11-27-2018,14:37:59
14409,12,800,810,10,second,1,0,1,4,2,11-27-2018,14:37:59
14409,13,820,811,9,first,1,1,0,NA,2,11-27-2018,14:37:59
14409,14,808,800,8,first,1,1,0,NA,2,11-27-2018,14:37:59
14409,15,807,800,7,first,1,1,0,NA,2,11-27-2018,14:37:59
14409,16,836,830,6,first,0,1,1,5,2,11-27-2018,14:37:59
14409,17,830,821,9,first,1,0,1,6,2,11-27-2018,14:37:59
14409,18,810,802,8,first,1,1,0,NA,2,11-27-2018,14:37:59
14409,19,820,827,7,second,1,1,0,NA,2,11-27-2018,14:37:59
14409,20,794,800,6,second,0,1,1,7,2,11-27-2018,14:37:59
14409,21,810,801,9,first,1,0,1,8,2,11-27-2018,14:37:59
14409,22,800,808,8,second,0,1,1,9,2,11-27-2018,14:37:59
14409,23,800,789,11,first,1,0,1,10,2,11-27-2018,14:37:59
14409,24,800,790,10,first,1,1,0,NA,2,11-27-2018,14:37:59
14409,25,830,839,9,second,1,1,0,NA,2,11-27-2018,14:37:59
14409,26,812,820,8,second,1,1,0,NA,2,11-27-2018,14:37:59
14409,27,827,820,7,first,1,1,0,NA,2,11-27-2018,14:37:59
14409,28,830,824,6,first,1,1,0,NA,2,11-27-2018,14:37:59
14409,29,800,795,5,first,1,1,0,NA,2,11-27-2018,14:37:59
14409,30,820,816,4,first,1,1,0,NA,2,11-27-2018,14:37:59
14409,31,797,800,3,second,0,1,1,11,2,11-27-2018,14:37:59
14409,32,816,810,6,first,1,0,1,12,2,11-27-2018,14:37:59
14409,33,810,815,5,second,1,1,0,NA,2,11-27-2018,14:37:59
14409,34,830,834,4,second,1,1,0,NA,2,11-27-2018,14:37:59
14409,35,823,820,3,first,0,1,1,13,2,11-27-2018,14:37:59
14409,36,814,820,6,second,1,0,1,14,2,11-27-2018,14:37:59
14409,37,825,830,5,second,1,1,0,NA,2,11-27-2018,14:37:59
14409,38,816,820,4,second,1,1,0,NA,2,11-27-2018,14:37:59
14409,39,810,807,3,first,1,1,0,NA,2,11-27-2018,14:37:59
14409,40,810,808,2,first,1,1,0,NA,2,11-27-2018,14:37:59
14409,41,810,811,1,second,0,1,1,15,2,11-27-2018,14:37:59
14409,42,816,820,4,second,1,0,1,16,2,11-27-2018,14:37:59
14409,43,800,803,3,second,1,1,0,NA,2,11-27-2018,14:37:59
14409,44,830,828,2,first,1,1,0,NA,2,11-27-2018,14:37:59
14409,45,821,820,1,first,1,1,0,NA,2,11-27-2018,14:37:59
14409,46,820,819,1,first,0,1,1,17,2,11-27-2018,14:37:59
14409,47,810,814,4,second,0,0,0,NA,2,11-27-2018,14:37:59
14409,48,820,827,7,second,0,0,0,NA,2,11-27-2018,14:37:59
14409,49,820,810,10,first,1,0,1,18,2,11-27-2018,14:37:59
14409,50,791,800,9,second,0,1,1,19,2,11-27-2018,14:37:59
14409,51,818,830,12,second,0,0,0,NA,2,11-27-2018,14:37:59
14409,52,820,805,15,first,1,0,1,20,2,11-27-2018,14:37:59
14409,53,816,830,14,second,1,1,0,NA,2,11-27-2018,14:37:59
14409,54,843,830,13,first,1,1,0,NA,2,11-27-2018,14:37:59
14409,55,830,842,12,second,1,1,0,NA,2,11-27-2018,14:37:59
14409,56,800,789,11,first,1,1,0,NA,2,11-27-2018,14:37:59
14409,57,810,820,10,second,1,1,0,NA,2,11-27-2018,14:37:59
14409,58,820,829,9,second,1,1,0,NA,2,11-27-2018,14:37:59
14409,59,818,810,8,first,1,1,0,NA,2,11-27-2018,14:37:59
14409,60,800,807,7,second,1,1,0,NA,2,11-27-2018,14:37:59
14409,61,794,800,6,second,1,1,0,NA,2,11-27-2018,14:37:59
14409,62,805,800,5,first,1,1,0,NA,2,11-27-2018,14:37:59
14409,63,834,830,4,first,1,1,0,NA,2,11-27-2018,14:37:59
14409,64,833,830,3,first,1,1,0,NA,2,11-27-2018,14:37:59
14413,1,845,830,15,first,1,NA,NA,NA,13,08-16-2018,15:42:05
14413,2,833,820,13,first,1,1,0,NA,13,08-16-2018,15:42:05
14413,3,811,800,11,first,1,1,0,NA,13,08-16-2018,15:42:05
14413,4,810,801,9,first,1,1,0,NA,13,08-16-2018,15:42:05
14413,5,830,837,7,second,1,1,0,NA,13,08-16-2018,15:42:05
14413,6,795,800,5,second,1,1,0,NA,13,08-16-2018,15:42:05
14413,7,810,813,3,second,0,1,1,1,13,08-16-2018,15:42:05
14413,8,814,820,6,second,1,0,1,2,13,08-16-2018,15:42:05
14413,9,815,820,5,second,1,1,0,NA,13,08-16-2018,15:42:05
14413,10,830,834,4,second,0,1,1,3,13,08-16-2018,15:42:05
14413,11,793,800,7,second,1,0,1,4,13,08-16-2018,15:42:05
14413,12,820,814,6,first,1,1,0,NA,13,08-16-2018,15:42:05
14413,13,830,825,5,first,1,1,0,NA,13,08-16-2018,15:42:05
14413,14,824,820,4,first,0,1,1,5,13,08-16-2018,15:42:05
14413,15,810,817,7,second,0,0,0,NA,13,08-16-2018,15:42:05
14413,16,820,810,10,first,1,0,1,6,13,08-16-2018,15:42:05
14413,17,819,810,9,first,0,1,1,7,13,08-16-2018,15:42:05
14413,18,842,830,12,first,1,0,1,8,13,08-16-2018,15:42:05
14413,19,789,800,11,second,1,1,0,NA,13,08-16-2018,15:42:05
14413,20,820,810,10,first,0,1,1,9,13,08-16-2018,15:42:05
14413,21,820,833,13,second,1,0,1,10,13,08-16-2018,15:42:05
14413,22,800,812,12,second,0,1,1,11,13,08-16-2018,15:42:05
14413,23,800,815,15,second,1,0,1,12,13,08-16-2018,15:42:05
14413,24,806,820,14,second,1,1,0,NA,13,08-16-2018,15:42:05
14413,25,830,817,13,first,0,1,1,13,13,08-16-2018,15:42:05
14413,26,826,810,16,first,1,0,1,14,13,08-16-2018,15:42:05
14413,27,810,825,15,second,1,1,0,NA,13,08-16-2018,15:42:05
14413,28,814,800,14,first,0,1,1,15,13,08-16-2018,15:42:05
14413,29,800,783,17,first,1,0,1,16,13,08-16-2018,15:42:05
14413,30,820,804,16,first,0,1,1,17,13,08-16-2018,15:42:05
14413,31,839,820,19,first,0,0,0,NA,13,08-16-2018,15:42:05
14413,32,800,822,22,second,1,0,1,18,13,08-16-2018,15:42:05
14413,33,851,830,21,first,1,1,0,NA,13,08-16-2018,15:42:05
14413,34,810,830,20,second,1,1,0,NA,13,08-16-2018,15:42:05
14413,35,820,839,19,second,1,1,0,NA,13,08-16-2018,15:42:05
14413,36,802,820,18,second,1,1,0,NA,13,08-16-2018,15:42:05
14413,37,827,810,17,first,1,1,0,NA,13,08-16-2018,15:42:05
14413,38,846,830,16,first,1,1,0,NA,13,08-16-2018,15:42:05
14413,39,830,845,15,second,1,1,0,NA,13,08-16-2018,15:42:05
14413,40,810,796,14,first,1,1,0,NA,13,08-16-2018,15:42:05
14413,41,813,800,13,first,1,1,0,NA,13,08-16-2018,15:42:05
14413,42,810,798,12,first,1,1,0,NA,13,08-16-2018,15:42:05
14413,43,830,819,11,first,0,1,1,19,13,08-16-2018,15:42:05
14413,44,816,830,14,second,1,0,1,20,13,08-16-2018,15:42:05
14413,45,820,833,13,second,1,1,0,NA,13,08-16-2018,15:42:05
14413,46,808,820,12,second,1,1,0,NA,13,08-16-2018,15:42:05
14413,47,810,799,11,first,0,1,1,21,13,08-16-2018,15:42:05
14413,48,830,844,14,second,1,0,1,22,13,08-16-2018,15:42:05
14413,49,800,787,13,first,1,1,0,NA,13,08-16-2018,15:42:05
14413,50,818,830,12,second,1,1,0,NA,13,08-16-2018,15:42:05
14413,51,831,820,11,first,1,1,0,NA,13,08-16-2018,15:42:05
14413,52,810,820,10,second,1,1,0,NA,13,08-16-2018,15:42:05
14413,53,820,829,9,second,1,1,0,NA,13,08-16-2018,15:42:05
14413,54,822,830,8,second,1,1,0,NA,13,08-16-2018,15:42:05
14413,55,800,793,7,first,1,1,0,NA,13,08-16-2018,15:42:05
14413,56,810,816,6,second,1,1,0,NA,13,08-16-2018,15:42:05
14413,57,800,805,5,second,0,1,1,23,13,08-16-2018,15:42:05
14413,58,808,800,8,first,0,0,0,NA,13,08-16-2018,15:42:05
14413,59,809,820,11,second,1,0,1,24,13,08-16-2018,15:42:05
14413,60,810,820,10,second,1,1,0,NA,13,08-16-2018,15:42:05
14413,61,819,810,9,first,0,1,1,25,13,08-16-2018,15:42:05
14413,62,788,800,12,second,1,0,1,26,13,08-16-2018,15:42:05
14413,63,800,789,11,first,0,1,1,27,13,08-16-2018,15:42:05
14413,64,830,816,14,first,1,0,1,28,13,08-16-2018,15:42:05
14421,1,800,815,15,second,1,NA,NA,NA,5,08-07-2018,15:18:48
14421,2,833,820,13,first,1,1,0,NA,5,08-07-2018,15:18:48
14421,3,800,811,11,second,1,1,0,NA,5,08-07-2018,15:18:48
14421,4,800,791,9,first,1,1,0,NA,5,08-07-2018,15:18:48
14421,5,837,830,7,first,0,1,1,1,5,08-07-2018,15:18:48
14421,6,823,810,13,first,1,0,1,2,5,08-07-2018,15:18:48
14421,7,831,820,11,first,1,1,0,NA,5,08-07-2018,15:18:48
14421,8,810,820,10,second,1,1,0,NA,5,08-07-2018,15:18:48
14421,9,821,830,9,second,1,1,0,NA,5,08-07-2018,15:18:48
14421,10,830,838,8,second,1,1,0,NA,5,08-07-2018,15:18:48
14421,11,793,800,7,second,1,1,0,NA,5,08-07-2018,15:18:48
14421,12,806,800,6,first,1,1,0,NA,5,08-07-2018,15:18:48
14421,13,795,800,5,second,0,1,1,3,5,08-07-2018,15:18:48
14421,14,838,830,8,first,0,0,0,NA,5,08-07-2018,15:18:48
14421,15,800,789,11,first,1,0,1,4,5,08-07-2018,15:18:48
14421,16,830,820,10,first,0,1,1,5,5,08-07-2018,15:18:48
14421,17,830,843,13,second,1,0,1,6,5,08-07-2018,15:18:48
14421,18,808,820,12,second,1,1,0,NA,5,08-07-2018,15:18:48
14421,19,789,800,11,second,0,1,1,7,5,08-07-2018,15:18:48
14421,20,820,806,14,first,1,0,1,8,5,08-07-2018,15:18:48
14421,21,800,813,13,second,0,1,1,9,5,08-07-2018,15:18:48
14421,22,846,830,16,first,1,0,1,10,5,08-07-2018,15:18:48
14421,23,820,835,15,second,1,1,0,NA,5,08-07-2018,15:18:48
14421,24,786,800,14,second,0,1,1,11,5,08-07-2018,15:18:48
14421,25,830,847,17,second,1,0,1,12,5,08-07-2018,15:18:48
14421,26,810,794,16,first,1,1,0,NA,5,08-07-2018,15:18:48
14421,27,810,825,15,second,1,1,0,NA,5,08-07-2018,15:18:48
14421,28,806,820,14,second,1,1,0,NA,5,08-07-2018,15:18:48
14421,29,823,810,13,first,1,1,0,NA,5,08-07-2018,15:18:48
14421,30,818,830,12,second,1,1,0,NA,5,08-07-2018,15:18:48
14421,31,841,830,11,first,0,1,1,13,5,08-07-2018,15:18:48
14421,32,806,820,14,second,1,0,1,14,5,08-07-2018,15:18:48
14421,33,820,807,13,first,0,1,1,15,5,08-07-2018,15:18:48
14421,34,804,820,16,second,1,0,1,16,5,08-07-2018,15:18:48
14421,35,810,825,15,second,1,1,0,NA,5,08-07-2018,15:18:48
14421,36,810,824,14,second,1,1,0,NA,5,08-07-2018,15:18:48
14421,37,800,787,13,first,1,1,0,NA,5,08-07-2018,15:18:48
14421,38,812,800,12,first,1,1,0,NA,5,08-07-2018,15:18:48
14421,39,800,811,11,second,1,1,0,NA,5,08-07-2018,15:18:48
14421,40,810,800,10,first,1,1,0,NA,5,08-07-2018,15:18:48
14421,41,820,811,9,first,1,1,0,NA,5,08-07-2018,15:18:48
14421,42,828,820,8,first,0,1,1,17,5,08-07-2018,15:18:48
14421,43,821,810,11,first,1,0,1,18,5,08-07-2018,15:18:48
14421,44,820,830,10,second,1,1,0,NA,5,08-07-2018,15:18:48
14421,45,811,820,9,second,1,1,0,NA,5,08-07-2018,15:18:48
14421,46,830,822,8,first,1,1,0,NA,5,08-07-2018,15:18:48
14421,47,800,793,7,first,0,1,1,19,5,08-07-2018,15:18:48
14421,48,830,840,10,second,1,0,1,20,5,08-07-2018,15:18:48
14421,49,811,820,9,second,1,1,0,NA,5,08-07-2018,15:18:48
14421,50,820,828,8,second,1,1,0,NA,5,08-07-2018,15:18:48
14421,51,820,813,7,first,1,1,0,NA,5,08-07-2018,15:18:48
14421,52,830,824,6,first,0,1,1,21,5,08-07-2018,15:18:48
14421,53,820,829,9,second,1,0,1,22,5,08-07-2018,15:18:48
14421,54,820,828,8,second,1,1,0,NA,5,08-07-2018,15:18:48
14421,55,810,803,7,first,1,1,0,NA,5,08-07-2018,15:18:48
14421,56,830,824,6,first,1,1,0,NA,5,08-07-2018,15:18:48
14421,57,815,820,5,second,1,1,0,NA,5,08-07-2018,15:18:48
14421,58,830,826,4,first,0,1,1,23,5,08-07-2018,15:18:48
14421,59,807,800,7,first,1,0,1,24,5,08-07-2018,15:18:48
14421,60,814,820,6,second,1,1,0,NA,5,08-07-2018,15:18:48
14421,61,810,805,5,first,0,1,1,25,5,08-07-2018,15:18:48
14421,62,808,800,8,first,1,0,1,26,5,08-07-2018,15:18:48
14421,63,817,810,7,first,1,1,0,NA,5,08-07-2018,15:18:48
14421,64,824,830,6,second,1,1,0,NA,5,08-07-2018,15:18:48
14427,1,800,785,15,first,1,NA,NA,NA,1,08-27-2018,15:34:55
14427,2,823,810,13,first,1,1,0,NA,1,08-27-2018,15:34:55
14427,3,841,830,11,first,0,1,1,1,1,08-27-2018,15:34:55
14427,4,837,820,17,first,1,0,1,2,1,08-27-2018,15:34:55
14427,5,810,795,15,first,1,1,0,NA,1,08-27-2018,15:34:55
14427,6,807,820,13,second,1,1,0,NA,1,08-27-2018,15:34:55
14427,7,800,811,11,second,0,1,1,3,1,08-27-2018,15:34:55
14427,8,830,816,14,first,1,0,1,4,1,08-27-2018,15:34:55
14427,9,800,813,13,second,0,1,1,5,1,08-27-2018,15:34:55
14427,10,810,826,16,second,1,0,1,6,1,08-27-2018,15:34:55
14427,11,805,820,15,second,1,1,0,NA,1,08-27-2018,15:34:55
14427,12,830,816,14,first,1,1,0,NA,1,08-27-2018,15:34:55
14427,13,823,810,13,first,1,1,0,NA,1,08-27-2018,15:34:55
14427,14,808,820,12,second,0,1,1,7,1,08-27-2018,15:34:55
14427,15,805,820,15,second,1,0,1,8,1,08-27-2018,15:34:55
14427,16,820,806,14,first,1,1,0,NA,1,08-27-2018,15:34:55
14427,17,807,820,13,second,1,1,0,NA,1,08-27-2018,15:34:55
14427,18,832,820,12,first,1,1,0,NA,1,08-27-2018,15:34:55
14427,19,810,821,11,second,1,1,0,NA,1,08-27-2018,15:34:55
14427,20,830,820,10,first,1,1,0,NA,1,08-27-2018,15:34:55
14427,21,830,839,9,second,0,1,1,9,1,08-27-2018,15:34:55
14427,22,822,810,12,first,1,0,1,10,1,08-27-2018,15:34:55
14427,23,820,809,11,first,1,1,0,NA,1,08-27-2018,15:34:55
14427,24,790,800,10,second,1,1,0,NA,1,08-27-2018,15:34:55
14427,25,839,830,9,first,1,1,0,NA,1,08-27-2018,15:34:55
14427,26,830,838,8,second,0,1,1,11,1,08-27-2018,15:34:55
14427,27,820,831,11,second,1,0,1,12,1,08-27-2018,15:34:55
14427,28,820,830,10,second,1,1,0,NA,1,08-27-2018,15:34:55
14427,29,820,811,9,first,1,1,0,NA,1,08-27-2018,15:34:55
14427,30,828,820,8,first,1,1,0,NA,1,08-27-2018,15:34:55
14427,31,837,830,7,first,0,1,1,13,1,08-27-2018,15:34:55
14427,32,820,830,10,second,1,0,1,14,1,08-27-2018,15:34:55
14427,33,830,839,9,second,1,1,0,NA,1,08-27-2018,15:34:55
14427,34,820,828,8,second,1,1,0,NA,1,08-27-2018,15:34:55
14427,35,813,820,7,second,0,1,1,15,1,08-27-2018,15:34:55
14427,36,790,800,10,second,1,0,1,16,1,08-27-2018,15:34:55
14427,37,830,839,9,second,0,1,1,17,1,08-27-2018,15:34:55
14427,38,800,788,12,first,1,0,1,18,1,08-27-2018,15:34:55
14427,39,800,789,11,first,1,1,0,NA,1,08-27-2018,15:34:55
14427,40,810,820,10,second,1,1,0,NA,1,08-27-2018,15:34:55
14427,41,809,800,9,first,1,1,0,NA,1,08-27-2018,15:34:55
14427,42,800,808,8,second,1,1,0,NA,1,08-27-2018,15:34:55
14427,43,800,807,7,second,1,1,0,NA,1,08-27-2018,15:34:55
14427,44,810,816,6,second,1,1,0,NA,1,08-27-2018,15:34:55
14427,45,835,830,5,first,0,1,1,19,1,08-27-2018,15:34:55
14427,46,810,802,8,first,1,0,1,20,1,08-27-2018,15:34:55
14427,47,807,800,7,first,1,1,0,NA,1,08-27-2018,15:34:55
14427,48,820,814,6,first,1,1,0,NA,1,08-27-2018,15:34:55
14427,49,800,795,5,first,0,1,1,21,1,08-27-2018,15:34:55
14427,50,808,800,8,first,1,0,1,22,1,08-27-2018,15:34:55
14427,51,813,820,7,second,1,1,0,NA,1,08-27-2018,15:34:55
14427,52,794,800,6,second,1,1,0,NA,1,08-27-2018,15:34:55
14427,53,810,805,5,first,1,1,0,NA,1,08-27-2018,15:34:55
14427,54,804,800,4,first,1,1,0,NA,1,08-27-2018,15:34:55
14427,55,820,823,3,second,1,1,0,NA,1,08-27-2018,15:34:55
14427,56,828,830,2,second,1,1,0,NA,1,08-27-2018,15:34:55
14427,57,799,800,1,second,1,1,0,NA,1,08-27-2018,15:34:55
14427,58,810,809,1,first,1,1,0,NA,1,08-27-2018,15:34:55
14427,59,819,820,1,second,1,1,0,NA,1,08-27-2018,15:34:55
14427,60,821,820,1,first,0,1,1,23,1,08-27-2018,15:34:55
14427,61,814,810,4,first,1,0,1,24,1,08-27-2018,15:34:55
14427,62,830,827,3,first,1,1,0,NA,1,08-27-2018,15:34:55
14427,63,820,822,2,second,1,1,0,NA,1,08-27-2018,15:34:55
14427,64,829,830,1,second,1,1,0,NA,1,08-27-2018,15:34:55
14433,1,815,800,15,first,1,NA,NA,NA,13,08-02-2018,12:17:10
14433,2,800,813,13,second,1,1,0,NA,13,08-02-2018,12:17:10
14433,3,809,820,11,second,1,1,0,NA,13,08-02-2018,12:17:10
14433,4,800,791,9,first,1,1,0,NA,13,08-02-2018,12:17:10
14433,5,813,820,7,second,1,1,0,NA,13,08-02-2018,12:17:10
14433,6,830,825,5,first,0,1,1,1,13,08-02-2018,12:17:10
14433,7,841,830,11,first,0,0,0,NA,13,08-02-2018,12:17:10
14433,8,830,816,14,first,1,0,1,2,13,08-02-2018,12:17:10
14433,9,800,813,13,second,1,1,0,NA,13,08-02-2018,12:17:10
14433,10,832,820,12,first,0,1,1,3,13,08-02-2018,12:17:10
14433,11,810,795,15,first,1,0,1,4,13,08-02-2018,12:17:10
14433,12,806,820,14,second,1,1,0,NA,13,08-02-2018,12:17:10
14433,13,807,820,13,second,1,1,0,NA,13,08-02-2018,12:17:10
14433,14,830,842,12,second,1,1,0,NA,13,08-02-2018,12:17:10
14433,15,820,809,11,first,1,1,0,NA,13,08-02-2018,12:17:10
14433,16,790,800,10,second,0,1,1,5,13,08-02-2018,12:17:10
14433,17,810,797,13,first,1,0,1,6,13,08-02-2018,12:17:10
14433,18,830,842,12,second,1,1,0,NA,13,08-02-2018,12:17:10
14433,19,830,841,11,second,1,1,0,NA,13,08-02-2018,12:17:10
14433,20,830,820,10,first,1,1,0,NA,13,08-02-2018,12:17:10
14433,21,810,819,9,second,0,1,1,7,13,08-02-2018,12:17:10
14433,22,842,830,12,first,0,0,0,NA,13,08-02-2018,12:17:10
14433,23,800,785,15,first,1,0,1,8,13,08-02-2018,12:17:10
14433,24,800,786,14,first,1,1,0,NA,13,08-02-2018,12:17:10
14433,25,807,820,13,second,1,1,0,NA,13,08-02-2018,12:17:10
14433,26,812,800,12,first,1,1,0,NA,13,08-02-2018,12:17:10
14433,27,809,820,11,second,1,1,0,NA,13,08-02-2018,12:17:10
14433,28,810,820,10,second,1,1,0,NA,13,08-02-2018,12:17:10
14433,29,819,810,9,first,1,1,0,NA,13,08-02-2018,12:17:10
14433,30,830,838,8,second,1,1,0,NA,13,08-02-2018,12:17:10
14433,31,820,813,7,first,1,1,0,NA,13,08-02-2018,12:17:10
14433,32,820,826,6,second,1,1,0,NA,13,08-02-2018,12:17:10
14433,33,825,830,5,second,1,1,0,NA,13,08-02-2018,12:17:10
14433,34,800,804,4,second,0,1,1,9,13,08-02-2018,12:17:10
14433,35,810,817,7,second,1,0,1,10,13,08-02-2018,12:17:10
14433,36,836,830,6,first,1,1,0,NA,13,08-02-2018,12:17:10
14433,37,830,825,5,first,0,1,1,11,13,08-02-2018,12:17:10
14433,38,800,792,8,first,1,0,1,12,13,08-02-2018,12:17:10
14433,39,810,803,7,first,1,1,0,NA,13,08-02-2018,12:17:10
14433,40,820,814,6,first,1,1,0,NA,13,08-02-2018,12:17:10
14433,41,810,805,5,first,1,1,0,NA,13,08-02-2018,12:17:10
14433,42,820,824,4,second,1,1,0,NA,13,08-02-2018,12:17:10
14433,43,827,830,3,second,1,1,0,NA,13,08-02-2018,12:17:10
14433,44,802,800,2,first,0,1,1,13,13,08-02-2018,12:17:10
14433,45,795,800,5,second,0,0,0,NA,13,08-02-2018,12:17:10
14433,46,820,812,8,first,0,0,0,NA,13,08-02-2018,12:17:10
14433,47,819,830,11,second,1,0,1,14,13,08-02-2018,12:17:10
14433,48,830,820,10,first,1,1,0,NA,13,08-02-2018,12:17:10
14433,49,811,820,9,second,0,1,1,15,13,08-02-2018,12:17:10
14433,50,820,832,12,second,1,0,1,16,13,08-02-2018,12:17:10
14433,51,841,830,11,first,0,1,1,17,13,08-02-2018,12:17:10
14433,52,810,824,14,second,1,0,1,18,13,08-02-2018,12:17:10
14433,53,823,810,13,first,1,1,0,NA,13,08-02-2018,12:17:10
14433,54,788,800,12,second,1,1,0,NA,13,08-02-2018,12:17:10
14433,55,819,830,11,second,1,1,0,NA,13,08-02-2018,12:17:10
14433,56,820,830,10,second,1,1,0,NA,13,08-02-2018,12:17:10
14433,57,800,809,9,second,1,1,0,NA,13,08-02-2018,12:17:10
14433,58,818,810,8,first,1,1,0,NA,13,08-02-2018,12:17:10
14433,59,830,823,7,first,0,1,1,19,13,08-02-2018,12:17:10
14433,60,810,800,10,first,1,0,1,20,13,08-02-2018,12:17:10
14433,61,819,810,9,first,0,1,1,21,13,08-02-2018,12:17:10
14433,62,810,822,12,second,1,0,1,22,13,08-02-2018,12:17:10
14433,63,831,820,11,first,1,1,0,NA,13,08-02-2018,12:17:10
14433,64,790,800,10,second,0,1,1,23,13,08-02-2018,12:17:10
14443,1,810,795,15,first,1,NA,NA,NA,2,09-27-2018,11:51:40
14443,2,807,820,13,second,1,1,0,NA,2,09-27-2018,11:51:40
14443,3,809,820,11,second,1,1,0,NA,2,09-27-2018,11:51:40
14443,4,839,830,9,first,1,1,0,NA,2,09-27-2018,11:51:40
14443,5,800,793,7,first,1,1,0,NA,2,09-27-2018,11:51:40
14443,6,810,815,5,second,1,1,0,NA,2,09-27-2018,11:51:40
14443,7,817,820,3,second,1,1,0,NA,2,09-27-2018,11:51:40
14443,8,800,798,2,first,1,1,0,NA,2,09-27-2018,11:51:40
14443,9,820,821,1,second,1,1,0,NA,2,09-27-2018,11:51:40
14443,10,820,821,1,second,1,1,0,NA,2,09-27-2018,11:51:40
14443,11,810,809,1,first,1,1,0,NA,2,09-27-2018,11:51:40
14443,12,830,831,1,second,1,1,0,NA,2,09-27-2018,11:51:40
14443,13,799,800,1,second,0,1,1,1,2,09-27-2018,11:51:40
14443,14,830,834,4,second,1,0,1,2,2,09-27-2018,11:51:40
14443,15,833,830,3,first,1,1,0,NA,2,09-27-2018,11:51:40
14443,16,820,818,2,first,1,1,0,NA,2,09-27-2018,11:51:40
14443,17,830,831,1,second,1,1,0,NA,2,09-27-2018,11:51:40
14443,18,819,820,1,second,0,1,1,3,2,09-27-2018,11:51:40
14443,19,810,814,4,second,0,0,0,NA,2,09-27-2018,11:51:40
14443,20,830,823,7,first,1,0,1,4,2,09-27-2018,11:51:40
14443,21,806,800,6,first,1,1,0,NA,2,09-27-2018,11:51:40
14443,22,800,805,5,second,1,1,0,NA,2,09-27-2018,11:51:40
14443,23,796,800,4,second,1,1,0,NA,2,09-27-2018,11:51:40
14443,24,820,817,3,first,1,1,0,NA,2,09-27-2018,11:51:40
14443,25,812,810,2,first,1,1,0,NA,2,09-27-2018,11:51:40
14443,26,821,820,1,first,0,1,1,5,2,09-27-2018,11:51:40
14443,27,800,804,4,second,0,0,0,NA,2,09-27-2018,11:51:40
14443,28,800,793,7,first,1,0,1,6,2,09-27-2018,11:51:40
14443,29,830,824,6,first,0,1,1,7,2,09-27-2018,11:51:40
14443,30,829,820,9,first,1,0,1,8,2,09-27-2018,11:51:40
14443,31,820,828,8,second,1,1,0,NA,2,09-27-2018,11:51:40
14443,32,827,820,7,first,1,1,0,NA,2,09-27-2018,11:51:40
14443,33,830,824,6,first,1,1,0,NA,2,09-27-2018,11:51:40
14443,34,795,800,5,second,0,1,1,9,2,09-27-2018,11:51:40
14443,35,792,800,8,second,1,0,1,10,2,09-27-2018,11:51:40
14443,36,810,817,7,second,1,1,0,NA,2,09-27-2018,11:51:40
14443,37,836,830,6,first,1,1,0,NA,2,09-27-2018,11:51:40
14443,38,825,830,5,second,1,1,0,NA,2,09-27-2018,11:51:40
14443,39,816,820,4,second,1,1,0,NA,2,09-27-2018,11:51:40
14443,40,817,820,3,second,1,1,0,NA,2,09-27-2018,11:51:40
14443,41,830,828,2,first,1,1,0,NA,2,09-27-2018,11:51:40
14443,42,820,819,1,first,0,1,1,11,2,09-27-2018,11:51:40
14443,43,816,820,4,second,1,0,1,12,2,09-27-2018,11:51:40
14443,44,827,830,3,second,1,1,0,NA,2,09-27-2018,11:51:40
14443,45,832,830,2,first,1,1,0,NA,2,09-27-2018,11:51:40
14443,46,829,830,1,second,1,1,0,NA,2,09-27-2018,11:51:40
14443,47,820,821,1,second,0,1,1,13,2,09-27-2018,11:51:40
14443,48,814,810,4,first,1,0,1,14,2,09-27-2018,11:51:40
14443,49,810,813,3,second,0,1,1,15,2,09-27-2018,11:51:40
14443,50,816,810,6,first,1,0,1,16,2,09-27-2018,11:51:40
14443,51,825,830,5,second,1,1,0,NA,2,09-27-2018,11:51:40
14443,52,800,804,4,second,0,1,1,17,2,09-27-2018,11:51:40
14443,53,810,803,7,first,1,0,1,18,2,09-27-2018,11:51:40
14443,54,814,820,6,second,1,1,0,NA,2,09-27-2018,11:51:40
14443,55,830,835,5,second,1,1,0,NA,2,09-27-2018,11:51:40
14443,56,804,800,4,first,1,1,0,NA,2,09-27-2018,11:51:40
14443,57,810,807,3,first,1,1,0,NA,2,09-27-2018,11:51:40
14443,58,802,800,2,first,1,1,0,NA,2,09-27-2018,11:51:40
14443,59,811,810,1,first,1,1,0,NA,2,09-27-2018,11:51:40
14443,60,800,799,1,first,1,1,0,NA,2,09-27-2018,11:51:40
14443,61,800,801,1,second,1,1,0,NA,2,09-27-2018,11:51:40
14443,62,801,800,1,first,0,1,1,19,2,09-27-2018,11:51:40
14443,63,824,820,4,first,1,0,1,20,2,09-27-2018,11:51:40
14443,64,820,817,3,first,1,1,0,NA,2,09-27-2018,11:51:40
14445,1,805,820,15,second,1,NA,NA,NA,24,08-13-2018,15:33:20
14445,2,830,843,13,second,1,1,0,NA,24,08-13-2018,15:33:20
14445,3,831,820,11,first,1,1,0,NA,24,08-13-2018,15:33:20
14445,4,821,830,9,second,0,1,1,1,24,08-13-2018,15:33:20
14445,5,805,820,15,second,0,0,0,NA,24,08-13-2018,15:33:20
14445,6,831,810,21,first,0,0,0,NA,24,08-13-2018,15:33:20
14445,7,800,776,24,first,1,0,1,2,24,08-13-2018,15:33:20
14445,8,810,833,23,second,1,1,0,NA,24,08-13-2018,15:33:20
14445,9,808,830,22,second,1,1,0,NA,24,08-13-2018,15:33:20
14445,10,831,810,21,first,1,1,0,NA,24,08-13-2018,15:33:20
14445,11,780,800,20,second,1,1,0,NA,24,08-13-2018,15:33:20
14445,12,849,830,19,first,1,1,0,NA,24,08-13-2018,15:33:20
14445,13,820,838,18,second,0,1,1,3,24,08-13-2018,15:33:20
14445,14,810,831,21,second,1,0,1,4,24,08-13-2018,15:33:20
14445,15,800,820,20,second,1,1,0,NA,24,08-13-2018,15:33:20
14445,16,820,839,19,second,1,1,0,NA,24,08-13-2018,15:33:20
14445,17,838,820,18,first,1,1,0,NA,24,08-13-2018,15:33:20
14445,18,800,817,17,second,1,1,0,NA,24,08-13-2018,15:33:20
14445,19,804,820,16,second,0,1,1,5,24,08-13-2018,15:33:20
14445,20,800,819,19,second,0,0,0,NA,24,08-13-2018,15:33:20
14445,21,830,808,22,first,1,0,1,6,24,08-13-2018,15:33:20
14445,22,831,810,21,first,1,1,0,NA,24,08-13-2018,15:33:20
14445,23,820,840,20,second,1,1,0,NA,24,08-13-2018,15:33:20
14445,24,830,811,19,first,0,1,1,7,24,08-13-2018,15:33:20
14445,25,822,800,22,first,1,0,1,8,24,08-13-2018,15:33:20
14445,26,830,851,21,second,1,1,0,NA,24,08-13-2018,15:33:20
14445,27,780,800,20,second,0,1,1,9,24,08-13-2018,15:33:20
14445,28,820,797,23,first,1,0,1,10,24,08-13-2018,15:33:20
14445,29,820,798,22,first,0,1,1,11,24,08-13-2018,15:33:20
14445,30,834,810,24,first,0,0,0,NA,24,08-13-2018,15:33:20
14445,31,800,824,24,second,0,0,0,NA,24,08-13-2018,15:33:20
14445,32,810,786,24,first,0,0,0,NA,24,08-13-2018,15:33:20
14445,33,820,796,24,first,1,0,1,12,24,08-13-2018,15:33:20
14445,34,810,787,23,first,1,1,0,NA,24,08-13-2018,15:33:20
14445,35,822,800,22,first,1,1,0,NA,24,08-13-2018,15:33:20
14445,36,800,779,21,first,1,1,0,NA,24,08-13-2018,15:33:20
14445,37,800,820,20,second,0,1,1,13,24,08-13-2018,15:33:20
14445,38,820,797,23,first,1,0,1,14,24,08-13-2018,15:33:20
14445,39,808,830,22,second,1,1,0,NA,24,08-13-2018,15:33:20
14445,40,810,831,21,second,1,1,0,NA,24,08-13-2018,15:33:20
14445,41,780,800,20,second,1,1,0,NA,24,08-13-2018,15:33:20
14445,42,781,800,19,second,0,1,1,15,24,08-13-2018,15:33:20
14445,43,810,788,22,first,0,0,0,NA,24,08-13-2018,15:33:20
14445,44,800,824,24,second,0,0,0,NA,24,08-13-2018,15:33:20
14445,45,830,806,24,first,1,0,1,16,24,08-13-2018,15:33:20
14445,46,853,830,23,first,1,1,0,NA,24,08-13-2018,15:33:20
14445,47,852,830,22,first,0,1,1,17,24,08-13-2018,15:33:20
14445,48,824,800,24,first,1,0,1,18,24,08-13-2018,15:33:20
14445,49,853,830,23,first,0,1,1,19,24,08-13-2018,15:33:20
14445,50,830,854,24,second,1,0,1,20,24,08-13-2018,15:33:20
14445,51,800,777,23,first,1,1,0,NA,24,08-13-2018,15:33:20
14445,52,810,832,22,second,1,1,0,NA,24,08-13-2018,15:33:20
14445,53,809,830,21,second,1,1,0,NA,24,08-13-2018,15:33:20
14445,54,840,820,20,first,1,1,0,NA,24,08-13-2018,15:33:20
14445,55,810,791,19,first,0,1,1,21,24,08-13-2018,15:33:20
14445,56,822,800,22,first,0,0,0,NA,24,08-13-2018,15:33:20
14445,57,796,820,24,second,0,0,0,NA,24,08-13-2018,15:33:20
14445,58,844,820,24,first,0,0,0,NA,24,08-13-2018,15:33:20
14445,59,800,776,24,first,1,0,1,22,24,08-13-2018,15:33:20
14445,60,797,820,23,second,1,1,0,NA,24,08-13-2018,15:33:20
14445,61,830,852,22,second,1,1,0,NA,24,08-13-2018,15:33:20
14445,62,820,841,21,second,0,1,1,23,24,08-13-2018,15:33:20
14445,63,830,806,24,first,0,0,0,NA,24,08-13-2018,15:33:20
14445,64,796,820,24,second,0,0,0,NA,24,08-13-2018,15:33:20
14447,1,820,835,15,second,1,NA,NA,NA,9,10-04-2018,14:29:05
14447,2,800,813,13,second,1,1,0,NA,9,10-04-2018,14:29:05
14447,3,809,820,11,second,1,1,0,NA,9,10-04-2018,14:29:05
14447,4,829,820,9,first,1,1,0,NA,9,10-04-2018,14:29:05
14447,5,823,830,7,second,1,1,0,NA,9,10-04-2018,14:29:05
14447,6,800,795,5,first,1,1,0,NA,9,10-04-2018,14:29:05
14447,7,800,803,3,second,0,1,1,1,9,10-04-2018,14:29:05
14447,8,826,820,6,first,1,0,1,2,9,10-04-2018,14:29:05
14447,9,825,830,5,second,1,1,0,NA,9,10-04-2018,14:29:05
14447,10,834,830,4,first,0,1,1,3,9,10-04-2018,14:29:05
14447,11,800,807,7,second,0,0,0,NA,9,10-04-2018,14:29:05
14447,12,820,810,10,first,1,0,1,4,9,10-04-2018,14:29:05
14447,13,800,791,9,first,1,1,0,NA,9,10-04-2018,14:29:05
14447,14,818,810,8,first,0,1,1,5,9,10-04-2018,14:29:05
14447,15,810,821,11,second,1,0,1,6,9,10-04-2018,14:29:05
14447,16,840,830,10,first,0,1,1,7,9,10-04-2018,14:29:05
14447,17,820,833,13,second,1,0,1,8,9,10-04-2018,14:29:05
14447,18,800,788,12,first,1,1,0,NA,9,10-04-2018,14:29:05
14447,19,820,809,11,first,1,1,0,NA,9,10-04-2018,14:29:05
14447,20,810,820,10,second,1,1,0,NA,9,10-04-2018,14:29:05
14447,21,830,821,9,first,1,1,0,NA,9,10-04-2018,14:29:05
14447,22,830,838,8,second,0,1,1,9,9,10-04-2018,14:29:05
14447,23,809,820,11,second,1,0,1,10,9,10-04-2018,14:29:05
14447,24,820,810,10,first,1,1,0,NA,9,10-04-2018,14:29:05
14447,25,820,811,9,first,1,1,0,NA,9,10-04-2018,14:29:05
14447,26,810,802,8,first,1,1,0,NA,9,10-04-2018,14:29:05
14447,27,810,803,7,first,1,1,0,NA,9,10-04-2018,14:29:05
14447,28,830,836,6,second,1,1,0,NA,9,10-04-2018,14:29:05
14447,29,805,800,5,first,1,1,0,NA,9,10-04-2018,14:29:05
14447,30,796,800,4,second,0,1,1,11,9,10-04-2018,14:29:05
14447,31,810,817,7,second,1,0,1,12,9,10-04-2018,14:29:05
14447,32,814,820,6,second,1,1,0,NA,9,10-04-2018,14:29:05
14447,33,825,820,5,first,1,1,0,NA,9,10-04-2018,14:29:05
14447,34,824,820,4,first,1,1,0,NA,9,10-04-2018,14:29:05
14447,35,800,803,3,second,0,1,1,13,9,10-04-2018,14:29:05
14447,36,830,836,6,second,1,0,1,14,9,10-04-2018,14:29:05
14447,37,795,800,5,second,0,1,1,15,9,10-04-2018,14:29:05
14447,38,792,800,8,second,1,0,1,16,9,10-04-2018,14:29:05
14447,39,813,820,7,second,1,1,0,NA,9,10-04-2018,14:29:05
14447,40,824,830,6,second,1,1,0,NA,9,10-04-2018,14:29:05
14447,41,830,825,5,first,1,1,0,NA,9,10-04-2018,14:29:05
14447,42,804,800,4,first,1,1,0,NA,9,10-04-2018,14:29:05
14447,43,827,830,3,second,1,1,0,NA,9,10-04-2018,14:29:05
14447,44,800,798,2,first,1,1,0,NA,9,10-04-2018,14:29:05
14447,45,820,821,1,second,1,1,0,NA,9,10-04-2018,14:29:05
14447,46,810,811,1,second,0,1,1,17,9,10-04-2018,14:29:05
14447,47,830,826,4,first,1,0,1,18,9,10-04-2018,14:29:05
14447,48,817,820,3,second,1,1,0,NA,9,10-04-2018,14:29:05
14447,49,802,800,2,first,1,1,0,NA,9,10-04-2018,14:29:05
14447,50,830,831,1,second,1,1,0,NA,9,10-04-2018,14:29:05
14447,51,801,800,1,first,1,1,0,NA,9,10-04-2018,14:29:05
14447,52,810,811,1,second,0,1,1,19,9,10-04-2018,14:29:05
14447,53,820,816,4,first,1,0,1,20,9,10-04-2018,14:29:05
14447,54,820,817,3,first,1,1,0,NA,9,10-04-2018,14:29:05
14447,55,810,808,2,first,0,1,1,21,9,10-04-2018,14:29:05
14447,56,815,820,5,second,1,0,1,22,9,10-04-2018,14:29:05
14447,57,830,826,4,first,1,1,0,NA,9,10-04-2018,14:29:05
14447,58,833,830,3,first,1,1,0,NA,9,10-04-2018,14:29:05
14447,59,818,820,2,second,1,1,0,NA,9,10-04-2018,14:29:05
14447,60,810,809,1,first,1,1,0,NA,9,10-04-2018,14:29:05
14447,61,811,810,1,first,0,1,1,23,9,10-04-2018,14:29:05
14447,62,834,830,4,first,0,0,0,NA,9,10-04-2018,14:29:05
14447,63,793,800,7,second,0,0,0,NA,9,10-04-2018,14:29:05
14447,64,820,830,10,second,1,0,1,24,9,10-04-2018,14:29:05
14455,1,815,830,15,second,1,NA,NA,NA,5,09-25-2018,10:15:55
14455,2,810,823,13,second,1,1,0,NA,5,09-25-2018,10:15:55
14455,3,800,811,11,second,1,1,0,NA,5,09-25-2018,10:15:55
14455,4,791,800,9,second,0,1,1,1,5,09-25-2018,10:15:55
14455,5,815,800,15,first,1,0,1,2,5,09-25-2018,10:15:55
14455,6,813,800,13,first,1,1,0,NA,5,09-25-2018,10:15:55
14455,7,819,830,11,second,1,1,0,NA,5,09-25-2018,10:15:55
14455,8,810,820,10,second,1,1,0,NA,5,09-25-2018,10:15:55
14455,9,839,830,9,first,1,1,0,NA,5,09-25-2018,10:15:55
14455,10,820,812,8,first,1,1,0,NA,5,09-25-2018,10:15:55
14455,11,800,807,7,second,0,1,1,3,5,09-25-2018,10:15:55
14455,12,830,820,10,first,1,0,1,4,5,09-25-2018,10:15:55
14455,13,829,820,9,first,1,1,0,NA,5,09-25-2018,10:15:55
14455,14,800,792,8,first,1,1,0,NA,5,09-25-2018,10:15:55
14455,15,807,800,7,first,1,1,0,NA,5,09-25-2018,10:15:55
14455,16,810,804,6,first,1,1,0,NA,5,09-25-2018,10:15:55
14455,17,810,815,5,second,1,1,0,NA,5,09-25-2018,10:15:55
14455,18,814,810,4,first,0,1,1,5,5,09-25-2018,10:15:55
14455,19,830,823,7,first,1,0,1,6,5,09-25-2018,10:15:55
14455,20,800,794,6,first,1,1,0,NA,5,09-25-2018,10:15:55
14455,21,830,835,5,second,1,1,0,NA,5,09-25-2018,10:15:55
14455,22,830,834,4,second,1,1,0,NA,5,09-25-2018,10:15:55
14455,23,810,813,3,second,1,1,0,NA,5,09-25-2018,10:15:55
14455,24,820,822,2,second,1,1,0,NA,5,09-25-2018,10:15:55
14455,25,810,809,1,first,1,1,0,NA,5,09-25-2018,10:15:55
14455,26,829,830,1,second,1,1,0,NA,5,09-25-2018,10:15:55
14455,27,830,829,1,first,1,1,0,NA,5,09-25-2018,10:15:55
14455,28,800,799,1,first,1,1,0,NA,5,09-25-2018,10:15:55
14455,29,831,830,1,first,0,1,1,7,5,09-25-2018,10:15:55
14455,30,800,804,4,second,1,0,1,8,5,09-25-2018,10:15:55
14455,31,817,820,3,second,1,1,0,NA,5,09-25-2018,10:15:55
14455,32,820,822,2,second,1,1,0,NA,5,09-25-2018,10:15:55
14455,33,810,809,1,first,1,1,0,NA,5,09-25-2018,10:15:55
14455,34,819,820,1,second,1,1,0,NA,5,09-25-2018,10:15:55
14455,35,831,830,1,first,0,1,1,9,5,09-25-2018,10:15:55
14455,36,830,834,4,second,1,0,1,10,5,09-25-2018,10:15:55
14455,37,817,820,3,second,1,1,0,NA,5,09-25-2018,10:15:55
14455,38,798,800,2,second,0,1,1,11,5,09-25-2018,10:15:55
14455,39,815,820,5,second,1,0,1,12,5,09-25-2018,10:15:55
14455,40,820,816,4,first,1,1,0,NA,5,09-25-2018,10:15:55
14455,41,800,803,3,second,0,1,1,13,5,09-25-2018,10:15:55
14455,42,814,820,6,second,1,0,1,14,5,09-25-2018,10:15:55
14455,43,815,820,5,second,1,1,0,NA,5,09-25-2018,10:15:55
14455,44,810,814,4,second,1,1,0,NA,5,09-25-2018,10:15:55
14455,45,810,807,3,first,1,1,0,NA,5,09-25-2018,10:15:55
14455,46,802,800,2,first,1,1,0,NA,5,09-25-2018,10:15:55
14455,47,821,820,1,first,0,1,1,15,5,09-25-2018,10:15:55
14455,48,796,800,4,second,1,0,1,16,5,09-25-2018,10:15:55
14455,49,833,830,3,first,0,1,1,17,5,09-25-2018,10:15:55
14455,50,820,826,6,second,1,0,1,18,5,09-25-2018,10:15:55
14455,51,825,830,5,second,1,1,0,NA,5,09-25-2018,10:15:55
14455,52,796,800,4,second,1,1,0,NA,5,09-25-2018,10:15:55
14455,53,813,810,3,first,1,1,0,NA,5,09-25-2018,10:15:55
14455,54,830,832,2,second,1,1,0,NA,5,09-25-2018,10:15:55
14455,55,819,820,1,second,1,1,0,NA,5,09-25-2018,10:15:55
14455,56,811,810,1,first,1,1,0,NA,5,09-25-2018,10:15:55
14455,57,820,819,1,first,0,1,1,19,5,09-25-2018,10:15:55
14455,58,820,816,4,first,1,0,1,20,5,09-25-2018,10:15:55
14455,59,820,823,3,second,1,1,0,NA,5,09-25-2018,10:15:55
14455,60,812,810,2,first,1,1,0,NA,5,09-25-2018,10:15:55
14455,61,830,829,1,first,0,1,1,21,5,09-25-2018,10:15:55
14455,62,800,796,4,first,1,0,1,22,5,09-25-2018,10:15:55
14455,63,830,827,3,first,0,1,1,23,5,09-25-2018,10:15:55
14455,64,826,820,6,first,1,0,1,24,5,09-25-2018,10:15:55
14457,1,815,800,15,first,1,NA,NA,NA,6,10-22-2018,12:20:35
14457,2,843,830,13,first,1,1,0,NA,6,10-22-2018,12:20:35
14457,3,821,810,11,first,1,1,0,NA,6,10-22-2018,12:20:35
14457,4,800,809,9,second,1,1,0,NA,6,10-22-2018,12:20:35
14457,5,820,827,7,second,1,1,0,NA,6,10-22-2018,12:20:35
14457,6,820,815,5,first,1,1,0,NA,6,10-22-2018,12:20:35
14457,7,820,817,3,first,1,1,0,NA,6,10-22-2018,12:20:35
14457,8,818,820,2,second,0,1,1,1,6,10-22-2018,12:20:35
14457,9,830,825,5,first,1,0,1,2,6,10-22-2018,12:20:35
14457,10,810,806,4,first,1,1,0,NA,6,10-22-2018,12:20:35
14457,11,817,820,3,second,0,1,1,3,6,10-22-2018,12:20:35
14457,12,830,836,6,second,1,0,1,4,6,10-22-2018,12:20:35
14457,13,810,815,5,second,0,1,1,5,6,10-22-2018,12:20:35
14457,14,812,820,8,second,1,0,1,6,6,10-22-2018,12:20:35
14457,15,793,800,7,second,0,1,1,7,6,10-22-2018,12:20:35
14457,16,810,820,10,second,1,0,1,8,6,10-22-2018,12:20:35
14457,17,809,800,9,first,1,1,0,NA,6,10-22-2018,12:20:35
14457,18,810,802,8,first,1,1,0,NA,6,10-22-2018,12:20:35
14457,19,830,837,7,second,1,1,0,NA,6,10-22-2018,12:20:35
14457,20,824,830,6,second,1,1,0,NA,6,10-22-2018,12:20:35
14457,21,820,825,5,second,1,1,0,NA,6,10-22-2018,12:20:35
14457,22,820,816,4,first,1,1,0,NA,6,10-22-2018,12:20:35
14457,23,820,823,3,second,1,1,0,NA,6,10-22-2018,12:20:35
14457,24,818,820,2,second,1,1,0,NA,6,10-22-2018,12:20:35
14457,25,810,809,1,first,1,1,0,NA,6,10-22-2018,12:20:35
14457,26,800,799,1,first,1,1,0,NA,6,10-22-2018,12:20:35
14457,27,801,800,1,first,1,1,0,NA,6,10-22-2018,12:20:35
14457,28,811,810,1,first,1,1,0,NA,6,10-22-2018,12:20:35
14457,29,799,800,1,second,0,1,1,9,6,10-22-2018,12:20:35
14457,30,826,830,4,second,1,0,1,10,6,10-22-2018,12:20:35
14457,31,827,830,3,second,0,1,1,11,6,10-22-2018,12:20:35
14457,32,810,816,6,second,0,0,0,NA,6,10-22-2018,12:20:35
14457,33,830,839,9,second,1,0,1,12,6,10-22-2018,12:20:35
14457,34,830,822,8,first,1,1,0,NA,6,10-22-2018,12:20:35
14457,35,817,810,7,first,1,1,0,NA,6,10-22-2018,12:20:35
14457,36,816,810,6,first,1,1,0,NA,6,10-22-2018,12:20:35
14457,37,835,830,5,first,1,1,0,NA,6,10-22-2018,12:20:35
14457,38,824,820,4,first,1,1,0,NA,6,10-22-2018,12:20:35
14457,39,830,827,3,first,1,1,0,NA,6,10-22-2018,12:20:35
14457,40,802,800,2,first,1,1,0,NA,6,10-22-2018,12:20:35
14457,41,821,820,1,first,1,1,0,NA,6,10-22-2018,12:20:35
14457,42,810,809,1,first,0,1,1,13,6,10-22-2018,12:20:35
14457,43,820,824,4,second,1,0,1,14,6,10-22-2018,12:20:35
14457,44,810,813,3,second,1,1,0,NA,6,10-22-2018,12:20:35
14457,45,828,830,2,second,1,1,0,NA,6,10-22-2018,12:20:35
14457,46,831,830,1,first,0,1,1,15,6,10-22-2018,12:20:35
14457,47,816,820,4,second,1,0,1,16,6,10-22-2018,12:20:35
14457,48,800,803,3,second,1,1,0,NA,6,10-22-2018,12:20:35
14457,49,822,820,2,first,0,1,1,17,6,10-22-2018,12:20:35
14457,50,815,820,5,second,1,0,1,18,6,10-22-2018,12:20:35
14457,51,796,800,4,second,1,1,0,NA,6,10-22-2018,12:20:35
14457,52,800,797,3,first,1,1,0,NA,6,10-22-2018,12:20:35
14457,53,800,802,2,second,0,1,1,19,6,10-22-2018,12:20:35
14457,54,830,825,5,first,0,0,0,NA,6,10-22-2018,12:20:35
14457,55,830,838,8,second,1,0,1,20,6,10-22-2018,12:20:35
14457,56,800,807,7,second,0,1,1,21,6,10-22-2018,12:20:35
14457,57,800,790,10,first,1,0,1,22,6,10-22-2018,12:20:35
14457,58,791,800,9,second,1,1,0,NA,6,10-22-2018,12:20:35
14457,59,800,792,8,first,1,1,0,NA,6,10-22-2018,12:20:35
14457,60,813,820,7,second,1,1,0,NA,6,10-22-2018,12:20:35
14457,61,826,820,6,first,1,1,0,NA,6,10-22-2018,12:20:35
14457,62,820,815,5,first,1,1,0,NA,6,10-22-2018,12:20:35
14457,63,834,830,4,first,0,1,1,23,6,10-22-2018,12:20:35
14457,64,810,817,7,second,1,0,1,24,6,10-22-2018,12:20:35
14461,1,820,805,15,first,1,NA,NA,NA,17,09-14-2018,14:08:29
14461,2,807,820,13,second,0,1,1,1,17,09-14-2018,14:08:29
14461,3,820,801,19,first,1,0,1,2,17,09-14-2018,14:08:29
14461,4,803,820,17,second,1,1,0,NA,17,09-14-2018,14:08:29
14461,5,805,820,15,second,1,1,0,NA,17,09-14-2018,14:08:29
14461,6,810,797,13,first,1,1,0,NA,17,09-14-2018,14:08:29
14461,7,800,789,11,first,0,1,1,3,17,09-14-2018,14:08:29
14461,8,820,834,14,second,1,0,1,4,17,09-14-2018,14:08:29
14461,9,807,820,13,second,1,1,0,NA,17,09-14-2018,14:08:29
14461,10,808,820,12,second,0,1,1,5,17,09-14-2018,14:08:29
14461,11,845,830,15,first,1,0,1,6,17,09-14-2018,14:08:29
14461,12,810,824,14,second,1,1,0,NA,17,09-14-2018,14:08:29
14461,13,810,823,13,second,1,1,0,NA,17,09-14-2018,14:08:29
14461,14,830,842,12,second,0,1,1,7,17,09-14-2018,14:08:29
14461,15,815,800,15,first,1,0,1,8,17,09-14-2018,14:08:29
14461,16,830,844,14,second,1,1,0,NA,17,09-14-2018,14:08:29
14461,17,823,810,13,first,1,1,0,NA,17,09-14-2018,14:08:29
14461,18,810,798,12,first,1,1,0,NA,17,09-14-2018,14:08:29
14461,19,789,800,11,second,0,1,1,9,17,09-14-2018,14:08:29
14461,20,816,830,14,second,1,0,1,10,17,09-14-2018,14:08:29
14461,21,800,813,13,second,1,1,0,NA,17,09-14-2018,14:08:29
14461,22,800,788,12,first,1,1,0,NA,17,09-14-2018,14:08:29
14461,23,810,799,11,first,1,1,0,NA,17,09-14-2018,14:08:29
14461,24,820,830,10,second,1,1,0,NA,17,09-14-2018,14:08:29
14461,25,810,819,9,second,0,1,1,11,17,09-14-2018,14:08:29
14461,26,822,810,12,first,1,0,1,12,17,09-14-2018,14:08:29
14461,27,831,820,11,first,0,1,1,13,17,09-14-2018,14:08:29
14461,28,816,830,14,second,0,0,0,NA,17,09-14-2018,14:08:29
14461,29,847,830,17,first,0,0,0,NA,17,09-14-2018,14:08:29
14461,30,800,820,20,second,0,0,0,NA,17,09-14-2018,14:08:29
14461,31,843,820,23,first,1,0,1,14,17,09-14-2018,14:08:29
14461,32,832,810,22,first,1,1,0,NA,17,09-14-2018,14:08:29
14461,33,809,830,21,second,1,1,0,NA,17,09-14-2018,14:08:29
14461,34,810,790,20,first,1,1,0,NA,17,09-14-2018,14:08:29
14461,35,781,800,19,second,1,1,0,NA,17,09-14-2018,14:08:29
14461,36,830,812,18,first,1,1,0,NA,17,09-14-2018,14:08:29
14461,37,820,803,17,first,1,1,0,NA,17,09-14-2018,14:08:29
14461,38,830,846,16,second,1,1,0,NA,17,09-14-2018,14:08:29
14461,39,815,800,15,first,1,1,0,NA,17,09-14-2018,14:08:29
14461,40,800,814,14,second,1,1,0,NA,17,09-14-2018,14:08:29
14461,41,830,817,13,first,1,1,0,NA,17,09-14-2018,14:08:29
14461,42,842,830,12,first,1,1,0,NA,17,09-14-2018,14:08:29
14461,43,830,841,11,second,1,1,0,NA,17,09-14-2018,14:08:29
14461,44,800,810,10,second,0,1,1,15,17,09-14-2018,14:08:29
14461,45,833,820,13,first,0,0,0,NA,17,09-14-2018,14:08:29
14461,46,814,830,16,second,0,0,0,NA,17,09-14-2018,14:08:29
14461,47,800,781,19,first,1,0,1,16,17,09-14-2018,14:08:29
14461,48,818,800,18,first,1,1,0,NA,17,09-14-2018,14:08:29
14461,49,837,820,17,first,1,1,0,NA,17,09-14-2018,14:08:29
14461,50,830,814,16,first,1,1,0,NA,17,09-14-2018,14:08:29
14461,51,805,820,15,second,1,1,0,NA,17,09-14-2018,14:08:29
14461,52,820,834,14,second,1,1,0,NA,17,09-14-2018,14:08:29
14461,53,820,807,13,first,1,1,0,NA,17,09-14-2018,14:08:29
14461,54,800,788,12,first,0,1,1,17,17,09-14-2018,14:08:29
14461,55,785,800,15,second,1,0,1,18,17,09-14-2018,14:08:29
14461,56,824,810,14,first,1,1,0,NA,17,09-14-2018,14:08:29
14461,57,820,833,13,second,1,1,0,NA,17,09-14-2018,14:08:29
14461,58,810,822,12,second,0,1,1,19,17,09-14-2018,14:08:29
14461,59,805,820,15,second,1,0,1,20,17,09-14-2018,14:08:29
14461,60,786,800,14,second,0,1,1,21,17,09-14-2018,14:08:29
14461,61,817,800,17,first,1,0,1,22,17,09-14-2018,14:08:29
14461,62,804,820,16,second,1,1,0,NA,17,09-14-2018,14:08:29
14461,63,845,830,15,first,0,1,1,23,17,09-14-2018,14:08:29
14461,64,830,812,18,first,1,0,1,24,17,09-14-2018,14:08:29
14467,1,785,800,15,second,1,NA,NA,NA,22,09-27-2018,14:37:45
14467,2,823,810,13,first,0,1,1,1,22,09-27-2018,14:37:45
14467,3,819,800,19,first,1,0,1,2,22,09-27-2018,14:37:45
14467,4,810,827,17,second,0,1,1,3,22,09-27-2018,14:37:45
14467,5,830,807,23,first,1,0,1,4,22,09-27-2018,14:37:45
14467,6,799,820,21,second,0,1,1,5,22,09-27-2018,14:37:45
14467,7,796,820,24,second,1,0,1,6,22,09-27-2018,14:37:45
14467,8,833,810,23,first,0,1,1,7,22,09-27-2018,14:37:45
14467,9,844,820,24,first,1,0,1,8,22,09-27-2018,14:37:45
14467,10,823,800,23,first,1,1,0,NA,22,09-27-2018,14:37:45
14467,11,810,788,22,first,1,1,0,NA,22,09-27-2018,14:37:45
14467,12,820,841,21,second,0,1,1,9,22,09-27-2018,14:37:45
14467,13,796,820,24,second,0,0,0,NA,22,09-27-2018,14:37:45
14467,14,810,834,24,second,0,0,0,NA,22,09-27-2018,14:37:45
14467,15,796,820,24,second,0,0,0,NA,22,09-27-2018,14:37:45
14467,16,854,830,24,first,1,0,1,10,22,09-27-2018,14:37:45
14467,17,797,820,23,second,1,1,0,NA,22,09-27-2018,14:37:45
14467,18,808,830,22,second,1,1,0,NA,22,09-27-2018,14:37:45
14467,19,809,830,21,second,0,1,1,11,22,09-27-2018,14:37:45
14467,20,854,830,24,first,1,0,1,12,22,09-27-2018,14:37:45
14467,21,843,820,23,first,0,1,1,13,22,09-27-2018,14:37:45
14467,22,800,776,24,first,1,0,1,14,22,09-27-2018,14:37:45
14467,23,800,777,23,first,1,1,0,NA,22,09-27-2018,14:37:45
14467,24,800,778,22,first,1,1,0,NA,22,09-27-2018,14:37:45
14467,25,820,841,21,second,1,1,0,NA,22,09-27-2018,14:37:45
14467,26,830,810,20,first,0,1,1,15,22,09-27-2018,14:37:45
14467,27,810,787,23,first,0,0,0,NA,22,09-27-2018,14:37:45
14467,28,806,830,24,second,0,0,0,NA,22,09-27-2018,14:37:45
14467,29,796,820,24,second,0,0,0,NA,22,09-27-2018,14:37:45
14467,30,776,800,24,second,0,0,0,NA,22,09-27-2018,14:37:45
14467,31,824,800,24,first,1,0,1,16,22,09-27-2018,14:37:45
14467,32,833,810,23,first,0,1,1,17,22,09-27-2018,14:37:45
14467,33,830,854,24,second,0,0,0,NA,22,09-27-2018,14:37:45
14467,34,854,830,24,first,1,0,1,18,22,09-27-2018,14:37:45
14467,35,820,797,23,first,1,1,0,NA,22,09-27-2018,14:37:45
14467,36,810,832,22,second,0,1,1,19,22,09-27-2018,14:37:45
14467,37,834,810,24,first,1,0,1,20,22,09-27-2018,14:37:45
14467,38,797,820,23,second,1,1,0,NA,22,09-27-2018,14:37:45
14467,39,830,808,22,first,1,1,0,NA,22,09-27-2018,14:37:45
14467,40,821,800,21,first,0,1,1,21,22,09-27-2018,14:37:45
14467,41,820,796,24,first,0,0,0,NA,22,09-27-2018,14:37:45
14467,42,800,824,24,second,0,0,0,NA,22,09-27-2018,14:37:45
14467,43,820,844,24,second,0,0,0,NA,22,09-27-2018,14:37:45
14467,44,800,824,24,second,0,0,0,NA,22,09-27-2018,14:37:45
14467,45,776,800,24,second,1,0,1,22,22,09-27-2018,14:37:45
14467,46,830,853,23,second,1,1,0,NA,22,09-27-2018,14:37:45
14467,47,810,832,22,second,0,1,1,23,22,09-27-2018,14:37:45
14467,48,806,830,24,second,0,0,0,NA,22,09-27-2018,14:37:45
14467,49,820,844,24,second,1,0,1,24,22,09-27-2018,14:37:45
14467,50,800,823,23,second,0,1,1,25,22,09-27-2018,14:37:45
14467,51,830,806,24,first,1,0,1,26,22,09-27-2018,14:37:45
14467,52,797,820,23,second,1,1,0,NA,22,09-27-2018,14:37:45
14467,53,778,800,22,second,1,1,0,NA,22,09-27-2018,14:37:45
14467,54,851,830,21,first,1,1,0,NA,22,09-27-2018,14:37:45
14467,55,830,850,20,second,0,1,1,27,22,09-27-2018,14:37:45
14467,56,830,853,23,second,0,0,0,NA,22,09-27-2018,14:37:45
14467,57,800,824,24,second,1,0,1,28,22,09-27-2018,14:37:45
14467,58,820,797,23,first,1,1,0,NA,22,09-27-2018,14:37:45
14467,59,810,788,22,first,1,1,0,NA,22,09-27-2018,14:37:45
14467,60,810,789,21,first,0,1,1,29,22,09-27-2018,14:37:45
14467,61,820,796,24,first,0,0,0,NA,22,09-27-2018,14:37:45
14467,62,844,820,24,first,0,0,0,NA,22,09-27-2018,14:37:45
14467,63,800,776,24,first,1,0,1,30,22,09-27-2018,14:37:45
14467,64,843,820,23,first,1,1,0,NA,22,09-27-2018,14:37:45
14469,1,830,815,15,first,1,NA,NA,NA,5,12-04-2018,15:58:17
14469,2,830,843,13,second,1,1,0,NA,5,12-04-2018,15:58:17
14469,3,800,811,11,second,1,1,0,NA,5,12-04-2018,15:58:17
14469,4,819,810,9,first,1,1,0,NA,5,12-04-2018,15:58:17
14469,5,817,810,7,first,1,1,0,NA,5,12-04-2018,15:58:17
14469,6,835,830,5,first,0,1,1,1,5,12-04-2018,15:58:17
14469,7,820,809,11,first,1,0,1,2,5,12-04-2018,15:58:17
14469,8,810,820,10,second,1,1,0,NA,5,12-04-2018,15:58:17
14469,9,800,809,9,second,1,1,0,NA,5,12-04-2018,15:58:17
14469,10,812,820,8,second,1,1,0,NA,5,12-04-2018,15:58:17
14469,11,800,807,7,second,0,1,1,3,5,12-04-2018,15:58:17
14469,12,820,830,10,second,1,0,1,4,5,12-04-2018,15:58:17
14469,13,819,810,9,first,1,1,0,NA,5,12-04-2018,15:58:17
14469,14,838,830,8,first,0,1,1,5,5,12-04-2018,15:58:17
14469,15,810,799,11,first,1,0,1,6,5,12-04-2018,15:58:17
14469,16,810,800,10,first,1,1,0,NA,5,12-04-2018,15:58:17
14469,17,830,821,9,first,0,1,1,7,5,12-04-2018,15:58:17
14469,18,830,818,12,first,1,0,1,8,5,12-04-2018,15:58:17
14469,19,820,831,11,second,1,1,0,NA,5,12-04-2018,15:58:17
14469,20,810,820,10,second,1,1,0,NA,5,12-04-2018,15:58:17
14469,21,830,839,9,second,1,1,0,NA,5,12-04-2018,15:58:17
14469,22,810,818,8,second,1,1,0,NA,5,12-04-2018,15:58:17
14469,23,800,807,7,second,0,1,1,9,5,12-04-2018,15:58:17
14469,24,810,820,10,second,1,0,1,10,5,12-04-2018,15:58:17
14469,25,811,820,9,second,0,1,1,11,5,12-04-2018,15:58:17
14469,26,832,820,12,first,1,0,1,12,5,12-04-2018,15:58:17
14469,27,841,830,11,first,1,1,0,NA,5,12-04-2018,15:58:17
14469,28,810,820,10,second,0,1,1,13,5,12-04-2018,15:58:17
14469,29,833,820,13,first,1,0,1,14,5,12-04-2018,15:58:17
14469,30,818,830,12,second,1,1,0,NA,5,12-04-2018,15:58:17
14469,31,831,820,11,first,1,1,0,NA,5,12-04-2018,15:58:17
14469,32,810,800,10,first,1,1,0,NA,5,12-04-2018,15:58:17
14469,33,830,839,9,second,1,1,0,NA,5,12-04-2018,15:58:17
14469,34,810,818,8,second,0,1,1,15,5,12-04-2018,15:58:17
14469,35,789,800,11,second,1,0,1,16,5,12-04-2018,15:58:17
14469,36,830,820,10,first,1,1,0,NA,5,12-04-2018,15:58:17
14469,37,791,800,9,second,1,1,0,NA,5,12-04-2018,15:58:17
14469,38,800,792,8,first,1,1,0,NA,5,12-04-2018,15:58:17
14469,39,807,800,7,first,1,1,0,NA,5,12-04-2018,15:58:17
14469,40,810,804,6,first,0,1,1,17,5,12-04-2018,15:58:17
14469,41,820,829,9,second,1,0,1,18,5,12-04-2018,15:58:17
14469,42,822,830,8,second,1,1,0,NA,5,12-04-2018,15:58:17
14469,43,807,800,7,first,1,1,0,NA,5,12-04-2018,15:58:17
14469,44,800,794,6,first,1,1,0,NA,5,12-04-2018,15:58:17
14469,45,820,825,5,second,1,1,0,NA,5,12-04-2018,15:58:17
14469,46,814,810,4,first,1,1,0,NA,5,12-04-2018,15:58:17
14469,47,820,817,3,first,1,1,0,NA,5,12-04-2018,15:58:17
14469,48,828,830,2,second,1,1,0,NA,5,12-04-2018,15:58:17
14469,49,830,831,1,second,0,1,1,19,5,12-04-2018,15:58:17
14469,50,824,820,4,first,1,0,1,20,5,12-04-2018,15:58:17
14469,51,800,797,3,first,1,1,0,NA,5,12-04-2018,15:58:17
14469,52,818,820,2,second,0,1,1,21,5,12-04-2018,15:58:17
14469,53,820,825,5,second,1,0,1,22,5,12-04-2018,15:58:17
14469,54,796,800,4,second,0,1,1,23,5,12-04-2018,15:58:17
14469,55,820,813,7,first,1,0,1,24,5,12-04-2018,15:58:17
14469,56,794,800,6,second,0,1,1,25,5,12-04-2018,15:58:17
14469,57,810,819,9,second,1,0,1,26,5,12-04-2018,15:58:17
14469,58,800,792,8,first,1,1,0,NA,5,12-04-2018,15:58:17
14469,59,807,800,7,first,1,1,0,NA,5,12-04-2018,15:58:17
14469,60,806,800,6,first,1,1,0,NA,5,12-04-2018,15:58:17
14469,61,820,815,5,first,0,1,1,27,5,12-04-2018,15:58:17
14469,62,838,830,8,first,1,0,1,28,5,12-04-2018,15:58:17
14469,63,813,820,7,second,1,1,0,NA,5,12-04-2018,15:58:17
14469,64,814,820,6,second,1,1,0,NA,5,12-04-2018,15:58:17
14473,1,820,805,15,first,1,NA,NA,NA,23,11-19-2018,16:22:11
14473,2,807,820,13,second,1,1,0,NA,23,11-19-2018,16:22:11
14473,3,841,830,11,first,0,1,1,1,23,11-19-2018,16:22:11
14473,4,810,827,17,second,0,0,0,NA,23,11-19-2018,16:22:11
14473,5,823,800,23,first,1,0,1,2,23,11-19-2018,16:22:11
14473,6,799,820,21,second,0,1,1,3,23,11-19-2018,16:22:11
14473,7,806,830,24,second,1,0,1,4,23,11-19-2018,16:22:11
14473,8,797,820,23,second,0,1,1,5,23,11-19-2018,16:22:11
14473,9,806,830,24,second,1,0,1,6,23,11-19-2018,16:22:11
14473,10,843,820,23,first,1,1,0,NA,23,11-19-2018,16:22:11
14473,11,820,798,22,first,1,1,0,NA,23,11-19-2018,16:22:11
14473,12,800,779,21,first,0,1,1,7,23,11-19-2018,16:22:11
14473,13,800,824,24,second,0,0,0,NA,23,11-19-2018,16:22:11
14473,14,820,844,24,second,1,0,1,8,23,11-19-2018,16:22:11
14473,15,830,853,23,second,0,1,1,9,23,11-19-2018,16:22:11
14473,16,776,800,24,second,0,0,0,NA,23,11-19-2018,16:22:11
14473,17,854,830,24,first,1,0,1,10,23,11-19-2018,16:22:11
14473,18,823,800,23,first,0,1,1,11,23,11-19-2018,16:22:11
14473,19,810,834,24,second,1,0,1,12,23,11-19-2018,16:22:11
14473,20,797,820,23,second,0,1,1,13,23,11-19-2018,16:22:11
14473,21,824,800,24,first,1,0,1,14,23,11-19-2018,16:22:11
14473,22,820,843,23,second,0,1,1,15,23,11-19-2018,16:22:11
14473,23,806,830,24,second,0,0,0,NA,23,11-19-2018,16:22:11
14473,24,824,800,24,first,1,0,1,16,23,11-19-2018,16:22:11
14473,25,820,797,23,first,0,1,1,17,23,11-19-2018,16:22:11
14473,26,800,824,24,second,0,0,0,NA,23,11-19-2018,16:22:11
14473,27,830,854,24,second,1,0,1,18,23,11-19-2018,16:22:11
14473,28,833,810,23,first,1,1,0,NA,23,11-19-2018,16:22:11
14473,29,800,778,22,first,1,1,0,NA,23,11-19-2018,16:22:11
14473,30,810,789,21,first,1,1,0,NA,23,11-19-2018,16:22:11
14473,31,840,820,20,first,1,1,0,NA,23,11-19-2018,16:22:11
14473,32,829,810,19,first,1,1,0,NA,23,11-19-2018,16:22:11
14473,33,828,810,18,first,1,1,0,NA,23,11-19-2018,16:22:11
14473,34,800,783,17,first,1,1,0,NA,23,11-19-2018,16:22:11
14473,35,814,830,16,second,1,1,0,NA,23,11-19-2018,16:22:11
14473,36,830,815,15,first,1,1,0,NA,23,11-19-2018,16:22:11
14473,37,806,820,14,second,0,1,1,19,23,11-19-2018,16:22:11
14473,38,810,793,17,first,1,0,1,20,23,11-19-2018,16:22:11
14473,39,830,814,16,first,1,1,0,NA,23,11-19-2018,16:22:11
14473,40,800,815,15,second,0,1,1,21,23,11-19-2018,16:22:11
14473,41,802,820,18,second,1,0,1,22,23,11-19-2018,16:22:11
14473,42,783,800,17,second,1,1,0,NA,23,11-19-2018,16:22:11
14473,43,810,794,16,first,1,1,0,NA,23,11-19-2018,16:22:11
14473,44,830,845,15,second,1,1,0,NA,23,11-19-2018,16:22:11
14473,45,844,830,14,first,1,1,0,NA,23,11-19-2018,16:22:11
14473,46,830,817,13,first,0,1,1,23,23,11-19-2018,16:22:11
14473,47,800,784,16,first,1,0,1,24,23,11-19-2018,16:22:11
14473,48,835,820,15,first,1,1,0,NA,23,11-19-2018,16:22:11
14473,49,820,834,14,second,0,1,1,25,23,11-19-2018,16:22:11
14473,50,783,800,17,second,1,0,1,26,23,11-19-2018,16:22:11
14473,51,810,826,16,second,1,1,0,NA,23,11-19-2018,16:22:11
14473,52,830,845,15,second,1,1,0,NA,23,11-19-2018,16:22:11
14473,53,844,830,14,first,1,1,0,NA,23,11-19-2018,16:22:11
14473,54,787,800,13,second,0,1,1,27,23,11-19-2018,16:22:11
14473,55,810,794,16,first,1,0,1,28,23,11-19-2018,16:22:11
14473,56,805,820,15,second,0,1,1,29,23,11-19-2018,16:22:11
14473,57,820,838,18,second,0,0,0,NA,23,11-19-2018,16:22:11
14473,58,799,820,21,second,0,0,0,NA,23,11-19-2018,16:22:11
14473,59,820,796,24,first,0,0,0,NA,23,11-19-2018,16:22:11
14473,60,800,824,24,second,1,0,1,30,23,11-19-2018,16:22:11
14473,61,810,833,23,second,0,1,1,31,23,11-19-2018,16:22:11
14473,62,830,806,24,first,1,0,1,32,23,11-19-2018,16:22:11
14473,63,833,810,23,first,0,1,1,33,23,11-19-2018,16:22:11
14473,64,844,820,24,first,1,0,1,34,23,11-19-2018,16:22:11
14475,1,830,845,15,second,1,NA,NA,NA,5,11-01-2018,10:23:06
14475,2,813,800,13,first,1,1,0,NA,5,11-01-2018,10:23:06
14475,3,810,799,11,first,1,1,0,NA,5,11-01-2018,10:23:06
14475,4,820,829,9,second,1,1,0,NA,5,11-01-2018,10:23:06
14475,5,813,820,7,second,1,1,0,NA,5,11-01-2018,10:23:06
14475,6,820,815,5,first,0,1,1,1,5,11-01-2018,10:23:06
14475,7,821,810,11,first,1,0,1,2,5,11-01-2018,10:23:06
14475,8,830,820,10,first,1,1,0,NA,5,11-01-2018,10:23:06
14475,9,821,830,9,second,1,1,0,NA,5,11-01-2018,10:23:06
14475,10,838,830,8,first,1,1,0,NA,5,11-01-2018,10:23:06
14475,11,830,837,7,second,1,1,0,NA,5,11-01-2018,10:23:06
14475,12,816,810,6,first,1,1,0,NA,5,11-01-2018,10:23:06
14475,13,825,830,5,second,1,1,0,NA,5,11-01-2018,10:23:06
14475,14,796,800,4,second,1,1,0,NA,5,11-01-2018,10:23:06
14475,15,810,807,3,first,0,1,1,3,5,11-01-2018,10:23:06
14475,16,830,824,6,first,1,0,1,4,5,11-01-2018,10:23:06
14475,17,795,800,5,second,1,1,0,NA,5,11-01-2018,10:23:06
14475,18,820,824,4,second,0,1,1,5,5,11-01-2018,10:23:06
14475,19,817,810,7,first,1,0,1,6,5,11-01-2018,10:23:06
14475,20,830,824,6,first,1,1,0,NA,5,11-01-2018,10:23:06
14475,21,825,820,5,first,0,1,1,7,5,11-01-2018,10:23:06
14475,22,838,830,8,first,1,0,1,8,5,11-01-2018,10:23:06
14475,23,810,803,7,first,1,1,0,NA,5,11-01-2018,10:23:06
14475,24,830,824,6,first,0,1,1,9,5,11-01-2018,10:23:06
14475,25,820,829,9,second,0,0,0,NA,5,11-01-2018,10:23:06
14475,26,810,822,12,second,1,0,1,10,5,11-01-2018,10:23:06
14475,27,810,821,11,second,1,1,0,NA,5,11-01-2018,10:23:06
14475,28,810,800,10,first,1,1,0,NA,5,11-01-2018,10:23:06
14475,29,810,819,9,second,1,1,0,NA,5,11-01-2018,10:23:06
14475,30,820,812,8,first,1,1,0,NA,5,11-01-2018,10:23:06
14475,31,817,810,7,first,1,1,0,NA,5,11-01-2018,10:23:06
14475,32,830,836,6,second,1,1,0,NA,5,11-01-2018,10:23:06
14475,33,805,800,5,first,1,1,0,NA,5,11-01-2018,10:23:06
14475,34,800,796,4,first,0,1,1,11,5,11-01-2018,10:23:06
14475,35,793,800,7,second,0,0,0,NA,5,11-01-2018,10:23:06
14475,36,800,810,10,second,1,0,1,12,5,11-01-2018,10:23:06
14475,37,811,820,9,second,0,1,1,13,5,11-01-2018,10:23:06
14475,38,810,822,12,second,1,0,1,14,5,11-01-2018,10:23:06
14475,39,841,830,11,first,1,1,0,NA,5,11-01-2018,10:23:06
14475,40,820,830,10,second,0,1,1,15,5,11-01-2018,10:23:06
14475,41,800,813,13,second,1,0,1,16,5,11-01-2018,10:23:06
14475,42,820,808,12,first,1,1,0,NA,5,11-01-2018,10:23:06
14475,43,831,820,11,first,1,1,0,NA,5,11-01-2018,10:23:06
14475,44,810,820,10,second,0,1,1,17,5,11-01-2018,10:23:06
14475,45,807,820,13,second,1,0,1,18,5,11-01-2018,10:23:06
14475,46,800,788,12,first,1,1,0,NA,5,11-01-2018,10:23:06
14475,47,830,819,11,first,1,1,0,NA,5,11-01-2018,10:23:06
14475,48,810,820,10,second,1,1,0,NA,5,11-01-2018,10:23:06
14475,49,811,820,9,second,1,1,0,NA,5,11-01-2018,10:23:06
14475,50,800,792,8,first,1,1,0,NA,5,11-01-2018,10:23:06
14475,51,810,803,7,first,1,1,0,NA,5,11-01-2018,10:23:06
14475,52,826,820,6,first,1,1,0,NA,5,11-01-2018,10:23:06
14475,53,800,805,5,second,1,1,0,NA,5,11-01-2018,10:23:06
14475,54,800,796,4,first,1,1,0,NA,5,11-01-2018,10:23:06
14475,55,817,820,3,second,0,1,1,19,5,11-01-2018,10:23:06
14475,56,836,830,6,first,1,0,1,20,5,11-01-2018,10:23:06
14475,57,825,830,5,second,1,1,0,NA,5,11-01-2018,10:23:06
14475,58,816,820,4,second,1,1,0,NA,5,11-01-2018,10:23:06
14475,59,800,803,3,second,0,1,1,21,5,11-01-2018,10:23:06
14475,60,820,826,6,second,0,0,0,NA,5,11-01-2018,10:23:06
14475,61,791,800,9,second,1,0,1,22,5,11-01-2018,10:23:06
14475,62,808,800,8,first,1,1,0,NA,5,11-01-2018,10:23:06
14475,63,820,813,7,first,1,1,0,NA,5,11-01-2018,10:23:06
14475,64,830,836,6,second,1,1,0,NA,5,11-01-2018,10:23:06
14477,1,825,810,15,first,0,NA,NA,NA,9,10-23-2018,14:14:07
14477,2,779,800,21,second,1,0,1,1,9,10-23-2018,14:14:07
14477,3,800,781,19,first,1,1,0,NA,9,10-23-2018,14:14:07
14477,4,830,847,17,second,1,1,0,NA,9,10-23-2018,14:14:07
14477,5,830,815,15,first,1,1,0,NA,9,10-23-2018,14:14:07
14477,6,820,833,13,second,1,1,0,NA,9,10-23-2018,14:14:07
14477,7,810,821,11,second,1,1,0,NA,9,10-23-2018,14:14:07
14477,8,800,790,10,first,1,1,0,NA,9,10-23-2018,14:14:07
14477,9,829,820,9,first,0,1,1,2,9,10-23-2018,14:14:07
14477,10,800,812,12,second,0,0,0,NA,9,10-23-2018,14:14:07
14477,11,830,815,15,first,1,0,1,3,9,10-23-2018,14:14:07
14477,12,820,834,14,second,1,1,0,NA,9,10-23-2018,14:14:07
14477,13,800,813,13,second,1,1,0,NA,9,10-23-2018,14:14:07
14477,14,820,832,12,second,1,1,0,NA,9,10-23-2018,14:14:07
14477,15,821,810,11,first,1,1,0,NA,9,10-23-2018,14:14:07
14477,16,830,840,10,second,1,1,0,NA,9,10-23-2018,14:14:07
14477,17,809,800,9,first,1,1,0,NA,9,10-23-2018,14:14:07
14477,18,792,800,8,second,0,1,1,4,9,10-23-2018,14:14:07
14477,19,800,789,11,first,1,0,1,5,9,10-23-2018,14:14:07
14477,20,810,820,10,second,1,1,0,NA,9,10-23-2018,14:14:07
14477,21,820,811,9,first,1,1,0,NA,9,10-23-2018,14:14:07
14477,22,820,812,8,first,1,1,0,NA,9,10-23-2018,14:14:07
14477,23,807,800,7,first,1,1,0,NA,9,10-23-2018,14:14:07
14477,24,810,804,6,first,1,1,0,NA,9,10-23-2018,14:14:07
14477,25,795,800,5,second,0,1,1,6,9,10-23-2018,14:14:07
14477,26,812,820,8,second,1,0,1,7,9,10-23-2018,14:14:07
14477,27,813,820,7,second,1,1,0,NA,9,10-23-2018,14:14:07
14477,28,830,836,6,second,1,1,0,NA,9,10-23-2018,14:14:07
14477,29,830,835,5,second,1,1,0,NA,9,10-23-2018,14:14:07
14477,30,810,806,4,first,0,1,1,8,9,10-23-2018,14:14:07
14477,31,800,793,7,first,1,0,1,9,9,10-23-2018,14:14:07
14477,32,816,810,6,first,1,1,0,NA,9,10-23-2018,14:14:07
14477,33,830,825,5,first,0,1,1,10,9,10-23-2018,14:14:07
14477,34,812,820,8,second,0,0,0,NA,9,10-23-2018,14:14:07
14477,35,841,830,11,first,1,0,1,11,9,10-23-2018,14:14:07
14477,36,820,810,10,first,1,1,0,NA,9,10-23-2018,14:14:07
14477,37,809,800,9,first,1,1,0,NA,9,10-23-2018,14:14:07
14477,38,822,830,8,second,1,1,0,NA,9,10-23-2018,14:14:07
14477,39,807,800,7,first,0,1,1,12,9,10-23-2018,14:14:07
14477,40,810,820,10,second,1,0,1,13,9,10-23-2018,14:14:07
14477,41,810,819,9,second,1,1,0,NA,9,10-23-2018,14:14:07
14477,42,838,830,8,first,1,1,0,NA,9,10-23-2018,14:14:07
14477,43,813,820,7,second,0,1,1,14,9,10-23-2018,14:14:07
14477,44,830,820,10,first,1,0,1,15,9,10-23-2018,14:14:07
14477,45,839,830,9,first,0,1,1,16,9,10-23-2018,14:14:07
14477,46,818,830,12,second,1,0,1,17,9,10-23-2018,14:14:07
14477,47,820,809,11,first,0,1,1,18,9,10-23-2018,14:14:07
14477,48,834,820,14,first,1,0,1,19,9,10-23-2018,14:14:07
14477,49,800,813,13,second,0,1,1,20,9,10-23-2018,14:14:07
14477,50,800,816,16,second,1,0,1,21,9,10-23-2018,14:14:07
14477,51,805,820,15,second,1,1,0,NA,9,10-23-2018,14:14:07
14477,52,810,796,14,first,1,1,0,NA,9,10-23-2018,14:14:07
14477,53,807,820,13,second,1,1,0,NA,9,10-23-2018,14:14:07
14477,54,832,820,12,first,0,1,1,22,9,10-23-2018,14:14:07
14477,55,810,795,15,first,1,0,1,23,9,10-23-2018,14:14:07
14477,56,816,830,14,second,1,1,0,NA,9,10-23-2018,14:14:07
14477,57,843,830,13,first,0,1,1,24,9,10-23-2018,14:14:07
14477,58,826,810,16,first,1,0,1,25,9,10-23-2018,14:14:07
14477,59,835,820,15,first,1,1,0,NA,9,10-23-2018,14:14:07
14477,60,806,820,14,second,1,1,0,NA,9,10-23-2018,14:14:07
14477,61,787,800,13,second,1,1,0,NA,9,10-23-2018,14:14:07
14477,62,818,830,12,second,1,1,0,NA,9,10-23-2018,14:14:07
14477,63,820,831,11,second,1,1,0,NA,9,10-23-2018,14:14:07
14477,64,810,820,10,second,1,1,0,NA,9,10-23-2018,14:14:07
14479,1,785,800,15,second,1,NA,NA,NA,4,10-30-2018,15:36:02
14479,2,807,820,13,second,1,1,0,NA,4,10-30-2018,15:36:02
14479,3,831,820,11,first,1,1,0,NA,4,10-30-2018,15:36:02
14479,4,809,800,9,first,1,1,0,NA,4,10-30-2018,15:36:02
14479,5,837,830,7,first,1,1,0,NA,4,10-30-2018,15:36:02
14479,6,820,815,5,first,1,1,0,NA,4,10-30-2018,15:36:02
14479,7,823,820,3,first,1,1,0,NA,4,10-30-2018,15:36:02
14479,8,820,822,2,second,0,1,1,1,4,10-30-2018,15:36:02
14479,9,800,805,5,second,1,0,1,2,4,10-30-2018,15:36:02
14479,10,810,814,4,second,1,1,0,NA,4,10-30-2018,15:36:02
14479,11,813,810,3,first,1,1,0,NA,4,10-30-2018,15:36:02
14479,12,810,808,2,first,1,1,0,NA,4,10-30-2018,15:36:02
14479,13,830,831,1,second,0,1,1,3,4,10-30-2018,15:36:02
14479,14,800,804,4,second,1,0,1,4,4,10-30-2018,15:36:02
14479,15,830,827,3,first,1,1,0,NA,4,10-30-2018,15:36:02
14479,16,800,798,2,first,1,1,0,NA,4,10-30-2018,15:36:02
14479,17,801,800,1,first,1,1,0,NA,4,10-30-2018,15:36:02
14479,18,819,820,1,second,1,1,0,NA,4,10-30-2018,15:36:02
14479,19,800,799,1,first,1,1,0,NA,4,10-30-2018,15:36:02
14479,20,820,819,1,first,1,1,0,NA,4,10-30-2018,15:36:02
14479,21,819,820,1,second,1,1,0,NA,4,10-30-2018,15:36:02
14479,22,819,820,1,second,1,1,0,NA,4,10-30-2018,15:36:02
14479,23,821,820,1,first,1,1,0,NA,4,10-30-2018,15:36:02
14479,24,819,820,1,second,0,1,1,5,4,10-30-2018,15:36:02
14479,25,810,814,4,second,1,0,1,6,4,10-30-2018,15:36:02
14479,26,827,830,3,second,1,1,0,NA,4,10-30-2018,15:36:02
14479,27,798,800,2,second,0,1,1,7,4,10-30-2018,15:36:02
14479,28,825,830,5,second,1,0,1,8,4,10-30-2018,15:36:02
14479,29,830,834,4,second,1,1,0,NA,4,10-30-2018,15:36:02
14479,30,820,823,3,second,0,1,1,9,4,10-30-2018,15:36:02
14479,31,826,820,6,first,1,0,1,10,4,10-30-2018,15:36:02
14479,32,830,835,5,second,1,1,0,NA,4,10-30-2018,15:36:02
14479,33,804,800,4,first,1,1,0,NA,4,10-30-2018,15:36:02
14479,34,833,830,3,first,1,1,0,NA,4,10-30-2018,15:36:02
14479,35,810,808,2,first,1,1,0,NA,4,10-30-2018,15:36:02
14479,36,810,811,1,second,0,1,1,11,4,10-30-2018,15:36:02
14479,37,830,826,4,first,1,0,1,12,4,10-30-2018,15:36:02
14479,38,830,827,3,first,1,1,0,NA,4,10-30-2018,15:36:02
14479,39,800,802,2,second,0,1,1,13,4,10-30-2018,15:36:02
14479,40,830,825,5,first,0,0,0,NA,4,10-30-2018,15:36:02
14479,41,822,830,8,second,1,0,1,14,4,10-30-2018,15:36:02
14479,42,817,810,7,first,1,1,0,NA,4,10-30-2018,15:36:02
14479,43,800,794,6,first,1,1,0,NA,4,10-30-2018,15:36:02
14479,44,820,825,5,second,0,1,1,15,4,10-30-2018,15:36:02
14479,45,838,830,8,first,1,0,1,16,4,10-30-2018,15:36:02
14479,46,830,837,7,second,1,1,0,NA,4,10-30-2018,15:36:02
14479,47,836,830,6,first,1,1,0,NA,4,10-30-2018,15:36:02
14479,48,795,800,5,second,1,1,0,NA,4,10-30-2018,15:36:02
14479,49,820,824,4,second,1,1,0,NA,4,10-30-2018,15:36:02
14479,50,810,807,3,first,1,1,0,NA,4,10-30-2018,15:36:02
14479,51,802,800,2,first,1,1,0,NA,4,10-30-2018,15:36:02
14479,52,829,830,1,second,1,1,0,NA,4,10-30-2018,15:36:02
14479,53,811,810,1,first,1,1,0,NA,4,10-30-2018,15:36:02
14479,54,819,820,1,second,0,1,1,17,4,10-30-2018,15:36:02
14479,55,816,820,4,second,1,0,1,18,4,10-30-2018,15:36:02
14479,56,810,807,3,first,1,1,0,NA,4,10-30-2018,15:36:02
14479,57,798,800,2,second,0,1,1,19,4,10-30-2018,15:36:02
14479,58,815,820,5,second,1,0,1,20,4,10-30-2018,15:36:02
14479,59,800,804,4,second,1,1,0,NA,4,10-30-2018,15:36:02
14479,60,820,817,3,first,1,1,0,NA,4,10-30-2018,15:36:02
14479,61,800,798,2,first,1,1,0,NA,4,10-30-2018,15:36:02
14479,62,810,811,1,second,1,1,0,NA,4,10-30-2018,15:36:02
14479,63,811,810,1,first,1,1,0,NA,4,10-30-2018,15:36:02
14479,64,820,819,1,first,0,1,1,21,4,10-30-2018,15:36:02
