subject,session,date,time,condition,block,sub_block,trial,subtrial,rt,acc
9001,1,10/10/22,09:18,practice,0,1,1,1,441.0773,1
9001,1,10/10/22,09:18,practice,0,1,2,2,348.496,1
9001,1,10/10/22,09:18,practice,0,1,3,3,378.3015,1
9001,1,10/10/22,09:18,practice,0,1,4,4,377.3032,1
9001,1,10/10/22,09:18,practice,0,1,5,5,403.0363,1
9001,1,10/10/22,09:18,practice,0,1,6,6,453.1416,1
9001,1,10/10/22,09:18,practice,0,1,7,7,463.0451,1
9001,1,10/10/22,09:18,practice,0,1,8,8,477.2024,1
9001,1,10/10/22,09:18,random,1,1,1,1,525.1675,1
9001,1,10/10/22,09:18,random,1,1,2,2,469.7998,1
9001,1,10/10/22,09:18,random,1,1,3,3,471.0932,1
9001,1,10/10/22,09:18,random,1,1,4,4,319.2003,1
9001,1,10/10/22,09:18,random,1,1,5,5,434.5214,1
9001,1,10/10/22,09:18,random,1,1,6,6,406.7747,1
9001,1,10/10/22,09:18,random,1,1,7,7,390.9605,1
9001,1,10/10/22,09:18,random,1,1,8,8,402.0882,1
9001,1,10/10/22,09:18,random,1,1,9,9,373.9298,1
9001,1,10/10/22,09:18,random,1,1,10,10,409.3072,1
9001,1,10/10/22,09:18,random,2,1,11,1,438.4741,0
9001,1,10/10/22,09:18,random,2,1,12,2,337.736,1
9001,1,10/10/22,09:18,random,2,1,13,3,429.0886,1
9001,1,10/10/22,09:18,random,2,1,14,4,422.5184,1
9001,1,10/10/22,09:18,random,2,1,15,5,497.7852,1
9001,1,10/10/22,09:18,random,2,1,16,6,568.1245,1
9001,1,10/10/22,09:18,random,2,1,17,7,441.2202,1
9001,1,10/10/22,09:18,random,2,1,18,8,419.6926,1
9001,1,10/10/22,09:18,random,2,1,19,9,416.966,1
9001,1,10/10/22,09:18,random,2,1,20,10,493.6555,1
9001,1,10/10/22,09:18,random,3,1,21,1,468.6459,1
9001,1,10/10/22,09:18,random,3,1,22,2,534.069,1
9001,1,10/10/22,09:18,random,3,1,23,3,478.3398,1
9001,1,10/10/22,09:18,random,3,1,24,4,446.9876,1
9001,1,10/10/22,09:18,random,3,1,25,5,505.1364,1
9001,1,10/10/22,09:18,random,3,1,26,6,480.6684,1
9001,1,10/10/22,09:18,random,3,1,27,7,365.6403,1
9001,1,10/10/22,09:18,random,3,1,28,8,413.7176,1
9001,1,10/10/22,09:18,random,3,1,29,9,491.353,1
9001,1,10/10/22,09:18,random,3,1,30,10,435.7993,1
9001,1,10/10/22,09:18,random,4,1,31,1,362.265,1
9001,1,10/10/22,09:18,random,4,1,32,2,361.4389,1
9001,1,10/10/22,09:18,random,4,1,33,3,417.456,1
9001,1,10/10/22,09:18,random,4,1,34,4,467.7908,1
9001,1,10/10/22,09:18,random,4,1,35,5,493.5059,1
9001,1,10/10/22,09:18,random,4,1,36,6,432.1025,1
9001,1,10/10/22,09:18,random,4,1,37,7,613.5216,1
9001,1,10/10/22,09:18,random,4,1,38,8,401.0489,1
9001,1,10/10/22,09:18,random,4,1,39,9,419.563,1
9001,1,10/10/22,09:18,random,4,1,40,10,537.8393,1
9001,1,10/10/22,09:18,random,5,1,41,1,451.7186,1
9001,1,10/10/22,09:18,random,5,1,42,2,488.6116,1
9001,1,10/10/22,09:18,random,5,1,43,3,422.4694,1
9001,1,10/10/22,09:18,random,5,1,44,4,388.1946,1
9001,1,10/10/22,09:18,random,5,1,45,5,474.0069,1
9001,1,10/10/22,09:18,random,5,1,46,6,615.2505,1
9001,1,10/10/22,09:18,random,5,1,47,7,525.6275,1
9001,1,10/10/22,09:18,random,5,1,48,8,547.317,1
9001,1,10/10/22,09:18,random,5,1,49,9,573.5027,1
9001,1,10/10/22,09:18,random,5,1,50,10,391.4368,1
1,NA,,,,NA,NA,NA,NA,NA,NA
9002,1,10/10/22,09:27,practice,0,1,1,1,574.3687,1
9002,1,10/10/22,09:27,practice,0,1,2,2,566.8803,1
9002,1,10/10/22,09:27,practice,0,1,3,3,676.4495,1
9002,1,10/10/22,09:27,practice,0,1,4,4,459.6926,1
9002,1,10/10/22,09:27,practice,0,1,5,5,453.3995,1
9002,1,10/10/22,09:27,practice,0,1,6,6,741.1827,1
9002,1,10/10/22,09:27,practice,0,1,7,7,581.4075,1
9002,1,10/10/22,09:27,practice,0,1,8,8,433.9241,1
9002,1,10/10/22,09:27,random,1,1,1,1,436.1191,1
9002,1,10/10/22,09:27,random,1,1,2,2,449.6811,1
9002,1,10/10/22,09:27,random,1,1,3,3,488.4638,1
9002,1,10/10/22,09:27,random,1,1,4,4,449.4297,1
9002,1,10/10/22,09:27,random,1,1,5,5,478.1266,0
9002,1,10/10/22,09:27,random,1,1,6,6,6.6948,0
9002,1,10/10/22,09:27,random,1,1,7,7,495.0008,1
9002,1,10/10/22,09:27,random,1,1,8,8,477.3937,1
9002,1,10/10/22,09:27,random,1,1,9,9,688.8324,1
9002,1,10/10/22,09:27,random,1,1,10,10,384.0021,1
9002,1,10/10/22,09:27,random,2,1,11,1,488.3907,1
9002,1,10/10/22,09:27,random,2,1,12,2,533.1514,1
9002,1,10/10/22,09:27,random,2,1,13,3,419.1831,1
9002,1,10/10/22,09:27,random,2,1,14,4,474.7671,1
9002,1,10/10/22,09:27,random,2,1,15,5,399.3415,1
9002,1,10/10/22,09:27,random,2,1,16,6,510.7462,1
9002,1,10/10/22,09:27,random,2,1,17,7,422.864,1
9002,1,10/10/22,09:27,random,2,1,18,8,502.8151,1
9002,1,10/10/22,09:27,random,2,1,19,9,2847.1869,1
9002,1,10/10/22,09:27,random,2,1,20,10,502.5772,1
9002,1,10/10/22,09:27,random,3,1,21,1,569.7035,1
9002,1,10/10/22,09:27,random,3,1,22,2,453.9146,1
9002,1,10/10/22,09:27,random,3,1,23,3,458.9335,1
9002,1,10/10/22,09:27,random,3,1,24,4,774.3607,1
9002,1,10/10/22,09:27,random,3,1,25,5,501.9126,1
9002,1,10/10/22,09:27,random,3,1,26,6,462.6653,1
9002,1,10/10/22,09:27,random,3,1,27,7,428.3277,1
9002,1,10/10/22,09:27,random,3,1,28,8,435.8172,1
9002,1,10/10/22,09:27,random,3,1,29,9,557.4968,1
9002,1,10/10/22,09:27,random,3,1,30,10,641.3135,1
9002,1,10/10/22,09:27,random,4,1,31,1,569.7038,0
9002,1,10/10/22,09:27,random,4,1,32,2,427.9152,1
9002,1,10/10/22,09:27,random,4,1,33,3,549.8635,1
9002,1,10/10/22,09:27,random,4,1,34,4,524.9512,1
9002,1,10/10/22,09:27,random,4,1,35,5,765.458,1
9002,1,10/10/22,09:27,random,4,1,36,6,602.7332,1
9002,1,10/10/22,09:27,random,4,1,37,7,573.6976,1
9002,1,10/10/22,09:27,random,4,1,38,8,473.5632,1
9002,1,10/10/22,09:27,random,4,1,39,9,583.8219,1
9002,1,10/10/22,09:27,random,4,1,40,10,532.6639,1
9002,1,10/10/22,09:27,random,5,1,41,1,480.3224,1
9002,1,10/10/22,09:27,random,5,1,42,2,581.9817,1
9002,1,10/10/22,09:27,random,5,1,43,3,525.7302,1
9002,1,10/10/22,09:27,random,5,1,44,4,478.7359,1
9002,1,10/10/22,09:27,random,5,1,45,5,675.7964,1
9002,1,10/10/22,09:27,random,5,1,46,6,484.0877,1
9002,1,10/10/22,09:27,random,5,1,47,7,506.8609,1
9002,1,10/10/22,09:27,random,5,1,48,8,614.1047,1
9002,1,10/10/22,09:27,random,5,1,49,9,593.8025,1
9002,1,10/10/22,09:27,random,5,1,50,10,534.7814,1
9003,1,10/10/22,10:28,practice,0,1,1,1,4716.6721,1
9003,1,10/10/22,10:28,practice,0,1,2,2,780.8795,1
9003,1,10/10/22,10:28,practice,0,1,3,3,1181.4337,1
9003,1,10/10/22,10:28,practice,0,1,4,4,572.3535,1
9003,1,10/10/22,10:28,practice,0,1,5,5,562.9391,1
9003,1,10/10/22,10:28,practice,0,1,6,6,556.8327,1
9003,1,10/10/22,10:28,practice,0,1,7,7,556.9758,1
9003,1,10/10/22,10:28,practice,0,1,8,8,379.0875,1
9003,1,10/10/22,10:28,random,1,1,1,1,402.417,1
9003,1,10/10/22,10:28,random,1,1,2,2,382.3509,1
9003,1,10/10/22,10:28,random,1,1,3,3,383.5917,1
9003,1,10/10/22,10:28,random,1,1,4,4,490.6957,1
9003,1,10/10/22,10:28,random,1,1,5,5,458.8409,1
9003,1,10/10/22,10:28,random,1,1,6,6,481.3736,1
9003,1,10/10/22,10:28,random,1,1,7,7,408.8101,1
9003,1,10/10/22,10:28,random,1,1,8,8,369.7427,1
9003,1,10/10/22,10:28,random,1,1,9,9,354.8406,1
9003,1,10/10/22,10:28,random,1,1,10,10,382.2201,1
9003,1,10/10/22,10:28,random,2,1,11,1,408.5447,0
9003,1,10/10/22,10:28,random,2,1,12,2,534.9472,1
9003,1,10/10/22,10:28,random,2,1,13,3,519.7308,1
9003,1,10/10/22,10:28,random,2,1,14,4,389.0826,1
9003,1,10/10/22,10:28,random,2,1,15,5,407.952,1
9003,1,10/10/22,10:28,random,2,1,16,6,336.9844,1
9003,1,10/10/22,10:28,random,2,1,17,7,308.7655,1
9003,1,10/10/22,10:28,random,2,1,18,8,312.5812,1
9003,1,10/10/22,10:28,random,2,1,19,9,446.4296,1
9003,1,10/10/22,10:28,random,2,1,20,10,363.4918,1
9003,1,10/10/22,10:28,random,3,1,21,1,392.1258,1
9003,1,10/10/22,10:28,random,3,1,22,2,418.2231,1
9003,1,10/10/22,10:28,random,3,1,23,3,379.0115,1
9003,1,10/10/22,10:28,random,3,1,24,4,347.2182,1
9003,1,10/10/22,10:28,random,3,1,25,5,396.7146,1
9003,1,10/10/22,10:28,random,3,1,26,6,384.7803,1
9003,1,10/10/22,10:28,random,3,1,27,7,550.1054,1
9003,1,10/10/22,10:28,random,3,1,28,8,463.585,1
9003,1,10/10/22,10:28,random,3,1,29,9,362.8372,1
9003,1,10/10/22,10:28,random,3,1,30,10,407.7648,1
9003,1,10/10/22,10:28,random,4,1,31,1,464.8612,1
9003,1,10/10/22,10:28,random,4,1,32,2,461.8694,1
9003,1,10/10/22,10:28,random,4,1,33,3,497.535,1
9003,1,10/10/22,10:28,random,4,1,34,4,355.584,1
9003,1,10/10/22,10:28,random,4,1,35,5,360.7092,1
9003,1,10/10/22,10:28,random,4,1,36,6,384.9483,1
9003,1,10/10/22,10:28,random,4,1,37,7,457.4348,1
9003,1,10/10/22,10:28,random,4,1,38,8,378.025,1
9003,1,10/10/22,10:28,random,4,1,39,9,497.7651,1
9003,1,10/10/22,10:28,random,4,1,40,10,381.6619,1
9003,1,10/10/22,10:28,random,5,1,41,1,621.3425,1
9003,1,10/10/22,10:28,random,5,1,42,2,494.7157,1
9003,1,10/10/22,10:28,random,5,1,43,3,463.9457,1
9003,1,10/10/22,10:28,random,5,1,44,4,371.7563,1
9003,1,10/10/22,10:28,random,5,1,45,5,319.4345,1
9003,1,10/10/22,10:28,random,5,1,46,6,439.6484,0
9003,1,10/10/22,10:28,random,5,1,47,7,419.9449,1
9003,1,10/10/22,10:28,random,5,1,48,8,424.3568,1
9003,1,10/10/22,10:28,random,5,1,49,9,522.4087,1
9003,1,10/10/22,10:28,random,5,1,50,10,434.1583,1
9004,1,10/10/22,13:17,practice,0,1,1,1,517.297,1
9004,1,10/10/22,13:17,practice,0,1,2,2,480.3284,1
9004,1,10/10/22,13:17,practice,0,1,3,3,507.6733,1
9004,1,10/10/22,13:17,practice,0,1,4,4,423.4488,1
9004,1,10/10/22,13:17,practice,0,1,5,5,351.9756,1
9004,1,10/10/22,13:17,practice,0,1,6,6,463.6238,1
9004,1,10/10/22,13:17,practice,0,1,7,7,481.9082,1
9004,1,10/10/22,13:17,practice,0,1,8,8,618.2506,1
9004,1,10/10/22,13:17,random,1,1,1,1,365.2574,1
9004,1,10/10/22,13:17,random,1,1,2,2,347.0573,1
9004,1,10/10/22,13:17,random,1,1,3,3,399.5697,1
9004,1,10/10/22,13:17,random,1,1,4,4,424.0075,1
9004,1,10/10/22,13:17,random,1,1,5,5,422.4963,1
9004,1,10/10/22,13:17,random,1,1,6,6,322.5891,1
9004,1,10/10/22,13:17,random,1,1,7,7,439.4018,1
9004,1,10/10/22,13:17,random,1,1,8,8,353.1718,1
9004,1,10/10/22,13:17,random,1,1,9,9,386.7514,1
9004,1,10/10/22,13:17,random,1,1,10,10,459.4221,1
9004,1,10/10/22,13:17,random,2,1,11,1,389.7017,1
9004,1,10/10/22,13:17,random,2,1,12,2,618.6878,1
9004,1,10/10/22,13:17,random,2,1,13,3,385.0998,1
9004,1,10/10/22,13:17,random,2,1,14,4,267.1877,1
9004,1,10/10/22,13:17,random,2,1,15,5,363.1538,1
9004,1,10/10/22,13:17,random,2,1,16,6,526.0613,1
9004,1,10/10/22,13:17,random,2,1,17,7,537.8674,1
9004,1,10/10/22,13:17,random,2,1,18,8,350.7943,1
9004,1,10/10/22,13:17,random,2,1,19,9,337.9551,1
9004,1,10/10/22,13:17,random,2,1,20,10,368.9422,1
9004,1,10/10/22,13:17,random,3,1,21,1,389.1301,1
9004,1,10/10/22,13:17,random,3,1,22,2,306.0631,1
9004,1,10/10/22,13:17,random,3,1,23,3,448.3864,1
9004,1,10/10/22,13:17,random,3,1,24,4,416.134,0
9004,1,10/10/22,13:17,random,3,1,25,5,591.6708,1
9004,1,10/10/22,13:17,random,3,1,26,6,396.2059,1
9004,1,10/10/22,13:17,random,3,1,27,7,477.0436,1
9004,1,10/10/22,13:17,random,3,1,28,8,471.045,1
9004,1,10/10/22,13:17,random,3,1,29,9,349.8337,1
9004,1,10/10/22,13:17,random,3,1,30,10,386.5877,1
9004,1,10/10/22,13:17,random,4,1,31,1,852.9316,1
9004,1,10/10/22,13:17,random,4,1,32,2,526.3005,1
9004,1,10/10/22,13:17,random,4,1,33,3,555.7679,1
9004,1,10/10/22,13:17,random,4,1,34,4,510.4739,1
9004,1,10/10/22,13:17,random,4,1,35,5,418.0682,1
9004,1,10/10/22,13:17,random,4,1,36,6,454.1278,1
9004,1,10/10/22,13:17,random,4,1,37,7,1138.0687,1
9004,1,10/10/22,13:17,random,4,1,38,8,465.7293,1
9004,1,10/10/22,13:17,random,4,1,39,9,452.0743,1
9004,1,10/10/22,13:17,random,4,1,40,10,475.3353,1
9004,1,10/10/22,13:17,random,5,1,41,1,419.2713,1
9004,1,10/10/22,13:17,random,5,1,42,2,507.2267,1
9004,1,10/10/22,13:17,random,5,1,43,3,573.263,1
9004,1,10/10/22,13:17,random,5,1,44,4,535.3979,1
9004,1,10/10/22,13:17,random,5,1,45,5,453.4879,0
9004,1,10/10/22,13:17,random,5,1,46,6,532.2309,1
9004,1,10/10/22,13:17,random,5,1,47,7,516.9169,1
9004,1,10/10/22,13:17,random,5,1,48,8,542.7544,1
9004,1,10/10/22,13:17,random,5,1,49,9,517.0936,1
9004,1,10/10/22,13:17,random,5,1,50,10,477.0421,1
9005,1,10/10/22,12:12,practice,0,1,1,1,1118.1657,1
9005,1,10/10/22,12:12,practice,0,1,2,2,787.6728,1
9005,1,10/10/22,12:12,practice,0,1,3,3,536.9634,1
9005,1,10/10/22,12:12,practice,0,1,4,4,651.7178,1
9005,1,10/10/22,12:12,practice,0,1,5,5,570.5923,1
9005,1,10/10/22,12:12,practice,0,1,6,6,474.3834,1
9005,1,10/10/22,12:12,practice,0,1,7,7,518.7394,1
9005,1,10/10/22,12:12,practice,0,1,8,8,485.506,1
9005,1,10/10/22,12:12,random,1,1,1,1,546.1989,1
9005,1,10/10/22,12:12,random,1,1,2,2,492.8342,1
9005,1,10/10/22,12:12,random,1,1,3,3,578.6068,1
9005,1,10/10/22,12:12,random,1,1,4,4,442.2702,1
9005,1,10/10/22,12:12,random,1,1,5,5,649.1131,1
9005,1,10/10/22,12:12,random,1,1,6,6,414.6267,1
9005,1,10/10/22,12:12,random,1,1,7,7,399.029,1
9005,1,10/10/22,12:12,random,1,1,8,8,375.502,1
9005,1,10/10/22,12:12,random,1,1,9,9,458.355,0
9005,1,10/10/22,12:12,random,1,1,10,10,526.8832,1
9005,1,10/10/22,12:12,random,2,1,11,1,503.283,1
9005,1,10/10/22,12:12,random,2,1,12,2,557.057,1
9005,1,10/10/22,12:12,random,2,1,13,3,561.9865,1
9005,1,10/10/22,12:12,random,2,1,14,4,521.2566,1
9005,1,10/10/22,12:12,random,2,1,15,5,390.4814,1
9005,1,10/10/22,12:12,random,2,1,16,6,469.8134,1
9005,1,10/10/22,12:12,random,2,1,17,7,499.1055,1
9005,1,10/10/22,12:12,random,2,1,18,8,469.471,1
9005,1,10/10/22,12:12,random,2,1,19,9,474.4744,1
9005,1,10/10/22,12:12,random,2,1,20,10,610.9784,1
9005,1,10/10/22,12:12,random,3,1,21,1,637.7009,1
9005,1,10/10/22,12:12,random,3,1,22,2,621.9312,1
9005,1,10/10/22,12:12,random,3,1,23,3,663.8375,1
9005,1,10/10/22,12:12,random,3,1,24,4,399.0366,1
9005,1,10/10/22,12:12,random,3,1,25,5,739.8257,1
9005,1,10/10/22,12:12,random,3,1,26,6,435.4523,1
9005,1,10/10/22,12:12,random,3,1,27,7,441.6486,1
9005,1,10/10/22,12:12,random,3,1,28,8,548.2453,1
9005,1,10/10/22,12:12,random,3,1,29,9,493.2838,1
9005,1,10/10/22,12:12,random,3,1,30,10,666.3269,1
9005,1,10/10/22,12:12,random,4,1,31,1,484.2225,1
9005,1,10/10/22,12:12,random,4,1,32,2,524.3948,1
9005,1,10/10/22,12:12,random,4,1,33,3,636.6405,1
9005,1,10/10/22,12:12,random,4,1,34,4,391.6603,1
9005,1,10/10/22,12:12,random,4,1,35,5,670.7914,1
9005,1,10/10/22,12:12,random,4,1,36,6,538.0464,1
9005,1,10/10/22,12:12,random,4,1,37,7,503.5033,1
9005,1,10/10/22,12:12,random,4,1,38,8,555.8743,1
9005,1,10/10/22,12:12,random,4,1,39,9,484.1437,1
9005,1,10/10/22,12:12,random,4,1,40,10,400.8147,1
9005,1,10/10/22,12:12,random,5,1,41,1,415.3444,1
9005,1,10/10/22,12:12,random,5,1,42,2,418.7575,1
9005,1,10/10/22,12:12,random,5,1,43,3,554.9094,1
9005,1,10/10/22,12:12,random,5,1,44,4,480.6589,1
9005,1,10/10/22,12:12,random,5,1,45,5,503.2013,1
9005,1,10/10/22,12:12,random,5,1,46,6,411.0902,0
9005,1,10/10/22,12:12,random,5,1,47,7,998.8041,1
9005,1,10/10/22,12:12,random,5,1,48,8,542.4236,1
9005,1,10/10/22,12:12,random,5,1,49,9,601.0574,1
9005,1,10/10/22,12:12,random,5,1,50,10,511.6837,1
9006,1,10/11/22,09:22,practice,0,1,1,1,660141.0998,1
9006,1,10/11/22,09:22,practice,0,1,2,2,16374.0172,1
9006,1,10/11/22,09:22,practice,0,1,3,3,707.0306,1
9006,1,10/11/22,09:22,practice,0,1,4,4,595.7693,1
9006,1,10/11/22,09:22,practice,0,1,5,5,556.0558,1
9006,1,10/11/22,09:22,practice,0,1,6,6,644.829,1
9006,1,10/11/22,09:22,practice,0,1,7,7,524.1902,1
9006,1,10/11/22,09:22,practice,0,1,8,8,441.4325,1
9006,1,10/11/22,09:22,random,1,1,1,1,445.7532,1
9006,1,10/11/22,09:22,random,1,1,2,2,627.217,1
9006,1,10/11/22,09:22,random,1,1,3,3,397.3012,1
9006,1,10/11/22,09:22,random,1,1,4,4,371.4488,1
9006,1,10/11/22,09:22,random,1,1,5,5,739.3067,1
9006,1,10/11/22,09:22,random,1,1,6,6,647.0824,1
9006,1,10/11/22,09:22,random,1,1,7,7,651.9772,1
9006,1,10/11/22,09:22,random,1,1,8,8,533.2502,1
9006,1,10/11/22,09:22,random,1,1,9,9,758.1884,1
9006,1,10/11/22,09:22,random,1,1,10,10,535.1653,1
9006,1,10/11/22,09:22,random,2,1,11,1,398.8836,1
9006,1,10/11/22,09:22,random,2,1,12,2,630.8176,1
9006,1,10/11/22,09:22,random,2,1,13,3,346.1421,1
9006,1,10/11/22,09:22,random,2,1,14,4,525.7804,1
9006,1,10/11/22,09:22,random,2,1,15,5,586.6135,1
9006,1,10/11/22,09:22,random,2,1,16,6,436.5129,1
9006,1,10/11/22,09:22,random,2,1,17,7,660.9929,1
9006,1,10/11/22,09:22,random,2,1,18,8,579.7535,1
9006,1,10/11/22,09:22,random,2,1,19,9,485.0721,1
9006,1,10/11/22,09:22,random,2,1,20,10,476.8376,1
9006,1,10/11/22,09:22,random,3,1,21,1,352.697,1
9006,1,10/11/22,09:22,random,3,1,22,2,382.0765,1
9006,1,10/11/22,09:22,random,3,1,23,3,360.0261,1
9006,1,10/11/22,09:22,random,3,1,24,4,456.1325,1
9006,1,10/11/22,09:22,random,3,1,25,5,561.297,1
9006,1,10/11/22,09:22,random,3,1,26,6,549.2067,0
9006,1,10/11/22,09:22,random,3,1,27,7,4.28710000007,0
9006,1,10/11/22,09:22,random,3,1,28,8,621.6232,1
9006,1,10/11/22,09:22,random,3,1,29,9,519.9342,1
9006,1,10/11/22,09:22,random,3,1,30,10,397.1518,1
9006,1,10/11/22,09:22,random,4,1,31,1,590.3111,1
9006,1,10/11/22,09:22,random,4,1,32,2,625.5933,1
9006,1,10/11/22,09:22,random,4,1,33,3,593.6661,1
9006,1,10/11/22,09:22,random,4,1,34,4,665.0559,1
9006,1,10/11/22,09:22,random,4,1,35,5,729.8393,1
9006,1,10/11/22,09:22,random,4,1,36,6,537.9943,1
9006,1,10/11/22,09:22,random,4,1,37,7,648.4309,0
9006,1,10/11/22,09:22,random,4,1,38,8,424.1697,0
9006,1,10/11/22,09:22,random,4,1,39,9,366.6052,1
9006,1,10/11/22,09:22,random,4,1,40,10,419.485,1
9006,1,10/11/22,09:22,random,5,1,41,1,670.3548,1
9006,1,10/11/22,09:22,random,5,1,42,2,706.7878,1
9006,1,10/11/22,09:22,random,5,1,43,3,608.7036,1
9006,1,10/11/22,09:22,random,5,1,44,4,702.5671,1
9006,1,10/11/22,09:22,random,5,1,45,5,516.5535,1
9006,1,10/11/22,09:22,random,5,1,46,6,525.1242,1
9006,1,10/11/22,09:22,random,5,1,47,7,552.4869,1
9006,1,10/11/22,09:22,random,5,1,48,8,409.6507,1
9006,1,10/11/22,09:22,random,5,1,49,9,430.1487,1
9006,1,10/11/22,09:22,random,5,1,50,10,469.8587,1
9007,1,10/11/22,09:31,practice,0,1,1,1,451.5823,1
9007,1,10/11/22,09:31,practice,0,1,2,2,435.3996,1
9007,1,10/11/22,09:31,practice,0,1,3,3,315.017,1
9007,1,10/11/22,09:31,practice,0,1,4,4,400.696,1
9007,1,10/11/22,09:31,practice,0,1,5,5,360.137,1
9007,1,10/11/22,09:31,practice,0,1,6,6,334.1219,1
9007,1,10/11/22,09:31,practice,0,1,7,7,357.5128,1
9007,1,10/11/22,09:31,practice,0,1,8,8,392.6495,1
9007,1,10/11/22,09:31,random,1,1,1,1,372.0317,1
9007,1,10/11/22,09:31,random,1,1,2,2,315.2409,1
9007,1,10/11/22,09:31,random,1,1,3,3,355.0926,1
9007,1,10/11/22,09:31,random,1,1,4,4,369.9026,1
9007,1,10/11/22,09:31,random,1,1,5,5,360.6051,1
9007,1,10/11/22,09:31,random,1,1,6,6,398.7457,1
9007,1,10/11/22,09:31,random,1,1,7,7,348.3836,1
9007,1,10/11/22,09:31,random,1,1,8,8,371.9563,1
9007,1,10/11/22,09:31,random,1,1,9,9,383.3053,1
9007,1,10/11/22,09:31,random,1,1,10,10,386.7204,1
9007,1,10/11/22,09:31,random,2,1,11,1,342.857,1
9007,1,10/11/22,09:31,random,2,1,12,2,356.2846,1
9007,1,10/11/22,09:31,random,2,1,13,3,372.718,1
9007,1,10/11/22,09:31,random,2,1,14,4,396.9997,1
9007,1,10/11/22,09:31,random,2,1,15,5,360.6726,1
9007,1,10/11/22,09:31,random,2,1,16,6,340.9333,1
9007,1,10/11/22,09:31,random,2,1,17,7,375,1
9007,1,10/11/22,09:31,random,2,1,18,8,401.9202,1
9007,1,10/11/22,09:31,random,2,1,19,9,406.074,0
9007,1,10/11/22,09:31,random,2,1,20,10,454.0921,1
9007,1,10/11/22,09:31,random,3,1,21,1,414.1424,1
9007,1,10/11/22,09:31,random,3,1,22,2,533.8167,1
9007,1,10/11/22,09:31,random,3,1,23,3,384.6569,1
9007,1,10/11/22,09:31,random,3,1,24,4,414.2532,1
9007,1,10/11/22,09:31,random,3,1,25,5,368.8595,1
9007,1,10/11/22,09:31,random,3,1,26,6,388.1977,0
9007,1,10/11/22,09:31,random,3,1,27,7,623.0012,1
9007,1,10/11/22,09:31,random,3,1,28,8,395.5163,1
9007,1,10/11/22,09:31,random,3,1,29,9,548.7908,1
9007,1,10/11/22,09:31,random,3,1,30,10,413.7742,1
9007,1,10/11/22,09:31,random,4,1,31,1,484.0914,1
9007,1,10/11/22,09:31,random,4,1,32,2,519.9785,1
9007,1,10/11/22,09:31,random,4,1,33,3,438.3073,1
9007,1,10/11/22,09:31,random,4,1,34,4,463.2015,1
9007,1,10/11/22,09:31,random,4,1,35,5,432.6903,1
9007,1,10/11/22,09:31,random,4,1,36,6,386.3494,1
9007,1,10/11/22,09:31,random,4,1,37,7,453.5664,1
9007,1,10/11/22,09:31,random,4,1,38,8,429.0534,1
9007,1,10/11/22,09:31,random,4,1,39,9,422.9769,1
9007,1,10/11/22,09:31,random,4,1,40,10,418.3961,1
9007,1,10/11/22,09:31,random,5,1,41,1,407.4263,1
9007,1,10/11/22,09:31,random,5,1,42,2,647.9557,1
9007,1,10/11/22,09:31,random,5,1,43,3,501.8828,1
9007,1,10/11/22,09:31,random,5,1,44,4,463.627,1
9007,1,10/11/22,09:31,random,5,1,45,5,443.386,1
9007,1,10/11/22,09:31,random,5,1,46,6,459.4933,1
9007,1,10/11/22,09:31,random,5,1,47,7,516.0831,1
9007,1,10/11/22,09:31,random,5,1,48,8,499.8271,1
9007,1,10/11/22,09:31,random,5,1,49,9,440.1332,1
9007,1,10/11/22,09:31,random,5,1,50,10,584.5142,1
9009,1,10/11/22,12:29,practice,0,1,1,1,434.9502,0
9009,1,10/11/22,12:29,practice,0,1,2,2,564.3173,1
9009,1,10/11/22,12:29,practice,0,1,3,3,558.7391,1
9009,1,10/11/22,12:29,practice,0,1,4,4,510.5714,1
9009,1,10/11/22,12:29,practice,0,1,5,5,519.362,0
9009,1,10/11/22,12:29,practice,0,1,6,6,647.6831,1
9009,1,10/11/22,12:29,practice,0,1,7,7,555.2142,1
9009,1,10/11/22,12:29,practice,0,1,8,8,561.3341,1
9009,1,10/11/22,12:29,random,1,1,1,1,514.3249,1
9009,1,10/11/22,12:29,random,1,1,2,2,542.6482,1
9009,1,10/11/22,12:29,random,1,1,3,3,350.7057,1
9009,1,10/11/22,12:29,random,1,1,4,4,486.4157,1
9009,1,10/11/22,12:29,random,1,1,5,5,331.5451,1
9009,1,10/11/22,12:29,random,1,1,6,6,367.8396,1
9009,1,10/11/22,12:29,random,1,1,7,7,542.8869,1
9009,1,10/11/22,12:29,random,1,1,8,8,413.7239,1
9009,1,10/11/22,12:29,random,1,1,9,9,446.7037,1
9009,1,10/11/22,12:29,random,1,1,10,10,339.5307,1
9009,1,10/11/22,12:29,random,2,1,11,1,351.7898,1
9009,1,10/11/22,12:29,random,2,1,12,2,274.1714,1
9009,1,10/11/22,12:29,random,2,1,13,3,333.2317,1
9009,1,10/11/22,12:29,random,2,1,14,4,380.1093,1
9009,1,10/11/22,12:29,random,2,1,15,5,363.5875,1
9009,1,10/11/22,12:29,random,2,1,16,6,497.2341,1
9009,1,10/11/22,12:29,random,2,1,17,7,519.5671,1
9009,1,10/11/22,12:29,random,2,1,18,8,505.8134,1
9009,1,10/11/22,12:29,random,2,1,19,9,417.9267,1
9009,1,10/11/22,12:29,random,2,1,20,10,327.2345,1
9009,1,10/11/22,12:29,random,3,1,21,1,340.8387,0
9009,1,10/11/22,12:29,random,3,1,22,2,420.297,1
9009,1,10/11/22,12:29,random,3,1,23,3,446.385,1
9009,1,10/11/22,12:29,random,3,1,24,4,391.4898,1
9009,1,10/11/22,12:29,random,3,1,25,5,430.0346,1
9009,1,10/11/22,12:29,random,3,1,26,6,391.3751,1
9009,1,10/11/22,12:29,random,3,1,27,7,375.3123,1
9009,1,10/11/22,12:29,random,3,1,28,8,348.1925,1
9009,1,10/11/22,12:29,random,3,1,29,9,348.645,1
9009,1,10/11/22,12:29,random,3,1,30,10,346.2046,1
9009,1,10/11/22,12:29,random,4,1,31,1,261.8236,1
9009,1,10/11/22,12:29,random,4,1,32,2,562.9802,1
9009,1,10/11/22,12:29,random,4,1,33,3,373.2443,1
9009,1,10/11/22,12:29,random,4,1,34,4,367.9513,1
9009,1,10/11/22,12:29,random,4,1,35,5,404.5614,1
9009,1,10/11/22,12:29,random,4,1,36,6,321.7343,1
9009,1,10/11/22,12:29,random,4,1,37,7,298.3932,1
9009,1,10/11/22,12:29,random,4,1,38,8,320.5216,1
9009,1,10/11/22,12:29,random,4,1,39,9,886.1312,1
9009,1,10/11/22,12:29,random,4,1,40,10,324.8088,1
9009,1,10/11/22,12:29,random,5,1,41,1,581.368,1
9009,1,10/11/22,12:29,random,5,1,42,2,513.4525,1
9009,1,10/11/22,12:29,random,5,1,43,3,672.7742,0
9009,1,10/11/22,12:29,random,5,1,44,4,517.7061,1
9009,1,10/11/22,12:29,random,5,1,45,5,461.4713,1
9009,1,10/11/22,12:29,random,5,1,46,6,514.2129,1
9009,1,10/11/22,12:29,random,5,1,47,7,494.8263,1
9009,1,10/11/22,12:29,random,5,1,48,8,621.6897,1
9009,1,10/11/22,12:29,random,5,1,49,9,517.9649,1
9009,1,10/11/22,12:29,random,5,1,50,10,557.7247,1
9010,1,10/11/22,15:13,practice,0,1,1,1,429.5566,1
9010,1,10/11/22,15:13,practice,0,1,2,2,379.9244,1
9010,1,10/11/22,15:13,practice,0,1,3,3,355.0997,1
9010,1,10/11/22,15:13,practice,0,1,4,4,427.2285,1
9010,1,10/11/22,15:13,practice,0,1,5,5,373.3861,1
9010,1,10/11/22,15:13,practice,0,1,6,6,449.8446,1
9010,1,10/11/22,15:13,practice,0,1,7,7,409.7077,1
9010,1,10/11/22,15:13,practice,0,1,8,8,406.212,1
9010,1,10/11/22,15:13,random,1,1,1,1,375.886,1
9010,1,10/11/22,15:13,random,1,1,2,2,373.1753,1
9010,1,10/11/22,15:13,random,1,1,3,3,392.5115,1
9010,1,10/11/22,15:13,random,1,1,4,4,351.9044,1
9010,1,10/11/22,15:13,random,1,1,5,5,466.2645,1
9010,1,10/11/22,15:13,random,1,1,6,6,383.498,1
9010,1,10/11/22,15:13,random,1,1,7,7,369.2543,1
9010,1,10/11/22,15:13,random,1,1,8,8,557.8531,1
9010,1,10/11/22,15:13,random,1,1,9,9,366.7843,1
9010,1,10/11/22,15:13,random,1,1,10,10,366.3904,1
9010,1,10/11/22,15:13,random,2,1,11,1,363.0698,1
9010,1,10/11/22,15:13,random,2,1,12,2,391.7123,1
9010,1,10/11/22,15:13,random,2,1,13,3,397.3869,1
9010,1,10/11/22,15:13,random,2,1,14,4,381.4885,1
9010,1,10/11/22,15:13,random,2,1,15,5,369.624,1
9010,1,10/11/22,15:13,random,2,1,16,6,337.0472,1
9010,1,10/11/22,15:13,random,2,1,17,7,315.149,1
9010,1,10/11/22,15:13,random,2,1,18,8,356.3233,1
9010,1,10/11/22,15:13,random,2,1,19,9,390.9178,1
9010,1,10/11/22,15:13,random,2,1,20,10,481.5033,1
9010,1,10/11/22,15:13,random,3,1,21,1,339.7312,0
9010,1,10/11/22,15:13,random,3,1,22,2,6.07009999998,0
9010,1,10/11/22,15:13,random,3,1,23,3,322.0226,0
9010,1,10/11/22,15:13,random,3,1,24,4,478.9251,1
9010,1,10/11/22,15:13,random,3,1,25,5,476.8727,1
9010,1,10/11/22,15:13,random,3,1,26,6,480.4756,1
9010,1,10/11/22,15:13,random,3,1,27,7,380.1311,1
9010,1,10/11/22,15:13,random,3,1,28,8,450.7293,1
9010,1,10/11/22,15:13,random,3,1,29,9,396.9683,1
9010,1,10/11/22,15:13,random,3,1,30,10,714.6948,1
9010,1,10/11/22,15:13,random,4,1,31,1,379.7424,1
9010,1,10/11/22,15:13,random,4,1,32,2,378.38,1
9010,1,10/11/22,15:13,random,4,1,33,3,369.3708,1
9010,1,10/11/22,15:13,random,4,1,34,4,363.3584,1
9010,1,10/11/22,15:13,random,4,1,35,5,364.9788,1
9010,1,10/11/22,15:13,random,4,1,36,6,508.0484,1
9010,1,10/11/22,15:13,random,4,1,37,7,389.349,1
9010,1,10/11/22,15:13,random,4,1,38,8,467.0814,1
9010,1,10/11/22,15:13,random,4,1,39,9,592.2533,1
9010,1,10/11/22,15:13,random,4,1,40,10,425.3052,1
9010,1,10/11/22,15:13,random,5,1,41,1,495.62,1
9010,1,10/11/22,15:13,random,5,1,42,2,511.1659,1
9010,1,10/11/22,15:13,random,5,1,43,3,391.1131,1
9010,1,10/11/22,15:13,random,5,1,44,4,417.0715,1
9010,1,10/11/22,15:13,random,5,1,45,5,496.8719,1
9010,1,10/11/22,15:13,random,5,1,46,6,549.7748,1
9010,1,10/11/22,15:13,random,5,1,47,7,458.8603,1
9010,1,10/11/22,15:13,random,5,1,48,8,1223.1325,1
9010,1,10/11/22,15:13,random,5,1,49,9,490.924,1
9010,1,10/11/22,15:13,random,5,1,50,10,555.6569,1
9011,1,10/11/22,15:11,practice,0,1,1,1,698.6518,1
9011,1,10/11/22,15:11,practice,0,1,2,2,474.817,1
9011,1,10/11/22,15:11,practice,0,1,3,3,530.1704,1
9011,1,10/11/22,15:11,practice,0,1,4,4,467.8993,1
9011,1,10/11/22,15:11,practice,0,1,5,5,560.8838,1
9011,1,10/11/22,15:11,practice,0,1,6,6,408.1505,1
9011,1,10/11/22,15:11,practice,0,1,7,7,410.8232,1
9011,1,10/11/22,15:11,practice,0,1,8,8,585.6759,1
9011,1,10/11/22,15:11,random,1,1,1,1,517.9605,1
9011,1,10/11/22,15:11,random,1,1,2,2,454.1214,1
9011,1,10/11/22,15:11,random,1,1,3,3,504.8952,1
9011,1,10/11/22,15:11,random,1,1,4,4,484.6694,1
9011,1,10/11/22,15:11,random,1,1,5,5,451.7558,1
9011,1,10/11/22,15:11,random,1,1,6,6,535.4121,1
9011,1,10/11/22,15:11,random,1,1,7,7,447.1148,1
9011,1,10/11/22,15:11,random,1,1,8,8,437.8318,1
9011,1,10/11/22,15:11,random,1,1,9,9,388.3881,1
9011,1,10/11/22,15:11,random,1,1,10,10,470.826,1
9011,1,10/11/22,15:11,random,2,1,11,1,365.8903,1
9011,1,10/11/22,15:11,random,2,1,12,2,451.3399,1
9011,1,10/11/22,15:11,random,2,1,13,3,651.7445,1
9011,1,10/11/22,15:11,random,2,1,14,4,412.5928,1
9011,1,10/11/22,15:11,random,2,1,15,5,438.6771,1
9011,1,10/11/22,15:11,random,2,1,16,6,351.0801,1
9011,1,10/11/22,15:11,random,2,1,17,7,507.8733,1
9011,1,10/11/22,15:11,random,2,1,18,8,488.5613,1
9011,1,10/11/22,15:11,random,2,1,19,9,423.5956,1
9011,1,10/11/22,15:11,random,2,1,20,10,419.7548,1
9011,1,10/11/22,15:11,random,3,1,21,1,433.4348,1
9011,1,10/11/22,15:11,random,3,1,22,2,433.2474,1
9011,1,10/11/22,15:11,random,3,1,23,3,397.4797,1
9011,1,10/11/22,15:11,random,3,1,24,4,400.5611,1
9011,1,10/11/22,15:11,random,3,1,25,5,400.4306,1
9011,1,10/11/22,15:11,random,3,1,26,6,423.9586,1
9011,1,10/11/22,15:11,random,3,1,27,7,392.6213,1
9011,1,10/11/22,15:11,random,3,1,28,8,455.614,1
9011,1,10/11/22,15:11,random,3,1,29,9,393.9624,1
9011,1,10/11/22,15:11,random,3,1,30,10,408.5939,1
9011,1,10/11/22,15:11,random,4,1,31,1,541.9531,1
9011,1,10/11/22,15:11,random,4,1,32,2,387.9267,1
9011,1,10/11/22,15:11,random,4,1,33,3,465.307,1
9011,1,10/11/22,15:11,random,4,1,34,4,542.8477,1
9011,1,10/11/22,15:11,random,4,1,35,5,470.7909,1
9011,1,10/11/22,15:11,random,4,1,36,6,531.5599,1
9011,1,10/11/22,15:11,random,4,1,37,7,455.3769,1
9011,1,10/11/22,15:11,random,4,1,38,8,418.7157,1
9011,1,10/11/22,15:11,random,4,1,39,9,516.3942,1
9011,1,10/11/22,15:11,random,4,1,40,10,547.6951,1
9011,1,10/11/22,15:11,random,5,1,41,1,490.1204,1
9011,1,10/11/22,15:11,random,5,1,42,2,573.0251,1
9011,1,10/11/22,15:11,random,5,1,43,3,401.1122,1
9011,1,10/11/22,15:11,random,5,1,44,4,428.5639,1
9011,1,10/11/22,15:11,random,5,1,45,5,478.7207,1
9011,1,10/11/22,15:11,random,5,1,46,6,448.6966,1
9011,1,10/11/22,15:11,random,5,1,47,7,389.5195,1
9011,1,10/11/22,15:11,random,5,1,48,8,496.6496,1
9011,1,10/11/22,15:11,random,5,1,49,9,687.3158,1
9011,1,10/11/22,15:11,random,5,1,50,10,408.2333,1
9012,1,10/11/22,15:16,practice,0,1,1,1,549.32,1
9012,1,10/11/22,15:16,practice,0,1,2,2,615.1004,1
9012,1,10/11/22,15:16,practice,0,1,3,3,662.9434,1
9012,1,10/11/22,15:16,practice,0,1,4,4,572.5325,1
9012,1,10/11/22,15:16,practice,0,1,5,5,623.8179,1
9012,1,10/11/22,15:16,practice,0,1,6,6,468.9704,1
9012,1,10/11/22,15:16,practice,0,1,7,7,413.3835,1
9012,1,10/11/22,15:16,practice,0,1,8,8,509.9827,1
9012,1,10/11/22,15:16,random,1,1,1,1,501.8189,1
9012,1,10/11/22,15:16,random,1,1,2,2,542.28,1
9012,1,10/11/22,15:16,random,1,1,3,3,512.9827,1
9012,1,10/11/22,15:16,random,1,1,4,4,561.1165,1
9012,1,10/11/22,15:16,random,1,1,5,5,514.9494,1
9012,1,10/11/22,15:16,random,1,1,6,6,518.7799,1
9012,1,10/11/22,15:16,random,1,1,7,7,409.9971,1
9012,1,10/11/22,15:16,random,1,1,8,8,655.9811,1
9012,1,10/11/22,15:16,random,1,1,9,9,408.3465,1
9012,1,10/11/22,15:16,random,1,1,10,10,486.4048,1
9012,1,10/11/22,15:16,random,2,1,11,1,446.3604,1
9012,1,10/11/22,15:16,random,2,1,12,2,471.1646,1
9012,1,10/11/22,15:16,random,2,1,13,3,496.4708,1
9012,1,10/11/22,15:16,random,2,1,14,4,517.7014,1
9012,1,10/11/22,15:16,random,2,1,15,5,342.1594,1
9012,1,10/11/22,15:16,random,2,1,16,6,448.4774,1
9012,1,10/11/22,15:16,random,2,1,17,7,417.4292,0
9012,1,10/11/22,15:16,random,2,1,18,8,581.4483,1
9012,1,10/11/22,15:16,random,2,1,19,9,704.6357,1
9012,1,10/11/22,15:16,random,2,1,20,10,516.8539,1
9012,1,10/11/22,15:16,random,3,1,21,1,554.7224,1
9012,1,10/11/22,15:16,random,3,1,22,2,480.8505,1
9012,1,10/11/22,15:16,random,3,1,23,3,425.1655,1
9012,1,10/11/22,15:16,random,3,1,24,4,549.1428,1
9012,1,10/11/22,15:16,random,3,1,25,5,450.0359,1
9012,1,10/11/22,15:16,random,3,1,26,6,513.5526,1
9012,1,10/11/22,15:16,random,3,1,27,7,657.606,1
9012,1,10/11/22,15:16,random,3,1,28,8,425.3259,1
9012,1,10/11/22,15:16,random,3,1,29,9,477.4025,1
9012,1,10/11/22,15:16,random,3,1,30,10,463.9723,1
9012,1,10/11/22,15:16,random,4,1,31,1,465.6917,1
9012,1,10/11/22,15:16,random,4,1,32,2,522.5793,1
9012,1,10/11/22,15:16,random,4,1,33,3,670.1158,1
9012,1,10/11/22,15:16,random,4,1,34,4,456.1429,1
9012,1,10/11/22,15:16,random,4,1,35,5,630.8697,1
9012,1,10/11/22,15:16,random,4,1,36,6,520.7299,1
9012,1,10/11/22,15:16,random,4,1,37,7,547.0928,1
9012,1,10/11/22,15:16,random,4,1,38,8,445.9589,1
9012,1,10/11/22,15:16,random,4,1,39,9,434.5267,1
9012,1,10/11/22,15:16,random,4,1,40,10,539.2649,1
9012,1,10/11/22,15:16,random,5,1,41,1,480.2799,1
9012,1,10/11/22,15:16,random,5,1,42,2,519.3257,1
9012,1,10/11/22,15:16,random,5,1,43,3,415.5062,1
9012,1,10/11/22,15:16,random,5,1,44,4,463.3772,1
9012,1,10/11/22,15:16,random,5,1,45,5,492.7823,1
9012,1,10/11/22,15:16,random,5,1,46,6,504.3762,1
9012,1,10/11/22,15:16,random,5,1,47,7,399.4296,1
9012,1,10/11/22,15:16,random,5,1,48,8,512.764,1
9012,1,10/11/22,15:16,random,5,1,49,9,509.305,1
9012,1,10/11/22,15:16,random,5,1,50,10,563.5042,1
9013,1,10/12/22,09:28,practice,0,1,1,1,783.6087,1
9013,1,10/12/22,09:28,practice,0,1,2,2,591.8406,1
9013,1,10/12/22,09:28,practice,0,1,3,3,443.9839,1
9013,1,10/12/22,09:28,practice,0,1,4,4,509.4015,1
9013,1,10/12/22,09:28,practice,0,1,5,5,507.1829,1
9013,1,10/12/22,09:28,practice,0,1,6,6,546.6743,1
9013,1,10/12/22,09:28,practice,0,1,7,7,604.7964,1
9013,1,10/12/22,09:28,practice,0,1,8,8,454.5572,1
9013,1,10/12/22,09:28,random,1,1,1,1,421.9515,1
9013,1,10/12/22,09:28,random,1,1,2,2,403.2705,1
9013,1,10/12/22,09:28,random,1,1,3,3,348.1255,0
9013,1,10/12/22,09:28,random,1,1,4,4,534.3547,1
9013,1,10/12/22,09:28,random,1,1,5,5,522.0764,1
9013,1,10/12/22,09:28,random,1,1,6,6,492.0778,1
9013,1,10/12/22,09:28,random,1,1,7,7,519.3298,1
9013,1,10/12/22,09:28,random,1,1,8,8,387.8218,1
9013,1,10/12/22,09:28,random,1,1,9,9,451.4964,1
9013,1,10/12/22,09:28,random,1,1,10,10,372.6215,1
9013,1,10/12/22,09:28,random,2,1,11,1,420.9053,1
9013,1,10/12/22,09:28,random,2,1,12,2,463.5665,0
9013,1,10/12/22,09:28,random,2,1,13,3,583.5925,1
9013,1,10/12/22,09:28,random,2,1,14,4,448.9405,1
9013,1,10/12/22,09:28,random,2,1,15,5,639.1271,1
9013,1,10/12/22,09:28,random,2,1,16,6,496.3087,1
9013,1,10/12/22,09:28,random,2,1,17,7,514.3377,1
9013,1,10/12/22,09:28,random,2,1,18,8,476.8373,1
9013,1,10/12/22,09:28,random,2,1,19,9,576.251,1
9013,1,10/12/22,09:28,random,2,1,20,10,473.0273,1
9013,1,10/12/22,09:28,random,3,1,21,1,382.7521,1
9013,1,10/12/22,09:28,random,3,1,22,2,408.3224,1
9013,1,10/12/22,09:28,random,3,1,23,3,479.2473,1
9013,1,10/12/22,09:28,random,3,1,24,4,443.4027,1
9013,1,10/12/22,09:28,random,3,1,25,5,440.9846,1
9013,1,10/12/22,09:28,random,3,1,26,6,427.0238,1
9013,1,10/12/22,09:28,random,3,1,27,7,445.1095,1
9013,1,10/12/22,09:28,random,3,1,28,8,442.4296,1
9013,1,10/12/22,09:28,random,3,1,29,9,519.8638,1
9013,1,10/12/22,09:28,random,3,1,30,10,440.6016,1
9013,1,10/12/22,09:28,random,4,1,31,1,462.1424,1
9013,1,10/12/22,09:28,random,4,1,32,2,470.9069,1
9013,1,10/12/22,09:28,random,4,1,33,3,419.0492,1
9013,1,10/12/22,09:28,random,4,1,34,4,439.6062,1
9013,1,10/12/22,09:28,random,4,1,35,5,399.3121,1
9013,1,10/12/22,09:28,random,4,1,36,6,475.966,1
9013,1,10/12/22,09:28,random,4,1,37,7,551.2727,1
9013,1,10/12/22,09:28,random,4,1,38,8,446.0831,1
9013,1,10/12/22,09:28,random,4,1,39,9,487.867,1
9013,1,10/12/22,09:28,random,4,1,40,10,630.3875,1
9013,1,10/12/22,09:28,random,5,1,41,1,475.2789,1
9013,1,10/12/22,09:28,random,5,1,42,2,525.5815,1
9013,1,10/12/22,09:28,random,5,1,43,3,462.3463,1
9013,1,10/12/22,09:28,random,5,1,44,4,963.8999,1
9013,1,10/12/22,09:28,random,5,1,45,5,531.9315,1
9013,1,10/12/22,09:28,random,5,1,46,6,448.3401,1
9013,1,10/12/22,09:28,random,5,1,47,7,546.7815,1
9013,1,10/12/22,09:28,random,5,1,48,8,661.1611,1
9013,1,10/12/22,09:28,random,5,1,49,9,561.3872,1
9013,1,10/12/22,09:28,random,5,1,50,10,516.7532,1
9014,1,10/12/22,09:39,practice,0,1,1,1,1305.8421,1
9014,1,10/12/22,09:39,practice,0,1,2,2,564.4731,1
9014,1,10/12/22,09:39,practice,0,1,3,3,934.7084,1
9014,1,10/12/22,09:39,practice,0,1,4,4,356.6284,1
9014,1,10/12/22,09:39,practice,0,1,5,5,500.7656,1
9014,1,10/12/22,09:39,practice,0,1,6,6,403.5841,1
9014,1,10/12/22,09:39,practice,0,1,7,7,516.4842,1
9014,1,10/12/22,09:39,practice,0,1,8,8,745.6734,1
9014,1,10/12/22,09:39,random,1,1,1,1,490.4717,1
9014,1,10/12/22,09:39,random,1,1,2,2,663.1081,1
9014,1,10/12/22,09:39,random,1,1,3,3,541.181,1
9014,1,10/12/22,09:39,random,1,1,4,4,548.9734,1
9014,1,10/12/22,09:39,random,1,1,5,5,518.5565,1
9014,1,10/12/22,09:39,random,1,1,6,6,608.7593,1
9014,1,10/12/22,09:39,random,1,1,7,7,533.6318,1
9014,1,10/12/22,09:39,random,1,1,8,8,360.1435,1
9014,1,10/12/22,09:39,random,1,1,9,9,565.878,1
9014,1,10/12/22,09:39,random,1,1,10,10,676.206,1
9014,1,10/12/22,09:39,random,2,1,11,1,371.1161,1
9014,1,10/12/22,09:39,random,2,1,12,2,446.9077,1
9014,1,10/12/22,09:39,random,2,1,13,3,463.1147,1
9014,1,10/12/22,09:39,random,2,1,14,4,384.9016,1
9014,1,10/12/22,09:39,random,2,1,15,5,372.29,1
9014,1,10/12/22,09:39,random,2,1,16,6,405.8868,1
9014,1,10/12/22,09:39,random,2,1,17,7,452.0658,1
9014,1,10/12/22,09:39,random,2,1,18,8,436.7802,1
9014,1,10/12/22,09:39,random,2,1,19,9,628.7356,1
9014,1,10/12/22,09:39,random,2,1,20,10,401.2848,1
9014,1,10/12/22,09:39,random,3,1,21,1,460.8518,1
9014,1,10/12/22,09:39,random,3,1,22,2,501.553,1
9014,1,10/12/22,09:39,random,3,1,23,3,507.8646,1
9014,1,10/12/22,09:39,random,3,1,24,4,588.4987,1
9014,1,10/12/22,09:39,random,3,1,25,5,387.2031,1
9014,1,10/12/22,09:39,random,3,1,26,6,481.9129,1
9014,1,10/12/22,09:39,random,3,1,27,7,353.4179,1
9014,1,10/12/22,09:39,random,3,1,28,8,473.0193,1
9014,1,10/12/22,09:39,random,3,1,29,9,411.5599,1
9014,1,10/12/22,09:39,random,3,1,30,10,439.1853,1
9014,1,10/12/22,09:39,random,4,1,31,1,456.6177,1
9014,1,10/12/22,09:39,random,4,1,32,2,511.9924,1
9014,1,10/12/22,09:39,random,4,1,33,3,478.2524,1
9014,1,10/12/22,09:39,random,4,1,34,4,563.8015,1
9014,1,10/12/22,09:39,random,4,1,35,5,422.5914,1
9014,1,10/12/22,09:39,random,4,1,36,6,427.6274,1
9014,1,10/12/22,09:39,random,4,1,37,7,434.1018,1
9014,1,10/12/22,09:39,random,4,1,38,8,483.8914,1
9014,1,10/12/22,09:39,random,4,1,39,9,515.937,1
9014,1,10/12/22,09:39,random,4,1,40,10,557.2279,1
9014,1,10/12/22,09:39,random,5,1,41,1,490.5664,1
9014,1,10/12/22,09:39,random,5,1,42,2,402.8292,1
9014,1,10/12/22,09:39,random,5,1,43,3,714.0058,1
9014,1,10/12/22,09:39,random,5,1,44,4,686.5639,1
9014,1,10/12/22,09:39,random,5,1,45,5,431.9819,1
9014,1,10/12/22,09:39,random,5,1,46,6,703.646,1
9014,1,10/12/22,09:39,random,5,1,47,7,355.4158,1
9014,1,10/12/22,09:39,random,5,1,48,8,716.8613,1
9014,1,10/12/22,09:39,random,5,1,49,9,491.7757,1
9014,1,10/12/22,09:39,random,5,1,50,10,441.5546,1
9015,1,10/12/22,12:07,practice,0,1,1,1,452.0443,1
9015,1,10/12/22,12:07,practice,0,1,2,2,583.962,1
9015,1,10/12/22,12:07,practice,0,1,3,3,405.1926,1
9015,1,10/12/22,12:07,practice,0,1,4,4,346.1161,1
9015,1,10/12/22,12:07,practice,0,1,5,5,431.1722,1
9015,1,10/12/22,12:07,practice,0,1,6,6,434.3552,1
9015,1,10/12/22,12:07,practice,0,1,7,7,398.7212,1
9015,1,10/12/22,12:07,practice,0,1,8,8,406.7596,1
9015,1,10/12/22,12:07,random,1,1,1,1,429.7127,1
9015,1,10/12/22,12:07,random,1,1,2,2,429.4119,1
9015,1,10/12/22,12:07,random,1,1,3,3,401.5329,1
9015,1,10/12/22,12:07,random,1,1,4,4,398.2241,1
9015,1,10/12/22,12:07,random,1,1,5,5,422.5689,1
9015,1,10/12/22,12:07,random,1,1,6,6,429.5111,1
9015,1,10/12/22,12:07,random,1,1,7,7,509.5282,1
9015,1,10/12/22,12:07,random,1,1,8,8,356.4303,1
9015,1,10/12/22,12:07,random,1,1,9,9,488.7372,1
9015,1,10/12/22,12:07,random,1,1,10,10,432.2279,1
9015,1,10/12/22,12:07,random,2,1,11,1,423.9898,0
9015,1,10/12/22,12:07,random,2,1,12,2,457.2509,1
9015,1,10/12/22,12:07,random,2,1,13,3,617.8643,1
9015,1,10/12/22,12:07,random,2,1,14,4,400.6912,1
9015,1,10/12/22,12:07,random,2,1,15,5,576.7268,1
9015,1,10/12/22,12:07,random,2,1,16,6,384.0753,1
9015,1,10/12/22,12:07,random,2,1,17,7,583.6896,1
9015,1,10/12/22,12:07,random,2,1,18,8,506.8854,1
9015,1,10/12/22,12:07,random,2,1,19,9,403.8762,1
9015,1,10/12/22,12:07,random,2,1,20,10,536.0188,1
9015,1,10/12/22,12:07,random,3,1,21,1,520.12,1
9015,1,10/12/22,12:07,random,3,1,22,2,487.8934,1
9015,1,10/12/22,12:07,random,3,1,23,3,577.6473,1
9015,1,10/12/22,12:07,random,3,1,24,4,461.6902,1
9015,1,10/12/22,12:07,random,3,1,25,5,411.0792,1
9015,1,10/12/22,12:07,random,3,1,26,6,472.7814,1
9015,1,10/12/22,12:07,random,3,1,27,7,496.2057,0
9015,1,10/12/22,12:07,random,3,1,28,8,511.7384,1
9015,1,10/12/22,12:07,random,3,1,29,9,490.2624,1
9015,1,10/12/22,12:07,random,3,1,30,10,583.4541,1
9015,1,10/12/22,12:07,random,4,1,31,1,597.1282,1
9015,1,10/12/22,12:07,random,4,1,32,2,592.2211,1
9015,1,10/12/22,12:07,random,4,1,33,3,546.4794,1
9015,1,10/12/22,12:07,random,4,1,34,4,480.0284,1
9015,1,10/12/22,12:07,random,4,1,35,5,635.2254,1
9015,1,10/12/22,12:07,random,4,1,36,6,637.0965,1
9015,1,10/12/22,12:07,random,4,1,37,7,566.9923,1
9015,1,10/12/22,12:07,random,4,1,38,8,695.8243,1
9015,1,10/12/22,12:07,random,4,1,39,9,702.71,1
9015,1,10/12/22,12:07,random,4,1,40,10,588.7706,1
9015,1,10/12/22,12:07,random,5,1,41,1,723.333,1
9015,1,10/12/22,12:07,random,5,1,42,2,367.6045,1
9015,1,10/12/22,12:07,random,5,1,43,3,525.5214,1
9015,1,10/12/22,12:07,random,5,1,44,4,452.4952,1
9015,1,10/12/22,12:07,random,5,1,45,5,451.0503,1
9015,1,10/12/22,12:07,random,5,1,46,6,377.2753,1
9015,1,10/12/22,12:07,random,5,1,47,7,487.2219,1
9015,1,10/12/22,12:07,random,5,1,48,8,425.9771,1
9015,1,10/12/22,12:07,random,5,1,49,9,467.055,1
9015,1,10/12/22,12:07,random,5,1,50,10,620.9536,1
9016,1,10/12/22,12:15,practice,0,1,1,1,19639.3239,1
9016,1,10/12/22,12:15,practice,0,1,2,2,1502.3778,1
9016,1,10/12/22,12:15,practice,0,1,3,3,4526.8267,0
9016,1,10/12/22,12:15,practice,0,1,4,4,982.3992,1
9016,1,10/12/22,12:15,practice,0,1,5,5,6181.9509,1
9016,1,10/12/22,12:15,practice,0,1,6,6,1294.7016,1
9016,1,10/12/22,12:15,practice,0,1,7,7,6764.9276,1
9016,1,10/12/22,12:15,practice,0,1,8,8,2254.315,1
9016,1,10/12/22,12:15,random,1,1,1,1,2108.5477,1
9016,1,10/12/22,12:15,random,1,1,2,2,480.6788,1
9016,1,10/12/22,12:15,random,1,1,3,3,390.6191,1
9016,1,10/12/22,12:15,random,1,1,4,4,558.0971,1
9016,1,10/12/22,12:15,random,1,1,5,5,786.0245,1
9016,1,10/12/22,12:15,random,1,1,6,6,611.2156,1
9016,1,10/12/22,12:15,random,1,1,7,7,782.1798,1
9016,1,10/12/22,12:15,random,1,1,8,8,730.1368,1
9016,1,10/12/22,12:15,random,1,1,9,9,509.8539,1
9016,1,10/12/22,12:15,random,1,1,10,10,682.2525,1
9016,1,10/12/22,12:15,random,2,1,11,1,503.2782,1
9016,1,10/12/22,12:15,random,2,1,12,2,411.0256,1
9016,1,10/12/22,12:15,random,2,1,13,3,369.7069,1
9016,1,10/12/22,12:15,random,2,1,14,4,807.8198,1
9016,1,10/12/22,12:15,random,2,1,15,5,958.579,1
9016,1,10/12/22,12:15,random,2,1,16,6,839.4523,1
9016,1,10/12/22,12:15,random,2,1,17,7,289.1404,1
9016,1,10/12/22,12:15,random,2,1,18,8,594.5536,1
9016,1,10/12/22,12:15,random,2,1,19,9,641.2309,1
9016,1,10/12/22,12:15,random,2,1,20,10,614.0958,1
9016,1,10/12/22,12:15,random,3,1,21,1,385.2246,1
9016,1,10/12/22,12:15,random,3,1,22,2,513.9366,1
9016,1,10/12/22,12:15,random,3,1,23,3,478.0371,1
9016,1,10/12/22,12:15,random,3,1,24,4,635.77,1
9016,1,10/12/22,12:15,random,3,1,25,5,868.95,1
9016,1,10/12/22,12:15,random,3,1,26,6,581.1809,1
9016,1,10/12/22,12:15,random,3,1,27,7,388.7542,1
9016,1,10/12/22,12:15,random,3,1,28,8,310.3901,1
9016,1,10/12/22,12:15,random,3,1,29,9,738.1782,1
9016,1,10/12/22,12:15,random,3,1,30,10,636.2779,1
9016,1,10/12/22,12:15,random,4,1,31,1,666.9562,1
9016,1,10/12/22,12:15,random,4,1,32,2,411.2308,1
9016,1,10/12/22,12:15,random,4,1,33,3,510.2171,1
9016,1,10/12/22,12:15,random,4,1,34,4,427.4485,1
9016,1,10/12/22,12:15,random,4,1,35,5,550.785,1
9016,1,10/12/22,12:15,random,4,1,36,6,568.7165,1
9016,1,10/12/22,12:15,random,4,1,37,7,484.2054,1
9016,1,10/12/22,12:15,random,4,1,38,8,640.5614,1
9016,1,10/12/22,12:15,random,4,1,39,9,427.0374,1
9016,1,10/12/22,12:15,random,4,1,40,10,578.1775,1
9016,1,10/12/22,12:15,random,5,1,41,1,385.8512,1
9016,1,10/12/22,12:15,random,5,1,42,2,351.4259,1
9016,1,10/12/22,12:15,random,5,1,43,3,651.8236,1
9016,1,10/12/22,12:15,random,5,1,44,4,416.2755,1
9016,1,10/12/22,12:15,random,5,1,45,5,689.6613,1
9016,1,10/12/22,12:15,random,5,1,46,6,348.5791,1
9016,1,10/12/22,12:15,random,5,1,47,7,470.8944,1
9016,1,10/12/22,12:15,random,5,1,48,8,465.5139,1
9016,1,10/12/22,12:15,random,5,1,49,9,542.5222,1
9016,1,10/12/22,12:15,random,5,1,50,10,445.4169,1
9017,1,10/12/22,12:05,practice,0,1,1,1,720.1294,1
9017,1,10/12/22,12:05,practice,0,1,2,2,833.3465,1
9017,1,10/12/22,12:05,practice,0,1,3,3,435.7917,0
9017,1,10/12/22,12:05,practice,0,1,4,4,505.6567,1
9017,1,10/12/22,12:05,practice,0,1,5,5,744.8261,1
9017,1,10/12/22,12:05,practice,0,1,6,6,450.3963,1
9017,1,10/12/22,12:05,practice,0,1,7,7,760.8167,1
9017,1,10/12/22,12:05,practice,0,1,8,8,476.5012,1
9017,1,10/12/22,12:05,random,1,1,1,1,454.4192,1
9017,1,10/12/22,12:05,random,1,1,2,2,529.2887,1
9017,1,10/12/22,12:05,random,1,1,3,3,510.5893,1
9017,1,10/12/22,12:05,random,1,1,4,4,461.0127,1
9017,1,10/12/22,12:05,random,1,1,5,5,602.0126,1
9017,1,10/12/22,12:05,random,1,1,6,6,627.6041,1
9017,1,10/12/22,12:05,random,1,1,7,7,391.0049,1
9017,1,10/12/22,12:05,random,1,1,8,8,611.3471,1
9017,1,10/12/22,12:05,random,1,1,9,9,516.806,1
9017,1,10/12/22,12:05,random,1,1,10,10,673.8853,1
9017,1,10/12/22,12:05,random,2,1,11,1,686.45,1
9017,1,10/12/22,12:05,random,2,1,12,2,405.6149,1
9017,1,10/12/22,12:05,random,2,1,13,3,352.9732,1
9017,1,10/12/22,12:05,random,2,1,14,4,571.076,1
9017,1,10/12/22,12:05,random,2,1,15,5,428.7229,1
9017,1,10/12/22,12:05,random,2,1,16,6,425.9971,1
9017,1,10/12/22,12:05,random,2,1,17,7,475.4978,1
9017,1,10/12/22,12:05,random,2,1,18,8,457.0434,1
9017,1,10/12/22,12:05,random,2,1,19,9,443.5924,1
9017,1,10/12/22,12:05,random,2,1,20,10,421.5553,1
9017,1,10/12/22,12:05,random,3,1,21,1,476.268,1
9017,1,10/12/22,12:05,random,3,1,22,2,726.2181,1
9017,1,10/12/22,12:05,random,3,1,23,3,526.2337,1
9017,1,10/12/22,12:05,random,3,1,24,4,587.4574,1
9017,1,10/12/22,12:05,random,3,1,25,5,562.6192,1
9017,1,10/12/22,12:05,random,3,1,26,6,840.2464,1
9017,1,10/12/22,12:05,random,3,1,27,7,551.1856,1
9017,1,10/12/22,12:05,random,3,1,28,8,480.4514,1
9017,1,10/12/22,12:05,random,3,1,29,9,775.0638,1
9017,1,10/12/22,12:05,random,3,1,30,10,426.3803,1
9017,1,10/12/22,12:05,random,4,1,31,1,477.92,1
9017,1,10/12/22,12:05,random,4,1,32,2,444.5277,1
9017,1,10/12/22,12:05,random,4,1,33,3,463.1502,1
9017,1,10/12/22,12:05,random,4,1,34,4,753.771,1
9017,1,10/12/22,12:05,random,4,1,35,5,524.2845,1
9017,1,10/12/22,12:05,random,4,1,36,6,449.9877,1
9017,1,10/12/22,12:05,random,4,1,37,7,424.9175,0
9017,1,10/12/22,12:05,random,4,1,38,8,575.1189,1
9017,1,10/12/22,12:05,random,4,1,39,9,517.4805,1
9017,1,10/12/22,12:05,random,4,1,40,10,436.7137,1
9017,1,10/12/22,12:05,random,5,1,41,1,494.1095,1
9017,1,10/12/22,12:05,random,5,1,42,2,470.7547,1
9017,1,10/12/22,12:05,random,5,1,43,3,498.2433,1
9017,1,10/12/22,12:05,random,5,1,44,4,744.8824,1
9017,1,10/12/22,12:05,random,5,1,45,5,464.2091,1
9017,1,10/12/22,12:05,random,5,1,46,6,557.1232,1
9017,1,10/12/22,12:05,random,5,1,47,7,353.9261,1
9017,1,10/12/22,12:05,random,5,1,48,8,350.8547,1
9017,1,10/12/22,12:05,random,5,1,49,9,339.8725,1
9017,1,10/12/22,12:05,random,5,1,50,10,442.6495,1
9018,1,10/12/22,15:34,practice,0,1,1,1,737.8121,1
9018,1,10/12/22,15:34,practice,0,1,2,2,569.5676,1
9018,1,10/12/22,15:34,practice,0,1,3,3,406.929,1
9018,1,10/12/22,15:34,practice,0,1,4,4,472.5012,1
9018,1,10/12/22,15:34,practice,0,1,5,5,499.5197,1
9018,1,10/12/22,15:34,practice,0,1,6,6,432.0669,1
9018,1,10/12/22,15:34,practice,0,1,7,7,709.3945,1
9018,1,10/12/22,15:34,practice,0,1,8,8,802.2601,1
9018,1,10/12/22,15:34,random,1,1,1,1,1890.6912,1
9018,1,10/12/22,15:34,random,1,1,2,2,1293.3245,1
9018,1,10/12/22,15:34,random,1,1,3,3,761.7651,1
9018,1,10/12/22,15:34,random,1,1,4,4,551.5291,1
9018,1,10/12/22,15:34,random,1,1,5,5,1022.1254,1
9018,1,10/12/22,15:34,random,1,1,6,6,515.7758,0
9018,1,10/12/22,15:34,random,1,1,7,7,755.6322,1
9018,1,10/12/22,15:34,random,1,1,8,8,475.9072,1
9018,1,10/12/22,15:34,random,1,1,9,9,548.162,1
9018,1,10/12/22,15:34,random,1,1,10,10,657.7105,1
9018,1,10/12/22,15:34,random,2,1,11,1,764.5726,1
9018,1,10/12/22,15:34,random,2,1,12,2,803.888,1
9018,1,10/12/22,15:34,random,2,1,13,3,913.349,1
9018,1,10/12/22,15:34,random,2,1,14,4,897.7835,1
9018,1,10/12/22,15:34,random,2,1,15,5,4620.8326,1
9018,1,10/12/22,15:34,random,2,1,16,6,774.0441,1
9018,1,10/12/22,15:34,random,2,1,17,7,508.9736,1
9018,1,10/12/22,15:34,random,2,1,18,8,482.4489,1
9018,1,10/12/22,15:34,random,2,1,19,9,603.0836,1
9018,1,10/12/22,15:34,random,2,1,20,10,840.2454,1
9018,1,10/12/22,15:34,random,3,1,21,1,618.1915,1
9018,1,10/12/22,15:34,random,3,1,22,2,735.1162,1
9018,1,10/12/22,15:34,random,3,1,23,3,2358.2841,1
9018,1,10/12/22,15:34,random,3,1,24,4,1115.0736,1
9018,1,10/12/22,15:34,random,3,1,25,5,2278.0896,1
9018,1,10/12/22,15:34,random,3,1,26,6,944.072,1
9018,1,10/12/22,15:34,random,3,1,27,7,796.3812,1
9018,1,10/12/22,15:34,random,3,1,28,8,482.3557,1
9018,1,10/12/22,15:34,random,3,1,29,9,601.0766,1
9018,1,10/12/22,15:34,random,3,1,30,10,1126.7695,1
9018,1,10/12/22,15:34,random,4,1,31,1,4680.6144,1
9018,1,10/12/22,15:34,random,4,1,32,2,915.2125,1
9018,1,10/12/22,15:34,random,4,1,33,3,7381.29,1
9018,1,10/12/22,15:34,random,4,1,34,4,924.6556,1
9018,1,10/12/22,15:34,random,4,1,35,5,547.6692,1
9018,1,10/12/22,15:34,random,4,1,36,6,363.2712,1
9018,1,10/12/22,15:34,random,4,1,37,7,976.9874,1
9018,1,10/12/22,15:34,random,4,1,38,8,4787.5984,1
9018,1,10/12/22,15:34,random,4,1,39,9,9015.2637,1
9018,1,10/12/22,15:34,random,4,1,40,10,685.4581,1
9018,1,10/12/22,15:34,random,5,1,41,1,10410.4219,1
9018,1,10/12/22,15:34,random,5,1,42,2,17364.0464,1
9018,1,10/12/22,15:34,random,5,1,43,3,592.139,1
9018,1,10/12/22,15:34,random,5,1,44,4,610.2491,1
9018,1,10/12/22,15:34,random,5,1,45,5,581.6774,1
9018,1,10/12/22,15:34,random,5,1,46,6,441.3914,1
9018,1,10/12/22,15:34,random,5,1,47,7,362.0395,1
9018,1,10/12/22,15:34,random,5,1,48,8,360.8749,1
9018,1,10/12/22,15:34,random,5,1,49,9,370.2903,1
9018,1,10/12/22,15:34,random,5,1,50,10,656.3228,1
9019,1,10/12/22,15:25,practice,0,1,1,1,663.3218,1
9019,1,10/12/22,15:25,practice,0,1,2,2,483.2754,1
9019,1,10/12/22,15:25,practice,0,1,3,3,653.7811,1
9019,1,10/12/22,15:25,practice,0,1,4,4,444.6744,1
9019,1,10/12/22,15:25,practice,0,1,5,5,536.7515,1
9019,1,10/12/22,15:25,practice,0,1,6,6,437.4613,1
9019,1,10/12/22,15:25,practice,0,1,7,7,480.465,1
9019,1,10/12/22,15:25,practice,0,1,8,8,537.2,1
9019,1,10/12/22,15:25,random,1,1,1,1,519.619,1
9019,1,10/12/22,15:25,random,1,1,2,2,604.3402,1
9019,1,10/12/22,15:25,random,1,1,3,3,494.2136,1
9019,1,10/12/22,15:25,random,1,1,4,4,529.0619,1
9019,1,10/12/22,15:25,random,1,1,5,5,591.8854,1
9019,1,10/12/22,15:25,random,1,1,6,6,375.0522,1
9019,1,10/12/22,15:25,random,1,1,7,7,542.5121,1
9019,1,10/12/22,15:25,random,1,1,8,8,526.0374,1
9019,1,10/12/22,15:25,random,1,1,9,9,552.2108,1
9019,1,10/12/22,15:25,random,1,1,10,10,784.8142,1
9019,1,10/12/22,15:25,random,2,1,11,1,634.6162,1
9019,1,10/12/22,15:25,random,2,1,12,2,663.0734,1
9019,1,10/12/22,15:25,random,2,1,13,3,861.8697,1
9019,1,10/12/22,15:25,random,2,1,14,4,663.2185,1
9019,1,10/12/22,15:25,random,2,1,15,5,598.66,1
9019,1,10/12/22,15:25,random,2,1,16,6,547.2057,1
9019,1,10/12/22,15:25,random,2,1,17,7,542.2365,1
9019,1,10/12/22,15:25,random,2,1,18,8,725.5973,1
9019,1,10/12/22,15:25,random,2,1,19,9,595.6102,1
9019,1,10/12/22,15:25,random,2,1,20,10,519.1671,1
9019,1,10/12/22,15:25,random,3,1,21,1,745.2088,1
9019,1,10/12/22,15:25,random,3,1,22,2,539.7979,1
9019,1,10/12/22,15:25,random,3,1,23,3,449.1253,1
9019,1,10/12/22,15:25,random,3,1,24,4,460.9025,1
9019,1,10/12/22,15:25,random,3,1,25,5,654.3734,1
9019,1,10/12/22,15:25,random,3,1,26,6,452.6958,1
9019,1,10/12/22,15:25,random,3,1,27,7,337.0452,1
9019,1,10/12/22,15:25,random,3,1,28,8,339.3358,1
9019,1,10/12/22,15:25,random,3,1,29,9,600.4724,1
9019,1,10/12/22,15:25,random,3,1,30,10,496.3978,1
9019,1,10/12/22,15:25,random,4,1,31,1,435.8034,1
9019,1,10/12/22,15:25,random,4,1,32,2,513.3566,1
9019,1,10/12/22,15:25,random,4,1,33,3,525.3091,1
9019,1,10/12/22,15:25,random,4,1,34,4,496.363,1
9019,1,10/12/22,15:25,random,4,1,35,5,576.4981,1
9019,1,10/12/22,15:25,random,4,1,36,6,580.8673,1
9019,1,10/12/22,15:25,random,4,1,37,7,622.9624,1
9019,1,10/12/22,15:25,random,4,1,38,8,693.3408,0
9019,1,10/12/22,15:25,random,4,1,39,9,573.4783,1
9019,1,10/12/22,15:25,random,4,1,40,10,647.7068,1
9019,1,10/12/22,15:25,random,5,1,41,1,496.8127,1
9019,1,10/12/22,15:25,random,5,1,42,2,530.2326,1
9019,1,10/12/22,15:25,random,5,1,43,3,623.7703,1
9019,1,10/12/22,15:25,random,5,1,44,4,599.3352,1
9019,1,10/12/22,15:25,random,5,1,45,5,1358.5893,1
9019,1,10/12/22,15:25,random,5,1,46,6,643.1705,1
9019,1,10/12/22,15:25,random,5,1,47,7,1007.1967,1
9019,1,10/12/22,15:25,random,5,1,48,8,502.7856,1
9019,1,10/12/22,15:25,random,5,1,49,9,525.211,1
9019,1,10/12/22,15:25,random,5,1,50,10,409.5563,1
9020,1,10/12/22,15:26,practice,0,1,1,1,15213.2215,1
9020,1,10/12/22,15:26,practice,0,1,2,2,4693.5088,1
9020,1,10/12/22,15:26,practice,0,1,3,3,6965.1621,0
9020,1,10/12/22,15:26,practice,0,1,4,4,806.4202,0
9020,1,10/12/22,15:26,practice,0,1,5,5,6646.44,0
9020,1,10/12/22,15:26,practice,0,1,6,6,7726.0387,1
9020,1,10/12/22,15:26,practice,0,1,7,7,6246.4673,1
9020,1,10/12/22,15:26,practice,0,1,8,8,4302.3278,1
9020,1,10/12/22,15:26,random,1,1,1,1,1033.7087,1
9020,1,10/12/22,15:26,random,1,1,2,2,2160.7593,1
9020,1,10/12/22,15:26,random,1,1,3,3,908.6607,1
9020,1,10/12/22,15:26,random,1,1,4,4,6365.4568,1
9020,1,10/12/22,15:26,random,1,1,5,5,1412.9178,1
9020,1,10/12/22,15:26,random,1,1,6,6,779.5615,1
9020,1,10/12/22,15:26,random,1,1,7,7,1893.9855,1
9020,1,10/12/22,15:26,random,1,1,8,8,730.4488,1
9020,1,10/12/22,15:26,random,1,1,9,9,680.1941,1
9020,1,10/12/22,15:26,random,1,1,10,10,884.7058,0
9020,1,10/12/22,15:26,random,2,1,11,1,706.5679,1
9020,1,10/12/22,15:26,random,2,1,12,2,658.8962,0
9020,1,10/12/22,15:26,random,2,1,13,3,1329.027,1
9020,1,10/12/22,15:26,random,2,1,14,4,495.5189,1
9020,1,10/12/22,15:26,random,2,1,15,5,1138.2367,1
9020,1,10/12/22,15:26,random,2,1,16,6,424.0191,1
9020,1,10/12/22,15:26,random,2,1,17,7,485.2209,1
9020,1,10/12/22,15:26,random,2,1,18,8,615.7375,1
9020,1,10/12/22,15:26,random,2,1,19,9,505.6444,1
9020,1,10/12/22,15:26,random,2,1,20,10,470.7471,1
9020,1,10/12/22,15:26,random,3,1,21,1,728.3409,1
9020,1,10/12/22,15:26,random,3,1,22,2,737.122,1
9020,1,10/12/22,15:26,random,3,1,23,3,747.3202,1
9020,1,10/12/22,15:26,random,3,1,24,4,1120.3227,1
9020,1,10/12/22,15:26,random,3,1,25,5,718.7024,1
9020,1,10/12/22,15:26,random,3,1,26,6,514.3484,1
9020,1,10/12/22,15:26,random,3,1,27,7,402.1969,0
9020,1,10/12/22,15:26,random,3,1,28,8,679.4935,1
9020,1,10/12/22,15:26,random,3,1,29,9,518.0868,1
9020,1,10/12/22,15:26,random,3,1,30,10,713.3605,1
9020,1,10/12/22,15:26,random,4,1,31,1,612.2904,1
9020,1,10/12/22,15:26,random,4,1,32,2,640.7652,1
9020,1,10/12/22,15:26,random,4,1,33,3,983.2854,1
9020,1,10/12/22,15:26,random,4,1,34,4,881.4409,1
9020,1,10/12/22,15:26,random,4,1,35,5,645.992,1
9020,1,10/12/22,15:26,random,4,1,36,6,358.3195,1
9020,1,10/12/22,15:26,random,4,1,37,7,552.5894,1
9020,1,10/12/22,15:26,random,4,1,38,8,484.1789,1
9020,1,10/12/22,15:26,random,4,1,39,9,482.6404,1
9020,1,10/12/22,15:26,random,4,1,40,10,470.9633,1
9020,1,10/12/22,15:26,random,5,1,41,1,338.4584,1
9020,1,10/12/22,15:26,random,5,1,42,2,422.1045,1
9020,1,10/12/22,15:26,random,5,1,43,3,512.809,1
9020,1,10/12/22,15:26,random,5,1,44,4,572.7988,1
9020,1,10/12/22,15:26,random,5,1,45,5,595.4896,1
9020,1,10/12/22,15:26,random,5,1,46,6,408.4322,1
9020,1,10/12/22,15:26,random,5,1,47,7,416.0727,1
9020,1,10/12/22,15:26,random,5,1,48,8,505.0721,1
9020,1,10/12/22,15:26,random,5,1,49,9,336.3878,1
9020,1,10/12/22,15:26,random,5,1,50,10,481.5051,1
9021,1,10/18/22,09:14,practice,0,1,1,1,734.2359,1
9021,1,10/18/22,09:14,practice,0,1,2,2,564.9832,1
9021,1,10/18/22,09:14,practice,0,1,3,3,589.3926,1
9021,1,10/18/22,09:14,practice,0,1,4,4,493.1716,1
9021,1,10/18/22,09:14,practice,0,1,5,5,573.1553,1
9021,1,10/18/22,09:14,practice,0,1,6,6,548.8661,1
9021,1,10/18/22,09:14,practice,0,1,7,7,636.1313,1
9021,1,10/18/22,09:14,practice,0,1,8,8,388.2854,1
9021,1,10/18/22,09:14,random,1,1,1,1,450.7762,1
9021,1,10/18/22,09:14,random,1,1,2,2,440.6879,1
9021,1,10/18/22,09:14,random,1,1,3,3,405.4998,1
9021,1,10/18/22,09:14,random,1,1,4,4,424.6928,1
9021,1,10/18/22,09:14,random,1,1,5,5,412.6567,1
9021,1,10/18/22,09:14,random,1,1,6,6,374.3219,1
9021,1,10/18/22,09:14,random,1,1,7,7,473.3398,1
9021,1,10/18/22,09:14,random,1,1,8,8,395.5598,1
9021,1,10/18/22,09:14,random,1,1,9,9,480.1196,1
9021,1,10/18/22,09:14,random,1,1,10,10,408.7046,1
9021,1,10/18/22,09:14,random,2,1,11,1,392.8442,1
9021,1,10/18/22,09:14,random,2,1,12,2,373.066,1
9021,1,10/18/22,09:14,random,2,1,13,3,382.3786,1
9021,1,10/18/22,09:14,random,2,1,14,4,478.5742,1
9021,1,10/18/22,09:14,random,2,1,15,5,638.6371,1
9021,1,10/18/22,09:14,random,2,1,16,6,504.1522,1
9021,1,10/18/22,09:14,random,2,1,17,7,436.8169,1
9021,1,10/18/22,09:14,random,2,1,18,8,510.8158,1
9021,1,10/18/22,09:14,random,2,1,19,9,510.8469,1
9021,1,10/18/22,09:14,random,2,1,20,10,411.4335,1
9021,1,10/18/22,09:14,random,3,1,21,1,486.2022,1
9021,1,10/18/22,09:14,random,3,1,22,2,608.5517,1
9021,1,10/18/22,09:14,random,3,1,23,3,481.4976,1
9021,1,10/18/22,09:14,random,3,1,24,4,470.1065,1
9021,1,10/18/22,09:14,random,3,1,25,5,687.0963,1
9021,1,10/18/22,09:14,random,3,1,26,6,418.8782,1
9021,1,10/18/22,09:14,random,3,1,27,7,446.1522,1
9021,1,10/18/22,09:14,random,3,1,28,8,599.3821,1
9021,1,10/18/22,09:14,random,3,1,29,9,498.5058,1
9021,1,10/18/22,09:14,random,3,1,30,10,394.7411,1
9021,1,10/18/22,09:14,random,4,1,31,1,410.5795,1
9021,1,10/18/22,09:14,random,4,1,32,2,584.5161,1
9021,1,10/18/22,09:14,random,4,1,33,3,691.726,1
9021,1,10/18/22,09:14,random,4,1,34,4,498.7583,1
9021,1,10/18/22,09:14,random,4,1,35,5,580.0762,1
9021,1,10/18/22,09:14,random,4,1,36,6,526.5666,1
9021,1,10/18/22,09:14,random,4,1,37,7,542.75,1
9021,1,10/18/22,09:14,random,4,1,38,8,591.6399,1
9021,1,10/18/22,09:14,random,4,1,39,9,447.2162,1
9021,1,10/18/22,09:14,random,4,1,40,10,508.6478,1
9021,1,10/18/22,09:14,random,5,1,41,1,504.9408,1
9021,1,10/18/22,09:14,random,5,1,42,2,592.1236,1
9021,1,10/18/22,09:14,random,5,1,43,3,479.8614,1
9021,1,10/18/22,09:14,random,5,1,44,4,496.9719,1
9021,1,10/18/22,09:14,random,5,1,45,5,487.3435,1
9021,1,10/18/22,09:14,random,5,1,46,6,536.8455,1
9021,1,10/18/22,09:14,random,5,1,47,7,433.3785,1
9021,1,10/18/22,09:14,random,5,1,48,8,483.3453,1
9021,1,10/18/22,09:14,random,5,1,49,9,481.8258,1
9021,1,10/18/22,09:14,random,5,1,50,10,552.0901,1
9022,1,10/13/22,12:18,practice,0,1,1,1,0.515400000004,0
9022,1,10/13/22,12:18,practice,0,1,2,2,2553.0186,1
9022,1,10/13/22,12:18,practice,0,1,3,3,683.2378,1
9022,1,10/13/22,12:18,practice,0,1,4,4,574.0145,1
9022,1,10/13/22,12:18,practice,0,1,5,5,441.8522,1
9022,1,10/13/22,12:18,practice,0,1,6,6,427.5728,1
9022,1,10/13/22,12:18,practice,0,1,7,7,341.2438,1
9022,1,10/13/22,12:18,practice,0,1,8,8,376.1817,1
9022,1,10/13/22,12:18,random,1,1,1,1,482.9818,1
9022,1,10/13/22,12:18,random,1,1,2,2,415.0605,1
9022,1,10/13/22,12:18,random,1,1,3,3,338.4685,1
9022,1,10/13/22,12:18,random,1,1,4,4,336.3843,1
9022,1,10/13/22,12:18,random,1,1,5,5,414.0926,1
9022,1,10/13/22,12:18,random,1,1,6,6,393.1348,1
9022,1,10/13/22,12:18,random,1,1,7,7,386.3681,1
9022,1,10/13/22,12:18,random,1,1,8,8,311.1123,1
9022,1,10/13/22,12:18,random,1,1,9,9,417.3454,1
9022,1,10/13/22,12:18,random,1,1,10,10,360.9656,1
9022,1,10/13/22,12:18,random,2,1,11,1,349.9698,1
9022,1,10/13/22,12:18,random,2,1,12,2,351.1933,1
9022,1,10/13/22,12:18,random,2,1,13,3,345.9015,1
9022,1,10/13/22,12:18,random,2,1,14,4,330.924,0
9022,1,10/13/22,12:18,random,2,1,15,5,3.7806,0
9022,1,10/13/22,12:18,random,2,1,16,6,410.7078,1
9022,1,10/13/22,12:18,random,2,1,17,7,387.4877,1
9022,1,10/13/22,12:18,random,2,1,18,8,436.2795,1
9022,1,10/13/22,12:18,random,2,1,19,9,317.1858,1
9022,1,10/13/22,12:18,random,2,1,20,10,395.9848,1
9022,1,10/13/22,12:18,random,3,1,21,1,338.0614,0
9022,1,10/13/22,12:18,random,3,1,22,2,4.25040000002,0
9022,1,10/13/22,12:18,random,3,1,23,3,349.6706,1
9022,1,10/13/22,12:18,random,3,1,24,4,325.4137,1
9022,1,10/13/22,12:18,random,3,1,25,5,361.0317,1
9022,1,10/13/22,12:18,random,3,1,26,6,408.5936,1
9022,1,10/13/22,12:18,random,3,1,27,7,475.2436,1
9022,1,10/13/22,12:18,random,3,1,28,8,465.2574,1
9022,1,10/13/22,12:18,random,3,1,29,9,943.8527,1
9022,1,10/13/22,12:18,random,3,1,30,10,392.5241,1
9022,1,10/13/22,12:18,random,4,1,31,1,420.3883,1
9022,1,10/13/22,12:18,random,4,1,32,2,532.9518,1
9022,1,10/13/22,12:18,random,4,1,33,3,399.9602,1
9022,1,10/13/22,12:18,random,4,1,34,4,374.3441,1
9022,1,10/13/22,12:18,random,4,1,35,5,374.0218,1
9022,1,10/13/22,12:18,random,4,1,36,6,366.609,1
9022,1,10/13/22,12:18,random,4,1,37,7,369.3554,1
9022,1,10/13/22,12:18,random,4,1,38,8,339.0567,1
9022,1,10/13/22,12:18,random,4,1,39,9,405.9642,1
9022,1,10/13/22,12:18,random,4,1,40,10,413.4633,1
9022,1,10/13/22,12:18,random,5,1,41,1,398.6081,1
9022,1,10/13/22,12:18,random,5,1,42,2,375.4059,1
9022,1,10/13/22,12:18,random,5,1,43,3,370.465,1
9022,1,10/13/22,12:18,random,5,1,44,4,916.8874,1
9022,1,10/13/22,12:18,random,5,1,45,5,434.651,1
9022,1,10/13/22,12:18,random,5,1,46,6,336.7676,1
9022,1,10/13/22,12:18,random,5,1,47,7,401.9829,1
9022,1,10/13/22,12:18,random,5,1,48,8,431.8094,1
9022,1,10/13/22,12:18,random,5,1,49,9,398.2843,1
9022,1,10/13/22,12:18,random,5,1,50,10,376.3053,1
9023,1,10/13/22,12:19,practice,0,1,1,1,299.2846,1
9023,1,10/13/22,12:19,practice,0,1,2,2,345.0074,1
9023,1,10/13/22,12:19,practice,0,1,3,3,318.2488,1
9023,1,10/13/22,12:19,practice,0,1,4,4,314.0474,1
9023,1,10/13/22,12:19,practice,0,1,5,5,380.6838,1
9023,1,10/13/22,12:19,practice,0,1,6,6,338.796,1
9023,1,10/13/22,12:19,practice,0,1,7,7,293.5144,1
9023,1,10/13/22,12:19,practice,0,1,8,8,316.7837,1
9023,1,10/13/22,12:19,random,1,1,1,1,385.6262,0
9023,1,10/13/22,12:19,random,1,1,2,2,349.1164,1
9023,1,10/13/22,12:19,random,1,1,3,3,456.8774,1
9023,1,10/13/22,12:19,random,1,1,4,4,399.9344,1
9023,1,10/13/22,12:19,random,1,1,5,5,380.6364,1
9023,1,10/13/22,12:19,random,1,1,6,6,368.7252,1
9023,1,10/13/22,12:19,random,1,1,7,7,375.0981,1
9023,1,10/13/22,12:19,random,1,1,8,8,352.1565,0
9023,1,10/13/22,12:19,random,1,1,9,9,409.141,1
9023,1,10/13/22,12:19,random,1,1,10,10,414.7796,1
9023,1,10/13/22,12:19,random,2,1,11,1,344.5099,1
9023,1,10/13/22,12:19,random,2,1,12,2,435.8074,1
9023,1,10/13/22,12:19,random,2,1,13,3,343.6256,1
9023,1,10/13/22,12:19,random,2,1,14,4,342.0043,1
9023,1,10/13/22,12:19,random,2,1,15,5,383.5768,1
9023,1,10/13/22,12:19,random,2,1,16,6,378.5178,1
9023,1,10/13/22,12:19,random,2,1,17,7,463.8834,1
9023,1,10/13/22,12:19,random,2,1,18,8,373.8994,1
9023,1,10/13/22,12:19,random,2,1,19,9,443.3815,1
9023,1,10/13/22,12:19,random,2,1,20,10,386.3103,1
9023,1,10/13/22,12:19,random,3,1,21,1,397.51,1
9023,1,10/13/22,12:19,random,3,1,22,2,318.5494,1
9023,1,10/13/22,12:19,random,3,1,23,3,357.6531,1
9023,1,10/13/22,12:19,random,3,1,24,4,393.2877,1
9023,1,10/13/22,12:19,random,3,1,25,5,467.9867,1
9023,1,10/13/22,12:19,random,3,1,26,6,408.9567,1
9023,1,10/13/22,12:19,random,3,1,27,7,356.4652,1
9023,1,10/13/22,12:19,random,3,1,28,8,319.6595,1
9023,1,10/13/22,12:19,random,3,1,29,9,313.8991,1
9023,1,10/13/22,12:19,random,3,1,30,10,507.0404,1
9023,1,10/13/22,12:19,random,4,1,31,1,408.6255,1
9023,1,10/13/22,12:19,random,4,1,32,2,372.7025,1
9023,1,10/13/22,12:19,random,4,1,33,3,367.186,1
9023,1,10/13/22,12:19,random,4,1,34,4,347.3061,1
9023,1,10/13/22,12:19,random,4,1,35,5,356.7134,1
9023,1,10/13/22,12:19,random,4,1,36,6,335.9769,1
9023,1,10/13/22,12:19,random,4,1,37,7,363.153,1
9023,1,10/13/22,12:19,random,4,1,38,8,331.5282,1
9023,1,10/13/22,12:19,random,4,1,39,9,399.3417,1
9023,1,10/13/22,12:19,random,4,1,40,10,391.8627,1
9023,1,10/13/22,12:19,random,5,1,41,1,381.192,1
9023,1,10/13/22,12:19,random,5,1,42,2,353.0098,1
9023,1,10/13/22,12:19,random,5,1,43,3,417.0644,1
9023,1,10/13/22,12:19,random,5,1,44,4,411.9467,1
9023,1,10/13/22,12:19,random,5,1,45,5,365.3023,1
9023,1,10/13/22,12:19,random,5,1,46,6,395.1875,1
9023,1,10/13/22,12:19,random,5,1,47,7,392.5937,1
9023,1,10/13/22,12:19,random,5,1,48,8,390.3841,1
9023,1,10/13/22,12:19,random,5,1,49,9,383.0083,0
9023,1,10/13/22,12:19,random,5,1,50,10,15.4154,1
9024,1,10/13/22,15:16,practice,0,1,1,1,637.567,1
9024,1,10/13/22,15:16,practice,0,1,2,2,468.9947,1
9024,1,10/13/22,15:16,practice,0,1,3,3,446.6967,1
9024,1,10/13/22,15:16,practice,0,1,4,4,402.5785,1
9024,1,10/13/22,15:16,practice,0,1,5,5,522.4617,1
9024,1,10/13/22,15:16,practice,0,1,6,6,491.6743,0
9024,1,10/13/22,15:16,practice,0,1,7,7,0.262899999987,0
9024,1,10/13/22,15:16,practice,0,1,8,8,525.055,1
9024,1,10/13/22,15:16,random,1,1,1,1,479.5115,1
9024,1,10/13/22,15:16,random,1,1,2,2,649.7467,1
9024,1,10/13/22,15:16,random,1,1,3,3,375.9036,1
9024,1,10/13/22,15:16,random,1,1,4,4,373.7576,0
9024,1,10/13/22,15:16,random,1,1,5,5,483.2798,1
9024,1,10/13/22,15:16,random,1,1,6,6,502.048,1
9024,1,10/13/22,15:16,random,1,1,7,7,466.2752,1
9024,1,10/13/22,15:16,random,1,1,8,8,445.4517,1
9024,1,10/13/22,15:16,random,1,1,9,9,601.9035,1
9024,1,10/13/22,15:16,random,1,1,10,10,467.2333,1
9024,1,10/13/22,15:16,random,2,1,11,1,590.4784,1
9024,1,10/13/22,15:16,random,2,1,12,2,468.728,1
9024,1,10/13/22,15:16,random,2,1,13,3,423.6947,1
9024,1,10/13/22,15:16,random,2,1,14,4,530.539,1
9024,1,10/13/22,15:16,random,2,1,15,5,552.9543,1
9024,1,10/13/22,15:16,random,2,1,16,6,612.315,1
9024,1,10/13/22,15:16,random,2,1,17,7,756.0342,1
9024,1,10/13/22,15:16,random,2,1,18,8,971.6925,1
9024,1,10/13/22,15:16,random,2,1,19,9,495.2185,1
9024,1,10/13/22,15:16,random,2,1,20,10,474.4972,1
9024,1,10/13/22,15:16,random,3,1,21,1,737.4657,1
9024,1,10/13/22,15:16,random,3,1,22,2,547.6495,1
9024,1,10/13/22,15:16,random,3,1,23,3,425.2745,1
9024,1,10/13/22,15:16,random,3,1,24,4,399.9093,1
9024,1,10/13/22,15:16,random,3,1,25,5,457.5297,1
9024,1,10/13/22,15:16,random,3,1,26,6,682.0499,1
9024,1,10/13/22,15:16,random,3,1,27,7,627.1841,1
9024,1,10/13/22,15:16,random,3,1,28,8,486.4023,1
9024,1,10/13/22,15:16,random,3,1,29,9,459.5394,1
9024,1,10/13/22,15:16,random,3,1,30,10,524.7876,1
9024,1,10/13/22,15:16,random,4,1,31,1,724.7861,1
9024,1,10/13/22,15:16,random,4,1,32,2,860.0896,1
9024,1,10/13/22,15:16,random,4,1,33,3,557.9204,1
9024,1,10/13/22,15:16,random,4,1,34,4,375.7074,1
9024,1,10/13/22,15:16,random,4,1,35,5,394.7565,1
9024,1,10/13/22,15:16,random,4,1,36,6,742.2488,1
9024,1,10/13/22,15:16,random,4,1,37,7,447.3927,1
9024,1,10/13/22,15:16,random,4,1,38,8,496.3206,1
9024,1,10/13/22,15:16,random,4,1,39,9,652.1626,1
9024,1,10/13/22,15:16,random,4,1,40,10,508.4839,1
9024,1,10/13/22,15:16,random,5,1,41,1,505.4059,1
9024,1,10/13/22,15:16,random,5,1,42,2,743.3196,1
9024,1,10/13/22,15:16,random,5,1,43,3,496.1664,1
9024,1,10/13/22,15:16,random,5,1,44,4,428.5314,1
9024,1,10/13/22,15:16,random,5,1,45,5,600.3916,1
9024,1,10/13/22,15:16,random,5,1,46,6,502.1996,1
9024,1,10/13/22,15:16,random,5,1,47,7,451.6834,1
9024,1,10/13/22,15:16,random,5,1,48,8,551.2656,1
9024,1,10/13/22,15:16,random,5,1,49,9,414.2465,1
9024,1,10/13/22,15:16,random,5,1,50,10,466.4436,1
9025,1,10/13/22,14:54,practice,0,1,1,1,670.4227,0
9025,1,10/13/22,14:54,practice,0,1,2,2,590.0263,1
9025,1,10/13/22,14:54,practice,0,1,3,3,448.0532,1
9025,1,10/13/22,14:54,practice,0,1,4,4,516.4939,1
9025,1,10/13/22,14:54,practice,0,1,5,5,487.8054,1
9025,1,10/13/22,14:54,practice,0,1,6,6,415.9825,1
9025,1,10/13/22,14:54,practice,0,1,7,7,491.5436,1
9025,1,10/13/22,14:54,practice,0,1,8,8,418.3725,1
9025,1,10/13/22,14:54,random,1,1,1,1,415.3287,1
9025,1,10/13/22,14:54,random,1,1,2,2,354.6882,1
9025,1,10/13/22,14:54,random,1,1,3,3,356.0585,1
9025,1,10/13/22,14:54,random,1,1,4,4,356.9454,0
9025,1,10/13/22,14:54,random,1,1,5,5,464.2284,1
9025,1,10/13/22,14:54,random,1,1,6,6,470.0213,1
9025,1,10/13/22,14:54,random,1,1,7,7,452.7278,1
9025,1,10/13/22,14:54,random,1,1,8,8,388.3154,0
9025,1,10/13/22,14:54,random,1,1,9,9,3.99489999999,0
9025,1,10/13/22,14:54,random,1,1,10,10,529.7663,1
9025,1,10/13/22,14:54,random,2,1,11,1,387.1848,1
9025,1,10/13/22,14:54,random,2,1,12,2,454.4352,1
9025,1,10/13/22,14:54,random,2,1,13,3,655.465,1
9025,1,10/13/22,14:54,random,2,1,14,4,431.9098,1
9025,1,10/13/22,14:54,random,2,1,15,5,377.7814,1
9025,1,10/13/22,14:54,random,2,1,16,6,431.5461,1
9025,1,10/13/22,14:54,random,2,1,17,7,441.8148,0
9025,1,10/13/22,14:54,random,2,1,18,8,498.5471,1
9025,1,10/13/22,14:54,random,2,1,19,9,458.6489,1
9025,1,10/13/22,14:54,random,2,1,20,10,474.0568,1
9025,1,10/13/22,14:54,random,3,1,21,1,468.6674,1
9025,1,10/13/22,14:54,random,3,1,22,2,389.7066,1
9025,1,10/13/22,14:54,random,3,1,23,3,400.4176,1
9025,1,10/13/22,14:54,random,3,1,24,4,449.3049,1
9025,1,10/13/22,14:54,random,3,1,25,5,429.2081,1
9025,1,10/13/22,14:54,random,3,1,26,6,485.1505,1
9025,1,10/13/22,14:54,random,3,1,27,7,371.9066,1
9025,1,10/13/22,14:54,random,3,1,28,8,405.2207,1
9025,1,10/13/22,14:54,random,3,1,29,9,475.379,1
9025,1,10/13/22,14:54,random,3,1,30,10,483.2707,1
9025,1,10/13/22,14:54,random,4,1,31,1,463.0357,1
9025,1,10/13/22,14:54,random,4,1,32,2,454.9692,1
9025,1,10/13/22,14:54,random,4,1,33,3,410.4049,1
9025,1,10/13/22,14:54,random,4,1,34,4,472.8434,1
9025,1,10/13/22,14:54,random,4,1,35,5,407.5039,1
9025,1,10/13/22,14:54,random,4,1,36,6,385.6541,1
9025,1,10/13/22,14:54,random,4,1,37,7,363.6871,0
9025,1,10/13/22,14:54,random,4,1,38,8,388.4705,1
9025,1,10/13/22,14:54,random,4,1,39,9,506.6595,1
9025,1,10/13/22,14:54,random,4,1,40,10,484.127,1
9025,1,10/13/22,14:54,random,5,1,41,1,444.8005,1
9025,1,10/13/22,14:54,random,5,1,42,2,457.6949,1
9025,1,10/13/22,14:54,random,5,1,43,3,414.0974,1
9025,1,10/13/22,14:54,random,5,1,44,4,460.8721,1
9025,1,10/13/22,14:54,random,5,1,45,5,387.3251,1
9025,1,10/13/22,14:54,random,5,1,46,6,449.8788,1
9025,1,10/13/22,14:54,random,5,1,47,7,397.3468,1
9025,1,10/13/22,14:54,random,5,1,48,8,477.6917,1
9025,1,10/13/22,14:54,random,5,1,49,9,479.6393,1
9025,1,10/13/22,14:54,random,5,1,50,10,438.5179,1
9026,1,10/13/22,15:24,practice,0,1,1,1,462.5233,1
9026,1,10/13/22,15:24,practice,0,1,2,2,473.6964,1
9026,1,10/13/22,15:24,practice,0,1,3,3,358.87,1
9026,1,10/13/22,15:24,practice,0,1,4,4,337.9172,1
9026,1,10/13/22,15:24,practice,0,1,5,5,429.1101,1
9026,1,10/13/22,15:24,practice,0,1,6,6,501.7228,1
9026,1,10/13/22,15:24,practice,0,1,7,7,377.4493,1
9026,1,10/13/22,15:24,practice,0,1,8,8,476.5388,1
9026,1,10/13/22,15:24,random,1,1,1,1,408.0094,1
9026,1,10/13/22,15:24,random,1,1,2,2,401.5152,1
9026,1,10/13/22,15:24,random,1,1,3,3,346.7101,1
9026,1,10/13/22,15:24,random,1,1,4,4,483.554,1
9026,1,10/13/22,15:24,random,1,1,5,5,377.3644,1
9026,1,10/13/22,15:24,random,1,1,6,6,434.9894,1
9026,1,10/13/22,15:24,random,1,1,7,7,366.2123,1
9026,1,10/13/22,15:24,random,1,1,8,8,543.5747,1
9026,1,10/13/22,15:24,random,1,1,9,9,421.4311,1
9026,1,10/13/22,15:24,random,1,1,10,10,340.6466,1
9026,1,10/13/22,15:24,random,2,1,11,1,328.2148,1
9026,1,10/13/22,15:24,random,2,1,12,2,374.3916,1
9026,1,10/13/22,15:24,random,2,1,13,3,521.1703,1
9026,1,10/13/22,15:24,random,2,1,14,4,323.946,1
9026,1,10/13/22,15:24,random,2,1,15,5,406.8097,1
9026,1,10/13/22,15:24,random,2,1,16,6,13.339,0
9026,1,10/13/22,15:24,random,2,1,17,7,494.5513,1
9026,1,10/13/22,15:24,random,2,1,18,8,651.9769,1
9026,1,10/13/22,15:24,random,2,1,19,9,516.8324,1
9026,1,10/13/22,15:24,random,2,1,20,10,456.2412,1
9026,1,10/13/22,15:24,random,3,1,21,1,423.7455,1
9026,1,10/13/22,15:24,random,3,1,22,2,438.2772,1
9026,1,10/13/22,15:24,random,3,1,23,3,485.7218,1
9026,1,10/13/22,15:24,random,3,1,24,4,390.7311,1
9026,1,10/13/22,15:24,random,3,1,25,5,370.8858,1
9026,1,10/13/22,15:24,random,3,1,26,6,707.7249,1
9026,1,10/13/22,15:24,random,3,1,27,7,376.7345,1
9026,1,10/13/22,15:24,random,3,1,28,8,386.8142,1
9026,1,10/13/22,15:24,random,3,1,29,9,480.0398,1
9026,1,10/13/22,15:24,random,3,1,30,10,457.438,1
9026,1,10/13/22,15:24,random,4,1,31,1,437.9771,1
9026,1,10/13/22,15:24,random,4,1,32,2,434.505,1
9026,1,10/13/22,15:24,random,4,1,33,3,602.4126,1
9026,1,10/13/22,15:24,random,4,1,34,4,421.8967,1
9026,1,10/13/22,15:24,random,4,1,35,5,382.3767,1
9026,1,10/13/22,15:24,random,4,1,36,6,498.9262,1
9026,1,10/13/22,15:24,random,4,1,37,7,513.6174,1
9026,1,10/13/22,15:24,random,4,1,38,8,470.1596,1
9026,1,10/13/22,15:24,random,4,1,39,9,434.8069,1
9026,1,10/13/22,15:24,random,4,1,40,10,567.4512,1
9026,1,10/13/22,15:24,random,5,1,41,1,429.9626,1
9026,1,10/13/22,15:24,random,5,1,42,2,401.868,1
9026,1,10/13/22,15:24,random,5,1,43,3,391.2076,1
9026,1,10/13/22,15:24,random,5,1,44,4,447.7667,1
9026,1,10/13/22,15:24,random,5,1,45,5,496.1239,1
9026,1,10/13/22,15:24,random,5,1,46,6,443.9237,1
9026,1,10/13/22,15:24,random,5,1,47,7,405.4547,1
9026,1,10/13/22,15:24,random,5,1,48,8,605.0242,1
9026,1,10/13/22,15:24,random,5,1,49,9,382.0223,0
9026,1,10/13/22,15:24,random,5,1,50,10,583.9062,1
9027,1,10/14/22,09:26,practice,0,1,1,1,707.1221,1
9027,1,10/14/22,09:26,practice,0,1,2,2,497.4513,1
9027,1,10/14/22,09:26,practice,0,1,3,3,577.8893,1
9027,1,10/14/22,09:26,practice,0,1,4,4,391.8854,1
9027,1,10/14/22,09:26,practice,0,1,5,5,726.1356,1
9027,1,10/14/22,09:26,practice,0,1,6,6,504.6479,1
9027,1,10/14/22,09:26,practice,0,1,7,7,324.4577,1
9027,1,10/14/22,09:26,practice,0,1,8,8,402.3375,1
9027,1,10/14/22,09:26,random,1,1,1,1,646.423,1
9027,1,10/14/22,09:26,random,1,1,2,2,503.1332,1
9027,1,10/14/22,09:26,random,1,1,3,3,495.6743,1
9027,1,10/14/22,09:26,random,1,1,4,4,367.6056,1
9027,1,10/14/22,09:26,random,1,1,5,5,404.8593,1
9027,1,10/14/22,09:26,random,1,1,6,6,542.7132,1
9027,1,10/14/22,09:26,random,1,1,7,7,494.4671,1
9027,1,10/14/22,09:26,random,1,1,8,8,411.7196,1
9027,1,10/14/22,09:26,random,1,1,9,9,531.8593,1
9027,1,10/14/22,09:26,random,1,1,10,10,470.4407,1
9027,1,10/14/22,09:26,random,2,1,11,1,528.7028,1
9027,1,10/14/22,09:26,random,2,1,12,2,461.6245,1
9027,1,10/14/22,09:26,random,2,1,13,3,567.1773,1
9027,1,10/14/22,09:26,random,2,1,14,4,630.7044,1
9027,1,10/14/22,09:26,random,2,1,15,5,681.5812,1
9027,1,10/14/22,09:26,random,2,1,16,6,499.1709,1
9027,1,10/14/22,09:26,random,2,1,17,7,647.91010000000006,1
9027,1,10/14/22,09:26,random,2,1,18,8,479.3459,1
9027,1,10/14/22,09:26,random,2,1,19,9,767.2079,1
9027,1,10/14/22,09:26,random,2,1,20,10,413.84,1
9027,1,10/14/22,09:26,random,3,1,21,1,411.8839,1
9027,1,10/14/22,09:26,random,3,1,22,2,544.0917,1
9027,1,10/14/22,09:26,random,3,1,23,3,532.4869,1
9027,1,10/14/22,09:26,random,3,1,24,4,414.9726,1
9027,1,10/14/22,09:26,random,3,1,25,5,362.5578,1
9027,1,10/14/22,09:26,random,3,1,26,6,593.512,1
9027,1,10/14/22,09:26,random,3,1,27,7,510.3964,1
9027,1,10/14/22,09:26,random,3,1,28,8,552.9362,1
9027,1,10/14/22,09:26,random,3,1,29,9,423.5609,1
9027,1,10/14/22,09:26,random,3,1,30,10,518.5283,1
9027,1,10/14/22,09:26,random,4,1,31,1,575.9306,1
9027,1,10/14/22,09:26,random,4,1,32,2,413.446,1
9027,1,10/14/22,09:26,random,4,1,33,3,566.1347,1
9027,1,10/14/22,09:26,random,4,1,34,4,523.1568,1
9027,1,10/14/22,09:26,random,4,1,35,5,477.3083,1
9027,1,10/14/22,09:26,random,4,1,36,6,567.0276,1
9027,1,10/14/22,09:26,random,4,1,37,7,510.2878,1
9027,1,10/14/22,09:26,random,4,1,38,8,499.931,1
9027,1,10/14/22,09:26,random,4,1,39,9,527.6822,1
9027,1,10/14/22,09:26,random,4,1,40,10,508.2042,1
9027,1,10/14/22,09:26,random,5,1,41,1,661.0238,1
9027,1,10/14/22,09:26,random,5,1,42,2,424.42,1
9027,1,10/14/22,09:26,random,5,1,43,3,633.7866,1
9027,1,10/14/22,09:26,random,5,1,44,4,472.0144,1
9027,1,10/14/22,09:26,random,5,1,45,5,589.6895,1
9027,1,10/14/22,09:26,random,5,1,46,6,509.9111,1
9027,1,10/14/22,09:26,random,5,1,47,7,521.0557,1
9027,1,10/14/22,09:26,random,5,1,48,8,560.1534,1
9027,1,10/14/22,09:26,random,5,1,49,9,397.5548,1
9027,1,10/14/22,09:26,random,5,1,50,10,664.8693,1
9028,1,10/14/22,09:14,practice,0,1,1,1,437.8699,1
9028,1,10/14/22,09:14,practice,0,1,2,2,327.8118,1
9028,1,10/14/22,09:14,practice,0,1,3,3,403.636,1
9028,1,10/14/22,09:14,practice,0,1,4,4,301.1634,0
9028,1,10/14/22,09:14,practice,0,1,5,5,0.179900000003,0
9028,1,10/14/22,09:14,practice,0,1,6,6,412.7254,1
9028,1,10/14/22,09:14,practice,0,1,7,7,354.5678,1
9028,1,10/14/22,09:14,practice,0,1,8,8,359.2421,1
9028,1,10/14/22,09:14,random,1,1,1,1,307.8475,1
9028,1,10/14/22,09:14,random,1,1,2,2,347.1931,1
9028,1,10/14/22,09:14,random,1,1,3,3,439.1648,1
9028,1,10/14/22,09:14,random,1,1,4,4,411.2702,1
9028,1,10/14/22,09:14,random,1,1,5,5,374.2209,1
9028,1,10/14/22,09:14,random,1,1,6,6,359.9902,1
9028,1,10/14/22,09:14,random,1,1,7,7,383.5582,1
9028,1,10/14/22,09:14,random,1,1,8,8,341.8792,1
9028,1,10/14/22,09:14,random,1,1,9,9,361.6169,1
9028,1,10/14/22,09:14,random,1,1,10,10,321.1904,1
9028,1,10/14/22,09:14,random,2,1,11,1,365.9777,1
9028,1,10/14/22,09:14,random,2,1,12,2,346.312,1
9028,1,10/14/22,09:14,random,2,1,13,3,349.6429,1
9028,1,10/14/22,09:14,random,2,1,14,4,330.3858,1
9028,1,10/14/22,09:14,random,2,1,15,5,325.1638,1
9028,1,10/14/22,09:14,random,2,1,16,6,340.389,1
9028,1,10/14/22,09:14,random,2,1,17,7,388.3148,1
9028,1,10/14/22,09:14,random,2,1,18,8,363.8512,1
9028,1,10/14/22,09:14,random,2,1,19,9,391.4432,1
9028,1,10/14/22,09:14,random,2,1,20,10,365.3169,1
9028,1,10/14/22,09:14,random,3,1,21,1,364.213,1
9028,1,10/14/22,09:14,random,3,1,22,2,331.8867,0
9028,1,10/14/22,09:14,random,3,1,23,3,4.6673,1
9028,1,10/14/22,09:14,random,3,1,24,4,405.597,1
9028,1,10/14/22,09:14,random,3,1,25,5,396.1362,1
9028,1,10/14/22,09:14,random,3,1,26,6,474.1372,1
9028,1,10/14/22,09:14,random,3,1,27,7,421.57,1
9028,1,10/14/22,09:14,random,3,1,28,8,398.4072,1
9028,1,10/14/22,09:14,random,3,1,29,9,361.6569,1
9028,1,10/14/22,09:14,random,3,1,30,10,377.8845,1
9028,1,10/14/22,09:14,random,4,1,31,1,476.3697,1
9028,1,10/14/22,09:14,random,4,1,32,2,335.6244,1
9028,1,10/14/22,09:14,random,4,1,33,3,384.5147,1
9028,1,10/14/22,09:14,random,4,1,34,4,430.3972,1
9028,1,10/14/22,09:14,random,4,1,35,5,291.7396,1
9028,1,10/14/22,09:14,random,4,1,36,6,380.2687,1
9028,1,10/14/22,09:14,random,4,1,37,7,411.0461,1
9028,1,10/14/22,09:14,random,4,1,38,8,377.4822,1
9028,1,10/14/22,09:14,random,4,1,39,9,396.9218,1
9028,1,10/14/22,09:14,random,4,1,40,10,362.3625,1
9028,1,10/14/22,09:14,random,5,1,41,1,402.9655,1
9028,1,10/14/22,09:14,random,5,1,42,2,373.2014,1
9028,1,10/14/22,09:14,random,5,1,43,3,379.7268,1
9028,1,10/14/22,09:14,random,5,1,44,4,387.6524,1
9028,1,10/14/22,09:14,random,5,1,45,5,407.5268,1
9028,1,10/14/22,09:14,random,5,1,46,6,399.3434,1
9028,1,10/14/22,09:14,random,5,1,47,7,320.8981,1
9028,1,10/14/22,09:14,random,5,1,48,8,363.4797,1
9028,1,10/14/22,09:14,random,5,1,49,9,365.124,1
9028,1,10/14/22,09:14,random,5,1,50,10,376.4461,1
9029,1,10/14/22,12:24,practice,0,1,1,1,470.5981,1
9029,1,10/14/22,12:24,practice,0,1,2,2,381.4348,1
9029,1,10/14/22,12:24,practice,0,1,3,3,388.4672,1
9029,1,10/14/22,12:24,practice,0,1,4,4,466.4234,1
9029,1,10/14/22,12:24,practice,0,1,5,5,387.7641,1
9029,1,10/14/22,12:24,practice,0,1,6,6,421.8733,1
9029,1,10/14/22,12:24,practice,0,1,7,7,421.6302,1
9029,1,10/14/22,12:24,practice,0,1,8,8,400.7303,1
9029,1,10/14/22,12:24,random,1,1,1,1,413.503,1
9029,1,10/14/22,12:24,random,1,1,2,2,379.7646,1
9029,1,10/14/22,12:24,random,1,1,3,3,488.882,1
9029,1,10/14/22,12:24,random,1,1,4,4,376.4261,1
9029,1,10/14/22,12:24,random,1,1,5,5,352.8826,1
9029,1,10/14/22,12:24,random,1,1,6,6,373.8963,1
9029,1,10/14/22,12:24,random,1,1,7,7,380.6831,1
9029,1,10/14/22,12:24,random,1,1,8,8,410.994,1
9029,1,10/14/22,12:24,random,1,1,9,9,338.8094,1
9029,1,10/14/22,12:24,random,1,1,10,10,394.2991,1
9029,1,10/14/22,12:24,random,2,1,11,1,371.9769,1
9029,1,10/14/22,12:24,random,2,1,12,2,330.1263,1
9029,1,10/14/22,12:24,random,2,1,13,3,407.6087,1
9029,1,10/14/22,12:24,random,2,1,14,4,366.2123,1
9029,1,10/14/22,12:24,random,2,1,15,5,408.5498,1
9029,1,10/14/22,12:24,random,2,1,16,6,349.017,1
9029,1,10/14/22,12:24,random,2,1,17,7,453.7652,1
9029,1,10/14/22,12:24,random,2,1,18,8,404.3633,1
9029,1,10/14/22,12:24,random,2,1,19,9,367.7863,1
9029,1,10/14/22,12:24,random,2,1,20,10,422.0367,0
9029,1,10/14/22,12:24,random,3,1,21,1,3.4969,0
9029,1,10/14/22,12:24,random,3,1,22,2,402.6019,1
9029,1,10/14/22,12:24,random,3,1,23,3,419.2981,0
9029,1,10/14/22,12:24,random,3,1,24,4,392.3907,1
9029,1,10/14/22,12:24,random,3,1,25,5,494.4119,1
9029,1,10/14/22,12:24,random,3,1,26,6,395.5278,1
9029,1,10/14/22,12:24,random,3,1,27,7,494.3239,1
9029,1,10/14/22,12:24,random,3,1,28,8,503.9948,1
9029,1,10/14/22,12:24,random,3,1,29,9,419.1143,1
9029,1,10/14/22,12:24,random,3,1,30,10,488.535,0
9029,1,10/14/22,12:24,random,4,1,31,1,380.1974,1
9029,1,10/14/22,12:24,random,4,1,32,2,440.3217,1
9029,1,10/14/22,12:24,random,4,1,33,3,360.734,1
9029,1,10/14/22,12:24,random,4,1,34,4,428.2969,1
9029,1,10/14/22,12:24,random,4,1,35,5,445.2439,1
9029,1,10/14/22,12:24,random,4,1,36,6,504.7968,1
9029,1,10/14/22,12:24,random,4,1,37,7,433.0375,1
9029,1,10/14/22,12:24,random,4,1,38,8,487.3843,1
9029,1,10/14/22,12:24,random,4,1,39,9,431.6356,1
9029,1,10/14/22,12:24,random,4,1,40,10,407.6229,1
9029,1,10/14/22,12:24,random,5,1,41,1,395.2946,1
9029,1,10/14/22,12:24,random,5,1,42,2,393.897,1
9029,1,10/14/22,12:24,random,5,1,43,3,384.5764,1
9029,1,10/14/22,12:24,random,5,1,44,4,492.6686,1
9029,1,10/14/22,12:24,random,5,1,45,5,387.3481,1
9029,1,10/14/22,12:24,random,5,1,46,6,418.9951,1
9029,1,10/14/22,12:24,random,5,1,47,7,624.0944,1
9029,1,10/14/22,12:24,random,5,1,48,8,441.5422,1
9029,1,10/14/22,12:24,random,5,1,49,9,453.1557,0
9029,1,10/14/22,12:24,random,5,1,50,10,424.0644,1
9030,1,10/14/2022,12:21,practice,0,1,1,1,3076.2426,1
9030,1,10/14/2022,12:21,practice,0,1,2,2,555.8424,1
9030,1,10/14/2022,12:21,practice,0,1,3,3,472.027,1
9030,1,10/14/2022,12:21,practice,0,1,4,4,425.3068,1
9030,1,10/14/2022,12:21,practice,0,1,5,5,629.2061,1
9030,1,10/14/2022,12:21,practice,0,1,6,6,464.6368,1
9030,1,10/14/2022,12:21,practice,0,1,7,7,554.701,1
9030,1,10/14/2022,12:21,practice,0,1,8,8,518.8211,1
9030,1,10/14/2022,12:21,random,1,1,1,1,477.6116,1
9030,1,10/14/2022,12:21,random,1,1,2,2,435.4305,1
9030,1,10/14/2022,12:21,random,1,1,3,3,475.828,1
9030,1,10/14/2022,12:21,random,1,1,4,4,437.9564,1
9030,1,10/14/2022,12:21,random,1,1,5,5,394.3113,1
9030,1,10/14/2022,12:21,random,1,1,6,6,597.6414,0
9030,1,10/14/2022,12:21,random,1,1,7,7,443.9445,1
9030,1,10/14/2022,12:21,random,1,1,8,8,459.9257,1
9030,1,10/14/2022,12:21,random,1,1,9,9,456.8261,1
9030,1,10/14/2022,12:21,random,1,1,10,10,512.7845,1
9030,1,10/14/2022,12:21,random,2,1,11,1,553.3811,1
9030,1,10/14/2022,12:21,random,2,1,12,2,469.0483,1
9030,1,10/14/2022,12:21,random,2,1,13,3,447.9648,1
9030,1,10/14/2022,12:21,random,2,1,14,4,463.4363,1
9030,1,10/14/2022,12:21,random,2,1,15,5,766.0596,1
9030,1,10/14/2022,12:21,random,2,1,16,6,436.8043,1
9030,1,10/14/2022,12:21,random,2,1,17,7,430.8922,1
9030,1,10/14/2022,12:21,random,2,1,18,8,464.5128,1
9030,1,10/14/2022,12:21,random,2,1,19,9,430.9733,1
9030,1,10/14/2022,12:21,random,2,1,20,10,795.4765,1
9030,1,10/14/2022,12:21,random,3,1,21,1,660.5144,1
9030,1,10/14/2022,12:21,random,3,1,22,2,563.0362,1
9030,1,10/14/2022,12:21,random,3,1,23,3,420.0905,1
9030,1,10/14/2022,12:21,random,3,1,24,4,513.663,1
9030,1,10/14/2022,12:21,random,3,1,25,5,445.41,1
9030,1,10/14/2022,12:21,random,3,1,26,6,493.844,1
9030,1,10/14/2022,12:21,random,3,1,27,7,649.1674,1
9030,1,10/14/2022,12:21,random,3,1,28,8,526.1685,1
9030,1,10/14/2022,12:21,random,3,1,29,9,619.2047,1
9030,1,10/14/2022,12:21,random,3,1,30,10,454.8365,1
9030,1,10/14/2022,12:21,random,4,1,31,1,427.8957,1
9030,1,10/14/2022,12:21,random,4,1,32,2,449.3764,1
9030,1,10/14/2022,12:21,random,4,1,33,3,789.9796,1
9030,1,10/14/2022,12:21,random,4,1,34,4,833.4533,1
9030,1,10/14/2022,12:21,random,4,1,35,5,797.7222,1
9030,1,10/14/2022,12:21,random,4,1,36,6,739.1905,1
9030,1,10/14/2022,12:21,random,4,1,37,7,741.047,1
9030,1,10/14/2022,12:21,random,4,1,38,8,581.3587,1
9030,1,10/14/2022,12:21,random,4,1,39,9,749.0588,1
9030,1,10/14/2022,12:21,random,4,1,40,10,539.2841,1
9030,1,10/14/2022,12:21,random,5,1,41,1,431.203,1
9030,1,10/14/2022,12:21,random,5,1,42,2,482.4113,1
9030,1,10/14/2022,12:21,random,5,1,43,3,449.4172,1
9030,1,10/14/2022,12:21,random,5,1,44,4,592.9298,1
9030,1,10/14/2022,12:21,random,5,1,45,5,474.5215,1
9030,1,10/14/2022,12:21,random,5,1,46,6,436.6577,1
9030,1,10/14/2022,12:21,random,5,1,47,7,479.2839,1
9030,1,10/14/2022,12:21,random,5,1,48,8,668.6033,1
9030,1,10/14/2022,12:21,random,5,1,49,9,633.5541,1
9030,1,10/14/2022,12:21,random,5,1,50,10,692.0517,1
9031,1,10/14/22,12:23,practice,0,1,1,1,827.1023,1
9031,1,10/14/22,12:23,practice,0,1,2,2,779.3981,1
9031,1,10/14/22,12:23,practice,0,1,3,3,923.7521,1
9031,1,10/14/22,12:23,practice,0,1,4,4,800.681,1
9031,1,10/14/22,12:23,practice,0,1,5,5,537.9138,1
9031,1,10/14/22,12:23,practice,0,1,6,6,781.8408,1
9031,1,10/14/22,12:23,practice,0,1,7,7,548.6651,1
9031,1,10/14/22,12:23,practice,0,1,8,8,667.4339,1
9031,1,10/14/22,12:23,random,1,1,1,1,756.816,1
9031,1,10/14/22,12:23,random,1,1,2,2,601.8782,1
9031,1,10/14/22,12:23,random,1,1,3,3,569.4628,1
9031,1,10/14/22,12:23,random,1,1,4,4,649.7205,1
9031,1,10/14/22,12:23,random,1,1,5,5,446.7643,1
9031,1,10/14/22,12:23,random,1,1,6,6,624.9027,1
9031,1,10/14/22,12:23,random,1,1,7,7,483.1141,1
9031,1,10/14/22,12:23,random,1,1,8,8,647.536,1
9031,1,10/14/22,12:23,random,1,1,9,9,575.1963,1
9031,1,10/14/22,12:23,random,1,1,10,10,608.3032,1
9031,1,10/14/22,12:23,random,2,1,11,1,856.4121,1
9031,1,10/14/22,12:23,random,2,1,12,2,541.2975,1
9031,1,10/14/22,12:23,random,2,1,13,3,655.6734,1
9031,1,10/14/22,12:23,random,2,1,14,4,555.3666,1
9031,1,10/14/22,12:23,random,2,1,15,5,553.6957,1
9031,1,10/14/22,12:23,random,2,1,16,6,474.8934,1
9031,1,10/14/22,12:23,random,2,1,17,7,543.6716,1
9031,1,10/14/22,12:23,random,2,1,18,8,359.0504,1
9031,1,10/14/22,12:23,random,2,1,19,9,498.4573,1
9031,1,10/14/22,12:23,random,2,1,20,10,429.7386,1
9031,1,10/14/22,12:23,random,3,1,21,1,522.7178,1
9031,1,10/14/22,12:23,random,3,1,22,2,564.8308,1
9031,1,10/14/22,12:23,random,3,1,23,3,520.4562,1
9031,1,10/14/22,12:23,random,3,1,24,4,389.6625,1
9031,1,10/14/22,12:23,random,3,1,25,5,599.7002,1
9031,1,10/14/22,12:23,random,3,1,26,6,542.7857,1
9031,1,10/14/22,12:23,random,3,1,27,7,647.4735,1
9031,1,10/14/22,12:23,random,3,1,28,8,527.2794,1
9031,1,10/14/22,12:23,random,3,1,29,9,464.3359,1
9031,1,10/14/22,12:23,random,3,1,30,10,436.8248,1
9031,1,10/14/22,12:23,random,4,1,31,1,425.2762,1
9031,1,10/14/22,12:23,random,4,1,32,2,574.4822,1
9031,1,10/14/22,12:23,random,4,1,33,3,576.8204,1
9031,1,10/14/22,12:23,random,4,1,34,4,449.4772,1
9031,1,10/14/22,12:23,random,4,1,35,5,544.9454,1
9031,1,10/14/22,12:23,random,4,1,36,6,550.1529,1
9031,1,10/14/22,12:23,random,4,1,37,7,430.9677,1
9031,1,10/14/22,12:23,random,4,1,38,8,467.7394,1
9031,1,10/14/22,12:23,random,4,1,39,9,465.3949,1
9031,1,10/14/22,12:23,random,4,1,40,10,468.1741,1
9031,1,10/14/22,12:23,random,5,1,41,1,485.6648,1
9031,1,10/14/22,12:23,random,5,1,42,2,432.5439,1
9031,1,10/14/22,12:23,random,5,1,43,3,507.3892,1
9031,1,10/14/22,12:23,random,5,1,44,4,499.2807,1
9031,1,10/14/22,12:23,random,5,1,45,5,485.9734,1
9031,1,10/14/22,12:23,random,5,1,46,6,450.3159,1
9031,1,10/14/22,12:23,random,5,1,47,7,441.7098,1
9031,1,10/14/22,12:23,random,5,1,48,8,454.7475,1
9031,1,10/14/22,12:23,random,5,1,49,9,433.5434,0
9031,1,10/14/22,12:23,random,5,1,50,10,724.4729,1
9032,1,10/14/2022,15:18,practice,0,1,1,1,426.4022,1
9032,1,10/14/2022,15:18,practice,0,1,2,2,909.277,1
9032,1,10/14/2022,15:18,practice,0,1,3,3,484.4593,1
9032,1,10/14/2022,15:18,practice,0,1,4,4,659.2557,1
9032,1,10/14/2022,15:18,practice,0,1,5,5,357.5309,1
9032,1,10/14/2022,15:18,practice,0,1,6,6,348.8373,1
9032,1,10/14/2022,15:18,practice,0,1,7,7,434.8682,1
9032,1,10/14/2022,15:18,practice,0,1,8,8,444.4884,1
9032,1,10/14/2022,15:18,random,1,1,1,1,478.4611,1
9032,1,10/14/2022,15:18,random,1,1,2,2,380.0878,1
9032,1,10/14/2022,15:18,random,1,1,3,3,317.7681,1
9032,1,10/14/2022,15:18,random,1,1,4,4,351.0287,0
9032,1,10/14/2022,15:18,random,1,1,5,5,537.7159,1
9032,1,10/14/2022,15:18,random,1,1,6,6,504.4415,1
9032,1,10/14/2022,15:18,random,1,1,7,7,346.1746,1
9032,1,10/14/2022,15:18,random,1,1,8,8,416.4092,1
9032,1,10/14/2022,15:18,random,1,1,9,9,286.4746,1
9032,1,10/14/2022,15:18,random,1,1,10,10,357.8704,1
9032,1,10/14/2022,15:18,random,2,1,11,1,388.2786,1
9032,1,10/14/2022,15:18,random,2,1,12,2,421.8117,1
9032,1,10/14/2022,15:18,random,2,1,13,3,345.4551,1
9032,1,10/14/2022,15:18,random,2,1,14,4,431.8001,0
9032,1,10/14/2022,15:18,random,2,1,15,5,4.2743,0
9032,1,10/14/2022,15:18,random,2,1,16,6,344.9635,1
9032,1,10/14/2022,15:18,random,2,1,17,7,358.9,1
9032,1,10/14/2022,15:18,random,2,1,18,8,423.0279,1
9032,1,10/14/2022,15:18,random,2,1,19,9,405.9023,1
9032,1,10/14/2022,15:18,random,2,1,20,10,615.8995,1
9032,1,10/14/2022,15:18,random,3,1,21,1,538.6974,1
9032,1,10/14/2022,15:18,random,3,1,22,2,541.2548,1
9032,1,10/14/2022,15:18,random,3,1,23,3,284.6445,1
9032,1,10/14/2022,15:18,random,3,1,24,4,487.816,1
9032,1,10/14/2022,15:18,random,3,1,25,5,478.5561,1
9032,1,10/14/2022,15:18,random,3,1,26,6,517.0035,1
9032,1,10/14/2022,15:18,random,3,1,27,7,556.4301,1
9032,1,10/14/2022,15:18,random,3,1,28,8,582.0984,0
9032,1,10/14/2022,15:18,random,3,1,29,9,650.1666,1
9032,1,10/14/2022,15:18,random,3,1,30,10,737.408,1
9032,1,10/14/2022,15:18,random,4,1,31,1,446.595,1
9032,1,10/14/2022,15:18,random,4,1,32,2,362.8661,1
9032,1,10/14/2022,15:18,random,4,1,33,3,504.1326,1
9032,1,10/14/2022,15:18,random,4,1,34,4,506.7836,1
9032,1,10/14/2022,15:18,random,4,1,35,5,648.3626,1
9032,1,10/14/2022,15:18,random,4,1,36,6,393.5168,1
9032,1,10/14/2022,15:18,random,4,1,37,7,485.907,1
9032,1,10/14/2022,15:18,random,4,1,38,8,436.6013,1
9032,1,10/14/2022,15:18,random,4,1,39,9,355.497,1
9032,1,10/14/2022,15:18,random,4,1,40,10,386.8621,1
9032,1,10/14/2022,15:18,random,5,1,41,1,343.8418,1
9032,1,10/14/2022,15:18,random,5,1,42,2,490.227,0
9032,1,10/14/2022,15:18,random,5,1,43,3,7.7186,1
9032,1,10/14/2022,15:18,random,5,1,44,4,467.7465,1
9032,1,10/14/2022,15:18,random,5,1,45,5,549.4314,1
9032,1,10/14/2022,15:18,random,5,1,46,6,456.4703,1
9032,1,10/14/2022,15:18,random,5,1,47,7,318.5513,1
9032,1,10/14/2022,15:18,random,5,1,48,8,449.4937,1
9032,1,10/14/2022,15:18,random,5,1,49,9,417.3574,1
9032,1,10/14/2022,15:18,random,5,1,50,10,401.1101,1
9033,1,10/14/22,15:25,practice,0,1,1,1,430.6473,1
9033,1,10/14/22,15:25,practice,0,1,2,2,394.3691,1
9033,1,10/14/22,15:25,practice,0,1,3,3,790.8419,1
9033,1,10/14/22,15:25,practice,0,1,4,4,398.0131,1
9033,1,10/14/22,15:25,practice,0,1,5,5,535.6972,1
9033,1,10/14/22,15:25,practice,0,1,6,6,663.2077,1
9033,1,10/14/22,15:25,practice,0,1,7,7,407.1487,1
9033,1,10/14/22,15:25,practice,0,1,8,8,438.0829,1
9033,1,10/14/22,15:25,random,1,1,1,1,383.2573,1
9033,1,10/14/22,15:25,random,1,1,2,2,349.1768,1
9033,1,10/14/22,15:25,random,1,1,3,3,364.4468,1
9033,1,10/14/22,15:25,random,1,1,4,4,470.7123,1
9033,1,10/14/22,15:25,random,1,1,5,5,344.9381,1
9033,1,10/14/22,15:25,random,1,1,6,6,365.2508,1
9033,1,10/14/22,15:25,random,1,1,7,7,344.8335,1
9033,1,10/14/22,15:25,random,1,1,8,8,353.8414,0
9033,1,10/14/22,15:25,random,1,1,9,9,463.6119,0
9033,1,10/14/22,15:25,random,1,1,10,10,3.7954,0
9033,1,10/14/22,15:25,random,2,1,11,1,454.4502,1
9033,1,10/14/22,15:25,random,2,1,12,2,548.7777,1
9033,1,10/14/22,15:25,random,2,1,13,3,410.0289,1
9033,1,10/14/22,15:25,random,2,1,14,4,353.3065,1
9033,1,10/14/22,15:25,random,2,1,15,5,359.23,1
9033,1,10/14/22,15:25,random,2,1,16,6,569.3894,1
9033,1,10/14/22,15:25,random,2,1,17,7,375.6262,1
9033,1,10/14/22,15:25,random,2,1,18,8,343.8433,1
9033,1,10/14/22,15:25,random,2,1,19,9,361.7893,1
9033,1,10/14/22,15:25,random,2,1,20,10,400.8275,1
9033,1,10/14/22,15:25,random,3,1,21,1,562.875,1
9033,1,10/14/22,15:25,random,3,1,22,2,466.5107,1
9033,1,10/14/22,15:25,random,3,1,23,3,368.9767,1
9033,1,10/14/22,15:25,random,3,1,24,4,343.7736,1
9033,1,10/14/22,15:25,random,3,1,25,5,346.8996,1
9033,1,10/14/22,15:25,random,3,1,26,6,323.856,1
9033,1,10/14/22,15:25,random,3,1,27,7,350.6683,1
9033,1,10/14/22,15:25,random,3,1,28,8,429.545,1
9033,1,10/14/22,15:25,random,3,1,29,9,354.4251,0
9033,1,10/14/22,15:25,random,3,1,30,10,4.45800000001,1
9033,1,10/14/22,15:25,random,4,1,31,1,443.3712,1
9033,1,10/14/22,15:25,random,4,1,32,2,441.4304,1
9033,1,10/14/22,15:25,random,4,1,33,3,394.5375,1
9033,1,10/14/22,15:25,random,4,1,34,4,455.4786,0
9033,1,10/14/22,15:25,random,4,1,35,5,535.7675,1
9033,1,10/14/22,15:25,random,4,1,36,6,403.7182,1
9033,1,10/14/22,15:25,random,4,1,37,7,391.3182,1
9033,1,10/14/22,15:25,random,4,1,38,8,439.4349,1
9033,1,10/14/22,15:25,random,4,1,39,9,359.4711,1
9033,1,10/14/22,15:25,random,4,1,40,10,478.4013,1
9033,1,10/14/22,15:25,random,5,1,41,1,418.7636,1
9033,1,10/14/22,15:25,random,5,1,42,2,459.6119,1
9033,1,10/14/22,15:25,random,5,1,43,3,401.8921,1
9033,1,10/14/22,15:25,random,5,1,44,4,350.5733,1
9033,1,10/14/22,15:25,random,5,1,45,5,454.7561,1
9033,1,10/14/22,15:25,random,5,1,46,6,371.9635,1
9033,1,10/14/22,15:25,random,5,1,47,7,295.8357,1
9033,1,10/14/22,15:25,random,5,1,48,8,364.4619,1
9033,1,10/14/22,15:25,random,5,1,49,9,483.2781,0
9033,1,10/14/22,15:25,random,5,1,50,10,511.9862,1
9034,1,10/14/22,15:23,practice,0,1,1,1,5968.0197,1
9034,1,10/14/22,15:23,practice,0,1,2,2,595.0548,1
9034,1,10/14/22,15:23,practice,0,1,3,3,386.0452,1
9034,1,10/14/22,15:23,practice,0,1,4,4,464.1258,1
9034,1,10/14/22,15:23,practice,0,1,5,5,697.7396,0
9034,1,10/14/22,15:23,practice,0,1,6,6,847.3561,1
9034,1,10/14/22,15:23,practice,0,1,7,7,768.1089,1
9034,1,10/14/22,15:23,practice,0,1,8,8,977.236,1
9034,1,10/14/22,15:23,random,1,1,1,1,986.1486,1
9034,1,10/14/22,15:23,random,1,1,2,2,559.6328,1
9034,1,10/14/22,15:23,random,1,1,3,3,384.1497,1
9034,1,10/14/22,15:23,random,1,1,4,4,550.6384,1
9034,1,10/14/22,15:23,random,1,1,5,5,396.7863,1
9034,1,10/14/22,15:23,random,1,1,6,6,356.4711,1
9034,1,10/14/22,15:23,random,1,1,7,7,447.625,1
9034,1,10/14/22,15:23,random,1,1,8,8,422.9042,1
9034,1,10/14/22,15:23,random,1,1,9,9,567.3841,1
9034,1,10/14/22,15:23,random,1,1,10,10,384.8952,1
9034,1,10/14/22,15:23,random,2,1,11,1,432.2541,1
9034,1,10/14/22,15:23,random,2,1,12,2,506.7627,1
9034,1,10/14/22,15:23,random,2,1,13,3,528.8459,1
9034,1,10/14/22,15:23,random,2,1,14,4,410.9533,1
9034,1,10/14/22,15:23,random,2,1,15,5,363.045,1
9034,1,10/14/22,15:23,random,2,1,16,6,429.9888,1
9034,1,10/14/22,15:23,random,2,1,17,7,458.4068,1
9034,1,10/14/22,15:23,random,2,1,18,8,333.2609,1
9034,1,10/14/22,15:23,random,2,1,19,9,423.1518,1
9034,1,10/14/22,15:23,random,2,1,20,10,361.175,1
9034,1,10/14/22,15:23,random,3,1,21,1,481.7512,1
9034,1,10/14/22,15:23,random,3,1,22,2,382.0278,1
9034,1,10/14/22,15:23,random,3,1,23,3,539.7916,1
9034,1,10/14/22,15:23,random,3,1,24,4,357.3743,1
9034,1,10/14/22,15:23,random,3,1,25,5,473.9946,1
9034,1,10/14/22,15:23,random,3,1,26,6,372.2625,1
9034,1,10/14/22,15:23,random,3,1,27,7,422.3445,1
9034,1,10/14/22,15:23,random,3,1,28,8,370.0093,1
9034,1,10/14/22,15:23,random,3,1,29,9,419.9051,1
9034,1,10/14/22,15:23,random,3,1,30,10,452.2117,1
9034,1,10/14/22,15:23,random,4,1,31,1,460.2353,1
9034,1,10/14/22,15:23,random,4,1,32,2,391.2795,1
9034,1,10/14/22,15:23,random,4,1,33,3,352.1339,1
9034,1,10/14/22,15:23,random,4,1,34,4,475.3081,0
9034,1,10/14/22,15:23,random,4,1,35,5,468.4532,1
9034,1,10/14/22,15:23,random,4,1,36,6,607.0555,1
9034,1,10/14/22,15:23,random,4,1,37,7,449.3665,1
9034,1,10/14/22,15:23,random,4,1,38,8,339.726,1
9034,1,10/14/22,15:23,random,4,1,39,9,513.5198,1
9034,1,10/14/22,15:23,random,4,1,40,10,468.5089,0
9034,1,10/14/22,15:23,random,5,1,41,1,461.5487,1
9034,1,10/14/22,15:23,random,5,1,42,2,809.1453,1
9034,1,10/14/22,15:23,random,5,1,43,3,411.5047,1
9034,1,10/14/22,15:23,random,5,1,44,4,465.5831,1
9034,1,10/14/22,15:23,random,5,1,45,5,407.6597,1
9034,1,10/14/22,15:23,random,5,1,46,6,473.6271,1
9034,1,10/14/22,15:23,random,5,1,47,7,542.0118,1
9034,1,10/14/22,15:23,random,5,1,48,8,667.3974,1
9034,1,10/14/22,15:23,random,5,1,49,9,457.2305,1
9034,1,10/14/22,15:23,random,5,1,50,10,564.677,1
9035,1,11/07/22,12:04,practice,0,1,1,1,2907.3086,1
9035,1,11/07/22,12:04,practice,0,1,2,2,3664.3168,1
9035,1,11/07/22,12:04,practice,0,1,3,3,974.7053,1
9035,1,11/07/22,12:04,practice,0,1,4,4,777.767,1
9035,1,11/07/22,12:04,practice,0,1,5,5,913.3252,1
9035,1,11/07/22,12:04,practice,0,1,6,6,754.8503,1
9035,1,11/07/22,12:04,practice,0,1,7,7,618.4723,1
9035,1,11/07/22,12:04,practice,0,1,8,8,527.0947,1
9035,1,11/07/22,12:04,random,1,1,1,1,381.5533,1
9035,1,11/07/22,12:04,random,1,1,2,2,849.1727,1
9035,1,11/07/22,12:04,random,1,1,3,3,469.4571,1
9035,1,11/07/22,12:04,random,1,1,4,4,355.4078,1
9035,1,11/07/22,12:04,random,1,1,5,5,394.0229,1
9035,1,11/07/22,12:04,random,1,1,6,6,440.3469,1
9035,1,11/07/22,12:04,random,1,1,7,7,442.2818,0
9035,1,11/07/22,12:04,random,1,1,8,8,486.0279,1
9035,1,11/07/22,12:04,random,1,1,9,9,450.8356,1
9035,1,11/07/22,12:04,random,1,1,10,10,430.8847,1
9035,1,11/07/22,12:04,random,2,1,11,1,624.2881,1
9035,1,11/07/22,12:04,random,2,1,12,2,826.7724,1
9035,1,11/07/22,12:04,random,2,1,13,3,506.2446,1
9035,1,11/07/22,12:04,random,2,1,14,4,539.0919,1
9035,1,11/07/22,12:04,random,2,1,15,5,895.0374,1
9035,1,11/07/22,12:04,random,2,1,16,6,372.6826,1
9035,1,11/07/22,12:04,random,2,1,17,7,437.9665,1
9035,1,11/07/22,12:04,random,2,1,18,8,453.284,1
9035,1,11/07/22,12:04,random,2,1,19,9,757.439,1
9035,1,11/07/22,12:04,random,2,1,20,10,441.1867,1
9035,1,11/07/22,12:04,random,3,1,21,1,572.1791,1
9035,1,11/07/22,12:04,random,3,1,22,2,438.6856,1
9035,1,11/07/22,12:04,random,3,1,23,3,528.1894,1
9035,1,11/07/22,12:04,random,3,1,24,4,485.5697,1
9035,1,11/07/22,12:04,random,3,1,25,5,398.8563,1
9035,1,11/07/22,12:04,random,3,1,26,6,472.1231,1
9035,1,11/07/22,12:04,random,3,1,27,7,370.0068,1
9035,1,11/07/22,12:04,random,3,1,28,8,437.2269,1
9035,1,11/07/22,12:04,random,3,1,29,9,408.6008,1
9035,1,11/07/22,12:04,random,3,1,30,10,419.6777,1
9035,1,11/07/22,12:04,random,4,1,31,1,388.9333,1
9035,1,11/07/22,12:04,random,4,1,32,2,572.1693,1
9035,1,11/07/22,12:04,random,4,1,33,3,436.1355,1
9035,1,11/07/22,12:04,random,4,1,34,4,898.661,1
9035,1,11/07/22,12:04,random,4,1,35,5,1027.949,1
9035,1,11/07/22,12:04,random,4,1,36,6,768.2165,1
9035,1,11/07/22,12:04,random,4,1,37,7,448.356,1
9035,1,11/07/22,12:04,random,4,1,38,8,700.0892,1
9035,1,11/07/22,12:04,random,4,1,39,9,482.5643,1
9035,1,11/07/22,12:04,random,4,1,40,10,674.8063,1
9035,1,11/07/22,12:04,random,5,1,41,1,424.9149,1
9035,1,11/07/22,12:04,random,5,1,42,2,576.4572,1
9035,1,11/07/22,12:04,random,5,1,43,3,787.6565,1
9035,1,11/07/22,12:04,random,5,1,44,4,360.3153,1
9035,1,11/07/22,12:04,random,5,1,45,5,623.3649,1
9035,1,11/07/22,12:04,random,5,1,46,6,499.4599,1
9035,1,11/07/22,12:04,random,5,1,47,7,678.9758,1
9035,1,11/07/22,12:04,random,5,1,48,8,400.6634,1
9035,1,11/07/22,12:04,random,5,1,49,9,582.658,1
9035,1,11/07/22,12:04,random,5,1,50,10,529.4001,1
9036,1,11/07/22,12:09,practice,0,1,1,1,6262.5085,1
9036,1,11/07/22,12:09,practice,0,1,2,2,471.9633,1
9036,1,11/07/22,12:09,practice,0,1,3,3,399.7773,1
9036,1,11/07/22,12:09,practice,0,1,4,4,549.879,1
9036,1,11/07/22,12:09,practice,0,1,5,5,470.5703,1
9036,1,11/07/22,12:09,practice,0,1,6,6,399.1606,1
9036,1,11/07/22,12:09,practice,0,1,7,7,358.0975,1
9036,1,11/07/22,12:09,practice,0,1,8,8,343.3035,1
9036,1,11/07/22,12:09,random,1,1,1,1,390.571,1
9036,1,11/07/22,12:09,random,1,1,2,2,380.0922,1
9036,1,11/07/22,12:09,random,1,1,3,3,500.5033,1
9036,1,11/07/22,12:09,random,1,1,4,4,446.2592,1
9036,1,11/07/22,12:09,random,1,1,5,5,399.0715,1
9036,1,11/07/22,12:09,random,1,1,6,6,571.0491,1
9036,1,11/07/22,12:09,random,1,1,7,7,404.9831,1
9036,1,11/07/22,12:09,random,1,1,8,8,408.6086,1
9036,1,11/07/22,12:09,random,1,1,9,9,413.4958,1
9036,1,11/07/22,12:09,random,1,1,10,10,340.5242,1
9036,1,11/07/22,12:09,random,2,1,11,1,344.748,0
9036,1,11/07/22,12:09,random,2,1,12,2,370.7721,1
9036,1,11/07/22,12:09,random,2,1,13,3,417.3524,1
9036,1,11/07/22,12:09,random,2,1,14,4,369.2824,1
9036,1,11/07/22,12:09,random,2,1,15,5,450.5197,1
9036,1,11/07/22,12:09,random,2,1,16,6,616.1426,1
9036,1,11/07/22,12:09,random,2,1,17,7,822.8808,1
9036,1,11/07/22,12:09,random,2,1,18,8,620.3213,1
9036,1,11/07/22,12:09,random,2,1,19,9,332.4419,1
9036,1,11/07/22,12:09,random,2,1,20,10,349.4949,1
9036,1,11/07/22,12:09,random,3,1,21,1,370.1669,1
9036,1,11/07/22,12:09,random,3,1,22,2,366.873,1
9036,1,11/07/22,12:09,random,3,1,23,3,384.5511,1
9036,1,11/07/22,12:09,random,3,1,24,4,334.386,1
9036,1,11/07/22,12:09,random,3,1,25,5,806.9749,1
9036,1,11/07/22,12:09,random,3,1,26,6,479.4366,1
9036,1,11/07/22,12:09,random,3,1,27,7,423.3485,1
9036,1,11/07/22,12:09,random,3,1,28,8,378.9111,1
9036,1,11/07/22,12:09,random,3,1,29,9,445.7354,1
9036,1,11/07/22,12:09,random,3,1,30,10,356.5611,1
9036,1,11/07/22,12:09,random,4,1,31,1,320.6684,1
9036,1,11/07/22,12:09,random,4,1,32,2,379.9833,1
9036,1,11/07/22,12:09,random,4,1,33,3,392.7817,1
9036,1,11/07/22,12:09,random,4,1,34,4,439.602,0
9036,1,11/07/22,12:09,random,4,1,35,5,4.9503,0
9036,1,11/07/22,12:09,random,4,1,36,6,536.0252,1
9036,1,11/07/22,12:09,random,4,1,37,7,392.8099,1
9036,1,11/07/22,12:09,random,4,1,38,8,388.5683,1
9036,1,11/07/22,12:09,random,4,1,39,9,366.618,1
9036,1,11/07/22,12:09,random,4,1,40,10,462.6951,1
9036,1,11/07/22,12:09,random,5,1,41,1,500.0926,1
9036,1,11/07/22,12:09,random,5,1,42,2,430.2609,1
9036,1,11/07/22,12:09,random,5,1,43,3,360.659,1
9036,1,11/07/22,12:09,random,5,1,44,4,464.9488,1
9036,1,11/07/22,12:09,random,5,1,45,5,460.5405,1
9036,1,11/07/22,12:09,random,5,1,46,6,399.4428,1
9036,1,11/07/22,12:09,random,5,1,47,7,307.8604,1
9036,1,11/07/22,12:09,random,5,1,48,8,349.2915,1
9036,1,11/07/22,12:09,random,5,1,49,9,382.3208,1
9036,1,11/07/22,12:09,random,5,1,50,10,350.5973,1
9037,1,11/07/22,12:07,practice,0,1,1,1,3487.0164,1
9037,1,11/07/22,12:07,practice,0,1,2,2,590.4519,1
9037,1,11/07/22,12:07,practice,0,1,3,3,429.5216,1
9037,1,11/07/22,12:07,practice,0,1,4,4,356.9392,1
9037,1,11/07/22,12:07,practice,0,1,5,5,420.5158,1
9037,1,11/07/22,12:07,practice,0,1,6,6,341.3426,1
9037,1,11/07/22,12:07,practice,0,1,7,7,493.7759,1
9037,1,11/07/22,12:07,practice,0,1,8,8,391.159,1
9037,1,11/07/22,12:07,random,1,1,1,1,595.734,1
9037,1,11/07/22,12:07,random,1,1,2,2,344.2666,1
9037,1,11/07/22,12:07,random,1,1,3,3,384.3603,1
9037,1,11/07/22,12:07,random,1,1,4,4,501.4194,1
9037,1,11/07/22,12:07,random,1,1,5,5,364.2292,1
9037,1,11/07/22,12:07,random,1,1,6,6,353.1167,1
9037,1,11/07/22,12:07,random,1,1,7,7,415.1345,1
9037,1,11/07/22,12:07,random,1,1,8,8,409.2694,1
9037,1,11/07/22,12:07,random,1,1,9,9,382.1949,1
9037,1,11/07/22,12:07,random,1,1,10,10,371.1648,1
9037,1,11/07/22,12:07,random,2,1,11,1,344.177,1
9037,1,11/07/22,12:07,random,2,1,12,2,389.5691,1
9037,1,11/07/22,12:07,random,2,1,13,3,398.6224,1
9037,1,11/07/22,12:07,random,2,1,14,4,357.3909,1
9037,1,11/07/22,12:07,random,2,1,15,5,356.1128,1
9037,1,11/07/22,12:07,random,2,1,16,6,360.5618,1
9037,1,11/07/22,12:07,random,2,1,17,7,404.2043,0
9037,1,11/07/22,12:07,random,2,1,18,8,12.0024,0
9037,1,11/07/22,12:07,random,2,1,19,9,582.5381,1
9037,1,11/07/22,12:07,random,2,1,20,10,441.2715,1
9037,1,11/07/22,12:07,random,3,1,21,1,457.1116,1
9037,1,11/07/22,12:07,random,3,1,22,2,433.4884,1
9037,1,11/07/22,12:07,random,3,1,23,3,516.332,1
9037,1,11/07/22,12:07,random,3,1,24,4,518.7963,1
9037,1,11/07/22,12:07,random,3,1,25,5,452.3001,1
9037,1,11/07/22,12:07,random,3,1,26,6,491.7748,1
9037,1,11/07/22,12:07,random,3,1,27,7,418.5388,1
9037,1,11/07/22,12:07,random,3,1,28,8,476.4802,1
9037,1,11/07/22,12:07,random,3,1,29,9,414.8679,1
9037,1,11/07/22,12:07,random,3,1,30,10,417.3876,1
9037,1,11/07/22,12:07,random,4,1,31,1,454.5448,1
9037,1,11/07/22,12:07,random,4,1,32,2,490.6262,1
9037,1,11/07/22,12:07,random,4,1,33,3,499.7931,1
9037,1,11/07/22,12:07,random,4,1,34,4,541.0289,1
9037,1,11/07/22,12:07,random,4,1,35,5,477.4297,1
9037,1,11/07/22,12:07,random,4,1,36,6,377.3327,1
9037,1,11/07/22,12:07,random,4,1,37,7,502.5409,1
9037,1,11/07/22,12:07,random,4,1,38,8,553.5042,1
9037,1,11/07/22,12:07,random,4,1,39,9,483.9338,1
9037,1,11/07/22,12:07,random,4,1,40,10,438.7225,1
9037,1,11/07/22,12:07,random,5,1,41,1,449.2362,1
9037,1,11/07/22,12:07,random,5,1,42,2,584.7694,1
9037,1,11/07/22,12:07,random,5,1,43,3,727.816,1
9037,1,11/07/22,12:07,random,5,1,44,4,397.3936,1
9037,1,11/07/22,12:07,random,5,1,45,5,473.0902,1
9037,1,11/07/22,12:07,random,5,1,46,6,503.3459,1
9037,1,11/07/22,12:07,random,5,1,47,7,466.0495,1
9037,1,11/07/22,12:07,random,5,1,48,8,409.075,1
9037,1,11/07/22,12:07,random,5,1,49,9,396.0535,1
9037,1,11/07/22,12:07,random,5,1,50,10,439.7994,1
9038,1,11/07/22,15:15,practice,0,1,1,1,732.505,1
9038,1,11/07/22,15:15,practice,0,1,2,2,804.8792,1
9038,1,11/07/22,15:15,practice,0,1,3,3,662.9083,1
9038,1,11/07/22,15:15,practice,0,1,4,4,706.7751,1
9038,1,11/07/22,15:15,practice,0,1,5,5,828.5461,1
9038,1,11/07/22,15:15,practice,0,1,6,6,641.3827,1
9038,1,11/07/22,15:15,practice,0,1,7,7,685.2945,1
9038,1,11/07/22,15:15,practice,0,1,8,8,820.4658,1
9038,1,11/07/22,15:15,random,1,1,1,1,538.3949,1
9038,1,11/07/22,15:15,random,1,1,2,2,478.4027,1
9038,1,11/07/22,15:15,random,1,1,3,3,573.5939,1
9038,1,11/07/22,15:15,random,1,1,4,4,661.5511,1
9038,1,11/07/22,15:15,random,1,1,5,5,614.3929,1
9038,1,11/07/22,15:15,random,1,1,6,6,755.5278,1
9038,1,11/07/22,15:15,random,1,1,7,7,707.9979,1
9038,1,11/07/22,15:15,random,1,1,8,8,789.7306,1
9038,1,11/07/22,15:15,random,1,1,9,9,991.5807,1
9038,1,11/07/22,15:15,random,1,1,10,10,641.2037,1
9038,1,11/07/22,15:15,random,2,1,11,1,613.0338,1
9038,1,11/07/22,15:15,random,2,1,12,2,794.7074,1
9038,1,11/07/22,15:15,random,2,1,13,3,675.8637,1
9038,1,11/07/22,15:15,random,2,1,14,4,625.2356,1
9038,1,11/07/22,15:15,random,2,1,15,5,934.7595,1
9038,1,11/07/22,15:15,random,2,1,16,6,625.926,1
9038,1,11/07/22,15:15,random,2,1,17,7,682.7871,1
9038,1,11/07/22,15:15,random,2,1,18,8,648.9169,1
9038,1,11/07/22,15:15,random,2,1,19,9,627.1786,1
9038,1,11/07/22,15:15,random,2,1,20,10,463.4636,1
9038,1,11/07/22,15:15,random,3,1,21,1,440.9428,1
9038,1,11/07/22,15:15,random,3,1,22,2,510.7056,1
9038,1,11/07/22,15:15,random,3,1,23,3,586.8944,1
9038,1,11/07/22,15:15,random,3,1,24,4,673.4551,1
9038,1,11/07/22,15:15,random,3,1,25,5,618.8462,1
9038,1,11/07/22,15:15,random,3,1,26,6,565.6482,1
9038,1,11/07/22,15:15,random,3,1,27,7,920.1107,1
9038,1,11/07/22,15:15,random,3,1,28,8,1242.9732,1
9038,1,11/07/22,15:15,random,3,1,29,9,637.0191,1
9038,1,11/07/22,15:15,random,3,1,30,10,486.1185,1
9038,1,11/07/22,15:15,random,4,1,31,1,689.363,1
9038,1,11/07/22,15:15,random,4,1,32,2,1255.6445,0
9038,1,11/07/22,15:15,random,4,1,33,3,688.3787,1
9038,1,11/07/22,15:15,random,4,1,34,4,584.2367,1
9038,1,11/07/22,15:15,random,4,1,35,5,560.5108,1
9038,1,11/07/22,15:15,random,4,1,36,6,774.3213,1
9038,1,11/07/22,15:15,random,4,1,37,7,605.4748,1
9038,1,11/07/22,15:15,random,4,1,38,8,778.4714,1
9038,1,11/07/22,15:15,random,4,1,39,9,2172.8307,1
9038,1,11/07/22,15:15,random,4,1,40,10,1392.0561,1
9038,1,11/07/22,15:15,random,5,1,41,1,668.233,1
9038,1,11/07/22,15:15,random,5,1,42,2,702.8345,1
9038,1,11/07/22,15:15,random,5,1,43,3,847.0762,1
9038,1,11/07/22,15:15,random,5,1,44,4,1007.6355,1
9038,1,11/07/22,15:15,random,5,1,45,5,841.8517,1
9038,1,11/07/22,15:15,random,5,1,46,6,803.2095,1
9038,1,11/07/22,15:15,random,5,1,47,7,1454.7368,1
9038,1,11/07/22,15:15,random,5,1,48,8,570.8294,1
9038,1,11/07/22,15:15,random,5,1,49,9,695.4151,1
9038,1,11/07/22,15:15,random,5,1,50,10,589.914,1
9041,1,11/08/22,09:20,practice,0,1,1,1,566.3187,1
9041,1,11/08/22,09:20,practice,0,1,2,2,433.1699,1
9041,1,11/08/22,09:20,practice,0,1,3,3,456.4059,1
9041,1,11/08/22,09:20,practice,0,1,4,4,340.722,1
9041,1,11/08/22,09:20,practice,0,1,5,5,457.3863,1
9041,1,11/08/22,09:20,practice,0,1,6,6,397.3312,1
9041,1,11/08/22,09:20,practice,0,1,7,7,444.0904,1
9041,1,11/08/22,09:20,practice,0,1,8,8,467.7219,1
9041,1,11/08/22,09:20,random,1,1,1,1,390.4826,1
9041,1,11/08/22,09:20,random,1,1,2,2,373.8363,1
9041,1,11/08/22,09:20,random,1,1,3,3,481.5818,1
9041,1,11/08/22,09:20,random,1,1,4,4,387.4614,1
9041,1,11/08/22,09:20,random,1,1,5,5,460.7956,1
9041,1,11/08/22,09:20,random,1,1,6,6,398.0371,0
9041,1,11/08/22,09:20,random,1,1,7,7,425.5186,1
9041,1,11/08/22,09:20,random,1,1,8,8,409.1615,1
9041,1,11/08/22,09:20,random,1,1,9,9,393.2365,1
9041,1,11/08/22,09:20,random,1,1,10,10,430.1252,1
9041,1,11/08/22,09:20,random,2,1,11,1,721.3378,1
9041,1,11/08/22,09:20,random,2,1,12,2,446.048,1
9041,1,11/08/22,09:20,random,2,1,13,3,412.1146,1
9041,1,11/08/22,09:20,random,2,1,14,4,465.4623,1
9041,1,11/08/22,09:20,random,2,1,15,5,408.2636,1
9041,1,11/08/22,09:20,random,2,1,16,6,754.8083,1
9041,1,11/08/22,09:20,random,2,1,17,7,373.7292,1
9041,1,11/08/22,09:20,random,2,1,18,8,378.9723,1
9041,1,11/08/22,09:20,random,2,1,19,9,498.425,1
9041,1,11/08/22,09:20,random,2,1,20,10,383.9938,1
9041,1,11/08/22,09:20,random,3,1,21,1,420.3923,1
9041,1,11/08/22,09:20,random,3,1,22,2,322.8251,1
9041,1,11/08/22,09:20,random,3,1,23,3,476.9383,1
9041,1,11/08/22,09:20,random,3,1,24,4,372.1015,1
9041,1,11/08/22,09:20,random,3,1,25,5,426.9794,1
9041,1,11/08/22,09:20,random,3,1,26,6,460.7698,1
9041,1,11/08/22,09:20,random,3,1,27,7,719.4206,0
9041,1,11/08/22,09:20,random,3,1,28,8,461.8294,1
9041,1,11/08/22,09:20,random,3,1,29,9,444.4013,1
9041,1,11/08/22,09:20,random,3,1,30,10,469.8526,1
9041,1,11/08/22,09:20,random,4,1,31,1,378.1394,1
9041,1,11/08/22,09:20,random,4,1,32,2,362.5442,1
9041,1,11/08/22,09:20,random,4,1,33,3,672.8347,1
9041,1,11/08/22,09:20,random,4,1,34,4,408.8978,1
9041,1,11/08/22,09:20,random,4,1,35,5,608.5973,1
9041,1,11/08/22,09:20,random,4,1,36,6,552.4663,1
9041,1,11/08/22,09:20,random,4,1,37,7,346.4994,1
9041,1,11/08/22,09:20,random,4,1,38,8,414.0763,1
9041,1,11/08/22,09:20,random,4,1,39,9,407.1548,1
9041,1,11/08/22,09:20,random,4,1,40,10,450.7951,1
9041,1,11/08/22,09:20,random,5,1,41,1,577.2744,1
9041,1,11/08/22,09:20,random,5,1,42,2,516.163,1
9041,1,11/08/22,09:20,random,5,1,43,3,446.5781,1
9041,1,11/08/22,09:20,random,5,1,44,4,326.0221,1
9041,1,11/08/22,09:20,random,5,1,45,5,496.6318,1
9041,1,11/08/22,09:20,random,5,1,46,6,511.9926,1
9041,1,11/08/22,09:20,random,5,1,47,7,493.3602,1
9041,1,11/08/22,09:20,random,5,1,48,8,396.353,1
9041,1,11/08/22,09:20,random,5,1,49,9,431.7054,1
9041,1,11/08/22,09:20,random,5,1,50,10,474.5256,1
9042,1,11/08/22,09:20,practice,0,1,1,1,2748.3532,1
9042,1,11/08/22,09:20,practice,0,1,2,2,551.5743,1
9042,1,11/08/22,09:20,practice,0,1,3,3,513.0001,0
9042,1,11/08/22,09:20,practice,0,1,4,4,533.7862,1
9042,1,11/08/22,09:20,practice,0,1,5,5,636.0804,1
9042,1,11/08/22,09:20,practice,0,1,6,6,724.123,1
9042,1,11/08/22,09:20,practice,0,1,7,7,522.9669,1
9042,1,11/08/22,09:20,practice,0,1,8,8,515.4391,1
9042,1,11/08/22,09:20,random,1,1,1,1,623.1485,1
9042,1,11/08/22,09:20,random,1,1,2,2,520.1862,1
9042,1,11/08/22,09:20,random,1,1,3,3,520.8431,1
9042,1,11/08/22,09:20,random,1,1,4,4,497.8466,1
9042,1,11/08/22,09:20,random,1,1,5,5,514.165,1
9042,1,11/08/22,09:20,random,1,1,6,6,593.7676,1
9042,1,11/08/22,09:20,random,1,1,7,7,494.2868,1
9042,1,11/08/22,09:20,random,1,1,8,8,558.6448,1
9042,1,11/08/22,09:20,random,1,1,9,9,667.0895,1
9042,1,11/08/22,09:20,random,1,1,10,10,572.5761,1
9042,1,11/08/22,09:20,random,2,1,11,1,480.935,1
9042,1,11/08/22,09:20,random,2,1,12,2,626.3358,1
9042,1,11/08/22,09:20,random,2,1,13,3,500.4091,1
9042,1,11/08/22,09:20,random,2,1,14,4,462.5074,1
9042,1,11/08/22,09:20,random,2,1,15,5,500.9465,1
9042,1,11/08/22,09:20,random,2,1,16,6,461.3599,1
9042,1,11/08/22,09:20,random,2,1,17,7,612.7935,1
9042,1,11/08/22,09:20,random,2,1,18,8,490.4836,1
9042,1,11/08/22,09:20,random,2,1,19,9,496.1198,1
9042,1,11/08/22,09:20,random,2,1,20,10,599.0247,1
9042,1,11/08/22,09:20,random,3,1,21,1,522.8608,1
9042,1,11/08/22,09:20,random,3,1,22,2,687.0452,1
9042,1,11/08/22,09:20,random,3,1,23,3,463.1631,1
9042,1,11/08/22,09:20,random,3,1,24,4,525.5715,1
9042,1,11/08/22,09:20,random,3,1,25,5,462.8519,1
9042,1,11/08/22,09:20,random,3,1,26,6,463.8789,1
9042,1,11/08/22,09:20,random,3,1,27,7,466.735,1
9042,1,11/08/22,09:20,random,3,1,28,8,471.253,1
9042,1,11/08/22,09:20,random,3,1,29,9,465.1435,1
9042,1,11/08/22,09:20,random,3,1,30,10,479.7381,1
9042,1,11/08/22,09:20,random,4,1,31,1,424.6584,1
9042,1,11/08/22,09:20,random,4,1,32,2,416.4699,1
9042,1,11/08/22,09:20,random,4,1,33,3,433.6562,1
9042,1,11/08/22,09:20,random,4,1,34,4,453.8794,1
9042,1,11/08/22,09:20,random,4,1,35,5,443.9259,1
9042,1,11/08/22,09:20,random,4,1,36,6,470.8744,1
9042,1,11/08/22,09:20,random,4,1,37,7,406.0705,1
9042,1,11/08/22,09:20,random,4,1,38,8,409.3103,1
9042,1,11/08/22,09:20,random,4,1,39,9,501.6789,1
9042,1,11/08/22,09:20,random,4,1,40,10,479.9668,1
9042,1,11/08/22,09:20,random,5,1,41,1,440.6682,1
9042,1,11/08/22,09:20,random,5,1,42,2,438.6698,1
9042,1,11/08/22,09:20,random,5,1,43,3,687.8548,1
9042,1,11/08/22,09:20,random,5,1,44,4,382.7916,1
9042,1,11/08/22,09:20,random,5,1,45,5,420.3095,1
9042,1,11/08/22,09:20,random,5,1,46,6,488.1387,1
9042,1,11/08/22,09:20,random,5,1,47,7,562.5429,1
9042,1,11/08/22,09:20,random,5,1,48,8,644.943,1
9042,1,11/08/22,09:20,random,5,1,49,9,439.583,1
9042,1,11/08/22,09:20,random,5,1,50,10,506.693,1
9044,1,11/08/22,12:25,practice,0,1,1,1,5220.5115,0
9044,1,11/08/22,12:25,practice,0,1,2,2,74.8423,0
9044,1,11/08/22,12:25,practice,0,1,3,3,7727.9432,0
9044,1,11/08/22,12:25,practice,0,1,4,4,0.356599999999,0
9044,1,11/08/22,12:25,practice,0,1,5,5,532.284,0
9044,1,11/08/22,12:25,practice,0,1,6,6,518.7889,1
9044,1,11/08/22,12:25,practice,0,1,7,7,566.5375,0
9044,1,11/08/22,12:25,practice,0,1,8,8,337.4594,1
9044,1,11/08/22,12:25,random,1,1,1,1,4307.7242,1
9044,1,11/08/22,12:25,random,1,1,2,2,584.829,1
9044,1,11/08/22,12:25,random,1,1,3,3,820.4618,1
9044,1,11/08/22,12:25,random,1,1,4,4,1780.424,0
9044,1,11/08/22,12:25,random,1,1,5,5,427.6063,1
9044,1,11/08/22,12:25,random,1,1,6,6,679.4586,1
9044,1,11/08/22,12:25,random,1,1,7,7,359.2802,1
9044,1,11/08/22,12:25,random,1,1,8,8,307.7857,0
9044,1,11/08/22,12:25,random,1,1,9,9,1980.5063,1
9044,1,11/08/22,12:25,random,1,1,10,10,1588.9787,1
9044,1,11/08/22,12:25,random,2,1,11,1,796.4919,1
9044,1,11/08/22,12:25,random,2,1,12,2,457.9291,1
9044,1,11/08/22,12:25,random,2,1,13,3,785.799,1
9044,1,11/08/22,12:25,random,2,1,14,4,507.5403,1
9044,1,11/08/22,12:25,random,2,1,15,5,359.6655,1
9044,1,11/08/22,12:25,random,2,1,16,6,395.7196,1
9044,1,11/08/22,12:25,random,2,1,17,7,378.2492,1
9044,1,11/08/22,12:25,random,2,1,18,8,369.5027,1
9044,1,11/08/22,12:25,random,2,1,19,9,604.876,1
9044,1,11/08/22,12:25,random,2,1,20,10,278.0773,1
9044,1,11/08/22,12:25,random,3,1,21,1,424.8933,1
9044,1,11/08/22,12:25,random,3,1,22,2,380.3072,1
9044,1,11/08/22,12:25,random,3,1,23,3,448.7876,1
9044,1,11/08/22,12:25,random,3,1,24,4,382.639,1
9044,1,11/08/22,12:25,random,3,1,25,5,450.1173,0
9044,1,11/08/22,12:25,random,3,1,26,6,518.5541,1
9044,1,11/08/22,12:25,random,3,1,27,7,1079.3152,1
9044,1,11/08/22,12:25,random,3,1,28,8,639.8319,1
9044,1,11/08/22,12:25,random,3,1,29,9,445.5068,1
9044,1,11/08/22,12:25,random,3,1,30,10,678.9897,1
9044,1,11/08/22,12:25,random,4,1,31,1,434.8337,1
9044,1,11/08/22,12:25,random,4,1,32,2,407.0961,1
9044,1,11/08/22,12:25,random,4,1,33,3,404.5411,1
9044,1,11/08/22,12:25,random,4,1,34,4,338.1749,1
9044,1,11/08/22,12:25,random,4,1,35,5,302.8454,1
9044,1,11/08/22,12:25,random,4,1,36,6,490.4325,1
9044,1,11/08/22,12:25,random,4,1,37,7,488.9262,1
9044,1,11/08/22,12:25,random,4,1,38,8,509.6762,1
9044,1,11/08/22,12:25,random,4,1,39,9,313.7043,1
9044,1,11/08/22,12:25,random,4,1,40,10,471.0409,1
9044,1,11/08/22,12:25,random,5,1,41,1,719.9826,1
9044,1,11/08/22,12:25,random,5,1,42,2,313.4033,0
9044,1,11/08/22,12:25,random,5,1,43,3,464.5339,1
9044,1,11/08/22,12:25,random,5,1,44,4,407.4629,1
9044,1,11/08/22,12:25,random,5,1,45,5,640.6797,1
9044,1,11/08/22,12:25,random,5,1,46,6,379.5882,1
9044,1,11/08/22,12:25,random,5,1,47,7,548.1175,1
9044,1,11/08/22,12:25,random,5,1,48,8,485.4371,1
9044,1,11/08/22,12:25,random,5,1,49,9,389.6217,1
9044,1,11/08/22,12:25,random,5,1,50,10,787.0136,1
9045,1,11/08/22,12:42,practice,0,1,1,1,437.5419,0
9045,1,11/08/22,12:42,practice,0,1,2,2,830.3447,1
9045,1,11/08/22,12:42,practice,0,1,3,3,560.5723,1
9045,1,11/08/22,12:42,practice,0,1,4,4,365.7539,1
9045,1,11/08/22,12:42,practice,0,1,5,5,1070.3007,1
9045,1,11/08/22,12:42,practice,0,1,6,6,607.2304,1
9045,1,11/08/22,12:42,practice,0,1,7,7,1499.6169,0
9045,1,11/08/22,12:42,practice,0,1,8,8,905.8173,1
9045,1,11/08/22,12:42,random,1,1,1,1,628.0581,1
9045,1,11/08/22,12:42,random,1,1,2,2,644.5395,1
9045,1,11/08/22,12:42,random,1,1,3,3,748.747,1
9045,1,11/08/22,12:42,random,1,1,4,4,445.3687,1
9045,1,11/08/22,12:42,random,1,1,5,5,388.8242,1
9045,1,11/08/22,12:42,random,1,1,6,6,389.319,1
9045,1,11/08/22,12:42,random,1,1,7,7,596.0066,1
9045,1,11/08/22,12:42,random,1,1,8,8,662.6794,1
9045,1,11/08/22,12:42,random,1,1,9,9,587.8886,1
9045,1,11/08/22,12:42,random,1,1,10,10,593.4867,1
9045,1,11/08/22,12:42,random,2,1,11,1,539.7027,1
9045,1,11/08/22,12:42,random,2,1,12,2,508.8123,1
9045,1,11/08/22,12:42,random,2,1,13,3,764.1632,1
9045,1,11/08/22,12:42,random,2,1,14,4,665.0598,1
9045,1,11/08/22,12:42,random,2,1,15,5,609.1288,1
9045,1,11/08/22,12:42,random,2,1,16,6,589.4291,1
9045,1,11/08/22,12:42,random,2,1,17,7,801.5586,1
9045,1,11/08/22,12:42,random,2,1,18,8,569.1715,1
9045,1,11/08/22,12:42,random,2,1,19,9,568.3111,1
9045,1,11/08/22,12:42,random,2,1,20,10,681.5654,1
9045,1,11/08/22,12:42,random,3,1,21,1,669.8827,1
9045,1,11/08/22,12:42,random,3,1,22,2,479.3836,1
9045,1,11/08/22,12:42,random,3,1,23,3,349.1072,1
9045,1,11/08/22,12:42,random,3,1,24,4,505.8685,1
9045,1,11/08/22,12:42,random,3,1,25,5,508.7055,1
9045,1,11/08/22,12:42,random,3,1,26,6,762.8177,1
9045,1,11/08/22,12:42,random,3,1,27,7,684.5671,1
9045,1,11/08/22,12:42,random,3,1,28,8,667.4647,1
9045,1,11/08/22,12:42,random,3,1,29,9,515.3559,1
9045,1,11/08/22,12:42,random,3,1,30,10,835.1528,1
9045,1,11/08/22,12:42,random,4,1,31,1,492.7529,1
9045,1,11/08/22,12:42,random,4,1,32,2,496.6528,1
9045,1,11/08/22,12:42,random,4,1,33,3,484.154,1
9045,1,11/08/22,12:42,random,4,1,34,4,589.049,1
9045,1,11/08/22,12:42,random,4,1,35,5,887.8076,1
9045,1,11/08/22,12:42,random,4,1,36,6,908.0688,1
9045,1,11/08/22,12:42,random,4,1,37,7,668.3089,1
9045,1,11/08/22,12:42,random,4,1,38,8,524.1956,1
9045,1,11/08/22,12:42,random,4,1,39,9,612.9057,1
9045,1,11/08/22,12:42,random,4,1,40,10,787.6858,1
9045,1,11/08/22,12:42,random,5,1,41,1,507.2435,1
9045,1,11/08/22,12:42,random,5,1,42,2,558.7923,1
9045,1,11/08/22,12:42,random,5,1,43,3,814.1863,1
9045,1,11/08/22,12:42,random,5,1,44,4,474.4688,1
9045,1,11/08/22,12:42,random,5,1,45,5,482.9809,1
9045,1,11/08/22,12:42,random,5,1,46,6,608.9972,1
9045,1,11/08/22,12:42,random,5,1,47,7,523.7416,1
9045,1,11/08/22,12:42,random,5,1,48,8,645.5124,1
9045,1,11/08/22,12:42,random,5,1,49,9,523.1646,1
9045,1,11/08/22,12:42,random,5,1,50,10,506.5627,1
9046,1,11/08/22,15:09,practice,0,1,1,1,627.6992,1
9046,1,11/08/22,15:09,practice,0,1,2,2,867.8803,1
9046,1,11/08/22,15:09,practice,0,1,3,3,540.2858,1
9046,1,11/08/22,15:09,practice,0,1,4,4,531.695,1
9046,1,11/08/22,15:09,practice,0,1,5,5,786.2483,1
9046,1,11/08/22,15:09,practice,0,1,6,6,627.961,1
9046,1,11/08/22,15:09,practice,0,1,7,7,563.8917,1
9046,1,11/08/22,15:09,practice,0,1,8,8,449.213,1
9046,1,11/08/22,15:09,random,1,1,1,1,1037.0342,1
9046,1,11/08/22,15:09,random,1,1,2,2,520.5913,1
9046,1,11/08/22,15:09,random,1,1,3,3,470.7551,1
9046,1,11/08/22,15:09,random,1,1,4,4,475.1133,1
9046,1,11/08/22,15:09,random,1,1,5,5,563.115,1
9046,1,11/08/22,15:09,random,1,1,6,6,552.1194,1
9046,1,11/08/22,15:09,random,1,1,7,7,544.1441,1
9046,1,11/08/22,15:09,random,1,1,8,8,649.677,1
9046,1,11/08/22,15:09,random,1,1,9,9,414.3549,1
9046,1,11/08/22,15:09,random,1,1,10,10,521.001,1
9046,1,11/08/22,15:09,random,2,1,11,1,782.7047,1
9046,1,11/08/22,15:09,random,2,1,12,2,532.0337,1
9046,1,11/08/22,15:09,random,2,1,13,3,570.6409,1
9046,1,11/08/22,15:09,random,2,1,14,4,597.5216,1
9046,1,11/08/22,15:09,random,2,1,15,5,373.1466,1
9046,1,11/08/22,15:09,random,2,1,16,6,449.1675,1
9046,1,11/08/22,15:09,random,2,1,17,7,436.8949,1
9046,1,11/08/22,15:09,random,2,1,18,8,513.1493,1
9046,1,11/08/22,15:09,random,2,1,19,9,429.5726,1
9046,1,11/08/22,15:09,random,2,1,20,10,485.3209,1
9046,1,11/08/22,15:09,random,3,1,21,1,578.4179,1
9046,1,11/08/22,15:09,random,3,1,22,2,383.8638,1
9046,1,11/08/22,15:09,random,3,1,23,3,528.2426,1
9046,1,11/08/22,15:09,random,3,1,24,4,379.3675,1
9046,1,11/08/22,15:09,random,3,1,25,5,497.275,1
9046,1,11/08/22,15:09,random,3,1,26,6,487.1538,1
9046,1,11/08/22,15:09,random,3,1,27,7,424.2518,1
9046,1,11/08/22,15:09,random,3,1,28,8,527.7744,1
9046,1,11/08/22,15:09,random,3,1,29,9,408.2781,1
9046,1,11/08/22,15:09,random,3,1,30,10,488.0261,1
9046,1,11/08/22,15:09,random,4,1,31,1,461.1187,1
9046,1,11/08/22,15:09,random,4,1,32,2,522.4658,1
9046,1,11/08/22,15:09,random,4,1,33,3,420.6782,1
9046,1,11/08/22,15:09,random,4,1,34,4,481.4792,1
9046,1,11/08/22,15:09,random,4,1,35,5,502.2746,1
9046,1,11/08/22,15:09,random,4,1,36,6,536.2811,1
9046,1,11/08/22,15:09,random,4,1,37,7,554.8974,1
9046,1,11/08/22,15:09,random,4,1,38,8,482.8353,1
9046,1,11/08/22,15:09,random,4,1,39,9,652.2962,1
9046,1,11/08/22,15:09,random,4,1,40,10,455.1011,1
9046,1,11/08/22,15:09,random,5,1,41,1,381.4761,1
9046,1,11/08/22,15:09,random,5,1,42,2,510.0986,1
9046,1,11/08/22,15:09,random,5,1,43,3,558.4047,1
9046,1,11/08/22,15:09,random,5,1,44,4,523.979,1
9046,1,11/08/22,15:09,random,5,1,45,5,542.2974,1
9046,1,11/08/22,15:09,random,5,1,46,6,599.0474,1
9046,1,11/08/22,15:09,random,5,1,47,7,445.8889,1
9046,1,11/08/22,15:09,random,5,1,48,8,558.1682,1
9046,1,11/08/22,15:09,random,5,1,49,9,470.8315,1
9046,1,11/08/22,15:09,random,5,1,50,10,441.3362,1
9047,1,11/08/22,15:15,practice,0,1,1,1,469.9605,1
9047,1,11/08/22,15:15,practice,0,1,2,2,359.7271,1
9047,1,11/08/22,15:15,practice,0,1,3,3,365.7101,0
9047,1,11/08/22,15:15,practice,0,1,4,4,403.4115,1
9047,1,11/08/22,15:15,practice,0,1,5,5,491.801,0
9047,1,11/08/22,15:15,practice,0,1,6,6,354.7935,1
9047,1,11/08/22,15:15,practice,0,1,7,7,420.0009,1
9047,1,11/08/22,15:15,practice,0,1,8,8,355.8704,1
9047,1,11/08/22,15:15,random,1,1,1,1,458.1795,1
9047,1,11/08/22,15:15,random,1,1,2,2,509.5003,1
9047,1,11/08/22,15:15,random,1,1,3,3,347.3829,1
9047,1,11/08/22,15:15,random,1,1,4,4,371.5027,1
9047,1,11/08/22,15:15,random,1,1,5,5,355.9728,1
9047,1,11/08/22,15:15,random,1,1,6,6,417.3948,1
9047,1,11/08/22,15:15,random,1,1,7,7,418.959,1
9047,1,11/08/22,15:15,random,1,1,8,8,388.2596,1
9047,1,11/08/22,15:15,random,1,1,9,9,414.9391,1
9047,1,11/08/22,15:15,random,1,1,10,10,366.7033,1
9047,1,11/08/22,15:15,random,2,1,11,1,338.7754,1
9047,1,11/08/22,15:15,random,2,1,12,2,351.215,1
9047,1,11/08/22,15:15,random,2,1,13,3,309.1811,1
9047,1,11/08/22,15:15,random,2,1,14,4,335.4605,1
9047,1,11/08/22,15:15,random,2,1,15,5,369.7144,1
9047,1,11/08/22,15:15,random,2,1,16,6,367.62,1
9047,1,11/08/22,15:15,random,2,1,17,7,313.5029,1
9047,1,11/08/22,15:15,random,2,1,18,8,321.0243,1
9047,1,11/08/22,15:15,random,2,1,19,9,408.1251,1
9047,1,11/08/22,15:15,random,2,1,20,10,390.338,1
9047,1,11/08/22,15:15,random,3,1,21,1,389.7884,1
9047,1,11/08/22,15:15,random,3,1,22,2,424.1762,1
9047,1,11/08/22,15:15,random,3,1,23,3,415.8968,1
9047,1,11/08/22,15:15,random,3,1,24,4,388.4231,1
9047,1,11/08/22,15:15,random,3,1,25,5,381.1903,1
9047,1,11/08/22,15:15,random,3,1,26,6,489.7806,1
9047,1,11/08/22,15:15,random,3,1,27,7,351.6958,1
9047,1,11/08/22,15:15,random,3,1,28,8,368.0396,1
9047,1,11/08/22,15:15,random,3,1,29,9,432.4604,1
9047,1,11/08/22,15:15,random,3,1,30,10,426.3494,1
9047,1,11/08/22,15:15,random,4,1,31,1,465.5106,1
9047,1,11/08/22,15:15,random,4,1,32,2,362.9025,1
9047,1,11/08/22,15:15,random,4,1,33,3,416.8102,1
9047,1,11/08/22,15:15,random,4,1,34,4,403.028,1
9047,1,11/08/22,15:15,random,4,1,35,5,531.5979,1
9047,1,11/08/22,15:15,random,4,1,36,6,376.2102,1
9047,1,11/08/22,15:15,random,4,1,37,7,419.9583,1
9047,1,11/08/22,15:15,random,4,1,38,8,352.8135,1
9047,1,11/08/22,15:15,random,4,1,39,9,480.7622,1
9047,1,11/08/22,15:15,random,4,1,40,10,348.527,1
9047,1,11/08/22,15:15,random,5,1,41,1,362.0038,1
9047,1,11/08/22,15:15,random,5,1,42,2,375.838,1
9047,1,11/08/22,15:15,random,5,1,43,3,349.0061,1
9047,1,11/08/22,15:15,random,5,1,44,4,396.2944,1
9047,1,11/08/22,15:15,random,5,1,45,5,389.8029,1
9047,1,11/08/22,15:15,random,5,1,46,6,572.6328,1
9047,1,11/08/22,15:15,random,5,1,47,7,667.2862,1
9047,1,11/08/22,15:15,random,5,1,48,8,425.4629,1
9047,1,11/08/22,15:15,random,5,1,49,9,497.6167,1
9047,1,11/08/22,15:15,random,5,1,50,10,557.5883,1
9048,1,11/08/22,15:21,practice,0,1,1,1,3012.819,1
9048,1,11/08/22,15:21,practice,0,1,2,2,521.9725,1
9048,1,11/08/22,15:21,practice,0,1,3,3,840.6177,1
9048,1,11/08/22,15:21,practice,0,1,4,4,463.5921,1
9048,1,11/08/22,15:21,practice,0,1,5,5,736.6137,1
9048,1,11/08/22,15:21,practice,0,1,6,6,526.0179,1
9048,1,11/08/22,15:21,practice,0,1,7,7,528.8659,1
9048,1,11/08/22,15:21,practice,0,1,8,8,595.5612,1
9048,1,11/08/22,15:21,random,1,1,1,1,672.8732,1
9048,1,11/08/22,15:21,random,1,1,2,2,584.895,1
9048,1,11/08/22,15:21,random,1,1,3,3,438.2359,1
9048,1,11/08/22,15:21,random,1,1,4,4,416.7453,1
9048,1,11/08/22,15:21,random,1,1,5,5,359.0429,1
9048,1,11/08/22,15:21,random,1,1,6,6,334.4973,1
9048,1,11/08/22,15:21,random,1,1,7,7,473.7756,1
9048,1,11/08/22,15:21,random,1,1,8,8,402.4227,1
9048,1,11/08/22,15:21,random,1,1,9,9,375.8917,1
9048,1,11/08/22,15:21,random,1,1,10,10,299.3563,1
9048,1,11/08/22,15:21,random,2,1,11,1,441.4208,1
9048,1,11/08/22,15:21,random,2,1,12,2,602.9902,0
9048,1,11/08/22,15:21,random,2,1,13,3,3.32069999998,0
9048,1,11/08/22,15:21,random,2,1,14,4,517.9595,1
9048,1,11/08/22,15:21,random,2,1,15,5,500.675,1
9048,1,11/08/22,15:21,random,2,1,16,6,420.7869,1
9048,1,11/08/22,15:21,random,2,1,17,7,439.0981,1
9048,1,11/08/22,15:21,random,2,1,18,8,393.9544,1
9048,1,11/08/22,15:21,random,2,1,19,9,380.8704,1
9048,1,11/08/22,15:21,random,2,1,20,10,379.2247,1
9048,1,11/08/22,15:21,random,3,1,21,1,340.0512,1
9048,1,11/08/22,15:21,random,3,1,22,2,349.8186,1
9048,1,11/08/22,15:21,random,3,1,23,3,384.5328,1
9048,1,11/08/22,15:21,random,3,1,24,4,342.4471,1
9048,1,11/08/22,15:21,random,3,1,25,5,364.7967,1
9048,1,11/08/22,15:21,random,3,1,26,6,380.6336,1
9048,1,11/08/22,15:21,random,3,1,27,7,431.682,1
9048,1,11/08/22,15:21,random,3,1,28,8,531.7377,1
9048,1,11/08/22,15:21,random,3,1,29,9,588.2151,1
9048,1,11/08/22,15:21,random,3,1,30,10,338.1342,1
9048,1,11/08/22,15:21,random,4,1,31,1,401.2959,1
9048,1,11/08/22,15:21,random,4,1,32,2,468.1143,1
9048,1,11/08/22,15:21,random,4,1,33,3,730.4643,1
9048,1,11/08/22,15:21,random,4,1,34,4,417.3718,1
9048,1,11/08/22,15:21,random,4,1,35,5,675.1451,1
9048,1,11/08/22,15:21,random,4,1,36,6,419.4403,1
9048,1,11/08/22,15:21,random,4,1,37,7,614.6108,1
9048,1,11/08/22,15:21,random,4,1,38,8,474.1676,1
9048,1,11/08/22,15:21,random,4,1,39,9,435.9707,1
9048,1,11/08/22,15:21,random,4,1,40,10,462.396,1
9048,1,11/08/22,15:21,random,5,1,41,1,567.0784,1
9048,1,11/08/22,15:21,random,5,1,42,2,422.416,1
9048,1,11/08/22,15:21,random,5,1,43,3,467.0032,1
9048,1,11/08/22,15:21,random,5,1,44,4,415.1277,1
9048,1,11/08/22,15:21,random,5,1,45,5,595.4634,1
9048,1,11/08/22,15:21,random,5,1,46,6,498.2277,1
9048,1,11/08/22,15:21,random,5,1,47,7,447.5827,1
9048,1,11/08/22,15:21,random,5,1,48,8,511.1093,1
9048,1,11/08/22,15:21,random,5,1,49,9,587.5716,1
9048,1,11/08/22,15:21,random,5,1,50,10,553.0375,1
9049,1,11/09/22,09:17,practice,0,1,1,1,537.6037,1
9049,1,11/09/22,09:17,practice,0,1,2,2,673.5333,1
9049,1,11/09/22,09:17,practice,0,1,3,3,486.1679,1
9049,1,11/09/22,09:17,practice,0,1,4,4,767.7538,1
9049,1,11/09/22,09:17,practice,0,1,5,5,639.9817,1
9049,1,11/09/22,09:17,practice,0,1,6,6,463.2689,1
9049,1,11/09/22,09:17,practice,0,1,7,7,486.7355,1
9049,1,11/09/22,09:17,practice,0,1,8,8,467.1888,1
9049,1,11/09/22,09:17,random,1,1,1,1,703.6193,1
9049,1,11/09/22,09:17,random,1,1,2,2,475.5405,1
9049,1,11/09/22,09:17,random,1,1,3,3,598.7121,1
9049,1,11/09/22,09:17,random,1,1,4,4,505.5108,1
9049,1,11/09/22,09:17,random,1,1,5,5,452.0663,1
9049,1,11/09/22,09:17,random,1,1,6,6,508.3047,1
9049,1,11/09/22,09:17,random,1,1,7,7,491.9575,1
9049,1,11/09/22,09:17,random,1,1,8,8,458.3414,1
9049,1,11/09/22,09:17,random,1,1,9,9,515.8648,1
9049,1,11/09/22,09:17,random,1,1,10,10,455.1268,1
9049,1,11/09/22,09:17,random,2,1,11,1,372.1229,1
9049,1,11/09/22,09:17,random,2,1,12,2,351.495,1
9049,1,11/09/22,09:17,random,2,1,13,3,417.636,1
9049,1,11/09/22,09:17,random,2,1,14,4,388.1357,1
9049,1,11/09/22,09:17,random,2,1,15,5,374.6353,1
9049,1,11/09/22,09:17,random,2,1,16,6,417.4958,1
9049,1,11/09/22,09:17,random,2,1,17,7,463.0817,1
9049,1,11/09/22,09:17,random,2,1,18,8,609.8358,1
9049,1,11/09/22,09:17,random,2,1,19,9,352.7784,1
9049,1,11/09/22,09:17,random,2,1,20,10,354.0831,1
9049,1,11/09/22,09:17,random,3,1,21,1,586.507,1
9049,1,11/09/22,09:17,random,3,1,22,2,397.2608,0
9049,1,11/09/22,09:17,random,3,1,23,3,633.4724,1
9049,1,11/09/22,09:17,random,3,1,24,4,510.3309,1
9049,1,11/09/22,09:17,random,3,1,25,5,613.5248,1
9049,1,11/09/22,09:17,random,3,1,26,6,439.6604,1
9049,1,11/09/22,09:17,random,3,1,27,7,944.308,1
9049,1,11/09/22,09:17,random,3,1,28,8,724.4099,1
9049,1,11/09/22,09:17,random,3,1,29,9,659.8672,1
9049,1,11/09/22,09:17,random,3,1,30,10,605.4415,1
9049,1,11/09/22,09:17,random,4,1,31,1,561.8511,1
9049,1,11/09/22,09:17,random,4,1,32,2,1225.2899,1
9049,1,11/09/22,09:17,random,4,1,33,3,827.9827,1
9049,1,11/09/22,09:17,random,4,1,34,4,2026.0809,1
9049,1,11/09/22,09:17,random,4,1,35,5,758.215,1
9049,1,11/09/22,09:17,random,4,1,36,6,606.6028,1
9049,1,11/09/22,09:17,random,4,1,37,7,1974.7769,1
9049,1,11/09/22,09:17,random,4,1,38,8,513.8293,1
9049,1,11/09/22,09:17,random,4,1,39,9,477.6541,1
9049,1,11/09/22,09:17,random,4,1,40,10,467.3445,1
9049,1,11/09/22,09:17,random,5,1,41,1,383.9083,1
9049,1,11/09/22,09:17,random,5,1,42,2,858.6961,1
9049,1,11/09/22,09:17,random,5,1,43,3,493.0822,1
9049,1,11/09/22,09:17,random,5,1,44,4,706.18,1
9049,1,11/09/22,09:17,random,5,1,45,5,503.0901,1
9049,1,11/09/22,09:17,random,5,1,46,6,754.8077,1
9049,1,11/09/22,09:17,random,5,1,47,7,448.5966,1
9049,1,11/09/22,09:17,random,5,1,48,8,435.7358,1
9049,1,11/09/22,09:17,random,5,1,49,9,441.7642,1
9049,1,11/09/22,09:17,random,5,1,50,10,637.141,1
9050,1,11/09/22,09:18,practice,0,1,1,1,1861.335,0
9050,1,11/09/22,09:18,practice,0,1,2,2,906.2697,0
9050,1,11/09/22,09:18,practice,0,1,3,3,1900.1422,1
9050,1,11/09/22,09:18,practice,0,1,4,4,1018.6428,0
9050,1,11/09/22,09:18,practice,0,1,5,5,1529.2399,1
9050,1,11/09/22,09:18,practice,0,1,6,6,2023.9585,1
9050,1,11/09/22,09:18,practice,0,1,7,7,668.6646,1
9050,1,11/09/22,09:18,practice,0,1,8,8,662.8296,1
9050,1,11/09/22,09:18,random,1,1,1,1,703.0616,1
9050,1,11/09/22,09:18,random,1,1,2,2,4579.8647,1
9050,1,11/09/22,09:18,random,1,1,3,3,907.8379,1
9050,1,11/09/22,09:18,random,1,1,4,4,583.7009,1
9050,1,11/09/22,09:18,random,1,1,5,5,676.4443,1
9050,1,11/09/22,09:18,random,1,1,6,6,890.9597,1
9050,1,11/09/22,09:18,random,1,1,7,7,761.4517,1
9050,1,11/09/22,09:18,random,1,1,8,8,1061.4096,1
9050,1,11/09/22,09:18,random,1,1,9,9,529.491,1
9050,1,11/09/22,09:18,random,1,1,10,10,541.5848,1
9050,1,11/09/22,09:18,random,2,1,11,1,345.9735,1
9050,1,11/09/22,09:18,random,2,1,12,2,394.6478,1
9050,1,11/09/22,09:18,random,2,1,13,3,316.4806,1
9050,1,11/09/22,09:18,random,2,1,14,4,515.3354,1
9050,1,11/09/22,09:18,random,2,1,15,5,786.7764,1
9050,1,11/09/22,09:18,random,2,1,16,6,664.5545,1
9050,1,11/09/22,09:18,random,2,1,17,7,873.0967,1
9050,1,11/09/22,09:18,random,2,1,18,8,862.9159,1
9050,1,11/09/22,09:18,random,2,1,19,9,583.2588,1
9050,1,11/09/22,09:18,random,2,1,20,10,855.659,1
9050,1,11/09/22,09:18,random,3,1,21,1,596.0056,1
9050,1,11/09/22,09:18,random,3,1,22,2,515.7648,1
9050,1,11/09/22,09:18,random,3,1,23,3,565.7979,1
9050,1,11/09/22,09:18,random,3,1,24,4,532.7396,1
9050,1,11/09/22,09:18,random,3,1,25,5,513.1028,1
9050,1,11/09/22,09:18,random,3,1,26,6,579.8779,1
9050,1,11/09/22,09:18,random,3,1,27,7,613.75,1
9050,1,11/09/22,09:18,random,3,1,28,8,516.8173,1
9050,1,11/09/22,09:18,random,3,1,29,9,489.4896,1
9050,1,11/09/22,09:18,random,3,1,30,10,545.8753,1
9050,1,11/09/22,09:18,random,4,1,31,1,740.5936,1
9050,1,11/09/22,09:18,random,4,1,32,2,638.0812,1
9050,1,11/09/22,09:18,random,4,1,33,3,775.0183,1
9050,1,11/09/22,09:18,random,4,1,34,4,689.546,1
9050,1,11/09/22,09:18,random,4,1,35,5,637.4341,1
9050,1,11/09/22,09:18,random,4,1,36,6,690.0352,1
9050,1,11/09/22,09:18,random,4,1,37,7,527.665,1
9050,1,11/09/22,09:18,random,4,1,38,8,556.3577,1
9050,1,11/09/22,09:18,random,4,1,39,9,735.2978,1
9050,1,11/09/22,09:18,random,4,1,40,10,586.8811,1
9050,1,11/09/22,09:18,random,5,1,41,1,881.2114,1
9050,1,11/09/22,09:18,random,5,1,42,2,337.5857,1
9050,1,11/09/22,09:18,random,5,1,43,3,892.8237,1
9050,1,11/09/22,09:18,random,5,1,44,4,475.6256,1
9050,1,11/09/22,09:18,random,5,1,45,5,481.2599,1
9050,1,11/09/22,09:18,random,5,1,46,6,504.2934,1
9050,1,11/09/22,09:18,random,5,1,47,7,740.6235,1
9050,1,11/09/22,09:18,random,5,1,48,8,550.7481,1
9050,1,11/09/22,09:18,random,5,1,49,9,627.7115,1
9050,1,11/09/22,09:18,random,5,1,50,10,702.2629,1
9051,1,11/09/22,09:19,practice,0,1,1,1,1077.3829,1
9051,1,11/09/22,09:19,practice,0,1,2,2,1007.5681,1
9051,1,11/09/22,09:19,practice,0,1,3,3,525.4908,1
9051,1,11/09/22,09:19,practice,0,1,4,4,1028.5454,1
9051,1,11/09/22,09:19,practice,0,1,5,5,1187.049,1
9051,1,11/09/22,09:19,practice,0,1,6,6,791.1814,1
9051,1,11/09/22,09:19,practice,0,1,7,7,597.8558,1
9051,1,11/09/22,09:19,practice,0,1,8,8,722.0338,1
9051,1,11/09/22,09:19,random,1,1,1,1,805.4157,1
9051,1,11/09/22,09:19,random,1,1,2,2,588.549,1
9051,1,11/09/22,09:19,random,1,1,3,3,580.2085,1
9051,1,11/09/22,09:19,random,1,1,4,4,424.502,1
9051,1,11/09/22,09:19,random,1,1,5,5,515.8604,1
9051,1,11/09/22,09:19,random,1,1,6,6,633.3002,1
9051,1,11/09/22,09:19,random,1,1,7,7,639.5463,1
9051,1,11/09/22,09:19,random,1,1,8,8,521.5377,1
9051,1,11/09/22,09:19,random,1,1,9,9,513.214,1
9051,1,11/09/22,09:19,random,1,1,10,10,466.4333,1
9051,1,11/09/22,09:19,random,2,1,11,1,390.5395,1
9051,1,11/09/22,09:19,random,2,1,12,2,447.3123,1
9051,1,11/09/22,09:19,random,2,1,13,3,520.0065,1
9051,1,11/09/22,09:19,random,2,1,14,4,365.8785,1
9051,1,11/09/22,09:19,random,2,1,15,5,474.087,1
9051,1,11/09/22,09:19,random,2,1,16,6,371.8119,1
9051,1,11/09/22,09:19,random,2,1,17,7,329.0371,1
9051,1,11/09/22,09:19,random,2,1,18,8,262.8165,1
9051,1,11/09/22,09:19,random,2,1,19,9,431.0142,1
9051,1,11/09/22,09:19,random,2,1,20,10,471.444,1
9051,1,11/09/22,09:19,random,3,1,21,1,379.4085,1
9051,1,11/09/22,09:19,random,3,1,22,2,343.7255,0
9051,1,11/09/22,09:19,random,3,1,23,3,513.4227,1
9051,1,11/09/22,09:19,random,3,1,24,4,605.3486,1
9051,1,11/09/22,09:19,random,3,1,25,5,420.269,1
9051,1,11/09/22,09:19,random,3,1,26,6,485.3877,1
9051,1,11/09/22,09:19,random,3,1,27,7,487.8437,1
9051,1,11/09/22,09:19,random,3,1,28,8,430.2381,1
9051,1,11/09/22,09:19,random,3,1,29,9,514.9904,1
9051,1,11/09/22,09:19,random,3,1,30,10,480.1353,1
9051,1,11/09/22,09:19,random,4,1,31,1,335.5543,1
9051,1,11/09/22,09:19,random,4,1,32,2,299.1652,1
9051,1,11/09/22,09:19,random,4,1,33,3,533.6656,1
9051,1,11/09/22,09:19,random,4,1,34,4,347.719,1
9051,1,11/09/22,09:19,random,4,1,35,5,358.1627,1
9051,1,11/09/22,09:19,random,4,1,36,6,480.7659,1
9051,1,11/09/22,09:19,random,4,1,37,7,456.4769,1
9051,1,11/09/22,09:19,random,4,1,38,8,466.9235,1
9051,1,11/09/22,09:19,random,4,1,39,9,821.7415,1
9051,1,11/09/22,09:19,random,4,1,40,10,544.55,1
9051,1,11/09/22,09:19,random,5,1,41,1,562.4025,1
9051,1,11/09/22,09:19,random,5,1,42,2,430.4721,1
9051,1,11/09/22,09:19,random,5,1,43,3,718.3997,1
9051,1,11/09/22,09:19,random,5,1,44,4,418.0907,1
9051,1,11/09/22,09:19,random,5,1,45,5,601.089,1
9051,1,11/09/22,09:19,random,5,1,46,6,605.4222,1
9051,1,11/09/22,09:19,random,5,1,47,7,458.2289,1
9051,1,11/09/22,09:19,random,5,1,48,8,692.0513,1
9051,1,11/09/22,09:19,random,5,1,49,9,481.3465,1
9051,1,11/09/22,09:19,random,5,1,50,10,423.7277,1
9052,1,11/09/22,12:14,practice,0,1,1,1,937.1028,1
9052,1,11/09/22,12:14,practice,0,1,2,2,593.9334,1
9052,1,11/09/22,12:14,practice,0,1,3,3,857.9345,1
9052,1,11/09/22,12:14,practice,0,1,4,4,534.2976,1
9052,1,11/09/22,12:14,practice,0,1,5,5,540.4206,1
9052,1,11/09/22,12:14,practice,0,1,6,6,368.2084,1
9052,1,11/09/22,12:14,practice,0,1,7,7,758.598,1
9052,1,11/09/22,12:14,practice,0,1,8,8,734.2031,1
9052,1,11/09/22,12:14,random,1,1,1,1,665.0375,0
9052,1,11/09/22,12:14,random,1,1,2,2,420.0834,1
9052,1,11/09/22,12:14,random,1,1,3,3,533.9456,1
9052,1,11/09/22,12:14,random,1,1,4,4,683.5095,1
9052,1,11/09/22,12:14,random,1,1,5,5,747.5318,1
9052,1,11/09/22,12:14,random,1,1,6,6,496.4242,1
9052,1,11/09/22,12:14,random,1,1,7,7,430.5866,1
9052,1,11/09/22,12:14,random,1,1,8,8,392.3944,1
9052,1,11/09/22,12:14,random,1,1,9,9,517.9482,1
9052,1,11/09/22,12:14,random,1,1,10,10,629.3936,1
9052,1,11/09/22,12:14,random,2,1,11,1,528.2995,1
9052,1,11/09/22,12:14,random,2,1,12,2,423.4293,1
9052,1,11/09/22,12:14,random,2,1,13,3,406.0724,1
9052,1,11/09/22,12:14,random,2,1,14,4,386.4351,1
9052,1,11/09/22,12:14,random,2,1,15,5,1224.2372,1
9052,1,11/09/22,12:14,random,2,1,16,6,514.4836,1
9052,1,11/09/22,12:14,random,2,1,17,7,706.3616,1
9052,1,11/09/22,12:14,random,2,1,18,8,493.807,1
9052,1,11/09/22,12:14,random,2,1,19,9,468.9967,1
9052,1,11/09/22,12:14,random,2,1,20,10,467.3488,1
9052,1,11/09/22,12:14,random,3,1,21,1,497.2506,1
9052,1,11/09/22,12:14,random,3,1,22,2,515.3892,1
9052,1,11/09/22,12:14,random,3,1,23,3,542.5257,1
9052,1,11/09/22,12:14,random,3,1,24,4,504.0018,1
9052,1,11/09/22,12:14,random,3,1,25,5,428.2355,0
9052,1,11/09/22,12:14,random,3,1,26,6,968.4568,1
9052,1,11/09/22,12:14,random,3,1,27,7,384.6675,1
9052,1,11/09/22,12:14,random,3,1,28,8,472.9374,1
9052,1,11/09/22,12:14,random,3,1,29,9,488.0105,1
9052,1,11/09/22,12:14,random,3,1,30,10,421.2091,1
9052,1,11/09/22,12:14,random,4,1,31,1,678.84,1
9052,1,11/09/22,12:14,random,4,1,32,2,454.2778,1
9052,1,11/09/22,12:14,random,4,1,33,3,658.4785,1
9052,1,11/09/22,12:14,random,4,1,34,4,546.2528,1
9052,1,11/09/22,12:14,random,4,1,35,5,790.5329,1
9052,1,11/09/22,12:14,random,4,1,36,6,738.9021,1
9052,1,11/09/22,12:14,random,4,1,37,7,400.2751,1
9052,1,11/09/22,12:14,random,4,1,38,8,650.7784,0
9052,1,11/09/22,12:14,random,4,1,39,9,808.7364,1
9052,1,11/09/22,12:14,random,4,1,40,10,917.5908,1
9052,1,11/09/22,12:14,random,5,1,41,1,604.7529,1
9052,1,11/09/22,12:14,random,5,1,42,2,442.7046,1
9052,1,11/09/22,12:14,random,5,1,43,3,728.3456,1
9052,1,11/09/22,12:14,random,5,1,44,4,489.1847,1
9052,1,11/09/22,12:14,random,5,1,45,5,533.6172,1
9052,1,11/09/22,12:14,random,5,1,46,6,846.0028,1
9052,1,11/09/22,12:14,random,5,1,47,7,1064.0145,1
9052,1,11/09/22,12:14,random,5,1,48,8,608.0162,1
9052,1,11/09/22,12:14,random,5,1,49,9,594.2432,1
9052,1,11/09/22,12:14,random,5,1,50,10,446.1451,1
9053,1,11/09/22,12:29,practice,0,1,1,1,655.14,1
9053,1,11/09/22,12:29,practice,0,1,2,2,416.3359,1
9053,1,11/09/22,12:29,practice,0,1,3,3,647.4379,1
9053,1,11/09/22,12:29,practice,0,1,4,4,427.3645,1
9053,1,11/09/22,12:29,practice,0,1,5,5,450.6168,1
9053,1,11/09/22,12:29,practice,0,1,6,6,393.0327,1
9053,1,11/09/22,12:29,practice,0,1,7,7,352.3881,1
9053,1,11/09/22,12:29,practice,0,1,8,8,473.3238,1
9053,1,11/09/22,12:29,random,1,1,1,1,452.2131,1
9053,1,11/09/22,12:29,random,1,1,2,2,466.6881,1
9053,1,11/09/22,12:29,random,1,1,3,3,505.9085,1
9053,1,11/09/22,12:29,random,1,1,4,4,469.3249,1
9053,1,11/09/22,12:29,random,1,1,5,5,454.7699,1
9053,1,11/09/22,12:29,random,1,1,6,6,527.8672,1
9053,1,11/09/22,12:29,random,1,1,7,7,629.2262,1
9053,1,11/09/22,12:29,random,1,1,8,8,571.1686,1
9053,1,11/09/22,12:29,random,1,1,9,9,543.3963,1
9053,1,11/09/22,12:29,random,1,1,10,10,509.2392,1
9053,1,11/09/22,12:29,random,2,1,11,1,701.1265,1
9053,1,11/09/22,12:29,random,2,1,12,2,517.8137,1
9053,1,11/09/22,12:29,random,2,1,13,3,427.8035,1
9053,1,11/09/22,12:29,random,2,1,14,4,469.0019,1
9053,1,11/09/22,12:29,random,2,1,15,5,392.7362,1
9053,1,11/09/22,12:29,random,2,1,16,6,497.4817,1
9053,1,11/09/22,12:29,random,2,1,17,7,449.6461,1
9053,1,11/09/22,12:29,random,2,1,18,8,641.4341,1
9053,1,11/09/22,12:29,random,2,1,19,9,481.1586,1
9053,1,11/09/22,12:29,random,2,1,20,10,495.3896,1
9053,1,11/09/22,12:29,random,3,1,21,1,526.7052,1
9053,1,11/09/22,12:29,random,3,1,22,2,464.3812,1
9053,1,11/09/22,12:29,random,3,1,23,3,434.1065,1
9053,1,11/09/22,12:29,random,3,1,24,4,439.6607,1
9053,1,11/09/22,12:29,random,3,1,25,5,420.0478,1
9053,1,11/09/22,12:29,random,3,1,26,6,467.2923,1
9053,1,11/09/22,12:29,random,3,1,27,7,530.8722,1
9053,1,11/09/22,12:29,random,3,1,28,8,394.1407,1
9053,1,11/09/22,12:29,random,3,1,29,9,533.6184,1
9053,1,11/09/22,12:29,random,3,1,30,10,326.9711,1
9053,1,11/09/22,12:29,random,4,1,31,1,443.4728,1
9053,1,11/09/22,12:29,random,4,1,32,2,593.9718,1
9053,1,11/09/22,12:29,random,4,1,33,3,501.8504,1
9053,1,11/09/22,12:29,random,4,1,34,4,359.0451,1
9053,1,11/09/22,12:29,random,4,1,35,5,611.6282,1
9053,1,11/09/22,12:29,random,4,1,36,6,400.0719,1
9053,1,11/09/22,12:29,random,4,1,37,7,381.245,1
9053,1,11/09/22,12:29,random,4,1,38,8,491.6875,1
9053,1,11/09/22,12:29,random,4,1,39,9,429.9299,1
9053,1,11/09/22,12:29,random,4,1,40,10,501.784,1
9053,1,11/09/22,12:29,random,5,1,41,1,410.008,1
9053,1,11/09/22,12:29,random,5,1,42,2,400.9837,1
9053,1,11/09/22,12:29,random,5,1,43,3,538.4354,1
9053,1,11/09/22,12:29,random,5,1,44,4,484.9384,1
9053,1,11/09/22,12:29,random,5,1,45,5,531.3192,1
9053,1,11/09/22,12:29,random,5,1,46,6,369.8025,1
9053,1,11/09/22,12:29,random,5,1,47,7,422.4826,1
9053,1,11/09/22,12:29,random,5,1,48,8,634.0966,1
9053,1,11/09/22,12:29,random,5,1,49,9,367.4077,0
9053,1,11/09/22,12:29,random,5,1,50,10,8.77350000001,0
9054,1,11/09/22,12:13,practice,0,1,1,1,1261.1189,1
9054,1,11/09/22,12:13,practice,0,1,2,2,550.2208,1
9054,1,11/09/22,12:13,practice,0,1,3,3,457.2818,1
9054,1,11/09/22,12:13,practice,0,1,4,4,642.9164,1
9054,1,11/09/22,12:13,practice,0,1,5,5,565.7097,1
9054,1,11/09/22,12:13,practice,0,1,6,6,516.3286,1
9054,1,11/09/22,12:13,practice,0,1,7,7,460.0909,1
9054,1,11/09/22,12:13,practice,0,1,8,8,403.3026,1
9054,1,11/09/22,12:13,random,1,1,1,1,555.6397,1
9054,1,11/09/22,12:13,random,1,1,2,2,381.0123,1
9054,1,11/09/22,12:13,random,1,1,3,3,363.2444,1
9054,1,11/09/22,12:13,random,1,1,4,4,389.3332,1
9054,1,11/09/22,12:13,random,1,1,5,5,604.9788,1
9054,1,11/09/22,12:13,random,1,1,6,6,411.4567,1
9054,1,11/09/22,12:13,random,1,1,7,7,449.7307,1
9054,1,11/09/22,12:13,random,1,1,8,8,458.7972,1
9054,1,11/09/22,12:13,random,1,1,9,9,358.554,1
9054,1,11/09/22,12:13,random,1,1,10,10,510.2091,1
9054,1,11/09/22,12:13,random,2,1,11,1,601.8473,1
9054,1,11/09/22,12:13,random,2,1,12,2,558.988,1
9054,1,11/09/22,12:13,random,2,1,13,3,447.587,1
9054,1,11/09/22,12:13,random,2,1,14,4,369.3747,1
9054,1,11/09/22,12:13,random,2,1,15,5,379.6587,1
9054,1,11/09/22,12:13,random,2,1,16,6,440.5595,1
9054,1,11/09/22,12:13,random,2,1,17,7,437.5336,1
9054,1,11/09/22,12:13,random,2,1,18,8,469.6134,1
9054,1,11/09/22,12:13,random,2,1,19,9,543.2313,1
9054,1,11/09/22,12:13,random,2,1,20,10,491.0096,1
9054,1,11/09/22,12:13,random,3,1,21,1,494.8871,1
9054,1,11/09/22,12:13,random,3,1,22,2,438.3019,1
9054,1,11/09/22,12:13,random,3,1,23,3,744.4853,1
9054,1,11/09/22,12:13,random,3,1,24,4,527.0734,1
9054,1,11/09/22,12:13,random,3,1,25,5,445.4681,1
9054,1,11/09/22,12:13,random,3,1,26,6,420.2684,1
9054,1,11/09/22,12:13,random,3,1,27,7,499.7508,1
9054,1,11/09/22,12:13,random,3,1,28,8,463.4981,1
9054,1,11/09/22,12:13,random,3,1,29,9,472.2068,1
9054,1,11/09/22,12:13,random,3,1,30,10,406.1427,1
9054,1,11/09/22,12:13,random,4,1,31,1,416.5382,1
9054,1,11/09/22,12:13,random,4,1,32,2,451.6828,1
9054,1,11/09/22,12:13,random,4,1,33,3,399.4774,1
9054,1,11/09/22,12:13,random,4,1,34,4,571.4284,1
9054,1,11/09/22,12:13,random,4,1,35,5,449.6497,1
9054,1,11/09/22,12:13,random,4,1,36,6,421.4661,1
9054,1,11/09/22,12:13,random,4,1,37,7,364.7987,1
9054,1,11/09/22,12:13,random,4,1,38,8,456.8672,1
9054,1,11/09/22,12:13,random,4,1,39,9,487.0688,1
9054,1,11/09/22,12:13,random,4,1,40,10,447.5727,0
9054,1,11/09/22,12:13,random,5,1,41,1,2.89920000001,0
9054,1,11/09/22,12:13,random,5,1,42,2,515.7124,1
9054,1,11/09/22,12:13,random,5,1,43,3,521.3171,1
9054,1,11/09/22,12:13,random,5,1,44,4,437.8573,1
9054,1,11/09/22,12:13,random,5,1,45,5,526.139,1
9054,1,11/09/22,12:13,random,5,1,46,6,636.3589,1
9054,1,11/09/22,12:13,random,5,1,47,7,825.0449,1
9054,1,11/09/22,12:13,random,5,1,48,8,588.6017,1
9054,1,11/09/22,12:13,random,5,1,49,9,618.1677,1
9054,1,11/09/22,12:13,random,5,1,50,10,526.6772,1
9055,1,11/09/22,15:13,practice,0,1,1,1,534.6021,1
9055,1,11/09/22,15:13,practice,0,1,2,2,414.4057,1
9055,1,11/09/22,15:13,practice,0,1,3,3,402.7123,1
9055,1,11/09/22,15:13,practice,0,1,4,4,404.9489,1
9055,1,11/09/22,15:13,practice,0,1,5,5,363.1416,1
9055,1,11/09/22,15:13,practice,0,1,6,6,377.8744,1
9055,1,11/09/22,15:13,practice,0,1,7,7,441.6902,1
9055,1,11/09/22,15:13,practice,0,1,8,8,354.4489,1
9055,1,11/09/22,15:13,random,1,1,1,1,352.5902,1
9055,1,11/09/22,15:13,random,1,1,2,2,336.0207,1
9055,1,11/09/22,15:13,random,1,1,3,3,350.2276,1
9055,1,11/09/22,15:13,random,1,1,4,4,404.1958,1
9055,1,11/09/22,15:13,random,1,1,5,5,296.9595,1
9055,1,11/09/22,15:13,random,1,1,6,6,425.4537,1
9055,1,11/09/22,15:13,random,1,1,7,7,391.5132,1
9055,1,11/09/22,15:13,random,1,1,8,8,388.9468,1
9055,1,11/09/22,15:13,random,1,1,9,9,342.8409,1
9055,1,11/09/22,15:13,random,1,1,10,10,408.636,1
9055,1,11/09/22,15:13,random,2,1,11,1,343.7472,1
9055,1,11/09/22,15:13,random,2,1,12,2,304.345,1
9055,1,11/09/22,15:13,random,2,1,13,3,351.3771,1
9055,1,11/09/22,15:13,random,2,1,14,4,315.3049,1
9055,1,11/09/22,15:13,random,2,1,15,5,402.4988,0
9055,1,11/09/22,15:13,random,2,1,16,6,5.00700000001,0
9055,1,11/09/22,15:13,random,2,1,17,7,461.4984,1
9055,1,11/09/22,15:13,random,2,1,18,8,447.7542,1
9055,1,11/09/22,15:13,random,2,1,19,9,497.8579,1
9055,1,11/09/22,15:13,random,2,1,20,10,380.3303,1
9055,1,11/09/22,15:13,random,3,1,21,1,351.6466,1
9055,1,11/09/22,15:13,random,3,1,22,2,311.8775,1
9055,1,11/09/22,15:13,random,3,1,23,3,469.9127,1
9055,1,11/09/22,15:13,random,3,1,24,4,447.3532,1
9055,1,11/09/22,15:13,random,3,1,25,5,523.3702,1
9055,1,11/09/22,15:13,random,3,1,26,6,537.2096,1
9055,1,11/09/22,15:13,random,3,1,27,7,387.3765,1
9055,1,11/09/22,15:13,random,3,1,28,8,576.1669,1
9055,1,11/09/22,15:13,random,3,1,29,9,510.5161,1
9055,1,11/09/22,15:13,random,3,1,30,10,453.6792,1
9055,1,11/09/22,15:13,random,4,1,31,1,411.5495,1
9055,1,11/09/22,15:13,random,4,1,32,2,397.8826,1
9055,1,11/09/22,15:13,random,4,1,33,3,444.583,1
9055,1,11/09/22,15:13,random,4,1,34,4,481.3552,1
9055,1,11/09/22,15:13,random,4,1,35,5,367.8578,1
9055,1,11/09/22,15:13,random,4,1,36,6,399.2098,1
9055,1,11/09/22,15:13,random,4,1,37,7,634.0495,1
9055,1,11/09/22,15:13,random,4,1,38,8,358.2945,1
9055,1,11/09/22,15:13,random,4,1,39,9,383.868,1
9055,1,11/09/22,15:13,random,4,1,40,10,416.8048,1
9055,1,11/09/22,15:13,random,5,1,41,1,447.4,1
9055,1,11/09/22,15:13,random,5,1,42,2,535.503,1
9055,1,11/09/22,15:13,random,5,1,43,3,368.0156,1
9055,1,11/09/22,15:13,random,5,1,44,4,542.0948,1
9055,1,11/09/22,15:13,random,5,1,45,5,482.3235,1
9055,1,11/09/22,15:13,random,5,1,46,6,445.5685,1
9055,1,11/09/22,15:13,random,5,1,47,7,402.9272,1
9055,1,11/09/22,15:13,random,5,1,48,8,476.3368,1
9055,1,11/09/22,15:13,random,5,1,49,9,471.9443,1
9055,1,11/09/22,15:13,random,5,1,50,10,383.8538,1
9056,1,11/09/22,15:13,practice,0,1,1,1,1579.9557,1
9056,1,11/09/22,15:13,practice,0,1,2,2,362.8691,1
9056,1,11/09/22,15:13,practice,0,1,3,3,402.0022,1
9056,1,11/09/22,15:13,practice,0,1,4,4,385.5783,1
9056,1,11/09/22,15:13,practice,0,1,5,5,340.2808,1
9056,1,11/09/22,15:13,practice,0,1,6,6,341.645,1
9056,1,11/09/22,15:13,practice,0,1,7,7,369.3867,1
9056,1,11/09/22,15:13,practice,0,1,8,8,387.1331,1
9056,1,11/09/22,15:13,random,1,1,1,1,501.2494,1
9056,1,11/09/22,15:13,random,1,1,2,2,363.3905,1
9056,1,11/09/22,15:13,random,1,1,3,3,350.6141,1
9056,1,11/09/22,15:13,random,1,1,4,4,369.6957,1
9056,1,11/09/22,15:13,random,1,1,5,5,368.7458,1
9056,1,11/09/22,15:13,random,1,1,6,6,377.9356,1
9056,1,11/09/22,15:13,random,1,1,7,7,410.0017,1
9056,1,11/09/22,15:13,random,1,1,8,8,345.326,1
9056,1,11/09/22,15:13,random,1,1,9,9,379.9425,1
9056,1,11/09/22,15:13,random,1,1,10,10,372.6079,1
9056,1,11/09/22,15:13,random,2,1,11,1,366.4407,1
9056,1,11/09/22,15:13,random,2,1,12,2,438.2026,1
9056,1,11/09/22,15:13,random,2,1,13,3,357.1126,0
9056,1,11/09/22,15:13,random,2,1,14,4,4.67899999999,0
9056,1,11/09/22,15:13,random,2,1,15,5,372.463,1
9056,1,11/09/22,15:13,random,2,1,16,6,398.4801,1
9056,1,11/09/22,15:13,random,2,1,17,7,345.5168,1
9056,1,11/09/22,15:13,random,2,1,18,8,391.1355,1
9056,1,11/09/22,15:13,random,2,1,19,9,363.5971,1
9056,1,11/09/22,15:13,random,2,1,20,10,382.2696,1
9056,1,11/09/22,15:13,random,3,1,21,1,344.4693,1
9056,1,11/09/22,15:13,random,3,1,22,2,361.0906,1
9056,1,11/09/22,15:13,random,3,1,23,3,339.4127,1
9056,1,11/09/22,15:13,random,3,1,24,4,516.3123,1
9056,1,11/09/22,15:13,random,3,1,25,5,355.6684,1
9056,1,11/09/22,15:13,random,3,1,26,6,333.1406,1
9056,1,11/09/22,15:13,random,3,1,27,7,364.4327,1
9056,1,11/09/22,15:13,random,3,1,28,8,347.6403,1
9056,1,11/09/22,15:13,random,3,1,29,9,353.8482,1
9056,1,11/09/22,15:13,random,3,1,30,10,340.9346,1
9056,1,11/09/22,15:13,random,4,1,31,1,350.7178,1
9056,1,11/09/22,15:13,random,4,1,32,2,356.8617,1
9056,1,11/09/22,15:13,random,4,1,33,3,340.6315,1
9056,1,11/09/22,15:13,random,4,1,34,4,404.8762,1
9056,1,11/09/22,15:13,random,4,1,35,5,502.2343,1
9056,1,11/09/22,15:13,random,4,1,36,6,372.0084,1
9056,1,11/09/22,15:13,random,4,1,37,7,344.007,1
9056,1,11/09/22,15:13,random,4,1,38,8,373.1566,1
9056,1,11/09/22,15:13,random,4,1,39,9,378.925,1
9056,1,11/09/22,15:13,random,4,1,40,10,328.3668,1
9056,1,11/09/22,15:13,random,5,1,41,1,341.2822,1
9056,1,11/09/22,15:13,random,5,1,42,2,303.9974,0
9056,1,11/09/22,15:13,random,5,1,43,3,367.0493,1
9056,1,11/09/22,15:13,random,5,1,44,4,362.2861,1
9056,1,11/09/22,15:13,random,5,1,45,5,400.4918,1
9056,1,11/09/22,15:13,random,5,1,46,6,391.6562,1
9056,1,11/09/22,15:13,random,5,1,47,7,386.1929,1
9056,1,11/09/22,15:13,random,5,1,48,8,401.8042,1
9056,1,11/09/22,15:13,random,5,1,49,9,330.7754,1
9056,1,11/09/22,15:13,random,5,1,50,10,400.3682,1
9057,1,11/09/22,15:14,practice,0,1,1,1,541.2749,1
9057,1,11/09/22,15:14,practice,0,1,2,2,439.2416,1
9057,1,11/09/22,15:14,practice,0,1,3,3,316.3908,1
9057,1,11/09/22,15:14,practice,0,1,4,4,419.3558,1
9057,1,11/09/22,15:14,practice,0,1,5,5,437.3259,1
9057,1,11/09/22,15:14,practice,0,1,6,6,531.9994,1
9057,1,11/09/22,15:14,practice,0,1,7,7,332.446,0
9057,1,11/09/22,15:14,practice,0,1,8,8,0.1826,0
9057,1,11/09/22,15:14,random,1,1,1,1,458.7701,1
9057,1,11/09/22,15:14,random,1,1,2,2,421.0323,1
9057,1,11/09/22,15:14,random,1,1,3,3,342.2374,1
9057,1,11/09/22,15:14,random,1,1,4,4,358.6551,1
9057,1,11/09/22,15:14,random,1,1,5,5,305.2422,1
9057,1,11/09/22,15:14,random,1,1,6,6,425.1451,1
9057,1,11/09/22,15:14,random,1,1,7,7,414.8754,1
9057,1,11/09/22,15:14,random,1,1,8,8,429.6868,1
9057,1,11/09/22,15:14,random,1,1,9,9,416.0315,1
9057,1,11/09/22,15:14,random,1,1,10,10,411.8509,1
9057,1,11/09/22,15:14,random,2,1,11,1,364.1701,1
9057,1,11/09/22,15:14,random,2,1,12,2,348.2288,1
9057,1,11/09/22,15:14,random,2,1,13,3,335.5049,1
9057,1,11/09/22,15:14,random,2,1,14,4,332.4602,1
9057,1,11/09/22,15:14,random,2,1,15,5,305.5614,1
9057,1,11/09/22,15:14,random,2,1,16,6,355.0578,1
9057,1,11/09/22,15:14,random,2,1,17,7,329.9165,1
9057,1,11/09/22,15:14,random,2,1,18,8,473.1032,1
9057,1,11/09/22,15:14,random,2,1,19,9,347.8197,1
9057,1,11/09/22,15:14,random,2,1,20,10,364.8137,1
9057,1,11/09/22,15:14,random,3,1,21,1,356.2067,0
9057,1,11/09/22,15:14,random,3,1,22,2,4.30679999999,0
9057,1,11/09/22,15:14,random,3,1,23,3,400.8908,1
9057,1,11/09/22,15:14,random,3,1,24,4,333.3726,1
9057,1,11/09/22,15:14,random,3,1,25,5,389.435,1
9057,1,11/09/22,15:14,random,3,1,26,6,392.5711,1
9057,1,11/09/22,15:14,random,3,1,27,7,390.0381,1
9057,1,11/09/22,15:14,random,3,1,28,8,339.0709,1
9057,1,11/09/22,15:14,random,3,1,29,9,360.04880000000003,1
9057,1,11/09/22,15:14,random,3,1,30,10,369.097,1
9057,1,11/09/22,15:14,random,4,1,31,1,390.0948,1
9057,1,11/09/22,15:14,random,4,1,32,2,427.1539,1
9057,1,11/09/22,15:14,random,4,1,33,3,447.3215,1
9057,1,11/09/22,15:14,random,4,1,34,4,393.8948,1
9057,1,11/09/22,15:14,random,4,1,35,5,347.738,1
9057,1,11/09/22,15:14,random,4,1,36,6,394.7948,1
9057,1,11/09/22,15:14,random,4,1,37,7,453.2941,1
9057,1,11/09/22,15:14,random,4,1,38,8,399.2055,1
9057,1,11/09/22,15:14,random,4,1,39,9,497.2501,0
9057,1,11/09/22,15:14,random,4,1,40,10,6.5748,0
9057,1,11/09/22,15:14,random,5,1,41,1,422.3223,1
9057,1,11/09/22,15:14,random,5,1,42,2,335.7388,1
9057,1,11/09/22,15:14,random,5,1,43,3,322.1144,1
9057,1,11/09/22,15:14,random,5,1,44,4,563.6402,1
9057,1,11/09/22,15:14,random,5,1,45,5,397.6015,1
9057,1,11/09/22,15:14,random,5,1,46,6,369.8751,1
9057,1,11/09/22,15:14,random,5,1,47,7,394.9743,1
9057,1,11/09/22,15:14,random,5,1,48,8,457.4107,1
9057,1,11/09/22,15:14,random,5,1,49,9,399.4926,1
9057,1,11/09/22,15:14,random,5,1,50,10,378.2131,1
9058,1,11/14/22,09:27,practice,0,1,1,1,533.4536,1
9058,1,11/14/22,09:27,practice,0,1,2,2,410.4285,1
9058,1,11/14/22,09:27,practice,0,1,3,3,385.6053,1
9058,1,11/14/22,09:27,practice,0,1,4,4,452.4908,1
9058,1,11/14/22,09:27,practice,0,1,5,5,425.3759,1
9058,1,11/14/22,09:27,practice,0,1,6,6,379.3465,1
9058,1,11/14/22,09:27,practice,0,1,7,7,580.5342,1
9058,1,11/14/22,09:27,practice,0,1,8,8,388.626,1
9058,1,11/14/22,09:27,random,1,1,1,1,478.3305,1
9058,1,11/14/22,09:27,random,1,1,2,2,419.1014,1
9058,1,11/14/22,09:27,random,1,1,3,3,496.8467,1
9058,1,11/14/22,09:27,random,1,1,4,4,435.0251,0
9058,1,11/14/22,09:27,random,1,1,5,5,7.2674,0
9058,1,11/14/22,09:27,random,1,1,6,6,450.1627,1
9058,1,11/14/22,09:27,random,1,1,7,7,463.6815,1
9058,1,11/14/22,09:27,random,1,1,8,8,426.0114,1
9058,1,11/14/22,09:27,random,1,1,9,9,418.1589,1
9058,1,11/14/22,09:27,random,1,1,10,10,434.2992,1
9058,1,11/14/22,09:27,random,2,1,11,1,423.7081,1
9058,1,11/14/22,09:27,random,2,1,12,2,415.1087,1
9058,1,11/14/22,09:27,random,2,1,13,3,3.2836,0
9058,1,11/14/22,09:27,random,2,1,14,4,386.3959,1
9058,1,11/14/22,09:27,random,2,1,15,5,467.4289,1
9058,1,11/14/22,09:27,random,2,1,16,6,440.7696,1
9058,1,11/14/22,09:27,random,2,1,17,7,544.2701,1
9058,1,11/14/22,09:27,random,2,1,18,8,560.3029,1
9058,1,11/14/22,09:27,random,2,1,19,9,530.5245,1
9058,1,11/14/22,09:27,random,2,1,20,10,498.2441,1
9058,1,11/14/22,09:27,random,3,1,21,1,501.801,0
9058,1,11/14/22,09:27,random,3,1,22,2,491.2163,1
9058,1,11/14/22,09:27,random,3,1,23,3,423.7533,1
9058,1,11/14/22,09:27,random,3,1,24,4,449.5021,1
9058,1,11/14/22,09:27,random,3,1,25,5,430.2626,1
9058,1,11/14/22,09:27,random,3,1,26,6,1327.487,1
9058,1,11/14/22,09:27,random,3,1,27,7,442.5859,1
9058,1,11/14/22,09:27,random,3,1,28,8,401.1472,1
9058,1,11/14/22,09:27,random,3,1,29,9,416.7623,1
9058,1,11/14/22,09:27,random,3,1,30,10,457.5303,1
9058,1,11/14/22,09:27,random,4,1,31,1,454.3978,1
9058,1,11/14/22,09:27,random,4,1,32,2,422.7951,1
9058,1,11/14/22,09:27,random,4,1,33,3,420.8149,1
9058,1,11/14/22,09:27,random,4,1,34,4,469.3339,1
9058,1,11/14/22,09:27,random,4,1,35,5,434.4243,1
9058,1,11/14/22,09:27,random,4,1,36,6,414.4217,1
9058,1,11/14/22,09:27,random,4,1,37,7,434.7104,1
9058,1,11/14/22,09:27,random,4,1,38,8,504.0989,1
9058,1,11/14/22,09:27,random,4,1,39,9,478.8632,1
9058,1,11/14/22,09:27,random,4,1,40,10,409.2932,1
9058,1,11/14/22,09:27,random,5,1,41,1,467.5486,1
9058,1,11/14/22,09:27,random,5,1,42,2,578.5105,1
9058,1,11/14/22,09:27,random,5,1,43,3,411.503,1
9058,1,11/14/22,09:27,random,5,1,44,4,484.5353,1
9058,1,11/14/22,09:27,random,5,1,45,5,468.4643,1
9058,1,11/14/22,09:27,random,5,1,46,6,554.5184,1
9058,1,11/14/22,09:27,random,5,1,47,7,584.4413,1
9058,1,11/14/22,09:27,random,5,1,48,8,415.9086,1
9058,1,11/14/22,09:27,random,5,1,49,9,477.7422,1
9058,1,11/14/22,09:27,random,5,1,50,10,459.4616,0
9059,1,02/13/23,12:16,practice,0,1,1,1,1274.8511,1
9059,1,02/13/23,12:16,practice,0,1,2,2,498.3295,1
9059,1,02/13/23,12:16,practice,0,1,3,3,624.5734,1
9059,1,02/13/23,12:16,practice,0,1,4,4,552.9388,1
9059,1,02/13/23,12:16,practice,0,1,5,5,435.9314,1
9059,1,02/13/23,12:16,practice,0,1,6,6,471.9379,1
9059,1,02/13/23,12:16,practice,0,1,7,7,607.8447,1
9059,1,02/13/23,12:16,practice,0,1,8,8,487.6943,0
9059,1,02/13/23,12:16,random,1,1,1,1,461.86130000000003,1
9059,1,02/13/23,12:16,random,1,1,2,2,4.1105,0
9059,1,02/13/23,12:16,random,1,1,3,3,551.8961,1
9059,1,02/13/23,12:16,random,1,1,4,4,527.1163,1
9059,1,02/13/23,12:16,random,1,1,5,5,683.1128,1
9059,1,02/13/23,12:16,random,1,1,6,6,653.3377,1
9059,1,02/13/23,12:16,random,1,1,7,7,636.8136,1
9059,1,02/13/23,12:16,random,1,1,8,8,621.2523,1
9059,1,02/13/23,12:16,random,1,1,9,9,614.0596,1
9059,1,02/13/23,12:16,random,1,1,10,10,688.3065,1
9059,1,02/13/23,12:16,random,2,1,11,1,620.1673,1
9059,1,02/13/23,12:16,random,2,1,12,2,601.6851,1
9059,1,02/13/23,12:16,random,2,1,13,3,686.4441,1
9059,1,02/13/23,12:16,random,2,1,14,4,571.1063,1
9059,1,02/13/23,12:16,random,2,1,15,5,634.5954,1
9059,1,02/13/23,12:16,random,2,1,16,6,918.307,1
9059,1,02/13/23,12:16,random,2,1,17,7,402.1635,1
9059,1,02/13/23,12:16,random,2,1,18,8,4.7334,0
9059,1,02/13/23,12:16,random,2,1,19,9,629.7602,1
9059,1,02/13/23,12:16,random,2,1,20,10,968.8927,1
9059,1,02/13/23,12:16,random,3,1,21,1,610.9144,1
9059,1,02/13/23,12:16,random,3,1,22,2,365.835,1
9059,1,02/13/23,12:16,random,3,1,23,3,486.571,1
9059,1,02/13/23,12:16,random,3,1,24,4,459.0865,1
9059,1,02/13/23,12:16,random,3,1,25,5,478.0988,1
9059,1,02/13/23,12:16,random,3,1,26,6,368.7458,1
9059,1,02/13/23,12:16,random,3,1,27,7,790.7035,1
9059,1,02/13/23,12:16,random,3,1,28,8,1173.9867,1
9059,1,02/13/23,12:16,random,3,1,29,9,806.1275,1
9059,1,02/13/23,12:16,random,3,1,30,10,593.85,1
9059,1,02/13/23,12:16,random,4,1,31,1,355.9708,1
9059,1,02/13/23,12:16,random,4,1,32,2,590.8049,1
9059,1,02/13/23,12:16,random,4,1,33,3,1014.5417,1
9059,1,02/13/23,12:16,random,4,1,34,4,540.2855,1
9059,1,02/13/23,12:16,random,4,1,35,5,402.8033,1
9059,1,02/13/23,12:16,random,4,1,36,6,550.0164,1
9059,1,02/13/23,12:16,random,4,1,37,7,510.9737,1
9059,1,02/13/23,12:16,random,4,1,38,8,809.7393,1
9059,1,02/13/23,12:16,random,4,1,39,9,477.5729,1
9059,1,02/13/23,12:16,random,4,1,40,10,525.7109,1
9059,1,02/13/23,12:16,random,5,1,41,1,913.6677,1
9059,1,02/13/23,12:16,random,5,1,42,2,693.7304,1
9059,1,02/13/23,12:16,random,5,1,43,3,420.7917,1
9059,1,02/13/23,12:16,random,5,1,44,4,678.8821,1
9059,1,02/13/23,12:16,random,5,1,45,5,530.6363,1
9059,1,02/13/23,12:16,random,5,1,46,6,407.2179,1
9059,1,02/13/23,12:16,random,5,1,47,7,514.7853,1
9059,1,02/13/23,12:16,random,5,1,48,8,710.6376,1
9059,1,02/13/23,12:16,random,5,1,49,9,502.392,1
9059,1,02/13/23,12:16,random,5,1,50,10,455.0033,1
9060,1,02/13/23,12:18,practice,0,1,1,1,453.8423,0
9060,1,02/13/23,12:18,practice,0,1,2,2,0.250899999999,0
9060,1,02/13/23,12:18,practice,0,1,3,3,725.2493,1
9060,1,02/13/23,12:18,practice,0,1,4,4,497.4663,1
9060,1,02/13/23,12:18,practice,0,1,5,5,410.4077,1
9060,1,02/13/23,12:18,practice,0,1,6,6,359.595,1
9060,1,02/13/23,12:18,practice,0,1,7,7,470.116,0
9060,1,02/13/23,12:18,practice,0,1,8,8,430.962,1
9060,1,02/13/23,12:18,random,1,1,1,1,359.1185,1
9060,1,02/13/23,12:18,random,1,1,2,2,343.7107,1
9060,1,02/13/23,12:18,random,1,1,3,3,589.1438,1
9060,1,02/13/23,12:18,random,1,1,4,4,437.5289,1
9060,1,02/13/23,12:18,random,1,1,5,5,440.3329,1
9060,1,02/13/23,12:18,random,1,1,6,6,458.624,1
9060,1,02/13/23,12:18,random,1,1,7,7,434.4291,1
9060,1,02/13/23,12:18,random,1,1,8,8,426.1189,1
9060,1,02/13/23,12:18,random,1,1,9,9,377.3569,1
9060,1,02/13/23,12:18,random,1,1,10,10,367.0628,1
9060,1,02/13/23,12:18,random,2,1,11,1,427.4258,1
9060,1,02/13/23,12:18,random,2,1,12,2,318.3046,1
9060,1,02/13/23,12:18,random,2,1,13,3,444.8111,1
9060,1,02/13/23,12:18,random,2,1,14,4,363.6289,0
9060,1,02/13/23,12:18,random,2,1,15,5,341.2531,1
9060,1,02/13/23,12:18,random,2,1,16,6,429.5616,1
9060,1,02/13/23,12:18,random,2,1,17,7,487.5295,1
9060,1,02/13/23,12:18,random,2,1,18,8,384.0175,1
9060,1,02/13/23,12:18,random,2,1,19,9,414.8132,1
9060,1,02/13/23,12:18,random,2,1,20,10,356.4228,1
9060,1,02/13/23,12:18,random,3,1,21,1,511.6514,1
9060,1,02/13/23,12:18,random,3,1,22,2,510.1138,1
9060,1,02/13/23,12:18,random,3,1,23,3,310.8433,1
9060,1,02/13/23,12:18,random,3,1,24,4,400.0527,1
9060,1,02/13/23,12:18,random,3,1,25,5,277.136,1
9060,1,02/13/23,12:18,random,3,1,26,6,386.8857,0
9060,1,02/13/23,12:18,random,3,1,27,7,335.5686,1
9060,1,02/13/23,12:18,random,3,1,28,8,282.2631,0
9060,1,02/13/23,12:18,random,3,1,29,9,412.848,1
9060,1,02/13/23,12:18,random,3,1,30,10,413.1656,1
9060,1,02/13/23,12:18,random,4,1,31,1,377.0793,0
9060,1,02/13/23,12:18,random,4,1,32,2,440.5184,1
9060,1,02/13/23,12:18,random,4,1,33,3,509.6428,1
9060,1,02/13/23,12:18,random,4,1,34,4,354.0783,1
9060,1,02/13/23,12:18,random,4,1,35,5,466.7837,1
9060,1,02/13/23,12:18,random,4,1,36,6,383.3432,0
9060,1,02/13/23,12:18,random,4,1,37,7,521.9734,1
9060,1,02/13/23,12:18,random,4,1,38,8,385.946,1
9060,1,02/13/23,12:18,random,4,1,39,9,377.0361,1
9060,1,02/13/23,12:18,random,4,1,40,10,391.3232,1
9060,1,02/13/23,12:18,random,5,1,41,1,336.7293,1
9060,1,02/13/23,12:18,random,5,1,42,2,403.1175,1
9060,1,02/13/23,12:18,random,5,1,43,3,536.4123,1
9060,1,02/13/23,12:18,random,5,1,44,4,368.8997,1
9060,1,02/13/23,12:18,random,5,1,45,5,399.859,1
9060,1,02/13/23,12:18,random,5,1,46,6,375.5772,1
9060,1,02/13/23,12:18,random,5,1,47,7,389.0607,1
9060,1,02/13/23,12:18,random,5,1,48,8,461.9012,0
9060,1,02/13/23,12:18,random,5,1,49,9,339.949,1
9060,1,02/13/23,12:18,random,5,1,50,10,312.4871,1
9061,1,02/13/23,12:18,practice,0,1,1,1,701.1514,1
9061,1,02/13/23,12:18,practice,0,1,2,2,599.2082,1
9061,1,02/13/23,12:18,practice,0,1,3,3,468.0416,1
9061,1,02/13/23,12:18,practice,0,1,4,4,406.9194,1
9061,1,02/13/23,12:18,practice,0,1,5,5,462.3511,1
9061,1,02/13/23,12:18,practice,0,1,6,6,516.885,1
9061,1,02/13/23,12:18,practice,0,1,7,7,596.1248,1
9061,1,02/13/23,12:18,practice,0,1,8,8,439.0893,1
9061,1,02/13/23,12:18,random,1,1,1,1,523.5263,1
9061,1,02/13/23,12:18,random,1,1,2,2,417.0457,1
9061,1,02/13/23,12:18,random,1,1,3,3,476.3972,1
9061,1,02/13/23,12:18,random,1,1,4,4,404.1042,1
9061,1,02/13/23,12:18,random,1,1,5,5,415.5844,1
9061,1,02/13/23,12:18,random,1,1,6,6,376.9817,1
9061,1,02/13/23,12:18,random,1,1,7,7,351.9901,1
9061,1,02/13/23,12:18,random,1,1,8,8,389.106,1
9061,1,02/13/23,12:18,random,1,1,9,9,406.3562,1
9061,1,02/13/23,12:18,random,1,1,10,10,452.766,1
9061,1,02/13/23,12:18,random,2,1,11,1,637.755,1
9061,1,02/13/23,12:18,random,2,1,12,2,435.7756,1
9061,1,02/13/23,12:18,random,2,1,13,3,460.2455,1
9061,1,02/13/23,12:18,random,2,1,14,4,385.7484,1
9061,1,02/13/23,12:18,random,2,1,15,5,340.4653,1
9061,1,02/13/23,12:18,random,2,1,16,6,496.0989,1
9061,1,02/13/23,12:18,random,2,1,17,7,358.4333,1
9061,1,02/13/23,12:18,random,2,1,18,8,517.8354,1
9061,1,02/13/23,12:18,random,2,1,19,9,418.0828,1
9061,1,02/13/23,12:18,random,2,1,20,10,444.1785,1
9061,1,02/13/23,12:18,random,3,1,21,1,366.9381,1
9061,1,02/13/23,12:18,random,3,1,22,2,418.4026,1
9061,1,02/13/23,12:18,random,3,1,23,3,377.9121,1
9061,1,02/13/23,12:18,random,3,1,24,4,653.7247,1
9061,1,02/13/23,12:18,random,3,1,25,5,438.6868,1
9061,1,02/13/23,12:18,random,3,1,26,6,393.7466,1
9061,1,02/13/23,12:18,random,3,1,27,7,712.8433,1
9061,1,02/13/23,12:18,random,3,1,28,8,411.3231,1
9061,1,02/13/23,12:18,random,3,1,29,9,418.4117,1
9061,1,02/13/23,12:18,random,3,1,30,10,554.7749,1
9061,1,02/13/23,12:18,random,4,1,31,1,429.3917,1
9061,1,02/13/23,12:18,random,4,1,32,2,437.0651,1
9061,1,02/13/23,12:18,random,4,1,33,3,453.7313,1
9061,1,02/13/23,12:18,random,4,1,34,4,402.5002,1
9061,1,02/13/23,12:18,random,4,1,35,5,351.8721,1
9061,1,02/13/23,12:18,random,4,1,36,6,336.7355,1
9061,1,02/13/23,12:18,random,4,1,37,7,350.0694,1
9061,1,02/13/23,12:18,random,4,1,38,8,400.5469,1
9061,1,02/13/23,12:18,random,4,1,39,9,484.4982,1
9061,1,02/13/23,12:18,random,4,1,40,10,489.6309,1
9061,1,02/13/23,12:18,random,5,1,41,1,438.3894,1
9061,1,02/13/23,12:18,random,5,1,42,2,402.815,1
9061,1,02/13/23,12:18,random,5,1,43,3,344.0353,1
9061,1,02/13/23,12:18,random,5,1,44,4,612.5424,1
9061,1,02/13/23,12:18,random,5,1,45,5,412.8683,1
9061,1,02/13/23,12:18,random,5,1,46,6,436.733,1
9061,1,02/13/23,12:18,random,5,1,47,7,301.2937,1
9061,1,02/13/23,12:18,random,5,1,48,8,354.1945,1
9061,1,02/13/23,12:18,random,5,1,49,9,391.7185,1
9061,1,02/13/23,12:18,random,5,1,50,10,438.982,1
9062,1,02/13/23,15:09,practice,0,1,1,1,404.9818,1
9062,1,02/13/23,15:09,practice,0,1,2,2,398.0943,1
9062,1,02/13/23,15:09,practice,0,1,3,3,431.7171,1
9062,1,02/13/23,15:09,practice,0,1,4,4,463.3611,1
9062,1,02/13/23,15:09,practice,0,1,5,5,297.2234,1
9062,1,02/13/23,15:09,practice,0,1,6,6,341.43,1
9062,1,02/13/23,15:09,practice,0,1,7,7,341.6135,1
9062,1,02/13/23,15:09,practice,0,1,8,8,404.0567,1
9062,1,02/13/23,15:09,random,1,1,1,1,330.7632,1
9062,1,02/13/23,15:09,random,1,1,2,2,322.8002,1
9062,1,02/13/23,15:09,random,1,1,3,3,360.0626,1
9062,1,02/13/23,15:09,random,1,1,4,4,397.5659,1
9062,1,02/13/23,15:09,random,1,1,5,5,399.8567,1
9062,1,02/13/23,15:09,random,1,1,6,6,338.6544,1
9062,1,02/13/23,15:09,random,1,1,7,7,398.5276,1
9062,1,02/13/23,15:09,random,1,1,8,8,416.1286,0
9062,1,02/13/23,15:09,random,1,1,9,9,17.6785,1
9062,1,02/13/23,15:09,random,1,1,10,10,410.3565,1
9062,1,02/13/23,15:09,random,2,1,11,1,471.6259,1
9062,1,02/13/23,15:09,random,2,1,12,2,418.6047,1
9062,1,02/13/23,15:09,random,2,1,13,3,487.8574,1
9062,1,02/13/23,15:09,random,2,1,14,4,688.065,1
9062,1,02/13/23,15:09,random,2,1,15,5,465.6514,1
9062,1,02/13/23,15:09,random,2,1,16,6,406.9135,1
9062,1,02/13/23,15:09,random,2,1,17,7,382.3061,1
9062,1,02/13/23,15:09,random,2,1,18,8,339.4637,1
9062,1,02/13/23,15:09,random,2,1,19,9,491.7489,1
9062,1,02/13/23,15:09,random,2,1,20,10,443.0689,0
9062,1,02/13/23,15:09,random,3,1,21,1,9.6053,0
9062,1,02/13/23,15:09,random,3,1,22,2,464.0189,1
9062,1,02/13/23,15:09,random,3,1,23,3,449.4243,1
9062,1,02/13/23,15:09,random,3,1,24,4,404.5439,1
9062,1,02/13/23,15:09,random,3,1,25,5,414.5072,1
9062,1,02/13/23,15:09,random,3,1,26,6,531.1874,1
9062,1,02/13/23,15:09,random,3,1,27,7,478.6556,1
9062,1,02/13/23,15:09,random,3,1,28,8,548.5271,1
9062,1,02/13/23,15:09,random,3,1,29,9,380.2031,0
9062,1,02/13/23,15:09,random,3,1,30,10,554.3076,1
9062,1,02/13/23,15:09,random,4,1,31,1,606.4002,1
9062,1,02/13/23,15:09,random,4,1,32,2,476.9727,0
9062,1,02/13/23,15:09,random,4,1,33,3,806.5665,1
9062,1,02/13/23,15:09,random,4,1,34,4,631.4065,1
9062,1,02/13/23,15:09,random,4,1,35,5,542.7544,1
9062,1,02/13/23,15:09,random,4,1,36,6,429.0511,1
9062,1,02/13/23,15:09,random,4,1,37,7,598.9314,1
9062,1,02/13/23,15:09,random,4,1,38,8,756.0657,1
9062,1,02/13/23,15:09,random,4,1,39,9,1196.5358,1
9062,1,02/13/23,15:09,random,4,1,40,10,819.5472,1
9062,1,02/13/23,15:09,random,5,1,41,1,399.3626,1
9062,1,02/13/23,15:09,random,5,1,42,2,457.6118,1
9062,1,02/13/23,15:09,random,5,1,43,3,356.2224,1
9062,1,02/13/23,15:09,random,5,1,44,4,685.7889,1
9062,1,02/13/23,15:09,random,5,1,45,5,525.5376,1
9062,1,02/13/23,15:09,random,5,1,46,6,472.5876,1
9062,1,02/13/23,15:09,random,5,1,47,7,454.561,1
9062,1,02/13/23,15:09,random,5,1,48,8,477.7433,1
9062,1,02/13/23,15:09,random,5,1,49,9,468.5737,1
9062,1,02/13/23,15:09,random,5,1,50,10,739.2669,1
9063,1,02/13/23,15:18,practice,0,1,1,1,6705.9693,1
9063,1,02/13/23,15:18,practice,0,1,2,2,460.4062,1
9063,1,02/13/23,15:18,practice,0,1,3,3,464.5283,1
9063,1,02/13/23,15:18,practice,0,1,4,4,759.7998,1
9063,1,02/13/23,15:18,practice,0,1,5,5,473.4413,1
9063,1,02/13/23,15:18,practice,0,1,6,6,513.4808,1
9063,1,02/13/23,15:18,practice,0,1,7,7,665.2157,1
9063,1,02/13/23,15:18,practice,0,1,8,8,443.1904,1
9063,1,02/13/23,15:18,random,1,1,1,1,523.6508,1
9063,1,02/13/23,15:18,random,1,1,2,2,416.8461,1
9063,1,02/13/23,15:18,random,1,1,3,3,494.8644,1
9063,1,02/13/23,15:18,random,1,1,4,4,387.585,1
9063,1,02/13/23,15:18,random,1,1,5,5,693.3959,1
9063,1,02/13/23,15:18,random,1,1,6,6,388.3953,1
9063,1,02/13/23,15:18,random,1,1,7,7,581.0136,1
9063,1,02/13/23,15:18,random,1,1,8,8,550.1317,1
9063,1,02/13/23,15:18,random,1,1,9,9,705.8679,1
9063,1,02/13/23,15:18,random,1,1,10,10,323.2791,1
9063,1,02/13/23,15:18,random,2,1,11,1,569.3306,1
9063,1,02/13/23,15:18,random,2,1,12,2,532.482,0
9063,1,02/13/23,15:18,random,2,1,13,3,622.9406,1
9063,1,02/13/23,15:18,random,2,1,14,4,561.3292,1
9063,1,02/13/23,15:18,random,2,1,15,5,610.588,1
9063,1,02/13/23,15:18,random,2,1,16,6,794.8547,1
9063,1,02/13/23,15:18,random,2,1,17,7,558.9342,1
9063,1,02/13/23,15:18,random,2,1,18,8,901.0749,1
9063,1,02/13/23,15:18,random,2,1,19,9,889.9119,1
9063,1,02/13/23,15:18,random,2,1,20,10,765.347,1
9063,1,02/13/23,15:18,random,3,1,21,1,534.6179,1
9063,1,02/13/23,15:18,random,3,1,22,2,582.6156,1
9063,1,02/13/23,15:18,random,3,1,23,3,629.5946,1
9063,1,02/13/23,15:18,random,3,1,24,4,531.8172,1
9063,1,02/13/23,15:18,random,3,1,25,5,663.7141,1
9063,1,02/13/23,15:18,random,3,1,26,6,794.5589,1
9063,1,02/13/23,15:18,random,3,1,27,7,636.4765,1
9063,1,02/13/23,15:18,random,3,1,28,8,777.0194,1
9063,1,02/13/23,15:18,random,3,1,29,9,666.364,1
9063,1,02/13/23,15:18,random,3,1,30,10,644.7253,0
9063,1,02/13/23,15:18,random,4,1,31,1,609.2281,1
9063,1,02/13/23,15:18,random,4,1,32,2,735.1403,1
9063,1,02/13/23,15:18,random,4,1,33,3,596.5587,1
9063,1,02/13/23,15:18,random,4,1,34,4,786.0077,1
9063,1,02/13/23,15:18,random,4,1,35,5,665.8415,1
9063,1,02/13/23,15:18,random,4,1,36,6,786.9914,1
9063,1,02/13/23,15:18,random,4,1,37,7,966.8122,1
9063,1,02/13/23,15:18,random,4,1,38,8,1038.7539,1
9063,1,02/13/23,15:18,random,4,1,39,9,754.4974,1
9063,1,02/13/23,15:18,random,4,1,40,10,776.7166,1
9063,1,02/13/23,15:18,random,5,1,41,1,602.5869,1
9063,1,02/13/23,15:18,random,5,1,42,2,552.0446,1
9063,1,02/13/23,15:18,random,5,1,43,3,866.5662,1
9063,1,02/13/23,15:18,random,5,1,44,4,699.3077,1
9063,1,02/13/23,15:18,random,5,1,45,5,876.5551,1
9063,1,02/13/23,15:18,random,5,1,46,6,583.0274,1
9063,1,02/13/23,15:18,random,5,1,47,7,455.0595,1
9063,1,02/13/23,15:18,random,5,1,48,8,552.6486,1
9063,1,02/13/23,15:18,random,5,1,49,9,999.2791,1
9063,1,02/13/23,15:18,random,5,1,50,10,570.5074,1
9065,1,02/14/23,09:19,practice,0,1,1,1,730.0589,1
9065,1,02/14/23,09:19,practice,0,1,2,2,591.0274,1
9065,1,02/14/23,09:19,practice,0,1,3,3,783.3587,1
9065,1,02/14/23,09:19,practice,0,1,4,4,821.7008,1
9065,1,02/14/23,09:19,practice,0,1,5,5,680.8649,1
9065,1,02/14/23,09:19,practice,0,1,6,6,635.3069,1
9065,1,02/14/23,09:19,practice,0,1,7,7,472.4139,1
9065,1,02/14/23,09:19,practice,0,1,8,8,606.1663,1
9065,1,02/14/23,09:19,random,1,1,1,1,585.6513,1
9065,1,02/14/23,09:19,random,1,1,2,2,495.7548,1
9065,1,02/14/23,09:19,random,1,1,3,3,499.1907,1
9065,1,02/14/23,09:19,random,1,1,4,4,438.7063,1
9065,1,02/14/23,09:19,random,1,1,5,5,425.5657,1
9065,1,02/14/23,09:19,random,1,1,6,6,543.4568,1
9065,1,02/14/23,09:19,random,1,1,7,7,632.758,1
9065,1,02/14/23,09:19,random,1,1,8,8,567.3939,1
9065,1,02/14/23,09:19,random,1,1,9,9,608.3959,1
9065,1,02/14/23,09:19,random,1,1,10,10,573.6021,1
9065,1,02/14/23,09:19,random,2,1,11,1,870.5188,1
9065,1,02/14/23,09:19,random,2,1,12,2,618.5281,1
9065,1,02/14/23,09:19,random,2,1,13,3,690.5636,1
9065,1,02/14/23,09:19,random,2,1,14,4,592.7677,1
9065,1,02/14/23,09:19,random,2,1,15,5,555.9787,1
9065,1,02/14/23,09:19,random,2,1,16,6,566.2379,1
9065,1,02/14/23,09:19,random,2,1,17,7,795.7038,1
9065,1,02/14/23,09:19,random,2,1,18,8,517.338,1
9065,1,02/14/23,09:19,random,2,1,19,9,594.3116,1
9065,1,02/14/23,09:19,random,2,1,20,10,543.7658,1
9065,1,02/14/23,09:19,random,3,1,21,1,1034.2631,1
9065,1,02/14/23,09:19,random,3,1,22,2,576.2971,1
9065,1,02/14/23,09:19,random,3,1,23,3,678.6449,1
9065,1,02/14/23,09:19,random,3,1,24,4,602.2619,1
9065,1,02/14/23,09:19,random,3,1,25,5,553.0434,1
9065,1,02/14/23,09:19,random,3,1,26,6,638.09,1
9065,1,02/14/23,09:19,random,3,1,27,7,511.7729,1
9065,1,02/14/23,09:19,random,3,1,28,8,661.8874,1
9065,1,02/14/23,09:19,random,3,1,29,9,480.1573,1
9065,1,02/14/23,09:19,random,3,1,30,10,584.5042,1
9065,1,02/14/23,09:19,random,4,1,31,1,530.5909,1
9065,1,02/14/23,09:19,random,4,1,32,2,555.8351,1
9065,1,02/14/23,09:19,random,4,1,33,3,484.9824,1
9065,1,02/14/23,09:19,random,4,1,34,4,503.7548,1
9065,1,02/14/23,09:19,random,4,1,35,5,514.0317,1
9065,1,02/14/23,09:19,random,4,1,36,6,531.2002,1
9065,1,02/14/23,09:19,random,4,1,37,7,533.1771,1
9065,1,02/14/23,09:19,random,4,1,38,8,619.7601,1
9065,1,02/14/23,09:19,random,4,1,39,9,456.6153,1
9065,1,02/14/23,09:19,random,4,1,40,10,494.8733,1
9065,1,02/14/23,09:19,random,5,1,41,1,606.6553,1
9065,1,02/14/23,09:19,random,5,1,42,2,708.6278,1
9065,1,02/14/23,09:19,random,5,1,43,3,570.9192,1
9065,1,02/14/23,09:19,random,5,1,44,4,910.0097,1
9065,1,02/14/23,09:19,random,5,1,45,5,632.0486,1
9065,1,02/14/23,09:19,random,5,1,46,6,657.2223,1
9065,1,02/14/23,09:19,random,5,1,47,7,572.4664,1
9065,1,02/14/23,09:19,random,5,1,48,8,851.5632,1
9065,1,02/14/23,09:19,random,5,1,49,9,761.2155,1
9065,1,02/14/23,09:19,random,5,1,50,10,667.053,1
9066,1,02/14/23,09:17,practice,0,1,1,1,542.2639,1
9066,1,02/14/23,09:17,practice,0,1,2,2,508.86130000000003,1
9066,1,02/14/23,09:17,practice,0,1,3,3,411.973,1
9066,1,02/14/23,09:17,practice,0,1,4,4,444.3827,1
9066,1,02/14/23,09:17,practice,0,1,5,5,356.6696,1
9066,1,02/14/23,09:17,practice,0,1,6,6,383.9128,1
9066,1,02/14/23,09:17,practice,0,1,7,7,444.9827,1
9066,1,02/14/23,09:17,practice,0,1,8,8,395.5426,1
9066,1,02/14/23,09:17,random,1,1,1,1,350.9476,1
9066,1,02/14/23,09:17,random,1,1,2,2,354.3607,1
9066,1,02/14/23,09:17,random,1,1,3,3,366.4237,1
9066,1,02/14/23,09:17,random,1,1,4,4,358.1745,1
9066,1,02/14/23,09:17,random,1,1,5,5,476.6024,1
9066,1,02/14/23,09:17,random,1,1,6,6,449.0913,1
9066,1,02/14/23,09:17,random,1,1,7,7,585.6921,1
9066,1,02/14/23,09:17,random,1,1,8,8,442.799,1
9066,1,02/14/23,09:17,random,1,1,9,9,376.8534,1
9066,1,02/14/23,09:17,random,1,1,10,10,433.6965,1
9066,1,02/14/23,09:17,random,2,1,11,1,406.6529,1
9066,1,02/14/23,09:17,random,2,1,12,2,443.2276,1
9066,1,02/14/23,09:17,random,2,1,13,3,372.2901,1
9066,1,02/14/23,09:17,random,2,1,14,4,396.5963,1
9066,1,02/14/23,09:17,random,2,1,15,5,358.5508,1
9066,1,02/14/23,09:17,random,2,1,16,6,342.9061,1
9066,1,02/14/23,09:17,random,2,1,17,7,387.9525,1
9066,1,02/14/23,09:17,random,2,1,18,8,418.0098,1
9066,1,02/14/23,09:17,random,2,1,19,9,397.0528,1
9066,1,02/14/23,09:17,random,2,1,20,10,363.6197,1
9066,1,02/14/23,09:17,random,3,1,21,1,506.1609,1
9066,1,02/14/23,09:17,random,3,1,22,2,342.1168,1
9066,1,02/14/23,09:17,random,3,1,23,3,412.1606,1
9066,1,02/14/23,09:17,random,3,1,24,4,382.8019,1
9066,1,02/14/23,09:17,random,3,1,25,5,384.0934,1
9066,1,02/14/23,09:17,random,3,1,26,6,344.3898,1
9066,1,02/14/23,09:17,random,3,1,27,7,426.5447,1
9066,1,02/14/23,09:17,random,3,1,28,8,346.852,1
9066,1,02/14/23,09:17,random,3,1,29,9,389.442,1
9066,1,02/14/23,09:17,random,3,1,30,10,383.6572,1
9066,1,02/14/23,09:17,random,4,1,31,1,328.8894,1
9066,1,02/14/23,09:17,random,4,1,32,2,343.2666,1
9066,1,02/14/23,09:17,random,4,1,33,3,373.2783,1
9066,1,02/14/23,09:17,random,4,1,34,4,314.782,1
9066,1,02/14/23,09:17,random,4,1,35,5,372.4207,1
9066,1,02/14/23,09:17,random,4,1,36,6,355.7939,1
9066,1,02/14/23,09:17,random,4,1,37,7,362.1785,0
9066,1,02/14/23,09:17,random,4,1,38,8,2.94400000002,0
9066,1,02/14/23,09:17,random,4,1,39,9,374.9736,1
9066,1,02/14/23,09:17,random,4,1,40,10,458.0161,1
9066,1,02/14/23,09:17,random,5,1,41,1,368.9479,1
9066,1,02/14/23,09:17,random,5,1,42,2,369.2115,1
9066,1,02/14/23,09:17,random,5,1,43,3,394.4182,1
9066,1,02/14/23,09:17,random,5,1,44,4,360.7667,1
9066,1,02/14/23,09:17,random,5,1,45,5,385.9769,1
9066,1,02/14/23,09:17,random,5,1,46,6,386.1005,1
9066,1,02/14/23,09:17,random,5,1,47,7,459.3215,1
9066,1,02/14/23,09:17,random,5,1,48,8,408.4134,1
9066,1,02/14/23,09:17,random,5,1,49,9,580.9231,1
9066,1,02/14/23,09:17,random,5,1,50,10,457.7347,1
9067,1,02/14/23,09:19,practice,0,1,1,1,3285.8912,1
9067,1,02/14/23,09:19,practice,0,1,2,2,357.3297,1
9067,1,02/14/23,09:19,practice,0,1,3,3,469.297,1
9067,1,02/14/23,09:19,practice,0,1,4,4,309.2604,1
9067,1,02/14/23,09:19,practice,0,1,5,5,342.0606,1
9067,1,02/14/23,09:19,practice,0,1,6,6,332.8206,1
9067,1,02/14/23,09:19,practice,0,1,7,7,334.2913,1
9067,1,02/14/23,09:19,practice,0,1,8,8,301.3681,1
9067,1,02/14/23,09:19,random,1,1,1,1,402.7589,1
9067,1,02/14/23,09:19,random,1,1,2,2,387.6838,1
9067,1,02/14/23,09:19,random,1,1,3,3,405.236,1
9067,1,02/14/23,09:19,random,1,1,4,4,368.7457,1
9067,1,02/14/23,09:19,random,1,1,5,5,373.4029,1
9067,1,02/14/23,09:19,random,1,1,6,6,367.3011,1
9067,1,02/14/23,09:19,random,1,1,7,7,365.1218,1
9067,1,02/14/23,09:19,random,1,1,8,8,367.8906,1
9067,1,02/14/23,09:19,random,1,1,9,9,328.8778,1
9067,1,02/14/23,09:19,random,1,1,10,10,332.582,1
9067,1,02/14/23,09:19,random,2,1,11,1,459.5667,1
9067,1,02/14/23,09:19,random,2,1,12,2,401.1703,1
9067,1,02/14/23,09:19,random,2,1,13,3,331.1866,1
9067,1,02/14/23,09:19,random,2,1,14,4,335.5805,1
9067,1,02/14/23,09:19,random,2,1,15,5,440.0297,1
9067,1,02/14/23,09:19,random,2,1,16,6,370.2123,1
9067,1,02/14/23,09:19,random,2,1,17,7,447.5412,1
9067,1,02/14/23,09:19,random,2,1,18,8,332.0102,1
9067,1,02/14/23,09:19,random,2,1,19,9,348.4632,1
9067,1,02/14/23,09:19,random,2,1,20,10,337.1625,1
9067,1,02/14/23,09:19,random,3,1,21,1,302.436,1
9067,1,02/14/23,09:19,random,3,1,22,2,438.2389,1
9067,1,02/14/23,09:19,random,3,1,23,3,336.9665,1
9067,1,02/14/23,09:19,random,3,1,24,4,331.9706,1
9067,1,02/14/23,09:19,random,3,1,25,5,317.0221,1
9067,1,02/14/23,09:19,random,3,1,26,6,363.9136,1
9067,1,02/14/23,09:19,random,3,1,27,7,352.639,1
9067,1,02/14/23,09:19,random,3,1,28,8,480.3555,1
9067,1,02/14/23,09:19,random,3,1,29,9,345.4053,1
9067,1,02/14/23,09:19,random,3,1,30,10,337.0673,1
9067,1,02/14/23,09:19,random,4,1,31,1,338.9511,1
9067,1,02/14/23,09:19,random,4,1,32,2,394.0489,1
9067,1,02/14/23,09:19,random,4,1,33,3,331.8979,1
9067,1,02/14/23,09:19,random,4,1,34,4,345.4998,1
9067,1,02/14/23,09:19,random,4,1,35,5,353.2423,1
9067,1,02/14/23,09:19,random,4,1,36,6,345.7048,1
9067,1,02/14/23,09:19,random,4,1,37,7,361.436,1
9067,1,02/14/23,09:19,random,4,1,38,8,459.7246,1
9067,1,02/14/23,09:19,random,4,1,39,9,320.1334,1
9067,1,02/14/23,09:19,random,4,1,40,10,295.1247,1
9067,1,02/14/23,09:19,random,5,1,41,1,313.6133,1
9067,1,02/14/23,09:19,random,5,1,42,2,296.2462,1
9067,1,02/14/23,09:19,random,5,1,43,3,286.9331,1
9067,1,02/14/23,09:19,random,5,1,44,4,308.7939,1
9067,1,02/14/23,09:19,random,5,1,45,5,348.7537,1
9067,1,02/14/23,09:19,random,5,1,46,6,352.7155,1
9067,1,02/14/23,09:19,random,5,1,47,7,334.3224,1
9067,1,02/14/23,09:19,random,5,1,48,8,306.9356,1
9067,1,02/14/23,09:19,random,5,1,49,9,322.226,1
9067,1,02/14/23,09:19,random,5,1,50,10,340.8603,1
9068,1,02/14/23,12:23,practice,0,1,1,1,715.439,1
9068,1,02/14/23,12:23,practice,0,1,2,2,558.9009,1
9068,1,02/14/23,12:23,practice,0,1,3,3,478.3719,1
9068,1,02/14/23,12:23,practice,0,1,4,4,599.2706,1
9068,1,02/14/23,12:23,practice,0,1,5,5,697.1783,1
9068,1,02/14/23,12:23,practice,0,1,6,6,608.2147,1
9068,1,02/14/23,12:23,practice,0,1,7,7,495.8435,1
9068,1,02/14/23,12:23,practice,0,1,8,8,604.8543,1
9068,1,02/14/23,12:23,random,1,1,1,1,509.0627,1
9068,1,02/14/23,12:23,random,1,1,2,2,340.2368,1
9068,1,02/14/23,12:23,random,1,1,3,3,440.5261,1
9068,1,02/14/23,12:23,random,1,1,4,4,349.0249,1
9068,1,02/14/23,12:23,random,1,1,5,5,359.0159,1
9068,1,02/14/23,12:23,random,1,1,6,6,362.9593,0
9068,1,02/14/23,12:23,random,1,1,7,7,6.85699999999,1
9068,1,02/14/23,12:23,random,1,1,8,8,497.0828,1
9068,1,02/14/23,12:23,random,1,1,9,9,498.5928,1
9068,1,02/14/23,12:23,random,1,1,10,10,620.242,1
9068,1,02/14/23,12:23,random,2,1,11,1,341.3503,1
9068,1,02/14/23,12:23,random,2,1,12,2,422.3967,1
9068,1,02/14/23,12:23,random,2,1,13,3,428.96,1
9068,1,02/14/23,12:23,random,2,1,14,4,432.8179,1
9068,1,02/14/23,12:23,random,2,1,15,5,339.9233,1
9068,1,02/14/23,12:23,random,2,1,16,6,400.6015,1
9068,1,02/14/23,12:23,random,2,1,17,7,451.0737,1
9068,1,02/14/23,12:23,random,2,1,18,8,366.7011,1
9068,1,02/14/23,12:23,random,2,1,19,9,533.9896,1
9068,1,02/14/23,12:23,random,2,1,20,10,415.1144,1
9068,1,02/14/23,12:23,random,3,1,21,1,446.8284,1
9068,1,02/14/23,12:23,random,3,1,22,2,628.4155,1
9068,1,02/14/23,12:23,random,3,1,23,3,353.3635,1
9068,1,02/14/23,12:23,random,3,1,24,4,478.0644,1
9068,1,02/14/23,12:23,random,3,1,25,5,326.3418,1
9068,1,02/14/23,12:23,random,3,1,26,6,355.8447,1
9068,1,02/14/23,12:23,random,3,1,27,7,361.8583,1
9068,1,02/14/23,12:23,random,3,1,28,8,352.4619,1
9068,1,02/14/23,12:23,random,3,1,29,9,403.7918,0
9068,1,02/14/23,12:23,random,3,1,30,10,3.30499999999,1
9068,1,02/14/23,12:23,random,4,1,31,1,419.5146,0
9068,1,02/14/23,12:23,random,4,1,32,2,8.91019999998,0
9068,1,02/14/23,12:23,random,4,1,33,3,336.852,1
9068,1,02/14/23,12:23,random,4,1,34,4,432.9048,0
9068,1,02/14/23,12:23,random,4,1,35,5,3.7513,0
9068,1,02/14/23,12:23,random,4,1,36,6,541.1539,1
9068,1,02/14/23,12:23,random,4,1,37,7,580.1809,1
9068,1,02/14/23,12:23,random,4,1,38,8,448.0975,1
9068,1,02/14/23,12:23,random,4,1,39,9,1184.4554,1
9068,1,02/14/23,12:23,random,4,1,40,10,1099.4834,1
9068,1,02/14/23,12:23,random,5,1,41,1,444.925,1
9068,1,02/14/23,12:23,random,5,1,42,2,580.9154,1
9068,1,02/14/23,12:23,random,5,1,43,3,495.8853,1
9068,1,02/14/23,12:23,random,5,1,44,4,609.6718,1
9068,1,02/14/23,12:23,random,5,1,45,5,617.4038,0
9068,1,02/14/23,12:23,random,5,1,46,6,559.2307,1
9068,1,02/14/23,12:23,random,5,1,47,7,578.4473,1
9068,1,02/14/23,12:23,random,5,1,48,8,426.631,1
9068,1,02/14/23,12:23,random,5,1,49,9,731.9134,1
9068,1,02/14/23,12:23,random,5,1,50,10,483.233,1
9069,1,02/14/23,12:24,practice,0,1,1,1,1096.6911,1
9069,1,02/14/23,12:24,practice,0,1,2,2,1137.2749,1
9069,1,02/14/23,12:24,practice,0,1,3,3,1083.0432,1
9069,1,02/14/23,12:24,practice,0,1,4,4,915.6493,1
9069,1,02/14/23,12:24,practice,0,1,5,5,476.9695,1
9069,1,02/14/23,12:24,practice,0,1,6,6,593.1365,1
9069,1,02/14/23,12:24,practice,0,1,7,7,694.0148,1
9069,1,02/14/23,12:24,practice,0,1,8,8,540.173,1
9069,1,02/14/23,12:24,random,1,1,1,1,683.6557,1
9069,1,02/14/23,12:24,random,1,1,2,2,957.0543,1
9069,1,02/14/23,12:24,random,1,1,3,3,746.94,1
9069,1,02/14/23,12:24,random,1,1,4,4,715.997,1
9069,1,02/14/23,12:24,random,1,1,5,5,541.493,1
9069,1,02/14/23,12:24,random,1,1,6,6,812.5196,1
9069,1,02/14/23,12:24,random,1,1,7,7,563.5358,1
9069,1,02/14/23,12:24,random,1,1,8,8,569.3676,1
9069,1,02/14/23,12:24,random,1,1,9,9,576.4067,1
9069,1,02/14/23,12:24,random,1,1,10,10,470.5222,1
9069,1,02/14/23,12:24,random,2,1,11,1,634.6275,1
9069,1,02/14/23,12:24,random,2,1,12,2,502.3438,1
9069,1,02/14/23,12:24,random,2,1,13,3,456.5003,1
9069,1,02/14/23,12:24,random,2,1,14,4,879.6115,1
9069,1,02/14/23,12:24,random,2,1,15,5,703.1622,1
9069,1,02/14/23,12:24,random,2,1,16,6,1017.719,1
9069,1,02/14/23,12:24,random,2,1,17,7,997.8133,1
9069,1,02/14/23,12:24,random,2,1,18,8,327.6559,1
9069,1,02/14/23,12:24,random,2,1,19,9,396.3302,1
9069,1,02/14/23,12:24,random,2,1,20,10,672.8169,1
9069,1,02/14/23,12:24,random,3,1,21,1,356.8582,1
9069,1,02/14/23,12:24,random,3,1,22,2,474.2894,1
9069,1,02/14/23,12:24,random,3,1,23,3,511.0294,1
9069,1,02/14/23,12:24,random,3,1,24,4,361.2381,1
9069,1,02/14/23,12:24,random,3,1,25,5,486.3998,1
9069,1,02/14/23,12:24,random,3,1,26,6,633.6732,1
9069,1,02/14/23,12:24,random,3,1,27,7,534.3167,1
9069,1,02/14/23,12:24,random,3,1,28,8,565.0507,1
9069,1,02/14/23,12:24,random,3,1,29,9,641.1069,1
9069,1,02/14/23,12:24,random,3,1,30,10,735.09,1
9069,1,02/14/23,12:24,random,4,1,31,1,517.7536,1
9069,1,02/14/23,12:24,random,4,1,32,2,464.3216,1
9069,1,02/14/23,12:24,random,4,1,33,3,698.6819,1
9069,1,02/14/23,12:24,random,4,1,34,4,433.2349,1
9069,1,02/14/23,12:24,random,4,1,35,5,511.7233,1
9069,1,02/14/23,12:24,random,4,1,36,6,972.0503,1
9069,1,02/14/23,12:24,random,4,1,37,7,588.5059,1
9069,1,02/14/23,12:24,random,4,1,38,8,596.8747,1
9069,1,02/14/23,12:24,random,4,1,39,9,518.3208,1
9069,1,02/14/23,12:24,random,4,1,40,10,470.0728,0
9069,1,02/14/23,12:24,random,5,1,41,1,489.536,1
9069,1,02/14/23,12:24,random,5,1,42,2,573.6327,1
9069,1,02/14/23,12:24,random,5,1,43,3,700.0835,1
9069,1,02/14/23,12:24,random,5,1,44,4,660.8331,1
9069,1,02/14/23,12:24,random,5,1,45,5,661.2558,1
9069,1,02/14/23,12:24,random,5,1,46,6,619.1795,1
9069,1,02/14/23,12:24,random,5,1,47,7,479.4707,1
9069,1,02/14/23,12:24,random,5,1,48,8,718.4215,1
9069,1,02/14/23,12:24,random,5,1,49,9,900.3092,1
9069,1,02/14/23,12:24,random,5,1,50,10,614.6169,1
9070,1,02/14/23,12:25,practice,0,1,1,1,622.0409,1
9070,1,02/14/23,12:25,practice,0,1,2,2,390.8774,1
9070,1,02/14/23,12:25,practice,0,1,3,3,422.6674,1
9070,1,02/14/23,12:25,practice,0,1,4,4,444.4929,1
9070,1,02/14/23,12:25,practice,0,1,5,5,518.5383,1
9070,1,02/14/23,12:25,practice,0,1,6,6,477.6814,1
9070,1,02/14/23,12:25,practice,0,1,7,7,327.3629,1
9070,1,02/14/23,12:25,practice,0,1,8,8,413.1686,1
9070,1,02/14/23,12:25,random,1,1,1,1,402.4903,1
9070,1,02/14/23,12:25,random,1,1,2,2,376.9776,1
9070,1,02/14/23,12:25,random,1,1,3,3,344.542,1
9070,1,02/14/23,12:25,random,1,1,4,4,431.0094,0
9070,1,02/14/23,12:25,random,1,1,5,5,551.0446,1
9070,1,02/14/23,12:25,random,1,1,6,6,534.2527,1
9070,1,02/14/23,12:25,random,1,1,7,7,501.6808,1
9070,1,02/14/23,12:25,random,1,1,8,8,392.2336,1
9070,1,02/14/23,12:25,random,1,1,9,9,505.4586,1
9070,1,02/14/23,12:25,random,1,1,10,10,532.7582,1
9070,1,02/14/23,12:25,random,2,1,11,1,579.6255,1
9070,1,02/14/23,12:25,random,2,1,12,2,614.0944,1
9070,1,02/14/23,12:25,random,2,1,13,3,463.3282,0
9070,1,02/14/23,12:25,random,2,1,14,4,511.749,1
9070,1,02/14/23,12:25,random,2,1,15,5,599.5839,1
9070,1,02/14/23,12:25,random,2,1,16,6,556.8109,1
9070,1,02/14/23,12:25,random,2,1,17,7,469.3923,1
9070,1,02/14/23,12:25,random,2,1,18,8,575.0964,1
9070,1,02/14/23,12:25,random,2,1,19,9,619.496,1
9070,1,02/14/23,12:25,random,2,1,20,10,483.9154,1
9070,1,02/14/23,12:25,random,3,1,21,1,490.2542,1
9070,1,02/14/23,12:25,random,3,1,22,2,645.1896,1
9070,1,02/14/23,12:25,random,3,1,23,3,609.6521,1
9070,1,02/14/23,12:25,random,3,1,24,4,864.5819,1
9070,1,02/14/23,12:25,random,3,1,25,5,622.6246,1
9070,1,02/14/23,12:25,random,3,1,26,6,617.8772,1
9070,1,02/14/23,12:25,random,3,1,27,7,739.7824,1
9070,1,02/14/23,12:25,random,3,1,28,8,949.5939,1
9070,1,02/14/23,12:25,random,3,1,29,9,570.6431,1
9070,1,02/14/23,12:25,random,3,1,30,10,633.7997,1
9070,1,02/14/23,12:25,random,4,1,31,1,794.9323,1
9070,1,02/14/23,12:25,random,4,1,32,2,656.0944,1
9070,1,02/14/23,12:25,random,4,1,33,3,601.9313,1
9070,1,02/14/23,12:25,random,4,1,34,4,472.9753,1
9070,1,02/14/23,12:25,random,4,1,35,5,768.678,1
9070,1,02/14/23,12:25,random,4,1,36,6,617.8859,1
9070,1,02/14/23,12:25,random,4,1,37,7,882.6579,1
9070,1,02/14/23,12:25,random,4,1,38,8,724.5399,1
9070,1,02/14/23,12:25,random,4,1,39,9,791.144,1
9070,1,02/14/23,12:25,random,4,1,40,10,624.6975,1
9070,1,02/14/23,12:25,random,5,1,41,1,759.3965,1
9070,1,02/14/23,12:25,random,5,1,42,2,1149.9927,1
9070,1,02/14/23,12:25,random,5,1,43,3,711.5339,1
9070,1,02/14/23,12:25,random,5,1,44,4,604.407,1
9070,1,02/14/23,12:25,random,5,1,45,5,475.8155,1
9070,1,02/14/23,12:25,random,5,1,46,6,565.9358,1
9070,1,02/14/23,12:25,random,5,1,47,7,552.3189,1
9070,1,02/14/23,12:25,random,5,1,48,8,689.0106,1
9070,1,02/14/23,12:25,random,5,1,49,9,533.4685,1
9070,1,02/14/23,12:25,random,5,1,50,10,414.2037,1
9071,1,02/21/23,15:42,practice,0,1,1,1,3760.7808,1
9071,1,02/21/23,15:42,practice,0,1,2,2,429.6789,1
9071,1,02/21/23,15:42,practice,0,1,3,3,379.9475,1
9071,1,02/21/23,15:42,practice,0,1,4,4,310.9951,1
9071,1,02/21/23,15:42,practice,0,1,5,5,352.3393,1
9071,1,02/21/23,15:42,practice,0,1,6,6,318.6787,1
9071,1,02/21/23,15:42,practice,0,1,7,7,503.4938,1
9071,1,02/21/23,15:42,practice,0,1,8,8,460.3836,1
9071,1,02/21/23,15:42,random,1,1,1,1,418.548,1
9071,1,02/21/23,15:42,random,1,1,2,2,332.2429,1
9071,1,02/21/23,15:42,random,1,1,3,3,405.5641,1
9071,1,02/21/23,15:42,random,1,1,4,4,370.7161,1
9071,1,02/21/23,15:42,random,1,1,5,5,306.5122,1
9071,1,02/21/23,15:42,random,1,1,6,6,330.128,1
9071,1,02/21/23,15:42,random,1,1,7,7,389.4027,1
9071,1,02/21/23,15:42,random,1,1,8,8,314.7863,1
9071,1,02/21/23,15:42,random,1,1,9,9,306.3154,1
9071,1,02/21/23,15:42,random,1,1,10,10,303.0265,1
9071,1,02/21/23,15:42,random,2,1,11,1,327.8882,1
9071,1,02/21/23,15:42,random,2,1,12,2,291.4969,0
9071,1,02/21/23,15:42,random,2,1,13,3,386.4522,1
9071,1,02/21/23,15:42,random,2,1,14,4,349.2688,0
9071,1,02/21/23,15:42,random,2,1,15,5,542.4244,1
9071,1,02/21/23,15:42,random,2,1,16,6,326.5033,1
9071,1,02/21/23,15:42,random,2,1,17,7,344.6846,1
9071,1,02/21/23,15:42,random,2,1,18,8,321.7579,0
9071,1,02/21/23,15:42,random,2,1,19,9,513.7827,1
9071,1,02/21/23,15:42,random,2,1,20,10,340.3041,1
9071,1,02/21/23,15:42,random,3,1,21,1,396.5323,1
9071,1,02/21/23,15:42,random,3,1,22,2,396.0102,1
9071,1,02/21/23,15:42,random,3,1,23,3,585.971,1
9071,1,02/21/23,15:42,random,3,1,24,4,499.6033,1
9071,1,02/21/23,15:42,random,3,1,25,5,297.7876,1
9071,1,02/21/23,15:42,random,3,1,26,6,370.3309,1
9071,1,02/21/23,15:42,random,3,1,27,7,317.0368,1
9071,1,02/21/23,15:42,random,3,1,28,8,344.427,0
9071,1,02/21/23,15:42,random,3,1,29,9,339.1507,1
9071,1,02/21/23,15:42,random,3,1,30,10,296.858,1
9071,1,02/21/23,15:42,random,4,1,31,1,329.6606,1
9071,1,02/21/23,15:42,random,4,1,32,2,359.8905,1
9071,1,02/21/23,15:42,random,4,1,33,3,337.993,1
9071,1,02/21/23,15:42,random,4,1,34,4,427.7503,1
9071,1,02/21/23,15:42,random,4,1,35,5,326.096,1
9071,1,02/21/23,15:42,random,4,1,36,6,324.2495,1
9071,1,02/21/23,15:42,random,4,1,37,7,325.6108,1
9071,1,02/21/23,15:42,random,4,1,38,8,420.4581,1
9071,1,02/21/23,15:42,random,4,1,39,9,422.8747,1
9071,1,02/21/23,15:42,random,4,1,40,10,323.5878,1
9071,1,02/21/23,15:42,random,5,1,41,1,329.8007,1
9071,1,02/21/23,15:42,random,5,1,42,2,377.4175,1
9071,1,02/21/23,15:42,random,5,1,43,3,424.3766,1
9071,1,02/21/23,15:42,random,5,1,44,4,455.8654,1
9071,1,02/21/23,15:42,random,5,1,45,5,310.3206,1
9071,1,02/21/23,15:42,random,5,1,46,6,340.1968,1
9071,1,02/21/23,15:42,random,5,1,47,7,383.1812,0
9071,1,02/21/23,15:42,random,5,1,48,8,379.8569,1
9071,1,02/21/23,15:42,random,5,1,49,9,350.5021,1
9071,1,02/21/23,15:42,random,5,1,50,10,526.5297,1
9072,1,02/14/23,15:35,practice,0,1,1,1,677.1992,1
9072,1,02/14/23,15:35,practice,0,1,2,2,619.0047,1
9072,1,02/14/23,15:35,practice,0,1,3,3,764.6432,1
9072,1,02/14/23,15:35,practice,0,1,4,4,361.3821,1
9072,1,02/14/23,15:35,practice,0,1,5,5,585.4117,1
9072,1,02/14/23,15:35,practice,0,1,6,6,451.5252,1
9072,1,02/14/23,15:35,practice,0,1,7,7,562.3553,1
9072,1,02/14/23,15:35,practice,0,1,8,8,523.1073,1
9072,1,02/14/23,15:35,random,1,1,1,1,444.6892,1
9072,1,02/14/23,15:35,random,1,1,2,2,428.9055,1
9072,1,02/14/23,15:35,random,1,1,3,3,716.6071,1
9072,1,02/14/23,15:35,random,1,1,4,4,588.8725,1
9072,1,02/14/23,15:35,random,1,1,5,5,471.7074,1
9072,1,02/14/23,15:35,random,1,1,6,6,537.7983,1
9072,1,02/14/23,15:35,random,1,1,7,7,624.3899,1
9072,1,02/14/23,15:35,random,1,1,8,8,456.7547,1
9072,1,02/14/23,15:35,random,1,1,9,9,500.8429,1
9072,1,02/14/23,15:35,random,1,1,10,10,623.0447,1
9072,1,02/14/23,15:35,random,2,1,11,1,487.4583,1
9072,1,02/14/23,15:35,random,2,1,12,2,678.7212,1
9072,1,02/14/23,15:35,random,2,1,13,3,560.6716,1
9072,1,02/14/23,15:35,random,2,1,14,4,548.1695,1
9072,1,02/14/23,15:35,random,2,1,15,5,615.7329,1
9072,1,02/14/23,15:35,random,2,1,16,6,529.4569,1
9072,1,02/14/23,15:35,random,2,1,17,7,487.1885,1
9072,1,02/14/23,15:35,random,2,1,18,8,532.5694,1
9072,1,02/14/23,15:35,random,2,1,19,9,546.3684,1
9072,1,02/14/23,15:35,random,2,1,20,10,472.521,1
9072,1,02/14/23,15:35,random,3,1,21,1,373.926,1
9072,1,02/14/23,15:35,random,3,1,22,2,517.7195,1
9072,1,02/14/23,15:35,random,3,1,23,3,455.4657,1
9072,1,02/14/23,15:35,random,3,1,24,4,511.9494,1
9072,1,02/14/23,15:35,random,3,1,25,5,858.0714,1
9072,1,02/14/23,15:35,random,3,1,26,6,525.7892,1
9072,1,02/14/23,15:35,random,3,1,27,7,434.9093,1
9072,1,02/14/23,15:35,random,3,1,28,8,617.1082,1
9072,1,02/14/23,15:35,random,3,1,29,9,640.8332,1
9072,1,02/14/23,15:35,random,3,1,30,10,955.2363,1
9072,1,02/14/23,15:35,random,4,1,31,1,430.1447,1
9072,1,02/14/23,15:35,random,4,1,32,2,743.2744,1
9072,1,02/14/23,15:35,random,4,1,33,3,495.3107,1
9072,1,02/14/23,15:35,random,4,1,34,4,438.4709,1
9072,1,02/14/23,15:35,random,4,1,35,5,546.1947,1
9072,1,02/14/23,15:35,random,4,1,36,6,592.152,1
9072,1,02/14/23,15:35,random,4,1,37,7,429.3176,1
9072,1,02/14/23,15:35,random,4,1,38,8,446.9135,1
9072,1,02/14/23,15:35,random,4,1,39,9,465.2378,1
9072,1,02/14/23,15:35,random,4,1,40,10,537.6073,1
9072,1,02/14/23,15:35,random,5,1,41,1,408.0887,1
9072,1,02/14/23,15:35,random,5,1,42,2,362.4678,1
9072,1,02/14/23,15:35,random,5,1,43,3,467.3846,1
9072,1,02/14/23,15:35,random,5,1,44,4,548.6281,1
9072,1,02/14/23,15:35,random,5,1,45,5,427.8237,1
9072,1,02/14/23,15:35,random,5,1,46,6,526.2582,1
9072,1,02/14/23,15:35,random,5,1,47,7,1111.3148,1
9072,1,02/14/23,15:35,random,5,1,48,8,542.9841,1
9072,1,02/14/23,15:35,random,5,1,49,9,605.5614,1
9072,1,02/14/23,15:35,random,5,1,50,10,547.6771,1
9073,1,02/14/23,15:37,practice,0,1,1,1,2197.5518,1
9073,1,02/14/23,15:37,practice,0,1,2,2,1782.5923,1
9073,1,02/14/23,15:37,practice,0,1,3,3,1046.8578,1
9073,1,02/14/23,15:37,practice,0,1,4,4,2310.8451,1
9073,1,02/14/23,15:37,practice,0,1,5,5,686.396,1
9073,1,02/14/23,15:37,practice,0,1,6,6,5293.0132,1
9073,1,02/14/23,15:37,practice,0,1,7,7,1117.8232,1
9073,1,02/14/23,15:37,practice,0,1,8,8,567.6059,1
9073,1,02/14/23,15:37,random,1,1,1,1,1617.7573,1
9073,1,02/14/23,15:37,random,1,1,2,2,1888.9127,1
9073,1,02/14/23,15:37,random,1,1,3,3,934.0938,1
9073,1,02/14/23,15:37,random,1,1,4,4,1052.6064,1
9073,1,02/14/23,15:37,random,1,1,5,5,827.8735,1
9073,1,02/14/23,15:37,random,1,1,6,6,1254.4445,1
9073,1,02/14/23,15:37,random,1,1,7,7,673.2395,1
9073,1,02/14/23,15:37,random,1,1,8,8,955.4098,1
9073,1,02/14/23,15:37,random,1,1,9,9,699.533,1
9073,1,02/14/23,15:37,random,1,1,10,10,1083.5281,1
9073,1,02/14/23,15:37,random,2,1,11,1,1133.9184,1
9073,1,02/14/23,15:37,random,2,1,12,2,949.2832,1
9073,1,02/14/23,15:37,random,2,1,13,3,1247.1047,1
9073,1,02/14/23,15:37,random,2,1,14,4,878.0573,1
9073,1,02/14/23,15:37,random,2,1,15,5,547.1903,1
9073,1,02/14/23,15:37,random,2,1,16,6,713.9394,1
9073,1,02/14/23,15:37,random,2,1,17,7,2329.9495,1
9073,1,02/14/23,15:37,random,2,1,18,8,1279.9357,1
9073,1,02/14/23,15:37,random,2,1,19,9,1107.066,1
9073,1,02/14/23,15:37,random,2,1,20,10,937.2819,1
9073,1,02/14/23,15:37,random,3,1,21,1,969.5935,1
9073,1,02/14/23,15:37,random,3,1,22,2,677.5125,1
9073,1,02/14/23,15:37,random,3,1,23,3,632.5627,1
9073,1,02/14/23,15:37,random,3,1,24,4,1036.912,1
9073,1,02/14/23,15:37,random,3,1,25,5,596.4332,1
9073,1,02/14/23,15:37,random,3,1,26,6,1058.4859,1
9073,1,02/14/23,15:37,random,3,1,27,7,698.651,1
9073,1,02/14/23,15:37,random,3,1,28,8,649.6587,1
9073,1,02/14/23,15:37,random,3,1,29,9,1041.3245,1
9073,1,02/14/23,15:37,random,3,1,30,10,790.0303,1
9073,1,02/14/23,15:37,random,4,1,31,1,777.1972,1
9073,1,02/14/23,15:37,random,4,1,32,2,682.5692,1
9073,1,02/14/23,15:37,random,4,1,33,3,778.2243,1
9073,1,02/14/23,15:37,random,4,1,34,4,847.1828,1
9073,1,02/14/23,15:37,random,4,1,35,5,662.7343,1
9073,1,02/14/23,15:37,random,4,1,36,6,840.0881,1
9073,1,02/14/23,15:37,random,4,1,37,7,856.1702,1
9073,1,02/14/23,15:37,random,4,1,38,8,1023.3243,1
9073,1,02/14/23,15:37,random,4,1,39,9,823.8057,1
9073,1,02/14/23,15:37,random,4,1,40,10,812.5983,1
9073,1,02/14/23,15:37,random,5,1,41,1,561.3999,1
9073,1,02/14/23,15:37,random,5,1,42,2,1086.8673,1
9073,1,02/14/23,15:37,random,5,1,43,3,1581.77,1
9073,1,02/14/23,15:37,random,5,1,44,4,1088.8382,1
9073,1,02/14/23,15:37,random,5,1,45,5,775.6981,1
9073,1,02/14/23,15:37,random,5,1,46,6,635.8481,1
9073,1,02/14/23,15:37,random,5,1,47,7,1199.4528,1
9073,1,02/14/23,15:37,random,5,1,48,8,743.0539,1
9073,1,02/14/23,15:37,random,5,1,49,9,813.13,1
9073,1,02/14/23,15:37,random,5,1,50,10,924.7183,1
9074,1,02/15/23,09:17,practice,0,1,1,1,1748.7451,1
9074,1,02/15/23,09:17,practice,0,1,2,2,367.965,1
9074,1,02/15/23,09:17,practice,0,1,3,3,299.374,1
9074,1,02/15/23,09:17,practice,0,1,4,4,397.1315,1
9074,1,02/15/23,09:17,practice,0,1,5,5,373.4822,1
9074,1,02/15/23,09:17,practice,0,1,6,6,437.8655,1
9074,1,02/15/23,09:17,practice,0,1,7,7,412.6485,1
9074,1,02/15/23,09:17,practice,0,1,8,8,508.7337,1
9074,1,02/15/23,09:17,random,1,1,1,1,390.5604,1
9074,1,02/15/23,09:17,random,1,1,2,2,334.6924,1
9074,1,02/15/23,09:17,random,1,1,3,3,376.5327,1
9074,1,02/15/23,09:17,random,1,1,4,4,371.4128,1
9074,1,02/15/23,09:17,random,1,1,5,5,351.7408,1
9074,1,02/15/23,09:17,random,1,1,6,6,307.9422,1
9074,1,02/15/23,09:17,random,1,1,7,7,346.739,1
9074,1,02/15/23,09:17,random,1,1,8,8,323,1
9074,1,02/15/23,09:17,random,1,1,9,9,323.3204,1
9074,1,02/15/23,09:17,random,1,1,10,10,324.6909,1
9074,1,02/15/23,09:17,random,2,1,11,1,353.7386,0
9074,1,02/15/23,09:17,random,2,1,12,2,387.4544,1
9074,1,02/15/23,09:17,random,2,1,13,3,347.3965,1
9074,1,02/15/23,09:17,random,2,1,14,4,415.4168,1
9074,1,02/15/23,09:17,random,2,1,15,5,342.1206,1
9074,1,02/15/23,09:17,random,2,1,16,6,374.1782,1
9074,1,02/15/23,09:17,random,2,1,17,7,322.099,1
9074,1,02/15/23,09:17,random,2,1,18,8,369.4425,1
9074,1,02/15/23,09:17,random,2,1,19,9,2.7249,1
9074,1,02/15/23,09:17,random,2,1,20,10,336.0425,0
9074,1,02/15/23,09:17,random,3,1,21,1,12.4538,0
9074,1,02/15/23,09:17,random,3,1,22,2,408.4634,1
9074,1,02/15/23,09:17,random,3,1,23,3,557.3804,1
9074,1,02/15/23,09:17,random,3,1,24,4,407.8698,1
9074,1,02/15/23,09:17,random,3,1,25,5,287.6874,1
9074,1,02/15/23,09:17,random,3,1,26,6,313.8554,1
9074,1,02/15/23,09:17,random,3,1,27,7,294.54880000000003,1
9074,1,02/15/23,09:17,random,3,1,28,8,287.5206,1
9074,1,02/15/23,09:17,random,3,1,29,9,319.3527,1
9074,1,02/15/23,09:17,random,3,1,30,10,360.3456,1
9074,1,02/15/23,09:17,random,4,1,31,1,367.148,1
9074,1,02/15/23,09:17,random,4,1,32,2,340.7293,1
9074,1,02/15/23,09:17,random,4,1,33,3,420.8992,1
9074,1,02/15/23,09:17,random,4,1,34,4,382.4754,1
9074,1,02/15/23,09:17,random,4,1,35,5,349.2677,1
9074,1,02/15/23,09:17,random,4,1,36,6,367.5519,1
9074,1,02/15/23,09:17,random,4,1,37,7,359.1091,1
9074,1,02/15/23,09:17,random,4,1,38,8,332.1309,1
9074,1,02/15/23,09:17,random,4,1,39,9,287.3636,1
9074,1,02/15/23,09:17,random,4,1,40,10,330.9003,1
9074,1,02/15/23,09:17,random,5,1,41,1,338.0372,1
9074,1,02/15/23,09:17,random,5,1,42,2,305.1229,1
9074,1,02/15/23,09:17,random,5,1,43,3,309.1942,0
9074,1,02/15/23,09:17,random,5,1,44,4,374.6624,1
9074,1,02/15/23,09:17,random,5,1,45,5,347.1963,1
9074,1,02/15/23,09:17,random,5,1,46,6,264.4862,1
9074,1,02/15/23,09:17,random,5,1,47,7,323.5922,0
9074,1,02/15/23,09:17,random,5,1,48,8,333.524,1
9074,1,02/15/23,09:17,random,5,1,49,9,342.1905,1
9074,1,02/15/23,09:17,random,5,1,50,10,321.3513,1
9076,1,02/15/23,09:13,practice,0,1,1,1,2113.5426,1
9076,1,02/15/23,09:13,practice,0,1,2,2,1198.8199,1
9076,1,02/15/23,09:13,practice,0,1,3,3,1967.5256,1
9076,1,02/15/23,09:13,practice,0,1,4,4,1829.5454,1
9076,1,02/15/23,09:13,practice,0,1,5,5,843.8969,1
9076,1,02/15/23,09:13,practice,0,1,6,6,736.7711,1
9076,1,02/15/23,09:13,practice,0,1,7,7,615.0587,1
9076,1,02/15/23,09:13,practice,0,1,8,8,881.6459,1
9076,1,02/15/23,09:13,random,1,1,1,1,753.7306,1
9076,1,02/15/23,09:13,random,1,1,2,2,676.4799,1
9076,1,02/15/23,09:13,random,1,1,3,3,1204.6687,1
9076,1,02/15/23,09:13,random,1,1,4,4,620.4649,1
9076,1,02/15/23,09:13,random,1,1,5,5,680.8137,1
9076,1,02/15/23,09:13,random,1,1,6,6,806.4142,1
9076,1,02/15/23,09:13,random,1,1,7,7,640.4344,1
9076,1,02/15/23,09:13,random,1,1,8,8,729.0178,1
9076,1,02/15/23,09:13,random,1,1,9,9,1282.7098,1
9076,1,02/15/23,09:13,random,1,1,10,10,702.7282,1
9076,1,02/15/23,09:13,random,2,1,11,1,660.63,1
9076,1,02/15/23,09:13,random,2,1,12,2,923.1517,1
9076,1,02/15/23,09:13,random,2,1,13,3,686.6158,1
9076,1,02/15/23,09:13,random,2,1,14,4,1237.4026,1
9076,1,02/15/23,09:13,random,2,1,15,5,838.0519,1
9076,1,02/15/23,09:13,random,2,1,16,6,763.8687,1
9076,1,02/15/23,09:13,random,2,1,17,7,879.4533,1
9076,1,02/15/23,09:13,random,2,1,18,8,740.6897,1
9076,1,02/15/23,09:13,random,2,1,19,9,1326.6268,1
9076,1,02/15/23,09:13,random,2,1,20,10,797.0178,1
9076,1,02/15/23,09:13,random,3,1,21,1,1057.4049,1
9076,1,02/15/23,09:13,random,3,1,22,2,811.1378,1
9076,1,02/15/23,09:13,random,3,1,23,3,613.0085,1
9076,1,02/15/23,09:13,random,3,1,24,4,721.5561,1
9076,1,02/15/23,09:13,random,3,1,25,5,635.4902,1
9076,1,02/15/23,09:13,random,3,1,26,6,774.4988,1
9076,1,02/15/23,09:13,random,3,1,27,7,666.3409,1
9076,1,02/15/23,09:13,random,3,1,28,8,580.4993,1
9076,1,02/15/23,09:13,random,3,1,29,9,2.57210000002,0
9076,1,02/15/23,09:13,random,3,1,30,10,696.1656,1
9076,1,02/15/23,09:13,random,4,1,31,1,576.1557,1
9076,1,02/15/23,09:13,random,4,1,32,2,1159.3847,1
9076,1,02/15/23,09:13,random,4,1,33,3,762.6353,1
9076,1,02/15/23,09:13,random,4,1,34,4,1457.4885,1
9076,1,02/15/23,09:13,random,4,1,35,5,1563.558,1
9076,1,02/15/23,09:13,random,4,1,36,6,965.8848,1
9076,1,02/15/23,09:13,random,4,1,37,7,1275.9608,1
9076,1,02/15/23,09:13,random,4,1,38,8,702.4315,1
9076,1,02/15/23,09:13,random,4,1,39,9,1346.0068,1
9076,1,02/15/23,09:13,random,4,1,40,10,988.4298,1
9076,1,02/15/23,09:13,random,5,1,41,1,1239.2552,1
9076,1,02/15/23,09:13,random,5,1,42,2,1147.0456,1
9076,1,02/15/23,09:13,random,5,1,43,3,907.8522,1
9076,1,02/15/23,09:13,random,5,1,44,4,1909.6809,1
9076,1,02/15/23,09:13,random,5,1,45,5,742.0615,1
9076,1,02/15/23,09:13,random,5,1,46,6,763.5617,1
9076,1,02/15/23,09:13,random,5,1,47,7,956.3224,1
9076,1,02/15/23,09:13,random,5,1,48,8,1409.0229,1
9076,1,02/15/23,09:13,random,5,1,49,9,2095.1371,1
9076,1,02/15/23,09:13,random,5,1,50,10,999.5892,1
9077,1,02/15/23,12:19,practice,0,1,1,1,5549.831,1
9077,1,02/15/23,12:19,practice,0,1,2,2,613.8553,1
9077,1,02/15/23,12:19,practice,0,1,3,3,396.8172,1
9077,1,02/15/23,12:19,practice,0,1,4,4,573.5779,1
9077,1,02/15/23,12:19,practice,0,1,5,5,645.4669,1
9077,1,02/15/23,12:19,practice,0,1,6,6,525.8067,1
9077,1,02/15/23,12:19,practice,0,1,7,7,327.6528,1
9077,1,02/15/23,12:19,practice,0,1,8,8,365.2419,1
9077,1,02/15/23,12:19,random,1,1,1,1,465.9548,1
9077,1,02/15/23,12:19,random,1,1,2,2,431.399,1
9077,1,02/15/23,12:19,random,1,1,3,3,557.3327,1
9077,1,02/15/23,12:19,random,1,1,4,4,640.9979,1
9077,1,02/15/23,12:19,random,1,1,5,5,409.8842,1
9077,1,02/15/23,12:19,random,1,1,6,6,424.3156,1
9077,1,02/15/23,12:19,random,1,1,7,7,573.1451,1
9077,1,02/15/23,12:19,random,1,1,8,8,470.0799,1
9077,1,02/15/23,12:19,random,1,1,9,9,491.0876,1
9077,1,02/15/23,12:19,random,1,1,10,10,496.4005,1
9077,1,02/15/23,12:19,random,2,1,11,1,327.3476,1
9077,1,02/15/23,12:19,random,2,1,12,2,352.571,1
9077,1,02/15/23,12:19,random,2,1,13,3,518.1926,1
9077,1,02/15/23,12:19,random,2,1,14,4,846.2638,1
9077,1,02/15/23,12:19,random,2,1,15,5,391.8292,1
9077,1,02/15/23,12:19,random,2,1,16,6,538.9021,1
9077,1,02/15/23,12:19,random,2,1,17,7,495.6852,1
9077,1,02/15/23,12:19,random,2,1,18,8,414.3477,1
9077,1,02/15/23,12:19,random,2,1,19,9,457.7345,0
9077,1,02/15/23,12:19,random,2,1,20,10,618.1403,1
9077,1,02/15/23,12:19,random,3,1,21,1,489.0275,1
9077,1,02/15/23,12:19,random,3,1,22,2,518.4845,1
9077,1,02/15/23,12:19,random,3,1,23,3,696.5611,1
9077,1,02/15/23,12:19,random,3,1,24,4,489.0794,1
9077,1,02/15/23,12:19,random,3,1,25,5,398.5502,1
9077,1,02/15/23,12:19,random,3,1,26,6,544.3782,1
9077,1,02/15/23,12:19,random,3,1,27,7,532.2825,1
9077,1,02/15/23,12:19,random,3,1,28,8,482.3629,1
9077,1,02/15/23,12:19,random,3,1,29,9,468.5348,1
9077,1,02/15/23,12:19,random,3,1,30,10,504.4023,1
9077,1,02/15/23,12:19,random,4,1,31,1,404.0271,1
9077,1,02/15/23,12:19,random,4,1,32,2,546.0705,1
9077,1,02/15/23,12:19,random,4,1,33,3,413.2426,1
9077,1,02/15/23,12:19,random,4,1,34,4,434.2287,1
9077,1,02/15/23,12:19,random,4,1,35,5,343.1966,1
9077,1,02/15/23,12:19,random,4,1,36,6,362.3591,1
9077,1,02/15/23,12:19,random,4,1,37,7,562.6849,1
9077,1,02/15/23,12:19,random,4,1,38,8,420.5658,1
9077,1,02/15/23,12:19,random,4,1,39,9,737.6697,1
9077,1,02/15/23,12:19,random,4,1,40,10,481.0202,1
9077,1,02/15/23,12:19,random,5,1,41,1,571.9413,1
9077,1,02/15/23,12:19,random,5,1,42,2,578.8839,1
9077,1,02/15/23,12:19,random,5,1,43,3,578.8522,1
9077,1,02/15/23,12:19,random,5,1,44,4,498.7432,1
9077,1,02/15/23,12:19,random,5,1,45,5,625.7129,1
9077,1,02/15/23,12:19,random,5,1,46,6,528.0018,1
9077,1,02/15/23,12:19,random,5,1,47,7,489.5503,1
9077,1,02/15/23,12:19,random,5,1,48,8,546.829,1
9077,1,02/15/23,12:19,random,5,1,49,9,454.0844,1
9077,1,02/15/23,12:19,random,5,1,50,10,520.3588,1
9078,1,02/15/23,12:12,practice,0,1,1,1,849.0514,1
9078,1,02/15/23,12:12,practice,0,1,2,2,493.9212,1
9078,1,02/15/23,12:12,practice,0,1,3,3,397.5045,1
9078,1,02/15/23,12:12,practice,0,1,4,4,475.5481,1
9078,1,02/15/23,12:12,practice,0,1,5,5,361.4361,1
9078,1,02/15/23,12:12,practice,0,1,6,6,392.7404,1
9078,1,02/15/23,12:12,practice,0,1,7,7,345.5801,1
9078,1,02/15/23,12:12,practice,0,1,8,8,489.3138,1
9078,1,02/15/23,12:12,random,1,1,1,1,476.9723,1
9078,1,02/15/23,12:12,random,1,1,2,2,395.4545,1
9078,1,02/15/23,12:12,random,1,1,3,3,413.427,1
9078,1,02/15/23,12:12,random,1,1,4,4,356.9738,1
9078,1,02/15/23,12:12,random,1,1,5,5,354.8515,1
9078,1,02/15/23,12:12,random,1,1,6,6,504.3721,1
9078,1,02/15/23,12:12,random,1,1,7,7,371.282,1
9078,1,02/15/23,12:12,random,1,1,8,8,404.9669,1
9078,1,02/15/23,12:12,random,1,1,9,9,468.6074,1
9078,1,02/15/23,12:12,random,1,1,10,10,395.9528,1
9078,1,02/15/23,12:12,random,2,1,11,1,453.9673,1
9078,1,02/15/23,12:12,random,2,1,12,2,413.5782,1
9078,1,02/15/23,12:12,random,2,1,13,3,378.1488,1
9078,1,02/15/23,12:12,random,2,1,14,4,426.6865,1
9078,1,02/15/23,12:12,random,2,1,15,5,359.1766,1
9078,1,02/15/23,12:12,random,2,1,16,6,450.1789,1
9078,1,02/15/23,12:12,random,2,1,17,7,464.3751,1
9078,1,02/15/23,12:12,random,2,1,18,8,357.6728,1
9078,1,02/15/23,12:12,random,2,1,19,9,400.7606,1
9078,1,02/15/23,12:12,random,2,1,20,10,567.6216,1
9078,1,02/15/23,12:12,random,3,1,21,1,364.3458,1
9078,1,02/15/23,12:12,random,3,1,22,2,387.7229,1
9078,1,02/15/23,12:12,random,3,1,23,3,378.7464,1
9078,1,02/15/23,12:12,random,3,1,24,4,367.5252,1
9078,1,02/15/23,12:12,random,3,1,25,5,449.9637,1
9078,1,02/15/23,12:12,random,3,1,26,6,599.9665,1
9078,1,02/15/23,12:12,random,3,1,27,7,447.9943,1
9078,1,02/15/23,12:12,random,3,1,28,8,654.1856,1
9078,1,02/15/23,12:12,random,3,1,29,9,398.8848,1
9078,1,02/15/23,12:12,random,3,1,30,10,432.8219,1
9078,1,02/15/23,12:12,random,4,1,31,1,411.6332,1
9078,1,02/15/23,12:12,random,4,1,32,2,619.678,1
9078,1,02/15/23,12:12,random,4,1,33,3,385.0618,1
9078,1,02/15/23,12:12,random,4,1,34,4,428.6003,1
9078,1,02/15/23,12:12,random,4,1,35,5,448.8778,1
9078,1,02/15/23,12:12,random,4,1,36,6,624.3314,1
9078,1,02/15/23,12:12,random,4,1,37,7,490.1557,1
9078,1,02/15/23,12:12,random,4,1,38,8,413.3942,1
9078,1,02/15/23,12:12,random,4,1,39,9,431.7861,1
9078,1,02/15/23,12:12,random,4,1,40,10,538.3851,1
9078,1,02/15/23,12:12,random,5,1,41,1,493.0546,1
9078,1,02/15/23,12:12,random,5,1,42,2,532.9127,1
9078,1,02/15/23,12:12,random,5,1,43,3,451.2671,1
9078,1,02/15/23,12:12,random,5,1,44,4,508.1494,1
9078,1,02/15/23,12:12,random,5,1,45,5,554.9512,1
9078,1,02/15/23,12:12,random,5,1,46,6,377.0665,1
9078,1,02/15/23,12:12,random,5,1,47,7,515.9607,1
9078,1,02/15/23,12:12,random,5,1,48,8,431.8006,1
9078,1,02/15/23,12:12,random,5,1,49,9,412.022,1
9078,1,02/15/23,12:12,random,5,1,50,10,397.6121,1
9079,1,02/15/23,12:13,practice,0,1,1,1,15852.9196,0
9079,1,02/15/23,12:13,practice,0,1,2,2,5687.9821,1
9079,1,02/15/23,12:13,practice,0,1,3,3,795.4343,1
9079,1,02/15/23,12:13,practice,0,1,4,4,2683.7191,1
9079,1,02/15/23,12:13,practice,0,1,5,5,606.5331,1
9079,1,02/15/23,12:13,practice,0,1,6,6,367.8389,1
9079,1,02/15/23,12:13,practice,0,1,7,7,562.4605,1
9079,1,02/15/23,12:13,practice,0,1,8,8,403.1887,1
9079,1,02/15/23,12:13,random,1,1,1,1,994.5314,1
9079,1,02/15/23,12:13,random,1,1,2,2,3.21819999999,0
9079,1,02/15/23,12:13,random,1,1,3,3,3.17859999998,0
9079,1,02/15/23,12:13,random,1,1,4,4,4.1211,0
9079,1,02/15/23,12:13,random,1,1,5,5,4.3285,0
9079,1,02/15/23,12:13,random,1,1,6,6,1961.3821,1
9079,1,02/15/23,12:13,random,1,1,7,7,611.3645,1
9079,1,02/15/23,12:13,random,1,1,8,8,617.6973,1
9079,1,02/15/23,12:13,random,1,1,9,9,464.1926,1
9079,1,02/15/23,12:13,random,1,1,10,10,453.3656,1
9079,1,02/15/23,12:13,random,2,1,11,1,458.593,1
9079,1,02/15/23,12:13,random,2,1,12,2,421.5215,1
9079,1,02/15/23,12:13,random,2,1,13,3,441.692,1
9079,1,02/15/23,12:13,random,2,1,14,4,484.281,1
9079,1,02/15/23,12:13,random,2,1,15,5,568.5135,1
9079,1,02/15/23,12:13,random,2,1,16,6,528.6609,1
9079,1,02/15/23,12:13,random,2,1,17,7,382.9681,1
9079,1,02/15/23,12:13,random,2,1,18,8,531.2878,1
9079,1,02/15/23,12:13,random,2,1,19,9,342.5653,1
9079,1,02/15/23,12:13,random,2,1,20,10,445.1333,1
9079,1,02/15/23,12:13,random,3,1,21,1,384.3972,1
9079,1,02/15/23,12:13,random,3,1,22,2,492.7062,1
9079,1,02/15/23,12:13,random,3,1,23,3,414.1731,1
9079,1,02/15/23,12:13,random,3,1,24,4,439.3556,1
9079,1,02/15/23,12:13,random,3,1,25,5,500.1407,1
9079,1,02/15/23,12:13,random,3,1,26,6,529.534,1
9079,1,02/15/23,12:13,random,3,1,27,7,404.0043,1
9079,1,02/15/23,12:13,random,3,1,28,8,441.96,1
9079,1,02/15/23,12:13,random,3,1,29,9,451.3927,1
9079,1,02/15/23,12:13,random,3,1,30,10,473.261,1
9079,1,02/15/23,12:13,random,4,1,31,1,573.2211,1
9079,1,02/15/23,12:13,random,4,1,32,2,431.6486,1
9079,1,02/15/23,12:13,random,4,1,33,3,476.8826,1
9079,1,02/15/23,12:13,random,4,1,34,4,417.0454,1
9079,1,02/15/23,12:13,random,4,1,35,5,472.6616,1
9079,1,02/15/23,12:13,random,4,1,36,6,367.7848,1
9079,1,02/15/23,12:13,random,4,1,37,7,361.5842,1
9079,1,02/15/23,12:13,random,4,1,38,8,537.0635,1
9079,1,02/15/23,12:13,random,4,1,39,9,451.5931,1
9079,1,02/15/23,12:13,random,4,1,40,10,427.7459,1
9079,1,02/15/23,12:13,random,5,1,41,1,542.4128,1
9079,1,02/15/23,12:13,random,5,1,42,2,469.3646,1
9079,1,02/15/23,12:13,random,5,1,43,3,414.653,1
9079,1,02/15/23,12:13,random,5,1,44,4,362.1382,1
9079,1,02/15/23,12:13,random,5,1,45,5,423.483,0
9079,1,02/15/23,12:13,random,5,1,46,6,440.0299,1
9079,1,02/15/23,12:13,random,5,1,47,7,384.6523,1
9079,1,02/15/23,12:13,random,5,1,48,8,466.3194,1
9079,1,02/15/23,12:13,random,5,1,49,9,466.8763,1
9079,1,02/15/23,12:13,random,5,1,50,10,382.9622,1
9080,1,02/22/23,15:15,practice,0,1,1,1,460.5933,0
9080,1,02/22/23,15:15,practice,0,1,2,2,552.3467,1
9080,1,02/22/23,15:15,practice,0,1,3,3,578.702,1
9080,1,02/22/23,15:15,practice,0,1,4,4,416.4516,1
9080,1,02/22/23,15:15,practice,0,1,5,5,415.8269,1
9080,1,02/22/23,15:15,practice,0,1,6,6,310.0767,1
9080,1,02/22/23,15:15,practice,0,1,7,7,452.7746,1
9080,1,02/22/23,15:15,practice,0,1,8,8,442.8629,1
9080,1,02/22/23,15:15,random,1,1,1,1,534.0844,1
9080,1,02/22/23,15:15,random,1,1,2,2,471.3749,1
9080,1,02/22/23,15:15,random,1,1,3,3,379.36130000000003,1
9080,1,02/22/23,15:15,random,1,1,4,4,355.229,1
9080,1,02/22/23,15:15,random,1,1,5,5,533.0749,1
9080,1,02/22/23,15:15,random,1,1,6,6,342.0387,1
9080,1,02/22/23,15:15,random,1,1,7,7,307.3212,1
9080,1,02/22/23,15:15,random,1,1,8,8,426.2236,1
9080,1,02/22/23,15:15,random,1,1,9,9,442.5723,1
9080,1,02/22/23,15:15,random,1,1,10,10,560.6976,1
9080,1,02/22/23,15:15,random,2,1,11,1,347.2553,0
9080,1,02/22/23,15:15,random,2,1,12,2,514.0719,1
9080,1,02/22/23,15:15,random,2,1,13,3,491.1346,1
9080,1,02/22/23,15:15,random,2,1,14,4,530.3138,1
9080,1,02/22/23,15:15,random,2,1,15,5,396.4969,1
9080,1,02/22/23,15:15,random,2,1,16,6,590.758,1
9080,1,02/22/23,15:15,random,2,1,17,7,498.6163,1
9080,1,02/22/23,15:15,random,2,1,18,8,454.3694,1
9080,1,02/22/23,15:15,random,2,1,19,9,401.0463,1
9080,1,02/22/23,15:15,random,2,1,20,10,444.7796,1
9080,1,02/22/23,15:15,random,3,1,21,1,484.7786,1
9080,1,02/22/23,15:15,random,3,1,22,2,575.5535,1
9080,1,02/22/23,15:15,random,3,1,23,3,492.6555,1
9080,1,02/22/23,15:15,random,3,1,24,4,495.3384,1
9080,1,02/22/23,15:15,random,3,1,25,5,447.6167,1
9080,1,02/22/23,15:15,random,3,1,26,6,397.1997,1
9080,1,02/22/23,15:15,random,3,1,27,7,542.9836,1
9080,1,02/22/23,15:15,random,3,1,28,8,528.272,1
9080,1,02/22/23,15:15,random,3,1,29,9,485.1109,1
9080,1,02/22/23,15:15,random,3,1,30,10,481.8969,1
9080,1,02/22/23,15:15,random,4,1,31,1,699.8525,1
9080,1,02/22/23,15:15,random,4,1,32,2,536.5102,1
9080,1,02/22/23,15:15,random,4,1,33,3,544.927,1
9080,1,02/22/23,15:15,random,4,1,34,4,489.0856,1
9080,1,02/22/23,15:15,random,4,1,35,5,440.4086,0
9080,1,02/22/23,15:15,random,4,1,36,6,616.8023,1
9080,1,02/22/23,15:15,random,4,1,37,7,526.0304,1
9080,1,02/22/23,15:15,random,4,1,38,8,453.0012,1
9080,1,02/22/23,15:15,random,4,1,39,9,402.2106,1
9080,1,02/22/23,15:15,random,4,1,40,10,385.8426,1
9080,1,02/22/23,15:15,random,5,1,41,1,644.4844,1
9080,1,02/22/23,15:15,random,5,1,42,2,525.0044,1
9080,1,02/22/23,15:15,random,5,1,43,3,481.4043,1
9080,1,02/22/23,15:15,random,5,1,44,4,632.4136,1
9080,1,02/22/23,15:15,random,5,1,45,5,541.9524,1
9080,1,02/22/23,15:15,random,5,1,46,6,535.7735,1
9080,1,02/22/23,15:15,random,5,1,47,7,480.8425,1
9080,1,02/22/23,15:15,random,5,1,48,8,376.8954,1
9080,1,02/22/23,15:15,random,5,1,49,9,590.7662,1
9080,1,02/22/23,15:15,random,5,1,50,10,407.1892,0
9081,1,02/15/23,15:13,practice,0,1,1,1,542.7559,1
9081,1,02/15/23,15:13,practice,0,1,2,2,483.847,1
9081,1,02/15/23,15:13,practice,0,1,3,3,360.9288,1
9081,1,02/15/23,15:13,practice,0,1,4,4,274.1173,1
9081,1,02/15/23,15:13,practice,0,1,5,5,443.4179,1
9081,1,02/15/23,15:13,practice,0,1,6,6,292.3254,1
9081,1,02/15/23,15:13,practice,0,1,7,7,338.1898,1
9081,1,02/15/23,15:13,practice,0,1,8,8,38.8935,1
9081,1,02/15/23,15:13,random,1,1,1,1,488.181,1
9081,1,02/15/23,15:13,random,1,1,2,2,439.591,1
9081,1,02/15/23,15:13,random,1,1,3,3,356.261,1
9081,1,02/15/23,15:13,random,1,1,4,4,344.4916,1
9081,1,02/15/23,15:13,random,1,1,5,5,325.0414,1
9081,1,02/15/23,15:13,random,1,1,6,6,317.6584,1
9081,1,02/15/23,15:13,random,1,1,7,7,282.8219,1
9081,1,02/15/23,15:13,random,1,1,8,8,282.9126,1
9081,1,02/15/23,15:13,random,1,1,9,9,348.6056,1
9081,1,02/15/23,15:13,random,1,1,10,10,339.2724,1
9081,1,02/15/23,15:13,random,2,1,11,1,363.5167,1
9081,1,02/15/23,15:13,random,2,1,12,2,348.5898,1
9081,1,02/15/23,15:13,random,2,1,13,3,409.3144,1
9081,1,02/15/23,15:13,random,2,1,14,4,412.4709,1
9081,1,02/15/23,15:13,random,2,1,15,5,406.4419,1
9081,1,02/15/23,15:13,random,2,1,16,6,432.9879,1
9081,1,02/15/23,15:13,random,2,1,17,7,519.4944,1
9081,1,02/15/23,15:13,random,2,1,18,8,318.1155,1
9081,1,02/15/23,15:13,random,2,1,19,9,342.9276,0
9081,1,02/15/23,15:13,random,2,1,20,10,3.2352,0
9081,1,02/15/23,15:13,random,3,1,21,1,358.1678,1
9081,1,02/15/23,15:13,random,3,1,22,2,13.5774,0
9081,1,02/15/23,15:13,random,3,1,23,3,368.5131,1
9081,1,02/15/23,15:13,random,3,1,24,4,438.7029,1
9081,1,02/15/23,15:13,random,3,1,25,5,474.1228,1
9081,1,02/15/23,15:13,random,3,1,26,6,371.4583,1
9081,1,02/15/23,15:13,random,3,1,27,7,331.7575,1
9081,1,02/15/23,15:13,random,3,1,28,8,340.7789,1
9081,1,02/15/23,15:13,random,3,1,29,9,413.1119,1
9081,1,02/15/23,15:13,random,3,1,30,10,325.7906,1
9081,1,02/15/23,15:13,random,4,1,31,1,440.3824,1
9081,1,02/15/23,15:13,random,4,1,32,2,358.0047,1
9081,1,02/15/23,15:13,random,4,1,33,3,433.7135,1
9081,1,02/15/23,15:13,random,4,1,34,4,385.7299,1
9081,1,02/15/23,15:13,random,4,1,35,5,499.7896,0
9081,1,02/15/23,15:13,random,4,1,36,6,6.39680000002,0
9081,1,02/15/23,15:13,random,4,1,37,7,475.352,1
9081,1,02/15/23,15:13,random,4,1,38,8,431.1606,1
9081,1,02/15/23,15:13,random,4,1,39,9,508.4731,1
9081,1,02/15/23,15:13,random,4,1,40,10,384.3981,1
9081,1,02/15/23,15:13,random,5,1,41,1,392.0853,1
9081,1,02/15/23,15:13,random,5,1,42,2,418.8336,1
9081,1,02/15/23,15:13,random,5,1,43,3,363.6392,1
9081,1,02/15/23,15:13,random,5,1,44,4,438.7181,0
9081,1,02/15/23,15:13,random,5,1,45,5,485.1576,1
9081,1,02/15/23,15:13,random,5,1,46,6,607.521,1
9081,1,02/15/23,15:13,random,5,1,47,7,389.7958,1
9081,1,02/15/23,15:13,random,5,1,48,8,515.7438,1
9081,1,02/15/23,15:13,random,5,1,49,9,410.8609,1
9081,1,02/15/23,15:13,random,5,1,50,10,451.6964,1
9082,1,02/16/23,09:12,practice,0,1,1,1,363.0294,0
9082,1,02/16/23,09:12,practice,0,1,2,2,373.0963,1
9082,1,02/16/23,09:12,practice,0,1,3,3,337.499,1
9082,1,02/16/23,09:12,practice,0,1,4,4,333.887,1
9082,1,02/16/23,09:12,practice,0,1,5,5,451.8044,1
9082,1,02/16/23,09:12,practice,0,1,6,6,362.2979,1
9082,1,02/16/23,09:12,practice,0,1,7,7,396.2435,1
9082,1,02/16/23,09:12,practice,0,1,8,8,516.0752,1
9082,1,02/16/23,09:12,random,1,1,1,1,401.6735,1
9082,1,02/16/23,09:12,random,1,1,2,2,452.9357,1
9082,1,02/16/23,09:12,random,1,1,3,3,365.1377,1
9082,1,02/16/23,09:12,random,1,1,4,4,355.4781,1
9082,1,02/16/23,09:12,random,1,1,5,5,466.1249,1
9082,1,02/16/23,09:12,random,1,1,6,6,344.2104,1
9082,1,02/16/23,09:12,random,1,1,7,7,360.6842,1
9082,1,02/16/23,09:12,random,1,1,8,8,402.4847,1
9082,1,02/16/23,09:12,random,1,1,9,9,345.1999,1
9082,1,02/16/23,09:12,random,1,1,10,10,361.6034,1
9082,1,02/16/23,09:12,random,2,1,11,1,321.2485,1
9082,1,02/16/23,09:12,random,2,1,12,2,369.1449,1
9082,1,02/16/23,09:12,random,2,1,13,3,433.1936,1
9082,1,02/16/23,09:12,random,2,1,14,4,428.0377,1
9082,1,02/16/23,09:12,random,2,1,15,5,531.4927,1
9082,1,02/16/23,09:12,random,2,1,16,6,514.2175,1
9082,1,02/16/23,09:12,random,2,1,17,7,321.6717,1
9082,1,02/16/23,09:12,random,2,1,18,8,407.4677,1
9082,1,02/16/23,09:12,random,2,1,19,9,434.9757,1
9082,1,02/16/23,09:12,random,2,1,20,10,491.1886,1
9082,1,02/16/23,09:12,random,3,1,21,1,380.1282,1
9082,1,02/16/23,09:12,random,3,1,22,2,483.8133,1
9082,1,02/16/23,09:12,random,3,1,23,3,416.7189,1
9082,1,02/16/23,09:12,random,3,1,24,4,472.7063,1
9082,1,02/16/23,09:12,random,3,1,25,5,460.7334,1
9082,1,02/16/23,09:12,random,3,1,26,6,331.955,1
9082,1,02/16/23,09:12,random,3,1,27,7,359.0305,1
9082,1,02/16/23,09:12,random,3,1,28,8,498.9822,1
9082,1,02/16/23,09:12,random,3,1,29,9,421.2969,1
9082,1,02/16/23,09:12,random,3,1,30,10,532.0766,1
9082,1,02/16/23,09:12,random,4,1,31,1,358.5729,1
9082,1,02/16/23,09:12,random,4,1,32,2,500.5957,1
9082,1,02/16/23,09:12,random,4,1,33,3,385.9588,1
9082,1,02/16/23,09:12,random,4,1,34,4,456.7627,1
9082,1,02/16/23,09:12,random,4,1,35,5,373.3584,1
9082,1,02/16/23,09:12,random,4,1,36,6,322.1427,0
9082,1,02/16/23,09:12,random,4,1,37,7,347.7016,1
9082,1,02/16/23,09:12,random,4,1,38,8,407.3773,1
9082,1,02/16/23,09:12,random,4,1,39,9,368.994,1
9082,1,02/16/23,09:12,random,4,1,40,10,502.4628,1
9082,1,02/16/23,09:12,random,5,1,41,1,493.5203,1
9082,1,02/16/23,09:12,random,5,1,42,2,443.8081,1
9082,1,02/16/23,09:12,random,5,1,43,3,525.0755,1
9082,1,02/16/23,09:12,random,5,1,44,4,427.9332,1
9082,1,02/16/23,09:12,random,5,1,45,5,560.645,1
9082,1,02/16/23,09:12,random,5,1,46,6,381.7543,1
9082,1,02/16/23,09:12,random,5,1,47,7,359.6512,1
9082,1,02/16/23,09:12,random,5,1,48,8,357.6354,1
9082,1,02/16/23,09:12,random,5,1,49,9,324.4866,1
9082,1,02/16/23,09:12,random,5,1,50,10,335.3936,1
9083,1,02/16/23,12:27,practice,0,1,1,1,491.1883,1
9083,1,02/16/23,12:27,practice,0,1,2,2,420.5956,1
9083,1,02/16/23,12:27,practice,0,1,3,3,409.2984,1
9083,1,02/16/23,12:27,practice,0,1,4,4,442.5126,1
9083,1,02/16/23,12:27,practice,0,1,5,5,395.0036,1
9083,1,02/16/23,12:27,practice,0,1,6,6,427.2076,1
9083,1,02/16/23,12:27,practice,0,1,7,7,433.18,1
9083,1,02/16/23,12:27,practice,0,1,8,8,322.4466,1
9083,1,02/16/23,12:27,random,1,1,1,1,372.2464,1
9083,1,02/16/23,12:27,random,1,1,2,2,402.0594,1
9083,1,02/16/23,12:27,random,1,1,3,3,350.2601,1
9083,1,02/16/23,12:27,random,1,1,4,4,371.7426,1
9083,1,02/16/23,12:27,random,1,1,5,5,395.6349,1
9083,1,02/16/23,12:27,random,1,1,6,6,426.6581,1
9083,1,02/16/23,12:27,random,1,1,7,7,387.9422,1
9083,1,02/16/23,12:27,random,1,1,8,8,452.543,1
9083,1,02/16/23,12:27,random,1,1,9,9,345.6114,1
9083,1,02/16/23,12:27,random,1,1,10,10,342.7429,1
9083,1,02/16/23,12:27,random,2,1,11,1,336.9805,1
9083,1,02/16/23,12:27,random,2,1,12,2,338.2507,1
9083,1,02/16/23,12:27,random,2,1,13,3,352.2728,1
9083,1,02/16/23,12:27,random,2,1,14,4,433.7346,1
9083,1,02/16/23,12:27,random,2,1,15,5,470.6911,1
9083,1,02/16/23,12:27,random,2,1,16,6,384.5527,1
9083,1,02/16/23,12:27,random,2,1,17,7,414.5666,1
9083,1,02/16/23,12:27,random,2,1,18,8,335.8247,1
9083,1,02/16/23,12:27,random,2,1,19,9,331.4654,1
9083,1,02/16/23,12:27,random,2,1,20,10,400.8907,1
9083,1,02/16/23,12:27,random,3,1,21,1,339.3587,1
9083,1,02/16/23,12:27,random,3,1,22,2,336.91,1
9083,1,02/16/23,12:27,random,3,1,23,3,358.9685,1
9083,1,02/16/23,12:27,random,3,1,24,4,340.1,1
9083,1,02/16/23,12:27,random,3,1,25,5,334.919,1
9083,1,02/16/23,12:27,random,3,1,26,6,328.0535,1
9083,1,02/16/23,12:27,random,3,1,27,7,307.2976,1
9083,1,02/16/23,12:27,random,3,1,28,8,363.7494,1
9083,1,02/16/23,12:27,random,3,1,29,9,334.5033,1
9083,1,02/16/23,12:27,random,3,1,30,10,363.3629,1
9083,1,02/16/23,12:27,random,4,1,31,1,464.8389,1
9083,1,02/16/23,12:27,random,4,1,32,2,351.0449,1
9083,1,02/16/23,12:27,random,4,1,33,3,371.7638,1
9083,1,02/16/23,12:27,random,4,1,34,4,372.5285,0
9083,1,02/16/23,12:27,random,4,1,35,5,443.6932,1
9083,1,02/16/23,12:27,random,4,1,36,6,415.4363,1
9083,1,02/16/23,12:27,random,4,1,37,7,504.6962,1
9083,1,02/16/23,12:27,random,4,1,38,8,448.9488,1
9083,1,02/16/23,12:27,random,4,1,39,9,396.0083,1
9083,1,02/16/23,12:27,random,4,1,40,10,412.7301,1
9083,1,02/16/23,12:27,random,5,1,41,1,408.1355,1
9083,1,02/16/23,12:27,random,5,1,42,2,366.3199,1
9083,1,02/16/23,12:27,random,5,1,43,3,323.5229,1
9083,1,02/16/23,12:27,random,5,1,44,4,361.0165,1
9083,1,02/16/23,12:27,random,5,1,45,5,411.5714,1
9083,1,02/16/23,12:27,random,5,1,46,6,375.0467,1
9083,1,02/16/23,12:27,random,5,1,47,7,421.124,1
9083,1,02/16/23,12:27,random,5,1,48,8,383.1791,1
9083,1,02/16/23,12:27,random,5,1,49,9,335.0601,1
9083,1,02/16/23,12:27,random,5,1,50,10,513.027,1
9084,1,02/16/23,12:28,practice,0,1,1,1,733.1677,1
9084,1,02/16/23,12:28,practice,0,1,2,2,338.9418,1
9084,1,02/16/23,12:28,practice,0,1,3,3,383.7233,0
9084,1,02/16/23,12:28,practice,0,1,4,4,557.9458,1
9084,1,02/16/23,12:28,practice,0,1,5,5,338.3018,0
9084,1,02/16/23,12:28,practice,0,1,6,6,493.6164,1
9084,1,02/16/23,12:28,practice,0,1,7,7,628.9906,1
9084,1,02/16/23,12:28,practice,0,1,8,8,542.8096,1
9084,1,02/16/23,12:28,random,1,1,1,1,513.35,1
9084,1,02/16/23,12:28,random,1,1,2,2,542.0037,1
9084,1,02/16/23,12:28,random,1,1,3,3,367.3633,1
9084,1,02/16/23,12:28,random,1,1,4,4,351.7399,1
9084,1,02/16/23,12:28,random,1,1,5,5,391.2456,1
9084,1,02/16/23,12:28,random,1,1,6,6,446.5669,1
9084,1,02/16/23,12:28,random,1,1,7,7,589.9912,1
9084,1,02/16/23,12:28,random,1,1,8,8,660.7169,1
9084,1,02/16/23,12:28,random,1,1,9,9,426.1132,1
9084,1,02/16/23,12:28,random,1,1,10,10,542.3823,1
9084,1,02/16/23,12:28,random,2,1,11,1,345.0139,1
9084,1,02/16/23,12:28,random,2,1,12,2,406.4675,0
9084,1,02/16/23,12:28,random,2,1,13,3,14.2694,1
9084,1,02/16/23,12:28,random,2,1,14,4,483.3468,1
9084,1,02/16/23,12:28,random,2,1,15,5,500.9411,1
9084,1,02/16/23,12:28,random,2,1,16,6,430.5056,1
9084,1,02/16/23,12:28,random,2,1,17,7,700.7133,1
9084,1,02/16/23,12:28,random,2,1,18,8,467.454,1
9084,1,02/16/23,12:28,random,2,1,19,9,433.3344,1
9084,1,02/16/23,12:28,random,2,1,20,10,434.1064,1
9084,1,02/16/23,12:28,random,3,1,21,1,417.8134,1
9084,1,02/16/23,12:28,random,3,1,22,2,535.4904,1
9084,1,02/16/23,12:28,random,3,1,23,3,412.0287,1
9084,1,02/16/23,12:28,random,3,1,24,4,391.8223,1
9084,1,02/16/23,12:28,random,3,1,25,5,320.2756,1
9084,1,02/16/23,12:28,random,3,1,26,6,428.3868,1
9084,1,02/16/23,12:28,random,3,1,27,7,384.7043,1
9084,1,02/16/23,12:28,random,3,1,28,8,515.4929,1
9084,1,02/16/23,12:28,random,3,1,29,9,401.6481,1
9084,1,02/16/23,12:28,random,3,1,30,10,386.7425,1
9084,1,02/16/23,12:28,random,4,1,31,1,367.9114,0
9084,1,02/16/23,12:28,random,4,1,32,2,547.7104,1
9084,1,02/16/23,12:28,random,4,1,33,3,495.623,1
9084,1,02/16/23,12:28,random,4,1,34,4,455.2692,1
9084,1,02/16/23,12:28,random,4,1,35,5,400.79880000000003,1
9084,1,02/16/23,12:28,random,4,1,36,6,391.4169,1
9084,1,02/16/23,12:28,random,4,1,37,7,320.4955,1
9084,1,02/16/23,12:28,random,4,1,38,8,320.2406,1
9084,1,02/16/23,12:28,random,4,1,39,9,347.9662,1
9084,1,02/16/23,12:28,random,4,1,40,10,371.0505,1
9084,1,02/16/23,12:28,random,5,1,41,1,553.2874,1
9084,1,02/16/23,12:28,random,5,1,42,2,402.2655,1
9084,1,02/16/23,12:28,random,5,1,43,3,451.5025,1
9084,1,02/16/23,12:28,random,5,1,44,4,380.4882,1
9084,1,02/16/23,12:28,random,5,1,45,5,346.9867,1
9084,1,02/16/23,12:28,random,5,1,46,6,412.1065,1
9084,1,02/16/23,12:28,random,5,1,47,7,432.6701,1
9084,1,02/16/23,12:28,random,5,1,48,8,337.0872,1
9084,1,02/16/23,12:28,random,5,1,49,9,463.0961,1
9084,1,02/16/23,12:28,random,5,1,50,10,296.5875,1
9085,1,02/16/23,12:30,practice,0,1,1,1,33966.4517,0
9085,1,02/16/23,12:30,practice,0,1,2,2,0.200899999996,0
9085,1,02/16/23,12:30,practice,0,1,3,3,1992.7243,0
9085,1,02/16/23,12:30,practice,0,1,4,4,2191.8008,1
9085,1,02/16/23,12:30,practice,0,1,5,5,7510.0407,0
9085,1,02/16/23,12:30,practice,0,1,6,6,2203.6092,0
9085,1,02/16/23,12:30,practice,0,1,7,7,1133.5892,0
9085,1,02/16/23,12:30,practice,0,1,8,8,2877.9144,0
9085,1,02/16/23,12:30,random,1,1,1,1,4295.4839,0
9085,1,02/16/23,12:30,random,1,1,2,2,806.5989,1
9085,1,02/16/23,12:30,random,1,1,3,3,653.6469,1
9085,1,02/16/23,12:30,random,1,1,4,4,1761.5607,0
9085,1,02/16/23,12:30,random,1,1,5,5,690.8465,0
9085,1,02/16/23,12:30,random,1,1,6,6,8235.9878,0
9085,1,02/16/23,12:30,random,1,1,7,7,1661.3842,1
9085,1,02/16/23,12:30,random,1,1,8,8,881.2653,1
9085,1,02/16/23,12:30,random,1,1,9,9,624.59,1
9085,1,02/16/23,12:30,random,1,1,10,10,723.6782,1
9085,1,02/16/23,12:30,random,2,1,11,1,672.7024,1
9085,1,02/16/23,12:30,random,2,1,12,2,1083.5868,1
9085,1,02/16/23,12:30,random,2,1,13,3,791.418,1
9085,1,02/16/23,12:30,random,2,1,14,4,538.9391,1
9085,1,02/16/23,12:30,random,2,1,15,5,509.3964,1
9085,1,02/16/23,12:30,random,2,1,16,6,547.4043,1
9085,1,02/16/23,12:30,random,2,1,17,7,404.3699,1
9085,1,02/16/23,12:30,random,2,1,18,8,475.719,1
9085,1,02/16/23,12:30,random,2,1,19,9,440.1969,1
9085,1,02/16/23,12:30,random,2,1,20,10,498.4158,1
9085,1,02/16/23,12:30,random,3,1,21,1,461.0738,1
9085,1,02/16/23,12:30,random,3,1,22,2,464.7993,1
9085,1,02/16/23,12:30,random,3,1,23,3,472.343,1
9085,1,02/16/23,12:30,random,3,1,24,4,400.0833,1
9085,1,02/16/23,12:30,random,3,1,25,5,365.5896,1
9085,1,02/16/23,12:30,random,3,1,26,6,519.2058,1
9085,1,02/16/23,12:30,random,3,1,27,7,458.6031,1
9085,1,02/16/23,12:30,random,3,1,28,8,361.3082,1
9085,1,02/16/23,12:30,random,3,1,29,9,550.1257,1
9085,1,02/16/23,12:30,random,3,1,30,10,501.704,1
9085,1,02/16/23,12:30,random,4,1,31,1,408.8523,1
9085,1,02/16/23,12:30,random,4,1,32,2,520.799,1
9085,1,02/16/23,12:30,random,4,1,33,3,413.5715,1
9085,1,02/16/23,12:30,random,4,1,34,4,526.4286,1
9085,1,02/16/23,12:30,random,4,1,35,5,379.5157,1
9085,1,02/16/23,12:30,random,4,1,36,6,664.595,1
9085,1,02/16/23,12:30,random,4,1,37,7,590.1487,1
9085,1,02/16/23,12:30,random,4,1,38,8,408.4489,1
9085,1,02/16/23,12:30,random,4,1,39,9,456.666,1
9085,1,02/16/23,12:30,random,4,1,40,10,435.5533,1
9085,1,02/16/23,12:30,random,5,1,41,1,506.5936,1
9085,1,02/16/23,12:30,random,5,1,42,2,425.8394,1
9085,1,02/16/23,12:30,random,5,1,43,3,403.8089,1
9085,1,02/16/23,12:30,random,5,1,44,4,707.2728,1
9085,1,02/16/23,12:30,random,5,1,45,5,384.8742,1
9085,1,02/16/23,12:30,random,5,1,46,6,525.9074,1
9085,1,02/16/23,12:30,random,5,1,47,7,373.9455,1
9085,1,02/16/23,12:30,random,5,1,48,8,525.1574,1
9085,1,02/16/23,12:30,random,5,1,49,9,386.9613,1
9085,1,02/16/23,12:30,random,5,1,50,10,588.1417,1
9086,1,02/16/23,15:15,practice,0,1,1,1,890.5878,1
9086,1,02/16/23,15:15,practice,0,1,2,2,538.7045,1
9086,1,02/16/23,15:15,practice,0,1,3,3,662.8569,1
9086,1,02/16/23,15:15,practice,0,1,4,4,607.9878,1
9086,1,02/16/23,15:15,practice,0,1,5,5,459.989,1
9086,1,02/16/23,15:15,practice,0,1,6,6,431.5409,1
9086,1,02/16/23,15:15,practice,0,1,7,7,333.0116,1
9086,1,02/16/23,15:15,practice,0,1,8,8,447.0883,1
9086,1,02/16/23,15:15,random,1,1,1,1,691.6496,1
9086,1,02/16/23,15:15,random,1,1,2,2,436.4945,1
9086,1,02/16/23,15:15,random,1,1,3,3,438.4241,1
9086,1,02/16/23,15:15,random,1,1,4,4,399.9985,1
9086,1,02/16/23,15:15,random,1,1,5,5,464.1446,1
9086,1,02/16/23,15:15,random,1,1,6,6,378.1491,1
9086,1,02/16/23,15:15,random,1,1,7,7,400.8659,1
9086,1,02/16/23,15:15,random,1,1,8,8,408.326,1
9086,1,02/16/23,15:15,random,1,1,9,9,372.79,0
9086,1,02/16/23,15:15,random,1,1,10,10,586.0177,1
9086,1,02/16/23,15:15,random,2,1,11,1,562.4934,1
9086,1,02/16/23,15:15,random,2,1,12,2,408.3921,1
9086,1,02/16/23,15:15,random,2,1,13,3,420.8644,1
9086,1,02/16/23,15:15,random,2,1,14,4,345.973,1
9086,1,02/16/23,15:15,random,2,1,15,5,547.0102,1
9086,1,02/16/23,15:15,random,2,1,16,6,401.276,1
9086,1,02/16/23,15:15,random,2,1,17,7,436.2313,1
9086,1,02/16/23,15:15,random,2,1,18,8,486.0539,1
9086,1,02/16/23,15:15,random,2,1,19,9,400.4548,1
9086,1,02/16/23,15:15,random,2,1,20,10,543.9217,1
9086,1,02/16/23,15:15,random,3,1,21,1,366.0612,1
9086,1,02/16/23,15:15,random,3,1,22,2,460.1516,1
9086,1,02/16/23,15:15,random,3,1,23,3,474.3681,1
9086,1,02/16/23,15:15,random,3,1,24,4,413.6834,1
9086,1,02/16/23,15:15,random,3,1,25,5,476.8552,1
9086,1,02/16/23,15:15,random,3,1,26,6,445.8848,1
9086,1,02/16/23,15:15,random,3,1,27,7,472.0514,1
9086,1,02/16/23,15:15,random,3,1,28,8,406.1459,1
9086,1,02/16/23,15:15,random,3,1,29,9,408.9438,1
9086,1,02/16/23,15:15,random,3,1,30,10,473.8396,1
9086,1,02/16/23,15:15,random,4,1,31,1,560.6233,1
9086,1,02/16/23,15:15,random,4,1,32,2,430.1529,1
9086,1,02/16/23,15:15,random,4,1,33,3,531.1502,1
9086,1,02/16/23,15:15,random,4,1,34,4,535.2285,1
9086,1,02/16/23,15:15,random,4,1,35,5,495.7888,1
9086,1,02/16/23,15:15,random,4,1,36,6,467.8783,1
9086,1,02/16/23,15:15,random,4,1,37,7,454.0846,1
9086,1,02/16/23,15:15,random,4,1,38,8,476.6103,1
9086,1,02/16/23,15:15,random,4,1,39,9,376.2486,1
9086,1,02/16/23,15:15,random,4,1,40,10,493.7305,1
9086,1,02/16/23,15:15,random,5,1,41,1,487.3654,1
9086,1,02/16/23,15:15,random,5,1,42,2,416.7968,1
9086,1,02/16/23,15:15,random,5,1,43,3,493.9524,1
9086,1,02/16/23,15:15,random,5,1,44,4,465.0241,0
9086,1,02/16/23,15:15,random,5,1,45,5,466.2372,1
9086,1,02/16/23,15:15,random,5,1,46,6,553.0121,1
9086,1,02/16/23,15:15,random,5,1,47,7,498.3216,1
9086,1,02/16/23,15:15,random,5,1,48,8,503.5199,1
9086,1,02/16/23,15:15,random,5,1,49,9,394.9189,1
9086,1,02/16/23,15:15,random,5,1,50,10,500.3891,1
9087,1,02/16/23,15:11,practice,0,1,1,1,933.0194,1
9087,1,02/16/23,15:11,practice,0,1,2,2,595.6365,1
9087,1,02/16/23,15:11,practice,0,1,3,3,617.5729,1
9087,1,02/16/23,15:11,practice,0,1,4,4,585.9729,1
9087,1,02/16/23,15:11,practice,0,1,5,5,491.3457,1
9087,1,02/16/23,15:11,practice,0,1,6,6,496.1443,1
9087,1,02/16/23,15:11,practice,0,1,7,7,537.6277,1
9087,1,02/16/23,15:11,practice,0,1,8,8,647.1641,1
9087,1,02/16/23,15:11,random,1,1,1,1,559.8266,1
9087,1,02/16/23,15:11,random,1,1,2,2,547.6499,1
9087,1,02/16/23,15:11,random,1,1,3,3,525.5997,1
9087,1,02/16/23,15:11,random,1,1,4,4,463.4073,1
9087,1,02/16/23,15:11,random,1,1,5,5,488.6857,1
9087,1,02/16/23,15:11,random,1,1,6,6,504.1842,1
9087,1,02/16/23,15:11,random,1,1,7,7,892.4081,1
9087,1,02/16/23,15:11,random,1,1,8,8,496.7377,1
9087,1,02/16/23,15:11,random,1,1,9,9,540.8941,1
9087,1,02/16/23,15:11,random,1,1,10,10,433.0748,1
9087,1,02/16/23,15:11,random,2,1,11,1,605.3389,1
9087,1,02/16/23,15:11,random,2,1,12,2,433.866,1
9087,1,02/16/23,15:11,random,2,1,13,3,581.9713,1
9087,1,02/16/23,15:11,random,2,1,14,4,510.4517,1
9087,1,02/16/23,15:11,random,2,1,15,5,539.0805,1
9087,1,02/16/23,15:11,random,2,1,16,6,523.4331,1
9087,1,02/16/23,15:11,random,2,1,17,7,1560.5158,1
9087,1,02/16/23,15:11,random,2,1,18,8,615.835,1
9087,1,02/16/23,15:11,random,2,1,19,9,485.4985,1
9087,1,02/16/23,15:11,random,2,1,20,10,1113.6931,1
9087,1,02/16/23,15:11,random,3,1,21,1,544.3102,1
9087,1,02/16/23,15:11,random,3,1,22,2,559.4454,1
9087,1,02/16/23,15:11,random,3,1,23,3,416.6196,1
9087,1,02/16/23,15:11,random,3,1,24,4,476.5877,1
9087,1,02/16/23,15:11,random,3,1,25,5,755.2732,1
9087,1,02/16/23,15:11,random,3,1,26,6,621.433,1
9087,1,02/16/23,15:11,random,3,1,27,7,575.2581,1
9087,1,02/16/23,15:11,random,3,1,28,8,579.0251,1
9087,1,02/16/23,15:11,random,3,1,29,9,497.127,1
9087,1,02/16/23,15:11,random,3,1,30,10,471.8466,1
9087,1,02/16/23,15:11,random,4,1,31,1,521.3849,1
9087,1,02/16/23,15:11,random,4,1,32,2,471.9636,1
9087,1,02/16/23,15:11,random,4,1,33,3,412.0846,1
9087,1,02/16/23,15:11,random,4,1,34,4,510.823,1
9087,1,02/16/23,15:11,random,4,1,35,5,409.2198,1
9087,1,02/16/23,15:11,random,4,1,36,6,374.3855,1
9087,1,02/16/23,15:11,random,4,1,37,7,354.8972,1
9087,1,02/16/23,15:11,random,4,1,38,8,456.6556,1
9087,1,02/16/23,15:11,random,4,1,39,9,405.3328,1
9087,1,02/16/23,15:11,random,4,1,40,10,432.3281,1
9087,1,02/16/23,15:11,random,5,1,41,1,405.4176,1
9087,1,02/16/23,15:11,random,5,1,42,2,460.7329,1
9087,1,02/16/23,15:11,random,5,1,43,3,548.8824,1
9087,1,02/16/23,15:11,random,5,1,44,4,592.9839,1
9087,1,02/16/23,15:11,random,5,1,45,5,488.0147,1
9087,1,02/16/23,15:11,random,5,1,46,6,510.5169,1
9087,1,02/16/23,15:11,random,5,1,47,7,507.5506,1
9087,1,02/16/23,15:11,random,5,1,48,8,462.94,1
9087,1,02/16/23,15:11,random,5,1,49,9,442.7277,1
9087,1,02/16/23,15:11,random,5,1,50,10,371.9281,1
9088,1,02/16/23,15:19,practice,0,1,1,1,909.6136,1
9088,1,02/16/23,15:19,practice,0,1,2,2,948.4946,1
9088,1,02/16/23,15:19,practice,0,1,3,3,445.5845,1
9088,1,02/16/23,15:19,practice,0,1,4,4,557.1145,1
9088,1,02/16/23,15:19,practice,0,1,5,5,525.8034,1
9088,1,02/16/23,15:19,practice,0,1,6,6,548.8105,1
9088,1,02/16/23,15:19,practice,0,1,7,7,1476.1213,1
9088,1,02/16/23,15:19,practice,0,1,8,8,574.4771,0
9088,1,02/16/23,15:19,random,1,1,1,1,542.8256,1
9088,1,02/16/23,15:19,random,1,1,2,2,377.0123,1
9088,1,02/16/23,15:19,random,1,1,3,3,397.5137,1
9088,1,02/16/23,15:19,random,1,1,4,4,384.159,1
9088,1,02/16/23,15:19,random,1,1,5,5,383.4704,0
9088,1,02/16/23,15:19,random,1,1,6,6,464.7146,1
9088,1,02/16/23,15:19,random,1,1,7,7,578.7615,1
9088,1,02/16/23,15:19,random,1,1,8,8,598.1013,1
9088,1,02/16/23,15:19,random,1,1,9,9,550.6316,1
9088,1,02/16/23,15:19,random,1,1,10,10,478.9657,1
9088,1,02/16/23,15:19,random,2,1,11,1,587.1916,1
9088,1,02/16/23,15:19,random,2,1,12,2,415.7121,1
9088,1,02/16/23,15:19,random,2,1,13,3,658.6038,1
9088,1,02/16/23,15:19,random,2,1,14,4,605.2745,1
9088,1,02/16/23,15:19,random,2,1,15,5,646.4577,1
9088,1,02/16/23,15:19,random,2,1,16,6,436.2436,1
9088,1,02/16/23,15:19,random,2,1,17,7,626.4438,1
9088,1,02/16/23,15:19,random,2,1,18,8,429.6405,1
9088,1,02/16/23,15:19,random,2,1,19,9,491.8819,1
9088,1,02/16/23,15:19,random,2,1,20,10,456.6459,1
9088,1,02/16/23,15:19,random,3,1,21,1,507.8753,1
9088,1,02/16/23,15:19,random,3,1,22,2,515.8613,1
9088,1,02/16/23,15:19,random,3,1,23,3,567.3525,1
9088,1,02/16/23,15:19,random,3,1,24,4,533.303,1
9088,1,02/16/23,15:19,random,3,1,25,5,643.4791,1
9088,1,02/16/23,15:19,random,3,1,26,6,567.9061,1
9088,1,02/16/23,15:19,random,3,1,27,7,446.8208,1
9088,1,02/16/23,15:19,random,3,1,28,8,695.0338,1
9088,1,02/16/23,15:19,random,3,1,29,9,506.4057,1
9088,1,02/16/23,15:19,random,3,1,30,10,495.8968,1
9088,1,02/16/23,15:19,random,4,1,31,1,564.5788,1
9088,1,02/16/23,15:19,random,4,1,32,2,441.4742,1
9088,1,02/16/23,15:19,random,4,1,33,3,540.0182,1
9088,1,02/16/23,15:19,random,4,1,34,4,525.6474,1
9088,1,02/16/23,15:19,random,4,1,35,5,599.5179,1
9088,1,02/16/23,15:19,random,4,1,36,6,555.9499,1
9088,1,02/16/23,15:19,random,4,1,37,7,512.2031,1
9088,1,02/16/23,15:19,random,4,1,38,8,414.9608,1
9088,1,02/16/23,15:19,random,4,1,39,9,527.3307,1
9088,1,02/16/23,15:19,random,4,1,40,10,567.2617,1
9088,1,02/16/23,15:19,random,5,1,41,1,503.7979,1
9088,1,02/16/23,15:19,random,5,1,42,2,431.2513,1
9088,1,02/16/23,15:19,random,5,1,43,3,569.3814,1
9088,1,02/16/23,15:19,random,5,1,44,4,600.447,1
9088,1,02/16/23,15:19,random,5,1,45,5,580.152,1
9088,1,02/16/23,15:19,random,5,1,46,6,800.2482,1
9088,1,02/16/23,15:19,random,5,1,47,7,542.5272,1
9088,1,02/16/23,15:19,random,5,1,48,8,476.8036,1
9088,1,02/16/23,15:19,random,5,1,49,9,394.1227,1
9088,1,02/16/23,15:19,random,5,1,50,10,414.8574,1
9089,1,02/17/23,09:30,practice,0,1,1,1,1072.4352,1
9089,1,02/17/23,09:30,practice,0,1,2,2,756.8493,1
9089,1,02/17/23,09:30,practice,0,1,3,3,703.2241,1
9089,1,02/17/23,09:30,practice,0,1,4,4,494.7575,1
9089,1,02/17/23,09:30,practice,0,1,5,5,542.6556,1
9089,1,02/17/23,09:30,practice,0,1,6,6,597.5121,1
9089,1,02/17/23,09:30,practice,0,1,7,7,478.2349,1
9089,1,02/17/23,09:30,practice,0,1,8,8,459.929,1
9089,1,02/17/23,09:30,random,1,1,1,1,552.6376,1
9089,1,02/17/23,09:30,random,1,1,2,2,496.374,1
9089,1,02/17/23,09:30,random,1,1,3,3,494.7611,1
9089,1,02/17/23,09:30,random,1,1,4,4,522.4268,1
9089,1,02/17/23,09:30,random,1,1,5,5,477.5404,1
9089,1,02/17/23,09:30,random,1,1,6,6,414.091,1
9089,1,02/17/23,09:30,random,1,1,7,7,516.2632,1
9089,1,02/17/23,09:30,random,1,1,8,8,622.8686,1
9089,1,02/17/23,09:30,random,1,1,9,9,521.5946,1
9089,1,02/17/23,09:30,random,1,1,10,10,463.0391,1
9089,1,02/17/23,09:30,random,2,1,11,1,512.4075,1
9089,1,02/17/23,09:30,random,2,1,12,2,608.6799,1
9089,1,02/17/23,09:30,random,2,1,13,3,652.0998,1
9089,1,02/17/23,09:30,random,2,1,14,4,435.5099,1
9089,1,02/17/23,09:30,random,2,1,15,5,517.8524,1
9089,1,02/17/23,09:30,random,2,1,16,6,456.659,1
9089,1,02/17/23,09:30,random,2,1,17,7,559.2414,1
9089,1,02/17/23,09:30,random,2,1,18,8,736.1933,1
9089,1,02/17/23,09:30,random,2,1,19,9,649.2196,1
9089,1,02/17/23,09:30,random,2,1,20,10,514.9744,1
9089,1,02/17/23,09:30,random,3,1,21,1,553.1141,1
9089,1,02/17/23,09:30,random,3,1,22,2,453.7191,1
9089,1,02/17/23,09:30,random,3,1,23,3,422.5637,1
9089,1,02/17/23,09:30,random,3,1,24,4,534.2612,1
9089,1,02/17/23,09:30,random,3,1,25,5,568.7667,1
9089,1,02/17/23,09:30,random,3,1,26,6,495.1824,1
9089,1,02/17/23,09:30,random,3,1,27,7,548.8083,1
9089,1,02/17/23,09:30,random,3,1,28,8,619.1597,1
9089,1,02/17/23,09:30,random,3,1,29,9,525.9828,1
9089,1,02/17/23,09:30,random,3,1,30,10,481.8334,1
9089,1,02/17/23,09:30,random,4,1,31,1,497.3786,1
9089,1,02/17/23,09:30,random,4,1,32,2,541.8193,1
9089,1,02/17/23,09:30,random,4,1,33,3,504.9607,1
9089,1,02/17/23,09:30,random,4,1,34,4,591.6289,1
9089,1,02/17/23,09:30,random,4,1,35,5,507.11130000000003,1
9089,1,02/17/23,09:30,random,4,1,36,6,440.3157,0
9089,1,02/17/23,09:30,random,4,1,37,7,736.8741,1
9089,1,02/17/23,09:30,random,4,1,38,8,475.763,1
9089,1,02/17/23,09:30,random,4,1,39,9,542.0127,1
9089,1,02/17/23,09:30,random,4,1,40,10,536.7655,1
9089,1,02/17/23,09:30,random,5,1,41,1,625.8057,1
9089,1,02/17/23,09:30,random,5,1,42,2,882.5734,1
9089,1,02/17/23,09:30,random,5,1,43,3,487.4902,1
9089,1,02/17/23,09:30,random,5,1,44,4,690.836,1
9089,1,02/17/23,09:30,random,5,1,45,5,567.1,1
9089,1,02/17/23,09:30,random,5,1,46,6,451.0437,1
9089,1,02/17/23,09:30,random,5,1,47,7,621.9248,1
9089,1,02/17/23,09:30,random,5,1,48,8,604.2964,1
9089,1,02/17/23,09:30,random,5,1,49,9,600.7363,1
9089,1,02/17/23,09:30,random,5,1,50,10,521.043,1
9090,1,02/17/23,09:10,practice,0,1,1,1,1146.5714,1
9090,1,02/17/23,09:10,practice,0,1,2,2,514.4077,1
9090,1,02/17/23,09:10,practice,0,1,3,3,496.9573,1
9090,1,02/17/23,09:10,practice,0,1,4,4,430.356,1
9090,1,02/17/23,09:10,practice,0,1,5,5,560.9152,1
9090,1,02/17/23,09:10,practice,0,1,6,6,477.6419,1
9090,1,02/17/23,09:10,practice,0,1,7,7,571.0838,1
9090,1,02/17/23,09:10,practice,0,1,8,8,388.047,1
9090,1,02/17/23,09:10,random,1,1,1,1,415.0836,1
9090,1,02/17/23,09:10,random,1,1,2,2,496.9961,1
9090,1,02/17/23,09:10,random,1,1,3,3,465.9891,1
9090,1,02/17/23,09:10,random,1,1,4,4,439.3797,1
9090,1,02/17/23,09:10,random,1,1,5,5,465.1642,1
9090,1,02/17/23,09:10,random,1,1,6,6,439.084,1
9090,1,02/17/23,09:10,random,1,1,7,7,433.3236,1
9090,1,02/17/23,09:10,random,1,1,8,8,470.6878,1
9090,1,02/17/23,09:10,random,1,1,9,9,479.683,1
9090,1,02/17/23,09:10,random,1,1,10,10,459.5555,1
9090,1,02/17/23,09:10,random,2,1,11,1,432.0399,1
9090,1,02/17/23,09:10,random,2,1,12,2,432.7078,1
9090,1,02/17/23,09:10,random,2,1,13,3,432.1747,1
9090,1,02/17/23,09:10,random,2,1,14,4,547.13,1
9090,1,02/17/23,09:10,random,2,1,15,5,427.98630000000003,1
9090,1,02/17/23,09:10,random,2,1,16,6,443.3845,1
9090,1,02/17/23,09:10,random,2,1,17,7,459.601,1
9090,1,02/17/23,09:10,random,2,1,18,8,476.6714,1
9090,1,02/17/23,09:10,random,2,1,19,9,412.0091,1
9090,1,02/17/23,09:10,random,2,1,20,10,375.3985,1
9090,1,02/17/23,09:10,random,3,1,21,1,435.1192,1
9090,1,02/17/23,09:10,random,3,1,22,2,412.3924,1
9090,1,02/17/23,09:10,random,3,1,23,3,446.0552,1
9090,1,02/17/23,09:10,random,3,1,24,4,438.6336,1
9090,1,02/17/23,09:10,random,3,1,25,5,348.9287,1
9090,1,02/17/23,09:10,random,3,1,26,6,460.0572,1
9090,1,02/17/23,09:10,random,3,1,27,7,420.7365,1
9090,1,02/17/23,09:10,random,3,1,28,8,372.3659,1
9090,1,02/17/23,09:10,random,3,1,29,9,347.8206,1
9090,1,02/17/23,09:10,random,3,1,30,10,421.2236,1
9090,1,02/17/23,09:10,random,4,1,31,1,466.5167,1
9090,1,02/17/23,09:10,random,4,1,32,2,472.3643,1
9090,1,02/17/23,09:10,random,4,1,33,3,341.3228,1
9090,1,02/17/23,09:10,random,4,1,34,4,396.687,1
9090,1,02/17/23,09:10,random,4,1,35,5,341.7837,1
9090,1,02/17/23,09:10,random,4,1,36,6,376.5948,1
9090,1,02/17/23,09:10,random,4,1,37,7,425.9924,1
9090,1,02/17/23,09:10,random,4,1,38,8,487.545,1
9090,1,02/17/23,09:10,random,4,1,39,9,556.2749,1
9090,1,02/17/23,09:10,random,4,1,40,10,370.3033,1
9090,1,02/17/23,09:10,random,5,1,41,1,364.5277,1
9090,1,02/17/23,09:10,random,5,1,42,2,408.3523,1
9090,1,02/17/23,09:10,random,5,1,43,3,432.4093,1
9090,1,02/17/23,09:10,random,5,1,44,4,492.9592,1
9090,1,02/17/23,09:10,random,5,1,45,5,511.0032,1
9090,1,02/17/23,09:10,random,5,1,46,6,476.8469,1
9090,1,02/17/23,09:10,random,5,1,47,7,418.5564,1
9090,1,02/17/23,09:10,random,5,1,48,8,394.0934,1
9090,1,02/17/23,09:10,random,5,1,49,9,424.7117,1
9090,1,02/17/23,09:10,random,5,1,50,10,383.9069,1
9092,1,02/17/23,12:11,practice,0,1,1,1,597.602,1
9092,1,02/17/23,12:11,practice,0,1,2,2,1045.9753,1
9092,1,02/17/23,12:11,practice,0,1,3,3,478.697,1
9092,1,02/17/23,12:11,practice,0,1,4,4,445.9754,1
9092,1,02/17/23,12:11,practice,0,1,5,5,537.9613,1
9092,1,02/17/23,12:11,practice,0,1,6,6,417.3996,1
9092,1,02/17/23,12:11,practice,0,1,7,7,935.0207,1
9092,1,02/17/23,12:11,practice,0,1,8,8,931.787,1
9092,1,02/17/23,12:11,random,1,1,1,1,496.9193,1
9092,1,02/17/23,12:11,random,1,1,2,2,734.4532,1
9092,1,02/17/23,12:11,random,1,1,3,3,515.1238,1
9092,1,02/17/23,12:11,random,1,1,4,4,419.4821,1
9092,1,02/17/23,12:11,random,1,1,5,5,642.1785,1
9092,1,02/17/23,12:11,random,1,1,6,6,510.1463,1
9092,1,02/17/23,12:11,random,1,1,7,7,537.0619,1
9092,1,02/17/23,12:11,random,1,1,8,8,496.7234,1
9092,1,02/17/23,12:11,random,1,1,9,9,486.8359,1
9092,1,02/17/23,12:11,random,1,1,10,10,784.573,1
9092,1,02/17/23,12:11,random,2,1,11,1,521.7606,1
9092,1,02/17/23,12:11,random,2,1,12,2,509.7716,1
9092,1,02/17/23,12:11,random,2,1,13,3,430.2757,1
9092,1,02/17/23,12:11,random,2,1,14,4,528.2653,1
9092,1,02/17/23,12:11,random,2,1,15,5,480.013,1
9092,1,02/17/23,12:11,random,2,1,16,6,455.4827,0
9092,1,02/17/23,12:11,random,2,1,17,7,4.05470000001,0
9092,1,02/17/23,12:11,random,2,1,18,8,659.4365,1
9092,1,02/17/23,12:11,random,2,1,19,9,552.5408,1
9092,1,02/17/23,12:11,random,2,1,20,10,624.6588,1
9092,1,02/17/23,12:11,random,3,1,21,1,464.8822,1
9092,1,02/17/23,12:11,random,3,1,22,2,565.8689,1
9092,1,02/17/23,12:11,random,3,1,23,3,613.2962,1
9092,1,02/17/23,12:11,random,3,1,24,4,555.0357,1
9092,1,02/17/23,12:11,random,3,1,25,5,633.1101,1
9092,1,02/17/23,12:11,random,3,1,26,6,829.671,1
9092,1,02/17/23,12:11,random,3,1,27,7,604.5592,1
9092,1,02/17/23,12:11,random,3,1,28,8,616.7241,1
9092,1,02/17/23,12:11,random,3,1,29,9,624.9643,1
9092,1,02/17/23,12:11,random,3,1,30,10,865.9969,1
9092,1,02/17/23,12:11,random,4,1,31,1,684.9455,1
9092,1,02/17/23,12:11,random,4,1,32,2,633.9327,0
9092,1,02/17/23,12:11,random,4,1,33,3,556.9666,1
9092,1,02/17/23,12:11,random,4,1,34,4,530.3774,1
9092,1,02/17/23,12:11,random,4,1,35,5,526.4861,1
9092,1,02/17/23,12:11,random,4,1,36,6,496.1973,1
9092,1,02/17/23,12:11,random,4,1,37,7,664.194,1
9092,1,02/17/23,12:11,random,4,1,38,8,713.0141,1
9092,1,02/17/23,12:11,random,4,1,39,9,782.2679,1
9092,1,02/17/23,12:11,random,4,1,40,10,682.1443,1
9092,1,02/17/23,12:11,random,5,1,41,1,624.4245,1
9092,1,02/17/23,12:11,random,5,1,42,2,631.8922,1
9092,1,02/17/23,12:11,random,5,1,43,3,527.4889,1
9092,1,02/17/23,12:11,random,5,1,44,4,794.5312,1
9092,1,02/17/23,12:11,random,5,1,45,5,822.954,1
9092,1,02/17/23,12:11,random,5,1,46,6,617.334,1
9092,1,02/17/23,12:11,random,5,1,47,7,722.0955,1
9092,1,02/17/23,12:11,random,5,1,48,8,640.6815,1
9092,1,02/17/23,12:11,random,5,1,49,9,607.2263,1
9092,1,02/17/23,12:11,random,5,1,50,10,673.4773,1
9093,1,02/17/23,12:18,practice,0,1,1,1,19991.9586,0
9093,1,02/17/23,12:18,practice,0,1,2,2,3024.383,0
9093,1,02/17/23,12:18,practice,0,1,3,3,7993.7258,1
9093,1,02/17/23,12:18,practice,0,1,4,4,2579.3583,1
9093,1,02/17/23,12:18,practice,0,1,5,5,5160.2519,1
9093,1,02/17/23,12:18,practice,0,1,6,6,358.4507,1
9093,1,02/17/23,12:18,practice,0,1,7,7,1345.6184,1
9093,1,02/17/23,12:18,practice,0,1,8,8,1136.1261,1
9093,1,02/17/23,12:18,random,1,1,1,1,1109.5403,1
9093,1,02/17/23,12:18,random,1,1,2,2,674.9145,1
9093,1,02/17/23,12:18,random,1,1,3,3,712.0387,1
9093,1,02/17/23,12:18,random,1,1,4,4,976.9722,1
9093,1,02/17/23,12:18,random,1,1,5,5,619.6028,1
9093,1,02/17/23,12:18,random,1,1,6,6,604.8334,1
9093,1,02/17/23,12:18,random,1,1,7,7,475.8157,1
9093,1,02/17/23,12:18,random,1,1,8,8,786.9709,1
9093,1,02/17/23,12:18,random,1,1,9,9,604.0992,1
9093,1,02/17/23,12:18,random,1,1,10,10,561.2548,1
9093,1,02/17/23,12:18,random,2,1,11,1,657.46,1
9093,1,02/17/23,12:18,random,2,1,12,2,639.671,1
9093,1,02/17/23,12:18,random,2,1,13,3,777.1579,1
9093,1,02/17/23,12:18,random,2,1,14,4,507.0757,1
9093,1,02/17/23,12:18,random,2,1,15,5,600.9672,1
9093,1,02/17/23,12:18,random,2,1,16,6,527.7973,1
9093,1,02/17/23,12:18,random,2,1,17,7,598.8102,1
9093,1,02/17/23,12:18,random,2,1,18,8,552.4112,1
9093,1,02/17/23,12:18,random,2,1,19,9,451.7953,1
9093,1,02/17/23,12:18,random,2,1,20,10,379.7258,1
9093,1,02/17/23,12:18,random,3,1,21,1,586.5693,1
9093,1,02/17/23,12:18,random,3,1,22,2,490.6041,1
9093,1,02/17/23,12:18,random,3,1,23,3,941.7948,1
9093,1,02/17/23,12:18,random,3,1,24,4,833.0929,1
9093,1,02/17/23,12:18,random,3,1,25,5,496.7987,1
9093,1,02/17/23,12:18,random,3,1,26,6,477.1639,1
9093,1,02/17/23,12:18,random,3,1,27,7,614.2512,1
9093,1,02/17/23,12:18,random,3,1,28,8,733.5942,1
9093,1,02/17/23,12:18,random,3,1,29,9,1119.1283,1
9093,1,02/17/23,12:18,random,3,1,30,10,1245.024,1
9093,1,02/17/23,12:18,random,4,1,31,1,1220.3096,1
9093,1,02/17/23,12:18,random,4,1,32,2,634.4285,1
9093,1,02/17/23,12:18,random,4,1,33,3,719.95,1
9093,1,02/17/23,12:18,random,4,1,34,4,917.1713,1
9093,1,02/17/23,12:18,random,4,1,35,5,754.4974,1
9093,1,02/17/23,12:18,random,4,1,36,6,1046.9026,1
9093,1,02/17/23,12:18,random,4,1,37,7,624.9457,1
9093,1,02/17/23,12:18,random,4,1,38,8,491.5455,1
9093,1,02/17/23,12:18,random,4,1,39,9,685.5927,1
9093,1,02/17/23,12:18,random,4,1,40,10,1369.4974,1
9093,1,02/17/23,12:18,random,5,1,41,1,476.2716,1
9093,1,02/17/23,12:18,random,5,1,42,2,539.5424,1
9093,1,02/17/23,12:18,random,5,1,43,3,586.6277,1
9093,1,02/17/23,12:18,random,5,1,44,4,677.9187,1
9093,1,02/17/23,12:18,random,5,1,45,5,713.6875,1
9093,1,02/17/23,12:18,random,5,1,46,6,430.8722,1
9093,1,02/17/23,12:18,random,5,1,47,7,674.1986,1
9093,1,02/17/23,12:18,random,5,1,48,8,1192.6613,1
9093,1,02/17/23,12:18,random,5,1,49,9,1329.1753,1
9093,1,02/17/23,12:18,random,5,1,50,10,437.1824,1
9095,1,02/17/23,15:15,practice,0,1,1,1,763.8811,1
9095,1,02/17/23,15:15,practice,0,1,2,2,573.3582,1
9095,1,02/17/23,15:15,practice,0,1,3,3,568.6922,1
9095,1,02/17/23,15:15,practice,0,1,4,4,668.7638,1
9095,1,02/17/23,15:15,practice,0,1,5,5,489.3026,1
9095,1,02/17/23,15:15,practice,0,1,6,6,460.7079,1
9095,1,02/17/23,15:15,practice,0,1,7,7,1468.7233,1
9095,1,02/17/23,15:15,practice,0,1,8,8,929.7633,1
9095,1,02/17/23,15:15,random,1,1,1,1,700.5794,1
9095,1,02/17/23,15:15,random,1,1,2,2,472.5658,1
9095,1,02/17/23,15:15,random,1,1,3,3,517.0294,1
9095,1,02/17/23,15:15,random,1,1,4,4,487.8763,1
9095,1,02/17/23,15:15,random,1,1,5,5,542.8226,1
9095,1,02/17/23,15:15,random,1,1,6,6,473.5942,1
9095,1,02/17/23,15:15,random,1,1,7,7,376.5986,1
9095,1,02/17/23,15:15,random,1,1,8,8,416.5166,1
9095,1,02/17/23,15:15,random,1,1,9,9,446.311,1
9095,1,02/17/23,15:15,random,1,1,10,10,525.1143,1
9095,1,02/17/23,15:15,random,2,1,11,1,545.6093,1
9095,1,02/17/23,15:15,random,2,1,12,2,364.0619,1
9095,1,02/17/23,15:15,random,2,1,13,3,433.7901,1
9095,1,02/17/23,15:15,random,2,1,14,4,462.4572,1
9095,1,02/17/23,15:15,random,2,1,15,5,521.9826,1
9095,1,02/17/23,15:15,random,2,1,16,6,368.3124,1
9095,1,02/17/23,15:15,random,2,1,17,7,463.8965,1
9095,1,02/17/23,15:15,random,2,1,18,8,447.5111,1
9095,1,02/17/23,15:15,random,2,1,19,9,601.3242,1
9095,1,02/17/23,15:15,random,2,1,20,10,474.2482,1
9095,1,02/17/23,15:15,random,3,1,21,1,413.0431,1
9095,1,02/17/23,15:15,random,3,1,22,2,332.5999,1
9095,1,02/17/23,15:15,random,3,1,23,3,472.1314,1
9095,1,02/17/23,15:15,random,3,1,24,4,436.6178,1
9095,1,02/17/23,15:15,random,3,1,25,5,421.6127,1
9095,1,02/17/23,15:15,random,3,1,26,6,533.4262,1
9095,1,02/17/23,15:15,random,3,1,27,7,534.5678,1
9095,1,02/17/23,15:15,random,3,1,28,8,523.9618,1
9095,1,02/17/23,15:15,random,3,1,29,9,549.0615,1
9095,1,02/17/23,15:15,random,3,1,30,10,482.0633,1
9095,1,02/17/23,15:15,random,4,1,31,1,609.9053,1
9095,1,02/17/23,15:15,random,4,1,32,2,510.6637,1
9095,1,02/17/23,15:15,random,4,1,33,3,515.5377,1
9095,1,02/17/23,15:15,random,4,1,34,4,628.8866,1
9095,1,02/17/23,15:15,random,4,1,35,5,635.5551,1
9095,1,02/17/23,15:15,random,4,1,36,6,606.6494,1
9095,1,02/17/23,15:15,random,4,1,37,7,425.6805,1
9095,1,02/17/23,15:15,random,4,1,38,8,401.944,1
9095,1,02/17/23,15:15,random,4,1,39,9,631.6336,1
9095,1,02/17/23,15:15,random,4,1,40,10,524.7213,1
9095,1,02/17/23,15:15,random,5,1,41,1,533.296,1
9095,1,02/17/23,15:15,random,5,1,42,2,596.2356,1
9095,1,02/17/23,15:15,random,5,1,43,3,659.453,1
9095,1,02/17/23,15:15,random,5,1,44,4,413.7492,1
9095,1,02/17/23,15:15,random,5,1,45,5,519.0492,1
9095,1,02/17/23,15:15,random,5,1,46,6,415.0442,1
9095,1,02/17/23,15:15,random,5,1,47,7,547.5999,1
9095,1,02/17/23,15:15,random,5,1,48,8,437.8378,1
9095,1,02/17/23,15:15,random,5,1,49,9,455.589,1
9095,1,02/17/23,15:15,random,5,1,50,10,655.5708,1
9096,1,02/17/23,15:17,practice,0,1,1,1,645.424,1
9096,1,02/17/23,15:17,practice,0,1,2,2,444.5491,1
9096,1,02/17/23,15:17,practice,0,1,3,3,592.5282,1
9096,1,02/17/23,15:17,practice,0,1,4,4,508.5471,1
9096,1,02/17/23,15:17,practice,0,1,5,5,380.1835,1
9096,1,02/17/23,15:17,practice,0,1,6,6,404.972,1
9096,1,02/17/23,15:17,practice,0,1,7,7,476.7217,1
9096,1,02/17/23,15:17,practice,0,1,8,8,658.3519,1
9096,1,02/17/23,15:17,random,1,1,1,1,546.0001,1
9096,1,02/17/23,15:17,random,1,1,2,2,452.6067,1
9096,1,02/17/23,15:17,random,1,1,3,3,421.08,1
9096,1,02/17/23,15:17,random,1,1,4,4,402.9352,1
9096,1,02/17/23,15:17,random,1,1,5,5,431.67380000000003,1
9096,1,02/17/23,15:17,random,1,1,6,6,379.711,1
9096,1,02/17/23,15:17,random,1,1,7,7,443.5214,1
9096,1,02/17/23,15:17,random,1,1,8,8,467.3009,1
9096,1,02/17/23,15:17,random,1,1,9,9,377.0132,1
9096,1,02/17/23,15:17,random,1,1,10,10,392.6719,1
9096,1,02/17/23,15:17,random,2,1,11,1,359.71,1
9096,1,02/17/23,15:17,random,2,1,12,2,423.6928,1
9096,1,02/17/23,15:17,random,2,1,13,3,323.8223,1
9096,1,02/17/23,15:17,random,2,1,14,4,439.2431,1
9096,1,02/17/23,15:17,random,2,1,15,5,445.8323,1
9096,1,02/17/23,15:17,random,2,1,16,6,508.3542,1
9096,1,02/17/23,15:17,random,2,1,17,7,458.5973,1
9096,1,02/17/23,15:17,random,2,1,18,8,590.5135,1
9096,1,02/17/23,15:17,random,2,1,19,9,424.9501,0
9096,1,02/17/23,15:17,random,2,1,20,10,9.85150000002,0
9096,1,02/17/23,15:17,random,3,1,21,1,4.18439999997,1
9096,1,02/17/23,15:17,random,3,1,22,2,472.5183,1
9096,1,02/17/23,15:17,random,3,1,23,3,482.9463,0
9096,1,02/17/23,15:17,random,3,1,24,4,563.4691,1
9096,1,02/17/23,15:17,random,3,1,25,5,515.5987,1
9096,1,02/17/23,15:17,random,3,1,26,6,436.302,1
9096,1,02/17/23,15:17,random,3,1,27,7,573.55,1
9096,1,02/17/23,15:17,random,3,1,28,8,374.0155,1
9096,1,02/17/23,15:17,random,3,1,29,9,440.0139,1
9096,1,02/17/23,15:17,random,3,1,30,10,456.9517,1
9096,1,02/17/23,15:17,random,4,1,31,1,547.5079,1
9096,1,02/17/23,15:17,random,4,1,32,2,444.6955,1
9096,1,02/17/23,15:17,random,4,1,33,3,377.6655,1
9096,1,02/17/23,15:17,random,4,1,34,4,384.2469,1
9096,1,02/17/23,15:17,random,4,1,35,5,450.8051,1
9096,1,02/17/23,15:17,random,4,1,36,6,408.0268,1
9096,1,02/17/23,15:17,random,4,1,37,7,457.2239,1
9096,1,02/17/23,15:17,random,4,1,38,8,481.4662,1
9096,1,02/17/23,15:17,random,4,1,39,9,382.6183,1
9096,1,02/17/23,15:17,random,4,1,40,10,458.0978,1
9096,1,02/17/23,15:17,random,5,1,41,1,398.4813,1
9096,1,02/17/23,15:17,random,5,1,42,2,434.8015,1
9096,1,02/17/23,15:17,random,5,1,43,3,417.9442,1
9096,1,02/17/23,15:17,random,5,1,44,4,429.3802,1
9096,1,02/17/23,15:17,random,5,1,45,5,375.6603,1
9096,1,02/17/23,15:17,random,5,1,46,6,493.1644,1
9096,1,02/17/23,15:17,random,5,1,47,7,806.6294,1
9096,1,02/17/23,15:17,random,5,1,48,8,837.6587,1
9096,1,02/17/23,15:17,random,5,1,49,9,486.2547,1
9096,1,02/17/23,15:17,random,5,1,50,10,580.8595,1
9097,1,02/17/23,15:14,practice,0,1,1,1,4741.5653,1
9097,1,02/17/23,15:14,practice,0,1,2,2,661.4431,1
9097,1,02/17/23,15:14,practice,0,1,3,3,725.4353,1
9097,1,02/17/23,15:14,practice,0,1,4,4,805.5084,1
9097,1,02/17/23,15:14,practice,0,1,5,5,644.5757,1
9097,1,02/17/23,15:14,practice,0,1,6,6,606.5413,1
9097,1,02/17/23,15:14,practice,0,1,7,7,446.4027,1
9097,1,02/17/23,15:14,practice,0,1,8,8,923.4744,1
9097,1,02/17/23,15:14,random,1,1,1,1,739.3519,1
9097,1,02/17/23,15:14,random,1,1,2,2,742.2361,1
9097,1,02/17/23,15:14,random,1,1,3,3,629.3741,1
9097,1,02/17/23,15:14,random,1,1,4,4,556.8643,1
9097,1,02/17/23,15:14,random,1,1,5,5,583.4664,1
9097,1,02/17/23,15:14,random,1,1,6,6,530.8829,1
9097,1,02/17/23,15:14,random,1,1,7,7,593.9408,1
9097,1,02/17/23,15:14,random,1,1,8,8,594.7756,1
9097,1,02/17/23,15:14,random,1,1,9,9,683.1337,1
9097,1,02/17/23,15:14,random,1,1,10,10,496.1789,1
9097,1,02/17/23,15:14,random,2,1,11,1,535.0718,1
9097,1,02/17/23,15:14,random,2,1,12,2,707.2856,1
9097,1,02/17/23,15:14,random,2,1,13,3,517.7565,1
9097,1,02/17/23,15:14,random,2,1,14,4,534.6809,1
9097,1,02/17/23,15:14,random,2,1,15,5,643.2707,1
9097,1,02/17/23,15:14,random,2,1,16,6,589.6737,1
9097,1,02/17/23,15:14,random,2,1,17,7,532.8959,1
9097,1,02/17/23,15:14,random,2,1,18,8,578.4642,1
9097,1,02/17/23,15:14,random,2,1,19,9,559.6491,1
9097,1,02/17/23,15:14,random,2,1,20,10,485.4784,1
9097,1,02/17/23,15:14,random,3,1,21,1,473.6107,1
9097,1,02/17/23,15:14,random,3,1,22,2,782.2438,1
9097,1,02/17/23,15:14,random,3,1,23,3,529.275,1
9097,1,02/17/23,15:14,random,3,1,24,4,536.8222,1
9097,1,02/17/23,15:14,random,3,1,25,5,465.4628,1
9097,1,02/17/23,15:14,random,3,1,26,6,778.4661,1
9097,1,02/17/23,15:14,random,3,1,27,7,538.2782,1
9097,1,02/17/23,15:14,random,3,1,28,8,609.3961,1
9097,1,02/17/23,15:14,random,3,1,29,9,651.5938,1
9097,1,02/17/23,15:14,random,3,1,30,10,503.7391,1
9097,1,02/17/23,15:14,random,4,1,31,1,564.1519,1
9097,1,02/17/23,15:14,random,4,1,32,2,528.2675,1
9097,1,02/17/23,15:14,random,4,1,33,3,451.3316,1
9097,1,02/17/23,15:14,random,4,1,34,4,502.3305,1
9097,1,02/17/23,15:14,random,4,1,35,5,457.4869,1
9097,1,02/17/23,15:14,random,4,1,36,6,500.6981,1
9097,1,02/17/23,15:14,random,4,1,37,7,430.2964,1
9097,1,02/17/23,15:14,random,4,1,38,8,668.0134,1
9097,1,02/17/23,15:14,random,4,1,39,9,505.173,1
9097,1,02/17/23,15:14,random,4,1,40,10,509.1233,1
9097,1,02/17/23,15:14,random,5,1,41,1,523.0703,1
9097,1,02/17/23,15:14,random,5,1,42,2,513.4305,1
9097,1,02/17/23,15:14,random,5,1,43,3,527.2486,1
9097,1,02/17/23,15:14,random,5,1,44,4,532.0894,1
9097,1,02/17/23,15:14,random,5,1,45,5,444.6758,1
9097,1,02/17/23,15:14,random,5,1,46,6,435.0595,1
9097,1,02/17/23,15:14,random,5,1,47,7,487.7438,1
9097,1,02/17/23,15:14,random,5,1,48,8,403.448,1
9097,1,02/17/23,15:14,random,5,1,49,9,488.4815,1
9097,1,02/17/23,15:14,random,5,1,50,10,499.1691,1
9100,1,04/05/23,09:21,practice,0,1,1,1,15017.3523,0
9100,1,04/05/23,09:21,practice,0,1,2,2,6098.459,0
9100,1,04/05/23,09:21,practice,0,1,3,3,3150.3092,0
9100,1,04/05/23,09:21,practice,0,1,4,4,952.751,1
9100,1,04/05/23,09:21,practice,0,1,5,5,869.2147,1
9100,1,04/05/23,09:21,practice,0,1,6,6,766.5414,1
9100,1,04/05/23,09:21,practice,0,1,7,7,992.8453,1
9100,1,04/05/23,09:21,practice,0,1,8,8,1027.1425,1
9100,1,04/05/23,09:21,random,1,1,1,1,679.3186,1
9100,1,04/05/23,09:21,random,1,1,2,2,658.9225,1
9100,1,04/05/23,09:21,random,1,1,3,3,672.7516,1
9100,1,04/05/23,09:21,random,1,1,4,4,433.0664,1
9100,1,04/05/23,09:21,random,1,1,5,5,541.454,1
9100,1,04/05/23,09:21,random,1,1,6,6,656.249,1
9100,1,04/05/23,09:21,random,1,1,7,7,514.6879,1
9100,1,04/05/23,09:21,random,1,1,8,8,555.4346,1
9100,1,04/05/23,09:21,random,1,1,9,9,733.7223,1
9100,1,04/05/23,09:21,random,1,1,10,10,683.2153,1
9100,1,04/05/23,09:21,random,2,1,11,1,490.9454,1
9100,1,04/05/23,09:21,random,2,1,12,2,576.8932,1
9100,1,04/05/23,09:21,random,2,1,13,3,635.3086,1
9100,1,04/05/23,09:21,random,2,1,14,4,409.825,0
9100,1,04/05/23,09:21,random,2,1,15,5,637.826,1
9100,1,04/05/23,09:21,random,2,1,16,6,456.0929,1
9100,1,04/05/23,09:21,random,2,1,17,7,672.1471,1
9100,1,04/05/23,09:21,random,2,1,18,8,865.1615,1
9100,1,04/05/23,09:21,random,2,1,19,9,653.5736,1
9100,1,04/05/23,09:21,random,2,1,20,10,596.6784,1
9100,1,04/05/23,09:21,random,3,1,21,1,570.9455,1
9100,1,04/05/23,09:21,random,3,1,22,2,697.3337,1
9100,1,04/05/23,09:21,random,3,1,23,3,798.8494,1
9100,1,04/05/23,09:21,random,3,1,24,4,689.5055,1
9100,1,04/05/23,09:21,random,3,1,25,5,586.3582,1
9100,1,04/05/23,09:21,random,3,1,26,6,505.3469,1
9100,1,04/05/23,09:21,random,3,1,27,7,403.2196,1
9100,1,04/05/23,09:21,random,3,1,28,8,400.2923,1
9100,1,04/05/23,09:21,random,3,1,29,9,510.5158,1
9100,1,04/05/23,09:21,random,3,1,30,10,513.0082,1
9100,1,04/05/23,09:21,random,4,1,31,1,607.33,1
9100,1,04/05/23,09:21,random,4,1,32,2,618.4268,1
9100,1,04/05/23,09:21,random,4,1,33,3,505.0835,1
9100,1,04/05/23,09:21,random,4,1,34,4,522.4822,1
9100,1,04/05/23,09:21,random,4,1,35,5,464.707,1
9100,1,04/05/23,09:21,random,4,1,36,6,446.211,1
9100,1,04/05/23,09:21,random,4,1,37,7,511.6093,1
9100,1,04/05/23,09:21,random,4,1,38,8,616.3264,1
9100,1,04/05/23,09:21,random,4,1,39,9,396.9452,1
9100,1,04/05/23,09:21,random,4,1,40,10,853.7293,1
9100,1,04/05/23,09:21,random,5,1,41,1,507.4088,1
9100,1,04/05/23,09:21,random,5,1,42,2,918.2607,1
9100,1,04/05/23,09:21,random,5,1,43,3,416.4589,1
9100,1,04/05/23,09:21,random,5,1,44,4,671.4536,1
9100,1,04/05/23,09:21,random,5,1,45,5,647.0839,1
9100,1,04/05/23,09:21,random,5,1,46,6,499.6586,1
9100,1,04/05/23,09:21,random,5,1,47,7,552.1364,1
9100,1,04/05/23,09:21,random,5,1,48,8,452.6661,1
9100,1,04/05/23,09:21,random,5,1,49,9,608.7965,1
9100,1,04/05/23,09:21,random,5,1,50,10,758.528,1
9101,1,04/03/23,15:14,practice,0,1,1,1,1955.3824,1
9101,1,04/03/23,15:14,practice,0,1,2,2,843.4051,1
9101,1,04/03/23,15:14,practice,0,1,3,3,868.4366,1
9101,1,04/03/23,15:14,practice,0,1,4,4,624.5127,1
9101,1,04/03/23,15:14,practice,0,1,5,5,529.0689,1
9101,1,04/03/23,15:14,practice,0,1,6,6,758.4294,1
9101,1,04/03/23,15:14,practice,0,1,7,7,932.2678,1
9101,1,04/03/23,15:14,practice,0,1,8,8,760.7238,1
9101,1,04/03/23,15:14,random,1,1,1,1,853.7254,1
9101,1,04/03/23,15:14,random,1,1,2,2,561.1525,1
9101,1,04/03/23,15:14,random,1,1,3,3,533.7838,1
9101,1,04/03/23,15:14,random,1,1,4,4,838.1772,1
9101,1,04/03/23,15:14,random,1,1,5,5,820.0063,1
9101,1,04/03/23,15:14,random,1,1,6,6,670.2317,1
9101,1,04/03/23,15:14,random,1,1,7,7,957.5742,1
9101,1,04/03/23,15:14,random,1,1,8,8,565.0369,1
9101,1,04/03/23,15:14,random,1,1,9,9,537.3687,1
9101,1,04/03/23,15:14,random,1,1,10,10,697.2564,1
9101,1,04/03/23,15:14,random,2,1,11,1,611.3283,1
9101,1,04/03/23,15:14,random,2,1,12,2,819.78510000000006,1
9101,1,04/03/23,15:14,random,2,1,13,3,476.906,1
9101,1,04/03/23,15:14,random,2,1,14,4,755.1598,1
9101,1,04/03/23,15:14,random,2,1,15,5,523.7624,1
9101,1,04/03/23,15:14,random,2,1,16,6,801.3727,1
9101,1,04/03/23,15:14,random,2,1,17,7,853.3316,1
9101,1,04/03/23,15:14,random,2,1,18,8,707.6704,1
9101,1,04/03/23,15:14,random,2,1,19,9,556.5341,1
9101,1,04/03/23,15:14,random,2,1,20,10,677.9993,1
9101,1,04/03/23,15:14,random,3,1,21,1,701.2058,1
9101,1,04/03/23,15:14,random,3,1,22,2,705.166,1
9101,1,04/03/23,15:14,random,3,1,23,3,521.5049,1
9101,1,04/03/23,15:14,random,3,1,24,4,852.5605,1
9101,1,04/03/23,15:14,random,3,1,25,5,516.1867,1
9101,1,04/03/23,15:14,random,3,1,26,6,548.2883,1
9101,1,04/03/23,15:14,random,3,1,27,7,703.9924,1
9101,1,04/03/23,15:14,random,3,1,28,8,649.5978,1
9101,1,04/03/23,15:14,random,3,1,29,9,500.695,1
9101,1,04/03/23,15:14,random,3,1,30,10,688.1173,1
9101,1,04/03/23,15:14,random,4,1,31,1,493.9601,1
9101,1,04/03/23,15:14,random,4,1,32,2,503.3655,1
9101,1,04/03/23,15:14,random,4,1,33,3,773.1239,1
9101,1,04/03/23,15:14,random,4,1,34,4,525.3822,1
9101,1,04/03/23,15:14,random,4,1,35,5,653.1256,1
9101,1,04/03/23,15:14,random,4,1,36,6,537.6474,1
9101,1,04/03/23,15:14,random,4,1,37,7,689.6206,1
9101,1,04/03/23,15:14,random,4,1,38,8,686.2207,1
9101,1,04/03/23,15:14,random,4,1,39,9,668.9041,1
9101,1,04/03/23,15:14,random,4,1,40,10,621.9752,1
9101,1,04/03/23,15:14,random,5,1,41,1,510.5524,1
9101,1,04/03/23,15:14,random,5,1,42,2,762.0347,1
9101,1,04/03/23,15:14,random,5,1,43,3,668.0477,1
9101,1,04/03/23,15:14,random,5,1,44,4,530.2601,1
9101,1,04/03/23,15:14,random,5,1,45,5,467.3405,1
9101,1,04/03/23,15:14,random,5,1,46,6,700.9306,1
9101,1,04/03/23,15:14,random,5,1,47,7,519.3792,1
9101,1,04/03/23,15:14,random,5,1,48,8,551.5815,1
9101,1,04/03/23,15:14,random,5,1,49,9,496.8316,1
9101,1,04/03/23,15:14,random,5,1,50,10,641.5788,1
9102,1,04/03/23,15:21,practice,0,1,1,1,742.8312,1
9102,1,04/03/23,15:21,practice,0,1,2,2,494.7293,0
9102,1,04/03/23,15:21,practice,0,1,3,3,1085.4592,1
9102,1,04/03/23,15:21,practice,0,1,4,4,574.6174,1
9102,1,04/03/23,15:21,practice,0,1,5,5,502.2015,1
9102,1,04/03/23,15:21,practice,0,1,6,6,597.8965,1
9102,1,04/03/23,15:21,practice,0,1,7,7,293.6345,1
9102,1,04/03/23,15:21,practice,0,1,8,8,445.1044,1
9102,1,04/03/23,15:21,random,1,1,1,1,466.969,1
9102,1,04/03/23,15:21,random,1,1,2,2,466.3579,1
9102,1,04/03/23,15:21,random,1,1,3,3,409.4177,1
9102,1,04/03/23,15:21,random,1,1,4,4,472.5267,1
9102,1,04/03/23,15:21,random,1,1,5,5,485.7121,1
9102,1,04/03/23,15:21,random,1,1,6,6,512.1048,1
9102,1,04/03/23,15:21,random,1,1,7,7,432.2939,1
9102,1,04/03/23,15:21,random,1,1,8,8,425.0116,1
9102,1,04/03/23,15:21,random,1,1,9,9,421.7265,1
9102,1,04/03/23,15:21,random,1,1,10,10,463.1079,1
9102,1,04/03/23,15:21,random,2,1,11,1,527.667,1
9102,1,04/03/23,15:21,random,2,1,12,2,465.182,1
9102,1,04/03/23,15:21,random,2,1,13,3,415.2008,1
9102,1,04/03/23,15:21,random,2,1,14,4,547.3934,1
9102,1,04/03/23,15:21,random,2,1,15,5,455.0239,1
9102,1,04/03/23,15:21,random,2,1,16,6,527.7166,1
9102,1,04/03/23,15:21,random,2,1,17,7,511.7209,1
9102,1,04/03/23,15:21,random,2,1,18,8,494.3484,1
9102,1,04/03/23,15:21,random,2,1,19,9,526.096,1
9102,1,04/03/23,15:21,random,2,1,20,10,379.0466,1
9102,1,04/03/23,15:21,random,3,1,21,1,476.6886,1
9102,1,04/03/23,15:21,random,3,1,22,2,504.017,1
9102,1,04/03/23,15:21,random,3,1,23,3,456.7949,1
9102,1,04/03/23,15:21,random,3,1,24,4,455.5808,1
9102,1,04/03/23,15:21,random,3,1,25,5,375.6264,1
9102,1,04/03/23,15:21,random,3,1,26,6,336.6712,0
9102,1,04/03/23,15:21,random,3,1,27,7,433.9676,1
9102,1,04/03/23,15:21,random,3,1,28,8,339.8479,1
9102,1,04/03/23,15:21,random,3,1,29,9,548.5105,1
9102,1,04/03/23,15:21,random,3,1,30,10,322.581,1
9102,1,04/03/23,15:21,random,4,1,31,1,459.4044,1
9102,1,04/03/23,15:21,random,4,1,32,2,519.2439,1
9102,1,04/03/23,15:21,random,4,1,33,3,464.6315,1
9102,1,04/03/23,15:21,random,4,1,34,4,463.7161,1
9102,1,04/03/23,15:21,random,4,1,35,5,465.9684,1
9102,1,04/03/23,15:21,random,4,1,36,6,436.2874,1
9102,1,04/03/23,15:21,random,4,1,37,7,514.4747,1
9102,1,04/03/23,15:21,random,4,1,38,8,409.7804,1
9102,1,04/03/23,15:21,random,4,1,39,9,575.1163,1
9102,1,04/03/23,15:21,random,4,1,40,10,576.7962,1
9102,1,04/03/23,15:21,random,5,1,41,1,434.3839,1
9102,1,04/03/23,15:21,random,5,1,42,2,673.1189,1
9102,1,04/03/23,15:21,random,5,1,43,3,758.7941,1
9102,1,04/03/23,15:21,random,5,1,44,4,583.2841,1
9102,1,04/03/23,15:21,random,5,1,45,5,472.1645,1
9102,1,04/03/23,15:21,random,5,1,46,6,453.2108,1
9102,1,04/03/23,15:21,random,5,1,47,7,440.8646,1
9102,1,04/03/23,15:21,random,5,1,48,8,653.8054,1
9102,1,04/03/23,15:21,random,5,1,49,9,1174.4237,1
9102,1,04/03/23,15:21,random,5,1,50,10,735.436,1
9103,1,04/04/23,09:14,practice,0,1,1,1,582.1728,1
9103,1,04/04/23,09:14,practice,0,1,2,2,478.5013,1
9103,1,04/04/23,09:14,practice,0,1,3,3,518.1444,1
9103,1,04/04/23,09:14,practice,0,1,4,4,520.4733,1
9103,1,04/04/23,09:14,practice,0,1,5,5,373.6757,1
9103,1,04/04/23,09:14,practice,0,1,6,6,373.8673,1
9103,1,04/04/23,09:14,practice,0,1,7,7,502.221,1
9103,1,04/04/23,09:14,practice,0,1,8,8,421.4535,1
9103,1,04/04/23,09:14,random,1,1,1,1,860.8564,1
9103,1,04/04/23,09:14,random,1,1,2,2,357.5197,1
9103,1,04/04/23,09:14,random,1,1,3,3,447.9517,1
9103,1,04/04/23,09:14,random,1,1,4,4,540.1691,1
9103,1,04/04/23,09:14,random,1,1,5,5,539.3722,1
9103,1,04/04/23,09:14,random,1,1,6,6,392.5241,1
9103,1,04/04/23,09:14,random,1,1,7,7,388.3872,1
9103,1,04/04/23,09:14,random,1,1,8,8,532.3256,1
9103,1,04/04/23,09:14,random,1,1,9,9,349.6794,1
9103,1,04/04/23,09:14,random,1,1,10,10,415.8547,1
9103,1,04/04/23,09:14,random,2,1,11,1,423.5574,1
9103,1,04/04/23,09:14,random,2,1,12,2,412.7938,1
9103,1,04/04/23,09:14,random,2,1,13,3,417.2952,1
9103,1,04/04/23,09:14,random,2,1,14,4,471.8513,1
9103,1,04/04/23,09:14,random,2,1,15,5,460.8057,1
9103,1,04/04/23,09:14,random,2,1,16,6,361.1828,1
9103,1,04/04/23,09:14,random,2,1,17,7,360.5576,1
9103,1,04/04/23,09:14,random,2,1,18,8,436.6586,1
9103,1,04/04/23,09:14,random,2,1,19,9,444.8427,1
9103,1,04/04/23,09:14,random,2,1,20,10,444.4668,1
9103,1,04/04/23,09:14,random,3,1,21,1,599.4193,1
9103,1,04/04/23,09:14,random,3,1,22,2,426.1882,1
9103,1,04/04/23,09:14,random,3,1,23,3,482.2248,1
9103,1,04/04/23,09:14,random,3,1,24,4,388.2441,1
9103,1,04/04/23,09:14,random,3,1,25,5,633.5034,1
9103,1,04/04/23,09:14,random,3,1,26,6,487.4141,1
9103,1,04/04/23,09:14,random,3,1,27,7,641.8067,1
9103,1,04/04/23,09:14,random,3,1,28,8,447.7325,1
9103,1,04/04/23,09:14,random,3,1,29,9,602.8092,1
9103,1,04/04/23,09:14,random,3,1,30,10,534.3166,1
9103,1,04/04/23,09:14,random,4,1,31,1,670.8389,1
9103,1,04/04/23,09:14,random,4,1,32,2,949.3941,1
9103,1,04/04/23,09:14,random,4,1,33,3,567.1757,1
9103,1,04/04/23,09:14,random,4,1,34,4,527.1348,1
9103,1,04/04/23,09:14,random,4,1,35,5,536.8837,1
9103,1,04/04/23,09:14,random,4,1,36,6,614.4211,1
9103,1,04/04/23,09:14,random,4,1,37,7,345.8199,1
9103,1,04/04/23,09:14,random,4,1,38,8,399.4717,1
9103,1,04/04/23,09:14,random,4,1,39,9,370.3992,1
9103,1,04/04/23,09:14,random,4,1,40,10,379.5344,1
9103,1,04/04/23,09:14,random,5,1,41,1,490.5403,1
9103,1,04/04/23,09:14,random,5,1,42,2,711.2274,1
9103,1,04/04/23,09:14,random,5,1,43,3,623.3493,1
9103,1,04/04/23,09:14,random,5,1,44,4,642.6323,1
9103,1,04/04/23,09:14,random,5,1,45,5,861.8224,1
9103,1,04/04/23,09:14,random,5,1,46,6,643.6564,1
9103,1,04/04/23,09:14,random,5,1,47,7,687.8333,1
9103,1,04/04/23,09:14,random,5,1,48,8,1264.5842,1
9103,1,04/04/23,09:14,random,5,1,49,9,945.1981,1
9103,1,04/04/23,09:14,random,5,1,50,10,373.863,1
9104,1,04/04/23,09:28,practice,0,1,1,1,0.179400000008,0
9104,1,04/04/23,09:28,practice,0,1,2,2,1545.713,1
9104,1,04/04/23,09:28,practice,0,1,3,3,854.5897,1
9104,1,04/04/23,09:28,practice,0,1,4,4,970.9112,1
9104,1,04/04/23,09:28,practice,0,1,5,5,1268.1786,1
9104,1,04/04/23,09:28,practice,0,1,6,6,847.2277,1
9104,1,04/04/23,09:28,practice,0,1,7,7,1028.0148,0
9104,1,04/04/23,09:28,practice,0,1,8,8,495.121,1
9104,1,04/04/23,09:28,random,1,1,1,1,23.8629,0
9104,1,04/04/23,09:28,random,1,1,2,2,629.8489,1
9104,1,04/04/23,09:28,random,1,1,3,3,558.6028,1
9104,1,04/04/23,09:28,random,1,1,4,4,659.0947,1
9104,1,04/04/23,09:28,random,1,1,5,5,547.36,1
9104,1,04/04/23,09:28,random,1,1,6,6,1184.3435,1
9104,1,04/04/23,09:28,random,1,1,7,7,1093.8165,1
9104,1,04/04/23,09:28,random,1,1,8,8,701.7821,1
9104,1,04/04/23,09:28,random,1,1,9,9,655.7844,1
9104,1,04/04/23,09:28,random,1,1,10,10,556.3713,1
9104,1,04/04/23,09:28,random,2,1,11,1,832.1185,0
9104,1,04/04/23,09:28,random,2,1,12,2,15.2817,0
9104,1,04/04/23,09:28,random,2,1,13,3,748.2345,1
9104,1,04/04/23,09:28,random,2,1,14,4,714.2524,1
9104,1,04/04/23,09:28,random,2,1,15,5,702.7299,1
9104,1,04/04/23,09:28,random,2,1,16,6,512.5937,1
9104,1,04/04/23,09:28,random,2,1,17,7,493.182,1
9104,1,04/04/23,09:28,random,2,1,18,8,659.1111,1
9104,1,04/04/23,09:28,random,2,1,19,9,352.1992,1
9104,1,04/04/23,09:28,random,2,1,20,10,736.5364,1
9104,1,04/04/23,09:28,random,3,1,21,1,881.5544,1
9104,1,04/04/23,09:28,random,3,1,22,2,887.8408,1
9104,1,04/04/23,09:28,random,3,1,23,3,620.2118,1
9104,1,04/04/23,09:28,random,3,1,24,4,528.5769,1
9104,1,04/04/23,09:28,random,3,1,25,5,521.5687,1
9104,1,04/04/23,09:28,random,3,1,26,6,520.7948,1
9104,1,04/04/23,09:28,random,3,1,27,7,442.1062,1
9104,1,04/04/23,09:28,random,3,1,28,8,386.6668,0
9104,1,04/04/23,09:28,random,3,1,29,9,321.5619,0
9104,1,04/04/23,09:28,random,3,1,30,10,14.86,0
9104,1,04/04/23,09:28,random,4,1,31,1,3.63130000001,0
9104,1,04/04/23,09:28,random,4,1,32,2,14.3459,0
9104,1,04/04/23,09:28,random,4,1,33,3,638.5095,0
9104,1,04/04/23,09:28,random,4,1,34,4,512.1212,1
9104,1,04/04/23,09:28,random,4,1,35,5,437.7593,1
9104,1,04/04/23,09:28,random,4,1,36,6,602.9451,1
9104,1,04/04/23,09:28,random,4,1,37,7,575.032,1
9104,1,04/04/23,09:28,random,4,1,38,8,907.4872,1
9104,1,04/04/23,09:28,random,4,1,39,9,523.0499,1
9104,1,04/04/23,09:28,random,4,1,40,10,435.5848,1
9104,1,04/04/23,09:28,random,5,1,41,1,1080.1263,1
9104,1,04/04/23,09:28,random,5,1,42,2,559.9255,1
9104,1,04/04/23,09:28,random,5,1,43,3,631.5661,0
9104,1,04/04/23,09:28,random,5,1,44,4,425.9594,1
9104,1,04/04/23,09:28,random,5,1,45,5,652.1857,1
9104,1,04/04/23,09:28,random,5,1,46,6,384.6406,1
9104,1,04/04/23,09:28,random,5,1,47,7,508.2272,1
9104,1,04/04/23,09:28,random,5,1,48,8,680.2842,0
9104,1,04/04/23,09:28,random,5,1,49,9,1361.2286,1
9104,1,04/04/23,09:28,random,5,1,50,10,927.7303,1
9105,1,04/04/23,12:25,practice,0,1,1,1,966.071,1
9105,1,04/04/23,12:25,practice,0,1,2,2,1933.6053,1
9105,1,04/04/23,12:25,practice,0,1,3,3,661.3923,1
9105,1,04/04/23,12:25,practice,0,1,4,4,735.4206,1
9105,1,04/04/23,12:25,practice,0,1,5,5,628.283,1
9105,1,04/04/23,12:25,practice,0,1,6,6,668.7586,1
9105,1,04/04/23,12:25,practice,0,1,7,7,709.2591,0
9105,1,04/04/23,12:25,practice,0,1,8,8,605.3846,1
9105,1,04/04/23,12:25,random,1,1,1,1,681.4881,1
9105,1,04/04/23,12:25,random,1,1,2,2,448.0733,1
9105,1,04/04/23,12:25,random,1,1,3,3,455.3474,1
9105,1,04/04/23,12:25,random,1,1,4,4,700.7361,1
9105,1,04/04/23,12:25,random,1,1,5,5,458.4164,1
9105,1,04/04/23,12:25,random,1,1,6,6,703.6003,1
9105,1,04/04/23,12:25,random,1,1,7,7,765.8403,1
9105,1,04/04/23,12:25,random,1,1,8,8,628.8913,1
9105,1,04/04/23,12:25,random,1,1,9,9,427.0657,1
9105,1,04/04/23,12:25,random,1,1,10,10,798.1277,1
9105,1,04/04/23,12:25,random,2,1,11,1,645.0446,1
9105,1,04/04/23,12:25,random,2,1,12,2,814.7059,1
9105,1,04/04/23,12:25,random,2,1,13,3,870.5268,1
9105,1,04/04/23,12:25,random,2,1,14,4,779.8122,1
9105,1,04/04/23,12:25,random,2,1,15,5,591.8844,1
9105,1,04/04/23,12:25,random,2,1,16,6,777.2611,1
9105,1,04/04/23,12:25,random,2,1,17,7,1578.9204,1
9105,1,04/04/23,12:25,random,2,1,18,8,738.6406,1
9105,1,04/04/23,12:25,random,2,1,19,9,589.5036,1
9105,1,04/04/23,12:25,random,2,1,20,10,720.012,1
9105,1,04/04/23,12:25,random,3,1,21,1,825.7487,1
9105,1,04/04/23,12:25,random,3,1,22,2,1232.4661,1
9105,1,04/04/23,12:25,random,3,1,23,3,628.4301,1
9105,1,04/04/23,12:25,random,3,1,24,4,1662.1728,1
9105,1,04/04/23,12:25,random,3,1,25,5,2.49100000001,0
9105,1,04/04/23,12:25,random,3,1,26,6,1870.1406,1
9105,1,04/04/23,12:25,random,3,1,27,7,2071.8857,1
9105,1,04/04/23,12:25,random,3,1,28,8,579.4859,1
9105,1,04/04/23,12:25,random,3,1,29,9,733.7942,1
9105,1,04/04/23,12:25,random,3,1,30,10,662.4323,1
9105,1,04/04/23,12:25,random,4,1,31,1,879.8534,1
9105,1,04/04/23,12:25,random,4,1,32,2,869.1777,1
9105,1,04/04/23,12:25,random,4,1,33,3,1307.0838,1
9105,1,04/04/23,12:25,random,4,1,34,4,745.8566,1
9105,1,04/04/23,12:25,random,4,1,35,5,587.6101,1
9105,1,04/04/23,12:25,random,4,1,36,6,1353.1657,1
9105,1,04/04/23,12:25,random,4,1,37,7,778.1352,1
9105,1,04/04/23,12:25,random,4,1,38,8,782.8528,1
9105,1,04/04/23,12:25,random,4,1,39,9,546.8459,1
9105,1,04/04/23,12:25,random,4,1,40,10,544.1888,1
9105,1,04/04/23,12:25,random,5,1,41,1,360.4561,1
9105,1,04/04/23,12:25,random,5,1,42,2,562.8915,1
9105,1,04/04/23,12:25,random,5,1,43,3,770.8112,1
9105,1,04/04/23,12:25,random,5,1,44,4,1028.3244,1
9105,1,04/04/23,12:25,random,5,1,45,5,665.2697,1
9105,1,04/04/23,12:25,random,5,1,46,6,793.7811,1
9105,1,04/04/23,12:25,random,5,1,47,7,951.63,1
9105,1,04/04/23,12:25,random,5,1,48,8,650.1678,1
9105,1,04/04/23,12:25,random,5,1,49,9,485.9925,1
9105,1,04/04/23,12:25,random,5,1,50,10,574.7706,1
9106,1,04/20/23,12:19,practice,0,1,1,1,804.9761,1
9106,1,04/20/23,12:19,practice,0,1,2,2,487.5033,1
9106,1,04/20/23,12:19,practice,0,1,3,3,515.8894,1
9106,1,04/20/23,12:19,practice,0,1,4,4,499.1462,1
9106,1,04/20/23,12:19,practice,0,1,5,5,738.6979,1
9106,1,04/20/23,12:19,practice,0,1,6,6,422.223,1
9106,1,04/20/23,12:19,practice,0,1,7,7,476.2982,1
9106,1,04/20/23,12:19,practice,0,1,8,8,315.7687,1
9106,1,04/20/23,12:19,random,1,1,1,1,374.6991,1
9106,1,04/20/23,12:19,random,1,1,2,2,331.0143,1
9106,1,04/20/23,12:19,random,1,1,3,3,352.2531,1
9106,1,04/20/23,12:19,random,1,1,4,4,331.6958,1
9106,1,04/20/23,12:19,random,1,1,5,5,676.6332,1
9106,1,04/20/23,12:19,random,1,1,6,6,319.0298,1
9106,1,04/20/23,12:19,random,1,1,7,7,736.4182,1
9106,1,04/20/23,12:19,random,1,1,8,8,477.3196,1
9106,1,04/20/23,12:19,random,1,1,9,9,384.5405,1
9106,1,04/20/23,12:19,random,1,1,10,10,286.9265,1
9106,1,04/20/23,12:19,random,2,1,11,1,358.113,1
9106,1,04/20/23,12:19,random,2,1,12,2,531.4675,1
9106,1,04/20/23,12:19,random,2,1,13,3,405.7635,1
9106,1,04/20/23,12:19,random,2,1,14,4,428.5807,1
9106,1,04/20/23,12:19,random,2,1,15,5,290.9635,1
9106,1,04/20/23,12:19,random,2,1,16,6,344.2791,1
9106,1,04/20/23,12:19,random,2,1,17,7,358.0525,1
9106,1,04/20/23,12:19,random,2,1,18,8,438.7899,1
9106,1,04/20/23,12:19,random,2,1,19,9,334.3774,1
9106,1,04/20/23,12:19,random,2,1,20,10,366.5837,1
9106,1,04/20/23,12:19,random,3,1,21,1,306.2251,1
9106,1,04/20/23,12:19,random,3,1,22,2,406.5629,1
9106,1,04/20/23,12:19,random,3,1,23,3,362.9609,1
9106,1,04/20/23,12:19,random,3,1,24,4,316.6462,1
9106,1,04/20/23,12:19,random,3,1,25,5,458.5611,1
9106,1,04/20/23,12:19,random,3,1,26,6,514.8043,1
9106,1,04/20/23,12:19,random,3,1,27,7,4.37470000001,0
9106,1,04/20/23,12:19,random,3,1,28,8,368.4994,1
9106,1,04/20/23,12:19,random,3,1,29,9,343.416,1
9106,1,04/20/23,12:19,random,3,1,30,10,428.1869,1
9106,1,04/20/23,12:19,random,4,1,31,1,329.7779,1
9106,1,04/20/23,12:19,random,4,1,32,2,408.1463,1
9106,1,04/20/23,12:19,random,4,1,33,3,364.8774,1
9106,1,04/20/23,12:19,random,4,1,34,4,361.5842,1
9106,1,04/20/23,12:19,random,4,1,35,5,340.1513,1
9106,1,04/20/23,12:19,random,4,1,36,6,368.2273,1
9106,1,04/20/23,12:19,random,4,1,37,7,465.8991,1
9106,1,04/20/23,12:19,random,4,1,38,8,370.2516,1
9106,1,04/20/23,12:19,random,4,1,39,9,511.2181,1
9106,1,04/20/23,12:19,random,4,1,40,10,460.9817,1
9106,1,04/20/23,12:19,random,5,1,41,1,379.574,1
9106,1,04/20/23,12:19,random,5,1,42,2,368.4965,1
9106,1,04/20/23,12:19,random,5,1,43,3,704.7931,1
9106,1,04/20/23,12:19,random,5,1,44,4,407.3258,1
9106,1,04/20/23,12:19,random,5,1,45,5,419.1201,1
9106,1,04/20/23,12:19,random,5,1,46,6,365.3361,1
9106,1,04/20/23,12:19,random,5,1,47,7,393.1252,1
9106,1,04/20/23,12:19,random,5,1,48,8,349.6444,1
9106,1,04/20/23,12:19,random,5,1,49,9,461.078,1
9106,1,04/20/23,12:19,random,5,1,50,10,341.4807,1
9107,1,04/04/23,15:17,practice,0,1,1,1,934.3534,1
9107,1,04/04/23,15:17,practice,0,1,2,2,412.1923,1
9107,1,04/04/23,15:17,practice,0,1,3,3,374.0002,1
9107,1,04/04/23,15:17,practice,0,1,4,4,338.7579,1
9107,1,04/04/23,15:17,practice,0,1,5,5,337.5651,1
9107,1,04/04/23,15:17,practice,0,1,6,6,375.9291,1
9107,1,04/04/23,15:17,practice,0,1,7,7,308.9403,1
9107,1,04/04/23,15:17,practice,0,1,8,8,337.3373,1
9107,1,04/04/23,15:17,random,1,1,1,1,283.179,1
9107,1,04/04/23,15:17,random,1,1,2,2,336.1488,1
9107,1,04/04/23,15:17,random,1,1,3,3,328.5933,1
9107,1,04/04/23,15:17,random,1,1,4,4,375.3266,1
9107,1,04/04/23,15:17,random,1,1,5,5,347.0431,1
9107,1,04/04/23,15:17,random,1,1,6,6,323.9324,1
9107,1,04/04/23,15:17,random,1,1,7,7,320.6274,1
9107,1,04/04/23,15:17,random,1,1,8,8,309.6449,1
9107,1,04/04/23,15:17,random,1,1,9,9,317.7536,1
9107,1,04/04/23,15:17,random,1,1,10,10,297.6176,1
9107,1,04/04/23,15:17,random,2,1,11,1,330.6135,0
9107,1,04/04/23,15:17,random,2,1,12,2,4.35890000001,1
9107,1,04/04/23,15:17,random,2,1,13,3,397.0429,1
9107,1,04/04/23,15:17,random,2,1,14,4,325.0715,1
9107,1,04/04/23,15:17,random,2,1,15,5,322.3425,1
9107,1,04/04/23,15:17,random,2,1,16,6,323.5419,1
9107,1,04/04/23,15:17,random,2,1,17,7,324.5291,0
9107,1,04/04/23,15:17,random,2,1,18,8,4.1875,0
9107,1,04/04/23,15:17,random,2,1,19,9,373.1724,1
9107,1,04/04/23,15:17,random,2,1,20,10,369.4802,1
9107,1,04/04/23,15:17,random,3,1,21,1,333.1997,1
9107,1,04/04/23,15:17,random,3,1,22,2,324.9254,1
9107,1,04/04/23,15:17,random,3,1,23,3,334.8753,1
9107,1,04/04/23,15:17,random,3,1,24,4,333.5585,1
9107,1,04/04/23,15:17,random,3,1,25,5,301.6222,1
9107,1,04/04/23,15:17,random,3,1,26,6,393.8135,1
9107,1,04/04/23,15:17,random,3,1,27,7,296.5468,1
9107,1,04/04/23,15:17,random,3,1,28,8,311.956,1
9107,1,04/04/23,15:17,random,3,1,29,9,356.4465,1
9107,1,04/04/23,15:17,random,3,1,30,10,300.4911,1
9107,1,04/04/23,15:17,random,4,1,31,1,333.3066,1
9107,1,04/04/23,15:17,random,4,1,32,2,324.934,1
9107,1,04/04/23,15:17,random,4,1,33,3,352.0306,1
9107,1,04/04/23,15:17,random,4,1,34,4,319.9622,1
9107,1,04/04/23,15:17,random,4,1,35,5,493.8756,1
9107,1,04/04/23,15:17,random,4,1,36,6,369.9322,1
9107,1,04/04/23,15:17,random,4,1,37,7,340.1744,1
9107,1,04/04/23,15:17,random,4,1,38,8,386.4825,1
9107,1,04/04/23,15:17,random,4,1,39,9,353.2126,1
9107,1,04/04/23,15:17,random,4,1,40,10,324.7645,1
9107,1,04/04/23,15:17,random,5,1,41,1,339.9291,1
9107,1,04/04/23,15:17,random,5,1,42,2,341.8322,1
9107,1,04/04/23,15:17,random,5,1,43,3,322.2395,1
9107,1,04/04/23,15:17,random,5,1,44,4,326.2767,1
9107,1,04/04/23,15:17,random,5,1,45,5,345.3981,1
9107,1,04/04/23,15:17,random,5,1,46,6,351.9419,1
9107,1,04/04/23,15:17,random,5,1,47,7,326.0929,0
9107,1,04/04/23,15:17,random,5,1,48,8,3.92619999999,0
9107,1,04/04/23,15:17,random,5,1,49,9,328.7805,1
9107,1,04/04/23,15:17,random,5,1,50,10,380.5109,1
9108,1,04/11/23,15:20,practice,0,1,1,1,524.9826,1
9108,1,04/11/23,15:20,practice,0,1,2,2,630.4082,1
9108,1,04/11/23,15:20,practice,0,1,3,3,478.9462,1
9108,1,04/11/23,15:20,practice,0,1,4,4,519.4464,1
9108,1,04/11/23,15:20,practice,0,1,5,5,567.0602,1
9108,1,04/11/23,15:20,practice,0,1,6,6,732.161,1
9108,1,04/11/23,15:20,practice,0,1,7,7,582.1608,1
9108,1,04/11/23,15:20,practice,0,1,8,8,527.6397,1
9108,1,04/11/23,15:20,random,1,1,1,1,753.0175,1
9108,1,04/11/23,15:20,random,1,1,2,2,468.5913,1
9108,1,04/11/23,15:20,random,1,1,3,3,510.3755,1
9108,1,04/11/23,15:20,random,1,1,4,4,478.3463,1
9108,1,04/11/23,15:20,random,1,1,5,5,460.6641,1
9108,1,04/11/23,15:20,random,1,1,6,6,400.5108,1
9108,1,04/11/23,15:20,random,1,1,7,7,450.9198,1
9108,1,04/11/23,15:20,random,1,1,8,8,753.7601,1
9108,1,04/11/23,15:20,random,1,1,9,9,528.3281,1
9108,1,04/11/23,15:20,random,1,1,10,10,412.6227,1
9108,1,04/11/23,15:20,random,2,1,11,1,759.1681,1
9108,1,04/11/23,15:20,random,2,1,12,2,420.9398,1
9108,1,04/11/23,15:20,random,2,1,13,3,459.4348,1
9108,1,04/11/23,15:20,random,2,1,14,4,640.6544,1
9108,1,04/11/23,15:20,random,2,1,15,5,482.5092,1
9108,1,04/11/23,15:20,random,2,1,16,6,510.6624,1
9108,1,04/11/23,15:20,random,2,1,17,7,453.2529,1
9108,1,04/11/23,15:20,random,2,1,18,8,493.7306,1
9108,1,04/11/23,15:20,random,2,1,19,9,427.9355,1
9108,1,04/11/23,15:20,random,2,1,20,10,525.194,1
9108,1,04/11/23,15:20,random,3,1,21,1,509.7779,1
9108,1,04/11/23,15:20,random,3,1,22,2,521.6121,1
9108,1,04/11/23,15:20,random,3,1,23,3,455.7992,1
9108,1,04/11/23,15:20,random,3,1,24,4,394.7475,1
9108,1,04/11/23,15:20,random,3,1,25,5,558.2571,1
9108,1,04/11/23,15:20,random,3,1,26,6,521.9937,1
9108,1,04/11/23,15:20,random,3,1,27,7,510.1285,1
9108,1,04/11/23,15:20,random,3,1,28,8,398.7569,1
9108,1,04/11/23,15:20,random,3,1,29,9,459.657,1
9108,1,04/11/23,15:20,random,3,1,30,10,386.154,1
9108,1,04/11/23,15:20,random,4,1,31,1,585.3972,1
9108,1,04/11/23,15:20,random,4,1,32,2,497.0252,1
9108,1,04/11/23,15:20,random,4,1,33,3,549.8204,1
9108,1,04/11/23,15:20,random,4,1,34,4,487.4998,1
9108,1,04/11/23,15:20,random,4,1,35,5,543.8557,1
9108,1,04/11/23,15:20,random,4,1,36,6,630.9751,1
9108,1,04/11/23,15:20,random,4,1,37,7,654.858,1
9108,1,04/11/23,15:20,random,4,1,38,8,544.9192,1
9108,1,04/11/23,15:20,random,4,1,39,9,481.0518,1
9108,1,04/11/23,15:20,random,4,1,40,10,544.1016,1
9108,1,04/11/23,15:20,random,5,1,41,1,688.3921,1
9108,1,04/11/23,15:20,random,5,1,42,2,623.3179,1
9108,1,04/11/23,15:20,random,5,1,43,3,497.3991,1
9108,1,04/11/23,15:20,random,5,1,44,4,617.6863,1
9108,1,04/11/23,15:20,random,5,1,45,5,574.9764,1
9108,1,04/11/23,15:20,random,5,1,46,6,592.4132,1
9108,1,04/11/23,15:20,random,5,1,47,7,472.6248,1
9108,1,04/11/23,15:20,random,5,1,48,8,461.3998,1
9108,1,04/11/23,15:20,random,5,1,49,9,581.8579,1
9108,1,04/11/23,15:20,random,5,1,50,10,593.5234,1
9109,1,04/05/23,09:25,practice,0,1,1,1,1241.2108,1
9109,1,04/05/23,09:25,practice,0,1,2,2,471.955,1
9109,1,04/05/23,09:25,practice,0,1,3,3,642.5264,1
9109,1,04/05/23,09:25,practice,0,1,4,4,527.3573,1
9109,1,04/05/23,09:25,practice,0,1,5,5,556.609,1
9109,1,04/05/23,09:25,practice,0,1,6,6,655.2994,1
9109,1,04/05/23,09:25,practice,0,1,7,7,605.2876,1
9109,1,04/05/23,09:25,practice,0,1,8,8,505.5823,1
9109,1,04/05/23,09:25,random,1,1,1,1,633.2643,1
9109,1,04/05/23,09:25,random,1,1,2,2,493.6917,1
9109,1,04/05/23,09:25,random,1,1,3,3,470.6129,1
9109,1,04/05/23,09:25,random,1,1,4,4,405.9215,1
9109,1,04/05/23,09:25,random,1,1,5,5,579.9132,1
9109,1,04/05/23,09:25,random,1,1,6,6,538.7418,1
9109,1,04/05/23,09:25,random,1,1,7,7,731.9832,1
9109,1,04/05/23,09:25,random,1,1,8,8,464.9117,1
9109,1,04/05/23,09:25,random,1,1,9,9,378.8994,1
9109,1,04/05/23,09:25,random,1,1,10,10,539.8089,1
9109,1,04/05/23,09:25,random,2,1,11,1,497.3885,1
9109,1,04/05/23,09:25,random,2,1,12,2,465.2873,1
9109,1,04/05/23,09:25,random,2,1,13,3,394.3047,1
9109,1,04/05/23,09:25,random,2,1,14,4,417.8677,1
9109,1,04/05/23,09:25,random,2,1,15,5,472.0728,1
9109,1,04/05/23,09:25,random,2,1,16,6,371.3751,1
9109,1,04/05/23,09:25,random,2,1,17,7,497.899,1
9109,1,04/05/23,09:25,random,2,1,18,8,515.1498,1
9109,1,04/05/23,09:25,random,2,1,19,9,346.5541,1
9109,1,04/05/23,09:25,random,2,1,20,10,696.5127,1
9109,1,04/05/23,09:25,random,3,1,21,1,458.7854,1
9109,1,04/05/23,09:25,random,3,1,22,2,542.3547,1
9109,1,04/05/23,09:25,random,3,1,23,3,440.3399,1
9109,1,04/05/23,09:25,random,3,1,24,4,420.6478,1
9109,1,04/05/23,09:25,random,3,1,25,5,457.5187,1
9109,1,04/05/23,09:25,random,3,1,26,6,415.6441,1
9109,1,04/05/23,09:25,random,3,1,27,7,548.9643,1
9109,1,04/05/23,09:25,random,3,1,28,8,340.1865,1
9109,1,04/05/23,09:25,random,3,1,29,9,356.2219,1
9109,1,04/05/23,09:25,random,3,1,30,10,684.2793,1
9109,1,04/05/23,09:25,random,4,1,31,1,539.147,1
9109,1,04/05/23,09:25,random,4,1,32,2,505.537,1
9109,1,04/05/23,09:25,random,4,1,33,3,470.4933,1
9109,1,04/05/23,09:25,random,4,1,34,4,561.254,1
9109,1,04/05/23,09:25,random,4,1,35,5,424.0855,1
9109,1,04/05/23,09:25,random,4,1,36,6,701.5847,1
9109,1,04/05/23,09:25,random,4,1,37,7,611.8644,1
9109,1,04/05/23,09:25,random,4,1,38,8,670.7067,1
9109,1,04/05/23,09:25,random,4,1,39,9,493.5443,1
9109,1,04/05/23,09:25,random,4,1,40,10,708.4632,1
9109,1,04/05/23,09:25,random,5,1,41,1,633.7253,1
9109,1,04/05/23,09:25,random,5,1,42,2,603.6227,1
9109,1,04/05/23,09:25,random,5,1,43,3,486.0264,1
9109,1,04/05/23,09:25,random,5,1,44,4,647.5943,1
9109,1,04/05/23,09:25,random,5,1,45,5,600.341,1
9109,1,04/05/23,09:25,random,5,1,46,6,753.299,1
9109,1,04/05/23,09:25,random,5,1,47,7,652.2285,1
9109,1,04/05/23,09:25,random,5,1,48,8,526.8284,1
9109,1,04/05/23,09:25,random,5,1,49,9,600.3924,1
9109,1,04/05/23,09:25,random,5,1,50,10,540.5424,1
9112,1,04/05/23,12:13,practice,0,1,1,1,891.2017,1
9112,1,04/05/23,12:13,practice,0,1,2,2,634.2999,1
9112,1,04/05/23,12:13,practice,0,1,3,3,598.2683,1
9112,1,04/05/23,12:13,practice,0,1,4,4,530.2715,1
9112,1,04/05/23,12:13,practice,0,1,5,5,451.4972,0
9112,1,04/05/23,12:13,practice,0,1,6,6,679.8641,1
9112,1,04/05/23,12:13,practice,0,1,7,7,740.2025,1
9112,1,04/05/23,12:13,practice,0,1,8,8,691.6988,1
9112,1,04/05/23,12:13,random,1,1,1,1,499.0722,1
9112,1,04/05/23,12:13,random,1,1,2,2,457.9393,1
9112,1,04/05/23,12:13,random,1,1,3,3,549.0045,1
9112,1,04/05/23,12:13,random,1,1,4,4,465.0108,1
9112,1,04/05/23,12:13,random,1,1,5,5,470.7586,1
9112,1,04/05/23,12:13,random,1,1,6,6,437.4498,1
9112,1,04/05/23,12:13,random,1,1,7,7,467.4616,1
9112,1,04/05/23,12:13,random,1,1,8,8,419.7779,1
9112,1,04/05/23,12:13,random,1,1,9,9,401.8038,1
9112,1,04/05/23,12:13,random,1,1,10,10,445.401,1
9112,1,04/05/23,12:13,random,2,1,11,1,392.9416,1
9112,1,04/05/23,12:13,random,2,1,12,2,489.85,1
9112,1,04/05/23,12:13,random,2,1,13,3,424.684,1
9112,1,04/05/23,12:13,random,2,1,14,4,477.0879,1
9112,1,04/05/23,12:13,random,2,1,15,5,370.8922,1
9112,1,04/05/23,12:13,random,2,1,16,6,361.3489,1
9112,1,04/05/23,12:13,random,2,1,17,7,471.4248,0
9112,1,04/05/23,12:13,random,2,1,18,8,512.2993,1
9112,1,04/05/23,12:13,random,2,1,19,9,513.4718,1
9112,1,04/05/23,12:13,random,2,1,20,10,519.1831,1
9112,1,04/05/23,12:13,random,3,1,21,1,607.0316,1
9112,1,04/05/23,12:13,random,3,1,22,2,548.1546,1
9112,1,04/05/23,12:13,random,3,1,23,3,467.4641,1
9112,1,04/05/23,12:13,random,3,1,24,4,519.6863,1
9112,1,04/05/23,12:13,random,3,1,25,5,493.6604,1
9112,1,04/05/23,12:13,random,3,1,26,6,515.2434,1
9112,1,04/05/23,12:13,random,3,1,27,7,1026.5371,1
9112,1,04/05/23,12:13,random,3,1,28,8,458.1544,1
9112,1,04/05/23,12:13,random,3,1,29,9,525.9811,1
9112,1,04/05/23,12:13,random,3,1,30,10,652.9109,1
9112,1,04/05/23,12:13,random,4,1,31,1,395.579,1
9112,1,04/05/23,12:13,random,4,1,32,2,572.0338,1
9112,1,04/05/23,12:13,random,4,1,33,3,445.9071,1
9112,1,04/05/23,12:13,random,4,1,34,4,399.1566,1
9112,1,04/05/23,12:13,random,4,1,35,5,473.1488,1
9112,1,04/05/23,12:13,random,4,1,36,6,449.1133,1
9112,1,04/05/23,12:13,random,4,1,37,7,576.2633,1
9112,1,04/05/23,12:13,random,4,1,38,8,519.4566,1
9112,1,04/05/23,12:13,random,4,1,39,9,578.4497,1
9112,1,04/05/23,12:13,random,4,1,40,10,547.5408,1
9112,1,04/05/23,12:13,random,5,1,41,1,494.9031,1
9112,1,04/05/23,12:13,random,5,1,42,2,408.1803,1
9112,1,04/05/23,12:13,random,5,1,43,3,487.1436,1
9112,1,04/05/23,12:13,random,5,1,44,4,437.79880000000003,1
9112,1,04/05/23,12:13,random,5,1,45,5,527.2623,1
9112,1,04/05/23,12:13,random,5,1,46,6,851.7877,1
9112,1,04/05/23,12:13,random,5,1,47,7,467.4201,1
9112,1,04/05/23,12:13,random,5,1,48,8,535.8145,1
9112,1,04/05/23,12:13,random,5,1,49,9,488.6979,1
9112,1,04/05/23,12:13,random,5,1,50,10,512.0777,1
9114,1,04/05/23,15:11,practice,0,1,1,1,3087.2836,1
9114,1,04/05/23,15:11,practice,0,1,2,2,524.4866,1
9114,1,04/05/23,15:11,practice,0,1,3,3,649.0246,1
9114,1,04/05/23,15:11,practice,0,1,4,4,413.649,1
9114,1,04/05/23,15:11,practice,0,1,5,5,494.8365,1
9114,1,04/05/23,15:11,practice,0,1,6,6,474.193,1
9114,1,04/05/23,15:11,practice,0,1,7,7,490.024,1
9114,1,04/05/23,15:11,practice,0,1,8,8,381.6133,1
9114,1,04/05/23,15:11,random,1,1,1,1,1078.5596,1
9114,1,04/05/23,15:11,random,1,1,2,2,453.537,1
9114,1,04/05/23,15:11,random,1,1,3,3,501.8772,1
9114,1,04/05/23,15:11,random,1,1,4,4,406.6219,1
9114,1,04/05/23,15:11,random,1,1,5,5,482.7245,1
9114,1,04/05/23,15:11,random,1,1,6,6,430.1961,1
9114,1,04/05/23,15:11,random,1,1,7,7,475.9915,1
9114,1,04/05/23,15:11,random,1,1,8,8,625.02,1
9114,1,04/05/23,15:11,random,1,1,9,9,414.4561,1
9114,1,04/05/23,15:11,random,1,1,10,10,428.331,0
9114,1,04/05/23,15:11,random,2,1,11,1,436.477,1
9114,1,04/05/23,15:11,random,2,1,12,2,663.8275,1
9114,1,04/05/23,15:11,random,2,1,13,3,471.2907,1
9114,1,04/05/23,15:11,random,2,1,14,4,610.4772,0
9114,1,04/05/23,15:11,random,2,1,15,5,481.9572,1
9114,1,04/05/23,15:11,random,2,1,16,6,447.5648,1
9114,1,04/05/23,15:11,random,2,1,17,7,695.2841,1
9114,1,04/05/23,15:11,random,2,1,18,8,568.5368,1
9114,1,04/05/23,15:11,random,2,1,19,9,487.2305,1
9114,1,04/05/23,15:11,random,2,1,20,10,520.703,1
9114,1,04/05/23,15:11,random,3,1,21,1,489.3731,1
9114,1,04/05/23,15:11,random,3,1,22,2,389.9309,1
9114,1,04/05/23,15:11,random,3,1,23,3,417.1397,1
9114,1,04/05/23,15:11,random,3,1,24,4,673.4731,1
9114,1,04/05/23,15:11,random,3,1,25,5,401.7403,1
9114,1,04/05/23,15:11,random,3,1,26,6,425.4465,1
9114,1,04/05/23,15:11,random,3,1,27,7,543.8702,1
9114,1,04/05/23,15:11,random,3,1,28,8,581.3031,1
9114,1,04/05/23,15:11,random,3,1,29,9,430.284,1
9114,1,04/05/23,15:11,random,3,1,30,10,529.039,1
9114,1,04/05/23,15:11,random,4,1,31,1,477.5776,1
9114,1,04/05/23,15:11,random,4,1,32,2,415.4786,1
9114,1,04/05/23,15:11,random,4,1,33,3,581.972,1
9114,1,04/05/23,15:11,random,4,1,34,4,383.288,1
9114,1,04/05/23,15:11,random,4,1,35,5,533.0585,1
9114,1,04/05/23,15:11,random,4,1,36,6,415.4578,1
9114,1,04/05/23,15:11,random,4,1,37,7,457.0067,0
9114,1,04/05/23,15:11,random,4,1,38,8,3.77070000002,0
9114,1,04/05/23,15:11,random,4,1,39,9,470.628,1
9114,1,04/05/23,15:11,random,4,1,40,10,707.9194,1
9114,1,04/05/23,15:11,random,5,1,41,1,478.8112,1
9114,1,04/05/23,15:11,random,5,1,42,2,561.0897,1
9114,1,04/05/23,15:11,random,5,1,43,3,666.3946,1
9114,1,04/05/23,15:11,random,5,1,44,4,439.0912,1
9114,1,04/05/23,15:11,random,5,1,45,5,647.8065,1
9114,1,04/05/23,15:11,random,5,1,46,6,370.186,1
9114,1,04/05/23,15:11,random,5,1,47,7,413.1137,1
9114,1,04/05/23,15:11,random,5,1,48,8,727.0118,1
9114,1,04/05/23,15:11,random,5,1,49,9,685.1646,1
9114,1,04/05/23,15:11,random,5,1,50,10,472.5907,1
9115,1,04/06/23,12:13,practice,0,1,1,1,673.3025,1
9115,1,04/06/23,12:13,practice,0,1,2,2,567.4344,1
9115,1,04/06/23,12:13,practice,0,1,3,3,516.6475,1
9115,1,04/06/23,12:13,practice,0,1,4,4,586.2103,1
9115,1,04/06/23,12:13,practice,0,1,5,5,748.5048,1
9115,1,04/06/23,12:13,practice,0,1,6,6,392.6962,1
9115,1,04/06/23,12:13,practice,0,1,7,7,315.8759,1
9115,1,04/06/23,12:13,practice,0,1,8,8,481.5544,1
9115,1,04/06/23,12:13,random,1,1,1,1,701.0543,1
9115,1,04/06/23,12:13,random,1,1,2,2,453.3254,1
9115,1,04/06/23,12:13,random,1,1,3,3,478.3167,1
9115,1,04/06/23,12:13,random,1,1,4,4,408.1115,1
9115,1,04/06/23,12:13,random,1,1,5,5,581.487,1
9115,1,04/06/23,12:13,random,1,1,6,6,486.7776,1
9115,1,04/06/23,12:13,random,1,1,7,7,330.5035,1
9115,1,04/06/23,12:13,random,1,1,8,8,422.8054,1
9115,1,04/06/23,12:13,random,1,1,9,9,449.26,1
9115,1,04/06/23,12:13,random,1,1,10,10,398.8857,1
9115,1,04/06/23,12:13,random,2,1,11,1,323.9534,1
9115,1,04/06/23,12:13,random,2,1,12,2,354.5143,1
9115,1,04/06/23,12:13,random,2,1,13,3,289.8187,1
9115,1,04/06/23,12:13,random,2,1,14,4,317.3104,1
9115,1,04/06/23,12:13,random,2,1,15,5,339.5714,1
9115,1,04/06/23,12:13,random,2,1,16,6,451.5278,1
9115,1,04/06/23,12:13,random,2,1,17,7,488.2805,1
9115,1,04/06/23,12:13,random,2,1,18,8,342.48630000000003,1
9115,1,04/06/23,12:13,random,2,1,19,9,350.7572,1
9115,1,04/06/23,12:13,random,2,1,20,10,322.8263,1
9115,1,04/06/23,12:13,random,3,1,21,1,390.8824,1
9115,1,04/06/23,12:13,random,3,1,22,2,466.5787,1
9115,1,04/06/23,12:13,random,3,1,23,3,475.0198,1
9115,1,04/06/23,12:13,random,3,1,24,4,407.7789,1
9115,1,04/06/23,12:13,random,3,1,25,5,531.6191,1
9115,1,04/06/23,12:13,random,3,1,26,6,368.3403,1
9115,1,04/06/23,12:13,random,3,1,27,7,458.6633,1
9115,1,04/06/23,12:13,random,3,1,28,8,358.7161,1
9115,1,04/06/23,12:13,random,3,1,29,9,487.1748,1
9115,1,04/06/23,12:13,random,3,1,30,10,525.814,0
9115,1,04/06/23,12:13,random,4,1,31,1,393.27,1
9115,1,04/06/23,12:13,random,4,1,32,2,518.2669,1
9115,1,04/06/23,12:13,random,4,1,33,3,418.6948,1
9115,1,04/06/23,12:13,random,4,1,34,4,753.2973,1
9115,1,04/06/23,12:13,random,4,1,35,5,519.5501,1
9115,1,04/06/23,12:13,random,4,1,36,6,398.4077,1
9115,1,04/06/23,12:13,random,4,1,37,7,398.2285,1
9115,1,04/06/23,12:13,random,4,1,38,8,892.441,1
9115,1,04/06/23,12:13,random,4,1,39,9,584.0725,1
9115,1,04/06/23,12:13,random,4,1,40,10,863.7004,1
9115,1,04/06/23,12:13,random,5,1,41,1,660.0821,1
9115,1,04/06/23,12:13,random,5,1,42,2,555.0681,1
9115,1,04/06/23,12:13,random,5,1,43,3,473.37,1
9115,1,04/06/23,12:13,random,5,1,44,4,455.9342,1
9115,1,04/06/23,12:13,random,5,1,45,5,771.1667,1
9115,1,04/06/23,12:13,random,5,1,46,6,517.2306,1
9115,1,04/06/23,12:13,random,5,1,47,7,596.2304,1
9115,1,04/06/23,12:13,random,5,1,48,8,523.4014,1
9115,1,04/06/23,12:13,random,5,1,49,9,442.2313,1
9115,1,04/06/23,12:13,random,5,1,50,10,431.2335,1
9116,1,04/06/23,12:24,practice,0,1,1,1,1845.141,1
9116,1,04/06/23,12:24,practice,0,1,2,2,775.7582,1
9116,1,04/06/23,12:24,practice,0,1,3,3,4024.2451,0
9116,1,04/06/23,12:24,practice,0,1,4,4,4136.6041,1
9116,1,04/06/23,12:24,practice,0,1,5,5,928.3209,1
9116,1,04/06/23,12:24,practice,0,1,6,6,2706.8944,0
9116,1,04/06/23,12:24,practice,0,1,7,7,1555.4711,1
9116,1,04/06/23,12:24,practice,0,1,8,8,987.5177,1
9116,1,04/06/23,12:24,random,1,1,1,1,1073.8862,1
9116,1,04/06/23,12:24,random,1,1,2,2,1756.7517,1
9116,1,04/06/23,12:24,random,1,1,3,3,701.8545,1
9116,1,04/06/23,12:24,random,1,1,4,4,608.8372,1
9116,1,04/06/23,12:24,random,1,1,5,5,814.0484,1
9116,1,04/06/23,12:24,random,1,1,6,6,2231.7342,1
9116,1,04/06/23,12:24,random,1,1,7,7,740.2254,1
9116,1,04/06/23,12:24,random,1,1,8,8,827.7125,1
9116,1,04/06/23,12:24,random,1,1,9,9,327.2374,1
9116,1,04/06/23,12:24,random,1,1,10,10,384.6472,1
9116,1,04/06/23,12:24,random,2,1,11,1,598.2553,1
9116,1,04/06/23,12:24,random,2,1,12,2,821.8633,1
9116,1,04/06/23,12:24,random,2,1,13,3,684.0464,1
9116,1,04/06/23,12:24,random,2,1,14,4,641.4157,1
9116,1,04/06/23,12:24,random,2,1,15,5,624.2505,1
9116,1,04/06/23,12:24,random,2,1,16,6,830.7893,1
9116,1,04/06/23,12:24,random,2,1,17,7,718.7186,1
9116,1,04/06/23,12:24,random,2,1,18,8,680.1098,1
9116,1,04/06/23,12:24,random,2,1,19,9,1086.0083,1
9116,1,04/06/23,12:24,random,2,1,20,10,600.0829,1
9116,1,04/06/23,12:24,random,3,1,21,1,664.2963,1
9116,1,04/06/23,12:24,random,3,1,22,2,600.5084,1
9116,1,04/06/23,12:24,random,3,1,23,3,738.7271,1
9116,1,04/06/23,12:24,random,3,1,24,4,727.9027,1
9116,1,04/06/23,12:24,random,3,1,25,5,563.3508,1
9116,1,04/06/23,12:24,random,3,1,26,6,534.6559,1
9116,1,04/06/23,12:24,random,3,1,27,7,668.4912,1
9116,1,04/06/23,12:24,random,3,1,28,8,677.5184,1
9116,1,04/06/23,12:24,random,3,1,29,9,837.9146,1
9116,1,04/06/23,12:24,random,3,1,30,10,643.887,1
9116,1,04/06/23,12:24,random,4,1,31,1,738.2667,1
9116,1,04/06/23,12:24,random,4,1,32,2,632.7167,1
9116,1,04/06/23,12:24,random,4,1,33,3,809.2688,1
9116,1,04/06/23,12:24,random,4,1,34,4,842.8549,1
9116,1,04/06/23,12:24,random,4,1,35,5,627.7139,1
9116,1,04/06/23,12:24,random,4,1,36,6,703.4004,1
9116,1,04/06/23,12:24,random,4,1,37,7,700.2012,1
9116,1,04/06/23,12:24,random,4,1,38,8,737.7562,1
9116,1,04/06/23,12:24,random,4,1,39,9,616.5702,1
9116,1,04/06/23,12:24,random,4,1,40,10,698.3359,1
9116,1,04/06/23,12:24,random,5,1,41,1,884.3311,1
9116,1,04/06/23,12:24,random,5,1,42,2,939.5733,1
9116,1,04/06/23,12:24,random,5,1,43,3,751.227,1
9116,1,04/06/23,12:24,random,5,1,44,4,738.49,1
9116,1,04/06/23,12:24,random,5,1,45,5,612.5699,1
9116,1,04/06/23,12:24,random,5,1,46,6,556.1233,1
9116,1,04/06/23,12:24,random,5,1,47,7,439.566,1
9116,1,04/06/23,12:24,random,5,1,48,8,749.1921,1
9116,1,04/06/23,12:24,random,5,1,49,9,428.9604,1
9116,1,04/06/23,12:24,random,5,1,50,10,414.2668,1
9117,1,04/06/23,15:17,practice,0,1,1,1,5549.7893,1
9117,1,04/06/23,15:17,practice,0,1,2,2,1076.8726,1
9117,1,04/06/23,15:17,practice,0,1,3,3,775.28,1
9117,1,04/06/23,15:17,practice,0,1,4,4,500.132,1
9117,1,04/06/23,15:17,practice,0,1,5,5,508.2283,1
9117,1,04/06/23,15:17,practice,0,1,6,6,386.9465,1
9117,1,04/06/23,15:17,practice,0,1,7,7,488.9495,1
9117,1,04/06/23,15:17,practice,0,1,8,8,395.3891,1
9117,1,04/06/23,15:17,random,1,1,1,1,764.9589,1
9117,1,04/06/23,15:17,random,1,1,2,2,502.727,1
9117,1,04/06/23,15:17,random,1,1,3,3,475.1685,1
9117,1,04/06/23,15:17,random,1,1,4,4,594.4037,1
9117,1,04/06/23,15:17,random,1,1,5,5,554.0172,1
9117,1,04/06/23,15:17,random,1,1,6,6,488.9336,1
9117,1,04/06/23,15:17,random,1,1,7,7,512.8106,1
9117,1,04/06/23,15:17,random,1,1,8,8,598.9141,1
9117,1,04/06/23,15:17,random,1,1,9,9,451.6949,1
9117,1,04/06/23,15:17,random,1,1,10,10,648.8983,1
9117,1,04/06/23,15:17,random,2,1,11,1,446.7908,1
9117,1,04/06/23,15:17,random,2,1,12,2,405.3301,1
9117,1,04/06/23,15:17,random,2,1,13,3,492.8858,1
9117,1,04/06/23,15:17,random,2,1,14,4,474.6105,1
9117,1,04/06/23,15:17,random,2,1,15,5,506.1962,1
9117,1,04/06/23,15:17,random,2,1,16,6,482.3539,1
9117,1,04/06/23,15:17,random,2,1,17,7,425.2627,1
9117,1,04/06/23,15:17,random,2,1,18,8,473.3096,1
9117,1,04/06/23,15:17,random,2,1,19,9,390.3339,1
9117,1,04/06/23,15:17,random,2,1,20,10,455.7929,1
9117,1,04/06/23,15:17,random,3,1,21,1,483.275,1
9117,1,04/06/23,15:17,random,3,1,22,2,473.2907,1
9117,1,04/06/23,15:17,random,3,1,23,3,584.0954,1
9117,1,04/06/23,15:17,random,3,1,24,4,535.0166,1
9117,1,04/06/23,15:17,random,3,1,25,5,587.4248,1
9117,1,04/06/23,15:17,random,3,1,26,6,557.2735,1
9117,1,04/06/23,15:17,random,3,1,27,7,401.3003,1
9117,1,04/06/23,15:17,random,3,1,28,8,407.9013,1
9117,1,04/06/23,15:17,random,3,1,29,9,425.9433,1
9117,1,04/06/23,15:17,random,3,1,30,10,444.3579,1
9117,1,04/06/23,15:17,random,4,1,31,1,405.2441,1
9117,1,04/06/23,15:17,random,4,1,32,2,442.8505,0
9117,1,04/06/23,15:17,random,4,1,33,3,535.7923,1
9117,1,04/06/23,15:17,random,4,1,34,4,382.1049,1
9117,1,04/06/23,15:17,random,4,1,35,5,485.1614,1
9117,1,04/06/23,15:17,random,4,1,36,6,456.2835,1
9117,1,04/06/23,15:17,random,4,1,37,7,458.6821,1
9117,1,04/06/23,15:17,random,4,1,38,8,460.1686,1
9117,1,04/06/23,15:17,random,4,1,39,9,419.1486,1
9117,1,04/06/23,15:17,random,4,1,40,10,596.2792,1
9117,1,04/06/23,15:17,random,5,1,41,1,584.6134,1
9117,1,04/06/23,15:17,random,5,1,42,2,401.159,1
9117,1,04/06/23,15:17,random,5,1,43,3,331.2044,1
9117,1,04/06/23,15:17,random,5,1,44,4,403.0162,1
9117,1,04/06/23,15:17,random,5,1,45,5,362.7102,1
9117,1,04/06/23,15:17,random,5,1,46,6,357.5941,1
9117,1,04/06/23,15:17,random,5,1,47,7,417.2688,1
9117,1,04/06/23,15:17,random,5,1,48,8,582.1706,1
9117,1,04/06/23,15:17,random,5,1,49,9,507.2787,1
9117,1,04/06/23,15:17,random,5,1,50,10,497.1074,1
9118,1,04/06/23,15:49,practice,0,1,1,1,9652.7413,0
9118,1,04/06/23,15:49,practice,0,1,2,2,0.2477,0
9118,1,04/06/23,15:49,practice,0,1,3,3,1251.5794,1
9118,1,04/06/23,15:49,practice,0,1,4,4,581.8114,0
9118,1,04/06/23,15:49,practice,0,1,5,5,1699.6275,0
9118,1,04/06/23,15:49,practice,0,1,6,6,1115.4373,0
9118,1,04/06/23,15:49,practice,0,1,7,7,756.1367,1
9118,1,04/06/23,15:49,practice,0,1,8,8,648.3661,1
9118,1,04/06/23,15:49,random,1,1,1,1,894.3977,0
9118,1,04/06/23,15:49,random,1,1,2,2,716.341,1
9118,1,04/06/23,15:49,random,1,1,3,3,913.7268,1
9118,1,04/06/23,15:49,random,1,1,4,4,466.362,0
9118,1,04/06/23,15:49,random,1,1,5,5,629.0327,0
9118,1,04/06/23,15:49,random,1,1,6,6,554.3942,0
9118,1,04/06/23,15:49,random,1,1,7,7,783.9958,0
9118,1,04/06/23,15:49,random,1,1,8,8,630.2316,0
9118,1,04/06/23,15:49,random,1,1,9,9,507.7505,0
9118,1,04/06/23,15:49,random,1,1,10,10,463.2756,0
9118,1,04/06/23,15:49,random,2,1,11,1,687.7285,1
9118,1,04/06/23,15:49,random,2,1,12,2,494.0961,0
9118,1,04/06/23,15:49,random,2,1,13,3,994.133,0
9118,1,04/06/23,15:49,random,2,1,14,4,419.0868,1
9118,1,04/06/23,15:49,random,2,1,15,5,909.3504,1
9118,1,04/06/23,15:49,random,2,1,16,6,580.6703,0
9118,1,04/06/23,15:49,random,2,1,17,7,485.1819,0
9118,1,04/06/23,15:49,random,2,1,18,8,500.7488,0
9118,1,04/06/23,15:49,random,2,1,19,9,464.1186,0
9118,1,04/06/23,15:49,random,2,1,20,10,505.4471,1
9118,1,04/06/23,15:49,random,3,1,21,1,469.1455,0
9118,1,04/06/23,15:49,random,3,1,22,2,6.27979999999,0
9118,1,04/06/23,15:49,random,3,1,23,3,515.2153,1
9118,1,04/06/23,15:49,random,3,1,24,4,492.8221,0
9118,1,04/06/23,15:49,random,3,1,25,5,533.5662,0
9118,1,04/06/23,15:49,random,3,1,26,6,611.256,0
9118,1,04/06/23,15:49,random,3,1,27,7,632.6891,0
9118,1,04/06/23,15:49,random,3,1,28,8,515.0586,0
9118,1,04/06/23,15:49,random,3,1,29,9,703.3751,0
9118,1,04/06/23,15:49,random,3,1,30,10,529.1329,0
9118,1,04/06/23,15:49,random,4,1,31,1,645.2465,1
9118,1,04/06/23,15:49,random,4,1,32,2,1001.7452,0
9118,1,04/06/23,15:49,random,4,1,33,3,1816.7941,0
9118,1,04/06/23,15:49,random,4,1,34,4,811.3495,0
9118,1,04/06/23,15:49,random,4,1,35,5,397.1512,0
9118,1,04/06/23,15:49,random,4,1,36,6,719.0763,0
9118,1,04/06/23,15:49,random,4,1,37,7,808.759,0
9118,1,04/06/23,15:49,random,4,1,38,8,1046.2393,1
9118,1,04/06/23,15:49,random,4,1,39,9,441.6984,1
9118,1,04/06/23,15:49,random,4,1,40,10,754.0324,1
9118,1,04/06/23,15:49,random,5,1,41,1,731.1278,0
9118,1,04/06/23,15:49,random,5,1,42,2,466.3847,0
9118,1,04/06/23,15:49,random,5,1,43,3,512.2535,0
9118,1,04/06/23,15:49,random,5,1,44,4,491.864,0
9118,1,04/06/23,15:49,random,5,1,45,5,467.3896,0
9118,1,04/06/23,15:49,random,5,1,46,6,468.5163,0
9118,1,04/06/23,15:49,random,5,1,47,7,563.9533,0
9118,1,04/06/23,15:49,random,5,1,48,8,585.3648,0
9118,1,04/06/23,15:49,random,5,1,49,9,1034.5728,0
9118,1,04/06/23,15:49,random,5,1,50,10,630.5743,0
9122,1,04/07/23,12:17,practice,0,1,1,1,14002.5871,1
9122,1,04/07/23,12:17,practice,0,1,2,2,558.0722,1
9122,1,04/07/23,12:17,practice,0,1,3,3,719.0522,1
9122,1,04/07/23,12:17,practice,0,1,4,4,429.7549,1
9122,1,04/07/23,12:17,practice,0,1,5,5,537.0292,1
9122,1,04/07/23,12:17,practice,0,1,6,6,441.3619,1
9122,1,04/07/23,12:17,practice,0,1,7,7,519.8228,1
9122,1,04/07/23,12:17,practice,0,1,8,8,477.5546,1
9122,1,04/07/23,12:17,random,1,1,1,1,460.6569,1
9122,1,04/07/23,12:17,random,1,1,2,2,484.154,1
9122,1,04/07/23,12:17,random,1,1,3,3,560.5432,1
9122,1,04/07/23,12:17,random,1,1,4,4,480.9511,1
9122,1,04/07/23,12:17,random,1,1,5,5,458.4785,1
9122,1,04/07/23,12:17,random,1,1,6,6,441.4378,1
9122,1,04/07/23,12:17,random,1,1,7,7,415.3688,1
9122,1,04/07/23,12:17,random,1,1,8,8,418.1148,1
9122,1,04/07/23,12:17,random,1,1,9,9,431.997,1
9122,1,04/07/23,12:17,random,1,1,10,10,495.905,1
9122,1,04/07/23,12:17,random,2,1,11,1,499.4662,1
9122,1,04/07/23,12:17,random,2,1,12,2,488.3464,1
9122,1,04/07/23,12:17,random,2,1,13,3,408.951,1
9122,1,04/07/23,12:17,random,2,1,14,4,513.0739,1
9122,1,04/07/23,12:17,random,2,1,15,5,435.3276,1
9122,1,04/07/23,12:17,random,2,1,16,6,412.2235,1
9122,1,04/07/23,12:17,random,2,1,17,7,450.3915,1
9122,1,04/07/23,12:17,random,2,1,18,8,557.7199,1
9122,1,04/07/23,12:17,random,2,1,19,9,666.3983,1
9122,1,04/07/23,12:17,random,2,1,20,10,435.848,0
9122,1,04/07/23,12:17,random,3,1,21,1,445.179,1
9122,1,04/07/23,12:17,random,3,1,22,2,439.971,1
9122,1,04/07/23,12:17,random,3,1,23,3,369.2974,1
9122,1,04/07/23,12:17,random,3,1,24,4,420.3672,1
9122,1,04/07/23,12:17,random,3,1,25,5,571.842,1
9122,1,04/07/23,12:17,random,3,1,26,6,525.1595,1
9122,1,04/07/23,12:17,random,3,1,27,7,523.9206,1
9122,1,04/07/23,12:17,random,3,1,28,8,446.6681,1
9122,1,04/07/23,12:17,random,3,1,29,9,530.2779,1
9122,1,04/07/23,12:17,random,3,1,30,10,361.4826,1
9122,1,04/07/23,12:17,random,4,1,31,1,516.9512,1
9122,1,04/07/23,12:17,random,4,1,32,2,551.328,1
9122,1,04/07/23,12:17,random,4,1,33,3,425.8449,1
9122,1,04/07/23,12:17,random,4,1,34,4,574.1964,1
9122,1,04/07/23,12:17,random,4,1,35,5,514.573,1
9122,1,04/07/23,12:17,random,4,1,36,6,524.3999,1
9122,1,04/07/23,12:17,random,4,1,37,7,535.7236,1
9122,1,04/07/23,12:17,random,4,1,38,8,443.0141,1
9122,1,04/07/23,12:17,random,4,1,39,9,457.9371,1
9122,1,04/07/23,12:17,random,4,1,40,10,476.3421,1
9122,1,04/07/23,12:17,random,5,1,41,1,703.6827,1
9122,1,04/07/23,12:17,random,5,1,42,2,414.6184,1
9122,1,04/07/23,12:17,random,5,1,43,3,461.2583,1
9122,1,04/07/23,12:17,random,5,1,44,4,435.929,1
9122,1,04/07/23,12:17,random,5,1,45,5,459.5271,0
9122,1,04/07/23,12:17,random,5,1,46,6,506.4401,1
9122,1,04/07/23,12:17,random,5,1,47,7,570.7993,1
9122,1,04/07/23,12:17,random,5,1,48,8,502.0445,1
9122,1,04/07/23,12:17,random,5,1,49,9,447.215,1
9122,1,04/07/23,12:17,random,5,1,50,10,471.8786,1
9123,1,04/05/23,12:24,practice,0,1,1,1,406.11130000000003,1
9123,1,04/05/23,12:24,practice,0,1,2,2,373.7092,1
9123,1,04/05/23,12:24,practice,0,1,3,3,422.2103,1
9123,1,04/05/23,12:24,practice,0,1,4,4,607.9506,1
9123,1,04/05/23,12:24,practice,0,1,5,5,515.9309,1
9123,1,04/05/23,12:24,practice,0,1,6,6,472.3468,1
9123,1,04/05/23,12:24,practice,0,1,7,7,654.1064,1
9123,1,04/05/23,12:24,practice,0,1,8,8,478.2238,1
9123,1,04/05/23,12:24,random,1,1,1,1,443.2077,1
9123,1,04/05/23,12:24,random,1,1,2,2,473.2906,1
9123,1,04/05/23,12:24,random,1,1,3,3,439.4509,1
9123,1,04/05/23,12:24,random,1,1,4,4,422.0644,1
9123,1,04/05/23,12:24,random,1,1,5,5,495.1011,1
9123,1,04/05/23,12:24,random,1,1,6,6,432.1964,1
9123,1,04/05/23,12:24,random,1,1,7,7,373.0614,1
9123,1,04/05/23,12:24,random,1,1,8,8,577.398,1
9123,1,04/05/23,12:24,random,1,1,9,9,449.7208,1
9123,1,04/05/23,12:24,random,1,1,10,10,448.6868,1
9123,1,04/05/23,12:24,random,2,1,11,1,449.4388,1
9123,1,04/05/23,12:24,random,2,1,12,2,435.6455,1
9123,1,04/05/23,12:24,random,2,1,13,3,534.6123,1
9123,1,04/05/23,12:24,random,2,1,14,4,528.9862,1
9123,1,04/05/23,12:24,random,2,1,15,5,534.8541,1
9123,1,04/05/23,12:24,random,2,1,16,6,465.0036,1
9123,1,04/05/23,12:24,random,2,1,17,7,447.5856,1
9123,1,04/05/23,12:24,random,2,1,18,8,478.5306,1
9123,1,04/05/23,12:24,random,2,1,19,9,494.7243,1
9123,1,04/05/23,12:24,random,2,1,20,10,468.4475,1
9123,1,04/05/23,12:24,random,3,1,21,1,434.2423,1
9123,1,04/05/23,12:24,random,3,1,22,2,473.1514,1
9123,1,04/05/23,12:24,random,3,1,23,3,467.5169,1
9123,1,04/05/23,12:24,random,3,1,24,4,428.665,1
9123,1,04/05/23,12:24,random,3,1,25,5,426.9455,1
9123,1,04/05/23,12:24,random,3,1,26,6,458.8154,1
9123,1,04/05/23,12:24,random,3,1,27,7,454.9763,1
9123,1,04/05/23,12:24,random,3,1,28,8,445.2356,1
9123,1,04/05/23,12:24,random,3,1,29,9,423.9578,1
9123,1,04/05/23,12:24,random,3,1,30,10,471.1956,1
9123,1,04/05/23,12:24,random,4,1,31,1,441.8593,1
9123,1,04/05/23,12:24,random,4,1,32,2,413.9498,1
9123,1,04/05/23,12:24,random,4,1,33,3,411.2326,1
9123,1,04/05/23,12:24,random,4,1,34,4,468.2241,1
9123,1,04/05/23,12:24,random,4,1,35,5,398.9168,1
9123,1,04/05/23,12:24,random,4,1,36,6,397.2646,1
9123,1,04/05/23,12:24,random,4,1,37,7,384.8762,1
9123,1,04/05/23,12:24,random,4,1,38,8,400.9875,1
9123,1,04/05/23,12:24,random,4,1,39,9,383.8468,1
9123,1,04/05/23,12:24,random,4,1,40,10,392.499,1
9123,1,04/05/23,12:24,random,5,1,41,1,394.3581,1
9123,1,04/05/23,12:24,random,5,1,42,2,410.2443,1
9123,1,04/05/23,12:24,random,5,1,43,3,484.8051,1
9123,1,04/05/23,12:24,random,5,1,44,4,418.21,1
9123,1,04/05/23,12:24,random,5,1,45,5,422.9216,1
9123,1,04/05/23,12:24,random,5,1,46,6,366.5184,1
9123,1,04/05/23,12:24,random,5,1,47,7,417.9316,1
9123,1,04/05/23,12:24,random,5,1,48,8,391.8198,1
9123,1,04/05/23,12:24,random,5,1,49,9,346.178,1
9123,1,04/05/23,12:24,random,5,1,50,10,488.1394,1
9124,1,04/07/23,15:17,practice,0,1,1,1,2124.2917,1
9124,1,04/07/23,15:17,practice,0,1,2,2,897.8786,1
9124,1,04/07/23,15:17,practice,0,1,3,3,493.1559,1
9124,1,04/07/23,15:17,practice,0,1,4,4,1323.3673,1
9124,1,04/07/23,15:17,practice,0,1,5,5,2507.9446,1
9124,1,04/07/23,15:17,practice,0,1,6,6,770.802,1
9124,1,04/07/23,15:17,practice,0,1,7,7,882.1985,1
9124,1,04/07/23,15:17,practice,0,1,8,8,764.4004,1
9124,1,04/07/23,15:17,random,1,1,1,1,677.6952,1
9124,1,04/07/23,15:17,random,1,1,2,2,818.7061,1
9124,1,04/07/23,15:17,random,1,1,3,3,581.4257,1
9124,1,04/07/23,15:17,random,1,1,4,4,831.2845,1
9124,1,04/07/23,15:17,random,1,1,5,5,727.6915,1
9124,1,04/07/23,15:17,random,1,1,6,6,582.1766,1
9124,1,04/07/23,15:17,random,1,1,7,7,738.4788,1
9124,1,04/07/23,15:17,random,1,1,8,8,431.159,1
9124,1,04/07/23,15:17,random,1,1,9,9,716.5884,1
9124,1,04/07/23,15:17,random,1,1,10,10,990.1807,1
9124,1,04/07/23,15:17,random,2,1,11,1,519.9398,1
9124,1,04/07/23,15:17,random,2,1,12,2,484.5061,1
9124,1,04/07/23,15:17,random,2,1,13,3,688.3507,1
9124,1,04/07/23,15:17,random,2,1,14,4,700.9204,1
9124,1,04/07/23,15:17,random,2,1,15,5,864.7969,1
9124,1,04/07/23,15:17,random,2,1,16,6,530.4822,1
9124,1,04/07/23,15:17,random,2,1,17,7,916.4402,1
9124,1,04/07/23,15:17,random,2,1,18,8,728.3028,1
9124,1,04/07/23,15:17,random,2,1,19,9,577.9935,1
9124,1,04/07/23,15:17,random,2,1,20,10,617.1308,1
9124,1,04/07/23,15:17,random,3,1,21,1,764.5979,1
9124,1,04/07/23,15:17,random,3,1,22,2,681.0657,1
9124,1,04/07/23,15:17,random,3,1,23,3,711.9404,1
9124,1,04/07/23,15:17,random,3,1,24,4,638.3442,1
9124,1,04/07/23,15:17,random,3,1,25,5,1007.653,1
9124,1,04/07/23,15:17,random,3,1,26,6,511.6924,1
9124,1,04/07/23,15:17,random,3,1,27,7,775.3716,1
9124,1,04/07/23,15:17,random,3,1,28,8,603.0774,1
9124,1,04/07/23,15:17,random,3,1,29,9,676.5814,1
9124,1,04/07/23,15:17,random,3,1,30,10,558.8012,1
9124,1,04/07/23,15:17,random,4,1,31,1,719.9214,1
9124,1,04/07/23,15:17,random,4,1,32,2,530.5483,1
9124,1,04/07/23,15:17,random,4,1,33,3,454.1773,1
9124,1,04/07/23,15:17,random,4,1,34,4,1000.301,1
9124,1,04/07/23,15:17,random,4,1,35,5,515.3164,1
9124,1,04/07/23,15:17,random,4,1,36,6,558.1012,1
9124,1,04/07/23,15:17,random,4,1,37,7,639.1921,1
9124,1,04/07/23,15:17,random,4,1,38,8,527.752,1
9124,1,04/07/23,15:17,random,4,1,39,9,682.0041,1
9124,1,04/07/23,15:17,random,4,1,40,10,1028.694,1
9124,1,04/07/23,15:17,random,5,1,41,1,446.4259,1
9124,1,04/07/23,15:17,random,5,1,42,2,567.3238,1
9124,1,04/07/23,15:17,random,5,1,43,3,478.6142,1
9124,1,04/07/23,15:17,random,5,1,44,4,659.0278,1
9124,1,04/07/23,15:17,random,5,1,45,5,4013.5857,1
9124,1,04/07/23,15:17,random,5,1,46,6,571.3507,1
9124,1,04/07/23,15:17,random,5,1,47,7,971.6116,1
9124,1,04/07/23,15:17,random,5,1,48,8,465.7465,1
9124,1,04/07/23,15:17,random,5,1,49,9,596.4182,1
9124,1,04/07/23,15:17,random,5,1,50,10,449.9511,1
9126,1,04/10/23,15:26,practice,0,1,1,1,723.2112,1
9126,1,04/10/23,15:26,practice,0,1,2,2,524.2819,1
9126,1,04/10/23,15:26,practice,0,1,3,3,443.9632,1
9126,1,04/10/23,15:26,practice,0,1,4,4,371.376,1
9126,1,04/10/23,15:26,practice,0,1,5,5,422.5412,1
9126,1,04/10/23,15:26,practice,0,1,6,6,390.4014,1
9126,1,04/10/23,15:26,practice,0,1,7,7,370.6099,1
9126,1,04/10/23,15:26,practice,0,1,8,8,430.5639,1
9126,1,04/10/23,15:26,random,1,1,1,1,522.6205,1
9126,1,04/10/23,15:26,random,1,1,2,2,423.5226,1
9126,1,04/10/23,15:26,random,1,1,3,3,470.2495,1
9126,1,04/10/23,15:26,random,1,1,4,4,345.0216,1
9126,1,04/10/23,15:26,random,1,1,5,5,390.2369,1
9126,1,04/10/23,15:26,random,1,1,6,6,375.9787,1
9126,1,04/10/23,15:26,random,1,1,7,7,347.3263,0
9126,1,04/10/23,15:26,random,1,1,8,8,3.97499999999,1
9126,1,04/10/23,15:26,random,1,1,9,9,406.1805,1
9126,1,04/10/23,15:26,random,1,1,10,10,411.586,0
9126,1,04/10/23,15:26,random,2,1,11,1,3.08219999999,0
9126,1,04/10/23,15:26,random,2,1,12,2,456.4095,1
9126,1,04/10/23,15:26,random,2,1,13,3,417.1868,1
9126,1,04/10/23,15:26,random,2,1,14,4,389.0953,1
9126,1,04/10/23,15:26,random,2,1,15,5,457.2062,1
9126,1,04/10/23,15:26,random,2,1,16,6,440.7833,0
9126,1,04/10/23,15:26,random,2,1,17,7,411.2481,1
9126,1,04/10/23,15:26,random,2,1,18,8,370.7742,1
9126,1,04/10/23,15:26,random,2,1,19,9,594.3071,1
9126,1,04/10/23,15:26,random,2,1,20,10,525.4857,1
9126,1,04/10/23,15:26,random,3,1,21,1,544.1235,1
9126,1,04/10/23,15:26,random,3,1,22,2,500.5715,1
9126,1,04/10/23,15:26,random,3,1,23,3,453.5826,1
9126,1,04/10/23,15:26,random,3,1,24,4,467.6482,1
9126,1,04/10/23,15:26,random,3,1,25,5,508.5262,1
9126,1,04/10/23,15:26,random,3,1,26,6,420.4272,1
9126,1,04/10/23,15:26,random,3,1,27,7,422.1461,1
9126,1,04/10/23,15:26,random,3,1,28,8,468.2177,1
9126,1,04/10/23,15:26,random,3,1,29,9,467.5891,1
9126,1,04/10/23,15:26,random,3,1,30,10,447.5143,1
9126,1,04/10/23,15:26,random,4,1,31,1,462.4218,1
9126,1,04/10/23,15:26,random,4,1,32,2,425.1517,1
9126,1,04/10/23,15:26,random,4,1,33,3,364.7561,1
9126,1,04/10/23,15:26,random,4,1,34,4,453.2024,1
9126,1,04/10/23,15:26,random,4,1,35,5,493.2291,1
9126,1,04/10/23,15:26,random,4,1,36,6,447.7562,1
9126,1,04/10/23,15:26,random,4,1,37,7,392.401,1
9126,1,04/10/23,15:26,random,4,1,38,8,443.0961,1
9126,1,04/10/23,15:26,random,4,1,39,9,475.5033,1
9126,1,04/10/23,15:26,random,4,1,40,10,401.2427,0
9126,1,04/10/23,15:26,random,5,1,41,1,413.0294,1
9126,1,04/10/23,15:26,random,5,1,42,2,423.3499,1
9126,1,04/10/23,15:26,random,5,1,43,3,594.1299,1
9126,1,04/10/23,15:26,random,5,1,44,4,448.5923,1
9126,1,04/10/23,15:26,random,5,1,45,5,409.7569,1
9126,1,04/10/23,15:26,random,5,1,46,6,452.8842,1
9126,1,04/10/23,15:26,random,5,1,47,7,459.2284,1
9126,1,04/10/23,15:26,random,5,1,48,8,433.7603,1
9126,1,04/10/23,15:26,random,5,1,49,9,419.9532,1
9126,1,04/10/23,15:26,random,5,1,50,10,572.8207,1
9127,1,06/26/23,15:41,practice,0,1,1,1,23372.4734,0
9127,1,06/26/23,15:41,practice,0,1,2,2,0.184599999993,0
9127,1,06/26/23,15:41,practice,0,1,3,3,609.8738,1
9127,1,06/26/23,15:41,practice,0,1,4,4,694.9122,1
9127,1,06/26/23,15:41,practice,0,1,5,5,596.5993,1
9127,1,06/26/23,15:41,practice,0,1,6,6,495.2122,1
9127,1,06/26/23,15:41,practice,0,1,7,7,462.5645,1
9127,1,06/26/23,15:41,practice,0,1,8,8,906.9177,1
9127,1,06/26/23,15:41,random,1,1,1,1,509.1214,0
9127,1,06/26/23,15:41,random,1,1,2,2,3.3386999999899998,0
9127,1,06/26/23,15:41,random,1,1,3,3,558.8559,1
9127,1,06/26/23,15:41,random,1,1,4,4,490.1862,1
9127,1,06/26/23,15:41,random,1,1,5,5,563.8517,1
9127,1,06/26/23,15:41,random,1,1,6,6,563.1771,1
9127,1,06/26/23,15:41,random,1,1,7,7,473.3262,1
9127,1,06/26/23,15:41,random,1,1,8,8,572.4233,1
9127,1,06/26/23,15:41,random,1,1,9,9,574.8092,1
9127,1,06/26/23,15:41,random,1,1,10,10,485.5045,1
9127,1,06/26/23,15:41,random,2,1,11,1,546.3351,1
9127,1,06/26/23,15:41,random,2,1,12,2,532.4154,1
9127,1,06/26/23,15:41,random,2,1,13,3,430.8087,1
9127,1,06/26/23,15:41,random,2,1,14,4,486.4756,1
9127,1,06/26/23,15:41,random,2,1,15,5,533.8101,1
9127,1,06/26/23,15:41,random,2,1,16,6,447.4617,1
9127,1,06/26/23,15:41,random,2,1,17,7,400.579,1
9127,1,06/26/23,15:41,random,2,1,18,8,569.2383,0
9127,1,06/26/23,15:41,random,2,1,19,9,9.34469999999,0
9127,1,06/26/23,15:41,random,2,1,20,10,514.337,1
9127,1,06/26/23,15:41,random,3,1,21,1,730.7015,1
9127,1,06/26/23,15:41,random,3,1,22,2,781.3191,1
9127,1,06/26/23,15:41,random,3,1,23,3,579.9969,1
9127,1,06/26/23,15:41,random,3,1,24,4,493.1206,1
9127,1,06/26/23,15:41,random,3,1,25,5,490.916,1
9127,1,06/26/23,15:41,random,3,1,26,6,1396.6378,1
9127,1,06/26/23,15:41,random,3,1,27,7,680.8522,1
9127,1,06/26/23,15:41,random,3,1,28,8,502.0992,1
9127,1,06/26/23,15:41,random,3,1,29,9,435.2144,1
9127,1,06/26/23,15:41,random,3,1,30,10,400.6276,1
9127,1,06/26/23,15:41,random,4,1,31,1,466.8368,1
9127,1,06/26/23,15:41,random,4,1,32,2,500.0291,0
9127,1,06/26/23,15:41,random,4,1,33,3,506.9608,1
9127,1,06/26/23,15:41,random,4,1,34,4,780.9177,1
9127,1,06/26/23,15:41,random,4,1,35,5,637.3924,1
9127,1,06/26/23,15:41,random,4,1,36,6,597.3698,1
9127,1,06/26/23,15:41,random,4,1,37,7,688.7152,0
9127,1,06/26/23,15:41,random,4,1,38,8,573.0799,1
9127,1,06/26/23,15:41,random,4,1,39,9,777.9471,1
9127,1,06/26/23,15:41,random,4,1,40,10,562.5224,1
9127,1,06/26/23,15:41,random,5,1,41,1,527.3858,1
9127,1,06/26/23,15:41,random,5,1,42,2,803.9027,1
9127,1,06/26/23,15:41,random,5,1,43,3,469.9793,0
9127,1,06/26/23,15:41,random,5,1,44,4,3.37910000002,0
9127,1,06/26/23,15:41,random,5,1,45,5,671.7415,1
9127,1,06/26/23,15:41,random,5,1,46,6,671.8577,1
9127,1,06/26/23,15:41,random,5,1,47,7,665.8678,1
9127,1,06/26/23,15:41,random,5,1,48,8,632.0885,1
9127,1,06/26/23,15:41,random,5,1,49,9,549.9597,1
9127,1,06/26/23,15:41,random,5,1,50,10,675.5786,1
9128,1,06/20/23,15:27,practice,0,1,1,1,2022.0211,1
9128,1,06/20/23,15:27,practice,0,1,2,2,602.019,1
9128,1,06/20/23,15:27,practice,0,1,3,3,410.8035,1
9128,1,06/20/23,15:27,practice,0,1,4,4,433.5003,1
9128,1,06/20/23,15:27,practice,0,1,5,5,427.7921,1
9128,1,06/20/23,15:27,practice,0,1,6,6,428.313,1
9128,1,06/20/23,15:27,practice,0,1,7,7,401.443,1
9128,1,06/20/23,15:27,practice,0,1,8,8,523.0696,1
9128,1,06/20/23,15:27,random,1,1,1,1,365.3556,1
9128,1,06/20/23,15:27,random,1,1,2,2,382.2152,1
9128,1,06/20/23,15:27,random,1,1,3,3,495.4831,1
9128,1,06/20/23,15:27,random,1,1,4,4,399.1268,1
9128,1,06/20/23,15:27,random,1,1,5,5,405.5165,1
9128,1,06/20/23,15:27,random,1,1,6,6,455.2596,1
9128,1,06/20/23,15:27,random,1,1,7,7,446.7129,1
9128,1,06/20/23,15:27,random,1,1,8,8,388.0779,1
9128,1,06/20/23,15:27,random,1,1,9,9,402.0968,1
9128,1,06/20/23,15:27,random,1,1,10,10,556.976,1
9128,1,06/20/23,15:27,random,2,1,11,1,405.8774,1
9128,1,06/20/23,15:27,random,2,1,12,2,342.1367,1
9128,1,06/20/23,15:27,random,2,1,13,3,414.2825,1
9128,1,06/20/23,15:27,random,2,1,14,4,473.9446,1
9128,1,06/20/23,15:27,random,2,1,15,5,358.6761,1
9128,1,06/20/23,15:27,random,2,1,16,6,401.931,1
9128,1,06/20/23,15:27,random,2,1,17,7,401.9857,1
9128,1,06/20/23,15:27,random,2,1,18,8,537.6244,1
9128,1,06/20/23,15:27,random,2,1,19,9,403.3988,1
9128,1,06/20/23,15:27,random,2,1,20,10,349.3837,1
9128,1,06/20/23,15:27,random,3,1,21,1,635.2455,1
9128,1,06/20/23,15:27,random,3,1,22,2,343.6454,1
9128,1,06/20/23,15:27,random,3,1,23,3,413.1252,1
9128,1,06/20/23,15:27,random,3,1,24,4,503.073,1
9128,1,06/20/23,15:27,random,3,1,25,5,408.9912,1
9128,1,06/20/23,15:27,random,3,1,26,6,594.5107,1
9128,1,06/20/23,15:27,random,3,1,27,7,413.4044,1
9128,1,06/20/23,15:27,random,3,1,28,8,413.2252,1
9128,1,06/20/23,15:27,random,3,1,29,9,497.628,1
9128,1,06/20/23,15:27,random,3,1,30,10,413.4749,0
9128,1,06/20/23,15:27,random,4,1,31,1,690.4654,1
9128,1,06/20/23,15:27,random,4,1,32,2,629.1009,1
9128,1,06/20/23,15:27,random,4,1,33,3,492.7354,1
9128,1,06/20/23,15:27,random,4,1,34,4,526.3974,1
9128,1,06/20/23,15:27,random,4,1,35,5,395.7707,1
9128,1,06/20/23,15:27,random,4,1,36,6,671.0706,1
9128,1,06/20/23,15:27,random,4,1,37,7,493.1936,1
9128,1,06/20/23,15:27,random,4,1,38,8,447.8124,1
9128,1,06/20/23,15:27,random,4,1,39,9,494.7925,1
9128,1,06/20/23,15:27,random,4,1,40,10,489.3975,1
9128,1,06/20/23,15:27,random,5,1,41,1,510.4534,1
9128,1,06/20/23,15:27,random,5,1,42,2,610.3335,1
9128,1,06/20/23,15:27,random,5,1,43,3,444.3609,1
9128,1,06/20/23,15:27,random,5,1,44,4,526.3799,1
9128,1,06/20/23,15:27,random,5,1,45,5,614.1342,1
9128,1,06/20/23,15:27,random,5,1,46,6,910.481,1
9128,1,06/20/23,15:27,random,5,1,47,7,505.0403,1
9128,1,06/20/23,15:27,random,5,1,48,8,448.5268,1
9128,1,06/20/23,15:27,random,5,1,49,9,389.6075,1
9128,1,06/20/23,15:27,random,5,1,50,10,700.4414,1
9130,1,06/23/23,09:10,practice,0,1,1,1,890.7615,1
9130,1,06/23/23,09:10,practice,0,1,2,2,556.1104,1
9130,1,06/23/23,09:10,practice,0,1,3,3,527.1116,1
9130,1,06/23/23,09:10,practice,0,1,4,4,554.6253,1
9130,1,06/23/23,09:10,practice,0,1,5,5,546.5021,1
9130,1,06/23/23,09:10,practice,0,1,6,6,674.9819,1
9130,1,06/23/23,09:10,practice,0,1,7,7,686.9312,1
9130,1,06/23/23,09:10,practice,0,1,8,8,441.7907,1
9130,1,06/23/23,09:10,random,1,1,1,1,1194.2973,1
9130,1,06/23/23,09:10,random,1,1,2,2,612.1736,1
9130,1,06/23/23,09:10,random,1,1,3,3,661.4773,1
9130,1,06/23/23,09:10,random,1,1,4,4,458.2516,1
9130,1,06/23/23,09:10,random,1,1,5,5,604.0299,1
9130,1,06/23/23,09:10,random,1,1,6,6,436.3716,1
9130,1,06/23/23,09:10,random,1,1,7,7,502.8119,1
9130,1,06/23/23,09:10,random,1,1,8,8,448.3279,1
9130,1,06/23/23,09:10,random,1,1,9,9,413.4173,1
9130,1,06/23/23,09:10,random,1,1,10,10,400.2597,1
9130,1,06/23/23,09:10,random,2,1,11,1,406.8762,1
9130,1,06/23/23,09:10,random,2,1,12,2,450.4056,0
9130,1,06/23/23,09:10,random,2,1,13,3,470.2169,1
9130,1,06/23/23,09:10,random,2,1,14,4,587.6981,1
9130,1,06/23/23,09:10,random,2,1,15,5,476.9699,1
9130,1,06/23/23,09:10,random,2,1,16,6,624.8589,1
9130,1,06/23/23,09:10,random,2,1,17,7,767.3365,1
9130,1,06/23/23,09:10,random,2,1,18,8,589.4476,1
9130,1,06/23/23,09:10,random,2,1,19,9,425.1736,1
9130,1,06/23/23,09:10,random,2,1,20,10,511.2477,1
9130,1,06/23/23,09:10,random,3,1,21,1,415.5635,1
9130,1,06/23/23,09:10,random,3,1,22,2,915.375,1
9130,1,06/23/23,09:10,random,3,1,23,3,539.5793,1
9130,1,06/23/23,09:10,random,3,1,24,4,698.0243,1
9130,1,06/23/23,09:10,random,3,1,25,5,740.2061,1
9130,1,06/23/23,09:10,random,3,1,26,6,847.3799,1
9130,1,06/23/23,09:10,random,3,1,27,7,868.5149,1
9130,1,06/23/23,09:10,random,3,1,28,8,689.5731,1
9130,1,06/23/23,09:10,random,3,1,29,9,1375.4343,1
9130,1,06/23/23,09:10,random,3,1,30,10,577.3249,1
9130,1,06/23/23,09:10,random,4,1,31,1,529.2621,1
9130,1,06/23/23,09:10,random,4,1,32,2,512.3492,1
9130,1,06/23/23,09:10,random,4,1,33,3,568.0817,1
9130,1,06/23/23,09:10,random,4,1,34,4,394.2636,1
9130,1,06/23/23,09:10,random,4,1,35,5,640.7506,1
9130,1,06/23/23,09:10,random,4,1,36,6,487.0326,1
9130,1,06/23/23,09:10,random,4,1,37,7,312.3849,1
9130,1,06/23/23,09:10,random,4,1,38,8,495.4775,1
9130,1,06/23/23,09:10,random,4,1,39,9,405.1058,1
9130,1,06/23/23,09:10,random,4,1,40,10,569.1378,0
9130,1,06/23/23,09:10,random,5,1,41,1,3.93000000002,1
9130,1,06/23/23,09:10,random,5,1,42,2,783.511,1
9130,1,06/23/23,09:10,random,5,1,43,3,474.5691,1
9130,1,06/23/23,09:10,random,5,1,44,4,479.6332,1
9130,1,06/23/23,09:10,random,5,1,45,5,678.889,1
9130,1,06/23/23,09:10,random,5,1,46,6,512.9806,1
9130,1,06/23/23,09:10,random,5,1,47,7,509.987,1
9130,1,06/23/23,09:10,random,5,1,48,8,672.7751,1
9130,1,06/23/23,09:10,random,5,1,49,9,611.0509,1
9130,1,06/23/23,09:10,random,5,1,50,10,632.1205,1
9131,1,06/23/23,12:12,practice,0,1,1,1,471.1829,1
9131,1,06/23/23,12:12,practice,0,1,2,2,426.073,1
9131,1,06/23/23,12:12,practice,0,1,3,3,399.4449,1
9131,1,06/23/23,12:12,practice,0,1,4,4,361.0525,1
9131,1,06/23/23,12:12,practice,0,1,5,5,324.7329,1
9131,1,06/23/23,12:12,practice,0,1,6,6,346.0268,1
9131,1,06/23/23,12:12,practice,0,1,7,7,428.7888,1
9131,1,06/23/23,12:12,practice,0,1,8,8,328.9889,0
9131,1,06/23/23,12:12,random,1,1,1,1,478.9449,1
9131,1,06/23/23,12:12,random,1,1,2,2,514.1724,1
9131,1,06/23/23,12:12,random,1,1,3,3,452.2853,1
9131,1,06/23/23,12:12,random,1,1,4,4,389.109,1
9131,1,06/23/23,12:12,random,1,1,5,5,372.0509,1
9131,1,06/23/23,12:12,random,1,1,6,6,482.7126,1
9131,1,06/23/23,12:12,random,1,1,7,7,387.6376,1
9131,1,06/23/23,12:12,random,1,1,8,8,388.8658,1
9131,1,06/23/23,12:12,random,1,1,9,9,419.7535,1
9131,1,06/23/23,12:12,random,1,1,10,10,463.3232,1
9131,1,06/23/23,12:12,random,2,1,11,1,421.441,1
9131,1,06/23/23,12:12,random,2,1,12,2,385.7465,1
9131,1,06/23/23,12:12,random,2,1,13,3,438.1153,1
9131,1,06/23/23,12:12,random,2,1,14,4,380.2077,1
9131,1,06/23/23,12:12,random,2,1,15,5,448.2549,1
9131,1,06/23/23,12:12,random,2,1,16,6,425.4025,1
9131,1,06/23/23,12:12,random,2,1,17,7,439.2595,1
9131,1,06/23/23,12:12,random,2,1,18,8,473.8143,1
9131,1,06/23/23,12:12,random,2,1,19,9,383.0048,1
9131,1,06/23/23,12:12,random,2,1,20,10,406.4963,1
9131,1,06/23/23,12:12,random,3,1,21,1,391.2722,1
9131,1,06/23/23,12:12,random,3,1,22,2,480.8176,1
9131,1,06/23/23,12:12,random,3,1,23,3,408.5079,1
9131,1,06/23/23,12:12,random,3,1,24,4,444.958,1
9131,1,06/23/23,12:12,random,3,1,25,5,523.5736,1
9131,1,06/23/23,12:12,random,3,1,26,6,380.5049,1
9131,1,06/23/23,12:12,random,3,1,27,7,458.5954,1
9131,1,06/23/23,12:12,random,3,1,28,8,442.1635,1
9131,1,06/23/23,12:12,random,3,1,29,9,501.9828,1
9131,1,06/23/23,12:12,random,3,1,30,10,672.663,1
9131,1,06/23/23,12:12,random,4,1,31,1,394.4404,1
9131,1,06/23/23,12:12,random,4,1,32,2,393.06,1
9131,1,06/23/23,12:12,random,4,1,33,3,441.6555,1
9131,1,06/23/23,12:12,random,4,1,34,4,416.5788,1
9131,1,06/23/23,12:12,random,4,1,35,5,459.5031,1
9131,1,06/23/23,12:12,random,4,1,36,6,464.6082,1
9131,1,06/23/23,12:12,random,4,1,37,7,471.4174,1
9131,1,06/23/23,12:12,random,4,1,38,8,398.8211,1
9131,1,06/23/23,12:12,random,4,1,39,9,481.6072,1
9131,1,06/23/23,12:12,random,4,1,40,10,371.5623,1
9131,1,06/23/23,12:12,random,5,1,41,1,414.0904,1
9131,1,06/23/23,12:12,random,5,1,42,2,470.0296,1
9131,1,06/23/23,12:12,random,5,1,43,3,437.6938,1
9131,1,06/23/23,12:12,random,5,1,44,4,471.5083,1
9131,1,06/23/23,12:12,random,5,1,45,5,421.0647,1
9131,1,06/23/23,12:12,random,5,1,46,6,460.6181,1
9131,1,06/23/23,12:12,random,5,1,47,7,560.2186,1
9131,1,06/23/23,12:12,random,5,1,48,8,407.2661,1
9131,1,06/23/23,12:12,random,5,1,49,9,475.2194,1
9131,1,06/23/23,12:12,random,5,1,50,10,492.1702,1
9132,1,06/23/23,15:36,practice,0,1,1,1,26462.2878,0
9132,1,06/23/23,15:36,practice,0,1,2,2,0.208600000013,1
9132,1,06/23/23,15:36,practice,0,1,3,3,4538.633,0
9132,1,06/23/23,15:36,practice,0,1,4,4,3010.2661,0
9132,1,06/23/23,15:36,practice,0,1,5,5,6312.9873,1
9132,1,06/23/23,15:36,practice,0,1,6,6,998.635,1
9132,1,06/23/23,15:36,practice,0,1,7,7,2762.8174,0
9132,1,06/23/23,15:36,practice,0,1,8,8,70731.642,0
9132,1,06/23/23,15:36,random,1,1,1,1,9247.1145,1
9132,1,06/23/23,15:36,random,1,1,2,2,3986.2206,1
9132,1,06/23/23,15:36,random,1,1,3,3,963.6727,1
9132,1,06/23/23,15:36,random,1,1,4,4,962.5064,1
9132,1,06/23/23,15:36,random,1,1,5,5,1174.4397,1
9132,1,06/23/23,15:36,random,1,1,6,6,792.0977,1
9132,1,06/23/23,15:36,random,1,1,7,7,841.4133,1
9132,1,06/23/23,15:36,random,1,1,8,8,671.9274,1
9132,1,06/23/23,15:36,random,1,1,9,9,795.8127,1
9132,1,06/23/23,15:36,random,1,1,10,10,554.5232,1
9132,1,06/23/23,15:36,random,2,1,11,1,748.134,1
9132,1,06/23/23,15:36,random,2,1,12,2,570.5217,1
9132,1,06/23/23,15:36,random,2,1,13,3,643.3747,1
9132,1,06/23/23,15:36,random,2,1,14,4,762.438,1
9132,1,06/23/23,15:36,random,2,1,15,5,362.7018,1
9132,1,06/23/23,15:36,random,2,1,16,6,494.8168,1
9132,1,06/23/23,15:36,random,2,1,17,7,631.433,1
9132,1,06/23/23,15:36,random,2,1,18,8,557.8978,1
9132,1,06/23/23,15:36,random,2,1,19,9,557.6925,1
9132,1,06/23/23,15:36,random,2,1,20,10,431.9333,1
9132,1,06/23/23,15:36,random,3,1,21,1,399.127,1
9132,1,06/23/23,15:36,random,3,1,22,2,598.8257,1
9132,1,06/23/23,15:36,random,3,1,23,3,487.5883,1
9132,1,06/23/23,15:36,random,3,1,24,4,518.2987,1
9132,1,06/23/23,15:36,random,3,1,25,5,374.148,1
9132,1,06/23/23,15:36,random,3,1,26,6,421.2417,1
9132,1,06/23/23,15:36,random,3,1,27,7,549.7813,1
9132,1,06/23/23,15:36,random,3,1,28,8,460.1964,1
9132,1,06/23/23,15:36,random,3,1,29,9,736.8267,1
9132,1,06/23/23,15:36,random,3,1,30,10,411.7816,1
9132,1,06/23/23,15:36,random,4,1,31,1,486.8238,1
9132,1,06/23/23,15:36,random,4,1,32,2,634.4019,1
9132,1,06/23/23,15:36,random,4,1,33,3,571.9578,1
9132,1,06/23/23,15:36,random,4,1,34,4,525.2542,1
9132,1,06/23/23,15:36,random,4,1,35,5,590.8885,1
9132,1,06/23/23,15:36,random,4,1,36,6,478.6177,1
9132,1,06/23/23,15:36,random,4,1,37,7,577.3841,1
9132,1,06/23/23,15:36,random,4,1,38,8,543.326,1
9132,1,06/23/23,15:36,random,4,1,39,9,511.9017,1
9132,1,06/23/23,15:36,random,4,1,40,10,412.155,1
9132,1,06/23/23,15:36,random,5,1,41,1,492.2279,0
9132,1,06/23/23,15:36,random,5,1,42,2,525.1301,1
9132,1,06/23/23,15:36,random,5,1,43,3,560.5716,1
9132,1,06/23/23,15:36,random,5,1,44,4,738.0011,1
9132,1,06/23/23,15:36,random,5,1,45,5,467.8552,1
9132,1,06/23/23,15:36,random,5,1,46,6,534.4977,1
9132,1,06/23/23,15:36,random,5,1,47,7,452.309,1
9132,1,06/23/23,15:36,random,5,1,48,8,564.7574,1
9132,1,06/23/23,15:36,random,5,1,49,9,448.7126,1
9132,1,06/23/23,15:36,random,5,1,50,10,706.9117,1
9133,1,06/27/23,12:16,practice,0,1,1,1,606.1187,1
9133,1,06/27/23,12:16,practice,0,1,2,2,474.8826,1
9133,1,06/27/23,12:16,practice,0,1,3,3,387.1539,1
9133,1,06/27/23,12:16,practice,0,1,4,4,651.5593,1
9133,1,06/27/23,12:16,practice,0,1,5,5,419.5074,1
9133,1,06/27/23,12:16,practice,0,1,6,6,497.0156,1
9133,1,06/27/23,12:16,practice,0,1,7,7,429.6478,1
9133,1,06/27/23,12:16,practice,0,1,8,8,595.3812,1
9133,1,06/27/23,12:16,random,1,1,1,1,493.6686,1
9133,1,06/27/23,12:16,random,1,1,2,2,400.2307,1
9133,1,06/27/23,12:16,random,1,1,3,3,446.0995,1
9133,1,06/27/23,12:16,random,1,1,4,4,428.7931,1
9133,1,06/27/23,12:16,random,1,1,5,5,454.8905,1
9133,1,06/27/23,12:16,random,1,1,6,6,725.8644,1
9133,1,06/27/23,12:16,random,1,1,7,7,508.6673,1
9133,1,06/27/23,12:16,random,1,1,8,8,537.7354,1
9133,1,06/27/23,12:16,random,1,1,9,9,574.9998,1
9133,1,06/27/23,12:16,random,1,1,10,10,582.8293,1
9133,1,06/27/23,12:16,random,2,1,11,1,518.3747,1
9133,1,06/27/23,12:16,random,2,1,12,2,530.0334,1
9133,1,06/27/23,12:16,random,2,1,13,3,395.6811,1
9133,1,06/27/23,12:16,random,2,1,14,4,534.035,1
9133,1,06/27/23,12:16,random,2,1,15,5,473.3716,1
9133,1,06/27/23,12:16,random,2,1,16,6,669.1935,1
9133,1,06/27/23,12:16,random,2,1,17,7,608.3713,1
9133,1,06/27/23,12:16,random,2,1,18,8,561.3094,1
9133,1,06/27/23,12:16,random,2,1,19,9,440.4601,1
9133,1,06/27/23,12:16,random,2,1,20,10,518.5776,1
9133,1,06/27/23,12:16,random,3,1,21,1,653.692,1
9133,1,06/27/23,12:16,random,3,1,22,2,488.9543,1
9133,1,06/27/23,12:16,random,3,1,23,3,384.8752,1
9133,1,06/27/23,12:16,random,3,1,24,4,442.5081,1
9133,1,06/27/23,12:16,random,3,1,25,5,416.1014,1
9133,1,06/27/23,12:16,random,3,1,26,6,411.8638,1
9133,1,06/27/23,12:16,random,3,1,27,7,593.1244,1
9133,1,06/27/23,12:16,random,3,1,28,8,524.0227,1
9133,1,06/27/23,12:16,random,3,1,29,9,786.5073,1
9133,1,06/27/23,12:16,random,3,1,30,10,705.9327,1
9133,1,06/27/23,12:16,random,4,1,31,1,589.7793,1
9133,1,06/27/23,12:16,random,4,1,32,2,613.456,1
9133,1,06/27/23,12:16,random,4,1,33,3,524.9781,1
9133,1,06/27/23,12:16,random,4,1,34,4,413.4341,1
9133,1,06/27/23,12:16,random,4,1,35,5,428.736,1
9133,1,06/27/23,12:16,random,4,1,36,6,537.529,1
9133,1,06/27/23,12:16,random,4,1,37,7,478.3615,1
9133,1,06/27/23,12:16,random,4,1,38,8,609.7367,1
9133,1,06/27/23,12:16,random,4,1,39,9,446.2434,1
9133,1,06/27/23,12:16,random,4,1,40,10,609.0805,1
9133,1,06/27/23,12:16,random,5,1,41,1,477.5832,1
9133,1,06/27/23,12:16,random,5,1,42,2,541.1917,1
9133,1,06/27/23,12:16,random,5,1,43,3,396.5408,1
9133,1,06/27/23,12:16,random,5,1,44,4,519.3205,1
9133,1,06/27/23,12:16,random,5,1,45,5,381.9994,1
9133,1,06/27/23,12:16,random,5,1,46,6,572.3938,1
9133,1,06/27/23,12:16,random,5,1,47,7,555.4698,1
9133,1,06/27/23,12:16,random,5,1,48,8,464.3312,1
9133,1,06/27/23,12:16,random,5,1,49,9,504.4342,1
9133,1,06/27/23,12:16,random,5,1,50,10,395.5032,1
9134,1,06/28/23,12:10,practice,0,1,1,1,667.1209,1
9134,1,06/28/23,12:10,practice,0,1,2,2,449.3501,1
9134,1,06/28/23,12:10,practice,0,1,3,3,367.7396,1
9134,1,06/28/23,12:10,practice,0,1,4,4,575.8398,1
9134,1,06/28/23,12:10,practice,0,1,5,5,515.7456,1
9134,1,06/28/23,12:10,practice,0,1,6,6,377.7215,1
9134,1,06/28/23,12:10,practice,0,1,7,7,549.2964,1
9134,1,06/28/23,12:10,practice,0,1,8,8,630.3444,1
9134,1,06/28/23,12:10,random,1,1,1,1,597.4122,1
9134,1,06/28/23,12:10,random,1,1,2,2,524.9141,1
9134,1,06/28/23,12:10,random,1,1,3,3,432.6336,1
9134,1,06/28/23,12:10,random,1,1,4,4,584.0461,0
9134,1,06/28/23,12:10,random,1,1,5,5,620.8948,1
9134,1,06/28/23,12:10,random,1,1,6,6,664.8619,1
9134,1,06/28/23,12:10,random,1,1,7,7,623.127,1
9134,1,06/28/23,12:10,random,1,1,8,8,525.9301,1
9134,1,06/28/23,12:10,random,1,1,9,9,515.6,1
9134,1,06/28/23,12:10,random,1,1,10,10,587.1407,1
9134,1,06/28/23,12:10,random,2,1,11,1,764.1007,1
9134,1,06/28/23,12:10,random,2,1,12,2,569.2801,1
9134,1,06/28/23,12:10,random,2,1,13,3,675.675,1
9134,1,06/28/23,12:10,random,2,1,14,4,548.6492,1
9134,1,06/28/23,12:10,random,2,1,15,5,558.0573,1
9134,1,06/28/23,12:10,random,2,1,16,6,454.8842,1
9134,1,06/28/23,12:10,random,2,1,17,7,746.3314,1
9134,1,06/28/23,12:10,random,2,1,18,8,485.6968,1
9134,1,06/28/23,12:10,random,2,1,19,9,1029.032,1
9134,1,06/28/23,12:10,random,2,1,20,10,647.6859,1
9134,1,06/28/23,12:10,random,3,1,21,1,623.0281,1
9134,1,06/28/23,12:10,random,3,1,22,2,605.2289,1
9134,1,06/28/23,12:10,random,3,1,23,3,807.7367,1
9134,1,06/28/23,12:10,random,3,1,24,4,508.6147,1
9134,1,06/28/23,12:10,random,3,1,25,5,602.8195,1
9134,1,06/28/23,12:10,random,3,1,26,6,599.7551,1
9134,1,06/28/23,12:10,random,3,1,27,7,453.698,1
9134,1,06/28/23,12:10,random,3,1,28,8,622.6895,1
9134,1,06/28/23,12:10,random,3,1,29,9,541.6788,1
9134,1,06/28/23,12:10,random,3,1,30,10,727.6544,1
9134,1,06/28/23,12:10,random,4,1,31,1,809.3376,1
9134,1,06/28/23,12:10,random,4,1,32,2,695.9909,1
9134,1,06/28/23,12:10,random,4,1,33,3,718.4698,1
9134,1,06/28/23,12:10,random,4,1,34,4,1147.1459,1
9134,1,06/28/23,12:10,random,4,1,35,5,723.3396,1
9134,1,06/28/23,12:10,random,4,1,36,6,533.9711,1
9134,1,06/28/23,12:10,random,4,1,37,7,609.3804,1
9134,1,06/28/23,12:10,random,4,1,38,8,742.2542,1
9134,1,06/28/23,12:10,random,4,1,39,9,1243.5886,1
9134,1,06/28/23,12:10,random,4,1,40,10,630.0073,1
9134,1,06/28/23,12:10,random,5,1,41,1,586.5581,1
9134,1,06/28/23,12:10,random,5,1,42,2,469.8719,1
9134,1,06/28/23,12:10,random,5,1,43,3,518.7812,1
9134,1,06/28/23,12:10,random,5,1,44,4,584.6496,1
9134,1,06/28/23,12:10,random,5,1,45,5,561.4088,1
9134,1,06/28/23,12:10,random,5,1,46,6,470.3892,1
9134,1,06/28/23,12:10,random,5,1,47,7,481.7091,1
9134,1,06/28/23,12:10,random,5,1,48,8,507.7974,1
9134,1,06/28/23,12:10,random,5,1,49,9,725.4151,1
9134,1,06/28/23,12:10,random,5,1,50,10,586.0995,1
9136,1,07/14/23,15:16,practice,0,1,1,1,534.2045,1
9136,1,07/14/23,15:16,practice,0,1,2,2,613.3891,1
9136,1,07/14/23,15:16,practice,0,1,3,3,513.5097,1
9136,1,07/14/23,15:16,practice,0,1,4,4,565.4904,1
9136,1,07/14/23,15:16,practice,0,1,5,5,517.8151,1
9136,1,07/14/23,15:16,practice,0,1,6,6,605.6113,1
9136,1,07/14/23,15:16,practice,0,1,7,7,606.7329,1
9136,1,07/14/23,15:16,practice,0,1,8,8,550.8164,1
9136,1,07/14/23,15:16,random,1,1,1,1,713.8275,1
9136,1,07/14/23,15:16,random,1,1,2,2,583.8862,1
9136,1,07/14/23,15:16,random,1,1,3,3,443.3221,1
9136,1,07/14/23,15:16,random,1,1,4,4,440.2887,0
9136,1,07/14/23,15:16,random,1,1,5,5,490.1125,1
9136,1,07/14/23,15:16,random,1,1,6,6,550.7341,1
9136,1,07/14/23,15:16,random,1,1,7,7,578.703,1
9136,1,07/14/23,15:16,random,1,1,8,8,480.5285,1
9136,1,07/14/23,15:16,random,1,1,9,9,497.8915,1
9136,1,07/14/23,15:16,random,1,1,10,10,460.6572,1
9136,1,07/14/23,15:16,random,2,1,11,1,1148.0835,1
9136,1,07/14/23,15:16,random,2,1,12,2,565.0189,1
9136,1,07/14/23,15:16,random,2,1,13,3,829.9814,1
9136,1,07/14/23,15:16,random,2,1,14,4,3059.0764,1
9136,1,07/14/23,15:16,random,2,1,15,5,779.0112,1
9136,1,07/14/23,15:16,random,2,1,16,6,4649.4002,1
9136,1,07/14/23,15:16,random,2,1,17,7,4491.9473,1
9136,1,07/14/23,15:16,random,2,1,18,8,3397.9351,1
9136,1,07/14/23,15:16,random,2,1,19,9,529.7771,1
9136,1,07/14/23,15:16,random,2,1,20,10,588.0061,1
9136,1,07/14/23,15:16,random,3,1,21,1,771.7053,1
9136,1,07/14/23,15:16,random,3,1,22,2,6424.3835,1
9136,1,07/14/23,15:16,random,3,1,23,3,927.7359,1
9136,1,07/14/23,15:16,random,3,1,24,4,637.8422,1
9136,1,07/14/23,15:16,random,3,1,25,5,6185.7853,1
9136,1,07/14/23,15:16,random,3,1,26,6,550.3879,1
9136,1,07/14/23,15:16,random,3,1,27,7,802.5409,1
9136,1,07/14/23,15:16,random,3,1,28,8,828.4994,1
9136,1,07/14/23,15:16,random,3,1,29,9,935.5048,1
9136,1,07/14/23,15:16,random,3,1,30,10,9080.8889,1
9136,1,07/14/23,15:16,random,4,1,31,1,9432.6939,1
9136,1,07/14/23,15:16,random,4,1,32,2,982.6206,0
9136,1,07/14/23,15:16,random,4,1,33,3,642.6657,1
9136,1,07/14/23,15:16,random,4,1,34,4,6208.0643,1
9136,1,07/14/23,15:16,random,4,1,35,5,7769.3319,1
9136,1,07/14/23,15:16,random,4,1,36,6,9466.4894,1
9136,1,07/14/23,15:16,random,4,1,37,7,4977.0785,1
9136,1,07/14/23,15:16,random,4,1,38,8,963.541,1
9136,1,07/14/23,15:16,random,4,1,39,9,12977.9371,1
9136,1,07/14/23,15:16,random,4,1,40,10,693.5462,1
9136,1,07/14/23,15:16,random,5,1,41,1,14432.4411,1
9136,1,07/14/23,15:16,random,5,1,42,2,1966.0805,1
9136,1,07/14/23,15:16,random,5,1,43,3,7596.1649,1
9136,1,07/14/23,15:16,random,5,1,44,4,1779.6061,1
9136,1,07/14/23,15:16,random,5,1,45,5,3973.3225,1
9136,1,07/14/23,15:16,random,5,1,46,6,5636.7536,1
9136,1,07/14/23,15:16,random,5,1,47,7,6044.7633,1
9136,1,07/14/23,15:16,random,5,1,48,8,4624.7924,1
9136,1,07/14/23,15:16,random,5,1,49,9,1354.0814,1
9136,1,07/14/23,15:16,random,5,1,50,10,13410.6729,1
9137,1,09/18/23,09:32,practice,0,1,1,1,518.0557,1
9137,1,09/18/23,09:32,practice,0,1,2,2,414.9345,1
9137,1,09/18/23,09:32,practice,0,1,3,3,357.01,1
9137,1,09/18/23,09:32,practice,0,1,4,4,336.8666,1
9137,1,09/18/23,09:32,practice,0,1,5,5,328.0438,1
9137,1,09/18/23,09:32,practice,0,1,6,6,379.4736,1
9137,1,09/18/23,09:32,practice,0,1,7,7,336.8999,1
9137,1,09/18/23,09:32,practice,0,1,8,8,472.7331,1
9137,1,09/18/23,09:32,random,1,1,1,1,441.6319,1
9137,1,09/18/23,09:32,random,1,1,2,2,315.9762,1
9137,1,09/18/23,09:32,random,1,1,3,3,344.1065,1
9137,1,09/18/23,09:32,random,1,1,4,4,366.9441,0
9137,1,09/18/23,09:32,random,1,1,5,5,353.8596,1
9137,1,09/18/23,09:32,random,1,1,6,6,365.9982,1
9137,1,09/18/23,09:32,random,1,1,7,7,343.4616,1
9137,1,09/18/23,09:32,random,1,1,8,8,322.5269,1
9137,1,09/18/23,09:32,random,1,1,9,9,344.5158,1
9137,1,09/18/23,09:32,random,1,1,10,10,488.9874,1
9137,1,09/18/23,09:32,random,2,1,11,1,331.3134,0
9137,1,09/18/23,09:32,random,2,1,12,2,396.9736,1
9137,1,09/18/23,09:32,random,2,1,13,3,447.0624,1
9137,1,09/18/23,09:32,random,2,1,14,4,374.6046,1
9137,1,09/18/23,09:32,random,2,1,15,5,388.5828,1
9137,1,09/18/23,09:32,random,2,1,16,6,398.1518,1
9137,1,09/18/23,09:32,random,2,1,17,7,455.9182,1
9137,1,09/18/23,09:32,random,2,1,18,8,354.9965,1
9137,1,09/18/23,09:32,random,2,1,19,9,432.8672,1
9137,1,09/18/23,09:32,random,2,1,20,10,4.0969,0
9137,1,09/18/23,09:32,random,3,1,21,1,407.2577,1
9137,1,09/18/23,09:32,random,3,1,22,2,326.3416,1
9137,1,09/18/23,09:32,random,3,1,23,3,363.8772,0
9137,1,09/18/23,09:32,random,3,1,24,4,4.2616,0
9137,1,09/18/23,09:32,random,3,1,25,5,414.2115,1
9137,1,09/18/23,09:32,random,3,1,26,6,410.3646,1
9137,1,09/18/23,09:32,random,3,1,27,7,437.1603,1
9137,1,09/18/23,09:32,random,3,1,28,8,520.6462,1
9137,1,09/18/23,09:32,random,3,1,29,9,460.6999,1
9137,1,09/18/23,09:32,random,3,1,30,10,460.4026,1
9137,1,09/18/23,09:32,random,4,1,31,1,427.3373,0
9137,1,09/18/23,09:32,random,4,1,32,2,556.2829,1
9137,1,09/18/23,09:32,random,4,1,33,3,420.2537,1
9137,1,09/18/23,09:32,random,4,1,34,4,365.9998,1
9137,1,09/18/23,09:32,random,4,1,35,5,385.7029,1
9137,1,09/18/23,09:32,random,4,1,36,6,416.007,1
9137,1,09/18/23,09:32,random,4,1,37,7,325.7484,0
9137,1,09/18/23,09:32,random,4,1,38,8,9.86129999999,0
9137,1,09/18/23,09:32,random,4,1,39,9,469.487,1
9137,1,09/18/23,09:32,random,4,1,40,10,407.3225,0
9137,1,09/18/23,09:32,random,5,1,41,1,362.8348,1
9137,1,09/18/23,09:32,random,5,1,42,2,390.0463,1
9137,1,09/18/23,09:32,random,5,1,43,3,395.0292,1
9137,1,09/18/23,09:32,random,5,1,44,4,316.5748,1
9137,1,09/18/23,09:32,random,5,1,45,5,402.7462,1
9137,1,09/18/23,09:32,random,5,1,46,6,401.7006,1
9137,1,09/18/23,09:32,random,5,1,47,7,401.6685,0
9137,1,09/18/23,09:32,random,5,1,48,8,438.6463,1
9137,1,09/18/23,09:32,random,5,1,49,9,424.474,1
9137,1,09/18/23,09:32,random,5,1,50,10,403.4666,1
9138,1,09/18/23,09:39,practice,0,1,1,1,637.5603,1
9138,1,09/18/23,09:39,practice,0,1,2,2,1164.3808,1
9138,1,09/18/23,09:39,practice,0,1,3,3,635.7577,1
9138,1,09/18/23,09:39,practice,0,1,4,4,644.9296,1
9138,1,09/18/23,09:39,practice,0,1,5,5,602.9033,1
9138,1,09/18/23,09:39,practice,0,1,6,6,2507.4788,1
9138,1,09/18/23,09:39,practice,0,1,7,7,1189.4029,1
9138,1,09/18/23,09:39,practice,0,1,8,8,931.8218,1
9138,1,09/18/23,09:39,random,1,1,1,1,790.8418,1
9138,1,09/18/23,09:39,random,1,1,2,2,553.5848,1
9138,1,09/18/23,09:39,random,1,1,3,3,923.6306,1
9138,1,09/18/23,09:39,random,1,1,4,4,868.1588,1
9138,1,09/18/23,09:39,random,1,1,5,5,556.7677,1
9138,1,09/18/23,09:39,random,1,1,6,6,553.0028,1
9138,1,09/18/23,09:39,random,1,1,7,7,630.3228,1
9138,1,09/18/23,09:39,random,1,1,8,8,745.8706,1
9138,1,09/18/23,09:39,random,1,1,9,9,694.7052,1
9138,1,09/18/23,09:39,random,1,1,10,10,766.7396,1
9138,1,09/18/23,09:39,random,2,1,11,1,542.9191,1
9138,1,09/18/23,09:39,random,2,1,12,2,808.7735,1
9138,1,09/18/23,09:39,random,2,1,13,3,452.7131,1
9138,1,09/18/23,09:39,random,2,1,14,4,1216.4864,1
9138,1,09/18/23,09:39,random,2,1,15,5,570.9386,1
9138,1,09/18/23,09:39,random,2,1,16,6,506.6527,1
9138,1,09/18/23,09:39,random,2,1,17,7,719.3372,1
9138,1,09/18/23,09:39,random,2,1,18,8,435.5685,1
9138,1,09/18/23,09:39,random,2,1,19,9,509.6871,1
9138,1,09/18/23,09:39,random,2,1,20,10,776.1508,1
9138,1,09/18/23,09:39,random,3,1,21,1,755.1453,1
9138,1,09/18/23,09:39,random,3,1,22,2,595.6766,1
9138,1,09/18/23,09:39,random,3,1,23,3,808.3404,1
9138,1,09/18/23,09:39,random,3,1,24,4,519.7853,1
9138,1,09/18/23,09:39,random,3,1,25,5,780.3189,1
9138,1,09/18/23,09:39,random,3,1,26,6,527.8253,1
9138,1,09/18/23,09:39,random,3,1,27,7,446.6584,1
9138,1,09/18/23,09:39,random,3,1,28,8,824.6302,1
9138,1,09/18/23,09:39,random,3,1,29,9,970.5672,1
9138,1,09/18/23,09:39,random,3,1,30,10,505.882,1
9138,1,09/18/23,09:39,random,4,1,31,1,864.4525,1
9138,1,09/18/23,09:39,random,4,1,32,2,808.3798,1
9138,1,09/18/23,09:39,random,4,1,33,3,755.0371,1
9138,1,09/18/23,09:39,random,4,1,34,4,541.8232,1
9138,1,09/18/23,09:39,random,4,1,35,5,595.0173,1
9138,1,09/18/23,09:39,random,4,1,36,6,432.8278,1
9138,1,09/18/23,09:39,random,4,1,37,7,730.0647,1
9138,1,09/18/23,09:39,random,4,1,38,8,696.7322,1
9138,1,09/18/23,09:39,random,4,1,39,9,644.1881,1
9138,1,09/18/23,09:39,random,4,1,40,10,722.7138,1
9138,1,09/18/23,09:39,random,5,1,41,1,804.5769,1
9138,1,09/18/23,09:39,random,5,1,42,2,601.1036,1
9138,1,09/18/23,09:39,random,5,1,43,3,542.7166,1
9138,1,09/18/23,09:39,random,5,1,44,4,474.2092,1
9138,1,09/18/23,09:39,random,5,1,45,5,549.4082,1
9138,1,09/18/23,09:39,random,5,1,46,6,591.8461,1
9138,1,09/18/23,09:39,random,5,1,47,7,420.3008,1
9138,1,09/18/23,09:39,random,5,1,48,8,438.2139,1
9138,1,09/18/23,09:39,random,5,1,49,9,664.8681,1
9138,1,09/18/23,09:39,random,5,1,50,10,534.5327,1
9139,1,09/18/23,09:42,practice,0,1,1,1,7644.0365,1
9139,1,09/18/23,09:42,practice,0,1,2,2,8186.8114,0
9139,1,09/18/23,09:42,practice,0,1,3,3,3890.9048,1
9139,1,09/18/23,09:42,practice,0,1,4,4,2217.498,1
9139,1,09/18/23,09:42,practice,0,1,5,5,1706.8542,1
9139,1,09/18/23,09:42,practice,0,1,6,6,1145.7397,1
9139,1,09/18/23,09:42,practice,0,1,7,7,1655.9993,1
9139,1,09/18/23,09:42,practice,0,1,8,8,977.625,1
9139,1,09/18/23,09:42,random,1,1,1,1,2849.3727,1
9139,1,09/18/23,09:42,random,1,1,2,2,1193.1391,1
9139,1,09/18/23,09:42,random,1,1,3,3,917.372,1
9139,1,09/18/23,09:42,random,1,1,4,4,733.2546,1
9139,1,09/18/23,09:42,random,1,1,5,5,736.0136,1
9139,1,09/18/23,09:42,random,1,1,6,6,396.7748,1
9139,1,09/18/23,09:42,random,1,1,7,7,550.2737,1
9139,1,09/18/23,09:42,random,1,1,8,8,574.7261,1
9139,1,09/18/23,09:42,random,1,1,9,9,389.9008,1
9139,1,09/18/23,09:42,random,1,1,10,10,357.2591,1
9139,1,09/18/23,09:42,random,2,1,11,1,354.6099,1
9139,1,09/18/23,09:42,random,2,1,12,2,334.0002,0
9139,1,09/18/23,09:42,random,2,1,13,3,548.3755,1
9139,1,09/18/23,09:42,random,2,1,14,4,383.3668,1
9139,1,09/18/23,09:42,random,2,1,15,5,398.6303,1
9139,1,09/18/23,09:42,random,2,1,16,6,496.3494,1
9139,1,09/18/23,09:42,random,2,1,17,7,914.1949,1
9139,1,09/18/23,09:42,random,2,1,18,8,532.7709,1
9139,1,09/18/23,09:42,random,2,1,19,9,683.6626,1
9139,1,09/18/23,09:42,random,2,1,20,10,399.3975,0
9139,1,09/18/23,09:42,random,3,1,21,1,439.3369,1
9139,1,09/18/23,09:42,random,3,1,22,2,383.2891,1
9139,1,09/18/23,09:42,random,3,1,23,3,2123.9348,1
9139,1,09/18/23,09:42,random,3,1,24,4,609.9111,1
9139,1,09/18/23,09:42,random,3,1,25,5,448.2612,1
9139,1,09/18/23,09:42,random,3,1,26,6,407.1635,1
9139,1,09/18/23,09:42,random,3,1,27,7,562.5909,1
9139,1,09/18/23,09:42,random,3,1,28,8,602.5715,1
9139,1,09/18/23,09:42,random,3,1,29,9,504.3931,1
9139,1,09/18/23,09:42,random,3,1,30,10,358.6076,1
9139,1,09/18/23,09:42,random,4,1,31,1,532.0448,1
9139,1,09/18/23,09:42,random,4,1,32,2,485.6434,0
9139,1,09/18/23,09:42,random,4,1,33,3,456.2102,1
9139,1,09/18/23,09:42,random,4,1,34,4,540.8715,1
9139,1,09/18/23,09:42,random,4,1,35,5,388.598,1
9139,1,09/18/23,09:42,random,4,1,36,6,398.6427,1
9139,1,09/18/23,09:42,random,4,1,37,7,425.9157,1
9139,1,09/18/23,09:42,random,4,1,38,8,340.5734,1
9139,1,09/18/23,09:42,random,4,1,39,9,415.2636,1
9139,1,09/18/23,09:42,random,4,1,40,10,442.4052,1
9139,1,09/18/23,09:42,random,5,1,41,1,500.8066,1
9139,1,09/18/23,09:42,random,5,1,42,2,660.1199,1
9139,1,09/18/23,09:42,random,5,1,43,3,459.4331,1
9139,1,09/18/23,09:42,random,5,1,44,4,665.2889,1
9139,1,09/18/23,09:42,random,5,1,45,5,473.3497,1
9139,1,09/18/23,09:42,random,5,1,46,6,540.0326,1
9139,1,09/18/23,09:42,random,5,1,47,7,581.9384,1
9139,1,09/18/23,09:42,random,5,1,48,8,547.5962,1
9139,1,09/18/23,09:42,random,5,1,49,9,519.0392,1
9139,1,09/18/23,09:42,random,5,1,50,10,547.1798,1
9140,1,09/18/23,12:14,practice,0,1,1,1,2475.4665,1
9140,1,09/18/23,12:14,practice,0,1,2,2,773.8357,1
9140,1,09/18/23,12:14,practice,0,1,3,3,681.8095,1
9140,1,09/18/23,12:14,practice,0,1,4,4,1596.5134,1
9140,1,09/18/23,12:14,practice,0,1,5,5,715.7151,1
9140,1,09/18/23,12:14,practice,0,1,6,6,747.7942,1
9140,1,09/18/23,12:14,practice,0,1,7,7,773.4657,1
9140,1,09/18/23,12:14,practice,0,1,8,8,601.2702,1
9140,1,09/18/23,12:14,random,1,1,1,1,553.5332,1
9140,1,09/18/23,12:14,random,1,1,2,2,527.4229,1
9140,1,09/18/23,12:14,random,1,1,3,3,462.7247,1
9140,1,09/18/23,12:14,random,1,1,4,4,514.378,1
9140,1,09/18/23,12:14,random,1,1,5,5,409.2681,1
9140,1,09/18/23,12:14,random,1,1,6,6,408.4127,1
9140,1,09/18/23,12:14,random,1,1,7,7,462.919,1
9140,1,09/18/23,12:14,random,1,1,8,8,785.0762,1
9140,1,09/18/23,12:14,random,1,1,9,9,628.692,1
9140,1,09/18/23,12:14,random,1,1,10,10,505.1415,1
9140,1,09/18/23,12:14,random,2,1,11,1,779.9983,1
9140,1,09/18/23,12:14,random,2,1,12,2,658.4778,1
9140,1,09/18/23,12:14,random,2,1,13,3,587.4845,1
9140,1,09/18/23,12:14,random,2,1,14,4,509.4876,1
9140,1,09/18/23,12:14,random,2,1,15,5,367.9243,1
9140,1,09/18/23,12:14,random,2,1,16,6,588.3891,1
9140,1,09/18/23,12:14,random,2,1,17,7,483.6359,1
9140,1,09/18/23,12:14,random,2,1,18,8,560.74,1
9140,1,09/18/23,12:14,random,2,1,19,9,611.8997,1
9140,1,09/18/23,12:14,random,2,1,20,10,598.2012,1
9140,1,09/18/23,12:14,random,3,1,21,1,503.2564,1
9140,1,09/18/23,12:14,random,3,1,22,2,494.2864,1
9140,1,09/18/23,12:14,random,3,1,23,3,429.4995,0
9140,1,09/18/23,12:14,random,3,1,24,4,542.7263,1
9140,1,09/18/23,12:14,random,3,1,25,5,500.8599,1
9140,1,09/18/23,12:14,random,3,1,26,6,538.2595,1
9140,1,09/18/23,12:14,random,3,1,27,7,722.3492,1
9140,1,09/18/23,12:14,random,3,1,28,8,527.1361,1
9140,1,09/18/23,12:14,random,3,1,29,9,633.3813,1
9140,1,09/18/23,12:14,random,3,1,30,10,1269.3037,1
9140,1,09/18/23,12:14,random,4,1,31,1,591.6707,1
9140,1,09/18/23,12:14,random,4,1,32,2,572.1801,1
9140,1,09/18/23,12:14,random,4,1,33,3,504.3559,1
9140,1,09/18/23,12:14,random,4,1,34,4,595.3203,1
9140,1,09/18/23,12:14,random,4,1,35,5,585.1241,1
9140,1,09/18/23,12:14,random,4,1,36,6,488.1948,1
9140,1,09/18/23,12:14,random,4,1,37,7,680.9897,1
9140,1,09/18/23,12:14,random,4,1,38,8,544.1966,1
9140,1,09/18/23,12:14,random,4,1,39,9,552.8877,1
9140,1,09/18/23,12:14,random,4,1,40,10,514.3425,1
9140,1,09/18/23,12:14,random,5,1,41,1,588.9388,1
9140,1,09/18/23,12:14,random,5,1,42,2,640.998,1
9140,1,09/18/23,12:14,random,5,1,43,3,545.6414,1
9140,1,09/18/23,12:14,random,5,1,44,4,417.5645,1
9140,1,09/18/23,12:14,random,5,1,45,5,625.9994,1
9140,1,09/18/23,12:14,random,5,1,46,6,499.5747,1
9140,1,09/18/23,12:14,random,5,1,47,7,423.6961,1
9140,1,09/18/23,12:14,random,5,1,48,8,520.4996,1
9140,1,09/18/23,12:14,random,5,1,49,9,508.2216,1
9140,1,09/18/23,12:14,random,5,1,50,10,505.7182,1
9141,1,09/20/23,12:26,practice,0,1,1,1,558.0192,1
9141,1,09/20/23,12:26,practice,0,1,2,2,622.3243,1
9141,1,09/20/23,12:26,practice,0,1,3,3,597.4949,1
9141,1,09/20/23,12:26,practice,0,1,4,4,340.4376,1
9141,1,09/20/23,12:26,practice,0,1,5,5,463.3414,1
9141,1,09/20/23,12:26,practice,0,1,6,6,460.0158,1
9141,1,09/20/23,12:26,practice,0,1,7,7,565.118,1
9141,1,09/20/23,12:26,practice,0,1,8,8,367.74,1
9141,1,09/20/23,12:26,random,1,1,1,1,482.4955,1
9141,1,09/20/23,12:26,random,1,1,2,2,453.6432,1
9141,1,09/20/23,12:26,random,1,1,3,3,570.9679,1
9141,1,09/20/23,12:26,random,1,1,4,4,484.4857,1
9141,1,09/20/23,12:26,random,1,1,5,5,544.2624,1
9141,1,09/20/23,12:26,random,1,1,6,6,420.3779,1
9141,1,09/20/23,12:26,random,1,1,7,7,381.8639,1
9141,1,09/20/23,12:26,random,1,1,8,8,569.2549,1
9141,1,09/20/23,12:26,random,1,1,9,9,514.2678,1
9141,1,09/20/23,12:26,random,1,1,10,10,533.9823,1
9141,1,09/20/23,12:26,random,2,1,11,1,501.5947,1
9141,1,09/20/23,12:26,random,2,1,12,2,504.947,1
9141,1,09/20/23,12:26,random,2,1,13,3,407.4202,1
9141,1,09/20/23,12:26,random,2,1,14,4,681.0566,1
9141,1,09/20/23,12:26,random,2,1,15,5,577.9397,1
9141,1,09/20/23,12:26,random,2,1,16,6,473.2009,1
9141,1,09/20/23,12:26,random,2,1,17,7,504.2505,0
9141,1,09/20/23,12:26,random,2,1,18,8,529.1111,1
9141,1,09/20/23,12:26,random,2,1,19,9,626.4259,1
9141,1,09/20/23,12:26,random,2,1,20,10,547.7563,1
9141,1,09/20/23,12:26,random,3,1,21,1,518.1045,1
9141,1,09/20/23,12:26,random,3,1,22,2,579.2737,1
9141,1,09/20/23,12:26,random,3,1,23,3,542.6425,1
9141,1,09/20/23,12:26,random,3,1,24,4,531.0668,1
9141,1,09/20/23,12:26,random,3,1,25,5,693.053,1
9141,1,09/20/23,12:26,random,3,1,26,6,551.4763,1
9141,1,09/20/23,12:26,random,3,1,27,7,584.1192,1
9141,1,09/20/23,12:26,random,3,1,28,8,611.6503,1
9141,1,09/20/23,12:26,random,3,1,29,9,523.382,1
9141,1,09/20/23,12:26,random,3,1,30,10,609.4017,1
9141,1,09/20/23,12:26,random,4,1,31,1,575.0626,1
9141,1,09/20/23,12:26,random,4,1,32,2,599.7788,1
9141,1,09/20/23,12:26,random,4,1,33,3,511.2343,1
9141,1,09/20/23,12:26,random,4,1,34,4,440.5398,1
9141,1,09/20/23,12:26,random,4,1,35,5,772.8326,1
9141,1,09/20/23,12:26,random,4,1,36,6,884.0242,1
9141,1,09/20/23,12:26,random,4,1,37,7,473.2691,1
9141,1,09/20/23,12:26,random,4,1,38,8,503.5844,1
9141,1,09/20/23,12:26,random,4,1,39,9,730.2588,1
9141,1,09/20/23,12:26,random,4,1,40,10,2375.8245,1
9141,1,09/20/23,12:26,random,5,1,41,1,590.5276,1
9141,1,09/20/23,12:26,random,5,1,42,2,372.7704,1
9141,1,09/20/23,12:26,random,5,1,43,3,621.391,1
9141,1,09/20/23,12:26,random,5,1,44,4,541.0695,1
9141,1,09/20/23,12:26,random,5,1,45,5,545.1504,1
9141,1,09/20/23,12:26,random,5,1,46,6,698.6822,1
9141,1,09/20/23,12:26,random,5,1,47,7,725.2847,1
9141,1,09/20/23,12:26,random,5,1,48,8,606.1226,1
9141,1,09/20/23,12:26,random,5,1,49,9,741.1466,1
9141,1,09/20/23,12:26,random,5,1,50,10,654.4182,1
9142,1,09/18/23,12:15,practice,0,1,1,1,758.3401,1
9142,1,09/18/23,12:15,practice,0,1,2,2,501.3977,1
9142,1,09/18/23,12:15,practice,0,1,3,3,556.6976,1
9142,1,09/18/23,12:15,practice,0,1,4,4,668.005,1
9142,1,09/18/23,12:15,practice,0,1,5,5,389.7814,1
9142,1,09/18/23,12:15,practice,0,1,6,6,425.3695,1
9142,1,09/18/23,12:15,practice,0,1,7,7,413.8533,1
9142,1,09/18/23,12:15,practice,0,1,8,8,548.5065,1
9142,1,09/18/23,12:15,random,1,1,1,1,553.4203,1
9142,1,09/18/23,12:15,random,1,1,2,2,534.5026,1
9142,1,09/18/23,12:15,random,1,1,3,3,467.8657,1
9142,1,09/18/23,12:15,random,1,1,4,4,514.0751,1
9142,1,09/18/23,12:15,random,1,1,5,5,520.5491,1
9142,1,09/18/23,12:15,random,1,1,6,6,486.8491,1
9142,1,09/18/23,12:15,random,1,1,7,7,369.0274,1
9142,1,09/18/23,12:15,random,1,1,8,8,353.0841,1
9142,1,09/18/23,12:15,random,1,1,9,9,350.6218,1
9142,1,09/18/23,12:15,random,1,1,10,10,464.1541,1
9142,1,09/18/23,12:15,random,2,1,11,1,462.9662,1
9142,1,09/18/23,12:15,random,2,1,12,2,510.6414,1
9142,1,09/18/23,12:15,random,2,1,13,3,429.9823,1
9142,1,09/18/23,12:15,random,2,1,14,4,390.5685,1
9142,1,09/18/23,12:15,random,2,1,15,5,461.0963,1
9142,1,09/18/23,12:15,random,2,1,16,6,501.2426,1
9142,1,09/18/23,12:15,random,2,1,17,7,511.5482,1
9142,1,09/18/23,12:15,random,2,1,18,8,540.8893,1
9142,1,09/18/23,12:15,random,2,1,19,9,696.2372,0
9142,1,09/18/23,12:15,random,2,1,20,10,694.1349,1
9142,1,09/18/23,12:15,random,3,1,21,1,563.4505,1
9142,1,09/18/23,12:15,random,3,1,22,2,538.8121,1
9142,1,09/18/23,12:15,random,3,1,23,3,514.1568,1
9142,1,09/18/23,12:15,random,3,1,24,4,450.7172,1
9142,1,09/18/23,12:15,random,3,1,25,5,547.4317,1
9142,1,09/18/23,12:15,random,3,1,26,6,606.9416,1
9142,1,09/18/23,12:15,random,3,1,27,7,573.2524,1
9142,1,09/18/23,12:15,random,3,1,28,8,576.1068,1
9142,1,09/18/23,12:15,random,3,1,29,9,787.886,1
9142,1,09/18/23,12:15,random,3,1,30,10,595.3291,1
9142,1,09/18/23,12:15,random,4,1,31,1,406.2958,1
9142,1,09/18/23,12:15,random,4,1,32,2,465.6549,1
9142,1,09/18/23,12:15,random,4,1,33,3,469.1214,1
9142,1,09/18/23,12:15,random,4,1,34,4,621.5113,1
9142,1,09/18/23,12:15,random,4,1,35,5,575.1352,1
9142,1,09/18/23,12:15,random,4,1,36,6,651.9384,1
9142,1,09/18/23,12:15,random,4,1,37,7,505.8362,1
9142,1,09/18/23,12:15,random,4,1,38,8,581.1159,1
9142,1,09/18/23,12:15,random,4,1,39,9,529.1289,1
9142,1,09/18/23,12:15,random,4,1,40,10,695.1862,1
9142,1,09/18/23,12:15,random,5,1,41,1,453.1184,1
9142,1,09/18/23,12:15,random,5,1,42,2,440.9533,0
9142,1,09/18/23,12:15,random,5,1,43,3,487.2905,1
9142,1,09/18/23,12:15,random,5,1,44,4,567.0225,1
9142,1,09/18/23,12:15,random,5,1,45,5,477.7653,1
9142,1,09/18/23,12:15,random,5,1,46,6,485.3078,1
9142,1,09/18/23,12:15,random,5,1,47,7,542.6204,1
9142,1,09/18/23,12:15,random,5,1,48,8,451.2982,1
9142,1,09/18/23,12:15,random,5,1,49,9,658.5471,1
9142,1,09/18/23,12:15,random,5,1,50,10,455.2471,1
9143,1,09/18/23,15:12,practice,0,1,1,1,486.7908,1
9143,1,09/18/23,15:12,practice,0,1,2,2,399.0007,1
9143,1,09/18/23,15:12,practice,0,1,3,3,414.0888,1
9143,1,09/18/23,15:12,practice,0,1,4,4,291.2687,1
9143,1,09/18/23,15:12,practice,0,1,5,5,434.7523,1
9143,1,09/18/23,15:12,practice,0,1,6,6,351.0192,1
9143,1,09/18/23,15:12,practice,0,1,7,7,474.9532,1
9143,1,09/18/23,15:12,practice,0,1,8,8,349.7546,1
9143,1,09/18/23,15:12,random,1,1,1,1,379.1869,0
9143,1,09/18/23,15:12,random,1,1,2,2,541.7569,1
9143,1,09/18/23,15:12,random,1,1,3,3,497.8016,1
9143,1,09/18/23,15:12,random,1,1,4,4,449.6302,1
9143,1,09/18/23,15:12,random,1,1,5,5,472.1197,1
9143,1,09/18/23,15:12,random,1,1,6,6,470.9215,1
9143,1,09/18/23,15:12,random,1,1,7,7,614.9298,1
9143,1,09/18/23,15:12,random,1,1,8,8,412.3223,1
9143,1,09/18/23,15:12,random,1,1,9,9,571.9664,1
9143,1,09/18/23,15:12,random,1,1,10,10,638.4844,1
9143,1,09/18/23,15:12,random,2,1,11,1,424.9185,1
9143,1,09/18/23,15:12,random,2,1,12,2,360.7651,1
9143,1,09/18/23,15:12,random,2,1,13,3,725.1846,1
9143,1,09/18/23,15:12,random,2,1,14,4,471.8539,1
9143,1,09/18/23,15:12,random,2,1,15,5,436.6206,1
9143,1,09/18/23,15:12,random,2,1,16,6,477.8529,1
9143,1,09/18/23,15:12,random,2,1,17,7,464.3485,1
9143,1,09/18/23,15:12,random,2,1,18,8,337.1539,1
9143,1,09/18/23,15:12,random,2,1,19,9,449.5719,1
9143,1,09/18/23,15:12,random,2,1,20,10,577.8361,1
9143,1,09/18/23,15:12,random,3,1,21,1,473.4037,1
9143,1,09/18/23,15:12,random,3,1,22,2,433.647,1
9143,1,09/18/23,15:12,random,3,1,23,3,345.3686,1
9143,1,09/18/23,15:12,random,3,1,24,4,406.2673,1
9143,1,09/18/23,15:12,random,3,1,25,5,329.9585,1
9143,1,09/18/23,15:12,random,3,1,26,6,355.1461,1
9143,1,09/18/23,15:12,random,3,1,27,7,586.3618,1
9143,1,09/18/23,15:12,random,3,1,28,8,344.6027,1
9143,1,09/18/23,15:12,random,3,1,29,9,365.0515,1
9143,1,09/18/23,15:12,random,3,1,30,10,336.3751,1
9143,1,09/18/23,15:12,random,4,1,31,1,349.5562,1
9143,1,09/18/23,15:12,random,4,1,32,2,419.5013,1
9143,1,09/18/23,15:12,random,4,1,33,3,503.8312,0
9143,1,09/18/23,15:12,random,4,1,34,4,4.00919999997,1
9143,1,09/18/23,15:12,random,4,1,35,5,587.8763,1
9143,1,09/18/23,15:12,random,4,1,36,6,466.1107,1
9143,1,09/18/23,15:12,random,4,1,37,7,425.0381,0
9143,1,09/18/23,15:12,random,4,1,38,8,785.7721,1
9143,1,09/18/23,15:12,random,4,1,39,9,578.2076,1
9143,1,09/18/23,15:12,random,4,1,40,10,620.3426,1
9143,1,09/18/23,15:12,random,5,1,41,1,632.3232,1
9143,1,09/18/23,15:12,random,5,1,42,2,518.6882,1
9143,1,09/18/23,15:12,random,5,1,43,3,481.1338,1
9143,1,09/18/23,15:12,random,5,1,44,4,427.7024,1
9143,1,09/18/23,15:12,random,5,1,45,5,481.3794,1
9143,1,09/18/23,15:12,random,5,1,46,6,1420.5528,1
9143,1,09/18/23,15:12,random,5,1,47,7,490.0956,1
9143,1,09/18/23,15:12,random,5,1,48,8,802.3135,1
9143,1,09/18/23,15:12,random,5,1,49,9,644.9158,1
9143,1,09/18/23,15:12,random,5,1,50,10,606.491,1
9144,1,09/18/23,15:02,practice,0,1,1,1,16426.5443,1
9144,1,09/18/23,15:02,practice,0,1,2,2,505.437,1
9144,1,09/18/23,15:02,practice,0,1,3,3,517.4278,1
9144,1,09/18/23,15:02,practice,0,1,4,4,442.7255,1
9144,1,09/18/23,15:02,practice,0,1,5,5,444.9334,1
9144,1,09/18/23,15:02,practice,0,1,6,6,435.5155,1
9144,1,09/18/23,15:02,practice,0,1,7,7,502.6792,1
9144,1,09/18/23,15:02,practice,0,1,8,8,413.2741,1
9144,1,09/18/23,15:02,random,1,1,1,1,371.4782,1
9144,1,09/18/23,15:02,random,1,1,2,2,381.277,0
9144,1,09/18/23,15:02,random,1,1,3,3,479.4318,1
9144,1,09/18/23,15:02,random,1,1,4,4,375.816,1
9144,1,09/18/23,15:02,random,1,1,5,5,461.8953,1
9144,1,09/18/23,15:02,random,1,1,6,6,341.0614,1
9144,1,09/18/23,15:02,random,1,1,7,7,413.5956,1
9144,1,09/18/23,15:02,random,1,1,8,8,413.9218,1
9144,1,09/18/23,15:02,random,1,1,9,9,503.3232,1
9144,1,09/18/23,15:02,random,1,1,10,10,477.9699,1
9144,1,09/18/23,15:02,random,2,1,11,1,440.5296,1
9144,1,09/18/23,15:02,random,2,1,12,2,470.6298,1
9144,1,09/18/23,15:02,random,2,1,13,3,483.8744,1
9144,1,09/18/23,15:02,random,2,1,14,4,481.0883,1
9144,1,09/18/23,15:02,random,2,1,15,5,506.2571,1
9144,1,09/18/23,15:02,random,2,1,16,6,539.7709,1
9144,1,09/18/23,15:02,random,2,1,17,7,465.092,1
9144,1,09/18/23,15:02,random,2,1,18,8,596.3315,1
9144,1,09/18/23,15:02,random,2,1,19,9,454.0872,1
9144,1,09/18/23,15:02,random,2,1,20,10,389.6933,1
9144,1,09/18/23,15:02,random,3,1,21,1,622.1533,1
9144,1,09/18/23,15:02,random,3,1,22,2,485.6945,1
9144,1,09/18/23,15:02,random,3,1,23,3,489.4586,1
9144,1,09/18/23,15:02,random,3,1,24,4,500.3375,1
9144,1,09/18/23,15:02,random,3,1,25,5,479.7674,1
9144,1,09/18/23,15:02,random,3,1,26,6,409.8318,1
9144,1,09/18/23,15:02,random,3,1,27,7,389.8059,1
9144,1,09/18/23,15:02,random,3,1,28,8,432.8773,1
9144,1,09/18/23,15:02,random,3,1,29,9,458.2783,1
9144,1,09/18/23,15:02,random,3,1,30,10,457.8774,1
9144,1,09/18/23,15:02,random,4,1,31,1,470.0181,1
9144,1,09/18/23,15:02,random,4,1,32,2,428.1096,1
9144,1,09/18/23,15:02,random,4,1,33,3,470.0104,1
9144,1,09/18/23,15:02,random,4,1,34,4,429.8664,1
9144,1,09/18/23,15:02,random,4,1,35,5,422.7835,1
9144,1,09/18/23,15:02,random,4,1,36,6,533.9577,1
9144,1,09/18/23,15:02,random,4,1,37,7,402.1216,1
9144,1,09/18/23,15:02,random,4,1,38,8,490.3818,1
9144,1,09/18/23,15:02,random,4,1,39,9,393.4368,1
9144,1,09/18/23,15:02,random,4,1,40,10,473.2893,1
9144,1,09/18/23,15:02,random,5,1,41,1,421.2533,1
9144,1,09/18/23,15:02,random,5,1,42,2,397.6919,1
9144,1,09/18/23,15:02,random,5,1,43,3,462.2294,1
9144,1,09/18/23,15:02,random,5,1,44,4,500.4058,1
9144,1,09/18/23,15:02,random,5,1,45,5,459.9175,1
9144,1,09/18/23,15:02,random,5,1,46,6,465.4192,1
9144,1,09/18/23,15:02,random,5,1,47,7,463.1277,1
9144,1,09/18/23,15:02,random,5,1,48,8,463.6637,1
9144,1,09/18/23,15:02,random,5,1,49,9,381.2263,1
9144,1,09/18/23,15:02,random,5,1,50,10,646.6212,1
9145,1,09/18/23,15:12,practice,0,1,1,1,556.3322,1
9145,1,09/18/23,15:12,practice,0,1,2,2,496.6735,1
9145,1,09/18/23,15:12,practice,0,1,3,3,637.0494,1
9145,1,09/18/23,15:12,practice,0,1,4,4,447.4987,1
9145,1,09/18/23,15:12,practice,0,1,5,5,390.3988,1
9145,1,09/18/23,15:12,practice,0,1,6,6,377.4563,1
9145,1,09/18/23,15:12,practice,0,1,7,7,401.0606,1
9145,1,09/18/23,15:12,practice,0,1,8,8,420.8942,1
9145,1,09/18/23,15:12,random,1,1,1,1,418.1202,1
9145,1,09/18/23,15:12,random,1,1,2,2,459.168,1
9145,1,09/18/23,15:12,random,1,1,3,3,465.373,1
9145,1,09/18/23,15:12,random,1,1,4,4,432.7801,1
9145,1,09/18/23,15:12,random,1,1,5,5,2.6082,0
9145,1,09/18/23,15:12,random,1,1,6,6,437.0413,1
9145,1,09/18/23,15:12,random,1,1,7,7,399.3513,1
9145,1,09/18/23,15:12,random,1,1,8,8,475.9833,1
9145,1,09/18/23,15:12,random,1,1,9,9,384.6367,1
9145,1,09/18/23,15:12,random,1,1,10,10,511.58,1
9145,1,09/18/23,15:12,random,2,1,11,1,451.4821,1
9145,1,09/18/23,15:12,random,2,1,12,2,476.3811,1
9145,1,09/18/23,15:12,random,2,1,13,3,445.1751,1
9145,1,09/18/23,15:12,random,2,1,14,4,449.4653,1
9145,1,09/18/23,15:12,random,2,1,15,5,491.9154,1
9145,1,09/18/23,15:12,random,2,1,16,6,451.199,1
9145,1,09/18/23,15:12,random,2,1,17,7,415.3349,1
9145,1,09/18/23,15:12,random,2,1,18,8,438.9727,1
9145,1,09/18/23,15:12,random,2,1,19,9,420.8529,1
9145,1,09/18/23,15:12,random,2,1,20,10,400.0731,1
9145,1,09/18/23,15:12,random,3,1,21,1,405.4677,1
9145,1,09/18/23,15:12,random,3,1,22,2,434.894,0
9145,1,09/18/23,15:12,random,3,1,23,3,3.1139,0
9145,1,09/18/23,15:12,random,3,1,24,4,466.1505,1
9145,1,09/18/23,15:12,random,3,1,25,5,482.2978,1
9145,1,09/18/23,15:12,random,3,1,26,6,498.0402,1
9145,1,09/18/23,15:12,random,3,1,27,7,416.1863,1
9145,1,09/18/23,15:12,random,3,1,28,8,600.1552,1
9145,1,09/18/23,15:12,random,3,1,29,9,429.7593,1
9145,1,09/18/23,15:12,random,3,1,30,10,534.5001,1
9145,1,09/18/23,15:12,random,4,1,31,1,425.1092,1
9145,1,09/18/23,15:12,random,4,1,32,2,461.9307,1
9145,1,09/18/23,15:12,random,4,1,33,3,598.1189,1
9145,1,09/18/23,15:12,random,4,1,34,4,497.1112,1
9145,1,09/18/23,15:12,random,4,1,35,5,403.2294,1
9145,1,09/18/23,15:12,random,4,1,36,6,463.2558,1
9145,1,09/18/23,15:12,random,4,1,37,7,454.2875,1
9145,1,09/18/23,15:12,random,4,1,38,8,384.988,1
9145,1,09/18/23,15:12,random,4,1,39,9,421.7353,1
9145,1,09/18/23,15:12,random,4,1,40,10,411.4002,1
9145,1,09/18/23,15:12,random,5,1,41,1,380.3418,1
9145,1,09/18/23,15:12,random,5,1,42,2,380.6513,1
9145,1,09/18/23,15:12,random,5,1,43,3,417.171,1
9145,1,09/18/23,15:12,random,5,1,44,4,372.3388,1
9145,1,09/18/23,15:12,random,5,1,45,5,391.6281,1
9145,1,09/18/23,15:12,random,5,1,46,6,389.7563,1
9145,1,09/18/23,15:12,random,5,1,47,7,472.7671,1
9145,1,09/18/23,15:12,random,5,1,48,8,396.1604,1
9145,1,09/18/23,15:12,random,5,1,49,9,413.1097,1
9145,1,09/18/23,15:12,random,5,1,50,10,514.2576,1
9146,1,09/19/23,09:26,practice,0,1,1,1,590.3698,1
9146,1,09/19/23,09:26,practice,0,1,2,2,486.7928,1
9146,1,09/19/23,09:26,practice,0,1,3,3,527.7098,1
9146,1,09/19/23,09:26,practice,0,1,4,4,640.3784,1
9146,1,09/19/23,09:26,practice,0,1,5,5,614.8347,1
9146,1,09/19/23,09:26,practice,0,1,6,6,415.259,1
9146,1,09/19/23,09:26,practice,0,1,7,7,454.93,1
9146,1,09/19/23,09:26,practice,0,1,8,8,448.5143,1
9146,1,09/19/23,09:26,random,1,1,1,1,509.3185,1
9146,1,09/19/23,09:26,random,1,1,2,2,460.6994,1
9146,1,09/19/23,09:26,random,1,1,3,3,380.1226,1
9146,1,09/19/23,09:26,random,1,1,4,4,424.5154,1
9146,1,09/19/23,09:26,random,1,1,5,5,366.4393,1
9146,1,09/19/23,09:26,random,1,1,6,6,455.9039,0
9146,1,09/19/23,09:26,random,1,1,7,7,8.0882,0
9146,1,09/19/23,09:26,random,1,1,8,8,428.2485,1
9146,1,09/19/23,09:26,random,1,1,9,9,433.9632,1
9146,1,09/19/23,09:26,random,1,1,10,10,438.8052,1
9146,1,09/19/23,09:26,random,2,1,11,1,400.8079,1
9146,1,09/19/23,09:26,random,2,1,12,2,407.878,1
9146,1,09/19/23,09:26,random,2,1,13,3,541.2201,1
9146,1,09/19/23,09:26,random,2,1,14,4,352.0476,1
9146,1,09/19/23,09:26,random,2,1,15,5,365.3731,1
9146,1,09/19/23,09:26,random,2,1,16,6,428.5097,1
9146,1,09/19/23,09:26,random,2,1,17,7,393.8136,1
9146,1,09/19/23,09:26,random,2,1,18,8,402.2959,1
9146,1,09/19/23,09:26,random,2,1,19,9,376.2921,1
9146,1,09/19/23,09:26,random,2,1,20,10,390.5386,1
9146,1,09/19/23,09:26,random,3,1,21,1,575.088,1
9146,1,09/19/23,09:26,random,3,1,22,2,416.6928,1
9146,1,09/19/23,09:26,random,3,1,23,3,442.2214,1
9146,1,09/19/23,09:26,random,3,1,24,4,487.0996,1
9146,1,09/19/23,09:26,random,3,1,25,5,487.2877,1
9146,1,09/19/23,09:26,random,3,1,26,6,401.4207,0
9146,1,09/19/23,09:26,random,3,1,27,7,2.64899999998,1
9146,1,09/19/23,09:26,random,3,1,28,8,467.5009,1
9146,1,09/19/23,09:26,random,3,1,29,9,632.8752,1
9146,1,09/19/23,09:26,random,3,1,30,10,496.0465,1
9146,1,09/19/23,09:26,random,4,1,31,1,467.3793,1
9146,1,09/19/23,09:26,random,4,1,32,2,662.0295,1
9146,1,09/19/23,09:26,random,4,1,33,3,615.0782,1
9146,1,09/19/23,09:26,random,4,1,34,4,505.0085,1
9146,1,09/19/23,09:26,random,4,1,35,5,448.4453,1
9146,1,09/19/23,09:26,random,4,1,36,6,520.0606,1
9146,1,09/19/23,09:26,random,4,1,37,7,610.5321,1
9146,1,09/19/23,09:26,random,4,1,38,8,499.4136,1
9146,1,09/19/23,09:26,random,4,1,39,9,686.6343,1
9146,1,09/19/23,09:26,random,4,1,40,10,424.5492,1
9146,1,09/19/23,09:26,random,5,1,41,1,382.2767,1
9146,1,09/19/23,09:26,random,5,1,42,2,552.1577,1
9146,1,09/19/23,09:26,random,5,1,43,3,681.3876,1
9146,1,09/19/23,09:26,random,5,1,44,4,526.438,1
9146,1,09/19/23,09:26,random,5,1,45,5,470.708,1
9146,1,09/19/23,09:26,random,5,1,46,6,614.8149,1
9146,1,09/19/23,09:26,random,5,1,47,7,469.006,1
9146,1,09/19/23,09:26,random,5,1,48,8,488.8339,1
9146,1,09/19/23,09:26,random,5,1,49,9,634.2459,1
9146,1,09/19/23,09:26,random,5,1,50,10,438.8356,1
9147,1,09/19/23,09:17,practice,0,1,1,1,387.2349,1
9147,1,09/19/23,09:17,practice,0,1,2,2,575.1284,1
9147,1,09/19/23,09:17,practice,0,1,3,3,436.7545,1
9147,1,09/19/23,09:17,practice,0,1,4,4,418.0433,0
9147,1,09/19/23,09:17,practice,0,1,5,5,0.256500000003,0
9147,1,09/19/23,09:17,practice,0,1,6,6,704.4959,1
9147,1,09/19/23,09:17,practice,0,1,7,7,500.728,1
9147,1,09/19/23,09:17,practice,0,1,8,8,452.3398,1
9147,1,09/19/23,09:17,random,1,1,1,1,568.1225,1
9147,1,09/19/23,09:17,random,1,1,2,2,529.4484,1
9147,1,09/19/23,09:17,random,1,1,3,3,602.5166,1
9147,1,09/19/23,09:17,random,1,1,4,4,695.3765,1
9147,1,09/19/23,09:17,random,1,1,5,5,438.1011,1
9147,1,09/19/23,09:17,random,1,1,6,6,377.6385,1
9147,1,09/19/23,09:17,random,1,1,7,7,488.8743,1
9147,1,09/19/23,09:17,random,1,1,8,8,500.9142,1
9147,1,09/19/23,09:17,random,1,1,9,9,439.5542,1
9147,1,09/19/23,09:17,random,1,1,10,10,445.1736,1
9147,1,09/19/23,09:17,random,2,1,11,1,529.0779,1
9147,1,09/19/23,09:17,random,2,1,12,2,249.5183,0
9147,1,09/19/23,09:17,random,2,1,13,3,393.4475,1
9147,1,09/19/23,09:17,random,2,1,14,4,738.4254,1
9147,1,09/19/23,09:17,random,2,1,15,5,391.0941,1
9147,1,09/19/23,09:17,random,2,1,16,6,411.3519,1
9147,1,09/19/23,09:17,random,2,1,17,7,320.8722,1
9147,1,09/19/23,09:17,random,2,1,18,8,560.9477,1
9147,1,09/19/23,09:17,random,2,1,19,9,465.655,1
9147,1,09/19/23,09:17,random,2,1,20,10,375.0066,1
9147,1,09/19/23,09:17,random,3,1,21,1,332.3224,1
9147,1,09/19/23,09:17,random,3,1,22,2,447.6289,1
9147,1,09/19/23,09:17,random,3,1,23,3,373.8261,1
9147,1,09/19/23,09:17,random,3,1,24,4,452.6272,1
9147,1,09/19/23,09:17,random,3,1,25,5,611.1265,1
9147,1,09/19/23,09:17,random,3,1,26,6,382.3283,1
9147,1,09/19/23,09:17,random,3,1,27,7,948.4603,1
9147,1,09/19/23,09:17,random,3,1,28,8,449.3231,1
9147,1,09/19/23,09:17,random,3,1,29,9,464.153,0
9147,1,09/19/23,09:17,random,3,1,30,10,489.8654,1
9147,1,09/19/23,09:17,random,4,1,31,1,451.9885,1
9147,1,09/19/23,09:17,random,4,1,32,2,419.6147,1
9147,1,09/19/23,09:17,random,4,1,33,3,584.276,1
9147,1,09/19/23,09:17,random,4,1,34,4,478.6091,1
9147,1,09/19/23,09:17,random,4,1,35,5,547.5671,0
9147,1,09/19/23,09:17,random,4,1,36,6,570.7083,1
9147,1,09/19/23,09:17,random,4,1,37,7,518.9019,1
9147,1,09/19/23,09:17,random,4,1,38,8,782.3187,1
9147,1,09/19/23,09:17,random,4,1,39,9,630.225,1
9147,1,09/19/23,09:17,random,4,1,40,10,634.0485,1
9147,1,09/19/23,09:17,random,5,1,41,1,509.9462,1
9147,1,09/19/23,09:17,random,5,1,42,2,498.2095,1
9147,1,09/19/23,09:17,random,5,1,43,3,676.4704,1
9147,1,09/19/23,09:17,random,5,1,44,4,424.4687,1
9147,1,09/19/23,09:17,random,5,1,45,5,477.7621,1
9147,1,09/19/23,09:17,random,5,1,46,6,418.5637,1
9147,1,09/19/23,09:17,random,5,1,47,7,1234.9026,1
9147,1,09/19/23,09:17,random,5,1,48,8,388.9707,1
9147,1,09/19/23,09:17,random,5,1,49,9,360.4609,1
9147,1,09/19/23,09:17,random,5,1,50,10,651.3836,1
9148,1,09/19/23,09:16,practice,0,1,1,1,9802.4975,0
9148,1,09/19/23,09:16,practice,0,1,2,2,1538.4831,0
9148,1,09/19/23,09:16,practice,0,1,3,3,1471.1051,1
9148,1,09/19/23,09:16,practice,0,1,4,4,1015.057,0
9148,1,09/19/23,09:16,practice,0,1,5,5,1293.5086,1
9148,1,09/19/23,09:16,practice,0,1,6,6,1019.6565,1
9148,1,09/19/23,09:16,practice,0,1,7,7,843.1548,1
9148,1,09/19/23,09:16,practice,0,1,8,8,409.5803,1
9148,1,09/19/23,09:16,random,1,1,1,1,586.7273,1
9148,1,09/19/23,09:16,random,1,1,2,2,588.4308,1
9148,1,09/19/23,09:16,random,1,1,3,3,398.659,1
9148,1,09/19/23,09:16,random,1,1,4,4,487.2174,1
9148,1,09/19/23,09:16,random,1,1,5,5,609.263,1
9148,1,09/19/23,09:16,random,1,1,6,6,550.6064,1
9148,1,09/19/23,09:16,random,1,1,7,7,405.8439,1
9148,1,09/19/23,09:16,random,1,1,8,8,453.0908,1
9148,1,09/19/23,09:16,random,1,1,9,9,559.7229,1
9148,1,09/19/23,09:16,random,1,1,10,10,378.8575,1
9148,1,09/19/23,09:16,random,2,1,11,1,327.5903,1
9148,1,09/19/23,09:16,random,2,1,12,2,562.3131,1
9148,1,09/19/23,09:16,random,2,1,13,3,472.1791,1
9148,1,09/19/23,09:16,random,2,1,14,4,466.7044,1
9148,1,09/19/23,09:16,random,2,1,15,5,560.6788,1
9148,1,09/19/23,09:16,random,2,1,16,6,375.8168,1
9148,1,09/19/23,09:16,random,2,1,17,7,459.4192,1
9148,1,09/19/23,09:16,random,2,1,18,8,413.2252,1
9148,1,09/19/23,09:16,random,2,1,19,9,465.7043,1
9148,1,09/19/23,09:16,random,2,1,20,10,458.8921,1
9148,1,09/19/23,09:16,random,3,1,21,1,362.8768,1
9148,1,09/19/23,09:16,random,3,1,22,2,430.5061,1
9148,1,09/19/23,09:16,random,3,1,23,3,431.3918,1
9148,1,09/19/23,09:16,random,3,1,24,4,410.9343,1
9148,1,09/19/23,09:16,random,3,1,25,5,434.4383,1
9148,1,09/19/23,09:16,random,3,1,26,6,327.0424,0
9148,1,09/19/23,09:16,random,3,1,27,7,495.8687,1
9148,1,09/19/23,09:16,random,3,1,28,8,443.2696,0
9148,1,09/19/23,09:16,random,3,1,29,9,4.77119999999,0
9148,1,09/19/23,09:16,random,3,1,30,10,4.5791,0
9148,1,09/19/23,09:16,random,4,1,31,1,537.7326,1
9148,1,09/19/23,09:16,random,4,1,32,2,586.6805,1
9148,1,09/19/23,09:16,random,4,1,33,3,693.8048,1
9148,1,09/19/23,09:16,random,4,1,34,4,446.8522,1
9148,1,09/19/23,09:16,random,4,1,35,5,350.799,1
9148,1,09/19/23,09:16,random,4,1,36,6,463.6026,1
9148,1,09/19/23,09:16,random,4,1,37,7,436.1498,1
9148,1,09/19/23,09:16,random,4,1,38,8,437.4133,1
9148,1,09/19/23,09:16,random,4,1,39,9,476.9539,1
9148,1,09/19/23,09:16,random,4,1,40,10,463.6448,1
9148,1,09/19/23,09:16,random,5,1,41,1,448.3569,0
9148,1,09/19/23,09:16,random,5,1,42,2,407.2571,1
9148,1,09/19/23,09:16,random,5,1,43,3,367.37,1
9148,1,09/19/23,09:16,random,5,1,44,4,326.545,1
9148,1,09/19/23,09:16,random,5,1,45,5,458.2549,1
9148,1,09/19/23,09:16,random,5,1,46,6,467.436,1
9148,1,09/19/23,09:16,random,5,1,47,7,747.3423,1
9148,1,09/19/23,09:16,random,5,1,48,8,443.7094,1
9148,1,09/19/23,09:16,random,5,1,49,9,521.2613,1
9148,1,09/19/23,09:16,random,5,1,50,10,411.6962,1
9149,1,09/19/23,12:09,practice,0,1,1,1,6105.5424,1
9149,1,09/19/23,12:09,practice,0,1,2,2,676.5568,1
9149,1,09/19/23,12:09,practice,0,1,3,3,371.9446,1
9149,1,09/19/23,12:09,practice,0,1,4,4,738.9137,1
9149,1,09/19/23,12:09,practice,0,1,5,5,419.1121,1
9149,1,09/19/23,12:09,practice,0,1,6,6,416.3655,1
9149,1,09/19/23,12:09,practice,0,1,7,7,444.9842,1
9149,1,09/19/23,12:09,practice,0,1,8,8,688.2328,1
9149,1,09/19/23,12:09,random,1,1,1,1,698.4581,1
9149,1,09/19/23,12:09,random,1,1,2,2,608.6378,1
9149,1,09/19/23,12:09,random,1,1,3,3,869.5321,1
9149,1,09/19/23,12:09,random,1,1,4,4,390.2516,1
9149,1,09/19/23,12:09,random,1,1,5,5,412.0679,1
9149,1,09/19/23,12:09,random,1,1,6,6,644.9989,1
9149,1,09/19/23,12:09,random,1,1,7,7,546.0969,1
9149,1,09/19/23,12:09,random,1,1,8,8,506.5112,1
9149,1,09/19/23,12:09,random,1,1,9,9,413.7706,1
9149,1,09/19/23,12:09,random,1,1,10,10,525.1516,1
9149,1,09/19/23,12:09,random,2,1,11,1,615.0046,1
9149,1,09/19/23,12:09,random,2,1,12,2,390.6807,1
9149,1,09/19/23,12:09,random,2,1,13,3,757.073,1
9149,1,09/19/23,12:09,random,2,1,14,4,839.7764,1
9149,1,09/19/23,12:09,random,2,1,15,5,557.5556,1
9149,1,09/19/23,12:09,random,2,1,16,6,600.6756,1
9149,1,09/19/23,12:09,random,2,1,17,7,727.9575,1
9149,1,09/19/23,12:09,random,2,1,18,8,553.8791,1
9149,1,09/19/23,12:09,random,2,1,19,9,659.9413,1
9149,1,09/19/23,12:09,random,2,1,20,10,676.0722,1
9149,1,09/19/23,12:09,random,3,1,21,1,655.5914,1
9149,1,09/19/23,12:09,random,3,1,22,2,554.3075,1
9149,1,09/19/23,12:09,random,3,1,23,3,669.6084,1
9149,1,09/19/23,12:09,random,3,1,24,4,525.9136,1
9149,1,09/19/23,12:09,random,3,1,25,5,606.8419,1
9149,1,09/19/23,12:09,random,3,1,26,6,621.8235,1
9149,1,09/19/23,12:09,random,3,1,27,7,487.5869,1
9149,1,09/19/23,12:09,random,3,1,28,8,736.2856,1
9149,1,09/19/23,12:09,random,3,1,29,9,548.6894,1
9149,1,09/19/23,12:09,random,3,1,30,10,437.2944,1
9149,1,09/19/23,12:09,random,4,1,31,1,551.6249,1
9149,1,09/19/23,12:09,random,4,1,32,2,550.1872,1
9149,1,09/19/23,12:09,random,4,1,33,3,657.0689,1
9149,1,09/19/23,12:09,random,4,1,34,4,649.0834,1
9149,1,09/19/23,12:09,random,4,1,35,5,594.7358,1
9149,1,09/19/23,12:09,random,4,1,36,6,547.38,1
9149,1,09/19/23,12:09,random,4,1,37,7,683.72260000000006,1
9149,1,09/19/23,12:09,random,4,1,38,8,574.6944,1
9149,1,09/19/23,12:09,random,4,1,39,9,543.9124,1
9149,1,09/19/23,12:09,random,4,1,40,10,514.0389,1
9149,1,09/19/23,12:09,random,5,1,41,1,571.4462,1
9149,1,09/19/23,12:09,random,5,1,42,2,683.8084,1
9149,1,09/19/23,12:09,random,5,1,43,3,417.6888,1
9149,1,09/19/23,12:09,random,5,1,44,4,477.8582,1
9149,1,09/19/23,12:09,random,5,1,45,5,718.3533,1
9149,1,09/19/23,12:09,random,5,1,46,6,506.234,1
9149,1,09/19/23,12:09,random,5,1,47,7,560.4067,1
9149,1,09/19/23,12:09,random,5,1,48,8,520.6381,1
9149,1,09/19/23,12:09,random,5,1,49,9,460.9056,0
9149,1,09/19/23,12:09,random,5,1,50,10,545.4863,1
9150,1,09/22/23,09:23,practice,0,1,1,1,626.1148,1
9150,1,09/22/23,09:23,practice,0,1,2,2,531.6768,1
9150,1,09/22/23,09:23,practice,0,1,3,3,609.6437,1
9150,1,09/22/23,09:23,practice,0,1,4,4,714.6334,1
9150,1,09/22/23,09:23,practice,0,1,5,5,678.2634,1
9150,1,09/22/23,09:23,practice,0,1,6,6,374.6743,1
9150,1,09/22/23,09:23,practice,0,1,7,7,457.156,1
9150,1,09/22/23,09:23,practice,0,1,8,8,559.0332,1
9150,1,09/22/23,09:23,random,1,1,1,1,505.498,1
9150,1,09/22/23,09:23,random,1,1,2,2,413.133,1
9150,1,09/22/23,09:23,random,1,1,3,3,512.6561,1
9150,1,09/22/23,09:23,random,1,1,4,4,467.1513,1
9150,1,09/22/23,09:23,random,1,1,5,5,499.068,1
9150,1,09/22/23,09:23,random,1,1,6,6,471.0231,1
9150,1,09/22/23,09:23,random,1,1,7,7,594.6564,1
9150,1,09/22/23,09:23,random,1,1,8,8,491.652,1
9150,1,09/22/23,09:23,random,1,1,9,9,635.0542,1
9150,1,09/22/23,09:23,random,1,1,10,10,660.5022,1
9150,1,09/22/23,09:23,random,2,1,11,1,582.2314,1
9150,1,09/22/23,09:23,random,2,1,12,2,398.7956,1
9150,1,09/22/23,09:23,random,2,1,13,3,435.568,1
9150,1,09/22/23,09:23,random,2,1,14,4,496.8822,1
9150,1,09/22/23,09:23,random,2,1,15,5,445.9009,1
9150,1,09/22/23,09:23,random,2,1,16,6,472.5601,1
9150,1,09/22/23,09:23,random,2,1,17,7,597.8946,1
9150,1,09/22/23,09:23,random,2,1,18,8,1218.0207,1
9150,1,09/22/23,09:23,random,2,1,19,9,729.9363,1
9150,1,09/22/23,09:23,random,2,1,20,10,432.2882,1
9150,1,09/22/23,09:23,random,3,1,21,1,1034.6662,1
9150,1,09/22/23,09:23,random,3,1,22,2,552.1515,1
9150,1,09/22/23,09:23,random,3,1,23,3,658.1183,1
9150,1,09/22/23,09:23,random,3,1,24,4,524.7997,1
9150,1,09/22/23,09:23,random,3,1,25,5,950.6287,1
9150,1,09/22/23,09:23,random,3,1,26,6,617.3661,1
9150,1,09/22/23,09:23,random,3,1,27,7,478.0415,1
9150,1,09/22/23,09:23,random,3,1,28,8,802.3497,1
9150,1,09/22/23,09:23,random,3,1,29,9,569.3162,1
9150,1,09/22/23,09:23,random,3,1,30,10,539.7823,1
9150,1,09/22/23,09:23,random,4,1,31,1,596.8295,1
9150,1,09/22/23,09:23,random,4,1,32,2,530.5084,1
9150,1,09/22/23,09:23,random,4,1,33,3,457.04880000000003,1
9150,1,09/22/23,09:23,random,4,1,34,4,506.0672,1
9150,1,09/22/23,09:23,random,4,1,35,5,489.6654,1
9150,1,09/22/23,09:23,random,4,1,36,6,650.3118,1
9150,1,09/22/23,09:23,random,4,1,37,7,433.3546,1
9150,1,09/22/23,09:23,random,4,1,38,8,755.8725,1
9150,1,09/22/23,09:23,random,4,1,39,9,480.42,1
9150,1,09/22/23,09:23,random,4,1,40,10,606.2289,1
9150,1,09/22/23,09:23,random,5,1,41,1,770.0024,1
9150,1,09/22/23,09:23,random,5,1,42,2,547.7139,1
9150,1,09/22/23,09:23,random,5,1,43,3,982.1855,1
9150,1,09/22/23,09:23,random,5,1,44,4,517.9151,1
9150,1,09/22/23,09:23,random,5,1,45,5,415.3945,1
9150,1,09/22/23,09:23,random,5,1,46,6,391.1997,1
9150,1,09/22/23,09:23,random,5,1,47,7,562.5801,1
9150,1,09/22/23,09:23,random,5,1,48,8,520.7398,1
9150,1,09/22/23,09:23,random,5,1,49,9,464.4152,1
9150,1,09/22/23,09:23,random,5,1,50,10,538.4719,1
9151,1,09/19/23,12:15,practice,0,1,1,1,575.3017,1
9151,1,09/19/23,12:15,practice,0,1,2,2,606.7311,1
9151,1,09/19/23,12:15,practice,0,1,3,3,742.2394,1
9151,1,09/19/23,12:15,practice,0,1,4,4,621.8143,1
9151,1,09/19/23,12:15,practice,0,1,5,5,517.9198,1
9151,1,09/19/23,12:15,practice,0,1,6,6,654.426,1
9151,1,09/19/23,12:15,practice,0,1,7,7,534.6649,1
9151,1,09/19/23,12:15,practice,0,1,8,8,405.5728,1
9151,1,09/19/23,12:15,random,1,1,1,1,430.2,1
9151,1,09/19/23,12:15,random,1,1,2,2,487.6585,1
9151,1,09/19/23,12:15,random,1,1,3,3,454.8782,1
9151,1,09/19/23,12:15,random,1,1,4,4,556.28,1
9151,1,09/19/23,12:15,random,1,1,5,5,479.5566,1
9151,1,09/19/23,12:15,random,1,1,6,6,581.4859,1
9151,1,09/19/23,12:15,random,1,1,7,7,491.1838,1
9151,1,09/19/23,12:15,random,1,1,8,8,585.0531,1
9151,1,09/19/23,12:15,random,1,1,9,9,467.8038,1
9151,1,09/19/23,12:15,random,1,1,10,10,425.2396,1
9151,1,09/19/23,12:15,random,2,1,11,1,608.3556,1
9151,1,09/19/23,12:15,random,2,1,12,2,501.4046,1
9151,1,09/19/23,12:15,random,2,1,13,3,646.0788,1
9151,1,09/19/23,12:15,random,2,1,14,4,539.6775,1
9151,1,09/19/23,12:15,random,2,1,15,5,487.9938,1
9151,1,09/19/23,12:15,random,2,1,16,6,415.2135,1
9151,1,09/19/23,12:15,random,2,1,17,7,365.9203,1
9151,1,09/19/23,12:15,random,2,1,18,8,507.1734,1
9151,1,09/19/23,12:15,random,2,1,19,9,591.5593,1
9151,1,09/19/23,12:15,random,2,1,20,10,512.3347,1
9151,1,09/19/23,12:15,random,3,1,21,1,389.4954,1
9151,1,09/19/23,12:15,random,3,1,22,2,399.2736,1
9151,1,09/19/23,12:15,random,3,1,23,3,579.9867,1
9151,1,09/19/23,12:15,random,3,1,24,4,398.0866,1
9151,1,09/19/23,12:15,random,3,1,25,5,470.3882,1
9151,1,09/19/23,12:15,random,3,1,26,6,368.3113,1
9151,1,09/19/23,12:15,random,3,1,27,7,625.1143,1
9151,1,09/19/23,12:15,random,3,1,28,8,514.3784,1
9151,1,09/19/23,12:15,random,3,1,29,9,589.1979,1
9151,1,09/19/23,12:15,random,3,1,30,10,716.7118,1
9151,1,09/19/23,12:15,random,4,1,31,1,589.6132,1
9151,1,09/19/23,12:15,random,4,1,32,2,495.2303,1
9151,1,09/19/23,12:15,random,4,1,33,3,635.5642,1
9151,1,09/19/23,12:15,random,4,1,34,4,661.5967,1
9151,1,09/19/23,12:15,random,4,1,35,5,557.8727,1
9151,1,09/19/23,12:15,random,4,1,36,6,541.6387,1
9151,1,09/19/23,12:15,random,4,1,37,7,771.6192,1
9151,1,09/19/23,12:15,random,4,1,38,8,686.7485,1
9151,1,09/19/23,12:15,random,4,1,39,9,455.7047,1
9151,1,09/19/23,12:15,random,4,1,40,10,617.1802,1
9151,1,09/19/23,12:15,random,5,1,41,1,483.4738,1
9151,1,09/19/23,12:15,random,5,1,42,2,588.3183,1
9151,1,09/19/23,12:15,random,5,1,43,3,457.5589,1
9151,1,09/19/23,12:15,random,5,1,44,4,507.5745,1
9151,1,09/19/23,12:15,random,5,1,45,5,551.2964,1
9151,1,09/19/23,12:15,random,5,1,46,6,495.1997,1
9151,1,09/19/23,12:15,random,5,1,47,7,695.3025,1
9151,1,09/19/23,12:15,random,5,1,48,8,606.4618,1
9151,1,09/19/23,12:15,random,5,1,49,9,477.806,1
9151,1,09/19/23,12:15,random,5,1,50,10,639.1982,1
9152,1,09/19/23,15:17,practice,0,1,1,1,547.2393,1
9152,1,09/19/23,15:17,practice,0,1,2,2,449.0162,1
9152,1,09/19/23,15:17,practice,0,1,3,3,483.0232,1
9152,1,09/19/23,15:17,practice,0,1,4,4,475.0228,1
9152,1,09/19/23,15:17,practice,0,1,5,5,496.0931,1
9152,1,09/19/23,15:17,practice,0,1,6,6,540.6594,1
9152,1,09/19/23,15:17,practice,0,1,7,7,539.3168,1
9152,1,09/19/23,15:17,practice,0,1,8,8,339.2921,1
9152,1,09/19/23,15:17,random,1,1,1,1,592.2145,1
9152,1,09/19/23,15:17,random,1,1,2,2,392.4303,1
9152,1,09/19/23,15:17,random,1,1,3,3,354.0124,1
9152,1,09/19/23,15:17,random,1,1,4,4,478.6653,1
9152,1,09/19/23,15:17,random,1,1,5,5,381.7439,1
9152,1,09/19/23,15:17,random,1,1,6,6,496.7227,1
9152,1,09/19/23,15:17,random,1,1,7,7,421.86130000000003,1
9152,1,09/19/23,15:17,random,1,1,8,8,417.5355,1
9152,1,09/19/23,15:17,random,1,1,9,9,388.0093,1
9152,1,09/19/23,15:17,random,1,1,10,10,448.0236,1
9152,1,09/19/23,15:17,random,2,1,11,1,507.1744,1
9152,1,09/19/23,15:17,random,2,1,12,2,419.9664,1
9152,1,09/19/23,15:17,random,2,1,13,3,417.0649,1
9152,1,09/19/23,15:17,random,2,1,14,4,664.7555,1
9152,1,09/19/23,15:17,random,2,1,15,5,449.3812,1
9152,1,09/19/23,15:17,random,2,1,16,6,400.5652,1
9152,1,09/19/23,15:17,random,2,1,17,7,437.5059,1
9152,1,09/19/23,15:17,random,2,1,18,8,436.616,1
9152,1,09/19/23,15:17,random,2,1,19,9,371.3935,1
9152,1,09/19/23,15:17,random,2,1,20,10,346.449,1
9152,1,09/19/23,15:17,random,3,1,21,1,406.7206,0
9152,1,09/19/23,15:17,random,3,1,22,2,450.8339,1
9152,1,09/19/23,15:17,random,3,1,23,3,407.5785,1
9152,1,09/19/23,15:17,random,3,1,24,4,593.0436,1
9152,1,09/19/23,15:17,random,3,1,25,5,617.3849,1
9152,1,09/19/23,15:17,random,3,1,26,6,1034.6423,1
9152,1,09/19/23,15:17,random,3,1,27,7,9.27579999997,1
9152,1,09/19/23,15:17,random,3,1,28,8,449.3642,1
9152,1,09/19/23,15:17,random,3,1,29,9,815.2169,1
9152,1,09/19/23,15:17,random,3,1,30,10,578.7728,1
9152,1,09/19/23,15:17,random,4,1,31,1,486.5786,0
9152,1,09/19/23,15:17,random,4,1,32,2,458.6233,1
9152,1,09/19/23,15:17,random,4,1,33,3,506.3362,1
9152,1,09/19/23,15:17,random,4,1,34,4,461.6574,0
9152,1,09/19/23,15:17,random,4,1,35,5,505.5167,1
9152,1,09/19/23,15:17,random,4,1,36,6,385.25,1
9152,1,09/19/23,15:17,random,4,1,37,7,964.7465,0
9152,1,09/19/23,15:17,random,4,1,38,8,483.5546,1
9152,1,09/19/23,15:17,random,4,1,39,9,349.0165,1
9152,1,09/19/23,15:17,random,4,1,40,10,356.7984,1
9152,1,09/19/23,15:17,random,5,1,41,1,659.5969,1
9152,1,09/19/23,15:17,random,5,1,42,2,509.4565,1
9152,1,09/19/23,15:17,random,5,1,43,3,430.6511,1
9152,1,09/19/23,15:17,random,5,1,44,4,764.1656,1
9152,1,09/19/23,15:17,random,5,1,45,5,872.5394,1
9152,1,09/19/23,15:17,random,5,1,46,6,507.1902,1
9152,1,09/19/23,15:17,random,5,1,47,7,658.5657,1
9152,1,09/19/23,15:17,random,5,1,48,8,584.7654,1
9152,1,09/19/23,15:17,random,5,1,49,9,898.1027,1
9152,1,09/19/23,15:17,random,5,1,50,10,801.9227,1
9153,1,09/19/23,15:46,practice,0,1,1,1,1893.834,1
9153,1,09/19/23,15:46,practice,0,1,2,2,662.3504,1
9153,1,09/19/23,15:46,practice,0,1,3,3,495.2543,1
9153,1,09/19/23,15:46,practice,0,1,4,4,575.0289,1
9153,1,09/19/23,15:46,practice,0,1,5,5,565.1954,1
9153,1,09/19/23,15:46,practice,0,1,6,6,548.8759,1
9153,1,09/19/23,15:46,practice,0,1,7,7,517.2668,1
9153,1,09/19/23,15:46,practice,0,1,8,8,479.0532,1
9153,1,09/19/23,15:46,random,1,1,1,1,649.8534,1
9153,1,09/19/23,15:46,random,1,1,2,2,637.9985,1
9153,1,09/19/23,15:46,random,1,1,3,3,515.2218,1
9153,1,09/19/23,15:46,random,1,1,4,4,505.8097,1
9153,1,09/19/23,15:46,random,1,1,5,5,440.7385,1
9153,1,09/19/23,15:46,random,1,1,6,6,444.3398,1
9153,1,09/19/23,15:46,random,1,1,7,7,426.4939,1
9153,1,09/19/23,15:46,random,1,1,8,8,432.6398,1
9153,1,09/19/23,15:46,random,1,1,9,9,406.822,1
9153,1,09/19/23,15:46,random,1,1,10,10,591.177,1
9153,1,09/19/23,15:46,random,2,1,11,1,486.2632,1
9153,1,09/19/23,15:46,random,2,1,12,2,482.7435,1
9153,1,09/19/23,15:46,random,2,1,13,3,432.6095,1
9153,1,09/19/23,15:46,random,2,1,14,4,477.63,1
9153,1,09/19/23,15:46,random,2,1,15,5,379.0407,1
9153,1,09/19/23,15:46,random,2,1,16,6,574.6324,1
9153,1,09/19/23,15:46,random,2,1,17,7,472.4997,1
9153,1,09/19/23,15:46,random,2,1,18,8,411.1296,1
9153,1,09/19/23,15:46,random,2,1,19,9,529.919,1
9153,1,09/19/23,15:46,random,2,1,20,10,538.7821,1
9153,1,09/19/23,15:46,random,3,1,21,1,432.6838,1
9153,1,09/19/23,15:46,random,3,1,22,2,406.565,1
9153,1,09/19/23,15:46,random,3,1,23,3,394.0325,1
9153,1,09/19/23,15:46,random,3,1,24,4,445.4705,0
9153,1,09/19/23,15:46,random,3,1,25,5,499.0473,1
9153,1,09/19/23,15:46,random,3,1,26,6,476.6852,1
9153,1,09/19/23,15:46,random,3,1,27,7,461.7608,1
9153,1,09/19/23,15:46,random,3,1,28,8,424.1555,1
9153,1,09/19/23,15:46,random,3,1,29,9,433.2444,1
9153,1,09/19/23,15:46,random,3,1,30,10,423.8573,1
9153,1,09/19/23,15:46,random,4,1,31,1,386.6799,1
9153,1,09/19/23,15:46,random,4,1,32,2,352.23,1
9153,1,09/19/23,15:46,random,4,1,33,3,433.8048,1
9153,1,09/19/23,15:46,random,4,1,34,4,400.0054,1
9153,1,09/19/23,15:46,random,4,1,35,5,426.3235,1
9153,1,09/19/23,15:46,random,4,1,36,6,514.2602,0
9153,1,09/19/23,15:46,random,4,1,37,7,443.6734,1
9153,1,09/19/23,15:46,random,4,1,38,8,488.4023,1
9153,1,09/19/23,15:46,random,4,1,39,9,411.2295,1
9153,1,09/19/23,15:46,random,4,1,40,10,469.8166,1
9153,1,09/19/23,15:46,random,5,1,41,1,423.0882,1
9153,1,09/19/23,15:46,random,5,1,42,2,397.0118,1
9153,1,09/19/23,15:46,random,5,1,43,3,454.9866,1
9153,1,09/19/23,15:46,random,5,1,44,4,456.599,1
9153,1,09/19/23,15:46,random,5,1,45,5,438.2888,1
9153,1,09/19/23,15:46,random,5,1,46,6,461.9619,1
9153,1,09/19/23,15:46,random,5,1,47,7,473.534,1
9153,1,09/19/23,15:46,random,5,1,48,8,414.9366,1
9153,1,09/19/23,15:46,random,5,1,49,9,404.4124,1
9153,1,09/19/23,15:46,random,5,1,50,10,451.1344,1
9154,1,09/20/23,09:34,practice,0,1,1,1,434.18,1
9154,1,09/20/23,09:34,practice,0,1,2,2,423.5128,1
9154,1,09/20/23,09:34,practice,0,1,3,3,405.9189,1
9154,1,09/20/23,09:34,practice,0,1,4,4,337.452,1
9154,1,09/20/23,09:34,practice,0,1,5,5,352.6161,1
9154,1,09/20/23,09:34,practice,0,1,6,6,362.635,1
9154,1,09/20/23,09:34,practice,0,1,7,7,645.0091,0
9154,1,09/20/23,09:34,practice,0,1,8,8,321.9056,1
9154,1,09/20/23,09:34,random,1,1,1,1,345.3489,1
9154,1,09/20/23,09:34,random,1,1,2,2,347.5908,1
9154,1,09/20/23,09:34,random,1,1,3,3,355.2535,1
9154,1,09/20/23,09:34,random,1,1,4,4,344.0963,1
9154,1,09/20/23,09:34,random,1,1,5,5,559.7446,1
9154,1,09/20/23,09:34,random,1,1,6,6,440.4467,1
9154,1,09/20/23,09:34,random,1,1,7,7,393.78,1
9154,1,09/20/23,09:34,random,1,1,8,8,346.6663,1
9154,1,09/20/23,09:34,random,1,1,9,9,396.7009,1
9154,1,09/20/23,09:34,random,1,1,10,10,423.5248,1
9154,1,09/20/23,09:34,random,2,1,11,1,444.7291,1
9154,1,09/20/23,09:34,random,2,1,12,2,476.465,1
9154,1,09/20/23,09:34,random,2,1,13,3,628.0079,1
9154,1,09/20/23,09:34,random,2,1,14,4,362.8684,1
9154,1,09/20/23,09:34,random,2,1,15,5,434.1368,1
9154,1,09/20/23,09:34,random,2,1,16,6,386.5855,1
9154,1,09/20/23,09:34,random,2,1,17,7,487.24,1
9154,1,09/20/23,09:34,random,2,1,18,8,510.0917,1
9154,1,09/20/23,09:34,random,2,1,19,9,455.4901,1
9154,1,09/20/23,09:34,random,2,1,20,10,392.5032,1
9154,1,09/20/23,09:34,random,3,1,21,1,449.514,1
9154,1,09/20/23,09:34,random,3,1,22,2,513.4419,1
9154,1,09/20/23,09:34,random,3,1,23,3,435.7473,1
9154,1,09/20/23,09:34,random,3,1,24,4,378.9296,1
9154,1,09/20/23,09:34,random,3,1,25,5,483.2805,1
9154,1,09/20/23,09:34,random,3,1,26,6,458.7756,1
9154,1,09/20/23,09:34,random,3,1,27,7,458.9903,1
9154,1,09/20/23,09:34,random,3,1,28,8,410.687,1
9154,1,09/20/23,09:34,random,3,1,29,9,505.0798,1
9154,1,09/20/23,09:34,random,3,1,30,10,415.0169,1
9154,1,09/20/23,09:34,random,4,1,31,1,595.0639,1
9154,1,09/20/23,09:34,random,4,1,32,2,393.3554,1
9154,1,09/20/23,09:34,random,4,1,33,3,460.6276,1
9154,1,09/20/23,09:34,random,4,1,34,4,410.2998,1
9154,1,09/20/23,09:34,random,4,1,35,5,543.4154,1
9154,1,09/20/23,09:34,random,4,1,36,6,489.1281,1
9154,1,09/20/23,09:34,random,4,1,37,7,454.7876,1
9154,1,09/20/23,09:34,random,4,1,38,8,430.6622,1
9154,1,09/20/23,09:34,random,4,1,39,9,401.63,1
9154,1,09/20/23,09:34,random,4,1,40,10,394.6455,1
9154,1,09/20/23,09:34,random,5,1,41,1,564.2337,1
9154,1,09/20/23,09:34,random,5,1,42,2,405.4873,1
9154,1,09/20/23,09:34,random,5,1,43,3,377.241,1
9154,1,09/20/23,09:34,random,5,1,44,4,477.893,1
9154,1,09/20/23,09:34,random,5,1,45,5,387.497,1
9154,1,09/20/23,09:34,random,5,1,46,6,456.8675,1
9154,1,09/20/23,09:34,random,5,1,47,7,480.5875,1
9154,1,09/20/23,09:34,random,5,1,48,8,468.084,1
9154,1,09/20/23,09:34,random,5,1,49,9,457.8888,1
9154,1,09/20/23,09:34,random,5,1,50,10,476.8396,1
9155,1,09/20/23,09:31,practice,0,1,1,1,4512.4978,1
9155,1,09/20/23,09:31,practice,0,1,2,2,646.116,1
9155,1,09/20/23,09:31,practice,0,1,3,3,499.8397,1
9155,1,09/20/23,09:31,practice,0,1,4,4,656.2915,1
9155,1,09/20/23,09:31,practice,0,1,5,5,697.6952,1
9155,1,09/20/23,09:31,practice,0,1,6,6,817.917,1
9155,1,09/20/23,09:31,practice,0,1,7,7,407.5599,1
9155,1,09/20/23,09:31,practice,0,1,8,8,431.263,1
9155,1,09/20/23,09:31,random,1,1,1,1,461.7663,1
9155,1,09/20/23,09:31,random,1,1,2,2,497.915,1
9155,1,09/20/23,09:31,random,1,1,3,3,441.4952,1
9155,1,09/20/23,09:31,random,1,1,4,4,447.6223,1
9155,1,09/20/23,09:31,random,1,1,5,5,479.0442,1
9155,1,09/20/23,09:31,random,1,1,6,6,560.0033,1
9155,1,09/20/23,09:31,random,1,1,7,7,638.0168,1
9155,1,09/20/23,09:31,random,1,1,8,8,431.1398,1
9155,1,09/20/23,09:31,random,1,1,9,9,622.0115,1
9155,1,09/20/23,09:31,random,1,1,10,10,422.667,1
9155,1,09/20/23,09:31,random,2,1,11,1,508.7764,1
9155,1,09/20/23,09:31,random,2,1,12,2,358.1996,1
9155,1,09/20/23,09:31,random,2,1,13,3,412.2202,1
9155,1,09/20/23,09:31,random,2,1,14,4,358.8614,1
9155,1,09/20/23,09:31,random,2,1,15,5,676.0663,1
9155,1,09/20/23,09:31,random,2,1,16,6,557.4476,1
9155,1,09/20/23,09:31,random,2,1,17,7,560.1885,1
9155,1,09/20/23,09:31,random,2,1,18,8,712.9849,1
9155,1,09/20/23,09:31,random,2,1,19,9,673.5254,1
9155,1,09/20/23,09:31,random,2,1,20,10,663.3453,1
9155,1,09/20/23,09:31,random,3,1,21,1,615.8679,1
9155,1,09/20/23,09:31,random,3,1,22,2,663.9981,1
9155,1,09/20/23,09:31,random,3,1,23,3,757.3322,1
9155,1,09/20/23,09:31,random,3,1,24,4,433.937,1
9155,1,09/20/23,09:31,random,3,1,25,5,417.1323,1
9155,1,09/20/23,09:31,random,3,1,26,6,527.9544,1
9155,1,09/20/23,09:31,random,3,1,27,7,623.8567,1
9155,1,09/20/23,09:31,random,3,1,28,8,529.2704,1
9155,1,09/20/23,09:31,random,3,1,29,9,552.8258,1
9155,1,09/20/23,09:31,random,3,1,30,10,656.1604,1
9155,1,09/20/23,09:31,random,4,1,31,1,562.373,1
9155,1,09/20/23,09:31,random,4,1,32,2,415.7515,1
9155,1,09/20/23,09:31,random,4,1,33,3,614.7362,1
9155,1,09/20/23,09:31,random,4,1,34,4,537.2379,1
9155,1,09/20/23,09:31,random,4,1,35,5,775.1929,1
9155,1,09/20/23,09:31,random,4,1,36,6,594.4864,1
9155,1,09/20/23,09:31,random,4,1,37,7,857.3952,1
9155,1,09/20/23,09:31,random,4,1,38,8,629.4344,1
9155,1,09/20/23,09:31,random,4,1,39,9,699.3557,1
9155,1,09/20/23,09:31,random,4,1,40,10,532.2584,1
9155,1,09/20/23,09:31,random,5,1,41,1,654.0841,1
9155,1,09/20/23,09:31,random,5,1,42,2,452.5548,1
9155,1,09/20/23,09:31,random,5,1,43,3,600.1042,1
9155,1,09/20/23,09:31,random,5,1,44,4,407.8669,1
9155,1,09/20/23,09:31,random,5,1,45,5,398.3719,1
9155,1,09/20/23,09:31,random,5,1,46,6,501.1027,1
9155,1,09/20/23,09:31,random,5,1,47,7,613.7414,1
9155,1,09/20/23,09:31,random,5,1,48,8,628.3614,1
9155,1,09/20/23,09:31,random,5,1,49,9,552.6538,1
9155,1,09/20/23,09:31,random,5,1,50,10,592.3117,1
9156,1,09/20/23,12:25,practice,0,1,1,1,486.7079,1
9156,1,09/20/23,12:25,practice,0,1,2,2,693.4062,1
9156,1,09/20/23,12:25,practice,0,1,3,3,709.288,1
9156,1,09/20/23,12:25,practice,0,1,4,4,524.4364,1
9156,1,09/20/23,12:25,practice,0,1,5,5,2243.4079,1
9156,1,09/20/23,12:25,practice,0,1,6,6,573.4166,1
9156,1,09/20/23,12:25,practice,0,1,7,7,553.5158,1
9156,1,09/20/23,12:25,practice,0,1,8,8,597.2268,1
9156,1,09/20/23,12:25,random,1,1,1,1,428.1818,1
9156,1,09/20/23,12:25,random,1,1,2,2,381.0219,1
9156,1,09/20/23,12:25,random,1,1,3,3,470.8414,1
9156,1,09/20/23,12:25,random,1,1,4,4,491.1017,1
9156,1,09/20/23,12:25,random,1,1,5,5,512.2935,1
9156,1,09/20/23,12:25,random,1,1,6,6,459.3883,1
9156,1,09/20/23,12:25,random,1,1,7,7,477.0528,1
9156,1,09/20/23,12:25,random,1,1,8,8,422.7349,1
9156,1,09/20/23,12:25,random,1,1,9,9,414.865,1
9156,1,09/20/23,12:25,random,1,1,10,10,489.9493,1
9156,1,09/20/23,12:25,random,2,1,11,1,518.2537,1
9156,1,09/20/23,12:25,random,2,1,12,2,412.721,1
9156,1,09/20/23,12:25,random,2,1,13,3,290.3537,1
9156,1,09/20/23,12:25,random,2,1,14,4,419.3712,1
9156,1,09/20/23,12:25,random,2,1,15,5,365.1479,1
9156,1,09/20/23,12:25,random,2,1,16,6,686.9519,1
9156,1,09/20/23,12:25,random,2,1,17,7,506.3723,1
9156,1,09/20/23,12:25,random,2,1,18,8,378.9235,1
9156,1,09/20/23,12:25,random,2,1,19,9,583.8299,1
9156,1,09/20/23,12:25,random,2,1,20,10,721.7131,1
9156,1,09/20/23,12:25,random,3,1,21,1,820.135,1
9156,1,09/20/23,12:25,random,3,1,22,2,528.6951,1
9156,1,09/20/23,12:25,random,3,1,23,3,440.6655,1
9156,1,09/20/23,12:25,random,3,1,24,4,365.7521,1
9156,1,09/20/23,12:25,random,3,1,25,5,431.9522,1
9156,1,09/20/23,12:25,random,3,1,26,6,579.1956,1
9156,1,09/20/23,12:25,random,3,1,27,7,453.8382,1
9156,1,09/20/23,12:25,random,3,1,28,8,402.8791,1
9156,1,09/20/23,12:25,random,3,1,29,9,387.2118,1
9156,1,09/20/23,12:25,random,3,1,30,10,382.9027,1
9156,1,09/20/23,12:25,random,4,1,31,1,704.5907,1
9156,1,09/20/23,12:25,random,4,1,32,2,457.9015,1
9156,1,09/20/23,12:25,random,4,1,33,3,432.3529,1
9156,1,09/20/23,12:25,random,4,1,34,4,512.5992,1
9156,1,09/20/23,12:25,random,4,1,35,5,586.8499,1
9156,1,09/20/23,12:25,random,4,1,36,6,379.0288,1
9156,1,09/20/23,12:25,random,4,1,37,7,698.6352,1
9156,1,09/20/23,12:25,random,4,1,38,8,318.8698,1
9156,1,09/20/23,12:25,random,4,1,39,9,389.5954,1
9156,1,09/20/23,12:25,random,4,1,40,10,367.9941,1
9156,1,09/20/23,12:25,random,5,1,41,1,446.3676,1
9156,1,09/20/23,12:25,random,5,1,42,2,346.1308,1
9156,1,09/20/23,12:25,random,5,1,43,3,352.0112,1
9156,1,09/20/23,12:25,random,5,1,44,4,373.4428,1
9156,1,09/20/23,12:25,random,5,1,45,5,325.1004,1
9156,1,09/20/23,12:25,random,5,1,46,6,322.2398,1
9156,1,09/20/23,12:25,random,5,1,47,7,343.3956,1
9156,1,09/20/23,12:25,random,5,1,48,8,367.5068,0
9156,1,09/20/23,12:25,random,5,1,49,9,437.4908,1
9156,1,09/20/23,12:25,random,5,1,50,10,963.763,1
9157,1,09/20/23,12:26,practice,0,1,1,1,593.8664,1
9157,1,09/20/23,12:26,practice,0,1,2,2,554.9272,1
9157,1,09/20/23,12:26,practice,0,1,3,3,446.6894,1
9157,1,09/20/23,12:26,practice,0,1,4,4,504.53,1
9157,1,09/20/23,12:26,practice,0,1,5,5,738.9896,1
9157,1,09/20/23,12:26,practice,0,1,6,6,600.2547,1
9157,1,09/20/23,12:26,practice,0,1,7,7,454.3116,1
9157,1,09/20/23,12:26,practice,0,1,8,8,386.9209,0
9157,1,09/20/23,12:26,random,1,1,1,1,746.7374,1
9157,1,09/20/23,12:26,random,1,1,2,2,665.2719,1
9157,1,09/20/23,12:26,random,1,1,3,3,572.4296,1
9157,1,09/20/23,12:26,random,1,1,4,4,458.8983,1
9157,1,09/20/23,12:26,random,1,1,5,5,651.4643,1
9157,1,09/20/23,12:26,random,1,1,6,6,680.7123,1
9157,1,09/20/23,12:26,random,1,1,7,7,589.8543,1
9157,1,09/20/23,12:26,random,1,1,8,8,699.2916,1
9157,1,09/20/23,12:26,random,1,1,9,9,744.7206,1
9157,1,09/20/23,12:26,random,1,1,10,10,814.494,1
9157,1,09/20/23,12:26,random,2,1,11,1,1075.1265,1
9157,1,09/20/23,12:26,random,2,1,12,2,778.8736,1
9157,1,09/20/23,12:26,random,2,1,13,3,604.3847,1
9157,1,09/20/23,12:26,random,2,1,14,4,549.5815,1
9157,1,09/20/23,12:26,random,2,1,15,5,947.4563,1
9157,1,09/20/23,12:26,random,2,1,16,6,578.8735,1
9157,1,09/20/23,12:26,random,2,1,17,7,573.2115,1
9157,1,09/20/23,12:26,random,2,1,18,8,680.2264,1
9157,1,09/20/23,12:26,random,2,1,19,9,537.8817,1
9157,1,09/20/23,12:26,random,2,1,20,10,670.0474,1
9157,1,09/20/23,12:26,random,3,1,21,1,772.8576,1
9157,1,09/20/23,12:26,random,3,1,22,2,528.1639,1
9157,1,09/20/23,12:26,random,3,1,23,3,532.9641,1
9157,1,09/20/23,12:26,random,3,1,24,4,554.9405,1
9157,1,09/20/23,12:26,random,3,1,25,5,594.6622,1
9157,1,09/20/23,12:26,random,3,1,26,6,539.4687,1
9157,1,09/20/23,12:26,random,3,1,27,7,686.453,1
9157,1,09/20/23,12:26,random,3,1,28,8,547.1121,1
9157,1,09/20/23,12:26,random,3,1,29,9,594.778,1
9157,1,09/20/23,12:26,random,3,1,30,10,788.3112,1
9157,1,09/20/23,12:26,random,4,1,31,1,500.6505,1
9157,1,09/20/23,12:26,random,4,1,32,2,630.3834,1
9157,1,09/20/23,12:26,random,4,1,33,3,530.5288,1
9157,1,09/20/23,12:26,random,4,1,34,4,1000.9672,1
9157,1,09/20/23,12:26,random,4,1,35,5,570.0158,1
9157,1,09/20/23,12:26,random,4,1,36,6,778.1842,1
9157,1,09/20/23,12:26,random,4,1,37,7,689.1217,1
9157,1,09/20/23,12:26,random,4,1,38,8,657.8843,1
9157,1,09/20/23,12:26,random,4,1,39,9,542.9243,1
9157,1,09/20/23,12:26,random,4,1,40,10,715.0182,1
9157,1,09/20/23,12:26,random,5,1,41,1,594.6869,1
9157,1,09/20/23,12:26,random,5,1,42,2,590.661,1
9157,1,09/20/23,12:26,random,5,1,43,3,571.3212,1
9157,1,09/20/23,12:26,random,5,1,44,4,702.8246,1
9157,1,09/20/23,12:26,random,5,1,45,5,666.7802,1
9157,1,09/20/23,12:26,random,5,1,46,6,522.889,1
9157,1,09/20/23,12:26,random,5,1,47,7,575.1954,1
9157,1,09/20/23,12:26,random,5,1,48,8,542.567,1
9157,1,09/20/23,12:26,random,5,1,49,9,624.3076,1
9157,1,09/20/23,12:26,random,5,1,50,10,562.726,1
9158,1,09/20/23,15:19,practice,0,1,1,1,1898.5016,1
9158,1,09/20/23,15:19,practice,0,1,2,2,529.412,1
9158,1,09/20/23,15:19,practice,0,1,3,3,405.7721,1
9158,1,09/20/23,15:19,practice,0,1,4,4,617.9954,1
9158,1,09/20/23,15:19,practice,0,1,5,5,1049.9793,1
9158,1,09/20/23,15:19,practice,0,1,6,6,360.06,1
9158,1,09/20/23,15:19,practice,0,1,7,7,430.3861,1
9158,1,09/20/23,15:19,practice,0,1,8,8,520.9098,1
9158,1,09/20/23,15:19,random,1,1,1,1,555.6175,1
9158,1,09/20/23,15:19,random,1,1,2,2,605.2748,1
9158,1,09/20/23,15:19,random,1,1,3,3,381.0725,1
9158,1,09/20/23,15:19,random,1,1,4,4,471.8701,1
9158,1,09/20/23,15:19,random,1,1,5,5,394.1974,1
9158,1,09/20/23,15:19,random,1,1,6,6,389.1455,1
9158,1,09/20/23,15:19,random,1,1,7,7,356.214,1
9158,1,09/20/23,15:19,random,1,1,8,8,520.8843,1
9158,1,09/20/23,15:19,random,1,1,9,9,551.4931,1
9158,1,09/20/23,15:19,random,1,1,10,10,451.7858,1
9158,1,09/20/23,15:19,random,2,1,11,1,425.1302,1
9158,1,09/20/23,15:19,random,2,1,12,2,387.1192,1
9158,1,09/20/23,15:19,random,2,1,13,3,352.3496,1
9158,1,09/20/23,15:19,random,2,1,14,4,347.2375,1
9158,1,09/20/23,15:19,random,2,1,15,5,457.7616,1
9158,1,09/20/23,15:19,random,2,1,16,6,409.2005,1
9158,1,09/20/23,15:19,random,2,1,17,7,369.9571,1
9158,1,09/20/23,15:19,random,2,1,18,8,450.7563,1
9158,1,09/20/23,15:19,random,2,1,19,9,1667.8869,1
9158,1,09/20/23,15:19,random,2,1,20,10,597.8186,1
9158,1,09/20/23,15:19,random,3,1,21,1,584.6196,1
9158,1,09/20/23,15:19,random,3,1,22,2,514.5119,1
9158,1,09/20/23,15:19,random,3,1,23,3,585.886,1
9158,1,09/20/23,15:19,random,3,1,24,4,490.6776,1
9158,1,09/20/23,15:19,random,3,1,25,5,463.5117,1
9158,1,09/20/23,15:19,random,3,1,26,6,448.6271,1
9158,1,09/20/23,15:19,random,3,1,27,7,738.7093,1
9158,1,09/20/23,15:19,random,3,1,28,8,464.8987,1
9158,1,09/20/23,15:19,random,3,1,29,9,410.1643,1
9158,1,09/20/23,15:19,random,3,1,30,10,560.6193,1
9158,1,09/20/23,15:19,random,4,1,31,1,461.3249,1
9158,1,09/20/23,15:19,random,4,1,32,2,431.857,1
9158,1,09/20/23,15:19,random,4,1,33,3,362.5706,1
9158,1,09/20/23,15:19,random,4,1,34,4,400.663,1
9158,1,09/20/23,15:19,random,4,1,35,5,495.8581,1
9158,1,09/20/23,15:19,random,4,1,36,6,482.219,1
9158,1,09/20/23,15:19,random,4,1,37,7,441.5352,1
9158,1,09/20/23,15:19,random,4,1,38,8,394.1508,1
9158,1,09/20/23,15:19,random,4,1,39,9,538.4898,1
9158,1,09/20/23,15:19,random,4,1,40,10,711.3518,1
9158,1,09/20/23,15:19,random,5,1,41,1,559.6222,1
9158,1,09/20/23,15:19,random,5,1,42,2,516.974,1
9158,1,09/20/23,15:19,random,5,1,43,3,671.889,1
9158,1,09/20/23,15:19,random,5,1,44,4,415.5842,1
9158,1,09/20/23,15:19,random,5,1,45,5,439.808,1
9158,1,09/20/23,15:19,random,5,1,46,6,434.9533,1
9158,1,09/20/23,15:19,random,5,1,47,7,474.5768,1
9158,1,09/20/23,15:19,random,5,1,48,8,574.2117,1
9158,1,09/20/23,15:19,random,5,1,49,9,462.6993,1
9158,1,09/20/23,15:19,random,5,1,50,10,437.6589,1
9159,1,09/20/23,15:18,practice,0,1,1,1,720.8276,1
9159,1,09/20/23,15:18,practice,0,1,2,2,630.3526,1
9159,1,09/20/23,15:18,practice,0,1,3,3,536.3708,1
9159,1,09/20/23,15:18,practice,0,1,4,4,428.56,1
9159,1,09/20/23,15:18,practice,0,1,5,5,570.1939,1
9159,1,09/20/23,15:18,practice,0,1,6,6,534.2345,1
9159,1,09/20/23,15:18,practice,0,1,7,7,663.822,1
9159,1,09/20/23,15:18,practice,0,1,8,8,564.8503,1
9159,1,09/20/23,15:18,random,1,1,1,1,520.9727,1
9159,1,09/20/23,15:18,random,1,1,2,2,675.7048,1
9159,1,09/20/23,15:18,random,1,1,3,3,456.0952,1
9159,1,09/20/23,15:18,random,1,1,4,4,471.2295,1
9159,1,09/20/23,15:18,random,1,1,5,5,475.2697,1
9159,1,09/20/23,15:18,random,1,1,6,6,434.6503,1
9159,1,09/20/23,15:18,random,1,1,7,7,396.3333,1
9159,1,09/20/23,15:18,random,1,1,8,8,556.651,1
9159,1,09/20/23,15:18,random,1,1,9,9,463.3508,1
9159,1,09/20/23,15:18,random,1,1,10,10,431.5743,1
9159,1,09/20/23,15:18,random,2,1,11,1,450.0508,1
9159,1,09/20/23,15:18,random,2,1,12,2,474.425,1
9159,1,09/20/23,15:18,random,2,1,13,3,530.6732,1
9159,1,09/20/23,15:18,random,2,1,14,4,387.0709,1
9159,1,09/20/23,15:18,random,2,1,15,5,582.9562,1
9159,1,09/20/23,15:18,random,2,1,16,6,399.4086,1
9159,1,09/20/23,15:18,random,2,1,17,7,586.8488,1
9159,1,09/20/23,15:18,random,2,1,18,8,477.7627,1
9159,1,09/20/23,15:18,random,2,1,19,9,771.9228,0
9159,1,09/20/23,15:18,random,2,1,20,10,669.6167,1
9159,1,09/20/23,15:18,random,3,1,21,1,545.3494,1
9159,1,09/20/23,15:18,random,3,1,22,2,669.069,1
9159,1,09/20/23,15:18,random,3,1,23,3,802.3701,1
9159,1,09/20/23,15:18,random,3,1,24,4,485.7925,1
9159,1,09/20/23,15:18,random,3,1,25,5,444.2128,1
9159,1,09/20/23,15:18,random,3,1,26,6,956.2082,1
9159,1,09/20/23,15:18,random,3,1,27,7,517.6523,1
9159,1,09/20/23,15:18,random,3,1,28,8,475.737,1
9159,1,09/20/23,15:18,random,3,1,29,9,445.8645,1
9159,1,09/20/23,15:18,random,3,1,30,10,534.7753,1
9159,1,09/20/23,15:18,random,4,1,31,1,507.4196,1
9159,1,09/20/23,15:18,random,4,1,32,2,845.7144,0
9159,1,09/20/23,15:18,random,4,1,33,3,474.2741,1
9159,1,09/20/23,15:18,random,4,1,34,4,494.2311,1
9159,1,09/20/23,15:18,random,4,1,35,5,605.4364,1
9159,1,09/20/23,15:18,random,4,1,36,6,555.7094,1
9159,1,09/20/23,15:18,random,4,1,37,7,484.2645,1
9159,1,09/20/23,15:18,random,4,1,38,8,560.694,1
9159,1,09/20/23,15:18,random,4,1,39,9,569.178,1
9159,1,09/20/23,15:18,random,4,1,40,10,914.3528,1
9159,1,09/20/23,15:18,random,5,1,41,1,459.8359,1
9159,1,09/20/23,15:18,random,5,1,42,2,981.4926,1
9159,1,09/20/23,15:18,random,5,1,43,3,626.3007,1
9159,1,09/20/23,15:18,random,5,1,44,4,507.9797,1
9159,1,09/20/23,15:18,random,5,1,45,5,567.0074,1
9159,1,09/20/23,15:18,random,5,1,46,6,545.2187,1
9159,1,09/20/23,15:18,random,5,1,47,7,609.7029,1
9159,1,09/20/23,15:18,random,5,1,48,8,604.3825,1
9159,1,09/20/23,15:18,random,5,1,49,9,457.3154,1
9159,1,09/20/23,15:18,random,5,1,50,10,693.7588,1
9160,1,09/20/23,15:19,practice,0,1,1,1,485.2302,1
9160,1,09/20/23,15:19,practice,0,1,2,2,453.6636,1
9160,1,09/20/23,15:19,practice,0,1,3,3,469.3169,1
9160,1,09/20/23,15:19,practice,0,1,4,4,373.0768,1
9160,1,09/20/23,15:19,practice,0,1,5,5,405.8241,1
9160,1,09/20/23,15:19,practice,0,1,6,6,453.0103,1
9160,1,09/20/23,15:19,practice,0,1,7,7,428.3047,1
9160,1,09/20/23,15:19,practice,0,1,8,8,470.4985,1
9160,1,09/20/23,15:19,random,1,1,1,1,483.9388,1
9160,1,09/20/23,15:19,random,1,1,2,2,402.8643,1
9160,1,09/20/23,15:19,random,1,1,3,3,417.4741,1
9160,1,09/20/23,15:19,random,1,1,4,4,433.1768,1
9160,1,09/20/23,15:19,random,1,1,5,5,451.9994,1
9160,1,09/20/23,15:19,random,1,1,6,6,478.0641,1
9160,1,09/20/23,15:19,random,1,1,7,7,350.6522,1
9160,1,09/20/23,15:19,random,1,1,8,8,418.6511,1
9160,1,09/20/23,15:19,random,1,1,9,9,453.7255,1
9160,1,09/20/23,15:19,random,1,1,10,10,374.4342,1
9160,1,09/20/23,15:19,random,2,1,11,1,427.644,1
9160,1,09/20/23,15:19,random,2,1,12,2,553.4106,1
9160,1,09/20/23,15:19,random,2,1,13,3,577.6,1
9160,1,09/20/23,15:19,random,2,1,14,4,492.656,1
9160,1,09/20/23,15:19,random,2,1,15,5,399.8661,1
9160,1,09/20/23,15:19,random,2,1,16,6,406.7621,1
9160,1,09/20/23,15:19,random,2,1,17,7,477.8166,1
9160,1,09/20/23,15:19,random,2,1,18,8,424.6295,1
9160,1,09/20/23,15:19,random,2,1,19,9,603.5924,1
9160,1,09/20/23,15:19,random,2,1,20,10,384.6996,1
9160,1,09/20/23,15:19,random,3,1,21,1,477.388,1
9160,1,09/20/23,15:19,random,3,1,22,2,416.7364,1
9160,1,09/20/23,15:19,random,3,1,23,3,436.4302,1
9160,1,09/20/23,15:19,random,3,1,24,4,448.6883,1
9160,1,09/20/23,15:19,random,3,1,25,5,415.2026,1
9160,1,09/20/23,15:19,random,3,1,26,6,486.1763,1
9160,1,09/20/23,15:19,random,3,1,27,7,426.0522,1
9160,1,09/20/23,15:19,random,3,1,28,8,463.8915,1
9160,1,09/20/23,15:19,random,3,1,29,9,605.4197,1
9160,1,09/20/23,15:19,random,3,1,30,10,420.6036,1
9160,1,09/20/23,15:19,random,4,1,31,1,410.3886,1
9160,1,09/20/23,15:19,random,4,1,32,2,438.0568,1
9160,1,09/20/23,15:19,random,4,1,33,3,388.7423,1
9160,1,09/20/23,15:19,random,4,1,34,4,414.3426,1
9160,1,09/20/23,15:19,random,4,1,35,5,412.3451,1
9160,1,09/20/23,15:19,random,4,1,36,6,535.7175,1
9160,1,09/20/23,15:19,random,4,1,37,7,463.0858,1
9160,1,09/20/23,15:19,random,4,1,38,8,731.404,1
9160,1,09/20/23,15:19,random,4,1,39,9,497.6913,1
9160,1,09/20/23,15:19,random,4,1,40,10,529.513,1
9160,1,09/20/23,15:19,random,5,1,41,1,506.5813,1
9160,1,09/20/23,15:19,random,5,1,42,2,420.5603,1
9160,1,09/20/23,15:19,random,5,1,43,3,396.243,1
9160,1,09/20/23,15:19,random,5,1,44,4,736.5925,1
9160,1,09/20/23,15:19,random,5,1,45,5,403.8228,1
9160,1,09/20/23,15:19,random,5,1,46,6,458.8071,1
9160,1,09/20/23,15:19,random,5,1,47,7,468.2328,1
9160,1,09/20/23,15:19,random,5,1,48,8,507.6286,1
9160,1,09/20/23,15:19,random,5,1,49,9,670.3861,1
9160,1,09/20/23,15:19,random,5,1,50,10,552.3758,1
9161,1,09/21/23,09:14,practice,0,1,1,1,556.9175,1
9161,1,09/21/23,09:14,practice,0,1,2,2,556.4894,1
9161,1,09/21/23,09:14,practice,0,1,3,3,626.3202,1
9161,1,09/21/23,09:14,practice,0,1,4,4,452.258,1
9161,1,09/21/23,09:14,practice,0,1,5,5,385.771,1
9161,1,09/21/23,09:14,practice,0,1,6,6,404.4886,1
9161,1,09/21/23,09:14,practice,0,1,7,7,427.4322,1
9161,1,09/21/23,09:14,practice,0,1,8,8,414.014,1
9161,1,09/21/23,09:14,random,1,1,1,1,371.4639,1
9161,1,09/21/23,09:14,random,1,1,2,2,430.8002,1
9161,1,09/21/23,09:14,random,1,1,3,3,420.3602,1
9161,1,09/21/23,09:14,random,1,1,4,4,383.7024,1
9161,1,09/21/23,09:14,random,1,1,5,5,365.1701,1
9161,1,09/21/23,09:14,random,1,1,6,6,412.1138,1
9161,1,09/21/23,09:14,random,1,1,7,7,412.3608,1
9161,1,09/21/23,09:14,random,1,1,8,8,519.8622,1
9161,1,09/21/23,09:14,random,1,1,9,9,428.7459,1
9161,1,09/21/23,09:14,random,1,1,10,10,371.703,1
9161,1,09/21/23,09:14,random,2,1,11,1,410.5126,1
9161,1,09/21/23,09:14,random,2,1,12,2,380.9364,1
9161,1,09/21/23,09:14,random,2,1,13,3,406.4316,1
9161,1,09/21/23,09:14,random,2,1,14,4,380.8898,1
9161,1,09/21/23,09:14,random,2,1,15,5,352.4168,1
9161,1,09/21/23,09:14,random,2,1,16,6,468.2759,1
9161,1,09/21/23,09:14,random,2,1,17,7,351.7401,1
9161,1,09/21/23,09:14,random,2,1,18,8,359.8462,1
9161,1,09/21/23,09:14,random,2,1,19,9,367.9799,1
9161,1,09/21/23,09:14,random,2,1,20,10,367.4275,1
9161,1,09/21/23,09:14,random,3,1,21,1,329.7942,1
9161,1,09/21/23,09:14,random,3,1,22,2,515.3888,1
9161,1,09/21/23,09:14,random,3,1,23,3,372.0812,1
9161,1,09/21/23,09:14,random,3,1,24,4,456.9468,1
9161,1,09/21/23,09:14,random,3,1,25,5,340.7327,1
9161,1,09/21/23,09:14,random,3,1,26,6,351.1864,1
9161,1,09/21/23,09:14,random,3,1,27,7,308.5348,1
9161,1,09/21/23,09:14,random,3,1,28,8,317.7121,1
9161,1,09/21/23,09:14,random,3,1,29,9,373.0735,1
9161,1,09/21/23,09:14,random,3,1,30,10,470.956,1
9161,1,09/21/23,09:14,random,4,1,31,1,356.2549,1
9161,1,09/21/23,09:14,random,4,1,32,2,337.9953,1
9161,1,09/21/23,09:14,random,4,1,33,3,344.2525,1
9161,1,09/21/23,09:14,random,4,1,34,4,415.4736,0
9161,1,09/21/23,09:14,random,4,1,35,5,406.3198,1
9161,1,09/21/23,09:14,random,4,1,36,6,430.8593,1
9161,1,09/21/23,09:14,random,4,1,37,7,408.9211,1
9161,1,09/21/23,09:14,random,4,1,38,8,502.7049,1
9161,1,09/21/23,09:14,random,4,1,39,9,472.8629,1
9161,1,09/21/23,09:14,random,4,1,40,10,482.0442,1
9161,1,09/21/23,09:14,random,5,1,41,1,405.636,1
9161,1,09/21/23,09:14,random,5,1,42,2,557.8552,1
9161,1,09/21/23,09:14,random,5,1,43,3,397.0199,1
9161,1,09/21/23,09:14,random,5,1,44,4,438.7835,1
9161,1,09/21/23,09:14,random,5,1,45,5,453.5959,1
9161,1,09/21/23,09:14,random,5,1,46,6,402.8903,1
9161,1,09/21/23,09:14,random,5,1,47,7,372.3265,1
9161,1,09/21/23,09:14,random,5,1,48,8,432.6795,1
9161,1,09/21/23,09:14,random,5,1,49,9,345.4417,1
9161,1,09/21/23,09:14,random,5,1,50,10,401.8338,1
9163,1,09/21/23,09:38,practice,0,1,1,1,12151.7127,1
9163,1,09/21/23,09:38,practice,0,1,2,2,585.6797,1
9163,1,09/21/23,09:38,practice,0,1,3,3,606.7403,1
9163,1,09/21/23,09:38,practice,0,1,4,4,525.3506,1
9163,1,09/21/23,09:38,practice,0,1,5,5,475.7766,1
9163,1,09/21/23,09:38,practice,0,1,6,6,404.2048,1
9163,1,09/21/23,09:38,practice,0,1,7,7,416.3055,1
9163,1,09/21/23,09:38,practice,0,1,8,8,483.2991,1
9163,1,09/21/23,09:38,random,1,1,1,1,478.9347,1
9163,1,09/21/23,09:38,random,1,1,2,2,391.3951,1
9163,1,09/21/23,09:38,random,1,1,3,3,379.1849,1
9163,1,09/21/23,09:38,random,1,1,4,4,383.1099,1
9163,1,09/21/23,09:38,random,1,1,5,5,441.7018,1
9163,1,09/21/23,09:38,random,1,1,6,6,386.9978,1
9163,1,09/21/23,09:38,random,1,1,7,7,419.2871,1
9163,1,09/21/23,09:38,random,1,1,8,8,423.8809,1
9163,1,09/21/23,09:38,random,1,1,9,9,275.8784,1
9163,1,09/21/23,09:38,random,1,1,10,10,328.1178,1
9163,1,09/21/23,09:38,random,2,1,11,1,312.9431,1
9163,1,09/21/23,09:38,random,2,1,12,2,597.9039,1
9163,1,09/21/23,09:38,random,2,1,13,3,312.3454,1
9163,1,09/21/23,09:38,random,2,1,14,4,351.7763,1
9163,1,09/21/23,09:38,random,2,1,15,5,338.0391,1
9163,1,09/21/23,09:38,random,2,1,16,6,304.3091,1
9163,1,09/21/23,09:38,random,2,1,17,7,329.1531,0
9163,1,09/21/23,09:38,random,2,1,18,8,7.9222,0
9163,1,09/21/23,09:38,random,2,1,19,9,366.2205,0
9163,1,09/21/23,09:38,random,2,1,20,10,415.0346,1
9163,1,09/21/23,09:38,random,3,1,21,1,470.7043,1
9163,1,09/21/23,09:38,random,3,1,22,2,479.0908,1
9163,1,09/21/23,09:38,random,3,1,23,3,338.7177,1
9163,1,09/21/23,09:38,random,3,1,24,4,338.008,1
9163,1,09/21/23,09:38,random,3,1,25,5,321.967,1
9163,1,09/21/23,09:38,random,3,1,26,6,445.3588,0
9163,1,09/21/23,09:38,random,3,1,27,7,718.2814,1
9163,1,09/21/23,09:38,random,3,1,28,8,402.8433,1
9163,1,09/21/23,09:38,random,3,1,29,9,403.9123,1
9163,1,09/21/23,09:38,random,3,1,30,10,400.6982,1
9163,1,09/21/23,09:38,random,4,1,31,1,310.5388,1
9163,1,09/21/23,09:38,random,4,1,32,2,363.9441,1
9163,1,09/21/23,09:38,random,4,1,33,3,475.3536,1
9163,1,09/21/23,09:38,random,4,1,34,4,430.3378,1
9163,1,09/21/23,09:38,random,4,1,35,5,391.1927,1
9163,1,09/21/23,09:38,random,4,1,36,6,528.9153,1
9163,1,09/21/23,09:38,random,4,1,37,7,376.0893,1
9163,1,09/21/23,09:38,random,4,1,38,8,433.9349,1
9163,1,09/21/23,09:38,random,4,1,39,9,609.8377,1
9163,1,09/21/23,09:38,random,4,1,40,10,375.8134,1
9163,1,09/21/23,09:38,random,5,1,41,1,366.0845,1
9163,1,09/21/23,09:38,random,5,1,42,2,516.5459,1
9163,1,09/21/23,09:38,random,5,1,43,3,356.3716,1
9163,1,09/21/23,09:38,random,5,1,44,4,371.2254,1
9163,1,09/21/23,09:38,random,5,1,45,5,407.0372,1
9163,1,09/21/23,09:38,random,5,1,46,6,444.3943,1
9163,1,09/21/23,09:38,random,5,1,47,7,481.7499,1
9163,1,09/21/23,09:38,random,5,1,48,8,450.0519,1
9163,1,09/21/23,09:38,random,5,1,49,9,432.1962,1
9163,1,09/21/23,09:38,random,5,1,50,10,467.5377,1
9164,1,09/21/23,12:09,practice,0,1,1,1,3645.3274,1
9164,1,09/21/23,12:09,practice,0,1,2,2,3057.5842,1
9164,1,09/21/23,12:09,practice,0,1,3,3,644.8047,1
9164,1,09/21/23,12:09,practice,0,1,4,4,570.2131,1
9164,1,09/21/23,12:09,practice,0,1,5,5,730.5456,1
9164,1,09/21/23,12:09,practice,0,1,6,6,916.9629,1
9164,1,09/21/23,12:09,practice,0,1,7,7,557.9294,1
9164,1,09/21/23,12:09,practice,0,1,8,8,833.9166,1
9164,1,09/21/23,12:09,random,1,1,1,1,579.9191,1
9164,1,09/21/23,12:09,random,1,1,2,2,427.5174,1
9164,1,09/21/23,12:09,random,1,1,3,3,574.8443,1
9164,1,09/21/23,12:09,random,1,1,4,4,362.3207,1
9164,1,09/21/23,12:09,random,1,1,5,5,390.3409,1
9164,1,09/21/23,12:09,random,1,1,6,6,449.0515,1
9164,1,09/21/23,12:09,random,1,1,7,7,432.8081,1
9164,1,09/21/23,12:09,random,1,1,8,8,397.4023,1
9164,1,09/21/23,12:09,random,1,1,9,9,472.2466,1
9164,1,09/21/23,12:09,random,1,1,10,10,523.2823,1
9164,1,09/21/23,12:09,random,2,1,11,1,454.8376,1
9164,1,09/21/23,12:09,random,2,1,12,2,415.0044,1
9164,1,09/21/23,12:09,random,2,1,13,3,637.2692,1
9164,1,09/21/23,12:09,random,2,1,14,4,453.989,1
9164,1,09/21/23,12:09,random,2,1,15,5,437.508,1
9164,1,09/21/23,12:09,random,2,1,16,6,556.6255,1
9164,1,09/21/23,12:09,random,2,1,17,7,515.8872,0
9164,1,09/21/23,12:09,random,2,1,18,8,517.8961,1
9164,1,09/21/23,12:09,random,2,1,19,9,487.4119,1
9164,1,09/21/23,12:09,random,2,1,20,10,517.5898,1
9164,1,09/21/23,12:09,random,3,1,21,1,396.8073,1
9164,1,09/21/23,12:09,random,3,1,22,2,417.0376,1
9164,1,09/21/23,12:09,random,3,1,23,3,425.1721,1
9164,1,09/21/23,12:09,random,3,1,24,4,499.6474,1
9164,1,09/21/23,12:09,random,3,1,25,5,393.2715,1
9164,1,09/21/23,12:09,random,3,1,26,6,394.3468,1
9164,1,09/21/23,12:09,random,3,1,27,7,450.4241,1
9164,1,09/21/23,12:09,random,3,1,28,8,396.8862,1
9164,1,09/21/23,12:09,random,3,1,29,9,509.9797,1
9164,1,09/21/23,12:09,random,3,1,30,10,604.9969,0
9164,1,09/21/23,12:09,random,4,1,31,1,592.7456,1
9164,1,09/21/23,12:09,random,4,1,32,2,598.6398,1
9164,1,09/21/23,12:09,random,4,1,33,3,570.5052,1
9164,1,09/21/23,12:09,random,4,1,34,4,562.577,1
9164,1,09/21/23,12:09,random,4,1,35,5,463.6316,1
9164,1,09/21/23,12:09,random,4,1,36,6,519.0538,1
9164,1,09/21/23,12:09,random,4,1,37,7,561.3401,1
9164,1,09/21/23,12:09,random,4,1,38,8,826.8745,1
9164,1,09/21/23,12:09,random,4,1,39,9,580.7412,1
9164,1,09/21/23,12:09,random,4,1,40,10,461.4848,1
9164,1,09/21/23,12:09,random,5,1,41,1,486.1434,1
9164,1,09/21/23,12:09,random,5,1,42,2,370.598,1
9164,1,09/21/23,12:09,random,5,1,43,3,475.8097,1
9164,1,09/21/23,12:09,random,5,1,44,4,420.5954,0
9164,1,09/21/23,12:09,random,5,1,45,5,399.2522,1
9164,1,09/21/23,12:09,random,5,1,46,6,501.0466,1
9164,1,09/21/23,12:09,random,5,1,47,7,616.5431,1
9164,1,09/21/23,12:09,random,5,1,48,8,555.8609,1
9164,1,09/21/23,12:09,random,5,1,49,9,506.1891,1
9164,1,09/21/23,12:09,random,5,1,50,10,428.6846,1
9165,1,09/21/23,11:52,practice,0,1,1,1,1364.1593,1
9165,1,09/21/23,11:52,practice,0,1,2,2,466.6382,1
9165,1,09/21/23,11:52,practice,0,1,3,3,380.8037,1
9165,1,09/21/23,11:52,practice,0,1,4,4,482.6196,1
9165,1,09/21/23,11:52,practice,0,1,5,5,401.2762,1
9165,1,09/21/23,11:52,practice,0,1,6,6,561.6752,1
9165,1,09/21/23,11:52,practice,0,1,7,7,473.9815,1
9165,1,09/21/23,11:52,practice,0,1,8,8,612.4834,1
9165,1,09/21/23,11:52,random,1,1,1,1,515.9364,1
9165,1,09/21/23,11:52,random,1,1,2,2,478.5004,1
9165,1,09/21/23,11:52,random,1,1,3,3,425.0186,1
9165,1,09/21/23,11:52,random,1,1,4,4,491.4172,1
9165,1,09/21/23,11:52,random,1,1,5,5,412.9618,1
9165,1,09/21/23,11:52,random,1,1,6,6,389.3557,1
9165,1,09/21/23,11:52,random,1,1,7,7,436.8153,1
9165,1,09/21/23,11:52,random,1,1,8,8,388.7615,1
9165,1,09/21/23,11:52,random,1,1,9,9,459.7561,1
9165,1,09/21/23,11:52,random,1,1,10,10,412.3688,1
9165,1,09/21/23,11:52,random,2,1,11,1,380.0691,1
9165,1,09/21/23,11:52,random,2,1,12,2,387.662,1
9165,1,09/21/23,11:52,random,2,1,13,3,437.9739,1
9165,1,09/21/23,11:52,random,2,1,14,4,433.749,1
9165,1,09/21/23,11:52,random,2,1,15,5,416.1463,1
9165,1,09/21/23,11:52,random,2,1,16,6,435.1493,1
9165,1,09/21/23,11:52,random,2,1,17,7,381.4297,1
9165,1,09/21/23,11:52,random,2,1,18,8,359.1655,1
9165,1,09/21/23,11:52,random,2,1,19,9,369.1759,1
9165,1,09/21/23,11:52,random,2,1,20,10,325.5741,1
9165,1,09/21/23,11:52,random,3,1,21,1,419.1199,1
9165,1,09/21/23,11:52,random,3,1,22,2,445.4564,1
9165,1,09/21/23,11:52,random,3,1,23,3,370.9119,1
9165,1,09/21/23,11:52,random,3,1,24,4,467.3102,1
9165,1,09/21/23,11:52,random,3,1,25,5,460.5996,1
9165,1,09/21/23,11:52,random,3,1,26,6,414.8447,1
9165,1,09/21/23,11:52,random,3,1,27,7,412.1397,1
9165,1,09/21/23,11:52,random,3,1,28,8,373.6034,1
9165,1,09/21/23,11:52,random,3,1,29,9,435.7678,1
9165,1,09/21/23,11:52,random,3,1,30,10,472.0516,1
9165,1,09/21/23,11:52,random,4,1,31,1,413.6352,1
9165,1,09/21/23,11:52,random,4,1,32,2,375.3952,1
9165,1,09/21/23,11:52,random,4,1,33,3,430.1126,1
9165,1,09/21/23,11:52,random,4,1,34,4,343.0381,1
9165,1,09/21/23,11:52,random,4,1,35,5,427.4956,1
9165,1,09/21/23,11:52,random,4,1,36,6,499.9728,1
9165,1,09/21/23,11:52,random,4,1,37,7,409.5631,1
9165,1,09/21/23,11:52,random,4,1,38,8,392.8462,1
9165,1,09/21/23,11:52,random,4,1,39,9,311.1492,1
9165,1,09/21/23,11:52,random,4,1,40,10,396.6389,1
9165,1,09/21/23,11:52,random,5,1,41,1,472.2753,1
9165,1,09/21/23,11:52,random,5,1,42,2,309.8291,1
9165,1,09/21/23,11:52,random,5,1,43,3,392.6758,1
9165,1,09/21/23,11:52,random,5,1,44,4,347.8708,1
9165,1,09/21/23,11:52,random,5,1,45,5,395.3189,1
9165,1,09/21/23,11:52,random,5,1,46,6,344.2259,1
9165,1,09/21/23,11:52,random,5,1,47,7,335.9345,1
9165,1,09/21/23,11:52,random,5,1,48,8,389.6127,1
9165,1,09/21/23,11:52,random,5,1,49,9,384.3747,1
9165,1,09/21/23,11:52,random,5,1,50,10,324.5736,1
9166,1,09/21/23,09:03,practice,0,1,1,1,668.8314,1
9166,1,09/21/23,09:03,practice,0,1,2,2,453.1942,1
9166,1,09/21/23,09:03,practice,0,1,3,3,404.8064,1
9166,1,09/21/23,09:03,practice,0,1,4,4,444.1258,1
9166,1,09/21/23,09:03,practice,0,1,5,5,924.8101,1
9166,1,09/21/23,09:03,practice,0,1,6,6,621.0801,1
9166,1,09/21/23,09:03,practice,0,1,7,7,542.2354,1
9166,1,09/21/23,09:03,practice,0,1,8,8,644.057,1
9166,1,09/21/23,09:03,random,1,1,1,1,519.8301,1
9166,1,09/21/23,09:03,random,1,1,2,2,603.6306,1
9166,1,09/21/23,09:03,random,1,1,3,3,391.7511,1
9166,1,09/21/23,09:03,random,1,1,4,4,604.1883,1
9166,1,09/21/23,09:03,random,1,1,5,5,755.5865,1
9166,1,09/21/23,09:03,random,1,1,6,6,556.7533,1
9166,1,09/21/23,09:03,random,1,1,7,7,647.7132,1
9166,1,09/21/23,09:03,random,1,1,8,8,578.9587,1
9166,1,09/21/23,09:03,random,1,1,9,9,530.3694,1
9166,1,09/21/23,09:03,random,1,1,10,10,479.2764,1
9166,1,09/21/23,09:03,random,2,1,11,1,718.7332,1
9166,1,09/21/23,09:03,random,2,1,12,2,378.6504,1
9166,1,09/21/23,09:03,random,2,1,13,3,542.6768,1
9166,1,09/21/23,09:03,random,2,1,14,4,604.4264,1
9166,1,09/21/23,09:03,random,2,1,15,5,488.2669,1
9166,1,09/21/23,09:03,random,2,1,16,6,867.3225,1
9166,1,09/21/23,09:03,random,2,1,17,7,781.3535,1
9166,1,09/21/23,09:03,random,2,1,18,8,633.7275,1
9166,1,09/21/23,09:03,random,2,1,19,9,538.5283,1
9166,1,09/21/23,09:03,random,2,1,20,10,689.8994,1
9166,1,09/21/23,09:03,random,3,1,21,1,306.2348,1
9166,1,09/21/23,09:03,random,3,1,22,2,448.6083,1
9166,1,09/21/23,09:03,random,3,1,23,3,602.6508,1
9166,1,09/21/23,09:03,random,3,1,24,4,528.1696,1
9166,1,09/21/23,09:03,random,3,1,25,5,687.5743,1
9166,1,09/21/23,09:03,random,3,1,26,6,621.3305,1
9166,1,09/21/23,09:03,random,3,1,27,7,1060.7304,1
9166,1,09/21/23,09:03,random,3,1,28,8,926.3143,1
9166,1,09/21/23,09:03,random,3,1,29,9,746.0069,1
9166,1,09/21/23,09:03,random,3,1,30,10,829.1426,1
9166,1,09/21/23,09:03,random,4,1,31,1,790.926,1
9166,1,09/21/23,09:03,random,4,1,32,2,637.8063,1
9166,1,09/21/23,09:03,random,4,1,33,3,841.6636,1
9166,1,09/21/23,09:03,random,4,1,34,4,759.0165,1
9166,1,09/21/23,09:03,random,4,1,35,5,1347.0056,1
9166,1,09/21/23,09:03,random,4,1,36,6,581.5973,1
9166,1,09/21/23,09:03,random,4,1,37,7,537.8503,1
9166,1,09/21/23,09:03,random,4,1,38,8,623.7766,1
9166,1,09/21/23,09:03,random,4,1,39,9,507.9642,1
9166,1,09/21/23,09:03,random,4,1,40,10,685.6987,1
9166,1,09/21/23,09:03,random,5,1,41,1,413.687,1
9166,1,09/21/23,09:03,random,5,1,42,2,370.6748,1
9166,1,09/21/23,09:03,random,5,1,43,3,389.7685,0
9166,1,09/21/23,09:03,random,5,1,44,4,656.7576,1
9166,1,09/21/23,09:03,random,5,1,45,5,533.2133,1
9166,1,09/21/23,09:03,random,5,1,46,6,636.117,1
9166,1,09/21/23,09:03,random,5,1,47,7,613.6493,1
9166,1,09/21/23,09:03,random,5,1,48,8,966.2615,1
9166,1,09/21/23,09:03,random,5,1,49,9,574.9785,1
9166,1,09/21/23,09:03,random,5,1,50,10,815.9298,1
9167,1,09/21/23,15:15,practice,0,1,1,1,1285.5716,1
9167,1,09/21/23,15:15,practice,0,1,2,2,615.3245,1
9167,1,09/21/23,15:15,practice,0,1,3,3,563.9176,1
9167,1,09/21/23,15:15,practice,0,1,4,4,374.1045,1
9167,1,09/21/23,15:15,practice,0,1,5,5,388.4089,1
9167,1,09/21/23,15:15,practice,0,1,6,6,406.6917,1
9167,1,09/21/23,15:15,practice,0,1,7,7,765.9769,1
9167,1,09/21/23,15:15,practice,0,1,8,8,429.7122,1
9167,1,09/21/23,15:15,random,1,1,1,1,600.6922,1
9167,1,09/21/23,15:15,random,1,1,2,2,542.4106,1
9167,1,09/21/23,15:15,random,1,1,3,3,454.0378,1
9167,1,09/21/23,15:15,random,1,1,4,4,404.5778,1
9167,1,09/21/23,15:15,random,1,1,5,5,450.5497,1
9167,1,09/21/23,15:15,random,1,1,6,6,417.3749,1
9167,1,09/21/23,15:15,random,1,1,7,7,336.7485,1
9167,1,09/21/23,15:15,random,1,1,8,8,375.3092,1
9167,1,09/21/23,15:15,random,1,1,9,9,385.0795,1
9167,1,09/21/23,15:15,random,1,1,10,10,3281.7341,1
9167,1,09/21/23,15:15,random,2,1,11,1,569.7854,1
9167,1,09/21/23,15:15,random,2,1,12,2,863.3588,1
9167,1,09/21/23,15:15,random,2,1,13,3,845.6973,1
9167,1,09/21/23,15:15,random,2,1,14,4,432.8054,1
9167,1,09/21/23,15:15,random,2,1,15,5,382.5169,1
9167,1,09/21/23,15:15,random,2,1,16,6,448.4957,1
9167,1,09/21/23,15:15,random,2,1,17,7,385.8759,1
9167,1,09/21/23,15:15,random,2,1,18,8,373.9154,1
9167,1,09/21/23,15:15,random,2,1,19,9,486.9877,1
9167,1,09/21/23,15:15,random,2,1,20,10,439.516,1
9167,1,09/21/23,15:15,random,3,1,21,1,410.884,1
9167,1,09/21/23,15:15,random,3,1,22,2,406.39,0
9167,1,09/21/23,15:15,random,3,1,23,3,461.8408,1
9167,1,09/21/23,15:15,random,3,1,24,4,417.7645,1
9167,1,09/21/23,15:15,random,3,1,25,5,465.9187,1
9167,1,09/21/23,15:15,random,3,1,26,6,351.2659,1
9167,1,09/21/23,15:15,random,3,1,27,7,371.6349,1
9167,1,09/21/23,15:15,random,3,1,28,8,391.9683,0
9167,1,09/21/23,15:15,random,3,1,29,9,408.056,1
9167,1,09/21/23,15:15,random,3,1,30,10,578.8596,1
9167,1,09/21/23,15:15,random,4,1,31,1,408.7557,1
9167,1,09/21/23,15:15,random,4,1,32,2,510.0038,1
9167,1,09/21/23,15:15,random,4,1,33,3,453.0709,1
9167,1,09/21/23,15:15,random,4,1,34,4,395.3358,1
9167,1,09/21/23,15:15,random,4,1,35,5,321.2759,1
9167,1,09/21/23,15:15,random,4,1,36,6,473.3005,1
9167,1,09/21/23,15:15,random,4,1,37,7,371.1442,1
9167,1,09/21/23,15:15,random,4,1,38,8,386.8334,1
9167,1,09/21/23,15:15,random,4,1,39,9,414.703,1
9167,1,09/21/23,15:15,random,4,1,40,10,368.7743,1
9167,1,09/21/23,15:15,random,5,1,41,1,330.8314,1
9167,1,09/21/23,15:15,random,5,1,42,2,346.0337,1
9167,1,09/21/23,15:15,random,5,1,43,3,440.1929,1
9167,1,09/21/23,15:15,random,5,1,44,4,404.5062,1
9167,1,09/21/23,15:15,random,5,1,45,5,332.1888,1
9167,1,09/21/23,15:15,random,5,1,46,6,412.9787,1
9167,1,09/21/23,15:15,random,5,1,47,7,400.5985,1
9167,1,09/21/23,15:15,random,5,1,48,8,327.0202,1
9167,1,09/21/23,15:15,random,5,1,49,9,346.478,1
9167,1,09/21/23,15:15,random,5,1,50,10,400.5757,1
9168,1,09/21/23,15:16,practice,0,1,1,1,713.6841,1
9168,1,09/21/23,15:16,practice,0,1,2,2,527.6094,1
9168,1,09/21/23,15:16,practice,0,1,3,3,534.0542,1
9168,1,09/21/23,15:16,practice,0,1,4,4,411.8105,1
9168,1,09/21/23,15:16,practice,0,1,5,5,402.7669,1
9168,1,09/21/23,15:16,practice,0,1,6,6,387.984,1
9168,1,09/21/23,15:16,practice,0,1,7,7,496.3644,1
9168,1,09/21/23,15:16,practice,0,1,8,8,462.3714,1
9168,1,09/21/23,15:16,random,1,1,1,1,461.7158,1
9168,1,09/21/23,15:16,random,1,1,2,2,449.7812,1
9168,1,09/21/23,15:16,random,1,1,3,3,471.265,1
9168,1,09/21/23,15:16,random,1,1,4,4,422.3089,1
9168,1,09/21/23,15:16,random,1,1,5,5,445.1555,1
9168,1,09/21/23,15:16,random,1,1,6,6,458.3177,1
9168,1,09/21/23,15:16,random,1,1,7,7,439.252,1
9168,1,09/21/23,15:16,random,1,1,8,8,536.9208,1
9168,1,09/21/23,15:16,random,1,1,9,9,526.0515,1
9168,1,09/21/23,15:16,random,1,1,10,10,432.6095,1
9168,1,09/21/23,15:16,random,2,1,11,1,413.9035,1
9168,1,09/21/23,15:16,random,2,1,12,2,384.6278,1
9168,1,09/21/23,15:16,random,2,1,13,3,413.4694,1
9168,1,09/21/23,15:16,random,2,1,14,4,446.372,1
9168,1,09/21/23,15:16,random,2,1,15,5,393.8145,1
9168,1,09/21/23,15:16,random,2,1,16,6,396.5083,1
9168,1,09/21/23,15:16,random,2,1,17,7,499.8549,1
9168,1,09/21/23,15:16,random,2,1,18,8,373.9051,1
9168,1,09/21/23,15:16,random,2,1,19,9,387.9985,1
9168,1,09/21/23,15:16,random,2,1,20,10,540.8833,1
9168,1,09/21/23,15:16,random,3,1,21,1,452.514,1
9168,1,09/21/23,15:16,random,3,1,22,2,365.3544,1
9168,1,09/21/23,15:16,random,3,1,23,3,360.4005,1
9168,1,09/21/23,15:16,random,3,1,24,4,458.086,1
9168,1,09/21/23,15:16,random,3,1,25,5,390.1036,1
9168,1,09/21/23,15:16,random,3,1,26,6,364.9227,1
9168,1,09/21/23,15:16,random,3,1,27,7,442.4608,1
9168,1,09/21/23,15:16,random,3,1,28,8,444.3421,1
9168,1,09/21/23,15:16,random,3,1,29,9,405.4442,1
9168,1,09/21/23,15:16,random,3,1,30,10,396.1493,1
9168,1,09/21/23,15:16,random,4,1,31,1,449.2252,1
9168,1,09/21/23,15:16,random,4,1,32,2,482.0709,1
9168,1,09/21/23,15:16,random,4,1,33,3,390.9504,1
9168,1,09/21/23,15:16,random,4,1,34,4,449.4107,1
9168,1,09/21/23,15:16,random,4,1,35,5,663.7036,1
9168,1,09/21/23,15:16,random,4,1,36,6,575.1697,1
9168,1,09/21/23,15:16,random,4,1,37,7,566.1339,1
9168,1,09/21/23,15:16,random,4,1,38,8,463.1482,1
9168,1,09/21/23,15:16,random,4,1,39,9,633.5773,1
9168,1,09/21/23,15:16,random,4,1,40,10,511.3933,1
9168,1,09/21/23,15:16,random,5,1,41,1,465.9069,1
9168,1,09/21/23,15:16,random,5,1,42,2,423.67,1
9168,1,09/21/23,15:16,random,5,1,43,3,405.1937,1
9168,1,09/21/23,15:16,random,5,1,44,4,475.7268,1
9168,1,09/21/23,15:16,random,5,1,45,5,558.1058,1
9168,1,09/21/23,15:16,random,5,1,46,6,486.8895,1
9168,1,09/21/23,15:16,random,5,1,47,7,549.9083,1
9168,1,09/21/23,15:16,random,5,1,48,8,529.7445,1
9168,1,09/21/23,15:16,random,5,1,49,9,382.097,1
9168,1,09/21/23,15:16,random,5,1,50,10,408.0376,1
9169,1,9/21/2023,15:16,practice,0,1,1,1,713.6841,1
9169,1,9/21/2023,15:16,practice,0,1,2,2,527.6094,1
9169,1,9/21/2023,15:16,practice,0,1,3,3,534.0542,1
9169,1,9/21/2023,15:16,practice,0,1,4,4,411.8105,1
9169,1,9/21/2023,15:16,practice,0,1,5,5,402.7669,1
9169,1,9/21/2023,15:16,practice,0,1,6,6,387.984,1
9169,1,9/21/2023,15:16,practice,0,1,7,7,496.3644,1
9169,1,9/21/2023,15:16,practice,0,1,8,8,462.3714,1
9169,1,9/21/2023,15:16,random,1,1,1,1,461.7158,1
9169,1,9/21/2023,15:16,random,1,1,2,2,449.7812,1
9169,1,9/21/2023,15:16,random,1,1,3,3,471.265,1
9169,1,9/21/2023,15:16,random,1,1,4,4,422.3089,1
9169,1,9/21/2023,15:16,random,1,1,5,5,445.1555,1
9169,1,9/21/2023,15:16,random,1,1,6,6,458.3177,1
9169,1,9/21/2023,15:16,random,1,1,7,7,439.252,1
9169,1,9/21/2023,15:16,random,1,1,8,8,536.9208,1
9169,1,9/21/2023,15:16,random,1,1,9,9,526.0515,1
9169,1,9/21/2023,15:16,random,1,1,10,10,432.6095,1
9169,1,9/21/2023,15:16,random,2,1,11,1,413.9035,1
9169,1,9/21/2023,15:16,random,2,1,12,2,384.6278,1
9169,1,9/21/2023,15:16,random,2,1,13,3,413.4694,1
9169,1,9/21/2023,15:16,random,2,1,14,4,446.372,1
9169,1,9/21/2023,15:16,random,2,1,15,5,393.8145,1
9169,1,9/21/2023,15:16,random,2,1,16,6,396.5083,1
9169,1,9/21/2023,15:16,random,2,1,17,7,499.8549,1
9169,1,9/21/2023,15:16,random,2,1,18,8,373.9051,1
9169,1,9/21/2023,15:16,random,2,1,19,9,387.9985,1
9169,1,9/21/2023,15:16,random,2,1,20,10,540.8833,1
9169,1,9/21/2023,15:16,random,3,1,21,1,452.514,1
9169,1,9/21/2023,15:16,random,3,1,22,2,365.3544,1
9169,1,9/21/2023,15:16,random,3,1,23,3,360.4005,1
9169,1,9/21/2023,15:16,random,3,1,24,4,458.086,1
9169,1,9/21/2023,15:16,random,3,1,25,5,390.1036,1
9169,1,9/21/2023,15:16,random,3,1,26,6,364.9227,1
9169,1,9/21/2023,15:16,random,3,1,27,7,442.4608,1
9169,1,9/21/2023,15:16,random,3,1,28,8,444.3421,1
9169,1,9/21/2023,15:16,random,3,1,29,9,405.4442,1
9169,1,9/21/2023,15:16,random,3,1,30,10,396.1493,1
9169,1,9/21/2023,15:16,random,4,1,31,1,449.2252,1
9169,1,9/21/2023,15:16,random,4,1,32,2,482.0709,1
9169,1,9/21/2023,15:16,random,4,1,33,3,390.9504,1
9169,1,9/21/2023,15:16,random,4,1,34,4,449.4107,1
9169,1,9/21/2023,15:16,random,4,1,35,5,663.7036,1
9169,1,9/21/2023,15:16,random,4,1,36,6,575.1697,1
9169,1,9/21/2023,15:16,random,4,1,37,7,566.1339,1
9169,1,9/21/2023,15:16,random,4,1,38,8,463.1482,1
9169,1,9/21/2023,15:16,random,4,1,39,9,633.5773,1
9169,1,9/21/2023,15:16,random,4,1,40,10,511.3933,1
9169,1,9/21/2023,15:16,random,5,1,41,1,465.9069,1
9169,1,9/21/2023,15:16,random,5,1,42,2,423.67,1
9169,1,9/21/2023,15:16,random,5,1,43,3,405.1937,1
9169,1,9/21/2023,15:16,random,5,1,44,4,475.7268,1
9169,1,9/21/2023,15:16,random,5,1,45,5,558.1058,1
9169,1,9/21/2023,15:16,random,5,1,46,6,486.8895,1
9169,1,9/21/2023,15:16,random,5,1,47,7,549.9083,1
9169,1,9/21/2023,15:16,random,5,1,48,8,529.7445,1
9169,1,9/21/2023,15:16,random,5,1,49,9,382.097,1
9169,1,9/21/2023,15:16,random,5,1,50,10,408.0376,1
9170,1,09/22/23,09:21,practice,0,1,1,1,5626.5144,1
9170,1,09/22/23,09:21,practice,0,1,2,2,641.9292,1
9170,1,09/22/23,09:21,practice,0,1,3,3,567.3861,1
9170,1,09/22/23,09:21,practice,0,1,4,4,434.7749,1
9170,1,09/22/23,09:21,practice,0,1,5,5,542.8038,1
9170,1,09/22/23,09:21,practice,0,1,6,6,500.3852,1
9170,1,09/22/23,09:21,practice,0,1,7,7,446.5878,1
9170,1,09/22/23,09:21,practice,0,1,8,8,402.9341,1
9170,1,09/22/23,09:21,random,1,1,1,1,635.5194,1
9170,1,09/22/23,09:21,random,1,1,2,2,437.1558,1
9170,1,09/22/23,09:21,random,1,1,3,3,405.1433,1
9170,1,09/22/23,09:21,random,1,1,4,4,387.2466,1
9170,1,09/22/23,09:21,random,1,1,5,5,480.3357,1
9170,1,09/22/23,09:21,random,1,1,6,6,349.1085,1
9170,1,09/22/23,09:21,random,1,1,7,7,367.9354,0
9170,1,09/22/23,09:21,random,1,1,8,8,350.4849,1
9170,1,09/22/23,09:21,random,1,1,9,9,392.3504,1
9170,1,09/22/23,09:21,random,1,1,10,10,495.688,1
9170,1,09/22/23,09:21,random,2,1,11,1,477.5994,1
9170,1,09/22/23,09:21,random,2,1,12,2,345.6656,1
9170,1,09/22/23,09:21,random,2,1,13,3,404.0016,1
9170,1,09/22/23,09:21,random,2,1,14,4,409.8344,1
9170,1,09/22/23,09:21,random,2,1,15,5,374.5184,1
9170,1,09/22/23,09:21,random,2,1,16,6,307.8352,1
9170,1,09/22/23,09:21,random,2,1,17,7,441.8763,1
9170,1,09/22/23,09:21,random,2,1,18,8,511.3408,1
9170,1,09/22/23,09:21,random,2,1,19,9,361.8586,1
9170,1,09/22/23,09:21,random,2,1,20,10,305.6965,1
9170,1,09/22/23,09:21,random,3,1,21,1,343.3447,1
9170,1,09/22/23,09:21,random,3,1,22,2,363.1996,1
9170,1,09/22/23,09:21,random,3,1,23,3,383.0615,1
9170,1,09/22/23,09:21,random,3,1,24,4,452.1311,1
9170,1,09/22/23,09:21,random,3,1,25,5,413.7858,1
9170,1,09/22/23,09:21,random,3,1,26,6,424.6558,1
9170,1,09/22/23,09:21,random,3,1,27,7,435.5911,1
9170,1,09/22/23,09:21,random,3,1,28,8,355.4362,1
9170,1,09/22/23,09:21,random,3,1,29,9,411.2629,1
9170,1,09/22/23,09:21,random,3,1,30,10,339.5872,1
9170,1,09/22/23,09:21,random,4,1,31,1,442.7804,1
9170,1,09/22/23,09:21,random,4,1,32,2,297.1474,1
9170,1,09/22/23,09:21,random,4,1,33,3,279.7421,1
9170,1,09/22/23,09:21,random,4,1,34,4,395.4329,1
9170,1,09/22/23,09:21,random,4,1,35,5,431.5166,1
9170,1,09/22/23,09:21,random,4,1,36,6,353.5632,1
9170,1,09/22/23,09:21,random,4,1,37,7,425.2827,1
9170,1,09/22/23,09:21,random,4,1,38,8,289.9135,1
9170,1,09/22/23,09:21,random,4,1,39,9,393.6377,1
9170,1,09/22/23,09:21,random,4,1,40,10,321.5221,1
9170,1,09/22/23,09:21,random,5,1,41,1,548.0326,1
9170,1,09/22/23,09:21,random,5,1,42,2,495.4231,1
9170,1,09/22/23,09:21,random,5,1,43,3,552.3117,1
9170,1,09/22/23,09:21,random,5,1,44,4,454.3169,1
9170,1,09/22/23,09:21,random,5,1,45,5,375.9784,1
9170,1,09/22/23,09:21,random,5,1,46,6,555.519,1
9170,1,09/22/23,09:21,random,5,1,47,7,312.3894,1
9170,1,09/22/23,09:21,random,5,1,48,8,398.3591,1
9170,1,09/22/23,09:21,random,5,1,49,9,377.1912,1
9170,1,09/22/23,09:21,random,5,1,50,10,357.6009,1
9171,1,09/22/23,09:26,practice,0,1,1,1,8309.9427,0
9171,1,09/22/23,09:26,practice,0,1,2,2,17270.299,0
9171,1,09/22/23,09:26,practice,0,1,3,3,0.226800000004,0
9171,1,09/22/23,09:26,practice,0,1,4,4,2328.5145,1
9171,1,09/22/23,09:26,practice,0,1,5,5,5246.1415,0
9171,1,09/22/23,09:26,practice,0,1,6,6,3902.4712,0
9171,1,09/22/23,09:26,practice,0,1,7,7,1037.7336,0
9171,1,09/22/23,09:26,practice,0,1,8,8,3133.8045,1
9171,1,09/22/23,09:26,random,1,1,1,1,522.5275,1
9171,1,09/22/23,09:26,random,1,1,2,2,2879.4236,0
9171,1,09/22/23,09:26,random,1,1,3,3,8861.5985,0
9171,1,09/22/23,09:26,random,1,1,4,4,5705.1445,0
9171,1,09/22/23,09:26,random,1,1,5,5,1424.9341,0
9171,1,09/22/23,09:26,random,1,1,6,6,2279.8541,1
9171,1,09/22/23,09:26,random,1,1,7,7,12726.1158,0
9171,1,09/22/23,09:26,random,1,1,8,8,428.6574,1
9171,1,09/22/23,09:26,random,1,1,9,9,1744.6568,0
9171,1,09/22/23,09:26,random,1,1,10,10,2183.19,1
9171,1,09/22/23,09:26,random,2,1,11,1,1598.4975,1
9171,1,09/22/23,09:26,random,2,1,12,2,6282.9836,0
9171,1,09/22/23,09:26,random,2,1,13,3,1659.7569,0
9171,1,09/22/23,09:26,random,2,1,14,4,1345.0999,0
9171,1,09/22/23,09:26,random,2,1,15,5,1040.6928,1
9171,1,09/22/23,09:26,random,2,1,16,6,2364.4037,0
9171,1,09/22/23,09:26,random,2,1,17,7,1259.8861,0
9171,1,09/22/23,09:26,random,2,1,18,8,636.9994,0
9171,1,09/22/23,09:26,random,2,1,19,9,873.1172,0
9171,1,09/22/23,09:26,random,2,1,20,10,1871.1932,0
9171,1,09/22/23,09:26,random,3,1,21,1,4660.1813,0
9171,1,09/22/23,09:26,random,3,1,22,2,536.4347,0
9171,1,09/22/23,09:26,random,3,1,23,3,10489.5617,0
9171,1,09/22/23,09:26,random,3,1,24,4,4078.082,0
9171,1,09/22/23,09:26,random,3,1,25,5,1752.8248,0
9171,1,09/22/23,09:26,random,3,1,26,6,2594.517,0
9171,1,09/22/23,09:26,random,3,1,27,7,1873.2825,0
9171,1,09/22/23,09:26,random,3,1,28,8,5862.2749,0
9171,1,09/22/23,09:26,random,3,1,29,9,1422.5349,0
9171,1,09/22/23,09:26,random,3,1,30,10,3398.8133,0
9171,1,09/22/23,09:26,random,4,1,31,1,945.7266,0
9171,1,09/22/23,09:26,random,4,1,32,2,734.4945,0
9171,1,09/22/23,09:26,random,4,1,33,3,1226.3275,1
9171,1,09/22/23,09:26,random,4,1,34,4,6243.7082,0
9171,1,09/22/23,09:26,random,4,1,35,5,946.5227,0
9171,1,09/22/23,09:26,random,4,1,36,6,936.5762,1
9171,1,09/22/23,09:26,random,4,1,37,7,1496.7971,0
9171,1,09/22/23,09:26,random,4,1,38,8,1239.7969,0
9171,1,09/22/23,09:26,random,4,1,39,9,1428.6755,1
9171,1,09/22/23,09:26,random,4,1,40,10,1951.9546,0
9171,1,09/22/23,09:26,random,5,1,41,1,975.5874,1
9171,1,09/22/23,09:26,random,5,1,42,2,849.1017,1
9171,1,09/22/23,09:26,random,5,1,43,3,1141.7169,0
9171,1,09/22/23,09:26,random,5,1,44,4,745.9983,0
9171,1,09/22/23,09:26,random,5,1,45,5,3321.2451,0
9171,1,09/22/23,09:26,random,5,1,46,6,2022.1876,0
9171,1,09/22/23,09:26,random,5,1,47,7,829.2008,1
9171,1,09/22/23,09:26,random,5,1,48,8,2094.6164,0
9171,1,09/22/23,09:26,random,5,1,49,9,2600.3413,0
9171,1,09/22/23,09:26,random,5,1,50,10,2192.6886,0
9172,1,09/22/23,12:50,practice,0,1,1,1,3102.845,1
9172,1,09/22/23,12:50,practice,0,1,2,2,621.1162,1
9172,1,09/22/23,12:50,practice,0,1,3,3,668.9006,1
9172,1,09/22/23,12:50,practice,0,1,4,4,503.1267,1
9172,1,09/22/23,12:50,practice,0,1,5,5,662.021,1
9172,1,09/22/23,12:50,practice,0,1,6,6,518.1766,1
9172,1,09/22/23,12:50,practice,0,1,7,7,516.8534,1
9172,1,09/22/23,12:50,practice,0,1,8,8,398.0295,1
9172,1,09/22/23,12:50,random,1,1,1,1,690.6426,1
9172,1,09/22/23,12:50,random,1,1,2,2,462.1433,1
9172,1,09/22/23,12:50,random,1,1,3,3,511.1779,1
9172,1,09/22/23,12:50,random,1,1,4,4,529.1596,1
9172,1,09/22/23,12:50,random,1,1,5,5,460.8152,1
9172,1,09/22/23,12:50,random,1,1,6,6,432.7659,1
9172,1,09/22/23,12:50,random,1,1,7,7,516.2813,1
9172,1,09/22/23,12:50,random,1,1,8,8,457.9781,1
9172,1,09/22/23,12:50,random,1,1,9,9,585.1849,1
9172,1,09/22/23,12:50,random,1,1,10,10,392.9537,1
9172,1,09/22/23,12:50,random,2,1,11,1,429.0076,1
9172,1,09/22/23,12:50,random,2,1,12,2,475.0958,1
9172,1,09/22/23,12:50,random,2,1,13,3,417.8573,1
9172,1,09/22/23,12:50,random,2,1,14,4,514.0936,1
9172,1,09/22/23,12:50,random,2,1,15,5,454.9213,1
9172,1,09/22/23,12:50,random,2,1,16,6,492.9516,1
9172,1,09/22/23,12:50,random,2,1,17,7,506.7567,1
9172,1,09/22/23,12:50,random,2,1,18,8,497.1822,1
9172,1,09/22/23,12:50,random,2,1,19,9,502.7818,1
9172,1,09/22/23,12:50,random,2,1,20,10,591.0449,1
9172,1,09/22/23,12:50,random,3,1,21,1,438.9968,1
9172,1,09/22/23,12:50,random,3,1,22,2,470.5064,1
9172,1,09/22/23,12:50,random,3,1,23,3,497.6102,1
9172,1,09/22/23,12:50,random,3,1,24,4,454.6618,1
9172,1,09/22/23,12:50,random,3,1,25,5,418.6397,1
9172,1,09/22/23,12:50,random,3,1,26,6,368.6138,1
9172,1,09/22/23,12:50,random,3,1,27,7,385.2554,1
9172,1,09/22/23,12:50,random,3,1,28,8,533.3559,1
9172,1,09/22/23,12:50,random,3,1,29,9,463.3487,1
9172,1,09/22/23,12:50,random,3,1,30,10,368.9805,1
9172,1,09/22/23,12:50,random,4,1,31,1,359.849,1
9172,1,09/22/23,12:50,random,4,1,32,2,440.507,1
9172,1,09/22/23,12:50,random,4,1,33,3,510.4249,1
9172,1,09/22/23,12:50,random,4,1,34,4,431.0112,1
9172,1,09/22/23,12:50,random,4,1,35,5,413.9123,1
9172,1,09/22/23,12:50,random,4,1,36,6,623.5415,1
9172,1,09/22/23,12:50,random,4,1,37,7,443.6486,1
9172,1,09/22/23,12:50,random,4,1,38,8,556.1072,1
9172,1,09/22/23,12:50,random,4,1,39,9,466.1492,1
9172,1,09/22/23,12:50,random,4,1,40,10,546.9911,1
9172,1,09/22/23,12:50,random,5,1,41,1,396.3193,1
9172,1,09/22/23,12:50,random,5,1,42,2,569.443,1
9172,1,09/22/23,12:50,random,5,1,43,3,648.6398,1
9172,1,09/22/23,12:50,random,5,1,44,4,726.7263,1
9172,1,09/22/23,12:50,random,5,1,45,5,623.8474,1
9172,1,09/22/23,12:50,random,5,1,46,6,984.0914,1
9172,1,09/22/23,12:50,random,5,1,47,7,1111.9371,1
9172,1,09/22/23,12:50,random,5,1,48,8,523.6122,1
9172,1,09/22/23,12:50,random,5,1,49,9,343.546,1
9172,1,09/22/23,12:50,random,5,1,50,10,424.2209,1
9173,1,09/22/23,12:19,practice,0,1,1,1,796.612,1
9173,1,09/22/23,12:19,practice,0,1,2,2,555.1519,1
9173,1,09/22/23,12:19,practice,0,1,3,3,417.29,1
9173,1,09/22/23,12:19,practice,0,1,4,4,596.2293,1
9173,1,09/22/23,12:19,practice,0,1,5,5,580.0721,1
9173,1,09/22/23,12:19,practice,0,1,6,6,554.4529,1
9173,1,09/22/23,12:19,practice,0,1,7,7,439.2042,1
9173,1,09/22/23,12:19,practice,0,1,8,8,555.431,1
9173,1,09/22/23,12:19,random,1,1,1,1,526.191,1
9173,1,09/22/23,12:19,random,1,1,2,2,482.6091,1
9173,1,09/22/23,12:19,random,1,1,3,3,467.8028,1
9173,1,09/22/23,12:19,random,1,1,4,4,500.8756,1
9173,1,09/22/23,12:19,random,1,1,5,5,458.3031,1
9173,1,09/22/23,12:19,random,1,1,6,6,476.767,1
9173,1,09/22/23,12:19,random,1,1,7,7,455.416,1
9173,1,09/22/23,12:19,random,1,1,8,8,398.5313,1
9173,1,09/22/23,12:19,random,1,1,9,9,460.011,1
9173,1,09/22/23,12:19,random,1,1,10,10,513.6425,1
9173,1,09/22/23,12:19,random,2,1,11,1,455.6068,1
9173,1,09/22/23,12:19,random,2,1,12,2,488.0169,1
9173,1,09/22/23,12:19,random,2,1,13,3,506.2841,1
9173,1,09/22/23,12:19,random,2,1,14,4,504.8424,1
9173,1,09/22/23,12:19,random,2,1,15,5,530.0963,1
9173,1,09/22/23,12:19,random,2,1,16,6,792.3802,1
9173,1,09/22/23,12:19,random,2,1,17,7,690.7319,1
9173,1,09/22/23,12:19,random,2,1,18,8,768.3311,1
9173,1,09/22/23,12:19,random,2,1,19,9,553.9351,1
9173,1,09/22/23,12:19,random,2,1,20,10,591.8053,1
9173,1,09/22/23,12:19,random,3,1,21,1,690.6639,1
9173,1,09/22/23,12:19,random,3,1,22,2,455.1132,1
9173,1,09/22/23,12:19,random,3,1,23,3,424.3817,1
9173,1,09/22/23,12:19,random,3,1,24,4,504.2444,1
9173,1,09/22/23,12:19,random,3,1,25,5,640.6255,1
9173,1,09/22/23,12:19,random,3,1,26,6,735.7167,1
9173,1,09/22/23,12:19,random,3,1,27,7,687.781,1
9173,1,09/22/23,12:19,random,3,1,28,8,941.3674,1
9173,1,09/22/23,12:19,random,3,1,29,9,782.7134,1
9173,1,09/22/23,12:19,random,3,1,30,10,1535.6416,1
9173,1,09/22/23,12:19,random,4,1,31,1,716.4039,1
9173,1,09/22/23,12:19,random,4,1,32,2,646.9448,1
9173,1,09/22/23,12:19,random,4,1,33,3,493.1081,1
9173,1,09/22/23,12:19,random,4,1,34,4,485.7574,1
9173,1,09/22/23,12:19,random,4,1,35,5,616.3694,1
9173,1,09/22/23,12:19,random,4,1,36,6,1405.9845,1
9173,1,09/22/23,12:19,random,4,1,37,7,493.6634,1
9173,1,09/22/23,12:19,random,4,1,38,8,672.6462,1
9173,1,09/22/23,12:19,random,4,1,39,9,1005.0738,1
9173,1,09/22/23,12:19,random,4,1,40,10,1059.1828,1
9173,1,09/22/23,12:19,random,5,1,41,1,798.8774,1
9173,1,09/22/23,12:19,random,5,1,42,2,698.0366,1
9173,1,09/22/23,12:19,random,5,1,43,3,5119.0688,1
9173,1,09/22/23,12:19,random,5,1,44,4,656.4035,1
9173,1,09/22/23,12:19,random,5,1,45,5,547.1477,1
9173,1,09/22/23,12:19,random,5,1,46,6,438.9018,0
9173,1,09/22/23,12:19,random,5,1,47,7,3.71350000001,0
9173,1,09/22/23,12:19,random,5,1,48,8,615.9847,1
9173,1,09/22/23,12:19,random,5,1,49,9,661.9813,1
9173,1,09/22/23,12:19,random,5,1,50,10,1628.3745,1
9174,1,09/22/23,15:14,practice,0,1,1,1,503.3686,1
9174,1,09/22/23,15:14,practice,0,1,2,2,473.7644,1
9174,1,09/22/23,15:14,practice,0,1,3,3,340.7115,1
9174,1,09/22/23,15:14,practice,0,1,4,4,338.8334,1
9174,1,09/22/23,15:14,practice,0,1,5,5,324.0998,1
9174,1,09/22/23,15:14,practice,0,1,6,6,406.4635,1
9174,1,09/22/23,15:14,practice,0,1,7,7,349.5617,1
9174,1,09/22/23,15:14,practice,0,1,8,8,327.9284,1
9174,1,09/22/23,15:14,random,1,1,1,1,429.9938,1
9174,1,09/22/23,15:14,random,1,1,2,2,312.4243,1
9174,1,09/22/23,15:14,random,1,1,3,3,420.7093,1
9174,1,09/22/23,15:14,random,1,1,4,4,410.6146,1
9174,1,09/22/23,15:14,random,1,1,5,5,349.1478,0
9174,1,09/22/23,15:14,random,1,1,6,6,335.1048,1
9174,1,09/22/23,15:14,random,1,1,7,7,424.4763,1
9174,1,09/22/23,15:14,random,1,1,8,8,421.4412,1
9174,1,09/22/23,15:14,random,1,1,9,9,378.1531,1
9174,1,09/22/23,15:14,random,1,1,10,10,374.5088,1
9174,1,09/22/23,15:14,random,2,1,11,1,367.1542,1
9174,1,09/22/23,15:14,random,2,1,12,2,326.2604,0
9174,1,09/22/23,15:14,random,2,1,13,3,413.0897,1
9174,1,09/22/23,15:14,random,2,1,14,4,479.657,1
9174,1,09/22/23,15:14,random,2,1,15,5,347.6431,1
9174,1,09/22/23,15:14,random,2,1,16,6,437.1835,1
9174,1,09/22/23,15:14,random,2,1,17,7,360.8766,1
9174,1,09/22/23,15:14,random,2,1,18,8,387.6977,0
9174,1,09/22/23,15:14,random,2,1,19,9,4.00229999999,0
9174,1,09/22/23,15:14,random,2,1,20,10,404.8953,1
9174,1,09/22/23,15:14,random,3,1,21,1,423.4275,1
9174,1,09/22/23,15:14,random,3,1,22,2,378.4045,1
9174,1,09/22/23,15:14,random,3,1,23,3,431.2425,1
9174,1,09/22/23,15:14,random,3,1,24,4,433.7711,1
9174,1,09/22/23,15:14,random,3,1,25,5,476.6783,1
9174,1,09/22/23,15:14,random,3,1,26,6,477.8448,1
9174,1,09/22/23,15:14,random,3,1,27,7,464.5874,1
9174,1,09/22/23,15:14,random,3,1,28,8,454.1361,1
9174,1,09/22/23,15:14,random,3,1,29,9,489.9971,1
9174,1,09/22/23,15:14,random,3,1,30,10,363.2402,1
9174,1,09/22/23,15:14,random,4,1,31,1,582.1061,1
9174,1,09/22/23,15:14,random,4,1,32,2,391.6948,1
9174,1,09/22/23,15:14,random,4,1,33,3,450.0943,1
9174,1,09/22/23,15:14,random,4,1,34,4,453.0648,1
9174,1,09/22/23,15:14,random,4,1,35,5,438.6178,1
9174,1,09/22/23,15:14,random,4,1,36,6,397.0118,1
9174,1,09/22/23,15:14,random,4,1,37,7,469.2906,1
9174,1,09/22/23,15:14,random,4,1,38,8,396.9337,1
9174,1,09/22/23,15:14,random,4,1,39,9,421.6193,1
9174,1,09/22/23,15:14,random,4,1,40,10,386.7154,1
9174,1,09/22/23,15:14,random,5,1,41,1,390.4627,1
9174,1,09/22/23,15:14,random,5,1,42,2,485.5901,1
9174,1,09/22/23,15:14,random,5,1,43,3,446.0035,1
9174,1,09/22/23,15:14,random,5,1,44,4,397.7067,1
9174,1,09/22/23,15:14,random,5,1,45,5,425.7891,1
9174,1,09/22/23,15:14,random,5,1,46,6,527.1513,1
9174,1,09/22/23,15:14,random,5,1,47,7,402.4718,1
9174,1,09/22/23,15:14,random,5,1,48,8,369.7259,0
9174,1,09/22/23,15:14,random,5,1,49,9,7.51420000001,0
9174,1,09/22/23,15:14,random,5,1,50,10,5.08009999999,0
9175,1,09/22/23,15:12,practice,0,1,1,1,500.9936,1
9175,1,09/22/23,15:12,practice,0,1,2,2,330.1896,1
9175,1,09/22/23,15:12,practice,0,1,3,3,414.415,1
9175,1,09/22/23,15:12,practice,0,1,4,4,477.147,1
9175,1,09/22/23,15:12,practice,0,1,5,5,387.3272,1
9175,1,09/22/23,15:12,practice,0,1,6,6,409.632,1
9175,1,09/22/23,15:12,practice,0,1,7,7,508.4886,1
9175,1,09/22/23,15:12,practice,0,1,8,8,390.3974,0
9175,1,09/22/23,15:12,random,1,1,1,1,476.3718,1
9175,1,09/22/23,15:12,random,1,1,2,2,421.4831,1
9175,1,09/22/23,15:12,random,1,1,3,3,533.913,1
9175,1,09/22/23,15:12,random,1,1,4,4,407.3883,1
9175,1,09/22/23,15:12,random,1,1,5,5,409.2934,1
9175,1,09/22/23,15:12,random,1,1,6,6,395.8148,1
9175,1,09/22/23,15:12,random,1,1,7,7,420.875,1
9175,1,09/22/23,15:12,random,1,1,8,8,449.7708,1
9175,1,09/22/23,15:12,random,1,1,9,9,499.326,1
9175,1,09/22/23,15:12,random,1,1,10,10,527.6417,1
9175,1,09/22/23,15:12,random,2,1,11,1,467.0423,1
9175,1,09/22/23,15:12,random,2,1,12,2,396.1553,1
9175,1,09/22/23,15:12,random,2,1,13,3,431.9536,1
9175,1,09/22/23,15:12,random,2,1,14,4,412.1209,1
9175,1,09/22/23,15:12,random,2,1,15,5,441.2073,1
9175,1,09/22/23,15:12,random,2,1,16,6,418.6831,0
9175,1,09/22/23,15:12,random,2,1,17,7,412.8026,1
9175,1,09/22/23,15:12,random,2,1,18,8,440.7478,1
9175,1,09/22/23,15:12,random,2,1,19,9,380.6335,1
9175,1,09/22/23,15:12,random,2,1,20,10,336.9909,1
9175,1,09/22/23,15:12,random,3,1,21,1,415.7768,1
9175,1,09/22/23,15:12,random,3,1,22,2,438.5801,1
9175,1,09/22/23,15:12,random,3,1,23,3,459.3393,1
9175,1,09/22/23,15:12,random,3,1,24,4,480.1931,1
9175,1,09/22/23,15:12,random,3,1,25,5,415.0366,1
9175,1,09/22/23,15:12,random,3,1,26,6,457.5956,1
9175,1,09/22/23,15:12,random,3,1,27,7,523.5674,1
9175,1,09/22/23,15:12,random,3,1,28,8,463.4887,1
9175,1,09/22/23,15:12,random,3,1,29,9,415.0417,1
9175,1,09/22/23,15:12,random,3,1,30,10,415.4717,1
9175,1,09/22/23,15:12,random,4,1,31,1,499.4988,1
9175,1,09/22/23,15:12,random,4,1,32,2,421.5277,1
9175,1,09/22/23,15:12,random,4,1,33,3,391.6755,1
9175,1,09/22/23,15:12,random,4,1,34,4,400.7526,1
9175,1,09/22/23,15:12,random,4,1,35,5,418.046,1
9175,1,09/22/23,15:12,random,4,1,36,6,408.0588,1
9175,1,09/22/23,15:12,random,4,1,37,7,356.1174,1
9175,1,09/22/23,15:12,random,4,1,38,8,392.0637,1
9175,1,09/22/23,15:12,random,4,1,39,9,353.9108,1
9175,1,09/22/23,15:12,random,4,1,40,10,400.5394,1
9175,1,09/22/23,15:12,random,5,1,41,1,564.0855,1
9175,1,09/22/23,15:12,random,5,1,42,2,421.5324,1
9175,1,09/22/23,15:12,random,5,1,43,3,453.1781,1
9175,1,09/22/23,15:12,random,5,1,44,4,446.0048,1
9175,1,09/22/23,15:12,random,5,1,45,5,407.7637,1
9175,1,09/22/23,15:12,random,5,1,46,6,380.9251,1
9175,1,09/22/23,15:12,random,5,1,47,7,426.5341,1
9175,1,09/22/23,15:12,random,5,1,48,8,457.1751,1
9175,1,09/22/23,15:12,random,5,1,49,9,446.8321,1
9175,1,09/22/23,15:12,random,5,1,50,10,417.0445,1
9176,1,09/22/23,15:20,practice,0,1,1,1,797.9682,1
9176,1,09/22/23,15:20,practice,0,1,2,2,517.212,1
9176,1,09/22/23,15:20,practice,0,1,3,3,451.9294,1
9176,1,09/22/23,15:20,practice,0,1,4,4,607.0082,1
9176,1,09/22/23,15:20,practice,0,1,5,5,926.6226,1
9176,1,09/22/23,15:20,practice,0,1,6,6,470.3548,1
9176,1,09/22/23,15:20,practice,0,1,7,7,845.513,0
9176,1,09/22/23,15:20,practice,0,1,8,8,604.7926,1
9176,1,09/22/23,15:20,random,1,1,1,1,488.6496,1
9176,1,09/22/23,15:20,random,1,1,2,2,502.3165,1
9176,1,09/22/23,15:20,random,1,1,3,3,656.1692,1
9176,1,09/22/23,15:20,random,1,1,4,4,369.5943,1
9176,1,09/22/23,15:20,random,1,1,5,5,646.4585,1
9176,1,09/22/23,15:20,random,1,1,6,6,569.511,1
9176,1,09/22/23,15:20,random,1,1,7,7,508.0216,1
9176,1,09/22/23,15:20,random,1,1,8,8,514.4403,1
9176,1,09/22/23,15:20,random,1,1,9,9,838.2597,1
9176,1,09/22/23,15:20,random,1,1,10,10,508.2549,1
9176,1,09/22/23,15:20,random,2,1,11,1,512.5446,1
9176,1,09/22/23,15:20,random,2,1,12,2,392.6645,1
9176,1,09/22/23,15:20,random,2,1,13,3,568.9415,1
9176,1,09/22/23,15:20,random,2,1,14,4,697.3558,1
9176,1,09/22/23,15:20,random,2,1,15,5,444.2972,1
9176,1,09/22/23,15:20,random,2,1,16,6,479.5334,1
9176,1,09/22/23,15:20,random,2,1,17,7,503.6335,0
9176,1,09/22/23,15:20,random,2,1,18,8,390.1009,1
9176,1,09/22/23,15:20,random,2,1,19,9,480.4183,1
9176,1,09/22/23,15:20,random,2,1,20,10,545.129,1
9176,1,09/22/23,15:20,random,3,1,21,1,632.2535,1
9176,1,09/22/23,15:20,random,3,1,22,2,446.4771,1
9176,1,09/22/23,15:20,random,3,1,23,3,374.9161,1
9176,1,09/22/23,15:20,random,3,1,24,4,401.5001,1
9176,1,09/22/23,15:20,random,3,1,25,5,625.1036,1
9176,1,09/22/23,15:20,random,3,1,26,6,603.1524,1
9176,1,09/22/23,15:20,random,3,1,27,7,461.6635,1
9176,1,09/22/23,15:20,random,3,1,28,8,556.8957,1
9176,1,09/22/23,15:20,random,3,1,29,9,536.5881,1
9176,1,09/22/23,15:20,random,3,1,30,10,469.4816,1
9176,1,09/22/23,15:20,random,4,1,31,1,541.8684,0
9176,1,09/22/23,15:20,random,4,1,32,2,3.44880000001,0
9176,1,09/22/23,15:20,random,4,1,33,3,453.9518,1
9176,1,09/22/23,15:20,random,4,1,34,4,583.8954,1
9176,1,09/22/23,15:20,random,4,1,35,5,500.4834,1
9176,1,09/22/23,15:20,random,4,1,36,6,543.2682,1
9176,1,09/22/23,15:20,random,4,1,37,7,530.953,1
9176,1,09/22/23,15:20,random,4,1,38,8,524.1323,1
9176,1,09/22/23,15:20,random,4,1,39,9,509.2091,1
9176,1,09/22/23,15:20,random,4,1,40,10,524.4708,1
9176,1,09/22/23,15:20,random,5,1,41,1,560.7235,1
9176,1,09/22/23,15:20,random,5,1,42,2,605.5422,1
9176,1,09/22/23,15:20,random,5,1,43,3,440.8441,1
9176,1,09/22/23,15:20,random,5,1,44,4,616.0633,1
9176,1,09/22/23,15:20,random,5,1,45,5,739.3702,1
9176,1,09/22/23,15:20,random,5,1,46,6,519.9806,1
9176,1,09/22/23,15:20,random,5,1,47,7,616.8187,0
9176,1,09/22/23,15:20,random,5,1,48,8,517.3402,1
9176,1,09/22/23,15:20,random,5,1,49,9,638.9052,1
9176,1,09/22/23,15:20,random,5,1,50,10,495.3055,1
9177,1,09/27/23,09:51,practice,0,1,1,1,554.3988,1
9177,1,09/27/23,09:51,practice,0,1,2,2,495.9467,1
9177,1,09/27/23,09:51,practice,0,1,3,3,431.4579,1
9177,1,09/27/23,09:51,practice,0,1,4,4,322.1106,1
9177,1,09/27/23,09:51,practice,0,1,5,5,380.9376,1
9177,1,09/27/23,09:51,practice,0,1,6,6,318.9884,1
9177,1,09/27/23,09:51,practice,0,1,7,7,329.4765,1
9177,1,09/27/23,09:51,practice,0,1,8,8,615.2903,1
9177,1,09/27/23,09:51,random,1,1,1,1,405.2343,1
9177,1,09/27/23,09:51,random,1,1,2,2,362.65,1
9177,1,09/27/23,09:51,random,1,1,3,3,354.1514,1
9177,1,09/27/23,09:51,random,1,1,4,4,338.5231,1
9177,1,09/27/23,09:51,random,1,1,5,5,336.2211,0
9177,1,09/27/23,09:51,random,1,1,6,6,351.5813,1
9177,1,09/27/23,09:51,random,1,1,7,7,335.7068,1
9177,1,09/27/23,09:51,random,1,1,8,8,487.0619,1
9177,1,09/27/23,09:51,random,1,1,9,9,416.0571,1
9177,1,09/27/23,09:51,random,1,1,10,10,352.2541,1
9177,1,09/27/23,09:51,random,2,1,11,1,416.1606,1
9177,1,09/27/23,09:51,random,2,1,12,2,419.67,1
9177,1,09/27/23,09:51,random,2,1,13,3,383.9378,1
9177,1,09/27/23,09:51,random,2,1,14,4,441.0222,1
9177,1,09/27/23,09:51,random,2,1,15,5,374.511,1
9177,1,09/27/23,09:51,random,2,1,16,6,314.7182,1
9177,1,09/27/23,09:51,random,2,1,17,7,491.7735,1
9177,1,09/27/23,09:51,random,2,1,18,8,365.5118,1
9177,1,09/27/23,09:51,random,2,1,19,9,432.0517,1
9177,1,09/27/23,09:51,random,2,1,20,10,411.0146,1
9177,1,09/27/23,09:51,random,3,1,21,1,442.182,1
9177,1,09/27/23,09:51,random,3,1,22,2,333.1903,1
9177,1,09/27/23,09:51,random,3,1,23,3,540.3952,1
9177,1,09/27/23,09:51,random,3,1,24,4,430.6404,1
9177,1,09/27/23,09:51,random,3,1,25,5,383.6875,1
9177,1,09/27/23,09:51,random,3,1,26,6,309.953,1
9177,1,09/27/23,09:51,random,3,1,27,7,464.0804,1
9177,1,09/27/23,09:51,random,3,1,28,8,404.0395,1
9177,1,09/27/23,09:51,random,3,1,29,9,410.8579,1
9177,1,09/27/23,09:51,random,3,1,30,10,490.3714,1
9177,1,09/27/23,09:51,random,4,1,31,1,449.7692,1
9177,1,09/27/23,09:51,random,4,1,32,2,420.6242,1
9177,1,09/27/23,09:51,random,4,1,33,3,484.25,1
9177,1,09/27/23,09:51,random,4,1,34,4,421.2304,1
9177,1,09/27/23,09:51,random,4,1,35,5,413.7632,1
9177,1,09/27/23,09:51,random,4,1,36,6,419.4997,1
9177,1,09/27/23,09:51,random,4,1,37,7,417.9228,1
9177,1,09/27/23,09:51,random,4,1,38,8,453.6368,1
9177,1,09/27/23,09:51,random,4,1,39,9,338.9889,1
9177,1,09/27/23,09:51,random,4,1,40,10,416.0445,1
9177,1,09/27/23,09:51,random,5,1,41,1,387.1132,1
9177,1,09/27/23,09:51,random,5,1,42,2,302.8775,1
9177,1,09/27/23,09:51,random,5,1,43,3,470.7274,1
9177,1,09/27/23,09:51,random,5,1,44,4,337.3672,1
9177,1,09/27/23,09:51,random,5,1,45,5,375.4752,1
9177,1,09/27/23,09:51,random,5,1,46,6,368.4109,1
9177,1,09/27/23,09:51,random,5,1,47,7,400.0675,1
9177,1,09/27/23,09:51,random,5,1,48,8,382.3542,1
9177,1,09/27/23,09:51,random,5,1,49,9,527.1406,1
9177,1,09/27/23,09:51,random,5,1,50,10,563.0453,1
9178,1,9/26/2023,15:16,practice,0,1,1,1,1230.6023,1
9178,1,9/26/2023,15:16,practice,0,1,2,2,669.4495,1
9178,1,9/26/2023,15:16,practice,0,1,3,3,533.2193,1
9178,1,9/26/2023,15:16,practice,0,1,4,4,471.1349,1
9178,1,9/26/2023,15:16,practice,0,1,5,5,540.922,1
9178,1,9/26/2023,15:16,practice,0,1,6,6,811.4441,1
9178,1,9/26/2023,15:16,practice,0,1,7,7,509.7101,1
9178,1,9/26/2023,15:16,practice,0,1,8,8,686.4275,1
9178,1,9/26/2023,15:16,random,1,1,1,1,680.8616,1
9178,1,9/26/2023,15:16,random,1,1,2,2,399.7533,1
9178,1,9/26/2023,15:16,random,1,1,3,3,510.634,1
9178,1,9/26/2023,15:16,random,1,1,4,4,511.9193,1
9178,1,9/26/2023,15:16,random,1,1,5,5,470.9633,1
9178,1,9/26/2023,15:16,random,1,1,6,6,369.0073,1
9178,1,9/26/2023,15:16,random,1,1,7,7,393.6662,1
9178,1,9/26/2023,15:16,random,1,1,8,8,382.8602,1
9178,1,9/26/2023,15:16,random,1,1,9,9,377.8691,1
9178,1,9/26/2023,15:16,random,1,1,10,10,439.299,1
9178,1,9/26/2023,15:16,random,2,1,11,1,488.0749,1
9178,1,9/26/2023,15:16,random,2,1,12,2,357.5939,1
9178,1,9/26/2023,15:16,random,2,1,13,3,563.0352,1
9178,1,9/26/2023,15:16,random,2,1,14,4,414.4558,1
9178,1,9/26/2023,15:16,random,2,1,15,5,501.9155,1
9178,1,9/26/2023,15:16,random,2,1,16,6,593.3084,1
9178,1,9/26/2023,15:16,random,2,1,17,7,470.9672,1
9178,1,9/26/2023,15:16,random,2,1,18,8,573.415,1
9178,1,9/26/2023,15:16,random,2,1,19,9,482.9823,1
9178,1,9/26/2023,15:16,random,2,1,20,10,623.3053,1
9178,1,9/26/2023,15:16,random,3,1,21,1,389.726,1
9178,1,9/26/2023,15:16,random,3,1,22,2,393.969,1
9178,1,9/26/2023,15:16,random,3,1,23,3,492.5324,1
9178,1,9/26/2023,15:16,random,3,1,24,4,750.0067,1
9178,1,9/26/2023,15:16,random,3,1,25,5,620.5202,1
9178,1,9/26/2023,15:16,random,3,1,26,6,621.9808,1
9178,1,9/26/2023,15:16,random,3,1,27,7,545.9656,1
9178,1,9/26/2023,15:16,random,3,1,28,8,400.0942,1
9178,1,9/26/2023,15:16,random,3,1,29,9,548.4022,1
9178,1,9/26/2023,15:16,random,3,1,30,10,424.0578,1
9178,1,9/26/2023,15:16,random,4,1,31,1,567.3395,1
9178,1,9/26/2023,15:16,random,4,1,32,2,487.8467,1
9178,1,9/26/2023,15:16,random,4,1,33,3,833.6436,1
9178,1,9/26/2023,15:16,random,4,1,34,4,1229.2638,1
9178,1,9/26/2023,15:16,random,4,1,35,5,742.1186,1
9178,1,9/26/2023,15:16,random,4,1,36,6,557.035,1
9178,1,9/26/2023,15:16,random,4,1,37,7,672.0374,1
9178,1,9/26/2023,15:16,random,4,1,38,8,680.7824,1
9178,1,9/26/2023,15:16,random,4,1,39,9,855.7735,1
9178,1,9/26/2023,15:16,random,4,1,40,10,664.8527,1
9178,1,9/26/2023,15:16,random,5,1,41,1,552.1727,1
9178,1,9/26/2023,15:16,random,5,1,42,2,641.3062,1
9178,1,9/26/2023,15:16,random,5,1,43,3,681.4758,1
9178,1,9/26/2023,15:16,random,5,1,44,4,879.7133,1
9178,1,9/26/2023,15:16,random,5,1,45,5,1038.0544,1
9178,1,9/26/2023,15:16,random,5,1,46,6,600.5149,1
9178,1,9/26/2023,15:16,random,5,1,47,7,410.2728,1
9178,1,9/26/2023,15:16,random,5,1,48,8,570.0986,1
9178,1,9/26/2023,15:16,random,5,1,49,9,569.5775,1
9178,1,9/26/2023,15:16,random,5,1,50,10,483.131,1
9179,1,10/16/23,09:38,practice,0,1,1,1,2741.4497,1
9179,1,10/16/23,09:38,practice,0,1,2,2,638.0056,1
9179,1,10/16/23,09:38,practice,0,1,3,3,701.2542,1
9179,1,10/16/23,09:38,practice,0,1,4,4,499.4785,1
9179,1,10/16/23,09:38,practice,0,1,5,5,447.0753,1
9179,1,10/16/23,09:38,practice,0,1,6,6,500.9345,1
9179,1,10/16/23,09:38,practice,0,1,7,7,549.2524,1
9179,1,10/16/23,09:38,practice,0,1,8,8,349.4478,1
9179,1,10/16/23,09:38,random,1,1,1,1,1542.2068,1
9179,1,10/16/23,09:38,random,1,1,2,2,497.4797,1
9179,1,10/16/23,09:38,random,1,1,3,3,565.7708,1
9179,1,10/16/23,09:38,random,1,1,4,4,409.0053,1
9179,1,10/16/23,09:38,random,1,1,5,5,394.2651,1
9179,1,10/16/23,09:38,random,1,1,6,6,722.1951,1
9179,1,10/16/23,09:38,random,1,1,7,7,444.4106,1
9179,1,10/16/23,09:38,random,1,1,8,8,516.937,1
9179,1,10/16/23,09:38,random,1,1,9,9,482.0889,1
9179,1,10/16/23,09:38,random,1,1,10,10,566.6061,1
9179,1,10/16/23,09:38,random,2,1,11,1,588.5387,1
9179,1,10/16/23,09:38,random,2,1,12,2,576.9103,1
9179,1,10/16/23,09:38,random,2,1,13,3,444.307,1
9179,1,10/16/23,09:38,random,2,1,14,4,442.2625,1
9179,1,10/16/23,09:38,random,2,1,15,5,452.9467,1
9179,1,10/16/23,09:38,random,2,1,16,6,542.7009,1
9179,1,10/16/23,09:38,random,2,1,17,7,535.5668,1
9179,1,10/16/23,09:38,random,2,1,18,8,500.3349,1
9179,1,10/16/23,09:38,random,2,1,19,9,422.0747,1
9179,1,10/16/23,09:38,random,2,1,20,10,417.09,1
9179,1,10/16/23,09:38,random,3,1,21,1,629.397,1
9179,1,10/16/23,09:38,random,3,1,22,2,507.1699,1
9179,1,10/16/23,09:38,random,3,1,23,3,527.725,1
9179,1,10/16/23,09:38,random,3,1,24,4,498.2493,1
9179,1,10/16/23,09:38,random,3,1,25,5,568.4796,1
9179,1,10/16/23,09:38,random,3,1,26,6,750.4476,1
9179,1,10/16/23,09:38,random,3,1,27,7,610.3638,1
9179,1,10/16/23,09:38,random,3,1,28,8,405.1684,1
9179,1,10/16/23,09:38,random,3,1,29,9,672.1138,1
9179,1,10/16/23,09:38,random,3,1,30,10,595.3548,1
9179,1,10/16/23,09:38,random,4,1,31,1,556.2151,1
9179,1,10/16/23,09:38,random,4,1,32,2,602.1266,1
9179,1,10/16/23,09:38,random,4,1,33,3,590.6145,1
9179,1,10/16/23,09:38,random,4,1,34,4,372.5705,1
9179,1,10/16/23,09:38,random,4,1,35,5,492.5073,1
9179,1,10/16/23,09:38,random,4,1,36,6,410.2244,1
9179,1,10/16/23,09:38,random,4,1,37,7,380.7924,1
9179,1,10/16/23,09:38,random,4,1,38,8,552.4483,1
9179,1,10/16/23,09:38,random,4,1,39,9,551.4583,1
9179,1,10/16/23,09:38,random,4,1,40,10,394.8801,1
9179,1,10/16/23,09:38,random,5,1,41,1,387.4294,0
9179,1,10/16/23,09:38,random,5,1,42,2,15.7655,0
9179,1,10/16/23,09:38,random,5,1,43,3,11.4962,0
9179,1,10/16/23,09:38,random,5,1,44,4,643.4471,1
9179,1,10/16/23,09:38,random,5,1,45,5,594.1576,1
9179,1,10/16/23,09:38,random,5,1,46,6,470.1509,1
9179,1,10/16/23,09:38,random,5,1,47,7,426.2796,0
9179,1,10/16/23,09:38,random,5,1,48,8,4.06190000003,0
9179,1,10/16/23,09:38,random,5,1,49,9,646.0972,1
9179,1,10/16/23,09:38,random,5,1,50,10,487.1948,1
9180,1,10/16/23,09:22,practice,0,1,1,1,615.8523,1
9180,1,10/16/23,09:22,practice,0,1,2,2,507.2099,1
9180,1,10/16/23,09:22,practice,0,1,3,3,472.0402,1
9180,1,10/16/23,09:22,practice,0,1,4,4,517.1349,1
9180,1,10/16/23,09:22,practice,0,1,5,5,451.1054,1
9180,1,10/16/23,09:22,practice,0,1,6,6,387.6274,1
9180,1,10/16/23,09:22,practice,0,1,7,7,414.1412,1
9180,1,10/16/23,09:22,practice,0,1,8,8,449.1534,1
9180,1,10/16/23,09:22,random,1,1,1,1,451.9772,1
9180,1,10/16/23,09:22,random,1,1,2,2,570.9944,1
9180,1,10/16/23,09:22,random,1,1,3,3,327.0917,1
9180,1,10/16/23,09:22,random,1,1,4,4,358.7766,1
9180,1,10/16/23,09:22,random,1,1,5,5,421.5754,1
9180,1,10/16/23,09:22,random,1,1,6,6,385.0053,1
9180,1,10/16/23,09:22,random,1,1,7,7,451.9698,1
9180,1,10/16/23,09:22,random,1,1,8,8,553.8455,1
9180,1,10/16/23,09:22,random,1,1,9,9,406.9792,1
9180,1,10/16/23,09:22,random,1,1,10,10,425.0975,1
9180,1,10/16/23,09:22,random,2,1,11,1,412.4946,1
9180,1,10/16/23,09:22,random,2,1,12,2,528.5811,1
9180,1,10/16/23,09:22,random,2,1,13,3,337.3396,1
9180,1,10/16/23,09:22,random,2,1,14,4,451.8451,1
9180,1,10/16/23,09:22,random,2,1,15,5,360.286,1
9180,1,10/16/23,09:22,random,2,1,16,6,438.45,1
9180,1,10/16/23,09:22,random,2,1,17,7,365.4643,1
9180,1,10/16/23,09:22,random,2,1,18,8,401.5677,1
9180,1,10/16/23,09:22,random,2,1,19,9,389.131,1
9180,1,10/16/23,09:22,random,2,1,20,10,433.0846,1
9180,1,10/16/23,09:22,random,3,1,21,1,615.9306,1
9180,1,10/16/23,09:22,random,3,1,22,2,451.8964,1
9180,1,10/16/23,09:22,random,3,1,23,3,461.3673,1
9180,1,10/16/23,09:22,random,3,1,24,4,482.9834,1
9180,1,10/16/23,09:22,random,3,1,25,5,385.0708,1
9180,1,10/16/23,09:22,random,3,1,26,6,437.7356,1
9180,1,10/16/23,09:22,random,3,1,27,7,485.8488,1
9180,1,10/16/23,09:22,random,3,1,28,8,468.7726,1
9180,1,10/16/23,09:22,random,3,1,29,9,597.3448,1
9180,1,10/16/23,09:22,random,3,1,30,10,365.3417,1
9180,1,10/16/23,09:22,random,4,1,31,1,400.5933,1
9180,1,10/16/23,09:22,random,4,1,32,2,473.2774,1
9180,1,10/16/23,09:22,random,4,1,33,3,457.6265,1
9180,1,10/16/23,09:22,random,4,1,34,4,519.6001,1
9180,1,10/16/23,09:22,random,4,1,35,5,416.3972,1
9180,1,10/16/23,09:22,random,4,1,36,6,490.9996,1
9180,1,10/16/23,09:22,random,4,1,37,7,457.1657,1
9180,1,10/16/23,09:22,random,4,1,38,8,441.5533,1
9180,1,10/16/23,09:22,random,4,1,39,9,427.7611,1
9180,1,10/16/23,09:22,random,4,1,40,10,486.4689,1
9180,1,10/16/23,09:22,random,5,1,41,1,393.3711,1
9180,1,10/16/23,09:22,random,5,1,42,2,383.1722,1
9180,1,10/16/23,09:22,random,5,1,43,3,380.7643,1
9180,1,10/16/23,09:22,random,5,1,44,4,396.9884,1
9180,1,10/16/23,09:22,random,5,1,45,5,430.2756,1
9180,1,10/16/23,09:22,random,5,1,46,6,347.0763,1
9180,1,10/16/23,09:22,random,5,1,47,7,358.9424,1
9180,1,10/16/23,09:22,random,5,1,48,8,343.779,1
9180,1,10/16/23,09:22,random,5,1,49,9,436.932,1
9180,1,10/16/23,09:22,random,5,1,50,10,423.0384,1
9181,1,10/16/23,12:20,practice,0,1,1,1,1075.2117,1
9181,1,10/16/23,12:20,practice,0,1,2,2,659.93,1
9181,1,10/16/23,12:20,practice,0,1,3,3,630.6087,1
9181,1,10/16/23,12:20,practice,0,1,4,4,596.3877,1
9181,1,10/16/23,12:20,practice,0,1,5,5,651.5404,1
9181,1,10/16/23,12:20,practice,0,1,6,6,411.7689,1
9181,1,10/16/23,12:20,practice,0,1,7,7,353.6665,1
9181,1,10/16/23,12:20,practice,0,1,8,8,315.7799,0
9181,1,10/16/23,12:20,random,1,1,1,1,523.242,0
9181,1,10/16/23,12:20,random,1,1,2,2,534.6179,1
9181,1,10/16/23,12:20,random,1,1,3,3,511.4351,1
9181,1,10/16/23,12:20,random,1,1,4,4,447.3555,1
9181,1,10/16/23,12:20,random,1,1,5,5,605.6219,1
9181,1,10/16/23,12:20,random,1,1,6,6,419.1183,1
9181,1,10/16/23,12:20,random,1,1,7,7,355.341,1
9181,1,10/16/23,12:20,random,1,1,8,8,372.2818,0
9181,1,10/16/23,12:20,random,1,1,9,9,369.1852,1
9181,1,10/16/23,12:20,random,1,1,10,10,329.8187,1
9181,1,10/16/23,12:20,random,2,1,11,1,429.2754,1
9181,1,10/16/23,12:20,random,2,1,12,2,337.6077,1
9181,1,10/16/23,12:20,random,2,1,13,3,650.8165,0
9181,1,10/16/23,12:20,random,2,1,14,4,573.0525,1
9181,1,10/16/23,12:20,random,2,1,15,5,403.7938,1
9181,1,10/16/23,12:20,random,2,1,16,6,390.1053,1
9181,1,10/16/23,12:20,random,2,1,17,7,334.8721,0
9181,1,10/16/23,12:20,random,2,1,18,8,640.9525,1
9181,1,10/16/23,12:20,random,2,1,19,9,416.8937,1
9181,1,10/16/23,12:20,random,2,1,20,10,414.4687,1
9181,1,10/16/23,12:20,random,3,1,21,1,564.3779,1
9181,1,10/16/23,12:20,random,3,1,22,2,459.0269,0
9181,1,10/16/23,12:20,random,3,1,23,3,547.3513,1
9181,1,10/16/23,12:20,random,3,1,24,4,693.8294,1
9181,1,10/16/23,12:20,random,3,1,25,5,424.5095,1
9181,1,10/16/23,12:20,random,3,1,26,6,516.4207,1
9181,1,10/16/23,12:20,random,3,1,27,7,449.5142,1
9181,1,10/16/23,12:20,random,3,1,28,8,505.3916,1
9181,1,10/16/23,12:20,random,3,1,29,9,492.0911,1
9181,1,10/16/23,12:20,random,3,1,30,10,374.1405,0
9181,1,10/16/23,12:20,random,4,1,31,1,508.1388,1
9181,1,10/16/23,12:20,random,4,1,32,2,496.8144,1
9181,1,10/16/23,12:20,random,4,1,33,3,478.6364,1
9181,1,10/16/23,12:20,random,4,1,34,4,451.306,1
9181,1,10/16/23,12:20,random,4,1,35,5,685.0655,1
9181,1,10/16/23,12:20,random,4,1,36,6,554.3758,1
9181,1,10/16/23,12:20,random,4,1,37,7,461.9833,1
9181,1,10/16/23,12:20,random,4,1,38,8,470.3378,1
9181,1,10/16/23,12:20,random,4,1,39,9,489.0467,1
9181,1,10/16/23,12:20,random,4,1,40,10,324.1448,1
9181,1,10/16/23,12:20,random,5,1,41,1,482.0522,1
9181,1,10/16/23,12:20,random,5,1,42,2,471.6983,0
9181,1,10/16/23,12:20,random,5,1,43,3,281.4871,0
9181,1,10/16/23,12:20,random,5,1,44,4,525.3356,1
9181,1,10/16/23,12:20,random,5,1,45,5,352.1485,1
9181,1,10/16/23,12:20,random,5,1,46,6,495.1394,0
9181,1,10/16/23,12:20,random,5,1,47,7,313.2208,1
9181,1,10/16/23,12:20,random,5,1,48,8,613.1467,1
9181,1,10/16/23,12:20,random,5,1,49,9,410.1062,0
9181,1,10/16/23,12:20,random,5,1,50,10,3.92689999999,0
9182,1,10/16/23,12:02,practice,0,1,1,1,2066.2805,1
9182,1,10/16/23,12:02,practice,0,1,2,2,1056.2094,1
9182,1,10/16/23,12:02,practice,0,1,3,3,529.5893,1
9182,1,10/16/23,12:02,practice,0,1,4,4,731.1659,1
9182,1,10/16/23,12:02,practice,0,1,5,5,530.7426,1
9182,1,10/16/23,12:02,practice,0,1,6,6,351.7117,1
9182,1,10/16/23,12:02,practice,0,1,7,7,396.1561,1
9182,1,10/16/23,12:02,practice,0,1,8,8,573.7265,0
9182,1,10/16/23,12:02,random,1,1,1,1,467.2987,1
9182,1,10/16/23,12:02,random,1,1,2,2,600.8734,1
9182,1,10/16/23,12:02,random,1,1,3,3,500.2864,1
9182,1,10/16/23,12:02,random,1,1,4,4,385.2793,1
9182,1,10/16/23,12:02,random,1,1,5,5,475.9495,1
9182,1,10/16/23,12:02,random,1,1,6,6,613.1362,1
9182,1,10/16/23,12:02,random,1,1,7,7,339.6909,1
9182,1,10/16/23,12:02,random,1,1,8,8,442.0662,1
9182,1,10/16/23,12:02,random,1,1,9,9,727.2979,1
9182,1,10/16/23,12:02,random,1,1,10,10,390.292,1
9182,1,10/16/23,12:02,random,2,1,11,1,762.9928,1
9182,1,10/16/23,12:02,random,2,1,12,2,367.4605,1
9182,1,10/16/23,12:02,random,2,1,13,3,482.9818,1
9182,1,10/16/23,12:02,random,2,1,14,4,445.8869,1
9182,1,10/16/23,12:02,random,2,1,15,5,484.3876,1
9182,1,10/16/23,12:02,random,2,1,16,6,516.2474,1
9182,1,10/16/23,12:02,random,2,1,17,7,507.4061,1
9182,1,10/16/23,12:02,random,2,1,18,8,490.1404,1
9182,1,10/16/23,12:02,random,2,1,19,9,478.4624,1
9182,1,10/16/23,12:02,random,2,1,20,10,475.3721,1
9182,1,10/16/23,12:02,random,3,1,21,1,361.6002,1
9182,1,10/16/23,12:02,random,3,1,22,2,463.8055,1
9182,1,10/16/23,12:02,random,3,1,23,3,505.3774,1
9182,1,10/16/23,12:02,random,3,1,24,4,438.4772,1
9182,1,10/16/23,12:02,random,3,1,25,5,485.3611,1
9182,1,10/16/23,12:02,random,3,1,26,6,356.5864,0
9182,1,10/16/23,12:02,random,3,1,27,7,422.1469,1
9182,1,10/16/23,12:02,random,3,1,28,8,338.3037,1
9182,1,10/16/23,12:02,random,3,1,29,9,414.2338,1
9182,1,10/16/23,12:02,random,3,1,30,10,629.4535,1
9182,1,10/16/23,12:02,random,4,1,31,1,433.5419,1
9182,1,10/16/23,12:02,random,4,1,32,2,558.3303,1
9182,1,10/16/23,12:02,random,4,1,33,3,374.1414,1
9182,1,10/16/23,12:02,random,4,1,34,4,607.6853,1
9182,1,10/16/23,12:02,random,4,1,35,5,496.927,1
9182,1,10/16/23,12:02,random,4,1,36,6,277.5884,1
9182,1,10/16/23,12:02,random,4,1,37,7,587.6505,1
9182,1,10/16/23,12:02,random,4,1,38,8,472.6357,1
9182,1,10/16/23,12:02,random,4,1,39,9,365.9684,1
9182,1,10/16/23,12:02,random,4,1,40,10,466.6474,1
9182,1,10/16/23,12:02,random,5,1,41,1,416.3775,1
9182,1,10/16/23,12:02,random,5,1,42,2,488.7799,1
9182,1,10/16/23,12:02,random,5,1,43,3,543.9561,1
9182,1,10/16/23,12:02,random,5,1,44,4,456.3981,1
9182,1,10/16/23,12:02,random,5,1,45,5,393.197,1
9182,1,10/16/23,12:02,random,5,1,46,6,752.6761,1
9182,1,10/16/23,12:02,random,5,1,47,7,542.4554,1
9182,1,10/16/23,12:02,random,5,1,48,8,461.4472,1
9182,1,10/16/23,12:02,random,5,1,49,9,557.2385,1
9182,1,10/16/23,12:02,random,5,1,50,10,420.4285,1
9183,1,10/16/23,12:13,practice,0,1,1,1,739.6064,1
9183,1,10/16/23,12:13,practice,0,1,2,2,838.0429,1
9183,1,10/16/23,12:13,practice,0,1,3,3,812.101,1
9183,1,10/16/23,12:13,practice,0,1,4,4,437.4258,1
9183,1,10/16/23,12:13,practice,0,1,5,5,909.6696,1
9183,1,10/16/23,12:13,practice,0,1,6,6,342.1882,1
9183,1,10/16/23,12:13,practice,0,1,7,7,398.5239,1
9183,1,10/16/23,12:13,practice,0,1,8,8,325.2971,1
9183,1,10/16/23,12:13,random,1,1,1,1,522.329,1
9183,1,10/16/23,12:13,random,1,1,2,2,441.8968,1
9183,1,10/16/23,12:13,random,1,1,3,3,466.866,1
9183,1,10/16/23,12:13,random,1,1,4,4,324.2428,1
9183,1,10/16/23,12:13,random,1,1,5,5,432.6254,1
9183,1,10/16/23,12:13,random,1,1,6,6,468.3598,1
9183,1,10/16/23,12:13,random,1,1,7,7,406.4178,1
9183,1,10/16/23,12:13,random,1,1,8,8,426.1869,1
9183,1,10/16/23,12:13,random,1,1,9,9,404.0321,1
9183,1,10/16/23,12:13,random,1,1,10,10,456.5128,1
9183,1,10/16/23,12:13,random,2,1,11,1,401.2999,1
9183,1,10/16/23,12:13,random,2,1,12,2,386.2951,1
9183,1,10/16/23,12:13,random,2,1,13,3,350.8242,1
9183,1,10/16/23,12:13,random,2,1,14,4,366.1334,0
9183,1,10/16/23,12:13,random,2,1,15,5,458.9894,1
9183,1,10/16/23,12:13,random,2,1,16,6,417.6558,1
9183,1,10/16/23,12:13,random,2,1,17,7,592.6273,1
9183,1,10/16/23,12:13,random,2,1,18,8,348.5837,1
9183,1,10/16/23,12:13,random,2,1,19,9,400.3969,1
9183,1,10/16/23,12:13,random,2,1,20,10,396.585,1
9183,1,10/16/23,12:13,random,3,1,21,1,446.3626,1
9183,1,10/16/23,12:13,random,3,1,22,2,480.6185,1
9183,1,10/16/23,12:13,random,3,1,23,3,798.8037,1
9183,1,10/16/23,12:13,random,3,1,24,4,456.1903,1
9183,1,10/16/23,12:13,random,3,1,25,5,374.9286,1
9183,1,10/16/23,12:13,random,3,1,26,6,385.1848,1
9183,1,10/16/23,12:13,random,3,1,27,7,398.8676,1
9183,1,10/16/23,12:13,random,3,1,28,8,361.8496,1
9183,1,10/16/23,12:13,random,3,1,29,9,357.8036,1
9183,1,10/16/23,12:13,random,3,1,30,10,438.9259,0
9183,1,10/16/23,12:13,random,4,1,31,1,16.419,0
9183,1,10/16/23,12:13,random,4,1,32,2,3.198,0
9183,1,10/16/23,12:13,random,4,1,33,3,464.1048,1
9183,1,10/16/23,12:13,random,4,1,34,4,449.7074,1
9183,1,10/16/23,12:13,random,4,1,35,5,290.213,1
9183,1,10/16/23,12:13,random,4,1,36,6,420.4993,1
9183,1,10/16/23,12:13,random,4,1,37,7,303.1037,1
9183,1,10/16/23,12:13,random,4,1,38,8,392.1727,1
9183,1,10/16/23,12:13,random,4,1,39,9,532.7549,1
9183,1,10/16/23,12:13,random,4,1,40,10,386.6036,1
9183,1,10/16/23,12:13,random,5,1,41,1,406.2298,1
9183,1,10/16/23,12:13,random,5,1,42,2,324.4758,1
9183,1,10/16/23,12:13,random,5,1,43,3,421.4089,1
9183,1,10/16/23,12:13,random,5,1,44,4,347.381,0
9183,1,10/16/23,12:13,random,5,1,45,5,313.1001,1
9183,1,10/16/23,12:13,random,5,1,46,6,371.1097,1
9183,1,10/16/23,12:13,random,5,1,47,7,458.112,1
9183,1,10/16/23,12:13,random,5,1,48,8,451.1515,1
9183,1,10/16/23,12:13,random,5,1,49,9,448.5167,1
9183,1,10/16/23,12:13,random,5,1,50,10,369.125,0
9184,1,10/16/23,15:14,practice,0,1,1,1,2214.1112,1
9184,1,10/16/23,15:14,practice,0,1,2,2,675.9802,1
9184,1,10/16/23,15:14,practice,0,1,3,3,473.3129,1
9184,1,10/16/23,15:14,practice,0,1,4,4,578.7278,1
9184,1,10/16/23,15:14,practice,0,1,5,5,599.0194,1
9184,1,10/16/23,15:14,practice,0,1,6,6,403.1139,1
9184,1,10/16/23,15:14,practice,0,1,7,7,394.013,1
9184,1,10/16/23,15:14,practice,0,1,8,8,467.6336,1
9184,1,10/16/23,15:14,random,1,1,1,1,472.1018,1
9184,1,10/16/23,15:14,random,1,1,2,2,463.5473,1
9184,1,10/16/23,15:14,random,1,1,3,3,416.1361,1
9184,1,10/16/23,15:14,random,1,1,4,4,358.1044,1
9184,1,10/16/23,15:14,random,1,1,5,5,418.032,1
9184,1,10/16/23,15:14,random,1,1,6,6,408.2527,1
9184,1,10/16/23,15:14,random,1,1,7,7,476.5577,1
9184,1,10/16/23,15:14,random,1,1,8,8,364.0349,1
9184,1,10/16/23,15:14,random,1,1,9,9,410.0459,1
9184,1,10/16/23,15:14,random,1,1,10,10,664.9931,1
9184,1,10/16/23,15:14,random,2,1,11,1,458.8269,1
9184,1,10/16/23,15:14,random,2,1,12,2,442.8972,1
9184,1,10/16/23,15:14,random,2,1,13,3,429.3245,1
9184,1,10/16/23,15:14,random,2,1,14,4,431.4884,1
9184,1,10/16/23,15:14,random,2,1,15,5,543.3138,1
9184,1,10/16/23,15:14,random,2,1,16,6,499.2437,1
9184,1,10/16/23,15:14,random,2,1,17,7,542.2941,1
9184,1,10/16/23,15:14,random,2,1,18,8,594.2884,1
9184,1,10/16/23,15:14,random,2,1,19,9,577.554,1
9184,1,10/16/23,15:14,random,2,1,20,10,526.1607,1
9184,1,10/16/23,15:14,random,3,1,21,1,379.5018,1
9184,1,10/16/23,15:14,random,3,1,22,2,510.2381,1
9184,1,10/16/23,15:14,random,3,1,23,3,412.8138,1
9184,1,10/16/23,15:14,random,3,1,24,4,466.8072,1
9184,1,10/16/23,15:14,random,3,1,25,5,409.7386,1
9184,1,10/16/23,15:14,random,3,1,26,6,592.573,1
9184,1,10/16/23,15:14,random,3,1,27,7,513.1568,1
9184,1,10/16/23,15:14,random,3,1,28,8,633.28,1
9184,1,10/16/23,15:14,random,3,1,29,9,407.8729,1
9184,1,10/16/23,15:14,random,3,1,30,10,795.9889,1
9184,1,10/16/23,15:14,random,4,1,31,1,558.244,1
9184,1,10/16/23,15:14,random,4,1,32,2,569.8755,1
9184,1,10/16/23,15:14,random,4,1,33,3,440.2342,1
9184,1,10/16/23,15:14,random,4,1,34,4,396.4592,1
9184,1,10/16/23,15:14,random,4,1,35,5,537.1459,1
9184,1,10/16/23,15:14,random,4,1,36,6,384.1403,1
9184,1,10/16/23,15:14,random,4,1,37,7,429.0885,1
9184,1,10/16/23,15:14,random,4,1,38,8,667.5417,1
9184,1,10/16/23,15:14,random,4,1,39,9,493.5194,1
9184,1,10/16/23,15:14,random,4,1,40,10,407.4902,1
9184,1,10/16/23,15:14,random,5,1,41,1,494.2086,1
9184,1,10/16/23,15:14,random,5,1,42,2,604.2193,1
9184,1,10/16/23,15:14,random,5,1,43,3,519.3509,1
9184,1,10/16/23,15:14,random,5,1,44,4,572.0324,1
9184,1,10/16/23,15:14,random,5,1,45,5,501.8783,1
9184,1,10/16/23,15:14,random,5,1,46,6,442.6578,1
9184,1,10/16/23,15:14,random,5,1,47,7,397.1017,1
9184,1,10/16/23,15:14,random,5,1,48,8,418.1318,1
9184,1,10/16/23,15:14,random,5,1,49,9,449.5169,1
9184,1,10/16/23,15:14,random,5,1,50,10,497.9186,1
9185,1,10/16/23,15:14,practice,0,1,1,1,494.9935,1
9185,1,10/16/23,15:14,practice,0,1,2,2,430.4521,1
9185,1,10/16/23,15:14,practice,0,1,3,3,296.5789,1
9185,1,10/16/23,15:14,practice,0,1,4,4,334.4395,0
9185,1,10/16/23,15:14,practice,0,1,5,5,353.8212,1
9185,1,10/16/23,15:14,practice,0,1,6,6,373.7546,1
9185,1,10/16/23,15:14,practice,0,1,7,7,420.1646,0
9185,1,10/16/23,15:14,practice,0,1,8,8,403.5639,1
9185,1,10/16/23,15:14,random,1,1,1,1,463.0228,1
9185,1,10/16/23,15:14,random,1,1,2,2,535.4051,1
9185,1,10/16/23,15:14,random,1,1,3,3,510.3406,1
9185,1,10/16/23,15:14,random,1,1,4,4,403.9697,1
9185,1,10/16/23,15:14,random,1,1,5,5,531.3823,1
9185,1,10/16/23,15:14,random,1,1,6,6,389.525,1
9185,1,10/16/23,15:14,random,1,1,7,7,435.7234,1
9185,1,10/16/23,15:14,random,1,1,8,8,437.6808,1
9185,1,10/16/23,15:14,random,1,1,9,9,370.4375,1
9185,1,10/16/23,15:14,random,1,1,10,10,425.2469,1
9185,1,10/16/23,15:14,random,2,1,11,1,441.6802,1
9185,1,10/16/23,15:14,random,2,1,12,2,476.1316,1
9185,1,10/16/23,15:14,random,2,1,13,3,438.8709,0
9185,1,10/16/23,15:14,random,2,1,14,4,572.8097,1
9185,1,10/16/23,15:14,random,2,1,15,5,580.3625,1
9185,1,10/16/23,15:14,random,2,1,16,6,550.6705,1
9185,1,10/16/23,15:14,random,2,1,17,7,726.1247,1
9185,1,10/16/23,15:14,random,2,1,18,8,809.0027,1
9185,1,10/16/23,15:14,random,2,1,19,9,483.2049,1
9185,1,10/16/23,15:14,random,2,1,20,10,512.0608,1
9185,1,10/16/23,15:14,random,3,1,21,1,603.2361,1
9185,1,10/16/23,15:14,random,3,1,22,2,579.4445,0
9185,1,10/16/23,15:14,random,3,1,23,3,741.8475,1
9185,1,10/16/23,15:14,random,3,1,24,4,615.0436,1
9185,1,10/16/23,15:14,random,3,1,25,5,541.0788,1
9185,1,10/16/23,15:14,random,3,1,26,6,665.7654,1
9185,1,10/16/23,15:14,random,3,1,27,7,514.6547,1
9185,1,10/16/23,15:14,random,3,1,28,8,459.613,1
9185,1,10/16/23,15:14,random,3,1,29,9,449.2774,1
9185,1,10/16/23,15:14,random,3,1,30,10,399.0939,1
9185,1,10/16/23,15:14,random,4,1,31,1,564.1563,1
9185,1,10/16/23,15:14,random,4,1,32,2,747.4663,1
9185,1,10/16/23,15:14,random,4,1,33,3,542.602,1
9185,1,10/16/23,15:14,random,4,1,34,4,543.7056,1
9185,1,10/16/23,15:14,random,4,1,35,5,451.2409,1
9185,1,10/16/23,15:14,random,4,1,36,6,412.0067,1
9185,1,10/16/23,15:14,random,4,1,37,7,663.7539,1
9185,1,10/16/23,15:14,random,4,1,38,8,551.886,1
9185,1,10/16/23,15:14,random,4,1,39,9,811.7284,1
9185,1,10/16/23,15:14,random,4,1,40,10,607.1717,1
9185,1,10/16/23,15:14,random,5,1,41,1,604.9184,1
9185,1,10/16/23,15:14,random,5,1,42,2,528.2116,1
9185,1,10/16/23,15:14,random,5,1,43,3,540.885,1
9185,1,10/16/23,15:14,random,5,1,44,4,592.9926,1
9185,1,10/16/23,15:14,random,5,1,45,5,503.7687,1
9185,1,10/16/23,15:14,random,5,1,46,6,534.0253,1
9185,1,10/16/23,15:14,random,5,1,47,7,591.2758,1
9185,1,10/16/23,15:14,random,5,1,48,8,457.5687,1
9185,1,10/16/23,15:14,random,5,1,49,9,660.5199,1
9185,1,10/16/23,15:14,random,5,1,50,10,621.0311,1
9186,1,10/16/23,15:15,practice,0,1,1,1,526.8811,1
9186,1,10/16/23,15:15,practice,0,1,2,2,423.0932,1
9186,1,10/16/23,15:15,practice,0,1,3,3,349.2228,1
9186,1,10/16/23,15:15,practice,0,1,4,4,320.2847,1
9186,1,10/16/23,15:15,practice,0,1,5,5,488.2355,1
9186,1,10/16/23,15:15,practice,0,1,6,6,358.3229,1
9186,1,10/16/23,15:15,practice,0,1,7,7,429.7483,1
9186,1,10/16/23,15:15,practice,0,1,8,8,318.7529,1
9186,1,10/16/23,15:15,random,1,1,1,1,330.1185,1
9186,1,10/16/23,15:15,random,1,1,2,2,422.3104,1
9186,1,10/16/23,15:15,random,1,1,3,3,400.3004,1
9186,1,10/16/23,15:15,random,1,1,4,4,362.9545,1
9186,1,10/16/23,15:15,random,1,1,5,5,433.6277,1
9186,1,10/16/23,15:15,random,1,1,6,6,384.1426,1
9186,1,10/16/23,15:15,random,1,1,7,7,355.5773,1
9186,1,10/16/23,15:15,random,1,1,8,8,319.5374,1
9186,1,10/16/23,15:15,random,1,1,9,9,564.8014,1
9186,1,10/16/23,15:15,random,1,1,10,10,340.7208,1
9186,1,10/16/23,15:15,random,2,1,11,1,379.9781,1
9186,1,10/16/23,15:15,random,2,1,12,2,464.0843,1
9186,1,10/16/23,15:15,random,2,1,13,3,409.1873,1
9186,1,10/16/23,15:15,random,2,1,14,4,379.4605,1
9186,1,10/16/23,15:15,random,2,1,15,5,371.8703,1
9186,1,10/16/23,15:15,random,2,1,16,6,408.6411,1
9186,1,10/16/23,15:15,random,2,1,17,7,398.0745,1
9186,1,10/16/23,15:15,random,2,1,18,8,415.7627,1
9186,1,10/16/23,15:15,random,2,1,19,9,416.8039,1
9186,1,10/16/23,15:15,random,2,1,20,10,408.5598,1
9186,1,10/16/23,15:15,random,3,1,21,1,365.6796,1
9186,1,10/16/23,15:15,random,3,1,22,2,552.9586,1
9186,1,10/16/23,15:15,random,3,1,23,3,336.8344,1
9186,1,10/16/23,15:15,random,3,1,24,4,386.7497,1
9186,1,10/16/23,15:15,random,3,1,25,5,410.8053,1
9186,1,10/16/23,15:15,random,3,1,26,6,321.8099,1
9186,1,10/16/23,15:15,random,3,1,27,7,369.3234,1
9186,1,10/16/23,15:15,random,3,1,28,8,391.0757,1
9186,1,10/16/23,15:15,random,3,1,29,9,358.8769,1
9186,1,10/16/23,15:15,random,3,1,30,10,334.3249,1
9186,1,10/16/23,15:15,random,4,1,31,1,316.8824,1
9186,1,10/16/23,15:15,random,4,1,32,2,388.9228,1
9186,1,10/16/23,15:15,random,4,1,33,3,353.1493,1
9186,1,10/16/23,15:15,random,4,1,34,4,345.162,1
9186,1,10/16/23,15:15,random,4,1,35,5,340.3415,1
9186,1,10/16/23,15:15,random,4,1,36,6,391.6878,1
9186,1,10/16/23,15:15,random,4,1,37,7,330.0103,1
9186,1,10/16/23,15:15,random,4,1,38,8,375.3582,1
9186,1,10/16/23,15:15,random,4,1,39,9,333.1884,1
9186,1,10/16/23,15:15,random,4,1,40,10,499.671,1
9186,1,10/16/23,15:15,random,5,1,41,1,350.4126,1
9186,1,10/16/23,15:15,random,5,1,42,2,330.9998,0
9186,1,10/16/23,15:15,random,5,1,43,3,382.4798,1
9186,1,10/16/23,15:15,random,5,1,44,4,439.6892,1
9186,1,10/16/23,15:15,random,5,1,45,5,408.4944,1
9186,1,10/16/23,15:15,random,5,1,46,6,406.9746,1
9186,1,10/16/23,15:15,random,5,1,47,7,413.9278,0
9186,1,10/16/23,15:15,random,5,1,48,8,14.2201,0
9186,1,10/16/23,15:15,random,5,1,49,9,526.5612,1
9186,1,10/16/23,15:15,random,5,1,50,10,360.7706,1
9187,1,10/17/23,09:22,practice,0,1,1,1,1243.2564,1
9187,1,10/17/23,09:22,practice,0,1,2,2,896.1144,1
9187,1,10/17/23,09:22,practice,0,1,3,3,981.6985,1
9187,1,10/17/23,09:22,practice,0,1,4,4,1074.4703,1
9187,1,10/17/23,09:22,practice,0,1,5,5,1408.5612,1
9187,1,10/17/23,09:22,practice,0,1,6,6,719.2902,1
9187,1,10/17/23,09:22,practice,0,1,7,7,557.1458,1
9187,1,10/17/23,09:22,practice,0,1,8,8,964.5118,1
9187,1,10/17/23,09:22,random,1,1,1,1,644.4392,1
9187,1,10/17/23,09:22,random,1,1,2,2,636.4674,1
9187,1,10/17/23,09:22,random,1,1,3,3,665.3953,1
9187,1,10/17/23,09:22,random,1,1,4,4,842.3,1
9187,1,10/17/23,09:22,random,1,1,5,5,765.4567,1
9187,1,10/17/23,09:22,random,1,1,6,6,693.1552,1
9187,1,10/17/23,09:22,random,1,1,7,7,553.8606,1
9187,1,10/17/23,09:22,random,1,1,8,8,647.0263,1
9187,1,10/17/23,09:22,random,1,1,9,9,1509.1975,1
9187,1,10/17/23,09:22,random,1,1,10,10,745.9723,1
9187,1,10/17/23,09:22,random,2,1,11,1,644.8621,1
9187,1,10/17/23,09:22,random,2,1,12,2,731.7316,1
9187,1,10/17/23,09:22,random,2,1,13,3,687.2587,1
9187,1,10/17/23,09:22,random,2,1,14,4,554.0754,1
9187,1,10/17/23,09:22,random,2,1,15,5,423.952,1
9187,1,10/17/23,09:22,random,2,1,16,6,670.2852,1
9187,1,10/17/23,09:22,random,2,1,17,7,733.5031,1
9187,1,10/17/23,09:22,random,2,1,18,8,500.1316,1
9187,1,10/17/23,09:22,random,2,1,19,9,453.7475,1
9187,1,10/17/23,09:22,random,2,1,20,10,686.733,1
9187,1,10/17/23,09:22,random,3,1,21,1,629.7807,1
9187,1,10/17/23,09:22,random,3,1,22,2,792.8843,1
9187,1,10/17/23,09:22,random,3,1,23,3,611.1114,1
9187,1,10/17/23,09:22,random,3,1,24,4,658.5593,1
9187,1,10/17/23,09:22,random,3,1,25,5,626.0106,1
9187,1,10/17/23,09:22,random,3,1,26,6,673.8558,1
9187,1,10/17/23,09:22,random,3,1,27,7,676.8753,1
9187,1,10/17/23,09:22,random,3,1,28,8,571.4692,1
9187,1,10/17/23,09:22,random,3,1,29,9,552.8164,1
9187,1,10/17/23,09:22,random,3,1,30,10,624.8778,1
9187,1,10/17/23,09:22,random,4,1,31,1,588.4105,1
9187,1,10/17/23,09:22,random,4,1,32,2,612.4446,1
9187,1,10/17/23,09:22,random,4,1,33,3,589.7779,1
9187,1,10/17/23,09:22,random,4,1,34,4,778.842,1
9187,1,10/17/23,09:22,random,4,1,35,5,610.3278,1
9187,1,10/17/23,09:22,random,4,1,36,6,626.7954,1
9187,1,10/17/23,09:22,random,4,1,37,7,555.3889,1
9187,1,10/17/23,09:22,random,4,1,38,8,673.3579,1
9187,1,10/17/23,09:22,random,4,1,39,9,395.1599,1
9187,1,10/17/23,09:22,random,4,1,40,10,671.6105,1
9187,1,10/17/23,09:22,random,5,1,41,1,657.6462,1
9187,1,10/17/23,09:22,random,5,1,42,2,550.0279,1
9187,1,10/17/23,09:22,random,5,1,43,3,542.9143,1
9187,1,10/17/23,09:22,random,5,1,44,4,570.6644,1
9187,1,10/17/23,09:22,random,5,1,45,5,693.6321,1
9187,1,10/17/23,09:22,random,5,1,46,6,617.4207,1
9187,1,10/17/23,09:22,random,5,1,47,7,666.0259,1
9187,1,10/17/23,09:22,random,5,1,48,8,824.6491,1
9187,1,10/17/23,09:22,random,5,1,49,9,680.809,1
9187,1,10/17/23,09:22,random,5,1,50,10,455.0942,1
9188,1,10/17/23,09:23,practice,0,1,1,1,12884.1554,1
9188,1,10/17/23,09:23,practice,0,1,2,2,800.7673,1
9188,1,10/17/23,09:23,practice,0,1,3,3,413.3171,1
9188,1,10/17/23,09:23,practice,0,1,4,4,508.5967,1
9188,1,10/17/23,09:23,practice,0,1,5,5,891.9105,1
9188,1,10/17/23,09:23,practice,0,1,6,6,518.6657,1
9188,1,10/17/23,09:23,practice,0,1,7,7,441.0006,1
9188,1,10/17/23,09:23,practice,0,1,8,8,548.6798,1
9188,1,10/17/23,09:23,random,1,1,1,1,890.1956,1
9188,1,10/17/23,09:23,random,1,1,2,2,483.1631,1
9188,1,10/17/23,09:23,random,1,1,3,3,319.5816,0
9188,1,10/17/23,09:23,random,1,1,4,4,358.5957,1
9188,1,10/17/23,09:23,random,1,1,5,5,387.7611,1
9188,1,10/17/23,09:23,random,1,1,6,6,446.9911,1
9188,1,10/17/23,09:23,random,1,1,7,7,367.7386,1
9188,1,10/17/23,09:23,random,1,1,8,8,328.1773,1
9188,1,10/17/23,09:23,random,1,1,9,9,325.7705,1
9188,1,10/17/23,09:23,random,1,1,10,10,536.3592,1
9188,1,10/17/23,09:23,random,2,1,11,1,424.7716,1
9188,1,10/17/23,09:23,random,2,1,12,2,370.4207,1
9188,1,10/17/23,09:23,random,2,1,13,3,351.0465,1
9188,1,10/17/23,09:23,random,2,1,14,4,392.9335,1
9188,1,10/17/23,09:23,random,2,1,15,5,438.7424,1
9188,1,10/17/23,09:23,random,2,1,16,6,370.1162,1
9188,1,10/17/23,09:23,random,2,1,17,7,503.9651,1
9188,1,10/17/23,09:23,random,2,1,18,8,400.1652,1
9188,1,10/17/23,09:23,random,2,1,19,9,422.2957,1
9188,1,10/17/23,09:23,random,2,1,20,10,470.5265,1
9188,1,10/17/23,09:23,random,3,1,21,1,332.8977,1
9188,1,10/17/23,09:23,random,3,1,22,2,418.8617,1
9188,1,10/17/23,09:23,random,3,1,23,3,443.9644,1
9188,1,10/17/23,09:23,random,3,1,24,4,459.2642,1
9188,1,10/17/23,09:23,random,3,1,25,5,458.14,1
9188,1,10/17/23,09:23,random,3,1,26,6,377.8262,0
9188,1,10/17/23,09:23,random,3,1,27,7,430.9783,1
9188,1,10/17/23,09:23,random,3,1,28,8,466.1444,1
9188,1,10/17/23,09:23,random,3,1,29,9,390.5621,1
9188,1,10/17/23,09:23,random,3,1,30,10,367.4679,1
9188,1,10/17/23,09:23,random,4,1,31,1,454.9745,1
9188,1,10/17/23,09:23,random,4,1,32,2,390.4291,1
9188,1,10/17/23,09:23,random,4,1,33,3,422.0503,1
9188,1,10/17/23,09:23,random,4,1,34,4,362.4599,1
9188,1,10/17/23,09:23,random,4,1,35,5,620.8729,1
9188,1,10/17/23,09:23,random,4,1,36,6,411.2028,1
9188,1,10/17/23,09:23,random,4,1,37,7,538.7468,1
9188,1,10/17/23,09:23,random,4,1,38,8,456.8388,1
9188,1,10/17/23,09:23,random,4,1,39,9,354.7115,1
9188,1,10/17/23,09:23,random,4,1,40,10,446.146,1
9188,1,10/17/23,09:23,random,5,1,41,1,356.0167,1
9188,1,10/17/23,09:23,random,5,1,42,2,326.2615,1
9188,1,10/17/23,09:23,random,5,1,43,3,545.0999,1
9188,1,10/17/23,09:23,random,5,1,44,4,363.6003,1
9188,1,10/17/23,09:23,random,5,1,45,5,517.0525,1
9188,1,10/17/23,09:23,random,5,1,46,6,372.3834,1
9188,1,10/17/23,09:23,random,5,1,47,7,442.0267,1
9188,1,10/17/23,09:23,random,5,1,48,8,361.5305,0
9188,1,10/17/23,09:23,random,5,1,49,9,399.3327,1
9188,1,10/17/23,09:23,random,5,1,50,10,412.4205,1
9189,1,10/17/23,09:23,practice,0,1,1,1,1277.1867,1
9189,1,10/17/23,09:23,practice,0,1,2,2,461.4857,1
9189,1,10/17/23,09:23,practice,0,1,3,3,423.3655,1
9189,1,10/17/23,09:23,practice,0,1,4,4,466.5719,0
9189,1,10/17/23,09:23,practice,0,1,5,5,565.4619,1
9189,1,10/17/23,09:23,practice,0,1,6,6,658.5713,1
9189,1,10/17/23,09:23,practice,0,1,7,7,421.2857,1
9189,1,10/17/23,09:23,practice,0,1,8,8,551.3613,1
9189,1,10/17/23,09:23,random,1,1,1,1,559.7383,1
9189,1,10/17/23,09:23,random,1,1,2,2,574.9428,1
9189,1,10/17/23,09:23,random,1,1,3,3,471.3642,1
9189,1,10/17/23,09:23,random,1,1,4,4,391.049,1
9189,1,10/17/23,09:23,random,1,1,5,5,347.4688,1
9189,1,10/17/23,09:23,random,1,1,6,6,407.7561,1
9189,1,10/17/23,09:23,random,1,1,7,7,434.4556,1
9189,1,10/17/23,09:23,random,1,1,8,8,452.8901,1
9189,1,10/17/23,09:23,random,1,1,9,9,422.8808,1
9189,1,10/17/23,09:23,random,1,1,10,10,397.6632,1
9189,1,10/17/23,09:23,random,2,1,11,1,462.4293,1
9189,1,10/17/23,09:23,random,2,1,12,2,391.4015,1
9189,1,10/17/23,09:23,random,2,1,13,3,418.3341,1
9189,1,10/17/23,09:23,random,2,1,14,4,380.389,1
9189,1,10/17/23,09:23,random,2,1,15,5,436.23,0
9189,1,10/17/23,09:23,random,2,1,16,6,451.742,1
9189,1,10/17/23,09:23,random,2,1,17,7,556.1393,1
9189,1,10/17/23,09:23,random,2,1,18,8,537.7149,1
9189,1,10/17/23,09:23,random,2,1,19,9,414.8387,1
9189,1,10/17/23,09:23,random,2,1,20,10,541.4554,1
9189,1,10/17/23,09:23,random,3,1,21,1,417.5732,1
9189,1,10/17/23,09:23,random,3,1,22,2,573.3526,1
9189,1,10/17/23,09:23,random,3,1,23,3,505.7819,1
9189,1,10/17/23,09:23,random,3,1,24,4,493.036,1
9189,1,10/17/23,09:23,random,3,1,25,5,570.0729,1
9189,1,10/17/23,09:23,random,3,1,26,6,488.5489,1
9189,1,10/17/23,09:23,random,3,1,27,7,574.8214,1
9189,1,10/17/23,09:23,random,3,1,28,8,527.9751,1
9189,1,10/17/23,09:23,random,3,1,29,9,806.2027,1
9189,1,10/17/23,09:23,random,3,1,30,10,519.7832,1
9189,1,10/17/23,09:23,random,4,1,31,1,460.308,1
9189,1,10/17/23,09:23,random,4,1,32,2,492.6944,1
9189,1,10/17/23,09:23,random,4,1,33,3,509.2407,1
9189,1,10/17/23,09:23,random,4,1,34,4,571.0325,1
9189,1,10/17/23,09:23,random,4,1,35,5,473.4832,1
9189,1,10/17/23,09:23,random,4,1,36,6,404.3776,1
9189,1,10/17/23,09:23,random,4,1,37,7,491.1154,1
9189,1,10/17/23,09:23,random,4,1,38,8,457.0461,1
9189,1,10/17/23,09:23,random,4,1,39,9,534.3891,1
9189,1,10/17/23,09:23,random,4,1,40,10,571.361,1
9189,1,10/17/23,09:23,random,5,1,41,1,542.99,1
9189,1,10/17/23,09:23,random,5,1,42,2,463.0512,1
9189,1,10/17/23,09:23,random,5,1,43,3,518.3942,1
9189,1,10/17/23,09:23,random,5,1,44,4,375.7485,1
9189,1,10/17/23,09:23,random,5,1,45,5,519.4661,1
9189,1,10/17/23,09:23,random,5,1,46,6,513.3714,1
9189,1,10/17/23,09:23,random,5,1,47,7,423.7265,1
9189,1,10/17/23,09:23,random,5,1,48,8,443.0382,1
9189,1,10/17/23,09:23,random,5,1,49,9,566.0799,1
9189,1,10/17/23,09:23,random,5,1,50,10,394.9038,1
9190,1,10/17/23,12:08,practice,0,1,1,1,884.733,1
9190,1,10/17/23,12:08,practice,0,1,2,2,623.863,1
9190,1,10/17/23,12:08,practice,0,1,3,3,406.2262,1
9190,1,10/17/23,12:08,practice,0,1,4,4,982.4324,1
9190,1,10/17/23,12:08,practice,0,1,5,5,592.2287,1
9190,1,10/17/23,12:08,practice,0,1,6,6,786.3695,1
9190,1,10/17/23,12:08,practice,0,1,7,7,378.1997,1
9190,1,10/17/23,12:08,practice,0,1,8,8,768.1046,1
9190,1,10/17/23,12:08,random,1,1,1,1,616.6821,1
9190,1,10/17/23,12:08,random,1,1,2,2,399.8832,1
9190,1,10/17/23,12:08,random,1,1,3,3,581.0047,1
9190,1,10/17/23,12:08,random,1,1,4,4,463.1884,1
9190,1,10/17/23,12:08,random,1,1,5,5,362.5375,1
9190,1,10/17/23,12:08,random,1,1,6,6,364.2913,1
9190,1,10/17/23,12:08,random,1,1,7,7,445.4064,1
9190,1,10/17/23,12:08,random,1,1,8,8,496.497,1
9190,1,10/17/23,12:08,random,1,1,9,9,598.0165,1
9190,1,10/17/23,12:08,random,1,1,10,10,570.4324,1
9190,1,10/17/23,12:08,random,2,1,11,1,469.566,1
9190,1,10/17/23,12:08,random,2,1,12,2,469.1507,1
9190,1,10/17/23,12:08,random,2,1,13,3,749.1361,1
9190,1,10/17/23,12:08,random,2,1,14,4,618.891,1
9190,1,10/17/23,12:08,random,2,1,15,5,389.5574,1
9190,1,10/17/23,12:08,random,2,1,16,6,416.0865,1
9190,1,10/17/23,12:08,random,2,1,17,7,447.3935,1
9190,1,10/17/23,12:08,random,2,1,18,8,700.5672,1
9190,1,10/17/23,12:08,random,2,1,19,9,454.8021,1
9190,1,10/17/23,12:08,random,2,1,20,10,475.2636,1
9190,1,10/17/23,12:08,random,3,1,21,1,656.2111,1
9190,1,10/17/23,12:08,random,3,1,22,2,602.6966,1
9190,1,10/17/23,12:08,random,3,1,23,3,710.0186,1
9190,1,10/17/23,12:08,random,3,1,24,4,550.7431,1
9190,1,10/17/23,12:08,random,3,1,25,5,652.9126,1
9190,1,10/17/23,12:08,random,3,1,26,6,534.1922,1
9190,1,10/17/23,12:08,random,3,1,27,7,618.336,1
9190,1,10/17/23,12:08,random,3,1,28,8,414.3146,1
9190,1,10/17/23,12:08,random,3,1,29,9,419.9133,1
9190,1,10/17/23,12:08,random,3,1,30,10,341.2451,1
9190,1,10/17/23,12:08,random,4,1,31,1,452.2612,1
9190,1,10/17/23,12:08,random,4,1,32,2,450.7517,1
9190,1,10/17/23,12:08,random,4,1,33,3,448.5543,1
9190,1,10/17/23,12:08,random,4,1,34,4,502.737,1
9190,1,10/17/23,12:08,random,4,1,35,5,573.4595,1
9190,1,10/17/23,12:08,random,4,1,36,6,536.2044,1
9190,1,10/17/23,12:08,random,4,1,37,7,597.7425,1
9190,1,10/17/23,12:08,random,4,1,38,8,769.8205,1
9190,1,10/17/23,12:08,random,4,1,39,9,721.5981,1
9190,1,10/17/23,12:08,random,4,1,40,10,731.5719,1
9190,1,10/17/23,12:08,random,5,1,41,1,656.3788,1
9190,1,10/17/23,12:08,random,5,1,42,2,471.4886,1
9190,1,10/17/23,12:08,random,5,1,43,3,409.7882,1
9190,1,10/17/23,12:08,random,5,1,44,4,451.4324,1
9190,1,10/17/23,12:08,random,5,1,45,5,705.5899,1
9190,1,10/17/23,12:08,random,5,1,46,6,507.9517,1
9190,1,10/17/23,12:08,random,5,1,47,7,453.3737,1
9190,1,10/17/23,12:08,random,5,1,48,8,641.6946,1
9190,1,10/17/23,12:08,random,5,1,49,9,538.2796,1
9190,1,10/17/23,12:08,random,5,1,50,10,532.4785,1
9191,1,10/17/23,12:21,practice,0,1,1,1,361.5033,1
9191,1,10/17/23,12:21,practice,0,1,2,2,380.5885,1
9191,1,10/17/23,12:21,practice,0,1,3,3,305.0585,1
9191,1,10/17/23,12:21,practice,0,1,4,4,325.4146,1
9191,1,10/17/23,12:21,practice,0,1,5,5,354.8211,1
9191,1,10/17/23,12:21,practice,0,1,6,6,372.6146,1
9191,1,10/17/23,12:21,practice,0,1,7,7,485.3679,0
9191,1,10/17/23,12:21,practice,0,1,8,8,402.6917,1
9191,1,10/17/23,12:21,random,1,1,1,1,323.9796,1
9191,1,10/17/23,12:21,random,1,1,2,2,371.3763,1
9191,1,10/17/23,12:21,random,1,1,3,3,324.8975,1
9191,1,10/17/23,12:21,random,1,1,4,4,378.0964,1
9191,1,10/17/23,12:21,random,1,1,5,5,332.4774,1
9191,1,10/17/23,12:21,random,1,1,6,6,300.7979,1
9191,1,10/17/23,12:21,random,1,1,7,7,463.5987,1
9191,1,10/17/23,12:21,random,1,1,8,8,380.6547,1
9191,1,10/17/23,12:21,random,1,1,9,9,495.5563,1
9191,1,10/17/23,12:21,random,1,1,10,10,380.9976,1
9191,1,10/17/23,12:21,random,2,1,11,1,436.0654,1
9191,1,10/17/23,12:21,random,2,1,12,2,343.1817,1
9191,1,10/17/23,12:21,random,2,1,13,3,379.9072,1
9191,1,10/17/23,12:21,random,2,1,14,4,578.3135,1
9191,1,10/17/23,12:21,random,2,1,15,5,357.295,1
9191,1,10/17/23,12:21,random,2,1,16,6,475.7397,1
9191,1,10/17/23,12:21,random,2,1,17,7,486.5302,1
9191,1,10/17/23,12:21,random,2,1,18,8,419.1693,1
9191,1,10/17/23,12:21,random,2,1,19,9,381.2151,1
9191,1,10/17/23,12:21,random,2,1,20,10,439.9389,1
9191,1,10/17/23,12:21,random,3,1,21,1,377.5113,1
9191,1,10/17/23,12:21,random,3,1,22,2,507.163,0
9191,1,10/17/23,12:21,random,3,1,23,3,483.9906,1
9191,1,10/17/23,12:21,random,3,1,24,4,370.6653,1
9191,1,10/17/23,12:21,random,3,1,25,5,460.5649,1
9191,1,10/17/23,12:21,random,3,1,26,6,395.8404,1
9191,1,10/17/23,12:21,random,3,1,27,7,486.072,1
9191,1,10/17/23,12:21,random,3,1,28,8,372.7176,1
9191,1,10/17/23,12:21,random,3,1,29,9,339.8974,1
9191,1,10/17/23,12:21,random,3,1,30,10,444.4716,1
9191,1,10/17/23,12:21,random,4,1,31,1,630.9043,1
9191,1,10/17/23,12:21,random,4,1,32,2,481.8108,0
9191,1,10/17/23,12:21,random,4,1,33,3,3.70370000001,1
9191,1,10/17/23,12:21,random,4,1,34,4,3.77989999999,0
9191,1,10/17/23,12:21,random,4,1,35,5,454.174,1
9191,1,10/17/23,12:21,random,4,1,36,6,408.1387,1
9191,1,10/17/23,12:21,random,4,1,37,7,319.0076,1
9191,1,10/17/23,12:21,random,4,1,38,8,390.4257,1
9191,1,10/17/23,12:21,random,4,1,39,9,360.2029,1
9191,1,10/17/23,12:21,random,4,1,40,10,387.5484,1
9191,1,10/17/23,12:21,random,5,1,41,1,365.2775,1
9191,1,10/17/23,12:21,random,5,1,42,2,314.3178,1
9191,1,10/17/23,12:21,random,5,1,43,3,654.1521,1
9191,1,10/17/23,12:21,random,5,1,44,4,927.3471,1
9191,1,10/17/23,12:21,random,5,1,45,5,496.7386,1
9191,1,10/17/23,12:21,random,5,1,46,6,514.7691,1
9191,1,10/17/23,12:21,random,5,1,47,7,363.8811,1
9191,1,10/17/23,12:21,random,5,1,48,8,571.8834,1
9191,1,10/17/23,12:21,random,5,1,49,9,485.675,1
9191,1,10/17/23,12:21,random,5,1,50,10,455.127,1
9192,1,10/17/23,11:43,practice,0,1,1,1,6166.5767,1
9192,1,10/17/23,11:43,practice,0,1,2,2,1692.3992,1
9192,1,10/17/23,11:43,practice,0,1,3,3,1947.8532,1
9192,1,10/17/23,11:43,practice,0,1,4,4,1628.262,1
9192,1,10/17/23,11:43,practice,0,1,5,5,1068.4131,1
9192,1,10/17/23,11:43,practice,0,1,6,6,1489.5486,1
9192,1,10/17/23,11:43,practice,0,1,7,7,1359.1555,1
9192,1,10/17/23,11:43,practice,0,1,8,8,1148.7764,1
9192,1,10/17/23,11:43,random,1,1,1,1,651.0655,1
9192,1,10/17/23,11:43,random,1,1,2,2,600.2039,1
9192,1,10/17/23,11:43,random,1,1,3,3,517.1543,1
9192,1,10/17/23,11:43,random,1,1,4,4,429.7269,1
9192,1,10/17/23,11:43,random,1,1,5,5,458.9818,1
9192,1,10/17/23,11:43,random,1,1,6,6,705.9184,1
9192,1,10/17/23,11:43,random,1,1,7,7,636.7782,1
9192,1,10/17/23,11:43,random,1,1,8,8,626.9289,1
9192,1,10/17/23,11:43,random,1,1,9,9,594.5026,1
9192,1,10/17/23,11:43,random,1,1,10,10,788.3885,1
9192,1,10/17/23,11:43,random,2,1,11,1,825.2205,1
9192,1,10/17/23,11:43,random,2,1,12,2,644.8167,1
9192,1,10/17/23,11:43,random,2,1,13,3,467.4152,1
9192,1,10/17/23,11:43,random,2,1,14,4,706.0881,1
9192,1,10/17/23,11:43,random,2,1,15,5,468.8007,1
9192,1,10/17/23,11:43,random,2,1,16,6,564.2516,1
9192,1,10/17/23,11:43,random,2,1,17,7,584.911,1
9192,1,10/17/23,11:43,random,2,1,18,8,690.2896,1
9192,1,10/17/23,11:43,random,2,1,19,9,827.3369,1
9192,1,10/17/23,11:43,random,2,1,20,10,714.5092,1
9192,1,10/17/23,11:43,random,3,1,21,1,637.6411,1
9192,1,10/17/23,11:43,random,3,1,22,2,567.6003,1
9192,1,10/17/23,11:43,random,3,1,23,3,704.9665,1
9192,1,10/17/23,11:43,random,3,1,24,4,1070.3259,1
9192,1,10/17/23,11:43,random,3,1,25,5,875.4835,1
9192,1,10/17/23,11:43,random,3,1,26,6,920.9312,1
9192,1,10/17/23,11:43,random,3,1,27,7,661.8871,1
9192,1,10/17/23,11:43,random,3,1,28,8,709.8361,1
9192,1,10/17/23,11:43,random,3,1,29,9,575.5819,1
9192,1,10/17/23,11:43,random,3,1,30,10,757.7444,1
9192,1,10/17/23,11:43,random,4,1,31,1,652.0769,1
9192,1,10/17/23,11:43,random,4,1,32,2,772.3328,1
9192,1,10/17/23,11:43,random,4,1,33,3,653.8435,1
9192,1,10/17/23,11:43,random,4,1,34,4,777.101,1
9192,1,10/17/23,11:43,random,4,1,35,5,640.0437,1
9192,1,10/17/23,11:43,random,4,1,36,6,603.2524,1
9192,1,10/17/23,11:43,random,4,1,37,7,435.4766,1
9192,1,10/17/23,11:43,random,4,1,38,8,620.0583,1
9192,1,10/17/23,11:43,random,4,1,39,9,625.4793,1
9192,1,10/17/23,11:43,random,4,1,40,10,608.4871,1
9192,1,10/17/23,11:43,random,5,1,41,1,561.3731,1
9192,1,10/17/23,11:43,random,5,1,42,2,499.183,1
9192,1,10/17/23,11:43,random,5,1,43,3,499.8919,1
9192,1,10/17/23,11:43,random,5,1,44,4,389.8306,1
9192,1,10/17/23,11:43,random,5,1,45,5,800.3206,1
9192,1,10/17/23,11:43,random,5,1,46,6,1125.1312,1
9192,1,10/17/23,11:43,random,5,1,47,7,647.4734,1
9192,1,10/17/23,11:43,random,5,1,48,8,793.5028,1
9192,1,10/17/23,11:43,random,5,1,49,9,1022.97,1
9192,1,10/17/23,11:43,random,5,1,50,10,739.198,1
9193,1,10/17/23,15:20,practice,0,1,1,1,2876.0337,1
9193,1,10/17/23,15:20,practice,0,1,2,2,658.8925,1
9193,1,10/17/23,15:20,practice,0,1,3,3,532.5155,1
9193,1,10/17/23,15:20,practice,0,1,4,4,361.3544,1
9193,1,10/17/23,15:20,practice,0,1,5,5,395.4611,1
9193,1,10/17/23,15:20,practice,0,1,6,6,610.1679,1
9193,1,10/17/23,15:20,practice,0,1,7,7,954.5021,1
9193,1,10/17/23,15:20,practice,0,1,8,8,624.5488,1
9193,1,10/17/23,15:20,random,1,1,1,1,578.6009,1
9193,1,10/17/23,15:20,random,1,1,2,2,932.5255,1
9193,1,10/17/23,15:20,random,1,1,3,3,531.0148,1
9193,1,10/17/23,15:20,random,1,1,4,4,1074.4638,1
9193,1,10/17/23,15:20,random,1,1,5,5,640.5266,1
9193,1,10/17/23,15:20,random,1,1,6,6,567.5611,1
9193,1,10/17/23,15:20,random,1,1,7,7,570.0212,1
9193,1,10/17/23,15:20,random,1,1,8,8,425.6056,1
9193,1,10/17/23,15:20,random,1,1,9,9,569.2513,1
9193,1,10/17/23,15:20,random,1,1,10,10,411.6031,0
9193,1,10/17/23,15:20,random,2,1,11,1,527.8019,1
9193,1,10/17/23,15:20,random,2,1,12,2,516.5398,1
9193,1,10/17/23,15:20,random,2,1,13,3,579.3825,1
9193,1,10/17/23,15:20,random,2,1,14,4,594.6443,1
9193,1,10/17/23,15:20,random,2,1,15,5,683.9462,1
9193,1,10/17/23,15:20,random,2,1,16,6,677.9535,1
9193,1,10/17/23,15:20,random,2,1,17,7,461.8595,1
9193,1,10/17/23,15:20,random,2,1,18,8,562.9763,1
9193,1,10/17/23,15:20,random,2,1,19,9,696.6169,1
9193,1,10/17/23,15:20,random,2,1,20,10,595.4891,1
9193,1,10/17/23,15:20,random,3,1,21,1,478.31,1
9193,1,10/17/23,15:20,random,3,1,22,2,422.876,1
9193,1,10/17/23,15:20,random,3,1,23,3,465.5164,1
9193,1,10/17/23,15:20,random,3,1,24,4,685.894,1
9193,1,10/17/23,15:20,random,3,1,25,5,477.5433,1
9193,1,10/17/23,15:20,random,3,1,26,6,451.5961,1
9193,1,10/17/23,15:20,random,3,1,27,7,373.4527,1
9193,1,10/17/23,15:20,random,3,1,28,8,631.521,1
9193,1,10/17/23,15:20,random,3,1,29,9,469.825,1
9193,1,10/17/23,15:20,random,3,1,30,10,900.5644,1
9193,1,10/17/23,15:20,random,4,1,31,1,611.7423,1
9193,1,10/17/23,15:20,random,4,1,32,2,399.9505,1
9193,1,10/17/23,15:20,random,4,1,33,3,531.6458,1
9193,1,10/17/23,15:20,random,4,1,34,4,437.3564,1
9193,1,10/17/23,15:20,random,4,1,35,5,463.9044,1
9193,1,10/17/23,15:20,random,4,1,36,6,1223.6073,1
9193,1,10/17/23,15:20,random,4,1,37,7,676.8484,1
9193,1,10/17/23,15:20,random,4,1,38,8,636.1266,1
9193,1,10/17/23,15:20,random,4,1,39,9,443.7748,1
9193,1,10/17/23,15:20,random,4,1,40,10,552.7765,1
9193,1,10/17/23,15:20,random,5,1,41,1,642.094,1
9193,1,10/17/23,15:20,random,5,1,42,2,772.0097,1
9193,1,10/17/23,15:20,random,5,1,43,3,505.1287,1
9193,1,10/17/23,15:20,random,5,1,44,4,586.908,1
9193,1,10/17/23,15:20,random,5,1,45,5,666.7669,1
9193,1,10/17/23,15:20,random,5,1,46,6,441.3644,1
9193,1,10/17/23,15:20,random,5,1,47,7,449.3978,1
9193,1,10/17/23,15:20,random,5,1,48,8,585.5805,1
9193,1,10/17/23,15:20,random,5,1,49,9,627.0937,1
9193,1,10/17/23,15:20,random,5,1,50,10,742.4064,1
9194,1,10/17/23,15:19,practice,0,1,1,1,1242.4918,1
9194,1,10/17/23,15:19,practice,0,1,2,2,628.1919,1
9194,1,10/17/23,15:19,practice,0,1,3,3,0.305500000017,0
9194,1,10/17/23,15:19,practice,0,1,4,4,742.2687,1
9194,1,10/17/23,15:19,practice,0,1,5,5,674.083,1
9194,1,10/17/23,15:19,practice,0,1,6,6,593.5736,1
9194,1,10/17/23,15:19,practice,0,1,7,7,602.881,1
9194,1,10/17/23,15:19,practice,0,1,8,8,569.2057,1
9194,1,10/17/23,15:19,random,1,1,1,1,416.3741,1
9194,1,10/17/23,15:19,random,1,1,2,2,493.588,0
9194,1,10/17/23,15:19,random,1,1,3,3,5.7803,0
9194,1,10/17/23,15:19,random,1,1,4,4,594.1248,1
9194,1,10/17/23,15:19,random,1,1,5,5,690.9547,1
9194,1,10/17/23,15:19,random,1,1,6,6,740.6516,1
9194,1,10/17/23,15:19,random,1,1,7,7,655.9976,1
9194,1,10/17/23,15:19,random,1,1,8,8,644.9679,1
9194,1,10/17/23,15:19,random,1,1,9,9,638.3665,1
9194,1,10/17/23,15:19,random,1,1,10,10,489.5916,1
9194,1,10/17/23,15:19,random,2,1,11,1,510.6131,1
9194,1,10/17/23,15:19,random,2,1,12,2,479.4148,1
9194,1,10/17/23,15:19,random,2,1,13,3,493.2511,1
9194,1,10/17/23,15:19,random,2,1,14,4,540.1938,1
9194,1,10/17/23,15:19,random,2,1,15,5,575.4571,1
9194,1,10/17/23,15:19,random,2,1,16,6,698.7731,1
9194,1,10/17/23,15:19,random,2,1,17,7,745.5274,1
9194,1,10/17/23,15:19,random,2,1,18,8,492.3581,1
9194,1,10/17/23,15:19,random,2,1,19,9,761.7971,1
9194,1,10/17/23,15:19,random,2,1,20,10,669.151,1
9194,1,10/17/23,15:19,random,3,1,21,1,640.6891,1
9194,1,10/17/23,15:19,random,3,1,22,2,496.0996,1
9194,1,10/17/23,15:19,random,3,1,23,3,496.6691,1
9194,1,10/17/23,15:19,random,3,1,24,4,726.2373,1
9194,1,10/17/23,15:19,random,3,1,25,5,667.5878,1
9194,1,10/17/23,15:19,random,3,1,26,6,407.9785,1
9194,1,10/17/23,15:19,random,3,1,27,7,534.6467,1
9194,1,10/17/23,15:19,random,3,1,28,8,626.0489,1
9194,1,10/17/23,15:19,random,3,1,29,9,576.8091,1
9194,1,10/17/23,15:19,random,3,1,30,10,561.9082,1
9194,1,10/17/23,15:19,random,4,1,31,1,611.7557,1
9194,1,10/17/23,15:19,random,4,1,32,2,388.7211,1
9194,1,10/17/23,15:19,random,4,1,33,3,546.6888,1
9194,1,10/17/23,15:19,random,4,1,34,4,590.7073,1
9194,1,10/17/23,15:19,random,4,1,35,5,596.7424,1
9194,1,10/17/23,15:19,random,4,1,36,6,527.2109,1
9194,1,10/17/23,15:19,random,4,1,37,7,459.7132,1
9194,1,10/17/23,15:19,random,4,1,38,8,562.0216,1
9194,1,10/17/23,15:19,random,4,1,39,9,524.3116,1
9194,1,10/17/23,15:19,random,4,1,40,10,675.0505,1
9194,1,10/17/23,15:19,random,5,1,41,1,579.4795,1
9194,1,10/17/23,15:19,random,5,1,42,2,683.7815,1
9194,1,10/17/23,15:19,random,5,1,43,3,843.1144,1
9194,1,10/17/23,15:19,random,5,1,44,4,610.6084,1
9194,1,10/17/23,15:19,random,5,1,45,5,656.8332,1
9194,1,10/17/23,15:19,random,5,1,46,6,700.4716,1
9194,1,10/17/23,15:19,random,5,1,47,7,544.837,1
9194,1,10/17/23,15:19,random,5,1,48,8,613.1918,1
9194,1,10/17/23,15:19,random,5,1,49,9,700.1145,1
9194,1,10/17/23,15:19,random,5,1,50,10,739.0335,1
9195,1,10/17/23,15:18,practice,0,1,1,1,589.8096,1
9195,1,10/17/23,15:18,practice,0,1,2,2,868.2183,1
9195,1,10/17/23,15:18,practice,0,1,3,3,612.4231,1
9195,1,10/17/23,15:18,practice,0,1,4,4,813.8651,1
9195,1,10/17/23,15:18,practice,0,1,5,5,719.6475,1
9195,1,10/17/23,15:18,practice,0,1,6,6,701.7283,1
9195,1,10/17/23,15:18,practice,0,1,7,7,547.9665,1
9195,1,10/17/23,15:18,practice,0,1,8,8,582.9916,1
9195,1,10/17/23,15:18,random,1,1,1,1,514.7454,1
9195,1,10/17/23,15:18,random,1,1,2,2,542.3679,1
9195,1,10/17/23,15:18,random,1,1,3,3,547.1868,1
9195,1,10/17/23,15:18,random,1,1,4,4,768.9584,1
9195,1,10/17/23,15:18,random,1,1,5,5,1051.0654,1
9195,1,10/17/23,15:18,random,1,1,6,6,493.2652,1
9195,1,10/17/23,15:18,random,1,1,7,7,742.9885,1
9195,1,10/17/23,15:18,random,1,1,8,8,574.4924,1
9195,1,10/17/23,15:18,random,1,1,9,9,702.1747,1
9195,1,10/17/23,15:18,random,1,1,10,10,528.879,1
9195,1,10/17/23,15:18,random,2,1,11,1,639.4214,1
9195,1,10/17/23,15:18,random,2,1,12,2,439.4746,1
9195,1,10/17/23,15:18,random,2,1,13,3,420.2134,1
9195,1,10/17/23,15:18,random,2,1,14,4,628.3637,1
9195,1,10/17/23,15:18,random,2,1,15,5,538.9225,1
9195,1,10/17/23,15:18,random,2,1,16,6,727.1291,1
9195,1,10/17/23,15:18,random,2,1,17,7,827.7037,1
9195,1,10/17/23,15:18,random,2,1,18,8,513.6871,1
9195,1,10/17/23,15:18,random,2,1,19,9,507.393,1
9195,1,10/17/23,15:18,random,2,1,20,10,888.9176,1
9195,1,10/17/23,15:18,random,3,1,21,1,466.872,1
9195,1,10/17/23,15:18,random,3,1,22,2,571.5997,1
9195,1,10/17/23,15:18,random,3,1,23,3,579.7008,1
9195,1,10/17/23,15:18,random,3,1,24,4,631.6329,1
9195,1,10/17/23,15:18,random,3,1,25,5,421.8905,1
9195,1,10/17/23,15:18,random,3,1,26,6,1133.8625,1
9195,1,10/17/23,15:18,random,3,1,27,7,629.6983,1
9195,1,10/17/23,15:18,random,3,1,28,8,405.0034,1
9195,1,10/17/23,15:18,random,3,1,29,9,741.1095,1
9195,1,10/17/23,15:18,random,3,1,30,10,606.4303,1
9195,1,10/17/23,15:18,random,4,1,31,1,742.3336,1
9195,1,10/17/23,15:18,random,4,1,32,2,539.879,1
9195,1,10/17/23,15:18,random,4,1,33,3,545.8868,1
9195,1,10/17/23,15:18,random,4,1,34,4,670.1716,1
9195,1,10/17/23,15:18,random,4,1,35,5,544.9896,1
9195,1,10/17/23,15:18,random,4,1,36,6,745.858,1
9195,1,10/17/23,15:18,random,4,1,37,7,677.4236,1
9195,1,10/17/23,15:18,random,4,1,38,8,786.6964,1
9195,1,10/17/23,15:18,random,4,1,39,9,767.9386,1
9195,1,10/17/23,15:18,random,4,1,40,10,639.264,1
9195,1,10/17/23,15:18,random,5,1,41,1,735.5013,1
9195,1,10/17/23,15:18,random,5,1,42,2,776.9974,1
9195,1,10/17/23,15:18,random,5,1,43,3,538.7007,1
9195,1,10/17/23,15:18,random,5,1,44,4,591.347,1
9195,1,10/17/23,15:18,random,5,1,45,5,671.2815,1
9195,1,10/17/23,15:18,random,5,1,46,6,784.2097,1
9195,1,10/17/23,15:18,random,5,1,47,7,622.2383,1
9195,1,10/17/23,15:18,random,5,1,48,8,462.6208,1
9195,1,10/17/23,15:18,random,5,1,49,9,528.753,0
9195,1,10/17/23,15:18,random,5,1,50,10,639.7886,1
9196,1,10/18/23,09:18,practice,0,1,1,1,708.3024,1
9196,1,10/18/23,09:18,practice,0,1,2,2,382.825,1
9196,1,10/18/23,09:18,practice,0,1,3,3,409.7165,1
9196,1,10/18/23,09:18,practice,0,1,4,4,437.436,1
9196,1,10/18/23,09:18,practice,0,1,5,5,423.4302,1
9196,1,10/18/23,09:18,practice,0,1,6,6,410.3709,1
9196,1,10/18/23,09:18,practice,0,1,7,7,435.2465,1
9196,1,10/18/23,09:18,practice,0,1,8,8,396.3866,1
9196,1,10/18/23,09:18,random,1,1,1,1,388.0924,1
9196,1,10/18/23,09:18,random,1,1,2,2,358.7159,1
9196,1,10/18/23,09:18,random,1,1,3,3,417.3349,1
9196,1,10/18/23,09:18,random,1,1,4,4,366.8092,1
9196,1,10/18/23,09:18,random,1,1,5,5,350.4529,1
9196,1,10/18/23,09:18,random,1,1,6,6,399.1543,1
9196,1,10/18/23,09:18,random,1,1,7,7,384.1764,1
9196,1,10/18/23,09:18,random,1,1,8,8,356.4519,1
9196,1,10/18/23,09:18,random,1,1,9,9,370.0832,1
9196,1,10/18/23,09:18,random,1,1,10,10,363.2627,1
9196,1,10/18/23,09:18,random,2,1,11,1,457.5973,1
9196,1,10/18/23,09:18,random,2,1,12,2,384.8532,1
9196,1,10/18/23,09:18,random,2,1,13,3,389.1155,1
9196,1,10/18/23,09:18,random,2,1,14,4,425.2594,1
9196,1,10/18/23,09:18,random,2,1,15,5,465.7261,1
9196,1,10/18/23,09:18,random,2,1,16,6,560.4817,1
9196,1,10/18/23,09:18,random,2,1,17,7,431.3091,1
9196,1,10/18/23,09:18,random,2,1,18,8,341.0023,1
9196,1,10/18/23,09:18,random,2,1,19,9,372.8348,1
9196,1,10/18/23,09:18,random,2,1,20,10,353.7773,1
9196,1,10/18/23,09:18,random,3,1,21,1,372.4474,1
9196,1,10/18/23,09:18,random,3,1,22,2,405.9484,1
9196,1,10/18/23,09:18,random,3,1,23,3,422.4481,1
9196,1,10/18/23,09:18,random,3,1,24,4,408.3114,1
9196,1,10/18/23,09:18,random,3,1,25,5,445.9045,1
9196,1,10/18/23,09:18,random,3,1,26,6,421.1477,1
9196,1,10/18/23,09:18,random,3,1,27,7,669.4075,1
9196,1,10/18/23,09:18,random,3,1,28,8,445.2465,1
9196,1,10/18/23,09:18,random,3,1,29,9,445.5194,1
9196,1,10/18/23,09:18,random,3,1,30,10,379.994,1
9196,1,10/18/23,09:18,random,4,1,31,1,372.5813,1
9196,1,10/18/23,09:18,random,4,1,32,2,470.8195,1
9196,1,10/18/23,09:18,random,4,1,33,3,483.8456,1
9196,1,10/18/23,09:18,random,4,1,34,4,398.3591,1
9196,1,10/18/23,09:18,random,4,1,35,5,414.7692,1
9196,1,10/18/23,09:18,random,4,1,36,6,802.5387,1
9196,1,10/18/23,09:18,random,4,1,37,7,434.6991,1
9196,1,10/18/23,09:18,random,4,1,38,8,386.7322,1
9196,1,10/18/23,09:18,random,4,1,39,9,415.5504,1
9196,1,10/18/23,09:18,random,4,1,40,10,435.0075,1
9196,1,10/18/23,09:18,random,5,1,41,1,390.402,1
9196,1,10/18/23,09:18,random,5,1,42,2,438.5005,1
9196,1,10/18/23,09:18,random,5,1,43,3,405.7462,1
9196,1,10/18/23,09:18,random,5,1,44,4,441.2806,1
9196,1,10/18/23,09:18,random,5,1,45,5,420.8763,0
9196,1,10/18/23,09:18,random,5,1,46,6,471.9842,1
9196,1,10/18/23,09:18,random,5,1,47,7,555.5035,1
9196,1,10/18/23,09:18,random,5,1,48,8,447.8604,1
9196,1,10/18/23,09:18,random,5,1,49,9,662.1245,1
9196,1,10/18/23,09:18,random,5,1,50,10,428.4076,1
9197,1,10/18/23,09:18,practice,0,1,1,1,595.808,1
9197,1,10/18/23,09:18,practice,0,1,2,2,414.1974,1
9197,1,10/18/23,09:18,practice,0,1,3,3,360.0839,1
9197,1,10/18/23,09:18,practice,0,1,4,4,359.6448,1
9197,1,10/18/23,09:18,practice,0,1,5,5,389.9564,1
9197,1,10/18/23,09:18,practice,0,1,6,6,495.4945,1
9197,1,10/18/23,09:18,practice,0,1,7,7,436.653,1
9197,1,10/18/23,09:18,practice,0,1,8,8,417.3299,1
9197,1,10/18/23,09:18,random,1,1,1,1,422.2745,1
9197,1,10/18/23,09:18,random,1,1,2,2,433.1804,1
9197,1,10/18/23,09:18,random,1,1,3,3,350.5288,1
9197,1,10/18/23,09:18,random,1,1,4,4,373.9784,1
9197,1,10/18/23,09:18,random,1,1,5,5,442.6569,1
9197,1,10/18/23,09:18,random,1,1,6,6,355.1913,1
9197,1,10/18/23,09:18,random,1,1,7,7,676.3536,1
9197,1,10/18/23,09:18,random,1,1,8,8,564.4424,1
9197,1,10/18/23,09:18,random,1,1,9,9,429.3322,1
9197,1,10/18/23,09:18,random,1,1,10,10,674.1016,1
9197,1,10/18/23,09:18,random,2,1,11,1,440.8915,1
9197,1,10/18/23,09:18,random,2,1,12,2,494.6125,1
9197,1,10/18/23,09:18,random,2,1,13,3,533.2304,1
9197,1,10/18/23,09:18,random,2,1,14,4,521.0328,1
9197,1,10/18/23,09:18,random,2,1,15,5,443.7995,1
9197,1,10/18/23,09:18,random,2,1,16,6,402.2284,1
9197,1,10/18/23,09:18,random,2,1,17,7,491.488,1
9197,1,10/18/23,09:18,random,2,1,18,8,599.7938,1
9197,1,10/18/23,09:18,random,2,1,19,9,464.7738,1
9197,1,10/18/23,09:18,random,2,1,20,10,392.9664,1
9197,1,10/18/23,09:18,random,3,1,21,1,612.1129,1
9197,1,10/18/23,09:18,random,3,1,22,2,653.2017,1
9197,1,10/18/23,09:18,random,3,1,23,3,518.6982,1
9197,1,10/18/23,09:18,random,3,1,24,4,517.303,1
9197,1,10/18/23,09:18,random,3,1,25,5,453.8597,1
9197,1,10/18/23,09:18,random,3,1,26,6,448.131,1
9197,1,10/18/23,09:18,random,3,1,27,7,431.8313,1
9197,1,10/18/23,09:18,random,3,1,28,8,409.8243,1
9197,1,10/18/23,09:18,random,3,1,29,9,411.7124,1
9197,1,10/18/23,09:18,random,3,1,30,10,460.9405,1
9197,1,10/18/23,09:18,random,4,1,31,1,391.5521,1
9197,1,10/18/23,09:18,random,4,1,32,2,437.2131,0
9197,1,10/18/23,09:18,random,4,1,33,3,621.9952,1
9197,1,10/18/23,09:18,random,4,1,34,4,601.5266,1
9197,1,10/18/23,09:18,random,4,1,35,5,472.3988,1
9197,1,10/18/23,09:18,random,4,1,36,6,471.6606,1
9197,1,10/18/23,09:18,random,4,1,37,7,574.54,1
9197,1,10/18/23,09:18,random,4,1,38,8,535.0486,1
9197,1,10/18/23,09:18,random,4,1,39,9,663.6937,1
9197,1,10/18/23,09:18,random,4,1,40,10,376.9714,1
9197,1,10/18/23,09:18,random,5,1,41,1,672.7137,1
9197,1,10/18/23,09:18,random,5,1,42,2,521.2687,1
9197,1,10/18/23,09:18,random,5,1,43,3,582.8226,1
9197,1,10/18/23,09:18,random,5,1,44,4,643.6595,1
9197,1,10/18/23,09:18,random,5,1,45,5,883.9912,1
9197,1,10/18/23,09:18,random,5,1,46,6,575.4961,1
9197,1,10/18/23,09:18,random,5,1,47,7,684.4789,1
9197,1,10/18/23,09:18,random,5,1,48,8,574.473,1
9197,1,10/18/23,09:18,random,5,1,49,9,569.0531,1
9197,1,10/18/23,09:18,random,5,1,50,10,356.1141,1
9198,1,10/18/23,10:28,practice,0,1,1,1,1646.3433,1
9198,1,10/18/23,10:28,practice,0,1,2,2,1300.8006,1
9198,1,10/18/23,10:28,practice,0,1,3,3,691.1694,1
9198,1,10/18/23,10:28,practice,0,1,4,4,644.9002,1
9198,1,10/18/23,10:28,practice,0,1,5,5,630.647,1
9198,1,10/18/23,10:28,practice,0,1,6,6,1093.8618,1
9198,1,10/18/23,10:28,practice,0,1,7,7,598.3105,1
9198,1,10/18/23,10:28,practice,0,1,8,8,893.5202,1
9198,1,10/18/23,10:28,random,1,1,1,1,664.1748,1
9198,1,10/18/23,10:28,random,1,1,2,2,528.8104,1
9198,1,10/18/23,10:28,random,1,1,3,3,602.8432,1
9198,1,10/18/23,10:28,random,1,1,4,4,470.662,1
9198,1,10/18/23,10:28,random,1,1,5,5,625.2156,1
9198,1,10/18/23,10:28,random,1,1,6,6,586.4128,1
9198,1,10/18/23,10:28,random,1,1,7,7,530.0702,1
9198,1,10/18/23,10:28,random,1,1,8,8,453.9006,1
9198,1,10/18/23,10:28,random,1,1,9,9,514.5724,1
9198,1,10/18/23,10:28,random,1,1,10,10,724.7143,1
9198,1,10/18/23,10:28,random,2,1,11,1,483.5853,1
9198,1,10/18/23,10:28,random,2,1,12,2,689.2365,1
9198,1,10/18/23,10:28,random,2,1,13,3,612.2342,1
9198,1,10/18/23,10:28,random,2,1,14,4,515.2984,1
9198,1,10/18/23,10:28,random,2,1,15,5,637.2235,1
9198,1,10/18/23,10:28,random,2,1,16,6,711.3945,1
9198,1,10/18/23,10:28,random,2,1,17,7,583.4614,1
9198,1,10/18/23,10:28,random,2,1,18,8,728.2065,1
9198,1,10/18/23,10:28,random,2,1,19,9,558.3095,1
9198,1,10/18/23,10:28,random,2,1,20,10,532.9704,1
9198,1,10/18/23,10:28,random,3,1,21,1,1349.7597,1
9198,1,10/18/23,10:28,random,3,1,22,2,904.9141,1
9198,1,10/18/23,10:28,random,3,1,23,3,702.5339,1
9198,1,10/18/23,10:28,random,3,1,24,4,871.7654,1
9198,1,10/18/23,10:28,random,3,1,25,5,510.7939,1
9198,1,10/18/23,10:28,random,3,1,26,6,574.0933,1
9198,1,10/18/23,10:28,random,3,1,27,7,790.6563,1
9198,1,10/18/23,10:28,random,3,1,28,8,894.7466,1
9198,1,10/18/23,10:28,random,3,1,29,9,712.8861,1
9198,1,10/18/23,10:28,random,3,1,30,10,478.5722,1
9198,1,10/18/23,10:28,random,4,1,31,1,19.0729,0
9198,1,10/18/23,10:28,random,4,1,32,2,138.6818,0
9198,1,10/18/23,10:28,random,4,1,33,3,18.1326,0
9198,1,10/18/23,10:28,random,4,1,34,4,13.3388,0
9198,1,10/18/23,10:28,random,4,1,35,5,503.4998,1
9198,1,10/18/23,10:28,random,4,1,36,6,389.2316,1
9198,1,10/18/23,10:28,random,4,1,37,7,498.38,1
9198,1,10/18/23,10:28,random,4,1,38,8,453.7399,1
9198,1,10/18/23,10:28,random,4,1,39,9,412.5109,0
9198,1,10/18/23,10:28,random,4,1,40,10,7.24410000004,0
9198,1,10/18/23,10:28,random,5,1,41,1,463.9499,1
9198,1,10/18/23,10:28,random,5,1,42,2,476.1188,1
9198,1,10/18/23,10:28,random,5,1,43,3,402.1283,1
9198,1,10/18/23,10:28,random,5,1,44,4,666.9813,1
9198,1,10/18/23,10:28,random,5,1,45,5,748.0452,1
9198,1,10/18/23,10:28,random,5,1,46,6,485.8739,1
9198,1,10/18/23,10:28,random,5,1,47,7,639.4305,1
9198,1,10/18/23,10:28,random,5,1,48,8,717.2308,1
9198,1,10/18/23,10:28,random,5,1,49,9,660.8517,1
9198,1,10/18/23,10:28,random,5,1,50,10,608.7539,1
9199,1,10/20/23,15:09,practice,0,1,1,1,923.622,1
9199,1,10/20/23,15:09,practice,0,1,2,2,653.45,1
9199,1,10/20/23,15:09,practice,0,1,3,3,522.4148,1
9199,1,10/20/23,15:09,practice,0,1,4,4,626.6309,1
9199,1,10/20/23,15:09,practice,0,1,5,5,644.9096,1
9199,1,10/20/23,15:09,practice,0,1,6,6,395.2228,1
9199,1,10/20/23,15:09,practice,0,1,7,7,546.6309,1
9199,1,10/20/23,15:09,practice,0,1,8,8,423.7312,1
9199,1,10/20/23,15:09,random,1,1,1,1,504.5628,1
9199,1,10/20/23,15:09,random,1,1,2,2,445.3538,1
9199,1,10/20/23,15:09,random,1,1,3,3,504.9726,1
9199,1,10/20/23,15:09,random,1,1,4,4,443.6038,1
9199,1,10/20/23,15:09,random,1,1,5,5,496.5952,1
9199,1,10/20/23,15:09,random,1,1,6,6,454.5447,1
9199,1,10/20/23,15:09,random,1,1,7,7,527.783,1
9199,1,10/20/23,15:09,random,1,1,8,8,422.4682,1
9199,1,10/20/23,15:09,random,1,1,9,9,350.4362,1
9199,1,10/20/23,15:09,random,1,1,10,10,508.5127,1
9199,1,10/20/23,15:09,random,2,1,11,1,411.1599,1
9199,1,10/20/23,15:09,random,2,1,12,2,453.9403,1
9199,1,10/20/23,15:09,random,2,1,13,3,551.7553,1
9199,1,10/20/23,15:09,random,2,1,14,4,525.9815,1
9199,1,10/20/23,15:09,random,2,1,15,5,396.0565,1
9199,1,10/20/23,15:09,random,2,1,16,6,381.4533,1
9199,1,10/20/23,15:09,random,2,1,17,7,440.5411,1
9199,1,10/20/23,15:09,random,2,1,18,8,469.9267,1
9199,1,10/20/23,15:09,random,2,1,19,9,444.645,1
9199,1,10/20/23,15:09,random,2,1,20,10,507.2356,1
9199,1,10/20/23,15:09,random,3,1,21,1,432.1829,1
9199,1,10/20/23,15:09,random,3,1,22,2,763.4661,1
9199,1,10/20/23,15:09,random,3,1,23,3,472.4205,1
9199,1,10/20/23,15:09,random,3,1,24,4,471.9753,1
9199,1,10/20/23,15:09,random,3,1,25,5,590.4591,1
9199,1,10/20/23,15:09,random,3,1,26,6,598.0943,1
9199,1,10/20/23,15:09,random,3,1,27,7,623.2889,1
9199,1,10/20/23,15:09,random,3,1,28,8,496.4608,1
9199,1,10/20/23,15:09,random,3,1,29,9,436.9424,1
9199,1,10/20/23,15:09,random,3,1,30,10,760.4549,1
9199,1,10/20/23,15:09,random,4,1,31,1,554.6461,1
9199,1,10/20/23,15:09,random,4,1,32,2,415.535,1
9199,1,10/20/23,15:09,random,4,1,33,3,504.3084,1
9199,1,10/20/23,15:09,random,4,1,34,4,556.5273,1
9199,1,10/20/23,15:09,random,4,1,35,5,455.2839,1
9199,1,10/20/23,15:09,random,4,1,36,6,330.0168,1
9199,1,10/20/23,15:09,random,4,1,37,7,427.3665,1
9199,1,10/20/23,15:09,random,4,1,38,8,565.189,1
9199,1,10/20/23,15:09,random,4,1,39,9,717.3775,1
9199,1,10/20/23,15:09,random,4,1,40,10,543.2888,1
9199,1,10/20/23,15:09,random,5,1,41,1,455.1718,1
9199,1,10/20/23,15:09,random,5,1,42,2,464.0139,1
9199,1,10/20/23,15:09,random,5,1,43,3,781.0921,1
9199,1,10/20/23,15:09,random,5,1,44,4,568.444,1
9199,1,10/20/23,15:09,random,5,1,45,5,542.5841,1
9199,1,10/20/23,15:09,random,5,1,46,6,667.0786,1
9199,1,10/20/23,15:09,random,5,1,47,7,466.3891,1
9199,1,10/20/23,15:09,random,5,1,48,8,839.0302,1
9199,1,10/20/23,15:09,random,5,1,49,9,451.2684,1
9199,1,10/20/23,15:09,random,5,1,50,10,437.6134,1
9200,1,10/18/23,12:21,practice,0,1,1,1,725.5572,1
9200,1,10/18/23,12:21,practice,0,1,2,2,394.4129,1
9200,1,10/18/23,12:21,practice,0,1,3,3,460.1628,1
9200,1,10/18/23,12:21,practice,0,1,4,4,363.1202,1
9200,1,10/18/23,12:21,practice,0,1,5,5,410.1272,1
9200,1,10/18/23,12:21,practice,0,1,6,6,340.824,1
9200,1,10/18/23,12:21,practice,0,1,7,7,432.3684,1
9200,1,10/18/23,12:21,practice,0,1,8,8,363.3266,1
9200,1,10/18/23,12:21,random,1,1,1,1,577.035,1
9200,1,10/18/23,12:21,random,1,1,2,2,432.0934,1
9200,1,10/18/23,12:21,random,1,1,3,3,533.2793,1
9200,1,10/18/23,12:21,random,1,1,4,4,519.6542,1
9200,1,10/18/23,12:21,random,1,1,5,5,397.2364,1
9200,1,10/18/23,12:21,random,1,1,6,6,432.23630000000003,1
9200,1,10/18/23,12:21,random,1,1,7,7,525.5212,1
9200,1,10/18/23,12:21,random,1,1,8,8,509.2119,1
9200,1,10/18/23,12:21,random,1,1,9,9,462.4083,1
9200,1,10/18/23,12:21,random,1,1,10,10,383.582,1
9200,1,10/18/23,12:21,random,2,1,11,1,484.295,1
9200,1,10/18/23,12:21,random,2,1,12,2,369.6493,1
9200,1,10/18/23,12:21,random,2,1,13,3,1476.1066,1
9200,1,10/18/23,12:21,random,2,1,14,4,386.6265,1
9200,1,10/18/23,12:21,random,2,1,15,5,369.813,1
9200,1,10/18/23,12:21,random,2,1,16,6,576.1933,1
9200,1,10/18/23,12:21,random,2,1,17,7,414.235,1
9200,1,10/18/23,12:21,random,2,1,18,8,511.7874,1
9200,1,10/18/23,12:21,random,2,1,19,9,372.8566,1
9200,1,10/18/23,12:21,random,2,1,20,10,612.027,1
9200,1,10/18/23,12:21,random,3,1,21,1,440.5668,1
9200,1,10/18/23,12:21,random,3,1,22,2,413.6874,1
9200,1,10/18/23,12:21,random,3,1,23,3,396.2139,1
9200,1,10/18/23,12:21,random,3,1,24,4,470.6449,1
9200,1,10/18/23,12:21,random,3,1,25,5,351.3253,1
9200,1,10/18/23,12:21,random,3,1,26,6,439.7797,1
9200,1,10/18/23,12:21,random,3,1,27,7,411.8246,1
9200,1,10/18/23,12:21,random,3,1,28,8,455.4478,1
9200,1,10/18/23,12:21,random,3,1,29,9,356.417,1
9200,1,10/18/23,12:21,random,3,1,30,10,435.1017,1
9200,1,10/18/23,12:21,random,4,1,31,1,425.9297,1
9200,1,10/18/23,12:21,random,4,1,32,2,383.2544,1
9200,1,10/18/23,12:21,random,4,1,33,3,339.1797,1
9200,1,10/18/23,12:21,random,4,1,34,4,427.6204,1
9200,1,10/18/23,12:21,random,4,1,35,5,343.5564,1
9200,1,10/18/23,12:21,random,4,1,36,6,402.5754,1
9200,1,10/18/23,12:21,random,4,1,37,7,368.1858,1
9200,1,10/18/23,12:21,random,4,1,38,8,346.6327,1
9200,1,10/18/23,12:21,random,4,1,39,9,372.012,1
9200,1,10/18/23,12:21,random,4,1,40,10,420.2549,1
9200,1,10/18/23,12:21,random,5,1,41,1,375.9196,1
9200,1,10/18/23,12:21,random,5,1,42,2,339.8179,1
9200,1,10/18/23,12:21,random,5,1,43,3,423.8333,1
9200,1,10/18/23,12:21,random,5,1,44,4,428.6934,1
9200,1,10/18/23,12:21,random,5,1,45,5,438.8407,1
9200,1,10/18/23,12:21,random,5,1,46,6,471.4673,1
9200,1,10/18/23,12:21,random,5,1,47,7,391.8959,1
9200,1,10/18/23,12:21,random,5,1,48,8,394.4872,1
9200,1,10/18/23,12:21,random,5,1,49,9,364.696,1
9200,1,10/18/23,12:21,random,5,1,50,10,332.3725,1
9201,1,10/18/23,12:44,practice,0,1,1,1,470.4578,1
9201,1,10/18/23,12:44,practice,0,1,2,2,388.5953,1
9201,1,10/18/23,12:44,practice,0,1,3,3,455.5627,1
9201,1,10/18/23,12:44,practice,0,1,4,4,646.1828,1
9201,1,10/18/23,12:44,practice,0,1,5,5,375.6291,1
9201,1,10/18/23,12:44,practice,0,1,6,6,325.3928,1
9201,1,10/18/23,12:44,practice,0,1,7,7,454.0073,1
9201,1,10/18/23,12:44,practice,0,1,8,8,396.789,1
9201,1,10/18/23,12:44,random,1,1,1,1,470.143,1
9201,1,10/18/23,12:44,random,1,1,2,2,441.3555,1
9201,1,10/18/23,12:44,random,1,1,3,3,455.987,1
9201,1,10/18/23,12:44,random,1,1,4,4,485.2569,1
9201,1,10/18/23,12:44,random,1,1,5,5,490.386,1
9201,1,10/18/23,12:44,random,1,1,6,6,434.0545,1
9201,1,10/18/23,12:44,random,1,1,7,7,583.4457,1
9201,1,10/18/23,12:44,random,1,1,8,8,497.6819,1
9201,1,10/18/23,12:44,random,1,1,9,9,358.617,1
9201,1,10/18/23,12:44,random,1,1,10,10,569.2128,1
9201,1,10/18/23,12:44,random,2,1,11,1,398.3789,1
9201,1,10/18/23,12:44,random,2,1,12,2,599.2707,1
9201,1,10/18/23,12:44,random,2,1,13,3,505.6658,1
9201,1,10/18/23,12:44,random,2,1,14,4,447.8723,1
9201,1,10/18/23,12:44,random,2,1,15,5,428.233,1
9201,1,10/18/23,12:44,random,2,1,16,6,460.3387,0
9201,1,10/18/23,12:44,random,2,1,17,7,623.4578,1
9201,1,10/18/23,12:44,random,2,1,18,8,585.9963,1
9201,1,10/18/23,12:44,random,2,1,19,9,616.7818,1
9201,1,10/18/23,12:44,random,2,1,20,10,535.6276,1
9201,1,10/18/23,12:44,random,3,1,21,1,446.4494,1
9201,1,10/18/23,12:44,random,3,1,22,2,398.513,1
9201,1,10/18/23,12:44,random,3,1,23,3,441.6631,1
9201,1,10/18/23,12:44,random,3,1,24,4,538.6484,1
9201,1,10/18/23,12:44,random,3,1,25,5,679.3988,1
9201,1,10/18/23,12:44,random,3,1,26,6,718.7653,1
9201,1,10/18/23,12:44,random,3,1,27,7,485.4684,1
9201,1,10/18/23,12:44,random,3,1,28,8,737.2076,1
9201,1,10/18/23,12:44,random,3,1,29,9,503.5869,1
9201,1,10/18/23,12:44,random,3,1,30,10,939.3313,0
9201,1,10/18/23,12:44,random,4,1,31,1,603.2213,1
9201,1,10/18/23,12:44,random,4,1,32,2,628.1456,1
9201,1,10/18/23,12:44,random,4,1,33,3,519.1685,1
9201,1,10/18/23,12:44,random,4,1,34,4,482.6774,1
9201,1,10/18/23,12:44,random,4,1,35,5,585.1311,1
9201,1,10/18/23,12:44,random,4,1,36,6,521.1796,1
9201,1,10/18/23,12:44,random,4,1,37,7,546.576,1
9201,1,10/18/23,12:44,random,4,1,38,8,561.2738,1
9201,1,10/18/23,12:44,random,4,1,39,9,523.7913,1
9201,1,10/18/23,12:44,random,4,1,40,10,615.1626,1
9201,1,10/18/23,12:44,random,5,1,41,1,519.8488,1
9201,1,10/18/23,12:44,random,5,1,42,2,414.5863,1
9201,1,10/18/23,12:44,random,5,1,43,3,497.0682,1
9201,1,10/18/23,12:44,random,5,1,44,4,445.371,1
9201,1,10/18/23,12:44,random,5,1,45,5,568.4742,1
9201,1,10/18/23,12:44,random,5,1,46,6,465.0579,1
9201,1,10/18/23,12:44,random,5,1,47,7,427.1736,1
9201,1,10/18/23,12:44,random,5,1,48,8,400.239,1
9201,1,10/18/23,12:44,random,5,1,49,9,444.1928,1
9201,1,10/18/23,12:44,random,5,1,50,10,474.6459,1
9202,1,10/18/23,15:22,practice,0,1,1,1,36161.634,1
9202,1,10/18/23,15:22,practice,0,1,2,2,3511.5684,0
9202,1,10/18/23,15:22,practice,0,1,3,3,6702.9075,0
9202,1,10/18/23,15:22,practice,0,1,4,4,5451.0742,0
9202,1,10/18/23,15:22,practice,0,1,5,5,3653.9661,1
9202,1,10/18/23,15:22,practice,0,1,6,6,1017.4771,0
9202,1,10/18/23,15:22,practice,0,1,7,7,683.8783,0
9202,1,10/18/23,15:22,practice,0,1,8,8,1359.8387,1
9202,1,10/18/23,15:22,random,1,1,1,1,975.2989,1
9202,1,10/18/23,15:22,random,1,1,2,2,982.4863,0
9202,1,10/18/23,15:22,random,1,1,3,3,825.2807,0
9202,1,10/18/23,15:22,random,1,1,4,4,919.7153,0
9202,1,10/18/23,15:22,random,1,1,5,5,855.9971,1
9202,1,10/18/23,15:22,random,1,1,6,6,510.3432,0
9202,1,10/18/23,15:22,random,1,1,7,7,583.1834,1
9202,1,10/18/23,15:22,random,1,1,8,8,1248.8464,1
9202,1,10/18/23,15:22,random,1,1,9,9,670.8696,1
9202,1,10/18/23,15:22,random,1,1,10,10,483.8788,1
9202,1,10/18/23,15:22,random,2,1,11,1,401.3467,1
9202,1,10/18/23,15:22,random,2,1,12,2,433.0135,0
9202,1,10/18/23,15:22,random,2,1,13,3,470.6658,0
9202,1,10/18/23,15:22,random,2,1,14,4,960.8288,0
9202,1,10/18/23,15:22,random,2,1,15,5,540.2462,0
9202,1,10/18/23,15:22,random,2,1,16,6,460.2152,0
9202,1,10/18/23,15:22,random,2,1,17,7,1094.195,1
9202,1,10/18/23,15:22,random,2,1,18,8,595.5061,0
9202,1,10/18/23,15:22,random,2,1,19,9,540.2274,0
9202,1,10/18/23,15:22,random,2,1,20,10,615.8187,1
9202,1,10/18/23,15:22,random,3,1,21,1,756.2358,0
9202,1,10/18/23,15:22,random,3,1,22,2,447.3946,0
9202,1,10/18/23,15:22,random,3,1,23,3,756.8201,1
9202,1,10/18/23,15:22,random,3,1,24,4,476.0326,1
9202,1,10/18/23,15:22,random,3,1,25,5,468.7995,0
9202,1,10/18/23,15:22,random,3,1,26,6,446.9941,0
9202,1,10/18/23,15:22,random,3,1,27,7,848.4876,0
9202,1,10/18/23,15:22,random,3,1,28,8,576.5477,0
9202,1,10/18/23,15:22,random,3,1,29,9,602.7518,0
9202,1,10/18/23,15:22,random,3,1,30,10,458.5609,0
9202,1,10/18/23,15:22,random,4,1,31,1,404.3473,1
9202,1,10/18/23,15:22,random,4,1,32,2,390.0347,0
9202,1,10/18/23,15:22,random,4,1,33,3,662.5123,1
9202,1,10/18/23,15:22,random,4,1,34,4,481.2223,1
9202,1,10/18/23,15:22,random,4,1,35,5,639.0664,1
9202,1,10/18/23,15:22,random,4,1,36,6,551.1523,1
9202,1,10/18/23,15:22,random,4,1,37,7,731.207,1
9202,1,10/18/23,15:22,random,4,1,38,8,432.9109,1
9202,1,10/18/23,15:22,random,4,1,39,9,517.9106,1
9202,1,10/18/23,15:22,random,4,1,40,10,531.9774,0
9202,1,10/18/23,15:22,random,5,1,41,1,1154.2999,1
9202,1,10/18/23,15:22,random,5,1,42,2,884.5239,1
9202,1,10/18/23,15:22,random,5,1,43,3,945.6457,1
9202,1,10/18/23,15:22,random,5,1,44,4,676.713,1
9202,1,10/18/23,15:22,random,5,1,45,5,1141.7602,1
9202,1,10/18/23,15:22,random,5,1,46,6,1703.1537,1
9202,1,10/18/23,15:22,random,5,1,47,7,1690.5385,1
9202,1,10/18/23,15:22,random,5,1,48,8,575.1566,1
9202,1,10/18/23,15:22,random,5,1,49,9,1918.7566,1
9202,1,10/18/23,15:22,random,5,1,50,10,740.2825,1
9203,1,10/18/23,15:20,practice,0,1,1,1,7051.7003,1
9203,1,10/18/23,15:20,practice,0,1,2,2,971.3574,1
9203,1,10/18/23,15:20,practice,0,1,3,3,445.5547,1
9203,1,10/18/23,15:20,practice,0,1,4,4,355.6611,1
9203,1,10/18/23,15:20,practice,0,1,5,5,561.2361,1
9203,1,10/18/23,15:20,practice,0,1,6,6,588.1494,1
9203,1,10/18/23,15:20,practice,0,1,7,7,379.3953,1
9203,1,10/18/23,15:20,practice,0,1,8,8,561.633,1
9203,1,10/18/23,15:20,random,1,1,1,1,715.769,1
9203,1,10/18/23,15:20,random,1,1,2,2,505.662,1
9203,1,10/18/23,15:20,random,1,1,3,3,579.226,1
9203,1,10/18/23,15:20,random,1,1,4,4,550.2543,1
9203,1,10/18/23,15:20,random,1,1,5,5,575.1362,1
9203,1,10/18/23,15:20,random,1,1,6,6,461.146,1
9203,1,10/18/23,15:20,random,1,1,7,7,753.7268,1
9203,1,10/18/23,15:20,random,1,1,8,8,583.2084,1
9203,1,10/18/23,15:20,random,1,1,9,9,566.5071,1
9203,1,10/18/23,15:20,random,1,1,10,10,587.2748,1
9203,1,10/18/23,15:20,random,2,1,11,1,536.6024,1
9203,1,10/18/23,15:20,random,2,1,12,2,583.9034,1
9203,1,10/18/23,15:20,random,2,1,13,3,442.492,1
9203,1,10/18/23,15:20,random,2,1,14,4,668.7485,1
9203,1,10/18/23,15:20,random,2,1,15,5,756.5851,1
9203,1,10/18/23,15:20,random,2,1,16,6,927.596,1
9203,1,10/18/23,15:20,random,2,1,17,7,748.7048,1
9203,1,10/18/23,15:20,random,2,1,18,8,524.99,1
9203,1,10/18/23,15:20,random,2,1,19,9,683.2251,1
9203,1,10/18/23,15:20,random,2,1,20,10,840.4606,1
9203,1,10/18/23,15:20,random,3,1,21,1,653.6902,1
9203,1,10/18/23,15:20,random,3,1,22,2,434.2046,1
9203,1,10/18/23,15:20,random,3,1,23,3,594.2739,1
9203,1,10/18/23,15:20,random,3,1,24,4,1248.2906,1
9203,1,10/18/23,15:20,random,3,1,25,5,649.4423,1
9203,1,10/18/23,15:20,random,3,1,26,6,660.6581,1
9203,1,10/18/23,15:20,random,3,1,27,7,1466.4913,1
9203,1,10/18/23,15:20,random,3,1,28,8,562.6353,1
9203,1,10/18/23,15:20,random,3,1,29,9,457.7973,1
9203,1,10/18/23,15:20,random,3,1,30,10,546.7611,1
9203,1,10/18/23,15:20,random,4,1,31,1,419.0612,1
9203,1,10/18/23,15:20,random,4,1,32,2,499.5142,1
9203,1,10/18/23,15:20,random,4,1,33,3,685.3216,1
9203,1,10/18/23,15:20,random,4,1,34,4,506.1245,1
9203,1,10/18/23,15:20,random,4,1,35,5,526.3146,1
9203,1,10/18/23,15:20,random,4,1,36,6,846.8643,1
9203,1,10/18/23,15:20,random,4,1,37,7,547.2134,1
9203,1,10/18/23,15:20,random,4,1,38,8,424.4121,1
9203,1,10/18/23,15:20,random,4,1,39,9,583.3204,1
9203,1,10/18/23,15:20,random,4,1,40,10,488.077,1
9203,1,10/18/23,15:20,random,5,1,41,1,568.8324,1
9203,1,10/18/23,15:20,random,5,1,42,2,738.848,1
9203,1,10/18/23,15:20,random,5,1,43,3,583.6704,1
9203,1,10/18/23,15:20,random,5,1,44,4,669.0975,1
9203,1,10/18/23,15:20,random,5,1,45,5,621.8003,1
9203,1,10/18/23,15:20,random,5,1,46,6,537.3631,1
9203,1,10/18/23,15:20,random,5,1,47,7,489.8366,1
9203,1,10/18/23,15:20,random,5,1,48,8,968.9534,1
9203,1,10/18/23,15:20,random,5,1,49,9,589.6591,1
9203,1,10/18/23,15:20,random,5,1,50,10,557.254,1
9204,1,10/18/23,15:20,practice,0,1,1,1,3270.0147,1
9204,1,10/18/23,15:20,practice,0,1,2,2,763.9623,1
9204,1,10/18/23,15:20,practice,0,1,3,3,439.9989,1
9204,1,10/18/23,15:20,practice,0,1,4,4,597.4805,1
9204,1,10/18/23,15:20,practice,0,1,5,5,462.4505,1
9204,1,10/18/23,15:20,practice,0,1,6,6,483.8389,1
9204,1,10/18/23,15:20,practice,0,1,7,7,502.0178,1
9204,1,10/18/23,15:20,practice,0,1,8,8,517.9995,1
9204,1,10/18/23,15:20,random,1,1,1,1,549.6927,1
9204,1,10/18/23,15:20,random,1,1,2,2,436.2964,1
9204,1,10/18/23,15:20,random,1,1,3,3,445.8592,1
9204,1,10/18/23,15:20,random,1,1,4,4,465.0591,1
9204,1,10/18/23,15:20,random,1,1,5,5,426.6802,1
9204,1,10/18/23,15:20,random,1,1,6,6,491.5907,1
9204,1,10/18/23,15:20,random,1,1,7,7,686.4233,1
9204,1,10/18/23,15:20,random,1,1,8,8,573.962,1
9204,1,10/18/23,15:20,random,1,1,9,9,576.6661,1
9204,1,10/18/23,15:20,random,1,1,10,10,529.1554,1
9204,1,10/18/23,15:20,random,2,1,11,1,557.7766,1
9204,1,10/18/23,15:20,random,2,1,12,2,574.5491,1
9204,1,10/18/23,15:20,random,2,1,13,3,422.9374,1
9204,1,10/18/23,15:20,random,2,1,14,4,562.3313,1
9204,1,10/18/23,15:20,random,2,1,15,5,498.5453,1
9204,1,10/18/23,15:20,random,2,1,16,6,531.0112,1
9204,1,10/18/23,15:20,random,2,1,17,7,467.297,1
9204,1,10/18/23,15:20,random,2,1,18,8,513.7724,1
9204,1,10/18/23,15:20,random,2,1,19,9,583.1658,1
9204,1,10/18/23,15:20,random,2,1,20,10,561.8681,1
9204,1,10/18/23,15:20,random,3,1,21,1,494.6945,0
9204,1,10/18/23,15:20,random,3,1,22,2,453.7299,1
9204,1,10/18/23,15:20,random,3,1,23,3,536.6096,1
9204,1,10/18/23,15:20,random,3,1,24,4,569.1328,1
9204,1,10/18/23,15:20,random,3,1,25,5,583.8346,1
9204,1,10/18/23,15:20,random,3,1,26,6,520.7384,1
9204,1,10/18/23,15:20,random,3,1,27,7,413.3597,1
9204,1,10/18/23,15:20,random,3,1,28,8,513.4048,1
9204,1,10/18/23,15:20,random,3,1,29,9,603.8129,1
9204,1,10/18/23,15:20,random,3,1,30,10,497.2973,1
9204,1,10/18/23,15:20,random,4,1,31,1,454.3766,1
9204,1,10/18/23,15:20,random,4,1,32,2,653.35,1
9204,1,10/18/23,15:20,random,4,1,33,3,491.3747,1
9204,1,10/18/23,15:20,random,4,1,34,4,616.873,1
9204,1,10/18/23,15:20,random,4,1,35,5,570.8464,1
9204,1,10/18/23,15:20,random,4,1,36,6,498.9783,1
9204,1,10/18/23,15:20,random,4,1,37,7,479.1368,1
9204,1,10/18/23,15:20,random,4,1,38,8,438.7749,1
9204,1,10/18/23,15:20,random,4,1,39,9,466.1371,1
9204,1,10/18/23,15:20,random,4,1,40,10,538.3777,1
9204,1,10/18/23,15:20,random,5,1,41,1,420.3855,1
9204,1,10/18/23,15:20,random,5,1,42,2,487.7748,1
9204,1,10/18/23,15:20,random,5,1,43,3,463.4683,1
9204,1,10/18/23,15:20,random,5,1,44,4,543.0644,1
9204,1,10/18/23,15:20,random,5,1,45,5,572.9001,1
9204,1,10/18/23,15:20,random,5,1,46,6,533.5906,1
9204,1,10/18/23,15:20,random,5,1,47,7,683.6762,1
9204,1,10/18/23,15:20,random,5,1,48,8,509.0899,1
9204,1,10/18/23,15:20,random,5,1,49,9,681.822,1
9204,1,10/18/23,15:20,random,5,1,50,10,757.3993,1
9205,1,10/19/23,09:21,practice,0,1,1,1,579.9753,1
9205,1,10/19/23,09:21,practice,0,1,2,2,546.8368,1
9205,1,10/19/23,09:21,practice,0,1,3,3,515.4821,1
9205,1,10/19/23,09:21,practice,0,1,4,4,358.1894,1
9205,1,10/19/23,09:21,practice,0,1,5,5,453.0093,1
9205,1,10/19/23,09:21,practice,0,1,6,6,443.2051,1
9205,1,10/19/23,09:21,practice,0,1,7,7,403.8978,0
9205,1,10/19/23,09:21,practice,0,1,8,8,0.228499999983,0
9205,1,10/19/23,09:21,random,1,1,1,1,714.5352,1
9205,1,10/19/23,09:21,random,1,1,2,2,495.1654,1
9205,1,10/19/23,09:21,random,1,1,3,3,605.0587,1
9205,1,10/19/23,09:21,random,1,1,4,4,581.7458,1
9205,1,10/19/23,09:21,random,1,1,5,5,506.7938,1
9205,1,10/19/23,09:21,random,1,1,6,6,440.7523,1
9205,1,10/19/23,09:21,random,1,1,7,7,558.0164,1
9205,1,10/19/23,09:21,random,1,1,8,8,618.1243,1
9205,1,10/19/23,09:21,random,1,1,9,9,536.4425,1
9205,1,10/19/23,09:21,random,1,1,10,10,600.8148,1
9205,1,10/19/23,09:21,random,2,1,11,1,453.0179,1
9205,1,10/19/23,09:21,random,2,1,12,2,521.696,1
9205,1,10/19/23,09:21,random,2,1,13,3,390.7965,1
9205,1,10/19/23,09:21,random,2,1,14,4,433.9934,1
9205,1,10/19/23,09:21,random,2,1,15,5,579.4718,1
9205,1,10/19/23,09:21,random,2,1,16,6,520.8649,1
9205,1,10/19/23,09:21,random,2,1,17,7,437.5583,1
9205,1,10/19/23,09:21,random,2,1,18,8,456.0991,1
9205,1,10/19/23,09:21,random,2,1,19,9,451.5522,1
9205,1,10/19/23,09:21,random,2,1,20,10,584.2496,1
9205,1,10/19/23,09:21,random,3,1,21,1,411.3242,1
9205,1,10/19/23,09:21,random,3,1,22,2,504.7644,1
9205,1,10/19/23,09:21,random,3,1,23,3,412.8784,1
9205,1,10/19/23,09:21,random,3,1,24,4,537.4853,1
9205,1,10/19/23,09:21,random,3,1,25,5,511.5287,1
9205,1,10/19/23,09:21,random,3,1,26,6,591.0287,1
9205,1,10/19/23,09:21,random,3,1,27,7,532.4161,1
9205,1,10/19/23,09:21,random,3,1,28,8,516.6343,1
9205,1,10/19/23,09:21,random,3,1,29,9,524.5583,1
9205,1,10/19/23,09:21,random,3,1,30,10,490.2878,1
9205,1,10/19/23,09:21,random,4,1,31,1,553.623,1
9205,1,10/19/23,09:21,random,4,1,32,2,600.6887,1
9205,1,10/19/23,09:21,random,4,1,33,3,534.6691,1
9205,1,10/19/23,09:21,random,4,1,34,4,436.7146,1
9205,1,10/19/23,09:21,random,4,1,35,5,428.3734,1
9205,1,10/19/23,09:21,random,4,1,36,6,503.6368,1
9205,1,10/19/23,09:21,random,4,1,37,7,585.9536,1
9205,1,10/19/23,09:21,random,4,1,38,8,443.7689,1
9205,1,10/19/23,09:21,random,4,1,39,9,493.9579,1
9205,1,10/19/23,09:21,random,4,1,40,10,628.0421,1
9205,1,10/19/23,09:21,random,5,1,41,1,500.2859,1
9205,1,10/19/23,09:21,random,5,1,42,2,451.6029,1
9205,1,10/19/23,09:21,random,5,1,43,3,596.3907,1
9205,1,10/19/23,09:21,random,5,1,44,4,473.4016,1
9205,1,10/19/23,09:21,random,5,1,45,5,497.9332,1
9205,1,10/19/23,09:21,random,5,1,46,6,586.3041,1
9205,1,10/19/23,09:21,random,5,1,47,7,495.7306,1
9205,1,10/19/23,09:21,random,5,1,48,8,533.7383,0
9205,1,10/19/23,09:21,random,5,1,49,9,562.0601,1
9205,1,10/19/23,09:21,random,5,1,50,10,536.4916,1
9206,1,10/19/23,11:08,practice,0,1,1,1,2643.9651,1
9206,1,10/19/23,11:08,practice,0,1,2,2,515.4413,1
9206,1,10/19/23,11:08,practice,0,1,3,3,485.7098,0
9206,1,10/19/23,11:08,practice,0,1,4,4,0.307400000005,1
9206,1,10/19/23,11:08,practice,0,1,5,5,329.985,0
9206,1,10/19/23,11:08,practice,0,1,6,6,0.226299999995,0
9206,1,10/19/23,11:08,practice,0,1,7,7,1179.8083,0
9206,1,10/19/23,11:08,practice,0,1,8,8,0.836200000005,1
9206,1,10/19/23,11:08,random,1,1,1,1,437.545,1
9206,1,10/19/23,11:08,random,1,1,2,2,524.3937,1
9206,1,10/19/23,11:08,random,1,1,3,3,12.4222,0
9206,1,10/19/23,11:08,random,1,1,4,4,822.3793,1
9206,1,10/19/23,11:08,random,1,1,5,5,583.8712,1
9206,1,10/19/23,11:08,random,1,1,6,6,211.8433,1
9206,1,10/19/23,11:08,random,1,1,7,7,417.5276,1
9206,1,10/19/23,11:08,random,1,1,8,8,417.8081,1
9206,1,10/19/23,11:08,random,1,1,9,9,3075.8533,1
9206,1,10/19/23,11:08,random,1,1,10,10,9.2794,0
9206,1,10/19/23,11:08,random,2,1,11,1,12.9473,0
9206,1,10/19/23,11:08,random,2,1,12,2,390.5845,0
9206,1,10/19/23,11:08,random,2,1,13,3,475.7505,1
9206,1,10/19/23,11:08,random,2,1,14,4,508.822,0
9206,1,10/19/23,11:08,random,2,1,15,5,420.6173,1
9206,1,10/19/23,11:08,random,2,1,16,6,762.3676,1
9206,1,10/19/23,11:08,random,2,1,17,7,631.693,0
9206,1,10/19/23,11:08,random,2,1,18,8,487.6217,1
9206,1,10/19/23,11:08,random,2,1,19,9,378.1843,1
9206,1,10/19/23,11:08,random,2,1,20,10,854.8451,1
9206,1,10/19/23,11:08,random,3,1,21,1,487.9558,1
9206,1,10/19/23,11:08,random,3,1,22,2,1168.9121,1
9206,1,10/19/23,11:08,random,3,1,23,3,667.3615,0
9206,1,10/19/23,11:08,random,3,1,24,4,3.02109999998,0
9206,1,10/19/23,11:08,random,3,1,25,5,627.2737,1
9206,1,10/19/23,11:08,random,3,1,26,6,457.5758,0
9206,1,10/19/23,11:08,random,3,1,27,7,384.5191,1
9206,1,10/19/23,11:08,random,3,1,28,8,639.9373,1
9206,1,10/19/23,11:08,random,3,1,29,9,684.9554,1
9206,1,10/19/23,11:08,random,3,1,30,10,936.5183,1
9206,1,10/19/23,11:08,random,4,1,31,1,435.9327,1
9206,1,10/19/23,11:08,random,4,1,32,2,740.7497,1
9206,1,10/19/23,11:08,random,4,1,33,3,1788.2327,1
9206,1,10/19/23,11:08,random,4,1,34,4,465.6181,1
9206,1,10/19/23,11:08,random,4,1,35,5,488.6725,1
9206,1,10/19/23,11:08,random,4,1,36,6,468.2846,1
9206,1,10/19/23,11:08,random,4,1,37,7,533.5268,0
9206,1,10/19/23,11:08,random,4,1,38,8,10.7768,0
9206,1,10/19/23,11:08,random,4,1,39,9,612.3987,1
9206,1,10/19/23,11:08,random,4,1,40,10,5267.5305,0
9206,1,10/19/23,11:08,random,5,1,41,1,14.0353,0
9206,1,10/19/23,11:08,random,5,1,42,2,12.1934,0
9206,1,10/19/23,11:08,random,5,1,43,3,470.9757,0
9206,1,10/19/23,11:08,random,5,1,44,4,19.2048,0
9206,1,10/19/23,11:08,random,5,1,45,5,459.4986,0
9206,1,10/19/23,11:08,random,5,1,46,6,24.2415,0
9206,1,10/19/23,11:08,random,5,1,47,7,13.1677,0
9206,1,10/19/23,11:08,random,5,1,48,8,406.764,0
9206,1,10/19/23,11:08,random,5,1,49,9,9164.3774,1
9206,1,10/19/23,11:08,random,5,1,50,10,621.8728,1
9207,1,10/19/23,12:13,practice,0,1,1,1,960.4777,1
9207,1,10/19/23,12:13,practice,0,1,2,2,561.4641,1
9207,1,10/19/23,12:13,practice,0,1,3,3,485.3525,1
9207,1,10/19/23,12:13,practice,0,1,4,4,609.3528,1
9207,1,10/19/23,12:13,practice,0,1,5,5,504.7438,1
9207,1,10/19/23,12:13,practice,0,1,6,6,837.799,1
9207,1,10/19/23,12:13,practice,0,1,7,7,627.2742,1
9207,1,10/19/23,12:13,practice,0,1,8,8,541.0259,1
9207,1,10/19/23,12:13,random,1,1,1,1,591.3296,1
9207,1,10/19/23,12:13,random,1,1,2,2,503.5957,1
9207,1,10/19/23,12:13,random,1,1,3,3,518.2692,1
9207,1,10/19/23,12:13,random,1,1,4,4,483.9384,1
9207,1,10/19/23,12:13,random,1,1,5,5,579.6585,1
9207,1,10/19/23,12:13,random,1,1,6,6,539.2583,1
9207,1,10/19/23,12:13,random,1,1,7,7,689.2752,1
9207,1,10/19/23,12:13,random,1,1,8,8,582.3428,1
9207,1,10/19/23,12:13,random,1,1,9,9,604.5064,1
9207,1,10/19/23,12:13,random,1,1,10,10,490.7638,1
9207,1,10/19/23,12:13,random,2,1,11,1,587.4245,1
9207,1,10/19/23,12:13,random,2,1,12,2,552.6881,1
9207,1,10/19/23,12:13,random,2,1,13,3,627.8216,1
9207,1,10/19/23,12:13,random,2,1,14,4,514.1901,1
9207,1,10/19/23,12:13,random,2,1,15,5,528.2636,1
9207,1,10/19/23,12:13,random,2,1,16,6,546.6769,1
9207,1,10/19/23,12:13,random,2,1,17,7,567.1902,1
9207,1,10/19/23,12:13,random,2,1,18,8,435.5099,1
9207,1,10/19/23,12:13,random,2,1,19,9,576.5867,1
9207,1,10/19/23,12:13,random,2,1,20,10,497.7199,1
9207,1,10/19/23,12:13,random,3,1,21,1,551.5532,1
9207,1,10/19/23,12:13,random,3,1,22,2,488.1111,1
9207,1,10/19/23,12:13,random,3,1,23,3,482.6948,1
9207,1,10/19/23,12:13,random,3,1,24,4,460.9433,1
9207,1,10/19/23,12:13,random,3,1,25,5,461.5009,1
9207,1,10/19/23,12:13,random,3,1,26,6,567.2352,1
9207,1,10/19/23,12:13,random,3,1,27,7,534.4932,1
9207,1,10/19/23,12:13,random,3,1,28,8,503.8205,1
9207,1,10/19/23,12:13,random,3,1,29,9,483.1492,1
9207,1,10/19/23,12:13,random,3,1,30,10,507.0896,1
9207,1,10/19/23,12:13,random,4,1,31,1,721.5547,1
9207,1,10/19/23,12:13,random,4,1,32,2,576.5461,1
9207,1,10/19/23,12:13,random,4,1,33,3,419.6174,1
9207,1,10/19/23,12:13,random,4,1,34,4,591.2041,1
9207,1,10/19/23,12:13,random,4,1,35,5,458.816,1
9207,1,10/19/23,12:13,random,4,1,36,6,441.0286,1
9207,1,10/19/23,12:13,random,4,1,37,7,552.2925,1
9207,1,10/19/23,12:13,random,4,1,38,8,571.4703,1
9207,1,10/19/23,12:13,random,4,1,39,9,499.986,1
9207,1,10/19/23,12:13,random,4,1,40,10,666.6142,1
9207,1,10/19/23,12:13,random,5,1,41,1,623.5516,1
9207,1,10/19/23,12:13,random,5,1,42,2,640.1411,1
9207,1,10/19/23,12:13,random,5,1,43,3,532.0825,1
9207,1,10/19/23,12:13,random,5,1,44,4,493.5062,1
9207,1,10/19/23,12:13,random,5,1,45,5,552.1758,1
9207,1,10/19/23,12:13,random,5,1,46,6,460.5801,1
9207,1,10/19/23,12:13,random,5,1,47,7,439.873,1
9207,1,10/19/23,12:13,random,5,1,48,8,400.1087,1
9207,1,10/19/23,12:13,random,5,1,49,9,429.5479,1
9207,1,10/19/23,12:13,random,5,1,50,10,506.8907,1
9209,1,10/19/23,12:18,practice,0,1,1,1,903.4485,1
9209,1,10/19/23,12:18,practice,0,1,2,2,546.5922,1
9209,1,10/19/23,12:18,practice,0,1,3,3,414.5946,1
9209,1,10/19/23,12:18,practice,0,1,4,4,622.6615,1
9209,1,10/19/23,12:18,practice,0,1,5,5,645.7929,1
9209,1,10/19/23,12:18,practice,0,1,6,6,509.7296,1
9209,1,10/19/23,12:18,practice,0,1,7,7,558.893,1
9209,1,10/19/23,12:18,practice,0,1,8,8,620.5766,1
9209,1,10/19/23,12:18,random,1,1,1,1,396.4934,1
9209,1,10/19/23,12:18,random,1,1,2,2,482.603,1
9209,1,10/19/23,12:18,random,1,1,3,3,544.7394,1
9209,1,10/19/23,12:18,random,1,1,4,4,608.4496,1
9209,1,10/19/23,12:18,random,1,1,5,5,504.5301,1
9209,1,10/19/23,12:18,random,1,1,6,6,455.1088,1
9209,1,10/19/23,12:18,random,1,1,7,7,576.6413,1
9209,1,10/19/23,12:18,random,1,1,8,8,598.5467,1
9209,1,10/19/23,12:18,random,1,1,9,9,528.9762,1
9209,1,10/19/23,12:18,random,1,1,10,10,384.0525,1
9209,1,10/19/23,12:18,random,2,1,11,1,544.5413,1
9209,1,10/19/23,12:18,random,2,1,12,2,570.1916,1
9209,1,10/19/23,12:18,random,2,1,13,3,421.6867,1
9209,1,10/19/23,12:18,random,2,1,14,4,515.7019,1
9209,1,10/19/23,12:18,random,2,1,15,5,589.3891,1
9209,1,10/19/23,12:18,random,2,1,16,6,494.0068,1
9209,1,10/19/23,12:18,random,2,1,17,7,619.2889,1
9209,1,10/19/23,12:18,random,2,1,18,8,475.0735,1
9209,1,10/19/23,12:18,random,2,1,19,9,554.4597,1
9209,1,10/19/23,12:18,random,2,1,20,10,466.3773,1
9209,1,10/19/23,12:18,random,3,1,21,1,591.8166,1
9209,1,10/19/23,12:18,random,3,1,22,2,522.4046,1
9209,1,10/19/23,12:18,random,3,1,23,3,499.2556,1
9209,1,10/19/23,12:18,random,3,1,24,4,775.5495,1
9209,1,10/19/23,12:18,random,3,1,25,5,458.189,1
9209,1,10/19/23,12:18,random,3,1,26,6,591.1396,1
9209,1,10/19/23,12:18,random,3,1,27,7,518.9581,1
9209,1,10/19/23,12:18,random,3,1,28,8,591.5118,1
9209,1,10/19/23,12:18,random,3,1,29,9,624.6738,1
9209,1,10/19/23,12:18,random,3,1,30,10,476.8693,1
9209,1,10/19/23,12:18,random,4,1,31,1,593.6357,1
9209,1,10/19/23,12:18,random,4,1,32,2,500.2592,1
9209,1,10/19/23,12:18,random,4,1,33,3,497.7123,1
9209,1,10/19/23,12:18,random,4,1,34,4,650.2048,1
9209,1,10/19/23,12:18,random,4,1,35,5,571.7869,1
9209,1,10/19/23,12:18,random,4,1,36,6,689.4097,1
9209,1,10/19/23,12:18,random,4,1,37,7,665.224,1
9209,1,10/19/23,12:18,random,4,1,38,8,441.2093,1
9209,1,10/19/23,12:18,random,4,1,39,9,656.6872,1
9209,1,10/19/23,12:18,random,4,1,40,10,558.5361,1
9209,1,10/19/23,12:18,random,5,1,41,1,659.4675,1
9209,1,10/19/23,12:18,random,5,1,42,2,499.612,1
9209,1,10/19/23,12:18,random,5,1,43,3,482.6946,1
9209,1,10/19/23,12:18,random,5,1,44,4,763.2031,1
9209,1,10/19/23,12:18,random,5,1,45,5,559.4546,1
9209,1,10/19/23,12:18,random,5,1,46,6,651.5423,1
9209,1,10/19/23,12:18,random,5,1,47,7,558.2164,1
9209,1,10/19/23,12:18,random,5,1,48,8,684.9291,1
9209,1,10/19/23,12:18,random,5,1,49,9,459.9886,1
9209,1,10/19/23,12:18,random,5,1,50,10,575.8865,1
9210,1,10/19/23,15:26,practice,0,1,1,1,708.72,1
9210,1,10/19/23,15:26,practice,0,1,2,2,435.2288,1
9210,1,10/19/23,15:26,practice,0,1,3,3,419.3328,1
9210,1,10/19/23,15:26,practice,0,1,4,4,442.6505,1
9210,1,10/19/23,15:26,practice,0,1,5,5,383.0283,1
9210,1,10/19/23,15:26,practice,0,1,6,6,398.2705,1
9210,1,10/19/23,15:26,practice,0,1,7,7,334.5599,1
9210,1,10/19/23,15:26,practice,0,1,8,8,372.3119,1
9210,1,10/19/23,15:26,random,1,1,1,1,501.1614,1
9210,1,10/19/23,15:26,random,1,1,2,2,403.8741,1
9210,1,10/19/23,15:26,random,1,1,3,3,355.5382,1
9210,1,10/19/23,15:26,random,1,1,4,4,288.2952,1
9210,1,10/19/23,15:26,random,1,1,5,5,369.0992,1
9210,1,10/19/23,15:26,random,1,1,6,6,370.683,1
9210,1,10/19/23,15:26,random,1,1,7,7,363.9298,1
9210,1,10/19/23,15:26,random,1,1,8,8,337.48630000000003,1
9210,1,10/19/23,15:26,random,1,1,9,9,344.2911,0
9210,1,10/19/23,15:26,random,1,1,10,10,13.2009,0
9210,1,10/19/23,15:26,random,2,1,11,1,413.7357,1
9210,1,10/19/23,15:26,random,2,1,12,2,377.6565,1
9210,1,10/19/23,15:26,random,2,1,13,3,369.8358,1
9210,1,10/19/23,15:26,random,2,1,14,4,393.8874,1
9210,1,10/19/23,15:26,random,2,1,15,5,786.0891,1
9210,1,10/19/23,15:26,random,2,1,16,6,359.2714,1
9210,1,10/19/23,15:26,random,2,1,17,7,358.5175,1
9210,1,10/19/23,15:26,random,2,1,18,8,365.7352,1
9210,1,10/19/23,15:26,random,2,1,19,9,338.0285,1
9210,1,10/19/23,15:26,random,2,1,20,10,350.4819,1
9210,1,10/19/23,15:26,random,3,1,21,1,483.731,1
9210,1,10/19/23,15:26,random,3,1,22,2,403.7853,1
9210,1,10/19/23,15:26,random,3,1,23,3,383.4286,1
9210,1,10/19/23,15:26,random,3,1,24,4,409.9769,1
9210,1,10/19/23,15:26,random,3,1,25,5,393.4196,1
9210,1,10/19/23,15:26,random,3,1,26,6,383.4869,1
9210,1,10/19/23,15:26,random,3,1,27,7,357.6653,1
9210,1,10/19/23,15:26,random,3,1,28,8,354.6518,1
9210,1,10/19/23,15:26,random,3,1,29,9,354.4325,1
9210,1,10/19/23,15:26,random,3,1,30,10,689.1202,1
9210,1,10/19/23,15:26,random,4,1,31,1,418.5137,1
9210,1,10/19/23,15:26,random,4,1,32,2,536.9211,1
9210,1,10/19/23,15:26,random,4,1,33,3,360.2933,1
9210,1,10/19/23,15:26,random,4,1,34,4,377.0737,1
9210,1,10/19/23,15:26,random,4,1,35,5,481.5461,1
9210,1,10/19/23,15:26,random,4,1,36,6,533.4424,1
9210,1,10/19/23,15:26,random,4,1,37,7,416.4695,1
9210,1,10/19/23,15:26,random,4,1,38,8,340.7631,1
9210,1,10/19/23,15:26,random,4,1,39,9,392.1207,1
9210,1,10/19/23,15:26,random,4,1,40,10,580.9356,1
9210,1,10/19/23,15:26,random,5,1,41,1,369.3717,1
9210,1,10/19/23,15:26,random,5,1,42,2,440.1833,1
9210,1,10/19/23,15:26,random,5,1,43,3,443.1736,1
9210,1,10/19/23,15:26,random,5,1,44,4,434.2516,1
9210,1,10/19/23,15:26,random,5,1,45,5,379.6144,1
9210,1,10/19/23,15:26,random,5,1,46,6,380.8306,1
9210,1,10/19/23,15:26,random,5,1,47,7,429.7035,1
9210,1,10/19/23,15:26,random,5,1,48,8,340.362,1
9210,1,10/19/23,15:26,random,5,1,49,9,392.3017,1
9210,1,10/19/23,15:26,random,5,1,50,10,428.2099,1
9211,1,10/19/23,15:23,practice,0,1,1,1,431.0847,1
9211,1,10/19/23,15:23,practice,0,1,2,2,453.844,1
9211,1,10/19/23,15:23,practice,0,1,3,3,449.7431,1
9211,1,10/19/23,15:23,practice,0,1,4,4,398.0744,1
9211,1,10/19/23,15:23,practice,0,1,5,5,349.5871,1
9211,1,10/19/23,15:23,practice,0,1,6,6,388.3415,1
9211,1,10/19/23,15:23,practice,0,1,7,7,372.4497,1
9211,1,10/19/23,15:23,practice,0,1,8,8,358.3826,1
9211,1,10/19/23,15:23,random,1,1,1,1,383.4313,1
9211,1,10/19/23,15:23,random,1,1,2,2,377.0743,1
9211,1,10/19/23,15:23,random,1,1,3,3,340.3175,1
9211,1,10/19/23,15:23,random,1,1,4,4,367.4598,1
9211,1,10/19/23,15:23,random,1,1,5,5,337.4032,1
9211,1,10/19/23,15:23,random,1,1,6,6,533.1684,0
9211,1,10/19/23,15:23,random,1,1,7,7,474.6995,1
9211,1,10/19/23,15:23,random,1,1,8,8,413.781,1
9211,1,10/19/23,15:23,random,1,1,9,9,323.2906,1
9211,1,10/19/23,15:23,random,1,1,10,10,448.5859,1
9211,1,10/19/23,15:23,random,2,1,11,1,368.3798,1
9211,1,10/19/23,15:23,random,2,1,12,2,331.3584,1
9211,1,10/19/23,15:23,random,2,1,13,3,408.6763,1
9211,1,10/19/23,15:23,random,2,1,14,4,337.0422,0
9211,1,10/19/23,15:23,random,2,1,15,5,517.4563,1
9211,1,10/19/23,15:23,random,2,1,16,6,438.1882,1
9211,1,10/19/23,15:23,random,2,1,17,7,456.1922,1
9211,1,10/19/23,15:23,random,2,1,18,8,495.1668,1
9211,1,10/19/23,15:23,random,2,1,19,9,419.5044,1
9211,1,10/19/23,15:23,random,2,1,20,10,354.0783,1
9211,1,10/19/23,15:23,random,3,1,21,1,333.1141,1
9211,1,10/19/23,15:23,random,3,1,22,2,383.5101,1
9211,1,10/19/23,15:23,random,3,1,23,3,415.0276,1
9211,1,10/19/23,15:23,random,3,1,24,4,323.8425,1
9211,1,10/19/23,15:23,random,3,1,25,5,384.9065,1
9211,1,10/19/23,15:23,random,3,1,26,6,440.209,1
9211,1,10/19/23,15:23,random,3,1,27,7,352.8297,1
9211,1,10/19/23,15:23,random,3,1,28,8,319.5606,1
9211,1,10/19/23,15:23,random,3,1,29,9,522.069,1
9211,1,10/19/23,15:23,random,3,1,30,10,474.5792,1
9211,1,10/19/23,15:23,random,4,1,31,1,355.2587,1
9211,1,10/19/23,15:23,random,4,1,32,2,354.2995,1
9211,1,10/19/23,15:23,random,4,1,33,3,373.7821,1
9211,1,10/19/23,15:23,random,4,1,34,4,351.521,0
9211,1,10/19/23,15:23,random,4,1,35,5,3.19409999999,1
9211,1,10/19/23,15:23,random,4,1,36,6,368.8254,0
9211,1,10/19/23,15:23,random,4,1,37,7,15.7852,0
9211,1,10/19/23,15:23,random,4,1,38,8,496.4147,1
9211,1,10/19/23,15:23,random,4,1,39,9,364.6932,1
9211,1,10/19/23,15:23,random,4,1,40,10,404.1191,1
9211,1,10/19/23,15:23,random,5,1,41,1,405.313,1
9211,1,10/19/23,15:23,random,5,1,42,2,372.4438,1
9211,1,10/19/23,15:23,random,5,1,43,3,442.1477,1
9211,1,10/19/23,15:23,random,5,1,44,4,403.3599,1
9211,1,10/19/23,15:23,random,5,1,45,5,394.9456,1
9211,1,10/19/23,15:23,random,5,1,46,6,401.1035,1
9211,1,10/19/23,15:23,random,5,1,47,7,336.4233,1
9211,1,10/19/23,15:23,random,5,1,48,8,441.2557,1
9211,1,10/19/23,15:23,random,5,1,49,9,310.5476,1
9211,1,10/19/23,15:23,random,5,1,50,10,389.3373,1
9212,1,10/20/23,09:25,practice,0,1,1,1,510.5996,1
9212,1,10/20/23,09:25,practice,0,1,2,2,361.8908,1
9212,1,10/20/23,09:25,practice,0,1,3,3,456.4828,1
9212,1,10/20/23,09:25,practice,0,1,4,4,410.23,1
9212,1,10/20/23,09:25,practice,0,1,5,5,528.6427,1
9212,1,10/20/23,09:25,practice,0,1,6,6,415.0885,1
9212,1,10/20/23,09:25,practice,0,1,7,7,486.5085,1
9212,1,10/20/23,09:25,practice,0,1,8,8,1105.9127,1
9212,1,10/20/23,09:25,random,1,1,1,1,1214.7769,1
9212,1,10/20/23,09:25,random,1,1,2,2,660.8511,1
9212,1,10/20/23,09:25,random,1,1,3,3,581.8545,1
9212,1,10/20/23,09:25,random,1,1,4,4,376.0151,1
9212,1,10/20/23,09:25,random,1,1,5,5,502.4622,1
9212,1,10/20/23,09:25,random,1,1,6,6,572.4646,1
9212,1,10/20/23,09:25,random,1,1,7,7,608.3037,1
9212,1,10/20/23,09:25,random,1,1,8,8,540.5334,1
9212,1,10/20/23,09:25,random,1,1,9,9,629.4295,1
9212,1,10/20/23,09:25,random,1,1,10,10,612.9322,1
9212,1,10/20/23,09:25,random,2,1,11,1,644.2707,1
9212,1,10/20/23,09:25,random,2,1,12,2,426.6368,1
9212,1,10/20/23,09:25,random,2,1,13,3,612.25,1
9212,1,10/20/23,09:25,random,2,1,14,4,653.7256,1
9212,1,10/20/23,09:25,random,2,1,15,5,1265.3799,1
9212,1,10/20/23,09:25,random,2,1,16,6,483.9533,1
9212,1,10/20/23,09:25,random,2,1,17,7,501.0166,1
9212,1,10/20/23,09:25,random,2,1,18,8,533.1807,1
9212,1,10/20/23,09:25,random,2,1,19,9,590.8621,1
9212,1,10/20/23,09:25,random,2,1,20,10,545.2364,1
9212,1,10/20/23,09:25,random,3,1,21,1,537.8664,1
9212,1,10/20/23,09:25,random,3,1,22,2,545.3753,1
9212,1,10/20/23,09:25,random,3,1,23,3,475.5275,1
9212,1,10/20/23,09:25,random,3,1,24,4,569.6604,1
9212,1,10/20/23,09:25,random,3,1,25,5,556.1325,1
9212,1,10/20/23,09:25,random,3,1,26,6,1085.0361,1
9212,1,10/20/23,09:25,random,3,1,27,7,634.2048,1
9212,1,10/20/23,09:25,random,3,1,28,8,692.4893,1
9212,1,10/20/23,09:25,random,3,1,29,9,643.3687,1
9212,1,10/20/23,09:25,random,3,1,30,10,558.0008,1
9212,1,10/20/23,09:25,random,4,1,31,1,505.5189,1
9212,1,10/20/23,09:25,random,4,1,32,2,425.789,1
9212,1,10/20/23,09:25,random,4,1,33,3,980.8139,1
9212,1,10/20/23,09:25,random,4,1,34,4,563.7126,1
9212,1,10/20/23,09:25,random,4,1,35,5,462.5515,1
9212,1,10/20/23,09:25,random,4,1,36,6,436.5791,1
9212,1,10/20/23,09:25,random,4,1,37,7,508.5613,1
9212,1,10/20/23,09:25,random,4,1,38,8,501.2622,1
9212,1,10/20/23,09:25,random,4,1,39,9,494.4965,1
9212,1,10/20/23,09:25,random,4,1,40,10,551.602,1
9212,1,10/20/23,09:25,random,5,1,41,1,985.0786,1
9212,1,10/20/23,09:25,random,5,1,42,2,434.0829,1
9212,1,10/20/23,09:25,random,5,1,43,3,490.6805,1
9212,1,10/20/23,09:25,random,5,1,44,4,674.0055,1
9212,1,10/20/23,09:25,random,5,1,45,5,493.3697,1
9212,1,10/20/23,09:25,random,5,1,46,6,381.295,1
9212,1,10/20/23,09:25,random,5,1,47,7,726.9597,1
9212,1,10/20/23,09:25,random,5,1,48,8,595.2519,1
9212,1,10/20/23,09:25,random,5,1,49,9,544.9502,1
9212,1,10/20/23,09:25,random,5,1,50,10,688.1399,1
9213,1,10/27/23,09:21,practice,0,1,1,1,1828.0179,1
9213,1,10/27/23,09:21,practice,0,1,2,2,382.8558,1
9213,1,10/27/23,09:21,practice,0,1,3,3,319.6903,1
9213,1,10/27/23,09:21,practice,0,1,4,4,356.8853,1
9213,1,10/27/23,09:21,practice,0,1,5,5,314.0888,0
9213,1,10/27/23,09:21,practice,0,1,6,6,0.352100000004,0
9213,1,10/27/23,09:21,practice,0,1,7,7,337.6595,1
9213,1,10/27/23,09:21,practice,0,1,8,8,313.1554,1
9213,1,10/27/23,09:21,random,1,1,1,1,442.5778,1
9213,1,10/27/23,09:21,random,1,1,2,2,363.8747,1
9213,1,10/27/23,09:21,random,1,1,3,3,327.6512,1
9213,1,10/27/23,09:21,random,1,1,4,4,2.7818,0
9213,1,10/27/23,09:21,random,1,1,5,5,375.5546,1
9213,1,10/27/23,09:21,random,1,1,6,6,357.1664,1
9213,1,10/27/23,09:21,random,1,1,7,7,353.9341,1
9213,1,10/27/23,09:21,random,1,1,8,8,373.0959,1
9213,1,10/27/23,09:21,random,1,1,9,9,343.9873,1
9213,1,10/27/23,09:21,random,1,1,10,10,397.6675,1
9213,1,10/27/23,09:21,random,2,1,11,1,388.5096,1
9213,1,10/27/23,09:21,random,2,1,12,2,351.0953,1
9213,1,10/27/23,09:21,random,2,1,13,3,344.4944,1
9213,1,10/27/23,09:21,random,2,1,14,4,352.1647,1
9213,1,10/27/23,09:21,random,2,1,15,5,363.7024,1
9213,1,10/27/23,09:21,random,2,1,16,6,376.1495,1
9213,1,10/27/23,09:21,random,2,1,17,7,377.0018,1
9213,1,10/27/23,09:21,random,2,1,18,8,338.8253,1
9213,1,10/27/23,09:21,random,2,1,19,9,332.7764,1
9213,1,10/27/23,09:21,random,2,1,20,10,374.5411,1
9213,1,10/27/23,09:21,random,3,1,21,1,402.3232,1
9213,1,10/27/23,09:21,random,3,1,22,2,421.0263,1
9213,1,10/27/23,09:21,random,3,1,23,3,367.4233,1
9213,1,10/27/23,09:21,random,3,1,24,4,434.9665,1
9213,1,10/27/23,09:21,random,3,1,25,5,5.10740000004,0
9213,1,10/27/23,09:21,random,3,1,26,6,4.2248,0
9213,1,10/27/23,09:21,random,3,1,27,7,414.9818,1
9213,1,10/27/23,09:21,random,3,1,28,8,341.1731,1
9213,1,10/27/23,09:21,random,3,1,29,9,340.8958,1
9213,1,10/27/23,09:21,random,3,1,30,10,342.8646,1
9213,1,10/27/23,09:21,random,4,1,31,1,367.5428,1
9213,1,10/27/23,09:21,random,4,1,32,2,366.4851,0
9213,1,10/27/23,09:21,random,4,1,33,3,4.28570000001,0
9213,1,10/27/23,09:21,random,4,1,34,4,390.0586,1
9213,1,10/27/23,09:21,random,4,1,35,5,3.2697,1
9213,1,10/27/23,09:21,random,4,1,36,6,457.9946,1
9213,1,10/27/23,09:21,random,4,1,37,7,350.3928,1
9213,1,10/27/23,09:21,random,4,1,38,8,327.4832,1
9213,1,10/27/23,09:21,random,4,1,39,9,334.9112,1
9213,1,10/27/23,09:21,random,4,1,40,10,356.2793,1
9213,1,10/27/23,09:21,random,5,1,41,1,374.5905,1
9213,1,10/27/23,09:21,random,5,1,42,2,419.6235,1
9213,1,10/27/23,09:21,random,5,1,43,3,362.785,1
9213,1,10/27/23,09:21,random,5,1,44,4,316.9479,1
9213,1,10/27/23,09:21,random,5,1,45,5,353.5981,1
9213,1,10/27/23,09:21,random,5,1,46,6,345.7653,1
9213,1,10/27/23,09:21,random,5,1,47,7,351.9411,1
9213,1,10/27/23,09:21,random,5,1,48,8,348.1714,1
9213,1,10/27/23,09:21,random,5,1,49,9,317.8678,1
9213,1,10/27/23,09:21,random,5,1,50,10,297.9373,1
9214,1,10/20/23,09:26,practice,0,1,1,1,1259.5855,1
9214,1,10/20/23,09:26,practice,0,1,2,2,607.3235,1
9214,1,10/20/23,09:26,practice,0,1,3,3,601.0932,1
9214,1,10/20/23,09:26,practice,0,1,4,4,489.6672,1
9214,1,10/20/23,09:26,practice,0,1,5,5,452.967,1
9214,1,10/20/23,09:26,practice,0,1,6,6,566.1728,1
9214,1,10/20/23,09:26,practice,0,1,7,7,551.3819,1
9214,1,10/20/23,09:26,practice,0,1,8,8,409.8913,1
9214,1,10/20/23,09:26,random,1,1,1,1,468.7155,1
9214,1,10/20/23,09:26,random,1,1,2,2,410.6881,1
9214,1,10/20/23,09:26,random,1,1,3,3,498.1333,1
9214,1,10/20/23,09:26,random,1,1,4,4,571.6455,1
9214,1,10/20/23,09:26,random,1,1,5,5,315.8654,1
9214,1,10/20/23,09:26,random,1,1,6,6,432.7433,0
9214,1,10/20/23,09:26,random,1,1,7,7,4.387,1
9214,1,10/20/23,09:26,random,1,1,8,8,528.2094,1
9214,1,10/20/23,09:26,random,1,1,9,9,464.2718,1
9214,1,10/20/23,09:26,random,1,1,10,10,509.6468,1
9214,1,10/20/23,09:26,random,2,1,11,1,396.9464,1
9214,1,10/20/23,09:26,random,2,1,12,2,507.1374,1
9214,1,10/20/23,09:26,random,2,1,13,3,514.599,1
9214,1,10/20/23,09:26,random,2,1,14,4,511.7653,1
9214,1,10/20/23,09:26,random,2,1,15,5,492.6631,1
9214,1,10/20/23,09:26,random,2,1,16,6,478.9037,1
9214,1,10/20/23,09:26,random,2,1,17,7,381.0105,1
9214,1,10/20/23,09:26,random,2,1,18,8,430.1078,1
9214,1,10/20/23,09:26,random,2,1,19,9,359.0734,1
9214,1,10/20/23,09:26,random,2,1,20,10,417.3285,1
9214,1,10/20/23,09:26,random,3,1,21,1,358.7895,1
9214,1,10/20/23,09:26,random,3,1,22,2,462.4438,1
9214,1,10/20/23,09:26,random,3,1,23,3,548.5289,1
9214,1,10/20/23,09:26,random,3,1,24,4,392.7279,1
9214,1,10/20/23,09:26,random,3,1,25,5,400.36,1
9214,1,10/20/23,09:26,random,3,1,26,6,495.355,1
9214,1,10/20/23,09:26,random,3,1,27,7,475.4766,1
9214,1,10/20/23,09:26,random,3,1,28,8,410.7747,1
9214,1,10/20/23,09:26,random,3,1,29,9,468.6265,1
9214,1,10/20/23,09:26,random,3,1,30,10,378.7311,1
9214,1,10/20/23,09:26,random,4,1,31,1,452.0511,1
9214,1,10/20/23,09:26,random,4,1,32,2,600.4019,1
9214,1,10/20/23,09:26,random,4,1,33,3,362.9011,1
9214,1,10/20/23,09:26,random,4,1,34,4,365.2641,1
9214,1,10/20/23,09:26,random,4,1,35,5,432.7952,1
9214,1,10/20/23,09:26,random,4,1,36,6,372.853,1
9214,1,10/20/23,09:26,random,4,1,37,7,393.5419,1
9214,1,10/20/23,09:26,random,4,1,38,8,434.501,1
9214,1,10/20/23,09:26,random,4,1,39,9,450.5871,1
9214,1,10/20/23,09:26,random,4,1,40,10,525.6765,1
9214,1,10/20/23,09:26,random,5,1,41,1,472.5062,1
9214,1,10/20/23,09:26,random,5,1,42,2,401.4109,1
9214,1,10/20/23,09:26,random,5,1,43,3,375.0452,1
9214,1,10/20/23,09:26,random,5,1,44,4,541.0123,1
9214,1,10/20/23,09:26,random,5,1,45,5,340.7039,1
9214,1,10/20/23,09:26,random,5,1,46,6,350.154,1
9214,1,10/20/23,09:26,random,5,1,47,7,432.4339,0
9214,1,10/20/23,09:26,random,5,1,48,8,463.8443,1
9214,1,10/20/23,09:26,random,5,1,49,9,443.9875,1
9214,1,10/20/23,09:26,random,5,1,50,10,603.4089,1
9215,1,10/20/23,12:13,practice,0,1,1,1,2459.6431,1
9215,1,10/20/23,12:13,practice,0,1,2,2,551.2522,1
9215,1,10/20/23,12:13,practice,0,1,3,3,450.8115,1
9215,1,10/20/23,12:13,practice,0,1,4,4,366.3119,1
9215,1,10/20/23,12:13,practice,0,1,5,5,388.0871,1
9215,1,10/20/23,12:13,practice,0,1,6,6,429.1444,1
9215,1,10/20/23,12:13,practice,0,1,7,7,779.5972,1
9215,1,10/20/23,12:13,practice,0,1,8,8,569.0529,1
9215,1,10/20/23,12:13,random,1,1,1,1,589.9029,1
9215,1,10/20/23,12:13,random,1,1,2,2,399.7649,1
9215,1,10/20/23,12:13,random,1,1,3,3,648.2598,1
9215,1,10/20/23,12:13,random,1,1,4,4,463.2762,1
9215,1,10/20/23,12:13,random,1,1,5,5,403.805,1
9215,1,10/20/23,12:13,random,1,1,6,6,303.2221,1
9215,1,10/20/23,12:13,random,1,1,7,7,389.4006,1
9215,1,10/20/23,12:13,random,1,1,8,8,462.9961,1
9215,1,10/20/23,12:13,random,1,1,9,9,344.4574,1
9215,1,10/20/23,12:13,random,1,1,10,10,419.7972,1
9215,1,10/20/23,12:13,random,2,1,11,1,582.6839,1
9215,1,10/20/23,12:13,random,2,1,12,2,419.9778,1
9215,1,10/20/23,12:13,random,2,1,13,3,1055.0729,1
9215,1,10/20/23,12:13,random,2,1,14,4,470.584,1
9215,1,10/20/23,12:13,random,2,1,15,5,1311.0137,1
9215,1,10/20/23,12:13,random,2,1,16,6,495.0325,1
9215,1,10/20/23,12:13,random,2,1,17,7,661.993,1
9215,1,10/20/23,12:13,random,2,1,18,8,445.1733,1
9215,1,10/20/23,12:13,random,2,1,19,9,561.6209,1
9215,1,10/20/23,12:13,random,2,1,20,10,659.0704,1
9215,1,10/20/23,12:13,random,3,1,21,1,891.8241,1
9215,1,10/20/23,12:13,random,3,1,22,2,804.3118,1
9215,1,10/20/23,12:13,random,3,1,23,3,555.8078,1
9215,1,10/20/23,12:13,random,3,1,24,4,738.1975,1
9215,1,10/20/23,12:13,random,3,1,25,5,665.7116,1
9215,1,10/20/23,12:13,random,3,1,26,6,527.8597,1
9215,1,10/20/23,12:13,random,3,1,27,7,622.6146,1
9215,1,10/20/23,12:13,random,3,1,28,8,912.7273,1
9215,1,10/20/23,12:13,random,3,1,29,9,722.5318,1
9215,1,10/20/23,12:13,random,3,1,30,10,722.6213,1
9215,1,10/20/23,12:13,random,4,1,31,1,784.3257,1
9215,1,10/20/23,12:13,random,4,1,32,2,495.8732,1
9215,1,10/20/23,12:13,random,4,1,33,3,658.7394,1
9215,1,10/20/23,12:13,random,4,1,34,4,618.6236,1
9215,1,10/20/23,12:13,random,4,1,35,5,555.4934,1
9215,1,10/20/23,12:13,random,4,1,36,6,590.305,1
9215,1,10/20/23,12:13,random,4,1,37,7,626.9091,1
9215,1,10/20/23,12:13,random,4,1,38,8,598.6671,1
9215,1,10/20/23,12:13,random,4,1,39,9,812.4848,1
9215,1,10/20/23,12:13,random,4,1,40,10,636.1743,1
9215,1,10/20/23,12:13,random,5,1,41,1,595.5754,1
9215,1,10/20/23,12:13,random,5,1,42,2,559.7304,1
9215,1,10/20/23,12:13,random,5,1,43,3,585.3636,1
9215,1,10/20/23,12:13,random,5,1,44,4,662.295,1
9215,1,10/20/23,12:13,random,5,1,45,5,971.7305,1
9215,1,10/20/23,12:13,random,5,1,46,6,728.986,1
9215,1,10/20/23,12:13,random,5,1,47,7,927.9961,1
9215,1,10/20/23,12:13,random,5,1,48,8,743.3663,1
9215,1,10/20/23,12:13,random,5,1,49,9,594.3193,1
9215,1,10/20/23,12:13,random,5,1,50,10,1475.141,1
9216,1,10/20/23,12:16,practice,0,1,1,1,830.115,1
9216,1,10/20/23,12:16,practice,0,1,2,2,498.9136,1
9216,1,10/20/23,12:16,practice,0,1,3,3,471.0882,1
9216,1,10/20/23,12:16,practice,0,1,4,4,412.2342,1
9216,1,10/20/23,12:16,practice,0,1,5,5,470.7871,1
9216,1,10/20/23,12:16,practice,0,1,6,6,379.936,1
9216,1,10/20/23,12:16,practice,0,1,7,7,516.3106,1
9216,1,10/20/23,12:16,practice,0,1,8,8,324.4111,1
9216,1,10/20/23,12:16,random,1,1,1,1,350.3405,1
9216,1,10/20/23,12:16,random,1,1,2,2,351.9824,1
9216,1,10/20/23,12:16,random,1,1,3,3,376.9249,1
9216,1,10/20/23,12:16,random,1,1,4,4,301.3104,1
9216,1,10/20/23,12:16,random,1,1,5,5,426.4383,1
9216,1,10/20/23,12:16,random,1,1,6,6,367.9143,1
9216,1,10/20/23,12:16,random,1,1,7,7,355.2906,1
9216,1,10/20/23,12:16,random,1,1,8,8,319.3212,1
9216,1,10/20/23,12:16,random,1,1,9,9,392.9472,1
9216,1,10/20/23,12:16,random,1,1,10,10,392.7122,1
9216,1,10/20/23,12:16,random,2,1,11,1,510.6003,1
9216,1,10/20/23,12:16,random,2,1,12,2,391.248,1
9216,1,10/20/23,12:16,random,2,1,13,3,398.46,1
9216,1,10/20/23,12:16,random,2,1,14,4,365.6551,1
9216,1,10/20/23,12:16,random,2,1,15,5,506.904,1
9216,1,10/20/23,12:16,random,2,1,16,6,387.6683,1
9216,1,10/20/23,12:16,random,2,1,17,7,425.6717,1
9216,1,10/20/23,12:16,random,2,1,18,8,321.7971,1
9216,1,10/20/23,12:16,random,2,1,19,9,418.3868,1
9216,1,10/20/23,12:16,random,2,1,20,10,352.2695,0
9216,1,10/20/23,12:16,random,3,1,21,1,440.4133,1
9216,1,10/20/23,12:16,random,3,1,22,2,442.5612,1
9216,1,10/20/23,12:16,random,3,1,23,3,413.7096,1
9216,1,10/20/23,12:16,random,3,1,24,4,426.7204,1
9216,1,10/20/23,12:16,random,3,1,25,5,431.3752,1
9216,1,10/20/23,12:16,random,3,1,26,6,393.5178,1
9216,1,10/20/23,12:16,random,3,1,27,7,449.891,1
9216,1,10/20/23,12:16,random,3,1,28,8,399.3392,1
9216,1,10/20/23,12:16,random,3,1,29,9,400.2296,1
9216,1,10/20/23,12:16,random,3,1,30,10,470.1385,1
9216,1,10/20/23,12:16,random,4,1,31,1,475.7713,1
9216,1,10/20/23,12:16,random,4,1,32,2,436.3461,1
9216,1,10/20/23,12:16,random,4,1,33,3,366.4616,1
9216,1,10/20/23,12:16,random,4,1,34,4,602.9723,1
9216,1,10/20/23,12:16,random,4,1,35,5,374.1055,1
9216,1,10/20/23,12:16,random,4,1,36,6,511.4363,1
9216,1,10/20/23,12:16,random,4,1,37,7,437.2446,1
9216,1,10/20/23,12:16,random,4,1,38,8,412.7166,1
9216,1,10/20/23,12:16,random,4,1,39,9,414.5042,1
9216,1,10/20/23,12:16,random,4,1,40,10,376.5061,1
9216,1,10/20/23,12:16,random,5,1,41,1,430.5082,1
9216,1,10/20/23,12:16,random,5,1,42,2,456.783,1
9216,1,10/20/23,12:16,random,5,1,43,3,383.3929,1
9216,1,10/20/23,12:16,random,5,1,44,4,426.2031,1
9216,1,10/20/23,12:16,random,5,1,45,5,416.4364,1
9216,1,10/20/23,12:16,random,5,1,46,6,422.8241,1
9216,1,10/20/23,12:16,random,5,1,47,7,409.4768,1
9216,1,10/20/23,12:16,random,5,1,48,8,360.6343,1
9216,1,10/20/23,12:16,random,5,1,49,9,427.4099,1
9216,1,10/20/23,12:16,random,5,1,50,10,399.3261,1
9217,1,10/20/23,12:18,practice,0,1,1,1,750.4542,1
9217,1,10/20/23,12:18,practice,0,1,2,2,422.0984,1
9217,1,10/20/23,12:18,practice,0,1,3,3,525.8328,1
9217,1,10/20/23,12:18,practice,0,1,4,4,509.9085,1
9217,1,10/20/23,12:18,practice,0,1,5,5,416.0348,1
9217,1,10/20/23,12:18,practice,0,1,6,6,582.1821,1
9217,1,10/20/23,12:18,practice,0,1,7,7,447.4589,1
9217,1,10/20/23,12:18,practice,0,1,8,8,400.3106,1
9217,1,10/20/23,12:18,random,1,1,1,1,630.7804,1
9217,1,10/20/23,12:18,random,1,1,2,2,550.5164,1
9217,1,10/20/23,12:18,random,1,1,3,3,536.556,1
9217,1,10/20/23,12:18,random,1,1,4,4,512.507,1
9217,1,10/20/23,12:18,random,1,1,5,5,461.6633,1
9217,1,10/20/23,12:18,random,1,1,6,6,448.8555,1
9217,1,10/20/23,12:18,random,1,1,7,7,375.173,1
9217,1,10/20/23,12:18,random,1,1,8,8,396.8356,1
9217,1,10/20/23,12:18,random,1,1,9,9,350.1881,1
9217,1,10/20/23,12:18,random,1,1,10,10,391.6456,1
9217,1,10/20/23,12:18,random,2,1,11,1,399.9763,1
9217,1,10/20/23,12:18,random,2,1,12,2,444.253,0
9217,1,10/20/23,12:18,random,2,1,13,3,567.3155,1
9217,1,10/20/23,12:18,random,2,1,14,4,913.3525,1
9217,1,10/20/23,12:18,random,2,1,15,5,362.0613,1
9217,1,10/20/23,12:18,random,2,1,16,6,488.0408,1
9217,1,10/20/23,12:18,random,2,1,17,7,462.8681,1
9217,1,10/20/23,12:18,random,2,1,18,8,557.8183,1
9217,1,10/20/23,12:18,random,2,1,19,9,663.054,1
9217,1,10/20/23,12:18,random,2,1,20,10,335.9326,1
9217,1,10/20/23,12:18,random,3,1,21,1,461.1048,1
9217,1,10/20/23,12:18,random,3,1,22,2,410.2626,1
9217,1,10/20/23,12:18,random,3,1,23,3,521.4891,1
9217,1,10/20/23,12:18,random,3,1,24,4,449.1347,1
9217,1,10/20/23,12:18,random,3,1,25,5,410.1045,1
9217,1,10/20/23,12:18,random,3,1,26,6,368.9796,1
9217,1,10/20/23,12:18,random,3,1,27,7,414.0015,0
9217,1,10/20/23,12:18,random,3,1,28,8,640.3383,1
9217,1,10/20/23,12:18,random,3,1,29,9,388.5866,1
9217,1,10/20/23,12:18,random,3,1,30,10,678.786,1
9217,1,10/20/23,12:18,random,4,1,31,1,330.3463,1
9217,1,10/20/23,12:18,random,4,1,32,2,487.2621,1
9217,1,10/20/23,12:18,random,4,1,33,3,505.841,1
9217,1,10/20/23,12:18,random,4,1,34,4,616.7935,1
9217,1,10/20/23,12:18,random,4,1,35,5,575.3988,1
9217,1,10/20/23,12:18,random,4,1,36,6,613.084,1
9217,1,10/20/23,12:18,random,4,1,37,7,658.7235,1
9217,1,10/20/23,12:18,random,4,1,38,8,524.7955,1
9217,1,10/20/23,12:18,random,4,1,39,9,696.2005,1
9217,1,10/20/23,12:18,random,4,1,40,10,577.2147,1
9217,1,10/20/23,12:18,random,5,1,41,1,593.0662,1
9217,1,10/20/23,12:18,random,5,1,42,2,473.7403,1
9217,1,10/20/23,12:18,random,5,1,43,3,455.1538,1
9217,1,10/20/23,12:18,random,5,1,44,4,483.2921,1
9217,1,10/20/23,12:18,random,5,1,45,5,512.0522,1
9217,1,10/20/23,12:18,random,5,1,46,6,668.6067,1
9217,1,10/20/23,12:18,random,5,1,47,7,989.896,1
9217,1,10/20/23,12:18,random,5,1,48,8,444.9063,1
9217,1,10/20/23,12:18,random,5,1,49,9,568.001,1
9217,1,10/20/23,12:18,random,5,1,50,10,563.0307,1
9218,1,10/20/23,15:17,practice,0,1,1,1,648.6753,1
9218,1,10/20/23,15:17,practice,0,1,2,2,481.0493,1
9218,1,10/20/23,15:17,practice,0,1,3,3,482.7175,0
9218,1,10/20/23,15:17,practice,0,1,4,4,474.4628,1
9218,1,10/20/23,15:17,practice,0,1,5,5,469.8669,1
9218,1,10/20/23,15:17,practice,0,1,6,6,485.9127,1
9218,1,10/20/23,15:17,practice,0,1,7,7,410.5574,1
9218,1,10/20/23,15:17,practice,0,1,8,8,409.1096,1
9218,1,10/20/23,15:17,random,1,1,1,1,392.1236,1
9218,1,10/20/23,15:17,random,1,1,2,2,402.9604,1
9218,1,10/20/23,15:17,random,1,1,3,3,504.8403,1
9218,1,10/20/23,15:17,random,1,1,4,4,545.4949,1
9218,1,10/20/23,15:17,random,1,1,5,5,739.7633,1
9218,1,10/20/23,15:17,random,1,1,6,6,512.6953,1
9218,1,10/20/23,15:17,random,1,1,7,7,525.3834,1
9218,1,10/20/23,15:17,random,1,1,8,8,451.4079,1
9218,1,10/20/23,15:17,random,1,1,9,9,515.6673,1
9218,1,10/20/23,15:17,random,1,1,10,10,544.0095,1
9218,1,10/20/23,15:17,random,2,1,11,1,384.3434,1
9218,1,10/20/23,15:17,random,2,1,12,2,422.6756,1
9218,1,10/20/23,15:17,random,2,1,13,3,415.4957,1
9218,1,10/20/23,15:17,random,2,1,14,4,455.8787,1
9218,1,10/20/23,15:17,random,2,1,15,5,465.1917,1
9218,1,10/20/23,15:17,random,2,1,16,6,406.3679,1
9218,1,10/20/23,15:17,random,2,1,17,7,409.5043,1
9218,1,10/20/23,15:17,random,2,1,18,8,514.1192,1
9218,1,10/20/23,15:17,random,2,1,19,9,427.3706,1
9218,1,10/20/23,15:17,random,2,1,20,10,503.4219,1
9218,1,10/20/23,15:17,random,3,1,21,1,443.7505,1
9218,1,10/20/23,15:17,random,3,1,22,2,431.8951,1
9218,1,10/20/23,15:17,random,3,1,23,3,376.2371,1
9218,1,10/20/23,15:17,random,3,1,24,4,407.5861,1
9218,1,10/20/23,15:17,random,3,1,25,5,394.2029,1
9218,1,10/20/23,15:17,random,3,1,26,6,350.6585,1
9218,1,10/20/23,15:17,random,3,1,27,7,378.4785,1
9218,1,10/20/23,15:17,random,3,1,28,8,329.7398,1
9218,1,10/20/23,15:17,random,3,1,29,9,401.3296,1
9218,1,10/20/23,15:17,random,3,1,30,10,469.8621,0
9218,1,10/20/23,15:17,random,4,1,31,1,394.8445,1
9218,1,10/20/23,15:17,random,4,1,32,2,500.6555,1
9218,1,10/20/23,15:17,random,4,1,33,3,445.7199,1
9218,1,10/20/23,15:17,random,4,1,34,4,441.7805,1
9218,1,10/20/23,15:17,random,4,1,35,5,617.9291,1
9218,1,10/20/23,15:17,random,4,1,36,6,397.8132,1
9218,1,10/20/23,15:17,random,4,1,37,7,565.5167,1
9218,1,10/20/23,15:17,random,4,1,38,8,561.1986,1
9218,1,10/20/23,15:17,random,4,1,39,9,538.1637,1
9218,1,10/20/23,15:17,random,4,1,40,10,407.4841,1
9218,1,10/20/23,15:17,random,5,1,41,1,763.2663,0
9218,1,10/20/23,15:17,random,5,1,42,2,832.4471,1
9218,1,10/20/23,15:17,random,5,1,43,3,455.9382,1
9218,1,10/20/23,15:17,random,5,1,44,4,409.6919,1
9218,1,10/20/23,15:17,random,5,1,45,5,509.9629,1
9218,1,10/20/23,15:17,random,5,1,46,6,526.5692,1
9218,1,10/20/23,15:17,random,5,1,47,7,515.6873,1
9218,1,10/20/23,15:17,random,5,1,48,8,489.7913,1
9218,1,10/20/23,15:17,random,5,1,49,9,490.4023,1
9218,1,10/20/23,15:17,random,5,1,50,10,443.1598,1
9219,1,10/20/23,15:26,practice,0,1,1,1,6452.7046,1
9219,1,10/20/23,15:26,practice,0,1,2,2,716.8739,1
9219,1,10/20/23,15:26,practice,0,1,3,3,607.107,1
9219,1,10/20/23,15:26,practice,0,1,4,4,511.4298,1
9219,1,10/20/23,15:26,practice,0,1,5,5,502.2555,1
9219,1,10/20/23,15:26,practice,0,1,6,6,493.7457,1
9219,1,10/20/23,15:26,practice,0,1,7,7,508.622,1
9219,1,10/20/23,15:26,practice,0,1,8,8,388.3795,1
9219,1,10/20/23,15:26,random,1,1,1,1,462.3856,1
9219,1,10/20/23,15:26,random,1,1,2,2,447.3018,1
9219,1,10/20/23,15:26,random,1,1,3,3,432.9201,1
9219,1,10/20/23,15:26,random,1,1,4,4,558.7821,1
9219,1,10/20/23,15:26,random,1,1,5,5,497.6691,1
9219,1,10/20/23,15:26,random,1,1,6,6,533.5178,1
9219,1,10/20/23,15:26,random,1,1,7,7,530.8378,1
9219,1,10/20/23,15:26,random,1,1,8,8,535.7808,1
9219,1,10/20/23,15:26,random,1,1,9,9,448.8155,1
9219,1,10/20/23,15:26,random,1,1,10,10,595.9917,1
9219,1,10/20/23,15:26,random,2,1,11,1,492.7446,1
9219,1,10/20/23,15:26,random,2,1,12,2,562.3106,1
9219,1,10/20/23,15:26,random,2,1,13,3,509.3485,1
9219,1,10/20/23,15:26,random,2,1,14,4,472.9013,1
9219,1,10/20/23,15:26,random,2,1,15,5,715.5236,1
9219,1,10/20/23,15:26,random,2,1,16,6,461.3727,1
9219,1,10/20/23,15:26,random,2,1,17,7,847.4391,1
9219,1,10/20/23,15:26,random,2,1,18,8,367.4373,1
9219,1,10/20/23,15:26,random,2,1,19,9,522.9889,1
9219,1,10/20/23,15:26,random,2,1,20,10,367.9167,1
9219,1,10/20/23,15:26,random,3,1,21,1,472.3068,1
9219,1,10/20/23,15:26,random,3,1,22,2,507.9533,1
9219,1,10/20/23,15:26,random,3,1,23,3,492.5046,1
9219,1,10/20/23,15:26,random,3,1,24,4,583.6574,1
9219,1,10/20/23,15:26,random,3,1,25,5,435.8139,1
9219,1,10/20/23,15:26,random,3,1,26,6,526.0508,1
9219,1,10/20/23,15:26,random,3,1,27,7,491.3378,1
9219,1,10/20/23,15:26,random,3,1,28,8,535.2815,1
9219,1,10/20/23,15:26,random,3,1,29,9,461.9389,1
9219,1,10/20/23,15:26,random,3,1,30,10,702.4251,0
9219,1,10/20/23,15:26,random,4,1,31,1,466.7226,1
9219,1,10/20/23,15:26,random,4,1,32,2,498.3952,1
9219,1,10/20/23,15:26,random,4,1,33,3,511.8985,1
9219,1,10/20/23,15:26,random,4,1,34,4,523.2529,1
9219,1,10/20/23,15:26,random,4,1,35,5,424.7675,1
9219,1,10/20/23,15:26,random,4,1,36,6,593.4336,1
9219,1,10/20/23,15:26,random,4,1,37,7,673.8466,1
9219,1,10/20/23,15:26,random,4,1,38,8,552.2823,1
9219,1,10/20/23,15:26,random,4,1,39,9,556.6469,1
9219,1,10/20/23,15:26,random,4,1,40,10,516.2367,1
9219,1,10/20/23,15:26,random,5,1,41,1,17.7021,0
9219,1,10/20/23,15:26,random,5,1,42,2,682.7647,1
9219,1,10/20/23,15:26,random,5,1,43,3,787.65,1
9219,1,10/20/23,15:26,random,5,1,44,4,696.9224,1
9219,1,10/20/23,15:26,random,5,1,45,5,674.4811,1
9219,1,10/20/23,15:26,random,5,1,46,6,642.8678,1
9219,1,10/20/23,15:26,random,5,1,47,7,746.2115,1
9219,1,10/20/23,15:26,random,5,1,48,8,847.4213,1
9219,1,10/20/23,15:26,random,5,1,49,9,490.6743,1
9219,1,10/20/23,15:26,random,5,1,50,10,398.4534,1
9220,1,02/12/24,09:20,practice,0,1,1,1,517.7573,0
9220,1,02/12/24,09:20,practice,0,1,2,2,0.231,0
9220,1,02/12/24,09:20,practice,0,1,3,3,476.691,1
9220,1,02/12/24,09:20,practice,0,1,4,4,411.0326,1
9220,1,02/12/24,09:20,practice,0,1,5,5,543.2445,1
9220,1,02/12/24,09:20,practice,0,1,6,6,383.3632,1
9220,1,02/12/24,09:20,practice,0,1,7,7,367.1975,1
9220,1,02/12/24,09:20,practice,0,1,8,8,463.0115,1
9220,1,02/12/24,09:20,random,1,1,1,1,435.1697,1
9220,1,02/12/24,09:20,random,1,1,2,2,304.7076,1
9220,1,02/12/24,09:20,random,1,1,3,3,314.7831,1
9220,1,02/12/24,09:20,random,1,1,4,4,383.4248,1
9220,1,02/12/24,09:20,random,1,1,5,5,357.0565,1
9220,1,02/12/24,09:20,random,1,1,6,6,321.2209,1
9220,1,02/12/24,09:20,random,1,1,7,7,433.3962,1
9220,1,02/12/24,09:20,random,1,1,8,8,358.5176,1
9220,1,02/12/24,09:20,random,1,1,9,9,319.3431,1
9220,1,02/12/24,09:20,random,1,1,10,10,352.2542,1
9220,1,02/12/24,09:20,random,2,1,11,1,413.2891,1
9220,1,02/12/24,09:20,random,2,1,12,2,370.1151,1
9220,1,02/12/24,09:20,random,2,1,13,3,398.5345,1
9220,1,02/12/24,09:20,random,2,1,14,4,418.345,0
9220,1,02/12/24,09:20,random,2,1,15,5,399.1079,1
9220,1,02/12/24,09:20,random,2,1,16,6,414.3034,1
9220,1,02/12/24,09:20,random,2,1,17,7,459.0626,1
9220,1,02/12/24,09:20,random,2,1,18,8,366.6317,1
9220,1,02/12/24,09:20,random,2,1,19,9,328.6652,1
9220,1,02/12/24,09:20,random,2,1,20,10,386.9681,1
9220,1,02/12/24,09:20,random,3,1,21,1,362.698,1
9220,1,02/12/24,09:20,random,3,1,22,2,364.5956,1
9220,1,02/12/24,09:20,random,3,1,23,3,371.575,1
9220,1,02/12/24,09:20,random,3,1,24,4,373.4719,1
9220,1,02/12/24,09:20,random,3,1,25,5,407.9444,1
9220,1,02/12/24,09:20,random,3,1,26,6,321.0777,1
9220,1,02/12/24,09:20,random,3,1,27,7,338.8265,1
9220,1,02/12/24,09:20,random,3,1,28,8,328.9637,1
9220,1,02/12/24,09:20,random,3,1,29,9,389.9787,1
9220,1,02/12/24,09:20,random,3,1,30,10,385.2815,1
9220,1,02/12/24,09:20,random,4,1,31,1,331.5362,1
9220,1,02/12/24,09:20,random,4,1,32,2,305.0031,1
9220,1,02/12/24,09:20,random,4,1,33,3,403.9461,1
9220,1,02/12/24,09:20,random,4,1,34,4,388.3342,1
9220,1,02/12/24,09:20,random,4,1,35,5,314.0964,1
9220,1,02/12/24,09:20,random,4,1,36,6,357.5928,1
9220,1,02/12/24,09:20,random,4,1,37,7,407.6419,1
9220,1,02/12/24,09:20,random,4,1,38,8,369.0021,1
9220,1,02/12/24,09:20,random,4,1,39,9,394.8104,1
9220,1,02/12/24,09:20,random,4,1,40,10,339.6403,1
9220,1,02/12/24,09:20,random,5,1,41,1,367.8811,1
9220,1,02/12/24,09:20,random,5,1,42,2,398.9046,1
9220,1,02/12/24,09:20,random,5,1,43,3,455.0525,0
9220,1,02/12/24,09:20,random,5,1,44,4,10.106,1
9220,1,02/12/24,09:20,random,5,1,45,5,445.9044,1
9220,1,02/12/24,09:20,random,5,1,46,6,405.2777,1
9220,1,02/12/24,09:20,random,5,1,47,7,495.2182,1
9220,1,02/12/24,09:20,random,5,1,48,8,396.5801,1
9220,1,02/12/24,09:20,random,5,1,49,9,389.5164,1
9220,1,02/12/24,09:20,random,5,1,50,10,374.4461,1
9221,1,02/22/24,09:25,practice,0,1,1,1,4270.186,1
9221,1,02/22/24,09:25,practice,0,1,2,2,522.585,1
9221,1,02/22/24,09:25,practice,0,1,3,3,379.7826,1
9221,1,02/22/24,09:25,practice,0,1,4,4,828.2773,1
9221,1,02/22/24,09:25,practice,0,1,5,5,403.2461,1
9221,1,02/22/24,09:25,practice,0,1,6,6,751.2108,1
9221,1,02/22/24,09:25,practice,0,1,7,7,571.9069,1
9221,1,02/22/24,09:25,practice,0,1,8,8,803.7567,1
9221,1,02/22/24,09:25,random,1,1,1,1,1023.9246,1
9221,1,02/22/24,09:25,random,1,1,2,2,586.8399,1
9221,1,02/22/24,09:25,random,1,1,3,3,391.2094,1
9221,1,02/22/24,09:25,random,1,1,4,4,517.9914,1
9221,1,02/22/24,09:25,random,1,1,5,5,524.812,1
9221,1,02/22/24,09:25,random,1,1,6,6,641.7437,1
9221,1,02/22/24,09:25,random,1,1,7,7,424.9388,1
9221,1,02/22/24,09:25,random,1,1,8,8,620.0908,1
9221,1,02/22/24,09:25,random,1,1,9,9,570.4465,1
9221,1,02/22/24,09:25,random,1,1,10,10,572.283,1
9221,1,02/22/24,09:25,random,2,1,11,1,603.6632,1
9221,1,02/22/24,09:25,random,2,1,12,2,556.1486,1
9221,1,02/22/24,09:25,random,2,1,13,3,590.7131,1
9221,1,02/22/24,09:25,random,2,1,14,4,532.03510000000006,1
9221,1,02/22/24,09:25,random,2,1,15,5,628.7311,1
9221,1,02/22/24,09:25,random,2,1,16,6,659.3106,1
9221,1,02/22/24,09:25,random,2,1,17,7,685.6658,1
9221,1,02/22/24,09:25,random,2,1,18,8,555.7262,1
9221,1,02/22/24,09:25,random,2,1,19,9,493.0921,1
9221,1,02/22/24,09:25,random,2,1,20,10,401.6478,1
9221,1,02/22/24,09:25,random,3,1,21,1,592.1429,1
9221,1,02/22/24,09:25,random,3,1,22,2,1143.2226,1
9221,1,02/22/24,09:25,random,3,1,23,3,536.7085,1
9221,1,02/22/24,09:25,random,3,1,24,4,679.515,1
9221,1,02/22/24,09:25,random,3,1,25,5,581.191,1
9221,1,02/22/24,09:25,random,3,1,26,6,580.8448,1
9221,1,02/22/24,09:25,random,3,1,27,7,433.1076,1
9221,1,02/22/24,09:25,random,3,1,28,8,902.8695,1
9221,1,02/22/24,09:25,random,3,1,29,9,1085.4782,1
9221,1,02/22/24,09:25,random,3,1,30,10,510.4796,1
9221,1,02/22/24,09:25,random,4,1,31,1,479.9181,1
9221,1,02/22/24,09:25,random,4,1,32,2,411.4883,1
9221,1,02/22/24,09:25,random,4,1,33,3,756.918,1
9221,1,02/22/24,09:25,random,4,1,34,4,692.263,1
9221,1,02/22/24,09:25,random,4,1,35,5,536.2894,1
9221,1,02/22/24,09:25,random,4,1,36,6,1884.6232,1
9221,1,02/22/24,09:25,random,4,1,37,7,583.8348,1
9221,1,02/22/24,09:25,random,4,1,38,8,669.5146,1
9221,1,02/22/24,09:25,random,4,1,39,9,532.9014,1
9221,1,02/22/24,09:25,random,4,1,40,10,581.4819,1
9221,1,02/22/24,09:25,random,5,1,41,1,542.5174,1
9221,1,02/22/24,09:25,random,5,1,42,2,475.5101,1
9221,1,02/22/24,09:25,random,5,1,43,3,589.1091,1
9221,1,02/22/24,09:25,random,5,1,44,4,488.5029,1
9221,1,02/22/24,09:25,random,5,1,45,5,632.334,1
9221,1,02/22/24,09:25,random,5,1,46,6,408.2058,1
9221,1,02/22/24,09:25,random,5,1,47,7,436.0856,1
9221,1,02/22/24,09:25,random,5,1,48,8,577.001,1
9221,1,02/22/24,09:25,random,5,1,49,9,522.6949,1
9221,1,02/22/24,09:25,random,5,1,50,10,792.4382,1
9222,1,02/12/24,12:14,practice,0,1,1,1,11252.7257,1
9222,1,02/12/24,12:14,practice,0,1,2,2,742.5392,1
9222,1,02/12/24,12:14,practice,0,1,3,3,796.7105,1
9222,1,02/12/24,12:14,practice,0,1,4,4,492.3911,1
9222,1,02/12/24,12:14,practice,0,1,5,5,1027.6398,1
9222,1,02/12/24,12:14,practice,0,1,6,6,590.354,1
9222,1,02/12/24,12:14,practice,0,1,7,7,445.1473,1
9222,1,02/12/24,12:14,practice,0,1,8,8,541.4805,1
9222,1,02/12/24,12:14,random,1,1,1,1,532.4876,1
9222,1,02/12/24,12:14,random,1,1,2,2,653.6964,1
9222,1,02/12/24,12:14,random,1,1,3,3,667.0516,1
9222,1,02/12/24,12:14,random,1,1,4,4,482.7784,1
9222,1,02/12/24,12:14,random,1,1,5,5,597.4279,1
9222,1,02/12/24,12:14,random,1,1,6,6,364.4531,1
9222,1,02/12/24,12:14,random,1,1,7,7,356.8212,1
9222,1,02/12/24,12:14,random,1,1,8,8,841.3575,1
9222,1,02/12/24,12:14,random,1,1,9,9,419.4824,1
9222,1,02/12/24,12:14,random,1,1,10,10,528.5043,1
9222,1,02/12/24,12:14,random,2,1,11,1,349.9178,1
9222,1,02/12/24,12:14,random,2,1,12,2,339.1979,1
9222,1,02/12/24,12:14,random,2,1,13,3,566.4037,1
9222,1,02/12/24,12:14,random,2,1,14,4,447.8486,1
9222,1,02/12/24,12:14,random,2,1,15,5,384.8001,1
9222,1,02/12/24,12:14,random,2,1,16,6,422.3474,1
9222,1,02/12/24,12:14,random,2,1,17,7,551.3912,1
9222,1,02/12/24,12:14,random,2,1,18,8,549.5169,1
9222,1,02/12/24,12:14,random,2,1,19,9,385.9289,1
9222,1,02/12/24,12:14,random,2,1,20,10,396.2517,1
9222,1,02/12/24,12:14,random,3,1,21,1,444.1739,1
9222,1,02/12/24,12:14,random,3,1,22,2,323.3354,1
9222,1,02/12/24,12:14,random,3,1,23,3,365.7041,1
9222,1,02/12/24,12:14,random,3,1,24,4,431.8142,1
9222,1,02/12/24,12:14,random,3,1,25,5,516.9266,1
9222,1,02/12/24,12:14,random,3,1,26,6,594.3464,1
9222,1,02/12/24,12:14,random,3,1,27,7,528.3532,1
9222,1,02/12/24,12:14,random,3,1,28,8,572.9244,1
9222,1,02/12/24,12:14,random,3,1,29,9,597.4171,0
9222,1,02/12/24,12:14,random,3,1,30,10,453.0209,1
9222,1,02/12/24,12:14,random,4,1,31,1,575.3439,1
9222,1,02/12/24,12:14,random,4,1,32,2,594.2149,1
9222,1,02/12/24,12:14,random,4,1,33,3,444.5052,1
9222,1,02/12/24,12:14,random,4,1,34,4,508.3871,1
9222,1,02/12/24,12:14,random,4,1,35,5,578.3318,1
9222,1,02/12/24,12:14,random,4,1,36,6,437.1129,1
9222,1,02/12/24,12:14,random,4,1,37,7,334.7493,1
9222,1,02/12/24,12:14,random,4,1,38,8,437.2197,1
9222,1,02/12/24,12:14,random,4,1,39,9,422.6007,1
9222,1,02/12/24,12:14,random,4,1,40,10,613.6443,1
9222,1,02/12/24,12:14,random,5,1,41,1,481.431,1
9222,1,02/12/24,12:14,random,5,1,42,2,472.3814,1
9222,1,02/12/24,12:14,random,5,1,43,3,608.8734,1
9222,1,02/12/24,12:14,random,5,1,44,4,358.4478,1
9222,1,02/12/24,12:14,random,5,1,45,5,463.8874,1
9222,1,02/12/24,12:14,random,5,1,46,6,468.9632,1
9222,1,02/12/24,12:14,random,5,1,47,7,420.6607,1
9222,1,02/12/24,12:14,random,5,1,48,8,558.6028,1
9222,1,02/12/24,12:14,random,5,1,49,9,628.4489,1
9222,1,02/12/24,12:14,random,5,1,50,10,404.528,1
9223,1,02/12/24,15:15,practice,0,1,1,1,471.9318,1
9223,1,02/12/24,15:15,practice,0,1,2,2,405.1436,1
9223,1,02/12/24,15:15,practice,0,1,3,3,475.575,1
9223,1,02/12/24,15:15,practice,0,1,4,4,310.6244,1
9223,1,02/12/24,15:15,practice,0,1,5,5,343.2256,1
9223,1,02/12/24,15:15,practice,0,1,6,6,333.1546,0
9223,1,02/12/24,15:15,practice,0,1,7,7,588.6198,1
9223,1,02/12/24,15:15,practice,0,1,8,8,413.2637,1
9223,1,02/12/24,15:15,random,1,1,1,1,481.1773,1
9223,1,02/12/24,15:15,random,1,1,2,2,2743.6896,1
9223,1,02/12/24,15:15,random,1,1,3,3,477.0917,1
9223,1,02/12/24,15:15,random,1,1,4,4,576.4831,1
9223,1,02/12/24,15:15,random,1,1,5,5,936.2854,1
9223,1,02/12/24,15:15,random,1,1,6,6,405.1897,1
9223,1,02/12/24,15:15,random,1,1,7,7,488.0301,1
9223,1,02/12/24,15:15,random,1,1,8,8,403.9943,1
9223,1,02/12/24,15:15,random,1,1,9,9,419.3411,1
9223,1,02/12/24,15:15,random,1,1,10,10,385.5705,1
9223,1,02/12/24,15:15,random,2,1,11,1,351.477,1
9223,1,02/12/24,15:15,random,2,1,12,2,369.2532,1
9223,1,02/12/24,15:15,random,2,1,13,3,370.8788,1
9223,1,02/12/24,15:15,random,2,1,14,4,399.9274,1
9223,1,02/12/24,15:15,random,2,1,15,5,401.5313,1
9223,1,02/12/24,15:15,random,2,1,16,6,352.1292,1
9223,1,02/12/24,15:15,random,2,1,17,7,390.4986,1
9223,1,02/12/24,15:15,random,2,1,18,8,374.3276,1
9223,1,02/12/24,15:15,random,2,1,19,9,418.6091,1
9223,1,02/12/24,15:15,random,2,1,20,10,362.3744,1
9223,1,02/12/24,15:15,random,3,1,21,1,345.0109,1
9223,1,02/12/24,15:15,random,3,1,22,2,334.9081,1
9223,1,02/12/24,15:15,random,3,1,23,3,408.5701,1
9223,1,02/12/24,15:15,random,3,1,24,4,377.3623,1
9223,1,02/12/24,15:15,random,3,1,25,5,363.832,1
9223,1,02/12/24,15:15,random,3,1,26,6,329.6225,1
9223,1,02/12/24,15:15,random,3,1,27,7,395.0538,1
9223,1,02/12/24,15:15,random,3,1,28,8,502.4199,1
9223,1,02/12/24,15:15,random,3,1,29,9,343.7267,1
9223,1,02/12/24,15:15,random,3,1,30,10,379.4557,1
9223,1,02/12/24,15:15,random,4,1,31,1,413.1807,1
9223,1,02/12/24,15:15,random,4,1,32,2,439.0693,1
9223,1,02/12/24,15:15,random,4,1,33,3,10.8287,0
9223,1,02/12/24,15:15,random,4,1,34,4,522.414,1
9223,1,02/12/24,15:15,random,4,1,35,5,448.4729,1
9223,1,02/12/24,15:15,random,4,1,36,6,452.4363,1
9223,1,02/12/24,15:15,random,4,1,37,7,455.9932,1
9223,1,02/12/24,15:15,random,4,1,38,8,387.6092,1
9223,1,02/12/24,15:15,random,4,1,39,9,429.8182,1
9223,1,02/12/24,15:15,random,4,1,40,10,440.6336,1
9223,1,02/12/24,15:15,random,5,1,41,1,383.015,1
9223,1,02/12/24,15:15,random,5,1,42,2,559.307,1
9223,1,02/12/24,15:15,random,5,1,43,3,460.9711,1
9223,1,02/12/24,15:15,random,5,1,44,4,534.6736,1
9223,1,02/12/24,15:15,random,5,1,45,5,461.8038,1
9223,1,02/12/24,15:15,random,5,1,46,6,465.5451,1
9223,1,02/12/24,15:15,random,5,1,47,7,400.2398,1
9223,1,02/12/24,15:15,random,5,1,48,8,387.0623,1
9223,1,02/12/24,15:15,random,5,1,49,9,453.2833,1
9223,1,02/12/24,15:15,random,5,1,50,10,385.6269,1
9225,1,02/12/24,15:37,practice,0,1,1,1,3823.669,1
9225,1,02/12/24,15:37,practice,0,1,2,2,363.3812,1
9225,1,02/12/24,15:37,practice,0,1,3,3,412.2789,1
9225,1,02/12/24,15:37,practice,0,1,4,4,356.5232,1
9225,1,02/12/24,15:37,practice,0,1,5,5,324.5223,1
9225,1,02/12/24,15:37,practice,0,1,6,6,342.9246,1
9225,1,02/12/24,15:37,practice,0,1,7,7,327.4545,1
9225,1,02/12/24,15:37,practice,0,1,8,8,310.068,1
9225,1,02/12/24,15:37,random,1,1,1,1,331.7313,1
9225,1,02/12/24,15:37,random,1,1,2,2,395.1954,1
9225,1,02/12/24,15:37,random,1,1,3,3,311.7847,1
9225,1,02/12/24,15:37,random,1,1,4,4,371.4991,1
9225,1,02/12/24,15:37,random,1,1,5,5,323.6179,1
9225,1,02/12/24,15:37,random,1,1,6,6,306.6662,1
9225,1,02/12/24,15:37,random,1,1,7,7,344.7919,1
9225,1,02/12/24,15:37,random,1,1,8,8,322.6635,1
9225,1,02/12/24,15:37,random,1,1,9,9,388.5115,1
9225,1,02/12/24,15:37,random,1,1,10,10,317.6835,1
9225,1,02/12/24,15:37,random,2,1,11,1,339.9328,1
9225,1,02/12/24,15:37,random,2,1,12,2,345.3708,1
9225,1,02/12/24,15:37,random,2,1,13,3,310.6185,0
9225,1,02/12/24,15:37,random,2,1,14,4,14.9285,1
9225,1,02/12/24,15:37,random,2,1,15,5,406.1128,1
9225,1,02/12/24,15:37,random,2,1,16,6,316.6418,1
9225,1,02/12/24,15:37,random,2,1,17,7,355.1076,0
9225,1,02/12/24,15:37,random,2,1,18,8,11.8088,0
9225,1,02/12/24,15:37,random,2,1,19,9,336.5116,1
9225,1,02/12/24,15:37,random,2,1,20,10,376.2041,1
9225,1,02/12/24,15:37,random,3,1,21,1,392.7252,1
9225,1,02/12/24,15:37,random,3,1,22,2,391.8284,1
9225,1,02/12/24,15:37,random,3,1,23,3,359.5476,1
9225,1,02/12/24,15:37,random,3,1,24,4,306.3279,0
9225,1,02/12/24,15:37,random,3,1,25,5,356.5819,1
9225,1,02/12/24,15:37,random,3,1,26,6,365.4164,1
9225,1,02/12/24,15:37,random,3,1,27,7,338.8371,1
9225,1,02/12/24,15:37,random,3,1,28,8,318.7641,1
9225,1,02/12/24,15:37,random,3,1,29,9,380.3751,1
9225,1,02/12/24,15:37,random,3,1,30,10,376.1842,1
9225,1,02/12/24,15:37,random,4,1,31,1,360.2265,1
9225,1,02/12/24,15:37,random,4,1,32,2,315.4818,1
9225,1,02/12/24,15:37,random,4,1,33,3,348.3249,1
9225,1,02/12/24,15:37,random,4,1,34,4,378.5565,1
9225,1,02/12/24,15:37,random,4,1,35,5,349.006,1
9225,1,02/12/24,15:37,random,4,1,36,6,331.87,1
9225,1,02/12/24,15:37,random,4,1,37,7,445.646,1
9225,1,02/12/24,15:37,random,4,1,38,8,365.013,1
9225,1,02/12/24,15:37,random,4,1,39,9,363.9078,1
9225,1,02/12/24,15:37,random,4,1,40,10,480.557,1
9225,1,02/12/24,15:37,random,5,1,41,1,363.6063,1
9225,1,02/12/24,15:37,random,5,1,42,2,439.6563,1
9225,1,02/12/24,15:37,random,5,1,43,3,361.5853,1
9225,1,02/12/24,15:37,random,5,1,44,4,413.1068,1
9225,1,02/12/24,15:37,random,5,1,45,5,412.3529,1
9225,1,02/12/24,15:37,random,5,1,46,6,362.0867,1
9225,1,02/12/24,15:37,random,5,1,47,7,338.7878,1
9225,1,02/12/24,15:37,random,5,1,48,8,471.8297,1
9225,1,02/12/24,15:37,random,5,1,49,9,435.3069,1
9225,1,02/12/24,15:37,random,5,1,50,10,339.0554,1
9226,1,02/13/24,09:17,practice,0,1,1,1,389.4437,1
9226,1,02/13/24,09:17,practice,0,1,2,2,291.4683,1
9226,1,02/13/24,09:17,practice,0,1,3,3,302.8659,1
9226,1,02/13/24,09:17,practice,0,1,4,4,434.5211,1
9226,1,02/13/24,09:17,practice,0,1,5,5,347.3032,1
9226,1,02/13/24,09:17,practice,0,1,6,6,360.8824,1
9226,1,02/13/24,09:17,practice,0,1,7,7,294.1093,1
9226,1,02/13/24,09:17,practice,0,1,8,8,412.2992,1
9226,1,02/13/24,09:17,random,1,1,1,1,4013.3377,1
9226,1,02/13/24,09:17,random,1,1,2,2,333.7263,1
9226,1,02/13/24,09:17,random,1,1,3,3,411.9151,1
9226,1,02/13/24,09:17,random,1,1,4,4,349.4686,0
9226,1,02/13/24,09:17,random,1,1,5,5,4.9474,0
9226,1,02/13/24,09:17,random,1,1,6,6,395.1986,1
9226,1,02/13/24,09:17,random,1,1,7,7,313.538,1
9226,1,02/13/24,09:17,random,1,1,8,8,330.8697,1
9226,1,02/13/24,09:17,random,1,1,9,9,329.3987,1
9226,1,02/13/24,09:17,random,1,1,10,10,333.8943,0
9226,1,02/13/24,09:17,random,2,1,11,1,15.3973,0
9226,1,02/13/24,09:17,random,2,1,12,2,375.1879,1
9226,1,02/13/24,09:17,random,2,1,13,3,481.3511,1
9226,1,02/13/24,09:17,random,2,1,14,4,486.1078,1
9226,1,02/13/24,09:17,random,2,1,15,5,351.7674,1
9226,1,02/13/24,09:17,random,2,1,16,6,406.2039,1
9226,1,02/13/24,09:17,random,2,1,17,7,399.671,1
9226,1,02/13/24,09:17,random,2,1,18,8,324.5271,1
9226,1,02/13/24,09:17,random,2,1,19,9,373.5461,1
9226,1,02/13/24,09:17,random,2,1,20,10,341.0304,1
9226,1,02/13/24,09:17,random,3,1,21,1,332.8436,1
9226,1,02/13/24,09:17,random,3,1,22,2,392.0796,1
9226,1,02/13/24,09:17,random,3,1,23,3,373.6902,1
9226,1,02/13/24,09:17,random,3,1,24,4,372.9449,1
9226,1,02/13/24,09:17,random,3,1,25,5,334.4752,1
9226,1,02/13/24,09:17,random,3,1,26,6,309.6708,1
9226,1,02/13/24,09:17,random,3,1,27,7,350.1519,1
9226,1,02/13/24,09:17,random,3,1,28,8,427.8104,1
9226,1,02/13/24,09:17,random,3,1,29,9,384.5078,1
9226,1,02/13/24,09:17,random,3,1,30,10,358.3276,1
9226,1,02/13/24,09:17,random,4,1,31,1,394.0296,1
9226,1,02/13/24,09:17,random,4,1,32,2,424.8007,1
9226,1,02/13/24,09:17,random,4,1,33,3,385.2182,1
9226,1,02/13/24,09:17,random,4,1,34,4,400.7064,1
9226,1,02/13/24,09:17,random,4,1,35,5,342.4362,1
9226,1,02/13/24,09:17,random,4,1,36,6,339.4068,1
9226,1,02/13/24,09:17,random,4,1,37,7,360.9448,0
9226,1,02/13/24,09:17,random,4,1,38,8,366.6611,1
9226,1,02/13/24,09:17,random,4,1,39,9,321.5293,1
9226,1,02/13/24,09:17,random,4,1,40,10,359.4934,1
9226,1,02/13/24,09:17,random,5,1,41,1,308.8092,1
9226,1,02/13/24,09:17,random,5,1,42,2,510.6023,1
9226,1,02/13/24,09:17,random,5,1,43,3,419.9924,1
9226,1,02/13/24,09:17,random,5,1,44,4,368.178,1
9226,1,02/13/24,09:17,random,5,1,45,5,369.7648,1
9226,1,02/13/24,09:17,random,5,1,46,6,398.299,1
9226,1,02/13/24,09:17,random,5,1,47,7,390.1045,1
9226,1,02/13/24,09:17,random,5,1,48,8,466.24,1
9226,1,02/13/24,09:17,random,5,1,49,9,380.8001,1
9226,1,02/13/24,09:17,random,5,1,50,10,380.9189,1
9228,1,02/13/24,12:28,practice,0,1,1,1,1468.9362,1
9228,1,02/13/24,12:28,practice,0,1,2,2,659.7468,1
9228,1,02/13/24,12:28,practice,0,1,3,3,803.2167,1
9228,1,02/13/24,12:28,practice,0,1,4,4,445.4498,1
9228,1,02/13/24,12:28,practice,0,1,5,5,441.5858,1
9228,1,02/13/24,12:28,practice,0,1,6,6,393.7022,1
9228,1,02/13/24,12:28,practice,0,1,7,7,1066.9779,1
9228,1,02/13/24,12:28,practice,0,1,8,8,795.2323,1
9228,1,02/13/24,12:28,random,1,1,1,1,600.702,1
9228,1,02/13/24,12:28,random,1,1,2,2,471.2823,1
9228,1,02/13/24,12:28,random,1,1,3,3,477.6802,1
9228,1,02/13/24,12:28,random,1,1,4,4,283.1005,1
9228,1,02/13/24,12:28,random,1,1,5,5,329.0177,1
9228,1,02/13/24,12:28,random,1,1,6,6,377.4089,1
9228,1,02/13/24,12:28,random,1,1,7,7,463.7954,1
9228,1,02/13/24,12:28,random,1,1,8,8,441.0713,1
9228,1,02/13/24,12:28,random,1,1,9,9,318.6327,1
9228,1,02/13/24,12:28,random,1,1,10,10,481.6847,1
9228,1,02/13/24,12:28,random,2,1,11,1,556.7691,1
9228,1,02/13/24,12:28,random,2,1,12,2,636.1879,1
9228,1,02/13/24,12:28,random,2,1,13,3,327.1364,1
9228,1,02/13/24,12:28,random,2,1,14,4,494.0056,1
9228,1,02/13/24,12:28,random,2,1,15,5,1031.8545,1
9228,1,02/13/24,12:28,random,2,1,16,6,342.537,1
9228,1,02/13/24,12:28,random,2,1,17,7,378.298,1
9228,1,02/13/24,12:28,random,2,1,18,8,367.5509,0
9228,1,02/13/24,12:28,random,2,1,19,9,440.3075,1
9228,1,02/13/24,12:28,random,2,1,20,10,421.7272,1
9228,1,02/13/24,12:28,random,3,1,21,1,416.9316,1
9228,1,02/13/24,12:28,random,3,1,22,2,429.0011,1
9228,1,02/13/24,12:28,random,3,1,23,3,470.7661,1
9228,1,02/13/24,12:28,random,3,1,24,4,472.7783,1
9228,1,02/13/24,12:28,random,3,1,25,5,422.1963,1
9228,1,02/13/24,12:28,random,3,1,26,6,472.3855,1
9228,1,02/13/24,12:28,random,3,1,27,7,528.982,1
9228,1,02/13/24,12:28,random,3,1,28,8,399.0906,1
9228,1,02/13/24,12:28,random,3,1,29,9,452.0065,1
9228,1,02/13/24,12:28,random,3,1,30,10,510.9662,1
9228,1,02/13/24,12:28,random,4,1,31,1,462.5341,1
9228,1,02/13/24,12:28,random,4,1,32,2,919.1114,1
9228,1,02/13/24,12:28,random,4,1,33,3,547.6238,1
9228,1,02/13/24,12:28,random,4,1,34,4,438.2064,1
9228,1,02/13/24,12:28,random,4,1,35,5,449.4735,1
9228,1,02/13/24,12:28,random,4,1,36,6,441.7374,1
9228,1,02/13/24,12:28,random,4,1,37,7,669.2659,1
9228,1,02/13/24,12:28,random,4,1,38,8,497.8745,1
9228,1,02/13/24,12:28,random,4,1,39,9,388.8701,1
9228,1,02/13/24,12:28,random,4,1,40,10,576.7638,1
9228,1,02/13/24,12:28,random,5,1,41,1,443.3905,1
9228,1,02/13/24,12:28,random,5,1,42,2,488.6221,1
9228,1,02/13/24,12:28,random,5,1,43,3,563.9511,1
9228,1,02/13/24,12:28,random,5,1,44,4,528.4336,1
9228,1,02/13/24,12:28,random,5,1,45,5,478.4914,1
9228,1,02/13/24,12:28,random,5,1,46,6,525.6805,1
9228,1,02/13/24,12:28,random,5,1,47,7,779.5588,1
9228,1,02/13/24,12:28,random,5,1,48,8,441.0237,1
9228,1,02/13/24,12:28,random,5,1,49,9,789.9156,1
9228,1,02/13/24,12:28,random,5,1,50,10,432.2912,1
9229,1,02/13/24,12:28,practice,0,1,1,1,1342.5205,0
9229,1,02/13/24,12:28,practice,0,1,2,2,769.2643,1
9229,1,02/13/24,12:28,practice,0,1,3,3,834.3434,0
9229,1,02/13/24,12:28,practice,0,1,4,4,771.6271,1
9229,1,02/13/24,12:28,practice,0,1,5,5,0.244399999996,0
9229,1,02/13/24,12:28,practice,0,1,6,6,545.4906,0
9229,1,02/13/24,12:28,practice,0,1,7,7,8722.7127,0
9229,1,02/13/24,12:28,practice,0,1,8,8,620.1721,0
9229,1,02/13/24,12:28,random,1,1,1,1,788.761,1
9229,1,02/13/24,12:28,random,1,1,2,2,8.93299999999,0
9229,1,02/13/24,12:28,random,1,1,3,3,2592.4706,1
9229,1,02/13/24,12:28,random,1,1,4,4,776.6583,0
9229,1,02/13/24,12:28,random,1,1,5,5,693.0512,0
9229,1,02/13/24,12:28,random,1,1,6,6,750.4486,1
9229,1,02/13/24,12:28,random,1,1,7,7,867.8173,0
9229,1,02/13/24,12:28,random,1,1,8,8,12.6322,0
9229,1,02/13/24,12:28,random,1,1,9,9,885.0721,0
9229,1,02/13/24,12:28,random,1,1,10,10,737.2275,0
9229,1,02/13/24,12:28,random,2,1,11,1,16.0955,0
9229,1,02/13/24,12:28,random,2,1,12,2,32.5762,0
9229,1,02/13/24,12:28,random,2,1,13,3,4.1942,0
9229,1,02/13/24,12:28,random,2,1,14,4,453.2577,0
9229,1,02/13/24,12:28,random,2,1,15,5,3.39060000001,0
9229,1,02/13/24,12:28,random,2,1,16,6,452.4667,0
9229,1,02/13/24,12:28,random,2,1,17,7,16.7801,0
9229,1,02/13/24,12:28,random,2,1,18,8,482.5952,0
9229,1,02/13/24,12:28,random,2,1,19,9,7.32860000001,1
9229,1,02/13/24,12:28,random,2,1,20,10,571.194,0
9229,1,02/13/24,12:28,random,3,1,21,1,433.3146,0
9229,1,02/13/24,12:28,random,3,1,22,2,419.1912,1
9229,1,02/13/24,12:28,random,3,1,23,3,547.1818,1
9229,1,02/13/24,12:28,random,3,1,24,4,487.2246,0
9229,1,02/13/24,12:28,random,3,1,25,5,11.101,0
9229,1,02/13/24,12:28,random,3,1,26,6,396.5917,0
9229,1,02/13/24,12:28,random,3,1,27,7,10.7993,0
9229,1,02/13/24,12:28,random,3,1,28,8,676.0272,0
9229,1,02/13/24,12:28,random,3,1,29,9,6.53230000002,0
9229,1,02/13/24,12:28,random,3,1,30,10,936.8766,0
9229,1,02/13/24,12:28,random,4,1,31,1,1202.96,1
9229,1,02/13/24,12:28,random,4,1,32,2,593.9118,0
9229,1,02/13/24,12:28,random,4,1,33,3,621.6409,0
9229,1,02/13/24,12:28,random,4,1,34,4,498.3824,0
9229,1,02/13/24,12:28,random,4,1,35,5,6.30940000003,1
9229,1,02/13/24,12:28,random,4,1,36,6,382.4116,1
9229,1,02/13/24,12:28,random,4,1,37,7,918.1895,0
9229,1,02/13/24,12:28,random,4,1,38,8,6.77929999999,0
9229,1,02/13/24,12:28,random,4,1,39,9,884.6054,0
9229,1,02/13/24,12:28,random,4,1,40,10,7.092,0
9229,1,02/13/24,12:28,random,5,1,41,1,782.4631,1
9229,1,02/13/24,12:28,random,5,1,42,2,889.0529,0
9229,1,02/13/24,12:28,random,5,1,43,3,464.1077,0
9229,1,02/13/24,12:28,random,5,1,44,4,6.32500000001,0
9229,1,02/13/24,12:28,random,5,1,45,5,665.3834,0
9229,1,02/13/24,12:28,random,5,1,46,6,8.95730000001,0
9229,1,02/13/24,12:28,random,5,1,47,7,1201.626,0
9229,1,02/13/24,12:28,random,5,1,48,8,2.90270000004,0
9229,1,02/13/24,12:28,random,5,1,49,9,874.5764,0
9229,1,02/13/24,12:28,random,5,1,50,10,921.3153,0
9230,1,02/14/24,09:00,practice,0,1,1,1,8556.8951,0
9230,1,02/14/24,09:00,practice,0,1,2,2,0.485999999997,0
9230,1,02/14/24,09:00,practice,0,1,3,3,1242.7407,1
9230,1,02/14/24,09:00,practice,0,1,4,4,4266.3152,1
9230,1,02/14/24,09:00,practice,0,1,5,5,684.3214,1
9230,1,02/14/24,09:00,practice,0,1,6,6,963.9429,1
9230,1,02/14/24,09:00,practice,0,1,7,7,650.5085,1
9230,1,02/14/24,09:00,practice,0,1,8,8,476.0594,1
9230,1,02/14/24,09:00,random,1,1,1,1,458.8295,1
9230,1,02/14/24,09:00,random,1,1,2,2,718.408,1
9230,1,02/14/24,09:00,random,1,1,3,3,554.9064,1
9230,1,02/14/24,09:00,random,1,1,4,4,513.801,1
9230,1,02/14/24,09:00,random,1,1,5,5,498.2985,1
9230,1,02/14/24,09:00,random,1,1,6,6,340.1877,1
9230,1,02/14/24,09:00,random,1,1,7,7,357.3919,1
9230,1,02/14/24,09:00,random,1,1,8,8,461.7909,1
9230,1,02/14/24,09:00,random,1,1,9,9,479.7291,1
9230,1,02/14/24,09:00,random,1,1,10,10,510.2311,1
9230,1,02/14/24,09:00,random,2,1,11,1,442.1085,1
9230,1,02/14/24,09:00,random,2,1,12,2,481.4713,1
9230,1,02/14/24,09:00,random,2,1,13,3,476.533,1
9230,1,02/14/24,09:00,random,2,1,14,4,580.8875,1
9230,1,02/14/24,09:00,random,2,1,15,5,477.4792,1
9230,1,02/14/24,09:00,random,2,1,16,6,502.7648,1
9230,1,02/14/24,09:00,random,2,1,17,7,511.2633,1
9230,1,02/14/24,09:00,random,2,1,18,8,473.6659,1
9230,1,02/14/24,09:00,random,2,1,19,9,523.2148,1
9230,1,02/14/24,09:00,random,2,1,20,10,460.3391,1
9230,1,02/14/24,09:00,random,3,1,21,1,500.6423,1
9230,1,02/14/24,09:00,random,3,1,22,2,371.8615,1
9230,1,02/14/24,09:00,random,3,1,23,3,526.4619,1
9230,1,02/14/24,09:00,random,3,1,24,4,790.6108,1
9230,1,02/14/24,09:00,random,3,1,25,5,390.4783,1
9230,1,02/14/24,09:00,random,3,1,26,6,530.0524,1
9230,1,02/14/24,09:00,random,3,1,27,7,443.2811,1
9230,1,02/14/24,09:00,random,3,1,28,8,465.334,1
9230,1,02/14/24,09:00,random,3,1,29,9,389.3322,1
9230,1,02/14/24,09:00,random,3,1,30,10,457.0014,1
9230,1,02/14/24,09:00,random,4,1,31,1,443.3262,1
9230,1,02/14/24,09:00,random,4,1,32,2,392.4855,1
9230,1,02/14/24,09:00,random,4,1,33,3,675.0805,1
9230,1,02/14/24,09:00,random,4,1,34,4,441.9769,1
9230,1,02/14/24,09:00,random,4,1,35,5,385.8608,1
9230,1,02/14/24,09:00,random,4,1,36,6,402.2165,1
9230,1,02/14/24,09:00,random,4,1,37,7,590.8567,1
9230,1,02/14/24,09:00,random,4,1,38,8,702.8622,1
9230,1,02/14/24,09:00,random,4,1,39,9,576.3552,1
9230,1,02/14/24,09:00,random,4,1,40,10,517.5512,1
9230,1,02/14/24,09:00,random,5,1,41,1,466.0463,1
9230,1,02/14/24,09:00,random,5,1,42,2,343.602,1
9230,1,02/14/24,09:00,random,5,1,43,3,510.8602,1
9230,1,02/14/24,09:00,random,5,1,44,4,656.1691,1
9230,1,02/14/24,09:00,random,5,1,45,5,471.0367,1
9230,1,02/14/24,09:00,random,5,1,46,6,466.9853,1
9230,1,02/14/24,09:00,random,5,1,47,7,458.5389,1
9230,1,02/14/24,09:00,random,5,1,48,8,506.6865,1
9230,1,02/14/24,09:00,random,5,1,49,9,420.6791,1
9230,1,02/14/24,09:00,random,5,1,50,10,363.112,1
9231,1,02/14/24,09:23,practice,0,1,1,1,1318.2617,1
9231,1,02/14/24,09:23,practice,0,1,2,2,510.3614,1
9231,1,02/14/24,09:23,practice,0,1,3,3,444.0282,1
9231,1,02/14/24,09:23,practice,0,1,4,4,405.2474,1
9231,1,02/14/24,09:23,practice,0,1,5,5,580.4357,1
9231,1,02/14/24,09:23,practice,0,1,6,6,669.7227,1
9231,1,02/14/24,09:23,practice,0,1,7,7,2525.6547,1
9231,1,02/14/24,09:23,practice,0,1,8,8,567.1288,1
9231,1,02/14/24,09:23,random,1,1,1,1,569.5453,1
9231,1,02/14/24,09:23,random,1,1,2,2,611.5281,1
9231,1,02/14/24,09:23,random,1,1,3,3,950.9475,1
9231,1,02/14/24,09:23,random,1,1,4,4,662.7608,1
9231,1,02/14/24,09:23,random,1,1,5,5,622.3635,1
9231,1,02/14/24,09:23,random,1,1,6,6,355.7486,1
9231,1,02/14/24,09:23,random,1,1,7,7,707.2537,1
9231,1,02/14/24,09:23,random,1,1,8,8,959.8563,1
9231,1,02/14/24,09:23,random,1,1,9,9,511.2249,1
9231,1,02/14/24,09:23,random,1,1,10,10,714.6205,1
9231,1,02/14/24,09:23,random,2,1,11,1,615.4422,1
9231,1,02/14/24,09:23,random,2,1,12,2,629.2115,1
9231,1,02/14/24,09:23,random,2,1,13,3,453.9866,1
9231,1,02/14/24,09:23,random,2,1,14,4,478.0351,1
9231,1,02/14/24,09:23,random,2,1,15,5,460.0158,1
9231,1,02/14/24,09:23,random,2,1,16,6,842.7908,1
9231,1,02/14/24,09:23,random,2,1,17,7,657.5774,1
9231,1,02/14/24,09:23,random,2,1,18,8,636.0544,1
9231,1,02/14/24,09:23,random,2,1,19,9,5.46479999999,0
9231,1,02/14/24,09:23,random,2,1,20,10,449.8239,1
9231,1,02/14/24,09:23,random,3,1,21,1,533.1993,1
9231,1,02/14/24,09:23,random,3,1,22,2,544.6738,1
9231,1,02/14/24,09:23,random,3,1,23,3,525.784,1
9231,1,02/14/24,09:23,random,3,1,24,4,699.2076,1
9231,1,02/14/24,09:23,random,3,1,25,5,485.427,1
9231,1,02/14/24,09:23,random,3,1,26,6,708.8066,1
9231,1,02/14/24,09:23,random,3,1,27,7,639.0375,1
9231,1,02/14/24,09:23,random,3,1,28,8,1384.4708,1
9231,1,02/14/24,09:23,random,3,1,29,9,590.224,1
9231,1,02/14/24,09:23,random,3,1,30,10,861.1688,1
9231,1,02/14/24,09:23,random,4,1,31,1,813.8668,1
9231,1,02/14/24,09:23,random,4,1,32,2,506.8372,1
9231,1,02/14/24,09:23,random,4,1,33,3,856.4806,1
9231,1,02/14/24,09:23,random,4,1,34,4,1240.8709,0
9231,1,02/14/24,09:23,random,4,1,35,5,1021.1196,1
9231,1,02/14/24,09:23,random,4,1,36,6,564.0519,1
9231,1,02/14/24,09:23,random,4,1,37,7,768.4964,1
9231,1,02/14/24,09:23,random,4,1,38,8,714.8718,1
9231,1,02/14/24,09:23,random,4,1,39,9,687.4888,1
9231,1,02/14/24,09:23,random,4,1,40,10,521.5575,1
9231,1,02/14/24,09:23,random,5,1,41,1,541.6565,1
9231,1,02/14/24,09:23,random,5,1,42,2,664.8822,1
9231,1,02/14/24,09:23,random,5,1,43,3,531.4746,1
9231,1,02/14/24,09:23,random,5,1,44,4,564.3466,1
9231,1,02/14/24,09:23,random,5,1,45,5,726.5413,1
9231,1,02/14/24,09:23,random,5,1,46,6,409.5805,1
9231,1,02/14/24,09:23,random,5,1,47,7,643.6907,1
9231,1,02/14/24,09:23,random,5,1,48,8,534.395,1
9231,1,02/14/24,09:23,random,5,1,49,9,608.0604,1
9231,1,02/14/24,09:23,random,5,1,50,10,616.8377,1
9232,1,02/14/24,12:18,practice,0,1,1,1,572.6996,1
9232,1,02/14/24,12:18,practice,0,1,2,2,516.3658,1
9232,1,02/14/24,12:18,practice,0,1,3,3,469.319,1
9232,1,02/14/24,12:18,practice,0,1,4,4,420.4871,1
9232,1,02/14/24,12:18,practice,0,1,5,5,425.8067,1
9232,1,02/14/24,12:18,practice,0,1,6,6,420.5937,1
9232,1,02/14/24,12:18,practice,0,1,7,7,392.8102,1
9232,1,02/14/24,12:18,practice,0,1,8,8,453.8231,1
9232,1,02/14/24,12:18,random,1,1,1,1,401.9511,1
9232,1,02/14/24,12:18,random,1,1,2,2,438.5287,1
9232,1,02/14/24,12:18,random,1,1,3,3,413.7604,1
9232,1,02/14/24,12:18,random,1,1,4,4,444.6748,1
9232,1,02/14/24,12:18,random,1,1,5,5,357.651,1
9232,1,02/14/24,12:18,random,1,1,6,6,382.865,1
9232,1,02/14/24,12:18,random,1,1,7,7,566.6266,1
9232,1,02/14/24,12:18,random,1,1,8,8,477.5344,1
9232,1,02/14/24,12:18,random,1,1,9,9,432.0645,1
9232,1,02/14/24,12:18,random,1,1,10,10,380.7379,1
9232,1,02/14/24,12:18,random,2,1,11,1,423.2971,0
9232,1,02/14/24,12:18,random,2,1,12,2,15.2325,0
9232,1,02/14/24,12:18,random,2,1,13,3,642.6366,1
9232,1,02/14/24,12:18,random,2,1,14,4,525.9791,1
9232,1,02/14/24,12:18,random,2,1,15,5,473.1175,1
9232,1,02/14/24,12:18,random,2,1,16,6,572.5507,1
9232,1,02/14/24,12:18,random,2,1,17,7,747.8808,1
9232,1,02/14/24,12:18,random,2,1,18,8,465.2809,1
9232,1,02/14/24,12:18,random,2,1,19,9,385.7404,1
9232,1,02/14/24,12:18,random,2,1,20,10,634.8318,1
9232,1,02/14/24,12:18,random,3,1,21,1,535.9328,1
9232,1,02/14/24,12:18,random,3,1,22,2,562.0716,1
9232,1,02/14/24,12:18,random,3,1,23,3,484.1162,1
9232,1,02/14/24,12:18,random,3,1,24,4,474.5067,1
9232,1,02/14/24,12:18,random,3,1,25,5,444.5154,1
9232,1,02/14/24,12:18,random,3,1,26,6,525.0285,1
9232,1,02/14/24,12:18,random,3,1,27,7,452.57,1
9232,1,02/14/24,12:18,random,3,1,28,8,581.7561,1
9232,1,02/14/24,12:18,random,3,1,29,9,530.6639,1
9232,1,02/14/24,12:18,random,3,1,30,10,448.5288,1
9232,1,02/14/24,12:18,random,4,1,31,1,530.6015,1
9232,1,02/14/24,12:18,random,4,1,32,2,518.1801,1
9232,1,02/14/24,12:18,random,4,1,33,3,533.2675,1
9232,1,02/14/24,12:18,random,4,1,34,4,552.0436,1
9232,1,02/14/24,12:18,random,4,1,35,5,544.2736,1
9232,1,02/14/24,12:18,random,4,1,36,6,426.9804,1
9232,1,02/14/24,12:18,random,4,1,37,7,463.3672,1
9232,1,02/14/24,12:18,random,4,1,38,8,439.0188,1
9232,1,02/14/24,12:18,random,4,1,39,9,703.2199,1
9232,1,02/14/24,12:18,random,4,1,40,10,529.6855,1
9232,1,02/14/24,12:18,random,5,1,41,1,426.1755,1
9232,1,02/14/24,12:18,random,5,1,42,2,473.0473,1
9232,1,02/14/24,12:18,random,5,1,43,3,373.5696,1
9232,1,02/14/24,12:18,random,5,1,44,4,391.8638,1
9232,1,02/14/24,12:18,random,5,1,45,5,337.9792,1
9232,1,02/14/24,12:18,random,5,1,46,6,472.1986,1
9232,1,02/14/24,12:18,random,5,1,47,7,425.1454,1
9232,1,02/14/24,12:18,random,5,1,48,8,401.9469,1
9232,1,02/14/24,12:18,random,5,1,49,9,514.4506,1
9232,1,02/14/24,12:18,random,5,1,50,10,473.9542,1
9233,1,02/14/24,12:14,practice,0,1,1,1,502.2807,1
9233,1,02/14/24,12:14,practice,0,1,2,2,446.2804,1
9233,1,02/14/24,12:14,practice,0,1,3,3,365.9506,1
9233,1,02/14/24,12:14,practice,0,1,4,4,429.0557,1
9233,1,02/14/24,12:14,practice,0,1,5,5,294.198,1
9233,1,02/14/24,12:14,practice,0,1,6,6,445.1663,1
9233,1,02/14/24,12:14,practice,0,1,7,7,524.317,1
9233,1,02/14/24,12:14,practice,0,1,8,8,478.1652,1
9233,1,02/14/24,12:14,random,1,1,1,1,464.0801,1
9233,1,02/14/24,12:14,random,1,1,2,2,390.7496,1
9233,1,02/14/24,12:14,random,1,1,3,3,364.1878,1
9233,1,02/14/24,12:14,random,1,1,4,4,399.7382,1
9233,1,02/14/24,12:14,random,1,1,5,5,313.8587,1
9233,1,02/14/24,12:14,random,1,1,6,6,349.5232,1
9233,1,02/14/24,12:14,random,1,1,7,7,499.4114,1
9233,1,02/14/24,12:14,random,1,1,8,8,361.856,1
9233,1,02/14/24,12:14,random,1,1,9,9,372.6678,1
9233,1,02/14/24,12:14,random,1,1,10,10,548.5117,1
9233,1,02/14/24,12:14,random,2,1,11,1,483.2955,1
9233,1,02/14/24,12:14,random,2,1,12,2,477.9198,1
9233,1,02/14/24,12:14,random,2,1,13,3,350.6122,1
9233,1,02/14/24,12:14,random,2,1,14,4,374.0523,1
9233,1,02/14/24,12:14,random,2,1,15,5,394.64,1
9233,1,02/14/24,12:14,random,2,1,16,6,422.1177,1
9233,1,02/14/24,12:14,random,2,1,17,7,599.6123,1
9233,1,02/14/24,12:14,random,2,1,18,8,389.4811,1
9233,1,02/14/24,12:14,random,2,1,19,9,309.8909,1
9233,1,02/14/24,12:14,random,2,1,20,10,422.5891,1
9233,1,02/14/24,12:14,random,3,1,21,1,404.117,1
9233,1,02/14/24,12:14,random,3,1,22,2,529.3411,1
9233,1,02/14/24,12:14,random,3,1,23,3,431.3008,1
9233,1,02/14/24,12:14,random,3,1,24,4,352.1902,1
9233,1,02/14/24,12:14,random,3,1,25,5,403.4315,1
9233,1,02/14/24,12:14,random,3,1,26,6,409.2193,1
9233,1,02/14/24,12:14,random,3,1,27,7,340.8312,1
9233,1,02/14/24,12:14,random,3,1,28,8,456.4683,1
9233,1,02/14/24,12:14,random,3,1,29,9,380.9871,0
9233,1,02/14/24,12:14,random,3,1,30,10,450.8313,1
9233,1,02/14/24,12:14,random,4,1,31,1,541.5603,1
9233,1,02/14/24,12:14,random,4,1,32,2,441.7691,1
9233,1,02/14/24,12:14,random,4,1,33,3,468.8576,1
9233,1,02/14/24,12:14,random,4,1,34,4,422.2001,1
9233,1,02/14/24,12:14,random,4,1,35,5,356.4228,1
9233,1,02/14/24,12:14,random,4,1,36,6,476.856,1
9233,1,02/14/24,12:14,random,4,1,37,7,401.7521,1
9233,1,02/14/24,12:14,random,4,1,38,8,358.8715,1
9233,1,02/14/24,12:14,random,4,1,39,9,386.0254,1
9233,1,02/14/24,12:14,random,4,1,40,10,387.2887,1
9233,1,02/14/24,12:14,random,5,1,41,1,433.6134,1
9233,1,02/14/24,12:14,random,5,1,42,2,385.1403,1
9233,1,02/14/24,12:14,random,5,1,43,3,451.3671,1
9233,1,02/14/24,12:14,random,5,1,44,4,408.0574,1
9233,1,02/14/24,12:14,random,5,1,45,5,546.0144,1
9233,1,02/14/24,12:14,random,5,1,46,6,458.2392,1
9233,1,02/14/24,12:14,random,5,1,47,7,514.07,1
9233,1,02/14/24,12:14,random,5,1,48,8,491.3609,1
9233,1,02/14/24,12:14,random,5,1,49,9,490.6286,1
9233,1,02/14/24,12:14,random,5,1,50,10,474.3552,1
9234,1,02/14/24,12:20,practice,0,1,1,1,557.2323,1
9234,1,02/14/24,12:20,practice,0,1,2,2,573.8511,1
9234,1,02/14/24,12:20,practice,0,1,3,3,675.0489,1
9234,1,02/14/24,12:20,practice,0,1,4,4,483.3082,1
9234,1,02/14/24,12:20,practice,0,1,5,5,397.3003,1
9234,1,02/14/24,12:20,practice,0,1,6,6,515.6932,1
9234,1,02/14/24,12:20,practice,0,1,7,7,419.5304,1
9234,1,02/14/24,12:20,practice,0,1,8,8,443.9006,1
9234,1,02/14/24,12:20,random,1,1,1,1,498.0714,1
9234,1,02/14/24,12:20,random,1,1,2,2,612.852,1
9234,1,02/14/24,12:20,random,1,1,3,3,404.996,1
9234,1,02/14/24,12:20,random,1,1,4,4,465.9398,1
9234,1,02/14/24,12:20,random,1,1,5,5,334.7494,1
9234,1,02/14/24,12:20,random,1,1,6,6,367.4014,1
9234,1,02/14/24,12:20,random,1,1,7,7,467.0995,1
9234,1,02/14/24,12:20,random,1,1,8,8,493.1126,1
9234,1,02/14/24,12:20,random,1,1,9,9,419.0467,1
9234,1,02/14/24,12:20,random,1,1,10,10,515.7464,1
9234,1,02/14/24,12:20,random,2,1,11,1,469.9813,1
9234,1,02/14/24,12:20,random,2,1,12,2,490.1708,1
9234,1,02/14/24,12:20,random,2,1,13,3,530.4266,1
9234,1,02/14/24,12:20,random,2,1,14,4,639.6849,1
9234,1,02/14/24,12:20,random,2,1,15,5,532.64,1
9234,1,02/14/24,12:20,random,2,1,16,6,498.7313,1
9234,1,02/14/24,12:20,random,2,1,17,7,520.4996,1
9234,1,02/14/24,12:20,random,2,1,18,8,509.4722,1
9234,1,02/14/24,12:20,random,2,1,19,9,597.4612,1
9234,1,02/14/24,12:20,random,2,1,20,10,469.4677,1
9234,1,02/14/24,12:20,random,3,1,21,1,560.4196,1
9234,1,02/14/24,12:20,random,3,1,22,2,568.7172,1
9234,1,02/14/24,12:20,random,3,1,23,3,518.3075,1
9234,1,02/14/24,12:20,random,3,1,24,4,722.6052,1
9234,1,02/14/24,12:20,random,3,1,25,5,620.6672,1
9234,1,02/14/24,12:20,random,3,1,26,6,478.2663,1
9234,1,02/14/24,12:20,random,3,1,27,7,556.2682,1
9234,1,02/14/24,12:20,random,3,1,28,8,460.8608,1
9234,1,02/14/24,12:20,random,3,1,29,9,438.2939,1
9234,1,02/14/24,12:20,random,3,1,30,10,555.2238,1
9234,1,02/14/24,12:20,random,4,1,31,1,468.6963,1
9234,1,02/14/24,12:20,random,4,1,32,2,438.2407,1
9234,1,02/14/24,12:20,random,4,1,33,3,478.0195,1
9234,1,02/14/24,12:20,random,4,1,34,4,485.307,1
9234,1,02/14/24,12:20,random,4,1,35,5,475.2418,1
9234,1,02/14/24,12:20,random,4,1,36,6,682.5661,1
9234,1,02/14/24,12:20,random,4,1,37,7,529.7874,1
9234,1,02/14/24,12:20,random,4,1,38,8,631.4334,1
9234,1,02/14/24,12:20,random,4,1,39,9,648.2413,1
9234,1,02/14/24,12:20,random,4,1,40,10,639.4296,1
9234,1,02/14/24,12:20,random,5,1,41,1,654.4358,1
9234,1,02/14/24,12:20,random,5,1,42,2,552.0199,1
9234,1,02/14/24,12:20,random,5,1,43,3,449.5412,1
9234,1,02/14/24,12:20,random,5,1,44,4,442.2985,1
9234,1,02/14/24,12:20,random,5,1,45,5,461.1453,1
9234,1,02/14/24,12:20,random,5,1,46,6,504.0614,1
9234,1,02/14/24,12:20,random,5,1,47,7,522.3853,1
9234,1,02/14/24,12:20,random,5,1,48,8,450.2466,1
9234,1,02/14/24,12:20,random,5,1,49,9,497.6562,1
9234,1,02/14/24,12:20,random,5,1,50,10,451.0225,1
9235,1,02/14/24,15:14,practice,0,1,1,1,502.5112,1
9235,1,02/14/24,15:14,practice,0,1,2,2,388.8813,1
9235,1,02/14/24,15:14,practice,0,1,3,3,505.5547,1
9235,1,02/14/24,15:14,practice,0,1,4,4,532.8631,1
9235,1,02/14/24,15:14,practice,0,1,5,5,395.6303,1
9235,1,02/14/24,15:14,practice,0,1,6,6,529.7543,1
9235,1,02/14/24,15:14,practice,0,1,7,7,1262.4051,1
9235,1,02/14/24,15:14,practice,0,1,8,8,437.4848,1
9235,1,02/14/24,15:14,random,1,1,1,1,543.1124,1
9235,1,02/14/24,15:14,random,1,1,2,2,476.4236,0
9235,1,02/14/24,15:14,random,1,1,3,3,4.9325,0
9235,1,02/14/24,15:14,random,1,1,4,4,8.8334,0
9235,1,02/14/24,15:14,random,1,1,5,5,650.6955,1
9235,1,02/14/24,15:14,random,1,1,6,6,484.7142,1
9235,1,02/14/24,15:14,random,1,1,7,7,486.8056,1
9235,1,02/14/24,15:14,random,1,1,8,8,473.1208,1
9235,1,02/14/24,15:14,random,1,1,9,9,501.3834,1
9235,1,02/14/24,15:14,random,1,1,10,10,625.6349,1
9235,1,02/14/24,15:14,random,2,1,11,1,531.9626,1
9235,1,02/14/24,15:14,random,2,1,12,2,757.4388,1
9235,1,02/14/24,15:14,random,2,1,13,3,584.3524,1
9235,1,02/14/24,15:14,random,2,1,14,4,704.5723,1
9235,1,02/14/24,15:14,random,2,1,15,5,521.0865,1
9235,1,02/14/24,15:14,random,2,1,16,6,465.4532,1
9235,1,02/14/24,15:14,random,2,1,17,7,667.5449,1
9235,1,02/14/24,15:14,random,2,1,18,8,666.9656,1
9235,1,02/14/24,15:14,random,2,1,19,9,463.1816,1
9235,1,02/14/24,15:14,random,2,1,20,10,594.3137,1
9235,1,02/14/24,15:14,random,3,1,21,1,595.2844,1
9235,1,02/14/24,15:14,random,3,1,22,2,463.7675,1
9235,1,02/14/24,15:14,random,3,1,23,3,523.3401,1
9235,1,02/14/24,15:14,random,3,1,24,4,562.7806,1
9235,1,02/14/24,15:14,random,3,1,25,5,578.3769,1
9235,1,02/14/24,15:14,random,3,1,26,6,636.2825,1
9235,1,02/14/24,15:14,random,3,1,27,7,488.7041,1
9235,1,02/14/24,15:14,random,3,1,28,8,577.4074,1
9235,1,02/14/24,15:14,random,3,1,29,9,560.8573,1
9235,1,02/14/24,15:14,random,3,1,30,10,501.0664,1
9235,1,02/14/24,15:14,random,4,1,31,1,532.5115,1
9235,1,02/14/24,15:14,random,4,1,32,2,482.7206,1
9235,1,02/14/24,15:14,random,4,1,33,3,451.2349,1
9235,1,02/14/24,15:14,random,4,1,34,4,494.1695,1
9235,1,02/14/24,15:14,random,4,1,35,5,602.0947,1
9235,1,02/14/24,15:14,random,4,1,36,6,548.0111,1
9235,1,02/14/24,15:14,random,4,1,37,7,599.4641,1
9235,1,02/14/24,15:14,random,4,1,38,8,511.7417,1
9235,1,02/14/24,15:14,random,4,1,39,9,539.7011,1
9235,1,02/14/24,15:14,random,4,1,40,10,517.1572,1
9235,1,02/14/24,15:14,random,5,1,41,1,703.2914,1
9235,1,02/14/24,15:14,random,5,1,42,2,538.6556,1
9235,1,02/14/24,15:14,random,5,1,43,3,508.2785,1
9235,1,02/14/24,15:14,random,5,1,44,4,470.6193,1
9235,1,02/14/24,15:14,random,5,1,45,5,390.7279,1
9235,1,02/14/24,15:14,random,5,1,46,6,672.8436,1
9235,1,02/14/24,15:14,random,5,1,47,7,466.8714,1
9235,1,02/14/24,15:14,random,5,1,48,8,828.2105,1
9235,1,02/14/24,15:14,random,5,1,49,9,797.9004,1
9235,1,02/14/24,15:14,random,5,1,50,10,473.9666,1
9236,1,02/14/24,15:15,practice,0,1,1,1,717.7799,1
9236,1,02/14/24,15:15,practice,0,1,2,2,302.5041,1
9236,1,02/14/24,15:15,practice,0,1,3,3,330.7083,1
9236,1,02/14/24,15:15,practice,0,1,4,4,316.4017,1
9236,1,02/14/24,15:15,practice,0,1,5,5,340.4055,1
9236,1,02/14/24,15:15,practice,0,1,6,6,350.2937,1
9236,1,02/14/24,15:15,practice,0,1,7,7,316.115,1
9236,1,02/14/24,15:15,practice,0,1,8,8,365.5809,0
9236,1,02/14/24,15:15,random,1,1,1,1,395.6899,1
9236,1,02/14/24,15:15,random,1,1,2,2,420.5496,1
9236,1,02/14/24,15:15,random,1,1,3,3,335.6567,1
9236,1,02/14/24,15:15,random,1,1,4,4,402.3595,1
9236,1,02/14/24,15:15,random,1,1,5,5,356.6051,1
9236,1,02/14/24,15:15,random,1,1,6,6,315.78,1
9236,1,02/14/24,15:15,random,1,1,7,7,400.2531,1
9236,1,02/14/24,15:15,random,1,1,8,8,327.3691,1
9236,1,02/14/24,15:15,random,1,1,9,9,377.6751,0
9236,1,02/14/24,15:15,random,1,1,10,10,398.9756,1
9236,1,02/14/24,15:15,random,2,1,11,1,370.6931,1
9236,1,02/14/24,15:15,random,2,1,12,2,460.6885,1
9236,1,02/14/24,15:15,random,2,1,13,3,318.5227,1
9236,1,02/14/24,15:15,random,2,1,14,4,393.9096,1
9236,1,02/14/24,15:15,random,2,1,15,5,550.1242,1
9236,1,02/14/24,15:15,random,2,1,16,6,349.7202,1
9236,1,02/14/24,15:15,random,2,1,17,7,345.7222,1
9236,1,02/14/24,15:15,random,2,1,18,8,366.8674,1
9236,1,02/14/24,15:15,random,2,1,19,9,368.447,1
9236,1,02/14/24,15:15,random,2,1,20,10,327.0374,1
9236,1,02/14/24,15:15,random,3,1,21,1,425.0956,1
9236,1,02/14/24,15:15,random,3,1,22,2,375.6246,1
9236,1,02/14/24,15:15,random,3,1,23,3,332.1963,1
9236,1,02/14/24,15:15,random,3,1,24,4,410.0956,1
9236,1,02/14/24,15:15,random,3,1,25,5,366.5783,1
9236,1,02/14/24,15:15,random,3,1,26,6,320.7835,1
9236,1,02/14/24,15:15,random,3,1,27,7,364.8601,1
9236,1,02/14/24,15:15,random,3,1,28,8,370.9127,1
9236,1,02/14/24,15:15,random,3,1,29,9,366.5103,1
9236,1,02/14/24,15:15,random,3,1,30,10,344.953,1
9236,1,02/14/24,15:15,random,4,1,31,1,416.3693,1
9236,1,02/14/24,15:15,random,4,1,32,2,404.305,1
9236,1,02/14/24,15:15,random,4,1,33,3,367.5308,1
9236,1,02/14/24,15:15,random,4,1,34,4,410.7903,1
9236,1,02/14/24,15:15,random,4,1,35,5,381.9108,1
9236,1,02/14/24,15:15,random,4,1,36,6,453.9753,1
9236,1,02/14/24,15:15,random,4,1,37,7,343.1414,1
9236,1,02/14/24,15:15,random,4,1,38,8,376.1098,1
9236,1,02/14/24,15:15,random,4,1,39,9,401.3236,1
9236,1,02/14/24,15:15,random,4,1,40,10,456.3557,1
9236,1,02/14/24,15:15,random,5,1,41,1,340.7699,1
9236,1,02/14/24,15:15,random,5,1,42,2,366.1025,1
9236,1,02/14/24,15:15,random,5,1,43,3,374.4011,1
9236,1,02/14/24,15:15,random,5,1,44,4,387.907,1
9236,1,02/14/24,15:15,random,5,1,45,5,337.0301,1
9236,1,02/14/24,15:15,random,5,1,46,6,336.85,1
9236,1,02/14/24,15:15,random,5,1,47,7,342.0663,1
9236,1,02/14/24,15:15,random,5,1,48,8,394.8119,1
9236,1,02/14/24,15:15,random,5,1,49,9,327.6683,1
9236,1,02/14/24,15:15,random,5,1,50,10,377.8399,1
9237,1,02/15/24,15:15,practice,0,1,1,1,908.2411,1
9237,1,02/15/24,15:15,practice,0,1,2,2,755.2386,1
9237,1,02/15/24,15:15,practice,0,1,3,3,438.0236,1
9237,1,02/15/24,15:15,practice,0,1,4,4,871.0229,1
9237,1,02/15/24,15:15,practice,0,1,5,5,620.0832,1
9237,1,02/15/24,15:15,practice,0,1,6,6,691.8268,1
9237,1,02/15/24,15:15,practice,0,1,7,7,470.1372,1
9237,1,02/15/24,15:15,practice,0,1,8,8,605.6509,1
9237,1,02/15/24,15:15,random,1,1,1,1,499.2658,1
9237,1,02/15/24,15:15,random,1,1,2,2,525.8446,1
9237,1,02/15/24,15:15,random,1,1,3,3,483.0019,1
9237,1,02/15/24,15:15,random,1,1,4,4,544.8838,1
9237,1,02/15/24,15:15,random,1,1,5,5,422.2492,1
9237,1,02/15/24,15:15,random,1,1,6,6,569.8227,1
9237,1,02/15/24,15:15,random,1,1,7,7,472.5643,1
9237,1,02/15/24,15:15,random,1,1,8,8,607.762,1
9237,1,02/15/24,15:15,random,1,1,9,9,486.4923,1
9237,1,02/15/24,15:15,random,1,1,10,10,537.8015,1
9237,1,02/15/24,15:15,random,2,1,11,1,722.0937,1
9237,1,02/15/24,15:15,random,2,1,12,2,460.3956,1
9237,1,02/15/24,15:15,random,2,1,13,3,414.0148,1
9237,1,02/15/24,15:15,random,2,1,14,4,654.5262,1
9237,1,02/15/24,15:15,random,2,1,15,5,507.5447,1
9237,1,02/15/24,15:15,random,2,1,16,6,479.9871,1
9237,1,02/15/24,15:15,random,2,1,17,7,454.2538,1
9237,1,02/15/24,15:15,random,2,1,18,8,428.3059,1
9237,1,02/15/24,15:15,random,2,1,19,9,411.1884,1
9237,1,02/15/24,15:15,random,2,1,20,10,374.3178,1
9237,1,02/15/24,15:15,random,3,1,21,1,535.6419,1
9237,1,02/15/24,15:15,random,3,1,22,2,396.2052,1
9237,1,02/15/24,15:15,random,3,1,23,3,555.1767,1
9237,1,02/15/24,15:15,random,3,1,24,4,360.0642,1
9237,1,02/15/24,15:15,random,3,1,25,5,609.6396,1
9237,1,02/15/24,15:15,random,3,1,26,6,369.4119,1
9237,1,02/15/24,15:15,random,3,1,27,7,460.0096,1
9237,1,02/15/24,15:15,random,3,1,28,8,433.9957,1
9237,1,02/15/24,15:15,random,3,1,29,9,523.8228,1
9237,1,02/15/24,15:15,random,3,1,30,10,484.0672,1
9237,1,02/15/24,15:15,random,4,1,31,1,473.4685,1
9237,1,02/15/24,15:15,random,4,1,32,2,427.8167,1
9237,1,02/15/24,15:15,random,4,1,33,3,613.4517,1
9237,1,02/15/24,15:15,random,4,1,34,4,492.5304,1
9237,1,02/15/24,15:15,random,4,1,35,5,478.0909,1
9237,1,02/15/24,15:15,random,4,1,36,6,474.5625,1
9237,1,02/15/24,15:15,random,4,1,37,7,420.2803,1
9237,1,02/15/24,15:15,random,4,1,38,8,473.5302,1
9237,1,02/15/24,15:15,random,4,1,39,9,530.5144,1
9237,1,02/15/24,15:15,random,4,1,40,10,500.2308,1
9237,1,02/15/24,15:15,random,5,1,41,1,571.1247,1
9237,1,02/15/24,15:15,random,5,1,42,2,570.9982,1
9237,1,02/15/24,15:15,random,5,1,43,3,426.1862,1
9237,1,02/15/24,15:15,random,5,1,44,4,387.8056,1
9237,1,02/15/24,15:15,random,5,1,45,5,420.9845,1
9237,1,02/15/24,15:15,random,5,1,46,6,526.7626,1
9237,1,02/15/24,15:15,random,5,1,47,7,541.9221,1
9237,1,02/15/24,15:15,random,5,1,48,8,398.5864,1
9237,1,02/15/24,15:15,random,5,1,49,9,453.5912,1
9237,1,02/15/24,15:15,random,5,1,50,10,365.6699,1
9238,1,02/15/24,15:16,practice,0,1,1,1,6389.3152,1
9238,1,02/15/24,15:16,practice,0,1,2,2,432.9119,1
9238,1,02/15/24,15:16,practice,0,1,3,3,436.718,1
9238,1,02/15/24,15:16,practice,0,1,4,4,296.3207,1
9238,1,02/15/24,15:16,practice,0,1,5,5,323.2309,1
9238,1,02/15/24,15:16,practice,0,1,6,6,330.4035,1
9238,1,02/15/24,15:16,practice,0,1,7,7,431.098,1
9238,1,02/15/24,15:16,practice,0,1,8,8,388.4491,1
9238,1,02/15/24,15:16,random,1,1,1,1,422.2834,1
9238,1,02/15/24,15:16,random,1,1,2,2,341.338,1
9238,1,02/15/24,15:16,random,1,1,3,3,357.9557,1
9238,1,02/15/24,15:16,random,1,1,4,4,490.9584,1
9238,1,02/15/24,15:16,random,1,1,5,5,404.1865,1
9238,1,02/15/24,15:16,random,1,1,6,6,366.8792,1
9238,1,02/15/24,15:16,random,1,1,7,7,351.7311,1
9238,1,02/15/24,15:16,random,1,1,8,8,502.9365,1
9238,1,02/15/24,15:16,random,1,1,9,9,506.9806,1
9238,1,02/15/24,15:16,random,1,1,10,10,380.9221,1
9238,1,02/15/24,15:16,random,2,1,11,1,417.2891,1
9238,1,02/15/24,15:16,random,2,1,12,2,415.9522,1
9238,1,02/15/24,15:16,random,2,1,13,3,378.62,1
9238,1,02/15/24,15:16,random,2,1,14,4,435.5595,1
9238,1,02/15/24,15:16,random,2,1,15,5,414.2803,1
9238,1,02/15/24,15:16,random,2,1,16,6,462.9464,1
9238,1,02/15/24,15:16,random,2,1,17,7,444.0158,1
9238,1,02/15/24,15:16,random,2,1,18,8,404.5269,1
9238,1,02/15/24,15:16,random,2,1,19,9,354.5542,1
9238,1,02/15/24,15:16,random,2,1,20,10,336.3021,0
9238,1,02/15/24,15:16,random,3,1,21,1,466.6801,1
9238,1,02/15/24,15:16,random,3,1,22,2,467.329,1
9238,1,02/15/24,15:16,random,3,1,23,3,666.9703,1
9238,1,02/15/24,15:16,random,3,1,24,4,381.6923,1
9238,1,02/15/24,15:16,random,3,1,25,5,456.5911,1
9238,1,02/15/24,15:16,random,3,1,26,6,453.6025,1
9238,1,02/15/24,15:16,random,3,1,27,7,445.7018,1
9238,1,02/15/24,15:16,random,3,1,28,8,450.2981,1
9238,1,02/15/24,15:16,random,3,1,29,9,420.8672,1
9238,1,02/15/24,15:16,random,3,1,30,10,433.5716,1
9238,1,02/15/24,15:16,random,4,1,31,1,364.8037,1
9238,1,02/15/24,15:16,random,4,1,32,2,540.1084,1
9238,1,02/15/24,15:16,random,4,1,33,3,473.3645,1
9238,1,02/15/24,15:16,random,4,1,34,4,403.9604,1
9238,1,02/15/24,15:16,random,4,1,35,5,467.9816,1
9238,1,02/15/24,15:16,random,4,1,36,6,546.0941,1
9238,1,02/15/24,15:16,random,4,1,37,7,491.072,1
9238,1,02/15/24,15:16,random,4,1,38,8,402.7936,1
9238,1,02/15/24,15:16,random,4,1,39,9,420.9977,1
9238,1,02/15/24,15:16,random,4,1,40,10,416.5069,1
9238,1,02/15/24,15:16,random,5,1,41,1,442.0954,1
9238,1,02/15/24,15:16,random,5,1,42,2,418.1402,1
9238,1,02/15/24,15:16,random,5,1,43,3,373.8337,1
9238,1,02/15/24,15:16,random,5,1,44,4,464.1623,1
9238,1,02/15/24,15:16,random,5,1,45,5,419.2713,1
9238,1,02/15/24,15:16,random,5,1,46,6,480.3288,1
9238,1,02/15/24,15:16,random,5,1,47,7,340.2638,1
9238,1,02/15/24,15:16,random,5,1,48,8,416.2688,1
9238,1,02/15/24,15:16,random,5,1,49,9,469.6477,1
9238,1,02/15/24,15:16,random,5,1,50,10,389.3721,1
9239,1,02/16/24,09:21,practice,0,1,1,1,558.84,1
9239,1,02/16/24,09:21,practice,0,1,2,2,517.7781,1
9239,1,02/16/24,09:21,practice,0,1,3,3,533.9446,1
9239,1,02/16/24,09:21,practice,0,1,4,4,350.8394,1
9239,1,02/16/24,09:21,practice,0,1,5,5,438.4203,1
9239,1,02/16/24,09:21,practice,0,1,6,6,414.1678,1
9239,1,02/16/24,09:21,practice,0,1,7,7,429.4891,1
9239,1,02/16/24,09:21,practice,0,1,8,8,384.6221,1
9239,1,02/16/24,09:21,random,1,1,1,1,586.6854,1
9239,1,02/16/24,09:21,random,1,1,2,2,414.6911,1
9239,1,02/16/24,09:21,random,1,1,3,3,455.8579,1
9239,1,02/16/24,09:21,random,1,1,4,4,480.1937,1
9239,1,02/16/24,09:21,random,1,1,5,5,350.4099,1
9239,1,02/16/24,09:21,random,1,1,6,6,397.5667,1
9239,1,02/16/24,09:21,random,1,1,7,7,395.5186,1
9239,1,02/16/24,09:21,random,1,1,8,8,383.7429,1
9239,1,02/16/24,09:21,random,1,1,9,9,351.7931,1
9239,1,02/16/24,09:21,random,1,1,10,10,420.1827,1
9239,1,02/16/24,09:21,random,2,1,11,1,484.9949,1
9239,1,02/16/24,09:21,random,2,1,12,2,441.8736,1
9239,1,02/16/24,09:21,random,2,1,13,3,443.3122,1
9239,1,02/16/24,09:21,random,2,1,14,4,399.1779,1
9239,1,02/16/24,09:21,random,2,1,15,5,559.918,1
9239,1,02/16/24,09:21,random,2,1,16,6,359.5292,1
9239,1,02/16/24,09:21,random,2,1,17,7,418.9279,1
9239,1,02/16/24,09:21,random,2,1,18,8,471.3622,1
9239,1,02/16/24,09:21,random,2,1,19,9,452.2722,1
9239,1,02/16/24,09:21,random,2,1,20,10,372.8098,1
9239,1,02/16/24,09:21,random,3,1,21,1,454.7653,1
9239,1,02/16/24,09:21,random,3,1,22,2,377.0296,1
9239,1,02/16/24,09:21,random,3,1,23,3,369.0343,1
9239,1,02/16/24,09:21,random,3,1,24,4,383.0216,1
9239,1,02/16/24,09:21,random,3,1,25,5,369.7344,1
9239,1,02/16/24,09:21,random,3,1,26,6,347.0312,1
9239,1,02/16/24,09:21,random,3,1,27,7,396.4709,1
9239,1,02/16/24,09:21,random,3,1,28,8,393.7985,1
9239,1,02/16/24,09:21,random,3,1,29,9,10.3232,1
9239,1,02/16/24,09:21,random,3,1,30,10,385.4584,1
9239,1,02/16/24,09:21,random,4,1,31,1,419.22,1
9239,1,02/16/24,09:21,random,4,1,32,2,390.3592,1
9239,1,02/16/24,09:21,random,4,1,33,3,409.294,1
9239,1,02/16/24,09:21,random,4,1,34,4,377.5358,1
9239,1,02/16/24,09:21,random,4,1,35,5,379.8231,1
9239,1,02/16/24,09:21,random,4,1,36,6,427.7027,1
9239,1,02/16/24,09:21,random,4,1,37,7,404.5438,1
9239,1,02/16/24,09:21,random,4,1,38,8,387.804,1
9239,1,02/16/24,09:21,random,4,1,39,9,355.6728,1
9239,1,02/16/24,09:21,random,4,1,40,10,479.9776,0
9239,1,02/16/24,09:21,random,5,1,41,1,3.27990000002,1
9239,1,02/16/24,09:21,random,5,1,42,2,17.8114,0
9239,1,02/16/24,09:21,random,5,1,43,3,523.1164,1
9239,1,02/16/24,09:21,random,5,1,44,4,490.7959,1
9239,1,02/16/24,09:21,random,5,1,45,5,473.5948,1
9239,1,02/16/24,09:21,random,5,1,46,6,415.1159,1
9239,1,02/16/24,09:21,random,5,1,47,7,513.0331,1
9239,1,02/16/24,09:21,random,5,1,48,8,421.1746,1
9239,1,02/16/24,09:21,random,5,1,49,9,465.932,1
9239,1,02/16/24,09:21,random,5,1,50,10,489.17,1
9240,1,02/16/24,09:20,practice,0,1,1,1,6558.5992,1
9240,1,02/16/24,09:20,practice,0,1,2,2,589.3342,1
9240,1,02/16/24,09:20,practice,0,1,3,3,519.1351,1
9240,1,02/16/24,09:20,practice,0,1,4,4,439.1431,1
9240,1,02/16/24,09:20,practice,0,1,5,5,430.1987,1
9240,1,02/16/24,09:20,practice,0,1,6,6,547.0709,1
9240,1,02/16/24,09:20,practice,0,1,7,7,310.2986,1
9240,1,02/16/24,09:20,practice,0,1,8,8,415.0987,1
9240,1,02/16/24,09:20,random,1,1,1,1,440.4204,1
9240,1,02/16/24,09:20,random,1,1,2,2,432.4402,1
9240,1,02/16/24,09:20,random,1,1,3,3,395.0811,1
9240,1,02/16/24,09:20,random,1,1,4,4,421.1458,1
9240,1,02/16/24,09:20,random,1,1,5,5,469.0333,1
9240,1,02/16/24,09:20,random,1,1,6,6,338.6644,1
9240,1,02/16/24,09:20,random,1,1,7,7,393.7618,0
9240,1,02/16/24,09:20,random,1,1,8,8,548.5524,1
9240,1,02/16/24,09:20,random,1,1,9,9,386.5282,1
9240,1,02/16/24,09:20,random,1,1,10,10,473.8965,1
9240,1,02/16/24,09:20,random,2,1,11,1,401.8942,1
9240,1,02/16/24,09:20,random,2,1,12,2,498.9428,1
9240,1,02/16/24,09:20,random,2,1,13,3,334.3889,1
9240,1,02/16/24,09:20,random,2,1,14,4,314.9898,1
9240,1,02/16/24,09:20,random,2,1,15,5,408.2211,1
9240,1,02/16/24,09:20,random,2,1,16,6,401.5011,1
9240,1,02/16/24,09:20,random,2,1,17,7,375.8843,1
9240,1,02/16/24,09:20,random,2,1,18,8,415.759,1
9240,1,02/16/24,09:20,random,2,1,19,9,404.8631,1
9240,1,02/16/24,09:20,random,2,1,20,10,357.9506,1
9240,1,02/16/24,09:20,random,3,1,21,1,542.39,1
9240,1,02/16/24,09:20,random,3,1,22,2,499.9278,1
9240,1,02/16/24,09:20,random,3,1,23,3,420.1642,1
9240,1,02/16/24,09:20,random,3,1,24,4,497.4022,1
9240,1,02/16/24,09:20,random,3,1,25,5,379.0752,1
9240,1,02/16/24,09:20,random,3,1,26,6,453.9081,1
9240,1,02/16/24,09:20,random,3,1,27,7,355.9974,1
9240,1,02/16/24,09:20,random,3,1,28,8,439.4332,0
9240,1,02/16/24,09:20,random,3,1,29,9,14.3974,0
9240,1,02/16/24,09:20,random,3,1,30,10,397.4094,1
9240,1,02/16/24,09:20,random,4,1,31,1,507.8646,1
9240,1,02/16/24,09:20,random,4,1,32,2,365.9463,1
9240,1,02/16/24,09:20,random,4,1,33,3,384.592,1
9240,1,02/16/24,09:20,random,4,1,34,4,360.2269,1
9240,1,02/16/24,09:20,random,4,1,35,5,417.4759,1
9240,1,02/16/24,09:20,random,4,1,36,6,379.5303,1
9240,1,02/16/24,09:20,random,4,1,37,7,447.5577,1
9240,1,02/16/24,09:20,random,4,1,38,8,333.7419,1
9240,1,02/16/24,09:20,random,4,1,39,9,689.3849,1
9240,1,02/16/24,09:20,random,4,1,40,10,378.2712,1
9240,1,02/16/24,09:20,random,5,1,41,1,403.4059,1
9240,1,02/16/24,09:20,random,5,1,42,2,439.8527,1
9240,1,02/16/24,09:20,random,5,1,43,3,452.0321,1
9240,1,02/16/24,09:20,random,5,1,44,4,450.3747,1
9240,1,02/16/24,09:20,random,5,1,45,5,354.9794,1
9240,1,02/16/24,09:20,random,5,1,46,6,419.2575,0
9240,1,02/16/24,09:20,random,5,1,47,7,478.8567,1
9240,1,02/16/24,09:20,random,5,1,48,8,378.9968,1
9240,1,02/16/24,09:20,random,5,1,49,9,490.0809,1
9240,1,02/16/24,09:20,random,5,1,50,10,427.008,1
9241,1,02/16/24,09:37,practice,0,1,1,1,631.3205,1
9241,1,02/16/24,09:37,practice,0,1,2,2,372.2783,1
9241,1,02/16/24,09:37,practice,0,1,3,3,320.2466,1
9241,1,02/16/24,09:37,practice,0,1,4,4,497.3852,1
9241,1,02/16/24,09:37,practice,0,1,5,5,460.4855,1
9241,1,02/16/24,09:37,practice,0,1,6,6,440.963,1
9241,1,02/16/24,09:37,practice,0,1,7,7,525.8458,1
9241,1,02/16/24,09:37,practice,0,1,8,8,471.814,1
9241,1,02/16/24,09:37,random,1,1,1,1,487.7633,1
9241,1,02/16/24,09:37,random,1,1,2,2,455.0027,1
9241,1,02/16/24,09:37,random,1,1,3,3,351.1428,1
9241,1,02/16/24,09:37,random,1,1,4,4,584.1954,1
9241,1,02/16/24,09:37,random,1,1,5,5,605.958,1
9241,1,02/16/24,09:37,random,1,1,6,6,588.3786,1
9241,1,02/16/24,09:37,random,1,1,7,7,379.9265,1
9241,1,02/16/24,09:37,random,1,1,8,8,514.5604,1
9241,1,02/16/24,09:37,random,1,1,9,9,457.0614,1
9241,1,02/16/24,09:37,random,1,1,10,10,638.5376,1
9241,1,02/16/24,09:37,random,2,1,11,1,458.4084,1
9241,1,02/16/24,09:37,random,2,1,12,2,470.751,1
9241,1,02/16/24,09:37,random,2,1,13,3,505.4616,1
9241,1,02/16/24,09:37,random,2,1,14,4,366.3375,1
9241,1,02/16/24,09:37,random,2,1,15,5,484.1863,1
9241,1,02/16/24,09:37,random,2,1,16,6,592.7005,1
9241,1,02/16/24,09:37,random,2,1,17,7,307.1295,1
9241,1,02/16/24,09:37,random,2,1,18,8,448.5234,1
9241,1,02/16/24,09:37,random,2,1,19,9,439.0026,1
9241,1,02/16/24,09:37,random,2,1,20,10,515.0899,1
9241,1,02/16/24,09:37,random,3,1,21,1,460.0138,1
9241,1,02/16/24,09:37,random,3,1,22,2,353.0713,1
9241,1,02/16/24,09:37,random,3,1,23,3,301.6453,0
9241,1,02/16/24,09:37,random,3,1,24,4,480.483,1
9241,1,02/16/24,09:37,random,3,1,25,5,437.0353,1
9241,1,02/16/24,09:37,random,3,1,26,6,523.2288,1
9241,1,02/16/24,09:37,random,3,1,27,7,625.6758,1
9241,1,02/16/24,09:37,random,3,1,28,8,663.1642,1
9241,1,02/16/24,09:37,random,3,1,29,9,540.2016,1
9241,1,02/16/24,09:37,random,3,1,30,10,500.9964,1
9241,1,02/16/24,09:37,random,4,1,31,1,488.0472,1
9241,1,02/16/24,09:37,random,4,1,32,2,395.3733,1
9241,1,02/16/24,09:37,random,4,1,33,3,410.6562,1
9241,1,02/16/24,09:37,random,4,1,34,4,406.5684,1
9241,1,02/16/24,09:37,random,4,1,35,5,352.9171,1
9241,1,02/16/24,09:37,random,4,1,36,6,568.9553,1
9241,1,02/16/24,09:37,random,4,1,37,7,527.7863,1
9241,1,02/16/24,09:37,random,4,1,38,8,432.4433,1
9241,1,02/16/24,09:37,random,4,1,39,9,504.2344,1
9241,1,02/16/24,09:37,random,4,1,40,10,523.1338,1
9241,1,02/16/24,09:37,random,5,1,41,1,418.3182,1
9241,1,02/16/24,09:37,random,5,1,42,2,409.6149,1
9241,1,02/16/24,09:37,random,5,1,43,3,452.7588,1
9241,1,02/16/24,09:37,random,5,1,44,4,699.0611,1
9241,1,02/16/24,09:37,random,5,1,45,5,399.2702,1
9241,1,02/16/24,09:37,random,5,1,46,6,477.3754,1
9241,1,02/16/24,09:37,random,5,1,47,7,433.8376,1
9241,1,02/16/24,09:37,random,5,1,48,8,486.1506,1
9241,1,02/16/24,09:37,random,5,1,49,9,472.7671,1
9241,1,02/16/24,09:37,random,5,1,50,10,465.982,1
9242,1,02/16/24,12:21,practice,0,1,1,1,1458.896,1
9242,1,02/16/24,12:21,practice,0,1,2,2,566.3613,1
9242,1,02/16/24,12:21,practice,0,1,3,3,514.9045,1
9242,1,02/16/24,12:21,practice,0,1,4,4,896.037,1
9242,1,02/16/24,12:21,practice,0,1,5,5,564.6186,1
9242,1,02/16/24,12:21,practice,0,1,6,6,507.7372,1
9242,1,02/16/24,12:21,practice,0,1,7,7,739.2664,1
9242,1,02/16/24,12:21,practice,0,1,8,8,685.1631,1
9242,1,02/16/24,12:21,random,1,1,1,1,665.9961,1
9242,1,02/16/24,12:21,random,1,1,2,2,695.1824,1
9242,1,02/16/24,12:21,random,1,1,3,3,713.9305,1
9242,1,02/16/24,12:21,random,1,1,4,4,683.3857,1
9242,1,02/16/24,12:21,random,1,1,5,5,452.7145,1
9242,1,02/16/24,12:21,random,1,1,6,6,721.4999,0
9242,1,02/16/24,12:21,random,1,1,7,7,745.5869,1
9242,1,02/16/24,12:21,random,1,1,8,8,581.834,1
9242,1,02/16/24,12:21,random,1,1,9,9,686.7925,1
9242,1,02/16/24,12:21,random,1,1,10,10,462.851,1
9242,1,02/16/24,12:21,random,2,1,11,1,687.9914,1
9242,1,02/16/24,12:21,random,2,1,12,2,631.6861,1
9242,1,02/16/24,12:21,random,2,1,13,3,1619.434,1
9242,1,02/16/24,12:21,random,2,1,14,4,902.7897,1
9242,1,02/16/24,12:21,random,2,1,15,5,703.3389,1
9242,1,02/16/24,12:21,random,2,1,16,6,644.7798,1
9242,1,02/16/24,12:21,random,2,1,17,7,827.9183,1
9242,1,02/16/24,12:21,random,2,1,18,8,614.7343,1
9242,1,02/16/24,12:21,random,2,1,19,9,881.201,1
9242,1,02/16/24,12:21,random,2,1,20,10,540.7653,1
9242,1,02/16/24,12:21,random,3,1,21,1,723.6724,1
9242,1,02/16/24,12:21,random,3,1,22,2,781.0849,1
9242,1,02/16/24,12:21,random,3,1,23,3,807.9242,1
9242,1,02/16/24,12:21,random,3,1,24,4,549.5234,1
9242,1,02/16/24,12:21,random,3,1,25,5,744.3958,1
9242,1,02/16/24,12:21,random,3,1,26,6,841.2166,1
9242,1,02/16/24,12:21,random,3,1,27,7,901.8185,1
9242,1,02/16/24,12:21,random,3,1,28,8,550.2671,1
9242,1,02/16/24,12:21,random,3,1,29,9,752.1739,1
9242,1,02/16/24,12:21,random,3,1,30,10,711.4264,1
9242,1,02/16/24,12:21,random,4,1,31,1,473.8618,1
9242,1,02/16/24,12:21,random,4,1,32,2,644.067,1
9242,1,02/16/24,12:21,random,4,1,33,3,674.1979,1
9242,1,02/16/24,12:21,random,4,1,34,4,564.2066,1
9242,1,02/16/24,12:21,random,4,1,35,5,661.6273,1
9242,1,02/16/24,12:21,random,4,1,36,6,433.6204,1
9242,1,02/16/24,12:21,random,4,1,37,7,620.7519,1
9242,1,02/16/24,12:21,random,4,1,38,8,429.3403,1
9242,1,02/16/24,12:21,random,4,1,39,9,627.0949,1
9242,1,02/16/24,12:21,random,4,1,40,10,662.0486,1
9242,1,02/16/24,12:21,random,5,1,41,1,536.7733,1
9242,1,02/16/24,12:21,random,5,1,42,2,679.4112,1
9242,1,02/16/24,12:21,random,5,1,43,3,761.221,1
9242,1,02/16/24,12:21,random,5,1,44,4,737.6044,1
9242,1,02/16/24,12:21,random,5,1,45,5,648.2948,1
9242,1,02/16/24,12:21,random,5,1,46,6,424.7137,1
9242,1,02/16/24,12:21,random,5,1,47,7,482.3299,1
9242,1,02/16/24,12:21,random,5,1,48,8,544.8808,1
9242,1,02/16/24,12:21,random,5,1,49,9,399.7248,1
9242,1,02/16/24,12:21,random,5,1,50,10,675.903,1
9243,1,02/16/24,12:24,practice,0,1,1,1,781.0876,1
9243,1,02/16/24,12:24,practice,0,1,2,2,0.265400000004,0
9243,1,02/16/24,12:24,practice,0,1,3,3,551.495,1
9243,1,02/16/24,12:24,practice,0,1,4,4,590.1583,1
9243,1,02/16/24,12:24,practice,0,1,5,5,797.4949,1
9243,1,02/16/24,12:24,practice,0,1,6,6,652.876,1
9243,1,02/16/24,12:24,practice,0,1,7,7,469.6853,1
9243,1,02/16/24,12:24,practice,0,1,8,8,437.9616,1
9243,1,02/16/24,12:24,random,1,1,1,1,442.7318,1
9243,1,02/16/24,12:24,random,1,1,2,2,676.5158,1
9243,1,02/16/24,12:24,random,1,1,3,3,708.3451,1
9243,1,02/16/24,12:24,random,1,1,4,4,499.9144,1
9243,1,02/16/24,12:24,random,1,1,5,5,463.0362,1
9243,1,02/16/24,12:24,random,1,1,6,6,659.1638,1
9243,1,02/16/24,12:24,random,1,1,7,7,522.4588,1
9243,1,02/16/24,12:24,random,1,1,8,8,605.3568,1
9243,1,02/16/24,12:24,random,1,1,9,9,721.2563,1
9243,1,02/16/24,12:24,random,1,1,10,10,397.3153,1
9243,1,02/16/24,12:24,random,2,1,11,1,403.6952,1
9243,1,02/16/24,12:24,random,2,1,12,2,441.697,1
9243,1,02/16/24,12:24,random,2,1,13,3,447.9565,1
9243,1,02/16/24,12:24,random,2,1,14,4,443.1798,1
9243,1,02/16/24,12:24,random,2,1,15,5,736.9625,1
9243,1,02/16/24,12:24,random,2,1,16,6,616.6001,1
9243,1,02/16/24,12:24,random,2,1,17,7,441.0208,1
9243,1,02/16/24,12:24,random,2,1,18,8,522.9555,1
9243,1,02/16/24,12:24,random,2,1,19,9,461.9592,1
9243,1,02/16/24,12:24,random,2,1,20,10,510.7795,1
9243,1,02/16/24,12:24,random,3,1,21,1,518.1045,1
9243,1,02/16/24,12:24,random,3,1,22,2,378.8058,1
9243,1,02/16/24,12:24,random,3,1,23,3,426.3098,1
9243,1,02/16/24,12:24,random,3,1,24,4,427.14,1
9243,1,02/16/24,12:24,random,3,1,25,5,342.7849,1
9243,1,02/16/24,12:24,random,3,1,26,6,463.9346,1
9243,1,02/16/24,12:24,random,3,1,27,7,507.4507,1
9243,1,02/16/24,12:24,random,3,1,28,8,525.2963,1
9243,1,02/16/24,12:24,random,3,1,29,9,452.2041,1
9243,1,02/16/24,12:24,random,3,1,30,10,390.1333,1
9243,1,02/16/24,12:24,random,4,1,31,1,487.1501,0
9243,1,02/16/24,12:24,random,4,1,32,2,481.756,1
9243,1,02/16/24,12:24,random,4,1,33,3,595.3477,1
9243,1,02/16/24,12:24,random,4,1,34,4,931.7152,1
9243,1,02/16/24,12:24,random,4,1,35,5,505.7684,1
9243,1,02/16/24,12:24,random,4,1,36,6,715.2347,1
9243,1,02/16/24,12:24,random,4,1,37,7,942.3655,1
9243,1,02/16/24,12:24,random,4,1,38,8,516.8213,1
9243,1,02/16/24,12:24,random,4,1,39,9,773.6747,1
9243,1,02/16/24,12:24,random,4,1,40,10,400.4354,1
9243,1,02/16/24,12:24,random,5,1,41,1,754.5987,1
9243,1,02/16/24,12:24,random,5,1,42,2,503.6824,1
9243,1,02/16/24,12:24,random,5,1,43,3,441.6859,1
9243,1,02/16/24,12:24,random,5,1,44,4,544.3953,1
9243,1,02/16/24,12:24,random,5,1,45,5,613.7957,1
9243,1,02/16/24,12:24,random,5,1,46,6,378.5879,1
9243,1,02/16/24,12:24,random,5,1,47,7,391.3411,1
9243,1,02/16/24,12:24,random,5,1,48,8,719.0303,1
9243,1,02/16/24,12:24,random,5,1,49,9,463.0396,1
9243,1,02/16/24,12:24,random,5,1,50,10,466.3712,1
9244,1,02/16/24,12:30,practice,0,1,1,1,806.1161,1
9244,1,02/16/24,12:30,practice,0,1,2,2,429.6685,1
9244,1,02/16/24,12:30,practice,0,1,3,3,477.5819,0
9244,1,02/16/24,12:30,practice,0,1,4,4,0.696000000011,0
9244,1,02/16/24,12:30,practice,0,1,5,5,466.9734,1
9244,1,02/16/24,12:30,practice,0,1,6,6,566.1546,1
9244,1,02/16/24,12:30,practice,0,1,7,7,403.9476,1
9244,1,02/16/24,12:30,practice,0,1,8,8,989.1123,1
9244,1,02/16/24,12:30,random,1,1,1,1,1270.0184,1
9244,1,02/16/24,12:30,random,1,1,2,2,535.044,1
9244,1,02/16/24,12:30,random,1,1,3,3,412.5904,1
9244,1,02/16/24,12:30,random,1,1,4,4,521.7318,1
9244,1,02/16/24,12:30,random,1,1,5,5,433.3791,1
9244,1,02/16/24,12:30,random,1,1,6,6,378.0427,1
9244,1,02/16/24,12:30,random,1,1,7,7,367.0051,1
9244,1,02/16/24,12:30,random,1,1,8,8,383.9014,1
9244,1,02/16/24,12:30,random,1,1,9,9,412.2454,1
9244,1,02/16/24,12:30,random,1,1,10,10,399.2187,1
9244,1,02/16/24,12:30,random,2,1,11,1,399.9518,1
9244,1,02/16/24,12:30,random,2,1,12,2,428.0629,1
9244,1,02/16/24,12:30,random,2,1,13,3,389.5645,1
9244,1,02/16/24,12:30,random,2,1,14,4,429.1049,1
9244,1,02/16/24,12:30,random,2,1,15,5,469.6372,1
9244,1,02/16/24,12:30,random,2,1,16,6,450.6381,1
9244,1,02/16/24,12:30,random,2,1,17,7,448.6157,1
9244,1,02/16/24,12:30,random,2,1,18,8,510.2198,1
9244,1,02/16/24,12:30,random,2,1,19,9,372.3708,1
9244,1,02/16/24,12:30,random,2,1,20,10,478.8455,1
9244,1,02/16/24,12:30,random,3,1,21,1,543.3148,1
9244,1,02/16/24,12:30,random,3,1,22,2,621.6705,1
9244,1,02/16/24,12:30,random,3,1,23,3,433.2586,0
9244,1,02/16/24,12:30,random,3,1,24,4,9.23759999999,0
9244,1,02/16/24,12:30,random,3,1,25,5,479.2916,1
9244,1,02/16/24,12:30,random,3,1,26,6,434.7849,1
9244,1,02/16/24,12:30,random,3,1,27,7,476.666,1
9244,1,02/16/24,12:30,random,3,1,28,8,432.2587,1
9244,1,02/16/24,12:30,random,3,1,29,9,366.1176,1
9244,1,02/16/24,12:30,random,3,1,30,10,404.8774,1
9244,1,02/16/24,12:30,random,4,1,31,1,478.3938,1
9244,1,02/16/24,12:30,random,4,1,32,2,503.7002,1
9244,1,02/16/24,12:30,random,4,1,33,3,509.3138,1
9244,1,02/16/24,12:30,random,4,1,34,4,411.6398,1
9244,1,02/16/24,12:30,random,4,1,35,5,548.6535,1
9244,1,02/16/24,12:30,random,4,1,36,6,401.3274,1
9244,1,02/16/24,12:30,random,4,1,37,7,379.9789,1
9244,1,02/16/24,12:30,random,4,1,38,8,438.9951,1
9244,1,02/16/24,12:30,random,4,1,39,9,436.0471,1
9244,1,02/16/24,12:30,random,4,1,40,10,534.9534,1
9244,1,02/16/24,12:30,random,5,1,41,1,345.6576,1
9244,1,02/16/24,12:30,random,5,1,42,2,468.9871,1
9244,1,02/16/24,12:30,random,5,1,43,3,419.9364,1
9244,1,02/16/24,12:30,random,5,1,44,4,433.8348,1
9244,1,02/16/24,12:30,random,5,1,45,5,431.0347,1
9244,1,02/16/24,12:30,random,5,1,46,6,456.1053,1
9244,1,02/16/24,12:30,random,5,1,47,7,473.3605,1
9244,1,02/16/24,12:30,random,5,1,48,8,383.5477,1
9244,1,02/16/24,12:30,random,5,1,49,9,521.3749,1
9244,1,02/16/24,12:30,random,5,1,50,10,671.9874,1
9245,1,02/16/24,15:12,practice,0,1,1,1,510.8669,1
9245,1,02/16/24,15:12,practice,0,1,2,2,851.3487,1
9245,1,02/16/24,15:12,practice,0,1,3,3,630.7605,1
9245,1,02/16/24,15:12,practice,0,1,4,4,485.4684,1
9245,1,02/16/24,15:12,practice,0,1,5,5,533.3714,1
9245,1,02/16/24,15:12,practice,0,1,6,6,540.7233,1
9245,1,02/16/24,15:12,practice,0,1,7,7,636.0197,1
9245,1,02/16/24,15:12,practice,0,1,8,8,0.433900000004,0
9245,1,02/16/24,15:12,random,1,1,1,1,496.3394,1
9245,1,02/16/24,15:12,random,1,1,2,2,419.0568,1
9245,1,02/16/24,15:12,random,1,1,3,3,827.9335,1
9245,1,02/16/24,15:12,random,1,1,4,4,558.6423,1
9245,1,02/16/24,15:12,random,1,1,5,5,604.2601,1
9245,1,02/16/24,15:12,random,1,1,6,6,625.8135,1
9245,1,02/16/24,15:12,random,1,1,7,7,829.3493,1
9245,1,02/16/24,15:12,random,1,1,8,8,1027.771,1
9245,1,02/16/24,15:12,random,1,1,9,9,625.6074,1
9245,1,02/16/24,15:12,random,1,1,10,10,818.1646,1
9245,1,02/16/24,15:12,random,2,1,11,1,655.9011,1
9245,1,02/16/24,15:12,random,2,1,12,2,1305.1301,1
9245,1,02/16/24,15:12,random,2,1,13,3,591.9325,1
9245,1,02/16/24,15:12,random,2,1,14,4,562.5628,1
9245,1,02/16/24,15:12,random,2,1,15,5,649.9023,1
9245,1,02/16/24,15:12,random,2,1,16,6,1230.1696,1
9245,1,02/16/24,15:12,random,2,1,17,7,1091.9978,1
9245,1,02/16/24,15:12,random,2,1,18,8,903.1615,1
9245,1,02/16/24,15:12,random,2,1,19,9,944.4839,1
9245,1,02/16/24,15:12,random,2,1,20,10,459.1833,1
9245,1,02/16/24,15:12,random,3,1,21,1,597.5518,1
9245,1,02/16/24,15:12,random,3,1,22,2,411.4564,0
9245,1,02/16/24,15:12,random,3,1,23,3,546.1807,1
9245,1,02/16/24,15:12,random,3,1,24,4,582.8856,1
9245,1,02/16/24,15:12,random,3,1,25,5,782.8833,1
9245,1,02/16/24,15:12,random,3,1,26,6,558.3803,1
9245,1,02/16/24,15:12,random,3,1,27,7,733.4756,1
9245,1,02/16/24,15:12,random,3,1,28,8,526.1976,1
9245,1,02/16/24,15:12,random,3,1,29,9,504.2558,1
9245,1,02/16/24,15:12,random,3,1,30,10,647.2376,1
9245,1,02/16/24,15:12,random,4,1,31,1,1065.9764,1
9245,1,02/16/24,15:12,random,4,1,32,2,511.4005,1
9245,1,02/16/24,15:12,random,4,1,33,3,595.8536,1
9245,1,02/16/24,15:12,random,4,1,34,4,726.7218,1
9245,1,02/16/24,15:12,random,4,1,35,5,476.6028,1
9245,1,02/16/24,15:12,random,4,1,36,6,518.7933,1
9245,1,02/16/24,15:12,random,4,1,37,7,562.3768,1
9245,1,02/16/24,15:12,random,4,1,38,8,706.8725,1
9245,1,02/16/24,15:12,random,4,1,39,9,700.3082,1
9245,1,02/16/24,15:12,random,4,1,40,10,723.3698,1
9245,1,02/16/24,15:12,random,5,1,41,1,540.5261,1
9245,1,02/16/24,15:12,random,5,1,42,2,510.4348,1
9245,1,02/16/24,15:12,random,5,1,43,3,654.063,1
9245,1,02/16/24,15:12,random,5,1,44,4,614.7072,1
9245,1,02/16/24,15:12,random,5,1,45,5,954.3594,1
9245,1,02/16/24,15:12,random,5,1,46,6,634.1024,1
9245,1,02/16/24,15:12,random,5,1,47,7,597.3145,1
9245,1,02/16/24,15:12,random,5,1,48,8,523.3385,1
9245,1,02/16/24,15:12,random,5,1,49,9,1434.7573,1
9245,1,02/16/24,15:12,random,5,1,50,10,996.7726,1
9246,1,02/16/24,15:15,practice,0,1,1,1,443.7826,1
9246,1,02/16/24,15:15,practice,0,1,2,2,385.7734,1
9246,1,02/16/24,15:15,practice,0,1,3,3,508.3488,1
9246,1,02/16/24,15:15,practice,0,1,4,4,610.7813,1
9246,1,02/16/24,15:15,practice,0,1,5,5,499.7685,1
9246,1,02/16/24,15:15,practice,0,1,6,6,442.3282,1
9246,1,02/16/24,15:15,practice,0,1,7,7,515.7529,1
9246,1,02/16/24,15:15,practice,0,1,8,8,464.7647,1
9246,1,02/16/24,15:15,random,1,1,1,1,641.0556,1
9246,1,02/16/24,15:15,random,1,1,2,2,441.0644,1
9246,1,02/16/24,15:15,random,1,1,3,3,498.1219,1
9246,1,02/16/24,15:15,random,1,1,4,4,557.193,1
9246,1,02/16/24,15:15,random,1,1,5,5,457.7365,1
9246,1,02/16/24,15:15,random,1,1,6,6,411.1619,0
9246,1,02/16/24,15:15,random,1,1,7,7,418.2768,1
9246,1,02/16/24,15:15,random,1,1,8,8,520.5425,0
9246,1,02/16/24,15:15,random,1,1,9,9,495.9954,1
9246,1,02/16/24,15:15,random,1,1,10,10,439.3392,1
9246,1,02/16/24,15:15,random,2,1,11,1,530.2803,1
9246,1,02/16/24,15:15,random,2,1,12,2,578.6524,1
9246,1,02/16/24,15:15,random,2,1,13,3,464.2429,1
9246,1,02/16/24,15:15,random,2,1,14,4,629.9489,1
9246,1,02/16/24,15:15,random,2,1,15,5,423.4608,1
9246,1,02/16/24,15:15,random,2,1,16,6,561.9117,1
9246,1,02/16/24,15:15,random,2,1,17,7,408.7078,1
9246,1,02/16/24,15:15,random,2,1,18,8,402.2892,1
9246,1,02/16/24,15:15,random,2,1,19,9,498.8285,1
9246,1,02/16/24,15:15,random,2,1,20,10,523.3608,1
9246,1,02/16/24,15:15,random,3,1,21,1,430.7308,1
9246,1,02/16/24,15:15,random,3,1,22,2,419.8193,1
9246,1,02/16/24,15:15,random,3,1,23,3,372.0623,1
9246,1,02/16/24,15:15,random,3,1,24,4,654.9708,1
9246,1,02/16/24,15:15,random,3,1,25,5,502.8215,1
9246,1,02/16/24,15:15,random,3,1,26,6,474.9591,1
9246,1,02/16/24,15:15,random,3,1,27,7,869.7406,1
9246,1,02/16/24,15:15,random,3,1,28,8,552.8456,1
9246,1,02/16/24,15:15,random,3,1,29,9,453.1713,1
9246,1,02/16/24,15:15,random,3,1,30,10,574.3041,1
9246,1,02/16/24,15:15,random,4,1,31,1,528.1069,1
9246,1,02/16/24,15:15,random,4,1,32,2,540.9275,1
9246,1,02/16/24,15:15,random,4,1,33,3,499.5056,1
9246,1,02/16/24,15:15,random,4,1,34,4,420.1847,1
9246,1,02/16/24,15:15,random,4,1,35,5,480.5842,1
9246,1,02/16/24,15:15,random,4,1,36,6,419.3802,1
9246,1,02/16/24,15:15,random,4,1,37,7,396.6974,1
9246,1,02/16/24,15:15,random,4,1,38,8,481.4681,1
9246,1,02/16/24,15:15,random,4,1,39,9,420.9084,1
9246,1,02/16/24,15:15,random,4,1,40,10,589.4459,1
9246,1,02/16/24,15:15,random,5,1,41,1,413.4574,1
9246,1,02/16/24,15:15,random,5,1,42,2,532.3911,1
9246,1,02/16/24,15:15,random,5,1,43,3,525.6312,1
9246,1,02/16/24,15:15,random,5,1,44,4,493.6897,1
9246,1,02/16/24,15:15,random,5,1,45,5,614.597,1
9246,1,02/16/24,15:15,random,5,1,46,6,756.6098,1
9246,1,02/16/24,15:15,random,5,1,47,7,504.1582,1
9246,1,02/16/24,15:15,random,5,1,48,8,679.0838,1
9246,1,02/16/24,15:15,random,5,1,49,9,12.6896,1
9246,1,02/16/24,15:15,random,5,1,50,10,680.0983,1
9247,1,03/25/24,09:13,practice,0,1,1,1,36933.2017,0
9247,1,03/25/24,09:13,practice,0,1,2,2,1241.158,1
9247,1,03/25/24,09:13,practice,0,1,3,3,888.9631,1
9247,1,03/25/24,09:13,practice,0,1,4,4,889.772,1
9247,1,03/25/24,09:13,practice,0,1,5,5,773.3911,1
9247,1,03/25/24,09:13,practice,0,1,6,6,638.2928,1
9247,1,03/25/24,09:13,practice,0,1,7,7,811.2362,1
9247,1,03/25/24,09:13,practice,0,1,8,8,769.4906,1
9247,1,03/25/24,09:13,random,1,1,1,1,694.0401,1
9247,1,03/25/24,09:13,random,1,1,2,2,662.2645,1
9247,1,03/25/24,09:13,random,1,1,3,3,784.1511,1
9247,1,03/25/24,09:13,random,1,1,4,4,723.6933,1
9247,1,03/25/24,09:13,random,1,1,5,5,707.3814,1
9247,1,03/25/24,09:13,random,1,1,6,6,699.9896,1
9247,1,03/25/24,09:13,random,1,1,7,7,456.432,1
9247,1,03/25/24,09:13,random,1,1,8,8,671.6938,1
9247,1,03/25/24,09:13,random,1,1,9,9,923.7788,1
9247,1,03/25/24,09:13,random,1,1,10,10,477.8028,1
9247,1,03/25/24,09:13,random,2,1,11,1,494.4751,1
9247,1,03/25/24,09:13,random,2,1,12,2,530.0193,1
9247,1,03/25/24,09:13,random,2,1,13,3,446.2714,1
9247,1,03/25/24,09:13,random,2,1,14,4,797.7622,1
9247,1,03/25/24,09:13,random,2,1,15,5,423.8362,1
9247,1,03/25/24,09:13,random,2,1,16,6,736.1046,1
9247,1,03/25/24,09:13,random,2,1,17,7,776.7163,1
9247,1,03/25/24,09:13,random,2,1,18,8,1384.7766,1
9247,1,03/25/24,09:13,random,2,1,19,9,819.9057,1
9247,1,03/25/24,09:13,random,2,1,20,10,637.6287,1
9247,1,03/25/24,09:13,random,3,1,21,1,641.3609,1
9247,1,03/25/24,09:13,random,3,1,22,2,850.1357,1
9247,1,03/25/24,09:13,random,3,1,23,3,1364.3164,1
9247,1,03/25/24,09:13,random,3,1,24,4,707.6691,1
9247,1,03/25/24,09:13,random,3,1,25,5,1226.8942,1
9247,1,03/25/24,09:13,random,3,1,26,6,735.092,1
9247,1,03/25/24,09:13,random,3,1,27,7,778.1614,1
9247,1,03/25/24,09:13,random,3,1,28,8,970.7765,1
9247,1,03/25/24,09:13,random,3,1,29,9,1003.0772,1
9247,1,03/25/24,09:13,random,3,1,30,10,870.1039,1
9247,1,03/25/24,09:13,random,4,1,31,1,1240.8579,1
9247,1,03/25/24,09:13,random,4,1,32,2,1201.5011,1
9247,1,03/25/24,09:13,random,4,1,33,3,1540.4689,1
9247,1,03/25/24,09:13,random,4,1,34,4,634.6606,1
9247,1,03/25/24,09:13,random,4,1,35,5,848.7073,1
9247,1,03/25/24,09:13,random,4,1,36,6,1064.5202,1
9247,1,03/25/24,09:13,random,4,1,37,7,1374.5223,1
9247,1,03/25/24,09:13,random,4,1,38,8,573.7182,1
9247,1,03/25/24,09:13,random,4,1,39,9,715.9131,1
9247,1,03/25/24,09:13,random,4,1,40,10,994.0648,1
9247,1,03/25/24,09:13,random,5,1,41,1,749.9745,1
9247,1,03/25/24,09:13,random,5,1,42,2,653.4503,1
9247,1,03/25/24,09:13,random,5,1,43,3,725.0202,1
9247,1,03/25/24,09:13,random,5,1,44,4,1104.5964,1
9247,1,03/25/24,09:13,random,5,1,45,5,790.1483,1
9247,1,03/25/24,09:13,random,5,1,46,6,814.1362,1
9247,1,03/25/24,09:13,random,5,1,47,7,1669.913,1
9247,1,03/25/24,09:13,random,5,1,48,8,1110.5779,1
9247,1,03/25/24,09:13,random,5,1,49,9,1057.6724,1
9247,1,03/25/24,09:13,random,5,1,50,10,932.1024,1
9249,1,03/25/24,12:24,practice,0,1,1,1,1541.1304,1
9249,1,03/25/24,12:24,practice,0,1,2,2,1284.4251,1
9249,1,03/25/24,12:24,practice,0,1,3,3,813.9322,1
9249,1,03/25/24,12:24,practice,0,1,4,4,492.4263,1
9249,1,03/25/24,12:24,practice,0,1,5,5,355.7639,1
9249,1,03/25/24,12:24,practice,0,1,6,6,797.4573,1
9249,1,03/25/24,12:24,practice,0,1,7,7,724.9261,1
9249,1,03/25/24,12:24,practice,0,1,8,8,430.2758,1
9249,1,03/25/24,12:24,random,1,1,1,1,513.2511,1
9249,1,03/25/24,12:24,random,1,1,2,2,561.0883,1
9249,1,03/25/24,12:24,random,1,1,3,3,414.0385,1
9249,1,03/25/24,12:24,random,1,1,4,4,445.2275,1
9249,1,03/25/24,12:24,random,1,1,5,5,1091.2442,1
9249,1,03/25/24,12:24,random,1,1,6,6,518.9967,1
9249,1,03/25/24,12:24,random,1,1,7,7,610.1824,1
9249,1,03/25/24,12:24,random,1,1,8,8,550.8449,1
9249,1,03/25/24,12:24,random,1,1,9,9,462.0749,1
9249,1,03/25/24,12:24,random,1,1,10,10,473.6029,1
9249,1,03/25/24,12:24,random,2,1,11,1,386.7079,1
9249,1,03/25/24,12:24,random,2,1,12,2,398.9916,1
9249,1,03/25/24,12:24,random,2,1,13,3,458.4138,1
9249,1,03/25/24,12:24,random,2,1,14,4,778.8193,1
9249,1,03/25/24,12:24,random,2,1,15,5,573.8526,1
9249,1,03/25/24,12:24,random,2,1,16,6,609.2035,1
9249,1,03/25/24,12:24,random,2,1,17,7,523.2469,1
9249,1,03/25/24,12:24,random,2,1,18,8,835.2081,1
9249,1,03/25/24,12:24,random,2,1,19,9,549.4619,1
9249,1,03/25/24,12:24,random,2,1,20,10,526.8344,1
9249,1,03/25/24,12:24,random,3,1,21,1,418.7649,1
9249,1,03/25/24,12:24,random,3,1,22,2,549.8636,1
9249,1,03/25/24,12:24,random,3,1,23,3,467.3143,1
9249,1,03/25/24,12:24,random,3,1,24,4,346.0685,1
9249,1,03/25/24,12:24,random,3,1,25,5,450.6774,1
9249,1,03/25/24,12:24,random,3,1,26,6,503.3374,1
9249,1,03/25/24,12:24,random,3,1,27,7,544.3496,1
9249,1,03/25/24,12:24,random,3,1,28,8,446.003,1
9249,1,03/25/24,12:24,random,3,1,29,9,445.7486,1
9249,1,03/25/24,12:24,random,3,1,30,10,763.1456,1
9249,1,03/25/24,12:24,random,4,1,31,1,412.2856,1
9249,1,03/25/24,12:24,random,4,1,32,2,348.8167,1
9249,1,03/25/24,12:24,random,4,1,33,3,411.0103,1
9249,1,03/25/24,12:24,random,4,1,34,4,483.6492,1
9249,1,03/25/24,12:24,random,4,1,35,5,431.9964,1
9249,1,03/25/24,12:24,random,4,1,36,6,393.7596,1
9249,1,03/25/24,12:24,random,4,1,37,7,405.9859,1
9249,1,03/25/24,12:24,random,4,1,38,8,447.2417,1
9249,1,03/25/24,12:24,random,4,1,39,9,477.8482,0
9249,1,03/25/24,12:24,random,4,1,40,10,10.5809,0
9249,1,03/25/24,12:24,random,5,1,41,1,4.78,0
9249,1,03/25/24,12:24,random,5,1,42,2,555.9047,1
9249,1,03/25/24,12:24,random,5,1,43,3,455.6652,1
9249,1,03/25/24,12:24,random,5,1,44,4,436.9558,1
9249,1,03/25/24,12:24,random,5,1,45,5,434.2632,1
9249,1,03/25/24,12:24,random,5,1,46,6,580.0268,1
9249,1,03/25/24,12:24,random,5,1,47,7,524.5662,1
9249,1,03/25/24,12:24,random,5,1,48,8,429.9588,1
9249,1,03/25/24,12:24,random,5,1,49,9,677.2406,1
9249,1,03/25/24,12:24,random,5,1,50,10,531.1495,1
9251,1,03/25/24,12:25,practice,0,1,1,1,524.1493,1
9251,1,03/25/24,12:25,practice,0,1,2,2,346.8084,1
9251,1,03/25/24,12:25,practice,0,1,3,3,398.7631,1
9251,1,03/25/24,12:25,practice,0,1,4,4,361.5371,0
9251,1,03/25/24,12:25,practice,0,1,5,5,364.4288,1
9251,1,03/25/24,12:25,practice,0,1,6,6,730.6743,1
9251,1,03/25/24,12:25,practice,0,1,7,7,464.8677,1
9251,1,03/25/24,12:25,practice,0,1,8,8,364.6181,1
9251,1,03/25/24,12:25,random,1,1,1,1,500.4722,1
9251,1,03/25/24,12:25,random,1,1,2,2,431.6892,1
9251,1,03/25/24,12:25,random,1,1,3,3,365.9283,1
9251,1,03/25/24,12:25,random,1,1,4,4,393.1647,1
9251,1,03/25/24,12:25,random,1,1,5,5,404.9882,1
9251,1,03/25/24,12:25,random,1,1,6,6,387.3771,1
9251,1,03/25/24,12:25,random,1,1,7,7,964.9323,1
9251,1,03/25/24,12:25,random,1,1,8,8,415.5647,1
9251,1,03/25/24,12:25,random,1,1,9,9,423.0162,1
9251,1,03/25/24,12:25,random,1,1,10,10,479.4591,1
9251,1,03/25/24,12:25,random,2,1,11,1,406.506,1
9251,1,03/25/24,12:25,random,2,1,12,2,330.985,1
9251,1,03/25/24,12:25,random,2,1,13,3,429.7182,1
9251,1,03/25/24,12:25,random,2,1,14,4,329.4975,1
9251,1,03/25/24,12:25,random,2,1,15,5,338.6562,1
9251,1,03/25/24,12:25,random,2,1,16,6,396.2441,1
9251,1,03/25/24,12:25,random,2,1,17,7,359.3519,1
9251,1,03/25/24,12:25,random,2,1,18,8,496.8584,1
9251,1,03/25/24,12:25,random,2,1,19,9,455.768,1
9251,1,03/25/24,12:25,random,2,1,20,10,404.116,0
9251,1,03/25/24,12:25,random,3,1,21,1,404.4873,1
9251,1,03/25/24,12:25,random,3,1,22,2,353.4684,1
9251,1,03/25/24,12:25,random,3,1,23,3,430.1543,1
9251,1,03/25/24,12:25,random,3,1,24,4,373.9636,1
9251,1,03/25/24,12:25,random,3,1,25,5,498.7066,0
9251,1,03/25/24,12:25,random,3,1,26,6,6.54259999999,0
9251,1,03/25/24,12:25,random,3,1,27,7,337.7437,1
9251,1,03/25/24,12:25,random,3,1,28,8,428.5029,1
9251,1,03/25/24,12:25,random,3,1,29,9,584.4972,0
9251,1,03/25/24,12:25,random,3,1,30,10,488.9559,1
9251,1,03/25/24,12:25,random,4,1,31,1,483.9705,1
9251,1,03/25/24,12:25,random,4,1,32,2,479.2991,1
9251,1,03/25/24,12:25,random,4,1,33,3,407.903,1
9251,1,03/25/24,12:25,random,4,1,34,4,423.4581,1
9251,1,03/25/24,12:25,random,4,1,35,5,407.3036,1
9251,1,03/25/24,12:25,random,4,1,36,6,395.5461,1
9251,1,03/25/24,12:25,random,4,1,37,7,409.6089,1
9251,1,03/25/24,12:25,random,4,1,38,8,515.0981,1
9251,1,03/25/24,12:25,random,4,1,39,9,398.4472,1
9251,1,03/25/24,12:25,random,4,1,40,10,489.0878,1
9251,1,03/25/24,12:25,random,5,1,41,1,469.6069,1
9251,1,03/25/24,12:25,random,5,1,42,2,665.5528,1
9251,1,03/25/24,12:25,random,5,1,43,3,378.5518,1
9251,1,03/25/24,12:25,random,5,1,44,4,405.2333,1
9251,1,03/25/24,12:25,random,5,1,45,5,386.1856,1
9251,1,03/25/24,12:25,random,5,1,46,6,445.5782,0
9251,1,03/25/24,12:25,random,5,1,47,7,373.6521,1
9251,1,03/25/24,12:25,random,5,1,48,8,381.2575,1
9251,1,03/25/24,12:25,random,5,1,49,9,378.7335,1
9251,1,03/25/24,12:25,random,5,1,50,10,329.1714,1
9252,1,03/29/24,09:24,practice,0,1,1,1,1772.7081,1
9252,1,03/29/24,09:24,practice,0,1,2,2,640.329,1
9252,1,03/29/24,09:24,practice,0,1,3,3,541.3269,1
9252,1,03/29/24,09:24,practice,0,1,4,4,557.6279,1
9252,1,03/29/24,09:24,practice,0,1,5,5,669.2373,1
9252,1,03/29/24,09:24,practice,0,1,6,6,522.5778,1
9252,1,03/29/24,09:24,practice,0,1,7,7,564.6512,1
9252,1,03/29/24,09:24,practice,0,1,8,8,738.8239,1
9252,1,03/29/24,09:24,random,1,1,1,1,692.146,1
9252,1,03/29/24,09:24,random,1,1,2,2,504.3612,1
9252,1,03/29/24,09:24,random,1,1,3,3,579.5313,1
9252,1,03/29/24,09:24,random,1,1,4,4,606.3198,1
9252,1,03/29/24,09:24,random,1,1,5,5,543.5114,1
9252,1,03/29/24,09:24,random,1,1,6,6,556.1839,1
9252,1,03/29/24,09:24,random,1,1,7,7,586.7312,1
9252,1,03/29/24,09:24,random,1,1,8,8,387.4383,1
9252,1,03/29/24,09:24,random,1,1,9,9,572.1333,1
9252,1,03/29/24,09:24,random,1,1,10,10,568.6167,1
9252,1,03/29/24,09:24,random,2,1,11,1,640.942,1
9252,1,03/29/24,09:24,random,2,1,12,2,609.408,1
9252,1,03/29/24,09:24,random,2,1,13,3,587.5194,1
9252,1,03/29/24,09:24,random,2,1,14,4,571.2778,1
9252,1,03/29/24,09:24,random,2,1,15,5,577.9966,1
9252,1,03/29/24,09:24,random,2,1,16,6,551.529,1
9252,1,03/29/24,09:24,random,2,1,17,7,526.2102,1
9252,1,03/29/24,09:24,random,2,1,18,8,510.7402,1
9252,1,03/29/24,09:24,random,2,1,19,9,524.5531,1
9252,1,03/29/24,09:24,random,2,1,20,10,446.138,1
9252,1,03/29/24,09:24,random,3,1,21,1,543.3227,1
9252,1,03/29/24,09:24,random,3,1,22,2,564.5478,1
9252,1,03/29/24,09:24,random,3,1,23,3,682.6385,1
9252,1,03/29/24,09:24,random,3,1,24,4,1090.8947,1
9252,1,03/29/24,09:24,random,3,1,25,5,498.9586,1
9252,1,03/29/24,09:24,random,3,1,26,6,606.0388,1
9252,1,03/29/24,09:24,random,3,1,27,7,564.808,1
9252,1,03/29/24,09:24,random,3,1,28,8,580.8326,1
9252,1,03/29/24,09:24,random,3,1,29,9,731.0108,1
9252,1,03/29/24,09:24,random,3,1,30,10,430.0475,1
9252,1,03/29/24,09:24,random,4,1,31,1,513.8396,1
9252,1,03/29/24,09:24,random,4,1,32,2,448.8485,1
9252,1,03/29/24,09:24,random,4,1,33,3,540.0592,1
9252,1,03/29/24,09:24,random,4,1,34,4,505.6928,1
9252,1,03/29/24,09:24,random,4,1,35,5,666.6591,1
9252,1,03/29/24,09:24,random,4,1,36,6,657.3764,1
9252,1,03/29/24,09:24,random,4,1,37,7,554.2328,1
9252,1,03/29/24,09:24,random,4,1,38,8,482.1263,1
9252,1,03/29/24,09:24,random,4,1,39,9,645.914,1
9252,1,03/29/24,09:24,random,4,1,40,10,602.9533,1
9252,1,03/29/24,09:24,random,5,1,41,1,552.4899,1
9252,1,03/29/24,09:24,random,5,1,42,2,712.2328,1
9252,1,03/29/24,09:24,random,5,1,43,3,659.703,1
9252,1,03/29/24,09:24,random,5,1,44,4,590.6412,1
9252,1,03/29/24,09:24,random,5,1,45,5,667.8024,1
9252,1,03/29/24,09:24,random,5,1,46,6,740.5033,1
9252,1,03/29/24,09:24,random,5,1,47,7,494.6268,1
9252,1,03/29/24,09:24,random,5,1,48,8,450.0806,0
9252,1,03/29/24,09:24,random,5,1,49,9,409.1649,1
9252,1,03/29/24,09:24,random,5,1,50,10,546.7154,1
9253,1,03/25/24,15:18,practice,0,1,1,1,37420.664,1
9253,1,03/25/24,15:18,practice,0,1,2,2,1178.8001,1
9253,1,03/25/24,15:18,practice,0,1,3,3,611.9965,1
9253,1,03/25/24,15:18,practice,0,1,4,4,5191.9673,0
9253,1,03/25/24,15:18,practice,0,1,5,5,1872.8449,1
9253,1,03/25/24,15:18,practice,0,1,6,6,1810.2479,1
9253,1,03/25/24,15:18,practice,0,1,7,7,771.8311,1
9253,1,03/25/24,15:18,practice,0,1,8,8,1250.4046,1
9253,1,03/25/24,15:18,random,1,1,1,1,2256.8006,1
9253,1,03/25/24,15:18,random,1,1,2,2,1017.4522,1
9253,1,03/25/24,15:18,random,1,1,3,3,755.3084,1
9253,1,03/25/24,15:18,random,1,1,4,4,489.5362,1
9253,1,03/25/24,15:18,random,1,1,5,5,576.6257,1
9253,1,03/25/24,15:18,random,1,1,6,6,638.8942,1
9253,1,03/25/24,15:18,random,1,1,7,7,1155.2176,1
9253,1,03/25/24,15:18,random,1,1,8,8,837.5342,1
9253,1,03/25/24,15:18,random,1,1,9,9,1900.2224,1
9253,1,03/25/24,15:18,random,1,1,10,10,469.3854,1
9253,1,03/25/24,15:18,random,2,1,11,1,490.5729,1
9253,1,03/25/24,15:18,random,2,1,12,2,521.1809,1
9253,1,03/25/24,15:18,random,2,1,13,3,591.6515,1
9253,1,03/25/24,15:18,random,2,1,14,4,612.6856,1
9253,1,03/25/24,15:18,random,2,1,15,5,469.7102,1
9253,1,03/25/24,15:18,random,2,1,16,6,467.7267,1
9253,1,03/25/24,15:18,random,2,1,17,7,466.8253,1
9253,1,03/25/24,15:18,random,2,1,18,8,606.8646,1
9253,1,03/25/24,15:18,random,2,1,19,9,451.9447,1
9253,1,03/25/24,15:18,random,2,1,20,10,517.8427,1
9253,1,03/25/24,15:18,random,3,1,21,1,1033.9682,1
9253,1,03/25/24,15:18,random,3,1,22,2,779.3632,1
9253,1,03/25/24,15:18,random,3,1,23,3,495.9893,1
9253,1,03/25/24,15:18,random,3,1,24,4,618.1278,1
9253,1,03/25/24,15:18,random,3,1,25,5,464.5011,1
9253,1,03/25/24,15:18,random,3,1,26,6,406.6735,1
9253,1,03/25/24,15:18,random,3,1,27,7,602.9571,1
9253,1,03/25/24,15:18,random,3,1,28,8,474.2203,1
9253,1,03/25/24,15:18,random,3,1,29,9,537.9159,1
9253,1,03/25/24,15:18,random,3,1,30,10,500.567,1
9253,1,03/25/24,15:18,random,4,1,31,1,766.3215,1
9253,1,03/25/24,15:18,random,4,1,32,2,490.3263,1
9253,1,03/25/24,15:18,random,4,1,33,3,661.5083,1
9253,1,03/25/24,15:18,random,4,1,34,4,511.7146,1
9253,1,03/25/24,15:18,random,4,1,35,5,452.2506,1
9253,1,03/25/24,15:18,random,4,1,36,6,409.1338,1
9253,1,03/25/24,15:18,random,4,1,37,7,496.8436,1
9253,1,03/25/24,15:18,random,4,1,38,8,571.1294,1
9253,1,03/25/24,15:18,random,4,1,39,9,475.6252,1
9253,1,03/25/24,15:18,random,4,1,40,10,806.2497,1
9253,1,03/25/24,15:18,random,5,1,41,1,470.5455,1
9253,1,03/25/24,15:18,random,5,1,42,2,545.5768,1
9253,1,03/25/24,15:18,random,5,1,43,3,485.9688,1
9253,1,03/25/24,15:18,random,5,1,44,4,529.6223,1
9253,1,03/25/24,15:18,random,5,1,45,5,439.4194,1
9253,1,03/25/24,15:18,random,5,1,46,6,493.8261,1
9253,1,03/25/24,15:18,random,5,1,47,7,493.0554,1
9253,1,03/25/24,15:18,random,5,1,48,8,423.1174,1
9253,1,03/25/24,15:18,random,5,1,49,9,513.2936,0
9253,1,03/25/24,15:18,random,5,1,50,10,699.2202,1
9254,1,03/26/24,09:20,practice,0,1,1,1,964.064,1
9254,1,03/26/24,09:20,practice,0,1,2,2,490.5514,1
9254,1,03/26/24,09:20,practice,0,1,3,3,512.143,1
9254,1,03/26/24,09:20,practice,0,1,4,4,497.427,1
9254,1,03/26/24,09:20,practice,0,1,5,5,380.0666,1
9254,1,03/26/24,09:20,practice,0,1,6,6,339.1403,1
9254,1,03/26/24,09:20,practice,0,1,7,7,435.8739,1
9254,1,03/26/24,09:20,practice,0,1,8,8,549.7084,1
9254,1,03/26/24,09:20,random,1,1,1,1,446.2106,1
9254,1,03/26/24,09:20,random,1,1,2,2,472.6813,1
9254,1,03/26/24,09:20,random,1,1,3,3,340.4507,1
9254,1,03/26/24,09:20,random,1,1,4,4,422.3633,1
9254,1,03/26/24,09:20,random,1,1,5,5,504.027,1
9254,1,03/26/24,09:20,random,1,1,6,6,392.1953,1
9254,1,03/26/24,09:20,random,1,1,7,7,439.2969,1
9254,1,03/26/24,09:20,random,1,1,8,8,415.3558,1
9254,1,03/26/24,09:20,random,1,1,9,9,365.206,1
9254,1,03/26/24,09:20,random,1,1,10,10,436.612,1
9254,1,03/26/24,09:20,random,2,1,11,1,436.3458,1
9254,1,03/26/24,09:20,random,2,1,12,2,343.5469,1
9254,1,03/26/24,09:20,random,2,1,13,3,371.6131,1
9254,1,03/26/24,09:20,random,2,1,14,4,563.0467,1
9254,1,03/26/24,09:20,random,2,1,15,5,348.7171,1
9254,1,03/26/24,09:20,random,2,1,16,6,396.816,1
9254,1,03/26/24,09:20,random,2,1,17,7,409.5926,1
9254,1,03/26/24,09:20,random,2,1,18,8,365.196,1
9254,1,03/26/24,09:20,random,2,1,19,9,398.4578,1
9254,1,03/26/24,09:20,random,2,1,20,10,392.2048,1
9254,1,03/26/24,09:20,random,3,1,21,1,364.6933,1
9254,1,03/26/24,09:20,random,3,1,22,2,351.2643,1
9254,1,03/26/24,09:20,random,3,1,23,3,407.8484,1
9254,1,03/26/24,09:20,random,3,1,24,4,299.5886,1
9254,1,03/26/24,09:20,random,3,1,25,5,375.9784,0
9254,1,03/26/24,09:20,random,3,1,26,6,7.72180000003,0
9254,1,03/26/24,09:20,random,3,1,27,7,345.4502,1
9254,1,03/26/24,09:20,random,3,1,28,8,435.2596,1
9254,1,03/26/24,09:20,random,3,1,29,9,410.7742,1
9254,1,03/26/24,09:20,random,3,1,30,10,357.563,1
9254,1,03/26/24,09:20,random,4,1,31,1,444.3368,1
9254,1,03/26/24,09:20,random,4,1,32,2,353.3063,1
9254,1,03/26/24,09:20,random,4,1,33,3,445.7887,1
9254,1,03/26/24,09:20,random,4,1,34,4,366.9825,1
9254,1,03/26/24,09:20,random,4,1,35,5,382.0598,1
9254,1,03/26/24,09:20,random,4,1,36,6,414.9539,1
9254,1,03/26/24,09:20,random,4,1,37,7,391.8139,1
9254,1,03/26/24,09:20,random,4,1,38,8,376.7063,0
9254,1,03/26/24,09:20,random,4,1,39,9,16.6411,0
9254,1,03/26/24,09:20,random,4,1,40,10,435.3962,1
9254,1,03/26/24,09:20,random,5,1,41,1,443.5289,1
9254,1,03/26/24,09:20,random,5,1,42,2,415.6861,1
9254,1,03/26/24,09:20,random,5,1,43,3,422.3384,1
9254,1,03/26/24,09:20,random,5,1,44,4,369.5598,1
9254,1,03/26/24,09:20,random,5,1,45,5,372.7238,1
9254,1,03/26/24,09:20,random,5,1,46,6,390.6004,1
9254,1,03/26/24,09:20,random,5,1,47,7,368.2369,1
9254,1,03/26/24,09:20,random,5,1,48,8,549.4984,1
9254,1,03/26/24,09:20,random,5,1,49,9,407.9512,1
9254,1,03/26/24,09:20,random,5,1,50,10,382.0412,1
9255,1,03/26/24,09:18,practice,0,1,1,1,981.7792,1
9255,1,03/26/24,09:18,practice,0,1,2,2,741.1104,1
9255,1,03/26/24,09:18,practice,0,1,3,3,573.3643,1
9255,1,03/26/24,09:18,practice,0,1,4,4,788.0099,1
9255,1,03/26/24,09:18,practice,0,1,5,5,749.083,1
9255,1,03/26/24,09:18,practice,0,1,6,6,1164.1644,1
9255,1,03/26/24,09:18,practice,0,1,7,7,1310.0666,1
9255,1,03/26/24,09:18,practice,0,1,8,8,573.773,1
9255,1,03/26/24,09:18,random,1,1,1,1,20.7494,0
9255,1,03/26/24,09:18,random,1,1,2,2,729.2555,1
9255,1,03/26/24,09:18,random,1,1,3,3,537.7485,1
9255,1,03/26/24,09:18,random,1,1,4,4,482.2649,1
9255,1,03/26/24,09:18,random,1,1,5,5,394.463,1
9255,1,03/26/24,09:18,random,1,1,6,6,664.3898,1
9255,1,03/26/24,09:18,random,1,1,7,7,515.4529,1
9255,1,03/26/24,09:18,random,1,1,8,8,435.9323,1
9255,1,03/26/24,09:18,random,1,1,9,9,444.1425,0
9255,1,03/26/24,09:18,random,1,1,10,10,2.80490000002,0
9255,1,03/26/24,09:18,random,2,1,11,1,761.3941,1
9255,1,03/26/24,09:18,random,2,1,12,2,898.1525,1
9255,1,03/26/24,09:18,random,2,1,13,3,865.8699,1
9255,1,03/26/24,09:18,random,2,1,14,4,592.9045,1
9255,1,03/26/24,09:18,random,2,1,15,5,632.922,1
9255,1,03/26/24,09:18,random,2,1,16,6,771.53510000000006,1
9255,1,03/26/24,09:18,random,2,1,17,7,599.3406,1
9255,1,03/26/24,09:18,random,2,1,18,8,652.0557,1
9255,1,03/26/24,09:18,random,2,1,19,9,674.0008,1
9255,1,03/26/24,09:18,random,2,1,20,10,656.5826,1
9255,1,03/26/24,09:18,random,3,1,21,1,649.337,1
9255,1,03/26/24,09:18,random,3,1,22,2,655.2968,1
9255,1,03/26/24,09:18,random,3,1,23,3,676.5156,1
9255,1,03/26/24,09:18,random,3,1,24,4,716.1488,1
9255,1,03/26/24,09:18,random,3,1,25,5,1006.6709,1
9255,1,03/26/24,09:18,random,3,1,26,6,647.8797,1
9255,1,03/26/24,09:18,random,3,1,27,7,881.7192,1
9255,1,03/26/24,09:18,random,3,1,28,8,672.7551,1
9255,1,03/26/24,09:18,random,3,1,29,9,797.9661,1
9255,1,03/26/24,09:18,random,3,1,30,10,459.3037,1
9255,1,03/26/24,09:18,random,4,1,31,1,680.7627,1
9255,1,03/26/24,09:18,random,4,1,32,2,649.943,1
9255,1,03/26/24,09:18,random,4,1,33,3,728.5631,1
9255,1,03/26/24,09:18,random,4,1,34,4,804.1039,1
9255,1,03/26/24,09:18,random,4,1,35,5,563.6939,1
9255,1,03/26/24,09:18,random,4,1,36,6,856.9118,1
9255,1,03/26/24,09:18,random,4,1,37,7,669.3194,1
9255,1,03/26/24,09:18,random,4,1,38,8,650.1433,1
9255,1,03/26/24,09:18,random,4,1,39,9,749.5408,1
9255,1,03/26/24,09:18,random,4,1,40,10,999.7168,1
9255,1,03/26/24,09:18,random,5,1,41,1,721.8406,1
9255,1,03/26/24,09:18,random,5,1,42,2,811.9325,1
9255,1,03/26/24,09:18,random,5,1,43,3,1008.0605,1
9255,1,03/26/24,09:18,random,5,1,44,4,676.4471,1
9255,1,03/26/24,09:18,random,5,1,45,5,867.7022,1
9255,1,03/26/24,09:18,random,5,1,46,6,574.441,1
9255,1,03/26/24,09:18,random,5,1,47,7,750.7995,1
9255,1,03/26/24,09:18,random,5,1,48,8,717.7409,1
9255,1,03/26/24,09:18,random,5,1,49,9,783.3062,1
9255,1,03/26/24,09:18,random,5,1,50,10,1176.0641,1
9256,1,03/26/24,12:21,practice,0,1,1,1,517.7666,1
9256,1,03/26/24,12:21,practice,0,1,2,2,669.8249,1
9256,1,03/26/24,12:21,practice,0,1,3,3,428.9176,1
9256,1,03/26/24,12:21,practice,0,1,4,4,511.614,1
9256,1,03/26/24,12:21,practice,0,1,5,5,484.3578,1
9256,1,03/26/24,12:21,practice,0,1,6,6,517.7748,1
9256,1,03/26/24,12:21,practice,0,1,7,7,604.059,1
9256,1,03/26/24,12:21,practice,0,1,8,8,568.5804,1
9256,1,03/26/24,12:21,random,1,1,1,1,561.1183,1
9256,1,03/26/24,12:21,random,1,1,2,2,452.8912,1
9256,1,03/26/24,12:21,random,1,1,3,3,451.7167,1
9256,1,03/26/24,12:21,random,1,1,4,4,621.4008,1
9256,1,03/26/24,12:21,random,1,1,5,5,361.7227,1
9256,1,03/26/24,12:21,random,1,1,6,6,421.6655,1
9256,1,03/26/24,12:21,random,1,1,7,7,387.0869,1
9256,1,03/26/24,12:21,random,1,1,8,8,379.1484,1
9256,1,03/26/24,12:21,random,1,1,9,9,510.4278,1
9256,1,03/26/24,12:21,random,1,1,10,10,491.0825,1
9256,1,03/26/24,12:21,random,2,1,11,1,484.9465,1
9256,1,03/26/24,12:21,random,2,1,12,2,440.4826,1
9256,1,03/26/24,12:21,random,2,1,13,3,467.4971,1
9256,1,03/26/24,12:21,random,2,1,14,4,395.5306,1
9256,1,03/26/24,12:21,random,2,1,15,5,448.4048,1
9256,1,03/26/24,12:21,random,2,1,16,6,545.1305,1
9256,1,03/26/24,12:21,random,2,1,17,7,601.1763,1
9256,1,03/26/24,12:21,random,2,1,18,8,429.3133,1
9256,1,03/26/24,12:21,random,2,1,19,9,437.496,1
9256,1,03/26/24,12:21,random,2,1,20,10,495.5334,1
9256,1,03/26/24,12:21,random,3,1,21,1,482.3886,1
9256,1,03/26/24,12:21,random,3,1,22,2,513.668,1
9256,1,03/26/24,12:21,random,3,1,23,3,434.6482,1
9256,1,03/26/24,12:21,random,3,1,24,4,444.9856,1
9256,1,03/26/24,12:21,random,3,1,25,5,558.7109,1
9256,1,03/26/24,12:21,random,3,1,26,6,482.308,1
9256,1,03/26/24,12:21,random,3,1,27,7,421.6438,1
9256,1,03/26/24,12:21,random,3,1,28,8,414.3309,1
9256,1,03/26/24,12:21,random,3,1,29,9,459.3279,1
9256,1,03/26/24,12:21,random,3,1,30,10,412.4674,1
9256,1,03/26/24,12:21,random,4,1,31,1,420.8448,1
9256,1,03/26/24,12:21,random,4,1,32,2,459.3334,1
9256,1,03/26/24,12:21,random,4,1,33,3,426.8574,1
9256,1,03/26/24,12:21,random,4,1,34,4,398.7133,1
9256,1,03/26/24,12:21,random,4,1,35,5,347.4254,1
9256,1,03/26/24,12:21,random,4,1,36,6,420.5662,1
9256,1,03/26/24,12:21,random,4,1,37,7,480.2837,1
9256,1,03/26/24,12:21,random,4,1,38,8,397.4099,1
9256,1,03/26/24,12:21,random,4,1,39,9,463.9861,1
9256,1,03/26/24,12:21,random,4,1,40,10,477.8285,1
9256,1,03/26/24,12:21,random,5,1,41,1,410.4518,1
9256,1,03/26/24,12:21,random,5,1,42,2,460.929,1
9256,1,03/26/24,12:21,random,5,1,43,3,453.5776,1
9256,1,03/26/24,12:21,random,5,1,44,4,460.0994,1
9256,1,03/26/24,12:21,random,5,1,45,5,461.0933,1
9256,1,03/26/24,12:21,random,5,1,46,6,349.1479,1
9256,1,03/26/24,12:21,random,5,1,47,7,409.6093,1
9256,1,03/26/24,12:21,random,5,1,48,8,363.5217,1
9256,1,03/26/24,12:21,random,5,1,49,9,416.2382,1
9256,1,03/26/24,12:21,random,5,1,50,10,653.1977,1
9257,1,03/26/24,12:15,practice,0,1,1,1,541.2123,1
9257,1,03/26/24,12:15,practice,0,1,2,2,686.1334,1
9257,1,03/26/24,12:15,practice,0,1,3,3,659.0063,1
9257,1,03/26/24,12:15,practice,0,1,4,4,586.6597,1
9257,1,03/26/24,12:15,practice,0,1,5,5,326.0693,1
9257,1,03/26/24,12:15,practice,0,1,6,6,699.8132,1
9257,1,03/26/24,12:15,practice,0,1,7,7,525.8017,1
9257,1,03/26/24,12:15,practice,0,1,8,8,618.4062,0
9257,1,03/26/24,12:15,random,1,1,1,1,509.9339,1
9257,1,03/26/24,12:15,random,1,1,2,2,619.6449,1
9257,1,03/26/24,12:15,random,1,1,3,3,513.2627,1
9257,1,03/26/24,12:15,random,1,1,4,4,546.1839,1
9257,1,03/26/24,12:15,random,1,1,5,5,557.7638,1
9257,1,03/26/24,12:15,random,1,1,6,6,522.5136,1
9257,1,03/26/24,12:15,random,1,1,7,7,583.84760000000006,1
9257,1,03/26/24,12:15,random,1,1,8,8,441.6591,1
9257,1,03/26/24,12:15,random,1,1,9,9,537.1989,1
9257,1,03/26/24,12:15,random,1,1,10,10,443.2735,1
9257,1,03/26/24,12:15,random,2,1,11,1,589.3352,1
9257,1,03/26/24,12:15,random,2,1,12,2,489.0026,1
9257,1,03/26/24,12:15,random,2,1,13,3,557.3218,1
9257,1,03/26/24,12:15,random,2,1,14,4,528.7591,1
9257,1,03/26/24,12:15,random,2,1,15,5,465.4297,1
9257,1,03/26/24,12:15,random,2,1,16,6,422.2719,1
9257,1,03/26/24,12:15,random,2,1,17,7,356.9443,1
9257,1,03/26/24,12:15,random,2,1,18,8,535.8518,1
9257,1,03/26/24,12:15,random,2,1,19,9,557.0658,1
9257,1,03/26/24,12:15,random,2,1,20,10,642.1524,1
9257,1,03/26/24,12:15,random,3,1,21,1,532.8232,1
9257,1,03/26/24,12:15,random,3,1,22,2,483.4067,1
9257,1,03/26/24,12:15,random,3,1,23,3,616.9106,1
9257,1,03/26/24,12:15,random,3,1,24,4,496.9943,1
9257,1,03/26/24,12:15,random,3,1,25,5,1355.0956,1
9257,1,03/26/24,12:15,random,3,1,26,6,564.3317,1
9257,1,03/26/24,12:15,random,3,1,27,7,524.6958,1
9257,1,03/26/24,12:15,random,3,1,28,8,443.3403,1
9257,1,03/26/24,12:15,random,3,1,29,9,680.4817,1
9257,1,03/26/24,12:15,random,3,1,30,10,436.9631,1
9257,1,03/26/24,12:15,random,4,1,31,1,465.6593,1
9257,1,03/26/24,12:15,random,4,1,32,2,600.2414,1
9257,1,03/26/24,12:15,random,4,1,33,3,524.3344,1
9257,1,03/26/24,12:15,random,4,1,34,4,398.8305,1
9257,1,03/26/24,12:15,random,4,1,35,5,452.0671,1
9257,1,03/26/24,12:15,random,4,1,36,6,525.5543,1
9257,1,03/26/24,12:15,random,4,1,37,7,533.2012,1
9257,1,03/26/24,12:15,random,4,1,38,8,517.4482,1
9257,1,03/26/24,12:15,random,4,1,39,9,391.6869,1
9257,1,03/26/24,12:15,random,4,1,40,10,439.7996,1
9257,1,03/26/24,12:15,random,5,1,41,1,594.8034,1
9257,1,03/26/24,12:15,random,5,1,42,2,488.5737,1
9257,1,03/26/24,12:15,random,5,1,43,3,373.0697,1
9257,1,03/26/24,12:15,random,5,1,44,4,399.9614,1
9257,1,03/26/24,12:15,random,5,1,45,5,387.2387,1
9257,1,03/26/24,12:15,random,5,1,46,6,537.5227,1
9257,1,03/26/24,12:15,random,5,1,47,7,465.3741,1
9257,1,03/26/24,12:15,random,5,1,48,8,548.3435,1
9257,1,03/26/24,12:15,random,5,1,49,9,361.0573,1
9257,1,03/26/24,12:15,random,5,1,50,10,470.7028,1
9258,1,03/26/24,12:19,practice,0,1,1,1,558.3578,1
9258,1,03/26/24,12:19,practice,0,1,2,2,463.4164,1
9258,1,03/26/24,12:19,practice,0,1,3,3,481.1059,1
9258,1,03/26/24,12:19,practice,0,1,4,4,383.3338,1
9258,1,03/26/24,12:19,practice,0,1,5,5,404.956,1
9258,1,03/26/24,12:19,practice,0,1,6,6,460.3983,1
9258,1,03/26/24,12:19,practice,0,1,7,7,494.075,1
9258,1,03/26/24,12:19,practice,0,1,8,8,363.9676,1
9258,1,03/26/24,12:19,random,1,1,1,1,487.5486,1
9258,1,03/26/24,12:19,random,1,1,2,2,434.0636,1
9258,1,03/26/24,12:19,random,1,1,3,3,644.239,1
9258,1,03/26/24,12:19,random,1,1,4,4,473.0607,1
9258,1,03/26/24,12:19,random,1,1,5,5,430.7033,1
9258,1,03/26/24,12:19,random,1,1,6,6,552.1108,1
9258,1,03/26/24,12:19,random,1,1,7,7,445.1908,1
9258,1,03/26/24,12:19,random,1,1,8,8,401.8748,1
9258,1,03/26/24,12:19,random,1,1,9,9,458.1084,1
9258,1,03/26/24,12:19,random,1,1,10,10,507.7273,1
9258,1,03/26/24,12:19,random,2,1,11,1,409.602,1
9258,1,03/26/24,12:19,random,2,1,12,2,533.0628,1
9258,1,03/26/24,12:19,random,2,1,13,3,447.8368,1
9258,1,03/26/24,12:19,random,2,1,14,4,451.2329,1
9258,1,03/26/24,12:19,random,2,1,15,5,465.9603,1
9258,1,03/26/24,12:19,random,2,1,16,6,517.1282,1
9258,1,03/26/24,12:19,random,2,1,17,7,564.4904,1
9258,1,03/26/24,12:19,random,2,1,18,8,537.47260000000006,1
9258,1,03/26/24,12:19,random,2,1,19,9,459.0933,1
9258,1,03/26/24,12:19,random,2,1,20,10,413.0258,1
9258,1,03/26/24,12:19,random,3,1,21,1,504.0981,1
9258,1,03/26/24,12:19,random,3,1,22,2,453.8965,1
9258,1,03/26/24,12:19,random,3,1,23,3,367.0723,1
9258,1,03/26/24,12:19,random,3,1,24,4,455.9252,1
9258,1,03/26/24,12:19,random,3,1,25,5,423.8486,1
9258,1,03/26/24,12:19,random,3,1,26,6,368.0551,1
9258,1,03/26/24,12:19,random,3,1,27,7,376.4451,1
9258,1,03/26/24,12:19,random,3,1,28,8,362.9025,1
9258,1,03/26/24,12:19,random,3,1,29,9,309.2874,0
9258,1,03/26/24,12:19,random,3,1,30,10,426.0647,1
9258,1,03/26/24,12:19,random,4,1,31,1,377.3658,1
9258,1,03/26/24,12:19,random,4,1,32,2,504.4428,1
9258,1,03/26/24,12:19,random,4,1,33,3,345.3618,1
9258,1,03/26/24,12:19,random,4,1,34,4,521.4236,1
9258,1,03/26/24,12:19,random,4,1,35,5,471.2618,1
9258,1,03/26/24,12:19,random,4,1,36,6,500.9173,1
9258,1,03/26/24,12:19,random,4,1,37,7,396.5359,1
9258,1,03/26/24,12:19,random,4,1,38,8,536.9523,1
9258,1,03/26/24,12:19,random,4,1,39,9,517.7429,1
9258,1,03/26/24,12:19,random,4,1,40,10,512.1518,1
9258,1,03/26/24,12:19,random,5,1,41,1,497.3699,1
9258,1,03/26/24,12:19,random,5,1,42,2,357.5139,1
9258,1,03/26/24,12:19,random,5,1,43,3,377.0976,1
9258,1,03/26/24,12:19,random,5,1,44,4,400.4887,1
9258,1,03/26/24,12:19,random,5,1,45,5,515.839,1
9258,1,03/26/24,12:19,random,5,1,46,6,381.502,1
9258,1,03/26/24,12:19,random,5,1,47,7,365.362,1
9258,1,03/26/24,12:19,random,5,1,48,8,430.0462,1
9258,1,03/26/24,12:19,random,5,1,49,9,398.6704,1
9258,1,03/26/24,12:19,random,5,1,50,10,395.3624,1
9259,1,03/26/24,15:16,practice,0,1,1,1,5083.1715,1
9259,1,03/26/24,15:16,practice,0,1,2,2,2850.5247,1
9259,1,03/26/24,15:16,practice,0,1,3,3,605.2119,1
9259,1,03/26/24,15:16,practice,0,1,4,4,314.8783,1
9259,1,03/26/24,15:16,practice,0,1,5,5,342.3876,1
9259,1,03/26/24,15:16,practice,0,1,6,6,533.203,1
9259,1,03/26/24,15:16,practice,0,1,7,7,571.2708,1
9259,1,03/26/24,15:16,practice,0,1,8,8,846.6466,1
9259,1,03/26/24,15:16,random,1,1,1,1,544.4411,1
9259,1,03/26/24,15:16,random,1,1,2,2,353.8985,1
9259,1,03/26/24,15:16,random,1,1,3,3,384.7497,1
9259,1,03/26/24,15:16,random,1,1,4,4,414.8475,1
9259,1,03/26/24,15:16,random,1,1,5,5,441.4494,1
9259,1,03/26/24,15:16,random,1,1,6,6,331.7069,1
9259,1,03/26/24,15:16,random,1,1,7,7,347.8815,0
9259,1,03/26/24,15:16,random,1,1,8,8,351.5152,1
9259,1,03/26/24,15:16,random,1,1,9,9,312.4884,1
9259,1,03/26/24,15:16,random,1,1,10,10,336.2138,0
9259,1,03/26/24,15:16,random,2,1,11,1,420.3507,1
9259,1,03/26/24,15:16,random,2,1,12,2,491.4644,1
9259,1,03/26/24,15:16,random,2,1,13,3,6.62320000003,0
9259,1,03/26/24,15:16,random,2,1,14,4,512.9621,1
9259,1,03/26/24,15:16,random,2,1,15,5,421.1921,1
9259,1,03/26/24,15:16,random,2,1,16,6,365.5546,1
9259,1,03/26/24,15:16,random,2,1,17,7,381.5257,1
9259,1,03/26/24,15:16,random,2,1,18,8,392.0164,1
9259,1,03/26/24,15:16,random,2,1,19,9,462.6806,1
9259,1,03/26/24,15:16,random,2,1,20,10,531.1834,1
9259,1,03/26/24,15:16,random,3,1,21,1,368.7875,1
9259,1,03/26/24,15:16,random,3,1,22,2,359.0567,1
9259,1,03/26/24,15:16,random,3,1,23,3,347.5554,1
9259,1,03/26/24,15:16,random,3,1,24,4,322.9222,1
9259,1,03/26/24,15:16,random,3,1,25,5,386.0862,1
9259,1,03/26/24,15:16,random,3,1,26,6,346.5933,1
9259,1,03/26/24,15:16,random,3,1,27,7,357.8641,1
9259,1,03/26/24,15:16,random,3,1,28,8,387.0882,1
9259,1,03/26/24,15:16,random,3,1,29,9,462.9364,1
9259,1,03/26/24,15:16,random,3,1,30,10,351.3925,1
9259,1,03/26/24,15:16,random,4,1,31,1,392.7584,1
9259,1,03/26/24,15:16,random,4,1,32,2,315.0652,1
9259,1,03/26/24,15:16,random,4,1,33,3,344.9955,1
9259,1,03/26/24,15:16,random,4,1,34,4,370.839,1
9259,1,03/26/24,15:16,random,4,1,35,5,387.6115,1
9259,1,03/26/24,15:16,random,4,1,36,6,365.2326,1
9259,1,03/26/24,15:16,random,4,1,37,7,298.6383,1
9259,1,03/26/24,15:16,random,4,1,38,8,336.3668,1
9259,1,03/26/24,15:16,random,4,1,39,9,319.1175,1
9259,1,03/26/24,15:16,random,4,1,40,10,298.8435,1
9259,1,03/26/24,15:16,random,5,1,41,1,343.2359,1
9259,1,03/26/24,15:16,random,5,1,42,2,377.5941,1
9259,1,03/26/24,15:16,random,5,1,43,3,358.182,1
9259,1,03/26/24,15:16,random,5,1,44,4,339.4033,1
9259,1,03/26/24,15:16,random,5,1,45,5,463.7014,1
9259,1,03/26/24,15:16,random,5,1,46,6,359.387,1
9259,1,03/26/24,15:16,random,5,1,47,7,356.2944,1
9259,1,03/26/24,15:16,random,5,1,48,8,342.8295,1
9259,1,03/26/24,15:16,random,5,1,49,9,319.5113,1
9259,1,03/26/24,15:16,random,5,1,50,10,360.4799,1
9260,1,04/03/24,09:13,practice,0,1,1,1,628.2766,1
9260,1,04/03/24,09:13,practice,0,1,2,2,595.9458,1
9260,1,04/03/24,09:13,practice,0,1,3,3,476.021,1
9260,1,04/03/24,09:13,practice,0,1,4,4,356.0424,1
9260,1,04/03/24,09:13,practice,0,1,5,5,452.979,1
9260,1,04/03/24,09:13,practice,0,1,6,6,410.7449,1
9260,1,04/03/24,09:13,practice,0,1,7,7,880.3725,1
9260,1,04/03/24,09:13,practice,0,1,8,8,611.2287,1
9260,1,04/03/24,09:13,random,1,1,1,1,637.4554,1
9260,1,04/03/24,09:13,random,1,1,2,2,733.009,1
9260,1,04/03/24,09:13,random,1,1,3,3,510.613,1
9260,1,04/03/24,09:13,random,1,1,4,4,569.9116,1
9260,1,04/03/24,09:13,random,1,1,5,5,598.0063,1
9260,1,04/03/24,09:13,random,1,1,6,6,467.384,1
9260,1,04/03/24,09:13,random,1,1,7,7,478.9293,1
9260,1,04/03/24,09:13,random,1,1,8,8,631.0376,1
9260,1,04/03/24,09:13,random,1,1,9,9,444.6369,1
9260,1,04/03/24,09:13,random,1,1,10,10,617.2151,1
9260,1,04/03/24,09:13,random,2,1,11,1,471.0033,1
9260,1,04/03/24,09:13,random,2,1,12,2,556.1696,1
9260,1,04/03/24,09:13,random,2,1,13,3,1119.5388,1
9260,1,04/03/24,09:13,random,2,1,14,4,915.6803,1
9260,1,04/03/24,09:13,random,2,1,15,5,520.7726,1
9260,1,04/03/24,09:13,random,2,1,16,6,493.1517,1
9260,1,04/03/24,09:13,random,2,1,17,7,549.4161,1
9260,1,04/03/24,09:13,random,2,1,18,8,646.4006,1
9260,1,04/03/24,09:13,random,2,1,19,9,403.9098,1
9260,1,04/03/24,09:13,random,2,1,20,10,575.5925,1
9260,1,04/03/24,09:13,random,3,1,21,1,756.7384,1
9260,1,04/03/24,09:13,random,3,1,22,2,405.0781,1
9260,1,04/03/24,09:13,random,3,1,23,3,317.3039,1
9260,1,04/03/24,09:13,random,3,1,24,4,457.8512,1
9260,1,04/03/24,09:13,random,3,1,25,5,812.4573,1
9260,1,04/03/24,09:13,random,3,1,26,6,568.0253,0
9260,1,04/03/24,09:13,random,3,1,27,7,564.2822,1
9260,1,04/03/24,09:13,random,3,1,28,8,509.3004,1
9260,1,04/03/24,09:13,random,3,1,29,9,537.8786,1
9260,1,04/03/24,09:13,random,3,1,30,10,557.5261,1
9260,1,04/03/24,09:13,random,4,1,31,1,1059.0622,1
9260,1,04/03/24,09:13,random,4,1,32,2,953.9169,1
9260,1,04/03/24,09:13,random,4,1,33,3,439.4574,1
9260,1,04/03/24,09:13,random,4,1,34,4,572.5838,1
9260,1,04/03/24,09:13,random,4,1,35,5,893.3222,1
9260,1,04/03/24,09:13,random,4,1,36,6,956.2234,1
9260,1,04/03/24,09:13,random,4,1,37,7,482.9547,1
9260,1,04/03/24,09:13,random,4,1,38,8,565.09760000000006,1
9260,1,04/03/24,09:13,random,4,1,39,9,624.807,1
9260,1,04/03/24,09:13,random,4,1,40,10,447.0712,1
9260,1,04/03/24,09:13,random,5,1,41,1,503.1167,1
9260,1,04/03/24,09:13,random,5,1,42,2,389.4702,1
9260,1,04/03/24,09:13,random,5,1,43,3,382.1955,1
9260,1,04/03/24,09:13,random,5,1,44,4,529.7972,1
9260,1,04/03/24,09:13,random,5,1,45,5,383.8226,1
9260,1,04/03/24,09:13,random,5,1,46,6,381.8954,1
9260,1,04/03/24,09:13,random,5,1,47,7,422.5337,1
9260,1,04/03/24,09:13,random,5,1,48,8,417.0266,1
9260,1,04/03/24,09:13,random,5,1,49,9,558.687,1
9260,1,04/03/24,09:13,random,5,1,50,10,384.764,1
9261,1,03/27/24,09:12,practice,0,1,1,1,1037.9446,1
9261,1,03/27/24,09:12,practice,0,1,2,2,789.2362,1
9261,1,03/27/24,09:12,practice,0,1,3,3,500.383,1
9261,1,03/27/24,09:12,practice,0,1,4,4,1004.1736,1
9261,1,03/27/24,09:12,practice,0,1,5,5,815.2599,1
9261,1,03/27/24,09:12,practice,0,1,6,6,846.2043,1
9261,1,03/27/24,09:12,practice,0,1,7,7,637.9253,1
9261,1,03/27/24,09:12,practice,0,1,8,8,783.0066,1
9261,1,03/27/24,09:12,random,1,1,1,1,792.0099,1
9261,1,03/27/24,09:12,random,1,1,2,2,651.1073,1
9261,1,03/27/24,09:12,random,1,1,3,3,501.9821,1
9261,1,03/27/24,09:12,random,1,1,4,4,638.2477,1
9261,1,03/27/24,09:12,random,1,1,5,5,558.7657,1
9261,1,03/27/24,09:12,random,1,1,6,6,547.6808,1
9261,1,03/27/24,09:12,random,1,1,7,7,612.4452,1
9261,1,03/27/24,09:12,random,1,1,8,8,644.7869,1
9261,1,03/27/24,09:12,random,1,1,9,9,515.2505,1
9261,1,03/27/24,09:12,random,1,1,10,10,486.0675,1
9261,1,03/27/24,09:12,random,2,1,11,1,595.2123,1
9261,1,03/27/24,09:12,random,2,1,12,2,532.0853,1
9261,1,03/27/24,09:12,random,2,1,13,3,511.1883,1
9261,1,03/27/24,09:12,random,2,1,14,4,621.0014,1
9261,1,03/27/24,09:12,random,2,1,15,5,687.6515,1
9261,1,03/27/24,09:12,random,2,1,16,6,587.3848,1
9261,1,03/27/24,09:12,random,2,1,17,7,556.0495,1
9261,1,03/27/24,09:12,random,2,1,18,8,480.8688,1
9261,1,03/27/24,09:12,random,2,1,19,9,549.9122,1
9261,1,03/27/24,09:12,random,2,1,20,10,732.7716,1
9261,1,03/27/24,09:12,random,3,1,21,1,477.7591,1
9261,1,03/27/24,09:12,random,3,1,22,2,767.5375,1
9261,1,03/27/24,09:12,random,3,1,23,3,583.1358,1
9261,1,03/27/24,09:12,random,3,1,24,4,495.4553,1
9261,1,03/27/24,09:12,random,3,1,25,5,590.301,1
9261,1,03/27/24,09:12,random,3,1,26,6,547.5972,1
9261,1,03/27/24,09:12,random,3,1,27,7,548.4285,1
9261,1,03/27/24,09:12,random,3,1,28,8,414.8029,1
9261,1,03/27/24,09:12,random,3,1,29,9,437.0791,1
9261,1,03/27/24,09:12,random,3,1,30,10,548.4723,1
9261,1,03/27/24,09:12,random,4,1,31,1,532.4848,1
9261,1,03/27/24,09:12,random,4,1,32,2,521.945,1
9261,1,03/27/24,09:12,random,4,1,33,3,654.1736,1
9261,1,03/27/24,09:12,random,4,1,34,4,717.0825,1
9261,1,03/27/24,09:12,random,4,1,35,5,946.4523,1
9261,1,03/27/24,09:12,random,4,1,36,6,691.6055,1
9261,1,03/27/24,09:12,random,4,1,37,7,520.4941,1
9261,1,03/27/24,09:12,random,4,1,38,8,494.6266,1
9261,1,03/27/24,09:12,random,4,1,39,9,548.1457,1
9261,1,03/27/24,09:12,random,4,1,40,10,555.4536,1
9261,1,03/27/24,09:12,random,5,1,41,1,601.6931,1
9261,1,03/27/24,09:12,random,5,1,42,2,602.7634,1
9261,1,03/27/24,09:12,random,5,1,43,3,578.1039,1
9261,1,03/27/24,09:12,random,5,1,44,4,1144.0265,1
9261,1,03/27/24,09:12,random,5,1,45,5,545.972,1
9261,1,03/27/24,09:12,random,5,1,46,6,563.6892,1
9261,1,03/27/24,09:12,random,5,1,47,7,548.9477,1
9261,1,03/27/24,09:12,random,5,1,48,8,600.3165,1
9261,1,03/27/24,09:12,random,5,1,49,9,1151.2844,1
9261,1,03/27/24,09:12,random,5,1,50,10,637.5463,1
9262,1,03/27/24,12:33,practice,0,1,1,1,10541.2999,0
9262,1,03/27/24,12:33,practice,0,1,2,2,3701.1303,0
9262,1,03/27/24,12:33,practice,0,1,3,3,1403.4422,0
9262,1,03/27/24,12:33,practice,0,1,4,4,891.4761,0
9262,1,03/27/24,12:33,practice,0,1,5,5,0.586800000005,0
9262,1,03/27/24,12:33,practice,0,1,6,6,0.188700000013,0
9262,1,03/27/24,12:33,practice,0,1,7,7,0.187399999995,0
9262,1,03/27/24,12:33,practice,0,1,8,8,1171.7439,1
9262,1,03/27/24,12:33,random,1,1,1,1,15.2831,0
9262,1,03/27/24,12:33,random,1,1,2,2,8.63560000001,0
9262,1,03/27/24,12:33,random,1,1,3,3,19.7336,0
9262,1,03/27/24,12:33,random,1,1,4,4,813.4989,1
9262,1,03/27/24,12:33,random,1,1,5,5,419.0069,1
9262,1,03/27/24,12:33,random,1,1,6,6,1432.1232,0
9262,1,03/27/24,12:33,random,1,1,7,7,9.21219999999,0
9262,1,03/27/24,12:33,random,1,1,8,8,9.5205,0
9262,1,03/27/24,12:33,random,1,1,9,9,4.06019999999,0
9262,1,03/27/24,12:33,random,1,1,10,10,10.0883,1
9262,1,03/27/24,12:33,random,2,1,11,1,584.057,1
9262,1,03/27/24,12:33,random,2,1,12,2,681.7544,1
9262,1,03/27/24,12:33,random,2,1,13,3,759.9937,0
9262,1,03/27/24,12:33,random,2,1,14,4,879.8342,0
9262,1,03/27/24,12:33,random,2,1,15,5,3.23639999999,0
9262,1,03/27/24,12:33,random,2,1,16,6,4.818,0
9262,1,03/27/24,12:33,random,2,1,17,7,1031.6695,1
9262,1,03/27/24,12:33,random,2,1,18,8,1772.3665,0
9262,1,03/27/24,12:33,random,2,1,19,9,786.7785,0
9262,1,03/27/24,12:33,random,2,1,20,10,869.7951,1
9262,1,03/27/24,12:33,random,3,1,21,1,1448.28,0
9262,1,03/27/24,12:33,random,3,1,22,2,16.1448,0
9262,1,03/27/24,12:33,random,3,1,23,3,744.9293,1
9262,1,03/27/24,12:33,random,3,1,24,4,713.714,0
9262,1,03/27/24,12:33,random,3,1,25,5,15.32,0
9262,1,03/27/24,12:33,random,3,1,26,6,19.5958,0
9262,1,03/27/24,12:33,random,3,1,27,7,8.15470000001,0
9262,1,03/27/24,12:33,random,3,1,28,8,9.79580000002,0
9262,1,03/27/24,12:33,random,3,1,29,9,17.7494,0
9262,1,03/27/24,12:33,random,3,1,30,10,18.8288,0
9262,1,03/27/24,12:33,random,4,1,31,1,360.8155,0
9262,1,03/27/24,12:33,random,4,1,32,2,2306.5074,1
9262,1,03/27/24,12:33,random,4,1,33,3,1139.3307,0
9262,1,03/27/24,12:33,random,4,1,34,4,1522.938,0
9262,1,03/27/24,12:33,random,4,1,35,5,3166.0637,0
9262,1,03/27/24,12:33,random,4,1,36,6,8.56479999999,0
9262,1,03/27/24,12:33,random,4,1,37,7,536.7039,0
9262,1,03/27/24,12:33,random,4,1,38,8,500.1772,1
9262,1,03/27/24,12:33,random,4,1,39,9,566.9438,1
9262,1,03/27/24,12:33,random,4,1,40,10,685.992,0
9262,1,03/27/24,12:33,random,5,1,41,1,758.5109,1
9262,1,03/27/24,12:33,random,5,1,42,2,616.9889,0
9262,1,03/27/24,12:33,random,5,1,43,3,679.3643,0
9262,1,03/27/24,12:33,random,5,1,44,4,764.5677,1
9262,1,03/27/24,12:33,random,5,1,45,5,1118.7307,0
9262,1,03/27/24,12:33,random,5,1,46,6,640.5042,1
9262,1,03/27/24,12:33,random,5,1,47,7,685.481,1
9262,1,03/27/24,12:33,random,5,1,48,8,764.0263,1
9262,1,03/27/24,12:33,random,5,1,49,9,995.7268,1
9262,1,03/27/24,12:33,random,5,1,50,10,512.1847,0
9263,1,03/27/24,15:11,practice,0,1,1,1,590.2213,1
9263,1,03/27/24,15:11,practice,0,1,2,2,491.735,1
9263,1,03/27/24,15:11,practice,0,1,3,3,789.8448,1
9263,1,03/27/24,15:11,practice,0,1,4,4,491.9168,1
9263,1,03/27/24,15:11,practice,0,1,5,5,402.1888,1
9263,1,03/27/24,15:11,practice,0,1,6,6,537.1282,1
9263,1,03/27/24,15:11,practice,0,1,7,7,607.898,1
9263,1,03/27/24,15:11,practice,0,1,8,8,612.0651,1
9263,1,03/27/24,15:11,random,1,1,1,1,512.1021,1
9263,1,03/27/24,15:11,random,1,1,2,2,421.075,1
9263,1,03/27/24,15:11,random,1,1,3,3,420.9142,1
9263,1,03/27/24,15:11,random,1,1,4,4,440.1746,1
9263,1,03/27/24,15:11,random,1,1,5,5,397.2153,1
9263,1,03/27/24,15:11,random,1,1,6,6,480.1941,1
9263,1,03/27/24,15:11,random,1,1,7,7,411.1189,1
9263,1,03/27/24,15:11,random,1,1,8,8,508.3388,1
9263,1,03/27/24,15:11,random,1,1,9,9,502.9522,1
9263,1,03/27/24,15:11,random,1,1,10,10,476.1869,1
9263,1,03/27/24,15:11,random,2,1,11,1,469.8373,1
9263,1,03/27/24,15:11,random,2,1,12,2,529.0944,1
9263,1,03/27/24,15:11,random,2,1,13,3,469.4504,1
9263,1,03/27/24,15:11,random,2,1,14,4,484.2981,1
9263,1,03/27/24,15:11,random,2,1,15,5,504.9401,1
9263,1,03/27/24,15:11,random,2,1,16,6,483.9331,1
9263,1,03/27/24,15:11,random,2,1,17,7,425.8123,1
9263,1,03/27/24,15:11,random,2,1,18,8,445.019,1
9263,1,03/27/24,15:11,random,2,1,19,9,501.116,1
9263,1,03/27/24,15:11,random,2,1,20,10,448.9311,1
9263,1,03/27/24,15:11,random,3,1,21,1,450.1271,1
9263,1,03/27/24,15:11,random,3,1,22,2,471.3642,1
9263,1,03/27/24,15:11,random,3,1,23,3,436.7071,1
9263,1,03/27/24,15:11,random,3,1,24,4,464.0145,1
9263,1,03/27/24,15:11,random,3,1,25,5,482.2029,1
9263,1,03/27/24,15:11,random,3,1,26,6,451.9084,1
9263,1,03/27/24,15:11,random,3,1,27,7,461.4936,1
9263,1,03/27/24,15:11,random,3,1,28,8,722.1202,1
9263,1,03/27/24,15:11,random,3,1,29,9,483.6474,0
9263,1,03/27/24,15:11,random,3,1,30,10,482.4408,1
9263,1,03/27/24,15:11,random,4,1,31,1,530.5513,1
9263,1,03/27/24,15:11,random,4,1,32,2,418.584,1
9263,1,03/27/24,15:11,random,4,1,33,3,473.6644,1
9263,1,03/27/24,15:11,random,4,1,34,4,517.107,1
9263,1,03/27/24,15:11,random,4,1,35,5,488.7924,1
9263,1,03/27/24,15:11,random,4,1,36,6,669.7392,1
9263,1,03/27/24,15:11,random,4,1,37,7,449.5898,1
9263,1,03/27/24,15:11,random,4,1,38,8,410.3993,1
9263,1,03/27/24,15:11,random,4,1,39,9,688.3269,1
9263,1,03/27/24,15:11,random,4,1,40,10,508.1758,0
9263,1,03/27/24,15:11,random,5,1,41,1,10.9044,0
9263,1,03/27/24,15:11,random,5,1,42,2,453.4744,1
9263,1,03/27/24,15:11,random,5,1,43,3,527.6718,1
9263,1,03/27/24,15:11,random,5,1,44,4,429.2827,1
9263,1,03/27/24,15:11,random,5,1,45,5,463.8076,1
9263,1,03/27/24,15:11,random,5,1,46,6,410.569,1
9263,1,03/27/24,15:11,random,5,1,47,7,590.2118,0
9263,1,03/27/24,15:11,random,5,1,48,8,611.6146,1
9263,1,03/27/24,15:11,random,5,1,49,9,626.03510000000006,1
9263,1,03/27/24,15:11,random,5,1,50,10,620.1524,1
9264,1,03/27/24,15:36,practice,0,1,1,1,462.1922,1
9264,1,03/27/24,15:36,practice,0,1,2,2,413.9499,1
9264,1,03/27/24,15:36,practice,0,1,3,3,419.4991,1
9264,1,03/27/24,15:36,practice,0,1,4,4,428.813,1
9264,1,03/27/24,15:36,practice,0,1,5,5,294.2611,1
9264,1,03/27/24,15:36,practice,0,1,6,6,372.0579,1
9264,1,03/27/24,15:36,practice,0,1,7,7,438.0234,1
9264,1,03/27/24,15:36,practice,0,1,8,8,355.1897,0
9264,1,03/27/24,15:36,random,1,1,1,1,431.8158,1
9264,1,03/27/24,15:36,random,1,1,2,2,389.0235,1
9264,1,03/27/24,15:36,random,1,1,3,3,552.4598,1
9264,1,03/27/24,15:36,random,1,1,4,4,396.0017,1
9264,1,03/27/24,15:36,random,1,1,5,5,485.1175,1
9264,1,03/27/24,15:36,random,1,1,6,6,498.0738,1
9264,1,03/27/24,15:36,random,1,1,7,7,394.5319,1
9264,1,03/27/24,15:36,random,1,1,8,8,398.4679,1
9264,1,03/27/24,15:36,random,1,1,9,9,436.7392,1
9264,1,03/27/24,15:36,random,1,1,10,10,382.8373,1
9264,1,03/27/24,15:36,random,2,1,11,1,362.4153,1
9264,1,03/27/24,15:36,random,2,1,12,2,361.5126,1
9264,1,03/27/24,15:36,random,2,1,13,3,388.0091,0
9264,1,03/27/24,15:36,random,2,1,14,4,11.9217,0
9264,1,03/27/24,15:36,random,2,1,15,5,498.5378,1
9264,1,03/27/24,15:36,random,2,1,16,6,389.3113,1
9264,1,03/27/24,15:36,random,2,1,17,7,465.1626,1
9264,1,03/27/24,15:36,random,2,1,18,8,436.288,1
9264,1,03/27/24,15:36,random,2,1,19,9,458.8788,1
9264,1,03/27/24,15:36,random,2,1,20,10,545.6872,1
9264,1,03/27/24,15:36,random,3,1,21,1,474.0514,1
9264,1,03/27/24,15:36,random,3,1,22,2,437.6663,1
9264,1,03/27/24,15:36,random,3,1,23,3,359.1286,1
9264,1,03/27/24,15:36,random,3,1,24,4,342.3781,1
9264,1,03/27/24,15:36,random,3,1,25,5,387.3228,1
9264,1,03/27/24,15:36,random,3,1,26,6,376.5078,1
9264,1,03/27/24,15:36,random,3,1,27,7,433.2494,1
9264,1,03/27/24,15:36,random,3,1,28,8,417.5539,1
9264,1,03/27/24,15:36,random,3,1,29,9,394.5353,1
9264,1,03/27/24,15:36,random,3,1,30,10,407.6712,1
9264,1,03/27/24,15:36,random,4,1,31,1,405.1831,1
9264,1,03/27/24,15:36,random,4,1,32,2,370.2267,1
9264,1,03/27/24,15:36,random,4,1,33,3,491.2898,1
9264,1,03/27/24,15:36,random,4,1,34,4,474.8336,1
9264,1,03/27/24,15:36,random,4,1,35,5,405.1928,1
9264,1,03/27/24,15:36,random,4,1,36,6,367.1147,1
9264,1,03/27/24,15:36,random,4,1,37,7,389.4616,1
9264,1,03/27/24,15:36,random,4,1,38,8,376.4552,1
9264,1,03/27/24,15:36,random,4,1,39,9,283.5839,1
9264,1,03/27/24,15:36,random,4,1,40,10,550.9403,1
9264,1,03/27/24,15:36,random,5,1,41,1,329.6063,1
9264,1,03/27/24,15:36,random,5,1,42,2,343.4711,1
9264,1,03/27/24,15:36,random,5,1,43,3,305.4085,0
9264,1,03/27/24,15:36,random,5,1,44,4,449.4683,1
9264,1,03/27/24,15:36,random,5,1,45,5,435.7102,1
9264,1,03/27/24,15:36,random,5,1,46,6,358.2867,0
9264,1,03/27/24,15:36,random,5,1,47,7,449.586,1
9264,1,03/27/24,15:36,random,5,1,48,8,622.7867,1
9264,1,03/27/24,15:36,random,5,1,49,9,472.5554,1
9264,1,03/27/24,15:36,random,5,1,50,10,461.4088,1
9265,1,03/28/24,12:16,practice,0,1,1,1,381.2467,1
9265,1,03/28/24,12:16,practice,0,1,2,2,0.354200000002,0
9265,1,03/28/24,12:16,practice,0,1,3,3,0.185099999995,1
9265,1,03/28/24,12:16,practice,0,1,4,4,383.0503,0
9265,1,03/28/24,12:16,practice,0,1,5,5,501.6746,1
9265,1,03/28/24,12:16,practice,0,1,6,6,531.8343,1
9265,1,03/28/24,12:16,practice,0,1,7,7,651.417,1
9265,1,03/28/24,12:16,practice,0,1,8,8,494.7239,1
9265,1,03/28/24,12:16,random,1,1,1,1,329.8306,1
9265,1,03/28/24,12:16,random,1,1,2,2,349.9522,1
9265,1,03/28/24,12:16,random,1,1,3,3,324.6239,1
9265,1,03/28/24,12:16,random,1,1,4,4,318.1918,1
9265,1,03/28/24,12:16,random,1,1,5,5,290.8291,1
9265,1,03/28/24,12:16,random,1,1,6,6,336.5051,1
9265,1,03/28/24,12:16,random,1,1,7,7,333.47,0
9265,1,03/28/24,12:16,random,1,1,8,8,319.971,1
9265,1,03/28/24,12:16,random,1,1,9,9,412.3853,1
9265,1,03/28/24,12:16,random,1,1,10,10,363.8113,1
9265,1,03/28/24,12:16,random,2,1,11,1,350.9982,1
9265,1,03/28/24,12:16,random,2,1,12,2,257.5469,1
9265,1,03/28/24,12:16,random,2,1,13,3,385.7983,0
9265,1,03/28/24,12:16,random,2,1,14,4,3.7478,1
9265,1,03/28/24,12:16,random,2,1,15,5,384.7094,1
9265,1,03/28/24,12:16,random,2,1,16,6,374.5804,1
9265,1,03/28/24,12:16,random,2,1,17,7,420.6614,1
9265,1,03/28/24,12:16,random,2,1,18,8,399.2355,1
9265,1,03/28/24,12:16,random,2,1,19,9,377.6575,1
9265,1,03/28/24,12:16,random,2,1,20,10,363.952,1
9265,1,03/28/24,12:16,random,3,1,21,1,381.1874,0
9265,1,03/28/24,12:16,random,3,1,22,2,386.7276,1
9265,1,03/28/24,12:16,random,3,1,23,3,687.7612,1
9265,1,03/28/24,12:16,random,3,1,24,4,441.2068,1
9265,1,03/28/24,12:16,random,3,1,25,5,481.046,1
9265,1,03/28/24,12:16,random,3,1,26,6,489.0893,1
9265,1,03/28/24,12:16,random,3,1,27,7,482.7531,0
9265,1,03/28/24,12:16,random,3,1,28,8,680.825,1
9265,1,03/28/24,12:16,random,3,1,29,9,512.7863,1
9265,1,03/28/24,12:16,random,3,1,30,10,397.5241,1
9265,1,03/28/24,12:16,random,4,1,31,1,639.3123,1
9265,1,03/28/24,12:16,random,4,1,32,2,378.4245,1
9265,1,03/28/24,12:16,random,4,1,33,3,362.9476,0
9265,1,03/28/24,12:16,random,4,1,34,4,427.0091,1
9265,1,03/28/24,12:16,random,4,1,35,5,466.2502,1
9265,1,03/28/24,12:16,random,4,1,36,6,383.9236,1
9265,1,03/28/24,12:16,random,4,1,37,7,379.2846,1
9265,1,03/28/24,12:16,random,4,1,38,8,398.3828,1
9265,1,03/28/24,12:16,random,4,1,39,9,859.7613,1
9265,1,03/28/24,12:16,random,4,1,40,10,319.5584,1
9265,1,03/28/24,12:16,random,5,1,41,1,369.6999,0
9265,1,03/28/24,12:16,random,5,1,42,2,524.9375,1
9265,1,03/28/24,12:16,random,5,1,43,3,296.5659,1
9265,1,03/28/24,12:16,random,5,1,44,4,327.9354,1
9265,1,03/28/24,12:16,random,5,1,45,5,276.4793,1
9265,1,03/28/24,12:16,random,5,1,46,6,346.2669,1
9265,1,03/28/24,12:16,random,5,1,47,7,356.8317,1
9265,1,03/28/24,12:16,random,5,1,48,8,405.1778,1
9265,1,03/28/24,12:16,random,5,1,49,9,513.4583,1
9265,1,03/28/24,12:16,random,5,1,50,10,363.9798,1
9266,1,03/29/24,09:24,practice,0,1,1,1,829.6982,1
9266,1,03/29/24,09:24,practice,0,1,2,2,837.593,1
9266,1,03/29/24,09:24,practice,0,1,3,3,589.8594,1
9266,1,03/29/24,09:24,practice,0,1,4,4,846.9796,1
9266,1,03/29/24,09:24,practice,0,1,5,5,613.9708,1
9266,1,03/29/24,09:24,practice,0,1,6,6,871.1473,1
9266,1,03/29/24,09:24,practice,0,1,7,7,549.8997,1
9266,1,03/29/24,09:24,practice,0,1,8,8,661.819,1
9266,1,03/29/24,09:24,random,1,1,1,1,543.7541,1
9266,1,03/29/24,09:24,random,1,1,2,2,636.2457,1
9266,1,03/29/24,09:24,random,1,1,3,3,524.7147,1
9266,1,03/29/24,09:24,random,1,1,4,4,773.4314,1
9266,1,03/29/24,09:24,random,1,1,5,5,653.0517,1
9266,1,03/29/24,09:24,random,1,1,6,6,481.7015,1
9266,1,03/29/24,09:24,random,1,1,7,7,776.0857,1
9266,1,03/29/24,09:24,random,1,1,8,8,541.2689,1
9266,1,03/29/24,09:24,random,1,1,9,9,491.1378,1
9266,1,03/29/24,09:24,random,1,1,10,10,493.6584,1
9266,1,03/29/24,09:24,random,2,1,11,1,466.7199,1
9266,1,03/29/24,09:24,random,2,1,12,2,416.2623,1
9266,1,03/29/24,09:24,random,2,1,13,3,394.8159,1
9266,1,03/29/24,09:24,random,2,1,14,4,639.5897,1
9266,1,03/29/24,09:24,random,2,1,15,5,440.6131,1
9266,1,03/29/24,09:24,random,2,1,16,6,449.8931,1
9266,1,03/29/24,09:24,random,2,1,17,7,858.7685,1
9266,1,03/29/24,09:24,random,2,1,18,8,557.4735,1
9266,1,03/29/24,09:24,random,2,1,19,9,517.1515,1
9266,1,03/29/24,09:24,random,2,1,20,10,893.2808,1
9266,1,03/29/24,09:24,random,3,1,21,1,794.0146,1
9266,1,03/29/24,09:24,random,3,1,22,2,543.9724,1
9266,1,03/29/24,09:24,random,3,1,23,3,405.5693,1
9266,1,03/29/24,09:24,random,3,1,24,4,751.7096,1
9266,1,03/29/24,09:24,random,3,1,25,5,1039.0751,1
9266,1,03/29/24,09:24,random,3,1,26,6,525.2258,1
9266,1,03/29/24,09:24,random,3,1,27,7,675.254,1
9266,1,03/29/24,09:24,random,3,1,28,8,736.2178,1
9266,1,03/29/24,09:24,random,3,1,29,9,668.9923,1
9266,1,03/29/24,09:24,random,3,1,30,10,622.3277,1
9266,1,03/29/24,09:24,random,4,1,31,1,463.911,1
9266,1,03/29/24,09:24,random,4,1,32,2,495.7986,1
9266,1,03/29/24,09:24,random,4,1,33,3,452.4261,1
9266,1,03/29/24,09:24,random,4,1,34,4,594.2393,1
9266,1,03/29/24,09:24,random,4,1,35,5,539.4029,1
9266,1,03/29/24,09:24,random,4,1,36,6,648.5281,1
9266,1,03/29/24,09:24,random,4,1,37,7,579.6224,1
9266,1,03/29/24,09:24,random,4,1,38,8,482.7731,1
9266,1,03/29/24,09:24,random,4,1,39,9,689.3625,1
9266,1,03/29/24,09:24,random,4,1,40,10,561.5984,1
9266,1,03/29/24,09:24,random,5,1,41,1,494.3935,1
9266,1,03/29/24,09:24,random,5,1,42,2,1642.1753,1
9266,1,03/29/24,09:24,random,5,1,43,3,486.8487,1
9266,1,03/29/24,09:24,random,5,1,44,4,775.6029,1
9266,1,03/29/24,09:24,random,5,1,45,5,1002.9796,1
9266,1,03/29/24,09:24,random,5,1,46,6,598.44,1
9266,1,03/29/24,09:24,random,5,1,47,7,763.0727,1
9266,1,03/29/24,09:24,random,5,1,48,8,606.0464,1
9266,1,03/29/24,09:24,random,5,1,49,9,907.0734,1
9266,1,03/29/24,09:24,random,5,1,50,10,635.5071,1
9267,1,03/29/24,12:20,practice,0,1,1,1,1948.2545,1
9267,1,03/29/24,12:20,practice,0,1,2,2,739.9255,1
9267,1,03/29/24,12:20,practice,0,1,3,3,515.957,1
9267,1,03/29/24,12:20,practice,0,1,4,4,390.0778,1
9267,1,03/29/24,12:20,practice,0,1,5,5,603.5305,1
9267,1,03/29/24,12:20,practice,0,1,6,6,590.1788,1
9267,1,03/29/24,12:20,practice,0,1,7,7,570.9914,1
9267,1,03/29/24,12:20,practice,0,1,8,8,666.0975,1
9267,1,03/29/24,12:20,random,1,1,1,1,593.9185,1
9267,1,03/29/24,12:20,random,1,1,2,2,491.5344,1
9267,1,03/29/24,12:20,random,1,1,3,3,459.9929,1
9267,1,03/29/24,12:20,random,1,1,4,4,483.4472,1
9267,1,03/29/24,12:20,random,1,1,5,5,543.0395,1
9267,1,03/29/24,12:20,random,1,1,6,6,535.5802,1
9267,1,03/29/24,12:20,random,1,1,7,7,592.0347,1
9267,1,03/29/24,12:20,random,1,1,8,8,535.7627,1
9267,1,03/29/24,12:20,random,1,1,9,9,512.8494,1
9267,1,03/29/24,12:20,random,1,1,10,10,564.5835,1
9267,1,03/29/24,12:20,random,2,1,11,1,534.2791,1
9267,1,03/29/24,12:20,random,2,1,12,2,541.6575,1
9267,1,03/29/24,12:20,random,2,1,13,3,538.3665,1
9267,1,03/29/24,12:20,random,2,1,14,4,539.1467,1
9267,1,03/29/24,12:20,random,2,1,15,5,479.6759,1
9267,1,03/29/24,12:20,random,2,1,16,6,559.3685,1
9267,1,03/29/24,12:20,random,2,1,17,7,615.5824,1
9267,1,03/29/24,12:20,random,2,1,18,8,651.3578,1
9267,1,03/29/24,12:20,random,2,1,19,9,507.7849,1
9267,1,03/29/24,12:20,random,2,1,20,10,571.4423,1
9267,1,03/29/24,12:20,random,3,1,21,1,514.6204,1
9267,1,03/29/24,12:20,random,3,1,22,2,585.3508,1
9267,1,03/29/24,12:20,random,3,1,23,3,578.344,1
9267,1,03/29/24,12:20,random,3,1,24,4,584.9626,1
9267,1,03/29/24,12:20,random,3,1,25,5,491.0016,1
9267,1,03/29/24,12:20,random,3,1,26,6,557.8296,1
9267,1,03/29/24,12:20,random,3,1,27,7,624.9149,1
9267,1,03/29/24,12:20,random,3,1,28,8,625.9541,1
9267,1,03/29/24,12:20,random,3,1,29,9,587.7352,1
9267,1,03/29/24,12:20,random,3,1,30,10,566.5283,1
9267,1,03/29/24,12:20,random,4,1,31,1,603.7089,1
9267,1,03/29/24,12:20,random,4,1,32,2,501.3625,1
9267,1,03/29/24,12:20,random,4,1,33,3,489.0555,1
9267,1,03/29/24,12:20,random,4,1,34,4,439.7187,1
9267,1,03/29/24,12:20,random,4,1,35,5,486.5399,1
9267,1,03/29/24,12:20,random,4,1,36,6,460.664,1
9267,1,03/29/24,12:20,random,4,1,37,7,415.9086,1
9267,1,03/29/24,12:20,random,4,1,38,8,649.29,1
9267,1,03/29/24,12:20,random,4,1,39,9,467.3747,1
9267,1,03/29/24,12:20,random,4,1,40,10,403.5384,1
9267,1,03/29/24,12:20,random,5,1,41,1,624.4484,1
9267,1,03/29/24,12:20,random,5,1,42,2,450.3068,1
9267,1,03/29/24,12:20,random,5,1,43,3,529.6753,1
9267,1,03/29/24,12:20,random,5,1,44,4,518.2715,1
9267,1,03/29/24,12:20,random,5,1,45,5,601.7985,1
9267,1,03/29/24,12:20,random,5,1,46,6,633.549,1
9267,1,03/29/24,12:20,random,5,1,47,7,496.111,1
9267,1,03/29/24,12:20,random,5,1,48,8,547.5186,1
9267,1,03/29/24,12:20,random,5,1,49,9,523.2561,1
9267,1,03/29/24,12:20,random,5,1,50,10,555.058,1
9268,1,03/29/24,12:20,practice,0,1,1,1,454.9585,1
9268,1,03/29/24,12:20,practice,0,1,2,2,351.9929,1
9268,1,03/29/24,12:20,practice,0,1,3,3,392.7413,1
9268,1,03/29/24,12:20,practice,0,1,4,4,318.0716,1
9268,1,03/29/24,12:20,practice,0,1,5,5,397.5402,1
9268,1,03/29/24,12:20,practice,0,1,6,6,341.2204,1
9268,1,03/29/24,12:20,practice,0,1,7,7,413.1262,1
9268,1,03/29/24,12:20,practice,0,1,8,8,385.4479,1
9268,1,03/29/24,12:20,random,1,1,1,1,480.4981,1
9268,1,03/29/24,12:20,random,1,1,2,2,397.0304,1
9268,1,03/29/24,12:20,random,1,1,3,3,454.6565,1
9268,1,03/29/24,12:20,random,1,1,4,4,468.0062,1
9268,1,03/29/24,12:20,random,1,1,5,5,378.2595,1
9268,1,03/29/24,12:20,random,1,1,6,6,388.3049,1
9268,1,03/29/24,12:20,random,1,1,7,7,379.1901,1
9268,1,03/29/24,12:20,random,1,1,8,8,356.2508,1
9268,1,03/29/24,12:20,random,1,1,9,9,353.2942,1
9268,1,03/29/24,12:20,random,1,1,10,10,368.3332,1
9268,1,03/29/24,12:20,random,2,1,11,1,343.3808,1
9268,1,03/29/24,12:20,random,2,1,12,2,358.2219,1
9268,1,03/29/24,12:20,random,2,1,13,3,337.2674,1
9268,1,03/29/24,12:20,random,2,1,14,4,405.744,1
9268,1,03/29/24,12:20,random,2,1,15,5,315.1079,1
9268,1,03/29/24,12:20,random,2,1,16,6,411.0786,1
9268,1,03/29/24,12:20,random,2,1,17,7,324.6736,1
9268,1,03/29/24,12:20,random,2,1,18,8,351.5242,1
9268,1,03/29/24,12:20,random,2,1,19,9,315.4625,0
9268,1,03/29/24,12:20,random,2,1,20,10,499.4491,1
9268,1,03/29/24,12:20,random,3,1,21,1,373.1187,1
9268,1,03/29/24,12:20,random,3,1,22,2,370.1381,1
9268,1,03/29/24,12:20,random,3,1,23,3,412.3908,1
9268,1,03/29/24,12:20,random,3,1,24,4,371.7389,1
9268,1,03/29/24,12:20,random,3,1,25,5,338.318,1
9268,1,03/29/24,12:20,random,3,1,26,6,382.643,1
9268,1,03/29/24,12:20,random,3,1,27,7,378.4079,0
9268,1,03/29/24,12:20,random,3,1,28,8,425.137,1
9268,1,03/29/24,12:20,random,3,1,29,9,401.2213,1
9268,1,03/29/24,12:20,random,3,1,30,10,433.7131,1
9268,1,03/29/24,12:20,random,4,1,31,1,478.5769,1
9268,1,03/29/24,12:20,random,4,1,32,2,469.5667,1
9268,1,03/29/24,12:20,random,4,1,33,3,444.5436,1
9268,1,03/29/24,12:20,random,4,1,34,4,412.7541,1
9268,1,03/29/24,12:20,random,4,1,35,5,384.7397,1
9268,1,03/29/24,12:20,random,4,1,36,6,644.7762,1
9268,1,03/29/24,12:20,random,4,1,37,7,405.6326,1
9268,1,03/29/24,12:20,random,4,1,38,8,427.1041,1
9268,1,03/29/24,12:20,random,4,1,39,9,435.0542,0
9268,1,03/29/24,12:20,random,4,1,40,10,432.8728,1
9268,1,03/29/24,12:20,random,5,1,41,1,402.4414,1
9268,1,03/29/24,12:20,random,5,1,42,2,445.1234,1
9268,1,03/29/24,12:20,random,5,1,43,3,409.3537,1
9268,1,03/29/24,12:20,random,5,1,44,4,462.9033,1
9268,1,03/29/24,12:20,random,5,1,45,5,399.5106,1
9268,1,03/29/24,12:20,random,5,1,46,6,360.5745,1
9268,1,03/29/24,12:20,random,5,1,47,7,355.4665,1
9268,1,03/29/24,12:20,random,5,1,48,8,413.4352,1
9268,1,03/29/24,12:20,random,5,1,49,9,377.7621,1
9268,1,03/29/24,12:20,random,5,1,50,10,405.9417,1
9269,1,03/29/24,15:15,practice,0,1,1,1,1415.2457,1
9269,1,03/29/24,15:15,practice,0,1,2,2,562.7637,1
9269,1,03/29/24,15:15,practice,0,1,3,3,637.0311,1
9269,1,03/29/24,15:15,practice,0,1,4,4,682.6668,1
9269,1,03/29/24,15:15,practice,0,1,5,5,1677.2764,1
9269,1,03/29/24,15:15,practice,0,1,6,6,1522.7824,1
9269,1,03/29/24,15:15,practice,0,1,7,7,693.3574,1
9269,1,03/29/24,15:15,practice,0,1,8,8,1037.3967,1
9269,1,03/29/24,15:15,random,1,1,1,1,608.7845,1
9269,1,03/29/24,15:15,random,1,1,2,2,458.3566,1
9269,1,03/29/24,15:15,random,1,1,3,3,480.6579,1
9269,1,03/29/24,15:15,random,1,1,4,4,467.0248,1
9269,1,03/29/24,15:15,random,1,1,5,5,565.5404,1
9269,1,03/29/24,15:15,random,1,1,6,6,511.6013,1
9269,1,03/29/24,15:15,random,1,1,7,7,434.1267,1
9269,1,03/29/24,15:15,random,1,1,8,8,460.1835,1
9269,1,03/29/24,15:15,random,1,1,9,9,441.7547,1
9269,1,03/29/24,15:15,random,1,1,10,10,465.832,1
9269,1,03/29/24,15:15,random,2,1,11,1,401.8926,1
9269,1,03/29/24,15:15,random,2,1,12,2,475.8116,1
9269,1,03/29/24,15:15,random,2,1,13,3,575.6452,1
9269,1,03/29/24,15:15,random,2,1,14,4,492.4464,1
9269,1,03/29/24,15:15,random,2,1,15,5,540.9053,1
9269,1,03/29/24,15:15,random,2,1,16,6,539.4594,1
9269,1,03/29/24,15:15,random,2,1,17,7,488.7023,1
9269,1,03/29/24,15:15,random,2,1,18,8,503.0521,1
9269,1,03/29/24,15:15,random,2,1,19,9,453.2131,1
9269,1,03/29/24,15:15,random,2,1,20,10,522.2539,1
9269,1,03/29/24,15:15,random,3,1,21,1,585.6118,1
9269,1,03/29/24,15:15,random,3,1,22,2,381.5753,1
9269,1,03/29/24,15:15,random,3,1,23,3,554.998,1
9269,1,03/29/24,15:15,random,3,1,24,4,398.7275,0
9269,1,03/29/24,15:15,random,3,1,25,5,8.08929999999,0
9269,1,03/29/24,15:15,random,3,1,26,6,514.6773,1
9269,1,03/29/24,15:15,random,3,1,27,7,586.0356,1
9269,1,03/29/24,15:15,random,3,1,28,8,519.877,1
9269,1,03/29/24,15:15,random,3,1,29,9,486.7807,1
9269,1,03/29/24,15:15,random,3,1,30,10,794.1741,1
9269,1,03/29/24,15:15,random,4,1,31,1,521.1924,1
9269,1,03/29/24,15:15,random,4,1,32,2,645.9166,1
9269,1,03/29/24,15:15,random,4,1,33,3,493.7519,1
9269,1,03/29/24,15:15,random,4,1,34,4,491.633,1
9269,1,03/29/24,15:15,random,4,1,35,5,428.2293,1
9269,1,03/29/24,15:15,random,4,1,36,6,493.2409,1
9269,1,03/29/24,15:15,random,4,1,37,7,451.1831,1
9269,1,03/29/24,15:15,random,4,1,38,8,555.7822,0
9269,1,03/29/24,15:15,random,4,1,39,9,595.427,1
9269,1,03/29/24,15:15,random,4,1,40,10,583.8469,1
9269,1,03/29/24,15:15,random,5,1,41,1,571.2513,1
9269,1,03/29/24,15:15,random,5,1,42,2,678.1906,1
9269,1,03/29/24,15:15,random,5,1,43,3,617.9534,1
9269,1,03/29/24,15:15,random,5,1,44,4,565.3901,1
9269,1,03/29/24,15:15,random,5,1,45,5,662.9018,1
9269,1,03/29/24,15:15,random,5,1,46,6,739.1558,1
9269,1,03/29/24,15:15,random,5,1,47,7,558.2984,1
9269,1,03/29/24,15:15,random,5,1,48,8,485.7272,1
9269,1,03/29/24,15:15,random,5,1,49,9,453.3125,1
9269,1,03/29/24,15:15,random,5,1,50,10,589.624,1
9270,1,03/29/24,15:22,practice,0,1,1,1,860.5419,1
9270,1,03/29/24,15:22,practice,0,1,2,2,566.7276,1
9270,1,03/29/24,15:22,practice,0,1,3,3,678.8307,1
9270,1,03/29/24,15:22,practice,0,1,4,4,501.0339,1
9270,1,03/29/24,15:22,practice,0,1,5,5,979.5806,1
9270,1,03/29/24,15:22,practice,0,1,6,6,454.3513,1
9270,1,03/29/24,15:22,practice,0,1,7,7,1171.9078,1
9270,1,03/29/24,15:22,practice,0,1,8,8,725.1402,1
9270,1,03/29/24,15:22,random,1,1,1,1,524.5659,1
9270,1,03/29/24,15:22,random,1,1,2,2,517.5529,1
9270,1,03/29/24,15:22,random,1,1,3,3,546.7424,1
9270,1,03/29/24,15:22,random,1,1,4,4,471.2521,1
9270,1,03/29/24,15:22,random,1,1,5,5,461.4532,1
9270,1,03/29/24,15:22,random,1,1,6,6,490.8991,1
9270,1,03/29/24,15:22,random,1,1,7,7,475.7478,1
9270,1,03/29/24,15:22,random,1,1,8,8,490.1468,1
9270,1,03/29/24,15:22,random,1,1,9,9,483.8733,1
9270,1,03/29/24,15:22,random,1,1,10,10,725.7932,1
9270,1,03/29/24,15:22,random,2,1,11,1,518.41010000000006,1
9270,1,03/29/24,15:22,random,2,1,12,2,498.8861,1
9270,1,03/29/24,15:22,random,2,1,13,3,860.7951,1
9270,1,03/29/24,15:22,random,2,1,14,4,493.1318,1
9270,1,03/29/24,15:22,random,2,1,15,5,627.2853,1
9270,1,03/29/24,15:22,random,2,1,16,6,411.9758,1
9270,1,03/29/24,15:22,random,2,1,17,7,434.7076,1
9270,1,03/29/24,15:22,random,2,1,18,8,552.4226,1
9270,1,03/29/24,15:22,random,2,1,19,9,645.8022,1
9270,1,03/29/24,15:22,random,2,1,20,10,674.9241,1
9270,1,03/29/24,15:22,random,3,1,21,1,554.0653,1
9270,1,03/29/24,15:22,random,3,1,22,2,522.7654,1
9270,1,03/29/24,15:22,random,3,1,23,3,920.6116,1
9270,1,03/29/24,15:22,random,3,1,24,4,875.2791,1
9270,1,03/29/24,15:22,random,3,1,25,5,603.1098,1
9270,1,03/29/24,15:22,random,3,1,26,6,494.596,1
9270,1,03/29/24,15:22,random,3,1,27,7,534.4297,1
9270,1,03/29/24,15:22,random,3,1,28,8,662.0354,1
9270,1,03/29/24,15:22,random,3,1,29,9,459.5139,1
9270,1,03/29/24,15:22,random,3,1,30,10,510.64,1
9270,1,03/29/24,15:22,random,4,1,31,1,574.289,1
9270,1,03/29/24,15:22,random,4,1,32,2,462.7861,1
9270,1,03/29/24,15:22,random,4,1,33,3,733.7479,1
9270,1,03/29/24,15:22,random,4,1,34,4,454.126,1
9270,1,03/29/24,15:22,random,4,1,35,5,501.2013,1
9270,1,03/29/24,15:22,random,4,1,36,6,509.6261,1
9270,1,03/29/24,15:22,random,4,1,37,7,453.0245,1
9270,1,03/29/24,15:22,random,4,1,38,8,634.4382,1
9270,1,03/29/24,15:22,random,4,1,39,9,447.2139,1
9270,1,03/29/24,15:22,random,4,1,40,10,487.9485,1
9270,1,03/29/24,15:22,random,5,1,41,1,561.16010000000006,0
9270,1,03/29/24,15:22,random,5,1,42,2,521.3778,1
9270,1,03/29/24,15:22,random,5,1,43,3,439.1046,1
9270,1,03/29/24,15:22,random,5,1,44,4,520.7466,1
9270,1,03/29/24,15:22,random,5,1,45,5,450.4157,1
9270,1,03/29/24,15:22,random,5,1,46,6,689.3751,1
9270,1,03/29/24,15:22,random,5,1,47,7,454.3427,1
9270,1,03/29/24,15:22,random,5,1,48,8,470.5706,1
9270,1,03/29/24,15:22,random,5,1,49,9,536.7483,1
9270,1,03/29/24,15:22,random,5,1,50,10,939.7254,1
9271,1,04/03/24,15:10,practice,0,1,1,1,1251.2266,1
9271,1,04/03/24,15:10,practice,0,1,2,2,533.7253,1
9271,1,04/03/24,15:10,practice,0,1,3,3,543.6967,1
9271,1,04/03/24,15:10,practice,0,1,4,4,440.0376,1
9271,1,04/03/24,15:10,practice,0,1,5,5,341.298,1
9271,1,04/03/24,15:10,practice,0,1,6,6,464.4218,1
9271,1,04/03/24,15:10,practice,0,1,7,7,603.7132,1
9271,1,04/03/24,15:10,practice,0,1,8,8,555.3332,1
9271,1,04/03/24,15:10,random,1,1,1,1,348.3123,1
9271,1,04/03/24,15:10,random,1,1,2,2,449.8727,1
9271,1,04/03/24,15:10,random,1,1,3,3,381.7966,1
9271,1,04/03/24,15:10,random,1,1,4,4,709.1021,1
9271,1,04/03/24,15:10,random,1,1,5,5,450.2873,1
9271,1,04/03/24,15:10,random,1,1,6,6,556.3234,1
9271,1,04/03/24,15:10,random,1,1,7,7,542.1478,1
9271,1,04/03/24,15:10,random,1,1,8,8,478.5177,1
9271,1,04/03/24,15:10,random,1,1,9,9,593.1902,1
9271,1,04/03/24,15:10,random,1,1,10,10,449.0216,1
9271,1,04/03/24,15:10,random,2,1,11,1,392.4422,1
9271,1,04/03/24,15:10,random,2,1,12,2,562.2272,1
9271,1,04/03/24,15:10,random,2,1,13,3,480.7312,1
9271,1,04/03/24,15:10,random,2,1,14,4,500.1326,1
9271,1,04/03/24,15:10,random,2,1,15,5,529.1428,1
9271,1,04/03/24,15:10,random,2,1,16,6,466.2799,1
9271,1,04/03/24,15:10,random,2,1,17,7,432.309,1
9271,1,04/03/24,15:10,random,2,1,18,8,485.6625,1
9271,1,04/03/24,15:10,random,2,1,19,9,472.8543,1
9271,1,04/03/24,15:10,random,2,1,20,10,405.8955,1
9271,1,04/03/24,15:10,random,3,1,21,1,887.188,1
9271,1,04/03/24,15:10,random,3,1,22,2,545.3742,1
9271,1,04/03/24,15:10,random,3,1,23,3,460.7838,1
9271,1,04/03/24,15:10,random,3,1,24,4,836.8239,1
9271,1,04/03/24,15:10,random,3,1,25,5,616.5557,1
9271,1,04/03/24,15:10,random,3,1,26,6,410.0288,1
9271,1,04/03/24,15:10,random,3,1,27,7,470.3301,1
9271,1,04/03/24,15:10,random,3,1,28,8,477.48,1
9271,1,04/03/24,15:10,random,3,1,29,9,490.2165,1
9271,1,04/03/24,15:10,random,3,1,30,10,455.6179,1
9271,1,04/03/24,15:10,random,4,1,31,1,684.8151,1
9271,1,04/03/24,15:10,random,4,1,32,2,611.2043,1
9271,1,04/03/24,15:10,random,4,1,33,3,737.9768,1
9271,1,04/03/24,15:10,random,4,1,34,4,588.0159,1
9271,1,04/03/24,15:10,random,4,1,35,5,504.724,1
9271,1,04/03/24,15:10,random,4,1,36,6,538.9838,1
9271,1,04/03/24,15:10,random,4,1,37,7,534.3636,1
9271,1,04/03/24,15:10,random,4,1,38,8,353.3232,1
9271,1,04/03/24,15:10,random,4,1,39,9,505.25,1
9271,1,04/03/24,15:10,random,4,1,40,10,500.7769,1
9271,1,04/03/24,15:10,random,5,1,41,1,675.3027,1
9271,1,04/03/24,15:10,random,5,1,42,2,516.1423,1
9271,1,04/03/24,15:10,random,5,1,43,3,519.3276,1
9271,1,04/03/24,15:10,random,5,1,44,4,782.0565,1
9271,1,04/03/24,15:10,random,5,1,45,5,811.7674,1
9271,1,04/03/24,15:10,random,5,1,46,6,737.3488,1
9271,1,04/03/24,15:10,random,5,1,47,7,495.6698,1
9271,1,04/03/24,15:10,random,5,1,48,8,548.1804,1
9271,1,04/03/24,15:10,random,5,1,49,9,516.999,1
9271,1,04/03/24,15:10,random,5,1,50,10,861.6801,1
