subject,session,block,trial,subtrial,trialtype,ss,resp,acc,rt,probe_resp
9001,2,practice,0,1,nochange,6,f,1,2435.2086,NA
9001,2,practice,0,2,change,6,f,0,2379.1482,NA
9001,2,practice,0,3,nochange,6,f,1,1458.1709,NA
9001,2,practice,0,4,nochange,6,f,1,1062.9324,NA
9001,2,practice,0,5,change,6,j,1,3213.8138,NA
9001,2,0,1,1,change,6,f,0,993.8644,NA
9001,2,0,2,2,change,6,j,1,4185.6386,NA
9001,2,0,3,3,nochange,6,f,1,2941.3467,NA
9001,2,0,4,4,change,6,f,0,1549.6423,NA
9001,2,0,5,5,change,6,f,0,1299.7954,NA
9001,2,0,6,6,change,6,j,1,3050.5482,NA
9001,2,0,7,7,change,6,f,0,4896.6498,NA
9001,2,0,8,8,nochange,6,f,1,1593.6428,3
9001,2,0,9,9,change,6,f,0,1236.1431,NA
9001,2,0,10,10,change,6,f,0,1405.0499,NA
9001,2,0,11,11,change,6,j,1,2169.889,NA
9001,2,0,12,12,change,6,j,1,1949.4552,NA
9001,2,0,13,13,nochange,6,j,0,2315.9213,NA
9001,2,0,14,14,nochange,6,f,1,1639.2084,NA
9001,2,0,15,15,change,6,f,0,1202.146,NA
9001,2,0,16,16,change,6,f,0,1296.8354,5
9001,2,0,17,17,change,6,j,1,821.8852,NA
9001,2,0,18,18,change,6,f,0,1473.0548,NA
9001,2,0,19,19,change,6,f,0,1846.7883,NA
9001,2,0,20,20,change,6,j,1,3030.5859,NA
9001,2,0,21,21,nochange,6,f,1,1361.4849,NA
9001,2,0,22,22,nochange,6,f,1,948.1401,NA
9001,2,0,23,23,change,6,f,0,1145.8214,NA
9001,2,0,24,24,nochange,6,f,1,892.1103,5
9001,2,0,25,25,nochange,6,f,1,1274.715,NA
9001,2,0,26,26,nochange,6,f,1,2956.7009,NA
9001,2,0,27,27,nochange,6,f,1,870.5921,NA
9001,2,0,28,28,nochange,6,f,1,1442.6427,NA
9001,2,0,29,29,nochange,6,f,1,1838.2089,NA
9001,2,0,30,30,nochange,6,j,0,1679.8346,NA
9001,2,0,31,31,nochange,6,j,0,1690.4252,NA
9001,2,0,32,32,change,6,f,0,1587.0173,5
9001,2,0,33,33,change,6,j,1,1969.6217,NA
9001,2,0,34,34,change,6,j,1,1773.5041,NA
9001,2,0,35,35,nochange,6,f,1,1472.0867,NA
9001,2,0,36,36,nochange,6,f,1,4685.7183000000005,NA
9001,2,0,37,37,nochange,6,j,0,1312.9158,NA
9001,2,0,38,38,change,6,j,1,1917.2999,NA
9001,2,0,39,39,nochange,6,f,1,1643.4597,NA
9001,2,0,40,40,change,6,f,0,3175.2816,5
9001,2,0,41,41,change,6,f,0,2784.7922,NA
9001,2,0,42,42,change,6,j,1,1681.6561,NA
9001,2,0,43,43,change,6,f,0,2971.6997,NA
9001,2,0,44,44,nochange,6,f,1,1555.5129,NA
9001,2,0,45,45,nochange,6,f,1,1674.86,NA
9001,2,0,46,46,change,6,j,1,3868.6054,NA
9001,2,0,47,47,nochange,6,f,1,1436.124,NA
9001,2,0,48,48,nochange,6,j,0,2419.0049,3
9001,2,0,49,49,nochange,6,f,1,1515.2903,NA
9001,2,0,50,50,change,6,j,1,3335.9521,NA
9001,2,0,51,51,change,6,j,1,1396.5842,NA
9001,2,0,52,52,nochange,6,j,0,1963.7092,NA
9001,2,0,53,53,nochange,6,f,1,2586.8191,NA
9001,2,0,54,54,nochange,6,f,1,1473.902,NA
9001,2,0,55,55,nochange,6,f,1,822.2071,NA
9001,2,0,56,56,change,6,j,1,1641.1739,3
9001,2,0,57,57,nochange,6,f,1,4999.8056,NA
9001,2,0,58,58,nochange,6,f,1,1525.641,NA
9001,2,0,59,59,change,6,j,1,993.4533,NA
9001,2,0,60,60,nochange,6,f,1,1269.5953,NA
9002,2,practice,0,1,nochange,6,f,1,2937.0235,NA
9002,2,practice,0,2,nochange,6,f,1,1337.3343,NA
9002,2,practice,0,3,nochange,6,j,0,1335.6698,NA
9002,2,practice,0,4,change,6,j,1,1745.1264,NA
9002,2,practice,0,5,nochange,6,f,1,1414.7938,NA
9002,2,0,1,1,nochange,6,f,1,1191.6084,NA
9002,2,0,2,2,change,6,f,0,1144.9425,NA
9002,2,0,3,3,nochange,6,f,1,1174.2374,NA
9002,2,0,4,4,change,6,j,1,1382.4669,NA
9002,2,0,5,5,change,6,f,0,2802.8997,NA
9002,2,0,6,6,change,6,f,0,1940.4018,NA
9002,2,0,7,7,change,6,j,1,1281.0306,NA
9002,2,0,8,8,change,6,j,1,1156.2752,3
9002,2,0,9,9,nochange,6,f,1,1431.0336,NA
9002,2,0,10,10,change,6,f,0,1284.7372,NA
9002,2,0,11,11,nochange,6,f,1,1041.5732,NA
9002,2,0,12,12,change,6,j,1,1607.6705,NA
9002,2,0,13,13,nochange,6,f,1,1168.0231,NA
9002,2,0,14,14,change,6,f,0,1017.4162,NA
9002,2,0,15,15,change,6,j,1,2010.9104,NA
9002,2,0,16,16,change,6,j,1,1964.6092,2
9002,2,0,17,17,nochange,6,f,1,1367.305,NA
9002,2,0,18,18,nochange,6,f,1,1114.5752,NA
9002,2,0,19,19,nochange,6,f,1,2271.1086,NA
9002,2,0,20,20,change,6,f,0,1825.575,NA
9002,2,0,21,21,nochange,6,f,1,1635.4056,NA
9002,2,0,22,22,nochange,6,f,1,1499.3208,NA
9002,2,0,23,23,nochange,6,f,1,1343.4551,NA
9002,2,0,24,24,nochange,6,f,1,1797.264,3
9002,2,0,25,25,change,6,f,0,1135.9371,NA
9002,2,0,26,26,change,6,j,1,1443.9413,NA
9002,2,0,27,27,nochange,6,f,1,1358.6453,NA
9002,2,0,28,28,nochange,6,f,1,1308.2719,NA
9002,2,0,29,29,nochange,6,f,1,1362.5422,NA
9002,2,0,30,30,change,6,f,0,1814.5896,NA
9002,2,0,31,31,change,6,j,1,886.3574,NA
9002,2,0,32,32,change,6,j,1,1297.9113,3
9002,2,0,33,33,nochange,6,f,1,2197.4792,NA
9002,2,0,34,34,nochange,6,f,1,1740.7423,NA
9002,2,0,35,35,change,6,j,1,3179.4547,NA
9002,2,0,36,36,nochange,6,f,1,1534.4786,NA
9002,2,0,37,37,nochange,6,f,1,1308.503,NA
9002,2,0,38,38,nochange,6,f,1,1468.3711,NA
9002,2,0,39,39,change,6,f,0,3645.5184,NA
9002,2,0,40,40,change,6,j,1,1158.9334,3
9002,2,0,41,41,nochange,6,f,1,1966.2862,NA
9002,2,0,42,42,nochange,6,f,1,1363.7226,NA
9002,2,0,43,43,change,6,j,1,1425.8695,NA
9002,2,0,44,44,nochange,6,f,1,1084.469,NA
9002,2,0,45,45,change,6,f,0,1380.4531,NA
9002,2,0,46,46,change,6,j,1,1026.0335,NA
9002,2,0,47,47,change,6,j,1,1055.1102,NA
9002,2,0,48,48,change,6,j,1,1421.1241,3
9002,2,0,49,49,nochange,6,f,1,1358.2159,NA
9002,2,0,50,50,change,6,f,0,969.124,NA
9002,2,0,51,51,nochange,6,f,1,1235.8215,NA
9002,2,0,52,52,nochange,6,f,1,2027.0864,NA
9002,2,0,53,53,nochange,6,f,1,1812.4398,NA
9002,2,0,54,54,nochange,6,f,1,2592.2887,NA
9002,2,0,55,55,change,6,j,1,2910.2975,NA
9002,2,0,56,56,nochange,6,f,1,1079.0407,2
9002,2,0,57,57,change,6,j,1,1157.7833,NA
9002,2,0,58,58,change,6,j,1,1512.8196,NA
9002,2,0,59,59,nochange,6,f,1,1831.9121,NA
9002,2,0,60,60,change,6,j,1,2002.603,NA
9004,2,practice,0,1,nochange,6,f,1,1409.3902,NA
9004,2,practice,0,2,change,6,j,1,631.4734,NA
9004,2,practice,0,3,nochange,6,f,1,990.3039,NA
9004,2,practice,0,4,change,6,j,1,1006.728,NA
9004,2,practice,0,5,nochange,6,f,1,4718.0124,NA
9004,2,0,1,1,nochange,6,f,1,19.5375,NA
9004,2,0,2,2,nochange,6,j,0,7.47690000001,NA
9004,2,0,3,3,nochange,6,f,1,1574.0671,NA
9004,2,0,4,4,change,6,f,0,1373.8208,NA
9004,2,0,5,5,change,6,j,1,1076.2849,NA
9004,2,0,6,6,nochange,6,j,0,1333.348,NA
9004,2,0,7,7,nochange,6,f,1,385.4999,NA
9004,2,0,8,8,nochange,6,f,1,1594.0829,3
9004,2,0,9,9,change,6,f,0,1044.1822,NA
9004,2,0,10,10,change,6,f,0,1340.2011,NA
9004,2,0,11,11,nochange,6,f,1,1017.9057,NA
9004,2,0,12,12,nochange,6,j,0,671.7332,NA
9004,2,0,13,13,nochange,6,f,1,755.3963,NA
9004,2,0,14,14,change,6,f,0,3.64660000001,NA
9004,2,0,15,15,change,6,f,0,982.9729,NA
9004,2,0,16,16,nochange,6,f,1,1129.7383,3
9004,2,0,17,17,change,6,j,1,2140.6263,NA
9004,2,0,18,18,change,6,f,0,1810.3359,NA
9004,2,0,19,19,change,6,f,0,1155.5184,NA
9004,2,0,20,20,change,6,j,1,1581.7841,NA
9004,2,0,21,21,nochange,6,j,0,2381.1368,NA
9004,2,0,22,22,change,6,f,0,3099.7297,NA
9004,2,0,23,23,nochange,6,f,1,1191.8502,NA
9004,2,0,24,24,change,6,f,0,1355.7874,3
9004,2,0,25,25,change,6,j,1,1313.2865,NA
9004,2,0,26,26,nochange,6,f,1,1536.3601,NA
9004,2,0,27,27,change,6,j,1,1176.3674,NA
9004,2,0,28,28,nochange,6,j,0,997.069,NA
9004,2,0,29,29,nochange,6,j,0,1061.3504,NA
9004,2,0,30,30,nochange,6,j,0,1428.0888,NA
9004,2,0,31,31,change,6,j,1,3256.3255,NA
9004,2,0,32,32,nochange,6,f,1,940.1606,3
9004,2,0,33,33,change,6,f,0,1755.9782,NA
9004,2,0,34,34,change,6,f,0,2908.4792,NA
9004,2,0,35,35,change,6,f,0,938.9744,NA
9004,2,0,36,36,nochange,6,f,1,2053.3789,NA
9004,2,0,37,37,nochange,6,j,0,2367.3589,NA
9004,2,0,38,38,nochange,6,j,0,2281.5591,NA
9004,2,0,39,39,nochange,6,f,1,1247.7634,NA
9004,2,0,40,40,change,6,j,1,2273.5477,3
9004,2,0,41,41,change,6,j,1,2178.5752,NA
9004,2,0,42,42,nochange,6,f,1,1111.7993,NA
9004,2,0,43,43,change,6,j,1,4638.0195,NA
9004,2,0,44,44,nochange,6,f,1,1225.1223,NA
9004,2,0,45,45,change,6,f,0,1026.7786,NA
9004,2,0,46,46,change,6,j,1,1433.1138,NA
9004,2,0,47,47,nochange,6,f,1,1582.095,NA
9004,2,0,48,48,change,6,f,0,1347.773,3
9004,2,0,49,49,nochange,6,j,0,1850.9065,NA
9004,2,0,50,50,nochange,6,f,1,992.6015,NA
9004,2,0,51,51,change,6,f,0,1227.8067,NA
9004,2,0,52,52,nochange,6,f,1,1804.504,NA
9004,2,0,53,53,change,6,j,1,1930.4288,NA
9004,2,0,54,54,change,6,f,0,3055.6932,NA
9004,2,0,55,55,nochange,6,f,1,1908.1261,NA
9004,2,0,56,56,change,6,f,0,1466.0883,3
9004,2,0,57,57,nochange,6,f,1,987.4216,NA
9004,2,0,58,58,nochange,6,f,1,2027.2809,NA
9004,2,0,59,59,change,6,f,0,3422.4306,NA
9004,2,0,60,60,change,6,f,0,1038.6628,NA
9005,2,practice,0,1,change,6,f,0,1708.0891,NA
9005,2,practice,0,2,nochange,6,f,1,1037.7641,NA
9005,2,practice,0,3,change,6,j,1,1148.9227,NA
9005,2,practice,0,4,change,6,j,1,1049.6167,NA
9005,2,practice,0,5,nochange,6,f,1,1126.1262,NA
9005,2,0,1,1,change,6,j,1,1677.6756,NA
9005,2,0,2,2,nochange,6,f,1,1029.5512,NA
9005,2,0,3,3,change,6,f,0,1239.576,NA
9005,2,0,4,4,change,6,j,1,1635.5646,NA
9005,2,0,5,5,nochange,6,f,1,979.1285,NA
9005,2,0,6,6,nochange,6,f,1,1641.3726,NA
9005,2,0,7,7,change,6,j,1,2930.1475,NA
9005,2,0,8,8,change,6,j,1,905.2103,1
9005,2,0,9,9,change,6,j,1,1469.3763,NA
9005,2,0,10,10,nochange,6,f,1,930.7712,NA
9005,2,0,11,11,change,6,f,0,735.7726,NA
9005,2,0,12,12,nochange,6,f,1,824.1527,NA
9005,2,0,13,13,change,6,f,0,1324.5411,NA
9005,2,0,14,14,nochange,6,f,1,713.3979,NA
9005,2,0,15,15,nochange,6,f,1,692.6365,NA
9005,2,0,16,16,nochange,6,f,1,1083.4179,5
9005,2,0,17,17,nochange,6,f,1,791.67,NA
9005,2,0,18,18,nochange,6,f,1,1175.4455,NA
9005,2,0,19,19,change,6,f,0,3077.9175,NA
9005,2,0,20,20,change,6,j,1,1160.1821,NA
9005,2,0,21,21,change,6,f,0,1380.5508,NA
9005,2,0,22,22,change,6,f,0,3329.5067,NA
9005,2,0,23,23,nochange,6,f,1,927.7525,NA
9005,2,0,24,24,nochange,6,f,1,793.7146,2
9005,2,0,25,25,nochange,6,f,1,951.6589,NA
9005,2,0,26,26,nochange,6,f,1,747.5545,NA
9005,2,0,27,27,change,6,f,0,2020.2742,NA
9005,2,0,28,28,change,6,f,0,1290.8099,NA
9005,2,0,29,29,nochange,6,f,1,1016.1031,NA
9005,2,0,30,30,change,6,j,1,1143.3073,NA
9005,2,0,31,31,nochange,6,f,1,840.4177,NA
9005,2,0,32,32,nochange,6,f,1,6795.4671,3
9005,2,0,33,33,nochange,6,f,1,851.3194,NA
9005,2,0,34,34,nochange,6,f,1,823.384,NA
9005,2,0,35,35,nochange,6,f,1,707.6334,NA
9005,2,0,36,36,change,6,f,0,943.9217,NA
9005,2,0,37,37,change,6,j,1,1065.9495,NA
9005,2,0,38,38,nochange,6,f,1,1845.5838,NA
9005,2,0,39,39,change,6,f,0,882.4606,NA
9005,2,0,40,40,nochange,6,j,0,1222.6871,3
9005,2,0,41,41,nochange,6,f,1,757.2239,NA
9005,2,0,42,42,nochange,6,f,1,1232.5867,NA
9005,2,0,43,43,change,6,j,1,829.3783,NA
9005,2,0,44,44,change,6,f,0,764.3091,NA
9005,2,0,45,45,change,6,f,0,814.9102,NA
9005,2,0,46,46,nochange,6,f,1,1217.4254,NA
9005,2,0,47,47,change,6,j,1,1775.3385,NA
9005,2,0,48,48,nochange,6,f,1,1013.7314,1
9005,2,0,49,49,change,6,j,1,1265.0163,NA
9005,2,0,50,50,nochange,6,f,1,1197.6223,NA
9005,2,0,51,51,change,6,j,1,1486.2228,NA
9005,2,0,52,52,change,6,f,0,1595.7796,NA
9005,2,0,53,53,change,6,j,1,1315.7597,NA
9005,2,0,54,54,change,6,j,1,1650.7578,NA
9005,2,0,55,55,nochange,6,f,1,1154.0116,NA
9005,2,0,56,56,nochange,6,j,0,1362.3351,1
9005,2,0,57,57,nochange,6,f,1,3630.6414,NA
9005,2,0,58,58,change,6,j,1,1189.2931,NA
9005,2,0,59,59,change,6,j,1,789.4341,NA
9005,2,0,60,60,change,6,j,1,1233.6815,NA
9006,2,practice,0,1,nochange,6,j,0,2400.4072,NA
9006,2,practice,0,2,change,6,j,1,1962.2724,NA
9006,2,practice,0,3,nochange,6,f,1,1626.8822,NA
9006,2,practice,0,4,change,6,j,1,1261.4847,NA
9006,2,practice,0,5,nochange,6,f,1,1701.6003,NA
9006,2,0,1,1,change,6,j,1,1478.3662,NA
9006,2,0,2,2,change,6,f,0,963.2261,NA
9006,2,0,3,3,change,6,f,0,1572.1358,NA
9006,2,0,4,4,nochange,6,f,1,1414.693,NA
9006,2,0,5,5,change,6,j,1,1445.4138,NA
9006,2,0,6,6,change,6,f,0,3782.2615,NA
9006,2,0,7,7,nochange,6,j,0,1995.5126,NA
9006,2,0,8,8,nochange,6,j,0,2195.1558,4
9006,2,0,9,9,nochange,6,j,0,3400.4854,NA
9006,2,0,10,10,change,6,f,0,968.6394,NA
9006,2,0,11,11,nochange,6,f,1,1598.4649,NA
9006,2,0,12,12,nochange,6,f,1,2494.9256,NA
9006,2,0,13,13,change,6,f,0,948.5179,NA
9006,2,0,14,14,nochange,6,f,1,1080.3392,NA
9006,2,0,15,15,change,6,j,1,2496.0793,NA
9006,2,0,16,16,nochange,6,f,1,3.2493,3
9006,2,0,17,17,change,6,f,0,3.61680000002,NA
9006,2,0,18,18,nochange,6,f,1,5.00929999998,NA
9006,2,0,19,19,change,6,f,0,4.49480000001,NA
9006,2,0,20,20,change,6,j,1,3031.464,NA
9006,2,0,21,21,change,6,f,0,890.5188,NA
9006,2,0,22,22,nochange,6,f,1,579.8325,NA
9006,2,0,23,23,nochange,6,f,1,1896.4798,NA
9006,2,0,24,24,nochange,6,f,1,1495.1874,3
9006,2,0,25,25,nochange,6,f,1,1235.6295,NA
9006,2,0,26,26,nochange,6,f,1,889.7956,NA
9006,2,0,27,27,change,6,f,0,1336.5915,NA
9006,2,0,28,28,change,6,f,0,1177.0318,NA
9006,2,0,29,29,nochange,6,f,1,1246.0307,NA
9006,2,0,30,30,change,6,f,0,588.1089,NA
9006,2,0,31,31,nochange,6,f,1,4.71369999996,NA
9006,2,0,32,32,change,6,j,1,3.97630000004,3
9006,2,0,33,33,change,6,j,1,1414.7818,NA
9006,2,0,34,34,nochange,6,f,1,1168.7032,NA
9006,2,0,35,35,change,6,f,0,738.4012,NA
9006,2,0,36,36,change,6,f,0,756.6521,NA
9006,2,0,37,37,change,6,f,0,1846.9681,NA
9006,2,0,38,38,change,6,f,0,2454.6885,NA
9006,2,0,39,39,nochange,6,f,1,1905.2462,NA
9006,2,0,40,40,nochange,6,f,1,3317.5778,2
9006,2,0,41,41,change,6,f,0,1638.0191,NA
9006,2,0,42,42,nochange,6,f,1,4826.4997,NA
9006,2,0,43,43,nochange,6,f,1,823.8873,NA
9006,2,0,44,44,nochange,6,f,1,1059.3974,NA
9006,2,0,45,45,nochange,6,f,1,1058.5397,NA
9006,2,0,46,46,change,6,j,1,1387.6688,NA
9006,2,0,47,47,nochange,6,j,0,1565.5208,NA
9006,2,0,48,48,nochange,6,f,1,2013.8558,2
9006,2,0,49,49,nochange,6,f,1,919.9579,NA
9006,2,0,50,50,nochange,6,f,1,840.678,NA
9006,2,0,51,51,change,6,f,0,1405.4549,NA
9006,2,0,52,52,nochange,6,f,1,842.5628,NA
9006,2,0,53,53,change,6,f,0,1115.4248,NA
9006,2,0,54,54,nochange,6,f,1,808.546,NA
9006,2,0,55,55,change,6,f,0,1070.9762,NA
9006,2,0,56,56,nochange,6,f,1,748.9125,2
9006,2,0,57,57,change,6,f,0,1161.5178,NA
9006,2,0,58,58,change,6,f,0,732.2956,NA
9006,2,0,59,59,change,6,f,0,653.6493,NA
9006,2,0,60,60,change,6,f,0,974.9872,NA
9007,2,practice,0,1,nochange,6,f,1,883.5954,NA
9007,2,practice,0,2,change,6,j,1,1144.4596,NA
9007,2,practice,0,3,nochange,6,f,1,1178.9516,NA
9007,2,practice,0,4,change,6,j,1,1562.3494,NA
9007,2,practice,0,5,nochange,6,f,1,1859.0084,NA
9007,2,0,1,1,change,6,j,1,1265.632,NA
9007,2,0,2,2,nochange,6,f,1,952.9337,NA
9007,2,0,3,3,nochange,6,f,1,1056.8398,NA
9007,2,0,4,4,change,6,j,1,1006.0852,NA
9007,2,0,5,5,change,6,j,1,1485.0758,NA
9007,2,0,6,6,nochange,6,f,1,1218.0904,NA
9007,2,0,7,7,change,6,j,1,1302.947,NA
9007,2,0,8,8,nochange,6,f,1,3975.4464,2
9007,2,0,9,9,nochange,6,j,0,2353.5189,NA
9007,2,0,10,10,change,6,f,0,2475.6364,NA
9007,2,0,11,11,change,6,f,0,1194.334,NA
9007,2,0,12,12,nochange,6,j,0,1865.3881,NA
9007,2,0,13,13,change,6,f,0,1105.2152,NA
9007,2,0,14,14,change,6,j,1,1074.4968,NA
9007,2,0,15,15,nochange,6,f,1,1660.8876,NA
9007,2,0,16,16,change,6,j,1,1344.2773,5
9007,2,0,17,17,change,6,j,1,1145.5016,NA
9007,2,0,18,18,nochange,6,j,0,1995.9804,NA
9007,2,0,19,19,nochange,6,f,1,1913.3144,NA
9007,2,0,20,20,change,6,j,1,4.00720000002,NA
9007,2,0,21,21,nochange,6,f,1,1294.0385,NA
9007,2,0,22,22,change,6,j,1,2171.7002,NA
9007,2,0,23,23,change,6,f,0,5128.3369,NA
9007,2,0,24,24,nochange,6,f,1,1052.3625,5
9007,2,0,25,25,change,6,j,1,1583.0392,NA
9007,2,0,26,26,nochange,6,f,1,4280.599,NA
9007,2,0,27,27,nochange,6,j,0,2101.5282,NA
9007,2,0,28,28,nochange,6,f,1,2001.4633,NA
9007,2,0,29,29,nochange,6,f,1,930.591,NA
9007,2,0,30,30,change,6,f,0,3979.7396,NA
9007,2,0,31,31,change,6,j,1,1233.5431,NA
9007,2,0,32,32,change,6,f,0,1463.0572,5
9007,2,0,33,33,change,6,f,0,1283.6872,NA
9007,2,0,34,34,nochange,6,f,1,953.5309,NA
9007,2,0,35,35,change,6,j,1,1454.6983,NA
9007,2,0,36,36,change,6,j,1,1269.257,NA
9007,2,0,37,37,nochange,6,f,1,842.651,NA
9007,2,0,38,38,change,6,f,0,1087.6964,NA
9007,2,0,39,39,nochange,6,j,0,895.8077,NA
9007,2,0,40,40,nochange,6,f,1,1052.6958,5
9007,2,0,41,41,change,6,f,0,1348.7369,NA
9007,2,0,42,42,change,6,j,1,947.8036,NA
9007,2,0,43,43,change,6,f,0,1116.2542,NA
9007,2,0,44,44,nochange,6,j,0,1459.0053,NA
9007,2,0,45,45,nochange,6,f,1,1129.2854,NA
9007,2,0,46,46,change,6,j,1,1265.1742,NA
9007,2,0,47,47,nochange,6,f,1,1612.4952,NA
9007,2,0,48,48,change,6,j,1,1411.0365,5
9007,2,0,49,49,nochange,6,f,1,3543.6844,NA
9007,2,0,50,50,change,6,j,1,3734.609,NA
9007,2,0,51,51,nochange,6,f,1,1351.7128,NA
9007,2,0,52,52,nochange,6,j,0,1486.0188,NA
9007,2,0,53,53,nochange,6,f,1,1015.3508,NA
9007,2,0,54,54,nochange,6,f,1,908.7314,NA
9007,2,0,55,55,nochange,6,f,1,927.0359,NA
9007,2,0,56,56,nochange,6,f,1,829.8208,5
9007,2,0,57,57,change,6,j,1,1077.6553,NA
9007,2,0,58,58,change,6,j,1,1630.2148,NA
9007,2,0,59,59,nochange,6,f,1,2623.794,NA
9007,2,0,60,60,change,6,j,1,1065.4923,NA
9009,2,practice,0,1,nochange,6,f,1,1288.3163,NA
9009,2,practice,0,2,change,6,j,1,817.9368,NA
9009,2,practice,0,3,change,6,j,1,861.5827,NA
9009,2,practice,0,4,nochange,6,f,1,1084.1635,NA
9009,2,practice,0,5,change,6,j,1,917.5165,NA
9009,2,0,1,1,nochange,6,f,1,953.1827,NA
9009,2,0,2,2,nochange,6,j,0,903.8846,NA
9009,2,0,3,3,nochange,6,f,1,1221.4792,NA
9009,2,0,4,4,change,6,j,1,793.5797,NA
9009,2,0,5,5,nochange,6,f,1,1302.0144,NA
9009,2,0,6,6,nochange,6,f,1,955.7769,NA
9009,2,0,7,7,nochange,6,f,1,699.7519,NA
9009,2,0,8,8,nochange,6,j,0,869.7834,1
9009,2,0,9,9,nochange,6,f,1,836.6397,NA
9009,2,0,10,10,nochange,6,f,1,656.9081,NA
9009,2,0,11,11,nochange,6,j,0,1313.7762,NA
9009,2,0,12,12,nochange,6,f,1,737.0675,NA
9009,2,0,13,13,change,6,j,1,1194.9761,NA
9009,2,0,14,14,change,6,f,0,2836.8865,NA
9009,2,0,15,15,change,6,j,1,929.6183,NA
9009,2,0,16,16,nochange,6,f,1,2107.092,1
9009,2,0,17,17,change,6,f,0,1147.5694,NA
9009,2,0,18,18,change,6,j,1,1150.1687,NA
9009,2,0,19,19,change,6,f,0,1517.6518,NA
9009,2,0,20,20,nochange,6,f,1,876.4243,NA
9009,2,0,21,21,change,6,j,1,1909.082,NA
9009,2,0,22,22,change,6,j,1,955.7646,NA
9009,2,0,23,23,change,6,f,0,1548.1618,NA
9009,2,0,24,24,nochange,6,f,1,701.8702,1
9009,2,0,25,25,nochange,6,f,1,702.7112,NA
9009,2,0,26,26,nochange,6,j,0,1207.8755,NA
9009,2,0,27,27,change,6,f,0,1013.5575,NA
9009,2,0,28,28,change,6,j,1,1473.3919,NA
9009,2,0,29,29,nochange,6,f,1,653.9535,NA
9009,2,0,30,30,change,6,j,1,1386.7481,NA
9009,2,0,31,31,nochange,6,f,1,3762.8166,NA
9009,2,0,32,32,nochange,6,f,1,1058.554,1
9009,2,0,33,33,nochange,6,f,1,602.4575,NA
9009,2,0,34,34,change,6,j,1,842.1318,NA
9009,2,0,35,35,change,6,j,1,2419.65,NA
9009,2,0,36,36,change,6,f,0,1584.4567,NA
9009,2,0,37,37,nochange,6,f,1,2183.5224,NA
9009,2,0,38,38,change,6,j,1,738.6243,NA
9009,2,0,39,39,nochange,6,j,0,1553.0752,NA
9009,2,0,40,40,change,6,f,0,2465.5748,1
9009,2,0,41,41,nochange,6,j,0,937.8414,NA
9009,2,0,42,42,nochange,6,f,1,840.7649,NA
9009,2,0,43,43,change,6,f,0,1117.0382,NA
9009,2,0,44,44,change,6,f,0,692.5202,NA
9009,2,0,45,45,change,6,f,0,715.5244,NA
9009,2,0,46,46,nochange,6,j,0,760.6269,NA
9009,2,0,47,47,change,6,j,1,776.2478,NA
9009,2,0,48,48,change,6,j,1,791.6814,1
9009,2,0,49,49,nochange,6,f,1,882.5858,NA
9009,2,0,50,50,nochange,6,f,1,617.3162,NA
9009,2,0,51,51,nochange,6,j,0,668.0173,NA
9009,2,0,52,52,change,6,f,0,988.9497,NA
9009,2,0,53,53,change,6,f,0,725.2733,NA
9009,2,0,54,54,change,6,j,1,969.1848,NA
9009,2,0,55,55,change,6,j,1,1392.9035,NA
9009,2,0,56,56,change,6,j,1,842.5227,1
9009,2,0,57,57,nochange,6,f,1,1000.4606,NA
9009,2,0,58,58,change,6,j,1,832.2612,NA
9009,2,0,59,59,change,6,j,1,2060.7919,NA
9009,2,0,60,60,nochange,6,f,1,1779.1348,NA
9010,2,practice,0,1,nochange,6,f,1,0.236499999999,NA
9010,2,practice,0,2,nochange,6,f,1,1616.6396,NA
9010,2,practice,0,3,change,6,j,1,1125.379,NA
9010,2,practice,0,4,nochange,6,f,1,954.1809,NA
9010,2,practice,0,5,nochange,6,f,1,915.7881,NA
9010,2,0,1,1,change,6,j,1,720.8537,NA
9010,2,0,2,2,change,6,j,1,1018.6756,NA
9010,2,0,3,3,nochange,6,f,1,915.906,NA
9010,2,0,4,4,nochange,6,f,1,1166.4472,NA
9010,2,0,5,5,nochange,6,f,1,853.0001,NA
9010,2,0,6,6,nochange,6,j,0,1427.3124,NA
9010,2,0,7,7,nochange,6,f,1,1891.7749,NA
9010,2,0,8,8,nochange,6,f,1,861.4183,1
9010,2,0,9,9,nochange,6,j,0,1539.0627,NA
9010,2,0,10,10,change,6,j,1,809.883,NA
9010,2,0,11,11,change,6,f,0,1205.7928,NA
9010,2,0,12,12,nochange,6,f,1,978.13,NA
9010,2,0,13,13,nochange,6,f,1,767.4267,NA
9010,2,0,14,14,change,6,j,1,1914.1484,NA
9010,2,0,15,15,nochange,6,f,1,1159.5808,NA
9010,2,0,16,16,change,6,f,0,911.5618,1
9010,2,0,17,17,change,6,j,1,922.9201,NA
9010,2,0,18,18,nochange,6,j,0,1016.2847,NA
9010,2,0,19,19,change,6,j,1,1143.6409,NA
9010,2,0,20,20,change,6,j,1,1424.8088,NA
9010,2,0,21,21,change,6,f,0,906.7385,NA
9010,2,0,22,22,nochange,6,j,0,917.0092,NA
9010,2,0,23,23,nochange,6,j,0,1480.6179,NA
9010,2,0,24,24,nochange,6,f,1,923.241,1
9010,2,0,25,25,change,6,f,0,743.6417,NA
9010,2,0,26,26,nochange,6,j,0,899.2187,NA
9010,2,0,27,27,nochange,6,f,1,1041.5196,NA
9010,2,0,28,28,change,6,f,0,2456.4902,NA
9010,2,0,29,29,change,6,f,0,2065.8837,NA
9010,2,0,30,30,nochange,6,f,1,1513.767,NA
9010,2,0,31,31,change,6,f,0,1434.7988,NA
9010,2,0,32,32,nochange,6,j,0,787.8772,2
9010,2,0,33,33,nochange,6,j,0,1166.4511,NA
9010,2,0,34,34,change,6,j,1,2544.0676,NA
9010,2,0,35,35,nochange,6,j,0,1257.6164,NA
9010,2,0,36,36,nochange,6,f,1,965.8853,NA
9010,2,0,37,37,change,6,f,0,1474.1838,NA
9010,2,0,38,38,nochange,6,j,0,581.4818,NA
9010,2,0,39,39,change,6,j,1,1080.0417,NA
9010,2,0,40,40,nochange,6,f,1,1403.2268,2
9010,2,0,41,41,change,6,f,0,907.6166,NA
9010,2,0,42,42,change,6,f,0,1541.1191,NA
9010,2,0,43,43,change,6,f,0,3920.7197,NA
9010,2,0,44,44,change,6,j,1,848.4755,NA
9010,2,0,45,45,nochange,6,f,1,1186.3931,NA
9010,2,0,46,46,change,6,j,1,2219.161,NA
9010,2,0,47,47,change,6,j,1,1143.3957,NA
9010,2,0,48,48,change,6,j,1,783.2787,5
9010,2,0,49,49,nochange,6,f,1,1184.4986,NA
9010,2,0,50,50,change,6,f,0,1458.5997,NA
9010,2,0,51,51,change,6,j,1,1666.7886,NA
9010,2,0,52,52,change,6,f,0,552.9728,NA
9010,2,0,53,53,change,6,j,1,1322.4586,NA
9010,2,0,54,54,nochange,6,f,1,1157.7883,NA
9010,2,0,55,55,nochange,6,f,1,926.1393,NA
9010,2,0,56,56,nochange,6,f,1,1047.6583,2
9010,2,0,57,57,nochange,6,f,1,1143.2093,NA
9010,2,0,58,58,change,6,j,1,826.876,NA
9010,2,0,59,59,change,6,j,1,964.1068,NA
9010,2,0,60,60,nochange,6,j,0,2805.1575,NA
9011,2,practice,0,1,change,6,j,1,2545.1134,NA
9011,2,practice,0,2,nochange,6,j,0,1271.6545,NA
9011,2,practice,0,3,nochange,6,f,1,907.1785,NA
9011,2,practice,0,4,nochange,6,f,1,2407.4828,NA
9011,2,practice,0,5,nochange,6,j,0,1074.27,NA
9011,2,0,1,1,change,6,j,1,1595.4531,NA
9011,2,0,2,2,nochange,6,j,0,1156.608,NA
9011,2,0,3,3,nochange,6,j,0,4.35100000001,NA
9011,2,0,4,4,change,6,f,0,5.71030000001,NA
9011,2,0,5,5,nochange,6,j,0,844.0339,NA
9011,2,0,6,6,nochange,6,j,0,1199.7253,NA
9011,2,0,7,7,nochange,6,f,1,1588.7184,NA
9011,2,0,8,8,nochange,6,f,1,1752.0992,2
9011,2,0,9,9,change,6,j,1,1397.7818,NA
9011,2,0,10,10,change,6,f,0,4.16330000001,NA
9011,2,0,11,11,nochange,6,j,0,6.62240000002,NA
9011,2,0,12,12,nochange,6,f,1,4.04999999999,NA
9011,2,0,13,13,change,6,j,1,3.6593,NA
9011,2,0,14,14,change,6,f,0,4.28519999998,NA
9011,2,0,15,15,nochange,6,j,0,3.73109999998,NA
9011,2,0,16,16,nochange,6,f,1,3.85920000001,1
9011,2,0,17,17,change,6,f,0,1775.0592,NA
9011,2,0,18,18,nochange,6,f,1,692.9343,NA
9011,2,0,19,19,change,6,j,1,1640.2193,NA
9011,2,0,20,20,change,6,f,0,843.6936,NA
9011,2,0,21,21,change,6,f,0,828.1555,NA
9011,2,0,22,22,change,6,f,0,791.599,NA
9011,2,0,23,23,nochange,6,f,1,907.6657,NA
9011,2,0,24,24,nochange,6,f,1,806.7123,2
9011,2,0,25,25,change,6,f,0,3.8394,NA
9011,2,0,26,26,change,6,f,0,4.28960000002,NA
9011,2,0,27,27,change,6,j,1,5.75229999999,NA
9011,2,0,28,28,nochange,6,f,1,4.31769999996,NA
9011,2,0,29,29,nochange,6,j,0,7.55239999993,NA
9011,2,0,30,30,nochange,6,f,1,3.87940000003,NA
9011,2,0,31,31,nochange,6,f,1,4.16950000008,NA
9011,2,0,32,32,change,6,f,0,3.87580000004,2
9011,2,0,33,33,nochange,6,j,0,4.08840000001,NA
9011,2,0,34,34,change,6,f,0,7.47919999994,NA
9011,2,0,35,35,nochange,6,f,1,5.46280000004,NA
9011,2,0,36,36,change,6,j,1,3.94329999998,NA
9011,2,0,37,37,nochange,6,j,0,3.61460000003,NA
9011,2,0,38,38,change,6,f,0,3.39129999996,NA
9011,2,0,39,39,change,6,f,0,3.03490000003,NA
9011,2,0,40,40,change,6,f,0,4.27110000007,3
9011,2,0,41,41,change,6,f,0,4.51730000001,NA
9011,2,0,42,42,nochange,6,f,1,3.97700000001,NA
9011,2,0,43,43,nochange,6,f,1,2.9228,NA
9011,2,0,44,44,change,6,f,0,3.36290000001,NA
9011,2,0,45,45,nochange,6,j,0,4.77610000002,NA
9011,2,0,46,46,change,6,f,0,3.99209999997,NA
9011,2,0,47,47,nochange,6,j,0,3.51189999998,NA
9011,2,0,48,48,nochange,6,f,1,4.00599999999,1
9011,2,0,49,49,nochange,6,f,1,4.18539999996,NA
9011,2,0,50,50,nochange,6,j,0,4.83829999994,NA
9011,2,0,51,51,change,6,f,0,3.2598,NA
9011,2,0,52,52,nochange,6,f,1,6.9461,NA
9011,2,0,53,53,change,6,f,0,3.3651,NA
9011,2,0,54,54,change,6,f,0,4.02390000003,NA
9011,2,0,55,55,change,6,j,1,6.22360000003,NA
9011,2,0,56,56,nochange,6,f,1,2.97090000007,1
9011,2,0,57,57,change,6,f,0,3.41210000002,NA
9011,2,0,58,58,nochange,6,f,1,6.74279999995,NA
9011,2,0,59,59,change,6,f,0,4.13550000003,NA
9011,2,0,60,60,change,6,f,0,2.62710000004,NA
9012,2,practice,0,1,nochange,6,j,0,1870.302,NA
9012,2,practice,0,2,change,6,j,1,1415.1187,NA
9012,2,practice,0,3,nochange,6,f,1,1076.9341,NA
9012,2,practice,0,4,nochange,6,f,1,1151.8603,NA
9012,2,practice,0,5,nochange,6,f,1,985.2822,NA
9012,2,0,1,1,nochange,6,f,1,930.0541,NA
9012,2,0,2,2,nochange,6,f,1,2826.9261,NA
9012,2,0,3,3,change,6,j,1,1238.6935,NA
9012,2,0,4,4,nochange,6,f,1,859.5384,NA
9012,2,0,5,5,nochange,6,f,1,930.132,NA
9012,2,0,6,6,change,6,j,1,1228.5803,NA
9012,2,0,7,7,nochange,6,f,1,1007.6154,NA
9012,2,0,8,8,change,6,f,0,2102.8218,2
9012,2,0,9,9,change,6,j,1,1871.1472,NA
9012,2,0,10,10,change,6,j,1,1215.6277,NA
9012,2,0,11,11,change,6,j,1,1555.5108,NA
9012,2,0,12,12,change,6,f,0,3795.1504,NA
9012,2,0,13,13,change,6,j,1,1027.1724,NA
9012,2,0,14,14,nochange,6,f,1,1327.8831,NA
9012,2,0,15,15,nochange,6,f,1,849.74,NA
9012,2,0,16,16,nochange,6,f,1,4633.8431,1
9012,2,0,17,17,nochange,6,j,0,2582.3423,NA
9012,2,0,18,18,change,6,j,1,2069.8638,NA
9012,2,0,19,19,change,6,j,1,985.8533,NA
9012,2,0,20,20,change,6,j,1,2473.6478,NA
9012,2,0,21,21,nochange,6,f,1,906.1539,NA
9012,2,0,22,22,nochange,6,j,0,1266.5445,NA
9012,2,0,23,23,change,6,j,1,1053.2397,NA
9012,2,0,24,24,change,6,j,1,940.7394,3
9012,2,0,25,25,nochange,6,f,1,2197.355,NA
9012,2,0,26,26,change,6,j,1,4698.4874,NA
9012,2,0,27,27,nochange,6,j,0,2588.6389,NA
9012,2,0,28,28,change,6,j,1,995.1982,NA
9012,2,0,29,29,change,6,j,1,2602.8508,NA
9012,2,0,30,30,change,6,j,1,1270.347,NA
9012,2,0,31,31,nochange,6,f,1,757.4918,NA
9012,2,0,32,32,nochange,6,f,1,1003.1549,1
9012,2,0,33,33,change,6,j,1,1065.5328,NA
9012,2,0,34,34,change,6,f,0,3400.7672,NA
9012,2,0,35,35,nochange,6,f,1,1219.7673,NA
9012,2,0,36,36,change,6,j,1,1235.3788,NA
9012,2,0,37,37,nochange,6,f,1,1173.558,NA
9012,2,0,38,38,change,6,j,1,1105.703,NA
9012,2,0,39,39,change,6,j,1,921.3568,NA
9012,2,0,40,40,nochange,6,f,1,946.7564,1
9012,2,0,41,41,nochange,6,f,1,863.2545,NA
9012,2,0,42,42,change,6,j,1,1214.4241,NA
9012,2,0,43,43,nochange,6,f,1,1078.6128,NA
9012,2,0,44,44,change,6,j,1,2599.795,NA
9012,2,0,45,45,nochange,6,f,1,2069.7168,NA
9012,2,0,46,46,change,6,j,1,1197.8608,NA
9012,2,0,47,47,nochange,6,f,1,1338.3677,NA
9012,2,0,48,48,change,6,j,1,3911.0387,1
9012,2,0,49,49,change,6,j,1,1002.5588,NA
9012,2,0,50,50,nochange,6,f,1,1050.0225,NA
9012,2,0,51,51,nochange,6,j,0,1908.2658,NA
9012,2,0,52,52,nochange,6,j,0,1169.0072,NA
9012,2,0,53,53,nochange,6,f,1,779.4081,NA
9012,2,0,54,54,nochange,6,f,1,805.4534,NA
9012,2,0,55,55,change,6,f,0,2464.6613,NA
9012,2,0,56,56,nochange,6,f,1,788.2456,1
9012,2,0,57,57,nochange,6,j,0,5664.2182,NA
9012,2,0,58,58,nochange,6,f,1,967.9415,NA
9012,2,0,59,59,change,6,j,1,1049.5838,NA
9012,2,0,60,60,change,6,j,1,1274.0316,NA
9013,2,practice,0,1,change,6,j,1,1259.184,NA
9013,2,practice,0,2,nochange,6,f,1,2484.737,NA
9013,2,practice,0,3,change,6,j,1,791.8159,NA
9013,2,practice,0,4,nochange,6,f,1,1537.6738,NA
9013,2,practice,0,5,change,6,j,1,1288.3356,NA
9013,2,0,1,1,change,6,f,0,2463.7334,NA
9013,2,0,2,2,nochange,6,f,1,1234.9586,NA
9013,2,0,3,3,change,6,f,0,1663.9329,NA
9013,2,0,4,4,change,6,j,1,701.6943,NA
9013,2,0,5,5,nochange,6,f,1,1313.1204,NA
9013,2,0,6,6,change,6,j,1,1023.5336,NA
9013,2,0,7,7,change,6,j,1,1975.0465,NA
9013,2,0,8,8,change,6,f,0,1082.8484,2
9013,2,0,9,9,change,6,f,0,1270.0556,NA
9013,2,0,10,10,nochange,6,j,0,1950.0137,NA
9013,2,0,11,11,change,6,f,0,1091.7198,NA
9013,2,0,12,12,change,6,f,0,1053.2734,NA
9013,2,0,13,13,change,6,j,1,1293.9992,NA
9013,2,0,14,14,change,6,f,0,1547.716,NA
9013,2,0,15,15,nochange,6,f,1,3.3818,NA
9013,2,0,16,16,change,6,j,1,1442.6767,5
9013,2,0,17,17,change,6,j,1,1256.5294,NA
9013,2,0,18,18,nochange,6,f,1,2822.6039,NA
9013,2,0,19,19,nochange,6,f,1,1977.2746,NA
9013,2,0,20,20,nochange,6,f,1,1039.7082,NA
9013,2,0,21,21,change,6,j,1,1000.8353,NA
9013,2,0,22,22,change,6,f,0,1474.3123,NA
9013,2,0,23,23,nochange,6,f,1,1576.1065,NA
9013,2,0,24,24,nochange,6,j,0,1224.1507,5
9013,2,0,25,25,change,6,j,1,1339.5013,NA
9013,2,0,26,26,nochange,6,j,0,1191.0885,NA
9013,2,0,27,27,nochange,6,f,1,2100.6347,NA
9013,2,0,28,28,nochange,6,j,0,2248.1309,NA
9013,2,0,29,29,nochange,6,f,1,1700.2461,NA
9013,2,0,30,30,nochange,6,f,1,1483.8739,NA
9013,2,0,31,31,nochange,6,f,1,1287.4153,NA
9013,2,0,32,32,change,6,j,1,1691.1303,5
9013,2,0,33,33,nochange,6,f,1,2922.4132,NA
9013,2,0,34,34,change,6,j,1,2105.6617,NA
9013,2,0,35,35,change,6,f,0,982.4293,NA
9013,2,0,36,36,nochange,6,f,1,1551.799,NA
9013,2,0,37,37,nochange,6,f,1,1548.7657,NA
9013,2,0,38,38,change,6,f,0,1173.1173,NA
9013,2,0,39,39,nochange,6,f,1,1729.754,NA
9013,2,0,40,40,change,6,j,1,6690.4617,5
9013,2,0,41,41,nochange,6,f,1,1482.5498,NA
9013,2,0,42,42,change,6,f,0,3458.6527,NA
9013,2,0,43,43,nochange,6,f,1,6039.1265,NA
9013,2,0,44,44,change,6,f,0,5674.644,NA
9013,2,0,45,45,change,6,j,1,1668.3148,NA
9013,2,0,46,46,nochange,6,f,1,1135.7511,NA
9013,2,0,47,47,change,6,j,1,885.1796,NA
9013,2,0,48,48,nochange,6,f,1,6015.8072,5
9013,2,0,49,49,change,6,f,0,1195.4115,NA
9013,2,0,50,50,nochange,6,j,0,2942.2822,NA
9013,2,0,51,51,change,6,f,0,16784.6181,NA
9013,2,0,52,52,nochange,6,f,1,3526.6708,NA
9013,2,0,53,53,change,6,j,1,1233.6766,NA
9013,2,0,54,54,nochange,6,f,1,14009.9126,NA
9013,2,0,55,55,nochange,6,f,1,1258.4072,NA
9013,2,0,56,56,nochange,6,f,1,2175.0393,5
9013,2,0,57,57,change,6,f,0,2518.7115,NA
9013,2,0,58,58,nochange,6,f,1,1172.3343,NA
9013,2,0,59,59,change,6,j,1,972.1283,NA
9013,2,0,60,60,nochange,6,f,1,1885.3918,NA
9014,2,practice,0,1,nochange,6,f,1,2597.6827,NA
9014,2,practice,0,2,change,6,j,1,1338.5858,NA
9014,2,practice,0,3,change,6,f,0,962.0328,NA
9014,2,practice,0,4,change,6,j,1,1591.4364,NA
9014,2,practice,0,5,nochange,6,f,1,1439.3381,NA
9014,2,0,1,1,change,6,j,1,2007.0281,NA
9014,2,0,2,2,change,6,f,0,3521.6793,NA
9014,2,0,3,3,change,6,j,1,1279.0099,NA
9014,2,0,4,4,change,6,j,1,1608.7707,NA
9014,2,0,5,5,change,6,j,1,1119.7517,NA
9014,2,0,6,6,nochange,6,f,1,927.981,NA
9014,2,0,7,7,change,6,f,0,1556.5295,NA
9014,2,0,8,8,change,6,j,1,1285.9452000000001,2
9014,2,0,9,9,nochange,6,f,1,1178.3235,NA
9014,2,0,10,10,nochange,6,f,1,1082.3283,NA
9014,2,0,11,11,change,6,j,1,805.2799,NA
9014,2,0,12,12,change,6,f,0,3814.0156,NA
9014,2,0,13,13,change,6,j,1,945.2324,NA
9014,2,0,14,14,nochange,6,f,1,987.752,NA
9014,2,0,15,15,nochange,6,f,1,1792.7513,NA
9014,2,0,16,16,change,6,j,1,974.6594,1
9014,2,0,17,17,change,6,j,1,751.1787,NA
9014,2,0,18,18,nochange,6,f,1,2068.2549,NA
9014,2,0,19,19,change,6,j,1,1108.5705,NA
9014,2,0,20,20,nochange,6,f,1,737.4635,NA
9014,2,0,21,21,nochange,6,f,1,1341.9917,NA
9014,2,0,22,22,change,6,f,0,848.7842,NA
9014,2,0,23,23,change,6,f,0,1062.7465,NA
9014,2,0,24,24,nochange,6,j,0,975.7354,1
9014,2,0,25,25,change,6,j,1,4531.5519,NA
9014,2,0,26,26,nochange,6,f,1,1142.84,NA
9014,2,0,27,27,nochange,6,f,1,936.0246,NA
9014,2,0,28,28,nochange,6,f,1,8119.6247,NA
9014,2,0,29,29,change,6,j,1,692.3066,NA
9014,2,0,30,30,change,6,j,1,804.0153,NA
9014,2,0,31,31,change,6,j,1,567.2063,NA
9014,2,0,32,32,nochange,6,f,1,606.5893,1
9014,2,0,33,33,nochange,6,j,0,659.3468,NA
9014,2,0,34,34,change,6,j,1,2537.7096,NA
9014,2,0,35,35,change,6,j,1,2888.6431,NA
9014,2,0,36,36,change,6,f,0,4951.3956,NA
9014,2,0,37,37,nochange,6,f,1,877.1672,NA
9014,2,0,38,38,nochange,6,f,1,840.5335,NA
9014,2,0,39,39,nochange,6,f,1,1360.7118,NA
9014,2,0,40,40,nochange,6,f,1,1009.2884,1
9014,2,0,41,41,nochange,6,f,1,2001.3729,NA
9014,2,0,42,42,change,6,f,0,5224.3767,NA
9014,2,0,43,43,nochange,6,f,1,1077.5203,NA
9014,2,0,44,44,change,6,j,1,709.1902,NA
9014,2,0,45,45,change,6,j,1,739.0451,NA
9014,2,0,46,46,nochange,6,f,1,1003.2248,NA
9014,2,0,47,47,change,6,j,1,853.8763,NA
9014,2,0,48,48,nochange,6,f,1,2030.9099,2
9014,2,0,49,49,change,6,j,1,626.1354,NA
9014,2,0,50,50,nochange,6,f,1,2595.2137,NA
9014,2,0,51,51,change,6,j,1,1032.7373,NA
9014,2,0,52,52,change,6,j,1,2096.8024,NA
9014,2,0,53,53,nochange,6,f,1,639.9571,NA
9014,2,0,54,54,nochange,6,f,1,867.2152,NA
9014,2,0,55,55,change,6,j,1,1128.4605,NA
9014,2,0,56,56,nochange,6,f,1,848.6048,1
9014,2,0,57,57,nochange,6,f,1,1383.3514,NA
9014,2,0,58,58,nochange,6,f,1,5719.8787,NA
9014,2,0,59,59,nochange,6,f,1,807.0672,NA
9014,2,0,60,60,nochange,6,j,0,3409.1576,NA
9015,2,practice,0,1,change,6,f,0,1756.5203,NA
9015,2,practice,0,2,nochange,6,f,1,1009.2873,NA
9015,2,practice,0,3,nochange,6,f,1,1208.4561,NA
9015,2,practice,0,4,nochange,6,j,0,1054.2819,NA
9015,2,practice,0,5,nochange,6,f,1,1085.67,NA
9015,2,0,1,1,change,6,f,0,1186.7868,NA
9015,2,0,2,2,nochange,6,j,0,1744.4997,NA
9015,2,0,3,3,nochange,6,f,1,965.3111,NA
9015,2,0,4,4,change,6,j,1,987.3538,NA
9015,2,0,5,5,nochange,6,f,1,1196.2558,NA
9015,2,0,6,6,change,6,f,0,1411.2933,NA
9015,2,0,7,7,nochange,6,f,1,1655.6812,NA
9015,2,0,8,8,nochange,6,f,1,2077.2163,1
9015,2,0,9,9,nochange,6,j,0,1113.2501,NA
9015,2,0,10,10,change,6,j,1,2447.7881,NA
9015,2,0,11,11,nochange,6,f,1,1322.3776,NA
9015,2,0,12,12,change,6,f,0,2194.6001,NA
9015,2,0,13,13,nochange,6,f,1,2191.4669,NA
9015,2,0,14,14,change,6,j,1,1045.9688,NA
9015,2,0,15,15,change,6,j,1,3410.9532,NA
9015,2,0,16,16,change,6,f,0,1516.2149,1
9015,2,0,17,17,change,6,f,0,1823.165,NA
9015,2,0,18,18,nochange,6,j,0,3337.8268,NA
9015,2,0,19,19,change,6,f,0,3364.0801,NA
9015,2,0,20,20,nochange,6,f,1,1061.5814,NA
9015,2,0,21,21,nochange,6,f,1,893.1729,NA
9015,2,0,22,22,nochange,6,f,1,889.3179,NA
9015,2,0,23,23,change,6,f,0,1457.1674,NA
9015,2,0,24,24,change,6,j,1,1795.7857,1
9015,2,0,25,25,change,6,f,0,3827.0132,NA
9015,2,0,26,26,change,6,j,1,1228.7555,NA
9015,2,0,27,27,nochange,6,j,0,4450.8916,NA
9015,2,0,28,28,nochange,6,f,1,2379.5511,NA
9015,2,0,29,29,change,6,j,1,1447.4226,NA
9015,2,0,30,30,change,6,j,1,1073.1722,NA
9015,2,0,31,31,change,6,j,1,950.6737,NA
9015,2,0,32,32,change,6,j,1,3667.3767,1
9015,2,0,33,33,nochange,6,j,0,911.2176,NA
9015,2,0,34,34,nochange,6,f,1,2560.5655,NA
9015,2,0,35,35,nochange,6,f,1,1468.9634,NA
9015,2,0,36,36,change,6,j,1,1998.7086,NA
9015,2,0,37,37,change,6,j,1,2400.3134,NA
9015,2,0,38,38,nochange,6,f,1,867.6263,NA
9015,2,0,39,39,nochange,6,f,1,2099.2714,NA
9015,2,0,40,40,nochange,6,f,1,2056.5015,1
9015,2,0,41,41,change,6,j,1,1266.8201,NA
9015,2,0,42,42,nochange,6,f,1,1019.916,NA
9015,2,0,43,43,nochange,6,f,1,1042.2683,NA
9015,2,0,44,44,change,6,f,0,3956.2466,NA
9015,2,0,45,45,change,6,j,1,1104.9387,NA
9015,2,0,46,46,nochange,6,f,1,1565.3605,NA
9015,2,0,47,47,change,6,j,1,2742.8453,NA
9015,2,0,48,48,nochange,6,f,1,1955.965,1
9015,2,0,49,49,change,6,j,1,3463.1118,NA
9015,2,0,50,50,nochange,6,f,1,1083.398,NA
9015,2,0,51,51,change,6,j,1,1250.2145,NA
9015,2,0,52,52,nochange,6,f,1,1526.061,NA
9015,2,0,53,53,nochange,6,f,1,1098.0267,NA
9015,2,0,54,54,change,6,j,1,2159.7163,NA
9015,2,0,55,55,nochange,6,f,1,1167.5652,NA
9015,2,0,56,56,change,6,f,0,1900.7914,1
9015,2,0,57,57,change,6,j,1,897.1592,NA
9015,2,0,58,58,change,6,j,1,1194.7611,NA
9015,2,0,59,59,nochange,6,f,1,2334.2991,NA
9015,2,0,60,60,nochange,6,j,0,4255.3755,NA
9016,2,practice,0,1,change,6,j,1,3294.0977,NA
9016,2,practice,0,2,change,6,f,0,2564.3603,NA
9016,2,practice,0,3,nochange,6,j,0,1157.802,NA
9016,2,practice,0,4,change,6,j,1,1411.1428,NA
9016,2,practice,0,5,change,6,j,1,2197.0422,NA
9016,2,0,1,1,change,6,j,1,1883.4251,NA
9016,2,0,2,2,nochange,6,f,1,1490.6782,NA
9016,2,0,3,3,change,6,j,1,991.285,NA
9016,2,0,4,4,nochange,6,j,0,2738.1909,NA
9016,2,0,5,5,nochange,6,f,1,1794.1655,NA
9016,2,0,6,6,change,6,f,0,1042.2936,NA
9016,2,0,7,7,change,6,j,1,1215.7203,NA
9016,2,0,8,8,nochange,6,f,1,794.0691,3
9016,2,0,9,9,change,6,f,0,657.4284,NA
9016,2,0,10,10,nochange,6,j,0,1962.2546,NA
9016,2,0,11,11,change,6,f,0,800.348,NA
9016,2,0,12,12,nochange,6,f,1,1628.3341,NA
9016,2,0,13,13,change,6,f,0,1622.7204,NA
9016,2,0,14,14,change,6,f,0,1665.2624,NA
9016,2,0,15,15,nochange,6,f,1,2580.967,NA
9016,2,0,16,16,change,6,j,1,3922.2549,2
9016,2,0,17,17,nochange,6,j,0,1303.2472,NA
9016,2,0,18,18,nochange,6,f,1,1160.5445,NA
9016,2,0,19,19,change,6,f,0,5.00330000001,NA
9016,2,0,20,20,change,6,j,1,1571.084,NA
9016,2,0,21,21,nochange,6,f,1,4975.3778,NA
9016,2,0,22,22,change,6,j,1,725.8437,NA
9016,2,0,23,23,change,6,f,0,770.2433,NA
9016,2,0,24,24,nochange,6,j,0,747.9916,3
9016,2,0,25,25,nochange,6,f,1,739.6384,NA
9016,2,0,26,26,nochange,6,f,1,2119.193,NA
9016,2,0,27,27,nochange,6,j,0,646.9273,NA
9016,2,0,28,28,change,6,j,1,4.05540000001,NA
9016,2,0,29,29,change,6,f,0,10.3681,NA
9016,2,0,30,30,nochange,6,f,1,1234.4571,NA
9016,2,0,31,31,change,6,j,1,931.4064,NA
9016,2,0,32,32,change,6,j,1,2054.6266,3
9016,2,0,33,33,change,6,j,1,7254.1547,NA
9016,2,0,34,34,change,6,f,0,1815.3639,NA
9016,2,0,35,35,change,6,f,0,5780.9113,NA
9016,2,0,36,36,nochange,6,j,0,15.5203,NA
9016,2,0,37,37,nochange,6,f,1,1661.0162,NA
9016,2,0,38,38,nochange,6,f,1,1519.1946,NA
9016,2,0,39,39,nochange,6,j,0,4068.7637,NA
9016,2,0,40,40,nochange,6,f,1,1153.6945,3
9016,2,0,41,41,nochange,6,j,0,6114.9056,NA
9016,2,0,42,42,nochange,6,j,0,7.71050000004,NA
9016,2,0,43,43,nochange,6,f,1,4.14639999997,NA
9016,2,0,44,44,change,6,f,0,1925.7706,NA
9016,2,0,45,45,nochange,6,j,0,2.82200000004,NA
9016,2,0,46,46,change,6,f,0,3000.6855,NA
9016,2,0,47,47,change,6,f,0,833.4934,NA
9016,2,0,48,48,nochange,6,f,1,690.3095,3
9016,2,0,49,49,change,6,f,0,3.71129999997,NA
9016,2,0,50,50,change,6,j,1,3.90989999997,NA
9016,2,0,51,51,nochange,6,f,1,11078.5117,NA
9016,2,0,52,52,change,6,f,0,25954.2345,NA
9016,2,0,53,53,nochange,6,j,0,6.12320000003,NA
9016,2,0,54,54,change,6,f,0,6.35350000008,NA
9016,2,0,55,55,nochange,6,j,0,3.22019999998,NA
9016,2,0,56,56,change,6,f,0,4.07380000001,3
9016,2,0,57,57,change,6,f,0,9291.1078,NA
9016,2,0,58,58,change,6,f,0,6.12529999996,NA
9016,2,0,59,59,nochange,6,f,1,5.33059999999,NA
9016,2,0,60,60,nochange,6,j,0,1115.2427,NA
9017,2,practice,0,1,change,6,f,0,0.329799999992,NA
9017,2,practice,0,2,nochange,6,j,0,0.3874,NA
9017,2,practice,0,3,nochange,6,j,0,0.462500000009,NA
9017,2,practice,0,4,change,6,f,0,0.344699999994,NA
9017,2,practice,0,5,change,6,j,1,1653.4137,NA
9017,2,0,1,1,change,6,f,0,18.8473,NA
9017,2,0,2,2,nochange,6,j,0,6.6446,NA
9017,2,0,3,3,change,6,j,1,7.6238,NA
9017,2,0,4,4,change,6,f,0,6.21859999999,NA
9017,2,0,5,5,nochange,6,f,1,7.1925,NA
9017,2,0,6,6,change,6,j,1,7.26509999999,NA
9017,2,0,7,7,change,6,f,0,6.29710000001,NA
9017,2,0,8,8,nochange,6,j,0,10.2132,5
9017,2,0,9,9,nochange,6,j,0,7.26129999998,NA
9017,2,0,10,10,nochange,6,f,1,7.56409999999,NA
9017,2,0,11,11,change,6,j,1,2.95610000001,NA
9017,2,0,12,12,change,6,f,0,7518.0764,NA
9017,2,0,13,13,nochange,6,f,1,863.1628,NA
9017,2,0,14,14,nochange,6,j,0,874.8586,NA
9017,2,0,15,15,change,6,f,0,3.9705,NA
9017,2,0,16,16,change,6,j,1,719.4161,5
9017,2,0,17,17,nochange,6,f,1,19.923,NA
9017,2,0,18,18,change,6,j,1,7.48629999999,NA
9017,2,0,19,19,nochange,6,j,0,6.3567,NA
9017,2,0,20,20,nochange,6,j,0,5375.2902,NA
9017,2,0,21,21,change,6,f,0,658.1962,NA
9017,2,0,22,22,change,6,j,1,6.26949999999,NA
9017,2,0,23,23,change,6,f,0,4369.402,NA
9017,2,0,24,24,change,6,j,1,5.15489999999,4
9017,2,0,25,25,change,6,f,0,486.3399,NA
9017,2,0,26,26,nochange,6,j,0,10.1286000001,NA
9017,2,0,27,27,change,6,f,0,480.1048,NA
9017,2,0,28,28,nochange,6,j,0,6.0564,NA
9017,2,0,29,29,change,6,f,0,2.74080000003,NA
9017,2,0,30,30,nochange,6,f,1,6.67930000002,NA
9017,2,0,31,31,change,6,j,1,7.29230000003,NA
9017,2,0,32,32,change,6,f,0,6.48390000005,3
9017,2,0,33,33,nochange,6,f,1,5.8272,NA
9017,2,0,34,34,nochange,6,j,0,4.14060000004,NA
9017,2,0,35,35,nochange,6,j,0,3.73290000006,NA
9017,2,0,36,36,change,6,f,0,5.10459999996,NA
9017,2,0,37,37,nochange,6,j,0,5.34480000002,NA
9017,2,0,38,38,nochange,6,f,1,7.73999999999,NA
9017,2,0,39,39,nochange,6,j,0,2.60220000002,NA
9017,2,0,40,40,nochange,6,f,1,9.56300000002,3
9017,2,0,41,41,change,6,j,1,13.3408,NA
9017,2,0,42,42,change,6,f,0,4.14620000002,NA
9017,2,0,43,43,nochange,6,j,0,8.00020000001,NA
9017,2,0,44,44,nochange,6,j,0,2.83059999999,NA
9017,2,0,45,45,change,6,j,1,615.5574,NA
9017,2,0,46,46,nochange,6,f,1,5.95160000003,NA
9017,2,0,47,47,nochange,6,j,0,5.93440000003,NA
9017,2,0,48,48,change,6,f,0,6.12930000003,2
9017,2,0,49,49,change,6,f,0,7.51739999995,NA
9017,2,0,50,50,change,6,j,1,3.81479999993,NA
9017,2,0,51,51,nochange,6,f,1,4.62170000002,NA
9017,2,0,52,52,nochange,6,j,0,8.3959,NA
9017,2,0,53,53,change,6,f,0,4.78749999998,NA
9017,2,0,54,54,change,6,j,1,10.8004,NA
9017,2,0,55,55,nochange,6,f,1,5.18040000007,NA
9017,2,0,56,56,nochange,6,j,0,8.52039999998,5
9017,2,0,57,57,change,6,f,0,3.40130000003,NA
9017,2,0,58,58,nochange,6,j,0,8.17910000001,NA
9017,2,0,59,59,nochange,6,f,1,2.77460000006,NA
9017,2,0,60,60,change,6,j,1,6.21840000001,NA
9018,2,practice,0,1,nochange,6,j,0,1309.6725,NA
9018,2,practice,0,2,nochange,6,f,1,1018.4595,NA
9018,2,practice,0,3,change,6,j,1,1203.2754,NA
9018,2,practice,0,4,change,6,j,1,1238.1178,NA
9018,2,practice,0,5,nochange,6,f,1,421.4392,NA
9018,2,0,1,1,nochange,6,f,1,980.1911,NA
9018,2,0,2,2,change,6,f,0,2252.4447,NA
9018,2,0,3,3,nochange,6,j,0,2756.8263,NA
9018,2,0,4,4,nochange,6,f,1,895.3147,NA
9018,2,0,5,5,change,6,j,1,1443.6429,NA
9018,2,0,6,6,change,6,f,0,1940.6673,NA
9018,2,0,7,7,nochange,6,f,1,1559.468,NA
9018,2,0,8,8,change,6,j,1,3479.9008,5
9018,2,0,9,9,change,6,j,1,1840.7117,NA
9018,2,0,10,10,change,6,f,0,1963.232,NA
9018,2,0,11,11,change,6,f,0,1435.3305,NA
9018,2,0,12,12,nochange,6,f,1,1431.0783,NA
9018,2,0,13,13,change,6,j,1,1044.5249,NA
9018,2,0,14,14,change,6,j,1,961.4497,NA
9018,2,0,15,15,nochange,6,f,1,2442.4204,NA
9018,2,0,16,16,change,6,j,1,1654.3272,4
9018,2,0,17,17,change,6,f,0,2534.8349,NA
9018,2,0,18,18,nochange,6,j,0,1555.4991,NA
9018,2,0,19,19,change,6,f,0,2354.8707,NA
9018,2,0,20,20,nochange,6,f,1,2495.7085,NA
9018,2,0,21,21,change,6,j,1,653.5246,NA
9018,2,0,22,22,change,6,f,0,5278.4545,NA
9018,2,0,23,23,nochange,6,f,1,3816.7456,NA
9018,2,0,24,24,nochange,6,j,0,3872.9631,3
9018,2,0,25,25,nochange,6,f,1,1226.3504,NA
9018,2,0,26,26,change,6,f,0,8267.4122,NA
9018,2,0,27,27,nochange,6,j,0,2401.799,NA
9018,2,0,28,28,change,6,j,1,10303.0209,NA
9018,2,0,29,29,nochange,6,f,1,898.0995,NA
9018,2,0,30,30,nochange,6,j,0,1429.4837,NA
9018,2,0,31,31,change,6,f,0,1579.8414,NA
9018,2,0,32,32,nochange,6,j,0,6165.0957,3
9018,2,0,33,33,change,6,j,1,9678.9049,NA
9018,2,0,34,34,nochange,6,j,0,10453.1117,NA
9018,2,0,35,35,nochange,6,f,1,13178.1314,NA
9018,2,0,36,36,nochange,6,f,1,13364.6021,NA
9018,2,0,37,37,change,6,f,0,446.8319,NA
9018,2,0,38,38,nochange,6,f,1,9262.3923,NA
9018,2,0,39,39,nochange,6,f,1,5132.4976,NA
9018,2,0,40,40,nochange,6,j,0,1242.6027,3
9018,2,0,41,41,nochange,6,j,0,1394.8732,NA
9018,2,0,42,42,change,6,f,0,6302.1658,NA
9018,2,0,43,43,nochange,6,j,0,10630.1946,NA
9018,2,0,44,44,nochange,6,f,1,2666.4375,NA
9018,2,0,45,45,nochange,6,f,1,12313.4067,NA
9018,2,0,46,46,change,6,j,1,6190.6907,NA
9018,2,0,47,47,change,6,f,0,30100.9605,NA
9018,2,0,48,48,nochange,6,f,1,6129.3395,5
9018,2,0,49,49,nochange,6,f,1,7.01500000001,NA
9018,2,0,50,50,change,6,j,1,8238.9678,NA
9018,2,0,51,51,nochange,6,j,0,15727.3005,NA
9018,2,0,52,52,change,6,j,1,1618.3764,NA
9018,2,0,53,53,change,6,f,0,1299.8626,NA
9018,2,0,54,54,change,6,j,1,15641.734,NA
9018,2,0,55,55,change,6,f,0,520.5267,NA
9018,2,0,56,56,change,6,f,0,28027.9919,5
9018,2,0,57,57,change,6,f,0,6.85349999997,NA
9018,2,0,58,58,change,6,f,0,4.74419999996,NA
9018,2,0,59,59,nochange,6,j,0,7.4824000001,NA
9018,2,0,60,60,nochange,6,f,1,4761.2826,NA
9019,2,practice,0,1,nochange,6,j,0,1506.8459,NA
9019,2,practice,0,2,nochange,6,f,1,838.8985,NA
9019,2,practice,0,3,change,6,j,1,1408.4174,NA
9019,2,practice,0,4,change,6,j,1,857.4651,NA
9019,2,practice,0,5,change,6,j,1,831.3288,NA
9019,2,0,1,1,change,6,j,1,4923.0883,NA
9019,2,0,2,2,nochange,6,f,1,2441.0365,NA
9019,2,0,3,3,nochange,6,f,1,737.6954,NA
9019,2,0,4,4,change,6,j,1,3364.8113,NA
9019,2,0,5,5,change,6,j,1,1088.1815,NA
9019,2,0,6,6,nochange,6,f,1,1359.5804,NA
9019,2,0,7,7,change,6,f,0,2819.3242,NA
9019,2,0,8,8,nochange,6,f,1,743.2968,1
9019,2,0,9,9,change,6,j,1,1128.8608,NA
9019,2,0,10,10,nochange,6,f,1,897.5926,NA
9019,2,0,11,11,nochange,6,f,1,628.8831,NA
9019,2,0,12,12,nochange,6,f,1,1121.1204,NA
9019,2,0,13,13,nochange,6,f,1,761.7916,NA
9019,2,0,14,14,nochange,6,f,1,1146.6413,NA
9019,2,0,15,15,change,6,f,0,839.3179,NA
9019,2,0,16,16,nochange,6,f,1,3904.528,1
9019,2,0,17,17,nochange,6,f,1,2221.3028,NA
9019,2,0,18,18,change,6,j,1,1848.5141,NA
9019,2,0,19,19,change,6,j,1,2299.7772,NA
9019,2,0,20,20,change,6,j,1,3590.3543,NA
9019,2,0,21,21,nochange,6,f,1,512.0602,NA
9019,2,0,22,22,change,6,f,0,3036.7355,NA
9019,2,0,23,23,nochange,6,f,1,3520.8957,NA
9019,2,0,24,24,nochange,6,f,1,966.5148,1
9019,2,0,25,25,nochange,6,f,1,1554.4125,NA
9019,2,0,26,26,change,6,j,1,1746.6883,NA
9019,2,0,27,27,change,6,f,0,2629.2406,NA
9019,2,0,28,28,change,6,f,0,876.5431,NA
9019,2,0,29,29,nochange,6,f,1,743.0265,NA
9019,2,0,30,30,change,6,j,1,1892.5596,NA
9019,2,0,31,31,nochange,6,f,1,954.0847,NA
9019,2,0,32,32,change,6,j,1,8667.7816,3
9019,2,0,33,33,change,6,f,0,775.0614,NA
9019,2,0,34,34,nochange,6,f,1,1205.0341,NA
9019,2,0,35,35,change,6,j,1,740.1246,NA
9019,2,0,36,36,change,6,f,0,1649.5498,NA
9019,2,0,37,37,nochange,6,f,1,724.4478,NA
9019,2,0,38,38,change,6,f,0,1390.0643,NA
9019,2,0,39,39,nochange,6,f,1,1012.1053,NA
9019,2,0,40,40,nochange,6,f,1,1310.811,1
9019,2,0,41,41,change,6,f,0,1358.9003,NA
9019,2,0,42,42,nochange,6,f,1,2403.0785,NA
9019,2,0,43,43,change,6,j,1,1941.1113,NA
9019,2,0,44,44,nochange,6,f,1,997.5304,NA
9019,2,0,45,45,nochange,6,f,1,1711.7113,NA
9019,2,0,46,46,change,6,j,1,905.7612,NA
9019,2,0,47,47,nochange,6,f,1,1572.6231,NA
9019,2,0,48,48,nochange,6,f,1,917.0427,1
9019,2,0,49,49,nochange,6,f,1,1162.4627,NA
9019,2,0,50,50,change,6,j,1,751.6145,NA
9019,2,0,51,51,change,6,j,1,1025.0581,NA
9019,2,0,52,52,change,6,j,1,1067.995,NA
9019,2,0,53,53,change,6,j,1,2698.6878,NA
9019,2,0,54,54,nochange,6,f,1,732.833,NA
9019,2,0,55,55,change,6,j,1,1060.2637,NA
9019,2,0,56,56,nochange,6,f,1,1895.4465,1
9019,2,0,57,57,change,6,f,0,1288.4842,NA
9019,2,0,58,58,change,6,j,1,1022.9771,NA
9019,2,0,59,59,nochange,6,f,1,1079.2609,NA
9019,2,0,60,60,change,6,j,1,1037.5685,NA
9020,2,practice,0,1,change,6,f,0,2975.6457,NA
9020,2,practice,0,2,nochange,6,f,1,1380.0567,NA
9020,2,practice,0,3,change,6,f,0,2969.8643,NA
9020,2,practice,0,4,nochange,6,f,1,1666.1294,NA
9020,2,practice,0,5,change,6,f,0,1098.3641,NA
9020,2,0,1,1,nochange,6,f,1,928.4008,NA
9020,2,0,2,2,change,6,j,1,2442.8017,NA
9020,2,0,3,3,nochange,6,f,1,643.9475,NA
9020,2,0,4,4,change,6,j,1,1085.2335,NA
9020,2,0,5,5,nochange,6,f,1,917.6326,NA
9020,2,0,6,6,change,6,j,1,900.554,NA
9020,2,0,7,7,nochange,6,f,1,1472.9734,NA
9020,2,0,8,8,nochange,6,f,1,731.6997,5
9020,2,0,9,9,nochange,6,f,1,855.0224,NA
9020,2,0,10,10,nochange,6,f,1,899.7603,NA
9020,2,0,11,11,nochange,6,f,1,1071.3794,NA
9020,2,0,12,12,nochange,6,f,1,928.2719,NA
9020,2,0,13,13,change,6,j,1,1368.4464,NA
9020,2,0,14,14,change,6,f,0,980.7327,NA
9020,2,0,15,15,nochange,6,j,0,1977.6209,NA
9020,2,0,16,16,change,6,j,1,1549.4436,3
9020,2,0,17,17,nochange,6,f,1,726.2615,NA
9020,2,0,18,18,nochange,6,f,1,1033.966,NA
9020,2,0,19,19,change,6,j,1,1059.9888,NA
9020,2,0,20,20,change,6,j,1,1094.0209,NA
9020,2,0,21,21,nochange,6,f,1,709.42,NA
9020,2,0,22,22,change,6,f,0,1273.5816,NA
9020,2,0,23,23,nochange,6,f,1,782.9708,NA
9020,2,0,24,24,change,6,j,1,1003.5828,2
9020,2,0,25,25,change,6,f,0,691.2227,NA
9020,2,0,26,26,nochange,6,f,1,1034.7575,NA
9020,2,0,27,27,change,6,j,1,928.8205,NA
9020,2,0,28,28,nochange,6,j,0,1484.0612,NA
9020,2,0,29,29,change,6,f,0,1352.297,NA
9020,2,0,30,30,nochange,6,f,1,1340.7179,NA
9020,2,0,31,31,change,6,f,0,1266.7908,NA
9020,2,0,32,32,nochange,6,f,1,914.156,3
9020,2,0,33,33,change,6,f,0,1574.0276,NA
9020,2,0,34,34,nochange,6,j,0,5270.1807,NA
9020,2,0,35,35,nochange,6,j,0,1527.3495,NA
9020,2,0,36,36,change,6,j,1,1109.8438,NA
9020,2,0,37,37,change,6,j,1,1073.9758,NA
9020,2,0,38,38,nochange,6,f,1,1529.6812,NA
9020,2,0,39,39,change,6,f,0,1014.8189,NA
9020,2,0,40,40,change,6,f,0,959.3954,3
9020,2,0,41,41,change,6,j,1,1158.1654,NA
9020,2,0,42,42,nochange,6,f,1,2554.4095,NA
9020,2,0,43,43,nochange,6,f,1,1046.3518,NA
9020,2,0,44,44,change,6,j,1,2243.49,NA
9020,2,0,45,45,change,6,j,1,1361.2566,NA
9020,2,0,46,46,nochange,6,j,0,1117.0947,NA
9020,2,0,47,47,nochange,6,f,1,1946.1072,NA
9020,2,0,48,48,change,6,f,0,3280.0658,3
9020,2,0,49,49,change,6,f,0,1185.8946,NA
9020,2,0,50,50,change,6,f,0,1270.4659,NA
9020,2,0,51,51,change,6,f,0,1050.4985,NA
9020,2,0,52,52,change,6,f,0,797.9678,NA
9020,2,0,53,53,nochange,6,f,1,1040.3044,NA
9020,2,0,54,54,nochange,6,f,1,1112.1077,NA
9020,2,0,55,55,change,6,f,0,1130.0241,NA
9020,2,0,56,56,nochange,6,f,1,1041.4649,3
9020,2,0,57,57,nochange,6,f,1,2050.2681,NA
9020,2,0,58,58,change,6,f,0,1550.6895,NA
9020,2,0,59,59,nochange,6,j,0,3161.7552,NA
9020,2,0,60,60,change,6,f,0,1525.5236,NA
9021,2,practice,0,1,change,6,j,1,1454.598,NA
9021,2,practice,0,2,change,6,j,1,931.3483,NA
9021,2,practice,0,3,change,6,f,0,1429.367,NA
9021,2,practice,0,4,nochange,6,f,1,929.257,NA
9021,2,practice,0,5,nochange,6,f,1,1144.1251,NA
9021,2,0,1,1,nochange,6,f,1,965.032,NA
9021,2,0,2,2,change,6,f,0,967.0554,NA
9021,2,0,3,3,nochange,6,f,1,1057.6546,NA
9021,2,0,4,4,change,6,j,1,1019.1165,NA
9021,2,0,5,5,change,6,j,1,1761.7292,NA
9021,2,0,6,6,change,6,f,0,1026.8844,NA
9021,2,0,7,7,nochange,6,j,0,1724.9955,NA
9021,2,0,8,8,nochange,6,j,0,1536.152,1
9021,2,0,9,9,change,6,f,0,915.885,NA
9021,2,0,10,10,change,6,j,1,903.8016,NA
9021,2,0,11,11,change,6,j,1,1008.7519,NA
9021,2,0,12,12,nochange,6,f,1,865.6004,NA
9021,2,0,13,13,nochange,6,j,0,1563.4496,NA
9021,2,0,14,14,nochange,6,f,1,590.4042,NA
9021,2,0,15,15,nochange,6,f,1,1885.4097,NA
9021,2,0,16,16,nochange,6,j,0,933.8564,1
9021,2,0,17,17,nochange,6,j,0,1982.2767,NA
9021,2,0,18,18,change,6,j,1,869.0636,NA
9021,2,0,19,19,change,6,j,1,986.2356,NA
9021,2,0,20,20,change,6,f,0,1555.5584,NA
9021,2,0,21,21,nochange,6,f,1,988.6956,NA
9021,2,0,22,22,nochange,6,f,1,1045.4588,NA
9021,2,0,23,23,nochange,6,f,1,977.9867,NA
9021,2,0,24,24,nochange,6,f,1,757.7086,1
9021,2,0,25,25,change,6,j,1,1099.5233,NA
9021,2,0,26,26,change,6,j,1,1026.6247,NA
9021,2,0,27,27,change,6,f,0,1240.8219,NA
9021,2,0,28,28,nochange,6,f,1,3207.776,NA
9021,2,0,29,29,change,6,f,0,1505.0965,NA
9021,2,0,30,30,change,6,j,1,1283.0913,NA
9021,2,0,31,31,change,6,j,1,1832.7282,NA
9021,2,0,32,32,nochange,6,j,0,1540.3058,1
9021,2,0,33,33,change,6,j,1,873.1731,NA
9021,2,0,34,34,change,6,f,0,954.2063,NA
9021,2,0,35,35,change,6,f,0,1354.9854,NA
9021,2,0,36,36,nochange,6,f,1,820.1058,NA
9021,2,0,37,37,nochange,6,f,1,786.6493,NA
9021,2,0,38,38,change,6,f,0,683.5261,NA
9021,2,0,39,39,change,6,j,1,738.8363,NA
9021,2,0,40,40,nochange,6,f,1,963.6462,1
9021,2,0,41,41,change,6,j,1,1603.5969,NA
9021,2,0,42,42,nochange,6,f,1,746.1164,NA
9021,2,0,43,43,change,6,f,0,7414.7561,NA
9021,2,0,44,44,change,6,j,1,1171.9087,NA
9021,2,0,45,45,nochange,6,j,0,1081.2821,NA
9021,2,0,46,46,change,6,f,0,770.0512,NA
9021,2,0,47,47,nochange,6,j,0,1067.8682,NA
9021,2,0,48,48,nochange,6,f,1,1052.7523,3
9021,2,0,49,49,change,6,f,0,2196.0127,NA
9021,2,0,50,50,change,6,j,1,911.3898,NA
9021,2,0,51,51,nochange,6,f,1,1140.8075,NA
9021,2,0,52,52,change,6,j,1,930.6114,NA
9021,2,0,53,53,nochange,6,f,1,1339.9416,NA
9021,2,0,54,54,nochange,6,f,1,1047.1869,NA
9021,2,0,55,55,nochange,6,j,0,812.5273,NA
9021,2,0,56,56,nochange,6,f,1,1049.5272,5
9021,2,0,57,57,nochange,6,f,1,910.4177,NA
9021,2,0,58,58,change,6,j,1,902.9988,NA
9021,2,0,59,59,nochange,6,f,1,3408.4351,NA
9021,2,0,60,60,change,6,j,1,1359.5407,NA
9022,2,practice,0,1,nochange,6,f,1,2129.9974,NA
9022,2,practice,0,2,nochange,6,f,1,631.9677,NA
9022,2,practice,0,3,change,6,j,1,1149.448,NA
9022,2,practice,0,4,nochange,6,f,1,650.5518,NA
9022,2,practice,0,5,change,6,f,0,1090.616,NA
9022,2,0,1,1,nochange,6,j,0,1529.5729,NA
9022,2,0,2,2,nochange,6,f,1,1881.2907,NA
9022,2,0,3,3,nochange,6,f,1,764.1238,NA
9022,2,0,4,4,change,6,j,1,2144.5222,NA
9022,2,0,5,5,change,6,j,1,805.1937,NA
9022,2,0,6,6,nochange,6,f,1,2456.5021,NA
9022,2,0,7,7,nochange,6,f,1,666.0243,NA
9022,2,0,8,8,nochange,6,f,1,799.732,1
9022,2,0,9,9,change,6,j,1,706.6732,NA
9022,2,0,10,10,nochange,6,f,1,1853.3759,NA
9022,2,0,11,11,change,6,j,1,3392.9192,NA
9022,2,0,12,12,change,6,f,0,1422.4038,NA
9022,2,0,13,13,change,6,j,1,1981.0095,NA
9022,2,0,14,14,change,6,f,0,1569.9351,NA
9022,2,0,15,15,nochange,6,j,0,3536.2307,NA
9022,2,0,16,16,nochange,6,f,1,1581.8025,1
9022,2,0,17,17,change,6,j,1,1501.6718,NA
9022,2,0,18,18,nochange,6,f,1,957.1099,NA
9022,2,0,19,19,nochange,6,f,1,1555.6655,NA
9022,2,0,20,20,nochange,6,j,0,1358.407,NA
9022,2,0,21,21,change,6,f,0,888.8281,NA
9022,2,0,22,22,nochange,6,f,1,1257.3061,NA
9022,2,0,23,23,change,6,f,0,1095.5427,NA
9022,2,0,24,24,nochange,6,j,0,639.7838,5
9022,2,0,25,25,change,6,f,0,16.4026,NA
9022,2,0,26,26,nochange,6,f,1,1158.3127,NA
9022,2,0,27,27,nochange,6,f,1,1397.5556,NA
9022,2,0,28,28,nochange,6,f,1,760.5249,NA
9022,2,0,29,29,change,6,j,1,833.9499,NA
9022,2,0,30,30,nochange,6,f,1,3303.5595,NA
9022,2,0,31,31,change,6,f,0,3024.6094,NA
9022,2,0,32,32,nochange,6,f,1,1660.4018,1
9022,2,0,33,33,nochange,6,f,1,1765.1973,NA
9022,2,0,34,34,change,6,j,1,897.5828,NA
9022,2,0,35,35,nochange,6,f,1,788.7266,NA
9022,2,0,36,36,change,6,j,1,953.9665,NA
9022,2,0,37,37,change,6,j,1,1060.9897,NA
9022,2,0,38,38,change,6,j,1,906.1956,NA
9022,2,0,39,39,change,6,j,1,937.6268,NA
9022,2,0,40,40,change,6,j,1,1726.7792,1
9022,2,0,41,41,change,6,f,0,1249.9542,NA
9022,2,0,42,42,change,6,f,0,1820.8633,NA
9022,2,0,43,43,change,6,f,0,921.2991,NA
9022,2,0,44,44,nochange,6,j,0,589.9892,NA
9022,2,0,45,45,change,6,f,0,502.6076,NA
9022,2,0,46,46,nochange,6,f,1,478.0473,NA
9022,2,0,47,47,nochange,6,j,0,853.1251,NA
9022,2,0,48,48,nochange,6,f,1,578.2667,1
9022,2,0,49,49,nochange,6,f,1,652.3191,NA
9022,2,0,50,50,nochange,6,j,0,2116.1443,NA
9022,2,0,51,51,nochange,6,f,1,1154.8911,NA
9022,2,0,52,52,change,6,j,1,1026.3339,NA
9022,2,0,53,53,change,6,j,1,1822.8813,NA
9022,2,0,54,54,change,6,j,1,1035.4661,NA
9022,2,0,55,55,nochange,6,j,0,1479.7565,NA
9022,2,0,56,56,change,6,f,0,3557.6204,1
9022,2,0,57,57,nochange,6,f,1,2027.5323,NA
9022,2,0,58,58,change,6,j,1,702.4481,NA
9022,2,0,59,59,change,6,j,1,1123.4388,NA
9022,2,0,60,60,change,6,f,0,2200.5972,NA
9023,2,practice,0,1,change,6,j,1,1139.0456,NA
9023,2,practice,0,2,change,6,j,1,970.0732,NA
9023,2,practice,0,3,change,6,j,1,1027.7688,NA
9023,2,practice,0,4,change,6,j,1,1044.0771,NA
9023,2,practice,0,5,nochange,6,f,1,1319.0553,NA
9023,2,0,1,1,nochange,6,f,1,921.8245,NA
9023,2,0,2,2,nochange,6,j,0,853.5434,NA
9023,2,0,3,3,nochange,6,j,0,991.512,NA
9023,2,0,4,4,nochange,6,f,1,1367.085,NA
9023,2,0,5,5,nochange,6,f,1,1470.2305,NA
9023,2,0,6,6,change,6,j,1,909.4292,NA
9023,2,0,7,7,change,6,j,1,2567.4512,NA
9023,2,0,8,8,change,6,f,0,957.5691,4
9023,2,0,9,9,change,6,f,0,2428.839,NA
9023,2,0,10,10,nochange,6,j,0,1388.8732,NA
9023,2,0,11,11,change,6,j,1,6171.8665,NA
9023,2,0,12,12,nochange,6,f,1,1344.3064,NA
9023,2,0,13,13,change,6,f,0,1201.6494,NA
9023,2,0,14,14,change,6,f,0,4251.3898,NA
9023,2,0,15,15,change,6,f,0,950.5598,NA
9023,2,0,16,16,nochange,6,f,1,946.0057,5
9023,2,0,17,17,change,6,f,0,868.481,NA
9023,2,0,18,18,change,6,j,1,859.5165,NA
9023,2,0,19,19,nochange,6,f,1,689.6763,NA
9023,2,0,20,20,change,6,j,1,995.4182,NA
9023,2,0,21,21,change,6,j,1,1143.5918,NA
9023,2,0,22,22,nochange,6,f,1,2125.4112,NA
9023,2,0,23,23,nochange,6,f,1,869.4838,NA
9023,2,0,24,24,change,6,f,0,4249.8979,1
9023,2,0,25,25,change,6,f,0,900.7028,NA
9023,2,0,26,26,change,6,f,0,2641.5875,NA
9023,2,0,27,27,change,6,j,1,1470.1317,NA
9023,2,0,28,28,change,6,f,0,1480.5318,NA
9023,2,0,29,29,nochange,6,j,0,1060.1314,NA
9023,2,0,30,30,change,6,j,1,991.2992,NA
9023,2,0,31,31,nochange,6,f,1,2886.4977,NA
9023,2,0,32,32,nochange,6,j,0,981.9157,1
9023,2,0,33,33,change,6,f,0,810.5089,NA
9023,2,0,34,34,nochange,6,f,1,1075.8117,NA
9023,2,0,35,35,nochange,6,f,1,2480.4243,NA
9023,2,0,36,36,nochange,6,f,1,890.3301,NA
9023,2,0,37,37,nochange,6,f,1,2556.1655,NA
9023,2,0,38,38,change,6,j,1,5308.9722,NA
9023,2,0,39,39,change,6,j,1,964.2451,NA
9023,2,0,40,40,nochange,6,j,0,1544.2275,1
9023,2,0,41,41,change,6,f,0,940.3097,NA
9023,2,0,42,42,change,6,j,1,1163.091,NA
9023,2,0,43,43,nochange,6,f,1,902.0335,NA
9023,2,0,44,44,change,6,f,0,802.2126,NA
9023,2,0,45,45,nochange,6,f,1,1091.1717,NA
9023,2,0,46,46,nochange,6,j,0,1056.6062,NA
9023,2,0,47,47,nochange,6,f,1,1156.717,NA
9023,2,0,48,48,change,6,j,1,1432.5303,1
9023,2,0,49,49,nochange,6,f,1,611.454,NA
9023,2,0,50,50,change,6,j,1,2624.8535,NA
9023,2,0,51,51,nochange,6,j,0,1665.8072,NA
9023,2,0,52,52,change,6,f,0,2157.8214,NA
9023,2,0,53,53,nochange,6,f,1,677.3613,NA
9023,2,0,54,54,nochange,6,f,1,549.3326,NA
9023,2,0,55,55,nochange,6,j,0,1720.4997,NA
9023,2,0,56,56,change,6,j,1,976.2842,1
9023,2,0,57,57,nochange,6,j,0,1123.9704,NA
9023,2,0,58,58,change,6,f,0,3535.4577,NA
9023,2,0,59,59,nochange,6,j,0,2288.4217,NA
9023,2,0,60,60,change,6,j,1,1999.9994,NA
9024,2,practice,0,1,change,6,j,1,3793.419,NA
9024,2,practice,0,2,change,6,j,1,756.4799,NA
9024,2,practice,0,3,nochange,6,f,1,803.7287,NA
9024,2,practice,0,4,nochange,6,f,1,867.5486,NA
9024,2,practice,0,5,nochange,6,j,0,1067.0879,NA
9024,2,0,1,1,change,6,j,1,700.6285,NA
9024,2,0,2,2,change,6,j,1,774.4095,NA
9024,2,0,3,3,change,6,j,1,2066.3727,NA
9024,2,0,4,4,nochange,6,j,0,1617.4051,NA
9024,2,0,5,5,change,6,j,1,1231.1563,NA
9024,2,0,6,6,change,6,f,0,1203.859,NA
9024,2,0,7,7,nochange,6,f,1,515.4241,NA
9024,2,0,8,8,change,6,j,1,707.6973,1
9024,2,0,9,9,change,6,j,1,641.302,NA
9024,2,0,10,10,nochange,6,f,1,789.21,NA
9024,2,0,11,11,change,6,j,1,713.315,NA
9024,2,0,12,12,change,6,j,1,910.7373,NA
9024,2,0,13,13,change,6,f,0,2440.969,NA
9024,2,0,14,14,nochange,6,j,0,698.7046,NA
9024,2,0,15,15,change,6,j,1,908.6637,NA
9024,2,0,16,16,change,6,j,1,1889.8779,1
9024,2,0,17,17,change,6,j,1,562.0183,NA
9024,2,0,18,18,change,6,f,0,992.7689,NA
9024,2,0,19,19,change,6,j,1,659.2898,NA
9024,2,0,20,20,nochange,6,f,1,1375.4717,NA
9024,2,0,21,21,change,6,f,0,876.0078,NA
9024,2,0,22,22,nochange,6,f,1,678.6825,NA
9024,2,0,23,23,nochange,6,f,1,757.2577,NA
9024,2,0,24,24,nochange,6,f,1,998.5425,1
9024,2,0,25,25,nochange,6,f,1,465.0687,NA
9024,2,0,26,26,nochange,6,j,0,966.6552,NA
9024,2,0,27,27,change,6,j,1,932.4233,NA
9024,2,0,28,28,change,6,f,0,1148.4391,NA
9024,2,0,29,29,change,6,f,0,883.3422,NA
9024,2,0,30,30,nochange,6,f,1,1235.3023,NA
9024,2,0,31,31,change,6,j,1,997.5893,NA
9024,2,0,32,32,nochange,6,f,1,1274.4103,1
9024,2,0,33,33,change,6,f,0,970.9138,NA
9024,2,0,34,34,change,6,j,1,2352.1236,NA
9024,2,0,35,35,nochange,6,f,1,1064.9472,NA
9024,2,0,36,36,nochange,6,f,1,911.7717,NA
9024,2,0,37,37,nochange,6,j,0,1251.0557,NA
9024,2,0,38,38,change,6,j,1,2714.7424,NA
9024,2,0,39,39,change,6,f,0,697.1307,NA
9024,2,0,40,40,change,6,f,0,388.8894,1
9024,2,0,41,41,nochange,6,f,1,761.2114,NA
9024,2,0,42,42,nochange,6,f,1,764.6817,NA
9024,2,0,43,43,nochange,6,f,1,756.9977,NA
9024,2,0,44,44,nochange,6,f,1,522.8834,NA
9024,2,0,45,45,nochange,6,f,1,716.2912,NA
9024,2,0,46,46,change,6,f,0,752.6574,NA
9024,2,0,47,47,nochange,6,f,1,521.3627,NA
9024,2,0,48,48,nochange,6,f,1,799.5992,1
9024,2,0,49,49,nochange,6,f,1,1415.4989,NA
9024,2,0,50,50,nochange,6,f,1,777.4197,NA
9024,2,0,51,51,change,6,j,1,883.1871,NA
9024,2,0,52,52,nochange,6,j,0,1393.2581,NA
9024,2,0,53,53,nochange,6,f,1,578.2725,NA
9024,2,0,54,54,nochange,6,f,1,936.3456,NA
9024,2,0,55,55,nochange,6,f,1,753.7581,NA
9024,2,0,56,56,change,6,f,0,854.5051,1
9024,2,0,57,57,change,6,j,1,875.8799,NA
9024,2,0,58,58,nochange,6,f,1,1591.9118,NA
9024,2,0,59,59,change,6,j,1,1283.2473,NA
9024,2,0,60,60,nochange,6,j,0,1633.5065,NA
9025,2,practice,0,1,change,6,j,1,1487.0857,NA
9025,2,practice,0,2,nochange,6,f,1,918.6435,NA
9025,2,practice,0,3,nochange,6,f,1,515.903,NA
9025,2,practice,0,4,nochange,6,f,1,1623.7172,NA
9025,2,practice,0,5,change,6,j,1,933.9718,NA
9025,2,0,1,1,change,6,j,1,855.1826,NA
9025,2,0,2,2,change,6,f,0,3701.108,NA
9025,2,0,3,3,change,6,f,0,3784.5611,NA
9025,2,0,4,4,nochange,6,f,1,995.8535,NA
9025,2,0,5,5,nochange,6,f,1,2246.243,NA
9025,2,0,6,6,change,6,j,1,682.5887,NA
9025,2,0,7,7,nochange,6,f,1,1442.8656,NA
9025,2,0,8,8,nochange,6,f,1,840.2599,1
9025,2,0,9,9,change,6,j,1,1889.267,NA
9025,2,0,10,10,change,6,f,0,2158.9856,NA
9025,2,0,11,11,nochange,6,f,1,903.28,NA
9025,2,0,12,12,change,6,f,0,1113.2096,NA
9025,2,0,13,13,nochange,6,f,1,1144.2089,NA
9025,2,0,14,14,nochange,6,f,1,851.3274,NA
9025,2,0,15,15,change,6,j,1,783.8749,NA
9025,2,0,16,16,change,6,f,0,1777.9487,1
9025,2,0,17,17,change,6,j,1,783.0224,NA
9025,2,0,18,18,nochange,6,j,0,4998.523,NA
9025,2,0,19,19,nochange,6,f,1,1118.6217,NA
9025,2,0,20,20,nochange,6,f,1,2327.8324,NA
9025,2,0,21,21,change,6,j,1,1209.2987,NA
9025,2,0,22,22,nochange,6,f,1,871.9687,NA
9025,2,0,23,23,nochange,6,f,1,815.037,NA
9025,2,0,24,24,change,6,f,0,982.2588,5
9025,2,0,25,25,change,6,j,1,1093.0612,NA
9025,2,0,26,26,nochange,6,f,1,1029.5338,NA
9025,2,0,27,27,change,6,f,0,1601.6469,NA
9025,2,0,28,28,nochange,6,f,1,1788.2,NA
9025,2,0,29,29,change,6,f,0,1122.5579,NA
9025,2,0,30,30,nochange,6,f,1,1078.8467,NA
9025,2,0,31,31,nochange,6,f,1,1363.7246,NA
9025,2,0,32,32,change,6,j,1,2747.3408,5
9025,2,0,33,33,change,6,f,0,1045.5952,NA
9025,2,0,34,34,change,6,j,1,838.3843,NA
9025,2,0,35,35,nochange,6,f,1,879.0757,NA
9025,2,0,36,36,nochange,6,f,1,704.4943,NA
9025,2,0,37,37,nochange,6,f,1,1207.2501,NA
9025,2,0,38,38,change,6,f,0,8379.0309,NA
9025,2,0,39,39,change,6,j,1,1250.7942,NA
9025,2,0,40,40,nochange,6,f,1,1583.1907,3
9025,2,0,41,41,change,6,j,1,1781.2404,NA
9025,2,0,42,42,nochange,6,f,1,1870.7566,NA
9025,2,0,43,43,nochange,6,f,1,2404.0687,NA
9025,2,0,44,44,nochange,6,f,1,3442.1169,NA
9025,2,0,45,45,change,6,f,0,862.4004,NA
9025,2,0,46,46,change,6,f,0,1218.2043,NA
9025,2,0,47,47,change,6,j,1,1578.5741,NA
9025,2,0,48,48,change,6,j,1,1362.2383,5
9025,2,0,49,49,nochange,6,f,1,1037.8479,NA
9025,2,0,50,50,change,6,f,0,2209.9469,NA
9025,2,0,51,51,change,6,j,1,953.3352,NA
9025,2,0,52,52,nochange,6,f,1,999.8761,NA
9025,2,0,53,53,change,6,f,0,7186.6632,NA
9025,2,0,54,54,nochange,6,f,1,828.2161,NA
9025,2,0,55,55,nochange,6,j,0,4713.1834,NA
9025,2,0,56,56,change,6,j,1,1125.9304,3
9025,2,0,57,57,change,6,j,1,1776.146,NA
9025,2,0,58,58,nochange,6,f,1,897.3587,NA
9025,2,0,59,59,nochange,6,f,1,773.2298,NA
9025,2,0,60,60,nochange,6,f,1,745.7504,NA
9026,2,practice,0,1,nochange,6,f,1,1348.7969,NA
9026,2,practice,0,2,nochange,6,f,1,1128.2,NA
9026,2,practice,0,3,nochange,6,f,1,1167.4192,NA
9026,2,practice,0,4,nochange,6,f,1,1227.7041,NA
9026,2,practice,0,5,change,6,j,1,1605.9785,NA
9026,2,0,1,1,nochange,6,f,1,1467.2945,NA
9026,2,0,2,2,change,6,f,0,3136.7143,NA
9026,2,0,3,3,nochange,6,f,1,4420.4826,NA
9026,2,0,4,4,change,6,j,1,1810.8147,NA
9026,2,0,5,5,change,6,j,1,2119.407,NA
9026,2,0,6,6,change,6,j,1,2990.63,NA
9026,2,0,7,7,nochange,6,f,1,1946.4885,NA
9026,2,0,8,8,change,6,f,0,2717.7216,1
9026,2,0,9,9,nochange,6,f,1,2360.4293,NA
9026,2,0,10,10,nochange,6,j,0,2847.1085,NA
9026,2,0,11,11,change,6,j,1,1873.5208,NA
9026,2,0,12,12,nochange,6,f,1,1050.1078,NA
9026,2,0,13,13,nochange,6,j,0,2564.2982,NA
9026,2,0,14,14,nochange,6,j,0,2195.7981,NA
9026,2,0,15,15,change,6,j,1,1364.54,NA
9026,2,0,16,16,change,6,j,1,1558.5746,1
9026,2,0,17,17,nochange,6,f,1,1394.6185,NA
9026,2,0,18,18,nochange,6,f,1,8976.9835,NA
9026,2,0,19,19,change,6,j,1,1858.3198,NA
9026,2,0,20,20,nochange,6,f,1,2355.3528,NA
9026,2,0,21,21,nochange,6,f,1,4758.3735,NA
9026,2,0,22,22,change,6,j,1,1023.4164,NA
9026,2,0,23,23,nochange,6,f,1,2600.0252,NA
9026,2,0,24,24,nochange,6,f,1,2713.9616,1
9026,2,0,25,25,nochange,6,f,1,3973.6239,NA
9026,2,0,26,26,nochange,6,f,1,1828.489,NA
9026,2,0,27,27,change,6,j,1,4097.7839,NA
9026,2,0,28,28,change,6,f,0,1155.3343,NA
9026,2,0,29,29,change,6,j,1,1150.3924,NA
9026,2,0,30,30,change,6,j,1,4725.9363,NA
9026,2,0,31,31,change,6,j,1,1062.4328,NA
9026,2,0,32,32,nochange,6,f,1,1182.6796,1
9026,2,0,33,33,change,6,f,0,2443.9357,NA
9026,2,0,34,34,nochange,6,f,1,2047.7146,NA
9026,2,0,35,35,nochange,6,f,1,1029.6062,NA
9026,2,0,36,36,nochange,6,j,0,2294.5321,NA
9026,2,0,37,37,change,6,j,1,1053.6823,NA
9026,2,0,38,38,nochange,6,f,1,1195.5608,NA
9026,2,0,39,39,nochange,6,j,0,3650.6845,NA
9026,2,0,40,40,change,6,j,1,1255.6183,3
9026,2,0,41,41,nochange,6,f,1,2917.786,NA
9026,2,0,42,42,change,6,j,1,2258.574,NA
9026,2,0,43,43,change,6,j,1,1310.0094,NA
9026,2,0,44,44,change,6,j,1,1493.7072,NA
9026,2,0,45,45,change,6,f,0,1395.5412,NA
9026,2,0,46,46,change,6,j,1,869.9082,NA
9026,2,0,47,47,nochange,6,f,1,2187.7191,NA
9026,2,0,48,48,change,6,f,0,1870.1385,1
9026,2,0,49,49,change,6,j,1,1149.8922,NA
9026,2,0,50,50,change,6,f,0,2527.8454,NA
9026,2,0,51,51,change,6,j,1,1389.8237,NA
9026,2,0,52,52,change,6,j,1,1565.2772,NA
9026,2,0,53,53,nochange,6,f,1,4078.5499,NA
9026,2,0,54,54,nochange,6,f,1,1194.2033,NA
9026,2,0,55,55,change,6,j,1,2046.2618,NA
9026,2,0,56,56,change,6,j,1,1236.1842,1
9026,2,0,57,57,nochange,6,f,1,2237.5365,NA
9026,2,0,58,58,nochange,6,f,1,1202.4042,NA
9026,2,0,59,59,nochange,6,f,1,1187.0201,NA
9026,2,0,60,60,nochange,6,f,1,1346.7439,NA
9027,2,practice,0,1,nochange,6,j,0,1486.3129,NA
9027,2,practice,0,2,nochange,6,j,0,2570.9787,NA
9027,2,practice,0,3,nochange,6,f,1,3128.4631,NA
9027,2,practice,0,4,change,6,j,1,2580.7367,NA
9027,2,practice,0,5,nochange,6,f,1,3611.2367,NA
9027,2,0,1,1,change,6,j,1,2935.2909,NA
9027,2,0,2,2,change,6,f,0,4025.3283,NA
9027,2,0,3,3,change,6,j,1,2034.6351,NA
9027,2,0,4,4,nochange,6,f,1,2382.139,NA
9027,2,0,5,5,nochange,6,f,1,1706.6612,NA
9027,2,0,6,6,change,6,j,1,1289.3765,NA
9027,2,0,7,7,nochange,6,f,1,1616.6125,NA
9027,2,0,8,8,change,6,j,1,1795.1671,2
9027,2,0,9,9,nochange,6,f,1,2726.101,NA
9027,2,0,10,10,change,6,j,1,1540.3736,NA
9027,2,0,11,11,nochange,6,f,1,1513.2284,NA
9027,2,0,12,12,change,6,j,1,1855.3933,NA
9027,2,0,13,13,change,6,j,1,2220.6082,NA
9027,2,0,14,14,change,6,j,1,2538.2263,NA
9027,2,0,15,15,nochange,6,j,0,2072.7313,NA
9027,2,0,16,16,change,6,j,1,2136.7149,2
9027,2,0,17,17,nochange,6,j,0,957.6047,NA
9027,2,0,18,18,nochange,6,f,1,2012.1586,NA
9027,2,0,19,19,change,6,j,1,1414.3456,NA
9027,2,0,20,20,nochange,6,f,1,2634.6231,NA
9027,2,0,21,21,change,6,f,0,1235.6074,NA
9027,2,0,22,22,nochange,6,f,1,1188.5019,NA
9027,2,0,23,23,change,6,j,1,1490.168,NA
9027,2,0,24,24,nochange,6,f,1,6646.8169,2
9027,2,0,25,25,change,6,j,1,1625.9662,NA
9027,2,0,26,26,nochange,6,f,1,1271.1026,NA
9027,2,0,27,27,nochange,6,f,1,4111.4795,NA
9027,2,0,28,28,change,6,j,1,3570.6801,NA
9027,2,0,29,29,change,6,j,1,1452.787,NA
9027,2,0,30,30,change,6,j,1,1546.4397,NA
9027,2,0,31,31,change,6,j,1,1292.6207,NA
9027,2,0,32,32,change,6,j,1,4190.4445,1
9027,2,0,33,33,change,6,j,1,1863.3832,NA
9027,2,0,34,34,nochange,6,f,1,3068.2232,NA
9027,2,0,35,35,nochange,6,f,1,1328.3573,NA
9027,2,0,36,36,nochange,6,f,1,1430.6969,NA
9027,2,0,37,37,nochange,6,f,1,1074.2476,NA
9027,2,0,38,38,change,6,j,1,3163.1094,NA
9027,2,0,39,39,change,6,j,1,1741.901,NA
9027,2,0,40,40,change,6,j,1,1286.1941,2
9027,2,0,41,41,change,6,f,0,4677.1709,NA
9027,2,0,42,42,change,6,f,0,3753.8182,NA
9027,2,0,43,43,nochange,6,f,1,1899.1388,NA
9027,2,0,44,44,change,6,f,0,3164.4601,NA
9027,2,0,45,45,nochange,6,f,1,2204.8829,NA
9027,2,0,46,46,change,6,f,0,2091.6025,NA
9027,2,0,47,47,nochange,6,f,1,1498.3085,NA
9027,2,0,48,48,nochange,6,f,1,915.238,2
9027,2,0,49,49,change,6,f,0,3648.1927,NA
9027,2,0,50,50,nochange,6,j,0,1779.4172,NA
9027,2,0,51,51,nochange,6,j,0,3638.0598,NA
9027,2,0,52,52,nochange,6,f,1,1546.0177,NA
9027,2,0,53,53,change,6,j,1,1468.0984,NA
9027,2,0,54,54,nochange,6,f,1,1415.6285,NA
9027,2,0,55,55,nochange,6,f,1,862.1844,NA
9027,2,0,56,56,nochange,6,f,1,1736.2758,2
9027,2,0,57,57,nochange,6,f,1,2541.2155,NA
9027,2,0,58,58,nochange,6,j,0,6.73640000005,NA
9027,2,0,59,59,nochange,6,f,1,1556.6403,NA
9027,2,0,60,60,change,6,j,1,1448.563,NA
9028,2,practice,0,1,nochange,6,f,1,2747.6841,NA
9028,2,practice,0,2,change,6,j,1,3473.6261,NA
9028,2,practice,0,3,nochange,6,f,1,2700.6994,NA
9028,2,practice,0,4,change,6,j,1,2088.3978,NA
9028,2,practice,0,5,nochange,6,f,1,2966.5476,NA
9028,2,0,1,1,nochange,6,f,1,1701.4117,NA
9028,2,0,2,2,change,6,f,0,1774.67,NA
9028,2,0,3,3,change,6,j,1,2208.8106,NA
9028,2,0,4,4,change,6,j,1,1512.2815,NA
9028,2,0,5,5,change,6,j,1,1892.859,NA
9028,2,0,6,6,nochange,6,f,1,2401.3091,NA
9028,2,0,7,7,nochange,6,f,1,1812.0331,NA
9028,2,0,8,8,nochange,6,f,1,1753.7419,3
9028,2,0,9,9,change,6,j,1,1532.0578,NA
9028,2,0,10,10,nochange,6,f,1,1482.0812,NA
9028,2,0,11,11,change,6,f,0,1898.8464,NA
9028,2,0,12,12,change,6,j,1,995.5152,NA
9028,2,0,13,13,nochange,6,f,1,2325.224,NA
9028,2,0,14,14,change,6,j,1,881.7127,NA
9028,2,0,15,15,change,6,f,0,5048.5991,NA
9028,2,0,16,16,change,6,j,1,2202.7392,2
9028,2,0,17,17,change,6,j,1,4182.3739,NA
9028,2,0,18,18,change,6,f,0,2861.4981,NA
9028,2,0,19,19,nochange,6,f,1,1898.0101,NA
9028,2,0,20,20,nochange,6,f,1,3066.1885,NA
9028,2,0,21,21,nochange,6,f,1,1367.1185,NA
9028,2,0,22,22,nochange,6,f,1,1667.0248,NA
9028,2,0,23,23,change,6,j,1,1456.1862,NA
9028,2,0,24,24,change,6,f,0,5925.6678,3
9028,2,0,25,25,nochange,6,f,1,1809.4643,NA
9028,2,0,26,26,nochange,6,j,0,2248.469,NA
9028,2,0,27,27,change,6,j,1,2035.1332,NA
9028,2,0,28,28,nochange,6,f,1,1161.8067,NA
9028,2,0,29,29,nochange,6,f,1,5425.065,NA
9028,2,0,30,30,nochange,6,j,0,2366.8594,NA
9028,2,0,31,31,nochange,6,f,1,2243.4097,NA
9028,2,0,32,32,change,6,j,1,3314.6427,2
9028,2,0,33,33,nochange,6,f,1,1816.261,NA
9028,2,0,34,34,change,6,j,1,1035.995,NA
9028,2,0,35,35,change,6,j,1,1048.0284,NA
9028,2,0,36,36,change,6,j,1,1532.8061,NA
9028,2,0,37,37,change,6,j,1,1076.8054,NA
9028,2,0,38,38,change,6,j,1,1185.6043,NA
9028,2,0,39,39,change,6,f,0,2018.4767,NA
9028,2,0,40,40,nochange,6,f,1,2012.0769,2
9028,2,0,41,41,change,6,j,1,947.6272,NA
9028,2,0,42,42,nochange,6,f,1,1007.9549,NA
9028,2,0,43,43,nochange,6,f,1,3000.7479,NA
9028,2,0,44,44,nochange,6,f,1,5886.9221,NA
9028,2,0,45,45,change,6,j,1,861.9368,NA
9028,2,0,46,46,nochange,6,f,1,932.5029,NA
9028,2,0,47,47,nochange,6,f,1,1728.9295,NA
9028,2,0,48,48,nochange,6,f,1,1277.4329,1
9028,2,0,49,49,nochange,6,f,1,1462.8676,NA
9028,2,0,50,50,change,6,j,1,1605.7002,NA
9028,2,0,51,51,change,6,f,0,2422.5502,NA
9028,2,0,52,52,change,6,j,1,780.2313,NA
9028,2,0,53,53,nochange,6,f,1,1893.8312,NA
9028,2,0,54,54,nochange,6,f,1,3234.7549,NA
9028,2,0,55,55,change,6,j,1,903.8274,NA
9028,2,0,56,56,nochange,6,f,1,1272.8194,1
9028,2,0,57,57,change,6,j,1,1138.61,NA
9028,2,0,58,58,nochange,6,f,1,2386.0086,NA
9028,2,0,59,59,change,6,j,1,1135.3512,NA
9028,2,0,60,60,nochange,6,f,1,1018.5577,NA
9029,2,practice,0,1,change,6,j,1,3002.7786,NA
9029,2,practice,0,2,nochange,6,j,0,1458.9554,NA
9029,2,practice,0,3,nochange,6,j,0,1160.0036,NA
9029,2,practice,0,4,change,6,j,1,1511.7936,NA
9029,2,practice,0,5,change,6,j,1,928.2816,NA
9029,2,0,1,1,nochange,6,f,1,895.3949,NA
9029,2,0,2,2,change,6,j,1,1649.0303,NA
9029,2,0,3,3,nochange,6,j,0,1187.4557,NA
9029,2,0,4,4,nochange,6,j,0,1205.5752,NA
9029,2,0,5,5,change,6,f,0,1089.1624,NA
9029,2,0,6,6,change,6,f,0,1504.0395,NA
9029,2,0,7,7,nochange,6,j,0,1829.2487,NA
9029,2,0,8,8,change,6,j,1,765.4332,5
9029,2,0,9,9,change,6,j,1,1032.6499,NA
9029,2,0,10,10,nochange,6,f,1,1732.8576,NA
9029,2,0,11,11,change,6,f,0,492.9147,NA
9029,2,0,12,12,nochange,6,j,0,945.8202,NA
9029,2,0,13,13,change,6,f,0,3164.9223,NA
9029,2,0,14,14,change,6,f,0,1504.4334,NA
9029,2,0,15,15,nochange,6,f,1,671.7368,NA
9029,2,0,16,16,change,6,j,1,1054.4098,3
9029,2,0,17,17,nochange,6,j,0,1126.839,NA
9029,2,0,18,18,nochange,6,f,1,593.0875,NA
9029,2,0,19,19,change,6,f,0,968.6369,NA
9029,2,0,20,20,nochange,6,f,1,1150.5606,NA
9029,2,0,21,21,change,6,f,0,846.2568,NA
9029,2,0,22,22,nochange,6,j,0,1565.2285,NA
9029,2,0,23,23,nochange,6,j,0,900.9743,NA
9029,2,0,24,24,nochange,6,j,0,907.2446,3
9029,2,0,25,25,nochange,6,f,1,521.3073,NA
9029,2,0,26,26,change,6,f,0,1030.7994,NA
9029,2,0,27,27,change,6,j,1,351.6081,NA
9029,2,0,28,28,nochange,6,f,1,2183.9828,NA
9029,2,0,29,29,nochange,6,f,1,1432.3572,NA
9029,2,0,30,30,change,6,j,1,1184.2705,NA
9029,2,0,31,31,nochange,6,j,0,768.8237,NA
9029,2,0,32,32,change,6,f,0,873.7565,1
9029,2,0,33,33,nochange,6,j,0,446.6914,NA
9029,2,0,34,34,nochange,6,f,1,553.9182,NA
9029,2,0,35,35,change,6,j,1,534.6811,NA
9029,2,0,36,36,nochange,6,f,1,452.9301,NA
9029,2,0,37,37,change,6,j,1,881.4612,NA
9029,2,0,38,38,change,6,f,0,711.2374,NA
9029,2,0,39,39,change,6,f,0,4.14609999995,NA
9029,2,0,40,40,change,6,f,0,894.5367,1
9029,2,0,41,41,nochange,6,f,1,1417.8257,NA
9029,2,0,42,42,nochange,6,j,0,1076.2702,NA
9029,2,0,43,43,change,6,j,1,2715.2611,NA
9029,2,0,44,44,change,6,f,0,1138.6058,NA
9029,2,0,45,45,change,6,j,1,346.4137,NA
9029,2,0,46,46,change,6,j,1,644.1447,NA
9029,2,0,47,47,change,6,j,1,1655.2847,NA
9029,2,0,48,48,nochange,6,f,1,2299.0985,5
9029,2,0,49,49,change,6,f,0,4.38339999999,NA
9029,2,0,50,50,change,6,j,1,330.6814,NA
9029,2,0,51,51,nochange,6,j,0,453.7102,NA
9029,2,0,52,52,nochange,6,f,1,5.98639999999,NA
9029,2,0,53,53,change,6,f,0,1496.637,NA
9029,2,0,54,54,nochange,6,j,0,1951.1896,NA
9029,2,0,55,55,change,6,j,1,3.98099999997,NA
9029,2,0,56,56,change,6,j,1,420.0634,1
9029,2,0,57,57,nochange,6,f,1,486.9888,NA
9029,2,0,58,58,nochange,6,j,0,1642.41,NA
9029,2,0,59,59,nochange,6,j,0,1012.752,NA
9029,2,0,60,60,nochange,6,j,0,740.4439,NA
9030,2,practice,0,1,change,6,j,1,1088.9557,NA
9030,2,practice,0,2,change,6,j,1,919.0744,NA
9030,2,practice,0,3,nochange,6,f,1,1172.8501,NA
9030,2,practice,0,4,change,6,j,1,2185.1177,NA
9030,2,practice,0,5,change,6,j,1,959.1621,NA
9030,2,0,1,1,nochange,6,j,0,1662.192,NA
9030,2,0,2,2,change,6,j,1,1049.0989,NA
9030,2,0,3,3,change,6,j,1,1191.2496,NA
9030,2,0,4,4,nochange,6,f,1,1136.3306,NA
9030,2,0,5,5,nochange,6,f,1,1180.5628,NA
9030,2,0,6,6,change,6,j,1,917.985,NA
9030,2,0,7,7,change,6,j,1,1029.5525,NA
9030,2,0,8,8,nochange,6,f,1,992.2644,1
9030,2,0,9,9,change,6,j,1,920.7189,NA
9030,2,0,10,10,change,6,j,1,1177.256,NA
9030,2,0,11,11,nochange,6,f,1,1303.022,NA
9030,2,0,12,12,nochange,6,f,1,1320.9084,NA
9030,2,0,13,13,nochange,6,f,1,1117.5099,NA
9030,2,0,14,14,nochange,6,f,1,1216.0611,NA
9030,2,0,15,15,change,6,j,1,2356.8469,NA
9030,2,0,16,16,nochange,6,f,1,1127.8293,1
9030,2,0,17,17,nochange,6,f,1,969.7644,NA
9030,2,0,18,18,change,6,f,0,1400.2971,NA
9030,2,0,19,19,change,6,j,1,824.0267,NA
9030,2,0,20,20,change,6,f,0,2083.4161,NA
9030,2,0,21,21,change,6,j,1,1098.3642,NA
9030,2,0,22,22,change,6,j,1,2713.7678,NA
9030,2,0,23,23,nochange,6,f,1,2647.3072,NA
9030,2,0,24,24,nochange,6,f,1,996.5583,1
9030,2,0,25,25,nochange,6,j,0,1352.2976,NA
9030,2,0,26,26,change,6,j,1,1219.7341,NA
9030,2,0,27,27,nochange,6,f,1,896.4664,NA
9030,2,0,28,28,change,6,j,1,989.6922,NA
9030,2,0,29,29,nochange,6,f,1,1275.5121,NA
9030,2,0,30,30,change,6,j,1,1413.5038,NA
9030,2,0,31,31,nochange,6,f,1,880.8559,NA
9030,2,0,32,32,nochange,6,f,1,2138.723,1
9030,2,0,33,33,change,6,j,1,871.3331,NA
9030,2,0,34,34,change,6,f,0,1243.8377,NA
9030,2,0,35,35,change,6,j,1,972.6301,NA
9030,2,0,36,36,nochange,6,f,1,1155.6244,NA
9030,2,0,37,37,change,6,j,1,979.0537,NA
9030,2,0,38,38,nochange,6,f,1,908.265,NA
9030,2,0,39,39,change,6,f,0,1335.2939,NA
9030,2,0,40,40,change,6,j,1,713.7089,1
9030,2,0,41,41,change,6,j,1,1399.9598,NA
9030,2,0,42,42,nochange,6,f,1,844.1266,NA
9030,2,0,43,43,change,6,j,1,934.502,NA
9030,2,0,44,44,change,6,f,0,1304.2389,NA
9030,2,0,45,45,nochange,6,f,1,1019.7305,NA
9030,2,0,46,46,change,6,j,1,1231.5367,NA
9030,2,0,47,47,nochange,6,f,1,990.6355,NA
9030,2,0,48,48,nochange,6,f,1,1633.5276,2
9030,2,0,49,49,nochange,6,f,1,1075.2549,NA
9030,2,0,50,50,nochange,6,f,1,1932.6791,NA
9030,2,0,51,51,nochange,6,f,1,1082.1325,NA
9030,2,0,52,52,change,6,j,1,931.288,NA
9030,2,0,53,53,nochange,6,j,0,1211.2423,NA
9030,2,0,54,54,change,6,j,1,1244.6169,NA
9030,2,0,55,55,nochange,6,f,1,1803.1204,NA
9030,2,0,56,56,change,6,j,1,946.3985,2
9030,2,0,57,57,change,6,j,1,1027.4249,NA
9030,2,0,58,58,nochange,6,f,1,793.7626,NA
9030,2,0,59,59,nochange,6,f,1,993.6348,NA
9030,2,0,60,60,change,6,f,0,1142.738,NA
9031,2,practice,0,1,change,6,j,1,1018.0447,NA
9031,2,practice,0,2,change,6,j,1,947.6222,NA
9031,2,practice,0,3,change,6,j,1,892.3599,NA
9031,2,practice,0,4,nochange,6,f,1,1302.6165,NA
9031,2,practice,0,5,nochange,6,j,0,1073.7888,NA
9031,2,0,1,1,nochange,6,f,1,590.002,NA
9031,2,0,2,2,change,6,j,1,745.0392,NA
9031,2,0,3,3,change,6,f,0,663.1371,NA
9031,2,0,4,4,nochange,6,j,0,989.0579,NA
9031,2,0,5,5,nochange,6,j,0,1028.3974,NA
9031,2,0,6,6,nochange,6,f,1,1899.838,NA
9031,2,0,7,7,nochange,6,j,0,2395.8521,NA
9031,2,0,8,8,nochange,6,f,1,1693.5803,2
9031,2,0,9,9,change,6,j,1,1925.5518,NA
9031,2,0,10,10,change,6,j,1,778.3777,NA
9031,2,0,11,11,change,6,j,1,942.2716,NA
9031,2,0,12,12,nochange,6,j,0,676.2139,NA
9031,2,0,13,13,nochange,6,f,1,844.8854,NA
9031,2,0,14,14,nochange,6,f,1,808.5859,NA
9031,2,0,15,15,change,6,f,0,1245.0248,NA
9031,2,0,16,16,change,6,j,1,962.2655,1
9031,2,0,17,17,nochange,6,j,0,1579.9567,NA
9031,2,0,18,18,change,6,j,1,3737.7864,NA
9031,2,0,19,19,change,6,j,1,3418.9278,NA
9031,2,0,20,20,change,6,j,1,1315.404,NA
9031,2,0,21,21,change,6,j,1,2072.0103,NA
9031,2,0,22,22,change,6,j,1,1009.0871,NA
9031,2,0,23,23,change,6,f,0,1486.8458,NA
9031,2,0,24,24,nochange,6,f,1,2220.8483,1
9031,2,0,25,25,change,6,j,1,1253.3934,NA
9031,2,0,26,26,change,6,j,1,2513.2123,NA
9031,2,0,27,27,change,6,j,1,1209.9602,NA
9031,2,0,28,28,change,6,j,1,1841.158,NA
9031,2,0,29,29,nochange,6,j,0,662.7304,NA
9031,2,0,30,30,nochange,6,j,0,1098.5865,NA
9031,2,0,31,31,nochange,6,j,0,2023.5086,NA
9031,2,0,32,32,nochange,6,j,0,565.603,2
9031,2,0,33,33,change,6,j,1,1830.5586,NA
9031,2,0,34,34,change,6,j,1,1113.7786,NA
9031,2,0,35,35,nochange,6,j,0,978.1556,NA
9031,2,0,36,36,nochange,6,f,1,2810.418,NA
9031,2,0,37,37,change,6,j,1,1010.1585,NA
9031,2,0,38,38,nochange,6,f,1,728.5201,NA
9031,2,0,39,39,nochange,6,f,1,773.2683,NA
9031,2,0,40,40,nochange,6,f,1,1602.0114,1
9031,2,0,41,41,change,6,j,1,3947.4508,NA
9031,2,0,42,42,nochange,6,j,0,2000.6632,NA
9031,2,0,43,43,change,6,j,1,1113.5965,NA
9031,2,0,44,44,change,6,j,1,827.8119,NA
9031,2,0,45,45,nochange,6,j,0,914.6933,NA
9031,2,0,46,46,nochange,6,j,0,875.7287,NA
9031,2,0,47,47,nochange,6,f,1,1796.4186,NA
9031,2,0,48,48,change,6,j,1,1045.7441,2
9031,2,0,49,49,nochange,6,f,1,1296.9404,NA
9031,2,0,50,50,change,6,j,1,912.2248,NA
9031,2,0,51,51,change,6,j,1,1063.2542,NA
9031,2,0,52,52,nochange,6,f,1,876.7014,NA
9031,2,0,53,53,nochange,6,f,1,3007.6048,NA
9031,2,0,54,54,nochange,6,f,1,863.7299,NA
9031,2,0,55,55,change,6,j,1,980.0941,NA
9031,2,0,56,56,change,6,j,1,2254.6335,1
9031,2,0,57,57,change,6,j,1,1383.6276,NA
9031,2,0,58,58,nochange,6,f,1,1422.6509,NA
9031,2,0,59,59,change,6,j,1,1589.6113,NA
9031,2,0,60,60,nochange,6,j,0,4353.0544,NA
9032,2,practice,0,1,nochange,6,f,1,2227.0331,NA
9032,2,practice,0,2,nochange,6,j,0,1108.0031,NA
9032,2,practice,0,3,nochange,6,f,1,1272.628,NA
9032,2,practice,0,4,nochange,6,j,0,2918.8714,NA
9032,2,practice,0,5,nochange,6,j,0,3404.2716,NA
9032,2,0,1,1,nochange,6,f,1,1327.9276,NA
9032,2,0,2,2,change,6,j,1,1998.3567,NA
9032,2,0,3,3,change,6,f,0,1534.8475,NA
9032,2,0,4,4,change,6,j,1,2777.821,NA
9032,2,0,5,5,change,6,j,1,4662.8091,NA
9032,2,0,6,6,change,6,f,0,3163.0554,NA
9032,2,0,7,7,change,6,j,1,2586.3174,NA
9032,2,0,8,8,nochange,6,f,1,1761.2786,1
9032,2,0,9,9,nochange,6,f,1,1332.87,NA
9032,2,0,10,10,change,6,j,1,1580.9661,NA
9032,2,0,11,11,nochange,6,f,1,936.1928,NA
9032,2,0,12,12,change,6,j,1,7358.7619,NA
9032,2,0,13,13,change,6,f,0,1301.8693,NA
9032,2,0,14,14,nochange,6,f,1,2396.0701,NA
9032,2,0,15,15,nochange,6,f,1,1853.6207,NA
9032,2,0,16,16,change,6,j,1,1147.9873,3
9032,2,0,17,17,nochange,6,j,0,5812.0522,NA
9032,2,0,18,18,nochange,6,j,0,4.1291,NA
9032,2,0,19,19,change,6,f,0,880.2107,NA
9032,2,0,20,20,nochange,6,j,0,1171.4262,NA
9032,2,0,21,21,change,6,j,1,5413.9819,NA
9032,2,0,22,22,nochange,6,f,1,1496.9764,NA
9032,2,0,23,23,nochange,6,f,1,5183.6225,NA
9032,2,0,24,24,nochange,6,j,0,6558.3494,3
9032,2,0,25,25,nochange,6,j,0,1035.1212,NA
9032,2,0,26,26,nochange,6,j,0,739.7624,NA
9032,2,0,27,27,nochange,6,j,0,680.1145,NA
9032,2,0,28,28,nochange,6,j,0,355.3358,NA
9032,2,0,29,29,change,6,f,0,1139.5587,NA
9032,2,0,30,30,change,6,j,1,629.4257,NA
9032,2,0,31,31,change,6,j,1,773.1786,NA
9032,2,0,32,32,nochange,6,f,1,551.8543,3
9032,2,0,33,33,nochange,6,j,0,424.5508,NA
9032,2,0,34,34,change,6,j,1,391.8749,NA
9032,2,0,35,35,nochange,6,f,1,8.29,NA
9032,2,0,36,36,nochange,6,j,0,63761.3661,NA
9032,2,0,37,37,change,6,f,0,319.6455,NA
9032,2,0,38,38,change,6,f,0,15.5554,NA
9032,2,0,39,39,nochange,6,j,0,288.0455,NA
9032,2,0,40,40,nochange,6,j,0,347.6201,1
9032,2,0,41,41,change,6,f,0,557.5487,NA
9032,2,0,42,42,change,6,j,1,379.8495,NA
9032,2,0,43,43,change,6,j,1,323.4703,NA
9032,2,0,44,44,change,6,j,1,7.0151,NA
9032,2,0,45,45,nochange,6,j,0,1094.3092,NA
9032,2,0,46,46,change,6,f,0,432.1968,NA
9032,2,0,47,47,change,6,j,1,8.6656,NA
9032,2,0,48,48,nochange,6,f,1,474.4283,2
9032,2,0,49,49,nochange,6,j,0,393.2787,NA
9032,2,0,50,50,nochange,6,j,0,4.875,NA
9032,2,0,51,51,nochange,6,f,1,9.845,NA
9032,2,0,52,52,nochange,6,j,0,4.15,NA
9032,2,0,53,53,nochange,6,j,0,8.1243,NA
9032,2,0,54,54,change,6,j,1,18.8393,NA
9032,2,0,55,55,nochange,6,j,0,376.0661,NA
9032,2,0,56,56,change,6,j,1,415.2581,2
9032,2,0,57,57,change,6,j,1,396.573,NA
9032,2,0,58,58,change,6,j,1,438.234,NA
9032,2,0,59,59,change,6,j,1,501.2719,NA
9032,2,0,60,60,change,6,f,0,1074.4997,NA
9033,2,practice,0,1,nochange,6,j,0,1570.9622,NA
9033,2,practice,0,2,nochange,6,f,1,810.8544,NA
9033,2,practice,0,3,change,6,j,1,918.299,NA
9033,2,practice,0,4,nochange,6,f,1,1080.6908,NA
9033,2,practice,0,5,change,6,j,1,808.1862,NA
9033,2,0,1,1,change,6,j,1,958.0568,NA
9033,2,0,2,2,change,6,j,1,841.4208,NA
9033,2,0,3,3,nochange,6,f,1,1786.6366,NA
9033,2,0,4,4,change,6,j,1,1021.7875,NA
9033,2,0,5,5,change,6,j,1,1693.4763,NA
9033,2,0,6,6,change,6,j,1,1128.116,NA
9033,2,0,7,7,nochange,6,f,1,2678.1475,NA
9033,2,0,8,8,nochange,6,f,1,1160.5176,1
9033,2,0,9,9,change,6,j,1,4630.467,NA
9033,2,0,10,10,nochange,6,f,1,951.2452,NA
9033,2,0,11,11,nochange,6,f,1,1299.6671,NA
9033,2,0,12,12,nochange,6,f,1,899.7607,NA
9033,2,0,13,13,nochange,6,f,1,3877.5635,NA
9033,2,0,14,14,change,6,j,1,1227.3919,NA
9033,2,0,15,15,nochange,6,f,1,1118.5526,NA
9033,2,0,16,16,change,6,j,1,4554.8816,1
9033,2,0,17,17,nochange,6,f,1,3041.8081,NA
9033,2,0,18,18,change,6,f,0,968.8229,NA
9033,2,0,19,19,nochange,6,f,1,5.96950000001,NA
9033,2,0,20,20,nochange,6,f,1,1363.7936,NA
9033,2,0,21,21,change,6,j,1,817.3283,NA
9033,2,0,22,22,nochange,6,f,1,986.0089,NA
9033,2,0,23,23,change,6,f,0,1004.7522,NA
9033,2,0,24,24,change,6,j,1,1129.6019,2
9033,2,0,25,25,change,6,j,1,1046.0632,NA
9033,2,0,26,26,nochange,6,f,1,2587.2302,NA
9033,2,0,27,27,change,6,j,1,1221.0571,NA
9033,2,0,28,28,nochange,6,f,1,1222.8182,NA
9033,2,0,29,29,change,6,f,0,2464.4962,NA
9033,2,0,30,30,change,6,j,1,1340.9442,NA
9033,2,0,31,31,change,6,j,1,1037.9947,NA
9033,2,0,32,32,nochange,6,f,1,4020.4406,1
9033,2,0,33,33,nochange,6,f,1,1016.4796,NA
9033,2,0,34,34,nochange,6,f,1,1114.8863,NA
9033,2,0,35,35,nochange,6,f,1,1084.3289,NA
9033,2,0,36,36,nochange,6,f,1,968.8441,NA
9033,2,0,37,37,nochange,6,f,1,774.68,NA
9033,2,0,38,38,change,6,j,1,2964.7881,NA
9033,2,0,39,39,change,6,j,1,1461.6609,NA
9033,2,0,40,40,nochange,6,f,1,973.2806,1
9033,2,0,41,41,change,6,j,1,1331.4467,NA
9033,2,0,42,42,change,6,j,1,1020.5282,NA
9033,2,0,43,43,change,6,j,1,1334.3307,NA
9033,2,0,44,44,change,6,j,1,1797.7675,NA
9033,2,0,45,45,nochange,6,f,1,1086.8694,NA
9033,2,0,46,46,nochange,6,f,1,1054.2857,NA
9033,2,0,47,47,nochange,6,f,1,953.5632,NA
9033,2,0,48,48,nochange,6,f,1,766.276,1
9033,2,0,49,49,nochange,6,f,1,1586.8404,NA
9033,2,0,50,50,change,6,f,0,877.5471,NA
9033,2,0,51,51,change,6,j,1,878.2442,NA
9033,2,0,52,52,change,6,j,1,825.1987,NA
9033,2,0,53,53,change,6,j,1,1353.221,NA
9033,2,0,54,54,change,6,j,1,3327.7435,NA
9033,2,0,55,55,nochange,6,f,1,1257.3565,NA
9033,2,0,56,56,nochange,6,f,1,1260.4309,1
9033,2,0,57,57,nochange,6,f,1,1070.8256,NA
9033,2,0,58,58,nochange,6,f,1,1466.0598,NA
9033,2,0,59,59,change,6,j,1,1815.2725,NA
9033,2,0,60,60,change,6,j,1,991.8818,NA
9034,2,practice,0,1,nochange,6,f,1,1754.9807,NA
9034,2,practice,0,2,change,6,f,0,1872.5063,NA
9034,2,practice,0,3,nochange,6,f,1,1319.0757,NA
9034,2,practice,0,4,change,6,j,1,1336.8398,NA
9034,2,practice,0,5,nochange,6,f,1,1400.7635,NA
9034,2,0,1,1,nochange,6,f,1,2101.6723,NA
9034,2,0,2,2,nochange,6,f,1,2592.9063,NA
9034,2,0,3,3,change,6,j,1,1795.1894,NA
9034,2,0,4,4,nochange,6,f,1,2111.331,NA
9034,2,0,5,5,change,6,j,1,1440.0868,NA
9034,2,0,6,6,change,6,f,0,3613.0093,NA
9034,2,0,7,7,nochange,6,j,0,6699.1794,NA
9034,2,0,8,8,nochange,6,f,1,1687.9865,1
9034,2,0,9,9,change,6,f,0,361.1534,NA
9034,2,0,10,10,change,6,j,1,2057.0802,NA
9034,2,0,11,11,change,6,j,1,2717.6369,NA
9034,2,0,12,12,change,6,j,1,5381.0262,NA
9034,2,0,13,13,nochange,6,f,1,2078.7668,NA
9034,2,0,14,14,change,6,f,0,1301.3671,NA
9034,2,0,15,15,change,6,j,1,6796.1827,NA
9034,2,0,16,16,nochange,6,f,1,2266.0966,1
9034,2,0,17,17,change,6,j,1,1401.899,NA
9034,2,0,18,18,nochange,6,f,1,317.2204,NA
9034,2,0,19,19,nochange,6,f,1,1306.5392,NA
9034,2,0,20,20,change,6,j,1,3053.5616,NA
9034,2,0,21,21,change,6,f,0,1223.3273,NA
9034,2,0,22,22,nochange,6,j,0,3662.1208,NA
9034,2,0,23,23,change,6,f,0,11307.8915,NA
9034,2,0,24,24,nochange,6,j,0,4130.5409,1
9034,2,0,25,25,nochange,6,j,0,340.0968,NA
9034,2,0,26,26,nochange,6,f,1,1452.8436,NA
9034,2,0,27,27,nochange,6,f,1,1751.9512,NA
9034,2,0,28,28,change,6,j,1,1209.6804,NA
9034,2,0,29,29,nochange,6,f,1,6431.7429,NA
9034,2,0,30,30,nochange,6,f,1,1190.6539,NA
9034,2,0,31,31,change,6,f,0,4939.6407,NA
9034,2,0,32,32,change,6,j,1,1694.6003,1
9034,2,0,33,33,change,6,j,1,1860.959,NA
9034,2,0,34,34,change,6,f,0,1437.7734,NA
9034,2,0,35,35,nochange,6,f,1,1867.092,NA
9034,2,0,36,36,nochange,6,f,1,4137.4526,NA
9034,2,0,37,37,nochange,6,f,1,1106.3821,NA
9034,2,0,38,38,change,6,j,1,4647.5153,NA
9034,2,0,39,39,nochange,6,f,1,1586.0606,NA
9034,2,0,40,40,change,6,j,1,1644.4456,1
9034,2,0,41,41,change,6,f,0,1941.5184,NA
9034,2,0,42,42,change,6,j,1,1831.6223,NA
9034,2,0,43,43,nochange,6,f,1,2721.2937,NA
9034,2,0,44,44,change,6,f,0,3732.9041,NA
9034,2,0,45,45,nochange,6,f,1,2300.1254,NA
9034,2,0,46,46,nochange,6,f,1,1042.9906,NA
9034,2,0,47,47,change,6,j,1,1906.4159,NA
9034,2,0,48,48,nochange,6,j,0,5012.0764,1
9034,2,0,49,49,nochange,6,f,1,1680.3193,NA
9034,2,0,50,50,nochange,6,f,1,961.4282,NA
9034,2,0,51,51,change,6,j,1,1157.2384,NA
9034,2,0,52,52,change,6,f,0,2625.0392,NA
9034,2,0,53,53,nochange,6,f,1,1842.8738,NA
9034,2,0,54,54,change,6,j,1,2340.4013,NA
9034,2,0,55,55,nochange,6,f,1,5199.4886,NA
9034,2,0,56,56,change,6,f,0,5406.2973,1
9034,2,0,57,57,nochange,6,j,0,5651.3104,NA
9034,2,0,58,58,change,6,j,1,1380.695,NA
9034,2,0,59,59,nochange,6,f,1,1106.5639,NA
9034,2,0,60,60,change,6,j,1,2496.4495,NA
9035,2,practice,0,1,nochange,6,f,1,772.1572,NA
9035,2,practice,0,2,nochange,6,f,1,1177.7335,NA
9035,2,practice,0,3,change,6,j,1,786.6996,NA
9035,2,practice,0,4,nochange,6,f,1,670.0021,NA
9035,2,practice,0,5,nochange,6,j,0,561.9356,NA
9035,2,0,1,1,nochange,6,f,1,424.9382,NA
9035,2,0,2,2,change,6,f,0,1037.1869,NA
9035,2,0,3,3,change,6,j,1,498.8058,NA
9035,2,0,4,4,change,6,f,0,746.2777,NA
9035,2,0,5,5,nochange,6,j,0,1088.5001,NA
9035,2,0,6,6,change,6,f,0,1507.328,NA
9035,2,0,7,7,nochange,6,j,0,871.0807,NA
9035,2,0,8,8,nochange,6,f,1,6.66199999998,5
9035,2,0,9,9,nochange,6,f,1,1514.8547,NA
9035,2,0,10,10,nochange,6,f,1,1378.9015,NA
9035,2,0,11,11,nochange,6,f,1,891.3963,NA
9035,2,0,12,12,change,6,f,0,1132.9008,NA
9035,2,0,13,13,nochange,6,f,1,851.5669,NA
9035,2,0,14,14,nochange,6,j,0,406.3563,NA
9035,2,0,15,15,nochange,6,j,0,1912.9437,NA
9035,2,0,16,16,nochange,6,j,0,1200.1325,3
9035,2,0,17,17,change,6,j,1,697.1882,NA
9035,2,0,18,18,nochange,6,f,1,575.4416,NA
9035,2,0,19,19,change,6,j,1,309.1511,NA
9035,2,0,20,20,nochange,6,f,1,1605.5221,NA
9035,2,0,21,21,nochange,6,j,0,679.3139,NA
9035,2,0,22,22,change,6,f,0,6.52180000002,NA
9035,2,0,23,23,nochange,6,j,0,1667.3954,NA
9035,2,0,24,24,change,6,f,0,1145.872,5
9035,2,0,25,25,nochange,6,j,0,943.3431,NA
9035,2,0,26,26,change,6,f,0,1169.7173,NA
9035,2,0,27,27,change,6,j,1,881.659,NA
9035,2,0,28,28,nochange,6,f,1,976.9414,NA
9035,2,0,29,29,nochange,6,f,1,928.6238,NA
9035,2,0,30,30,nochange,6,f,1,1041.0525,NA
9035,2,0,31,31,change,6,j,1,870.8105,NA
9035,2,0,32,32,change,6,j,1,1208.0896,2
9035,2,0,33,33,change,6,j,1,1169.2084,NA
9035,2,0,34,34,nochange,6,f,1,970.1527,NA
9035,2,0,35,35,change,6,j,1,484.6759,NA
9035,2,0,36,36,change,6,f,0,1276.1243,NA
9035,2,0,37,37,change,6,j,1,1026.597,NA
9035,2,0,38,38,nochange,6,f,1,1876.937,NA
9035,2,0,39,39,nochange,6,f,1,1019.0387,NA
9035,2,0,40,40,nochange,6,f,1,1026.101,5
9035,2,0,41,41,change,6,j,1,1229.1938,NA
9035,2,0,42,42,change,6,j,1,2006.5509,NA
9035,2,0,43,43,change,6,f,0,853.9143,NA
9035,2,0,44,44,change,6,j,1,1363.0708,NA
9035,2,0,45,45,nochange,6,f,1,1049.312,NA
9035,2,0,46,46,change,6,j,1,924.5378,NA
9035,2,0,47,47,nochange,6,f,1,965.2969,NA
9035,2,0,48,48,change,6,j,1,1152.1019,2
9035,2,0,49,49,change,6,f,0,716.8754,NA
9035,2,0,50,50,nochange,6,j,0,826.5854,NA
9035,2,0,51,51,change,6,f,0,461.9102,NA
9035,2,0,52,52,change,6,j,1,980.2889,NA
9035,2,0,53,53,nochange,6,f,1,1278.313,NA
9035,2,0,54,54,nochange,6,f,1,862.1721,NA
9035,2,0,55,55,nochange,6,j,0,1317.9825,NA
9035,2,0,56,56,change,6,j,1,1379.9873,2
9035,2,0,57,57,change,6,j,1,1183.3924,NA
9035,2,0,58,58,nochange,6,f,1,1091.1601,NA
9035,2,0,59,59,change,6,j,1,1761.4015,NA
9035,2,0,60,60,change,6,f,0,872.8706,NA
9036,2,practice,0,1,change,6,j,1,2451.141,NA
9036,2,practice,0,2,change,6,f,0,1663.2685,NA
9036,2,practice,0,3,change,6,j,1,1752.6436,NA
9036,2,practice,0,4,change,6,j,1,1691.5937,NA
9036,2,practice,0,5,change,6,j,1,1865.4424,NA
9036,2,0,1,1,change,6,f,0,2250.037,NA
9036,2,0,2,2,nochange,6,f,1,1373.4367,NA
9036,2,0,3,3,change,6,j,1,1065.5099,NA
9036,2,0,4,4,nochange,6,f,1,2777.9029,NA
9036,2,0,5,5,nochange,6,f,1,1654.0171,NA
9036,2,0,6,6,change,6,j,1,1955.2225,NA
9036,2,0,7,7,nochange,6,f,1,1014.3773,NA
9036,2,0,8,8,change,6,j,1,1472.0466,2
9036,2,0,9,9,change,6,j,1,1627.9799,NA
9036,2,0,10,10,nochange,6,f,1,3268.3885,NA
9036,2,0,11,11,nochange,6,f,1,2200.1243,NA
9036,2,0,12,12,change,6,j,1,1035.4425,NA
9036,2,0,13,13,change,6,j,1,1030.3722,NA
9036,2,0,14,14,change,6,j,1,3230.5796,NA
9036,2,0,15,15,nochange,6,f,1,1341.4281,NA
9036,2,0,16,16,change,6,f,0,1579.9999,2
9036,2,0,17,17,nochange,6,f,1,1486.5139,NA
9036,2,0,18,18,nochange,6,f,1,1594.9271,NA
9036,2,0,19,19,nochange,6,f,1,864.6893,NA
9036,2,0,20,20,change,6,j,1,1543.461,NA
9036,2,0,21,21,change,6,f,0,1593.7792,NA
9036,2,0,22,22,nochange,6,j,0,5231.664,NA
9036,2,0,23,23,change,6,f,0,1236.5425,NA
9036,2,0,24,24,change,6,f,0,1130.9263,2
9036,2,0,25,25,change,6,f,0,1248.017,NA
9036,2,0,26,26,change,6,j,1,3897.487,NA
9036,2,0,27,27,change,6,j,1,1061.0839,NA
9036,2,0,28,28,nochange,6,f,1,1451.0206,NA
9036,2,0,29,29,change,6,j,1,1170.4893,NA
9036,2,0,30,30,nochange,6,f,1,1275.719,NA
9036,2,0,31,31,change,6,f,0,2051.9,NA
9036,2,0,32,32,change,6,j,1,4221.9224,2
9036,2,0,33,33,nochange,6,j,0,2585.3598,NA
9036,2,0,34,34,nochange,6,f,1,1149.6897,NA
9036,2,0,35,35,change,6,j,1,1066.9309,NA
9036,2,0,36,36,change,6,j,1,1243.8711,NA
9036,2,0,37,37,change,6,f,0,1960.7011,NA
9036,2,0,38,38,change,6,j,1,855.5457,NA
9036,2,0,39,39,nochange,6,f,1,3783.4609,NA
9036,2,0,40,40,change,6,j,1,1935.5924,2
9036,2,0,41,41,nochange,6,f,1,1150.4048,NA
9036,2,0,42,42,nochange,6,f,1,2721.5101,NA
9036,2,0,43,43,change,6,j,1,1136.769,NA
9036,2,0,44,44,nochange,6,f,1,1097.9489,NA
9036,2,0,45,45,nochange,6,f,1,1898.1997,NA
9036,2,0,46,46,nochange,6,f,1,1219.7866,NA
9036,2,0,47,47,change,6,j,1,2765.3741,NA
9036,2,0,48,48,nochange,6,f,1,980.5491,2
9036,2,0,49,49,nochange,6,j,0,4372.6735,NA
9036,2,0,50,50,nochange,6,f,1,972.4192,NA
9036,2,0,51,51,change,6,f,0,881.2245,NA
9036,2,0,52,52,change,6,j,1,877.7781,NA
9036,2,0,53,53,change,6,f,0,879.126,NA
9036,2,0,54,54,nochange,6,f,1,955.553,NA
9036,2,0,55,55,nochange,6,f,1,1410.2122,NA
9036,2,0,56,56,nochange,6,f,1,1278.6236,2
9036,2,0,57,57,change,6,f,0,1140.0161,NA
9036,2,0,58,58,nochange,6,f,1,2546.1207,NA
9036,2,0,59,59,nochange,6,j,0,1543.8904,NA
9036,2,0,60,60,nochange,6,f,1,1646.9108,NA
9037,2,practice,0,1,nochange,6,j,0,1255.7791,NA
9037,2,practice,0,2,change,6,j,1,1327.6272,NA
9037,2,practice,0,3,change,6,f,0,1038.8074,NA
9037,2,practice,0,4,change,6,j,1,1743.1748,NA
9037,2,practice,0,5,nochange,6,f,1,1081.0767,NA
9037,2,0,1,1,change,6,j,1,2254.7947,NA
9037,2,0,2,2,change,6,j,1,1084.3506,NA
9037,2,0,3,3,change,6,f,0,1328.7012,NA
9037,2,0,4,4,nochange,6,f,1,2031.9603,NA
9037,2,0,5,5,change,6,f,0,2189.3595,NA
9037,2,0,6,6,nochange,6,j,0,1235.9627,NA
9037,2,0,7,7,nochange,6,f,1,1267.1953,NA
9037,2,0,8,8,change,6,f,0,1540.0565,2
9037,2,0,9,9,nochange,6,f,1,1155.112,NA
9037,2,0,10,10,nochange,6,f,1,1175.8809,NA
9037,2,0,11,11,nochange,6,f,1,1124.2129,NA
9037,2,0,12,12,change,6,j,1,2535.246,NA
9037,2,0,13,13,change,6,j,1,1156.4959,NA
9037,2,0,14,14,nochange,6,f,1,1158.6432,NA
9037,2,0,15,15,nochange,6,f,1,1337.4345,NA
9037,2,0,16,16,nochange,6,f,1,1296.9022,1
9037,2,0,17,17,nochange,6,f,1,2374.1106,NA
9037,2,0,18,18,nochange,6,f,1,1565.4404,NA
9037,2,0,19,19,nochange,6,f,1,1583.08,NA
9037,2,0,20,20,nochange,6,f,1,2581.4651,NA
9037,2,0,21,21,change,6,j,1,2199.9086,NA
9037,2,0,22,22,change,6,f,0,1536.9419,NA
9037,2,0,23,23,change,6,j,1,1473.2631,NA
9037,2,0,24,24,change,6,j,1,1467.0397,2
9037,2,0,25,25,change,6,j,1,1201.4963,NA
9037,2,0,26,26,change,6,j,1,1007.4805,NA
9037,2,0,27,27,change,6,f,0,2141.5974,NA
9037,2,0,28,28,change,6,j,1,1412.8839,NA
9037,2,0,29,29,nochange,6,f,1,1097.5995,NA
9037,2,0,30,30,change,6,j,1,1542.4464,NA
9037,2,0,31,31,change,6,j,1,1426.8954,NA
9037,2,0,32,32,change,6,f,0,1068.3793,2
9037,2,0,33,33,change,6,j,1,1271.8658,NA
9037,2,0,34,34,change,6,f,0,2861.6527,NA
9037,2,0,35,35,nochange,6,j,0,6873.6875,NA
9037,2,0,36,36,nochange,6,f,1,1072.3617,NA
9037,2,0,37,37,nochange,6,j,0,1803.4228,NA
9037,2,0,38,38,nochange,6,j,0,2031.907,NA
9037,2,0,39,39,change,6,j,1,1191.5785,NA
9037,2,0,40,40,nochange,6,f,1,1155.4402,3
9037,2,0,41,41,nochange,6,f,1,1046.761,NA
9037,2,0,42,42,change,6,f,0,2295.9877,NA
9037,2,0,43,43,change,6,f,0,2389.6008,NA
9037,2,0,44,44,change,6,j,1,1323.4503,NA
9037,2,0,45,45,change,6,j,1,1271.7553,NA
9037,2,0,46,46,nochange,6,f,1,912.7963,NA
9037,2,0,47,47,nochange,6,f,1,987.7491,NA
9037,2,0,48,48,nochange,6,f,1,1645.4698,3
9037,2,0,49,49,nochange,6,f,1,1094.9941,NA
9037,2,0,50,50,nochange,6,j,0,1981.9967,NA
9037,2,0,51,51,nochange,6,f,1,2042.3752,NA
9037,2,0,52,52,change,6,j,1,1336.8087,NA
9037,2,0,53,53,change,6,j,1,2217.2675,NA
9037,2,0,54,54,nochange,6,f,1,1374.2262,NA
9037,2,0,55,55,change,6,j,1,1387.8073,NA
9037,2,0,56,56,change,6,j,1,1149.4492,3
9037,2,0,57,57,change,6,j,1,1057.9794,NA
9037,2,0,58,58,nochange,6,f,1,1940.6021,NA
9037,2,0,59,59,nochange,6,f,1,1497.4097,NA
9037,2,0,60,60,nochange,6,j,0,1284.3544,NA
9038,2,practice,0,1,nochange,6,f,1,2779.6283,NA
9038,2,practice,0,2,change,6,f,0,0.534299999992,NA
9038,2,practice,0,3,change,6,j,1,0.325299999997,NA
9038,2,practice,0,4,change,6,f,0,0.520999999993,NA
9038,2,practice,0,5,nochange,6,f,1,0.274199999985,NA
9038,2,0,1,1,nochange,6,f,1,19.4879,NA
9038,2,0,2,2,nochange,6,j,0,5.4706,NA
9038,2,0,3,3,nochange,6,f,1,11.1243,NA
9038,2,0,4,4,change,6,j,1,9.62640000001,NA
9038,2,0,5,5,nochange,6,f,1,5.96549999999,NA
9038,2,0,6,6,change,6,f,0,1004.7348,NA
9038,2,0,7,7,nochange,6,f,1,4.9553,NA
9038,2,0,8,8,change,6,f,0,4.68319999997,4
9038,2,0,9,9,nochange,6,j,0,5.34289999999,NA
9038,2,0,10,10,change,6,f,0,7.94439999998,NA
9038,2,0,11,11,nochange,6,f,1,1588.4563,NA
9038,2,0,12,12,nochange,6,j,0,283.0502,NA
9038,2,0,13,13,change,6,f,0,3.56300000002,NA
9038,2,0,14,14,nochange,6,f,1,8.6581,NA
9038,2,0,15,15,change,6,f,0,6.58720000001,NA
9038,2,0,16,16,change,6,f,0,3.0894,4
9038,2,0,17,17,change,6,f,0,2002.8428,NA
9038,2,0,18,18,change,6,j,1,6.02649999998,NA
9038,2,0,19,19,nochange,6,f,1,9.4774,NA
9038,2,0,20,20,nochange,6,f,1,9.94279999999,NA
9038,2,0,21,21,change,6,f,0,8.18009999997,NA
9038,2,0,22,22,nochange,6,f,1,10.2021,NA
9038,2,0,23,23,nochange,6,j,0,11.492,NA
9038,2,0,24,24,change,6,f,0,7.95729999998,4
9038,2,0,25,25,nochange,6,f,1,11.8323,NA
9038,2,0,26,26,change,6,f,0,16.4830000001,NA
9038,2,0,27,27,change,6,f,0,2909.1454,NA
9038,2,0,28,28,change,6,f,0,6.44949999999,NA
9038,2,0,29,29,change,6,f,0,7.30930000002,NA
9038,2,0,30,30,nochange,6,j,0,13.8331999999,NA
9038,2,0,31,31,nochange,6,j,0,7.5808,NA
9038,2,0,32,32,nochange,6,f,1,12.0223,2
9038,2,0,33,33,nochange,6,f,1,5.19419999997,NA
9038,2,0,34,34,change,6,f,0,8.85749999998,NA
9038,2,0,35,35,nochange,6,f,1,4.63870000007,NA
9038,2,0,36,36,nochange,6,f,1,1674.0625,NA
9038,2,0,37,37,change,6,j,1,1430.7675,NA
9038,2,0,38,38,nochange,6,j,0,1808.1035,NA
9038,2,0,39,39,change,6,j,1,4389.11,NA
9038,2,0,40,40,nochange,6,f,1,4567.3092,3
9038,2,0,41,41,nochange,6,f,1,2143.2667,NA
9038,2,0,42,42,nochange,6,f,1,5.58689999999,NA
9038,2,0,43,43,nochange,6,f,1,10.6853,NA
9038,2,0,44,44,nochange,6,f,1,1028.3757,NA
9038,2,0,45,45,change,6,f,0,8.00089999998,NA
9038,2,0,46,46,nochange,6,f,1,824.4231,NA
9038,2,0,47,47,change,6,f,0,5.88340000005,NA
9038,2,0,48,48,change,6,f,0,7.57159999997,3
9038,2,0,49,49,change,6,j,1,4.66760000004,NA
9038,2,0,50,50,change,6,j,1,3.47389999992,NA
9038,2,0,51,51,nochange,6,j,0,2161.892,NA
9038,2,0,52,52,change,6,j,1,6.02259999997,NA
9038,2,0,53,53,nochange,6,j,0,3.99080000003,NA
9038,2,0,54,54,change,6,j,1,2.95549999998,NA
9038,2,0,55,55,change,6,j,1,10.2871,NA
9038,2,0,56,56,change,6,f,0,5.59600000002,2
9038,2,0,57,57,nochange,6,j,0,11.2273,NA
9038,2,0,58,58,change,6,f,0,6.72899999999,NA
9038,2,0,59,59,change,6,f,0,8.42430000001,NA
9038,2,0,60,60,change,6,f,0,9.47799999994,NA
9039,2,practice,0,1,change,6,j,1,2157.6742,NA
9039,2,practice,0,2,change,6,f,0,1752.5805,NA
9039,2,practice,0,3,nochange,6,j,0,1518.8053,NA
9039,2,practice,0,4,nochange,6,f,1,1413.0029,NA
9039,2,practice,0,5,nochange,6,f,1,1471.3558,NA
9039,2,0,1,1,change,6,f,0,2819.8712,NA
9039,2,0,2,2,nochange,6,f,1,1400.7115,NA
9039,2,0,3,3,nochange,6,f,1,2743.2682,NA
9039,2,0,4,4,change,6,f,0,2062.449,NA
9039,2,0,5,5,change,6,j,1,1339.3551,NA
9039,2,0,6,6,change,6,j,1,1453.2906,NA
9039,2,0,7,7,nochange,6,f,1,1070.4306,NA
9039,2,0,8,8,nochange,6,f,1,2487.0747,1
9039,2,0,9,9,nochange,6,f,1,5.00599999999,NA
9039,2,0,10,10,nochange,6,f,1,2321.7854,NA
9039,2,0,11,11,nochange,6,f,1,1404.5925,NA
9039,2,0,12,12,change,6,f,0,2135.5514,NA
9039,2,0,13,13,nochange,6,f,1,1123.4031,NA
9039,2,0,14,14,change,6,j,1,1962.674,NA
9039,2,0,15,15,change,6,j,1,1266.8453,NA
9039,2,0,16,16,change,6,j,1,4476.2489,2
9039,2,0,17,17,nochange,6,f,1,1163.3949,NA
9039,2,0,18,18,nochange,6,f,1,2713.6911,NA
9039,2,0,19,19,nochange,6,f,1,1623.3244,NA
9039,2,0,20,20,nochange,6,f,1,930.9722,NA
9039,2,0,21,21,change,6,j,1,1289.9563,NA
9039,2,0,22,22,change,6,j,1,927.536,NA
9039,2,0,23,23,change,6,f,0,1635.4945,NA
9039,2,0,24,24,change,6,f,0,1117.3665,3
9039,2,0,25,25,nochange,6,f,1,1007.2857,NA
9039,2,0,26,26,change,6,j,1,1252.7364,NA
9039,2,0,27,27,change,6,j,1,1359.8693,NA
9039,2,0,28,28,nochange,6,f,1,1302.18,NA
9039,2,0,29,29,change,6,j,1,2850.084,NA
9039,2,0,30,30,nochange,6,f,1,1776.9294,NA
9039,2,0,31,31,nochange,6,f,1,2170.0973,NA
9039,2,0,32,32,change,6,f,0,3648.4976,2
9039,2,0,33,33,change,6,f,0,7.2697,NA
9039,2,0,34,34,nochange,6,f,1,1134.1248,NA
9039,2,0,35,35,change,6,j,1,1583.7766,NA
9039,2,0,36,36,nochange,6,f,1,1608.7959,NA
9039,2,0,37,37,change,6,j,1,1034.4962,NA
9039,2,0,38,38,change,6,j,1,1209.4371,NA
9039,2,0,39,39,change,6,j,1,4927.6624,NA
9039,2,0,40,40,change,6,f,0,1287.7359,3
9039,2,0,41,41,nochange,6,f,1,1695.0607,NA
9039,2,0,42,42,change,6,j,1,2711.4265,NA
9039,2,0,43,43,change,6,f,0,1075.0044,NA
9039,2,0,44,44,nochange,6,f,1,1293.6415,NA
9039,2,0,45,45,nochange,6,j,0,1625.4406,NA
9039,2,0,46,46,change,6,f,0,1362.3742,NA
9039,2,0,47,47,nochange,6,f,1,1008.5251,NA
9039,2,0,48,48,nochange,6,j,0,4692.3608,2
9039,2,0,49,49,nochange,6,f,1,1196.09,NA
9039,2,0,50,50,nochange,6,f,1,1027.0447,NA
9039,2,0,51,51,change,6,f,0,1675.0466,NA
9039,2,0,52,52,nochange,6,j,0,1954.8133,NA
9039,2,0,53,53,change,6,f,0,1435.2907,NA
9039,2,0,54,54,change,6,f,0,1442.1698,NA
9039,2,0,55,55,change,6,f,0,3395.6471,NA
9039,2,0,56,56,nochange,6,f,1,1051.539,2
9039,2,0,57,57,change,6,f,0,5.73320000002,NA
9039,2,0,58,58,nochange,6,f,1,3.07050000003,NA
9039,2,0,59,59,nochange,6,f,1,2005.6933,NA
9039,2,0,60,60,nochange,6,f,1,1494.2647,NA
9041,2,practice,0,1,change,6,j,1,1822.8763,NA
9041,2,practice,0,2,change,6,f,0,983.4246,NA
9041,2,practice,0,3,change,6,j,1,2295.1811,NA
9041,2,practice,0,4,change,6,j,1,1749.8252,NA
9041,2,practice,0,5,nochange,6,f,1,882.7595,NA
9041,2,0,1,1,change,6,j,1,2794.7201,NA
9041,2,0,2,2,change,6,j,1,2003.0164,NA
9041,2,0,3,3,change,6,j,1,1225.5432,NA
9041,2,0,4,4,nochange,6,f,1,1055.993,NA
9041,2,0,5,5,change,6,f,0,6014.9723,NA
9041,2,0,6,6,nochange,6,f,1,923.2434,NA
9041,2,0,7,7,nochange,6,f,1,793.7081,NA
9041,2,0,8,8,change,6,f,0,1701.076,1
9041,2,0,9,9,nochange,6,f,1,1392.1681,NA
9041,2,0,10,10,change,6,j,1,913.2535,NA
9041,2,0,11,11,nochange,6,j,0,3931.7886,NA
9041,2,0,12,12,change,6,j,1,1683.1508,NA
9041,2,0,13,13,change,6,f,0,1470.55,NA
9041,2,0,14,14,nochange,6,f,1,1033.1389,NA
9041,2,0,15,15,nochange,6,f,1,1331.6536,NA
9041,2,0,16,16,nochange,6,f,1,1873.9879,1
9041,2,0,17,17,change,6,f,0,1218.904,NA
9041,2,0,18,18,nochange,6,j,0,1331.935,NA
9041,2,0,19,19,nochange,6,f,1,1372.2929,NA
9041,2,0,20,20,change,6,j,1,1502.1122,NA
9041,2,0,21,21,nochange,6,f,1,1099.822,NA
9041,2,0,22,22,change,6,j,1,1191.551,NA
9041,2,0,23,23,change,6,j,1,1182.8991,NA
9041,2,0,24,24,nochange,6,f,1,1288.4217,1
9041,2,0,25,25,nochange,6,f,1,1033.7157,NA
9041,2,0,26,26,nochange,6,f,1,1226.5227,NA
9041,2,0,27,27,nochange,6,f,1,938.3449,NA
9041,2,0,28,28,change,6,j,1,1928.982,NA
9041,2,0,29,29,change,6,j,1,1363.7429,NA
9041,2,0,30,30,change,6,j,1,1723.8504,NA
9041,2,0,31,31,nochange,6,f,1,1881.0057,NA
9041,2,0,32,32,change,6,j,1,1359.467,1
9041,2,0,33,33,change,6,j,1,1515.082,NA
9041,2,0,34,34,change,6,j,1,1013.18,NA
9041,2,0,35,35,nochange,6,j,0,1498.5172,NA
9041,2,0,36,36,nochange,6,f,1,1467.2201,NA
9041,2,0,37,37,nochange,6,f,1,1137.1976,NA
9041,2,0,38,38,nochange,6,f,1,1935.8217,NA
9041,2,0,39,39,change,6,j,1,1318.5619,NA
9041,2,0,40,40,nochange,6,f,1,2320.2134,1
9041,2,0,41,41,change,6,f,0,1215.3506,NA
9041,2,0,42,42,nochange,6,f,1,1889.3068,NA
9041,2,0,43,43,change,6,j,1,1693.3527,NA
9041,2,0,44,44,nochange,6,f,1,1324.9223,NA
9041,2,0,45,45,nochange,6,f,1,1400.6987,NA
9041,2,0,46,46,nochange,6,f,1,1072.1394,NA
9041,2,0,47,47,change,6,j,1,1138.5153,NA
9041,2,0,48,48,change,6,f,0,1320.1463,1
9041,2,0,49,49,nochange,6,f,1,1043.35,NA
9041,2,0,50,50,nochange,6,f,1,950.1342,NA
9041,2,0,51,51,change,6,j,1,1214.5725,NA
9041,2,0,52,52,change,6,j,1,1072.2769,NA
9041,2,0,53,53,change,6,j,1,1021.0815,NA
9041,2,0,54,54,change,6,f,0,4350.3945,NA
9041,2,0,55,55,change,6,j,1,1261.2893,NA
9041,2,0,56,56,change,6,j,1,942.9451,1
9041,2,0,57,57,nochange,6,f,1,330.5244,NA
9041,2,0,58,58,nochange,6,j,0,2645.1829,NA
9041,2,0,59,59,change,6,j,1,1334.8454,NA
9041,2,0,60,60,nochange,6,f,1,2251.8878,NA
9042,2,practice,0,1,nochange,6,f,1,3065.5409,NA
9042,2,practice,0,2,nochange,6,j,0,1292.5806,NA
9042,2,practice,0,3,change,6,j,1,878.1794,NA
9042,2,practice,0,4,change,6,j,1,932.0774,NA
9042,2,practice,0,5,nochange,6,f,1,1318.5557,NA
9042,2,0,1,1,change,6,j,1,1605.2676,NA
9042,2,0,2,2,change,6,f,0,1516.7538,NA
9042,2,0,3,3,change,6,j,1,1081.7583,NA
9042,2,0,4,4,nochange,6,f,1,1236.1636,NA
9042,2,0,5,5,nochange,6,f,1,1291.3713,NA
9042,2,0,6,6,nochange,6,f,1,2437.8737,NA
9042,2,0,7,7,change,6,j,1,1319.2663,NA
9042,2,0,8,8,nochange,6,f,1,1160.2231,1
9042,2,0,9,9,nochange,6,f,1,908.0609,NA
9042,2,0,10,10,change,6,j,1,971.0296,NA
9042,2,0,11,11,change,6,j,1,1042.6937,NA
9042,2,0,12,12,change,6,j,1,1007.2394,NA
9042,2,0,13,13,nochange,6,f,1,2002.2485,NA
9042,2,0,14,14,nochange,6,f,1,998.1788,NA
9042,2,0,15,15,nochange,6,f,1,812.2894,NA
9042,2,0,16,16,nochange,6,f,1,833.1502,1
9042,2,0,17,17,change,6,j,1,895.5908,NA
9042,2,0,18,18,nochange,6,f,1,1649.3726,NA
9042,2,0,19,19,nochange,6,f,1,1774.9478,NA
9042,2,0,20,20,change,6,f,0,1775.1048,NA
9042,2,0,21,21,change,6,j,1,2687.5236,NA
9042,2,0,22,22,change,6,j,1,1105.1933,NA
9042,2,0,23,23,nochange,6,f,1,1130.8717,NA
9042,2,0,24,24,change,6,j,1,1525.5421,1
9042,2,0,25,25,nochange,6,f,1,1058.545,NA
9042,2,0,26,26,change,6,j,1,3388.3279000000002,NA
9042,2,0,27,27,change,6,f,0,1363.966,NA
9042,2,0,28,28,change,6,f,0,1462.7696,NA
9042,2,0,29,29,nochange,6,f,1,1050.4575,NA
9042,2,0,30,30,nochange,6,f,1,988.5247,NA
9042,2,0,31,31,change,6,f,0,1975.2185,NA
9042,2,0,32,32,change,6,f,0,913.4943,1
9042,2,0,33,33,change,6,f,0,908.3147,NA
9042,2,0,34,34,nochange,6,f,1,845.5791,NA
9042,2,0,35,35,change,6,f,0,2341.0703,NA
9042,2,0,36,36,nochange,6,f,1,4387.2038,NA
9042,2,0,37,37,change,6,j,1,1037.4342,NA
9042,2,0,38,38,change,6,f,0,1206.7,NA
9042,2,0,39,39,change,6,f,0,970.8265,NA
9042,2,0,40,40,nochange,6,f,1,2359.3972,1
9042,2,0,41,41,nochange,6,f,1,828.3996,NA
9042,2,0,42,42,change,6,f,0,2996.2599,NA
9042,2,0,43,43,nochange,6,f,1,850.5476,NA
9042,2,0,44,44,nochange,6,f,1,965.4408,NA
9042,2,0,45,45,nochange,6,f,1,1081.8322,NA
9042,2,0,46,46,nochange,6,f,1,742.3857,NA
9042,2,0,47,47,change,6,f,0,5191.1168,NA
9042,2,0,48,48,nochange,6,f,1,996.0226,1
9042,2,0,49,49,nochange,6,f,1,1388.0657,NA
9042,2,0,50,50,nochange,6,f,1,1356.9836,NA
9042,2,0,51,51,change,6,f,0,1970.903,NA
9042,2,0,52,52,change,6,f,0,1838.7092,NA
9042,2,0,53,53,change,6,f,0,1043.9577,NA
9042,2,0,54,54,nochange,6,f,1,929.1491,NA
9042,2,0,55,55,nochange,6,f,1,1174.342,NA
9042,2,0,56,56,change,6,f,0,1049.3607,1
9042,2,0,57,57,nochange,6,f,1,2543.3917,NA
9042,2,0,58,58,nochange,6,f,1,836.9822,NA
9042,2,0,59,59,change,6,j,1,3616.5385,NA
9042,2,0,60,60,change,6,f,0,1381.3767,NA
9044,2,practice,0,1,nochange,6,j,0,2662.9066,NA
9044,2,practice,0,2,nochange,6,f,1,750.7646,NA
9044,2,practice,0,3,change,6,j,1,664.4436,NA
9044,2,practice,0,4,nochange,6,f,1,1485.1869,NA
9044,2,practice,0,5,nochange,6,j,0,556.9847,NA
9044,2,0,1,1,nochange,6,f,1,729.6046,NA
9044,2,0,2,2,change,6,f,0,861.3751,NA
9044,2,0,3,3,change,6,j,1,845.7534,NA
9044,2,0,4,4,nochange,6,f,1,713.0849,NA
9044,2,0,5,5,change,6,j,1,548.8883,NA
9044,2,0,6,6,change,6,j,1,1189.2463,NA
9044,2,0,7,7,change,6,j,1,2264.3721,NA
9044,2,0,8,8,nochange,6,f,1,729.5106,4
9044,2,0,9,9,nochange,6,f,1,606.4835,NA
9044,2,0,10,10,change,6,j,1,1345.2476,NA
9044,2,0,11,11,nochange,6,j,0,739.9048,NA
9044,2,0,12,12,change,6,f,0,616.8761,NA
9044,2,0,13,13,change,6,f,0,1224.8632,NA
9044,2,0,14,14,change,6,j,1,741.3091,NA
9044,2,0,15,15,change,6,j,1,977.147,NA
9044,2,0,16,16,nochange,6,j,0,1907.73,4
9044,2,0,17,17,nochange,6,f,1,952.9121,NA
9044,2,0,18,18,nochange,6,f,1,1032.8509,NA
9044,2,0,19,19,change,6,f,0,1257.2198,NA
9044,2,0,20,20,nochange,6,f,1,721.1362,NA
9044,2,0,21,21,change,6,f,0,2655.054,NA
9044,2,0,22,22,nochange,6,j,0,1389.5325,NA
9044,2,0,23,23,change,6,j,1,1210.4684,NA
9044,2,0,24,24,change,6,j,1,1062.1346,3
9044,2,0,25,25,nochange,6,f,1,919.211,NA
9044,2,0,26,26,nochange,6,f,1,1438.6322,NA
9044,2,0,27,27,nochange,6,f,1,1207.5159,NA
9044,2,0,28,28,nochange,6,f,1,1285.6069,NA
9044,2,0,29,29,nochange,6,j,0,1047.0022,NA
9044,2,0,30,30,nochange,6,f,1,1454.4889,NA
9044,2,0,31,31,nochange,6,f,1,1689.4961,NA
9044,2,0,32,32,change,6,j,1,1680.2491,3
9044,2,0,33,33,change,6,j,1,2536.5637,NA
9044,2,0,34,34,change,6,f,0,1205.6101,NA
9044,2,0,35,35,change,6,j,1,1416.6902,NA
9044,2,0,36,36,nochange,6,f,1,1287.313,NA
9044,2,0,37,37,nochange,6,j,0,1979.1091,NA
9044,2,0,38,38,nochange,6,f,1,2348.39,NA
9044,2,0,39,39,change,6,j,1,1215.0455,NA
9044,2,0,40,40,change,6,f,0,866.6401,3
9044,2,0,41,41,nochange,6,j,0,768.7546,NA
9044,2,0,42,42,change,6,j,1,1100.1923,NA
9044,2,0,43,43,nochange,6,f,1,1034.5746,NA
9044,2,0,44,44,nochange,6,f,1,4051.1619,NA
9044,2,0,45,45,nochange,6,f,1,1800.2309,NA
9044,2,0,46,46,change,6,j,1,1142.0641,NA
9044,2,0,47,47,change,6,j,1,1620.4091,NA
9044,2,0,48,48,nochange,6,j,0,672.1193,4
9044,2,0,49,49,change,6,f,0,4.22070000001,NA
9044,2,0,50,50,nochange,6,f,1,1398.3264,NA
9044,2,0,51,51,nochange,6,f,1,1685.8155,NA
9044,2,0,52,52,nochange,6,j,0,1351.6365,NA
9044,2,0,53,53,change,6,j,1,1107.5401,NA
9044,2,0,54,54,nochange,6,j,0,4179.7385,NA
9044,2,0,55,55,change,6,j,1,1857.5381,NA
9044,2,0,56,56,nochange,6,f,1,3438.1889,4
9044,2,0,57,57,change,6,j,1,1624.627,NA
9044,2,0,58,58,change,6,f,0,579.5352,NA
9044,2,0,59,59,change,6,j,1,816.8387,NA
9044,2,0,60,60,change,6,j,1,1162.8398,NA
9045,2,practice,0,1,change,6,f,0,2964.5873,NA
9045,2,practice,0,2,change,6,j,1,375.6829,NA
9045,2,practice,0,3,change,6,j,1,443.191,NA
9045,2,practice,0,4,change,6,f,0,434.6976,NA
9045,2,practice,0,5,change,6,f,0,353.1682,NA
9045,2,0,1,1,change,6,f,0,347.2279,NA
9045,2,0,2,2,change,6,j,1,410.7566,NA
9045,2,0,3,3,change,6,j,1,902.4307,NA
9045,2,0,4,4,nochange,6,j,0,1095.3909,NA
9045,2,0,5,5,change,6,j,1,1078.9549,NA
9045,2,0,6,6,nochange,6,f,1,1788.6504,NA
9045,2,0,7,7,change,6,f,0,3386.2586,NA
9045,2,0,8,8,nochange,6,j,0,766.1391,1
9045,2,0,9,9,nochange,6,j,0,1193.0719,NA
9045,2,0,10,10,change,6,j,1,997.3014,NA
9045,2,0,11,11,nochange,6,f,1,1278.1176,NA
9045,2,0,12,12,nochange,6,j,0,1057.3023,NA
9045,2,0,13,13,change,6,j,1,2655.9813,NA
9045,2,0,14,14,nochange,6,j,0,3198.8664,NA
9045,2,0,15,15,nochange,6,f,1,2213.3882,NA
9045,2,0,16,16,change,6,j,1,406.955,1
9045,2,0,17,17,nochange,6,f,1,454.0812,NA
9045,2,0,18,18,nochange,6,j,0,7.60370000001,NA
9045,2,0,19,19,change,6,f,0,735.0115,NA
9045,2,0,20,20,change,6,f,0,1251.6614,NA
9045,2,0,21,21,change,6,j,1,1536.1082,NA
9045,2,0,22,22,change,6,j,1,4281.4347,NA
9045,2,0,23,23,nochange,6,f,1,1216.3868,NA
9045,2,0,24,24,change,6,j,1,1359.8932,1
9045,2,0,25,25,nochange,6,f,1,1275.0775,NA
9045,2,0,26,26,change,6,j,1,1195.7549,NA
9045,2,0,27,27,nochange,6,f,1,1277.0029,NA
9045,2,0,28,28,change,6,j,1,2134.3666,NA
9045,2,0,29,29,change,6,f,0,2069.2712,NA
9045,2,0,30,30,change,6,j,1,539.0949,NA
9045,2,0,31,31,change,6,f,0,3585.6731,NA
9045,2,0,32,32,nochange,6,j,0,2193.2471,1
9045,2,0,33,33,change,6,f,0,2651.433,NA
9045,2,0,34,34,nochange,6,j,0,1261.8865,NA
9045,2,0,35,35,nochange,6,j,0,1904.5268,NA
9045,2,0,36,36,nochange,6,j,0,1283.495,NA
9045,2,0,37,37,nochange,6,f,1,816.6442,NA
9045,2,0,38,38,change,6,j,1,650.7702,NA
9045,2,0,39,39,change,6,f,0,758.192,NA
9045,2,0,40,40,nochange,6,f,1,2366.572,2
9045,2,0,41,41,change,6,j,1,3511.1055,NA
9045,2,0,42,42,nochange,6,j,0,19420.138,NA
9045,2,0,43,43,nochange,6,f,1,6.34199999995,NA
9045,2,0,44,44,nochange,6,f,1,3.77240000002,NA
9045,2,0,45,45,change,6,f,0,8.90369999997,NA
9045,2,0,46,46,change,6,j,1,1620.4625,NA
9045,2,0,47,47,change,6,f,0,2479.7416,NA
9045,2,0,48,48,nochange,6,j,0,2146.872,2
9045,2,0,49,49,nochange,6,f,1,1998.2934,NA
9045,2,0,50,50,nochange,6,f,1,884.3793,NA
9045,2,0,51,51,nochange,6,j,0,1119.8116,NA
9045,2,0,52,52,nochange,6,f,1,1403.4056,NA
9045,2,0,53,53,nochange,6,j,0,3378.8996,NA
9045,2,0,54,54,change,6,f,0,939.5688,NA
9045,2,0,55,55,change,6,f,0,2813.855,NA
9045,2,0,56,56,change,6,j,1,1132.6343,5
9045,2,0,57,57,nochange,6,f,1,361.7855,NA
9045,2,0,58,58,change,6,j,1,328.4958,NA
9045,2,0,59,59,nochange,6,f,1,1084.3219,NA
9045,2,0,60,60,change,6,j,1,1458.845,NA
9046,2,practice,0,1,change,6,f,0,2072.283,NA
9046,2,practice,0,2,nochange,6,j,0,883.8535,NA
9046,2,practice,0,3,change,6,f,0,1223.1269,NA
9046,2,practice,0,4,change,6,j,1,1024.1041,NA
9046,2,practice,0,5,change,6,j,1,1033.1473,NA
9046,2,0,1,1,change,6,f,0,1105.6028,NA
9046,2,0,2,2,change,6,f,0,1749.7397,NA
9046,2,0,3,3,change,6,j,1,1122.9869,NA
9046,2,0,4,4,change,6,j,1,2631.0562,NA
9046,2,0,5,5,change,6,f,0,1046.8824,NA
9046,2,0,6,6,nochange,6,f,1,1438.9023,NA
9046,2,0,7,7,change,6,f,0,1366.2076,NA
9046,2,0,8,8,change,6,j,1,1168.9763,2
9046,2,0,9,9,nochange,6,f,1,1491.41,NA
9046,2,0,10,10,nochange,6,f,1,1435.0183,NA
9046,2,0,11,11,change,6,j,1,1862.8921,NA
9046,2,0,12,12,nochange,6,f,1,2680.8249,NA
9046,2,0,13,13,nochange,6,f,1,1025.3342,NA
9046,2,0,14,14,change,6,f,0,964.5962,NA
9046,2,0,15,15,change,6,f,0,1252.9498,NA
9046,2,0,16,16,nochange,6,j,0,1270.347,1
9046,2,0,17,17,nochange,6,f,1,1291.0756,NA
9046,2,0,18,18,change,6,f,0,1016.2702,NA
9046,2,0,19,19,change,6,j,1,1252.7776,NA
9046,2,0,20,20,change,6,j,1,1392.7378,NA
9046,2,0,21,21,nochange,6,f,1,1230.3577,NA
9046,2,0,22,22,change,6,f,0,1008.8079,NA
9046,2,0,23,23,change,6,j,1,1142.5807,NA
9046,2,0,24,24,nochange,6,f,1,1206.4216,1
9046,2,0,25,25,nochange,6,f,1,948.4004,NA
9046,2,0,26,26,change,6,f,0,1223.9037,NA
9046,2,0,27,27,nochange,6,f,1,1263.7577000000001,NA
9046,2,0,28,28,change,6,f,0,1633.1479,NA
9046,2,0,29,29,change,6,j,1,1284.2567,NA
9046,2,0,30,30,nochange,6,f,1,1483.4073,NA
9046,2,0,31,31,nochange,6,f,1,1546.2929,NA
9046,2,0,32,32,nochange,6,f,1,963.7286,1
9046,2,0,33,33,nochange,6,f,1,1043.803,NA
9046,2,0,34,34,nochange,6,f,1,1900.2588,NA
9046,2,0,35,35,change,6,j,1,929.1373,NA
9046,2,0,36,36,nochange,6,f,1,1502.5255,NA
9046,2,0,37,37,change,6,j,1,3352.7686,NA
9046,2,0,38,38,change,6,j,1,3.78109999996,NA
9046,2,0,39,39,nochange,6,f,1,1899.3618,NA
9046,2,0,40,40,change,6,f,0,3458.7965,2
9046,2,0,41,41,change,6,j,1,929.8097,NA
9046,2,0,42,42,change,6,j,1,1608.3781,NA
9046,2,0,43,43,nochange,6,f,1,2023.6119,NA
9046,2,0,44,44,nochange,6,f,1,1138.6164,NA
9046,2,0,45,45,nochange,6,f,1,949.8275,NA
9046,2,0,46,46,change,6,j,1,1943.2341,NA
9046,2,0,47,47,nochange,6,f,1,1367.0574,NA
9046,2,0,48,48,change,6,j,1,2845.2181,1
9046,2,0,49,49,change,6,j,1,1005.1007,NA
9046,2,0,50,50,nochange,6,f,1,1339.9964,NA
9046,2,0,51,51,nochange,6,f,1,918.6332,NA
9046,2,0,52,52,nochange,6,f,1,878.6829,NA
9046,2,0,53,53,nochange,6,f,1,1187.126,NA
9046,2,0,54,54,nochange,6,f,1,950.4584,NA
9046,2,0,55,55,change,6,j,1,944.499,NA
9046,2,0,56,56,change,6,f,0,1174.0624,1
9046,2,0,57,57,nochange,6,f,1,865.6646,NA
9046,2,0,58,58,nochange,6,f,1,1000.9281,NA
9046,2,0,59,59,nochange,6,j,0,1614.2393,NA
9046,2,0,60,60,change,6,j,1,1179.0629,NA
9047,2,practice,0,1,nochange,6,j,0,406.4501,NA
9047,2,practice,0,2,change,6,f,0,277.8233,NA
9047,2,practice,0,3,nochange,6,f,1,1.46119999999,NA
9047,2,practice,0,4,change,6,f,0,0.209900000002,NA
9047,2,practice,0,5,nochange,6,j,0,0.144399999997,NA
9047,2,0,1,1,nochange,6,f,1,23.1521,NA
9047,2,0,2,2,nochange,6,f,1,276.5453,NA
9047,2,0,3,3,change,6,j,1,6.0805,NA
9047,2,0,4,4,change,6,f,0,291.1256,NA
9047,2,0,5,5,change,6,j,1,320.4079,NA
9047,2,0,6,6,change,6,f,0,7.14039999999,NA
9047,2,0,7,7,change,6,f,0,439.3472,NA
9047,2,0,8,8,change,6,j,1,297.3247,2
9047,2,0,9,9,nochange,6,f,1,329.8795,NA
9047,2,0,10,10,nochange,6,f,1,328.6005,NA
9047,2,0,11,11,change,6,j,1,734.1673,NA
9047,2,0,12,12,nochange,6,f,1,343.0798,NA
9047,2,0,13,13,nochange,6,f,1,379.7233,NA
9047,2,0,14,14,nochange,6,j,0,317.4804,NA
9047,2,0,15,15,nochange,6,f,1,302.9041,NA
9047,2,0,16,16,change,6,f,0,282.2641,3
9047,2,0,17,17,change,6,j,1,331.4606,NA
9047,2,0,18,18,change,6,f,0,930.4597,NA
9047,2,0,19,19,change,6,j,1,5.54790000001,NA
9047,2,0,20,20,change,6,f,0,3.23389999999,NA
9047,2,0,21,21,change,6,f,0,9.67250000002,NA
9047,2,0,22,22,nochange,6,j,0,6.86989999999,NA
9047,2,0,23,23,change,6,f,0,7.91930000001,NA
9047,2,0,24,24,nochange,6,f,1,3.86280000003,2
9047,2,0,25,25,nochange,6,f,1,543.9944,NA
9047,2,0,26,26,change,6,f,0,316.7555,NA
9047,2,0,27,27,nochange,6,f,1,556.2182,NA
9047,2,0,28,28,change,6,f,0,313.7214,NA
9047,2,0,29,29,change,6,f,0,406.0667,NA
9047,2,0,30,30,nochange,6,f,1,444.5618,NA
9047,2,0,31,31,nochange,6,f,1,720.769,NA
9047,2,0,32,32,change,6,f,0,609.2561,2
9047,2,0,33,33,change,6,f,0,352.31,NA
9047,2,0,34,34,nochange,6,f,1,333.7932,NA
9047,2,0,35,35,change,6,f,0,1477.7534,NA
9047,2,0,36,36,nochange,6,f,1,563.9169,NA
9047,2,0,37,37,nochange,6,j,0,343.6027,NA
9047,2,0,38,38,nochange,6,j,0,3.09849999996,NA
9047,2,0,39,39,nochange,6,f,1,341.5077,NA
9047,2,0,40,40,nochange,6,f,1,463.144,1
9047,2,0,41,41,change,6,f,0,360.2178,NA
9047,2,0,42,42,change,6,f,0,565.4864,NA
9047,2,0,43,43,nochange,6,f,1,2.21560000005,NA
9047,2,0,44,44,nochange,6,f,1,658.0292,NA
9047,2,0,45,45,change,6,f,0,654.806,NA
9047,2,0,46,46,nochange,6,f,1,3076.091,NA
9047,2,0,47,47,change,6,f,0,373.2541,NA
9047,2,0,48,48,change,6,f,0,643.7649,2
9047,2,0,49,49,nochange,6,j,0,1666.834,NA
9047,2,0,50,50,nochange,6,f,1,895.7345,NA
9047,2,0,51,51,nochange,6,f,1,822.9503,NA
9047,2,0,52,52,change,6,f,0,589.546,NA
9047,2,0,53,53,nochange,6,f,1,604.9965,NA
9047,2,0,54,54,change,6,f,0,409.3115,NA
9047,2,0,55,55,change,6,f,0,716.7134,NA
9047,2,0,56,56,change,6,f,0,742.1215,2
9047,2,0,57,57,nochange,6,f,1,702.8983,NA
9047,2,0,58,58,nochange,6,f,1,777.4615,NA
9047,2,0,59,59,nochange,6,f,1,393.4548,NA
9047,2,0,60,60,change,6,f,0,1138.4535,NA
9048,2,practice,0,1,nochange,6,f,1,1175.8635,NA
9048,2,practice,0,2,change,6,j,1,1831.1215,NA
9048,2,practice,0,3,change,6,j,1,1151.1415,NA
9048,2,practice,0,4,change,6,f,0,1452.9417,NA
9048,2,practice,0,5,nochange,6,f,1,1253.1224,NA
9048,2,0,1,1,change,6,f,0,7.92539999999,NA
9048,2,0,2,2,nochange,6,f,1,993.8694,NA
9048,2,0,3,3,nochange,6,f,1,1036.2024,NA
9048,2,0,4,4,nochange,6,f,1,828.4971,NA
9048,2,0,5,5,nochange,6,f,1,900.1254,NA
9048,2,0,6,6,change,6,j,1,992.6122,NA
9048,2,0,7,7,change,6,j,1,3418.2801,NA
9048,2,0,8,8,change,6,f,0,1329.2657,1
9048,2,0,9,9,change,6,j,1,815.848,NA
9048,2,0,10,10,nochange,6,f,1,726.3431,NA
9048,2,0,11,11,nochange,6,f,1,731.0646,NA
9048,2,0,12,12,nochange,6,f,1,895.2502,NA
9048,2,0,13,13,nochange,6,f,1,754.7778,NA
9048,2,0,14,14,change,6,j,1,4652.8297,NA
9048,2,0,15,15,nochange,6,j,0,5409.8943,NA
9048,2,0,16,16,change,6,f,0,849.8433,1
9048,2,0,17,17,nochange,6,f,1,908.0601,NA
9048,2,0,18,18,nochange,6,f,1,2088.1042,NA
9048,2,0,19,19,nochange,6,j,0,1244.733,NA
9048,2,0,20,20,nochange,6,f,1,954.1177,NA
9048,2,0,21,21,nochange,6,f,1,644.2969,NA
9048,2,0,22,22,change,6,f,0,861.6966,NA
9048,2,0,23,23,nochange,6,f,1,691.1297,NA
9048,2,0,24,24,change,6,j,1,859.0855,1
9048,2,0,25,25,nochange,6,j,0,953.4289,NA
9048,2,0,26,26,change,6,j,1,882.5832,NA
9048,2,0,27,27,change,6,j,1,1334.5796,NA
9048,2,0,28,28,change,6,j,1,3116.1199,NA
9048,2,0,29,29,change,6,j,1,800.476,NA
9048,2,0,30,30,nochange,6,j,0,1232.7499,NA
9048,2,0,31,31,nochange,6,f,1,809.3689,NA
9048,2,0,32,32,nochange,6,f,1,719.6673,1
9048,2,0,33,33,nochange,6,f,1,835.2464,NA
9048,2,0,34,34,nochange,6,f,1,1182.0739,NA
9048,2,0,35,35,change,6,j,1,2105.0129,NA
9048,2,0,36,36,change,6,j,1,820.2039,NA
9048,2,0,37,37,nochange,6,f,1,796.2724,NA
9048,2,0,38,38,nochange,6,f,1,661.123,NA
9048,2,0,39,39,nochange,6,f,1,813.2926,NA
9048,2,0,40,40,nochange,6,f,1,833.7233,1
9048,2,0,41,41,nochange,6,f,1,465.9118,NA
9048,2,0,42,42,nochange,6,f,1,726.6366,NA
9048,2,0,43,43,change,6,j,1,803.9929,NA
9048,2,0,44,44,change,6,f,0,3.96789999999,NA
9048,2,0,45,45,change,6,j,1,3.66619999998,NA
9048,2,0,46,46,change,6,j,1,825.6034,NA
9048,2,0,47,47,change,6,j,1,1019.2204,NA
9048,2,0,48,48,change,6,j,1,5925.2566,5
9048,2,0,49,49,change,6,j,1,735.2271,NA
9048,2,0,50,50,change,6,j,1,800.0184,NA
9048,2,0,51,51,nochange,6,f,1,839.2315,NA
9048,2,0,52,52,nochange,6,j,0,858.2049,NA
9048,2,0,53,53,change,6,j,1,1022.4322,NA
9048,2,0,54,54,change,6,j,1,962.1783,NA
9048,2,0,55,55,change,6,f,0,875.6172,NA
9048,2,0,56,56,change,6,j,1,793.6639,3
9048,2,0,57,57,change,6,j,1,717.2415,NA
9048,2,0,58,58,change,6,j,1,323.0335,NA
9048,2,0,59,59,nochange,6,j,0,400.9985,NA
9048,2,0,60,60,change,6,f,0,697.7222,NA
9049,2,practice,0,1,change,6,f,0,0.318400000004,NA
9049,2,practice,0,2,nochange,6,f,1,0.536200000002,NA
9049,2,practice,0,3,change,6,f,0,1184.9515,NA
9049,2,practice,0,4,change,6,f,0,470.5296,NA
9049,2,practice,0,5,change,6,f,0,460.646,NA
9049,2,0,1,1,change,6,j,1,702.8137,NA
9049,2,0,2,2,change,6,j,1,2850.5551,NA
9049,2,0,3,3,nochange,6,f,1,1857.6838,NA
9049,2,0,4,4,nochange,6,j,0,1843.5761,NA
9049,2,0,5,5,nochange,6,j,0,3013.9509,NA
9049,2,0,6,6,nochange,6,j,0,1385.6134,NA
9049,2,0,7,7,nochange,6,f,1,1837.8457,NA
9049,2,0,8,8,change,6,f,0,3911.5637,2
9049,2,0,9,9,change,6,f,0,1582.9065,NA
9049,2,0,10,10,change,6,f,0,3208.1732,NA
9049,2,0,11,11,nochange,6,f,1,4220.8204,NA
9049,2,0,12,12,change,6,j,1,1998.7642,NA
9049,2,0,13,13,nochange,6,f,1,1809.7554,NA
9049,2,0,14,14,change,6,j,1,1637.5395,NA
9049,2,0,15,15,nochange,6,f,1,2785.6338,NA
9049,2,0,16,16,change,6,f,0,1074.2984,2
9049,2,0,17,17,nochange,6,f,1,736.3843,NA
9049,2,0,18,18,nochange,6,f,1,1264.0867,NA
9049,2,0,19,19,change,6,f,0,5872.506,NA
9049,2,0,20,20,change,6,f,0,996.9866,NA
9049,2,0,21,21,nochange,6,j,0,741.9252,NA
9049,2,0,22,22,change,6,f,0,859.958,NA
9049,2,0,23,23,nochange,6,f,1,626.4675,NA
9049,2,0,24,24,change,6,j,1,600.3681,2
9049,2,0,25,25,change,6,f,0,1156.8001,NA
9049,2,0,26,26,change,6,f,0,1351.0223,NA
9049,2,0,27,27,change,6,j,1,1152.8712,NA
9049,2,0,28,28,nochange,6,j,0,894.988,NA
9049,2,0,29,29,nochange,6,f,1,915.7902,NA
9049,2,0,30,30,change,6,j,1,946.0962,NA
9049,2,0,31,31,nochange,6,f,1,2337.6412,NA
9049,2,0,32,32,change,6,j,1,706.1637,2
9049,2,0,33,33,nochange,6,f,1,761.095,NA
9049,2,0,34,34,change,6,j,1,2895.0743,NA
9049,2,0,35,35,nochange,6,f,1,1761.6262,NA
9049,2,0,36,36,change,6,j,1,1778.1788,NA
9049,2,0,37,37,change,6,f,0,961.5454,NA
9049,2,0,38,38,change,6,j,1,1232.3337,NA
9049,2,0,39,39,change,6,j,1,1521.2501,NA
9049,2,0,40,40,change,6,j,1,3326.8674,2
9049,2,0,41,41,nochange,6,j,0,2397.4334,NA
9049,2,0,42,42,nochange,6,j,0,3943.5594,NA
9049,2,0,43,43,change,6,j,1,3523.182,NA
9049,2,0,44,44,nochange,6,j,0,2050.0619,NA
9049,2,0,45,45,nochange,6,j,0,6447.7733,NA
9049,2,0,46,46,nochange,6,j,0,1856.9841,NA
9049,2,0,47,47,nochange,6,j,0,1168.0821,NA
9049,2,0,48,48,nochange,6,j,0,1246.413,5
9049,2,0,49,49,nochange,6,f,1,1007.916,NA
9049,2,0,50,50,change,6,f,0,1200.0194,NA
9049,2,0,51,51,nochange,6,f,1,1155.2985,NA
9049,2,0,52,52,change,6,f,0,918.0187,NA
9049,2,0,53,53,change,6,j,1,2174.3365,NA
9049,2,0,54,54,nochange,6,f,1,1826.0689,NA
9049,2,0,55,55,nochange,6,j,0,5566.8777,NA
9049,2,0,56,56,change,6,f,0,1815.9839,5
9049,2,0,57,57,nochange,6,f,1,1302.8483,NA
9049,2,0,58,58,change,6,f,0,1932.3991,NA
9049,2,0,59,59,change,6,j,1,1290.639,NA
9049,2,0,60,60,nochange,6,j,0,1766.8151,NA
9050,2,practice,0,1,change,6,j,1,100.4133,NA
9050,2,practice,0,2,change,6,f,0,4222.4353,NA
9050,2,practice,0,3,change,6,j,1,931.1917,NA
9050,2,practice,0,4,change,6,j,1,1173.4986,NA
9050,2,practice,0,5,change,6,f,0,1061.7561,NA
9050,2,0,1,1,nochange,6,f,1,1902.1723,NA
9050,2,0,2,2,change,6,f,0,1259.0331,NA
9050,2,0,3,3,nochange,6,j,0,932.0592,NA
9050,2,0,4,4,change,6,j,1,1292.9822,NA
9050,2,0,5,5,change,6,f,0,812.895,NA
9050,2,0,6,6,change,6,f,0,978.9821,NA
9050,2,0,7,7,change,6,j,1,864.6591,NA
9050,2,0,8,8,nochange,6,j,0,681.1782,3
9050,2,0,9,9,change,6,f,0,1540.3012,NA
9050,2,0,10,10,change,6,j,1,1175.0286,NA
9050,2,0,11,11,nochange,6,f,1,148.7188,NA
9050,2,0,12,12,nochange,6,f,1,4.02470000001,NA
9050,2,0,13,13,change,6,j,1,7.29250000001,NA
9050,2,0,14,14,nochange,6,f,1,1620.9886,NA
9050,2,0,15,15,nochange,6,j,0,7.63900000002,NA
9050,2,0,16,16,nochange,6,j,0,1483.3797,3
9050,2,0,17,17,nochange,6,j,0,1148.3622,NA
9050,2,0,18,18,change,6,j,1,975.79,NA
9050,2,0,19,19,change,6,j,1,1319.46,NA
9050,2,0,20,20,nochange,6,f,1,397.5224,NA
9050,2,0,21,21,change,6,j,1,1567.0869,NA
9050,2,0,22,22,nochange,6,f,1,1400.2184,NA
9050,2,0,23,23,nochange,6,j,0,512.2622,NA
9050,2,0,24,24,nochange,6,f,1,859.5103,5
9050,2,0,25,25,change,6,j,1,1481.0534,NA
9050,2,0,26,26,change,6,f,0,890.8471,NA
9050,2,0,27,27,change,6,j,1,1486.9581,NA
9050,2,0,28,28,change,6,j,1,907.1962,NA
9050,2,0,29,29,change,6,j,1,621.1814,NA
9050,2,0,30,30,change,6,j,1,1034.5115,NA
9050,2,0,31,31,nochange,6,j,0,983.2539,NA
9050,2,0,32,32,nochange,6,j,0,667.0333,5
9050,2,0,33,33,change,6,j,1,544.3692,NA
9050,2,0,34,34,change,6,f,0,343.5005,NA
9050,2,0,35,35,nochange,6,f,1,4.04510000005,NA
9050,2,0,36,36,nochange,6,j,0,7.75430000003,NA
9050,2,0,37,37,nochange,6,j,0,1840.7807,NA
9050,2,0,38,38,nochange,6,j,0,1309.3456,NA
9050,2,0,39,39,change,6,j,1,433.3875,NA
9050,2,0,40,40,change,6,f,0,1106.8529,4
9050,2,0,41,41,change,6,j,1,749.2977,NA
9050,2,0,42,42,nochange,6,j,0,1526.001,NA
9050,2,0,43,43,nochange,6,j,0,383.6591,NA
9050,2,0,44,44,nochange,6,j,0,567.4587,NA
9050,2,0,45,45,change,6,j,1,1155.0686,NA
9050,2,0,46,46,change,6,j,1,1724.3713,NA
9050,2,0,47,47,nochange,6,j,0,1356.2007,NA
9050,2,0,48,48,nochange,6,f,1,863.6961,5
9050,2,0,49,49,change,6,j,1,2611.2415,NA
9050,2,0,50,50,change,6,j,1,1571.6884,NA
9050,2,0,51,51,nochange,6,f,1,1549.2468,NA
9050,2,0,52,52,nochange,6,j,0,1576.9924,NA
9050,2,0,53,53,change,6,j,1,4489.8567,NA
9050,2,0,54,54,change,6,f,0,1489.9978,NA
9050,2,0,55,55,nochange,6,f,1,1196.9719,NA
9050,2,0,56,56,nochange,6,f,1,1427.0271,3
9050,2,0,57,57,change,6,j,1,1330.3364,NA
9050,2,0,58,58,nochange,6,j,0,830.8184,NA
9050,2,0,59,59,change,6,j,1,1330.1482,NA
9050,2,0,60,60,nochange,6,j,0,1005.2153,NA
9051,2,practice,0,1,nochange,6,j,0,2599.4396,NA
9051,2,practice,0,2,change,6,j,1,1270.4642,NA
9051,2,practice,0,3,nochange,6,j,0,1245.8914,NA
9051,2,practice,0,4,change,6,j,1,1398.2305,NA
9051,2,practice,0,5,nochange,6,f,1,1543.4956,NA
9051,2,0,1,1,nochange,6,f,1,1500.6268,NA
9051,2,0,2,2,nochange,6,j,0,1715.3141,NA
9051,2,0,3,3,nochange,6,f,1,1455.4465,NA
9051,2,0,4,4,nochange,6,j,0,1106.2583,NA
9051,2,0,5,5,change,6,j,1,4580.1996,NA
9051,2,0,6,6,change,6,j,1,1265.8687,NA
9051,2,0,7,7,nochange,6,f,1,4502.9204,NA
9051,2,0,8,8,nochange,6,f,1,1116.828,2
9051,2,0,9,9,nochange,6,j,0,1375.4677,NA
9051,2,0,10,10,nochange,6,f,1,4020.6753,NA
9051,2,0,11,11,change,6,f,0,1113.8548,NA
9051,2,0,12,12,change,6,j,1,1544.502,NA
9051,2,0,13,13,change,6,f,0,2437.9165,NA
9051,2,0,14,14,nochange,6,j,0,1693.4288,NA
9051,2,0,15,15,change,6,j,1,1396.529,NA
9051,2,0,16,16,change,6,j,1,2347.0248,3
9051,2,0,17,17,nochange,6,f,1,873.3099,NA
9051,2,0,18,18,change,6,j,1,1518.3507,NA
9051,2,0,19,19,nochange,6,f,1,961.8631,NA
9051,2,0,20,20,change,6,f,0,1603.9732,NA
9051,2,0,21,21,nochange,6,f,1,2026.4236,NA
9051,2,0,22,22,change,6,f,0,1324.4638,NA
9051,2,0,23,23,nochange,6,j,0,2209.6292,NA
9051,2,0,24,24,change,6,j,1,1670.1189,3
9051,2,0,25,25,change,6,f,0,1141.0814,NA
9051,2,0,26,26,nochange,6,f,1,2913.3471,NA
9051,2,0,27,27,nochange,6,f,1,1080.6977,NA
9051,2,0,28,28,nochange,6,f,1,841.2236,NA
9051,2,0,29,29,change,6,f,0,2683.4659,NA
9051,2,0,30,30,nochange,6,f,1,986.6634,NA
9051,2,0,31,31,change,6,f,0,2584.5127,NA
9051,2,0,32,32,change,6,j,1,922.4392,2
9051,2,0,33,33,change,6,f,0,1623.4547,NA
9051,2,0,34,34,nochange,6,f,1,955.4378,NA
9051,2,0,35,35,change,6,j,1,1054.6974,NA
9051,2,0,36,36,change,6,f,0,2377.5723,NA
9051,2,0,37,37,nochange,6,j,0,1251.8958,NA
9051,2,0,38,38,nochange,6,j,0,4115.4015,NA
9051,2,0,39,39,nochange,6,f,1,1809.0212,NA
9051,2,0,40,40,change,6,f,0,2150.5847,2
9051,2,0,41,41,change,6,j,1,1036.6036,NA
9051,2,0,42,42,change,6,f,0,1267.4337,NA
9051,2,0,43,43,change,6,f,0,3138.9866,NA
9051,2,0,44,44,nochange,6,j,0,1436.7657,NA
9051,2,0,45,45,change,6,j,1,1784.2905,NA
9051,2,0,46,46,change,6,f,0,1071.2588,NA
9051,2,0,47,47,change,6,f,0,920.4107,NA
9051,2,0,48,48,change,6,j,1,1513.7171,1
9051,2,0,49,49,change,6,f,0,4619.3951,NA
9051,2,0,50,50,nochange,6,j,0,2942.2608,NA
9051,2,0,51,51,nochange,6,f,1,1652.1069,NA
9051,2,0,52,52,nochange,6,f,1,1353.7957,NA
9051,2,0,53,53,nochange,6,f,1,808.3407,NA
9051,2,0,54,54,change,6,f,0,1059.1198,NA
9051,2,0,55,55,nochange,6,j,0,1361.7361,NA
9051,2,0,56,56,nochange,6,f,1,2145.5791,5
9051,2,0,57,57,change,6,f,0,793.121,NA
9051,2,0,58,58,change,6,j,1,2243.9183,NA
9051,2,0,59,59,nochange,6,f,1,4784.5963,NA
9051,2,0,60,60,nochange,6,j,0,1383.8178,NA
9052,2,practice,0,1,change,6,f,0,17779.4043,NA
9052,2,practice,0,2,change,6,j,1,797.254,NA
9052,2,practice,0,3,nochange,6,j,0,941.3701,NA
9052,2,practice,0,4,change,6,f,0,0.282699999996,NA
9052,2,practice,0,5,change,6,j,1,0.165600000008,NA
9052,2,0,1,1,nochange,6,f,1,13.6546,NA
9052,2,0,2,2,change,6,j,1,3.74559999999,NA
9052,2,0,3,3,nochange,6,j,0,8.27480000001,NA
9052,2,0,4,4,change,6,f,0,3.0779,NA
9052,2,0,5,5,change,6,f,0,5.1676,NA
9052,2,0,6,6,nochange,6,f,1,3.28810000001,NA
9052,2,0,7,7,nochange,6,f,1,6.65099999997,NA
9052,2,0,8,8,change,6,j,1,10.4872,5
9052,2,0,9,9,change,6,j,1,5.15179999999,NA
9052,2,0,10,10,change,6,f,0,5.15549999996,NA
9052,2,0,11,11,change,6,j,1,5.31169999999,NA
9052,2,0,12,12,change,6,j,1,3.82500000001,NA
9052,2,0,13,13,change,6,j,1,4.3365,NA
9052,2,0,14,14,change,6,f,0,4.56090000001,NA
9052,2,0,15,15,nochange,6,f,1,7.40699999998,NA
9052,2,0,16,16,nochange,6,j,0,5.3645,4
9052,2,0,17,17,change,6,f,0,4.32889999999,NA
9052,2,0,18,18,nochange,6,j,0,2.92449999999,NA
9052,2,0,19,19,nochange,6,j,0,5.19839999996,NA
9052,2,0,20,20,change,6,j,1,3.54729999998,NA
9052,2,0,21,21,nochange,6,f,1,3.31409999999,NA
9052,2,0,22,22,nochange,6,f,1,3.44829999999,NA
9052,2,0,23,23,nochange,6,f,1,3.18289999999,NA
9052,2,0,24,24,nochange,6,f,1,3.57270000002,5
9052,2,0,25,25,change,6,f,0,5.14110000001,NA
9052,2,0,26,26,change,6,f,0,7.06830000001,NA
9052,2,0,27,27,change,6,f,0,9.5294,NA
9052,2,0,28,28,nochange,6,j,0,5.23060000001,NA
9052,2,0,29,29,nochange,6,j,0,9.68689999997,NA
9052,2,0,30,30,change,6,j,1,4.72259999998,NA
9052,2,0,31,31,nochange,6,j,0,4.81210000004,NA
9052,2,0,32,32,nochange,6,j,0,5.50500000006,4
9052,2,0,33,33,nochange,6,j,0,3.22230000002,NA
9052,2,0,34,34,change,6,f,0,2.44539999997,NA
9052,2,0,35,35,nochange,6,f,1,5.60389999999,NA
9052,2,0,36,36,change,6,f,0,5.39679999999,NA
9052,2,0,37,37,change,6,f,0,4.52610000002,NA
9052,2,0,38,38,change,6,f,0,4.08509999997,NA
9052,2,0,39,39,nochange,6,f,1,4.7892,NA
9052,2,0,40,40,nochange,6,f,1,5.20800000004,1
9052,2,0,41,41,nochange,6,f,1,3.6594,NA
9052,2,0,42,42,change,6,f,0,6.13709999999,NA
9052,2,0,43,43,change,6,j,1,4.87119999999,NA
9052,2,0,44,44,change,6,f,0,6.65249999997,NA
9052,2,0,45,45,change,6,f,0,5.45170000003,NA
9052,2,0,46,46,nochange,6,j,0,3.13959999999,NA
9052,2,0,47,47,change,6,j,1,5.49560000002,NA
9052,2,0,48,48,change,6,j,1,4.95600000001,3
9052,2,0,49,49,nochange,6,j,0,3.49430000002,NA
9052,2,0,50,50,nochange,6,f,1,3.56880000001,NA
9052,2,0,51,51,nochange,6,f,1,4.04690000002,NA
9052,2,0,52,52,nochange,6,f,1,4.17460000003,NA
9052,2,0,53,53,nochange,6,f,1,6.39920000004,NA
9052,2,0,54,54,nochange,6,j,0,5.68080000009,NA
9052,2,0,55,55,nochange,6,j,0,5.17290000001,NA
9052,2,0,56,56,nochange,6,f,1,4.48699999996,3
9052,2,0,57,57,change,6,j,1,7.80860000005,NA
9052,2,0,58,58,change,6,f,0,5.38050000003,NA
9052,2,0,59,59,change,6,f,0,5.20980000007,NA
9052,2,0,60,60,change,6,j,1,4.31510000001,NA
9053,2,practice,0,1,nochange,6,f,1,1395.935,NA
9053,2,practice,0,2,change,6,f,0,2145.9981,NA
9053,2,practice,0,3,nochange,6,j,0,2538.976,NA
9053,2,practice,0,4,nochange,6,j,0,1863.4963,NA
9053,2,practice,0,5,nochange,6,f,1,2370.8164,NA
9053,2,0,1,1,nochange,6,j,0,1646.4578,NA
9053,2,0,2,2,change,6,f,0,1280.4413,NA
9053,2,0,3,3,nochange,6,f,1,1588.8187,NA
9053,2,0,4,4,change,6,j,1,4736.3879,NA
9053,2,0,5,5,change,6,f,0,3545.1103,NA
9053,2,0,6,6,nochange,6,j,0,2422.6341,NA
9053,2,0,7,7,nochange,6,j,0,7045.4941,NA
9053,2,0,8,8,change,6,j,1,1224.6085,3
9053,2,0,9,9,nochange,6,j,0,2397.0489,NA
9053,2,0,10,10,nochange,6,j,0,1217.5914,NA
9053,2,0,11,11,change,6,f,0,3568.1881,NA
9053,2,0,12,12,change,6,j,1,1133.5172,NA
9053,2,0,13,13,nochange,6,f,1,3395.6096,NA
9053,2,0,14,14,change,6,j,1,1397.8235,NA
9053,2,0,15,15,change,6,j,1,1681.7539,NA
9053,2,0,16,16,nochange,6,f,1,859.0597,2
9053,2,0,17,17,change,6,f,0,1101.9902,NA
9053,2,0,18,18,nochange,6,f,1,980.3569,NA
9053,2,0,19,19,nochange,6,f,1,1916.9191,NA
9053,2,0,20,20,change,6,f,0,3382.6551,NA
9053,2,0,21,21,change,6,f,0,1218.349,NA
9053,2,0,22,22,change,6,j,1,2265.8078,NA
9053,2,0,23,23,nochange,6,j,0,1815.1379,NA
9053,2,0,24,24,nochange,6,f,1,1932.8398,2
9053,2,0,25,25,change,6,f,0,1565.1376,NA
9053,2,0,26,26,change,6,j,1,815.8528,NA
9053,2,0,27,27,change,6,f,0,1659.8961,NA
9053,2,0,28,28,change,6,j,1,1014.0328,NA
9053,2,0,29,29,change,6,f,0,2469.4767,NA
9053,2,0,30,30,change,6,j,1,1440.1646,NA
9053,2,0,31,31,nochange,6,f,1,1131.3375,NA
9053,2,0,32,32,nochange,6,j,0,5120.4605,2
9053,2,0,33,33,nochange,6,j,0,862.4128,NA
9053,2,0,34,34,change,6,f,0,1952.0126,NA
9053,2,0,35,35,nochange,6,j,0,1626.3861,NA
9053,2,0,36,36,nochange,6,j,0,3097.2716,NA
9053,2,0,37,37,change,6,f,0,891.384,NA
9053,2,0,38,38,nochange,6,f,1,2446.672,NA
9053,2,0,39,39,change,6,j,1,1664.7852,NA
9053,2,0,40,40,nochange,6,f,1,1290.882,5
9053,2,0,41,41,nochange,6,f,1,716.5864,NA
9053,2,0,42,42,change,6,j,1,3018.0412,NA
9053,2,0,43,43,nochange,6,f,1,1561.7034,NA
9053,2,0,44,44,change,6,f,0,2063.6931,NA
9053,2,0,45,45,nochange,6,f,1,997.6071,NA
9053,2,0,46,46,nochange,6,f,1,1983.5028,NA
9053,2,0,47,47,nochange,6,f,1,1186.4891,NA
9053,2,0,48,48,nochange,6,j,0,2373.021,5
9053,2,0,49,49,nochange,6,f,1,1106.2081,NA
9053,2,0,50,50,change,6,j,1,1395.0673,NA
9053,2,0,51,51,nochange,6,f,1,1496.7023,NA
9053,2,0,52,52,change,6,j,1,1273.4051,NA
9053,2,0,53,53,nochange,6,f,1,5.95529999991,NA
9053,2,0,54,54,change,6,f,0,3.08070000005,NA
9053,2,0,55,55,change,6,j,1,1002.6657,NA
9053,2,0,56,56,change,6,f,0,1088.0382,1
9053,2,0,57,57,nochange,6,f,1,1277.5062,NA
9053,2,0,58,58,change,6,j,1,1711.4294,NA
9053,2,0,59,59,nochange,6,j,0,1704.6244,NA
9053,2,0,60,60,change,6,f,0,787.6024,NA
9054,2,practice,0,1,nochange,6,f,1,2760.515,NA
9054,2,practice,0,2,nochange,6,f,1,1620.123,NA
9054,2,practice,0,3,change,6,j,1,1271.7706,NA
9054,2,practice,0,4,change,6,j,1,1350.3016,NA
9054,2,practice,0,5,nochange,6,f,1,2014.0969,NA
9054,2,0,1,1,nochange,6,f,1,962.3646,NA
9054,2,0,2,2,nochange,6,f,1,1142.5577,NA
9054,2,0,3,3,nochange,6,f,1,1165.0003,NA
9054,2,0,4,4,nochange,6,f,1,3952.7009,NA
9054,2,0,5,5,change,6,j,1,1328.0294,NA
9054,2,0,6,6,nochange,6,j,0,2284.9286,NA
9054,2,0,7,7,change,6,j,1,943.3919,NA
9054,2,0,8,8,nochange,6,j,0,1249.0734,2
9054,2,0,9,9,nochange,6,f,1,1374.8049,NA
9054,2,0,10,10,change,6,j,1,1196.4339,NA
9054,2,0,11,11,nochange,6,f,1,2904.4858,NA
9054,2,0,12,12,change,6,j,1,1540.7858,NA
9054,2,0,13,13,change,6,j,1,4853.202,NA
9054,2,0,14,14,change,6,f,0,2877.6686,NA
9054,2,0,15,15,nochange,6,j,0,2077.7193,NA
9054,2,0,16,16,change,6,j,1,3711.0196,3
9054,2,0,17,17,nochange,6,f,1,2144.3651,NA
9054,2,0,18,18,nochange,6,f,1,4716.0829,NA
9054,2,0,19,19,change,6,j,1,1752.3941,NA
9054,2,0,20,20,change,6,j,1,2896.1694,NA
9054,2,0,21,21,change,6,f,0,3982.4837,NA
9054,2,0,22,22,change,6,j,1,5286.9328,NA
9054,2,0,23,23,nochange,6,f,1,5509.6251,NA
9054,2,0,24,24,nochange,6,f,1,20691.9425,5
9054,2,0,25,25,nochange,6,f,1,1818.0712,NA
9054,2,0,26,26,nochange,6,f,1,4355.2476,NA
9054,2,0,27,27,nochange,6,j,0,3248.9207,NA
9054,2,0,28,28,nochange,6,j,0,1404.0903,NA
9054,2,0,29,29,nochange,6,f,1,1347.6396,NA
9054,2,0,30,30,nochange,6,f,1,1329.3946,NA
9054,2,0,31,31,change,6,f,0,1173.2571,NA
9054,2,0,32,32,change,6,j,1,1199.9167,3
9054,2,0,33,33,nochange,6,f,1,788.866,NA
9054,2,0,34,34,nochange,6,f,1,1531.5574,NA
9054,2,0,35,35,nochange,6,f,1,3746.1841,NA
9054,2,0,36,36,change,6,j,1,3816.3294,NA
9054,2,0,37,37,nochange,6,f,1,1059.1174,NA
9054,2,0,38,38,change,6,f,0,1187.6107,NA
9054,2,0,39,39,change,6,f,0,9844.6594,NA
9054,2,0,40,40,change,6,j,1,1148.0297,2
9054,2,0,41,41,change,6,j,1,3263.8669,NA
9054,2,0,42,42,nochange,6,j,0,1731.6409,NA
9054,2,0,43,43,nochange,6,f,1,991.6161,NA
9054,2,0,44,44,change,6,j,1,1641.53,NA
9054,2,0,45,45,change,6,f,0,853.2085,NA
9054,2,0,46,46,nochange,6,j,0,1360.6782,NA
9054,2,0,47,47,nochange,6,f,1,1535.6997,NA
9054,2,0,48,48,nochange,6,f,1,3552.8291,2
9054,2,0,49,49,change,6,f,0,1109.1826,NA
9054,2,0,50,50,change,6,j,1,1050.413,NA
9054,2,0,51,51,change,6,f,0,3807.6922,NA
9054,2,0,52,52,nochange,6,f,1,923.0633,NA
9054,2,0,53,53,change,6,j,1,2543.1015,NA
9054,2,0,54,54,change,6,f,0,1645.14,NA
9054,2,0,55,55,change,6,j,1,2053.2656,NA
9054,2,0,56,56,change,6,j,1,4608.6792,2
9054,2,0,57,57,nochange,6,j,0,1474.3254,NA
9054,2,0,58,58,change,6,f,0,1253.594,NA
9054,2,0,59,59,change,6,f,0,5502.6227,NA
9054,2,0,60,60,change,6,f,0,5808.8906,NA
9055,2,practice,0,1,nochange,6,f,1,2125.2039,NA
9055,2,practice,0,2,change,6,f,0,1604.415,NA
9055,2,practice,0,3,nochange,6,f,1,1030.091,NA
9055,2,practice,0,4,change,6,j,1,1338.2963,NA
9055,2,practice,0,5,change,6,f,0,1083.3258,NA
9055,2,0,1,1,change,6,j,1,1094.4722,NA
9055,2,0,2,2,change,6,j,1,1882.7634,NA
9055,2,0,3,3,change,6,f,0,2846.3389,NA
9055,2,0,4,4,change,6,j,1,901.408,NA
9055,2,0,5,5,change,6,j,1,1541.7285,NA
9055,2,0,6,6,change,6,f,0,1201.446,NA
9055,2,0,7,7,nochange,6,f,1,1047.701,NA
9055,2,0,8,8,nochange,6,f,1,1241.7713,1
9055,2,0,9,9,change,6,j,1,993.6777,NA
9055,2,0,10,10,change,6,j,1,1129.7344,NA
9055,2,0,11,11,change,6,f,0,1277.1595,NA
9055,2,0,12,12,change,6,f,0,2868.9112,NA
9055,2,0,13,13,nochange,6,f,1,1129.2421,NA
9055,2,0,14,14,change,6,j,1,1248.0346,NA
9055,2,0,15,15,nochange,6,j,0,1156.8529,NA
9055,2,0,16,16,change,6,f,0,1213.9769,1
9055,2,0,17,17,nochange,6,f,1,1138.7386,NA
9055,2,0,18,18,nochange,6,f,1,1492.2435,NA
9055,2,0,19,19,nochange,6,j,0,2477.7779,NA
9055,2,0,20,20,nochange,6,f,1,1543.7034,NA
9055,2,0,21,21,change,6,j,1,1203.9929,NA
9055,2,0,22,22,nochange,6,f,1,1161.2274,NA
9055,2,0,23,23,nochange,6,j,0,1433.7632,NA
9055,2,0,24,24,nochange,6,f,1,1199.117,5
9055,2,0,25,25,nochange,6,f,1,2160.1526,NA
9055,2,0,26,26,change,6,j,1,1803.9626,NA
9055,2,0,27,27,nochange,6,f,1,2411.0554,NA
9055,2,0,28,28,nochange,6,f,1,1004.9664,NA
9055,2,0,29,29,change,6,j,1,1149.1028,NA
9055,2,0,30,30,change,6,j,1,963.7681,NA
9055,2,0,31,31,nochange,6,f,1,986.2478,NA
9055,2,0,32,32,nochange,6,f,1,1264.1009,1
9055,2,0,33,33,nochange,6,f,1,946.0963,NA
9055,2,0,34,34,nochange,6,j,0,871.3557,NA
9055,2,0,35,35,nochange,6,j,0,1455.0799,NA
9055,2,0,36,36,nochange,6,j,0,1064.2754,NA
9055,2,0,37,37,change,6,f,0,1027.8958,NA
9055,2,0,38,38,nochange,6,j,0,2117.4958,NA
9055,2,0,39,39,change,6,f,0,1182.6959,NA
9055,2,0,40,40,nochange,6,f,1,1025.1574,1
9055,2,0,41,41,change,6,f,0,1069.3404,NA
9055,2,0,42,42,nochange,6,j,0,1389.6594,NA
9055,2,0,43,43,change,6,f,0,1653.2908,NA
9055,2,0,44,44,change,6,j,1,760.4769,NA
9055,2,0,45,45,nochange,6,f,1,1475.6881,NA
9055,2,0,46,46,change,6,f,0,1315.3228,NA
9055,2,0,47,47,change,6,j,1,1005.5465,NA
9055,2,0,48,48,change,6,j,1,2006.3692,1
9055,2,0,49,49,nochange,6,f,1,806.8534,NA
9055,2,0,50,50,nochange,6,f,1,708.1053,NA
9055,2,0,51,51,nochange,6,f,1,1138.0789,NA
9055,2,0,52,52,nochange,6,j,0,1926.7592,NA
9055,2,0,53,53,change,6,j,1,1951.2773,NA
9055,2,0,54,54,change,6,f,0,1165.7076,NA
9055,2,0,55,55,change,6,j,1,918.5798,NA
9055,2,0,56,56,nochange,6,f,1,847.4818,1
9055,2,0,57,57,change,6,f,0,1913.8341,NA
9055,2,0,58,58,change,6,j,1,679.6367,NA
9055,2,0,59,59,nochange,6,j,0,879.6418,NA
9055,2,0,60,60,change,6,j,1,1032.3512,NA
9056,2,practice,0,1,change,6,f,0,0.410599999996,NA
9056,2,practice,0,2,change,6,f,0,1092.4393,NA
9056,2,practice,0,3,change,6,f,0,1153.6851,NA
9056,2,practice,0,4,nochange,6,f,1,994.6242,NA
9056,2,practice,0,5,change,6,j,1,913.9789,NA
9056,2,0,1,1,change,6,j,1,722.0032,NA
9056,2,0,2,2,nochange,6,f,1,954.4453,NA
9056,2,0,3,3,nochange,6,f,1,1227.723,NA
9056,2,0,4,4,nochange,6,f,1,1178.0433,NA
9056,2,0,5,5,change,6,j,1,733.5237,NA
9056,2,0,6,6,nochange,6,f,1,841.7389,NA
9056,2,0,7,7,change,6,j,1,1018.7675,NA
9056,2,0,8,8,change,6,j,1,1038.4712,2
9056,2,0,9,9,nochange,6,f,1,1052.3041,NA
9056,2,0,10,10,nochange,6,f,1,1038.2544,NA
9056,2,0,11,11,nochange,6,f,1,816.7357,NA
9056,2,0,12,12,change,6,f,0,1584.7975,NA
9056,2,0,13,13,nochange,6,f,1,918.6334,NA
9056,2,0,14,14,nochange,6,f,1,705.1917,NA
9056,2,0,15,15,change,6,j,1,1150.5749,NA
9056,2,0,16,16,change,6,j,1,938.4035,1
9056,2,0,17,17,change,6,j,1,826.6145,NA
9056,2,0,18,18,change,6,j,1,744.1402,NA
9056,2,0,19,19,nochange,6,f,1,1143.3815,NA
9056,2,0,20,20,nochange,6,f,1,747.3834,NA
9056,2,0,21,21,nochange,6,f,1,720.9601,NA
9056,2,0,22,22,nochange,6,f,1,722.8981,NA
9056,2,0,23,23,nochange,6,f,1,565.8047,NA
9056,2,0,24,24,nochange,6,f,1,734.4822,1
9056,2,0,25,25,change,6,j,1,828.7629,NA
9056,2,0,26,26,nochange,6,f,1,791.8092,NA
9056,2,0,27,27,change,6,j,1,825.569,NA
9056,2,0,28,28,change,6,j,1,806.6676,NA
9056,2,0,29,29,change,6,j,1,895.5701,NA
9056,2,0,30,30,nochange,6,j,0,974.6793,NA
9056,2,0,31,31,nochange,6,f,1,876.2216,NA
9056,2,0,32,32,nochange,6,f,1,730.1163,1
9056,2,0,33,33,nochange,6,f,1,1030.5392,NA
9056,2,0,34,34,nochange,6,j,0,930.6892,NA
9056,2,0,35,35,change,6,f,0,671.5327,NA
9056,2,0,36,36,change,6,j,1,1612.7873,NA
9056,2,0,37,37,change,6,j,1,1223.7503,NA
9056,2,0,38,38,change,6,j,1,830.9803,NA
9056,2,0,39,39,nochange,6,f,1,907.8358,NA
9056,2,0,40,40,change,6,f,0,2116.4679,1
9056,2,0,41,41,change,6,j,1,712.0143,NA
9056,2,0,42,42,change,6,j,1,787.986,NA
9056,2,0,43,43,nochange,6,f,1,1510.6405,NA
9056,2,0,44,44,change,6,j,1,843.9256,NA
9056,2,0,45,45,nochange,6,f,1,806.2406,NA
9056,2,0,46,46,nochange,6,f,1,760.6278,NA
9056,2,0,47,47,nochange,6,f,1,654.5265,NA
9056,2,0,48,48,change,6,j,1,820.4489,1
9056,2,0,49,49,change,6,j,1,869.8087,NA
9056,2,0,50,50,change,6,j,1,946.1419,NA
9056,2,0,51,51,change,6,j,1,777.9772,NA
9056,2,0,52,52,change,6,j,1,1233.391,NA
9056,2,0,53,53,nochange,6,f,1,927.1064,NA
9056,2,0,54,54,change,6,j,1,777.7844,NA
9056,2,0,55,55,nochange,6,f,1,684.0115,NA
9056,2,0,56,56,change,6,j,1,768.2248,5
9056,2,0,57,57,nochange,6,f,1,684.131,NA
9056,2,0,58,58,change,6,j,1,1123.0135,NA
9056,2,0,59,59,change,6,j,1,707.4597,NA
9056,2,0,60,60,nochange,6,f,1,984.5314,NA
9057,2,practice,0,1,nochange,6,f,1,8136.765,NA
9057,2,practice,0,2,change,6,j,1,1229.968,NA
9057,2,practice,0,3,change,6,f,0,1972.4601,NA
9057,2,practice,0,4,change,6,j,1,1758.5017,NA
9057,2,practice,0,5,nochange,6,j,0,1405.4506,NA
9057,2,0,1,1,nochange,6,f,1,869.7886,NA
9057,2,0,2,2,nochange,6,j,0,841.583,NA
9057,2,0,3,3,change,6,f,0,1160.7411,NA
9057,2,0,4,4,change,6,j,1,747.5265,NA
9057,2,0,5,5,nochange,6,f,1,731.2856,NA
9057,2,0,6,6,nochange,6,j,0,2305.6297,NA
9057,2,0,7,7,nochange,6,f,1,484.6872,NA
9057,2,0,8,8,change,6,j,1,1445.794,2
9057,2,0,9,9,change,6,j,1,1330.1021,NA
9057,2,0,10,10,nochange,6,f,1,729.5427,NA
9057,2,0,11,11,change,6,j,1,3072.6436,NA
9057,2,0,12,12,nochange,6,j,0,659.899,NA
9057,2,0,13,13,change,6,j,1,846.2797,NA
9057,2,0,14,14,nochange,6,j,0,1042.7337,NA
9057,2,0,15,15,nochange,6,j,0,3098.2803,NA
9057,2,0,16,16,nochange,6,f,1,356.2624,5
9057,2,0,17,17,change,6,j,1,727.6362,NA
9057,2,0,18,18,change,6,j,1,1006.7003,NA
9057,2,0,19,19,nochange,6,j,0,4.72710000002,NA
9057,2,0,20,20,change,6,f,0,533.8706,NA
9057,2,0,21,21,nochange,6,j,0,485.0186,NA
9057,2,0,22,22,nochange,6,f,1,291.6413,NA
9057,2,0,23,23,nochange,6,f,1,471.9552,NA
9057,2,0,24,24,nochange,6,f,1,1001.0658,5
9057,2,0,25,25,change,6,j,1,1793.3723,NA
9057,2,0,26,26,nochange,6,j,0,962.3805,NA
9057,2,0,27,27,change,6,f,0,1037.6549,NA
9057,2,0,28,28,nochange,6,j,0,674.2725,NA
9057,2,0,29,29,nochange,6,f,1,1179.5539,NA
9057,2,0,30,30,change,6,j,1,984.8089,NA
9057,2,0,31,31,nochange,6,j,0,959.9278,NA
9057,2,0,32,32,change,6,j,1,1632.4976,5
9057,2,0,33,33,nochange,6,j,0,2410.6281,NA
9057,2,0,34,34,change,6,f,0,5491.0588,NA
9057,2,0,35,35,nochange,6,f,1,1350.762,NA
9057,2,0,36,36,nochange,6,f,1,3083.6599,NA
9057,2,0,37,37,change,6,f,0,2708.6997,NA
9057,2,0,38,38,change,6,j,1,3049.4919,NA
9057,2,0,39,39,change,6,j,1,2606.0739,NA
9057,2,0,40,40,change,6,j,1,5183.2354,5
9057,2,0,41,41,change,6,j,1,1076.0072,NA
9057,2,0,42,42,change,6,f,0,513.6697,NA
9057,2,0,43,43,nochange,6,j,0,1416.487,NA
9057,2,0,44,44,nochange,6,f,1,1036.435,NA
9057,2,0,45,45,change,6,j,1,2468.2359,NA
9057,2,0,46,46,change,6,j,1,1630.359,NA
9057,2,0,47,47,nochange,6,f,1,491.5651,NA
9057,2,0,48,48,change,6,j,1,436.3589,4
9057,2,0,49,49,change,6,j,1,334.0022,NA
9057,2,0,50,50,nochange,6,f,1,378.6194,NA
9057,2,0,51,51,change,6,j,1,1287.5239,NA
9057,2,0,52,52,change,6,j,1,884.9561,NA
9057,2,0,53,53,nochange,6,f,1,922.0244,NA
9057,2,0,54,54,change,6,j,1,1440.0229,NA
9057,2,0,55,55,change,6,j,1,1299.5098,NA
9057,2,0,56,56,change,6,f,0,699.5392,2
9057,2,0,57,57,nochange,6,f,1,628.2057,NA
9057,2,0,58,58,nochange,6,j,0,767.5118,NA
9057,2,0,59,59,nochange,6,f,1,1220.3326,NA
9057,2,0,60,60,change,6,f,0,973.4588,NA
9058,2,practice,0,1,change,6,j,1,1322.5883,NA
9058,2,practice,0,2,change,6,j,1,1135.6614,NA
9058,2,practice,0,3,nochange,6,f,1,848.9812,NA
9058,2,practice,0,4,change,6,f,0,977.1249,NA
9058,2,practice,0,5,nochange,6,f,1,859.9432,NA
9058,2,0,1,1,change,6,f,0,1355.3321,NA
9058,2,0,2,2,change,6,j,1,1201.2706,NA
9058,2,0,3,3,change,6,f,0,2504.4622,NA
9058,2,0,4,4,nochange,6,f,1,1239.8795,NA
9058,2,0,5,5,nochange,6,f,1,617.7574,NA
9058,2,0,6,6,nochange,6,f,1,1411.5848,NA
9058,2,0,7,7,nochange,6,f,1,639.9082,NA
9058,2,0,8,8,change,6,f,0,1033.7011,2
9058,2,0,9,9,nochange,6,f,1,942.1584,NA
9058,2,0,10,10,nochange,6,f,1,938.576,NA
9058,2,0,11,11,nochange,6,f,1,915.5747,NA
9058,2,0,12,12,change,6,j,1,948.2465,NA
9058,2,0,13,13,change,6,f,0,776.9248,NA
9058,2,0,14,14,change,6,f,0,939.8002,NA
9058,2,0,15,15,nochange,6,f,1,759.8846,NA
9058,2,0,16,16,nochange,6,j,0,1683.0778,3
9058,2,0,17,17,change,6,j,1,1033.7111,NA
9058,2,0,18,18,nochange,6,j,0,3733.4921,NA
9058,2,0,19,19,change,6,j,1,2241.1882,NA
9058,2,0,20,20,nochange,6,f,1,1422.2007,NA
9058,2,0,21,21,change,6,j,1,1953.8362,NA
9058,2,0,22,22,nochange,6,f,1,1018.554,NA
9058,2,0,23,23,nochange,6,f,1,1448.4906,NA
9058,2,0,24,24,nochange,6,f,1,1700.9805,1
9058,2,0,25,25,nochange,6,f,1,1973.5197,NA
9058,2,0,26,26,change,6,f,0,1751.1716,NA
9058,2,0,27,27,change,6,j,1,923.806,NA
9058,2,0,28,28,change,6,j,1,1542.9571,NA
9058,2,0,29,29,nochange,6,f,1,1066.0673,NA
9058,2,0,30,30,nochange,6,f,1,678.1696,NA
9058,2,0,31,31,nochange,6,f,1,1477.9492,NA
9058,2,0,32,32,change,6,j,1,1074.2981,1
9058,2,0,33,33,nochange,6,f,1,885.1575,NA
9058,2,0,34,34,change,6,j,1,1122.6903,NA
9058,2,0,35,35,change,6,j,1,1345.5617,NA
9058,2,0,36,36,change,6,j,1,1090.1767,NA
9058,2,0,37,37,change,6,j,1,1846.4417,NA
9058,2,0,38,38,nochange,6,f,1,953.0471,NA
9058,2,0,39,39,change,6,j,1,1026.2885,NA
9058,2,0,40,40,change,6,j,1,914.419,5
9058,2,0,41,41,nochange,6,f,1,1084.1622,NA
9058,2,0,42,42,nochange,6,f,1,5124.6118,NA
9058,2,0,43,43,nochange,6,f,1,945.4344,NA
9058,2,0,44,44,nochange,6,f,1,902.3587,NA
9058,2,0,45,45,nochange,6,f,1,1437.5703,NA
9058,2,0,46,46,change,6,j,1,1662.9588,NA
9058,2,0,47,47,change,6,j,1,1921.2795,NA
9058,2,0,48,48,nochange,6,f,1,4257.4008,1
9058,2,0,49,49,change,6,j,1,2200.487,NA
9058,2,0,50,50,change,6,j,1,1549.9867,NA
9058,2,0,51,51,change,6,j,1,3007.24,NA
9058,2,0,52,52,nochange,6,f,1,954.7061,NA
9058,2,0,53,53,change,6,f,0,2332.3965,NA
9058,2,0,54,54,change,6,f,0,3853.818,NA
9058,2,0,55,55,nochange,6,j,0,1752.7061,NA
9058,2,0,56,56,change,6,j,1,1938.2051,3
9058,2,0,57,57,change,6,j,1,1167.8857,NA
9058,2,0,58,58,nochange,6,f,1,957.6086,NA
9058,2,0,59,59,nochange,6,f,1,1410.9162,NA
9058,2,0,60,60,change,6,j,1,1584.3846,NA
9059,2,practice,0,1,change,6,f,0,1936.5893,NA
9059,2,practice,0,2,change,6,j,1,2409.2804,NA
9059,2,practice,0,3,nochange,6,f,1,949.2293,NA
9059,2,practice,0,4,change,6,f,0,971.1355,NA
9059,2,practice,0,5,nochange,6,j,0,0.340599999996,NA
9059,2,0,1,1,nochange,6,f,1,913.872,NA
9059,2,0,2,2,change,6,f,0,951.191,NA
9059,2,0,3,3,nochange,6,f,1,741.7229,NA
9059,2,0,4,4,change,6,j,1,1455.556,NA
9059,2,0,5,5,change,6,j,1,2406.9003,NA
9059,2,0,6,6,change,6,j,1,1374.4754,NA
9059,2,0,7,7,change,6,f,0,208.3014,NA
9059,2,0,8,8,nochange,6,j,0,3.60920000001,2
9059,2,0,9,9,change,6,f,0,1498.3144,NA
9059,2,0,10,10,nochange,6,f,1,1364.9789,NA
9059,2,0,11,11,change,6,j,1,3.92550000001,NA
9059,2,0,12,12,nochange,6,j,0,1720.2741,NA
9059,2,0,13,13,nochange,6,j,0,1312.1843,NA
9059,2,0,14,14,change,6,f,0,365.7798,NA
9059,2,0,15,15,change,6,f,0,947.87,NA
9059,2,0,16,16,change,6,j,1,868.9544,2
9059,2,0,17,17,nochange,6,f,1,801.3687,NA
9059,2,0,18,18,nochange,6,f,1,1675.2108,NA
9059,2,0,19,19,nochange,6,f,1,6.23689999999,NA
9059,2,0,20,20,nochange,6,f,1,1011.4265,NA
9059,2,0,21,21,nochange,6,f,1,8.22169999999,NA
9059,2,0,22,22,change,6,f,0,4.26459999999,NA
9059,2,0,23,23,change,6,j,1,2.95790000001,NA
9059,2,0,24,24,nochange,6,f,1,3.64169999998,2
9059,2,0,25,25,change,6,j,1,1512.5393,NA
9059,2,0,26,26,nochange,6,f,1,1205.445,NA
9059,2,0,27,27,change,6,j,1,1032.5763,NA
9059,2,0,28,28,nochange,6,f,1,1028.8236,NA
9059,2,0,29,29,nochange,6,f,1,4.42839999998,NA
9059,2,0,30,30,change,6,j,1,1076.6071,NA
9059,2,0,31,31,nochange,6,f,1,1351.4378,NA
9059,2,0,32,32,nochange,6,j,0,1102.3,1
9059,2,0,33,33,nochange,6,f,1,604.9112,NA
9059,2,0,34,34,nochange,6,f,1,1446.9037,NA
9059,2,0,35,35,change,6,j,1,851.7033,NA
9059,2,0,36,36,nochange,6,f,1,986.8472,NA
9059,2,0,37,37,nochange,6,f,1,1219.5938,NA
9059,2,0,38,38,change,6,j,1,1144.2897,NA
9059,2,0,39,39,change,6,f,0,3538.3543,NA
9059,2,0,40,40,nochange,6,j,0,1129.3915,1
9059,2,0,41,41,nochange,6,j,0,3.5613,NA
9059,2,0,42,42,change,6,j,1,3.70070000004,NA
9059,2,0,43,43,change,6,f,0,4.39640000003,NA
9059,2,0,44,44,change,6,j,1,2.75290000002,NA
9059,2,0,45,45,change,6,j,1,3.94510000001,NA
9059,2,0,46,46,nochange,6,f,1,877.8689,NA
9059,2,0,47,47,change,6,j,1,9.32160000002,NA
9059,2,0,48,48,change,6,j,1,829.8278,3
9059,2,0,49,49,change,6,f,0,1029.6194,NA
9059,2,0,50,50,nochange,6,f,1,642.6687,NA
9059,2,0,51,51,change,6,f,0,699.6545,NA
9059,2,0,52,52,change,6,j,1,3.39400000003,NA
9059,2,0,53,53,change,6,f,0,4.71170000004,NA
9059,2,0,54,54,nochange,6,f,1,913.9871,NA
9059,2,0,55,55,nochange,6,f,1,4.07180000003,NA
9059,2,0,56,56,nochange,6,j,0,3.3406,3
9059,2,0,57,57,nochange,6,f,1,712.6937,NA
9059,2,0,58,58,nochange,6,f,1,1068.5137,NA
9059,2,0,59,59,change,6,f,0,1009.7743,NA
9059,2,0,60,60,change,6,j,1,519.2437,NA
9060,2,practice,0,1,nochange,6,f,1,2674.9901,NA
9060,2,practice,0,2,change,6,j,1,1117.0357,NA
9060,2,practice,0,3,nochange,6,f,1,1193.6291,NA
9060,2,practice,0,4,change,6,j,1,1932.1312,NA
9060,2,practice,0,5,nochange,6,f,1,549.2036,NA
9060,2,0,1,1,change,6,f,0,929.0877,NA
9060,2,0,2,2,nochange,6,f,1,1702.6191,NA
9060,2,0,3,3,nochange,6,j,0,1062.8538,NA
9060,2,0,4,4,nochange,6,j,0,1206.3454,NA
9060,2,0,5,5,change,6,f,0,1658.035,NA
9060,2,0,6,6,change,6,j,1,763.9601,NA
9060,2,0,7,7,change,6,j,1,1469.4671,NA
9060,2,0,8,8,nochange,6,j,0,1602.3028,1
9060,2,0,9,9,change,6,j,1,1684.6592,NA
9060,2,0,10,10,nochange,6,f,1,2548.4742,NA
9060,2,0,11,11,change,6,j,1,1342.8766,NA
9060,2,0,12,12,change,6,f,0,1717.0119,NA
9060,2,0,13,13,nochange,6,j,0,1858.1322,NA
9060,2,0,14,14,change,6,f,0,2332.7433,NA
9060,2,0,15,15,change,6,j,1,1069.9642,NA
9060,2,0,16,16,change,6,j,1,1734.2673,2
9060,2,0,17,17,nochange,6,f,1,1162.2698,NA
9060,2,0,18,18,nochange,6,f,1,843.6528,NA
9060,2,0,19,19,nochange,6,f,1,2187.7978,NA
9060,2,0,20,20,change,6,j,1,810.2274,NA
9060,2,0,21,21,nochange,6,f,1,851.4685,NA
9060,2,0,22,22,change,6,j,1,3764.4694,NA
9060,2,0,23,23,change,6,f,0,1582.2378,NA
9060,2,0,24,24,nochange,6,f,1,2746.9339,1
9060,2,0,25,25,change,6,j,1,1779.3155,NA
9060,2,0,26,26,change,6,f,0,3356.1432,NA
9060,2,0,27,27,nochange,6,f,1,2092.8763,NA
9060,2,0,28,28,nochange,6,f,1,1315.2272,NA
9060,2,0,29,29,nochange,6,j,0,1443.6665,NA
9060,2,0,30,30,nochange,6,j,0,1156.2414,NA
9060,2,0,31,31,nochange,6,f,1,1723.518,NA
9060,2,0,32,32,change,6,j,1,2420.1088,3
9060,2,0,33,33,nochange,6,f,1,1209.8531,NA
9060,2,0,34,34,change,6,f,0,1982.4932,NA
9060,2,0,35,35,nochange,6,f,1,1877.0166,NA
9060,2,0,36,36,change,6,j,1,2257.6748,NA
9060,2,0,37,37,nochange,6,f,1,3717.7667,NA
9060,2,0,38,38,nochange,6,j,0,1483.4965,NA
9060,2,0,39,39,nochange,6,f,1,1005.0066,NA
9060,2,0,40,40,nochange,6,j,0,1466.0354,3
9060,2,0,41,41,nochange,6,f,1,1241.968,NA
9060,2,0,42,42,change,6,f,0,3217.3952,NA
9060,2,0,43,43,change,6,f,0,1549.9369,NA
9060,2,0,44,44,change,6,j,1,2532.3837,NA
9060,2,0,45,45,nochange,6,j,0,1096.5679,NA
9060,2,0,46,46,nochange,6,f,1,986.6184,NA
9060,2,0,47,47,change,6,j,1,1758.8083,NA
9060,2,0,48,48,nochange,6,f,1,3408.9965,3
9060,2,0,49,49,change,6,j,1,1410.9945,NA
9060,2,0,50,50,change,6,j,1,1252.6412,NA
9060,2,0,51,51,change,6,j,1,2585.9129,NA
9060,2,0,52,52,nochange,6,f,1,1277.6361,NA
9060,2,0,53,53,nochange,6,f,1,2050.7818,NA
9060,2,0,54,54,change,6,j,1,2399.139,NA
9060,2,0,55,55,nochange,6,f,1,822.611,NA
9060,2,0,56,56,change,6,j,1,1486.9968,3
9060,2,0,57,57,change,6,f,0,1766.2705,NA
9060,2,0,58,58,nochange,6,j,0,2177.9608,NA
9060,2,0,59,59,change,6,f,0,1396.4905,NA
9060,2,0,60,60,change,6,j,1,2955.5619,NA
9061,2,practice,0,1,nochange,6,f,1,1738.8319,NA
9061,2,practice,0,2,nochange,6,f,1,1503.7849,NA
9061,2,practice,0,3,nochange,6,f,1,1255.7553,NA
9061,2,practice,0,4,change,6,j,1,1807.0267,NA
9061,2,practice,0,5,nochange,6,f,1,2184.7489,NA
9061,2,0,1,1,change,6,j,1,4028.2338,NA
9061,2,0,2,2,change,6,j,1,1597.7434,NA
9061,2,0,3,3,change,6,j,1,1359.5076,NA
9061,2,0,4,4,nochange,6,j,0,1318.3923,NA
9061,2,0,5,5,nochange,6,j,0,2291.8743,NA
9061,2,0,6,6,change,6,j,1,2729.6077,NA
9061,2,0,7,7,nochange,6,j,0,3880.829,NA
9061,2,0,8,8,nochange,6,f,1,1661.4752,1
9061,2,0,9,9,change,6,f,0,2139.7242,NA
9061,2,0,10,10,change,6,j,1,1221.6003,NA
9061,2,0,11,11,nochange,6,j,0,1367.7378,NA
9061,2,0,12,12,nochange,6,f,1,1522.878,NA
9061,2,0,13,13,nochange,6,f,1,1615.6331,NA
9061,2,0,14,14,nochange,6,f,1,3255.9163,NA
9061,2,0,15,15,nochange,6,j,0,2037.6927,NA
9061,2,0,16,16,change,6,j,1,2351.648,1
9061,2,0,17,17,nochange,6,f,1,3864.1023,NA
9061,2,0,18,18,change,6,j,1,3269.1661,NA
9061,2,0,19,19,change,6,j,1,1057.9094,NA
9061,2,0,20,20,change,6,f,0,2153.2233,NA
9061,2,0,21,21,nochange,6,f,1,2036.5176,NA
9061,2,0,22,22,nochange,6,f,1,3625.8976,NA
9061,2,0,23,23,nochange,6,f,1,1768.2725,NA
9061,2,0,24,24,change,6,j,1,2060.5349,1
9061,2,0,25,25,nochange,6,f,1,2039.0746,NA
9061,2,0,26,26,change,6,f,0,3924.817,NA
9061,2,0,27,27,nochange,6,f,1,3371.9477,NA
9061,2,0,28,28,nochange,6,f,1,2363.7903,NA
9061,2,0,29,29,nochange,6,f,1,2845.3611,NA
9061,2,0,30,30,change,6,f,0,4509.2971,NA
9061,2,0,31,31,change,6,j,1,1477.9628,NA
9061,2,0,32,32,change,6,j,1,1589.6873,1
9061,2,0,33,33,change,6,j,1,3833.1166,NA
9061,2,0,34,34,change,6,j,1,1404.3831,NA
9061,2,0,35,35,change,6,j,1,1753.3617,NA
9061,2,0,36,36,nochange,6,f,1,1219.0026,NA
9061,2,0,37,37,nochange,6,j,0,1436.7455,NA
9061,2,0,38,38,nochange,6,f,1,3479.675,NA
9061,2,0,39,39,change,6,j,1,1782.7942,NA
9061,2,0,40,40,change,6,j,1,1320.526,1
9061,2,0,41,41,nochange,6,f,1,2473.3159,NA
9061,2,0,42,42,change,6,j,1,1246.5951,NA
9061,2,0,43,43,nochange,6,f,1,2879.8504,NA
9061,2,0,44,44,nochange,6,f,1,2856.2235,NA
9061,2,0,45,45,change,6,j,1,1514.2353,NA
9061,2,0,46,46,change,6,j,1,2073.8089,NA
9061,2,0,47,47,nochange,6,f,1,2196.553,NA
9061,2,0,48,48,change,6,j,1,2509.4918,1
9061,2,0,49,49,change,6,j,1,2146.4826,NA
9061,2,0,50,50,nochange,6,f,1,2009.7759,NA
9061,2,0,51,51,change,6,j,1,3138.1683,NA
9061,2,0,52,52,nochange,6,f,1,1626.9239,NA
9061,2,0,53,53,nochange,6,f,1,1713.0109,NA
9061,2,0,54,54,change,6,j,1,2002.448,NA
9061,2,0,55,55,change,6,j,1,2955.6022,NA
9061,2,0,56,56,change,6,f,0,2810.566,1
9061,2,0,57,57,change,6,f,0,3764.2388,NA
9061,2,0,58,58,nochange,6,f,1,2232.6874,NA
9061,2,0,59,59,nochange,6,j,0,4540.8786,NA
9061,2,0,60,60,nochange,6,f,1,2829.6014,NA
9062,2,practice,0,1,change,6,f,0,3492.6253,NA
9062,2,practice,0,2,change,6,f,0,993.7304,NA
9062,2,practice,0,3,nochange,6,j,0,3496.135,NA
9062,2,practice,0,4,change,6,f,0,445.6751,NA
9062,2,practice,0,5,nochange,6,j,0,362.712,NA
9062,2,0,1,1,nochange,6,f,1,8.84970000001,NA
9062,2,0,2,2,nochange,6,j,0,437.354,NA
9062,2,0,3,3,change,6,f,0,4.79089999999,NA
9062,2,0,4,4,nochange,6,j,0,8.08089999997,NA
9062,2,0,5,5,change,6,f,0,317.6135,NA
9062,2,0,6,6,change,6,j,1,2308.5458,NA
9062,2,0,7,7,change,6,f,0,679.3233,NA
9062,2,0,8,8,change,6,j,1,1036.1057,5
9062,2,0,9,9,nochange,6,j,0,657.7611,NA
9062,2,0,10,10,change,6,f,0,1124.1858,NA
9062,2,0,11,11,nochange,6,j,0,476.5236,NA
9062,2,0,12,12,change,6,f,0,7.28630000001,NA
9062,2,0,13,13,change,6,j,1,401.3004,NA
9062,2,0,14,14,change,6,f,0,1145.8676,NA
9062,2,0,15,15,change,6,j,1,6.47809999998,NA
9062,2,0,16,16,nochange,6,f,1,1601.7751,5
9062,2,0,17,17,change,6,f,0,2054.9304,NA
9062,2,0,18,18,nochange,6,j,0,4388.4573,NA
9062,2,0,19,19,nochange,6,f,1,4322.6509,NA
9062,2,0,20,20,nochange,6,j,0,621.392,NA
9062,2,0,21,21,change,6,f,0,537.9299,NA
9062,2,0,22,22,nochange,6,j,0,352.5573,NA
9062,2,0,23,23,nochange,6,f,1,1968.8751,NA
9062,2,0,24,24,change,6,j,1,2524.097,5
9062,2,0,25,25,nochange,6,f,1,887.2541,NA
9062,2,0,26,26,nochange,6,j,0,9363.0786,NA
9062,2,0,27,27,nochange,6,f,1,3745.6137,NA
9062,2,0,28,28,nochange,6,j,0,3120.5406,NA
9062,2,0,29,29,change,6,j,1,1623.9361,NA
9062,2,0,30,30,change,6,f,0,910.612,NA
9062,2,0,31,31,nochange,6,f,1,6877.633,NA
9062,2,0,32,32,nochange,6,j,0,806.1078,5
9062,2,0,33,33,nochange,6,j,0,3.31570000004,NA
9062,2,0,34,34,change,6,f,0,10.0177,NA
9062,2,0,35,35,nochange,6,f,1,3.46859999996,NA
9062,2,0,36,36,change,6,j,1,700.4426,NA
9062,2,0,37,37,change,6,f,0,5.91759999999,NA
9062,2,0,38,38,nochange,6,f,1,2194.3717,NA
9062,2,0,39,39,nochange,6,j,0,4736.7123,NA
9062,2,0,40,40,nochange,6,f,1,3797.0493,5
9062,2,0,41,41,change,6,f,0,11931.763,NA
9062,2,0,42,42,change,6,j,1,2293.4192,NA
9062,2,0,43,43,change,6,f,0,3507.8287,NA
9062,2,0,44,44,change,6,j,1,717.2547,NA
9062,2,0,45,45,nochange,6,f,1,1754.3518,NA
9062,2,0,46,46,change,6,f,0,28443.9705,NA
9062,2,0,47,47,nochange,6,f,1,6175.11,NA
9062,2,0,48,48,nochange,6,j,0,1540.1884,5
9062,2,0,49,49,nochange,6,j,0,4.5647000001,NA
9062,2,0,50,50,change,6,f,0,964.4225,NA
9062,2,0,51,51,change,6,f,0,4231.2878,NA
9062,2,0,52,52,change,6,f,0,5943.5589,NA
9062,2,0,53,53,nochange,6,j,0,5453.3295,NA
9062,2,0,54,54,nochange,6,f,1,3.40129999991,NA
9062,2,0,55,55,change,6,j,1,577.5409,NA
9062,2,0,56,56,change,6,f,0,1506.4092,5
9062,2,0,57,57,nochange,6,j,0,1238.8924,NA
9062,2,0,58,58,change,6,f,0,711.3077,NA
9062,2,0,59,59,nochange,6,f,1,12180.2684,NA
9062,2,0,60,60,change,6,j,1,10319.5619,NA
9065,2,practice,0,1,change,6,f,0,1519.6393,NA
9065,2,practice,0,2,change,6,j,1,993.7164,NA
9065,2,practice,0,3,nochange,6,f,1,941.651,NA
9065,2,practice,0,4,nochange,6,j,0,2378.7648,NA
9065,2,practice,0,5,change,6,j,1,3149.0053,NA
9065,2,0,1,1,nochange,6,f,1,1128.4746,NA
9065,2,0,2,2,change,6,j,1,1770.0435,NA
9065,2,0,3,3,change,6,j,1,3589.1788,NA
9065,2,0,4,4,nochange,6,f,1,3642.3801,NA
9065,2,0,5,5,change,6,j,1,2945.2078,NA
9065,2,0,6,6,nochange,6,j,0,1885.5195,NA
9065,2,0,7,7,nochange,6,f,1,1444.5065,NA
9065,2,0,8,8,nochange,6,f,1,1393.3804,1
9065,2,0,9,9,nochange,6,f,1,1007.6292,NA
9065,2,0,10,10,nochange,6,f,1,3100.2028,NA
9065,2,0,11,11,change,6,f,0,5784.9995,NA
9065,2,0,12,12,nochange,6,f,1,3147.8515,NA
9065,2,0,13,13,nochange,6,f,1,1806.7435,NA
9065,2,0,14,14,change,6,f,0,3507.4004,NA
9065,2,0,15,15,nochange,6,f,1,987.4479,NA
9065,2,0,16,16,nochange,6,f,1,904.8846,1
9065,2,0,17,17,change,6,j,1,988.4678,NA
9065,2,0,18,18,change,6,j,1,2445.0778,NA
9065,2,0,19,19,nochange,6,j,0,1313.4865,NA
9065,2,0,20,20,nochange,6,f,1,2111.5408,NA
9065,2,0,21,21,change,6,j,1,3511.694,NA
9065,2,0,22,22,change,6,j,1,2108.9366,NA
9065,2,0,23,23,nochange,6,j,0,5780.5745,NA
9065,2,0,24,24,change,6,j,1,2613.561,1
9065,2,0,25,25,change,6,j,1,2384.5388,NA
9065,2,0,26,26,change,6,j,1,1529.2193,NA
9065,2,0,27,27,nochange,6,f,1,2922.9205,NA
9065,2,0,28,28,change,6,j,1,1182.5902,NA
9065,2,0,29,29,nochange,6,f,1,1148.8966,NA
9065,2,0,30,30,change,6,j,1,3090.9737,NA
9065,2,0,31,31,nochange,6,f,1,5285.6339,NA
9065,2,0,32,32,nochange,6,f,1,6669.6511,1
9065,2,0,33,33,nochange,6,f,1,1202.8367,NA
9065,2,0,34,34,nochange,6,f,1,1493.2902,NA
9065,2,0,35,35,change,6,j,1,998.6966,NA
9065,2,0,36,36,nochange,6,f,1,1418.5898,NA
9065,2,0,37,37,change,6,j,1,2109.0837,NA
9065,2,0,38,38,change,6,j,1,1778.6567,NA
9065,2,0,39,39,change,6,j,1,940.9664,NA
9065,2,0,40,40,change,6,j,1,3538.5885,1
9065,2,0,41,41,nochange,6,f,1,2812.7559,NA
9065,2,0,42,42,change,6,j,1,3858.5301,NA
9065,2,0,43,43,change,6,j,1,6522.7157,NA
9065,2,0,44,44,change,6,j,1,1120.5991,NA
9065,2,0,45,45,change,6,j,1,2165.1956,NA
9065,2,0,46,46,change,6,f,0,2615.8695,NA
9065,2,0,47,47,nochange,6,f,1,875.5672,NA
9065,2,0,48,48,change,6,j,1,935.5653,1
9065,2,0,49,49,change,6,j,1,2073.1069,NA
9065,2,0,50,50,nochange,6,j,0,1924.1632,NA
9065,2,0,51,51,nochange,6,f,1,1162.6863,NA
9065,2,0,52,52,nochange,6,f,1,2194.0912,NA
9065,2,0,53,53,nochange,6,j,0,8161.8609,NA
9065,2,0,54,54,nochange,6,f,1,2036.9411,NA
9065,2,0,55,55,change,6,j,1,1544.257,NA
9065,2,0,56,56,nochange,6,f,1,3110.8245,1
9065,2,0,57,57,change,6,j,1,2110.5345,NA
9065,2,0,58,58,change,6,j,1,2262.7884,NA
9065,2,0,59,59,nochange,6,f,1,1128.2198,NA
9065,2,0,60,60,change,6,j,1,6490.2774,NA
9066,2,practice,0,1,change,6,f,0,2566.3771,NA
9066,2,practice,0,2,change,6,j,1,1289.2655,NA
9066,2,practice,0,3,change,6,j,1,1445.9593,NA
9066,2,practice,0,4,change,6,f,0,1041.4752,NA
9066,2,practice,0,5,nochange,6,f,1,1870.1255,NA
9066,2,0,1,1,nochange,6,f,1,1273.2446,NA
9066,2,0,2,2,nochange,6,f,1,979.6829,NA
9066,2,0,3,3,change,6,f,0,1635.2475,NA
9066,2,0,4,4,nochange,6,f,1,1933.9618,NA
9066,2,0,5,5,nochange,6,f,1,3369.1462,NA
9066,2,0,6,6,change,6,f,0,2015.25,NA
9066,2,0,7,7,change,6,j,1,808.2533,NA
9066,2,0,8,8,nochange,6,f,1,1038.4778,1
9066,2,0,9,9,nochange,6,f,1,1808.718,NA
9066,2,0,10,10,change,6,j,1,2804.4559,NA
9066,2,0,11,11,change,6,j,1,5190.2099,NA
9066,2,0,12,12,change,6,j,1,1377.479,NA
9066,2,0,13,13,change,6,f,0,999.2558,NA
9066,2,0,14,14,nochange,6,f,1,2280.3628,NA
9066,2,0,15,15,nochange,6,f,1,1908.3599,NA
9066,2,0,16,16,nochange,6,f,1,2214.6068,1
9066,2,0,17,17,change,6,j,1,5396.4081,NA
9066,2,0,18,18,change,6,f,0,1487.6291,NA
9066,2,0,19,19,change,6,f,0,3561.3486,NA
9066,2,0,20,20,change,6,j,1,1609.1889,NA
9066,2,0,21,21,change,6,f,0,911.0817,NA
9066,2,0,22,22,change,6,f,0,1613.1954,NA
9066,2,0,23,23,change,6,f,0,1535.1002,NA
9066,2,0,24,24,nochange,6,f,1,1153.5259,1
9066,2,0,25,25,nochange,6,f,1,3692.5755,NA
9066,2,0,26,26,change,6,j,1,1031.1723,NA
9066,2,0,27,27,nochange,6,f,1,830.0869,NA
9066,2,0,28,28,nochange,6,f,1,1350.4865,NA
9066,2,0,29,29,nochange,6,f,1,1328.8233,NA
9066,2,0,30,30,change,6,j,1,992.5145,NA
9066,2,0,31,31,change,6,f,0,4543.5294,NA
9066,2,0,32,32,nochange,6,f,1,3009.2244,1
9066,2,0,33,33,change,6,f,0,873.7729,NA
9066,2,0,34,34,nochange,6,f,1,1229.9818,NA
9066,2,0,35,35,change,6,j,1,4856.422,NA
9066,2,0,36,36,nochange,6,f,1,1045.8537,NA
9066,2,0,37,37,nochange,6,f,1,1201.6852,NA
9066,2,0,38,38,nochange,6,f,1,1167.5482,NA
9066,2,0,39,39,nochange,6,f,1,1310.9894,NA
9066,2,0,40,40,change,6,f,0,2479.5333,1
9066,2,0,41,41,change,6,j,1,3088.6676,NA
9066,2,0,42,42,change,6,j,1,1151.9213,NA
9066,2,0,43,43,nochange,6,f,1,1417.6693,NA
9066,2,0,44,44,nochange,6,f,1,1810.0067,NA
9066,2,0,45,45,nochange,6,f,1,1058.503,NA
9066,2,0,46,46,nochange,6,f,1,1334.7213,NA
9066,2,0,47,47,change,6,j,1,3696.5095,NA
9066,2,0,48,48,nochange,6,f,1,1512.7111,1
9066,2,0,49,49,change,6,j,1,1936.6911,NA
9066,2,0,50,50,nochange,6,f,1,905.3046,NA
9066,2,0,51,51,change,6,j,1,2353.5368,NA
9066,2,0,52,52,change,6,f,0,3429.4076,NA
9066,2,0,53,53,change,6,f,0,931.2921,NA
9066,2,0,54,54,nochange,6,f,1,1343.8788,NA
9066,2,0,55,55,change,6,j,1,2459.2308,NA
9066,2,0,56,56,nochange,6,f,1,1437.9469,1
9066,2,0,57,57,nochange,6,f,1,942.0466,NA
9066,2,0,58,58,nochange,6,f,1,976.0855,NA
9066,2,0,59,59,change,6,j,1,1681.7844,NA
9066,2,0,60,60,change,6,f,0,1152.1664,NA
9067,2,practice,0,1,nochange,6,f,1,472.8178,NA
9067,2,practice,0,2,change,6,j,1,449.6518,NA
9067,2,practice,0,3,nochange,6,f,1,359.8137,NA
9067,2,practice,0,4,nochange,6,j,0,709.2735,NA
9067,2,practice,0,5,change,6,j,1,807.1579,NA
9067,2,0,1,1,change,6,f,0,1029.7459,NA
9067,2,0,2,2,change,6,j,1,820.1105,NA
9067,2,0,3,3,change,6,j,1,1098.5769,NA
9067,2,0,4,4,nochange,6,j,0,864.06,NA
9067,2,0,5,5,nochange,6,f,1,513.3004,NA
9067,2,0,6,6,nochange,6,f,1,377.9428,NA
9067,2,0,7,7,nochange,6,j,0,643.7383,NA
9067,2,0,8,8,nochange,6,f,1,1317.5768,5
9067,2,0,9,9,nochange,6,j,0,816.7636,NA
9067,2,0,10,10,change,6,f,0,713.3714,NA
9067,2,0,11,11,change,6,j,1,1479.8591,NA
9067,2,0,12,12,change,6,f,0,1266.3454,NA
9067,2,0,13,13,nochange,6,j,0,1290.2522,NA
9067,2,0,14,14,change,6,j,1,684.4063,NA
9067,2,0,15,15,nochange,6,f,1,731.6496,NA
9067,2,0,16,16,nochange,6,f,1,812.7025,5
9067,2,0,17,17,nochange,6,j,0,894.1213,NA
9067,2,0,18,18,change,6,f,0,1074.8332,NA
9067,2,0,19,19,change,6,f,0,406.7603,NA
9067,2,0,20,20,nochange,6,j,0,578.9111,NA
9067,2,0,21,21,change,6,j,1,577.2615,NA
9067,2,0,22,22,change,6,f,0,429.2156,NA
9067,2,0,23,23,change,6,j,1,523.177,NA
9067,2,0,24,24,change,6,f,0,889.4021,5
9067,2,0,25,25,change,6,j,1,825.216,NA
9067,2,0,26,26,change,6,f,0,670.0434,NA
9067,2,0,27,27,nochange,6,j,0,5.17389999994,NA
9067,2,0,28,28,nochange,6,f,1,1029.7375,NA
9067,2,0,29,29,nochange,6,f,1,1118.6758,NA
9067,2,0,30,30,nochange,6,f,1,955.2141,NA
9067,2,0,31,31,change,6,j,1,460.4912,NA
9067,2,0,32,32,nochange,6,f,1,937.69,5
9067,2,0,33,33,nochange,6,j,0,681.4167,NA
9067,2,0,34,34,change,6,j,1,997.0671,NA
9067,2,0,35,35,nochange,6,j,0,891.9918,NA
9067,2,0,36,36,change,6,f,0,424.4888,NA
9067,2,0,37,37,change,6,j,1,865.627,NA
9067,2,0,38,38,change,6,j,1,1190.7537,NA
9067,2,0,39,39,nochange,6,f,1,734.7524,NA
9067,2,0,40,40,nochange,6,j,0,785.0514,5
9067,2,0,41,41,nochange,6,f,1,742.4076,NA
9067,2,0,42,42,nochange,6,j,0,885.4454,NA
9067,2,0,43,43,nochange,6,j,0,806.0753,NA
9067,2,0,44,44,change,6,j,1,1790.6683,NA
9067,2,0,45,45,nochange,6,j,0,921.8212,NA
9067,2,0,46,46,change,6,j,1,704.7612,NA
9067,2,0,47,47,change,6,f,0,639.7177,NA
9067,2,0,48,48,nochange,6,f,1,1129.5499,5
9067,2,0,49,49,change,6,j,1,846.0112,NA
9067,2,0,50,50,change,6,j,1,800.7563,NA
9067,2,0,51,51,change,6,j,1,705.5118,NA
9067,2,0,52,52,nochange,6,f,1,726.9694,NA
9067,2,0,53,53,change,6,f,0,1169.0014,NA
9067,2,0,54,54,nochange,6,j,0,928.8288,NA
9067,2,0,55,55,change,6,f,0,430.1472,NA
9067,2,0,56,56,change,6,f,0,417.4001,5
9067,2,0,57,57,nochange,6,j,0,888.4626,NA
9067,2,0,58,58,nochange,6,f,1,1116.9991,NA
9067,2,0,59,59,nochange,6,j,0,607.7678,NA
9067,2,0,60,60,change,6,f,0,651.4292,NA
9068,2,practice,0,1,change,6,j,1,1117.1594,NA
9068,2,practice,0,2,change,6,j,1,1036.4621,NA
9068,2,practice,0,3,nochange,6,f,1,986.8573,NA
9068,2,practice,0,4,nochange,6,j,0,1009.6259,NA
9068,2,practice,0,5,nochange,6,f,1,1547.6544,NA
9068,2,0,1,1,nochange,6,f,1,1748.5685,NA
9068,2,0,2,2,nochange,6,f,1,3700.2989,NA
9068,2,0,3,3,change,6,j,1,933.3235,NA
9068,2,0,4,4,change,6,j,1,1618.4733,NA
9068,2,0,5,5,nochange,6,f,1,1378.7644,NA
9068,2,0,6,6,nochange,6,j,0,4.2812,NA
9068,2,0,7,7,change,6,j,1,1402.753,NA
9068,2,0,8,8,nochange,6,f,1,1834.2574,1
9068,2,0,9,9,change,6,f,0,1152.3774,NA
9068,2,0,10,10,change,6,j,1,1157.9417,NA
9068,2,0,11,11,nochange,6,f,1,995.5023,NA
9068,2,0,12,12,change,6,j,1,1880.5334,NA
9068,2,0,13,13,nochange,6,f,1,1160.4882,NA
9068,2,0,14,14,nochange,6,f,1,913.8529,NA
9068,2,0,15,15,change,6,j,1,1787.6676,NA
9068,2,0,16,16,nochange,6,f,1,1228.4044,1
9068,2,0,17,17,change,6,f,0,1854.9798,NA
9068,2,0,18,18,nochange,6,f,1,3684.461,NA
9068,2,0,19,19,nochange,6,f,1,937.4871,NA
9068,2,0,20,20,change,6,f,0,1216.3555,NA
9068,2,0,21,21,nochange,6,f,1,1583.6046,NA
9068,2,0,22,22,nochange,6,f,1,1167.1286,NA
9068,2,0,23,23,nochange,6,f,1,1246.1443,NA
9068,2,0,24,24,nochange,6,f,1,1106.1644,1
9068,2,0,25,25,nochange,6,f,1,687.6444,NA
9068,2,0,26,26,change,6,f,0,1303.6812,NA
9068,2,0,27,27,change,6,j,1,1074.0828,NA
9068,2,0,28,28,nochange,6,f,1,4471.0273,NA
9068,2,0,29,29,change,6,f,0,1706.8116,NA
9068,2,0,30,30,change,6,f,0,1889.6231,NA
9068,2,0,31,31,nochange,6,f,1,1868.5717,NA
9068,2,0,32,32,change,6,f,0,1198.0174,2
9068,2,0,33,33,change,6,j,1,1657.3982,NA
9068,2,0,34,34,nochange,6,f,1,1434.7596,NA
9068,2,0,35,35,nochange,6,j,0,4144.0407,NA
9068,2,0,36,36,change,6,j,1,4932.3205,NA
9068,2,0,37,37,nochange,6,f,1,2688.3347,NA
9068,2,0,38,38,nochange,6,f,1,1899.5812,NA
9068,2,0,39,39,nochange,6,f,1,1562.4828,NA
9068,2,0,40,40,nochange,6,j,0,1451.7104,1
9068,2,0,41,41,change,6,f,0,1319.8882,NA
9068,2,0,42,42,change,6,j,1,1860.4437,NA
9068,2,0,43,43,change,6,f,0,1637.3867,NA
9068,2,0,44,44,change,6,f,0,1403.8035,NA
9068,2,0,45,45,change,6,f,0,1361.4145,NA
9068,2,0,46,46,change,6,f,0,2031.3793,NA
9068,2,0,47,47,change,6,j,1,1140.5284,NA
9068,2,0,48,48,change,6,f,0,3587.1745,1
9068,2,0,49,49,nochange,6,f,1,2671.7008,NA
9068,2,0,50,50,change,6,f,0,1297.4004,NA
9068,2,0,51,51,change,6,f,0,855.0248,NA
9068,2,0,52,52,change,6,j,1,1417.493,NA
9068,2,0,53,53,nochange,6,f,1,3187.0419,NA
9068,2,0,54,54,change,6,f,0,1510.676,NA
9068,2,0,55,55,change,6,f,0,1906.1624,NA
9068,2,0,56,56,nochange,6,f,1,1197.4658,1
9068,2,0,57,57,nochange,6,f,1,1057.6696,NA
9068,2,0,58,58,nochange,6,f,1,2169.2848,NA
9068,2,0,59,59,nochange,6,f,1,860.1156,NA
9068,2,0,60,60,change,6,f,0,777.4215,NA
9069,2,practice,0,1,change,6,f,0,5764.0282,NA
9069,2,practice,0,2,change,6,j,1,2556.0357,NA
9069,2,practice,0,3,nochange,6,j,0,3682.5443,NA
9069,2,practice,0,4,change,6,j,1,2169.8434,NA
9069,2,practice,0,5,nochange,6,f,1,1750.8378,NA
9069,2,0,1,1,change,6,j,1,2151.4682,NA
9069,2,0,2,2,change,6,j,1,1474.9319,NA
9069,2,0,3,3,nochange,6,f,1,1768.6108,NA
9069,2,0,4,4,nochange,6,f,1,1993.47,NA
9069,2,0,5,5,change,6,j,1,2719.6226,NA
9069,2,0,6,6,change,6,j,1,3772.6729,NA
9069,2,0,7,7,nochange,6,f,1,2600.3421,NA
9069,2,0,8,8,nochange,6,f,1,5075.7976,1
9069,2,0,9,9,nochange,6,f,1,1944.2106,NA
9069,2,0,10,10,change,6,f,0,2854.4712,NA
9069,2,0,11,11,change,6,j,1,2778.7487,NA
9069,2,0,12,12,nochange,6,f,1,5397.5447,NA
9069,2,0,13,13,nochange,6,f,1,2076.3235,NA
9069,2,0,14,14,change,6,j,1,6496.3606,NA
9069,2,0,15,15,change,6,f,0,1630.579,NA
9069,2,0,16,16,nochange,6,j,0,2410.1761,2
9069,2,0,17,17,change,6,j,1,6709.7864,NA
9069,2,0,18,18,change,6,f,0,1221.9708,NA
9069,2,0,19,19,nochange,6,f,1,2992.2031,NA
9069,2,0,20,20,change,6,j,1,1555.1504,NA
9069,2,0,21,21,change,6,j,1,2547.2574,NA
9069,2,0,22,22,change,6,f,0,1536.4904,NA
9069,2,0,23,23,nochange,6,f,1,1533.874,NA
9069,2,0,24,24,change,6,f,0,4939.1588,1
9069,2,0,25,25,nochange,6,f,1,1088.3479,NA
9069,2,0,26,26,change,6,f,0,6288.6348,NA
9069,2,0,27,27,nochange,6,f,1,1449.0255,NA
9069,2,0,28,28,change,6,f,0,1941.6228,NA
9069,2,0,29,29,nochange,6,f,1,2341.9122,NA
9069,2,0,30,30,change,6,f,0,5040.8971,NA
9069,2,0,31,31,nochange,6,f,1,2192.3585,NA
9069,2,0,32,32,nochange,6,j,0,2956.6576,1
9069,2,0,33,33,change,6,j,1,3315.5998,NA
9069,2,0,34,34,change,6,j,1,3651.6433,NA
9069,2,0,35,35,change,6,j,1,1443.3232,NA
9069,2,0,36,36,nochange,6,f,1,1780.3412,NA
9069,2,0,37,37,change,6,j,1,1538.9783,NA
9069,2,0,38,38,change,6,j,1,1142.8384,NA
9069,2,0,39,39,nochange,6,f,1,1911.8097,NA
9069,2,0,40,40,nochange,6,f,1,4777.5922,1
9069,2,0,41,41,change,6,j,1,3303.3366,NA
9069,2,0,42,42,change,6,f,0,3285.2264,NA
9069,2,0,43,43,nochange,6,f,1,1739.661,NA
9069,2,0,44,44,change,6,j,1,2446.4163,NA
9069,2,0,45,45,nochange,6,f,1,1928.5616,NA
9069,2,0,46,46,change,6,f,0,1886.6132,NA
9069,2,0,47,47,change,6,f,0,1803.3161,NA
9069,2,0,48,48,nochange,6,f,1,1535.3772,1
9069,2,0,49,49,nochange,6,f,1,1409.5643,NA
9069,2,0,50,50,change,6,j,1,2167.8405,NA
9069,2,0,51,51,nochange,6,f,1,3629.1907,NA
9069,2,0,52,52,nochange,6,f,1,1653.1805,NA
9069,2,0,53,53,change,6,j,1,2292.34,NA
9069,2,0,54,54,nochange,6,f,1,1789.2806,NA
9069,2,0,55,55,nochange,6,f,1,1992.7277,NA
9069,2,0,56,56,nochange,6,f,1,1299.3813,1
9069,2,0,57,57,change,6,f,0,1421.6941,NA
9069,2,0,58,58,nochange,6,f,1,1497.4164,NA
9069,2,0,59,59,nochange,6,f,1,1733.3489,NA
9069,2,0,60,60,nochange,6,f,1,3517.9189,NA
9071,2,practice,0,1,change,6,f,0,1135.9983,NA
9071,2,practice,0,2,change,6,f,0,1894.2252,NA
9071,2,practice,0,3,nochange,6,f,1,1284.8751,NA
9071,2,practice,0,4,change,6,j,1,1895.2629,NA
9071,2,practice,0,5,nochange,6,f,1,871.0307,NA
9071,2,0,1,1,nochange,6,f,1,910.6743,NA
9071,2,0,2,2,nochange,6,f,1,1216.5324,NA
9071,2,0,3,3,nochange,6,f,1,1050.0562,NA
9071,2,0,4,4,nochange,6,f,1,745.6133,NA
9071,2,0,5,5,change,6,j,1,1254.5708,NA
9071,2,0,6,6,change,6,f,0,1121.2518,NA
9071,2,0,7,7,nochange,6,f,1,2111.6005,NA
9071,2,0,8,8,change,6,f,0,843.4232,2
9071,2,0,9,9,nochange,6,f,1,2105.2575,NA
9071,2,0,10,10,nochange,6,f,1,1783.3073,NA
9071,2,0,11,11,nochange,6,j,0,1945.3317,NA
9071,2,0,12,12,nochange,6,j,0,1536.8948,NA
9071,2,0,13,13,change,6,f,0,831.0234,NA
9071,2,0,14,14,nochange,6,f,1,1609.8223,NA
9071,2,0,15,15,change,6,j,1,2489.7394,NA
9071,2,0,16,16,nochange,6,j,0,1460.6211,1
9071,2,0,17,17,change,6,j,1,2403.3378,NA
9071,2,0,18,18,nochange,6,f,1,2339.2842,NA
9071,2,0,19,19,nochange,6,f,1,6399.6617,NA
9071,2,0,20,20,nochange,6,f,1,1209.0393,NA
9071,2,0,21,21,nochange,6,f,1,891.1298,NA
9071,2,0,22,22,change,6,j,1,1672.7685,NA
9071,2,0,23,23,change,6,f,0,1773.5833,NA
9071,2,0,24,24,nochange,6,j,0,1844.2242,2
9071,2,0,25,25,nochange,6,f,1,1713.4181,NA
9071,2,0,26,26,change,6,j,1,4263.785,NA
9071,2,0,27,27,nochange,6,f,1,1115.1578,NA
9071,2,0,28,28,change,6,j,1,2034.2366,NA
9071,2,0,29,29,change,6,f,0,844.6416,NA
9071,2,0,30,30,nochange,6,j,0,1262.4155,NA
9071,2,0,31,31,change,6,j,1,1060.5699,NA
9071,2,0,32,32,change,6,j,1,2083.572,3
9071,2,0,33,33,nochange,6,f,1,1211.2679,NA
9071,2,0,34,34,change,6,f,0,1534.47,NA
9071,2,0,35,35,change,6,j,1,607.1082,NA
9071,2,0,36,36,change,6,j,1,1275.2032,NA
9071,2,0,37,37,nochange,6,f,1,903.7354,NA
9071,2,0,38,38,change,6,j,1,1596.3569,NA
9071,2,0,39,39,change,6,j,1,1703.8495,NA
9071,2,0,40,40,change,6,f,0,2157.0988,5
9071,2,0,41,41,nochange,6,f,1,3109.7829,NA
9071,2,0,42,42,change,6,f,0,2758.4387,NA
9071,2,0,43,43,change,6,j,1,1809.1906,NA
9071,2,0,44,44,change,6,f,0,971.3339,NA
9071,2,0,45,45,change,6,f,0,915.43,NA
9071,2,0,46,46,nochange,6,j,0,1403.9805,NA
9071,2,0,47,47,nochange,6,f,1,1550.3705,NA
9071,2,0,48,48,nochange,6,f,1,1247.4018,4
9071,2,0,49,49,nochange,6,f,1,1728.9668,NA
9071,2,0,50,50,change,6,f,0,1085.8083,NA
9071,2,0,51,51,change,6,j,1,711.976,NA
9071,2,0,52,52,change,6,j,1,974.1722,NA
9071,2,0,53,53,nochange,6,f,1,1286.2723,NA
9071,2,0,54,54,change,6,f,0,1680.0936,NA
9071,2,0,55,55,change,6,j,1,1601.728,NA
9071,2,0,56,56,change,6,j,1,1405.3554,4
9071,2,0,57,57,nochange,6,f,1,1763.4352,NA
9071,2,0,58,58,nochange,6,j,0,2330.7869,NA
9071,2,0,59,59,nochange,6,f,1,1040.4019,NA
9071,2,0,60,60,change,6,f,0,1830.3158,NA
9072,2,practice,0,1,change,6,f,0,3931.9722,NA
9072,2,practice,0,2,change,6,j,1,1412.2922,NA
9072,2,practice,0,3,change,6,j,1,2938.7023,NA
9072,2,practice,0,4,nochange,6,f,1,2157.2205,NA
9072,2,practice,0,5,nochange,6,f,1,1070.9071,NA
9072,2,0,1,1,nochange,6,f,1,1439.7699,NA
9072,2,0,2,2,nochange,6,f,1,970.3384,NA
9072,2,0,3,3,change,6,j,1,1229.6138,NA
9072,2,0,4,4,change,6,j,1,1171.3124,NA
9072,2,0,5,5,nochange,6,j,0,28314.914,NA
9072,2,0,6,6,change,6,f,0,1045.0303,NA
9072,2,0,7,7,change,6,f,0,1243.6375,NA
9072,2,0,8,8,nochange,6,f,1,1326.2166,3
9072,2,0,9,9,change,6,f,0,1386.8355,NA
9072,2,0,10,10,nochange,6,j,0,1462.584,NA
9072,2,0,11,11,nochange,6,j,0,1021.2995,NA
9072,2,0,12,12,nochange,6,f,1,1308.6554,NA
9072,2,0,13,13,nochange,6,f,1,1184.3921,NA
9072,2,0,14,14,change,6,f,0,2048.701,NA
9072,2,0,15,15,nochange,6,f,1,1636.3459,NA
9072,2,0,16,16,change,6,j,1,1771.2432,3
9072,2,0,17,17,nochange,6,f,1,14887.1679,NA
9072,2,0,18,18,nochange,6,f,1,1408.6685,NA
9072,2,0,19,19,change,6,j,1,1814.2491,NA
9072,2,0,20,20,change,6,j,1,1571.596,NA
9072,2,0,21,21,nochange,6,j,0,15988.6379,NA
9072,2,0,22,22,change,6,j,1,1086.891,NA
9072,2,0,23,23,nochange,6,f,1,2291.8771,NA
9072,2,0,24,24,change,6,f,0,4091.321,3
9072,2,0,25,25,change,6,j,1,1894.7372,NA
9072,2,0,26,26,change,6,f,0,1556.2298,NA
9072,2,0,27,27,change,6,j,1,5141.9787,NA
9072,2,0,28,28,change,6,j,1,1754.3615,NA
9072,2,0,29,29,nochange,6,j,0,33387.863,NA
9072,2,0,30,30,change,6,j,1,1659.5113,NA
9072,2,0,31,31,nochange,6,f,1,1674.6024,NA
9072,2,0,32,32,change,6,f,0,1938.5629,3
9072,2,0,33,33,change,6,f,0,1659.9011,NA
9072,2,0,34,34,nochange,6,f,1,65560.9162,NA
9072,2,0,35,35,nochange,6,j,0,6.85519999999,NA
9072,2,0,36,36,change,6,f,0,5.49569999997,NA
9072,2,0,37,37,change,6,j,1,7.8563000001,NA
9072,2,0,38,38,nochange,6,f,1,404.3079,NA
9072,2,0,39,39,change,6,f,0,2493.0999,NA
9072,2,0,40,40,nochange,6,j,0,4.18290000001,3
9072,2,0,41,41,nochange,6,f,1,336.2891,NA
9072,2,0,42,42,change,6,j,1,6.64670000004,NA
9072,2,0,43,43,change,6,f,0,8.44460000005,NA
9072,2,0,44,44,nochange,6,f,1,4.14910000004,NA
9072,2,0,45,45,change,6,j,1,4.32390000008,NA
9072,2,0,46,46,nochange,6,f,1,6.39560000005,NA
9072,2,0,47,47,nochange,6,j,0,3.98510000005,NA
9072,2,0,48,48,nochange,6,f,1,7.45629999996,2
9072,2,0,49,49,nochange,6,j,0,1505.8013,NA
9072,2,0,50,50,change,6,j,1,14959.5098,NA
9072,2,0,51,51,nochange,6,f,1,529.8895,NA
9072,2,0,52,52,nochange,6,j,0,3.52289999998,NA
9072,2,0,53,53,nochange,6,j,0,8.82119999989,NA
9072,2,0,54,54,change,6,j,1,6.08059999999,NA
9072,2,0,55,55,change,6,f,0,5.75959999999,NA
9072,2,0,56,56,nochange,6,j,0,6.09389999998,2
9072,2,0,57,57,change,6,j,1,4.5318,NA
9072,2,0,58,58,nochange,6,j,0,6.17519999994,NA
9072,2,0,59,59,change,6,f,0,12.6335999999,NA
9072,2,0,60,60,change,6,j,1,5.71080000012,NA
9073,2,practice,0,1,change,6,j,1,846.1527,NA
9073,2,practice,0,2,nochange,6,f,1,1071.3586,NA
9073,2,practice,0,3,nochange,6,j,0,494.7984,NA
9073,2,practice,0,4,nochange,6,j,0,13591.5941,NA
9073,2,practice,0,5,nochange,6,f,1,607.858,NA
9073,2,0,1,1,change,6,j,1,785.9406,NA
9073,2,0,2,2,change,6,f,0,4.1609,NA
9073,2,0,3,3,nochange,6,f,1,858.5462,NA
9073,2,0,4,4,change,6,f,0,1695.6762,NA
9073,2,0,5,5,nochange,6,j,0,758.6724,NA
9073,2,0,6,6,change,6,j,1,971.2385,NA
9073,2,0,7,7,nochange,6,f,1,1157.2799,NA
9073,2,0,8,8,change,6,f,0,833.902,5
9073,2,0,9,9,nochange,6,j,0,24846.9078,NA
9073,2,0,10,10,change,6,f,0,627.2006,NA
9073,2,0,11,11,nochange,6,f,1,806.0743,NA
9073,2,0,12,12,nochange,6,f,1,1241.615,NA
9073,2,0,13,13,nochange,6,f,1,872.0722,NA
9073,2,0,14,14,change,6,f,0,694.8082,NA
9073,2,0,15,15,change,6,j,1,752.3136,NA
9073,2,0,16,16,nochange,6,f,1,630.1043,5
9073,2,0,17,17,nochange,6,f,1,1111.9311,NA
9073,2,0,18,18,nochange,6,j,0,1117.0582,NA
9073,2,0,19,19,nochange,6,j,0,933.0685,NA
9073,2,0,20,20,nochange,6,f,1,1112.5777,NA
9073,2,0,21,21,change,6,f,0,684.9843,NA
9073,2,0,22,22,change,6,j,1,599.7422,NA
9073,2,0,23,23,change,6,f,0,2432.9144,NA
9073,2,0,24,24,nochange,6,j,0,1442.4672,5
9073,2,0,25,25,change,6,f,0,1753.5228,NA
9073,2,0,26,26,nochange,6,f,1,1468.0918,NA
9073,2,0,27,27,nochange,6,f,1,869.852,NA
9073,2,0,28,28,nochange,6,f,1,1168.2382,NA
9073,2,0,29,29,change,6,j,1,1147.6392,NA
9073,2,0,30,30,nochange,6,f,1,1013.9536,NA
9073,2,0,31,31,change,6,j,1,896.5719,NA
9073,2,0,32,32,change,6,j,1,875.7098,5
9073,2,0,33,33,change,6,f,0,1268.708,NA
9073,2,0,34,34,change,6,f,0,1037.8164,NA
9073,2,0,35,35,change,6,j,1,1237.199,NA
9073,2,0,36,36,change,6,f,0,828.2347,NA
9073,2,0,37,37,change,6,f,0,801.9305,NA
9073,2,0,38,38,change,6,f,0,1024.4901,NA
9073,2,0,39,39,nochange,6,f,1,1114.4715,NA
9073,2,0,40,40,nochange,6,f,1,889.9001,5
9073,2,0,41,41,nochange,6,f,1,1089.8273,NA
9073,2,0,42,42,change,6,j,1,977.4587,NA
9073,2,0,43,43,change,6,j,1,427.8933,NA
9073,2,0,44,44,nochange,6,f,1,978.1683,NA
9073,2,0,45,45,nochange,6,f,1,803.1612,NA
9073,2,0,46,46,nochange,6,f,1,900.6927,NA
9073,2,0,47,47,change,6,f,0,1074.7906,NA
9073,2,0,48,48,nochange,6,j,0,1044.5755,5
9073,2,0,49,49,change,6,f,0,1480.4189,NA
9073,2,0,50,50,change,6,j,1,1904.0743,NA
9073,2,0,51,51,nochange,6,f,1,1710.0144,NA
9073,2,0,52,52,nochange,6,f,1,2026.6015,NA
9073,2,0,53,53,nochange,6,j,0,1546.922,NA
9073,2,0,54,54,nochange,6,j,0,1188.7119,NA
9073,2,0,55,55,nochange,6,j,0,1518.2939,NA
9073,2,0,56,56,change,6,j,1,1732.9455,4
9073,2,0,57,57,nochange,6,f,1,1406.8657,NA
9073,2,0,58,58,change,6,j,1,1626.4579,NA
9073,2,0,59,59,change,6,f,0,1801.6235,NA
9073,2,0,60,60,change,6,j,1,1433.0027,NA
9074,2,practice,0,1,nochange,6,j,0,1352.8763,NA
9074,2,practice,0,2,change,6,f,0,1128.4965,NA
9074,2,practice,0,3,nochange,6,f,1,1244.262,NA
9074,2,practice,0,4,change,6,j,1,884.2627,NA
9074,2,practice,0,5,nochange,6,j,0,1612.6805,NA
9074,2,0,1,1,nochange,6,f,1,1353.6104,NA
9074,2,0,2,2,change,6,f,0,2578.9343,NA
9074,2,0,3,3,change,6,j,1,708.5553,NA
9074,2,0,4,4,change,6,j,1,1140.9624,NA
9074,2,0,5,5,change,6,j,1,1826.1966,NA
9074,2,0,6,6,change,6,j,1,1353.2511,NA
9074,2,0,7,7,change,6,j,1,3890.4324,NA
9074,2,0,8,8,nochange,6,f,1,3131.9314,5
9074,2,0,9,9,change,6,j,1,1696.5871,NA
9074,2,0,10,10,change,6,j,1,1499.5015,NA
9074,2,0,11,11,change,6,j,1,1272.1943,NA
9074,2,0,12,12,nochange,6,f,1,1813.5887,NA
9074,2,0,13,13,nochange,6,f,1,1236.6511,NA
9074,2,0,14,14,change,6,j,1,1620.4715,NA
9074,2,0,15,15,change,6,j,1,1007.3281,NA
9074,2,0,16,16,change,6,f,0,1621.7783,3
9074,2,0,17,17,nochange,6,f,1,1095.4631,NA
9074,2,0,18,18,nochange,6,f,1,1011.3578,NA
9074,2,0,19,19,change,6,j,1,2010.1088,NA
9074,2,0,20,20,nochange,6,f,1,1209.5202,NA
9074,2,0,21,21,change,6,f,0,919.3278,NA
9074,2,0,22,22,nochange,6,f,1,972.6283,NA
9074,2,0,23,23,change,6,j,1,705.5965,NA
9074,2,0,24,24,change,6,f,0,1377.9329,3
9074,2,0,25,25,nochange,6,f,1,1440.7329,NA
9074,2,0,26,26,nochange,6,f,1,907.2627,NA
9074,2,0,27,27,change,6,f,0,921.2011,NA
9074,2,0,28,28,nochange,6,f,1,1363.3329,NA
9074,2,0,29,29,nochange,6,f,1,2008.2388,NA
9074,2,0,30,30,change,6,j,1,1257.8098,NA
9074,2,0,31,31,change,6,j,1,2657.638,NA
9074,2,0,32,32,nochange,6,f,1,1259.2949,2
9074,2,0,33,33,change,6,j,1,1839.765,NA
9074,2,0,34,34,nochange,6,f,1,2303.3685,NA
9074,2,0,35,35,nochange,6,f,1,2236.189,NA
9074,2,0,36,36,change,6,j,1,2601.5354,NA
9074,2,0,37,37,nochange,6,f,1,1850.3738,NA
9074,2,0,38,38,change,6,j,1,3231.0928,NA
9074,2,0,39,39,change,6,j,1,4558.4757,NA
9074,2,0,40,40,change,6,f,0,4827.89,3
9074,2,0,41,41,change,6,f,0,3.62620000006,NA
9074,2,0,42,42,nochange,6,j,0,2585.2045,NA
9074,2,0,43,43,nochange,6,j,0,1489.909,NA
9074,2,0,44,44,nochange,6,f,1,1044.1987,NA
9074,2,0,45,45,nochange,6,f,1,1154.0668,NA
9074,2,0,46,46,nochange,6,f,1,1928.9027,NA
9074,2,0,47,47,nochange,6,j,0,2266.3587,NA
9074,2,0,48,48,change,6,j,1,2420.6698,4
9074,2,0,49,49,change,6,j,1,2995.4233,NA
9074,2,0,50,50,nochange,6,f,1,2073.4803,NA
9074,2,0,51,51,change,6,j,1,1245.0541,NA
9074,2,0,52,52,change,6,j,1,1232.037,NA
9074,2,0,53,53,change,6,j,1,1509.7114,NA
9074,2,0,54,54,nochange,6,f,1,1630.0519,NA
9074,2,0,55,55,nochange,6,f,1,1221.0924,NA
9074,2,0,56,56,nochange,6,f,1,3763.3077,2
9074,2,0,57,57,nochange,6,f,1,3.0321999999,NA
9074,2,0,58,58,nochange,6,f,1,3254.1592,NA
9074,2,0,59,59,nochange,6,j,0,3264.6789,NA
9074,2,0,60,60,nochange,6,j,0,1722.735,NA
9076,2,practice,0,1,nochange,6,j,0,2651.4508,NA
9076,2,practice,0,2,nochange,6,f,1,1332.1378,NA
9076,2,practice,0,3,nochange,6,j,0,0.205000000002,NA
9076,2,practice,0,4,change,6,f,0,1669.236,NA
9076,2,practice,0,5,nochange,6,j,0,0.198400000001,NA
9076,2,0,1,1,change,6,j,1,21.0196,NA
9076,2,0,2,2,nochange,6,j,0,9.39390000001,NA
9076,2,0,3,3,change,6,f,0,4.35350000001,NA
9076,2,0,4,4,nochange,6,f,1,9.4025,NA
9076,2,0,5,5,nochange,6,f,1,9.43460000001,NA
9076,2,0,6,6,change,6,j,1,4.0871,NA
9076,2,0,7,7,nochange,6,j,0,6.32769999999,NA
9076,2,0,8,8,change,6,f,0,8.13209999999,4
9076,2,0,9,9,nochange,6,j,0,10.8621,NA
9076,2,0,10,10,nochange,6,f,1,6.6562,NA
9076,2,0,11,11,change,6,j,1,9.18210000001,NA
9076,2,0,12,12,nochange,6,j,0,7.90320000003,NA
9076,2,0,13,13,change,6,j,1,9.20449999996,NA
9076,2,0,14,14,change,6,j,1,3.74610000002,NA
9076,2,0,15,15,nochange,6,f,1,10.1977,NA
9076,2,0,16,16,change,6,j,1,16.0094,4
9076,2,0,17,17,nochange,6,j,0,620.1097,NA
9076,2,0,18,18,change,6,f,0,8.69570000001,NA
9076,2,0,19,19,change,6,f,0,2.55369999999,NA
9076,2,0,20,20,nochange,6,f,1,14.8574,NA
9076,2,0,21,21,nochange,6,f,1,6.25829999999,NA
9076,2,0,22,22,change,6,f,0,2.76520000002,NA
9076,2,0,23,23,nochange,6,f,1,7.94210000001,NA
9076,2,0,24,24,change,6,f,0,3.4589,4
9076,2,0,25,25,change,6,j,1,3.3463,NA
9076,2,0,26,26,nochange,6,j,0,9.59099999999,NA
9076,2,0,27,27,nochange,6,j,0,3.29240000003,NA
9076,2,0,28,28,change,6,j,1,9.10819999996,NA
9076,2,0,29,29,nochange,6,j,0,4.18029999995,NA
9076,2,0,30,30,change,6,j,1,9.28929999995,NA
9076,2,0,31,31,nochange,6,f,1,3.72110000002,NA
9076,2,0,32,32,change,6,f,0,8.59229999996,5
9076,2,0,33,33,change,6,f,0,4.7831,NA
9076,2,0,34,34,change,6,j,1,9.40240000002,NA
9076,2,0,35,35,nochange,6,j,0,3.45819999999,NA
9076,2,0,36,36,change,6,j,1,3.25730000006,NA
9076,2,0,37,37,change,6,f,0,4.17229999998,NA
9076,2,0,38,38,change,6,j,1,8.07450000005,NA
9076,2,0,39,39,nochange,6,j,0,5.092,NA
9076,2,0,40,40,nochange,6,j,0,5.46090000001,5
9076,2,0,41,41,change,6,f,0,7.44559999998,NA
9076,2,0,42,42,nochange,6,j,0,6.65279999998,NA
9076,2,0,43,43,nochange,6,j,0,520.6467,NA
9076,2,0,44,44,nochange,6,f,1,4.05089999997,NA
9076,2,0,45,45,change,6,j,1,10.1583,NA
9076,2,0,46,46,change,6,f,0,2.77830000001,NA
9076,2,0,47,47,nochange,6,j,0,5.95260000002,NA
9076,2,0,48,48,change,6,j,1,3.95890000003,5
9076,2,0,49,49,nochange,6,j,0,14.5101,NA
9076,2,0,50,50,nochange,6,j,0,3.54930000007,NA
9076,2,0,51,51,change,6,j,1,8.02870000002,NA
9076,2,0,52,52,nochange,6,j,0,9.00109999999,NA
9076,2,0,53,53,change,6,j,1,6.10399999999,NA
9076,2,0,54,54,nochange,6,j,0,4.02150000003,NA
9076,2,0,55,55,nochange,6,j,0,4.0787000000700004,NA
9076,2,0,56,56,change,6,f,0,11.4243,5
9076,2,0,57,57,change,6,j,1,16.0642,NA
9076,2,0,58,58,nochange,6,j,0,7.83960000001,NA
9076,2,0,59,59,change,6,f,0,13.4276,NA
9076,2,0,60,60,nochange,6,j,0,3.57479999994,NA
9077,2,practice,0,1,change,6,j,1,2271.471,NA
9077,2,practice,0,2,change,6,j,1,903.373,NA
9077,2,practice,0,3,change,6,j,1,1012.7911,NA
9077,2,practice,0,4,change,6,j,1,909.2093,NA
9077,2,practice,0,5,change,6,j,1,1518.6887,NA
9077,2,0,1,1,change,6,f,0,2071.7135,NA
9077,2,0,2,2,nochange,6,f,1,1462.8065,NA
9077,2,0,3,3,change,6,j,1,856.23,NA
9077,2,0,4,4,nochange,6,f,1,1219.8288,NA
9077,2,0,5,5,change,6,j,1,1260.9942,NA
9077,2,0,6,6,change,6,f,0,1919.8564,NA
9077,2,0,7,7,nochange,6,f,1,1266.1918,NA
9077,2,0,8,8,nochange,6,f,1,1284.1836,1
9077,2,0,9,9,change,6,j,1,1351.3944,NA
9077,2,0,10,10,nochange,6,f,1,4499.9317,NA
9077,2,0,11,11,change,6,j,1,2003.8823,NA
9077,2,0,12,12,change,6,j,1,1844.9228,NA
9077,2,0,13,13,nochange,6,f,1,2551.2477,NA
9077,2,0,14,14,nochange,6,f,1,2144.3866,NA
9077,2,0,15,15,nochange,6,f,1,3662.8442,NA
9077,2,0,16,16,nochange,6,f,1,1402.6629,1
9077,2,0,17,17,change,6,j,1,3222.7939,NA
9077,2,0,18,18,change,6,f,0,2484.9111,NA
9077,2,0,19,19,change,6,j,1,1744.7533,NA
9077,2,0,20,20,nochange,6,j,0,3337.9521,NA
9077,2,0,21,21,nochange,6,f,1,2070.1991,NA
9077,2,0,22,22,nochange,6,f,1,2566.0161,NA
9077,2,0,23,23,nochange,6,f,1,1143.0168,NA
9077,2,0,24,24,nochange,6,f,1,2682.047,1
9077,2,0,25,25,change,6,f,0,1370.1625,NA
9077,2,0,26,26,nochange,6,f,1,1538.841,NA
9077,2,0,27,27,nochange,6,f,1,4095.2172,NA
9077,2,0,28,28,nochange,6,f,1,1629.6314,NA
9077,2,0,29,29,change,6,j,1,3063.8944,NA
9077,2,0,30,30,change,6,j,1,2014.8395,NA
9077,2,0,31,31,nochange,6,f,1,1086.4352,NA
9077,2,0,32,32,change,6,j,1,2283.4733,1
9077,2,0,33,33,nochange,6,f,1,1790.3891,NA
9077,2,0,34,34,nochange,6,f,1,1654.0258,NA
9077,2,0,35,35,change,6,j,1,1881.78,NA
9077,2,0,36,36,change,6,j,1,3004.8374,NA
9077,2,0,37,37,change,6,j,1,1404.1391,NA
9077,2,0,38,38,change,6,j,1,1464.0676,NA
9077,2,0,39,39,change,6,f,0,3897.9288,NA
9077,2,0,40,40,nochange,6,f,1,5812.1513,1
9077,2,0,41,41,nochange,6,f,1,1996.0184,NA
9077,2,0,42,42,change,6,j,1,2030.2318,NA
9077,2,0,43,43,nochange,6,j,0,2576.1952,NA
9077,2,0,44,44,nochange,6,j,0,5559.0167,NA
9077,2,0,45,45,change,6,j,1,1824.5344,NA
9077,2,0,46,46,nochange,6,f,1,1912.2666,NA
9077,2,0,47,47,nochange,6,f,1,1496.2593,NA
9077,2,0,48,48,nochange,6,f,1,2886.8038,1
9077,2,0,49,49,nochange,6,f,1,2425.6946,NA
9077,2,0,50,50,change,6,j,1,5243.8106,NA
9077,2,0,51,51,change,6,j,1,1464.3485,NA
9077,2,0,52,52,change,6,f,0,1852.4534,NA
9077,2,0,53,53,change,6,j,1,2649.047,NA
9077,2,0,54,54,change,6,j,1,1136.975,NA
9077,2,0,55,55,change,6,j,1,3996.8183,NA
9077,2,0,56,56,nochange,6,j,0,2011.5685,1
9077,2,0,57,57,change,6,f,0,1843.8978,NA
9077,2,0,58,58,nochange,6,f,1,1731.2319,NA
9077,2,0,59,59,change,6,j,1,1805.4656,NA
9077,2,0,60,60,change,6,j,1,2229.17,NA
9078,2,practice,0,1,nochange,6,f,1,1372.5338,NA
9078,2,practice,0,2,nochange,6,f,1,1039.5806,NA
9078,2,practice,0,3,nochange,6,f,1,1043.536,NA
9078,2,practice,0,4,nochange,6,f,1,797.0579,NA
9078,2,practice,0,5,change,6,j,1,1191.9273,NA
9078,2,0,1,1,change,6,j,1,1274.0255,NA
9078,2,0,2,2,change,6,j,1,1527.9104,NA
9078,2,0,3,3,nochange,6,f,1,2102.929,NA
9078,2,0,4,4,change,6,j,1,1063.9053,NA
9078,2,0,5,5,nochange,6,j,0,2085.4578,NA
9078,2,0,6,6,change,6,j,1,3505.9079,NA
9078,2,0,7,7,nochange,6,f,1,961.5215,NA
9078,2,0,8,8,nochange,6,f,1,1117.4077,2
9078,2,0,9,9,change,6,j,1,1502.7592,NA
9078,2,0,10,10,change,6,j,1,2113.3789,NA
9078,2,0,11,11,change,6,j,1,1248.9881,NA
9078,2,0,12,12,nochange,6,j,0,3343.2841,NA
9078,2,0,13,13,nochange,6,f,1,2109.617,NA
9078,2,0,14,14,change,6,j,1,1112.5109,NA
9078,2,0,15,15,change,6,j,1,1092.658,NA
9078,2,0,16,16,change,6,j,1,1110.645,4
9078,2,0,17,17,change,6,j,1,1404.4383,NA
9078,2,0,18,18,nochange,6,f,1,862.631,NA
9078,2,0,19,19,change,6,f,0,1578.3539,NA
9078,2,0,20,20,nochange,6,f,1,1619.3141,NA
9078,2,0,21,21,change,6,j,1,1131.8741,NA
9078,2,0,22,22,change,6,j,1,1218.0833,NA
9078,2,0,23,23,nochange,6,f,1,1168.9791,NA
9078,2,0,24,24,change,6,j,1,1206.9298,2
9078,2,0,25,25,nochange,6,f,1,1578.8075,NA
9078,2,0,26,26,nochange,6,f,1,938.0159,NA
9078,2,0,27,27,nochange,6,f,1,2069.8784,NA
9078,2,0,28,28,change,6,f,0,1859.2029,NA
9078,2,0,29,29,nochange,6,j,0,1238.6118,NA
9078,2,0,30,30,nochange,6,f,1,2312.3699,NA
9078,2,0,31,31,nochange,6,j,0,2622.902,NA
9078,2,0,32,32,change,6,j,1,1381.5736,5
9078,2,0,33,33,nochange,6,j,0,1286.5793,NA
9078,2,0,34,34,change,6,j,1,4472.0231,NA
9078,2,0,35,35,change,6,j,1,1293.2505,NA
9078,2,0,36,36,nochange,6,j,0,3651.924,NA
9078,2,0,37,37,nochange,6,f,1,1305.4198,NA
9078,2,0,38,38,change,6,f,0,1972.6563,NA
9078,2,0,39,39,change,6,f,0,1690.3615,NA
9078,2,0,40,40,nochange,6,f,1,1422.5864,4
9078,2,0,41,41,change,6,f,0,1558.2532,NA
9078,2,0,42,42,change,6,j,1,1353.5493,NA
9078,2,0,43,43,nochange,6,f,1,1410.9509,NA
9078,2,0,44,44,nochange,6,f,1,966.1206,NA
9078,2,0,45,45,nochange,6,j,0,1984.9648,NA
9078,2,0,46,46,nochange,6,j,0,1921.2834,NA
9078,2,0,47,47,change,6,j,1,1246.3342,NA
9078,2,0,48,48,change,6,j,1,1502.2084,5
9078,2,0,49,49,change,6,j,1,1701.7869,NA
9078,2,0,50,50,change,6,f,0,1399.5911,NA
9078,2,0,51,51,nochange,6,f,1,1294.0483,NA
9078,2,0,52,52,change,6,j,1,1372.71,NA
9078,2,0,53,53,nochange,6,f,1,5533.052,NA
9078,2,0,54,54,nochange,6,j,0,2041.2812,NA
9078,2,0,55,55,nochange,6,f,1,1242.1776,NA
9078,2,0,56,56,nochange,6,f,1,1393.0415,5
9078,2,0,57,57,nochange,6,f,1,1270.7733,NA
9078,2,0,58,58,change,6,j,1,2474.8513,NA
9078,2,0,59,59,change,6,f,0,2338.2994,NA
9078,2,0,60,60,nochange,6,f,1,2080.4182,NA
9079,2,practice,0,1,nochange,6,j,0,987.6666,NA
9079,2,practice,0,2,change,6,f,0,1195.2189,NA
9079,2,practice,0,3,nochange,6,f,1,3239.5706,NA
9079,2,practice,0,4,change,6,f,0,1062.8691,NA
9079,2,practice,0,5,nochange,6,j,0,1137.0024,NA
9079,2,0,1,1,change,6,f,0,1178.8795,NA
9079,2,0,2,2,change,6,j,1,2282.7909,NA
9079,2,0,3,3,nochange,6,f,1,1844.6683,NA
9079,2,0,4,4,nochange,6,f,1,1974.6106,NA
9079,2,0,5,5,change,6,f,0,2459.6748,NA
9079,2,0,6,6,change,6,f,0,2035.8575,NA
9079,2,0,7,7,nochange,6,f,1,1152.683,NA
9079,2,0,8,8,change,6,j,1,5158.7037,1
9079,2,0,9,9,change,6,j,1,1274.0166,NA
9079,2,0,10,10,change,6,j,1,1466.5688,NA
9079,2,0,11,11,change,6,j,1,1478.7836,NA
9079,2,0,12,12,change,6,f,0,1357.8077,NA
9079,2,0,13,13,change,6,j,1,994.1071,NA
9079,2,0,14,14,nochange,6,f,1,1432.8434,NA
9079,2,0,15,15,nochange,6,f,1,754.2381,NA
9079,2,0,16,16,nochange,6,f,1,2028.5843,1
9079,2,0,17,17,nochange,6,j,0,2461.5808,NA
9079,2,0,18,18,nochange,6,f,1,1498.4949,NA
9079,2,0,19,19,change,6,j,1,1404.4013,NA
9079,2,0,20,20,change,6,j,1,1022.6507,NA
9079,2,0,21,21,change,6,f,0,2155.6017,NA
9079,2,0,22,22,change,6,f,0,1403.7358,NA
9079,2,0,23,23,change,6,j,1,1098.0799,NA
9079,2,0,24,24,change,6,j,1,980.3019,1
9079,2,0,25,25,nochange,6,f,1,1329.07,NA
9079,2,0,26,26,nochange,6,j,0,994.8727,NA
9079,2,0,27,27,nochange,6,f,1,1674.809,NA
9079,2,0,28,28,nochange,6,f,1,1598.5541,NA
9079,2,0,29,29,nochange,6,f,1,2721.0612,NA
9079,2,0,30,30,nochange,6,f,1,885.2271,NA
9079,2,0,31,31,change,6,f,0,3336.634,NA
9079,2,0,32,32,nochange,6,f,1,829.6714,2
9079,2,0,33,33,nochange,6,j,0,3882.0637,NA
9079,2,0,34,34,change,6,j,1,3101.9848,NA
9079,2,0,35,35,nochange,6,f,1,1743.9227,NA
9079,2,0,36,36,change,6,j,1,1542.0711,NA
9079,2,0,37,37,nochange,6,f,1,1538.1967,NA
9079,2,0,38,38,change,6,j,1,1992.8156,NA
9079,2,0,39,39,nochange,6,f,1,1646.8336,NA
9079,2,0,40,40,change,6,f,0,5266.5505,1
9079,2,0,41,41,nochange,6,f,1,2046.4035,NA
9079,2,0,42,42,change,6,j,1,1800.0772,NA
9079,2,0,43,43,nochange,6,f,1,3907.2806,NA
9079,2,0,44,44,nochange,6,f,1,2655.5556,NA
9079,2,0,45,45,change,6,f,0,2427.5988,NA
9079,2,0,46,46,change,6,j,1,3677.9479,NA
9079,2,0,47,47,change,6,f,0,2545.6098,NA
9079,2,0,48,48,nochange,6,f,1,3873.5826,1
9079,2,0,49,49,nochange,6,f,1,2901.4386,NA
9079,2,0,50,50,change,6,j,1,1074.1042,NA
9079,2,0,51,51,change,6,j,1,1580.5663,NA
9079,2,0,52,52,change,6,f,0,1635.1381,NA
9079,2,0,53,53,nochange,6,f,1,1112.3941,NA
9079,2,0,54,54,nochange,6,j,0,2089.8159,NA
9079,2,0,55,55,change,6,j,1,1356.2776,NA
9079,2,0,56,56,change,6,j,1,1043.7799,1
9079,2,0,57,57,nochange,6,f,1,1303.5485,NA
9079,2,0,58,58,nochange,6,f,1,957.1986,NA
9079,2,0,59,59,nochange,6,f,1,4021.5956,NA
9079,2,0,60,60,nochange,6,f,1,1792.5966,NA
9080,2,practice,0,1,nochange,6,f,1,1439.3382,NA
9080,2,practice,0,2,change,6,f,0,1230.2431,NA
9080,2,practice,0,3,change,6,j,1,1367.1053,NA
9080,2,practice,0,4,nochange,6,f,1,862.2646,NA
9080,2,practice,0,5,nochange,6,j,0,1664.4573,NA
9080,2,0,1,1,nochange,6,f,1,1014.1364,NA
9080,2,0,2,2,change,6,f,0,2290.9289,NA
9080,2,0,3,3,change,6,j,1,1037.2778,NA
9080,2,0,4,4,nochange,6,f,1,887.2256,NA
9080,2,0,5,5,change,6,j,1,1049.3021,NA
9080,2,0,6,6,nochange,6,f,1,2031.0062,NA
9080,2,0,7,7,nochange,6,f,1,896.2233,NA
9080,2,0,8,8,change,6,j,1,3421.2701,2
9080,2,0,9,9,change,6,f,0,2888.2325,NA
9080,2,0,10,10,change,6,j,1,1505.4433,NA
9080,2,0,11,11,nochange,6,f,1,1394.0327,NA
9080,2,0,12,12,nochange,6,f,1,2390.991,NA
9080,2,0,13,13,change,6,j,1,2014.8033,NA
9080,2,0,14,14,nochange,6,j,0,3056.2599,NA
9080,2,0,15,15,nochange,6,j,0,1181.117,NA
9080,2,0,16,16,nochange,6,f,1,1109.8211,1
9080,2,0,17,17,change,6,j,1,1103.4457,NA
9080,2,0,18,18,nochange,6,f,1,1101.7963,NA
9080,2,0,19,19,change,6,f,0,1531.1473,NA
9080,2,0,20,20,nochange,6,f,1,1106.7273,NA
9080,2,0,21,21,nochange,6,f,1,854.8105,NA
9080,2,0,22,22,nochange,6,f,1,1999.0803,NA
9080,2,0,23,23,change,6,j,1,6950.5056,NA
9080,2,0,24,24,change,6,j,1,1820.5343,1
9080,2,0,25,25,nochange,6,f,1,867.0737,NA
9080,2,0,26,26,nochange,6,f,1,2332.4092,NA
9080,2,0,27,27,nochange,6,f,1,1307.8124,NA
9080,2,0,28,28,nochange,6,j,0,812.4733,NA
9080,2,0,29,29,change,6,j,1,944.9449,NA
9080,2,0,30,30,change,6,f,0,1466.681,NA
9080,2,0,31,31,nochange,6,f,1,1035.6172,NA
9080,2,0,32,32,nochange,6,f,1,2035.5142,3
9080,2,0,33,33,change,6,f,0,2468.9171,NA
9080,2,0,34,34,change,6,j,1,1267.3419,NA
9080,2,0,35,35,nochange,6,f,1,1138.4773,NA
9080,2,0,36,36,change,6,j,1,1022.4382,NA
9080,2,0,37,37,change,6,f,0,1040.6359,NA
9080,2,0,38,38,nochange,6,f,1,1053.8955,NA
9080,2,0,39,39,nochange,6,f,1,1041.8178,NA
9080,2,0,40,40,nochange,6,j,0,1523.6929,3
9080,2,0,41,41,nochange,6,f,1,1191.3184,NA
9080,2,0,42,42,change,6,f,0,937.3733,NA
9080,2,0,43,43,change,6,j,1,899.6617,NA
9080,2,0,44,44,change,6,f,0,1517.7896,NA
9080,2,0,45,45,change,6,j,1,935.1707,NA
9080,2,0,46,46,nochange,6,j,0,1064.1234,NA
9080,2,0,47,47,change,6,j,1,2398.6162,NA
9080,2,0,48,48,change,6,f,0,1068.7438,5
9080,2,0,49,49,change,6,f,0,2878.9205,NA
9080,2,0,50,50,nochange,6,j,0,2216.0918,NA
9080,2,0,51,51,nochange,6,f,1,968.862,NA
9080,2,0,52,52,nochange,6,f,1,987.16010000000006,NA
9080,2,0,53,53,nochange,6,f,1,900.5445,NA
9080,2,0,54,54,change,6,f,0,1686.1595,NA
9080,2,0,55,55,nochange,6,f,1,1090.8177,NA
9080,2,0,56,56,change,6,f,0,1751.3511,5
9080,2,0,57,57,change,6,j,1,989.8187,NA
9080,2,0,58,58,change,6,j,1,1220.7978,NA
9080,2,0,59,59,change,6,j,1,2983.2517,NA
9080,2,0,60,60,change,6,f,0,1052.3187,NA
9081,2,practice,0,1,nochange,6,f,1,2824.2713,NA
9081,2,practice,0,2,nochange,6,f,1,1216.328,NA
9081,2,practice,0,3,nochange,6,j,0,920.616,NA
9081,2,practice,0,4,nochange,6,f,1,951.9551,NA
9081,2,practice,0,5,change,6,j,1,1061.4624,NA
9081,2,0,1,1,change,6,j,1,1126.8241,NA
9081,2,0,2,2,nochange,6,f,1,1966.5135,NA
9081,2,0,3,3,nochange,6,f,1,1274.0373,NA
9081,2,0,4,4,nochange,6,f,1,1290.0819,NA
9081,2,0,5,5,change,6,j,1,873.523,NA
9081,2,0,6,6,nochange,6,f,1,1306.7597,NA
9081,2,0,7,7,nochange,6,f,1,1152.6405,NA
9081,2,0,8,8,change,6,f,0,1244.7478,1
9081,2,0,9,9,change,6,j,1,921.3497,NA
9081,2,0,10,10,change,6,f,0,2915.846,NA
9081,2,0,11,11,change,6,f,0,1031.749,NA
9081,2,0,12,12,change,6,j,1,1718.0845,NA
9081,2,0,13,13,nochange,6,f,1,855.9234,NA
9081,2,0,14,14,nochange,6,f,1,1943.531,NA
9081,2,0,15,15,nochange,6,f,1,3344.3216,NA
9081,2,0,16,16,nochange,6,j,0,3197.9358,3
9081,2,0,17,17,nochange,6,f,1,2109.7381,NA
9081,2,0,18,18,change,6,j,1,2427.9825,NA
9081,2,0,19,19,nochange,6,f,1,916.9279,NA
9081,2,0,20,20,change,6,f,0,3604.6799,NA
9081,2,0,21,21,change,6,f,0,2812.5847,NA
9081,2,0,22,22,nochange,6,f,1,987.2905,NA
9081,2,0,23,23,nochange,6,j,0,1074.0826,NA
9081,2,0,24,24,change,6,j,1,1206.2901,1
9081,2,0,25,25,change,6,j,1,1367.2219,NA
9081,2,0,26,26,change,6,j,1,886.6627,NA
9081,2,0,27,27,change,6,j,1,6948.5064,NA
9081,2,0,28,28,nochange,6,f,1,1019.054,NA
9081,2,0,29,29,nochange,6,f,1,1370.4575,NA
9081,2,0,30,30,nochange,6,f,1,2809.5827,NA
9081,2,0,31,31,change,6,j,1,970.9067,NA
9081,2,0,32,32,nochange,6,f,1,1154.9073,1
9081,2,0,33,33,change,6,f,0,1123.3375,NA
9081,2,0,34,34,nochange,6,j,0,1062.9467,NA
9081,2,0,35,35,change,6,j,1,1132.7958,NA
9081,2,0,36,36,change,6,f,0,906.814,NA
9081,2,0,37,37,change,6,f,0,1884.0118,NA
9081,2,0,38,38,change,6,j,1,1932.3166,NA
9081,2,0,39,39,change,6,f,0,1234.6398,NA
9081,2,0,40,40,change,6,j,1,1153.5386,3
9081,2,0,41,41,nochange,6,f,1,975.6695,NA
9081,2,0,42,42,nochange,6,f,1,1887.3896,NA
9081,2,0,43,43,change,6,j,1,1514.3661,NA
9081,2,0,44,44,nochange,6,f,1,2029.9187,NA
9081,2,0,45,45,change,6,j,1,838.9689,NA
9081,2,0,46,46,nochange,6,f,1,3569.6887,NA
9081,2,0,47,47,nochange,6,j,0,3361.9671,NA
9081,2,0,48,48,nochange,6,f,1,3255.0936,3
9081,2,0,49,49,nochange,6,j,0,1453.2872,NA
9081,2,0,50,50,change,6,f,0,1019.3805,NA
9081,2,0,51,51,change,6,j,1,1529.9175,NA
9081,2,0,52,52,nochange,6,j,0,4414.7749,NA
9081,2,0,53,53,change,6,f,0,2093.0858,NA
9081,2,0,54,54,change,6,j,1,1110.5433,NA
9081,2,0,55,55,nochange,6,f,1,8792.7374,NA
9081,2,0,56,56,change,6,j,1,4894.056,5
9081,2,0,57,57,nochange,6,f,1,1207.6474,NA
9081,2,0,58,58,nochange,6,f,1,2702.6217,NA
9081,2,0,59,59,nochange,6,f,1,1930.3622,NA
9081,2,0,60,60,change,6,f,0,1854.8887,NA
9082,2,practice,0,1,change,6,f,0,1292.2287,NA
9082,2,practice,0,2,change,6,j,1,1139.8778,NA
9082,2,practice,0,3,change,6,f,0,618.3819,NA
9082,2,practice,0,4,nochange,6,f,1,1058.7034,NA
9082,2,practice,0,5,nochange,6,f,1,929.3343,NA
9082,2,0,1,1,nochange,6,j,0,1308.9692,NA
9082,2,0,2,2,change,6,f,0,1113.7044,NA
9082,2,0,3,3,nochange,6,j,0,1930.8921,NA
9082,2,0,4,4,nochange,6,f,1,2842.8484,NA
9082,2,0,5,5,nochange,6,f,1,2021.8545,NA
9082,2,0,6,6,nochange,6,f,1,845.5695,NA
9082,2,0,7,7,nochange,6,f,1,1118.7196,NA
9082,2,0,8,8,change,6,j,1,4632.6604,1
9082,2,0,9,9,change,6,j,1,1284.8253,NA
9082,2,0,10,10,change,6,j,1,1085.4717,NA
9082,2,0,11,11,nochange,6,f,1,1928.6268,NA
9082,2,0,12,12,nochange,6,j,0,1774.8198,NA
9082,2,0,13,13,change,6,j,1,1258.1585,NA
9082,2,0,14,14,change,6,j,1,3424.1917,NA
9082,2,0,15,15,nochange,6,f,1,983.4222,NA
9082,2,0,16,16,nochange,6,j,0,1666.4053,2
9082,2,0,17,17,nochange,6,f,1,2226.701,NA
9082,2,0,18,18,change,6,j,1,1799.8462,NA
9082,2,0,19,19,change,6,j,1,1452.5684,NA
9082,2,0,20,20,nochange,6,j,0,3021.3303,NA
9082,2,0,21,21,change,6,j,1,2521.3284,NA
9082,2,0,22,22,nochange,6,f,1,1887.748,NA
9082,2,0,23,23,nochange,6,f,1,1449.8279,NA
9082,2,0,24,24,change,6,j,1,3416.6564,2
9082,2,0,25,25,change,6,j,1,919.2808,NA
9082,2,0,26,26,change,6,j,1,1213.9024,NA
9082,2,0,27,27,change,6,j,1,898.5826,NA
9082,2,0,28,28,nochange,6,f,1,1257.301,NA
9082,2,0,29,29,change,6,f,0,1313.0636,NA
9082,2,0,30,30,change,6,j,1,1881.0767,NA
9082,2,0,31,31,nochange,6,f,1,958.0029,NA
9082,2,0,32,32,change,6,f,0,1145.5191,2
9082,2,0,33,33,change,6,j,1,1453.0691,NA
9082,2,0,34,34,change,6,f,0,3117.4696,NA
9082,2,0,35,35,nochange,6,f,1,2449.5726,NA
9082,2,0,36,36,nochange,6,f,1,1442.0342,NA
9082,2,0,37,37,nochange,6,f,1,1222.7523,NA
9082,2,0,38,38,change,6,j,1,1873.8518,NA
9082,2,0,39,39,nochange,6,f,1,1446.1597,NA
9082,2,0,40,40,nochange,6,f,1,1066.5348,2
9082,2,0,41,41,nochange,6,f,1,991.1899,NA
9082,2,0,42,42,change,6,j,1,2170.0762,NA
9082,2,0,43,43,nochange,6,f,1,805.1823,NA
9082,2,0,44,44,change,6,j,1,1741.2749,NA
9082,2,0,45,45,nochange,6,f,1,1801.2827,NA
9082,2,0,46,46,change,6,j,1,1224.8532,NA
9082,2,0,47,47,nochange,6,f,1,985.0343,NA
9082,2,0,48,48,nochange,6,j,0,1779.681,2
9082,2,0,49,49,change,6,f,0,1265.3104,NA
9082,2,0,50,50,nochange,6,f,1,1494.1576,NA
9082,2,0,51,51,nochange,6,f,1,1071.564,NA
9082,2,0,52,52,change,6,j,1,1443.7743,NA
9082,2,0,53,53,change,6,j,1,1118.7214,NA
9082,2,0,54,54,nochange,6,f,1,910.1765,NA
9082,2,0,55,55,change,6,j,1,1249.4072,NA
9082,2,0,56,56,nochange,6,j,0,1992.035,2
9082,2,0,57,57,change,6,j,1,1329.3443,NA
9082,2,0,58,58,change,6,j,1,989.034,NA
9082,2,0,59,59,change,6,j,1,1103.0026,NA
9082,2,0,60,60,change,6,f,0,1681.3874,NA
9083,2,practice,0,1,change,6,f,0,1451.697,NA
9083,2,practice,0,2,change,6,j,1,945.5726,NA
9083,2,practice,0,3,nochange,6,j,0,937.638,NA
9083,2,practice,0,4,change,6,j,1,0.199300000007,NA
9083,2,practice,0,5,nochange,6,j,0,747.4953,NA
9083,2,0,1,1,nochange,6,f,1,460.6662,NA
9083,2,0,2,2,nochange,6,j,0,524.7357,NA
9083,2,0,3,3,change,6,j,1,1220.2932,NA
9083,2,0,4,4,change,6,j,1,1067.261,NA
9083,2,0,5,5,change,6,j,1,1760.8843,NA
9083,2,0,6,6,change,6,f,0,1224.4231,NA
9083,2,0,7,7,nochange,6,f,1,1514.8407,NA
9083,2,0,8,8,change,6,f,0,935.2219,1
9083,2,0,9,9,nochange,6,f,1,1097.2397,NA
9083,2,0,10,10,change,6,f,0,418.7071,NA
9083,2,0,11,11,change,6,j,1,719.35,NA
9083,2,0,12,12,nochange,6,f,1,1860.5721,NA
9083,2,0,13,13,nochange,6,f,1,654.2536,NA
9083,2,0,14,14,change,6,j,1,992.1454,NA
9083,2,0,15,15,nochange,6,f,1,1650.0346,NA
9083,2,0,16,16,change,6,f,0,1573.1515,1
9083,2,0,17,17,nochange,6,f,1,1269.1954,NA
9083,2,0,18,18,change,6,f,0,2571.425,NA
9083,2,0,19,19,nochange,6,f,1,1077.0215,NA
9083,2,0,20,20,change,6,j,1,884.6591,NA
9083,2,0,21,21,change,6,j,1,915.6579,NA
9083,2,0,22,22,change,6,j,1,975.81,NA
9083,2,0,23,23,change,6,f,0,1502.8238,NA
9083,2,0,24,24,change,6,j,1,1651.8411,3
9083,2,0,25,25,change,6,f,0,676.5138,NA
9083,2,0,26,26,nochange,6,f,1,950.895,NA
9083,2,0,27,27,change,6,f,0,1250.4834,NA
9083,2,0,28,28,nochange,6,f,1,1393.0591,NA
9083,2,0,29,29,change,6,j,1,2973.8054,NA
9083,2,0,30,30,nochange,6,f,1,1446.0288,NA
9083,2,0,31,31,nochange,6,f,1,1271.3722,NA
9083,2,0,32,32,nochange,6,f,1,1597.0524,5
9083,2,0,33,33,nochange,6,f,1,1237.3632,NA
9083,2,0,34,34,change,6,j,1,1336.7899,NA
9083,2,0,35,35,nochange,6,f,1,1139.8393,NA
9083,2,0,36,36,nochange,6,f,1,1307.276,NA
9083,2,0,37,37,change,6,j,1,1880.655,NA
9083,2,0,38,38,change,6,f,0,1494.5814,NA
9083,2,0,39,39,nochange,6,f,1,3315.8234,NA
9083,2,0,40,40,change,6,j,1,1451.4083,5
9083,2,0,41,41,change,6,f,0,2158.5013,NA
9083,2,0,42,42,nochange,6,f,1,823.5699,NA
9083,2,0,43,43,change,6,f,0,724.7942,NA
9083,2,0,44,44,change,6,j,1,1084.2152,NA
9083,2,0,45,45,nochange,6,j,0,927.6741,NA
9083,2,0,46,46,nochange,6,j,0,1116.2241,NA
9083,2,0,47,47,change,6,j,1,756.8359,NA
9083,2,0,48,48,change,6,f,0,1481.0965,5
9083,2,0,49,49,change,6,f,0,883.0654,NA
9083,2,0,50,50,nochange,6,f,1,1365.0826,NA
9083,2,0,51,51,nochange,6,j,0,1324.2886,NA
9083,2,0,52,52,nochange,6,f,1,1338.906,NA
9083,2,0,53,53,nochange,6,f,1,5.73789999995,NA
9083,2,0,54,54,nochange,6,f,1,5.33610000001,NA
9083,2,0,55,55,nochange,6,f,1,1247.5387,NA
9083,2,0,56,56,change,6,j,1,887.0315,3
9083,2,0,57,57,change,6,j,1,1028.4728,NA
9083,2,0,58,58,nochange,6,j,0,1108.7455,NA
9083,2,0,59,59,nochange,6,f,1,943.4546,NA
9083,2,0,60,60,nochange,6,f,1,1821.4605,NA
9084,2,practice,0,1,change,6,j,1,1455.297,NA
9084,2,practice,0,2,nochange,6,f,1,1590.9066,NA
9084,2,practice,0,3,nochange,6,f,1,1519.9301,NA
9084,2,practice,0,4,nochange,6,f,1,1063.4982,NA
9084,2,practice,0,5,nochange,6,f,1,1769.3691,NA
9084,2,0,1,1,change,6,j,1,2569.3058,NA
9084,2,0,2,2,change,6,j,1,3188.6737,NA
9084,2,0,3,3,nochange,6,f,1,1989.2857,NA
9084,2,0,4,4,nochange,6,f,1,3670.4056,NA
9084,2,0,5,5,nochange,6,f,1,1190.6146,NA
9084,2,0,6,6,change,6,j,1,2510.0677,NA
9084,2,0,7,7,nochange,6,f,1,1104.454,NA
9084,2,0,8,8,change,6,j,1,2386.4413,1
9084,2,0,9,9,change,6,f,0,2747.2719,NA
9084,2,0,10,10,nochange,6,f,1,3142.9193,NA
9084,2,0,11,11,nochange,6,j,0,2392.7764,NA
9084,2,0,12,12,nochange,6,f,1,1279.2105,NA
9084,2,0,13,13,change,6,j,1,1143.6779,NA
9084,2,0,14,14,change,6,j,1,1441.5096,NA
9084,2,0,15,15,nochange,6,f,1,2064.9561,NA
9084,2,0,16,16,change,6,j,1,1533.6769,2
9084,2,0,17,17,change,6,j,1,1113.7392,NA
9084,2,0,18,18,nochange,6,j,0,1087.0995,NA
9084,2,0,19,19,nochange,6,f,1,2945.3933,NA
9084,2,0,20,20,nochange,6,f,1,1517.3803,NA
9084,2,0,21,21,nochange,6,f,1,880.7401,NA
9084,2,0,22,22,nochange,6,f,1,2035.5894,NA
9084,2,0,23,23,change,6,j,1,2615.9852,NA
9084,2,0,24,24,change,6,f,0,1171.2756,3
9084,2,0,25,25,change,6,j,1,1058.5956,NA
9084,2,0,26,26,nochange,6,f,1,1504.5302,NA
9084,2,0,27,27,nochange,6,j,0,4382.6586,NA
9084,2,0,28,28,nochange,6,f,1,1766.6747,NA
9084,2,0,29,29,change,6,f,0,3510.9609,NA
9084,2,0,30,30,change,6,j,1,1421.2761,NA
9084,2,0,31,31,change,6,j,1,1337.5536,NA
9084,2,0,32,32,nochange,6,j,0,3496.638,2
9084,2,0,33,33,change,6,j,1,3586.7407,NA
9084,2,0,34,34,change,6,f,0,1852.4949,NA
9084,2,0,35,35,change,6,j,1,2085.1424,NA
9084,2,0,36,36,nochange,6,f,1,1272.5144,NA
9084,2,0,37,37,change,6,j,1,2398.2913,NA
9084,2,0,38,38,nochange,6,j,0,2640.59,NA
9084,2,0,39,39,nochange,6,f,1,2395.2441,NA
9084,2,0,40,40,nochange,6,f,1,2604.4291,2
9084,2,0,41,41,nochange,6,f,1,1046.765,NA
9084,2,0,42,42,change,6,j,1,2225.5876,NA
9084,2,0,43,43,change,6,j,1,1182.0698,NA
9084,2,0,44,44,change,6,f,0,1602.0745,NA
9084,2,0,45,45,change,6,j,1,2318.5441,NA
9084,2,0,46,46,change,6,j,1,1910.9184,NA
9084,2,0,47,47,change,6,j,1,1760.7349,NA
9084,2,0,48,48,change,6,j,1,1292.5026,2
9084,2,0,49,49,nochange,6,j,0,1902.2571,NA
9084,2,0,50,50,change,6,j,1,2400.4469,NA
9084,2,0,51,51,change,6,j,1,1431.5913,NA
9084,2,0,52,52,nochange,6,f,1,1428.5806,NA
9084,2,0,53,53,nochange,6,j,0,1442.0214,NA
9084,2,0,54,54,nochange,6,f,1,2756.5269,NA
9084,2,0,55,55,change,6,j,1,2331.1689,NA
9084,2,0,56,56,nochange,6,f,1,3287.342,3
9084,2,0,57,57,nochange,6,f,1,1500.551,NA
9084,2,0,58,58,change,6,j,1,2086.7944,NA
9084,2,0,59,59,nochange,6,f,1,3879.2444,NA
9084,2,0,60,60,nochange,6,f,1,3259.4612,NA
9085,2,practice,0,1,nochange,6,j,0,1616.6926,NA
9085,2,practice,0,2,change,6,j,1,1039.1322,NA
9085,2,practice,0,3,nochange,6,j,0,998.2718,NA
9085,2,practice,0,4,change,6,j,1,1223.2279,NA
9085,2,practice,0,5,nochange,6,f,1,1167.0377,NA
9085,2,0,1,1,change,6,j,1,1082.8334,NA
9085,2,0,2,2,nochange,6,f,1,3003.2139,NA
9085,2,0,3,3,change,6,f,0,1779.3802,NA
9085,2,0,4,4,change,6,j,1,1315.9832,NA
9085,2,0,5,5,nochange,6,f,1,3225.3486,NA
9085,2,0,6,6,change,6,j,1,1473.4812,NA
9085,2,0,7,7,change,6,f,0,3066.0156,NA
9085,2,0,8,8,nochange,6,f,1,1228.639,3
9085,2,0,9,9,change,6,j,1,4892.0064,NA
9085,2,0,10,10,nochange,6,f,1,1473.0583,NA
9085,2,0,11,11,change,6,j,1,1337.6869,NA
9085,2,0,12,12,nochange,6,j,0,2432.4388,NA
9085,2,0,13,13,nochange,6,f,1,4999.6935,NA
9085,2,0,14,14,change,6,j,1,1766.3782,NA
9085,2,0,15,15,nochange,6,f,1,1209.5873,NA
9085,2,0,16,16,nochange,6,f,1,1275.165,1
9085,2,0,17,17,change,6,j,1,1773.2602,NA
9085,2,0,18,18,nochange,6,f,1,944.8165,NA
9085,2,0,19,19,change,6,j,1,5766.9708,NA
9085,2,0,20,20,nochange,6,j,0,7506.3793,NA
9085,2,0,21,21,change,6,j,1,1588.5529,NA
9085,2,0,22,22,change,6,f,0,1574.2437,NA
9085,2,0,23,23,nochange,6,f,1,1208.8515,NA
9085,2,0,24,24,nochange,6,f,1,2945.2701,1
9085,2,0,25,25,change,6,f,0,2327.595,NA
9085,2,0,26,26,change,6,f,0,1425.7001,NA
9085,2,0,27,27,change,6,j,1,7605.1163,NA
9085,2,0,28,28,nochange,6,f,1,1327.242,NA
9085,2,0,29,29,nochange,6,f,1,1198.5991,NA
9085,2,0,30,30,change,6,j,1,2046.5825,NA
9085,2,0,31,31,change,6,j,1,1565.5219,NA
9085,2,0,32,32,change,6,j,1,1820.1007,1
9085,2,0,33,33,nochange,6,f,1,1231.6227,NA
9085,2,0,34,34,nochange,6,f,1,1760.9099,NA
9085,2,0,35,35,change,6,j,1,1512.5169,NA
9085,2,0,36,36,nochange,6,f,1,2322.4911,NA
9085,2,0,37,37,change,6,j,1,1813.3525,NA
9085,2,0,38,38,nochange,6,f,1,2209.7415,NA
9085,2,0,39,39,change,6,f,0,5247.5908,NA
9085,2,0,40,40,nochange,6,j,0,1447.8815,4
9085,2,0,41,41,nochange,6,f,1,1454.7526,NA
9085,2,0,42,42,nochange,6,f,1,1791.4224,NA
9085,2,0,43,43,change,6,j,1,2039.4413,NA
9085,2,0,44,44,change,6,j,1,1978.249,NA
9085,2,0,45,45,change,6,j,1,2124.3315,NA
9085,2,0,46,46,nochange,6,f,1,1450.4788,NA
9085,2,0,47,47,nochange,6,f,1,4556.3347,NA
9085,2,0,48,48,nochange,6,f,1,1605.6389,1
9085,2,0,49,49,nochange,6,j,0,5017.3768,NA
9085,2,0,50,50,nochange,6,j,0,2030.5324,NA
9085,2,0,51,51,nochange,6,f,1,1187.6581,NA
9085,2,0,52,52,change,6,f,0,1048.1952000000001,NA
9085,2,0,53,53,change,6,f,0,975.7085,NA
9085,2,0,54,54,change,6,j,1,1487.8133,NA
9085,2,0,55,55,change,6,j,1,3106.5412,NA
9085,2,0,56,56,nochange,6,f,1,1849.8712,3
9085,2,0,57,57,change,6,j,1,3854.2048,NA
9085,2,0,58,58,nochange,6,f,1,1512.1996,NA
9085,2,0,59,59,nochange,6,f,1,26850.0681,NA
9085,2,0,60,60,change,6,j,1,9060.2817,NA
9087,2,practice,0,1,change,6,j,1,1347.5234,NA
9087,2,practice,0,2,nochange,6,f,1,1503.8683,NA
9087,2,practice,0,3,nochange,6,f,1,3593.5505,NA
9087,2,practice,0,4,nochange,6,f,1,1184.5038,NA
9087,2,practice,0,5,nochange,6,f,1,1307.2706,NA
9087,2,0,1,1,change,6,j,1,1085.2915,NA
9087,2,0,2,2,change,6,j,1,1049.1297,NA
9087,2,0,3,3,nochange,6,j,0,5838.3972,NA
9087,2,0,4,4,nochange,6,f,1,1083.8896,NA
9087,2,0,5,5,nochange,6,f,1,1317.5595,NA
9087,2,0,6,6,change,6,f,0,1020.8417,NA
9087,2,0,7,7,change,6,j,1,1034.7508,NA
9087,2,0,8,8,change,6,j,1,1187.9612,5
9087,2,0,9,9,nochange,6,f,1,1144.2784,NA
9087,2,0,10,10,change,6,j,1,1021.3591,NA
9087,2,0,11,11,change,6,j,1,1256.066,NA
9087,2,0,12,12,change,6,f,0,7610.4,NA
9087,2,0,13,13,change,6,f,0,1233.5062,NA
9087,2,0,14,14,nochange,6,j,0,2457.8445,NA
9087,2,0,15,15,nochange,6,f,1,1606.2529,NA
9087,2,0,16,16,nochange,6,f,1,3666.1451,5
9087,2,0,17,17,nochange,6,f,1,3807.5033,NA
9087,2,0,18,18,nochange,6,f,1,1431.999,NA
9087,2,0,19,19,change,6,f,0,3460.4018,NA
9087,2,0,20,20,change,6,j,1,1686.6242,NA
9087,2,0,21,21,nochange,6,f,1,2190.6872,NA
9087,2,0,22,22,change,6,j,1,2237.4427,NA
9087,2,0,23,23,nochange,6,f,1,2546.2654000000002,NA
9087,2,0,24,24,nochange,6,f,1,2951.9806,1
9087,2,0,25,25,change,6,j,1,2609.0817,NA
9087,2,0,26,26,change,6,f,0,2108.9673,NA
9087,2,0,27,27,nochange,6,f,1,1423.2524,NA
9087,2,0,28,28,nochange,6,f,1,1666.3013,NA
9087,2,0,29,29,change,6,j,1,1466.2717,NA
9087,2,0,30,30,nochange,6,f,1,1554.0868,NA
9087,2,0,31,31,change,6,j,1,4229.5941,NA
9087,2,0,32,32,change,6,j,1,3244.0466,1
9087,2,0,33,33,nochange,6,f,1,12441.8225,NA
9087,2,0,34,34,change,6,f,0,2673.2288,NA
9087,2,0,35,35,nochange,6,f,1,1554.0352,NA
9087,2,0,36,36,change,6,j,1,1868.5776,NA
9087,2,0,37,37,nochange,6,f,1,2218.029,NA
9087,2,0,38,38,change,6,j,1,3854.902,NA
9087,2,0,39,39,change,6,j,1,5459.2742,NA
9087,2,0,40,40,change,6,f,0,3634.672,5
9087,2,0,41,41,nochange,6,f,1,4.29440000001,NA
9087,2,0,42,42,change,6,f,0,4358.633,NA
9087,2,0,43,43,nochange,6,f,1,2360.1259,NA
9087,2,0,44,44,change,6,j,1,6338.3938,NA
9087,2,0,45,45,nochange,6,f,1,5563.1447,NA
9087,2,0,46,46,change,6,j,1,1713.2006,NA
9087,2,0,47,47,change,6,j,1,1318.3654,NA
9087,2,0,48,48,nochange,6,f,1,2923.6601,5
9087,2,0,49,49,nochange,6,f,1,2317.4549,NA
9087,2,0,50,50,nochange,6,f,1,2061.6407,NA
9087,2,0,51,51,nochange,6,j,0,2968.9377,NA
9087,2,0,52,52,change,6,j,1,6550.8102,NA
9087,2,0,53,53,nochange,6,f,1,1545.3686,NA
9087,2,0,54,54,change,6,j,1,1967.3506,NA
9087,2,0,55,55,nochange,6,f,1,1288.0806,NA
9087,2,0,56,56,change,6,f,0,1731.9578,5
9087,2,0,57,57,nochange,6,f,1,1097.6244,NA
9087,2,0,58,58,nochange,6,f,1,1740.4675,NA
9087,2,0,59,59,change,6,f,0,2561.7283,NA
9087,2,0,60,60,nochange,6,j,0,4906.1161,NA
9088,2,practice,0,1,change,6,j,1,1336.1194,NA
9088,2,practice,0,2,change,6,f,0,1151.0984,NA
9088,2,practice,0,3,change,6,j,1,973.0861,NA
9088,2,practice,0,4,change,6,f,0,1344.9826,NA
9088,2,practice,0,5,nochange,6,j,0,1239.2627,NA
9088,2,0,1,1,nochange,6,f,1,974.0698,NA
9088,2,0,2,2,nochange,6,f,1,3304.5963,NA
9088,2,0,3,3,nochange,6,f,1,1421.128,NA
9088,2,0,4,4,nochange,6,f,1,1144.6016,NA
9088,2,0,5,5,change,6,f,0,1613.0139,NA
9088,2,0,6,6,nochange,6,f,1,1274.9023,NA
9088,2,0,7,7,nochange,6,f,1,1146.7105,NA
9088,2,0,8,8,change,6,j,1,2334.5124,2
9088,2,0,9,9,change,6,j,1,1094.5109,NA
9088,2,0,10,10,nochange,6,j,0,1235.3579,NA
9088,2,0,11,11,change,6,f,0,1573.7631,NA
9088,2,0,12,12,change,6,j,1,1515.6889,NA
9088,2,0,13,13,change,6,j,1,2076.5621,NA
9088,2,0,14,14,nochange,6,f,1,1846.162,NA
9088,2,0,15,15,change,6,f,0,3762.8521,NA
9088,2,0,16,16,nochange,6,f,1,1362.3512,2
9088,2,0,17,17,change,6,j,1,2453.5655,NA
9088,2,0,18,18,nochange,6,f,1,1849.8034,NA
9088,2,0,19,19,change,6,j,1,1040.1044,NA
9088,2,0,20,20,change,6,f,0,3537.2819,NA
9088,2,0,21,21,nochange,6,f,1,1203.3975,NA
9088,2,0,22,22,change,6,f,0,1094.2876,NA
9088,2,0,23,23,nochange,6,f,1,1330.4519,NA
9088,2,0,24,24,change,6,j,1,3802.5384,1
9088,2,0,25,25,nochange,6,j,0,1752.3172,NA
9088,2,0,26,26,change,6,f,0,766.9938,NA
9088,2,0,27,27,nochange,6,f,1,1089.97,NA
9088,2,0,28,28,change,6,f,0,1390.9863,NA
9088,2,0,29,29,change,6,f,0,1153.97,NA
9088,2,0,30,30,nochange,6,f,1,1206.4985,NA
9088,2,0,31,31,change,6,j,1,2200.6522,NA
9088,2,0,32,32,nochange,6,f,1,1045.7301,3
9088,2,0,33,33,change,6,j,1,2720.4636,NA
9088,2,0,34,34,nochange,6,f,1,1016.3975,NA
9088,2,0,35,35,nochange,6,f,1,1574.108,NA
9088,2,0,36,36,nochange,6,f,1,854.2987,NA
9088,2,0,37,37,nochange,6,f,1,866.5916,NA
9088,2,0,38,38,nochange,6,f,1,1909.8762,NA
9088,2,0,39,39,nochange,6,f,1,2147.1088,NA
9088,2,0,40,40,nochange,6,f,1,1031.4277,2
9088,2,0,41,41,nochange,6,j,0,1109.68,NA
9088,2,0,42,42,change,6,f,0,1016.3312,NA
9088,2,0,43,43,nochange,6,j,0,2119.9197,NA
9088,2,0,44,44,nochange,6,f,1,1992.4085,NA
9088,2,0,45,45,change,6,j,1,1419.4461,NA
9088,2,0,46,46,nochange,6,j,0,1580.8573,NA
9088,2,0,47,47,change,6,f,0,2645.2484,NA
9088,2,0,48,48,change,6,f,0,2938.9919,2
9088,2,0,49,49,change,6,j,1,1233.2392,NA
9088,2,0,50,50,change,6,j,1,1938.3353,NA
9088,2,0,51,51,nochange,6,f,1,808.574,NA
9088,2,0,52,52,change,6,j,1,2069.3687,NA
9088,2,0,53,53,nochange,6,f,1,2143.8953,NA
9088,2,0,54,54,change,6,j,1,2292.7311,NA
9088,2,0,55,55,change,6,j,1,1085.4593,NA
9088,2,0,56,56,change,6,j,1,1306.7607,2
9088,2,0,57,57,change,6,j,1,861.2115,NA
9088,2,0,58,58,nochange,6,f,1,1392.17,NA
9088,2,0,59,59,change,6,j,1,1246.0773,NA
9088,2,0,60,60,change,6,f,0,1136.8476,NA
9089,2,practice,0,1,change,6,j,1,1490.8148,NA
9089,2,practice,0,2,nochange,6,f,1,1249.4956,NA
9089,2,practice,0,3,change,6,j,1,1724.2222,NA
9089,2,practice,0,4,change,6,j,1,2589.5348,NA
9089,2,practice,0,5,change,6,j,1,1235.9366,NA
9089,2,0,1,1,change,6,j,1,1084.713,NA
9089,2,0,2,2,change,6,f,0,1399.5362,NA
9089,2,0,3,3,nochange,6,f,1,1066.8525,NA
9089,2,0,4,4,nochange,6,f,1,1561.121,NA
9089,2,0,5,5,change,6,j,1,1420.3505,NA
9089,2,0,6,6,nochange,6,f,1,1171.0819,NA
9089,2,0,7,7,nochange,6,f,1,4.4614,NA
9089,2,0,8,8,change,6,j,1,6.05799999999,1
9089,2,0,9,9,nochange,6,f,1,3894.641,NA
9089,2,0,10,10,nochange,6,f,1,2.80060000002,NA
9089,2,0,11,11,change,6,j,1,2.6997,NA
9089,2,0,12,12,change,6,f,0,3.63189999998,NA
9089,2,0,13,13,nochange,6,j,0,3.43060000002,NA
9089,2,0,14,14,change,6,j,1,1734.2337,NA
9089,2,0,15,15,change,6,f,0,613.4952,NA
9089,2,0,16,16,nochange,6,f,1,1272.0715,5
9089,2,0,17,17,nochange,6,f,1,532.7846,NA
9089,2,0,18,18,change,6,f,0,3.03710000002,NA
9089,2,0,19,19,change,6,f,0,887.8346,NA
9089,2,0,20,20,change,6,f,0,1443.2548,NA
9089,2,0,21,21,nochange,6,f,1,1083.9144,NA
9089,2,0,22,22,nochange,6,j,0,1174.1681,NA
9089,2,0,23,23,nochange,6,f,1,780.1443,NA
9089,2,0,24,24,nochange,6,f,1,1473.0299,5
9089,2,0,25,25,change,6,j,1,1869.7313,NA
9089,2,0,26,26,nochange,6,f,1,1111.521,NA
9089,2,0,27,27,change,6,j,1,1566.7086,NA
9089,2,0,28,28,change,6,f,0,1664.286,NA
9089,2,0,29,29,change,6,f,0,1222.0149,NA
9089,2,0,30,30,nochange,6,j,0,1169.3826,NA
9089,2,0,31,31,change,6,f,0,3514.2974,NA
9089,2,0,32,32,nochange,6,j,0,1031.5525,4
9089,2,0,33,33,nochange,6,j,0,1304.0622,NA
9089,2,0,34,34,nochange,6,f,1,1107.3097,NA
9089,2,0,35,35,nochange,6,f,1,1147.9127,NA
9089,2,0,36,36,change,6,f,0,2830.518,NA
9089,2,0,37,37,nochange,6,f,1,1353.8922,NA
9089,2,0,38,38,change,6,f,0,5501.7325,NA
9089,2,0,39,39,change,6,j,1,2724.3234,NA
9089,2,0,40,40,nochange,6,j,0,1743.8182,4
9089,2,0,41,41,nochange,6,j,0,4.35099999997,NA
9089,2,0,42,42,change,6,f,0,1389.9145,NA
9089,2,0,43,43,change,6,j,1,1260.6945,NA
9089,2,0,44,44,change,6,f,0,852.5137,NA
9089,2,0,45,45,nochange,6,j,0,3284.2244,NA
9089,2,0,46,46,change,6,f,0,810.054,NA
9089,2,0,47,47,nochange,6,f,1,787.3669,NA
9089,2,0,48,48,nochange,6,f,1,4.77340000001,3
9089,2,0,49,49,nochange,6,j,0,1083.8143,NA
9089,2,0,50,50,change,6,f,0,993.2235,NA
9089,2,0,51,51,change,6,j,1,940.8217,NA
9089,2,0,52,52,nochange,6,j,0,913.3578,NA
9089,2,0,53,53,nochange,6,j,0,3.99049999996,NA
9089,2,0,54,54,change,6,f,0,821.5888,NA
9089,2,0,55,55,nochange,6,j,0,738.6326,NA
9089,2,0,56,56,change,6,f,0,1715.6449,3
9089,2,0,57,57,nochange,6,f,1,1430.3474,NA
9089,2,0,58,58,change,6,f,0,1482.8249,NA
9089,2,0,59,59,change,6,f,0,2895.18,NA
9089,2,0,60,60,change,6,j,1,1942.9084,NA
9090,2,practice,0,1,nochange,6,f,1,1196.8545,NA
9090,2,practice,0,2,nochange,6,j,0,1098.6883,NA
9090,2,practice,0,3,nochange,6,f,1,1912.765,NA
9090,2,practice,0,4,change,6,j,1,902.0817,NA
9090,2,practice,0,5,nochange,6,j,0,1865.4974,NA
9090,2,0,1,1,nochange,6,j,0,1470.7687,NA
9090,2,0,2,2,change,6,f,0,1983.6608,NA
9090,2,0,3,3,change,6,j,1,1581.7744,NA
9090,2,0,4,4,change,6,f,0,3084.5995,NA
9090,2,0,5,5,change,6,j,1,1072.4967,NA
9090,2,0,6,6,nochange,6,f,1,1121.8467,NA
9090,2,0,7,7,nochange,6,f,1,868.7321,NA
9090,2,0,8,8,nochange,6,j,0,1328.0954,3
9090,2,0,9,9,change,6,j,1,1075.1706,NA
9090,2,0,10,10,nochange,6,f,1,2722.5591,NA
9090,2,0,11,11,change,6,f,0,1619.1156,NA
9090,2,0,12,12,change,6,f,0,1106.9841,NA
9090,2,0,13,13,change,6,j,1,1312.2645,NA
9090,2,0,14,14,nochange,6,j,0,942.3927,NA
9090,2,0,15,15,change,6,f,0,651.2395,NA
9090,2,0,16,16,nochange,6,f,1,909.498,5
9090,2,0,17,17,nochange,6,f,1,883.4922,NA
9090,2,0,18,18,change,6,f,0,1202.1824,NA
9090,2,0,19,19,change,6,j,1,822.7197,NA
9090,2,0,20,20,nochange,6,f,1,759.3194,NA
9090,2,0,21,21,change,6,f,0,1306.8725,NA
9090,2,0,22,22,nochange,6,f,1,875.2733,NA
9090,2,0,23,23,change,6,f,0,892.9023,NA
9090,2,0,24,24,change,6,j,1,2011.4991,4
9090,2,0,25,25,nochange,6,j,0,2680.4449,NA
9090,2,0,26,26,nochange,6,f,1,1122.0003,NA
9090,2,0,27,27,nochange,6,f,1,804.6033,NA
9090,2,0,28,28,change,6,f,0,1564.5076,NA
9090,2,0,29,29,nochange,6,j,0,973.8373,NA
9090,2,0,30,30,nochange,6,j,0,2358.909,NA
9090,2,0,31,31,nochange,6,f,1,543.1679,NA
9090,2,0,32,32,nochange,6,j,0,2186.5203,5
9090,2,0,33,33,nochange,6,j,0,2174.7674,NA
9090,2,0,34,34,nochange,6,f,1,880.6715,NA
9090,2,0,35,35,nochange,6,j,0,833.3256,NA
9090,2,0,36,36,change,6,f,0,846.107,NA
9090,2,0,37,37,nochange,6,j,0,727.5371,NA
9090,2,0,38,38,change,6,j,1,973.3034,NA
9090,2,0,39,39,nochange,6,j,0,1958.3003,NA
9090,2,0,40,40,nochange,6,f,1,1233.6994,3
9090,2,0,41,41,change,6,j,1,2245.4781,NA
9090,2,0,42,42,change,6,f,0,831.0426,NA
9090,2,0,43,43,change,6,j,1,1751.88,NA
9090,2,0,44,44,nochange,6,f,1,1686.8115,NA
9090,2,0,45,45,nochange,6,f,1,1167.1758,NA
9090,2,0,46,46,change,6,j,1,1539.9254,NA
9090,2,0,47,47,change,6,f,0,2120.3298,NA
9090,2,0,48,48,change,6,f,0,958.9106,5
9090,2,0,49,49,change,6,j,1,805.4294,NA
9090,2,0,50,50,nochange,6,f,1,1224.7634,NA
9090,2,0,51,51,change,6,j,1,1182.2003,NA
9090,2,0,52,52,nochange,6,j,0,1460.799,NA
9090,2,0,53,53,change,6,f,0,729.8975,NA
9090,2,0,54,54,change,6,f,0,1241.082,NA
9090,2,0,55,55,nochange,6,j,0,1398.6785,NA
9090,2,0,56,56,nochange,6,f,1,885.4094,3
9090,2,0,57,57,change,6,f,0,854.9062,NA
9090,2,0,58,58,change,6,f,0,1292.2335,NA
9090,2,0,59,59,change,6,f,0,1156.3938,NA
9090,2,0,60,60,nochange,6,j,0,984.6049,NA
9091,2,practice,0,1,change,6,f,0,2460.614,NA
9091,2,practice,0,2,nochange,6,f,1,837.6455,NA
9091,2,practice,0,3,change,6,j,1,1189.9189,NA
9091,2,practice,0,4,nochange,6,j,0,1556.9909,NA
9091,2,practice,0,5,nochange,6,f,1,2171.4727,NA
9091,2,0,1,1,change,6,j,1,837.7928,NA
9091,2,0,2,2,nochange,6,j,0,1376.5022,NA
9091,2,0,3,3,change,6,j,1,886.3137,NA
9091,2,0,4,4,change,6,f,0,759.1655,NA
9091,2,0,5,5,nochange,6,j,0,1295.036,NA
9091,2,0,6,6,change,6,j,1,4014.4565,NA
9091,2,0,7,7,change,6,f,0,1350.214,NA
9091,2,0,8,8,nochange,6,j,0,3801.9273,1
9091,2,0,9,9,nochange,6,f,1,1024.2551,NA
9091,2,0,10,10,change,6,j,1,2141.0708,NA
9091,2,0,11,11,change,6,j,1,1698.6514,NA
9091,2,0,12,12,change,6,j,1,1292.3298,NA
9091,2,0,13,13,nochange,6,f,1,4206.5079,NA
9091,2,0,14,14,nochange,6,j,0,1355.9846,NA
9091,2,0,15,15,nochange,6,f,1,1643.1086,NA
9091,2,0,16,16,nochange,6,f,1,1922.4842,1
9091,2,0,17,17,change,6,f,0,5392.245,NA
9091,2,0,18,18,change,6,f,0,4913.3081,NA
9091,2,0,19,19,nochange,6,f,1,2379.7172,NA
9091,2,0,20,20,change,6,f,0,1171.3221,NA
9091,2,0,21,21,nochange,6,f,1,1011.8448,NA
9091,2,0,22,22,nochange,6,j,0,2453.2588,NA
9091,2,0,23,23,change,6,f,0,1083.5206,NA
9091,2,0,24,24,nochange,6,j,0,1756.8658,1
9091,2,0,25,25,change,6,j,1,1081.3227,NA
9091,2,0,26,26,nochange,6,f,1,1095.079,NA
9091,2,0,27,27,change,6,j,1,1808.7296,NA
9091,2,0,28,28,change,6,j,1,1054.6862,NA
9091,2,0,29,29,nochange,6,f,1,5611.4625,NA
9091,2,0,30,30,change,6,f,0,3964.8351,NA
9091,2,0,31,31,nochange,6,j,0,2692.9368,NA
9091,2,0,32,32,nochange,6,f,1,1797.3069,1
9091,2,0,33,33,nochange,6,f,1,962.6146,NA
9091,2,0,34,34,nochange,6,f,1,2083.4574,NA
9091,2,0,35,35,nochange,6,f,1,1842.094,NA
9091,2,0,36,36,change,6,j,1,1005.7205,NA
9091,2,0,37,37,change,6,f,0,1960.3641,NA
9091,2,0,38,38,change,6,j,1,2013.9818,NA
9091,2,0,39,39,change,6,f,0,5233.9556,NA
9091,2,0,40,40,change,6,j,1,3827.0278,2
9091,2,0,41,41,nochange,6,f,1,1062.5684,NA
9091,2,0,42,42,nochange,6,f,1,1272.5166,NA
9091,2,0,43,43,nochange,6,j,0,2672.7527,NA
9091,2,0,44,44,change,6,f,0,1814.029,NA
9091,2,0,45,45,change,6,j,1,780.9217,NA
9091,2,0,46,46,change,6,f,0,1492.6169,NA
9091,2,0,47,47,nochange,6,j,0,2445.3629,NA
9091,2,0,48,48,nochange,6,j,0,5461.7608,3
9091,2,0,49,49,change,6,f,0,2349.6052,NA
9091,2,0,50,50,change,6,j,1,3348.0619,NA
9091,2,0,51,51,nochange,6,f,1,1461.8627,NA
9091,2,0,52,52,change,6,j,1,992.6198,NA
9091,2,0,53,53,nochange,6,f,1,1275.6758,NA
9091,2,0,54,54,nochange,6,f,1,875.1491,NA
9091,2,0,55,55,change,6,f,0,3494.1798,NA
9091,2,0,56,56,nochange,6,j,0,1389.807,2
9091,2,0,57,57,change,6,f,0,1044.3853,NA
9091,2,0,58,58,change,6,j,1,1461.1785,NA
9091,2,0,59,59,nochange,6,f,1,2026.9215,NA
9091,2,0,60,60,nochange,6,j,0,1451.2059,NA
9092,2,practice,0,1,nochange,6,j,0,635.1662,NA
9092,2,practice,0,2,nochange,6,f,1,874.1367,NA
9092,2,practice,0,3,nochange,6,j,0,1121.5567,NA
9092,2,practice,0,4,change,6,f,0,823.4865,NA
9092,2,practice,0,5,nochange,6,j,0,893.5606,NA
9092,2,0,1,1,change,6,j,1,721.8879,NA
9092,2,0,2,2,nochange,6,f,1,883.5829,NA
9092,2,0,3,3,nochange,6,f,1,1573.9676,NA
9092,2,0,4,4,nochange,6,f,1,877.8499,NA
9092,2,0,5,5,change,6,j,1,759.238,NA
9092,2,0,6,6,change,6,f,0,710.9554,NA
9092,2,0,7,7,nochange,6,j,0,1332.1247,NA
9092,2,0,8,8,change,6,j,1,1633.6165,2
9092,2,0,9,9,nochange,6,f,1,7.32450000002,NA
9092,2,0,10,10,change,6,j,1,9.92109999998,NA
9092,2,0,11,11,change,6,j,1,6.01520000002,NA
9092,2,0,12,12,change,6,j,1,6.54920000004,NA
9092,2,0,13,13,change,6,f,0,1905.0928,NA
9092,2,0,14,14,change,6,j,1,1036.9538,NA
9092,2,0,15,15,nochange,6,j,0,697.8635,NA
9092,2,0,16,16,nochange,6,f,1,1744.2883,2
9092,2,0,17,17,nochange,6,j,0,1108.3147,NA
9092,2,0,18,18,change,6,j,1,1195.8577,NA
9092,2,0,19,19,nochange,6,f,1,1346.9811,NA
9092,2,0,20,20,change,6,f,0,1163.6816,NA
9092,2,0,21,21,change,6,j,1,1153.0219,NA
9092,2,0,22,22,change,6,j,1,1521.1408,NA
9092,2,0,23,23,nochange,6,f,1,1978.3183,NA
9092,2,0,24,24,change,6,j,1,1703.1389,3
9092,2,0,25,25,nochange,6,j,0,1923.8977,NA
9092,2,0,26,26,change,6,j,1,1380.5608,NA
9092,2,0,27,27,change,6,j,1,1281.4661,NA
9092,2,0,28,28,nochange,6,f,1,969.826,NA
9092,2,0,29,29,nochange,6,f,1,1417.5735,NA
9092,2,0,30,30,nochange,6,f,1,1426.4866,NA
9092,2,0,31,31,change,6,j,1,2070.5735,NA
9092,2,0,32,32,nochange,6,f,1,1572.8837,3
9092,2,0,33,33,nochange,6,f,1,2001.4205,NA
9092,2,0,34,34,nochange,6,j,0,1293.4291,NA
9092,2,0,35,35,change,6,f,0,1773.2933,NA
9092,2,0,36,36,nochange,6,f,1,1737.1057,NA
9092,2,0,37,37,nochange,6,j,0,1276.1261,NA
9092,2,0,38,38,change,6,f,0,1466.3964,NA
9092,2,0,39,39,nochange,6,f,1,1454.2274,NA
9092,2,0,40,40,nochange,6,j,0,725.0011,3
9092,2,0,41,41,nochange,6,f,1,925.4096,NA
9092,2,0,42,42,change,6,j,1,774.3929,NA
9092,2,0,43,43,nochange,6,f,1,403.1135,NA
9092,2,0,44,44,change,6,f,0,1570.5152,NA
9092,2,0,45,45,change,6,j,1,1222.7909,NA
9092,2,0,46,46,nochange,6,f,1,1405.2933,NA
9092,2,0,47,47,change,6,j,1,918.4149,NA
9092,2,0,48,48,change,6,j,1,793.1674,2
9092,2,0,49,49,change,6,j,1,2683.8847,NA
9092,2,0,50,50,change,6,j,1,1310.0556,NA
9092,2,0,51,51,change,6,f,0,553.7753,NA
9092,2,0,52,52,nochange,6,f,1,976.3101,NA
9092,2,0,53,53,change,6,j,1,937.671,NA
9092,2,0,54,54,nochange,6,f,1,1114.4157,NA
9092,2,0,55,55,nochange,6,f,1,1854.5701,NA
9092,2,0,56,56,nochange,6,f,1,2754.3037,3
9092,2,0,57,57,change,6,j,1,1098.3244,NA
9092,2,0,58,58,nochange,6,f,1,1098.029,NA
9092,2,0,59,59,nochange,6,f,1,2046.1847,NA
9092,2,0,60,60,change,6,j,1,1071.1826,NA
9093,2,practice,0,1,nochange,6,f,1,4634.1952,NA
9093,2,practice,0,2,change,6,f,0,2560.6254,NA
9093,2,practice,0,3,change,6,j,1,1363.5621,NA
9093,2,practice,0,4,nochange,6,f,1,1309.6979,NA
9093,2,practice,0,5,nochange,6,f,1,2103.552,NA
9093,2,0,1,1,change,6,f,0,1348.4915,NA
9093,2,0,2,2,change,6,j,1,1181.9649,NA
9093,2,0,3,3,nochange,6,f,1,968.4578,NA
9093,2,0,4,4,change,6,f,0,7410.0431,NA
9093,2,0,5,5,nochange,6,f,1,1518.9457,NA
9093,2,0,6,6,nochange,6,f,1,2395.1175,NA
9093,2,0,7,7,nochange,6,f,1,3134.6027,NA
9093,2,0,8,8,change,6,j,1,1336.3056,3
9093,2,0,9,9,nochange,6,f,1,4268.2974,NA
9093,2,0,10,10,nochange,6,f,1,1308.7533,NA
9093,2,0,11,11,change,6,f,0,2872.9224,NA
9093,2,0,12,12,nochange,6,f,1,2990.2071,NA
9093,2,0,13,13,change,6,f,0,4956.8328,NA
9093,2,0,14,14,change,6,j,1,1508.3201,NA
9093,2,0,15,15,nochange,6,j,0,2851.6679,NA
9093,2,0,16,16,change,6,f,0,4313.0272,3
9093,2,0,17,17,nochange,6,f,1,6447.111,NA
9093,2,0,18,18,nochange,6,f,1,2489.8292,NA
9093,2,0,19,19,nochange,6,f,1,2865.0615,NA
9093,2,0,20,20,change,6,j,1,3284.978,NA
9093,2,0,21,21,nochange,6,j,0,8270.0359,NA
9093,2,0,22,22,nochange,6,f,1,696.8946,NA
9093,2,0,23,23,change,6,j,1,3813.4767,NA
9093,2,0,24,24,change,6,f,0,3276.0687,3
9093,2,0,25,25,nochange,6,f,1,8451.768,NA
9093,2,0,26,26,change,6,j,1,1822.0576,NA
9093,2,0,27,27,change,6,f,0,1552.6109,NA
9093,2,0,28,28,nochange,6,f,1,1586.8869,NA
9093,2,0,29,29,change,6,j,1,1012.0806,NA
9093,2,0,30,30,nochange,6,f,1,1567.2066,NA
9093,2,0,31,31,change,6,j,1,1753.0088,NA
9093,2,0,32,32,change,6,j,1,1550.4102,3
9093,2,0,33,33,change,6,j,1,1273.8471,NA
9093,2,0,34,34,nochange,6,j,0,6451.7203,NA
9093,2,0,35,35,nochange,6,j,0,2307.7693,NA
9093,2,0,36,36,change,6,f,0,3084.7662,NA
9093,2,0,37,37,change,6,j,1,1346.0197,NA
9093,2,0,38,38,nochange,6,f,1,1267.4505,NA
9093,2,0,39,39,nochange,6,f,1,2939.2335,NA
9093,2,0,40,40,nochange,6,j,0,1450.6768,3
9093,2,0,41,41,change,6,j,1,1702.137,NA
9093,2,0,42,42,nochange,6,f,1,3745.7408,NA
9093,2,0,43,43,change,6,j,1,904.1174,NA
9093,2,0,44,44,change,6,j,1,3032.4842,NA
9093,2,0,45,45,change,6,f,0,5029.7695,NA
9093,2,0,46,46,nochange,6,f,1,1793.0018,NA
9093,2,0,47,47,change,6,f,0,5617.219,NA
9093,2,0,48,48,change,6,j,1,3132.0557,3
9093,2,0,49,49,change,6,j,1,1930.5949,NA
9093,2,0,50,50,change,6,f,0,4054.7688,NA
9093,2,0,51,51,nochange,6,f,1,3074.4189,NA
9093,2,0,52,52,nochange,6,f,1,1421.7063,NA
9093,2,0,53,53,nochange,6,f,1,2390.361,NA
9093,2,0,54,54,nochange,6,f,1,1322.5465,NA
9093,2,0,55,55,change,6,j,1,4366.5829,NA
9093,2,0,56,56,nochange,6,f,1,3777.5826,3
9093,2,0,57,57,change,6,j,1,16430.6364,NA
9093,2,0,58,58,nochange,6,f,1,898.909,NA
9093,2,0,59,59,nochange,6,f,1,1022.2528,NA
9093,2,0,60,60,change,6,f,0,1530.6387,NA
9095,2,practice,0,1,change,6,f,0,641.2549,NA
9095,2,practice,0,2,change,6,j,1,854.0151,NA
9095,2,practice,0,3,change,6,f,0,456.4519,NA
9095,2,practice,0,4,change,6,f,0,916.7786,NA
9095,2,practice,0,5,change,6,f,0,505.5731,NA
9095,2,0,1,1,nochange,6,f,1,656.4928,NA
9095,2,0,2,2,nochange,6,j,0,764.0773,NA
9095,2,0,3,3,change,6,j,1,723.0853,NA
9095,2,0,4,4,nochange,6,f,1,461.8704,NA
9095,2,0,5,5,nochange,6,j,0,375.4676,NA
9095,2,0,6,6,nochange,6,f,1,500.706,NA
9095,2,0,7,7,change,6,j,1,644.9955,NA
9095,2,0,8,8,nochange,6,f,1,471.6122,3
9095,2,0,9,9,change,6,f,0,581.8805,NA
9095,2,0,10,10,nochange,6,j,0,534.313,NA
9095,2,0,11,11,nochange,6,f,1,402.0069,NA
9095,2,0,12,12,change,6,f,0,529.0164,NA
9095,2,0,13,13,change,6,j,1,591.2264,NA
9095,2,0,14,14,change,6,f,0,447.9901,NA
9095,2,0,15,15,change,6,f,0,1061.3988,NA
9095,2,0,16,16,nochange,6,f,1,1514.4966,3
9095,2,0,17,17,nochange,6,f,1,458.9446,NA
9095,2,0,18,18,change,6,j,1,539.2979,NA
9095,2,0,19,19,nochange,6,f,1,380.6024,NA
9095,2,0,20,20,change,6,j,1,471.3745,NA
9095,2,0,21,21,change,6,f,0,488.4035,NA
9095,2,0,22,22,change,6,f,0,688.9953,NA
9095,2,0,23,23,nochange,6,f,1,561.2431,NA
9095,2,0,24,24,nochange,6,f,1,587.8647,2
9095,2,0,25,25,nochange,6,f,1,414.5478,NA
9095,2,0,26,26,nochange,6,f,1,298.2674,NA
9095,2,0,27,27,nochange,6,f,1,395.559,NA
9095,2,0,28,28,change,6,j,1,501.9356,NA
9095,2,0,29,29,nochange,6,f,1,388.8404,NA
9095,2,0,30,30,nochange,6,j,0,725.3841,NA
9095,2,0,31,31,change,6,f,0,320.4488,NA
9095,2,0,32,32,nochange,6,j,0,429.7298,5
9095,2,0,33,33,change,6,f,0,332.9225,NA
9095,2,0,34,34,nochange,6,f,1,685.625,NA
9095,2,0,35,35,change,6,j,1,1400.4539,NA
9095,2,0,36,36,nochange,6,f,1,433.6333,NA
9095,2,0,37,37,nochange,6,j,0,910.2433,NA
9095,2,0,38,38,nochange,6,f,1,442.5659,NA
9095,2,0,39,39,nochange,6,j,0,967.2002,NA
9095,2,0,40,40,change,6,f,0,945.955,5
9095,2,0,41,41,nochange,6,f,1,371.599,NA
9095,2,0,42,42,change,6,j,1,3.28580000001,NA
9095,2,0,43,43,change,6,j,1,2.81260000006,NA
9095,2,0,44,44,change,6,f,0,1171.5721,NA
9095,2,0,45,45,change,6,f,0,813.8917,NA
9095,2,0,46,46,change,6,f,0,1074.691,NA
9095,2,0,47,47,nochange,6,f,1,2437.0762,NA
9095,2,0,48,48,nochange,6,f,1,21.3679,5
9095,2,0,49,49,change,6,f,0,372.1735,NA
9095,2,0,50,50,change,6,j,1,388.6995,NA
9095,2,0,51,51,change,6,f,0,424.7875,NA
9095,2,0,52,52,change,6,f,0,399.0738,NA
9095,2,0,53,53,change,6,f,0,1680.1724,NA
9095,2,0,54,54,change,6,f,0,535.624,NA
9095,2,0,55,55,change,6,j,1,2969.6064,NA
9095,2,0,56,56,change,6,f,0,488.1771,3
9095,2,0,57,57,change,6,f,0,449.3158,NA
9095,2,0,58,58,nochange,6,f,1,428.0205,NA
9095,2,0,59,59,nochange,6,j,0,794.8427,NA
9095,2,0,60,60,nochange,6,f,1,621.446,NA
9096,2,practice,0,1,change,6,j,1,2914.5496,NA
9096,2,practice,0,2,change,6,j,1,1223.5975,NA
9096,2,practice,0,3,nochange,6,f,1,911.1992,NA
9096,2,practice,0,4,nochange,6,f,1,1192.1047,NA
9096,2,practice,0,5,change,6,j,1,1093.6694,NA
9096,2,0,1,1,nochange,6,f,1,742.4488,NA
9096,2,0,2,2,change,6,j,1,1445.8641,NA
9096,2,0,3,3,nochange,6,j,0,1458.0117,NA
9096,2,0,4,4,nochange,6,f,1,1385.0504,NA
9096,2,0,5,5,change,6,j,1,1245.4729,NA
9096,2,0,6,6,change,6,j,1,1268.0383,NA
9096,2,0,7,7,change,6,j,1,1058.5056,NA
9096,2,0,8,8,change,6,f,0,1011.078,5
9096,2,0,9,9,change,6,f,0,1466.793,NA
9096,2,0,10,10,nochange,6,f,1,1287.9745,NA
9096,2,0,11,11,nochange,6,j,0,2013.5867,NA
9096,2,0,12,12,nochange,6,f,1,895.8009,NA
9096,2,0,13,13,change,6,j,1,1729.0084,NA
9096,2,0,14,14,change,6,f,0,1251.5651,NA
9096,2,0,15,15,change,6,j,1,712.6747,NA
9096,2,0,16,16,change,6,f,0,3542.9022,5
9096,2,0,17,17,change,6,j,1,398.9794,NA
9096,2,0,18,18,change,6,f,0,673.6323,NA
9096,2,0,19,19,nochange,6,j,0,636.2594,NA
9096,2,0,20,20,nochange,6,j,0,723.0031,NA
9096,2,0,21,21,nochange,6,j,0,1040.107,NA
9096,2,0,22,22,nochange,6,f,1,534.4132,NA
9096,2,0,23,23,nochange,6,j,0,772.2515,NA
9096,2,0,24,24,change,6,j,1,1244.0717,3
9096,2,0,25,25,nochange,6,j,0,1302.4289,NA
9096,2,0,26,26,change,6,j,1,1014.6604,NA
9096,2,0,27,27,change,6,f,0,479.6191,NA
9096,2,0,28,28,change,6,j,1,534.2322,NA
9096,2,0,29,29,nochange,6,f,1,997.7253,NA
9096,2,0,30,30,nochange,6,f,1,1408.99,NA
9096,2,0,31,31,change,6,j,1,658.3943,NA
9096,2,0,32,32,nochange,6,j,0,1413.9805,3
9096,2,0,33,33,nochange,6,j,0,718.2339,NA
9096,2,0,34,34,change,6,j,1,885.7891,NA
9096,2,0,35,35,nochange,6,f,1,1105.256,NA
9096,2,0,36,36,nochange,6,f,1,796.3408,NA
9096,2,0,37,37,nochange,6,f,1,721.4908,NA
9096,2,0,38,38,change,6,f,0,659.0746,NA
9096,2,0,39,39,change,6,j,1,1044.3835,NA
9096,2,0,40,40,nochange,6,f,1,1041.175,3
9096,2,0,41,41,change,6,j,1,1279.4409,NA
9096,2,0,42,42,nochange,6,j,0,1004.9357,NA
9096,2,0,43,43,change,6,f,0,831.811,NA
9096,2,0,44,44,nochange,6,j,0,715.3852,NA
9096,2,0,45,45,nochange,6,f,1,894.2701,NA
9096,2,0,46,46,change,6,j,1,454.9372,NA
9096,2,0,47,47,nochange,6,j,0,608.3562,NA
9096,2,0,48,48,nochange,6,f,1,675.1317,3
9096,2,0,49,49,nochange,6,j,0,798.2426,NA
9096,2,0,50,50,nochange,6,f,1,1434.9589,NA
9096,2,0,51,51,change,6,f,0,1513.8794,NA
9096,2,0,52,52,change,6,j,1,787.2564,NA
9096,2,0,53,53,nochange,6,j,0,680.4052,NA
9096,2,0,54,54,change,6,j,1,761.0894,NA
9096,2,0,55,55,change,6,j,1,768.3596,NA
9096,2,0,56,56,nochange,6,f,1,1084.5748,3
9096,2,0,57,57,nochange,6,j,0,946.4508,NA
9096,2,0,58,58,change,6,f,0,418.2193,NA
9096,2,0,59,59,change,6,j,1,656.472,NA
9096,2,0,60,60,change,6,f,0,6.07809999993,NA
9097,2,practice,0,1,nochange,6,f,1,2855.7222,NA
9097,2,practice,0,2,change,6,j,1,1125.0284,NA
9097,2,practice,0,3,change,6,j,1,2703.4751,NA
9097,2,practice,0,4,change,6,j,1,1439.4878,NA
9097,2,practice,0,5,change,6,j,1,959.3976,NA
9097,2,0,1,1,change,6,j,1,903.7097,NA
9097,2,0,2,2,nochange,6,f,1,1489.8361,NA
9097,2,0,3,3,change,6,j,1,1051.1182,NA
9097,2,0,4,4,nochange,6,f,1,1456.4694,NA
9097,2,0,5,5,nochange,6,f,1,1037.5449,NA
9097,2,0,6,6,change,6,j,1,843.8233,NA
9097,2,0,7,7,nochange,6,f,1,952.1968,NA
9097,2,0,8,8,change,6,j,1,1129.0159,1
9097,2,0,9,9,change,6,j,1,1023.9706,NA
9097,2,0,10,10,change,6,f,0,2886.0698,NA
9097,2,0,11,11,nochange,6,f,1,1141.8411,NA
9097,2,0,12,12,change,6,j,1,1098.9401,NA
9097,2,0,13,13,change,6,f,0,2254.7025,NA
9097,2,0,14,14,change,6,j,1,1482.0987,NA
9097,2,0,15,15,nochange,6,f,1,2011.321,NA
9097,2,0,16,16,nochange,6,f,1,1292.4557,2
9097,2,0,17,17,nochange,6,f,1,1258.5711,NA
9097,2,0,18,18,nochange,6,f,1,1754.4205,NA
9097,2,0,19,19,nochange,6,f,1,1147.4889,NA
9097,2,0,20,20,change,6,j,1,1126.5112,NA
9097,2,0,21,21,nochange,6,f,1,978.619,NA
9097,2,0,22,22,nochange,6,f,1,1093.1225,NA
9097,2,0,23,23,change,6,j,1,856.3761,NA
9097,2,0,24,24,nochange,6,f,1,1053.4731,1
9097,2,0,25,25,nochange,6,f,1,1041.697,NA
9097,2,0,26,26,change,6,j,1,1174.1162,NA
9097,2,0,27,27,change,6,f,0,2488.8278,NA
9097,2,0,28,28,change,6,j,1,828.4464,NA
9097,2,0,29,29,change,6,f,0,803.0559,NA
9097,2,0,30,30,nochange,6,j,0,1640.2344,NA
9097,2,0,31,31,change,6,f,0,886.1671,NA
9097,2,0,32,32,nochange,6,f,1,1096.8969,3
9097,2,0,33,33,nochange,6,f,1,1040.3901,NA
9097,2,0,34,34,nochange,6,f,1,1825.1802,NA
9097,2,0,35,35,nochange,6,f,1,879.5656,NA
9097,2,0,36,36,change,6,j,1,1166.7269,NA
9097,2,0,37,37,nochange,6,f,1,1214.642,NA
9097,2,0,38,38,change,6,f,0,1554.1295,NA
9097,2,0,39,39,change,6,j,1,1370.183,NA
9097,2,0,40,40,change,6,j,1,1149.6109,3
9097,2,0,41,41,nochange,6,f,1,1106.4166,NA
9097,2,0,42,42,change,6,f,0,991.3396,NA
9097,2,0,43,43,nochange,6,f,1,779.4558,NA
9097,2,0,44,44,nochange,6,f,1,652.8743,NA
9097,2,0,45,45,change,6,j,1,566.5462,NA
9097,2,0,46,46,nochange,6,f,1,811.4741,NA
9097,2,0,47,47,nochange,6,f,1,761.8976,NA
9097,2,0,48,48,change,6,j,1,1033.3326,1
9097,2,0,49,49,change,6,j,1,861.9973,NA
9097,2,0,50,50,nochange,6,f,1,1384.8027,NA
9097,2,0,51,51,change,6,j,1,1085.3651,NA
9097,2,0,52,52,nochange,6,f,1,1651.7771,NA
9097,2,0,53,53,change,6,f,0,902.3754,NA
9097,2,0,54,54,change,6,f,0,610.0772,NA
9097,2,0,55,55,nochange,6,j,0,1165.3561,NA
9097,2,0,56,56,change,6,f,0,817.1817,4
9097,2,0,57,57,change,6,j,1,1179.1661,NA
9097,2,0,58,58,change,6,j,1,1518.3104,NA
9097,2,0,59,59,nochange,6,j,0,1119.786,NA
9097,2,0,60,60,nochange,6,f,1,1017.9119,NA
9098,2,practice,0,1,change,6,f,0,0.467299999997,NA
9098,2,practice,0,2,change,6,j,1,1724.3595,NA
9098,2,practice,0,3,change,6,f,0,1279.9442,NA
9098,2,practice,0,4,nochange,6,f,1,1435.3503,NA
9098,2,practice,0,5,change,6,j,1,1143.2387,NA
9098,2,0,1,1,change,6,j,1,1082.756,NA
9098,2,0,2,2,change,6,j,1,1204.7758,NA
9098,2,0,3,3,nochange,6,f,1,877.0971,NA
9098,2,0,4,4,nochange,6,f,1,2635.413,NA
9098,2,0,5,5,nochange,6,f,1,1517.076,NA
9098,2,0,6,6,change,6,f,0,1383.5733,NA
9098,2,0,7,7,change,6,f,0,1003.1917,NA
9098,2,0,8,8,nochange,6,f,1,2303.8363,1
9098,2,0,9,9,change,6,f,0,1128.2015,NA
9098,2,0,10,10,change,6,f,0,2868.5893,NA
9098,2,0,11,11,nochange,6,f,1,970.3377,NA
9098,2,0,12,12,nochange,6,f,1,979.9415,NA
9098,2,0,13,13,nochange,6,f,1,1460.3276,NA
9098,2,0,14,14,change,6,f,0,3274.322,NA
9098,2,0,15,15,change,6,j,1,1077.8214,NA
9098,2,0,16,16,change,6,f,0,1859.946,3
9098,2,0,17,17,change,6,j,1,2775.883,NA
9098,2,0,18,18,nochange,6,j,0,1381.8022,NA
9098,2,0,19,19,change,6,f,0,905.8519,NA
9098,2,0,20,20,change,6,j,1,3.962,NA
9098,2,0,21,21,nochange,6,j,0,4.65350000001,NA
9098,2,0,22,22,change,6,f,0,543.29,NA
9098,2,0,23,23,change,6,f,0,766.6506,NA
9098,2,0,24,24,change,6,f,0,772.7645,5
9098,2,0,25,25,change,6,j,1,1046.9136,NA
9098,2,0,26,26,nochange,6,f,1,1300.707,NA
9098,2,0,27,27,change,6,j,1,1727.3707,NA
9098,2,0,28,28,change,6,j,1,1131.4064,NA
9098,2,0,29,29,nochange,6,f,1,2072.0748,NA
9098,2,0,30,30,nochange,6,f,1,837.6006,NA
9098,2,0,31,31,nochange,6,f,1,1956.6658,NA
9098,2,0,32,32,nochange,6,f,1,1367.9886,1
9098,2,0,33,33,change,6,f,0,1143.6796,NA
9098,2,0,34,34,nochange,6,f,1,1195.188,NA
9098,2,0,35,35,change,6,j,1,1652.7598,NA
9098,2,0,36,36,nochange,6,f,1,1770.3642,NA
9098,2,0,37,37,change,6,f,0,1313.3224,NA
9098,2,0,38,38,nochange,6,f,1,812.9036,NA
9098,2,0,39,39,nochange,6,j,0,868.966,NA
9098,2,0,40,40,change,6,f,0,452.5072,4
9098,2,0,41,41,nochange,6,f,1,1033.3868,NA
9098,2,0,42,42,nochange,6,f,1,1432.1931,NA
9098,2,0,43,43,nochange,6,f,1,887.4885,NA
9098,2,0,44,44,nochange,6,j,0,4.81139999995,NA
9098,2,0,45,45,change,6,f,0,5.21149999998,NA
9098,2,0,46,46,nochange,6,f,1,4.56469999999,NA
9098,2,0,47,47,nochange,6,j,0,3.85830000002,NA
9098,2,0,48,48,change,6,f,0,505.0865,2
9098,2,0,49,49,change,6,f,0,323.2839,NA
9098,2,0,50,50,nochange,6,f,1,879.1675,NA
9098,2,0,51,51,nochange,6,j,0,3.53350000002,NA
9098,2,0,52,52,nochange,6,f,1,3.9633,NA
9098,2,0,53,53,change,6,j,1,4.46620000002,NA
9098,2,0,54,54,change,6,f,0,2.97679999995,NA
9098,2,0,55,55,change,6,j,1,614.3763,NA
9098,2,0,56,56,nochange,6,f,1,447.8312,5
9098,2,0,57,57,change,6,f,0,381.0824,NA
9098,2,0,58,58,change,6,j,1,367.445,NA
9098,2,0,59,59,nochange,6,f,1,387.8601,NA
9098,2,0,60,60,nochange,6,f,1,632.3857,NA
9099,2,practice,0,1,change,6,j,1,1219.4233,NA
9099,2,practice,0,2,nochange,6,f,1,875.3367,NA
9099,2,practice,0,3,nochange,6,f,1,1487.3235,NA
9099,2,practice,0,4,nochange,6,f,1,775.642,NA
9099,2,practice,0,5,nochange,6,f,1,843.9167,NA
9099,2,0,1,1,nochange,6,f,1,1195.6973,NA
9099,2,0,2,2,nochange,6,f,1,790.5834,NA
9099,2,0,3,3,nochange,6,f,1,878.0872,NA
9099,2,0,4,4,nochange,6,f,1,959.991,NA
9099,2,0,5,5,change,6,j,1,1296.4556,NA
9099,2,0,6,6,change,6,j,1,1129.3267,NA
9099,2,0,7,7,nochange,6,f,1,943.1272,NA
9099,2,0,8,8,nochange,6,f,1,727.749,2
9099,2,0,9,9,change,6,j,1,885.5696,NA
9099,2,0,10,10,change,6,j,1,893.8711,NA
9099,2,0,11,11,change,6,j,1,792.0023,NA
9099,2,0,12,12,change,6,j,1,908.0897,NA
9099,2,0,13,13,change,6,j,1,1646.4852,NA
9099,2,0,14,14,change,6,f,0,1428.6401,NA
9099,2,0,15,15,nochange,6,j,0,2452.7928,NA
9099,2,0,16,16,change,6,j,1,1290.7635,2
9099,2,0,17,17,change,6,f,0,1386.2546,NA
9099,2,0,18,18,nochange,6,f,1,771.0418,NA
9099,2,0,19,19,nochange,6,f,1,1657.5271,NA
9099,2,0,20,20,nochange,6,f,1,1775.6049,NA
9099,2,0,21,21,change,6,j,1,1520.4826,NA
9099,2,0,22,22,change,6,j,1,2105.1942,NA
9099,2,0,23,23,nochange,6,f,1,2974.5712,NA
9099,2,0,24,24,nochange,6,f,1,946.2318,2
9099,2,0,25,25,change,6,f,0,8.99440000003,NA
9099,2,0,26,26,change,6,j,1,1693.9144,NA
9099,2,0,27,27,nochange,6,j,0,2391.036,NA
9099,2,0,28,28,change,6,f,0,1752.4488,NA
9099,2,0,29,29,nochange,6,f,1,968.8094,NA
9099,2,0,30,30,nochange,6,f,1,930.4392,NA
9099,2,0,31,31,nochange,6,f,1,1256.1681,NA
9099,2,0,32,32,nochange,6,f,1,851.576,2
9099,2,0,33,33,nochange,6,f,1,1063.3476,NA
9099,2,0,34,34,change,6,j,1,1359.1868,NA
9099,2,0,35,35,nochange,6,f,1,809.7053,NA
9099,2,0,36,36,change,6,j,1,1273.13,NA
9099,2,0,37,37,nochange,6,f,1,887.5987,NA
9099,2,0,38,38,change,6,j,1,1891.2146,NA
9099,2,0,39,39,change,6,f,0,1006.0779,NA
9099,2,0,40,40,change,6,j,1,1936.6168,3
9099,2,0,41,41,change,6,j,1,2012.0655,NA
9099,2,0,42,42,change,6,j,1,2226.9074,NA
9099,2,0,43,43,change,6,j,1,944.2235,NA
9099,2,0,44,44,nochange,6,f,1,1750.2076,NA
9099,2,0,45,45,nochange,6,f,1,977.5711,NA
9099,2,0,46,46,change,6,j,1,1211.1062,NA
9099,2,0,47,47,change,6,j,1,1344.4651,NA
9099,2,0,48,48,nochange,6,f,1,789.2227,3
9099,2,0,49,49,nochange,6,f,1,886.5163,NA
9099,2,0,50,50,change,6,j,1,859.8145,NA
9099,2,0,51,51,change,6,j,1,1109.419,NA
9099,2,0,52,52,change,6,j,1,1437.4953,NA
9099,2,0,53,53,nochange,6,f,1,884.3953,NA
9099,2,0,54,54,nochange,6,f,1,2145.4743,NA
9099,2,0,55,55,nochange,6,f,1,1929.5155,NA
9099,2,0,56,56,change,6,j,1,2339.5673,3
9099,2,0,57,57,nochange,6,f,1,2842.6347,NA
9099,2,0,58,58,nochange,6,f,1,1629.3632,NA
9099,2,0,59,59,nochange,6,j,0,1825.3144,NA
9099,2,0,60,60,change,6,f,0,787.5248,NA
9100,2,practice,0,1,change,6,f,0,4911.4754,NA
9100,2,practice,0,2,change,6,j,1,1905.5788,NA
9100,2,practice,0,3,change,6,j,1,1274.1815,NA
9100,2,practice,0,4,nochange,6,f,1,3101.7781,NA
9100,2,practice,0,5,change,6,j,1,2411.3121,NA
9100,2,0,1,1,change,6,j,1,1434.0201,NA
9100,2,0,2,2,nochange,6,f,1,2071.2851,NA
9100,2,0,3,3,nochange,6,j,0,1881.6383,NA
9100,2,0,4,4,change,6,f,0,1447.9773,NA
9100,2,0,5,5,change,6,j,1,1106.1967,NA
9100,2,0,6,6,nochange,6,f,1,2261.8766,NA
9100,2,0,7,7,change,6,f,0,2100.3162,NA
9100,2,0,8,8,change,6,j,1,1911.4196,2
9100,2,0,9,9,nochange,6,j,0,2579.7584,NA
9100,2,0,10,10,change,6,j,1,1870.82,NA
9100,2,0,11,11,nochange,6,f,1,3106.6004,NA
9100,2,0,12,12,nochange,6,j,0,1546.304,NA
9100,2,0,13,13,change,6,f,0,2616.6311,NA
9100,2,0,14,14,change,6,f,0,7183.9796,NA
9100,2,0,15,15,nochange,6,j,0,2751.0766,NA
9100,2,0,16,16,change,6,j,1,1336.7679,2
9100,2,0,17,17,nochange,6,j,0,2636.9652,NA
9100,2,0,18,18,nochange,6,f,1,1506.2627,NA
9100,2,0,19,19,nochange,6,j,0,2301.9511,NA
9100,2,0,20,20,change,6,j,1,2576.8944,NA
9100,2,0,21,21,nochange,6,f,1,3951.158,NA
9100,2,0,22,22,change,6,f,0,2180.6909,NA
9100,2,0,23,23,nochange,6,f,1,1856.0543,NA
9100,2,0,24,24,nochange,6,f,1,2212.8483,1
9100,2,0,25,25,change,6,j,1,3262.5398,NA
9100,2,0,26,26,nochange,6,f,1,2481.4083,NA
9100,2,0,27,27,nochange,6,f,1,1414.9381,NA
9100,2,0,28,28,change,6,j,1,1398.1615,NA
9100,2,0,29,29,change,6,j,1,1451.6705,NA
9100,2,0,30,30,nochange,6,f,1,1767.174,NA
9100,2,0,31,31,nochange,6,j,0,1254.4438,NA
9100,2,0,32,32,change,6,j,1,1857.5335,2
9100,2,0,33,33,nochange,6,f,1,2186.6443,NA
9100,2,0,34,34,nochange,6,f,1,1481.7063,NA
9100,2,0,35,35,change,6,j,1,1001.4274,NA
9100,2,0,36,36,nochange,6,f,1,1169.0056,NA
9100,2,0,37,37,nochange,6,j,0,3079.5579,NA
9100,2,0,38,38,change,6,j,1,2280.8888,NA
9100,2,0,39,39,nochange,6,j,0,2225.7275,NA
9100,2,0,40,40,change,6,f,0,1217.7956,2
9100,2,0,41,41,change,6,f,0,2418.5742,NA
9100,2,0,42,42,change,6,f,0,1649.8397,NA
9100,2,0,43,43,nochange,6,j,0,1328.4228,NA
9100,2,0,44,44,change,6,f,0,1339.403,NA
9100,2,0,45,45,change,6,j,1,1032.634,NA
9100,2,0,46,46,change,6,j,1,1701.5717,NA
9100,2,0,47,47,nochange,6,j,0,1729.986,NA
9100,2,0,48,48,nochange,6,f,1,2639.443,2
9100,2,0,49,49,change,6,f,0,1534.2659,NA
9100,2,0,50,50,nochange,6,j,0,4288.2011,NA
9100,2,0,51,51,nochange,6,f,1,3113.0968,NA
9100,2,0,52,52,change,6,j,1,2106.888,NA
9100,2,0,53,53,nochange,6,f,1,1604.0942,NA
9100,2,0,54,54,change,6,j,1,1507.8168,NA
9100,2,0,55,55,change,6,j,1,3496.3443,NA
9100,2,0,56,56,nochange,6,f,1,1594.512,2
9100,2,0,57,57,change,6,j,1,1909.3958,NA
9100,2,0,58,58,change,6,j,1,2857.0303,NA
9100,2,0,59,59,change,6,j,1,2352.6903,NA
9100,2,0,60,60,nochange,6,f,1,2081.5883,NA
9101,2,practice,0,1,change,6,j,1,2672.9183,NA
9101,2,practice,0,2,change,6,f,0,1357.3098,NA
9101,2,practice,0,3,nochange,6,f,1,1149.1622,NA
9101,2,practice,0,4,nochange,6,f,1,1362.4587,NA
9101,2,practice,0,5,change,6,f,0,1110.2246,NA
9101,2,0,1,1,nochange,6,f,1,1203.7415,NA
9101,2,0,2,2,nochange,6,f,1,1190.0375,NA
9101,2,0,3,3,change,6,j,1,1571.4836,NA
9101,2,0,4,4,change,6,f,0,971.2186,NA
9101,2,0,5,5,nochange,6,f,1,617.9768,NA
9101,2,0,6,6,change,6,j,1,1043.7359,NA
9101,2,0,7,7,nochange,6,f,1,2387.5032,NA
9101,2,0,8,8,change,6,j,1,4755.3079,1
9101,2,0,9,9,nochange,6,f,1,858.4017,NA
9101,2,0,10,10,change,6,f,0,1894.2196,NA
9101,2,0,11,11,change,6,j,1,1421.9511,NA
9101,2,0,12,12,change,6,f,0,1125.736,NA
9101,2,0,13,13,nochange,6,f,1,2490.1264,NA
9101,2,0,14,14,nochange,6,f,1,1045.7866,NA
9101,2,0,15,15,nochange,6,f,1,877.4909,NA
9101,2,0,16,16,nochange,6,f,1,2930.1411,3
9101,2,0,17,17,change,6,j,1,955.5813,NA
9101,2,0,18,18,nochange,6,f,1,1851.5817,NA
9101,2,0,19,19,nochange,6,f,1,901.4622,NA
9101,2,0,20,20,nochange,6,f,1,1386.1561,NA
9101,2,0,21,21,nochange,6,j,0,1236.9545,NA
9101,2,0,22,22,change,6,j,1,1190.7586,NA
9101,2,0,23,23,change,6,j,1,2986.7274,NA
9101,2,0,24,24,change,6,f,0,3468.407,1
9101,2,0,25,25,change,6,f,0,969.7914,NA
9101,2,0,26,26,nochange,6,j,0,1900.0003,NA
9101,2,0,27,27,change,6,f,0,2833.269,NA
9101,2,0,28,28,change,6,j,1,3643.4754,NA
9101,2,0,29,29,change,6,j,1,1034.9136,NA
9101,2,0,30,30,nochange,6,f,1,1159.3614,NA
9101,2,0,31,31,change,6,j,1,1354.5124,NA
9101,2,0,32,32,change,6,j,1,1056.854,1
9101,2,0,33,33,change,6,f,0,2327.7818,NA
9101,2,0,34,34,nochange,6,f,1,1998.8327,NA
9101,2,0,35,35,change,6,j,1,1979.9731,NA
9101,2,0,36,36,nochange,6,j,0,3780.5378,NA
9101,2,0,37,37,nochange,6,f,1,3360.3624,NA
9101,2,0,38,38,change,6,j,1,2019.5815,NA
9101,2,0,39,39,nochange,6,j,0,1333.2687,NA
9101,2,0,40,40,change,6,f,0,2339.6006,1
9101,2,0,41,41,change,6,j,1,965.8457,NA
9101,2,0,42,42,change,6,j,1,1883.8213,NA
9101,2,0,43,43,nochange,6,f,1,1031.2658,NA
9101,2,0,44,44,change,6,j,1,2074.5154000000002,NA
9101,2,0,45,45,nochange,6,j,0,1221.707,NA
9101,2,0,46,46,nochange,6,j,0,2104.4724,NA
9101,2,0,47,47,change,6,j,1,3304.4977,NA
9101,2,0,48,48,nochange,6,f,1,997.1532,1
9101,2,0,49,49,nochange,6,f,1,1020.5688,NA
9101,2,0,50,50,change,6,j,1,4202.3165,NA
9101,2,0,51,51,change,6,f,0,1518.7737,NA
9101,2,0,52,52,nochange,6,f,1,1247.8503,NA
9101,2,0,53,53,change,6,j,1,1661.5687,NA
9101,2,0,54,54,nochange,6,j,0,3159.5367,NA
9101,2,0,55,55,change,6,j,1,1719.1612,NA
9101,2,0,56,56,nochange,6,j,0,2612.9766,1
9101,2,0,57,57,nochange,6,f,1,2135.5329,NA
9101,2,0,58,58,nochange,6,f,1,1030.5383,NA
9101,2,0,59,59,nochange,6,f,1,2410.8631,NA
9101,2,0,60,60,change,6,j,1,3047.227,NA
9102,2,practice,0,1,change,6,j,1,1655.7738,NA
9102,2,practice,0,2,nochange,6,f,1,948.3171,NA
9102,2,practice,0,3,change,6,j,1,659.0361,NA
9102,2,practice,0,4,change,6,j,1,1594.3572,NA
9102,2,practice,0,5,nochange,6,f,1,669.9523,NA
9102,2,0,1,1,nochange,6,j,0,589.6418,NA
9102,2,0,2,2,change,6,j,1,1025.7619,NA
9102,2,0,3,3,nochange,6,f,1,837.9593,NA
9102,2,0,4,4,change,6,j,1,868.0959,NA
9102,2,0,5,5,nochange,6,j,0,2004.4794,NA
9102,2,0,6,6,nochange,6,f,1,745.5622,NA
9102,2,0,7,7,nochange,6,j,0,1391.2992,NA
9102,2,0,8,8,change,6,j,1,1247.0687,2
9102,2,0,9,9,change,6,j,1,934.9156,NA
9102,2,0,10,10,change,6,f,0,1814.8763,NA
9102,2,0,11,11,change,6,j,1,763.9715,NA
9102,2,0,12,12,nochange,6,j,0,1365.1855,NA
9102,2,0,13,13,nochange,6,j,0,1035.7055,NA
9102,2,0,14,14,change,6,j,1,3637.524,NA
9102,2,0,15,15,nochange,6,j,0,846.1252,NA
9102,2,0,16,16,nochange,6,j,0,789.2092,5
9102,2,0,17,17,nochange,6,f,1,1339.4515,NA
9102,2,0,18,18,change,6,j,1,1183.4428,NA
9102,2,0,19,19,change,6,j,1,1450.3574,NA
9102,2,0,20,20,change,6,f,0,2240.1014,NA
9102,2,0,21,21,change,6,j,1,970.9468,NA
9102,2,0,22,22,nochange,6,f,1,925.4023,NA
9102,2,0,23,23,nochange,6,f,1,1164.2492,NA
9102,2,0,24,24,nochange,6,f,1,893.3148,1
9102,2,0,25,25,nochange,6,j,0,2477.6293,NA
9102,2,0,26,26,change,6,j,1,933.3852,NA
9102,2,0,27,27,change,6,j,1,3914.4575,NA
9102,2,0,28,28,nochange,6,f,1,2300.7904,NA
9102,2,0,29,29,change,6,f,0,2952.6066,NA
9102,2,0,30,30,nochange,6,f,1,800.6021,NA
9102,2,0,31,31,nochange,6,f,1,1574.7843,NA
9102,2,0,32,32,nochange,6,j,0,990.9281,5
9102,2,0,33,33,change,6,j,1,3560.8938,NA
9102,2,0,34,34,change,6,j,1,954.8528,NA
9102,2,0,35,35,change,6,f,0,1518.103,NA
9102,2,0,36,36,change,6,f,0,1422.5524,NA
9102,2,0,37,37,change,6,j,1,958.5508,NA
9102,2,0,38,38,change,6,j,1,877.7871,NA
9102,2,0,39,39,nochange,6,f,1,1179.4321,NA
9102,2,0,40,40,change,6,j,1,1257.3325,1
9102,2,0,41,41,change,6,f,0,1046.4674,NA
9102,2,0,42,42,change,6,j,1,1539.4098,NA
9102,2,0,43,43,nochange,6,f,1,1040.8196,NA
9102,2,0,44,44,nochange,6,f,1,1193.1816,NA
9102,2,0,45,45,change,6,j,1,920.3347,NA
9102,2,0,46,46,nochange,6,f,1,1285.5957,NA
9102,2,0,47,47,nochange,6,f,1,2021.4906,NA
9102,2,0,48,48,change,6,j,1,1838.0972,3
9102,2,0,49,49,change,6,f,0,907.8718,NA
9102,2,0,50,50,change,6,j,1,2254.8278,NA
9102,2,0,51,51,change,6,j,1,916.8589,NA
9102,2,0,52,52,nochange,6,f,1,957.6554,NA
9102,2,0,53,53,change,6,j,1,2988.1254,NA
9102,2,0,54,54,nochange,6,f,1,836.7807,NA
9102,2,0,55,55,change,6,j,1,2017.0005,NA
9102,2,0,56,56,nochange,6,f,1,2220.4054,5
9102,2,0,57,57,nochange,6,f,1,3058.4045,NA
9102,2,0,58,58,nochange,6,f,1,2992.2198,NA
9102,2,0,59,59,nochange,6,j,0,2772.6895,NA
9102,2,0,60,60,nochange,6,f,1,792.7644,NA
9103,2,practice,0,1,nochange,6,f,1,656.4146,NA
9103,2,practice,0,2,nochange,6,f,1,1389.3345,NA
9103,2,practice,0,3,nochange,6,f,1,574.858,NA
9103,2,practice,0,4,nochange,6,j,0,1463.8614,NA
9103,2,practice,0,5,change,6,f,0,0.196299999996,NA
9103,2,0,1,1,change,6,f,0,2142.0714,NA
9103,2,0,2,2,nochange,6,f,1,804.9529,NA
9103,2,0,3,3,nochange,6,j,0,2008.5018,NA
9103,2,0,4,4,change,6,f,0,413.6959,NA
9103,2,0,5,5,nochange,6,f,1,396.9323,NA
9103,2,0,6,6,change,6,f,0,406.6619,NA
9103,2,0,7,7,nochange,6,f,1,4.9813,NA
9103,2,0,8,8,nochange,6,f,1,4.12850000002,2
9103,2,0,9,9,nochange,6,f,1,438.1385,NA
9103,2,0,10,10,nochange,6,j,0,3.1415,NA
9103,2,0,11,11,change,6,f,0,3.25079999998,NA
9103,2,0,12,12,change,6,f,0,15.3284,NA
9103,2,0,13,13,nochange,6,f,1,3.25110000002,NA
9103,2,0,14,14,change,6,f,0,3.0435,NA
9103,2,0,15,15,change,6,f,0,4.00039999999,NA
9103,2,0,16,16,change,6,f,0,5.57030000002,3
9103,2,0,17,17,nochange,6,f,1,3.32209999999,NA
9103,2,0,18,18,change,6,f,0,2.94029999996,NA
9103,2,0,19,19,nochange,6,f,1,3.3112,NA
9103,2,0,20,20,change,6,f,0,4.18780000001,NA
9103,2,0,21,21,change,6,f,0,4.03340000001,NA
9103,2,0,22,22,nochange,6,f,1,3.2635,NA
9103,2,0,23,23,nochange,6,f,1,702.9977,NA
9103,2,0,24,24,nochange,6,f,1,959.4567,3
9103,2,0,25,25,change,6,j,1,875.7447,NA
9103,2,0,26,26,nochange,6,f,1,341.5977,NA
9103,2,0,27,27,nochange,6,f,1,17.6411,NA
9103,2,0,28,28,change,6,f,0,3.11410000001,NA
9103,2,0,29,29,change,6,f,0,3.26549999998,NA
9103,2,0,30,30,nochange,6,f,1,4.25099999993,NA
9103,2,0,31,31,nochange,6,f,1,17.8921,NA
9103,2,0,32,32,nochange,6,f,1,4.10490000003,2
9103,2,0,33,33,nochange,6,f,1,3.5086,NA
9103,2,0,34,34,nochange,6,f,1,3.20510000002,NA
9103,2,0,35,35,change,6,f,0,5.93359999999,NA
9103,2,0,36,36,nochange,6,j,0,4.08549999999,NA
9103,2,0,37,37,change,6,f,0,342.9138,NA
9103,2,0,38,38,nochange,6,f,1,481.705,NA
9103,2,0,39,39,nochange,6,f,1,433.4438,NA
9103,2,0,40,40,change,6,f,0,3.20069999999,4
9103,2,0,41,41,change,6,f,0,4.56340000004,NA
9103,2,0,42,42,change,6,f,0,498.0535,NA
9103,2,0,43,43,change,6,f,0,337.0954,NA
9103,2,0,44,44,change,6,j,1,373.132,NA
9103,2,0,45,45,change,6,f,0,4.13640000002,NA
9103,2,0,46,46,nochange,6,f,1,3.39340000006,NA
9103,2,0,47,47,change,6,f,0,794.7919,NA
9103,2,0,48,48,nochange,6,f,1,490.4598,1
9103,2,0,49,49,change,6,j,1,943.9679,NA
9103,2,0,50,50,change,6,f,0,703.3111,NA
9103,2,0,51,51,nochange,6,j,0,809.6038,NA
9103,2,0,52,52,change,6,f,0,3.3002,NA
9103,2,0,53,53,nochange,6,f,1,3.04330000002,NA
9103,2,0,54,54,change,6,f,0,3.43570000003,NA
9103,2,0,55,55,change,6,f,0,3.24589999998,NA
9103,2,0,56,56,nochange,6,f,1,3.804,2
9103,2,0,57,57,change,6,f,0,451.4413,NA
9103,2,0,58,58,nochange,6,f,1,411.0739,NA
9103,2,0,59,59,nochange,6,j,0,397.8957,NA
9103,2,0,60,60,change,6,f,0,549.6333,NA
9104,2,practice,0,1,change,6,f,0,1644.8936,NA
9104,2,practice,0,2,nochange,6,f,1,1833.6526,NA
9104,2,practice,0,3,nochange,6,j,0,1187.8014,NA
9104,2,practice,0,4,change,6,j,1,1981.9621,NA
9104,2,practice,0,5,nochange,6,j,0,1052.8688,NA
9104,2,0,1,1,change,6,j,1,1039.301,NA
9104,2,0,2,2,nochange,6,j,0,1256.7901,NA
9104,2,0,3,3,change,6,f,0,1498.8719,NA
9104,2,0,4,4,nochange,6,f,1,1716.5305,NA
9104,2,0,5,5,nochange,6,f,1,839.6554,NA
9104,2,0,6,6,change,6,f,0,1316.149,NA
9104,2,0,7,7,change,6,f,0,743.61,NA
9104,2,0,8,8,change,6,f,0,972.2605,1
9104,2,0,9,9,nochange,6,j,0,1075.7391,NA
9104,2,0,10,10,nochange,6,j,0,1724.8753,NA
9104,2,0,11,11,change,6,j,1,774.4193,NA
9104,2,0,12,12,nochange,6,f,1,800.394,NA
9104,2,0,13,13,nochange,6,j,0,4182.4242,NA
9104,2,0,14,14,change,6,f,0,485.7977,NA
9104,2,0,15,15,nochange,6,f,1,1367.0311,NA
9104,2,0,16,16,change,6,j,1,1136.921,1
9104,2,0,17,17,change,6,f,0,948.199,NA
9104,2,0,18,18,nochange,6,f,1,942.4337,NA
9104,2,0,19,19,change,6,f,0,1213.2919,NA
9104,2,0,20,20,change,6,f,0,972.8664,NA
9104,2,0,21,21,nochange,6,f,1,1513.7726,NA
9104,2,0,22,22,nochange,6,f,1,861.505,NA
9104,2,0,23,23,nochange,6,f,1,678.0405,NA
9104,2,0,24,24,nochange,6,f,1,922.5842,1
9104,2,0,25,25,change,6,f,0,714.984,NA
9104,2,0,26,26,change,6,f,0,1155.5659,NA
9104,2,0,27,27,change,6,f,0,922.9897,NA
9104,2,0,28,28,nochange,6,f,1,797.9455,NA
9104,2,0,29,29,nochange,6,f,1,977.2067,NA
9104,2,0,30,30,nochange,6,f,1,1122.7199,NA
9104,2,0,31,31,nochange,6,f,1,774.5902,NA
9104,2,0,32,32,nochange,6,j,0,1171.9083,1
9104,2,0,33,33,nochange,6,f,1,1201.0998,NA
9104,2,0,34,34,change,6,j,1,1742.0646,NA
9104,2,0,35,35,change,6,f,0,1031.5702000000001,NA
9104,2,0,36,36,nochange,6,f,1,1015.9264,NA
9104,2,0,37,37,change,6,f,0,755.3534,NA
9104,2,0,38,38,nochange,6,f,1,853.531,NA
9104,2,0,39,39,nochange,6,f,1,799.4759,NA
9104,2,0,40,40,change,6,j,1,882.662,1
9104,2,0,41,41,nochange,6,f,1,833.8201,NA
9104,2,0,42,42,change,6,f,0,972.2322,NA
9104,2,0,43,43,change,6,f,0,665.7589,NA
9104,2,0,44,44,nochange,6,f,1,689.5449,NA
9104,2,0,45,45,nochange,6,f,1,760.0088,NA
9104,2,0,46,46,nochange,6,f,1,1561.3937,NA
9104,2,0,47,47,nochange,6,f,1,762.7315,NA
9104,2,0,48,48,change,6,f,0,729.8688,1
9104,2,0,49,49,change,6,j,1,796.7326,NA
9104,2,0,50,50,change,6,j,1,1715.7132,NA
9104,2,0,51,51,change,6,j,1,1179.9279,NA
9104,2,0,52,52,change,6,f,0,1811.1399,NA
9104,2,0,53,53,nochange,6,f,1,1412.0657,NA
9104,2,0,54,54,nochange,6,f,1,784.0388,NA
9104,2,0,55,55,nochange,6,j,0,1321.0354,NA
9104,2,0,56,56,change,6,j,1,2065.1003,4
9104,2,0,57,57,change,6,j,1,799.397,NA
9104,2,0,58,58,change,6,j,1,1096.3902,NA
9104,2,0,59,59,change,6,j,1,745.5639,NA
9104,2,0,60,60,change,6,j,1,1352.0351,NA
9105,2,practice,0,1,nochange,6,j,0,1350.0896,NA
9105,2,practice,0,2,change,6,j,1,891.282,NA
9105,2,practice,0,3,change,6,f,0,996.4674,NA
9105,2,practice,0,4,nochange,6,j,0,0.466700000004,NA
9105,2,practice,0,5,change,6,j,1,0.148499999996,NA
9105,2,0,1,1,nochange,6,f,1,1106.3683,NA
9105,2,0,2,2,nochange,6,f,1,994.4337,NA
9105,2,0,3,3,change,6,j,1,1000.3494,NA
9105,2,0,4,4,nochange,6,j,0,3557.4092,NA
9105,2,0,5,5,change,6,f,0,472.8625,NA
9105,2,0,6,6,nochange,6,j,0,5.2435,NA
9105,2,0,7,7,change,6,f,0,4.5849,NA
9105,2,0,8,8,change,6,j,1,7.03839999999,2
9105,2,0,9,9,nochange,6,f,1,1000.7733,NA
9105,2,0,10,10,nochange,6,j,0,5940.9782,NA
9105,2,0,11,11,change,6,j,1,1112.1788,NA
9105,2,0,12,12,nochange,6,j,0,5.74799999996,NA
9105,2,0,13,13,nochange,6,f,1,4.71689999997,NA
9105,2,0,14,14,nochange,6,f,1,1561.9171,NA
9105,2,0,15,15,nochange,6,f,1,1457.8693,NA
9105,2,0,16,16,change,6,j,1,1312.2388,2
9105,2,0,17,17,nochange,6,f,1,881.6488,NA
9105,2,0,18,18,nochange,6,f,1,866.1192,NA
9105,2,0,19,19,change,6,j,1,1361.1804,NA
9105,2,0,20,20,change,6,f,0,660.7009,NA
9105,2,0,21,21,nochange,6,j,0,1258.8376,NA
9105,2,0,22,22,nochange,6,f,1,451.6846,NA
9105,2,0,23,23,change,6,j,1,1134.152,NA
9105,2,0,24,24,nochange,6,f,1,824.9832,3
9105,2,0,25,25,nochange,6,f,1,1229.8764,NA
9105,2,0,26,26,change,6,j,1,1060.7335,NA
9105,2,0,27,27,change,6,f,0,686.4701,NA
9105,2,0,28,28,change,6,j,1,436.4367,NA
9105,2,0,29,29,nochange,6,f,1,603.3774,NA
9105,2,0,30,30,change,6,f,0,615.6492,NA
9105,2,0,31,31,change,6,j,1,1045.6997,NA
9105,2,0,32,32,change,6,f,0,1428.1883,3
9105,2,0,33,33,nochange,6,f,1,1096.1363,NA
9105,2,0,34,34,change,6,j,1,906.9925,NA
9105,2,0,35,35,nochange,6,f,1,23.8158,NA
9105,2,0,36,36,nochange,6,j,0,792.102,NA
9105,2,0,37,37,nochange,6,f,1,87.7162,NA
9105,2,0,38,38,change,6,j,1,200.5289,NA
9105,2,0,39,39,nochange,6,f,1,4.68049999996,NA
9105,2,0,40,40,change,6,j,1,3.34670000005,3
9105,2,0,41,41,change,6,f,0,3.4976,NA
9105,2,0,42,42,nochange,6,f,1,6.40179999999,NA
9105,2,0,43,43,change,6,j,1,873.1458,NA
9105,2,0,44,44,nochange,6,f,1,683.6347,NA
9105,2,0,45,45,change,6,j,1,644.935,NA
9105,2,0,46,46,change,6,f,0,646.1214,NA
9105,2,0,47,47,change,6,f,0,10.9315000001,NA
9105,2,0,48,48,change,6,j,1,6.05359999993,3
9105,2,0,49,49,change,6,j,1,1347.5748,NA
9105,2,0,50,50,nochange,6,f,1,1318.1101,NA
9105,2,0,51,51,nochange,6,f,1,3314.3985,NA
9105,2,0,52,52,change,6,j,1,1511.3931,NA
9105,2,0,53,53,nochange,6,f,1,1843.8746,NA
9105,2,0,54,54,nochange,6,j,0,1856.4156,NA
9105,2,0,55,55,change,6,j,1,2944.4188,NA
9105,2,0,56,56,change,6,j,1,3615.2585,3
9105,2,0,57,57,nochange,6,f,1,6339.6181,NA
9105,2,0,58,58,nochange,6,j,0,4264.4584,NA
9105,2,0,59,59,change,6,j,1,7625.9363,NA
9105,2,0,60,60,change,6,f,0,1054.594,NA
9106,2,practice,0,1,change,6,f,0,1320.4819,NA
9106,2,practice,0,2,change,6,j,1,904.5433,NA
9106,2,practice,0,3,change,6,j,1,1488.8299,NA
9106,2,practice,0,4,change,6,f,0,1335.3483,NA
9106,2,practice,0,5,nochange,6,f,1,705.0091,NA
9106,2,0,1,1,change,6,j,1,1403.9742,NA
9106,2,0,2,2,nochange,6,f,1,1686.6169,NA
9106,2,0,3,3,change,6,f,0,2785.8667,NA
9106,2,0,4,4,change,6,j,1,1062.8313,NA
9106,2,0,5,5,nochange,6,f,1,1176.163,NA
9106,2,0,6,6,change,6,f,0,1329.7878,NA
9106,2,0,7,7,nochange,6,j,0,2272.0095,NA
9106,2,0,8,8,nochange,6,f,1,1211.0106,2
9106,2,0,9,9,nochange,6,f,1,1904.2607,NA
9106,2,0,10,10,change,6,f,0,2493.4898,NA
9106,2,0,11,11,change,6,j,1,2495.5291,NA
9106,2,0,12,12,change,6,f,0,7148.1829,NA
9106,2,0,13,13,change,6,j,1,2008.1697,NA
9106,2,0,14,14,nochange,6,f,1,1585.4346,NA
9106,2,0,15,15,change,6,j,1,1790.658,NA
9106,2,0,16,16,nochange,6,f,1,1694.6395,1
9106,2,0,17,17,change,6,j,1,1479.8213,NA
9106,2,0,18,18,nochange,6,f,1,2838.9723,NA
9106,2,0,19,19,nochange,6,f,1,2450.7366,NA
9106,2,0,20,20,change,6,j,1,2943.6467,NA
9106,2,0,21,21,nochange,6,f,1,2094.0028,NA
9106,2,0,22,22,nochange,6,f,1,1934.6142,NA
9106,2,0,23,23,change,6,j,1,2850.7498,NA
9106,2,0,24,24,change,6,f,0,1638.8038,1
9106,2,0,25,25,nochange,6,j,0,2012.7999,NA
9106,2,0,26,26,nochange,6,f,1,1995.8653,NA
9106,2,0,27,27,change,6,j,1,1879.2625,NA
9106,2,0,28,28,nochange,6,f,1,1804.6821,NA
9106,2,0,29,29,change,6,f,0,2070.0433,NA
9106,2,0,30,30,change,6,j,1,1494.2283,NA
9106,2,0,31,31,nochange,6,f,1,2104.4223,NA
9106,2,0,32,32,change,6,f,0,1943.0065,1
9106,2,0,33,33,nochange,6,f,1,1694.7309,NA
9106,2,0,34,34,change,6,j,1,2810.323,NA
9106,2,0,35,35,change,6,f,0,1522.4848,NA
9106,2,0,36,36,nochange,6,f,1,6638.3466,NA
9106,2,0,37,37,change,6,j,1,5702.2554,NA
9106,2,0,38,38,nochange,6,f,1,3900.5205,NA
9106,2,0,39,39,nochange,6,f,1,1893.4974,NA
9106,2,0,40,40,nochange,6,f,1,4809.7474,1
9106,2,0,41,41,change,6,j,1,3932.8429,NA
9106,2,0,42,42,change,6,f,0,1644.0626,NA
9106,2,0,43,43,change,6,f,0,1922.0271,NA
9106,2,0,44,44,change,6,j,1,1535.1727,NA
9106,2,0,45,45,nochange,6,f,1,1920.4715,NA
9106,2,0,46,46,change,6,f,0,1613.9082,NA
9106,2,0,47,47,change,6,j,1,1672.0837,NA
9106,2,0,48,48,nochange,6,f,1,5246.2308,2
9106,2,0,49,49,nochange,6,f,1,1710.9204,NA
9106,2,0,50,50,nochange,6,f,1,1506.7163,NA
9106,2,0,51,51,nochange,6,f,1,1426.3757,NA
9106,2,0,52,52,change,6,j,1,1510.5131,NA
9106,2,0,53,53,nochange,6,j,0,2333.8982,NA
9106,2,0,54,54,change,6,j,1,3270.2676,NA
9106,2,0,55,55,nochange,6,f,1,2819.0774,NA
9106,2,0,56,56,nochange,6,f,1,1694.1541,1
9106,2,0,57,57,change,6,j,1,2159.7952,NA
9106,2,0,58,58,nochange,6,f,1,2168.0338,NA
9106,2,0,59,59,change,6,j,1,2244.839,NA
9106,2,0,60,60,nochange,6,f,1,3193.603,NA
9107,2,practice,0,1,change,6,j,1,2027.9272,NA
9107,2,practice,0,2,change,6,j,1,1420.3164,NA
9107,2,practice,0,3,change,6,j,1,1087.8811,NA
9107,2,practice,0,4,change,6,j,1,1811.5474,NA
9107,2,practice,0,5,change,6,j,1,1615.6394,NA
9107,2,0,1,1,nochange,6,j,0,1465.889,NA
9107,2,0,2,2,nochange,6,j,0,1873.0837,NA
9107,2,0,3,3,change,6,j,1,4607.495,NA
9107,2,0,4,4,change,6,j,1,1174.0551,NA
9107,2,0,5,5,change,6,j,1,3532.8896,NA
9107,2,0,6,6,nochange,6,f,1,2234.4938,NA
9107,2,0,7,7,nochange,6,f,1,1524.6509,NA
9107,2,0,8,8,change,6,j,1,2469.3689,1
9107,2,0,9,9,nochange,6,f,1,941.1775,NA
9107,2,0,10,10,change,6,j,1,3521.0339,NA
9107,2,0,11,11,nochange,6,f,1,3465.5317,NA
9107,2,0,12,12,change,6,j,1,3466.111,NA
9107,2,0,13,13,nochange,6,j,0,1041.7176,NA
9107,2,0,14,14,nochange,6,j,0,2398.1008,NA
9107,2,0,15,15,nochange,6,f,1,1318.6552,NA
9107,2,0,16,16,change,6,j,1,963.1025,1
9107,2,0,17,17,change,6,j,1,963.7511,NA
9107,2,0,18,18,change,6,j,1,1426.2305,NA
9107,2,0,19,19,change,6,j,1,1118.3836,NA
9107,2,0,20,20,nochange,6,f,1,1262.3011,NA
9107,2,0,21,21,nochange,6,f,1,3738.9141,NA
9107,2,0,22,22,change,6,f,0,1585.3323,NA
9107,2,0,23,23,change,6,f,0,4398.3815,NA
9107,2,0,24,24,nochange,6,f,1,1765.3983,1
9107,2,0,25,25,change,6,j,1,1735.641,NA
9107,2,0,26,26,change,6,j,1,2256.9664,NA
9107,2,0,27,27,change,6,f,0,1918.3701,NA
9107,2,0,28,28,change,6,j,1,2715.8184,NA
9107,2,0,29,29,nochange,6,f,1,3038.025,NA
9107,2,0,30,30,change,6,j,1,2840.6293,NA
9107,2,0,31,31,change,6,j,1,1315.3202000000001,NA
9107,2,0,32,32,nochange,6,f,1,1182.0212,1
9107,2,0,33,33,change,6,j,1,928.6764,NA
9107,2,0,34,34,nochange,6,j,0,2394.1971,NA
9107,2,0,35,35,change,6,j,1,797.9385,NA
9107,2,0,36,36,nochange,6,f,1,1808.009,NA
9107,2,0,37,37,change,6,f,0,3845.2925,NA
9107,2,0,38,38,change,6,f,0,1496.4729,NA
9107,2,0,39,39,nochange,6,f,1,729.9707,NA
9107,2,0,40,40,nochange,6,f,1,1351.1076,1
9107,2,0,41,41,nochange,6,j,0,4779.5905,NA
9107,2,0,42,42,change,6,j,1,1718.3991,NA
9107,2,0,43,43,change,6,j,1,1692.8425,NA
9107,2,0,44,44,nochange,6,f,1,5696.7063,NA
9107,2,0,45,45,nochange,6,f,1,941.266,NA
9107,2,0,46,46,change,6,j,1,2423.2317,NA
9107,2,0,47,47,nochange,6,j,0,5378.8578,NA
9107,2,0,48,48,nochange,6,f,1,5352.0916,1
9107,2,0,49,49,nochange,6,f,1,788.3313,NA
9107,2,0,50,50,change,6,f,0,3586.9177,NA
9107,2,0,51,51,nochange,6,f,1,888.9725,NA
9107,2,0,52,52,nochange,6,f,1,5721.8834,NA
9107,2,0,53,53,nochange,6,f,1,2192.3263,NA
9107,2,0,54,54,change,6,j,1,3460.4135,NA
9107,2,0,55,55,nochange,6,f,1,1595.677,NA
9107,2,0,56,56,nochange,6,f,1,4239.8453,2
9107,2,0,57,57,change,6,f,0,1570.683,NA
9107,2,0,58,58,nochange,6,j,0,1095.478,NA
9107,2,0,59,59,change,6,j,1,879.03,NA
9107,2,0,60,60,change,6,j,1,1651.8619,NA
9108,2,practice,0,1,nochange,6,f,1,2736.7881,NA
9108,2,practice,0,2,nochange,6,f,1,2022.623,NA
9108,2,practice,0,3,change,6,j,1,2070.35,NA
9108,2,practice,0,4,change,6,j,1,1278.3812,NA
9108,2,practice,0,5,change,6,f,0,2981.788,NA
9108,2,0,1,1,change,6,j,1,2790.3135,NA
9108,2,0,2,2,nochange,6,f,1,1107.7265,NA
9108,2,0,3,3,change,6,j,1,4219.4123,NA
9108,2,0,4,4,nochange,6,f,1,1146.5023,NA
9108,2,0,5,5,change,6,f,0,1080.2033,NA
9108,2,0,6,6,change,6,f,0,1386.9785,NA
9108,2,0,7,7,nochange,6,f,1,1095.8248,NA
9108,2,0,8,8,change,6,j,1,2365.1096,5
9108,2,0,9,9,nochange,6,f,1,1541.8524,NA
9108,2,0,10,10,nochange,6,f,1,1067.8569,NA
9108,2,0,11,11,nochange,6,f,1,1665.7501,NA
9108,2,0,12,12,nochange,6,f,1,2572.6143,NA
9108,2,0,13,13,change,6,j,1,1479.2576,NA
9108,2,0,14,14,nochange,6,j,0,4712.1551,NA
9108,2,0,15,15,nochange,6,j,0,3097.929,NA
9108,2,0,16,16,nochange,6,f,1,1097.4153,3
9108,2,0,17,17,nochange,6,j,0,1376.5857,NA
9108,2,0,18,18,nochange,6,f,1,2229.4511,NA
9108,2,0,19,19,change,6,j,1,1826.6139,NA
9108,2,0,20,20,change,6,j,1,1610.2783,NA
9108,2,0,21,21,change,6,f,0,2576.3485,NA
9108,2,0,22,22,change,6,j,1,2276.5227,NA
9108,2,0,23,23,change,6,j,1,1986.641,NA
9108,2,0,24,24,change,6,f,0,2792.9684,2
9108,2,0,25,25,nochange,6,j,0,4.06930000003,NA
9108,2,0,26,26,nochange,6,f,1,766.628,NA
9108,2,0,27,27,change,6,j,1,3149.5643,NA
9108,2,0,28,28,nochange,6,f,1,2047.3076,NA
9108,2,0,29,29,change,6,j,1,2479.6486,NA
9108,2,0,30,30,change,6,f,0,1011.7493,NA
9108,2,0,31,31,change,6,j,1,939.2726,NA
9108,2,0,32,32,nochange,6,f,1,789.8733,5
9108,2,0,33,33,change,6,j,1,3.02190000005,NA
9108,2,0,34,34,change,6,f,0,6.25210000004,NA
9108,2,0,35,35,nochange,6,f,1,951.6578,NA
9108,2,0,36,36,change,6,j,1,894.8079,NA
9108,2,0,37,37,change,6,j,1,930.4475,NA
9108,2,0,38,38,change,6,f,0,2123.8188,NA
9108,2,0,39,39,nochange,6,j,0,257.6897,NA
9108,2,0,40,40,change,6,j,1,1255.7104,4
9108,2,0,41,41,nochange,6,j,0,867.5435,NA
9108,2,0,42,42,nochange,6,f,1,1183.9923,NA
9108,2,0,43,43,nochange,6,j,0,2314.1364,NA
9108,2,0,44,44,change,6,f,0,1084.243,NA
9108,2,0,45,45,change,6,f,0,2888.3219,NA
9108,2,0,46,46,change,6,j,1,2105.7864,NA
9108,2,0,47,47,nochange,6,f,1,2529.1354,NA
9108,2,0,48,48,nochange,6,j,0,2010.0994,3
9108,2,0,49,49,nochange,6,f,1,1059.4436,NA
9108,2,0,50,50,change,6,j,1,1338.0204,NA
9108,2,0,51,51,nochange,6,f,1,1287.1062,NA
9108,2,0,52,52,nochange,6,j,0,1461.2102,NA
9108,2,0,53,53,nochange,6,f,1,945.6801,NA
9108,2,0,54,54,change,6,j,1,1394.5633,NA
9108,2,0,55,55,nochange,6,f,1,1087.8269,NA
9108,2,0,56,56,change,6,j,1,1404.4093,2
9108,2,0,57,57,change,6,j,1,1491.6594,NA
9108,2,0,58,58,nochange,6,f,1,1038.8034,NA
9108,2,0,59,59,nochange,6,j,0,6902.1254,NA
9108,2,0,60,60,change,6,f,0,1709.3775,NA
9109,2,practice,0,1,change,6,f,0,15986.157,NA
9109,2,practice,0,2,nochange,6,j,0,1205.0834,NA
9109,2,practice,0,3,nochange,6,j,0,359.2247,NA
9109,2,practice,0,4,nochange,6,f,1,0.530400000003,NA
9109,2,practice,0,5,nochange,6,j,0,0.40389999999,NA
9109,2,0,1,1,nochange,6,f,1,9.98479999999,NA
9109,2,0,2,2,nochange,6,f,1,5.17,NA
9109,2,0,3,3,nochange,6,j,0,4.0385,NA
9109,2,0,4,4,change,6,j,1,2.931,NA
9109,2,0,5,5,change,6,f,0,4.12760000001,NA
9109,2,0,6,6,nochange,6,j,0,2.3927,NA
9109,2,0,7,7,nochange,6,j,0,4.00230000001,NA
9109,2,0,8,8,change,6,f,0,30654.3739,5
9109,2,0,9,9,nochange,6,j,0,2639.2967,NA
9109,2,0,10,10,nochange,6,f,1,5186.3357,NA
9109,2,0,11,11,nochange,6,j,0,7.10690000001,NA
9109,2,0,12,12,nochange,6,f,1,4.84639999998,NA
9109,2,0,13,13,nochange,6,j,0,4.26550000001,NA
9109,2,0,14,14,change,6,j,1,1450.6046,NA
9109,2,0,15,15,nochange,6,f,1,1566.0502,NA
9109,2,0,16,16,change,6,j,1,2551.4442,2
9109,2,0,17,17,nochange,6,f,1,5131.3496,NA
9109,2,0,18,18,change,6,j,1,10.1433,NA
9109,2,0,19,19,nochange,6,j,0,53.1231,NA
9109,2,0,20,20,nochange,6,f,1,3.91019999998,NA
9109,2,0,21,21,change,6,j,1,1653.6611,NA
9109,2,0,22,22,change,6,f,0,2807.0293,NA
9109,2,0,23,23,change,6,j,1,4609.3504,NA
9109,2,0,24,24,change,6,f,0,3.98059999995,3
9109,2,0,25,25,change,6,j,1,3506.7827,NA
9109,2,0,26,26,nochange,6,f,1,4.10840000003,NA
9109,2,0,27,27,change,6,j,1,5243.5099,NA
9109,2,0,28,28,nochange,6,f,1,4.24139999994,NA
9109,2,0,29,29,change,6,j,1,605.8862,NA
9109,2,0,30,30,change,6,f,0,3849.7037,NA
9109,2,0,31,31,change,6,j,1,4241.5886,NA
9109,2,0,32,32,nochange,6,j,0,3248.6923,3
9109,2,0,33,33,nochange,6,f,1,3272.9475,NA
9109,2,0,34,34,change,6,f,0,3.39890000009,NA
9109,2,0,35,35,change,6,j,1,4.07949999999,NA
9109,2,0,36,36,change,6,j,1,3.54719999997,NA
9109,2,0,37,37,nochange,6,j,0,5.47329999995,NA
9109,2,0,38,38,change,6,j,1,3.29440000001,NA
9109,2,0,39,39,nochange,6,f,1,9.88959999999,NA
9109,2,0,40,40,change,6,j,1,895.5232,4
9109,2,0,41,41,change,6,j,1,830.8072,NA
9109,2,0,42,42,nochange,6,f,1,4862.0769,NA
9109,2,0,43,43,change,6,j,1,3.79950000002,NA
9109,2,0,44,44,change,6,j,1,3.05060000002,NA
9109,2,0,45,45,nochange,6,f,1,11011.0235,NA
9109,2,0,46,46,change,6,j,1,4.45810000005,NA
9109,2,0,47,47,change,6,j,1,11610.2779,NA
9109,2,0,48,48,change,6,j,1,6029.7068,3
9109,2,0,49,49,nochange,6,f,1,3.96440000006,NA
9109,2,0,50,50,change,6,j,1,2.96730000002,NA
9109,2,0,51,51,nochange,6,f,1,4.06069999991,NA
9109,2,0,52,52,nochange,6,j,0,1363.8127,NA
9109,2,0,53,53,change,6,j,1,13186.3826,NA
9109,2,0,54,54,nochange,6,j,0,6392.147,NA
9109,2,0,55,55,nochange,6,f,1,2.56559999997,NA
9109,2,0,56,56,nochange,6,j,0,6110.4335,3
9109,2,0,57,57,change,6,j,1,2.55410000007,NA
9109,2,0,58,58,nochange,6,j,0,1416.1669,NA
9109,2,0,59,59,nochange,6,f,1,433.4231,NA
9109,2,0,60,60,change,6,j,1,12.8243999999,NA
9112,2,practice,0,1,change,6,j,1,1521.1191,NA
9112,2,practice,0,2,nochange,6,j,0,899.8634,NA
9112,2,practice,0,3,nochange,6,f,1,1021.8299,NA
9112,2,practice,0,4,nochange,6,j,0,1152.5296,NA
9112,2,practice,0,5,change,6,f,0,1676.3487,NA
9112,2,0,1,1,change,6,j,1,1405.075,NA
9112,2,0,2,2,change,6,f,0,2587.3712,NA
9112,2,0,3,3,nochange,6,f,1,1081.9769,NA
9112,2,0,4,4,nochange,6,f,1,826.8553,NA
9112,2,0,5,5,nochange,6,f,1,862.9633,NA
9112,2,0,6,6,nochange,6,f,1,873.6952,NA
9112,2,0,7,7,nochange,6,f,1,728.8836,NA
9112,2,0,8,8,nochange,6,j,0,2473.7035,1
9112,2,0,9,9,change,6,j,1,2128.7057,NA
9112,2,0,10,10,change,6,j,1,1695.5445,NA
9112,2,0,11,11,change,6,j,1,1671.6844,NA
9112,2,0,12,12,change,6,j,1,2716.1006,NA
9112,2,0,13,13,nochange,6,f,1,1096.5384,NA
9112,2,0,14,14,change,6,j,1,1034.8697,NA
9112,2,0,15,15,change,6,j,1,945.8388,NA
9112,2,0,16,16,change,6,j,1,854.2918,1
9112,2,0,17,17,change,6,j,1,3509.2734,NA
9112,2,0,18,18,nochange,6,j,0,2077.8654,NA
9112,2,0,19,19,change,6,f,0,1888.797,NA
9112,2,0,20,20,change,6,f,0,1303.3438,NA
9112,2,0,21,21,nochange,6,f,1,1101.9323,NA
9112,2,0,22,22,change,6,f,0,877.7214,NA
9112,2,0,23,23,nochange,6,f,1,792.4593,NA
9112,2,0,24,24,nochange,6,f,1,1470.7639,1
9112,2,0,25,25,change,6,j,1,3111.2167,NA
9112,2,0,26,26,change,6,j,1,1115.7493,NA
9112,2,0,27,27,change,6,j,1,747.899,NA
9112,2,0,28,28,nochange,6,j,0,1558.0569,NA
9112,2,0,29,29,nochange,6,f,1,1852.4199,NA
9112,2,0,30,30,change,6,f,0,1392.9516,NA
9112,2,0,31,31,nochange,6,f,1,1216.8998,NA
9112,2,0,32,32,nochange,6,f,1,1215.6203,2
9112,2,0,33,33,nochange,6,f,1,696.9548,NA
9112,2,0,34,34,change,6,j,1,1737.1559,NA
9112,2,0,35,35,nochange,6,f,1,1847.9218,NA
9112,2,0,36,36,nochange,6,f,1,878.5344,NA
9112,2,0,37,37,change,6,j,1,866.9667,NA
9112,2,0,38,38,nochange,6,j,0,1101.1593,NA
9112,2,0,39,39,nochange,6,f,1,2047.7237,NA
9112,2,0,40,40,change,6,j,1,874.903,1
9112,2,0,41,41,change,6,f,0,1568.1085,NA
9112,2,0,42,42,nochange,6,j,0,1247.9145,NA
9112,2,0,43,43,change,6,j,1,1167.9289,NA
9112,2,0,44,44,nochange,6,j,0,996.223,NA
9112,2,0,45,45,nochange,6,j,0,1495.4527,NA
9112,2,0,46,46,nochange,6,j,0,1012.3945,NA
9112,2,0,47,47,change,6,f,0,2452.9401,NA
9112,2,0,48,48,nochange,6,j,0,1408.7775,5
9112,2,0,49,49,change,6,j,1,3222.7233,NA
9112,2,0,50,50,change,6,j,1,3570.5911,NA
9112,2,0,51,51,nochange,6,f,1,1049.1346,NA
9112,2,0,52,52,change,6,f,0,1027.1521,NA
9112,2,0,53,53,nochange,6,j,0,804.0898,NA
9112,2,0,54,54,change,6,j,1,2534.1775,NA
9112,2,0,55,55,nochange,6,f,1,747.9494,NA
9112,2,0,56,56,nochange,6,f,1,1003.2709,1
9112,2,0,57,57,change,6,j,1,2616.8862,NA
9112,2,0,58,58,nochange,6,f,1,1723.309,NA
9112,2,0,59,59,change,6,f,0,1649.4567,NA
9112,2,0,60,60,change,6,j,1,1318.5141,NA
9114,2,practice,0,1,nochange,6,j,0,1494.6887,NA
9114,2,practice,0,2,nochange,6,f,1,1295.2574,NA
9114,2,practice,0,3,change,6,j,1,1747.7934,NA
9114,2,practice,0,4,change,6,j,1,2538.2679,NA
9114,2,practice,0,5,change,6,f,0,2892.816,NA
9114,2,0,1,1,change,6,j,1,2020.1074,NA
9114,2,0,2,2,nochange,6,f,1,3281.3066,NA
9114,2,0,3,3,change,6,j,1,1345.5434,NA
9114,2,0,4,4,nochange,6,j,0,2513.4063,NA
9114,2,0,5,5,change,6,f,0,3047.9095,NA
9114,2,0,6,6,change,6,j,1,1284.5346,NA
9114,2,0,7,7,nochange,6,f,1,1793.7951,NA
9114,2,0,8,8,nochange,6,j,0,1145.0889,1
9114,2,0,9,9,change,6,j,1,1453.9198,NA
9114,2,0,10,10,change,6,f,0,1224.8945,NA
9114,2,0,11,11,nochange,6,j,0,1174.5899,NA
9114,2,0,12,12,change,6,j,1,1614.6723,NA
9114,2,0,13,13,change,6,f,0,1769.2752,NA
9114,2,0,14,14,change,6,j,1,2953.8464,NA
9114,2,0,15,15,change,6,j,1,2775.4434,NA
9114,2,0,16,16,nochange,6,f,1,506.4037,1
9114,2,0,17,17,nochange,6,f,1,1533.3353,NA
9114,2,0,18,18,nochange,6,f,1,1557.3918,NA
9114,2,0,19,19,change,6,j,1,1112.0782,NA
9114,2,0,20,20,nochange,6,f,1,1139.6548,NA
9114,2,0,21,21,nochange,6,f,1,2215.2321,NA
9114,2,0,22,22,change,6,j,1,1972.4329,NA
9114,2,0,23,23,nochange,6,j,0,3869.3676,NA
9114,2,0,24,24,change,6,j,1,1375.6329,2
9114,2,0,25,25,change,6,f,0,1860.0881,NA
9114,2,0,26,26,nochange,6,j,0,503.5739,NA
9114,2,0,27,27,change,6,j,1,1525.2136,NA
9114,2,0,28,28,change,6,j,1,1352.6848,NA
9114,2,0,29,29,nochange,6,j,0,4.40579999995,NA
9114,2,0,30,30,change,6,f,0,10.5541,NA
9114,2,0,31,31,change,6,j,1,1351.3324,NA
9114,2,0,32,32,nochange,6,f,1,1283.3904,2
9114,2,0,33,33,change,6,j,1,938.819,NA
9114,2,0,34,34,nochange,6,j,0,1051.2737,NA
9114,2,0,35,35,change,6,j,1,1323.0755,NA
9114,2,0,36,36,change,6,f,0,791.9312,NA
9114,2,0,37,37,nochange,6,j,0,890.5414,NA
9114,2,0,38,38,change,6,f,0,2567.9723,NA
9114,2,0,39,39,nochange,6,f,1,1197.5972,NA
9114,2,0,40,40,nochange,6,j,0,2228.843,2
9114,2,0,41,41,nochange,6,j,0,1642.3107,NA
9114,2,0,42,42,nochange,6,f,1,1571.2638,NA
9114,2,0,43,43,nochange,6,f,1,1831.9549,NA
9114,2,0,44,44,nochange,6,f,1,2839.5873,NA
9114,2,0,45,45,change,6,j,1,1644.0852,NA
9114,2,0,46,46,nochange,6,j,0,1711.8511,NA
9114,2,0,47,47,nochange,6,f,1,1248.9822,NA
9114,2,0,48,48,nochange,6,j,0,673.723,2
9114,2,0,49,49,change,6,j,1,1461.2131,NA
9114,2,0,50,50,nochange,6,j,0,1962.8888,NA
9114,2,0,51,51,change,6,j,1,1707.7709,NA
9114,2,0,52,52,change,6,j,1,2121.8373,NA
9114,2,0,53,53,nochange,6,f,1,1102.7786,NA
9114,2,0,54,54,change,6,j,1,1343.1432,NA
9114,2,0,55,55,change,6,f,0,2451.2467,NA
9114,2,0,56,56,change,6,j,1,1359.4195,2
9114,2,0,57,57,nochange,6,f,1,2184.6425,NA
9114,2,0,58,58,nochange,6,j,0,1630.7698,NA
9114,2,0,59,59,nochange,6,j,0,1789.4894,NA
9114,2,0,60,60,change,6,j,1,2625.8952,NA
9115,2,practice,0,1,change,6,j,1,1044.6411,NA
9115,2,practice,0,2,change,6,j,1,837.621,NA
9115,2,practice,0,3,nochange,6,f,1,1113.1123,NA
9115,2,practice,0,4,nochange,6,f,1,4145.7372,NA
9115,2,practice,0,5,change,6,j,1,1159.9402,NA
9115,2,0,1,1,nochange,6,f,1,1006.122,NA
9115,2,0,2,2,nochange,6,f,1,2788.899,NA
9115,2,0,3,3,change,6,j,1,1556.4502,NA
9115,2,0,4,4,change,6,f,0,1734.2431,NA
9115,2,0,5,5,change,6,j,1,909.8858,NA
9115,2,0,6,6,change,6,f,0,1713.1467,NA
9115,2,0,7,7,nochange,6,f,1,1525.5074,NA
9115,2,0,8,8,nochange,6,f,1,3565.0498,1
9115,2,0,9,9,change,6,j,1,3253.1182,NA
9115,2,0,10,10,change,6,j,1,1457.0628,NA
9115,2,0,11,11,change,6,f,0,1342.4777,NA
9115,2,0,12,12,nochange,6,f,1,2220.8139,NA
9115,2,0,13,13,nochange,6,f,1,2173.9662,NA
9115,2,0,14,14,nochange,6,f,1,1124.8787,NA
9115,2,0,15,15,nochange,6,f,1,2136.7561,NA
9115,2,0,16,16,change,6,f,0,4392.1688,1
9115,2,0,17,17,nochange,6,f,1,949.322,NA
9115,2,0,18,18,nochange,6,f,1,898.906,NA
9115,2,0,19,19,change,6,j,1,1928.8493,NA
9115,2,0,20,20,change,6,f,0,3385.6248,NA
9115,2,0,21,21,nochange,6,f,1,2609.4208,NA
9115,2,0,22,22,nochange,6,f,1,859.6469,NA
9115,2,0,23,23,nochange,6,j,0,1414.1458,NA
9115,2,0,24,24,change,6,j,1,1170.2223,1
9115,2,0,25,25,nochange,6,f,1,1718.7585,NA
9115,2,0,26,26,change,6,j,1,4141.5903,NA
9115,2,0,27,27,nochange,6,f,1,1701.9722,NA
9115,2,0,28,28,change,6,j,1,1477.5781,NA
9115,2,0,29,29,nochange,6,j,0,3386.7951,NA
9115,2,0,30,30,change,6,f,0,1651.1906,NA
9115,2,0,31,31,change,6,j,1,1411.2294,NA
9115,2,0,32,32,nochange,6,j,0,5351.2734,1
9115,2,0,33,33,change,6,j,1,2059.6406,NA
9115,2,0,34,34,nochange,6,f,1,1203.3804,NA
9115,2,0,35,35,change,6,j,1,2770.4812,NA
9115,2,0,36,36,nochange,6,f,1,1929.4665,NA
9115,2,0,37,37,change,6,f,0,1597.6122,NA
9115,2,0,38,38,nochange,6,j,0,2480.1299,NA
9115,2,0,39,39,change,6,j,1,1147.7836,NA
9115,2,0,40,40,nochange,6,f,1,1049.9505,1
9115,2,0,41,41,nochange,6,f,1,1362.7253,NA
9115,2,0,42,42,nochange,6,f,1,1226.3939,NA
9115,2,0,43,43,change,6,j,1,1576.6896,NA
9115,2,0,44,44,nochange,6,f,1,1612.1118,NA
9115,2,0,45,45,nochange,6,f,1,1167.0712,NA
9115,2,0,46,46,nochange,6,f,1,851.1765,NA
9115,2,0,47,47,change,6,f,0,1538.8515,NA
9115,2,0,48,48,change,6,f,0,980.0003,1
9115,2,0,49,49,change,6,j,1,985.9201,NA
9115,2,0,50,50,change,6,j,1,6730.4004,NA
9115,2,0,51,51,change,6,f,0,2369.7807,NA
9115,2,0,52,52,nochange,6,f,1,969.6887,NA
9115,2,0,53,53,change,6,j,1,1020.295,NA
9115,2,0,54,54,nochange,6,f,1,963.7298,NA
9115,2,0,55,55,change,6,f,0,1208.9483,NA
9115,2,0,56,56,change,6,f,0,2246.2238,1
9115,2,0,57,57,change,6,f,0,2867.494,NA
9115,2,0,58,58,change,6,f,0,1496.2398,NA
9115,2,0,59,59,nochange,6,f,1,801.5507,NA
9115,2,0,60,60,nochange,6,f,1,2590.1009,NA
9116,2,practice,0,1,nochange,6,f,1,1907.4462,NA
9116,2,practice,0,2,nochange,6,f,1,966.3792,NA
9116,2,practice,0,3,nochange,6,j,0,1516.9065,NA
9116,2,practice,0,4,change,6,f,0,1895.8949,NA
9116,2,practice,0,5,change,6,f,0,1216.9048,NA
9116,2,0,1,1,change,6,f,0,1083.3706,NA
9116,2,0,2,2,change,6,j,1,1035.0836,NA
9116,2,0,3,3,nochange,6,f,1,1424.9204,NA
9116,2,0,4,4,nochange,6,f,1,1128.8837,NA
9116,2,0,5,5,change,6,j,1,737.9997,NA
9116,2,0,6,6,nochange,6,f,1,1034.8579,NA
9116,2,0,7,7,nochange,6,f,1,940.5047,NA
9116,2,0,8,8,change,6,j,1,2407.8817,2
9116,2,0,9,9,nochange,6,f,1,1571.763,NA
9116,2,0,10,10,change,6,f,0,1540.932,NA
9116,2,0,11,11,change,6,f,0,1534.0736,NA
9116,2,0,12,12,nochange,6,f,1,2248.6211,NA
9116,2,0,13,13,nochange,6,f,1,1020.9617,NA
9116,2,0,14,14,nochange,6,f,1,2108.7245,NA
9116,2,0,15,15,change,6,f,0,1593.0036,NA
9116,2,0,16,16,nochange,6,f,1,2042.3767,2
9116,2,0,17,17,change,6,f,0,1690.4342,NA
9116,2,0,18,18,nochange,6,f,1,1814.0741,NA
9116,2,0,19,19,nochange,6,f,1,1773.8664,NA
9116,2,0,20,20,nochange,6,f,1,2372.955,NA
9116,2,0,21,21,change,6,j,1,972.0169,NA
9116,2,0,22,22,nochange,6,j,0,2165.7201,NA
9116,2,0,23,23,change,6,j,1,736.461,NA
9116,2,0,24,24,change,6,f,0,1384.2621,2
9116,2,0,25,25,change,6,f,0,4.22889999999,NA
9116,2,0,26,26,change,6,j,1,2043.1799,NA
9116,2,0,27,27,change,6,j,1,2488.1154,NA
9116,2,0,28,28,nochange,6,f,1,1041.3707,NA
9116,2,0,29,29,change,6,f,0,966.4052,NA
9116,2,0,30,30,change,6,f,0,1812.3279,NA
9116,2,0,31,31,change,6,f,0,2657.2661,NA
9116,2,0,32,32,change,6,j,1,1030.6292,2
9116,2,0,33,33,nochange,6,f,1,913.3339,NA
9116,2,0,34,34,change,6,j,1,756.3335,NA
9116,2,0,35,35,nochange,6,f,1,1111.6635,NA
9116,2,0,36,36,nochange,6,f,1,2265.1117,NA
9116,2,0,37,37,nochange,6,j,0,999.7971,NA
9116,2,0,38,38,change,6,f,0,2279.6663,NA
9116,2,0,39,39,change,6,j,1,1023.4774,NA
9116,2,0,40,40,nochange,6,f,1,1735.5207,5
9116,2,0,41,41,nochange,6,f,1,1389.7946,NA
9116,2,0,42,42,nochange,6,f,1,1909.0293,NA
9116,2,0,43,43,nochange,6,f,1,1354.9059,NA
9116,2,0,44,44,change,6,j,1,1592.834,NA
9116,2,0,45,45,change,6,j,1,4636.0713,NA
9116,2,0,46,46,nochange,6,f,1,1692.2417,NA
9116,2,0,47,47,change,6,j,1,3701.8145,NA
9116,2,0,48,48,change,6,f,0,2849.5466,2
9116,2,0,49,49,change,6,j,1,1047.3283,NA
9116,2,0,50,50,nochange,6,f,1,1659.0825,NA
9116,2,0,51,51,change,6,f,0,2011.8766,NA
9116,2,0,52,52,change,6,j,1,2630.7442,NA
9116,2,0,53,53,change,6,f,0,1153.6777,NA
9116,2,0,54,54,nochange,6,j,0,2665.5776,NA
9116,2,0,55,55,nochange,6,f,1,1390.1313,NA
9116,2,0,56,56,change,6,f,0,1963.4104,1
9116,2,0,57,57,nochange,6,f,1,1231.2647,NA
9116,2,0,58,58,nochange,6,f,1,1487.157,NA
9116,2,0,59,59,nochange,6,j,0,3490.2616,NA
9116,2,0,60,60,nochange,6,f,1,2135.3915,NA
9117,2,practice,0,1,change,6,f,0,1707.3055,NA
9117,2,practice,0,2,change,6,j,1,1604.4631,NA
9117,2,practice,0,3,change,6,f,0,2160.9913,NA
9117,2,practice,0,4,nochange,6,f,1,1372.3741,NA
9117,2,practice,0,5,change,6,j,1,2284.0724,NA
9117,2,0,1,1,change,6,j,1,3635.5752,NA
9117,2,0,2,2,change,6,f,0,2980.0951,NA
9117,2,0,3,3,change,6,j,1,1699.0269,NA
9117,2,0,4,4,nochange,6,f,1,1299.4337,NA
9117,2,0,5,5,nochange,6,j,0,5244.9828,NA
9117,2,0,6,6,nochange,6,f,1,1506.2252,NA
9117,2,0,7,7,change,6,j,1,1922.236,NA
9117,2,0,8,8,nochange,6,f,1,1411.7433,1
9117,2,0,9,9,nochange,6,f,1,1581.5368,NA
9117,2,0,10,10,change,6,j,1,4018.7374,NA
9117,2,0,11,11,nochange,6,f,1,1364.607,NA
9117,2,0,12,12,change,6,j,1,986.8494,NA
9117,2,0,13,13,change,6,f,0,2100.8714,NA
9117,2,0,14,14,change,6,f,0,5526.9092,NA
9117,2,0,15,15,nochange,6,f,1,1154.4112,NA
9117,2,0,16,16,change,6,j,1,1106.6851,1
9117,2,0,17,17,change,6,f,0,1891.5023,NA
9117,2,0,18,18,change,6,f,0,1151.0919,NA
9117,2,0,19,19,nochange,6,j,0,4007.1527,NA
9117,2,0,20,20,nochange,6,f,1,1064.0142,NA
9117,2,0,21,21,nochange,6,f,1,1281.939,NA
9117,2,0,22,22,nochange,6,f,1,1152.7033,NA
9117,2,0,23,23,nochange,6,f,1,1205.8815,NA
9117,2,0,24,24,nochange,6,f,1,1340.1071,3
9117,2,0,25,25,change,6,f,0,2402.1815,NA
9117,2,0,26,26,nochange,6,f,1,1866.831,NA
9117,2,0,27,27,nochange,6,j,0,2787.2786,NA
9117,2,0,28,28,change,6,j,1,1184.604,NA
9117,2,0,29,29,nochange,6,f,1,1402.6362,NA
9117,2,0,30,30,change,6,f,0,1105.2848,NA
9117,2,0,31,31,change,6,f,0,2082.739,NA
9117,2,0,32,32,change,6,j,1,2372.4122,1
9117,2,0,33,33,change,6,f,0,853.5,NA
9117,2,0,34,34,change,6,f,0,1570.5181,NA
9117,2,0,35,35,change,6,j,1,991.7101,NA
9117,2,0,36,36,nochange,6,j,0,1992.8042,NA
9117,2,0,37,37,change,6,f,0,1715.6609,NA
9117,2,0,38,38,nochange,6,j,0,917.9734,NA
9117,2,0,39,39,change,6,f,0,2368.4929,NA
9117,2,0,40,40,change,6,j,1,866.8049,3
9117,2,0,41,41,nochange,6,f,1,1190.3659,NA
9117,2,0,42,42,change,6,j,1,2501.2984,NA
9117,2,0,43,43,nochange,6,f,1,1073.1698,NA
9117,2,0,44,44,change,6,j,1,2590.4849,NA
9117,2,0,45,45,nochange,6,f,1,1934.2299,NA
9117,2,0,46,46,nochange,6,f,1,1441.1983,NA
9117,2,0,47,47,change,6,j,1,2219.0157,NA
9117,2,0,48,48,nochange,6,f,1,1199.9248,3
9117,2,0,49,49,nochange,6,f,1,1112.3513,NA
9117,2,0,50,50,nochange,6,j,0,3686.8963,NA
9117,2,0,51,51,change,6,f,0,1122.6632,NA
9117,2,0,52,52,nochange,6,f,1,1682.416,NA
9117,2,0,53,53,change,6,j,1,1064.2819,NA
9117,2,0,54,54,change,6,f,0,5857.2863,NA
9117,2,0,55,55,nochange,6,f,1,2198.0032,NA
9117,2,0,56,56,change,6,f,0,1376.3273,1
9117,2,0,57,57,nochange,6,f,1,1140.6018,NA
9117,2,0,58,58,change,6,j,1,1049.5507,NA
9117,2,0,59,59,nochange,6,j,0,6572.3264,NA
9117,2,0,60,60,nochange,6,f,1,2577.9763,NA
9118,2,practice,0,1,nochange,6,j,0,2187.6353,NA
9118,2,practice,0,2,nochange,6,f,1,1764.6115,NA
9118,2,practice,0,3,change,6,j,1,3425.608,NA
9118,2,practice,0,4,nochange,6,j,0,2277.4317,NA
9118,2,practice,0,5,nochange,6,f,1,0.180500000002,NA
9118,2,0,1,1,nochange,6,j,0,3220.4232,NA
9118,2,0,2,2,nochange,6,f,1,9978.5498,NA
9118,2,0,3,3,nochange,6,j,0,944.6957,NA
9118,2,0,4,4,nochange,6,f,1,944.7351,NA
9118,2,0,5,5,nochange,6,j,0,1517.3546,NA
9118,2,0,6,6,change,6,f,0,10.0584,NA
9118,2,0,7,7,change,6,j,1,1885.7289,NA
9118,2,0,8,8,nochange,6,j,0,1084.6589,1
9118,2,0,9,9,change,6,f,0,881.145,NA
9118,2,0,10,10,change,6,f,0,1107.2653,NA
9118,2,0,11,11,nochange,6,f,1,1195.0243,NA
9118,2,0,12,12,nochange,6,f,1,1243.7542,NA
9118,2,0,13,13,change,6,j,1,1328.6633,NA
9118,2,0,14,14,nochange,6,j,0,1391.362,NA
9118,2,0,15,15,nochange,6,j,0,460.0603,NA
9118,2,0,16,16,nochange,6,j,0,1172.2728,1
9118,2,0,17,17,nochange,6,j,0,3210.6812,NA
9118,2,0,18,18,nochange,6,j,0,2426.0857,NA
9118,2,0,19,19,nochange,6,f,1,3381.7381,NA
9118,2,0,20,20,change,6,j,1,2527.8002,NA
9118,2,0,21,21,nochange,6,j,0,4210.2279,NA
9118,2,0,22,22,nochange,6,f,1,2621.9223,NA
9118,2,0,23,23,nochange,6,f,1,10182.6169,NA
9118,2,0,24,24,change,6,j,1,1187.2284,1
9118,2,0,25,25,nochange,6,j,0,1824.8404,NA
9118,2,0,26,26,change,6,j,1,3074.6206,NA
9118,2,0,27,27,change,6,j,1,5797.5514,NA
9118,2,0,28,28,change,6,j,1,3564.5183,NA
9118,2,0,29,29,change,6,j,1,1232.6484,NA
9118,2,0,30,30,nochange,6,j,0,1187.6419,NA
9118,2,0,31,31,change,6,j,1,1699.067,NA
9118,2,0,32,32,nochange,6,j,0,1399.8122,1
9118,2,0,33,33,change,6,j,1,2437.7968,NA
9118,2,0,34,34,nochange,6,j,0,1228.2195,NA
9118,2,0,35,35,change,6,j,1,1650.9938,NA
9118,2,0,36,36,change,6,j,1,950.0851,NA
9118,2,0,37,37,nochange,6,f,1,1890.9745,NA
9118,2,0,38,38,nochange,6,f,1,1742.2504,NA
9118,2,0,39,39,nochange,6,f,1,2320.55,NA
9118,2,0,40,40,change,6,f,0,1706.4617,2
9118,2,0,41,41,nochange,6,f,1,496.5259,NA
9118,2,0,42,42,change,6,j,1,511.4243,NA
9118,2,0,43,43,change,6,f,0,418.3262,NA
9118,2,0,44,44,change,6,f,0,2419.5635,NA
9118,2,0,45,45,change,6,j,1,1687.9089,NA
9118,2,0,46,46,change,6,j,1,1844.5506,NA
9118,2,0,47,47,change,6,f,0,355.1255,NA
9118,2,0,48,48,change,6,j,1,2145.3969,1
9118,2,0,49,49,change,6,j,1,1234.563,NA
9118,2,0,50,50,change,6,j,1,1897.5344,NA
9118,2,0,51,51,change,6,j,1,1504.9671,NA
9118,2,0,52,52,change,6,j,1,1434.4133,NA
9118,2,0,53,53,change,6,j,1,1109.5801,NA
9118,2,0,54,54,nochange,6,j,0,2293.2748,NA
9118,2,0,55,55,nochange,6,j,0,3346.5174,NA
9118,2,0,56,56,nochange,6,j,0,1554.5053,1
9118,2,0,57,57,nochange,6,j,0,3664.1075,NA
9118,2,0,58,58,change,6,j,1,1118.8711,NA
9118,2,0,59,59,nochange,6,j,0,1010.1071,NA
9118,2,0,60,60,change,6,f,0,499.9291,NA
9122,2,practice,0,1,nochange,6,j,0,2882.0641,NA
9122,2,practice,0,2,nochange,6,f,1,1351.7879,NA
9122,2,practice,0,3,nochange,6,j,0,1251.5615,NA
9122,2,practice,0,4,change,6,f,0,1369.4186,NA
9122,2,practice,0,5,nochange,6,f,1,837.384,NA
9122,2,0,1,1,nochange,6,f,1,856.2853,NA
9122,2,0,2,2,nochange,6,f,1,941.4617,NA
9122,2,0,3,3,nochange,6,f,1,2173.6132,NA
9122,2,0,4,4,nochange,6,f,1,1641.7794,NA
9122,2,0,5,5,nochange,6,f,1,3128.6922,NA
9122,2,0,6,6,change,6,j,1,3486.9964,NA
9122,2,0,7,7,change,6,f,0,2904.5085,NA
9122,2,0,8,8,change,6,j,1,981.3428,1
9122,2,0,9,9,nochange,6,f,1,1528.6696,NA
9122,2,0,10,10,nochange,6,f,1,2181.5877,NA
9122,2,0,11,11,change,6,j,1,961.4796,NA
9122,2,0,12,12,nochange,6,j,0,1195.2928,NA
9122,2,0,13,13,nochange,6,f,1,1568.7437,NA
9122,2,0,14,14,nochange,6,f,1,1502.735,NA
9122,2,0,15,15,change,6,f,0,2039.2115,NA
9122,2,0,16,16,change,6,j,1,938.6556,1
9122,2,0,17,17,nochange,6,f,1,1650.0465,NA
9122,2,0,18,18,nochange,6,j,0,2879.0651,NA
9122,2,0,19,19,nochange,6,f,1,872.9538,NA
9122,2,0,20,20,nochange,6,f,1,5217.5968,NA
9122,2,0,21,21,nochange,6,f,1,977.359,NA
9122,2,0,22,22,nochange,6,j,0,2503.8386,NA
9122,2,0,23,23,change,6,f,0,2089.6478,NA
9122,2,0,24,24,nochange,6,f,1,1054.8052,1
9122,2,0,25,25,change,6,j,1,2476.824,NA
9122,2,0,26,26,change,6,j,1,957.5446,NA
9122,2,0,27,27,change,6,j,1,3114.4634,NA
9122,2,0,28,28,change,6,j,1,887.9519,NA
9122,2,0,29,29,change,6,f,0,5290.3661,NA
9122,2,0,30,30,change,6,f,0,1551.4912,NA
9122,2,0,31,31,nochange,6,j,0,1155.9209,NA
9122,2,0,32,32,change,6,j,1,2804.9895,1
9122,2,0,33,33,change,6,f,0,926.0541,NA
9122,2,0,34,34,change,6,j,1,2161.2538,NA
9122,2,0,35,35,change,6,f,0,4190.1865,NA
9122,2,0,36,36,nochange,6,j,0,4536.8605,NA
9122,2,0,37,37,nochange,6,f,1,450.0222,NA
9122,2,0,38,38,nochange,6,j,0,832.4235,NA
9122,2,0,39,39,change,6,f,0,859.7202,NA
9122,2,0,40,40,change,6,j,1,1295.1095,2
9122,2,0,41,41,nochange,6,j,0,1789.0237,NA
9122,2,0,42,42,change,6,f,0,2646.7832,NA
9122,2,0,43,43,nochange,6,j,0,1890.2405,NA
9122,2,0,44,44,nochange,6,f,1,2104.3353,NA
9122,2,0,45,45,nochange,6,f,1,1203.4602,NA
9122,2,0,46,46,change,6,j,1,1595.0214,NA
9122,2,0,47,47,nochange,6,f,1,1341.0446,NA
9122,2,0,48,48,change,6,j,1,2673.0937,2
9122,2,0,49,49,nochange,6,f,1,992.8054,NA
9122,2,0,50,50,nochange,6,f,1,1651.8979,NA
9122,2,0,51,51,change,6,f,0,907.536,NA
9122,2,0,52,52,change,6,j,1,919.117,NA
9122,2,0,53,53,change,6,j,1,2175.7656,NA
9122,2,0,54,54,change,6,f,0,4554.5383,NA
9122,2,0,55,55,nochange,6,f,1,1939.2423,NA
9122,2,0,56,56,change,6,f,0,2682.717,2
9122,2,0,57,57,change,6,j,1,868.2785,NA
9122,2,0,58,58,change,6,f,0,2729.4158,NA
9122,2,0,59,59,change,6,j,1,1597.8477,NA
9122,2,0,60,60,nochange,6,f,1,1489.5334,NA
9123,2,practice,0,1,nochange,6,f,1,1431.4378,NA
9123,2,practice,0,2,nochange,6,f,1,766.6391,NA
9123,2,practice,0,3,change,6,j,1,894.4311,NA
9123,2,practice,0,4,change,6,j,1,847.6946,NA
9123,2,practice,0,5,change,6,j,1,776.4644,NA
9123,2,0,1,1,nochange,6,f,1,961.4459,NA
9123,2,0,2,2,change,6,j,1,971.6971,NA
9123,2,0,3,3,change,6,j,1,1116.9398,NA
9123,2,0,4,4,nochange,6,f,1,1909.6909,NA
9123,2,0,5,5,nochange,6,j,0,907.087,NA
9123,2,0,6,6,change,6,j,1,1175.6068,NA
9123,2,0,7,7,nochange,6,f,1,2496.1419,NA
9123,2,0,8,8,nochange,6,f,1,966.0542,2
9123,2,0,9,9,nochange,6,f,1,784.9252,NA
9123,2,0,10,10,change,6,j,1,1103.957,NA
9123,2,0,11,11,change,6,j,1,1714.4343,NA
9123,2,0,12,12,nochange,6,f,1,932.143,NA
9123,2,0,13,13,nochange,6,f,1,696.0835,NA
9123,2,0,14,14,change,6,j,1,962.4281,NA
9123,2,0,15,15,change,6,f,0,1083.6137,NA
9123,2,0,16,16,nochange,6,f,1,703.3751,1
9123,2,0,17,17,nochange,6,f,1,1694.131,NA
9123,2,0,18,18,nochange,6,f,1,1241.5563,NA
9123,2,0,19,19,nochange,6,f,1,898.53,NA
9123,2,0,20,20,nochange,6,j,0,893.6652,NA
9123,2,0,21,21,change,6,f,0,959.8934,NA
9123,2,0,22,22,change,6,j,1,719.1836,NA
9123,2,0,23,23,change,6,j,1,770.173,NA
9123,2,0,24,24,change,6,j,1,871.5898,2
9123,2,0,25,25,change,6,j,1,1160.761,NA
9123,2,0,26,26,change,6,j,1,1254.4309,NA
9123,2,0,27,27,change,6,f,0,885.6249,NA
9123,2,0,28,28,nochange,6,f,1,1144.8117,NA
9123,2,0,29,29,change,6,j,1,2764.3616,NA
9123,2,0,30,30,change,6,f,0,927.409,NA
9123,2,0,31,31,nochange,6,f,1,1031.892,NA
9123,2,0,32,32,nochange,6,f,1,952.661,3
9123,2,0,33,33,change,6,j,1,856.931,NA
9123,2,0,34,34,change,6,j,1,1010.8643,NA
9123,2,0,35,35,nochange,6,f,1,984.1986,NA
9123,2,0,36,36,change,6,j,1,711.8349,NA
9123,2,0,37,37,change,6,f,0,792.3173,NA
9123,2,0,38,38,nochange,6,f,1,694.8856,NA
9123,2,0,39,39,nochange,6,f,1,1983.6894,NA
9123,2,0,40,40,change,6,j,1,833.0804,2
9123,2,0,41,41,nochange,6,f,1,953.974,NA
9123,2,0,42,42,nochange,6,f,1,578.6998,NA
9123,2,0,43,43,nochange,6,j,0,1061.1938,NA
9123,2,0,44,44,nochange,6,f,1,752.5262,NA
9123,2,0,45,45,change,6,f,0,659.503,NA
9123,2,0,46,46,nochange,6,f,1,598.1488,NA
9123,2,0,47,47,change,6,f,0,937.919,NA
9123,2,0,48,48,change,6,j,1,1122.2894,2
9123,2,0,49,49,nochange,6,j,0,1228.0171,NA
9123,2,0,50,50,change,6,j,1,765.2423,NA
9123,2,0,51,51,change,6,j,1,1325.9411,NA
9123,2,0,52,52,change,6,j,1,1076.5189,NA
9123,2,0,53,53,change,6,j,1,1425.5403,NA
9123,2,0,54,54,nochange,6,j,0,1421.5526,NA
9123,2,0,55,55,nochange,6,j,0,1064.2635,NA
9123,2,0,56,56,nochange,6,j,0,1766.9442,2
9123,2,0,57,57,change,6,f,0,1488.5781,NA
9123,2,0,58,58,nochange,6,j,0,1108.353,NA
9123,2,0,59,59,change,6,j,1,1135.0598,NA
9123,2,0,60,60,nochange,6,j,0,1251.3995,NA
9124,2,practice,0,1,change,6,j,1,1766.048,NA
9124,2,practice,0,2,change,6,f,0,991.3915,NA
9124,2,practice,0,3,change,6,j,1,860.6214,NA
9124,2,practice,0,4,change,6,f,0,1230.5701,NA
9124,2,practice,0,5,nochange,6,f,1,1438.3887,NA
9124,2,0,1,1,change,6,j,1,830.9549,NA
9124,2,0,2,2,change,6,j,1,889.2379,NA
9124,2,0,3,3,nochange,6,f,1,1058.9493,NA
9124,2,0,4,4,nochange,6,j,0,1161.4082,NA
9124,2,0,5,5,nochange,6,j,0,794.4932,NA
9124,2,0,6,6,nochange,6,j,0,858.6893,NA
9124,2,0,7,7,change,6,j,1,849.4313,NA
9124,2,0,8,8,change,6,j,1,921.8959,1
9124,2,0,9,9,change,6,j,1,1769.4204,NA
9124,2,0,10,10,nochange,6,j,0,984.7058,NA
9124,2,0,11,11,change,6,j,1,866.4804,NA
9124,2,0,12,12,nochange,6,j,0,1915.8031,NA
9124,2,0,13,13,nochange,6,f,1,868.3302,NA
9124,2,0,14,14,nochange,6,f,1,1526.6723,NA
9124,2,0,15,15,change,6,j,1,5227.9108,NA
9124,2,0,16,16,change,6,j,1,868.9613,1
9124,2,0,17,17,change,6,j,1,1700.9851,NA
9124,2,0,18,18,nochange,6,f,1,4287.2789,NA
9124,2,0,19,19,nochange,6,j,0,2544.0995,NA
9124,2,0,20,20,change,6,j,1,911.8521,NA
9124,2,0,21,21,change,6,j,1,2233.1441,NA
9124,2,0,22,22,change,6,j,1,4406.9077,NA
9124,2,0,23,23,nochange,6,f,1,1544.0117,NA
9124,2,0,24,24,nochange,6,f,1,874.0638,1
9124,2,0,25,25,change,6,j,1,1077.6447,NA
9124,2,0,26,26,nochange,6,f,1,2135.2728,NA
9124,2,0,27,27,change,6,j,1,1816.5025,NA
9124,2,0,28,28,change,6,j,1,2108.9375,NA
9124,2,0,29,29,change,6,j,1,1723.287,NA
9124,2,0,30,30,nochange,6,f,1,1619.3366,NA
9124,2,0,31,31,nochange,6,f,1,1224.1227,NA
9124,2,0,32,32,change,6,f,0,980.7352,1
9124,2,0,33,33,nochange,6,f,1,1837.8315,NA
9124,2,0,34,34,nochange,6,j,0,1014.077,NA
9124,2,0,35,35,nochange,6,f,1,937.7595,NA
9124,2,0,36,36,nochange,6,f,1,1009.8285,NA
9124,2,0,37,37,change,6,j,1,963.946,NA
9124,2,0,38,38,nochange,6,j,0,837.0905,NA
9124,2,0,39,39,nochange,6,f,1,2452.782,NA
9124,2,0,40,40,nochange,6,f,1,869.2679,1
9124,2,0,41,41,change,6,j,1,2321.3435,NA
9124,2,0,42,42,nochange,6,j,0,7596.3119,NA
9124,2,0,43,43,change,6,j,1,730.6447,NA
9124,2,0,44,44,change,6,j,1,2892.4915,NA
9124,2,0,45,45,change,6,j,1,1015.1268,NA
9124,2,0,46,46,change,6,f,0,1129.6558,NA
9124,2,0,47,47,change,6,j,1,1043.4131,NA
9124,2,0,48,48,nochange,6,f,1,844.4233,1
9124,2,0,49,49,nochange,6,f,1,1415.7775,NA
9124,2,0,50,50,nochange,6,f,1,1017.2422,NA
9124,2,0,51,51,nochange,6,f,1,692.1361,NA
9124,2,0,52,52,change,6,j,1,1030.2956,NA
9124,2,0,53,53,nochange,6,j,0,2622.8838,NA
9124,2,0,54,54,nochange,6,j,0,2340.1203,NA
9124,2,0,55,55,change,6,j,1,3369.0685,NA
9124,2,0,56,56,change,6,j,1,2393.1637,1
9124,2,0,57,57,change,6,j,1,801.8908,NA
9124,2,0,58,58,change,6,f,0,1307.0054,NA
9124,2,0,59,59,change,6,j,1,2207.4379,NA
9124,2,0,60,60,nochange,6,f,1,1566.1897,NA
9126,2,practice,0,1,change,6,j,1,2064.3245,NA
9126,2,practice,0,2,nochange,6,f,1,741.9907,NA
9126,2,practice,0,3,change,6,j,1,623.9143,NA
9126,2,practice,0,4,nochange,6,j,0,2680.7172,NA
9126,2,practice,0,5,nochange,6,j,0,1070.0596,NA
9126,2,0,1,1,change,6,j,1,972.0248,NA
9126,2,0,2,2,change,6,j,1,725.888,NA
9126,2,0,3,3,nochange,6,f,1,3014.6998,NA
9126,2,0,4,4,nochange,6,f,1,810.1272,NA
9126,2,0,5,5,nochange,6,f,1,956.5642,NA
9126,2,0,6,6,change,6,j,1,2591.4952,NA
9126,2,0,7,7,change,6,j,1,2674.0314,NA
9126,2,0,8,8,nochange,6,j,0,1106.4046,2
9126,2,0,9,9,change,6,j,1,805.0592,NA
9126,2,0,10,10,change,6,f,0,828.4919,NA
9126,2,0,11,11,nochange,6,j,0,3138.8616,NA
9126,2,0,12,12,change,6,j,1,864.0355,NA
9126,2,0,13,13,nochange,6,j,0,900.4356,NA
9126,2,0,14,14,change,6,f,0,1489.8588,NA
9126,2,0,15,15,nochange,6,f,1,1288.5245,NA
9126,2,0,16,16,nochange,6,j,0,5288.3117,5
9126,2,0,17,17,change,6,j,1,936.6514,NA
9126,2,0,18,18,change,6,f,0,2088.717,NA
9126,2,0,19,19,nochange,6,f,1,763.018,NA
9126,2,0,20,20,nochange,6,f,1,1074.0524,NA
9126,2,0,21,21,change,6,j,1,912.5327,NA
9126,2,0,22,22,nochange,6,j,0,3887.0278,NA
9126,2,0,23,23,change,6,j,1,1007.3203,NA
9126,2,0,24,24,change,6,j,1,803.7954,1
9126,2,0,25,25,nochange,6,f,1,950.1571,NA
9126,2,0,26,26,change,6,j,1,913.634,NA
9126,2,0,27,27,change,6,j,1,2831.4977,NA
9126,2,0,28,28,change,6,j,1,2108.0057,NA
9126,2,0,29,29,change,6,j,1,1147.6605,NA
9126,2,0,30,30,nochange,6,f,1,5029.2881,NA
9126,2,0,31,31,nochange,6,f,1,1144.1923,NA
9126,2,0,32,32,change,6,j,1,1028.8414,1
9126,2,0,33,33,nochange,6,j,0,3687.5643,NA
9126,2,0,34,34,nochange,6,f,1,2082.6641,NA
9126,2,0,35,35,nochange,6,f,1,942.86,NA
9126,2,0,36,36,nochange,6,j,0,2825.1737,NA
9126,2,0,37,37,nochange,6,f,1,804.523,NA
9126,2,0,38,38,nochange,6,f,1,2871.4082,NA
9126,2,0,39,39,change,6,j,1,1100.3028,NA
9126,2,0,40,40,change,6,f,0,5475.8799,2
9126,2,0,41,41,change,6,j,1,1371.0807,NA
9126,2,0,42,42,nochange,6,j,0,2666.262,NA
9126,2,0,43,43,nochange,6,f,1,1047.9525,NA
9126,2,0,44,44,change,6,j,1,1034.0409,NA
9126,2,0,45,45,change,6,j,1,888.7763,NA
9126,2,0,46,46,change,6,j,1,947.289,NA
9126,2,0,47,47,change,6,j,1,846.4108,NA
9126,2,0,48,48,nochange,6,f,1,1001.4492,1
9126,2,0,49,49,nochange,6,f,1,1915.8331,NA
9126,2,0,50,50,nochange,6,f,1,804.0693,NA
9126,2,0,51,51,nochange,6,f,1,1853.124,NA
9126,2,0,52,52,change,6,j,1,848.7832,NA
9126,2,0,53,53,change,6,j,1,1049.4731,NA
9126,2,0,54,54,change,6,j,1,1178.1746,NA
9126,2,0,55,55,nochange,6,f,1,1172.3734,NA
9126,2,0,56,56,change,6,j,1,840.9571,1
9126,2,0,57,57,nochange,6,j,0,4877.4032,NA
9126,2,0,58,58,nochange,6,f,1,3257.2007,NA
9126,2,0,59,59,change,6,j,1,1918.0907,NA
9126,2,0,60,60,nochange,6,f,1,2506.2485,NA
9127,2,practice,0,1,nochange,6,j,0,2265.1952,NA
9127,2,practice,0,2,change,6,f,0,523.3181,NA
9127,2,practice,0,3,nochange,6,j,0,285.5129,NA
9127,2,practice,0,4,nochange,6,f,1,450.7625,NA
9127,2,practice,0,5,nochange,6,j,0,0.238499999978,NA
9127,2,0,1,1,change,6,f,0,6.69870000001,NA
9127,2,0,2,2,nochange,6,f,1,6.8088,NA
9127,2,0,3,3,nochange,6,j,0,4.1845,NA
9127,2,0,4,4,change,6,f,0,4.67069999999,NA
9127,2,0,5,5,nochange,6,f,1,3.21499999997,NA
9127,2,0,6,6,change,6,j,1,4.68970000002,NA
9127,2,0,7,7,nochange,6,f,1,453.7418,NA
9127,2,0,8,8,change,6,j,1,5436.8626,3
9127,2,0,9,9,nochange,6,f,1,16674.6733,NA
9127,2,0,10,10,change,6,j,1,661.0934,NA
9127,2,0,11,11,nochange,6,f,1,1677.1765,NA
9127,2,0,12,12,nochange,6,j,0,2017.9728,NA
9127,2,0,13,13,change,6,f,0,11237.2956,NA
9127,2,0,14,14,nochange,6,j,0,4.14119999995,NA
9127,2,0,15,15,change,6,f,0,3.8273,NA
9127,2,0,16,16,nochange,6,j,0,2.73219999997,3
9127,2,0,17,17,nochange,6,f,1,4.4914,NA
9127,2,0,18,18,nochange,6,j,0,2.6446,NA
9127,2,0,19,19,change,6,j,1,5.65909999999,NA
9127,2,0,20,20,nochange,6,f,1,342.1397,NA
9127,2,0,21,21,nochange,6,j,0,724.7869,NA
9127,2,0,22,22,change,6,f,0,4.54399999999,NA
9127,2,0,23,23,nochange,6,j,0,3.29259999999,NA
9127,2,0,24,24,change,6,f,0,600.4063,3
9127,2,0,25,25,nochange,6,f,1,1178.1977,NA
9127,2,0,26,26,change,6,j,1,1665.9925,NA
9127,2,0,27,27,nochange,6,f,1,482.9181,NA
9127,2,0,28,28,nochange,6,j,0,1473.6576,NA
9127,2,0,29,29,change,6,f,0,3708.7201,NA
9127,2,0,30,30,change,6,f,0,8.36309999996,NA
9127,2,0,31,31,nochange,6,j,0,6.90169999999,NA
9127,2,0,32,32,change,6,f,0,6.33720000001,5
9127,2,0,33,33,nochange,6,f,1,4.53010000003,NA
9127,2,0,34,34,change,6,f,0,4.08639999997,NA
9127,2,0,35,35,nochange,6,j,0,3.99320000003,NA
9127,2,0,36,36,change,6,f,0,4.64279999997,NA
9127,2,0,37,37,nochange,6,f,1,706.0989,NA
9127,2,0,38,38,change,6,j,1,2884.4712,NA
9127,2,0,39,39,change,6,f,0,2.98639999994,NA
9127,2,0,40,40,change,6,f,0,5.12719999999,2
9127,2,0,41,41,nochange,6,f,1,329.0247,NA
9127,2,0,42,42,change,6,j,1,551.7252,NA
9127,2,0,43,43,nochange,6,f,1,1239.0213,NA
9127,2,0,44,44,nochange,6,f,1,3704.6641,NA
9127,2,0,45,45,nochange,6,f,1,938.5192,NA
9127,2,0,46,46,change,6,j,1,2381.7364,NA
9127,2,0,47,47,nochange,6,f,1,4017.2908,NA
9127,2,0,48,48,change,6,f,0,640.879,4
9127,2,0,49,49,change,6,f,0,1956.0588,NA
9127,2,0,50,50,nochange,6,j,0,796.0409,NA
9127,2,0,51,51,change,6,j,1,434.0303,NA
9127,2,0,52,52,nochange,6,j,0,434.5064,NA
9127,2,0,53,53,nochange,6,f,1,1150.2975,NA
9127,2,0,54,54,change,6,f,0,4.07799999986,NA
9127,2,0,55,55,change,6,j,1,6170.3319,NA
9127,2,0,56,56,change,6,j,1,5132.8341,3
9127,2,0,57,57,nochange,6,f,1,3962.3589,NA
9127,2,0,58,58,change,6,f,0,3647.3867,NA
9127,2,0,59,59,change,6,j,1,7626.9822,NA
9127,2,0,60,60,change,6,f,0,3395.0286,NA
9128,2,practice,0,1,nochange,6,j,0,3053.4374,NA
9128,2,practice,0,2,nochange,6,j,0,1375.2216,NA
9128,2,practice,0,3,change,6,j,1,1197.7215,NA
9128,2,practice,0,4,change,6,j,1,1358.1736,NA
9128,2,practice,0,5,nochange,6,j,0,1524.0561,NA
9128,2,0,1,1,change,6,j,1,1261.9549,NA
9128,2,0,2,2,change,6,j,1,1985.491,NA
9128,2,0,3,3,nochange,6,j,0,3386.6694,NA
9128,2,0,4,4,change,6,j,1,1231.1016,NA
9128,2,0,5,5,nochange,6,f,1,1342.5441,NA
9128,2,0,6,6,nochange,6,f,1,1328.0856,NA
9128,2,0,7,7,change,6,f,0,2591.1502,NA
9128,2,0,8,8,change,6,j,1,1572.3484,2
9128,2,0,9,9,nochange,6,f,1,2599.3289,NA
9128,2,0,10,10,nochange,6,j,0,1388.2548,NA
9128,2,0,11,11,change,6,j,1,1446.7655,NA
9128,2,0,12,12,nochange,6,j,0,1544.4583,NA
9128,2,0,13,13,change,6,j,1,1086.9094,NA
9128,2,0,14,14,nochange,6,f,1,1577.4413,NA
9128,2,0,15,15,nochange,6,f,1,4474.7847,NA
9128,2,0,16,16,change,6,j,1,1580.611,2
9128,2,0,17,17,change,6,j,1,1789.5915,NA
9128,2,0,18,18,change,6,f,0,2593.2467,NA
9128,2,0,19,19,change,6,j,1,1329.1963,NA
9128,2,0,20,20,change,6,j,1,2456.0032,NA
9128,2,0,21,21,nochange,6,f,1,1483.9098,NA
9128,2,0,22,22,change,6,f,0,3318.3752,NA
9128,2,0,23,23,change,6,j,1,1476.1587,NA
9128,2,0,24,24,change,6,j,1,965.5885,2
9128,2,0,25,25,nochange,6,f,1,1597.6166,NA
9128,2,0,26,26,nochange,6,f,1,1155.3104,NA
9128,2,0,27,27,nochange,6,f,1,2150.4322,NA
9128,2,0,28,28,nochange,6,f,1,1864.0586,NA
9128,2,0,29,29,nochange,6,f,1,2767.3286,NA
9128,2,0,30,30,nochange,6,f,1,1405.0149,NA
9128,2,0,31,31,nochange,6,j,0,1234.503,NA
9128,2,0,32,32,nochange,6,f,1,1455.1159,4
9128,2,0,33,33,change,6,j,1,1380.0268,NA
9128,2,0,34,34,change,6,j,1,1160.8656,NA
9128,2,0,35,35,nochange,6,f,1,2782.3629,NA
9128,2,0,36,36,nochange,6,f,1,1422.229,NA
9128,2,0,37,37,nochange,6,j,0,4855.418,NA
9128,2,0,38,38,change,6,j,1,1437.9648,NA
9128,2,0,39,39,change,6,j,1,1300.6274,NA
9128,2,0,40,40,nochange,6,j,0,2339.2412,1
9128,2,0,41,41,nochange,6,f,1,1655.8472,NA
9128,2,0,42,42,nochange,6,f,1,1981.8542,NA
9128,2,0,43,43,change,6,j,1,2488.7425,NA
9128,2,0,44,44,nochange,6,f,1,1983.2759,NA
9128,2,0,45,45,nochange,6,f,1,1651.1686,NA
9128,2,0,46,46,nochange,6,f,1,1359.6467,NA
9128,2,0,47,47,change,6,j,1,2140.4432,NA
9128,2,0,48,48,change,6,j,1,1424.246,2
9128,2,0,49,49,change,6,j,1,1287.5499,NA
9128,2,0,50,50,change,6,j,1,2150.755,NA
9128,2,0,51,51,nochange,6,f,1,4575.2916,NA
9128,2,0,52,52,change,6,j,1,3688.5644,NA
9128,2,0,53,53,nochange,6,f,1,2629.8531,NA
9128,2,0,54,54,change,6,j,1,2246.9083,NA
9128,2,0,55,55,change,6,f,0,3580.2795,NA
9128,2,0,56,56,nochange,6,j,0,1281.0269,3
9128,2,0,57,57,change,6,j,1,1084.5486,NA
9128,2,0,58,58,nochange,6,j,0,1443.1218,NA
9128,2,0,59,59,change,6,j,1,1391.6714,NA
9128,2,0,60,60,change,6,j,1,8895.0925,NA
9130,2,practice,0,1,change,6,f,0,1365.3416,NA
9130,2,practice,0,2,nochange,6,f,1,882.2801,NA
9130,2,practice,0,3,change,6,j,1,900.5782,NA
9130,2,practice,0,4,change,6,j,1,1151.8661,NA
9130,2,practice,0,5,nochange,6,f,1,1212.5452,NA
9130,2,0,1,1,nochange,6,f,1,942.7322,NA
9130,2,0,2,2,change,6,j,1,2070.2371,NA
9130,2,0,3,3,nochange,6,f,1,1040.8544,NA
9130,2,0,4,4,nochange,6,f,1,880.2968,NA
9130,2,0,5,5,change,6,j,1,1014.9664,NA
9130,2,0,6,6,change,6,f,0,1158.5692,NA
9130,2,0,7,7,change,6,j,1,3919.8429,NA
9130,2,0,8,8,nochange,6,j,0,2273.6433,2
9130,2,0,9,9,nochange,6,j,0,1120.6132,NA
9130,2,0,10,10,change,6,j,1,1043.6065,NA
9130,2,0,11,11,nochange,6,f,1,884.9803,NA
9130,2,0,12,12,change,6,j,1,1101.1253,NA
9130,2,0,13,13,nochange,6,j,0,2327.0486,NA
9130,2,0,14,14,change,6,j,1,1113.4947,NA
9130,2,0,15,15,change,6,j,1,1354.9976,NA
9130,2,0,16,16,nochange,6,f,1,1027.9997,2
9130,2,0,17,17,nochange,6,f,1,934.3266,NA
9130,2,0,18,18,change,6,j,1,1295.3282,NA
9130,2,0,19,19,change,6,j,1,1162.2638,NA
9130,2,0,20,20,nochange,6,f,1,2001.8323,NA
9130,2,0,21,21,nochange,6,j,0,1188.1831,NA
9130,2,0,22,22,change,6,f,0,1116.9476,NA
9130,2,0,23,23,nochange,6,f,1,1971.1048,NA
9130,2,0,24,24,change,6,j,1,1146.6924,3
9130,2,0,25,25,nochange,6,f,1,1075.7931,NA
9130,2,0,26,26,change,6,j,1,955.6921,NA
9130,2,0,27,27,nochange,6,f,1,964.5825,NA
9130,2,0,28,28,nochange,6,f,1,1214.2819,NA
9130,2,0,29,29,change,6,j,1,1475.8842,NA
9130,2,0,30,30,nochange,6,j,0,5.73229999997,NA
9130,2,0,31,31,change,6,f,0,1821.5745,NA
9130,2,0,32,32,nochange,6,j,0,1627.0664,5
9130,2,0,33,33,nochange,6,j,0,1026.118,NA
9130,2,0,34,34,nochange,6,f,1,3424.4755,NA
9130,2,0,35,35,nochange,6,f,1,1395.5528,NA
9130,2,0,36,36,change,6,j,1,873.0621,NA
9130,2,0,37,37,change,6,j,1,1219.9287,NA
9130,2,0,38,38,nochange,6,j,0,1857.5623,NA
9130,2,0,39,39,nochange,6,f,1,2988.8103,NA
9130,2,0,40,40,change,6,j,1,2949.3398,4
9130,2,0,41,41,change,6,f,0,1281.4662,NA
9130,2,0,42,42,nochange,6,f,1,4758.3445,NA
9130,2,0,43,43,change,6,j,1,879.251,NA
9130,2,0,44,44,nochange,6,f,1,1947.6811,NA
9130,2,0,45,45,change,6,j,1,2372.9865,NA
9130,2,0,46,46,change,6,j,1,1648.8276,NA
9130,2,0,47,47,change,6,f,0,1256.4185,NA
9130,2,0,48,48,change,6,j,1,1047.5409,3
9130,2,0,49,49,nochange,6,f,1,983.0427,NA
9130,2,0,50,50,change,6,f,0,1973.8964,NA
9130,2,0,51,51,change,6,f,0,1899.1118,NA
9130,2,0,52,52,nochange,6,j,0,2355.201,NA
9130,2,0,53,53,nochange,6,f,1,1947.8894,NA
9130,2,0,54,54,nochange,6,f,1,1980.9708,NA
9130,2,0,55,55,change,6,j,1,4045.3579,NA
9130,2,0,56,56,change,6,f,0,1234.9596,5
9130,2,0,57,57,change,6,j,1,985.6272,NA
9130,2,0,58,58,change,6,j,1,811.2291,NA
9130,2,0,59,59,nochange,6,f,1,1288.1066,NA
9130,2,0,60,60,nochange,6,f,1,2411.6105,NA
9132,2,practice,0,1,nochange,6,f,1,2358.3737,NA
9132,2,practice,0,2,change,6,f,0,4936.5151,NA
9132,2,practice,0,3,nochange,6,f,1,1498.5101,NA
9132,2,practice,0,4,change,6,j,1,3851.3728,NA
9132,2,practice,0,5,nochange,6,j,0,1734.4556,NA
9132,2,0,1,1,nochange,6,j,0,4709.2901,NA
9132,2,0,2,2,nochange,6,f,1,5660.4172,NA
9132,2,0,3,3,nochange,6,f,1,2924.9894,NA
9132,2,0,4,4,nochange,6,f,1,2211.3896,NA
9132,2,0,5,5,change,6,f,0,6344.2822,NA
9132,2,0,6,6,change,6,j,1,5596.8874,NA
9132,2,0,7,7,change,6,j,1,7620.8666,NA
9132,2,0,8,8,change,6,j,1,3792.2345,3
9132,2,0,9,9,nochange,6,f,1,2582.1521,NA
9132,2,0,10,10,nochange,6,f,1,3335.3085,NA
9132,2,0,11,11,nochange,6,f,1,3669.6977,NA
9132,2,0,12,12,nochange,6,f,1,4208.5175,NA
9132,2,0,13,13,change,6,f,0,1505.9654,NA
9132,2,0,14,14,nochange,6,f,1,1101.1057,NA
9132,2,0,15,15,change,6,f,0,1289.7356,NA
9132,2,0,16,16,change,6,j,1,2952.004,3
9132,2,0,17,17,change,6,f,0,5982.5906,NA
9132,2,0,18,18,nochange,6,f,1,1896.2525,NA
9132,2,0,19,19,nochange,6,f,1,3314.1683,NA
9132,2,0,20,20,nochange,6,f,1,2155.6188,NA
9132,2,0,21,21,change,6,f,0,1199.6062,NA
9132,2,0,22,22,change,6,f,0,3101.9067,NA
9132,2,0,23,23,nochange,6,f,1,3194.9003,NA
9132,2,0,24,24,change,6,j,1,3411.3084,2
9132,2,0,25,25,nochange,6,f,1,1477.2253,NA
9132,2,0,26,26,change,6,f,0,2041.8118,NA
9132,2,0,27,27,nochange,6,f,1,2805.7963,NA
9132,2,0,28,28,change,6,f,0,2588.2046,NA
9132,2,0,29,29,change,6,f,0,2472.7577,NA
9132,2,0,30,30,nochange,6,f,1,1806.9812,NA
9132,2,0,31,31,change,6,f,0,2733.3878,NA
9132,2,0,32,32,nochange,6,f,1,3621.6014,2
9132,2,0,33,33,nochange,6,f,1,1914.8777,NA
9132,2,0,34,34,nochange,6,f,1,1183.6094,NA
9132,2,0,35,35,change,6,j,1,2704.7027,NA
9132,2,0,36,36,change,6,f,0,3144.2924,NA
9132,2,0,37,37,nochange,6,f,1,7362.2035,NA
9132,2,0,38,38,nochange,6,f,1,7.10739999998,NA
9132,2,0,39,39,nochange,6,f,1,1307.0163,NA
9132,2,0,40,40,change,6,f,0,3.97269999993,3
9132,2,0,41,41,change,6,f,0,1560.5855,NA
9132,2,0,42,42,change,6,j,1,9.42070000002,NA
9132,2,0,43,43,nochange,6,f,1,4.01630000002,NA
9132,2,0,44,44,change,6,f,0,5.44849999994,NA
9132,2,0,45,45,nochange,6,j,0,5.21109999996,NA
9132,2,0,46,46,nochange,6,f,1,1771.0707,NA
9132,2,0,47,47,change,6,f,0,5.78579999995,NA
9132,2,0,48,48,nochange,6,f,1,1470.5864,3
9132,2,0,49,49,nochange,6,f,1,4.89580000006,NA
9132,2,0,50,50,nochange,6,j,0,7.05500000005,NA
9132,2,0,51,51,change,6,j,1,3.36540000001,NA
9132,2,0,52,52,change,6,f,0,8.68169999996,NA
9132,2,0,53,53,nochange,6,f,1,9.30150000006,NA
9132,2,0,54,54,change,6,f,0,16293.8258,NA
9132,2,0,55,55,change,6,f,0,917.8921,NA
9132,2,0,56,56,nochange,6,f,1,16190.4335,5
9132,2,0,57,57,change,6,f,0,5.95389999996,NA
9132,2,0,58,58,change,6,j,1,5.45420000004,NA
9132,2,0,59,59,change,6,f,0,1442.0145,NA
9132,2,0,60,60,change,6,j,1,59119.8169,NA
9133,2,practice,0,1,nochange,6,f,1,1109.5793,NA
9133,2,practice,0,2,nochange,6,f,1,1176.2681,NA
9133,2,practice,0,3,nochange,6,f,1,1018.3323,NA
9133,2,practice,0,4,change,6,j,1,853.8555,NA
9133,2,practice,0,5,nochange,6,f,1,1045.259,NA
9133,2,0,1,1,change,6,j,1,1476.3886,NA
9133,2,0,2,2,change,6,j,1,1177.5542,NA
9133,2,0,3,3,change,6,j,1,1094.2834,NA
9133,2,0,4,4,nochange,6,f,1,1315.2771,NA
9133,2,0,5,5,change,6,j,1,1197.1767,NA
9133,2,0,6,6,nochange,6,f,1,2136.3188,NA
9133,2,0,7,7,change,6,j,1,2955.4592,NA
9133,2,0,8,8,change,6,j,1,1406.3425,4
9133,2,0,9,9,change,6,j,1,1092.8649,NA
9133,2,0,10,10,nochange,6,j,0,681.9821,NA
9133,2,0,11,11,change,6,j,1,927.5589,NA
9133,2,0,12,12,nochange,6,f,1,1500.5135,NA
9133,2,0,13,13,change,6,f,0,1457.8733,NA
9133,2,0,14,14,nochange,6,f,1,1274.1846,NA
9133,2,0,15,15,change,6,j,1,1003.962,NA
9133,2,0,16,16,nochange,6,j,0,1253.5639,4
9133,2,0,17,17,change,6,j,1,2022.5663,NA
9133,2,0,18,18,nochange,6,f,1,1673.027,NA
9133,2,0,19,19,change,6,j,1,1079.9631,NA
9133,2,0,20,20,change,6,j,1,1489.4162,NA
9133,2,0,21,21,change,6,j,1,905.056,NA
9133,2,0,22,22,change,6,f,0,1627.6928,NA
9133,2,0,23,23,nochange,6,f,1,1155.9921,NA
9133,2,0,24,24,nochange,6,f,1,1368.0854,4
9133,2,0,25,25,nochange,6,f,1,1673.5977,NA
9133,2,0,26,26,nochange,6,f,1,2321.0547,NA
9133,2,0,27,27,nochange,6,f,1,1691.311,NA
9133,2,0,28,28,nochange,6,f,1,1056.1784,NA
9133,2,0,29,29,change,6,j,1,924.1746,NA
9133,2,0,30,30,change,6,f,0,1743.5502,NA
9133,2,0,31,31,nochange,6,f,1,1396.3001,NA
9133,2,0,32,32,nochange,6,f,1,1000.6373,4
9133,2,0,33,33,nochange,6,f,1,1363.1721,NA
9133,2,0,34,34,change,6,j,1,2037.8464,NA
9133,2,0,35,35,change,6,f,0,1589.2719,NA
9133,2,0,36,36,change,6,j,1,2064.2491,NA
9133,2,0,37,37,change,6,j,1,1316.7174,NA
9133,2,0,38,38,change,6,j,1,1131.646,NA
9133,2,0,39,39,nochange,6,f,1,1260.6179,NA
9133,2,0,40,40,nochange,6,f,1,1704.7075,5
9133,2,0,41,41,change,6,j,1,1392.3443,NA
9133,2,0,42,42,nochange,6,f,1,2539.5527,NA
9133,2,0,43,43,nochange,6,j,0,933.1062,NA
9133,2,0,44,44,nochange,6,f,1,983.8045,NA
9133,2,0,45,45,change,6,j,1,961.2358,NA
9133,2,0,46,46,nochange,6,f,1,968.7986,NA
9133,2,0,47,47,nochange,6,f,1,1219.3544,NA
9133,2,0,48,48,change,6,j,1,1089.5381,4
9133,2,0,49,49,nochange,6,f,1,4973.9354,NA
9133,2,0,50,50,change,6,j,1,888.3027,NA
9133,2,0,51,51,change,6,j,1,1088.0032,NA
9133,2,0,52,52,nochange,6,f,1,1668.2792,NA
9133,2,0,53,53,nochange,6,f,1,1095.5397,NA
9133,2,0,54,54,change,6,f,0,1914.898,NA
9133,2,0,55,55,nochange,6,j,0,1071.3752,NA
9133,2,0,56,56,nochange,6,j,0,960.347,4
9133,2,0,57,57,change,6,j,1,1424.6367,NA
9133,2,0,58,58,nochange,6,f,1,1318.5987,NA
9133,2,0,59,59,change,6,j,1,2111.2146,NA
9133,2,0,60,60,nochange,6,f,1,1448.7095,NA
9134,2,practice,0,1,change,6,j,1,2022.5812,NA
9134,2,practice,0,2,change,6,j,1,968.2818,NA
9134,2,practice,0,3,change,6,f,0,988.6949,NA
9134,2,practice,0,4,nochange,6,j,0,0.177099999994,NA
9134,2,practice,0,5,nochange,6,f,1,1571.868,NA
9134,2,0,1,1,change,6,f,0,535.8004,NA
9134,2,0,2,2,nochange,6,f,1,1413.2842,NA
9134,2,0,3,3,change,6,j,1,3161.4225,NA
9134,2,0,4,4,change,6,f,0,426.7761,NA
9134,2,0,5,5,change,6,j,1,1593.3641,NA
9134,2,0,6,6,nochange,6,f,1,1224.1996,NA
9134,2,0,7,7,change,6,j,1,1291.5095,NA
9134,2,0,8,8,change,6,j,1,3413.2328,1
9134,2,0,9,9,nochange,6,f,1,5.89350000001,NA
9134,2,0,10,10,change,6,f,0,1317.5748,NA
9134,2,0,11,11,nochange,6,j,0,460.0186,NA
9134,2,0,12,12,change,6,j,1,3261.0978,NA
9134,2,0,13,13,change,6,f,0,1703.6168,NA
9134,2,0,14,14,nochange,6,f,1,1523.1015,NA
9134,2,0,15,15,nochange,6,j,0,1035.1225,NA
9134,2,0,16,16,change,6,j,1,1440.5066,1
9134,2,0,17,17,nochange,6,j,0,1149.9922,NA
9134,2,0,18,18,change,6,f,0,770.3329,NA
9134,2,0,19,19,nochange,6,j,0,1512.2518,NA
9134,2,0,20,20,change,6,j,1,10.2296,NA
9134,2,0,21,21,nochange,6,f,1,279.2793,NA
9134,2,0,22,22,change,6,j,1,2076.2684,NA
9134,2,0,23,23,change,6,f,0,1605.2234,NA
9134,2,0,24,24,nochange,6,f,1,1179.1152,1
9134,2,0,25,25,change,6,j,1,332.8941,NA
9134,2,0,26,26,change,6,f,0,3.3027,NA
9134,2,0,27,27,change,6,f,0,3.23570000002,NA
9134,2,0,28,28,nochange,6,j,0,3.31949999998,NA
9134,2,0,29,29,nochange,6,j,0,4019.4683,NA
9134,2,0,30,30,nochange,6,f,1,15.9129999999,NA
9134,2,0,31,31,nochange,6,j,0,1057.5704,NA
9134,2,0,32,32,nochange,6,j,0,181.4326,1
9134,2,0,33,33,nochange,6,f,1,3.74119999999,NA
9134,2,0,34,34,change,6,j,1,2617.4782,NA
9134,2,0,35,35,change,6,f,0,946.3472,NA
9134,2,0,36,36,nochange,6,f,1,1058.7167,NA
9134,2,0,37,37,change,6,j,1,1700.9158,NA
9134,2,0,38,38,nochange,6,f,1,11.2834,NA
9134,2,0,39,39,nochange,6,f,1,498.1068,NA
9134,2,0,40,40,nochange,6,j,0,459.4155,1
9134,2,0,41,41,nochange,6,j,0,2.21650000004,NA
9134,2,0,42,42,nochange,6,f,1,3.47509999998,NA
9134,2,0,43,43,nochange,6,j,0,1224.908,NA
9134,2,0,44,44,change,6,j,1,5537.2424,NA
9134,2,0,45,45,change,6,f,0,853.2349,NA
9134,2,0,46,46,change,6,f,0,3.96149999998,NA
9134,2,0,47,47,nochange,6,j,0,635.0279,NA
9134,2,0,48,48,nochange,6,f,1,3.93090000004,2
9134,2,0,49,49,change,6,f,0,18.5453,NA
9134,2,0,50,50,nochange,6,j,0,1176.8684,NA
9134,2,0,51,51,nochange,6,j,0,847.4856,NA
9134,2,0,52,52,change,6,j,1,887.8919,NA
9134,2,0,53,53,change,6,j,1,1602.0368,NA
9134,2,0,54,54,change,6,j,1,703.8791,NA
9134,2,0,55,55,nochange,6,j,0,2622.6056,NA
9134,2,0,56,56,nochange,6,j,0,969.2926,1
9134,2,0,57,57,change,6,f,0,1557.2667,NA
9134,2,0,58,58,change,6,j,1,1453.093,NA
9134,2,0,59,59,nochange,6,f,1,1967.5073,NA
9134,2,0,60,60,change,6,j,1,4.26079999993,NA
9135,2,practice,0,1,change,6,j,1,973.8121,NA
9135,2,practice,0,2,nochange,6,f,1,956.4963,NA
9135,2,practice,0,3,change,6,f,0,680.4008,NA
9135,2,practice,0,4,nochange,6,f,1,653.0141,NA
9135,2,practice,0,5,change,6,j,1,835.1665,NA
9135,2,0,1,1,change,6,j,1,1014.7349,NA
9135,2,0,2,2,change,6,j,1,3773.223,NA
9135,2,0,3,3,nochange,6,f,1,696.6956,NA
9135,2,0,4,4,nochange,6,f,1,602.7612,NA
9135,2,0,5,5,nochange,6,f,1,483.4789,NA
9135,2,0,6,6,change,6,j,1,779.0277,NA
9135,2,0,7,7,nochange,6,j,0,859.0823,NA
9135,2,0,8,8,change,6,j,1,905.7737,1
9135,2,0,9,9,change,6,j,1,939.2929,NA
9135,2,0,10,10,nochange,6,j,0,3012.576,NA
9135,2,0,11,11,change,6,f,0,2322.4669,NA
9135,2,0,12,12,nochange,6,j,0,893.1957,NA
9135,2,0,13,13,change,6,j,1,929.0926,NA
9135,2,0,14,14,change,6,j,1,1785.2564,NA
9135,2,0,15,15,nochange,6,f,1,1581.5708,NA
9135,2,0,16,16,nochange,6,f,1,2359.4144,1
9135,2,0,17,17,nochange,6,f,1,3545.9804,NA
9135,2,0,18,18,change,6,f,0,3334.2489,NA
9135,2,0,19,19,change,6,f,0,2561.3374,NA
9135,2,0,20,20,change,6,j,1,1905.485,NA
9135,2,0,21,21,change,6,f,0,3261.9243,NA
9135,2,0,22,22,change,6,j,1,958.9429,NA
9135,2,0,23,23,nochange,6,j,0,2551.0633,NA
9135,2,0,24,24,change,6,j,1,1039.7839,1
9135,2,0,25,25,nochange,6,j,0,1696.4102,NA
9135,2,0,26,26,change,6,j,1,1302.9539,NA
9135,2,0,27,27,nochange,6,j,0,912.4892,NA
9135,2,0,28,28,nochange,6,j,0,1927.513,NA
9135,2,0,29,29,change,6,f,0,2098.0509,NA
9135,2,0,30,30,nochange,6,j,0,787.0718,NA
9135,2,0,31,31,nochange,6,f,1,3217.6402,NA
9135,2,0,32,32,change,6,j,1,739.6824,2
9135,2,0,33,33,nochange,6,f,1,1480.3619,NA
9135,2,0,34,34,nochange,6,j,0,1379.2997,NA
9135,2,0,35,35,nochange,6,j,0,4541.7331,NA
9135,2,0,36,36,nochange,6,j,0,873.7181,NA
9135,2,0,37,37,change,6,f,0,1002.9416,NA
9135,2,0,38,38,change,6,j,1,918.549,NA
9135,2,0,39,39,nochange,6,f,1,773.6781,NA
9135,2,0,40,40,change,6,j,1,739.7962,2
9135,2,0,41,41,change,6,j,1,767.3973,NA
9135,2,0,42,42,change,6,j,1,909.0479,NA
9135,2,0,43,43,nochange,6,j,0,942.898,NA
9135,2,0,44,44,change,6,j,1,830.9774,NA
9135,2,0,45,45,nochange,6,j,0,771.4177,NA
9135,2,0,46,46,nochange,6,j,0,839.4809,NA
9135,2,0,47,47,change,6,j,1,1018.3362,NA
9135,2,0,48,48,nochange,6,j,0,881.0437,3
9135,2,0,49,49,change,6,j,1,1055.3934,NA
9135,2,0,50,50,nochange,6,j,0,929.8158,NA
9135,2,0,51,51,change,6,j,1,919.4667,NA
9135,2,0,52,52,change,6,f,0,940.5239,NA
9135,2,0,53,53,nochange,6,j,0,866.4211,NA
9135,2,0,54,54,nochange,6,f,1,958.4898,NA
9135,2,0,55,55,change,6,j,1,881.4295,NA
9135,2,0,56,56,change,6,j,1,761.3021,2
9135,2,0,57,57,change,6,j,1,888.9539,NA
9135,2,0,58,58,nochange,6,f,1,2075.402,NA
9135,2,0,59,59,nochange,6,f,1,1902.1227,NA
9135,2,0,60,60,nochange,6,f,1,840.6097,NA
9136,2,practice,0,1,change,6,j,1,2698.9502,NA
9136,2,practice,0,2,change,6,f,0,2849.6709,NA
9136,2,practice,0,3,nochange,6,f,1,1751.8994,NA
9136,2,practice,0,4,change,6,j,1,1411.1234,NA
9136,2,practice,0,5,nochange,6,f,1,1763.1267,NA
9136,2,0,1,1,nochange,6,f,1,1850.3147,NA
9136,2,0,2,2,change,6,j,1,1223.7753,NA
9136,2,0,3,3,nochange,6,f,1,1316.9121,NA
9136,2,0,4,4,change,6,j,1,1309.7292,NA
9136,2,0,5,5,nochange,6,f,1,2081.2988,NA
9136,2,0,6,6,change,6,f,0,1205.4065,NA
9136,2,0,7,7,change,6,j,1,1337.1142,NA
9136,2,0,8,8,nochange,6,f,1,1865.0468,1
9136,2,0,9,9,nochange,6,f,1,2696.1169,NA
9136,2,0,10,10,nochange,6,f,1,2919.7195,NA
9136,2,0,11,11,change,6,f,0,1212.1385,NA
9136,2,0,12,12,nochange,6,f,1,1251.4394,NA
9136,2,0,13,13,change,6,f,0,2736.4982,NA
9136,2,0,14,14,nochange,6,f,1,1763.7916,NA
9136,2,0,15,15,change,6,f,0,2368.9543,NA
9136,2,0,16,16,change,6,f,0,1235.8337,3
9136,2,0,17,17,change,6,j,1,1121.7749,NA
9136,2,0,18,18,change,6,f,0,1672.8636,NA
9136,2,0,19,19,nochange,6,f,1,1843.7484,NA
9136,2,0,20,20,nochange,6,f,1,1378.5873,NA
9136,2,0,21,21,change,6,f,0,1817.2706,NA
9136,2,0,22,22,nochange,6,f,1,3839.0466,NA
9136,2,0,23,23,change,6,j,1,1706.9525,NA
9136,2,0,24,24,nochange,6,f,1,2069.0438,2
9136,2,0,25,25,change,6,j,1,2527.7985,NA
9136,2,0,26,26,change,6,j,1,1272.3916,NA
9136,2,0,27,27,change,6,j,1,1144.0343,NA
9136,2,0,28,28,change,6,f,0,2823.5774,NA
9136,2,0,29,29,nochange,6,f,1,2668.0183,NA
9136,2,0,30,30,nochange,6,f,1,2828.8244,NA
9136,2,0,31,31,nochange,6,j,0,2144.386,NA
9136,2,0,32,32,nochange,6,f,1,1036.7674,1
9136,2,0,33,33,change,6,j,1,1910.3592,NA
9136,2,0,34,34,nochange,6,f,1,3460.1282,NA
9136,2,0,35,35,nochange,6,f,1,1598.7143,NA
9136,2,0,36,36,change,6,j,1,5050.8898,NA
9136,2,0,37,37,nochange,6,f,1,1093.2962,NA
9136,2,0,38,38,nochange,6,f,1,2631.5728,NA
9136,2,0,39,39,change,6,j,1,3360.5957,NA
9136,2,0,40,40,nochange,6,f,1,1087.8,1
9136,2,0,41,41,change,6,j,1,2724.413,NA
9136,2,0,42,42,change,6,j,1,2691.6345,NA
9136,2,0,43,43,nochange,6,f,1,2577.6535,NA
9136,2,0,44,44,nochange,6,f,1,1875.5005,NA
9136,2,0,45,45,change,6,j,1,819.1214,NA
9136,2,0,46,46,change,6,j,1,1754.3115,NA
9136,2,0,47,47,change,6,f,0,1407.1262,NA
9136,2,0,48,48,change,6,j,1,2102.3477,1
9136,2,0,49,49,nochange,6,f,1,1267.3153,NA
9136,2,0,50,50,change,6,j,1,1424.8531,NA
9136,2,0,51,51,nochange,6,f,1,3027.8655,NA
9136,2,0,52,52,change,6,f,0,2746.5909,NA
9136,2,0,53,53,nochange,6,f,1,4360.0083,NA
9136,2,0,54,54,change,6,f,0,3108.8539,NA
9136,2,0,55,55,nochange,6,f,1,2129.7089,NA
9136,2,0,56,56,nochange,6,f,1,1315.5123,4
9136,2,0,57,57,change,6,f,0,2152.4503,NA
9136,2,0,58,58,change,6,j,1,2103.3117,NA
9136,2,0,59,59,nochange,6,f,1,4291.6825,NA
9136,2,0,60,60,nochange,6,f,1,2981.9556,NA
9137,2,practice,0,1,change,6,f,0,838.7754,NA
9137,2,practice,0,2,nochange,6,f,1,759.3697,NA
9137,2,practice,0,3,nochange,6,f,1,1201.8695,NA
9137,2,practice,0,4,nochange,6,f,1,744.6481,NA
9137,2,practice,0,5,nochange,6,f,1,984.2483,NA
9137,2,0,1,1,change,6,j,1,10.3042,NA
9137,2,0,2,2,change,6,j,1,1352.4306,NA
9137,2,0,3,3,change,6,f,0,547.2177,NA
9137,2,0,4,4,nochange,6,j,0,377.2571,NA
9137,2,0,5,5,change,6,j,1,842.2622,NA
9137,2,0,6,6,change,6,f,0,779.9452,NA
9137,2,0,7,7,change,6,f,0,1143.529,NA
9137,2,0,8,8,change,6,j,1,1042.2082,5
9137,2,0,9,9,change,6,f,0,361.8956,NA
9137,2,0,10,10,change,6,j,1,1073.1702,NA
9137,2,0,11,11,nochange,6,j,0,842.2348,NA
9137,2,0,12,12,nochange,6,f,1,905.4012,NA
9137,2,0,13,13,nochange,6,f,1,772.4736,NA
9137,2,0,14,14,change,6,j,1,982.7956,NA
9137,2,0,15,15,change,6,j,1,1737.8903,NA
9137,2,0,16,16,nochange,6,f,1,994.091,4
9137,2,0,17,17,nochange,6,f,1,376.5605,NA
9137,2,0,18,18,change,6,f,0,1022.6212,NA
9137,2,0,19,19,nochange,6,f,1,1120.5485,NA
9137,2,0,20,20,nochange,6,f,1,927.7453,NA
9137,2,0,21,21,nochange,6,j,0,555.7484,NA
9137,2,0,22,22,change,6,f,0,521.5007,NA
9137,2,0,23,23,change,6,j,1,1918.1801,NA
9137,2,0,24,24,nochange,6,f,1,767.9922,3
9137,2,0,25,25,change,6,f,0,3.73269999999,NA
9137,2,0,26,26,nochange,6,f,1,792.4574,NA
9137,2,0,27,27,change,6,f,0,4.41269999999,NA
9137,2,0,28,28,change,6,f,0,526.9136,NA
9137,2,0,29,29,change,6,f,0,736.0596,NA
9137,2,0,30,30,change,6,f,0,1297.3812,NA
9137,2,0,31,31,change,6,f,0,1530.3419,NA
9137,2,0,32,32,change,6,f,0,7801.8541,3
9137,2,0,33,33,nochange,6,f,1,1156.7384,NA
9137,2,0,34,34,change,6,f,0,1064.7722,NA
9137,2,0,35,35,change,6,f,0,558.1453,NA
9137,2,0,36,36,nochange,6,f,1,593.7008,NA
9137,2,0,37,37,nochange,6,f,1,1540.5593,NA
9137,2,0,38,38,nochange,6,f,1,901.1324,NA
9137,2,0,39,39,change,6,j,1,1128.5644,NA
9137,2,0,40,40,nochange,6,f,1,1009.1621,5
9137,2,0,41,41,nochange,6,f,1,761.0285,NA
9137,2,0,42,42,nochange,6,f,1,723.2901,NA
9137,2,0,43,43,change,6,f,0,670.5487,NA
9137,2,0,44,44,change,6,f,0,1381.7282,NA
9137,2,0,45,45,nochange,6,f,1,1027.9596,NA
9137,2,0,46,46,nochange,6,f,1,601.3158,NA
9137,2,0,47,47,nochange,6,f,1,414.836,NA
9137,2,0,48,48,change,6,f,0,786.1547,5
9137,2,0,49,49,change,6,f,0,902.63,NA
9137,2,0,50,50,change,6,f,0,7435.8495,NA
9137,2,0,51,51,nochange,6,f,1,761.6359,NA
9137,2,0,52,52,nochange,6,f,1,547.9177,NA
9137,2,0,53,53,change,6,f,0,763.1821,NA
9137,2,0,54,54,nochange,6,f,1,892.0357,NA
9137,2,0,55,55,nochange,6,f,1,1044.6486,NA
9137,2,0,56,56,nochange,6,j,0,2600.9199,5
9137,2,0,57,57,nochange,6,f,1,972.6996,NA
9137,2,0,58,58,nochange,6,f,1,791.0042,NA
9137,2,0,59,59,nochange,6,j,0,1212.4687,NA
9137,2,0,60,60,nochange,6,f,1,824.0854,NA
9138,2,practice,0,1,change,6,j,1,1094.9552,NA
9138,2,practice,0,2,change,6,j,1,1334.8359,NA
9138,2,practice,0,3,change,6,j,1,1075.4211,NA
9138,2,practice,0,4,change,6,j,1,996.4224,NA
9138,2,practice,0,5,nochange,6,f,1,1109.2152,NA
9138,2,0,1,1,nochange,6,f,1,1459.031,NA
9138,2,0,2,2,change,6,j,1,1300.3797,NA
9138,2,0,3,3,nochange,6,f,1,1167.1051,NA
9138,2,0,4,4,change,6,j,1,1909.4568,NA
9138,2,0,5,5,change,6,j,1,1353.7279,NA
9138,2,0,6,6,nochange,6,f,1,1367.1286,NA
9138,2,0,7,7,change,6,f,0,2061.7091,NA
9138,2,0,8,8,nochange,6,f,1,2020.7283,1
9138,2,0,9,9,nochange,6,f,1,2835.1945,NA
9138,2,0,10,10,change,6,j,1,2555.07,NA
9138,2,0,11,11,nochange,6,f,1,1519.2222,NA
9138,2,0,12,12,change,6,j,1,1719.3888,NA
9138,2,0,13,13,change,6,j,1,3455.7254,NA
9138,2,0,14,14,nochange,6,j,0,2387.2686,NA
9138,2,0,15,15,nochange,6,f,1,2446.784,NA
9138,2,0,16,16,change,6,j,1,1909.3939,1
9138,2,0,17,17,change,6,j,1,1856.4862,NA
9138,2,0,18,18,nochange,6,f,1,3199.5989,NA
9138,2,0,19,19,change,6,j,1,1899.587,NA
9138,2,0,20,20,change,6,j,1,1113.6967,NA
9138,2,0,21,21,nochange,6,f,1,1707.7382,NA
9138,2,0,22,22,nochange,6,f,1,1426.3407,NA
9138,2,0,23,23,nochange,6,f,1,2612.7963,NA
9138,2,0,24,24,change,6,j,1,3061.0952,1
9138,2,0,25,25,change,6,f,0,1843.2509,NA
9138,2,0,26,26,change,6,j,1,3936.1628,NA
9138,2,0,27,27,nochange,6,f,1,1330.6871,NA
9138,2,0,28,28,change,6,j,1,1402.7903,NA
9138,2,0,29,29,change,6,j,1,1940.0304,NA
9138,2,0,30,30,change,6,j,1,4314.0649,NA
9138,2,0,31,31,nochange,6,f,1,4355.9011,NA
9138,2,0,32,32,nochange,6,f,1,2185.4777,3
9138,2,0,33,33,change,6,f,0,1787.2567,NA
9138,2,0,34,34,change,6,f,0,1450.371,NA
9138,2,0,35,35,change,6,j,1,2615.8372,NA
9138,2,0,36,36,nochange,6,f,1,2330.525,NA
9138,2,0,37,37,nochange,6,j,0,1622.5785,NA
9138,2,0,38,38,change,6,j,1,1468.0234,NA
9138,2,0,39,39,change,6,f,0,1566.2988,NA
9138,2,0,40,40,nochange,6,f,1,1464.2622,3
9138,2,0,41,41,nochange,6,f,1,1658.701,NA
9138,2,0,42,42,nochange,6,f,1,1320.1986,NA
9138,2,0,43,43,change,6,f,0,2870.2687,NA
9138,2,0,44,44,change,6,j,1,2624.0773,NA
9138,2,0,45,45,nochange,6,f,1,1102.3243,NA
9138,2,0,46,46,nochange,6,f,1,1188.302,NA
9138,2,0,47,47,change,6,f,0,1534.1429,NA
9138,2,0,48,48,change,6,f,0,3439.1817,1
9138,2,0,49,49,nochange,6,f,1,1435.3483,NA
9138,2,0,50,50,nochange,6,f,1,1030.095,NA
9138,2,0,51,51,nochange,6,f,1,1094.238,NA
9138,2,0,52,52,nochange,6,f,1,1424.7627,NA
9138,2,0,53,53,change,6,j,1,2441.4895,NA
9138,2,0,54,54,change,6,f,0,1012.8963,NA
9138,2,0,55,55,nochange,6,f,1,2315.9309,NA
9138,2,0,56,56,nochange,6,j,0,1758.2848,1
9138,2,0,57,57,change,6,f,0,1075.7114,NA
9138,2,0,58,58,nochange,6,f,1,1217.3471,NA
9138,2,0,59,59,change,6,j,1,2691.8144,NA
9138,2,0,60,60,nochange,6,f,1,8689.4179,NA
9139,2,practice,0,1,nochange,6,f,1,21762.7375,NA
9139,2,practice,0,2,nochange,6,j,0,0.25039999999,NA
9139,2,practice,0,3,nochange,6,j,0,0.206900000005,NA
9139,2,practice,0,4,nochange,6,f,1,2622.5149,NA
9139,2,practice,0,5,nochange,6,j,0,0.238999999987,NA
9139,2,0,1,1,nochange,6,f,1,23.1557,NA
9139,2,0,2,2,change,6,f,0,6.73519999997,NA
9139,2,0,3,3,change,6,j,1,6.408,NA
9139,2,0,4,4,change,6,f,0,7.56290000002,NA
9139,2,0,5,5,nochange,6,f,1,4.2487,NA
9139,2,0,6,6,nochange,6,j,0,6.96419999999,NA
9139,2,0,7,7,nochange,6,f,1,26.2352,NA
9139,2,0,8,8,change,6,f,0,4.71810000003,3
9139,2,0,9,9,nochange,6,f,1,6.6453,NA
9139,2,0,10,10,change,6,j,1,9.70010000002,NA
9139,2,0,11,11,nochange,6,f,1,7.59259999997,NA
9139,2,0,12,12,nochange,6,j,0,4.13930000001,NA
9139,2,0,13,13,change,6,f,0,6.46960000001,NA
9139,2,0,14,14,change,6,j,1,15.791,NA
9139,2,0,15,15,nochange,6,f,1,7.80279999998,NA
9139,2,0,16,16,nochange,6,j,0,4.54570000002,5
9139,2,0,17,17,change,6,f,0,8.45069999999,NA
9139,2,0,18,18,change,6,f,0,7.37600000005,NA
9139,2,0,19,19,change,6,j,1,6.96360000002,NA
9139,2,0,20,20,change,6,j,1,11.2625,NA
9139,2,0,21,21,nochange,6,f,1,4.16630000004,NA
9139,2,0,22,22,nochange,6,j,0,7.1115,NA
9139,2,0,23,23,change,6,f,0,6.76679999998,NA
9139,2,0,24,24,change,6,j,1,3.83489999996,2
9139,2,0,25,25,nochange,6,f,1,3.44059999997,NA
9139,2,0,26,26,change,6,j,1,12.676,NA
9139,2,0,27,27,nochange,6,f,1,2.93560000003,NA
9139,2,0,28,28,nochange,6,j,0,8.02699999994,NA
9139,2,0,29,29,nochange,6,f,1,3.29199999996,NA
9139,2,0,30,30,change,6,j,1,16.9899,NA
9139,2,0,31,31,change,6,f,0,6.77030000003,NA
9139,2,0,32,32,nochange,6,j,0,7.13760000002,3
9139,2,0,33,33,nochange,6,f,1,3.2157,NA
9139,2,0,34,34,nochange,6,f,1,6.05650000001,NA
9139,2,0,35,35,change,6,f,0,4.04660000006,NA
9139,2,0,36,36,change,6,f,0,3.8762,NA
9139,2,0,37,37,change,6,f,0,8.7438,NA
9139,2,0,38,38,change,6,f,0,6.02830000006,NA
9139,2,0,39,39,nochange,6,f,1,8.01169999997,NA
9139,2,0,40,40,nochange,6,f,1,9.67589999997,5
9139,2,0,41,41,change,6,f,0,6.12099999998,NA
9139,2,0,42,42,change,6,f,0,7.80570000003,NA
9139,2,0,43,43,nochange,6,j,0,6.71589999995,NA
9139,2,0,44,44,change,6,f,0,3.8432,NA
9139,2,0,45,45,change,6,j,1,6.27429999993,NA
9139,2,0,46,46,nochange,6,f,1,1.96150000003,NA
9139,2,0,47,47,change,6,f,0,10.7772,NA
9139,2,0,48,48,nochange,6,j,0,10.2354,3
9139,2,0,49,49,change,6,f,0,6.75140000007,NA
9139,2,0,50,50,change,6,j,1,5.92060000007,NA
9139,2,0,51,51,change,6,j,1,4.34530000004,NA
9139,2,0,52,52,nochange,6,f,1,6.31140000006,NA
9139,2,0,53,53,change,6,j,1,10.9458999999,NA
9139,2,0,54,54,nochange,6,f,1,8.43819999998,NA
9139,2,0,55,55,nochange,6,j,0,3.91720000003,NA
9139,2,0,56,56,nochange,6,f,1,10.0198,2
9139,2,0,57,57,nochange,6,f,1,7.35460000002,NA
9139,2,0,58,58,nochange,6,f,1,4.70810000005,NA
9139,2,0,59,59,nochange,6,f,1,4.95599999989,NA
9139,2,0,60,60,change,6,j,1,4.29610000004,NA
9140,2,practice,0,1,nochange,6,f,1,18507.3237,NA
9140,2,practice,0,2,nochange,6,f,1,954.3018,NA
9140,2,practice,0,3,change,6,j,1,1478.6071,NA
9140,2,practice,0,4,change,6,j,1,806.6997,NA
9140,2,practice,0,5,nochange,6,f,1,1284.6971,NA
9140,2,0,1,1,change,6,f,0,12.2383,NA
9140,2,0,2,2,nochange,6,f,1,1190.8568,NA
9140,2,0,3,3,change,6,j,1,627.7103,NA
9140,2,0,4,4,change,6,f,0,465.5067,NA
9140,2,0,5,5,change,6,f,0,671.939,NA
9140,2,0,6,6,change,6,j,1,642.0416,NA
9140,2,0,7,7,nochange,6,f,1,531.1086,NA
9140,2,0,8,8,nochange,6,j,0,1223.1711,1
9140,2,0,9,9,nochange,6,f,1,1310.6573,NA
9140,2,0,10,10,change,6,j,1,1323.6882,NA
9140,2,0,11,11,change,6,f,0,716.6312,NA
9140,2,0,12,12,change,6,j,1,454.1707,NA
9140,2,0,13,13,nochange,6,f,1,371.894,NA
9140,2,0,14,14,change,6,j,1,712.4879,NA
9140,2,0,15,15,nochange,6,f,1,497.5435,NA
9140,2,0,16,16,nochange,6,j,0,604.1801,1
9140,2,0,17,17,nochange,6,f,1,413.8799,NA
9140,2,0,18,18,change,6,j,1,423.7768,NA
9140,2,0,19,19,change,6,f,0,576.7691,NA
9140,2,0,20,20,change,6,j,1,850.0679,NA
9140,2,0,21,21,nochange,6,f,1,443.2618,NA
9140,2,0,22,22,change,6,j,1,826.901,NA
9140,2,0,23,23,nochange,6,f,1,476.2836,NA
9140,2,0,24,24,change,6,j,1,531.9518,1
9140,2,0,25,25,nochange,6,j,0,507.5265,NA
9140,2,0,26,26,nochange,6,f,1,404.973,NA
9140,2,0,27,27,nochange,6,f,1,1076.0892,NA
9140,2,0,28,28,change,6,f,0,474.9535,NA
9140,2,0,29,29,nochange,6,f,1,969.2402,NA
9140,2,0,30,30,change,6,j,1,840.0044,NA
9140,2,0,31,31,change,6,j,1,489.6787,NA
9140,2,0,32,32,change,6,j,1,4.60340000002,2
9140,2,0,33,33,change,6,f,0,375.0784,NA
9140,2,0,34,34,nochange,6,j,0,440.6591,NA
9140,2,0,35,35,nochange,6,f,1,772.7285,NA
9140,2,0,36,36,nochange,6,j,0,344.411,NA
9140,2,0,37,37,change,6,f,0,437.665,NA
9140,2,0,38,38,change,6,j,1,413.0984,NA
9140,2,0,39,39,nochange,6,f,1,476.3609,NA
9140,2,0,40,40,nochange,6,f,1,1442.8448,3
9140,2,0,41,41,nochange,6,f,1,3.25349999993,NA
9140,2,0,42,42,nochange,6,j,0,3.52100000007,NA
9140,2,0,43,43,nochange,6,f,1,712.1525,NA
9140,2,0,44,44,nochange,6,j,0,831.8497,NA
9140,2,0,45,45,change,6,f,0,970.0831,NA
9140,2,0,46,46,change,6,f,0,1534.6896,NA
9140,2,0,47,47,nochange,6,f,1,567.0374,NA
9140,2,0,48,48,change,6,j,1,512.2467,5
9140,2,0,49,49,nochange,6,f,1,988.3543,NA
9140,2,0,50,50,nochange,6,f,1,682.4897,NA
9140,2,0,51,51,change,6,j,1,409.0389,NA
9140,2,0,52,52,nochange,6,f,1,734.0332,NA
9140,2,0,53,53,nochange,6,j,0,427.1924,NA
9140,2,0,54,54,nochange,6,f,1,407.6417,NA
9140,2,0,55,55,nochange,6,f,1,540.3679,NA
9140,2,0,56,56,change,6,f,0,1267.9194,5
9140,2,0,57,57,change,6,f,0,501.2662,NA
9140,2,0,58,58,change,6,f,0,463.9264,NA
9140,2,0,59,59,change,6,j,1,411.7551,NA
9140,2,0,60,60,change,6,j,1,563.8843,NA
9141,2,practice,0,1,nochange,6,j,0,3197.4989,NA
9141,2,practice,0,2,change,6,f,0,874.3344,NA
9141,2,practice,0,3,change,6,j,1,745.9718,NA
9141,2,practice,0,4,change,6,f,0,1646.4596,NA
9141,2,practice,0,5,nochange,6,f,1,1250.8866,NA
9141,2,0,1,1,change,6,j,1,873.5169,NA
9141,2,0,2,2,change,6,j,1,776.7524,NA
9141,2,0,3,3,change,6,j,1,791.6006,NA
9141,2,0,4,4,nochange,6,j,0,715.9463,NA
9141,2,0,5,5,change,6,j,1,1884.9463,NA
9141,2,0,6,6,change,6,j,1,2174.2788,NA
9141,2,0,7,7,change,6,j,1,885.3599,NA
9141,2,0,8,8,change,6,j,1,798.0254,1
9141,2,0,9,9,change,6,f,0,2111.1735,NA
9141,2,0,10,10,change,6,f,0,1548.3908,NA
9141,2,0,11,11,nochange,6,j,0,928.9523,NA
9141,2,0,12,12,change,6,f,0,1178.5047,NA
9141,2,0,13,13,nochange,6,f,1,1111.164,NA
9141,2,0,14,14,change,6,f,0,1297.0572,NA
9141,2,0,15,15,nochange,6,j,0,1365.645,NA
9141,2,0,16,16,nochange,6,j,0,2083.5052,5
9141,2,0,17,17,nochange,6,f,1,3146.1287,NA
9141,2,0,18,18,change,6,j,1,2467.6105,NA
9141,2,0,19,19,nochange,6,j,0,3039.2334,NA
9141,2,0,20,20,nochange,6,j,0,7745.6811,NA
9141,2,0,21,21,change,6,f,0,887.1931,NA
9141,2,0,22,22,nochange,6,j,0,25141.0829,NA
9141,2,0,23,23,nochange,6,f,1,9487.4478,NA
9141,2,0,24,24,nochange,6,j,0,6527.9376,4
9141,2,0,25,25,nochange,6,f,1,1032.8033,NA
9141,2,0,26,26,nochange,6,j,0,13446.7002,NA
9141,2,0,27,27,change,6,f,0,6483.3887,NA
9141,2,0,28,28,change,6,f,0,29839.8315,NA
9141,2,0,29,29,change,6,j,1,49802.5143,NA
9141,2,0,30,30,nochange,6,f,1,19757.614,NA
9141,2,0,31,31,nochange,6,j,0,13233.5712,NA
9141,2,0,32,32,change,6,j,1,33014.6612,3
9141,2,0,33,33,nochange,6,j,0,9438.006,NA
9141,2,0,34,34,nochange,6,j,0,17706.8292,NA
9141,2,0,35,35,change,6,f,0,28255.2164,NA
9141,2,0,36,36,change,6,f,0,50313.6024,NA
9141,2,0,37,37,nochange,6,f,1,121764.0756,NA
9141,2,0,38,38,change,6,f,0,17607.7825,NA
9141,2,0,39,39,nochange,6,j,0,63434.0928,NA
9141,2,0,40,40,nochange,6,f,1,767.6426,5
9141,2,0,41,41,change,6,j,1,9712.2032,NA
9141,2,0,42,42,nochange,6,j,0,18129.7799,NA
9141,2,0,43,43,nochange,6,j,0,11544.6959,NA
9141,2,0,44,44,nochange,6,j,0,6.15369999991,NA
9141,2,0,45,45,change,6,j,1,7.49879999971,NA
9141,2,0,46,46,nochange,6,f,1,53251.1963,NA
9141,2,0,47,47,change,6,f,0,123326.0842,NA
9141,2,0,48,48,change,6,j,1,1733.5903,5
9141,2,0,49,49,nochange,6,f,1,2577.907,NA
9141,2,0,50,50,change,6,j,1,1793.6463,NA
9141,2,0,51,51,nochange,6,f,1,1384.4541,NA
9141,2,0,52,52,change,6,f,0,5715.1493,NA
9141,2,0,53,53,nochange,6,f,1,2551.0185,NA
9141,2,0,54,54,nochange,6,f,1,2102.2103,NA
9141,2,0,55,55,change,6,j,1,1697.0712,NA
9141,2,0,56,56,nochange,6,f,1,2529.8034,1
9141,2,0,57,57,change,6,f,0,1373.2949,NA
9141,2,0,58,58,change,6,j,1,1385.814,NA
9141,2,0,59,59,nochange,6,j,0,2406.1725,NA
9141,2,0,60,60,change,6,f,0,1875.2671,NA
9142,2,practice,0,1,nochange,6,j,0,4902.8333,NA
9142,2,practice,0,2,change,6,f,0,589.595,NA
9142,2,practice,0,3,change,6,f,0,430.8894,NA
9142,2,practice,0,4,nochange,6,f,1,1373.8142,NA
9142,2,practice,0,5,nochange,6,j,0,630.4623,NA
9142,2,0,1,1,nochange,6,j,0,833.3724,NA
9142,2,0,2,2,nochange,6,f,1,1099.2202,NA
9142,2,0,3,3,nochange,6,f,1,1559.3478,NA
9142,2,0,4,4,nochange,6,f,1,2264.5871,NA
9142,2,0,5,5,change,6,j,1,1153.4732,NA
9142,2,0,6,6,nochange,6,f,1,941.2801,NA
9142,2,0,7,7,change,6,f,0,1238.6717,NA
9142,2,0,8,8,change,6,j,1,1016.7271,2
9142,2,0,9,9,change,6,j,1,2364.3636,NA
9142,2,0,10,10,nochange,6,j,0,2530.9133,NA
9142,2,0,11,11,change,6,f,0,1649.3166,NA
9142,2,0,12,12,change,6,j,1,1068.2468,NA
9142,2,0,13,13,change,6,j,1,2664.0941,NA
9142,2,0,14,14,change,6,j,1,1126.8993,NA
9142,2,0,15,15,nochange,6,f,1,884.1278,NA
9142,2,0,16,16,change,6,j,1,1327.5487,2
9142,2,0,17,17,nochange,6,f,1,1208.3136,NA
9142,2,0,18,18,nochange,6,f,1,1041.8506,NA
9142,2,0,19,19,change,6,j,1,1793.7074,NA
9142,2,0,20,20,nochange,6,f,1,937.5913,NA
9142,2,0,21,21,nochange,6,j,0,1019.4096,NA
9142,2,0,22,22,change,6,f,0,1217.2617,NA
9142,2,0,23,23,nochange,6,f,1,1293.3213,NA
9142,2,0,24,24,nochange,6,f,1,1533.1971,3
9142,2,0,25,25,nochange,6,j,0,1281.7741,NA
9142,2,0,26,26,change,6,j,1,1270.5328,NA
9142,2,0,27,27,change,6,f,0,1583.0829,NA
9142,2,0,28,28,change,6,f,0,1430.2334,NA
9142,2,0,29,29,nochange,6,j,0,706.3615,NA
9142,2,0,30,30,nochange,6,f,1,1898.0944,NA
9142,2,0,31,31,nochange,6,j,0,1033.5887,NA
9142,2,0,32,32,change,6,j,1,1366.6787,5
9142,2,0,33,33,nochange,6,f,1,1169.7274,NA
9142,2,0,34,34,change,6,j,1,898.1449,NA
9142,2,0,35,35,nochange,6,f,1,1066.9098,NA
9142,2,0,36,36,nochange,6,f,1,1713.6942,NA
9142,2,0,37,37,nochange,6,j,0,2205.7206,NA
9142,2,0,38,38,change,6,j,1,1051.5037,NA
9142,2,0,39,39,change,6,j,1,1192.2616,NA
9142,2,0,40,40,change,6,f,0,1259.0468,3
9142,2,0,41,41,change,6,j,1,1208.6075,NA
9142,2,0,42,42,nochange,6,f,1,1163.0318,NA
9142,2,0,43,43,change,6,j,1,1276.2375,NA
9142,2,0,44,44,change,6,j,1,1434.1943,NA
9142,2,0,45,45,change,6,f,0,2010.7872,NA
9142,2,0,46,46,nochange,6,j,0,1163.1641,NA
9142,2,0,47,47,nochange,6,j,0,1357.7106,NA
9142,2,0,48,48,change,6,f,0,1148.896,5
9142,2,0,49,49,nochange,6,f,1,898.7127,NA
9142,2,0,50,50,nochange,6,j,0,1261.8866,NA
9142,2,0,51,51,nochange,6,j,0,892.8639,NA
9142,2,0,52,52,nochange,6,f,1,1248.1932,NA
9142,2,0,53,53,change,6,f,0,770.3443,NA
9142,2,0,54,54,nochange,6,j,0,897.4862,NA
9142,2,0,55,55,change,6,f,0,1141.8228,NA
9142,2,0,56,56,nochange,6,f,1,1083.7119,2
9142,2,0,57,57,change,6,j,1,1645.1734,NA
9142,2,0,58,58,change,6,f,0,993.0672,NA
9142,2,0,59,59,change,6,j,1,945.0054,NA
9142,2,0,60,60,change,6,f,0,883.1368,NA
9143,2,practice,0,1,nochange,6,j,0,1000.3615,NA
9143,2,practice,0,2,nochange,6,f,1,928.1786,NA
9143,2,practice,0,3,change,6,j,1,1040.1466,NA
9143,2,practice,0,4,nochange,6,f,1,1001.435,NA
9143,2,practice,0,5,nochange,6,f,1,1032.8151,NA
9143,2,0,1,1,change,6,f,0,940.3303,NA
9143,2,0,2,2,nochange,6,f,1,925.4724,NA
9143,2,0,3,3,nochange,6,j,0,859.3477,NA
9143,2,0,4,4,change,6,f,0,16.4833,NA
9143,2,0,5,5,change,6,f,0,10.0322,NA
9143,2,0,6,6,nochange,6,f,1,17.6148,NA
9143,2,0,7,7,nochange,6,f,1,5.45180000001,NA
9143,2,0,8,8,nochange,6,f,1,11.1555,3
9143,2,0,9,9,nochange,6,f,1,4127.3814,NA
9143,2,0,10,10,nochange,6,f,1,295.4369,NA
9143,2,0,11,11,nochange,6,f,1,1919.5571,NA
9143,2,0,12,12,change,6,j,1,2395.5331,NA
9143,2,0,13,13,change,6,j,1,4.15420000002,NA
9143,2,0,14,14,nochange,6,j,0,3.42230000001,NA
9143,2,0,15,15,change,6,j,1,4.0865,NA
9143,2,0,16,16,nochange,6,f,1,6016.4597,3
9143,2,0,17,17,nochange,6,f,1,2.46340000001,NA
9143,2,0,18,18,change,6,f,0,4.80219999998,NA
9143,2,0,19,19,change,6,j,1,3.21470000001,NA
9143,2,0,20,20,change,6,f,0,4.5545,NA
9143,2,0,21,21,nochange,6,f,1,16.535,NA
9143,2,0,22,22,change,6,f,0,4.21630000003,NA
9143,2,0,23,23,change,6,j,1,3.81330000004,NA
9143,2,0,24,24,nochange,6,j,0,518.5822,4
9143,2,0,25,25,change,6,j,1,4.06059999997,NA
9143,2,0,26,26,nochange,6,j,0,8.04600000003,NA
9143,2,0,27,27,change,6,j,1,4.19430000003,NA
9143,2,0,28,28,change,6,j,1,5.31189999997,NA
9143,2,0,29,29,nochange,6,f,1,255.2347,NA
9143,2,0,30,30,nochange,6,j,0,3.71750000003,NA
9143,2,0,31,31,nochange,6,j,0,3.59899999993,NA
9143,2,0,32,32,change,6,f,0,9231.4862,4
9143,2,0,33,33,nochange,6,f,1,43026.5595,NA
9143,2,0,34,34,nochange,6,f,1,13122.0038,NA
9143,2,0,35,35,nochange,6,j,0,69062.586,NA
9143,2,0,36,36,change,6,j,1,3.66100000002,NA
9143,2,0,37,37,change,6,j,1,4.79209999996,NA
9143,2,0,38,38,nochange,6,f,1,4.8003,NA
9143,2,0,39,39,change,6,f,0,5.70610000001,NA
9143,2,0,40,40,nochange,6,f,1,5.38910000003,5
9143,2,0,41,41,change,6,f,0,6.85279999988,NA
9143,2,0,42,42,nochange,6,f,1,13759.6,NA
9143,2,0,43,43,change,6,f,0,13.6312000001,NA
9143,2,0,44,44,nochange,6,f,1,1392.4532,NA
9143,2,0,45,45,change,6,j,1,1450.1088,NA
9143,2,0,46,46,change,6,j,1,813.4116,NA
9143,2,0,47,47,nochange,6,f,1,3323.4658,NA
9143,2,0,48,48,change,6,j,1,1033.104,2
9143,2,0,49,49,nochange,6,j,0,15.9027999999,NA
9143,2,0,50,50,nochange,6,f,1,1356.9796,NA
9143,2,0,51,51,nochange,6,f,1,3871.9144,NA
9143,2,0,52,52,nochange,6,j,0,9336.3595,NA
9143,2,0,53,53,change,6,j,1,1558.6871,NA
9143,2,0,54,54,change,6,j,1,5265.7355,NA
9143,2,0,55,55,change,6,j,1,9583.4524,NA
9143,2,0,56,56,change,6,f,0,3.43310000002,3
9143,2,0,57,57,change,6,f,0,15.5085,NA
9143,2,0,58,58,change,6,j,1,4.14910000004,NA
9143,2,0,59,59,nochange,6,f,1,4.60519999999,NA
9143,2,0,60,60,change,6,f,0,3.92310000013,NA
9144,2,practice,0,1,nochange,6,f,1,1686.4034,NA
9144,2,practice,0,2,change,6,f,0,1227.9312,NA
9144,2,practice,0,3,change,6,j,1,919.3089,NA
9144,2,practice,0,4,change,6,f,0,899.009,NA
9144,2,practice,0,5,nochange,6,f,1,951.4944,NA
9144,2,0,1,1,change,6,j,1,1620.3024,NA
9144,2,0,2,2,nochange,6,f,1,2425.1916,NA
9144,2,0,3,3,nochange,6,f,1,1790.2978,NA
9144,2,0,4,4,nochange,6,j,0,3377.5417,NA
9144,2,0,5,5,nochange,6,f,1,1597.3453,NA
9144,2,0,6,6,change,6,j,1,972.3932,NA
9144,2,0,7,7,nochange,6,j,0,3761.0835,NA
9144,2,0,8,8,nochange,6,f,1,3053.5647,3
9144,2,0,9,9,nochange,6,f,1,924.2943,NA
9144,2,0,10,10,nochange,6,f,1,3817.5525,NA
9144,2,0,11,11,change,6,j,1,1488.7021,NA
9144,2,0,12,12,change,6,j,1,2193.0658,NA
9144,2,0,13,13,nochange,6,f,1,1300.2923,NA
9144,2,0,14,14,change,6,f,0,1423.1689,NA
9144,2,0,15,15,nochange,6,j,0,2530.921,NA
9144,2,0,16,16,nochange,6,f,1,3005.0052,5
9144,2,0,17,17,nochange,6,f,1,1597.6202,NA
9144,2,0,18,18,change,6,j,1,2359.7084,NA
9144,2,0,19,19,change,6,f,0,989.361,NA
9144,2,0,20,20,change,6,f,0,1131.169,NA
9144,2,0,21,21,nochange,6,f,1,870.4935,NA
9144,2,0,22,22,change,6,j,1,958.6666,NA
9144,2,0,23,23,change,6,f,0,3179.1886,NA
9144,2,0,24,24,change,6,j,1,1127.7394,3
9144,2,0,25,25,nochange,6,f,1,1139.7576,NA
9144,2,0,26,26,nochange,6,j,0,2614.5784,NA
9144,2,0,27,27,change,6,j,1,4788.6112,NA
9144,2,0,28,28,nochange,6,f,1,1442.713,NA
9144,2,0,29,29,nochange,6,f,1,1392.9483,NA
9144,2,0,30,30,change,6,j,1,1781.1922,NA
9144,2,0,31,31,nochange,6,f,1,2119.7063,NA
9144,2,0,32,32,nochange,6,f,1,3178.1033,3
9144,2,0,33,33,nochange,6,f,1,3230.5987,NA
9144,2,0,34,34,nochange,6,f,1,891.9704,NA
9144,2,0,35,35,change,6,f,0,1168.6299,NA
9144,2,0,36,36,change,6,j,1,1065.9089,NA
9144,2,0,37,37,nochange,6,f,1,4587.9982,NA
9144,2,0,38,38,change,6,j,1,1386.9124,NA
9144,2,0,39,39,nochange,6,j,0,5015.5568,NA
9144,2,0,40,40,change,6,j,1,2174.1968,5
9144,2,0,41,41,change,6,j,1,1328.7661,NA
9144,2,0,42,42,nochange,6,j,0,1427.3813,NA
9144,2,0,43,43,change,6,f,0,1170.4131,NA
9144,2,0,44,44,change,6,j,1,4083.4188,NA
9144,2,0,45,45,nochange,6,f,1,1415.5242,NA
9144,2,0,46,46,change,6,f,0,5560.5939,NA
9144,2,0,47,47,nochange,6,j,0,2486.2081,NA
9144,2,0,48,48,nochange,6,j,0,3561.229,5
9144,2,0,49,49,change,6,f,0,1894.2054,NA
9144,2,0,50,50,change,6,j,1,4546.6953,NA
9144,2,0,51,51,change,6,j,1,6608.7018,NA
9144,2,0,52,52,change,6,j,1,1094.2925,NA
9144,2,0,53,53,change,6,f,0,1183.4866,NA
9144,2,0,54,54,change,6,f,0,2039.7774,NA
9144,2,0,55,55,change,6,j,1,1371.0175,NA
9144,2,0,56,56,change,6,j,1,1442.9603,5
9144,2,0,57,57,change,6,j,1,2147.1436,NA
9144,2,0,58,58,nochange,6,f,1,2221.1403,NA
9144,2,0,59,59,nochange,6,f,1,1458.3345,NA
9144,2,0,60,60,nochange,6,j,0,1680.5404,NA
9145,2,practice,0,1,nochange,6,f,1,1489.1516,NA
9145,2,practice,0,2,change,6,j,1,1206.2693,NA
9145,2,practice,0,3,change,6,f,0,1391.5719,NA
9145,2,practice,0,4,nochange,6,f,1,985.7949,NA
9145,2,practice,0,5,change,6,j,1,1496.2993,NA
9145,2,0,1,1,change,6,j,1,975.8733,NA
9145,2,0,2,2,change,6,f,0,1029.7382,NA
9145,2,0,3,3,nochange,6,f,1,1429.4527,NA
9145,2,0,4,4,change,6,f,0,1310.2509,NA
9145,2,0,5,5,nochange,6,f,1,908.7358,NA
9145,2,0,6,6,nochange,6,f,1,818.4317,NA
9145,2,0,7,7,change,6,f,0,820.2881,NA
9145,2,0,8,8,nochange,6,f,1,739.306,1
9145,2,0,9,9,change,6,f,0,858.5854,NA
9145,2,0,10,10,change,6,j,1,956.7179,NA
9145,2,0,11,11,change,6,f,0,969.1568,NA
9145,2,0,12,12,nochange,6,f,1,821.2367,NA
9145,2,0,13,13,nochange,6,f,1,1196.5264,NA
9145,2,0,14,14,nochange,6,f,1,891.1188,NA
9145,2,0,15,15,change,6,f,0,1026.2369,NA
9145,2,0,16,16,nochange,6,f,1,1005.7762,1
9145,2,0,17,17,change,6,j,1,866.8178,NA
9145,2,0,18,18,nochange,6,f,1,1089.4374,NA
9145,2,0,19,19,nochange,6,f,1,815.6642,NA
9145,2,0,20,20,change,6,j,1,997.463,NA
9145,2,0,21,21,nochange,6,f,1,1185.9831,NA
9145,2,0,22,22,change,6,j,1,1662.5224,NA
9145,2,0,23,23,nochange,6,f,1,1338.2343,NA
9145,2,0,24,24,nochange,6,f,1,1030.3848,1
9145,2,0,25,25,nochange,6,j,0,1938.1158,NA
9145,2,0,26,26,nochange,6,f,1,1593.8577,NA
9145,2,0,27,27,nochange,6,f,1,1260.9021,NA
9145,2,0,28,28,nochange,6,f,1,1061.484,NA
9145,2,0,29,29,change,6,j,1,1030.2363,NA
9145,2,0,30,30,nochange,6,f,1,1474.1197,NA
9145,2,0,31,31,nochange,6,j,0,1962.3712,NA
9145,2,0,32,32,nochange,6,f,1,1579.4007,1
9145,2,0,33,33,nochange,6,f,1,1390.889,NA
9145,2,0,34,34,nochange,6,f,1,997.7013,NA
9145,2,0,35,35,change,6,f,0,1080.3914,NA
9145,2,0,36,36,nochange,6,f,1,4135.5883,NA
9145,2,0,37,37,change,6,j,1,1916.2284,NA
9145,2,0,38,38,change,6,j,1,2404.0967,NA
9145,2,0,39,39,change,6,j,1,3296.2021,NA
9145,2,0,40,40,nochange,6,f,1,877.2199,1
9145,2,0,41,41,change,6,f,0,1208.6077,NA
9145,2,0,42,42,change,6,j,1,888.3219,NA
9145,2,0,43,43,change,6,f,0,1061.5071,NA
9145,2,0,44,44,change,6,f,0,799.5662,NA
9145,2,0,45,45,change,6,f,0,903.5527,NA
9145,2,0,46,46,change,6,j,1,2694.0448,NA
9145,2,0,47,47,nochange,6,f,1,825.4567,NA
9145,2,0,48,48,change,6,j,1,1100.4556,1
9145,2,0,49,49,nochange,6,f,1,849.1128,NA
9145,2,0,50,50,nochange,6,f,1,785.7685,NA
9145,2,0,51,51,change,6,j,1,1227.4241,NA
9145,2,0,52,52,change,6,f,0,760.9838,NA
9145,2,0,53,53,change,6,f,0,676.8534,NA
9145,2,0,54,54,nochange,6,f,1,661.3794,NA
9145,2,0,55,55,change,6,j,1,1115.4737,NA
9145,2,0,56,56,nochange,6,f,1,1334.7715,2
9145,2,0,57,57,change,6,j,1,1426.3762,NA
9145,2,0,58,58,change,6,j,1,1210.6396,NA
9145,2,0,59,59,nochange,6,f,1,1208.1889,NA
9145,2,0,60,60,change,6,f,0,762.252,NA
9146,2,practice,0,1,change,6,j,1,1374.9239,NA
9146,2,practice,0,2,nochange,6,f,1,894.2456,NA
9146,2,practice,0,3,nochange,6,j,0,1795.5107,NA
9146,2,practice,0,4,change,6,j,1,1373.9416,NA
9146,2,practice,0,5,change,6,j,1,949.2415,NA
9146,2,0,1,1,change,6,f,0,1363.0429,NA
9146,2,0,2,2,nochange,6,f,1,2462.8548,NA
9146,2,0,3,3,nochange,6,f,1,1172.8419,NA
9146,2,0,4,4,change,6,j,1,1873.4119,NA
9146,2,0,5,5,change,6,f,0,1637.6335,NA
9146,2,0,6,6,nochange,6,f,1,1073.4027,NA
9146,2,0,7,7,change,6,f,0,1822.7735,NA
9146,2,0,8,8,nochange,6,j,0,1657.6583,5
9146,2,0,9,9,change,6,f,0,1718.1227,NA
9146,2,0,10,10,nochange,6,f,1,1757.8565,NA
9146,2,0,11,11,change,6,f,0,3420.2027,NA
9146,2,0,12,12,nochange,6,f,1,1091.2633,NA
9146,2,0,13,13,nochange,6,j,0,1376.4986,NA
9146,2,0,14,14,nochange,6,j,0,2108.3278,NA
9146,2,0,15,15,change,6,j,1,2627.3764,NA
9146,2,0,16,16,nochange,6,j,0,1338.5374,5
9146,2,0,17,17,nochange,6,f,1,1320.6871,NA
9146,2,0,18,18,nochange,6,j,0,2736.2126,NA
9146,2,0,19,19,change,6,j,1,1947.5596,NA
9146,2,0,20,20,change,6,j,1,1263.5901,NA
9146,2,0,21,21,nochange,6,j,0,3641.4105,NA
9146,2,0,22,22,nochange,6,j,0,1507.2785,NA
9146,2,0,23,23,change,6,j,1,1499.8852,NA
9146,2,0,24,24,nochange,6,f,1,1147.9651,2
9146,2,0,25,25,change,6,j,1,1524.3006,NA
9146,2,0,26,26,change,6,j,1,2348.9114,NA
9146,2,0,27,27,nochange,6,f,1,1229.7667,NA
9146,2,0,28,28,nochange,6,f,1,1950.919,NA
9146,2,0,29,29,change,6,j,1,1424.1125,NA
9146,2,0,30,30,nochange,6,f,1,1859.2101,NA
9146,2,0,31,31,change,6,f,0,1117.1181,NA
9146,2,0,32,32,change,6,f,0,1855.1964,1
9146,2,0,33,33,nochange,6,j,0,7464.1334,NA
9146,2,0,34,34,change,6,j,1,1054.4636,NA
9146,2,0,35,35,nochange,6,f,1,1045.0246,NA
9146,2,0,36,36,change,6,f,0,4684.3054,NA
9146,2,0,37,37,nochange,6,f,1,5319.6435,NA
9146,2,0,38,38,nochange,6,f,1,3487.5208,NA
9146,2,0,39,39,change,6,j,1,2287.3252,NA
9146,2,0,40,40,change,6,f,0,1985.8151,3
9146,2,0,41,41,change,6,j,1,3576.1982,NA
9146,2,0,42,42,nochange,6,j,0,4318.1288,NA
9146,2,0,43,43,change,6,f,0,1356.4839,NA
9146,2,0,44,44,nochange,6,j,0,1657.9233,NA
9146,2,0,45,45,change,6,j,1,2870.9839,NA
9146,2,0,46,46,change,6,f,0,1949.317,NA
9146,2,0,47,47,change,6,j,1,2042.8827000000001,NA
9146,2,0,48,48,change,6,j,1,1138.7734,3
9146,2,0,49,49,change,6,j,1,2346.1683,NA
9146,2,0,50,50,nochange,6,f,1,1017.132,NA
9146,2,0,51,51,change,6,f,0,2616.981,NA
9146,2,0,52,52,nochange,6,j,0,2465.0682,NA
9146,2,0,53,53,nochange,6,j,0,1839.849,NA
9146,2,0,54,54,change,6,j,1,1981.4093,NA
9146,2,0,55,55,nochange,6,f,1,7828.3841,NA
9146,2,0,56,56,nochange,6,f,1,1782.5751,3
9146,2,0,57,57,nochange,6,j,0,1795.707,NA
9146,2,0,58,58,change,6,j,1,4489.3529,NA
9146,2,0,59,59,change,6,j,1,1467.3907,NA
9146,2,0,60,60,nochange,6,f,1,3964.5228,NA
9147,2,practice,0,1,nochange,6,j,0,3634.7981,NA
9147,2,practice,0,2,nochange,6,f,1,706.6461,NA
9147,2,practice,0,3,nochange,6,f,1,1168.4791,NA
9147,2,practice,0,4,nochange,6,f,1,821.3619,NA
9147,2,practice,0,5,nochange,6,f,1,3408.3664,NA
9147,2,0,1,1,change,6,f,0,1209.784,NA
9147,2,0,2,2,change,6,j,1,998.3895,NA
9147,2,0,3,3,change,6,f,0,1813.7632,NA
9147,2,0,4,4,nochange,6,f,1,1216.0806,NA
9147,2,0,5,5,change,6,j,1,4672.2364,NA
9147,2,0,6,6,change,6,f,0,3320.1002,NA
9147,2,0,7,7,change,6,j,1,3024.8913,NA
9147,2,0,8,8,change,6,f,0,9545.4044,1
9147,2,0,9,9,nochange,6,f,1,1080.7207,NA
9147,2,0,10,10,change,6,j,1,809.2022,NA
9147,2,0,11,11,nochange,6,f,1,897.2013,NA
9147,2,0,12,12,change,6,j,1,929.1273,NA
9147,2,0,13,13,change,6,f,0,3658.0555,NA
9147,2,0,14,14,change,6,f,0,7783.8803,NA
9147,2,0,15,15,nochange,6,f,1,1025.6516,NA
9147,2,0,16,16,nochange,6,f,1,864.1983,1
9147,2,0,17,17,nochange,6,f,1,593.3837,NA
9147,2,0,18,18,change,6,j,1,758.1055,NA
9147,2,0,19,19,nochange,6,f,1,880.8463,NA
9147,2,0,20,20,change,6,j,1,1065.7135,NA
9147,2,0,21,21,change,6,j,1,3111.4152,NA
9147,2,0,22,22,change,6,j,1,1031.4627,NA
9147,2,0,23,23,change,6,f,0,3162.351,NA
9147,2,0,24,24,change,6,j,1,873.7811,1
9147,2,0,25,25,change,6,j,1,1890.5851,NA
9147,2,0,26,26,nochange,6,f,1,891.2959,NA
9147,2,0,27,27,change,6,j,1,2124.9469,NA
9147,2,0,28,28,change,6,f,0,1562.2796,NA
9147,2,0,29,29,nochange,6,f,1,3391.2192,NA
9147,2,0,30,30,change,6,f,0,1031.6859,NA
9147,2,0,31,31,nochange,6,f,1,915.1481,NA
9147,2,0,32,32,nochange,6,f,1,858.922,1
9147,2,0,33,33,change,6,j,1,1486.3061,NA
9147,2,0,34,34,nochange,6,f,1,1057.6728,NA
9147,2,0,35,35,nochange,6,f,1,1194.5124,NA
9147,2,0,36,36,nochange,6,f,1,1419.8989,NA
9147,2,0,37,37,nochange,6,f,1,1414.5421,NA
9147,2,0,38,38,change,6,j,1,932.1146,NA
9147,2,0,39,39,nochange,6,f,1,832.6926,NA
9147,2,0,40,40,nochange,6,f,1,949.745,1
9147,2,0,41,41,change,6,j,1,709.1711,NA
9147,2,0,42,42,nochange,6,f,1,686.843,NA
9147,2,0,43,43,nochange,6,f,1,4869.5229,NA
9147,2,0,44,44,change,6,f,0,930.7237,NA
9147,2,0,45,45,nochange,6,f,1,739.8019,NA
9147,2,0,46,46,nochange,6,f,1,731.2609,NA
9147,2,0,47,47,change,6,j,1,5467.2765,NA
9147,2,0,48,48,nochange,6,f,1,910.6324,1
9147,2,0,49,49,change,6,j,1,933.2928,NA
9147,2,0,50,50,nochange,6,f,1,758.3295,NA
9147,2,0,51,51,change,6,j,1,1550.8211,NA
9147,2,0,52,52,nochange,6,f,1,795.9554,NA
9147,2,0,53,53,nochange,6,j,0,1263.7536,NA
9147,2,0,54,54,nochange,6,f,1,1263.9256,NA
9147,2,0,55,55,nochange,6,f,1,2958.6221,NA
9147,2,0,56,56,nochange,6,f,1,3938.1262,1
9147,2,0,57,57,change,6,j,1,964.7889,NA
9147,2,0,58,58,nochange,6,f,1,877.5275,NA
9147,2,0,59,59,change,6,f,0,1552.8841,NA
9147,2,0,60,60,nochange,6,f,1,1084.199,NA
9148,2,practice,0,1,nochange,6,f,1,1664.6683,NA
9148,2,practice,0,2,change,6,j,1,1011.8522,NA
9148,2,practice,0,3,change,6,f,0,1163.5393,NA
9148,2,practice,0,4,nochange,6,f,1,1539.0268,NA
9148,2,practice,0,5,change,6,j,1,937.0228,NA
9148,2,0,1,1,change,6,j,1,1212.5885,NA
9148,2,0,2,2,nochange,6,j,0,2253.1843,NA
9148,2,0,3,3,nochange,6,f,1,960.5646,NA
9148,2,0,4,4,change,6,j,1,1583.8879,NA
9148,2,0,5,5,change,6,j,1,887.9266,NA
9148,2,0,6,6,change,6,f,0,851.9474,NA
9148,2,0,7,7,change,6,j,1,1141.7,NA
9148,2,0,8,8,nochange,6,f,1,1387.134,3
9148,2,0,9,9,nochange,6,f,1,5598.2584,NA
9148,2,0,10,10,nochange,6,j,0,1423.4822,NA
9148,2,0,11,11,change,6,j,1,1377.6598,NA
9148,2,0,12,12,change,6,j,1,1144.986,NA
9148,2,0,13,13,nochange,6,f,1,788.6082,NA
9148,2,0,14,14,nochange,6,f,1,710.9403,NA
9148,2,0,15,15,change,6,j,1,977.4557,NA
9148,2,0,16,16,nochange,6,j,0,1048.1096,1
9148,2,0,17,17,change,6,j,1,2464.3917,NA
9148,2,0,18,18,change,6,j,1,881.4933,NA
9148,2,0,19,19,change,6,j,1,1308.2228,NA
9148,2,0,20,20,change,6,f,0,939.8168,NA
9148,2,0,21,21,nochange,6,f,1,6.10459999996,NA
9148,2,0,22,22,nochange,6,f,1,1270.8586,NA
9148,2,0,23,23,change,6,f,0,2416.9147,NA
9148,2,0,24,24,change,6,j,1,1645.7148,5
9148,2,0,25,25,change,6,f,0,1469.6029,NA
9148,2,0,26,26,nochange,6,f,1,1280.0384,NA
9148,2,0,27,27,change,6,j,1,1289.152,NA
9148,2,0,28,28,nochange,6,j,0,1087.0307,NA
9148,2,0,29,29,change,6,f,0,7891.6925,NA
9148,2,0,30,30,nochange,6,f,1,4867.0569,NA
9148,2,0,31,31,change,6,f,0,1893.298,NA
9148,2,0,32,32,nochange,6,j,0,921.26,5
9148,2,0,33,33,nochange,6,f,1,1679.7698,NA
9148,2,0,34,34,change,6,j,1,2183.1353,NA
9148,2,0,35,35,nochange,6,f,1,1845.3642,NA
9148,2,0,36,36,nochange,6,f,1,3131.396,NA
9148,2,0,37,37,nochange,6,j,0,1896.0899,NA
9148,2,0,38,38,change,6,j,1,1647.3275,NA
9148,2,0,39,39,nochange,6,j,0,1715.6353,NA
9148,2,0,40,40,nochange,6,f,1,2549.6118,5
9148,2,0,41,41,change,6,f,0,3407.6678,NA
9148,2,0,42,42,nochange,6,j,0,2616.0758,NA
9148,2,0,43,43,change,6,j,1,1027.6428,NA
9148,2,0,44,44,nochange,6,j,0,1401.2452,NA
9148,2,0,45,45,nochange,6,f,1,1985.8075,NA
9148,2,0,46,46,change,6,j,1,895.5975,NA
9148,2,0,47,47,nochange,6,j,0,1032.8177,NA
9148,2,0,48,48,change,6,f,0,4537.877,4
9148,2,0,49,49,nochange,6,f,1,1475.7696,NA
9148,2,0,50,50,nochange,6,f,1,3054.6313,NA
9148,2,0,51,51,nochange,6,f,1,1684.1178,NA
9148,2,0,52,52,nochange,6,j,0,1785.8576,NA
9148,2,0,53,53,change,6,j,1,1803.6302,NA
9148,2,0,54,54,change,6,j,1,3186.5811,NA
9148,2,0,55,55,change,6,f,0,2019.7405,NA
9148,2,0,56,56,change,6,f,0,1693.1652,3
9148,2,0,57,57,change,6,j,1,2204.3712,NA
9148,2,0,58,58,change,6,f,0,803.5939,NA
9148,2,0,59,59,nochange,6,f,1,4.42239999992,NA
9148,2,0,60,60,nochange,6,f,1,1421.6883,NA
9149,2,practice,0,1,change,6,f,0,1602.2022,NA
9149,2,practice,0,2,nochange,6,f,1,0.264700000007,NA
9149,2,practice,0,3,change,6,f,0,829.8264,NA
9149,2,practice,0,4,change,6,j,1,621.3329,NA
9149,2,practice,0,5,nochange,6,j,0,398.7994,NA
9149,2,0,1,1,change,6,j,1,10.8899,NA
9149,2,0,2,2,change,6,j,1,5.20619999999,NA
9149,2,0,3,3,nochange,6,f,1,1114.6071,NA
9149,2,0,4,4,nochange,6,j,0,1091.0422,NA
9149,2,0,5,5,nochange,6,j,0,593.7009,NA
9149,2,0,6,6,nochange,6,f,1,1296.7406,NA
9149,2,0,7,7,change,6,j,1,984.3771,NA
9149,2,0,8,8,change,6,f,0,723.8238,2
9149,2,0,9,9,change,6,j,1,465.8025,NA
9149,2,0,10,10,nochange,6,j,0,712.2539,NA
9149,2,0,11,11,nochange,6,j,0,913.7653,NA
9149,2,0,12,12,nochange,6,j,0,628.9891,NA
9149,2,0,13,13,nochange,6,j,0,937.6647,NA
9149,2,0,14,14,change,6,f,0,1110.9947,NA
9149,2,0,15,15,change,6,j,1,534.8296,NA
9149,2,0,16,16,change,6,j,1,571.9286,2
9149,2,0,17,17,nochange,6,f,1,591.16010000000006,NA
9149,2,0,18,18,nochange,6,j,0,903.4738,NA
9149,2,0,19,19,change,6,j,1,505.1988,NA
9149,2,0,20,20,nochange,6,j,0,1141.3479,NA
9149,2,0,21,21,nochange,6,f,1,2348.7969,NA
9149,2,0,22,22,change,6,j,1,743.0282,NA
9149,2,0,23,23,nochange,6,f,1,1186.3324,NA
9149,2,0,24,24,change,6,f,0,962.4593,2
9149,2,0,25,25,change,6,j,1,1628.6922,NA
9149,2,0,26,26,nochange,6,j,0,1359.0966,NA
9149,2,0,27,27,nochange,6,f,1,2119.3588,NA
9149,2,0,28,28,change,6,j,1,2707.8586,NA
9149,2,0,29,29,nochange,6,j,0,632.3646,NA
9149,2,0,30,30,change,6,j,1,1382.714,NA
9149,2,0,31,31,change,6,j,1,941.5007,NA
9149,2,0,32,32,change,6,f,0,1151.2397,2
9149,2,0,33,33,change,6,j,1,931.9322,NA
9149,2,0,34,34,change,6,f,0,1405.3984,NA
9149,2,0,35,35,change,6,j,1,1105.5468,NA
9149,2,0,36,36,nochange,6,f,1,1726.906,NA
9149,2,0,37,37,nochange,6,j,0,1152.7824,NA
9149,2,0,38,38,nochange,6,j,0,1119.0697,NA
9149,2,0,39,39,change,6,j,1,937.8993,NA
9149,2,0,40,40,nochange,6,f,1,6983.5835,2
9149,2,0,41,41,change,6,j,1,1878.9326,NA
9149,2,0,42,42,nochange,6,j,0,1886.9893,NA
9149,2,0,43,43,change,6,f,0,1481.0808,NA
9149,2,0,44,44,nochange,6,j,0,940.323,NA
9149,2,0,45,45,nochange,6,j,0,951.4139,NA
9149,2,0,46,46,nochange,6,f,1,1246.3905,NA
9149,2,0,47,47,change,6,j,1,985.5599,NA
9149,2,0,48,48,nochange,6,j,0,846.9984,2
9149,2,0,49,49,change,6,j,1,911.513,NA
9149,2,0,50,50,change,6,j,1,762.988,NA
9149,2,0,51,51,change,6,j,1,796.2137,NA
9149,2,0,52,52,nochange,6,j,0,787.3924,NA
9149,2,0,53,53,change,6,j,1,1360.6062,NA
9149,2,0,54,54,nochange,6,j,0,1967.7608,NA
9149,2,0,55,55,nochange,6,f,1,586.1884,NA
9149,2,0,56,56,change,6,j,1,1083.6692,2
9149,2,0,57,57,nochange,6,j,0,1133.9686,NA
9149,2,0,58,58,change,6,f,0,4590.9297,NA
9149,2,0,59,59,change,6,j,1,818.245,NA
9149,2,0,60,60,nochange,6,f,1,481.0056,NA
9150,2,practice,0,1,change,6,f,0,8219.9241,NA
9150,2,practice,0,2,change,6,f,0,1062.7813,NA
9150,2,practice,0,3,change,6,j,1,2014.0592,NA
9150,2,practice,0,4,nochange,6,f,1,1337.1418,NA
9150,2,practice,0,5,nochange,6,j,0,1345.8468,NA
9150,2,0,1,1,change,6,j,1,1161.4664,NA
9150,2,0,2,2,change,6,j,1,1134.0713,NA
9150,2,0,3,3,change,6,j,1,1412.2157,NA
9150,2,0,4,4,nochange,6,f,1,1057.5224,NA
9150,2,0,5,5,change,6,j,1,1203.7549,NA
9150,2,0,6,6,change,6,j,1,2248.2549,NA
9150,2,0,7,7,change,6,f,0,2421.1275,NA
9150,2,0,8,8,nochange,6,f,1,2506.9805,1
9150,2,0,9,9,change,6,f,0,1879.8101,NA
9150,2,0,10,10,change,6,j,1,2652.7493,NA
9150,2,0,11,11,nochange,6,f,1,1967.6175,NA
9150,2,0,12,12,change,6,f,0,2525.2522,NA
9150,2,0,13,13,change,6,j,1,1699.8421,NA
9150,2,0,14,14,nochange,6,j,0,3026.9969,NA
9150,2,0,15,15,nochange,6,f,1,1312.0533,NA
9150,2,0,16,16,nochange,6,f,1,1706.5957,2
9150,2,0,17,17,nochange,6,f,1,1364.1152,NA
9150,2,0,18,18,change,6,j,1,1384.2121,NA
9150,2,0,19,19,nochange,6,f,1,2324.8781,NA
9150,2,0,20,20,nochange,6,f,1,1328.6646,NA
9150,2,0,21,21,nochange,6,f,1,1088.8526,NA
9150,2,0,22,22,nochange,6,j,0,1615.2708,NA
9150,2,0,23,23,nochange,6,f,1,2490.4452,NA
9150,2,0,24,24,change,6,j,1,3306.2242,3
9150,2,0,25,25,change,6,f,0,1543.2612,NA
9150,2,0,26,26,change,6,f,0,2533.6993,NA
9150,2,0,27,27,nochange,6,j,0,1541.0575,NA
9150,2,0,28,28,nochange,6,f,1,1764.785,NA
9150,2,0,29,29,nochange,6,f,1,2086.2054,NA
9150,2,0,30,30,change,6,j,1,1355.6921,NA
9150,2,0,31,31,change,6,j,1,3311.9469,NA
9150,2,0,32,32,change,6,j,1,1523.5009,2
9150,2,0,33,33,nochange,6,f,1,1648.7308,NA
9150,2,0,34,34,nochange,6,f,1,1752.0693,NA
9150,2,0,35,35,nochange,6,f,1,1201.4202,NA
9150,2,0,36,36,change,6,j,1,1545.0187,NA
9150,2,0,37,37,change,6,f,0,3044.2954,NA
9150,2,0,38,38,nochange,6,f,1,1297.3851,NA
9150,2,0,39,39,change,6,j,1,1066.5692,NA
9150,2,0,40,40,change,6,f,0,1415.2026,2
9150,2,0,41,41,change,6,f,0,1801.7426,NA
9150,2,0,42,42,change,6,j,1,1345.175,NA
9150,2,0,43,43,nochange,6,j,0,4631.4308,NA
9150,2,0,44,44,nochange,6,f,1,1230.4534,NA
9150,2,0,45,45,change,6,j,1,1139.7539,NA
9150,2,0,46,46,change,6,j,1,2407.3811,NA
9150,2,0,47,47,nochange,6,f,1,2703.7569,NA
9150,2,0,48,48,nochange,6,f,1,1612.7572,2
9150,2,0,49,49,nochange,6,j,0,2428.7976,NA
9150,2,0,50,50,nochange,6,f,1,2756.1974,NA
9150,2,0,51,51,nochange,6,j,0,2616.1573,NA
9150,2,0,52,52,nochange,6,f,1,1312.6855,NA
9150,2,0,53,53,change,6,j,1,1356.6779,NA
9150,2,0,54,54,nochange,6,f,1,1016.7585,NA
9150,2,0,55,55,nochange,6,j,0,1494.0086,NA
9150,2,0,56,56,nochange,6,j,0,2655.2185,3
9150,2,0,57,57,change,6,j,1,1820.3858,NA
9150,2,0,58,58,change,6,f,0,1158.8681,NA
9150,2,0,59,59,change,6,j,1,1531.4625,NA
9150,2,0,60,60,change,6,f,0,1751.5148,NA
9151,2,practice,0,1,change,6,j,1,5008.4314,NA
9151,2,practice,0,2,nochange,6,f,1,1846.9664,NA
9151,2,practice,0,3,nochange,6,f,1,2607.6666,NA
9151,2,practice,0,4,change,6,j,1,1728.6721,NA
9151,2,practice,0,5,nochange,6,j,0,1903.3353,NA
9151,2,0,1,1,change,6,j,1,2228.8639,NA
9151,2,0,2,2,nochange,6,f,1,1158.8028,NA
9151,2,0,3,3,nochange,6,f,1,2482.433,NA
9151,2,0,4,4,change,6,j,1,1614.9248,NA
9151,2,0,5,5,change,6,j,1,3923.5529,NA
9151,2,0,6,6,nochange,6,f,1,2146.9296,NA
9151,2,0,7,7,change,6,j,1,2315.6105,NA
9151,2,0,8,8,nochange,6,j,0,2250.2697,4
9151,2,0,9,9,nochange,6,f,1,1293.7772,NA
9151,2,0,10,10,nochange,6,f,1,1718.9925,NA
9151,2,0,11,11,nochange,6,f,1,1121.9249,NA
9151,2,0,12,12,change,6,j,1,1476.7944,NA
9151,2,0,13,13,nochange,6,f,1,5971.1037,NA
9151,2,0,14,14,nochange,6,f,1,1905.9988,NA
9151,2,0,15,15,change,6,j,1,1470.8812,NA
9151,2,0,16,16,nochange,6,f,1,1122.4032,2
9151,2,0,17,17,nochange,6,f,1,1504.102,NA
9151,2,0,18,18,change,6,j,1,1248.046,NA
9151,2,0,19,19,change,6,f,0,5323.6469,NA
9151,2,0,20,20,nochange,6,f,1,1460.8961,NA
9151,2,0,21,21,change,6,f,0,3390.1649,NA
9151,2,0,22,22,nochange,6,f,1,1634.1966,NA
9151,2,0,23,23,change,6,j,1,1773.1403,NA
9151,2,0,24,24,change,6,j,1,2446.7288,4
9151,2,0,25,25,nochange,6,f,1,1195.8913,NA
9151,2,0,26,26,nochange,6,f,1,2422.0611,NA
9151,2,0,27,27,change,6,j,1,1619.118,NA
9151,2,0,28,28,nochange,6,f,1,1919.1867,NA
9151,2,0,29,29,change,6,j,1,2623.7102,NA
9151,2,0,30,30,change,6,j,1,1036.7708,NA
9151,2,0,31,31,nochange,6,f,1,1381.3295,NA
9151,2,0,32,32,change,6,j,1,1656.8551,2
9151,2,0,33,33,nochange,6,f,1,1918.5121,NA
9151,2,0,34,34,nochange,6,f,1,1194.3881,NA
9151,2,0,35,35,nochange,6,f,1,1775.0952,NA
9151,2,0,36,36,change,6,j,1,1519.3885,NA
9151,2,0,37,37,change,6,j,1,1386.7239,NA
9151,2,0,38,38,nochange,6,f,1,1816.2137,NA
9151,2,0,39,39,nochange,6,f,1,1779.5147,NA
9151,2,0,40,40,nochange,6,f,1,1108.5079,2
9151,2,0,41,41,change,6,j,1,1086.5031,NA
9151,2,0,42,42,change,6,j,1,1776.8329,NA
9151,2,0,43,43,change,6,j,1,1868.8344,NA
9151,2,0,44,44,change,6,j,1,1186.597,NA
9151,2,0,45,45,change,6,j,1,1007.348,NA
9151,2,0,46,46,change,6,j,1,2516.9048,NA
9151,2,0,47,47,change,6,f,0,2464.3562,NA
9151,2,0,48,48,nochange,6,f,1,1572.8031,4
9151,2,0,49,49,nochange,6,f,1,1335.8237,NA
9151,2,0,50,50,nochange,6,f,1,3237.9117,NA
9151,2,0,51,51,nochange,6,f,1,1119.6197,NA
9151,2,0,52,52,nochange,6,j,0,3426.2473,NA
9151,2,0,53,53,change,6,j,1,3071.4163,NA
9151,2,0,54,54,change,6,j,1,2737.7486,NA
9151,2,0,55,55,nochange,6,f,1,2607.7698,NA
9151,2,0,56,56,change,6,j,1,3901.5422,3
9151,2,0,57,57,nochange,6,f,1,1101.3656,NA
9151,2,0,58,58,change,6,f,0,1553.9146,NA
9151,2,0,59,59,change,6,j,1,2065.8527,NA
9151,2,0,60,60,change,6,j,1,2405.2878,NA
9152,2,practice,0,1,nochange,6,f,1,3082.7109,NA
9152,2,practice,0,2,change,6,j,1,1401.8062,NA
9152,2,practice,0,3,nochange,6,f,1,3961.4053,NA
9152,2,practice,0,4,nochange,6,f,1,1244.9231,NA
9152,2,practice,0,5,change,6,j,1,1172.3419,NA
9152,2,0,1,1,nochange,6,f,1,1474.2674,NA
9152,2,0,2,2,change,6,j,1,929.3621,NA
9152,2,0,3,3,change,6,j,1,784.5582,NA
9152,2,0,4,4,change,6,j,1,1136.303,NA
9152,2,0,5,5,change,6,j,1,1014.3723,NA
9152,2,0,6,6,nochange,6,f,1,3692.0616,NA
9152,2,0,7,7,change,6,j,1,1047.6285,NA
9152,2,0,8,8,nochange,6,f,1,2338.5067,1
9152,2,0,9,9,nochange,6,f,1,1248.3058,NA
9152,2,0,10,10,nochange,6,f,1,2064.8274,NA
9152,2,0,11,11,change,6,j,1,4283.8594,NA
9152,2,0,12,12,nochange,6,f,1,1944.7965,NA
9152,2,0,13,13,change,6,j,1,2401.0619,NA
9152,2,0,14,14,nochange,6,j,0,3575.8008,NA
9152,2,0,15,15,change,6,j,1,2715.7303,NA
9152,2,0,16,16,change,6,f,0,4563.2028,3
9152,2,0,17,17,nochange,6,f,1,992.5514,NA
9152,2,0,18,18,nochange,6,f,1,2762.8775,NA
9152,2,0,19,19,nochange,6,f,1,1381.8001,NA
9152,2,0,20,20,change,6,j,1,926.7859,NA
9152,2,0,21,21,nochange,6,f,1,1723.4601,NA
9152,2,0,22,22,change,6,f,0,7.46529999998,NA
9152,2,0,23,23,nochange,6,j,0,4751.0384,NA
9152,2,0,24,24,nochange,6,f,1,1290.4328,2
9152,2,0,25,25,change,6,f,0,2053.8253,NA
9152,2,0,26,26,nochange,6,f,1,2094.9999,NA
9152,2,0,27,27,nochange,6,f,1,1984.3037,NA
9152,2,0,28,28,nochange,6,f,1,1683.0809,NA
9152,2,0,29,29,nochange,6,f,1,8055.5819,NA
9152,2,0,30,30,nochange,6,f,1,8362.1064,NA
9152,2,0,31,31,nochange,6,f,1,1311.0016,NA
9152,2,0,32,32,nochange,6,f,1,939.5858,5
9152,2,0,33,33,change,6,f,0,1026.3031,NA
9152,2,0,34,34,nochange,6,j,0,1330.9129,NA
9152,2,0,35,35,change,6,j,1,859.4243,NA
9152,2,0,36,36,nochange,6,f,1,768.7694,NA
9152,2,0,37,37,change,6,j,1,803.9564,NA
9152,2,0,38,38,nochange,6,f,1,2173.1641,NA
9152,2,0,39,39,change,6,f,0,8766.6984,NA
9152,2,0,40,40,change,6,f,0,3380.1363,3
9152,2,0,41,41,change,6,j,1,710.63,NA
9152,2,0,42,42,change,6,f,0,6415.836,NA
9152,2,0,43,43,change,6,j,1,862.8219,NA
9152,2,0,44,44,nochange,6,f,1,1703.021,NA
9152,2,0,45,45,change,6,f,0,4765.9896,NA
9152,2,0,46,46,nochange,6,j,0,6.66330000001,NA
9152,2,0,47,47,nochange,6,f,1,1214.7108,NA
9152,2,0,48,48,change,6,f,0,3080.6175,3
9152,2,0,49,49,nochange,6,f,1,1608.3184,NA
9152,2,0,50,50,change,6,j,1,15.311,NA
9152,2,0,51,51,change,6,f,0,2221.5851,NA
9152,2,0,52,52,change,6,f,0,4494.9211,NA
9152,2,0,53,53,change,6,f,0,6.76280000014,NA
9152,2,0,54,54,change,6,f,0,3619.6868,NA
9152,2,0,55,55,change,6,j,1,9.90989999997,NA
9152,2,0,56,56,change,6,f,0,12549.6812,4
9152,2,0,57,57,nochange,6,f,1,4.41599999997,NA
9152,2,0,58,58,nochange,6,f,1,3.37719999999,NA
9152,2,0,59,59,change,6,f,0,3.09979999997,NA
9152,2,0,60,60,nochange,6,f,1,1360.1687,NA
9153,2,practice,0,1,nochange,6,j,0,0.738400000002,NA
9153,2,practice,0,2,nochange,6,j,0,8.35219999999,NA
9153,2,practice,0,3,change,6,f,0,10.5326,NA
9153,2,practice,0,4,change,6,j,1,0.434399999998,NA
9153,2,practice,0,5,nochange,6,j,0,1.4301,NA
9153,2,0,1,1,change,6,j,1,8.89569999999,NA
9153,2,0,2,2,nochange,6,j,0,4.48019999999,NA
9153,2,0,3,3,nochange,6,j,0,8.736,NA
9153,2,0,4,4,change,6,j,1,3.7959,NA
9153,2,0,5,5,nochange,6,j,0,4.5724,NA
9153,2,0,6,6,nochange,6,j,0,7.7258,NA
9153,2,0,7,7,nochange,6,j,0,2.5628,NA
9153,2,0,8,8,nochange,6,j,0,2.96470000001,2
9153,2,0,9,9,change,6,j,1,4.32430000001,NA
9153,2,0,10,10,nochange,6,j,0,4.9345,NA
9153,2,0,11,11,change,6,j,1,3.5165,NA
9153,2,0,12,12,change,6,j,1,4.11270000003,NA
9153,2,0,13,13,change,6,j,1,3.71849999999,NA
9153,2,0,14,14,nochange,6,j,0,3.52219999998,NA
9153,2,0,15,15,change,6,j,1,4.17189999999,NA
9153,2,0,16,16,nochange,6,j,0,4.60959999997,1
9153,2,0,17,17,nochange,6,j,0,3.5061,NA
9153,2,0,18,18,change,6,j,1,4.4535,NA
9153,2,0,19,19,change,6,j,1,3.58740000002,NA
9153,2,0,20,20,change,6,j,1,7.93169999999,NA
9153,2,0,21,21,nochange,6,j,0,4.67740000002,NA
9153,2,0,22,22,nochange,6,j,0,4.34650000001,NA
9153,2,0,23,23,change,6,j,1,2.85570000001,NA
9153,2,0,24,24,nochange,6,j,0,3.1384,1
9153,2,0,25,25,change,6,j,1,4.2727,NA
9153,2,0,26,26,change,6,j,1,3.5594,NA
9153,2,0,27,27,change,6,j,1,3.20799999998,NA
9153,2,0,28,28,change,6,j,1,3.89589999997,NA
9153,2,0,29,29,change,6,j,1,3.56310000003,NA
9153,2,0,30,30,change,6,j,1,4.21260000003,NA
9153,2,0,31,31,nochange,6,j,0,3.89769999997,NA
9153,2,0,32,32,nochange,6,j,0,2.96090000001,1
9153,2,0,33,33,change,6,j,1,4.35169999994,NA
9153,2,0,34,34,change,6,j,1,6.45359999995,NA
9153,2,0,35,35,nochange,6,j,0,3.09980000003,NA
9153,2,0,36,36,nochange,6,j,0,3.61049999995,NA
9153,2,0,37,37,change,6,j,1,4.34999999998,NA
9153,2,0,38,38,nochange,6,j,0,4.25339999999,NA
9153,2,0,39,39,change,6,j,1,4.07810000004,NA
9153,2,0,40,40,nochange,6,j,0,4.39040000003,2
9153,2,0,41,41,nochange,6,j,0,4.56799999997,NA
9153,2,0,42,42,change,6,j,1,3.55939999997,NA
9153,2,0,43,43,nochange,6,j,0,8.75490000006,NA
9153,2,0,44,44,nochange,6,j,0,5.40350000001,NA
9153,2,0,45,45,change,6,j,1,3.08669999999,NA
9153,2,0,46,46,nochange,6,j,0,2.86239999998,NA
9153,2,0,47,47,change,6,j,1,3.94679999998,NA
9153,2,0,48,48,change,6,j,1,4.73810000002,2
9153,2,0,49,49,nochange,6,j,0,3.55530000001,NA
9153,2,0,50,50,change,6,j,1,4.31570000004,NA
9153,2,0,51,51,change,6,j,1,3.87109999993,NA
9153,2,0,52,52,nochange,6,j,0,6.91320000001,NA
9153,2,0,53,53,nochange,6,j,0,3.75890000002,NA
9153,2,0,54,54,change,6,j,1,4.1986,NA
9153,2,0,55,55,nochange,6,j,0,4.70260000002,NA
9153,2,0,56,56,nochange,6,j,0,4.36009999993,2
9153,2,0,57,57,change,6,j,1,3.81969999993,NA
9153,2,0,58,58,nochange,6,j,0,3.57529999991,NA
9153,2,0,59,59,change,6,j,1,7.14570000005,NA
9153,2,0,60,60,nochange,6,j,0,4.39079999999,NA
9154,2,practice,0,1,change,6,f,0,1189.554,NA
9154,2,practice,0,2,change,6,j,1,941.9789,NA
9154,2,practice,0,3,nochange,6,f,1,567.7266,NA
9154,2,practice,0,4,nochange,6,j,0,1197.6331,NA
9154,2,practice,0,5,change,6,j,1,1222.5403,NA
9154,2,0,1,1,nochange,6,f,1,1449.194,NA
9154,2,0,2,2,change,6,j,1,1248.6685,NA
9154,2,0,3,3,change,6,j,1,1623.0979,NA
9154,2,0,4,4,change,6,j,1,1029.4831,NA
9154,2,0,5,5,change,6,j,1,989.7183,NA
9154,2,0,6,6,change,6,j,1,1222.79,NA
9154,2,0,7,7,nochange,6,f,1,1117.43,NA
9154,2,0,8,8,change,6,f,0,2057.7536,5
9154,2,0,9,9,nochange,6,f,1,1152.6473,NA
9154,2,0,10,10,nochange,6,f,1,1320.6825,NA
9154,2,0,11,11,change,6,j,1,1233.8146,NA
9154,2,0,12,12,nochange,6,f,1,674.7788,NA
9154,2,0,13,13,change,6,f,0,1045.2062,NA
9154,2,0,14,14,change,6,j,1,1048.7523,NA
9154,2,0,15,15,nochange,6,f,1,1210.93,NA
9154,2,0,16,16,change,6,f,0,1169.2237,3
9154,2,0,17,17,change,6,j,1,2128.5594,NA
9154,2,0,18,18,nochange,6,f,1,690.4318,NA
9154,2,0,19,19,change,6,j,1,4940.0117,NA
9154,2,0,20,20,change,6,f,0,1007.7053,NA
9154,2,0,21,21,change,6,j,1,854.1222,NA
9154,2,0,22,22,nochange,6,f,1,839.8205,NA
9154,2,0,23,23,change,6,f,0,1505.1838,NA
9154,2,0,24,24,change,6,f,0,2530.0498,3
9154,2,0,25,25,nochange,6,j,0,3023.4077,NA
9154,2,0,26,26,change,6,j,1,1333.5634,NA
9154,2,0,27,27,change,6,j,1,3449.5747,NA
9154,2,0,28,28,nochange,6,f,1,3274.8097,NA
9154,2,0,29,29,nochange,6,f,1,798.9035,NA
9154,2,0,30,30,change,6,f,0,614.7541,NA
9154,2,0,31,31,change,6,f,0,1788.4903,NA
9154,2,0,32,32,nochange,6,f,1,725.6314,5
9154,2,0,33,33,nochange,6,f,1,843.8668,NA
9154,2,0,34,34,nochange,6,f,1,1598.8364,NA
9154,2,0,35,35,nochange,6,f,1,685.431,NA
9154,2,0,36,36,nochange,6,f,1,1227.5096,NA
9154,2,0,37,37,change,6,j,1,991.3897,NA
9154,2,0,38,38,nochange,6,f,1,919.9503,NA
9154,2,0,39,39,change,6,f,0,1233.8026,NA
9154,2,0,40,40,change,6,f,0,1198.0067,2
9154,2,0,41,41,nochange,6,f,1,1917.9388,NA
9154,2,0,42,42,nochange,6,j,0,987.2409,NA
9154,2,0,43,43,change,6,f,0,938.9398,NA
9154,2,0,44,44,nochange,6,f,1,3711.4401,NA
9154,2,0,45,45,nochange,6,f,1,1446.0332,NA
9154,2,0,46,46,nochange,6,f,1,714.9499,NA
9154,2,0,47,47,nochange,6,f,1,598.6485,NA
9154,2,0,48,48,nochange,6,j,0,661.1906,3
9154,2,0,49,49,change,6,f,0,2026.6317,NA
9154,2,0,50,50,nochange,6,j,0,933.7455,NA
9154,2,0,51,51,nochange,6,f,1,1295.837,NA
9154,2,0,52,52,nochange,6,f,1,886.987,NA
9154,2,0,53,53,nochange,6,f,1,1026.1689,NA
9154,2,0,54,54,change,6,j,1,1064.4143,NA
9154,2,0,55,55,nochange,6,f,1,805.5458,NA
9154,2,0,56,56,change,6,j,1,980.4294,3
9154,2,0,57,57,change,6,f,0,1048.5177,NA
9154,2,0,58,58,nochange,6,f,1,860.9143,NA
9154,2,0,59,59,change,6,j,1,936.6422,NA
9154,2,0,60,60,change,6,f,0,500.7684,NA
9155,2,practice,0,1,change,6,f,0,3675.9771,NA
9155,2,practice,0,2,nochange,6,j,0,1047.7489,NA
9155,2,practice,0,3,change,6,j,1,1050.0578,NA
9155,2,practice,0,4,change,6,j,1,1054.6581,NA
9155,2,practice,0,5,nochange,6,f,1,989.876,NA
9155,2,0,1,1,change,6,j,1,1438.9945,NA
9155,2,0,2,2,nochange,6,f,1,1148.4255,NA
9155,2,0,3,3,change,6,j,1,1053.2731,NA
9155,2,0,4,4,change,6,j,1,819.4868,NA
9155,2,0,5,5,change,6,f,0,869.2966,NA
9155,2,0,6,6,nochange,6,j,0,514.3646,NA
9155,2,0,7,7,nochange,6,f,1,653.4232,NA
9155,2,0,8,8,nochange,6,f,1,1114.2059,2
9155,2,0,9,9,change,6,j,1,878.3289,NA
9155,2,0,10,10,change,6,j,1,1047.2421,NA
9155,2,0,11,11,change,6,j,1,955.664,NA
9155,2,0,12,12,change,6,j,1,940.4826,NA
9155,2,0,13,13,change,6,f,0,1707.5614,NA
9155,2,0,14,14,change,6,j,1,1225.5861,NA
9155,2,0,15,15,change,6,j,1,1083.5289,NA
9155,2,0,16,16,nochange,6,j,0,1039.0065,3
9155,2,0,17,17,change,6,j,1,319.2854,NA
9155,2,0,18,18,nochange,6,j,0,886.7776,NA
9155,2,0,19,19,nochange,6,f,1,1026.5338,NA
9155,2,0,20,20,change,6,j,1,1538.781,NA
9155,2,0,21,21,nochange,6,f,1,937.5844,NA
9155,2,0,22,22,nochange,6,j,0,887.0392,NA
9155,2,0,23,23,nochange,6,j,0,1745.3729,NA
9155,2,0,24,24,change,6,j,1,1052.2188,3
9155,2,0,25,25,nochange,6,j,0,1974.4409,NA
9155,2,0,26,26,nochange,6,f,1,567.737,NA
9155,2,0,27,27,change,6,j,1,880.6147,NA
9155,2,0,28,28,change,6,f,0,567.819,NA
9155,2,0,29,29,change,6,j,1,600.7633,NA
9155,2,0,30,30,nochange,6,f,1,721.7975,NA
9155,2,0,31,31,change,6,j,1,465.2388,NA
9155,2,0,32,32,change,6,f,0,714.6962,3
9155,2,0,33,33,nochange,6,j,0,584.7957,NA
9155,2,0,34,34,change,6,f,0,490.8097,NA
9155,2,0,35,35,nochange,6,f,1,770.53,NA
9155,2,0,36,36,change,6,j,1,868.526,NA
9155,2,0,37,37,nochange,6,j,0,833.5703,NA
9155,2,0,38,38,nochange,6,f,1,838.164,NA
9155,2,0,39,39,nochange,6,f,1,1158.6682,NA
9155,2,0,40,40,nochange,6,j,0,407.0315,3
9155,2,0,41,41,nochange,6,f,1,361.2838,NA
9155,2,0,42,42,nochange,6,j,0,343.6419,NA
9155,2,0,43,43,change,6,f,0,266.0862,NA
9155,2,0,44,44,change,6,j,1,366.5156,NA
9155,2,0,45,45,nochange,6,f,1,1928.7301,NA
9155,2,0,46,46,change,6,j,1,1342.2449,NA
9155,2,0,47,47,nochange,6,f,1,623.502,NA
9155,2,0,48,48,nochange,6,j,0,500.3343,3
9155,2,0,49,49,nochange,6,f,1,419.0144,NA
9155,2,0,50,50,change,6,f,0,2.94880000001,NA
9155,2,0,51,51,nochange,6,j,0,621.3777,NA
9155,2,0,52,52,change,6,f,0,593.0782,NA
9155,2,0,53,53,nochange,6,f,1,10.8799999999,NA
9155,2,0,54,54,change,6,f,0,1048.1939,NA
9155,2,0,55,55,change,6,f,0,2974.0256,NA
9155,2,0,56,56,nochange,6,j,0,4.01299999992,3
9155,2,0,57,57,change,6,j,1,459.7013,NA
9155,2,0,58,58,change,6,f,0,678.8762,NA
9155,2,0,59,59,nochange,6,j,0,4989.8407,NA
9155,2,0,60,60,nochange,6,f,1,367.3886,NA
9156,2,practice,0,1,change,6,j,1,3817.7389,NA
9156,2,practice,0,2,change,6,f,0,972.5404,NA
9156,2,practice,0,3,nochange,6,f,1,1261.7322,NA
9156,2,practice,0,4,nochange,6,f,1,779.6298,NA
9156,2,practice,0,5,nochange,6,j,0,911.8806,NA
9156,2,0,1,1,change,6,j,1,1066.2786,NA
9156,2,0,2,2,change,6,j,1,1305.6213,NA
9156,2,0,3,3,nochange,6,f,1,1202.3364,NA
9156,2,0,4,4,nochange,6,j,0,964.6016,NA
9156,2,0,5,5,change,6,f,0,694.4552,NA
9156,2,0,6,6,change,6,f,0,922.3014,NA
9156,2,0,7,7,nochange,6,f,1,930.2509,NA
9156,2,0,8,8,change,6,j,1,841.108,3
9156,2,0,9,9,nochange,6,j,0,1491.1664,NA
9156,2,0,10,10,nochange,6,j,0,1208.9999,NA
9156,2,0,11,11,change,6,j,1,1164.4458,NA
9156,2,0,12,12,nochange,6,f,1,1387.446,NA
9156,2,0,13,13,nochange,6,f,1,1994.8478,NA
9156,2,0,14,14,change,6,f,0,1017.8433,NA
9156,2,0,15,15,nochange,6,f,1,716.0822,NA
9156,2,0,16,16,change,6,j,1,1443.3346,3
9156,2,0,17,17,nochange,6,j,0,579.7319,NA
9156,2,0,18,18,change,6,f,0,1653.6356,NA
9156,2,0,19,19,change,6,f,0,885.936,NA
9156,2,0,20,20,change,6,j,1,913.4078,NA
9156,2,0,21,21,nochange,6,f,1,1840.8973,NA
9156,2,0,22,22,nochange,6,j,0,1233.1337,NA
9156,2,0,23,23,nochange,6,f,1,692.6497,NA
9156,2,0,24,24,change,6,f,0,1075.5364,3
9156,2,0,25,25,change,6,j,1,993.8333,NA
9156,2,0,26,26,nochange,6,j,0,1324.2655,NA
9156,2,0,27,27,change,6,f,0,1349.8895,NA
9156,2,0,28,28,change,6,j,1,1201.749,NA
9156,2,0,29,29,nochange,6,j,0,633.4768,NA
9156,2,0,30,30,nochange,6,j,0,807.6167,NA
9156,2,0,31,31,nochange,6,j,0,743.989,NA
9156,2,0,32,32,change,6,f,0,1029.0816,3
9156,2,0,33,33,change,6,j,1,1125.6558,NA
9156,2,0,34,34,nochange,6,j,0,1008.6301,NA
9156,2,0,35,35,nochange,6,f,1,1495.4736,NA
9156,2,0,36,36,nochange,6,j,0,1258.2938,NA
9156,2,0,37,37,nochange,6,j,0,1008.2509,NA
9156,2,0,38,38,change,6,f,0,861.4571,NA
9156,2,0,39,39,nochange,6,j,0,1658.2566,NA
9156,2,0,40,40,nochange,6,j,0,1807.405,3
9156,2,0,41,41,change,6,j,1,930.5786,NA
9156,2,0,42,42,change,6,f,0,796.1444,NA
9156,2,0,43,43,nochange,6,f,1,1771.0948,NA
9156,2,0,44,44,nochange,6,f,1,938.5458,NA
9156,2,0,45,45,change,6,f,0,659.7918,NA
9156,2,0,46,46,nochange,6,f,1,1568.0851,NA
9156,2,0,47,47,change,6,f,0,1563.1389,NA
9156,2,0,48,48,change,6,f,0,803.0249,3
9156,2,0,49,49,change,6,f,0,862.0085,NA
9156,2,0,50,50,nochange,6,f,1,3152.3726,NA
9156,2,0,51,51,change,6,f,0,3802.8016,NA
9156,2,0,52,52,nochange,6,f,1,1109.7346,NA
9156,2,0,53,53,change,6,f,0,1411.0612,NA
9156,2,0,54,54,change,6,f,0,1866.9133,NA
9156,2,0,55,55,nochange,6,f,1,844.9477,NA
9156,2,0,56,56,change,6,j,1,1216.4499,3
9156,2,0,57,57,nochange,6,j,0,6129.6773,NA
9156,2,0,58,58,nochange,6,f,1,439.7117,NA
9156,2,0,59,59,change,6,j,1,4.76650000003,NA
9156,2,0,60,60,change,6,f,0,1358.5105,NA
9157,2,practice,0,1,change,6,j,1,4288.2144,NA
9157,2,practice,0,2,change,6,f,0,1455.3257,NA
9157,2,practice,0,3,change,6,j,1,4197.4366,NA
9157,2,practice,0,4,change,6,f,0,978.1725,NA
9157,2,practice,0,5,change,6,j,1,1766.4474,NA
9157,2,0,1,1,nochange,6,j,0,3209.2825,NA
9157,2,0,2,2,change,6,j,1,1692.3586,NA
9157,2,0,3,3,nochange,6,f,1,1218.2727,NA
9157,2,0,4,4,change,6,j,1,4419.5686,NA
9157,2,0,5,5,change,6,j,1,1208.9894,NA
9157,2,0,6,6,change,6,f,0,1717.4743,NA
9157,2,0,7,7,nochange,6,f,1,984.9353,NA
9157,2,0,8,8,change,6,f,0,1900.3997,1
9157,2,0,9,9,change,6,f,0,1866.5425,NA
9157,2,0,10,10,change,6,f,0,1345.3712,NA
9157,2,0,11,11,nochange,6,j,0,9148.7849,NA
9157,2,0,12,12,change,6,j,1,2763.6422,NA
9157,2,0,13,13,nochange,6,f,1,1424.1986,NA
9157,2,0,14,14,nochange,6,f,1,1555.642,NA
9157,2,0,15,15,change,6,f,0,2028.2393,NA
9157,2,0,16,16,change,6,f,0,1575.0022,4
9157,2,0,17,17,change,6,j,1,5657.5077,NA
9157,2,0,18,18,nochange,6,f,1,2669.1233,NA
9157,2,0,19,19,nochange,6,f,1,880.7326,NA
9157,2,0,20,20,change,6,f,0,1323.4348,NA
9157,2,0,21,21,change,6,f,0,2726.9822,NA
9157,2,0,22,22,nochange,6,f,1,1045.3807,NA
9157,2,0,23,23,nochange,6,f,1,1006.0058,NA
9157,2,0,24,24,nochange,6,f,1,1493.5198,5
9157,2,0,25,25,change,6,j,1,2142.1465,NA
9157,2,0,26,26,nochange,6,f,1,1529.5475,NA
9157,2,0,27,27,nochange,6,j,0,2382.5946,NA
9157,2,0,28,28,nochange,6,f,1,921.3019,NA
9157,2,0,29,29,change,6,j,1,1139.0155,NA
9157,2,0,30,30,change,6,j,1,4368.7265,NA
9157,2,0,31,31,nochange,6,f,1,1540.6528,NA
9157,2,0,32,32,nochange,6,f,1,3988.4477,5
9157,2,0,33,33,nochange,6,f,1,1308.3983,NA
9157,2,0,34,34,nochange,6,f,1,1673.1145,NA
9157,2,0,35,35,change,6,j,1,3119.5203,NA
9157,2,0,36,36,change,6,j,1,1304.7894,NA
9157,2,0,37,37,change,6,f,0,2369.1185,NA
9157,2,0,38,38,nochange,6,f,1,904.4731,NA
9157,2,0,39,39,nochange,6,f,1,1731.6954,NA
9157,2,0,40,40,nochange,6,f,1,3044.0281,3
9157,2,0,41,41,nochange,6,f,1,1542.5626,NA
9157,2,0,42,42,change,6,j,1,1719.0313,NA
9157,2,0,43,43,change,6,f,0,2079.5044,NA
9157,2,0,44,44,nochange,6,f,1,5993.4594,NA
9157,2,0,45,45,change,6,f,0,6213.3364,NA
9157,2,0,46,46,change,6,f,0,2418.9568,NA
9157,2,0,47,47,change,6,f,0,3.79670000006,NA
9157,2,0,48,48,nochange,6,f,1,1330.3491,2
9157,2,0,49,49,change,6,f,0,820.6412,NA
9157,2,0,50,50,change,6,j,1,5986.2632,NA
9157,2,0,51,51,nochange,6,j,0,1581.0409,NA
9157,2,0,52,52,change,6,j,1,4965.8036,NA
9157,2,0,53,53,nochange,6,j,0,2569.6048,NA
9157,2,0,54,54,change,6,f,0,1939.0082,NA
9157,2,0,55,55,nochange,6,j,0,4582.3989,NA
9157,2,0,56,56,change,6,f,0,1236.2067,3
9157,2,0,57,57,nochange,6,f,1,1375.372,NA
9157,2,0,58,58,change,6,f,0,1137.9854,NA
9157,2,0,59,59,nochange,6,j,0,3350.5059,NA
9157,2,0,60,60,nochange,6,f,1,1950.902,NA
9158,2,practice,0,1,change,6,j,1,4202.6539,NA
9158,2,practice,0,2,nochange,6,j,0,1270.1817,NA
9158,2,practice,0,3,nochange,6,f,1,504.6128,NA
9158,2,practice,0,4,nochange,6,f,1,917.5251,NA
9158,2,practice,0,5,nochange,6,j,0,301.2593,NA
9158,2,0,1,1,nochange,6,f,1,831.2295,NA
9158,2,0,2,2,change,6,j,1,1531.6536,NA
9158,2,0,3,3,nochange,6,f,1,600.0678,NA
9158,2,0,4,4,change,6,j,1,865.0002,NA
9158,2,0,5,5,change,6,f,0,4205.3994,NA
9158,2,0,6,6,change,6,j,1,1297.8574,NA
9158,2,0,7,7,change,6,j,1,756.6022,NA
9158,2,0,8,8,nochange,6,f,1,665.2569,1
9158,2,0,9,9,change,6,j,1,785.0983,NA
9158,2,0,10,10,nochange,6,f,1,869.7856,NA
9158,2,0,11,11,nochange,6,f,1,1370.353,NA
9158,2,0,12,12,nochange,6,f,1,1411.9039,NA
9158,2,0,13,13,nochange,6,f,1,1031.0267,NA
9158,2,0,14,14,nochange,6,f,1,630.2067,NA
9158,2,0,15,15,change,6,j,1,1269.8656,NA
9158,2,0,16,16,change,6,j,1,1110.1483,1
9158,2,0,17,17,change,6,j,1,1469.2854,NA
9158,2,0,18,18,change,6,f,0,870.5102,NA
9158,2,0,19,19,change,6,j,1,857.3286,NA
9158,2,0,20,20,change,6,f,0,723.7942,NA
9158,2,0,21,21,change,6,j,1,2896.1815,NA
9158,2,0,22,22,change,6,j,1,3660.1076,NA
9158,2,0,23,23,nochange,6,f,1,1207.0568,NA
9158,2,0,24,24,change,6,f,0,1741.5591,1
9158,2,0,25,25,nochange,6,f,1,773.3908,NA
9158,2,0,26,26,change,6,j,1,835.9555,NA
9158,2,0,27,27,nochange,6,f,1,1156.9031,NA
9158,2,0,28,28,change,6,j,1,2570.2851,NA
9158,2,0,29,29,change,6,j,1,789.0408,NA
9158,2,0,30,30,change,6,j,1,3285.5039,NA
9158,2,0,31,31,change,6,j,1,1309.4966,NA
9158,2,0,32,32,change,6,j,1,699.1663,4
9158,2,0,33,33,nochange,6,f,1,1017.1497,NA
9158,2,0,34,34,nochange,6,f,1,1268.5324,NA
9158,2,0,35,35,nochange,6,f,1,1459.1901,NA
9158,2,0,36,36,change,6,j,1,1534.3704,NA
9158,2,0,37,37,nochange,6,f,1,817.8388,NA
9158,2,0,38,38,change,6,f,0,1312.6771,NA
9158,2,0,39,39,nochange,6,f,1,1467.1169,NA
9158,2,0,40,40,nochange,6,f,1,1026.1162,1
9158,2,0,41,41,nochange,6,f,1,3900.1839,NA
9158,2,0,42,42,nochange,6,j,0,10872.9437,NA
9158,2,0,43,43,nochange,6,f,1,2.55779999995,NA
9158,2,0,44,44,change,6,j,1,1598.456,NA
9158,2,0,45,45,change,6,j,1,2209.2499,NA
9158,2,0,46,46,nochange,6,j,0,953.0991,NA
9158,2,0,47,47,nochange,6,j,0,2425.2574,NA
9158,2,0,48,48,nochange,6,f,1,1073.3885,1
9158,2,0,49,49,nochange,6,f,1,954.1471,NA
9158,2,0,50,50,change,6,j,1,1103.5288,NA
9158,2,0,51,51,change,6,j,1,2004.1961,NA
9158,2,0,52,52,nochange,6,j,0,1249.3623,NA
9158,2,0,53,53,nochange,6,j,0,2282.6095,NA
9158,2,0,54,54,nochange,6,j,0,2795.1111,NA
9158,2,0,55,55,change,6,j,1,1995.6587,NA
9158,2,0,56,56,nochange,6,f,1,1328.0427,1
9158,2,0,57,57,change,6,j,1,4738.0062,NA
9158,2,0,58,58,nochange,6,j,0,4143.2397,NA
9158,2,0,59,59,change,6,j,1,1862.4122,NA
9158,2,0,60,60,nochange,6,f,1,1985.1805,NA
9159,2,practice,0,1,nochange,6,j,0,2492.3811,NA
9159,2,practice,0,2,nochange,6,j,0,1742.285,NA
9159,2,practice,0,3,change,6,j,1,1126.0267,NA
9159,2,practice,0,4,nochange,6,f,1,2105.2897,NA
9159,2,practice,0,5,change,6,f,0,2207.42,NA
9159,2,0,1,1,nochange,6,f,1,3276.5727,NA
9159,2,0,2,2,nochange,6,f,1,1267.2342,NA
9159,2,0,3,3,nochange,6,j,0,1610.5724,NA
9159,2,0,4,4,nochange,6,f,1,1387.8389,NA
9159,2,0,5,5,nochange,6,f,1,1221.6579,NA
9159,2,0,6,6,change,6,f,0,4039.6248,NA
9159,2,0,7,7,change,6,f,0,1243.9343,NA
9159,2,0,8,8,nochange,6,f,1,1918.3758,2
9159,2,0,9,9,change,6,j,1,1231.3791,NA
9159,2,0,10,10,change,6,f,0,5426.1669,NA
9159,2,0,11,11,nochange,6,f,1,1111.2723,NA
9159,2,0,12,12,change,6,j,1,1231.2474,NA
9159,2,0,13,13,change,6,j,1,1526.8019,NA
9159,2,0,14,14,nochange,6,j,0,3275.5239,NA
9159,2,0,15,15,change,6,f,0,2038.795,NA
9159,2,0,16,16,nochange,6,f,1,1653.475,2
9159,2,0,17,17,nochange,6,f,1,1135.8787,NA
9159,2,0,18,18,nochange,6,f,1,3006.2729,NA
9159,2,0,19,19,change,6,j,1,2617.4699,NA
9159,2,0,20,20,change,6,f,0,1114.6527,NA
9159,2,0,21,21,change,6,f,0,4786.6794,NA
9159,2,0,22,22,change,6,j,1,1665.5911,NA
9159,2,0,23,23,change,6,j,1,1462.8713,NA
9159,2,0,24,24,nochange,6,f,1,1914.7584,2
9159,2,0,25,25,change,6,f,0,2171.0096,NA
9159,2,0,26,26,change,6,f,0,1327.0227,NA
9159,2,0,27,27,change,6,j,1,1336.1749,NA
9159,2,0,28,28,nochange,6,f,1,1927.2196,NA
9159,2,0,29,29,nochange,6,f,1,933.9365,NA
9159,2,0,30,30,change,6,j,1,3011.3943,NA
9159,2,0,31,31,nochange,6,f,1,986.2587,NA
9159,2,0,32,32,change,6,j,1,2346.5825,2
9159,2,0,33,33,change,6,j,1,1514.8656,NA
9159,2,0,34,34,nochange,6,j,0,1359.336,NA
9159,2,0,35,35,change,6,f,0,2641.1355,NA
9159,2,0,36,36,change,6,f,0,3377.5544,NA
9159,2,0,37,37,nochange,6,f,1,1265.3832,NA
9159,2,0,38,38,change,6,f,0,1137.4076,NA
9159,2,0,39,39,nochange,6,j,0,5057.767,NA
9159,2,0,40,40,nochange,6,f,1,1321.6895,2
9159,2,0,41,41,nochange,6,f,1,1263.345,NA
9159,2,0,42,42,nochange,6,j,0,2670.4998,NA
9159,2,0,43,43,change,6,j,1,2764.3755,NA
9159,2,0,44,44,nochange,6,f,1,2755.0864,NA
9159,2,0,45,45,change,6,j,1,3234.5632,NA
9159,2,0,46,46,change,6,j,1,3108.2806,NA
9159,2,0,47,47,change,6,j,1,1151.7381,NA
9159,2,0,48,48,change,6,f,0,1710.2511,2
9159,2,0,49,49,nochange,6,f,1,1654.2529,NA
9159,2,0,50,50,nochange,6,f,1,2787.131,NA
9159,2,0,51,51,change,6,j,1,1761.8026,NA
9159,2,0,52,52,change,6,j,1,4449.5938,NA
9159,2,0,53,53,nochange,6,f,1,1334.2462,NA
9159,2,0,54,54,change,6,f,0,1636.5837,NA
9159,2,0,55,55,nochange,6,j,0,1965.5376,NA
9159,2,0,56,56,nochange,6,f,1,1957.9581,2
9159,2,0,57,57,nochange,6,j,0,1966.3789,NA
9159,2,0,58,58,change,6,j,1,2173.8803,NA
9159,2,0,59,59,nochange,6,f,1,1665.9426,NA
9159,2,0,60,60,nochange,6,f,1,1770.4846,NA
9160,2,practice,0,1,change,6,j,1,1208.6953,NA
9160,2,practice,0,2,change,6,j,1,1048.0708,NA
9160,2,practice,0,3,nochange,6,f,1,2753.2393,NA
9160,2,practice,0,4,nochange,6,f,1,1277.3974,NA
9160,2,practice,0,5,nochange,6,f,1,1584.2366,NA
9160,2,0,1,1,nochange,6,f,1,1892.2595,NA
9160,2,0,2,2,nochange,6,f,1,2000.0723,NA
9160,2,0,3,3,nochange,6,f,1,1116.1109,NA
9160,2,0,4,4,nochange,6,f,1,2032.9039,NA
9160,2,0,5,5,change,6,j,1,1497.0929,NA
9160,2,0,6,6,change,6,j,1,2260.7263,NA
9160,2,0,7,7,nochange,6,f,1,1748.9785,NA
9160,2,0,8,8,change,6,j,1,1255.6511,1
9160,2,0,9,9,nochange,6,f,1,3368.3536,NA
9160,2,0,10,10,nochange,6,f,1,1654.2197,NA
9160,2,0,11,11,change,6,j,1,1627.9749,NA
9160,2,0,12,12,nochange,6,f,1,1219.9134,NA
9160,2,0,13,13,change,6,f,0,1668.4102,NA
9160,2,0,14,14,change,6,j,1,1584.0236,NA
9160,2,0,15,15,nochange,6,j,0,2111.7414,NA
9160,2,0,16,16,change,6,j,1,1189.918,1
9160,2,0,17,17,nochange,6,f,1,4396.7373,NA
9160,2,0,18,18,nochange,6,j,0,1918.8076,NA
9160,2,0,19,19,change,6,j,1,1891.4652,NA
9160,2,0,20,20,nochange,6,f,1,1751.9703,NA
9160,2,0,21,21,nochange,6,f,1,2953.4931,NA
9160,2,0,22,22,nochange,6,j,0,1351.3426,NA
9160,2,0,23,23,nochange,6,f,1,1406.8406,NA
9160,2,0,24,24,nochange,6,f,1,1419.0113,1
9160,2,0,25,25,change,6,j,1,1692.734,NA
9160,2,0,26,26,change,6,j,1,1216.5673,NA
9160,2,0,27,27,nochange,6,f,1,1193.3441,NA
9160,2,0,28,28,change,6,j,1,1430.0495,NA
9160,2,0,29,29,change,6,j,1,2137.9391,NA
9160,2,0,30,30,nochange,6,f,1,1430.0118,NA
9160,2,0,31,31,nochange,6,f,1,1329.03,NA
9160,2,0,32,32,change,6,j,1,1502.583,1
9160,2,0,33,33,nochange,6,f,1,1093.5757,NA
9160,2,0,34,34,nochange,6,f,1,1057.4322,NA
9160,2,0,35,35,change,6,j,1,1110.6551,NA
9160,2,0,36,36,change,6,j,1,2527.5414,NA
9160,2,0,37,37,nochange,6,f,1,1970.3813,NA
9160,2,0,38,38,nochange,6,f,1,1234.9403,NA
9160,2,0,39,39,change,6,j,1,2388.0928,NA
9160,2,0,40,40,change,6,j,1,1744.9996,2
9160,2,0,41,41,nochange,6,f,1,1519.7892,NA
9160,2,0,42,42,nochange,6,f,1,1153.8913,NA
9160,2,0,43,43,change,6,j,1,1970.1753,NA
9160,2,0,44,44,change,6,j,1,1167.5112,NA
9160,2,0,45,45,change,6,j,1,1890.9873,NA
9160,2,0,46,46,change,6,j,1,2129.8019,NA
9160,2,0,47,47,change,6,j,1,3217.1686,NA
9160,2,0,48,48,change,6,j,1,4238.8243,1
9160,2,0,49,49,change,6,j,1,1629.5735,NA
9160,2,0,50,50,change,6,j,1,2374.0231,NA
9160,2,0,51,51,change,6,j,1,1172.308,NA
9160,2,0,52,52,change,6,f,0,1392.8659,NA
9160,2,0,53,53,nochange,6,f,1,1121.1891,NA
9160,2,0,54,54,change,6,f,0,3008.7978,NA
9160,2,0,55,55,nochange,6,f,1,1724.9547,NA
9160,2,0,56,56,nochange,6,f,1,3441.3517,1
9160,2,0,57,57,nochange,6,j,0,1856.1891,NA
9160,2,0,58,58,change,6,j,1,1553.3635,NA
9160,2,0,59,59,change,6,j,1,1880.9873,NA
9160,2,0,60,60,nochange,6,f,1,1573.2625,NA
9161,2,practice,0,1,change,6,j,1,1433.885,NA
9161,2,practice,0,2,change,6,f,0,508.9575,NA
9161,2,practice,0,3,change,6,f,0,1411.4395,NA
9161,2,practice,0,4,nochange,6,f,1,1312.7015,NA
9161,2,practice,0,5,nochange,6,f,1,1188.6059,NA
9161,2,0,1,1,change,6,j,1,2003.4276,NA
9161,2,0,2,2,change,6,j,1,3356.2007,NA
9161,2,0,3,3,change,6,j,1,2872.143,NA
9161,2,0,4,4,nochange,6,f,1,2808.4317,NA
9161,2,0,5,5,change,6,j,1,2454.5884,NA
9161,2,0,6,6,change,6,j,1,2523.102,NA
9161,2,0,7,7,nochange,6,f,1,1525.6158,NA
9161,2,0,8,8,change,6,f,0,1366.2101,2
9161,2,0,9,9,nochange,6,f,1,1085.3908,NA
9161,2,0,10,10,change,6,j,1,5293.2303,NA
9161,2,0,11,11,change,6,f,0,1456.0639,NA
9161,2,0,12,12,nochange,6,j,0,1189.5462,NA
9161,2,0,13,13,nochange,6,j,0,1000.1696,NA
9161,2,0,14,14,nochange,6,j,0,2484.0628,NA
9161,2,0,15,15,change,6,j,1,1519.766,NA
9161,2,0,16,16,nochange,6,f,1,4073.6115,5
9161,2,0,17,17,change,6,f,0,1725.938,NA
9161,2,0,18,18,change,6,j,1,3613.5482,NA
9161,2,0,19,19,nochange,6,j,0,1063.7569,NA
9161,2,0,20,20,change,6,f,0,1343.4253,NA
9161,2,0,21,21,change,6,f,0,1770.3004,NA
9161,2,0,22,22,nochange,6,f,1,3901.6339,NA
9161,2,0,23,23,change,6,j,1,1602.7291,NA
9161,2,0,24,24,nochange,6,f,1,1959.8771,2
9161,2,0,25,25,change,6,j,1,1170.2041,NA
9161,2,0,26,26,nochange,6,f,1,5099.9578,NA
9161,2,0,27,27,change,6,j,1,813.6833,NA
9161,2,0,28,28,nochange,6,j,0,2068.1368,NA
9161,2,0,29,29,nochange,6,f,1,1323.3712,NA
9161,2,0,30,30,change,6,j,1,4307.6927,NA
9161,2,0,31,31,nochange,6,f,1,1500.5483,NA
9161,2,0,32,32,nochange,6,f,1,2386.3662,1
9161,2,0,33,33,nochange,6,j,0,1094.0066,NA
9161,2,0,34,34,nochange,6,f,1,1778.9881,NA
9161,2,0,35,35,change,6,f,0,2794.758,NA
9161,2,0,36,36,nochange,6,f,1,15362.604,NA
9161,2,0,37,37,change,6,j,1,1245.2914,NA
9161,2,0,38,38,change,6,j,1,1240.8613,NA
9161,2,0,39,39,nochange,6,j,0,2150.4051,NA
9161,2,0,40,40,change,6,f,0,1759.4165,3
9161,2,0,41,41,change,6,f,0,1344.5112,NA
9161,2,0,42,42,nochange,6,f,1,4043.4758,NA
9161,2,0,43,43,nochange,6,f,1,4415.9142,NA
9161,2,0,44,44,change,6,j,1,1957.1682,NA
9161,2,0,45,45,nochange,6,f,1,1511.3398,NA
9161,2,0,46,46,nochange,6,j,0,823.5097,NA
9161,2,0,47,47,change,6,f,0,915.829,NA
9161,2,0,48,48,nochange,6,j,0,837.0201,2
9161,2,0,49,49,change,6,f,0,1102.6482,NA
9161,2,0,50,50,change,6,j,1,1278.6722,NA
9161,2,0,51,51,change,6,j,1,1439.7748,NA
9161,2,0,52,52,change,6,j,1,1768.338,NA
9161,2,0,53,53,nochange,6,f,1,4482.9313,NA
9161,2,0,54,54,change,6,j,1,3.73730000004,NA
9161,2,0,55,55,nochange,6,f,1,2061.2786,NA
9161,2,0,56,56,nochange,6,f,1,1337.2216,1
9161,2,0,57,57,change,6,f,0,5439.8936,NA
9161,2,0,58,58,nochange,6,f,1,2242.2878,NA
9161,2,0,59,59,nochange,6,f,1,1230.5234,NA
9161,2,0,60,60,nochange,6,f,1,891.906,NA
9163,2,practice,0,1,nochange,6,f,1,4639.2381,NA
9163,2,practice,0,2,nochange,6,j,0,10806.6703,NA
9163,2,practice,0,3,change,6,j,1,1125.3633,NA
9163,2,practice,0,4,change,6,f,0,4780.0878,NA
9163,2,practice,0,5,nochange,6,f,1,1326.2423,NA
9163,2,0,1,1,nochange,6,f,1,1499.8597,NA
9163,2,0,2,2,nochange,6,f,1,1787.4492,NA
9163,2,0,3,3,change,6,f,0,2334.9484,NA
9163,2,0,4,4,change,6,j,1,2143.5166,NA
9163,2,0,5,5,change,6,j,1,1178.5322,NA
9163,2,0,6,6,change,6,f,0,2781.3978,NA
9163,2,0,7,7,change,6,j,1,1123.9666,NA
9163,2,0,8,8,nochange,6,f,1,1159.1373,1
9163,2,0,9,9,nochange,6,f,1,4177.168,NA
9163,2,0,10,10,change,6,f,0,4505.4489,NA
9163,2,0,11,11,change,6,j,1,6690.1766,NA
9163,2,0,12,12,change,6,j,1,1081.0395,NA
9163,2,0,13,13,change,6,f,0,3407.4004,NA
9163,2,0,14,14,nochange,6,f,1,1927.7289,NA
9163,2,0,15,15,nochange,6,f,1,1814.9389,NA
9163,2,0,16,16,nochange,6,f,1,1304.0386,1
9163,2,0,17,17,change,6,f,0,4885.9958,NA
9163,2,0,18,18,nochange,6,f,1,4113.168,NA
9163,2,0,19,19,nochange,6,f,1,1064.8624,NA
9163,2,0,20,20,change,6,j,1,3678.7055,NA
9163,2,0,21,21,change,6,j,1,1868.317,NA
9163,2,0,22,22,change,6,j,1,3555.0354,NA
9163,2,0,23,23,change,6,f,0,1663.4211,NA
9163,2,0,24,24,nochange,6,f,1,2101.018,1
9163,2,0,25,25,change,6,j,1,1835.5632,NA
9163,2,0,26,26,change,6,j,1,1275.545,NA
9163,2,0,27,27,nochange,6,f,1,1003.5618,NA
9163,2,0,28,28,change,6,f,0,6492.2129,NA
9163,2,0,29,29,change,6,f,0,4752.7828,NA
9163,2,0,30,30,nochange,6,f,1,1112.7526,NA
9163,2,0,31,31,nochange,6,f,1,1694.2692,NA
9163,2,0,32,32,nochange,6,f,1,970.4295,1
9163,2,0,33,33,nochange,6,f,1,1017.1159,NA
9163,2,0,34,34,change,6,f,0,8951.4315,NA
9163,2,0,35,35,change,6,j,1,2818.485,NA
9163,2,0,36,36,nochange,6,f,1,1708.6836,NA
9163,2,0,37,37,nochange,6,f,1,1234.3694,NA
9163,2,0,38,38,nochange,6,f,1,1015.6599,NA
9163,2,0,39,39,nochange,6,f,1,785.0596,NA
9163,2,0,40,40,change,6,j,1,1807.0309,1
9163,2,0,41,41,change,6,j,1,1682.3378,NA
9163,2,0,42,42,nochange,6,f,1,1610.608,NA
9163,2,0,43,43,nochange,6,f,1,1474.3384,NA
9163,2,0,44,44,change,6,f,0,4891.3094,NA
9163,2,0,45,45,change,6,j,1,2339.0282,NA
9163,2,0,46,46,nochange,6,f,1,2587.1246,NA
9163,2,0,47,47,nochange,6,f,1,1980.2816,NA
9163,2,0,48,48,nochange,6,f,1,1240.938,1
9163,2,0,49,49,nochange,6,f,1,1365.0483,NA
9163,2,0,50,50,change,6,j,1,5291.1038,NA
9163,2,0,51,51,nochange,6,f,1,3824.0351,NA
9163,2,0,52,52,nochange,6,f,1,1287.9779,NA
9163,2,0,53,53,nochange,6,f,1,1823.1322,NA
9163,2,0,54,54,change,6,j,1,1416.1778,NA
9163,2,0,55,55,change,6,j,1,2898.4572,NA
9163,2,0,56,56,change,6,f,0,2114.2758,1
9163,2,0,57,57,change,6,j,1,4505.2319,NA
9163,2,0,58,58,nochange,6,f,1,2169.8454,NA
9163,2,0,59,59,nochange,6,f,1,1433.2748,NA
9163,2,0,60,60,change,6,f,0,1828.5808,NA
9164,2,practice,0,1,change,6,f,0,2876.9267,NA
9164,2,practice,0,2,change,6,j,1,1328.7293,NA
9164,2,practice,0,3,nochange,6,j,0,1119.6067,NA
9164,2,practice,0,4,change,6,j,1,1085.1265,NA
9164,2,practice,0,5,nochange,6,j,0,1323.5874,NA
9164,2,0,1,1,nochange,6,f,1,849.7046,NA
9164,2,0,2,2,nochange,6,f,1,1104.7364,NA
9164,2,0,3,3,nochange,6,f,1,995.0281,NA
9164,2,0,4,4,nochange,6,j,0,1125.1325,NA
9164,2,0,5,5,change,6,f,0,1512.8787,NA
9164,2,0,6,6,nochange,6,j,0,1800.8912,NA
9164,2,0,7,7,nochange,6,f,1,1696.9677,NA
9164,2,0,8,8,nochange,6,f,1,7045.7581,2
9164,2,0,9,9,nochange,6,f,1,1875.8628,NA
9164,2,0,10,10,nochange,6,j,0,1952.1744,NA
9164,2,0,11,11,change,6,j,1,1181.3313,NA
9164,2,0,12,12,change,6,j,1,1291.5629,NA
9164,2,0,13,13,nochange,6,f,1,1405.0595,NA
9164,2,0,14,14,change,6,f,0,1031.0386,NA
9164,2,0,15,15,change,6,j,1,2261.6185,NA
9164,2,0,16,16,nochange,6,f,1,947.312,2
9164,2,0,17,17,change,6,f,0,817.9832,NA
9164,2,0,18,18,nochange,6,f,1,1871.2046,NA
9164,2,0,19,19,nochange,6,f,1,3252.2637,NA
9164,2,0,20,20,nochange,6,f,1,1101.6985,NA
9164,2,0,21,21,nochange,6,j,0,1120.4567,NA
9164,2,0,22,22,change,6,f,0,835.1892,NA
9164,2,0,23,23,nochange,6,f,1,1122.8921,NA
9164,2,0,24,24,nochange,6,f,1,953.8435,2
9164,2,0,25,25,nochange,6,f,1,1664.2504,NA
9164,2,0,26,26,nochange,6,f,1,1175.2783,NA
9164,2,0,27,27,change,6,f,0,990.359,NA
9164,2,0,28,28,nochange,6,f,1,1497.0526,NA
9164,2,0,29,29,change,6,f,0,1875.8037,NA
9164,2,0,30,30,change,6,f,0,1715.1637,NA
9164,2,0,31,31,nochange,6,f,1,1013.1691,NA
9164,2,0,32,32,change,6,j,1,1291.7499,2
9164,2,0,33,33,nochange,6,j,0,4983.2307,NA
9164,2,0,34,34,change,6,j,1,1788.0037,NA
9164,2,0,35,35,change,6,f,0,894.7564,NA
9164,2,0,36,36,nochange,6,f,1,1279.6897,NA
9164,2,0,37,37,change,6,f,0,776.0524,NA
9164,2,0,38,38,change,6,f,0,3527.7638,NA
9164,2,0,39,39,change,6,j,1,2719.7679,NA
9164,2,0,40,40,change,6,f,0,5884.7938,2
9164,2,0,41,41,nochange,6,j,0,6698.2577,NA
9164,2,0,42,42,change,6,f,0,7807.0637,NA
9164,2,0,43,43,change,6,j,1,978.4757,NA
9164,2,0,44,44,change,6,f,0,2172.4527,NA
9164,2,0,45,45,nochange,6,j,0,14175.8921,NA
9164,2,0,46,46,change,6,f,0,3408.1287,NA
9164,2,0,47,47,nochange,6,j,0,1897.0232,NA
9164,2,0,48,48,nochange,6,f,1,9036.9504,2
9164,2,0,49,49,change,6,f,0,1422.4116,NA
9164,2,0,50,50,change,6,j,1,1244.0587,NA
9164,2,0,51,51,nochange,6,j,0,10560.9625,NA
9164,2,0,52,52,change,6,f,0,1755.2876,NA
9164,2,0,53,53,change,6,f,0,8180.0214,NA
9164,2,0,54,54,change,6,j,1,10569.0241,NA
9164,2,0,55,55,change,6,j,1,819.8258,NA
9164,2,0,56,56,change,6,f,0,958.719,2
9164,2,0,57,57,change,6,j,1,885.0685,NA
9164,2,0,58,58,nochange,6,f,1,1216.573,NA
9164,2,0,59,59,nochange,6,f,1,960.1955,NA
9164,2,0,60,60,change,6,f,0,1742.9312,NA
9165,2,practice,0,1,change,6,f,0,1601.1555,NA
9165,2,practice,0,2,change,6,f,0,2798.8219,NA
9165,2,practice,0,3,change,6,j,1,1987.6234,NA
9165,2,practice,0,4,nochange,6,f,1,1932.2364,NA
9165,2,practice,0,5,change,6,f,0,3173.326,NA
9165,2,0,1,1,nochange,6,f,1,1385.4227,NA
9165,2,0,2,2,change,6,j,1,2004.6055,NA
9165,2,0,3,3,change,6,j,1,2593.9862,NA
9165,2,0,4,4,change,6,f,0,1706.0574,NA
9165,2,0,5,5,change,6,f,0,1899.2007,NA
9165,2,0,6,6,nochange,6,f,1,1099.0247,NA
9165,2,0,7,7,nochange,6,f,1,1116.0171,NA
9165,2,0,8,8,change,6,j,1,2146.0114,5
9165,2,0,9,9,nochange,6,f,1,949.8731,NA
9165,2,0,10,10,nochange,6,j,0,4016.9602,NA
9165,2,0,11,11,change,6,j,1,1134.7966,NA
9165,2,0,12,12,change,6,j,1,2150.707,NA
9165,2,0,13,13,nochange,6,f,1,2165.085,NA
9165,2,0,14,14,change,6,j,1,3177.9549,NA
9165,2,0,15,15,nochange,6,f,1,1189.0714,NA
9165,2,0,16,16,change,6,f,0,2440.2535,5
9165,2,0,17,17,change,6,j,1,3317.0329,NA
9165,2,0,18,18,change,6,f,0,1220.6239,NA
9165,2,0,19,19,nochange,6,f,1,1088.1945,NA
9165,2,0,20,20,change,6,f,0,1173.4414,NA
9165,2,0,21,21,nochange,6,f,1,2979.6978,NA
9165,2,0,22,22,nochange,6,f,1,960.6498,NA
9165,2,0,23,23,nochange,6,f,1,992.7315,NA
9165,2,0,24,24,nochange,6,f,1,1166.7752,1
9165,2,0,25,25,nochange,6,f,1,2098.3438,NA
9165,2,0,26,26,nochange,6,f,1,934.6906,NA
9165,2,0,27,27,change,6,j,1,1234.9091,NA
9165,2,0,28,28,nochange,6,f,1,1000.4781,NA
9165,2,0,29,29,change,6,f,0,3250.5025,NA
9165,2,0,30,30,change,6,j,1,2068.5823,NA
9165,2,0,31,31,nochange,6,j,0,2343.3115,NA
9165,2,0,32,32,change,6,j,1,1435.2224,5
9165,2,0,33,33,change,6,f,0,1930.5748,NA
9165,2,0,34,34,change,6,j,1,1675.4193,NA
9165,2,0,35,35,change,6,f,0,1732.4895,NA
9165,2,0,36,36,change,6,f,0,4365.9762,NA
9165,2,0,37,37,nochange,6,f,1,1187.7352,NA
9165,2,0,38,38,nochange,6,f,1,1258.3871,NA
9165,2,0,39,39,change,6,j,1,1145.9581,NA
9165,2,0,40,40,nochange,6,f,1,1088.302,1
9165,2,0,41,41,nochange,6,f,1,1514.3993,NA
9165,2,0,42,42,nochange,6,f,1,1804.363,NA
9165,2,0,43,43,change,6,j,1,1071.7198,NA
9165,2,0,44,44,nochange,6,f,1,959.6222,NA
9165,2,0,45,45,nochange,6,f,1,1013.0773,NA
9165,2,0,46,46,change,6,f,0,1057.6235,NA
9165,2,0,47,47,nochange,6,f,1,1045.0153,NA
9165,2,0,48,48,change,6,j,1,1068.0509,1
9165,2,0,49,49,change,6,j,1,1097.1535,NA
9165,2,0,50,50,change,6,f,0,1891.0965,NA
9165,2,0,51,51,nochange,6,f,1,1820.8235,NA
9165,2,0,52,52,change,6,j,1,2095.6758,NA
9165,2,0,53,53,change,6,j,1,1013.92,NA
9165,2,0,54,54,nochange,6,f,1,825.7425,NA
9165,2,0,55,55,change,6,j,1,953.7945,NA
9165,2,0,56,56,nochange,6,f,1,2855.679,1
9165,2,0,57,57,nochange,6,f,1,880.1445,NA
9165,2,0,58,58,change,6,f,0,4817.8217,NA
9165,2,0,59,59,nochange,6,f,1,2384.1103,NA
9165,2,0,60,60,nochange,6,f,1,1000.9558,NA
9166,2,practice,0,1,nochange,6,j,0,1607.2773,NA
9166,2,practice,0,2,nochange,6,j,0,1676.9778,NA
9166,2,practice,0,3,nochange,6,f,1,1654.7478,NA
9166,2,practice,0,4,change,6,j,1,3165.3273,NA
9166,2,practice,0,5,change,6,j,1,1230.5338,NA
9166,2,0,1,1,change,6,j,1,1317.4882,NA
9166,2,0,2,2,change,6,j,1,1409.0753,NA
9166,2,0,3,3,change,6,j,1,1150.0877,NA
9166,2,0,4,4,nochange,6,f,1,1152.7864,NA
9166,2,0,5,5,change,6,j,1,1772.7467,NA
9166,2,0,6,6,change,6,j,1,1319.8494,NA
9166,2,0,7,7,change,6,j,1,1169.3897,NA
9166,2,0,8,8,nochange,6,f,1,1663.8184,3
9166,2,0,9,9,nochange,6,f,1,1512.4116,NA
9166,2,0,10,10,nochange,6,j,0,952.034,NA
9166,2,0,11,11,nochange,6,f,1,1952.4995,NA
9166,2,0,12,12,change,6,j,1,990.4889,NA
9166,2,0,13,13,change,6,f,0,1068.5002,NA
9166,2,0,14,14,change,6,j,1,1379.0054,NA
9166,2,0,15,15,nochange,6,f,1,1400.4858,NA
9166,2,0,16,16,change,6,j,1,932.8887,5
9166,2,0,17,17,change,6,f,0,1047.0536,NA
9166,2,0,18,18,nochange,6,f,1,1039.0057,NA
9166,2,0,19,19,change,6,j,1,975.4242,NA
9166,2,0,20,20,nochange,6,j,0,1716.959,NA
9166,2,0,21,21,nochange,6,f,1,2117.8358,NA
9166,2,0,22,22,change,6,j,1,2154.7567,NA
9166,2,0,23,23,change,6,j,1,1354.5706,NA
9166,2,0,24,24,nochange,6,f,1,1201.9029,3
9166,2,0,25,25,change,6,j,1,1064.7666,NA
9166,2,0,26,26,change,6,f,0,4305.2565,NA
9166,2,0,27,27,nochange,6,j,0,1225.101,NA
9166,2,0,28,28,nochange,6,j,0,4088.7441,NA
9166,2,0,29,29,nochange,6,j,0,1381.7193,NA
9166,2,0,30,30,change,6,j,1,4059.7717,NA
9166,2,0,31,31,nochange,6,f,1,1560.6449,NA
9166,2,0,32,32,change,6,j,1,1191.989,1
9166,2,0,33,33,change,6,j,1,1018.2047,NA
9166,2,0,34,34,change,6,j,1,914.6658,NA
9166,2,0,35,35,nochange,6,j,0,1876.2747,NA
9166,2,0,36,36,nochange,6,f,1,1607.1302,NA
9166,2,0,37,37,change,6,j,1,1096.5397,NA
9166,2,0,38,38,change,6,f,0,1113.1281,NA
9166,2,0,39,39,nochange,6,j,0,1862.441,NA
9166,2,0,40,40,nochange,6,j,0,997.9328,3
9166,2,0,41,41,change,6,f,0,2237.8832,NA
9166,2,0,42,42,change,6,j,1,986.7276,NA
9166,2,0,43,43,nochange,6,f,1,1696.7829,NA
9166,2,0,44,44,nochange,6,j,0,1132.0276,NA
9166,2,0,45,45,nochange,6,j,0,1378.5608,NA
9166,2,0,46,46,nochange,6,j,0,1062.7816,NA
9166,2,0,47,47,change,6,j,1,1141.4489,NA
9166,2,0,48,48,nochange,6,j,0,855.328,3
9166,2,0,49,49,nochange,6,j,0,1523.0305,NA
9166,2,0,50,50,nochange,6,j,0,2229.9714,NA
9166,2,0,51,51,change,6,f,0,1312.0928,NA
9166,2,0,52,52,nochange,6,f,1,1100.7039,NA
9166,2,0,53,53,nochange,6,f,1,1339.3225,NA
9166,2,0,54,54,change,6,j,1,885.2627,NA
9166,2,0,55,55,nochange,6,j,0,1066.7434,NA
9166,2,0,56,56,change,6,j,1,3979.0888,1
9166,2,0,57,57,nochange,6,f,1,1147.7844,NA
9166,2,0,58,58,change,6,f,0,2106.622,NA
9166,2,0,59,59,nochange,6,j,0,1009.8124,NA
9166,2,0,60,60,change,6,j,1,1056.9735,NA
9167,2,practice,0,1,nochange,6,f,1,1567.0997,NA
9167,2,practice,0,2,change,6,j,1,933.6231,NA
9167,2,practice,0,3,change,6,j,1,844.2506,NA
9167,2,practice,0,4,nochange,6,f,1,927.8863,NA
9167,2,practice,0,5,nochange,6,f,1,791.2662,NA
9167,2,0,1,1,nochange,6,f,1,759.7106,NA
9167,2,0,2,2,change,6,j,1,758.8588,NA
9167,2,0,3,3,nochange,6,f,1,708.2407,NA
9167,2,0,4,4,change,6,j,1,1037.0215,NA
9167,2,0,5,5,change,6,j,1,1819.5302,NA
9167,2,0,6,6,nochange,6,f,1,1996.2357,NA
9167,2,0,7,7,nochange,6,f,1,701.303,NA
9167,2,0,8,8,nochange,6,f,1,952.5946,1
9167,2,0,9,9,change,6,j,1,1079.8925,NA
9167,2,0,10,10,change,6,f,0,1131.017,NA
9167,2,0,11,11,change,6,j,1,1664.3789,NA
9167,2,0,12,12,nochange,6,f,1,1949.6046,NA
9167,2,0,13,13,change,6,j,1,5026.6428,NA
9167,2,0,14,14,nochange,6,j,0,1916.9828,NA
9167,2,0,15,15,change,6,j,1,2630.8066,NA
9167,2,0,16,16,change,6,f,0,2471.564,2
9167,2,0,17,17,nochange,6,f,1,1273.1478,NA
9167,2,0,18,18,nochange,6,f,1,876.9732,NA
9167,2,0,19,19,nochange,6,j,0,1507.5342,NA
9167,2,0,20,20,nochange,6,f,1,678.6472,NA
9167,2,0,21,21,change,6,j,1,1159.282,NA
9167,2,0,22,22,nochange,6,f,1,1093.3621,NA
9167,2,0,23,23,nochange,6,f,1,3158.6354,NA
9167,2,0,24,24,change,6,j,1,891.676,1
9167,2,0,25,25,change,6,j,1,1584.8477,NA
9167,2,0,26,26,nochange,6,f,1,2261.7352,NA
9167,2,0,27,27,change,6,j,1,1304.1405,NA
9167,2,0,28,28,nochange,6,f,1,2005.8922,NA
9167,2,0,29,29,nochange,6,f,1,1033.1186,NA
9167,2,0,30,30,change,6,j,1,1022.8273,NA
9167,2,0,31,31,change,6,j,1,1231.9815,NA
9167,2,0,32,32,change,6,f,0,2503.1866,1
9167,2,0,33,33,change,6,f,0,2045.0897,NA
9167,2,0,34,34,change,6,j,1,1215.7801,NA
9167,2,0,35,35,nochange,6,f,1,1237.5081,NA
9167,2,0,36,36,nochange,6,j,0,3600.9132,NA
9167,2,0,37,37,nochange,6,f,1,958.6576,NA
9167,2,0,38,38,change,6,j,1,1093.7261,NA
9167,2,0,39,39,nochange,6,f,1,1464.0044,NA
9167,2,0,40,40,nochange,6,f,1,1180.4555,1
9167,2,0,41,41,nochange,6,f,1,1105.3801,NA
9167,2,0,42,42,change,6,f,0,2170.525,NA
9167,2,0,43,43,nochange,6,f,1,1681.7464,NA
9167,2,0,44,44,nochange,6,f,1,2129.703,NA
9167,2,0,45,45,nochange,6,f,1,966.7958,NA
9167,2,0,46,46,change,6,f,0,840.6953,NA
9167,2,0,47,47,nochange,6,f,1,1205.5501,NA
9167,2,0,48,48,change,6,j,1,1240.4365,1
9167,2,0,49,49,change,6,f,0,2620.0178,NA
9167,2,0,50,50,change,6,j,1,1155.9673,NA
9167,2,0,51,51,nochange,6,j,0,5230.8574,NA
9167,2,0,52,52,change,6,j,1,1315.8663,NA
9167,2,0,53,53,nochange,6,f,1,1538.0848,NA
9167,2,0,54,54,change,6,j,1,1096.5473,NA
9167,2,0,55,55,change,6,j,1,2012.1299,NA
9167,2,0,56,56,change,6,j,1,2312.5047,1
9167,2,0,57,57,nochange,6,f,1,941.7009,NA
9167,2,0,58,58,nochange,6,f,1,1009.5577,NA
9167,2,0,59,59,change,6,f,0,2295.1113,NA
9167,2,0,60,60,change,6,j,1,855.3518,NA
9168,2,practice,0,1,nochange,6,j,0,2416.1475,NA
9168,2,practice,0,2,nochange,6,f,1,1403.7639,NA
9168,2,practice,0,3,change,6,j,1,1113.6359,NA
9168,2,practice,0,4,nochange,6,j,0,1413.2239,NA
9168,2,practice,0,5,nochange,6,f,1,1066.4232,NA
9168,2,0,1,1,nochange,6,f,1,2688.3188,NA
9168,2,0,2,2,change,6,j,1,1220.3308,NA
9168,2,0,3,3,change,6,f,0,1312.7794,NA
9168,2,0,4,4,nochange,6,j,0,1731.2775,NA
9168,2,0,5,5,change,6,f,0,2579.8873,NA
9168,2,0,6,6,nochange,6,j,0,1678.8452,NA
9168,2,0,7,7,nochange,6,f,1,1302.9181,NA
9168,2,0,8,8,nochange,6,f,1,1397.4063,3
9168,2,0,9,9,change,6,f,0,1382.4524,NA
9168,2,0,10,10,nochange,6,f,1,1448.2147,NA
9168,2,0,11,11,change,6,f,0,1332.2222,NA
9168,2,0,12,12,nochange,6,j,0,1004.2842,NA
9168,2,0,13,13,nochange,6,f,1,3359.5533,NA
9168,2,0,14,14,nochange,6,f,1,2605.696,NA
9168,2,0,15,15,nochange,6,f,1,1305.6105,NA
9168,2,0,16,16,change,6,j,1,1956.9515,1
9168,2,0,17,17,nochange,6,f,1,902.7514,NA
9168,2,0,18,18,change,6,j,1,1914.3251,NA
9168,2,0,19,19,nochange,6,f,1,2044.9731,NA
9168,2,0,20,20,nochange,6,f,1,1743.812,NA
9168,2,0,21,21,change,6,j,1,1196.5843,NA
9168,2,0,22,22,nochange,6,f,1,1872.5756,NA
9168,2,0,23,23,nochange,6,f,1,2667.8552,NA
9168,2,0,24,24,change,6,j,1,1248.8372,1
9168,2,0,25,25,nochange,6,f,1,3378.759,NA
9168,2,0,26,26,change,6,j,1,1530.3536,NA
9168,2,0,27,27,change,6,j,1,2832.8737,NA
9168,2,0,28,28,nochange,6,f,1,1599.8548,NA
9168,2,0,29,29,nochange,6,j,0,3070.8303,NA
9168,2,0,30,30,nochange,6,f,1,1509.8578,NA
9168,2,0,31,31,nochange,6,j,0,3817.9266,NA
9168,2,0,32,32,change,6,j,1,1558.3262,2
9168,2,0,33,33,change,6,f,0,6580.1831,NA
9168,2,0,34,34,nochange,6,f,1,1341.3199,NA
9168,2,0,35,35,nochange,6,f,1,1107.7724,NA
9168,2,0,36,36,change,6,j,1,1518.9843,NA
9168,2,0,37,37,change,6,j,1,1497.9046,NA
9168,2,0,38,38,nochange,6,f,1,1701.3893,NA
9168,2,0,39,39,change,6,j,1,2175.4136,NA
9168,2,0,40,40,change,6,j,1,2286.199,1
9168,2,0,41,41,nochange,6,j,0,2453.8172,NA
9168,2,0,42,42,change,6,j,1,3564.8244,NA
9168,2,0,43,43,change,6,j,1,1641.7195,NA
9168,2,0,44,44,nochange,6,f,1,484.2982,NA
9168,2,0,45,45,nochange,6,j,0,1703.6283,NA
9168,2,0,46,46,nochange,6,f,1,2907.8181,NA
9168,2,0,47,47,change,6,f,0,2783.1271,NA
9168,2,0,48,48,change,6,j,1,2493.9682,2
9168,2,0,49,49,change,6,f,0,2632.2427,NA
9168,2,0,50,50,change,6,j,1,1995.6175,NA
9168,2,0,51,51,nochange,6,j,0,1278.4045,NA
9168,2,0,52,52,change,6,f,0,1899.6741,NA
9168,2,0,53,53,change,6,f,0,1132.8059,NA
9168,2,0,54,54,change,6,f,0,1007.9635,NA
9168,2,0,55,55,change,6,f,0,1923.003,NA
9168,2,0,56,56,nochange,6,f,1,1157.219,1
9168,2,0,57,57,change,6,f,0,317.5726,NA
9168,2,0,58,58,change,6,j,1,890.0702,NA
9168,2,0,59,59,change,6,j,1,844.63,NA
9168,2,0,60,60,nochange,6,f,1,1548.1674,NA
9169,2,practice,0,1,nochange,6,f,1,1328.3485,NA
9169,2,practice,0,2,change,6,j,1,972.3406,NA
9169,2,practice,0,3,nochange,6,f,1,973.8885,NA
9169,2,practice,0,4,nochange,6,j,0,1818.8076,NA
9169,2,practice,0,5,change,6,j,1,4476.9358,NA
9169,2,0,1,1,change,6,j,1,1594.7093,NA
9169,2,0,2,2,change,6,j,1,1251.0512,NA
9169,2,0,3,3,nochange,6,f,1,2047.0359,NA
9169,2,0,4,4,nochange,6,f,1,1290.9662,NA
9169,2,0,5,5,change,6,j,1,1126.6601,NA
9169,2,0,6,6,change,6,j,1,1249.3228,NA
9169,2,0,7,7,nochange,6,f,1,2099.4948,NA
9169,2,0,8,8,change,6,f,0,1091.4973,1
9169,2,0,9,9,change,6,j,1,1473.3541,NA
9169,2,0,10,10,nochange,6,f,1,1471.1226,NA
9169,2,0,11,11,nochange,6,f,1,1845.0631,NA
9169,2,0,12,12,nochange,6,f,1,972.3965,NA
9169,2,0,13,13,nochange,6,f,1,1616.6634,NA
9169,2,0,14,14,change,6,j,1,1135.6944,NA
9169,2,0,15,15,nochange,6,f,1,1238.3866,NA
9169,2,0,16,16,nochange,6,f,1,2143.8583,1
9169,2,0,17,17,nochange,6,f,1,1017.7471,NA
9169,2,0,18,18,change,6,f,0,977.0387,NA
9169,2,0,19,19,change,6,f,0,1608.7554,NA
9169,2,0,20,20,change,6,j,1,1003.7288,NA
9169,2,0,21,21,nochange,6,j,0,1690.3655,NA
9169,2,0,22,22,nochange,6,f,1,1018.3967,NA
9169,2,0,23,23,nochange,6,f,1,2493.9402,NA
9169,2,0,24,24,nochange,6,j,0,1322.0725,1
9169,2,0,25,25,change,6,j,1,2130.5643,NA
9169,2,0,26,26,change,6,j,1,1224.7007,NA
9169,2,0,27,27,nochange,6,f,1,2125.3255,NA
9169,2,0,28,28,change,6,j,1,2524.9089,NA
9169,2,0,29,29,nochange,6,f,1,1347.9368,NA
9169,2,0,30,30,change,6,f,0,1022.3979,NA
9169,2,0,31,31,nochange,6,f,1,1109.6598,NA
9169,2,0,32,32,nochange,6,f,1,981.2,1
9169,2,0,33,33,change,6,j,1,1604.3575,NA
9169,2,0,34,34,change,6,j,1,3614.2486,NA
9169,2,0,35,35,change,6,f,0,1978.0753,NA
9169,2,0,36,36,change,6,f,0,4557.6434,NA
9169,2,0,37,37,nochange,6,f,1,1687.5747,NA
9169,2,0,38,38,nochange,6,f,1,1290.389,NA
9169,2,0,39,39,change,6,j,1,1209.2077,NA
9169,2,0,40,40,nochange,6,f,1,4236.5971,2
9169,2,0,41,41,nochange,6,f,1,6.09840000002,NA
9169,2,0,42,42,nochange,6,f,1,2737.8066,NA
9169,2,0,43,43,nochange,6,f,1,2308.405,NA
9169,2,0,44,44,change,6,j,1,2079.5168,NA
9169,2,0,45,45,nochange,6,f,1,1436.1736,NA
9169,2,0,46,46,change,6,f,0,3862.8617,NA
9169,2,0,47,47,nochange,6,j,0,3562.3584,NA
9169,2,0,48,48,nochange,6,f,1,918.7403,2
9169,2,0,49,49,change,6,f,0,6179.8869,NA
9169,2,0,50,50,change,6,j,1,1367.8627,NA
9169,2,0,51,51,change,6,j,1,5283.6066,NA
9169,2,0,52,52,nochange,6,f,1,1172.4742,NA
9169,2,0,53,53,change,6,j,1,1126.909,NA
9169,2,0,54,54,nochange,6,f,1,1257.8421,NA
9169,2,0,55,55,change,6,j,1,2810.1599,NA
9169,2,0,56,56,change,6,j,1,3791.1784,1
9169,2,0,57,57,change,6,f,0,3367.2481,NA
9169,2,0,58,58,change,6,f,0,1794.5388,NA
9169,2,0,59,59,change,6,f,0,7.11840000004,NA
9169,2,0,60,60,nochange,6,f,1,3268.982,NA
9170,2,practice,0,1,nochange,6,f,1,1271.9867,NA
9170,2,practice,0,2,nochange,6,j,0,831.1707,NA
9170,2,practice,0,3,change,6,j,1,835.8326,NA
9170,2,practice,0,4,nochange,6,j,0,856.7284,NA
9170,2,practice,0,5,change,6,f,0,267.3322,NA
9170,2,0,1,1,nochange,6,f,1,2137.2333,NA
9170,2,0,2,2,nochange,6,f,1,3168.7669,NA
9170,2,0,3,3,nochange,6,j,0,1741.4706,NA
9170,2,0,4,4,nochange,6,f,1,1218.1089,NA
9170,2,0,5,5,nochange,6,f,1,1471.2886,NA
9170,2,0,6,6,nochange,6,f,1,4.60560000004,NA
9170,2,0,7,7,nochange,6,j,0,1453.7449,NA
9170,2,0,8,8,change,6,j,1,1018.9051,3
9170,2,0,9,9,change,6,j,1,1338.1994,NA
9170,2,0,10,10,nochange,6,j,0,1427.2835,NA
9170,2,0,11,11,nochange,6,f,1,995.1815,NA
9170,2,0,12,12,change,6,f,0,1437.2108,NA
9170,2,0,13,13,change,6,j,1,1853.1193,NA
9170,2,0,14,14,nochange,6,f,1,967.7718,NA
9170,2,0,15,15,change,6,j,1,681.8283,NA
9170,2,0,16,16,change,6,j,1,3077.2693,2
9170,2,0,17,17,nochange,6,f,1,1722.605,NA
9170,2,0,18,18,change,6,j,1,2496.0363,NA
9170,2,0,19,19,change,6,j,1,7283.1682,NA
9170,2,0,20,20,change,6,f,0,876.2382,NA
9170,2,0,21,21,change,6,f,0,1620.2228,NA
9170,2,0,22,22,nochange,6,j,0,989.1078,NA
9170,2,0,23,23,nochange,6,f,1,906.2368,NA
9170,2,0,24,24,change,6,j,1,2401.3408,1
9170,2,0,25,25,change,6,f,0,4721.1773,NA
9170,2,0,26,26,nochange,6,j,0,1091.7715,NA
9170,2,0,27,27,change,6,f,0,2370.8077,NA
9170,2,0,28,28,change,6,j,1,1505.561,NA
9170,2,0,29,29,nochange,6,j,0,1062.5839,NA
9170,2,0,30,30,change,6,f,0,358.4247,NA
9170,2,0,31,31,nochange,6,j,0,2168.2465,NA
9170,2,0,32,32,change,6,j,1,902.2311,5
9170,2,0,33,33,change,6,f,0,1680.2984,NA
9170,2,0,34,34,change,6,f,0,1690.3508,NA
9170,2,0,35,35,change,6,j,1,3598.4811,NA
9170,2,0,36,36,change,6,j,1,1500.7599,NA
9170,2,0,37,37,nochange,6,f,1,991.329,NA
9170,2,0,38,38,change,6,j,1,1803.1426,NA
9170,2,0,39,39,nochange,6,f,1,576.1324,NA
9170,2,0,40,40,nochange,6,f,1,1320.0036,1
9170,2,0,41,41,nochange,6,f,1,716.3029,NA
9170,2,0,42,42,change,6,j,1,1358.8988,NA
9170,2,0,43,43,nochange,6,f,1,1227.7674,NA
9170,2,0,44,44,change,6,j,1,2508.5495,NA
9170,2,0,45,45,nochange,6,f,1,1080.8829,NA
9170,2,0,46,46,change,6,f,0,2078.7969,NA
9170,2,0,47,47,nochange,6,j,0,852.5728,NA
9170,2,0,48,48,change,6,f,0,596.4374,2
9170,2,0,49,49,change,6,j,1,847.9029,NA
9170,2,0,50,50,nochange,6,j,0,887.6933,NA
9170,2,0,51,51,change,6,j,1,932.7255,NA
9170,2,0,52,52,change,6,j,1,8972.3504,NA
9170,2,0,53,53,nochange,6,j,0,1858.0057,NA
9170,2,0,54,54,change,6,f,0,837.3578,NA
9170,2,0,55,55,nochange,6,f,1,777.5545,NA
9170,2,0,56,56,nochange,6,f,1,778.0377,1
9170,2,0,57,57,nochange,6,f,1,804.8785,NA
9170,2,0,58,58,change,6,f,0,1271.3971,NA
9170,2,0,59,59,nochange,6,f,1,987.2611,NA
9170,2,0,60,60,nochange,6,j,0,950.6883,NA
9171,2,practice,0,1,nochange,6,f,1,2734.384,NA
9171,2,practice,0,2,nochange,6,f,1,1563.9978,NA
9171,2,practice,0,3,change,6,j,1,983.8581,NA
9171,2,practice,0,4,change,6,j,1,2253.3757,NA
9171,2,practice,0,5,change,6,j,1,1002.5695,NA
9171,2,0,1,1,change,6,j,1,994.1625,NA
9171,2,0,2,2,nochange,6,f,1,1898.6392,NA
9171,2,0,3,3,nochange,6,f,1,2930.0453,NA
9171,2,0,4,4,nochange,6,f,1,2138.9722,NA
9171,2,0,5,5,change,6,j,1,2114.6098,NA
9171,2,0,6,6,nochange,6,f,1,2081.5634,NA
9171,2,0,7,7,change,6,j,1,1021.0649,NA
9171,2,0,8,8,change,6,j,1,2552.3527,2
9171,2,0,9,9,nochange,6,f,1,2665.5482,NA
9171,2,0,10,10,nochange,6,f,1,1563.7349,NA
9171,2,0,11,11,nochange,6,f,1,1462.6072,NA
9171,2,0,12,12,change,6,j,1,1262.2752,NA
9171,2,0,13,13,nochange,6,f,1,1030.4496,NA
9171,2,0,14,14,nochange,6,j,0,2008.8091,NA
9171,2,0,15,15,nochange,6,f,1,866.9569,NA
9171,2,0,16,16,nochange,6,f,1,1449.4906,2
9171,2,0,17,17,change,6,f,0,1161.4493,NA
9171,2,0,18,18,nochange,6,f,1,923.5746,NA
9171,2,0,19,19,nochange,6,j,0,1004.9136,NA
9171,2,0,20,20,nochange,6,f,1,1947.0118,NA
9171,2,0,21,21,change,6,j,1,3010.1719,NA
9171,2,0,22,22,nochange,6,j,0,1086.9853,NA
9171,2,0,23,23,nochange,6,f,1,858.0859,NA
9171,2,0,24,24,nochange,6,f,1,960.9584,2
9171,2,0,25,25,nochange,6,f,1,4013.9912,NA
9171,2,0,26,26,nochange,6,f,1,1596.2877,NA
9171,2,0,27,27,change,6,f,0,3795.0477,NA
9171,2,0,28,28,change,6,j,1,1615.1902,NA
9171,2,0,29,29,change,6,j,1,906.9472,NA
9171,2,0,30,30,change,6,j,1,1397.341,NA
9171,2,0,31,31,change,6,j,1,2074.7626,NA
9171,2,0,32,32,nochange,6,f,1,991.3729,2
9171,2,0,33,33,nochange,6,f,1,1038.3267,NA
9171,2,0,34,34,change,6,j,1,1247.8026,NA
9171,2,0,35,35,change,6,j,1,999.7248,NA
9171,2,0,36,36,change,6,f,0,2229.7481,NA
9171,2,0,37,37,nochange,6,j,0,2259.0362,NA
9171,2,0,38,38,change,6,j,1,1715.7671,NA
9171,2,0,39,39,change,6,j,1,3845.6283,NA
9171,2,0,40,40,change,6,f,0,2015.5868,1
9171,2,0,41,41,change,6,j,1,963.9978,NA
9171,2,0,42,42,nochange,6,f,1,962.6529,NA
9171,2,0,43,43,nochange,6,f,1,1351.2072,NA
9171,2,0,44,44,change,6,f,0,3125.6699,NA
9171,2,0,45,45,change,6,f,0,1005.0366,NA
9171,2,0,46,46,change,6,j,1,877.8509,NA
9171,2,0,47,47,change,6,f,0,1427.8633,NA
9171,2,0,48,48,change,6,j,1,5045.3423,1
9171,2,0,49,49,nochange,6,f,1,984.898,NA
9171,2,0,50,50,change,6,j,1,1065.1338,NA
9171,2,0,51,51,change,6,j,1,4834.1333,NA
9171,2,0,52,52,nochange,6,f,1,5158.4562,NA
9171,2,0,53,53,change,6,f,0,2674.7075,NA
9171,2,0,54,54,change,6,j,1,2325.7671,NA
9171,2,0,55,55,nochange,6,f,1,1390.3297,NA
9171,2,0,56,56,change,6,j,1,1190.8633,2
9171,2,0,57,57,nochange,6,f,1,1243.1978,NA
9171,2,0,58,58,nochange,6,j,0,2363.4024,NA
9171,2,0,59,59,nochange,6,j,0,2060.7792,NA
9171,2,0,60,60,change,6,f,0,1081.7841,NA
9172,2,practice,0,1,change,6,j,1,0.234499999999,NA
9172,2,practice,0,2,nochange,6,j,0,1169.9159,NA
9172,2,practice,0,3,change,6,j,1,1334.0914,NA
9172,2,practice,0,4,nochange,6,f,1,1269.7385,NA
9172,2,practice,0,5,nochange,6,j,0,1580.8087,NA
9172,2,0,1,1,change,6,f,0,1151.8719,NA
9172,2,0,2,2,change,6,j,1,1188.695,NA
9172,2,0,3,3,change,6,f,0,1427.4533,NA
9172,2,0,4,4,change,6,j,1,1183.6924,NA
9172,2,0,5,5,change,6,f,0,3284.3397,NA
9172,2,0,6,6,nochange,6,f,1,1634.5563,NA
9172,2,0,7,7,change,6,f,0,1375.2047,NA
9172,2,0,8,8,nochange,6,f,1,2140.5163,5
9172,2,0,9,9,change,6,j,1,2352.0079,NA
9172,2,0,10,10,nochange,6,j,0,2005.9475,NA
9172,2,0,11,11,change,6,j,1,1424.3161,NA
9172,2,0,12,12,change,6,j,1,1619.4819,NA
9172,2,0,13,13,change,6,f,0,1137.1222,NA
9172,2,0,14,14,nochange,6,f,1,1380.9626,NA
9172,2,0,15,15,nochange,6,j,0,355.0139,NA
9172,2,0,16,16,change,6,j,1,1381.8796,5
9172,2,0,17,17,change,6,j,1,1203.7623,NA
9172,2,0,18,18,change,6,j,1,2572.3559,NA
9172,2,0,19,19,change,6,j,1,2101.3515,NA
9172,2,0,20,20,change,6,j,1,1350.7176,NA
9172,2,0,21,21,nochange,6,f,1,426.7936,NA
9172,2,0,22,22,nochange,6,f,1,1251.1487,NA
9172,2,0,23,23,nochange,6,j,0,803.2245,NA
9172,2,0,24,24,change,6,f,0,488.7645,5
9172,2,0,25,25,nochange,6,j,0,837.2737,NA
9172,2,0,26,26,nochange,6,f,1,2120.4373,NA
9172,2,0,27,27,nochange,6,j,0,1247.8849,NA
9172,2,0,28,28,change,6,f,0,798.3744,NA
9172,2,0,29,29,nochange,6,j,0,637.7638,NA
9172,2,0,30,30,nochange,6,f,1,807.361,NA
9172,2,0,31,31,change,6,f,0,1180.3384,NA
9172,2,0,32,32,change,6,f,0,833.3021,5
9172,2,0,33,33,nochange,6,j,0,564.9029,NA
9172,2,0,34,34,nochange,6,f,1,342.1968,NA
9172,2,0,35,35,nochange,6,j,0,434.524,NA
9172,2,0,36,36,nochange,6,f,1,4.14540000004,NA
9172,2,0,37,37,change,6,f,0,494.9611,NA
9172,2,0,38,38,nochange,6,f,1,830.408,NA
9172,2,0,39,39,change,6,f,0,705.2554,NA
9172,2,0,40,40,change,6,j,1,453.0825,5
9172,2,0,41,41,change,6,f,0,707.0212,NA
9172,2,0,42,42,nochange,6,j,0,611.2381,NA
9172,2,0,43,43,nochange,6,f,1,585.5343,NA
9172,2,0,44,44,change,6,j,1,1476.5016,NA
9172,2,0,45,45,nochange,6,f,1,558.0019,NA
9172,2,0,46,46,nochange,6,f,1,5.68100000004,NA
9172,2,0,47,47,nochange,6,j,0,591.0572,NA
9172,2,0,48,48,change,6,f,0,626.0865,5
9172,2,0,49,49,nochange,6,f,1,871.7959,NA
9172,2,0,50,50,change,6,f,0,862.0567,NA
9172,2,0,51,51,change,6,j,1,1166.9014,NA
9172,2,0,52,52,nochange,6,f,1,672.6655,NA
9172,2,0,53,53,change,6,j,1,3824.3466,NA
9172,2,0,54,54,change,6,j,1,3047.2847,NA
9172,2,0,55,55,change,6,f,0,356.6103,NA
9172,2,0,56,56,nochange,6,j,0,636.2843,4
9172,2,0,57,57,nochange,6,j,0,1201.3846,NA
9172,2,0,58,58,nochange,6,f,1,520.9667,NA
9172,2,0,59,59,nochange,6,j,0,560.493,NA
9172,2,0,60,60,nochange,6,f,1,406.5148,NA
9173,2,practice,0,1,nochange,6,f,1,1367.9708,NA
9173,2,practice,0,2,nochange,6,f,1,868.3108,NA
9173,2,practice,0,3,nochange,6,j,0,1633.2717,NA
9173,2,practice,0,4,nochange,6,f,1,1034.2173,NA
9173,2,practice,0,5,nochange,6,f,1,886.2711,NA
9173,2,0,1,1,nochange,6,f,1,955.1895,NA
9173,2,0,2,2,change,6,j,1,1133.0257,NA
9173,2,0,3,3,change,6,j,1,1327.478,NA
9173,2,0,4,4,nochange,6,f,1,1334.8978,NA
9173,2,0,5,5,change,6,j,1,1318.2851,NA
9173,2,0,6,6,change,6,f,0,1652.7742,NA
9173,2,0,7,7,nochange,6,f,1,3064.2152,NA
9173,2,0,8,8,change,6,f,0,2183.0347,2
9173,2,0,9,9,change,6,j,1,1117.0437,NA
9173,2,0,10,10,nochange,6,f,1,1434.7766,NA
9173,2,0,11,11,change,6,f,0,2257.4801,NA
9173,2,0,12,12,nochange,6,f,1,2159.9183,NA
9173,2,0,13,13,nochange,6,f,1,1929.0041,NA
9173,2,0,14,14,nochange,6,f,1,1769.6681,NA
9173,2,0,15,15,change,6,j,1,992.3584,NA
9173,2,0,16,16,change,6,j,1,1053.5652,1
9173,2,0,17,17,nochange,6,f,1,926.5083,NA
9173,2,0,18,18,nochange,6,f,1,993.0383,NA
9173,2,0,19,19,nochange,6,f,1,765.4133,NA
9173,2,0,20,20,change,6,j,1,915.9694,NA
9173,2,0,21,21,change,6,f,0,1621.5924,NA
9173,2,0,22,22,change,6,j,1,901.3425,NA
9173,2,0,23,23,nochange,6,f,1,1395.9245,NA
9173,2,0,24,24,change,6,f,0,1195.4073,1
9173,2,0,25,25,nochange,6,f,1,869.351,NA
9173,2,0,26,26,change,6,j,1,2938.8615,NA
9173,2,0,27,27,nochange,6,f,1,1843.4757,NA
9173,2,0,28,28,change,6,f,0,837.9267,NA
9173,2,0,29,29,change,6,j,1,1768.7688,NA
9173,2,0,30,30,change,6,f,0,946.941,NA
9173,2,0,31,31,change,6,j,1,32.0475,NA
9173,2,0,32,32,nochange,6,f,1,2247.5467,2
9173,2,0,33,33,nochange,6,f,1,1155.0097,NA
9173,2,0,34,34,nochange,6,f,1,969.0837,NA
9173,2,0,35,35,change,6,f,0,925.7601,NA
9173,2,0,36,36,nochange,6,f,1,1247.3185,NA
9173,2,0,37,37,nochange,6,f,1,811.3843,NA
9173,2,0,38,38,nochange,6,f,1,855.2079,NA
9173,2,0,39,39,nochange,6,j,0,2066.8693,NA
9173,2,0,40,40,change,6,f,0,810.1496,3
9173,2,0,41,41,nochange,6,f,1,828.2409,NA
9173,2,0,42,42,change,6,j,1,5658.5969,NA
9173,2,0,43,43,change,6,f,0,1090.1147,NA
9173,2,0,44,44,nochange,6,f,1,4195.0188,NA
9173,2,0,45,45,nochange,6,f,1,1780.9633,NA
9173,2,0,46,46,nochange,6,f,1,1522.0089,NA
9173,2,0,47,47,change,6,j,1,3130.2543,NA
9173,2,0,48,48,nochange,6,f,1,1233.3362,3
9173,2,0,49,49,change,6,j,1,2052.7012,NA
9173,2,0,50,50,change,6,f,0,1199.4983,NA
9173,2,0,51,51,nochange,6,f,1,2250.9229,NA
9173,2,0,52,52,change,6,f,0,1186.8901,NA
9173,2,0,53,53,change,6,j,1,442.2561,NA
9173,2,0,54,54,change,6,j,1,1249.9348,NA
9173,2,0,55,55,change,6,f,0,921.7339,NA
9173,2,0,56,56,nochange,6,f,1,720.9459,3
9173,2,0,57,57,nochange,6,f,1,5784.6571,NA
9173,2,0,58,58,nochange,6,f,1,816.5937,NA
9173,2,0,59,59,nochange,6,f,1,2412.2061,NA
9173,2,0,60,60,change,6,j,1,979.5622,NA
9174,2,practice,0,1,change,6,j,1,1737.8912,NA
9174,2,practice,0,2,change,6,j,1,1337.0307,NA
9174,2,practice,0,3,nochange,6,j,0,3777.7191,NA
9174,2,practice,0,4,nochange,6,f,1,1081.059,NA
9174,2,practice,0,5,change,6,f,0,795.2148,NA
9174,2,0,1,1,nochange,6,f,1,1176.1991,NA
9174,2,0,2,2,change,6,j,1,1063.0952,NA
9174,2,0,3,3,change,6,j,1,1183.5715,NA
9174,2,0,4,4,nochange,6,f,1,1686.8705,NA
9174,2,0,5,5,nochange,6,f,1,2653.5028,NA
9174,2,0,6,6,nochange,6,f,1,2053.1701,NA
9174,2,0,7,7,change,6,j,1,945.4901,NA
9174,2,0,8,8,change,6,j,1,1152.5777,5
9174,2,0,9,9,nochange,6,f,1,1302.0525,NA
9174,2,0,10,10,change,6,j,1,877.634,NA
9174,2,0,11,11,change,6,f,0,1648.3287,NA
9174,2,0,12,12,change,6,f,0,2671.5063,NA
9174,2,0,13,13,nochange,6,f,1,3641.8156,NA
9174,2,0,14,14,change,6,f,0,2750.2732,NA
9174,2,0,15,15,change,6,j,1,1383.4488,NA
9174,2,0,16,16,change,6,f,0,1402.2444,5
9174,2,0,17,17,nochange,6,f,1,924.3742,NA
9174,2,0,18,18,change,6,f,0,2429.9325,NA
9174,2,0,19,19,change,6,j,1,1032.2571,NA
9174,2,0,20,20,change,6,j,1,1192.3879,NA
9174,2,0,21,21,change,6,j,1,1908.0256,NA
9174,2,0,22,22,change,6,j,1,1494.7441,NA
9174,2,0,23,23,nochange,6,f,1,1912.7422,NA
9174,2,0,24,24,nochange,6,f,1,1100.976,3
9174,2,0,25,25,change,6,f,0,1807.1345,NA
9174,2,0,26,26,nochange,6,f,1,879.3106,NA
9174,2,0,27,27,nochange,6,f,1,1850.6252,NA
9174,2,0,28,28,change,6,j,1,2835.7535,NA
9174,2,0,29,29,nochange,6,f,1,945.9497,NA
9174,2,0,30,30,change,6,j,1,1879.8587,NA
9174,2,0,31,31,nochange,6,f,1,2539.5958,NA
9174,2,0,32,32,nochange,6,j,0,1856.8657,3
9174,2,0,33,33,change,6,f,0,1644.1709,NA
9174,2,0,34,34,nochange,6,f,1,1889.0093,NA
9174,2,0,35,35,nochange,6,f,1,1402.8539,NA
9174,2,0,36,36,nochange,6,f,1,1372.8958,NA
9174,2,0,37,37,nochange,6,f,1,3220.4227,NA
9174,2,0,38,38,nochange,6,j,0,1595.0291,NA
9174,2,0,39,39,nochange,6,f,1,1216.3282,NA
9174,2,0,40,40,change,6,f,0,1438.1974,3
9174,2,0,41,41,change,6,f,0,1630.6512,NA
9174,2,0,42,42,change,6,f,0,1413.787,NA
9174,2,0,43,43,change,6,j,1,1200.7404,NA
9174,2,0,44,44,nochange,6,f,1,1875.3905,NA
9174,2,0,45,45,change,6,f,0,2043.9186,NA
9174,2,0,46,46,nochange,6,j,0,2130.1396,NA
9174,2,0,47,47,change,6,j,1,5247.3026,NA
9174,2,0,48,48,nochange,6,f,1,1362.665,5
9174,2,0,49,49,change,6,j,1,3013.934,NA
9174,2,0,50,50,nochange,6,f,1,1522.0114,NA
9174,2,0,51,51,change,6,f,0,1331.9554,NA
9174,2,0,52,52,change,6,j,1,1394.6109,NA
9174,2,0,53,53,nochange,6,f,1,996.8256,NA
9174,2,0,54,54,nochange,6,j,0,1345.7419,NA
9174,2,0,55,55,change,6,f,0,3749.127,NA
9174,2,0,56,56,change,6,j,1,2369.3006,3
9174,2,0,57,57,nochange,6,f,1,1934.1879,NA
9174,2,0,58,58,nochange,6,j,0,1658.5117,NA
9174,2,0,59,59,nochange,6,f,1,1214.0805,NA
9174,2,0,60,60,nochange,6,f,1,2691.9881,NA
9175,2,practice,0,1,change,6,j,1,1727.6215,NA
9175,2,practice,0,2,nochange,6,f,1,1082.0361,NA
9175,2,practice,0,3,change,6,j,1,918.115,NA
9175,2,practice,0,4,change,6,j,1,1122.3231,NA
9175,2,practice,0,5,nochange,6,f,1,1200.4727,NA
9175,2,0,1,1,change,6,j,1,1050.4651,NA
9175,2,0,2,2,nochange,6,f,1,1129.0261,NA
9175,2,0,3,3,nochange,6,f,1,1698.4638,NA
9175,2,0,4,4,change,6,j,1,1146.7085,NA
9175,2,0,5,5,change,6,j,1,1839.2816,NA
9175,2,0,6,6,nochange,6,f,1,1249.6045,NA
9175,2,0,7,7,nochange,6,f,1,1336.6971,NA
9175,2,0,8,8,nochange,6,f,1,1023.7304,1
9175,2,0,9,9,nochange,6,f,1,1045.6683,NA
9175,2,0,10,10,nochange,6,f,1,878.6128,NA
9175,2,0,11,11,change,6,j,1,957.277,NA
9175,2,0,12,12,nochange,6,j,0,1227.4295,NA
9175,2,0,13,13,nochange,6,f,1,933.685,NA
9175,2,0,14,14,change,6,j,1,830.4648,NA
9175,2,0,15,15,change,6,j,1,915.7269,NA
9175,2,0,16,16,nochange,6,f,1,1446.9794,1
9175,2,0,17,17,nochange,6,f,1,1064.6167,NA
9175,2,0,18,18,change,6,j,1,1356.1905,NA
9175,2,0,19,19,nochange,6,j,0,1370.5601,NA
9175,2,0,20,20,change,6,j,1,928.634,NA
9175,2,0,21,21,nochange,6,f,1,1165.7615,NA
9175,2,0,22,22,nochange,6,f,1,1031.4921,NA
9175,2,0,23,23,change,6,j,1,1148.4237,NA
9175,2,0,24,24,change,6,f,0,994.4152,1
9175,2,0,25,25,change,6,j,1,2430.745,NA
9175,2,0,26,26,nochange,6,f,1,1259.4648,NA
9175,2,0,27,27,nochange,6,j,0,988.0501,NA
9175,2,0,28,28,nochange,6,f,1,897.497,NA
9175,2,0,29,29,change,6,j,1,1286.9445,NA
9175,2,0,30,30,change,6,f,0,1113.6332,NA
9175,2,0,31,31,nochange,6,f,1,965.9335,NA
9175,2,0,32,32,change,6,j,1,958.9795,1
9175,2,0,33,33,change,6,f,0,1452.0208,NA
9175,2,0,34,34,change,6,j,1,1088.1237,NA
9175,2,0,35,35,change,6,j,1,1049.8807,NA
9175,2,0,36,36,change,6,j,1,1483.8675,NA
9175,2,0,37,37,nochange,6,j,0,1362.8383,NA
9175,2,0,38,38,change,6,j,1,1015.2688,NA
9175,2,0,39,39,nochange,6,f,1,944.7728,NA
9175,2,0,40,40,change,6,j,1,1858.4271,1
9175,2,0,41,41,nochange,6,f,1,1499.7278,NA
9175,2,0,42,42,change,6,f,0,2134.9786,NA
9175,2,0,43,43,nochange,6,f,1,1472.8922,NA
9175,2,0,44,44,nochange,6,f,1,810.408,NA
9175,2,0,45,45,change,6,j,1,1315.6523,NA
9175,2,0,46,46,change,6,f,0,1953.3137,NA
9175,2,0,47,47,nochange,6,j,0,3130.4709,NA
9175,2,0,48,48,change,6,f,0,1440.8552,1
9175,2,0,49,49,change,6,f,0,1902.1546,NA
9175,2,0,50,50,change,6,f,0,1271.417,NA
9175,2,0,51,51,nochange,6,f,1,1156.0045,NA
9175,2,0,52,52,change,6,j,1,6658.8202,NA
9175,2,0,53,53,nochange,6,j,0,1577.6012,NA
9175,2,0,54,54,change,6,f,0,972.9436,NA
9175,2,0,55,55,nochange,6,f,1,863.2759,NA
9175,2,0,56,56,change,6,j,1,2210.4804,4
9175,2,0,57,57,nochange,6,f,1,849.1331,NA
9175,2,0,58,58,nochange,6,f,1,1415.3816,NA
9175,2,0,59,59,nochange,6,f,1,923.0151,NA
9175,2,0,60,60,change,6,j,1,1605.4767,NA
9176,2,practice,0,1,change,6,j,1,2790.7654000000002,NA
9176,2,practice,0,2,change,6,j,1,1359.9936,NA
9176,2,practice,0,3,nochange,6,j,0,1495.9709,NA
9176,2,practice,0,4,change,6,f,0,1686.2015,NA
9176,2,practice,0,5,nochange,6,j,0,1849.085,NA
9176,2,0,1,1,nochange,6,f,1,1211.6522,NA
9176,2,0,2,2,nochange,6,j,0,1604.5727,NA
9176,2,0,3,3,nochange,6,f,1,2250.6969,NA
9176,2,0,4,4,nochange,6,j,0,948.3143,NA
9176,2,0,5,5,nochange,6,j,0,1635.42,NA
9176,2,0,6,6,nochange,6,f,1,3420.3122,NA
9176,2,0,7,7,change,6,j,1,1021.2045,NA
9176,2,0,8,8,nochange,6,f,1,1476.2741,2
9176,2,0,9,9,nochange,6,f,1,1342.448,NA
9176,2,0,10,10,nochange,6,j,0,1313.8252,NA
9176,2,0,11,11,change,6,j,1,1633.0193,NA
9176,2,0,12,12,change,6,f,0,5110.0594,NA
9176,2,0,13,13,change,6,j,1,1398.8531,NA
9176,2,0,14,14,change,6,j,1,1080.9573,NA
9176,2,0,15,15,nochange,6,f,1,1407.3972,NA
9176,2,0,16,16,change,6,j,1,2402.0707,2
9176,2,0,17,17,nochange,6,f,1,2353.2969,NA
9176,2,0,18,18,change,6,j,1,1110.7588,NA
9176,2,0,19,19,nochange,6,j,0,1246.3907,NA
9176,2,0,20,20,change,6,f,0,1400.0929,NA
9176,2,0,21,21,nochange,6,j,0,1437.7431,NA
9176,2,0,22,22,nochange,6,f,1,957.2772,NA
9176,2,0,23,23,nochange,6,j,0,1632.3522,NA
9176,2,0,24,24,change,6,j,1,1539.8532,1
9176,2,0,25,25,change,6,j,1,1429.3839,NA
9176,2,0,26,26,nochange,6,j,0,1217.8259,NA
9176,2,0,27,27,nochange,6,f,1,3922.9995,NA
9176,2,0,28,28,nochange,6,j,0,4277.6375,NA
9176,2,0,29,29,change,6,f,0,2685.3108,NA
9176,2,0,30,30,change,6,f,0,1571.3407,NA
9176,2,0,31,31,change,6,j,1,1473.994,NA
9176,2,0,32,32,nochange,6,f,1,1193.7852,1
9176,2,0,33,33,nochange,6,j,0,4210.5564,NA
9176,2,0,34,34,change,6,j,1,2811.9737,NA
9176,2,0,35,35,nochange,6,f,1,2098.6912,NA
9176,2,0,36,36,change,6,j,1,2212.8028,NA
9176,2,0,37,37,change,6,j,1,3043.2979,NA
9176,2,0,38,38,change,6,j,1,7322.2801,NA
9176,2,0,39,39,change,6,f,0,1523.9015,NA
9176,2,0,40,40,change,6,f,0,1234.4153,2
9176,2,0,41,41,change,6,j,1,3796.0201,NA
9176,2,0,42,42,change,6,j,1,1497.3587,NA
9176,2,0,43,43,nochange,6,f,1,1306.5152,NA
9176,2,0,44,44,change,6,j,1,3065.4904,NA
9176,2,0,45,45,change,6,j,1,1246.1008,NA
9176,2,0,46,46,nochange,6,j,0,2964.9357,NA
9176,2,0,47,47,change,6,f,0,1323.1915,NA
9176,2,0,48,48,nochange,6,f,1,1466.6748,4
9176,2,0,49,49,nochange,6,f,1,2155.0889,NA
9176,2,0,50,50,change,6,j,1,1229.6808,NA
9176,2,0,51,51,nochange,6,j,0,1816.6811,NA
9176,2,0,52,52,change,6,f,0,1571.9337,NA
9176,2,0,53,53,change,6,f,0,2472.7637,NA
9176,2,0,54,54,nochange,6,j,0,959.5221,NA
9176,2,0,55,55,change,6,j,1,1311.9387,NA
9176,2,0,56,56,nochange,6,f,1,1565.7776,2
9176,2,0,57,57,nochange,6,j,0,1267.6003,NA
9176,2,0,58,58,change,6,j,1,1604.2817,NA
9176,2,0,59,59,change,6,f,0,2495.6883,NA
9176,2,0,60,60,nochange,6,f,1,1810.2405,NA
9177,2,practice,0,1,nochange,6,f,1,3082.9482,NA
9177,2,practice,0,2,change,6,j,1,852.1102,NA
9177,2,practice,0,3,nochange,6,f,1,898.3631,NA
9177,2,practice,0,4,nochange,6,f,1,723.0061,NA
9177,2,practice,0,5,nochange,6,j,0,923.6789,NA
9177,2,0,1,1,change,6,j,1,792.0234,NA
9177,2,0,2,2,change,6,f,0,914.1665,NA
9177,2,0,3,3,nochange,6,f,1,718.0564,NA
9177,2,0,4,4,nochange,6,f,1,1013.2388,NA
9177,2,0,5,5,nochange,6,f,1,751.2008,NA
9177,2,0,6,6,change,6,j,1,650.6491,NA
9177,2,0,7,7,change,6,f,0,1912.178,NA
9177,2,0,8,8,change,6,j,1,940.9061,1
9177,2,0,9,9,nochange,6,f,1,971.5915,NA
9177,2,0,10,10,nochange,6,f,1,735.6596,NA
9177,2,0,11,11,change,6,f,0,632.2762,NA
9177,2,0,12,12,change,6,j,1,700.3797,NA
9177,2,0,13,13,change,6,j,1,681.3491,NA
9177,2,0,14,14,nochange,6,j,0,1830.5858,NA
9177,2,0,15,15,change,6,j,1,980.2304,NA
9177,2,0,16,16,nochange,6,f,1,562.7136,1
9177,2,0,17,17,nochange,6,j,0,1136.5454,NA
9177,2,0,18,18,nochange,6,f,1,714.1479,NA
9177,2,0,19,19,nochange,6,f,1,718.0755,NA
9177,2,0,20,20,nochange,6,j,0,1259.7573,NA
9177,2,0,21,21,change,6,j,1,847.4311,NA
9177,2,0,22,22,nochange,6,f,1,554.4985,NA
9177,2,0,23,23,nochange,6,f,1,1634.3297,NA
9177,2,0,24,24,nochange,6,f,1,1308.1449,1
9177,2,0,25,25,change,6,j,1,1186.1471,NA
9177,2,0,26,26,change,6,f,0,1264.552,NA
9177,2,0,27,27,nochange,6,f,1,617.1888,NA
9177,2,0,28,28,change,6,j,1,1714.257,NA
9177,2,0,29,29,nochange,6,j,0,870.1389,NA
9177,2,0,30,30,nochange,6,f,1,1926.5993,NA
9177,2,0,31,31,change,6,j,1,824.0458,NA
9177,2,0,32,32,nochange,6,f,1,882.2696,3
9177,2,0,33,33,change,6,f,0,2910.2304,NA
9177,2,0,34,34,change,6,f,0,1689.1779,NA
9177,2,0,35,35,nochange,6,f,1,904.8132,NA
9177,2,0,36,36,change,6,j,1,968.4076,NA
9177,2,0,37,37,nochange,6,f,1,1583.4509,NA
9177,2,0,38,38,nochange,6,f,1,1601.8375,NA
9177,2,0,39,39,nochange,6,f,1,726.8741,NA
9177,2,0,40,40,nochange,6,f,1,953.4559,1
9177,2,0,41,41,change,6,f,0,8493.9813,NA
9177,2,0,42,42,change,6,j,1,925.1985,NA
9177,2,0,43,43,change,6,j,1,1761.4166,NA
9177,2,0,44,44,nochange,6,f,1,1760.4406,NA
9177,2,0,45,45,change,6,f,0,2177.8717,NA
9177,2,0,46,46,nochange,6,f,1,1423.2276,NA
9177,2,0,47,47,change,6,j,1,799.7626,NA
9177,2,0,48,48,change,6,f,0,1677.3879,1
9177,2,0,49,49,change,6,j,1,1798.9598,NA
9177,2,0,50,50,change,6,f,0,1287.2711,NA
9177,2,0,51,51,change,6,j,1,896.7306,NA
9177,2,0,52,52,change,6,j,1,1549.3824,NA
9177,2,0,53,53,nochange,6,f,1,1226.5279,NA
9177,2,0,54,54,change,6,j,1,1064.8532,NA
9177,2,0,55,55,change,6,j,1,3376.8368,NA
9177,2,0,56,56,nochange,6,j,0,882.3424,1
9177,2,0,57,57,nochange,6,f,1,8.69969999988,NA
9177,2,0,58,58,nochange,6,f,1,1608.9412,NA
9177,2,0,59,59,change,6,j,1,791.7529,NA
9177,2,0,60,60,nochange,6,f,1,877.2986,NA
9179,2,practice,0,1,nochange,6,f,1,1030.8723,NA
9179,2,practice,0,2,nochange,6,j,0,2360.9769,NA
9179,2,practice,0,3,nochange,6,j,0,380.2329,NA
9179,2,practice,0,4,nochange,6,j,0,1252.737,NA
9179,2,practice,0,5,nochange,6,f,1,982.3434,NA
9179,2,0,1,1,change,6,j,1,1167.0881,NA
9179,2,0,2,2,nochange,6,f,1,3409.0468,NA
9179,2,0,3,3,nochange,6,j,0,6182.0575,NA
9179,2,0,4,4,nochange,6,f,1,948.0406,NA
9179,2,0,5,5,change,6,j,1,859.4528,NA
9179,2,0,6,6,change,6,j,1,1134.3385,NA
9179,2,0,7,7,nochange,6,f,1,1029.461,NA
9179,2,0,8,8,nochange,6,f,1,2731.4964,1
9179,2,0,9,9,nochange,6,f,1,1078.7796,NA
9179,2,0,10,10,change,6,f,0,2251.0078,NA
9179,2,0,11,11,change,6,j,1,2157.4217,NA
9179,2,0,12,12,nochange,6,f,1,1124.1779,NA
9179,2,0,13,13,nochange,6,f,1,2407.1389,NA
9179,2,0,14,14,nochange,6,f,1,1740.2363,NA
9179,2,0,15,15,change,6,j,1,1111.1165,NA
9179,2,0,16,16,change,6,j,1,1508.7825,1
9179,2,0,17,17,nochange,6,f,1,1185.0839,NA
9179,2,0,18,18,change,6,j,1,890.5194,NA
9179,2,0,19,19,nochange,6,f,1,910.3984,NA
9179,2,0,20,20,nochange,6,f,1,722.603,NA
9179,2,0,21,21,nochange,6,f,1,698.0484,NA
9179,2,0,22,22,change,6,j,1,2435.95,NA
9179,2,0,23,23,nochange,6,f,1,1503.7052,NA
9179,2,0,24,24,nochange,6,f,1,2634.3106,1
9179,2,0,25,25,nochange,6,f,1,1198.3996,NA
9179,2,0,26,26,change,6,j,1,1999.2485,NA
9179,2,0,27,27,nochange,6,f,1,1623.7414,NA
9179,2,0,28,28,change,6,f,0,1636.1367,NA
9179,2,0,29,29,change,6,j,1,1287.2458,NA
9179,2,0,30,30,change,6,j,1,3989.9062,NA
9179,2,0,31,31,change,6,j,1,848.1769,NA
9179,2,0,32,32,change,6,j,1,826.2152,1
9179,2,0,33,33,change,6,j,1,419.2699,NA
9179,2,0,34,34,nochange,6,j,0,3616.5603,NA
9179,2,0,35,35,change,6,j,1,906.9581,NA
9179,2,0,36,36,change,6,j,1,1105.3367,NA
9179,2,0,37,37,nochange,6,f,1,995.6197,NA
9179,2,0,38,38,nochange,6,j,0,1866.4374,NA
9179,2,0,39,39,change,6,j,1,937.0209,NA
9179,2,0,40,40,nochange,6,f,1,1204.8084,1
9179,2,0,41,41,change,6,j,1,2186.8214,NA
9179,2,0,42,42,nochange,6,f,1,1108.4108,NA
9179,2,0,43,43,nochange,6,f,1,780.6725,NA
9179,2,0,44,44,nochange,6,f,1,1751.1022,NA
9179,2,0,45,45,change,6,f,0,1588.584,NA
9179,2,0,46,46,change,6,j,1,1383.8352,NA
9179,2,0,47,47,nochange,6,f,1,1260.9301,NA
9179,2,0,48,48,change,6,j,1,918.4839,1
9179,2,0,49,49,change,6,j,1,757.553,NA
9179,2,0,50,50,change,6,j,1,1306.1296,NA
9179,2,0,51,51,nochange,6,f,1,704.4857,NA
9179,2,0,52,52,nochange,6,f,1,929.996,NA
9179,2,0,53,53,change,6,f,0,1861.1029,NA
9179,2,0,54,54,change,6,j,1,1225.5749,NA
9179,2,0,55,55,change,6,j,1,3466.6809,NA
9179,2,0,56,56,change,6,j,1,2417.5374,1
9179,2,0,57,57,nochange,6,j,0,1501.6477,NA
9179,2,0,58,58,nochange,6,j,0,1020.4748,NA
9179,2,0,59,59,change,6,f,0,1078.856,NA
9179,2,0,60,60,nochange,6,f,1,2130.9677,NA
9180,2,practice,0,1,change,6,j,1,4269.8899,NA
9180,2,practice,0,2,nochange,6,f,1,978.1357,NA
9180,2,practice,0,3,change,6,j,1,1195.8272,NA
9180,2,practice,0,4,change,6,f,0,1441.4358,NA
9180,2,practice,0,5,nochange,6,f,1,809.8158,NA
9180,2,0,1,1,nochange,6,f,1,1117.851,NA
9180,2,0,2,2,change,6,j,1,929.921,NA
9180,2,0,3,3,change,6,j,1,866.1804,NA
9180,2,0,4,4,nochange,6,j,0,1037.3143,NA
9180,2,0,5,5,nochange,6,f,1,968.4872,NA
9180,2,0,6,6,change,6,j,1,1610.7622,NA
9180,2,0,7,7,nochange,6,f,1,1074.6465,NA
9180,2,0,8,8,nochange,6,j,0,1041.8593,3
9180,2,0,9,9,change,6,j,1,1989.4351,NA
9180,2,0,10,10,nochange,6,f,1,1602.1401,NA
9180,2,0,11,11,change,6,j,1,851.7074,NA
9180,2,0,12,12,nochange,6,f,1,1202.8941,NA
9180,2,0,13,13,change,6,j,1,914.4996,NA
9180,2,0,14,14,change,6,j,1,1060.5177,NA
9180,2,0,15,15,change,6,j,1,997.9441,NA
9180,2,0,16,16,change,6,f,0,1118.3415,3
9180,2,0,17,17,nochange,6,f,1,862.5886,NA
9180,2,0,18,18,nochange,6,j,0,1463.4534,NA
9180,2,0,19,19,change,6,j,1,946.4316,NA
9180,2,0,20,20,change,6,j,1,974.5128,NA
9180,2,0,21,21,nochange,6,f,1,1543.2816,NA
9180,2,0,22,22,change,6,j,1,5240.7079,NA
9180,2,0,23,23,nochange,6,f,1,1158.5993,NA
9180,2,0,24,24,nochange,6,f,1,1038.3171,3
9180,2,0,25,25,nochange,6,f,1,1626.7855,NA
9180,2,0,26,26,change,6,j,1,832.6057,NA
9180,2,0,27,27,nochange,6,f,1,960.7656,NA
9180,2,0,28,28,nochange,6,f,1,947.1006,NA
9180,2,0,29,29,change,6,j,1,1619.166,NA
9180,2,0,30,30,nochange,6,f,1,2389.7709,NA
9180,2,0,31,31,change,6,f,0,1897.1789,NA
9180,2,0,32,32,nochange,6,f,1,2601.1655,5
9180,2,0,33,33,change,6,j,1,1733.5609,NA
9180,2,0,34,34,change,6,j,1,2614.1804,NA
9180,2,0,35,35,nochange,6,j,0,782.5879,NA
9180,2,0,36,36,change,6,j,1,1648.1734,NA
9180,2,0,37,37,nochange,6,j,0,2123.092,NA
9180,2,0,38,38,nochange,6,f,1,1808.1888,NA
9180,2,0,39,39,change,6,j,1,1009.0286,NA
9180,2,0,40,40,nochange,6,f,1,917.5442,5
9180,2,0,41,41,change,6,j,1,1777.4469,NA
9180,2,0,42,42,change,6,j,1,821.2559,NA
9180,2,0,43,43,change,6,j,1,1834.7127,NA
9180,2,0,44,44,change,6,j,1,3171.1371,NA
9180,2,0,45,45,change,6,j,1,1110.8653,NA
9180,2,0,46,46,change,6,f,0,1610.1284,NA
9180,2,0,47,47,change,6,f,0,2704.0911,NA
9180,2,0,48,48,nochange,6,f,1,729.7707,5
9180,2,0,49,49,nochange,6,f,1,1024.1809,NA
9180,2,0,50,50,nochange,6,f,1,1152.3366,NA
9180,2,0,51,51,change,6,j,1,2170.647,NA
9180,2,0,52,52,nochange,6,f,1,879.2294,NA
9180,2,0,53,53,change,6,j,1,1304.2085,NA
9180,2,0,54,54,nochange,6,f,1,1051.6915,NA
9180,2,0,55,55,change,6,j,1,2252.7446,NA
9180,2,0,56,56,change,6,f,0,1161.8477,5
9180,2,0,57,57,nochange,6,f,1,892.5816,NA
9180,2,0,58,58,nochange,6,f,1,968.921,NA
9180,2,0,59,59,nochange,6,f,1,1011.6435,NA
9180,2,0,60,60,nochange,6,f,1,797.8554,NA
9181,2,practice,0,1,change,6,f,0,5046.2262,NA
9181,2,practice,0,2,nochange,6,j,0,1610.3671,NA
9181,2,practice,0,3,change,6,f,0,1410.1577,NA
9181,2,practice,0,4,nochange,6,f,1,1023.5442,NA
9181,2,practice,0,5,change,6,j,1,1675.5893,NA
9181,2,0,1,1,nochange,6,f,1,1225.1287,NA
9181,2,0,2,2,nochange,6,j,0,1259.4908,NA
9181,2,0,3,3,change,6,j,1,923.7812,NA
9181,2,0,4,4,change,6,j,1,981.0319,NA
9181,2,0,5,5,nochange,6,f,1,960.7252,NA
9181,2,0,6,6,change,6,j,1,992.1278,NA
9181,2,0,7,7,nochange,6,f,1,1057.913,NA
9181,2,0,8,8,change,6,f,0,1404.8295,2
9181,2,0,9,9,change,6,j,1,826.0931,NA
9181,2,0,10,10,nochange,6,f,1,1104.1214,NA
9181,2,0,11,11,change,6,j,1,1414.8544,NA
9181,2,0,12,12,change,6,j,1,854.1433,NA
9181,2,0,13,13,nochange,6,j,0,4005.829,NA
9181,2,0,14,14,nochange,6,j,0,1911.4481,NA
9181,2,0,15,15,change,6,j,1,939.4991,NA
9181,2,0,16,16,nochange,6,j,0,2120.2546,2
9181,2,0,17,17,nochange,6,f,1,2019.1627,NA
9181,2,0,18,18,nochange,6,j,0,1454.5715,NA
9181,2,0,19,19,nochange,6,f,1,1255.5271,NA
9181,2,0,20,20,nochange,6,j,0,1132.6431,NA
9181,2,0,21,21,change,6,j,1,1059.8269,NA
9181,2,0,22,22,change,6,f,0,1348.3887,NA
9181,2,0,23,23,nochange,6,j,0,1275.53,NA
9181,2,0,24,24,nochange,6,j,0,4009.4127,3
9181,2,0,25,25,nochange,6,f,1,927.7708,NA
9181,2,0,26,26,nochange,6,f,1,706.3246,NA
9181,2,0,27,27,change,6,j,1,1830.7237,NA
9181,2,0,28,28,change,6,j,1,831.6923,NA
9181,2,0,29,29,change,6,f,0,3024.4231,NA
9181,2,0,30,30,change,6,j,1,3301.6282,NA
9181,2,0,31,31,change,6,f,0,2178.8343,NA
9181,2,0,32,32,nochange,6,j,0,2622.277,5
9181,2,0,33,33,nochange,6,f,1,1646.9805,NA
9181,2,0,34,34,nochange,6,j,0,1159.7851,NA
9181,2,0,35,35,nochange,6,j,0,5408.7248,NA
9181,2,0,36,36,nochange,6,f,1,1202.5583,NA
9181,2,0,37,37,nochange,6,j,0,5.55000000005,NA
9181,2,0,38,38,nochange,6,f,1,9.44479999994,NA
9181,2,0,39,39,change,6,j,1,5.86079999997,NA
9181,2,0,40,40,nochange,6,j,0,9.57260000001,5
9181,2,0,41,41,change,6,f,0,8.13339999999,NA
9181,2,0,42,42,change,6,f,0,5.39809999993,NA
9181,2,0,43,43,change,6,j,1,8.33979999996,NA
9181,2,0,44,44,change,6,j,1,7.66829999996,NA
9181,2,0,45,45,change,6,f,0,7.5294,NA
9181,2,0,46,46,change,6,j,1,6.1177,NA
9181,2,0,47,47,change,6,j,1,7.14529999997,NA
9181,2,0,48,48,change,6,j,1,7.88680000004,5
9181,2,0,49,49,change,6,j,1,7.67849999998,NA
9181,2,0,50,50,nochange,6,f,1,10.7036000001,NA
9181,2,0,51,51,nochange,6,j,0,4.25869999989,NA
9181,2,0,52,52,nochange,6,j,0,8.46030000004,NA
9181,2,0,53,53,change,6,f,0,11.3628000001,NA
9181,2,0,54,54,nochange,6,j,0,4.62600000005,NA
9181,2,0,55,55,nochange,6,j,0,3.6827,NA
9181,2,0,56,56,change,6,j,1,1239.8481,5
9181,2,0,57,57,nochange,6,f,1,769.6241,NA
9181,2,0,58,58,change,6,j,1,675.9792,NA
9181,2,0,59,59,change,6,j,1,5.70810000005,NA
9181,2,0,60,60,change,6,f,0,567.1588,NA
9182,2,practice,0,1,change,6,j,1,2967.6598,NA
9182,2,practice,0,2,nochange,6,j,0,939.6688,NA
9182,2,practice,0,3,nochange,6,f,1,1479.3849,NA
9182,2,practice,0,4,change,6,j,1,804.7462,NA
9182,2,practice,0,5,change,6,j,1,1138.4973,NA
9182,2,0,1,1,nochange,6,f,1,2243.0753,NA
9182,2,0,2,2,change,6,j,1,6027.737,NA
9182,2,0,3,3,nochange,6,f,1,2314.3846,NA
9182,2,0,4,4,change,6,j,1,1066.4142,NA
9182,2,0,5,5,change,6,j,1,3635.7159,NA
9182,2,0,6,6,change,6,f,0,5242.7461,NA
9182,2,0,7,7,nochange,6,j,0,9315.7849,NA
9182,2,0,8,8,nochange,6,f,1,3150.6549,2
9182,2,0,9,9,nochange,6,f,1,1188.95,NA
9182,2,0,10,10,change,6,f,0,1290.8201,NA
9182,2,0,11,11,nochange,6,j,0,2056.9078,NA
9182,2,0,12,12,nochange,6,j,0,1989.1167,NA
9182,2,0,13,13,change,6,j,1,5814.0306,NA
9182,2,0,14,14,nochange,6,j,0,2076.6865,NA
9182,2,0,15,15,change,6,f,0,4747.141,NA
9182,2,0,16,16,nochange,6,f,1,2128.8811,2
9182,2,0,17,17,change,6,j,1,975.6494,NA
9182,2,0,18,18,nochange,6,j,0,6119.7223,NA
9182,2,0,19,19,nochange,6,f,1,1767.2871,NA
9182,2,0,20,20,nochange,6,f,1,3487.2566,NA
9182,2,0,21,21,change,6,f,0,2037.915,NA
9182,2,0,22,22,change,6,j,1,1460.3641,NA
9182,2,0,23,23,change,6,j,1,8827.401,NA
9182,2,0,24,24,nochange,6,f,1,1048.4756,2
9182,2,0,25,25,change,6,f,0,2300.2928,NA
9182,2,0,26,26,nochange,6,f,1,1298.8289,NA
9182,2,0,27,27,change,6,f,0,3170.2487,NA
9182,2,0,28,28,nochange,6,f,1,1480.6764,NA
9182,2,0,29,29,change,6,j,1,2170.1379,NA
9182,2,0,30,30,nochange,6,f,1,1301.9107,NA
9182,2,0,31,31,change,6,f,0,5225.7765,NA
9182,2,0,32,32,change,6,f,0,2863.1874,3
9182,2,0,33,33,change,6,f,0,2089.2848,NA
9182,2,0,34,34,change,6,j,1,2511.0458,NA
9182,2,0,35,35,change,6,j,1,1689.1187,NA
9182,2,0,36,36,nochange,6,f,1,3610.3953,NA
9182,2,0,37,37,change,6,f,0,3745.1965,NA
9182,2,0,38,38,change,6,j,1,1339.5738,NA
9182,2,0,39,39,change,6,j,1,1337.6061,NA
9182,2,0,40,40,nochange,6,j,0,2900.8053,3
9182,2,0,41,41,nochange,6,j,0,3644.9561,NA
9182,2,0,42,42,nochange,6,f,1,1697.9314,NA
9182,2,0,43,43,change,6,f,0,2870.371,NA
9182,2,0,44,44,nochange,6,j,0,8801.228,NA
9182,2,0,45,45,change,6,f,0,3873.4372,NA
9182,2,0,46,46,change,6,j,1,1148.3059,NA
9182,2,0,47,47,nochange,6,j,0,1662.1117,NA
9182,2,0,48,48,change,6,j,1,1716.913,3
9182,2,0,49,49,nochange,6,j,0,2076.7826,NA
9182,2,0,50,50,nochange,6,f,1,5133.7313,NA
9182,2,0,51,51,nochange,6,f,1,2447.831,NA
9182,2,0,52,52,change,6,j,1,1761.5314,NA
9182,2,0,53,53,change,6,f,0,7668.376,NA
9182,2,0,54,54,change,6,f,0,1423.2724,NA
9182,2,0,55,55,nochange,6,f,1,3639.1578,NA
9182,2,0,56,56,nochange,6,f,1,2319.3767,2
9182,2,0,57,57,nochange,6,j,0,1542.6382,NA
9182,2,0,58,58,nochange,6,f,1,7727.0595,NA
9182,2,0,59,59,nochange,6,f,1,3797.3193,NA
9182,2,0,60,60,change,6,j,1,840.0102,NA
9183,2,practice,0,1,nochange,6,j,0,841.6321,NA
9183,2,practice,0,2,change,6,j,1,697.0278,NA
9183,2,practice,0,3,nochange,6,f,1,879.7048,NA
9183,2,practice,0,4,nochange,6,f,1,1590.3442,NA
9183,2,practice,0,5,change,6,j,1,653.0023,NA
9183,2,0,1,1,nochange,6,j,0,1159.7271,NA
9183,2,0,2,2,change,6,j,1,840.5146,NA
9183,2,0,3,3,nochange,6,f,1,1129.968,NA
9183,2,0,4,4,nochange,6,f,1,1010.7718,NA
9183,2,0,5,5,nochange,6,f,1,1159.3831,NA
9183,2,0,6,6,change,6,j,1,1134.1929,NA
9183,2,0,7,7,change,6,j,1,1450.6998,NA
9183,2,0,8,8,nochange,6,f,1,1974.3934,1
9183,2,0,9,9,change,6,j,1,928.5174,NA
9183,2,0,10,10,nochange,6,j,0,1071.8689,NA
9183,2,0,11,11,nochange,6,f,1,1135.3875,NA
9183,2,0,12,12,change,6,j,1,980.9891,NA
9183,2,0,13,13,nochange,6,f,1,396.5783,NA
9183,2,0,14,14,change,6,j,1,1004.2231,NA
9183,2,0,15,15,change,6,j,1,877.9546,NA
9183,2,0,16,16,change,6,f,0,1079.6502,2
9183,2,0,17,17,nochange,6,j,0,293.0287,NA
9183,2,0,18,18,change,6,j,1,761.4445,NA
9183,2,0,19,19,nochange,6,f,1,874.1669,NA
9183,2,0,20,20,change,6,f,0,1483.4744,NA
9183,2,0,21,21,nochange,6,j,0,1003.9805,NA
9183,2,0,22,22,nochange,6,f,1,1943.2656,NA
9183,2,0,23,23,change,6,j,1,968.9421,NA
9183,2,0,24,24,change,6,j,1,1496.7427,2
9183,2,0,25,25,change,6,j,1,1184.1858,NA
9183,2,0,26,26,change,6,j,1,1129.2682,NA
9183,2,0,27,27,nochange,6,f,1,1060.5995,NA
9183,2,0,28,28,nochange,6,f,1,1099.51,NA
9183,2,0,29,29,change,6,j,1,825.5688,NA
9183,2,0,30,30,change,6,f,0,1303.4612,NA
9183,2,0,31,31,nochange,6,f,1,1996.9497,NA
9183,2,0,32,32,change,6,j,1,1169.1809,2
9183,2,0,33,33,change,6,j,1,4566.5942,NA
9183,2,0,34,34,change,6,j,1,1461.1312,NA
9183,2,0,35,35,nochange,6,f,1,1320.7014,NA
9183,2,0,36,36,change,6,j,1,1160.147,NA
9183,2,0,37,37,change,6,f,0,1395.1125,NA
9183,2,0,38,38,change,6,j,1,1819.3358,NA
9183,2,0,39,39,change,6,j,1,1044.7425,NA
9183,2,0,40,40,nochange,6,f,1,1503.3496,3
9183,2,0,41,41,change,6,f,0,960.7085,NA
9183,2,0,42,42,nochange,6,f,1,1056.7321,NA
9183,2,0,43,43,nochange,6,j,0,1773.8535,NA
9183,2,0,44,44,nochange,6,f,1,1303.1326,NA
9183,2,0,45,45,change,6,j,1,999.5873,NA
9183,2,0,46,46,nochange,6,f,1,2847.2721,NA
9183,2,0,47,47,nochange,6,f,1,968.8817,NA
9183,2,0,48,48,change,6,j,1,1337.0461,3
9183,2,0,49,49,nochange,6,j,0,1373.3662,NA
9183,2,0,50,50,nochange,6,j,0,5434.8416,NA
9183,2,0,51,51,change,6,j,1,1389.7628,NA
9183,2,0,52,52,nochange,6,f,1,1820.5461,NA
9183,2,0,53,53,nochange,6,f,1,1228.492,NA
9183,2,0,54,54,nochange,6,f,1,868.4815,NA
9183,2,0,55,55,change,6,j,1,1836.9802,NA
9183,2,0,56,56,nochange,6,f,1,1864.2881,3
9183,2,0,57,57,nochange,6,j,0,1175.3993,NA
9183,2,0,58,58,change,6,j,1,5129.0985,NA
9183,2,0,59,59,change,6,f,0,1387.9994,NA
9183,2,0,60,60,nochange,6,j,0,3596.1204,NA
9184,2,practice,0,1,change,6,f,0,3278.5089,NA
9184,2,practice,0,2,nochange,6,f,1,781.1898,NA
9184,2,practice,0,3,nochange,6,f,1,756.7965,NA
9184,2,practice,0,4,nochange,6,j,0,971.8492,NA
9184,2,practice,0,5,nochange,6,f,1,1064.9205,NA
9184,2,0,1,1,change,6,j,1,880.0132,NA
9184,2,0,2,2,change,6,f,0,1505.1355,NA
9184,2,0,3,3,nochange,6,j,0,1031.5398,NA
9184,2,0,4,4,change,6,j,1,1017.6371,NA
9184,2,0,5,5,nochange,6,f,1,1773.5789,NA
9184,2,0,6,6,nochange,6,f,1,863.1893,NA
9184,2,0,7,7,change,6,f,0,1620.325,NA
9184,2,0,8,8,change,6,f,0,1124.973,1
9184,2,0,9,9,change,6,j,1,887.9295,NA
9184,2,0,10,10,nochange,6,f,1,1078.1813,NA
9184,2,0,11,11,nochange,6,f,1,751.9235,NA
9184,2,0,12,12,nochange,6,f,1,903.3612,NA
9184,2,0,13,13,nochange,6,j,0,1304.0842,NA
9184,2,0,14,14,change,6,j,1,1871.1827,NA
9184,2,0,15,15,nochange,6,f,1,1227.5495,NA
9184,2,0,16,16,change,6,f,0,778.6378,3
9184,2,0,17,17,nochange,6,f,1,747.2533,NA
9184,2,0,18,18,nochange,6,f,1,681.3361,NA
9184,2,0,19,19,nochange,6,f,1,1156.1631,NA
9184,2,0,20,20,change,6,f,0,1012.1625,NA
9184,2,0,21,21,change,6,j,1,1001.0674,NA
9184,2,0,22,22,change,6,j,1,1429.9054,NA
9184,2,0,23,23,change,6,f,0,1046.9812,NA
9184,2,0,24,24,change,6,f,0,854.9296,3
9184,2,0,25,25,change,6,f,0,1083.7526,NA
9184,2,0,26,26,change,6,j,1,1448.3242,NA
9184,2,0,27,27,nochange,6,f,1,883.6014,NA
9184,2,0,28,28,nochange,6,j,0,2361.8745,NA
9184,2,0,29,29,nochange,6,f,1,792.3068,NA
9184,2,0,30,30,change,6,j,1,823.473,NA
9184,2,0,31,31,nochange,6,f,1,901.6719,NA
9184,2,0,32,32,nochange,6,f,1,653.1454,2
9184,2,0,33,33,nochange,6,j,0,911.3234,NA
9184,2,0,34,34,change,6,j,1,812.9735,NA
9184,2,0,35,35,change,6,f,0,843.4597,NA
9184,2,0,36,36,change,6,f,0,802.7427,NA
9184,2,0,37,37,nochange,6,f,1,1477.2381,NA
9184,2,0,38,38,nochange,6,f,1,989.6224,NA
9184,2,0,39,39,change,6,j,1,1098.4194,NA
9184,2,0,40,40,nochange,6,f,1,2020.1824,2
9184,2,0,41,41,change,6,f,0,837.1859,NA
9184,2,0,42,42,nochange,6,j,0,1147.1282,NA
9184,2,0,43,43,nochange,6,f,1,860.7506,NA
9184,2,0,44,44,change,6,j,1,882.1277,NA
9184,2,0,45,45,change,6,j,1,1296.9619,NA
9184,2,0,46,46,nochange,6,f,1,1075.327,NA
9184,2,0,47,47,nochange,6,f,1,1076.8983,NA
9184,2,0,48,48,change,6,j,1,1236.4629,3
9184,2,0,49,49,change,6,f,0,1607.401,NA
9184,2,0,50,50,nochange,6,f,1,819.5532,NA
9184,2,0,51,51,change,6,j,1,940.5419,NA
9184,2,0,52,52,change,6,f,0,814.0877,NA
9184,2,0,53,53,nochange,6,j,0,1096.7629,NA
9184,2,0,54,54,change,6,f,0,822.2716,NA
9184,2,0,55,55,change,6,j,1,871.312,NA
9184,2,0,56,56,nochange,6,j,0,1127.9573,2
9184,2,0,57,57,nochange,6,f,1,1235.5469,NA
9184,2,0,58,58,change,6,f,0,958.9727,NA
9184,2,0,59,59,nochange,6,j,0,908.2788,NA
9184,2,0,60,60,nochange,6,f,1,771.3619,NA
9185,2,practice,0,1,change,6,j,1,1327.6848,NA
9185,2,practice,0,2,change,6,j,1,2562.5229,NA
9185,2,practice,0,3,change,6,j,1,1895.4792,NA
9185,2,practice,0,4,change,6,j,1,1089.5465,NA
9185,2,practice,0,5,change,6,j,1,1024.5896,NA
9185,2,0,1,1,nochange,6,f,1,2997.9039,NA
9185,2,0,2,2,change,6,j,1,2809.0095,NA
9185,2,0,3,3,nochange,6,f,1,1729.2736,NA
9185,2,0,4,4,nochange,6,f,1,1461.5676,NA
9185,2,0,5,5,change,6,j,1,1464.8724,NA
9185,2,0,6,6,change,6,j,1,1056.4236,NA
9185,2,0,7,7,nochange,6,f,1,1275.9756,NA
9185,2,0,8,8,nochange,6,f,1,729.4919,1
9185,2,0,9,9,nochange,6,j,0,1603.2095,NA
9185,2,0,10,10,change,6,j,1,1326.6923,NA
9185,2,0,11,11,nochange,6,f,1,1125.8145,NA
9185,2,0,12,12,change,6,j,1,939.097,NA
9185,2,0,13,13,change,6,f,0,2221.2037,NA
9185,2,0,14,14,nochange,6,f,1,1367.7096,NA
9185,2,0,15,15,nochange,6,f,1,1086.9945,NA
9185,2,0,16,16,nochange,6,f,1,1997.1603,1
9185,2,0,17,17,change,6,f,0,1121.4719,NA
9185,2,0,18,18,change,6,f,0,749.5135,NA
9185,2,0,19,19,change,6,j,1,1996.4951,NA
9185,2,0,20,20,nochange,6,f,1,849.1013,NA
9185,2,0,21,21,change,6,f,0,1070.9731,NA
9185,2,0,22,22,change,6,f,0,1668.1388,NA
9185,2,0,23,23,nochange,6,f,1,913.09760000000006,NA
9185,2,0,24,24,nochange,6,f,1,1668.9985,1
9185,2,0,25,25,change,6,f,0,1822.9303,NA
9185,2,0,26,26,nochange,6,j,0,1484.4454,NA
9185,2,0,27,27,nochange,6,f,1,1647.6534,NA
9185,2,0,28,28,change,6,j,1,884.1533,NA
9185,2,0,29,29,nochange,6,f,1,2215.3846,NA
9185,2,0,30,30,nochange,6,f,1,1050.6549,NA
9185,2,0,31,31,change,6,f,0,1616.436,NA
9185,2,0,32,32,change,6,f,0,1372.3942,1
9185,2,0,33,33,change,6,f,0,836.1514,NA
9185,2,0,34,34,nochange,6,f,1,4452.5306,NA
9185,2,0,35,35,change,6,f,0,1643.4688,NA
9185,2,0,36,36,nochange,6,f,1,1634.6973,NA
9185,2,0,37,37,nochange,6,f,1,952.2234,NA
9185,2,0,38,38,nochange,6,f,1,1098.4049,NA
9185,2,0,39,39,change,6,j,1,1159.4456,NA
9185,2,0,40,40,change,6,f,0,807.3833,1
9185,2,0,41,41,nochange,6,j,0,1081.6321,NA
9185,2,0,42,42,change,6,j,1,888.8311,NA
9185,2,0,43,43,nochange,6,f,1,1436.1398,NA
9185,2,0,44,44,nochange,6,j,0,2546.2726,NA
9185,2,0,45,45,change,6,j,1,872.29,NA
9185,2,0,46,46,nochange,6,f,1,832.8304,NA
9185,2,0,47,47,change,6,j,1,1028.8231,NA
9185,2,0,48,48,nochange,6,f,1,1096.3504,1
9185,2,0,49,49,change,6,f,0,3236.6678,NA
9185,2,0,50,50,nochange,6,f,1,1550.7969,NA
9185,2,0,51,51,change,6,f,0,891.9587,NA
9185,2,0,52,52,change,6,j,1,1102.0509,NA
9185,2,0,53,53,nochange,6,f,1,1240.3642,NA
9185,2,0,54,54,change,6,j,1,740.6299,NA
9185,2,0,55,55,nochange,6,f,1,819.5547,NA
9185,2,0,56,56,nochange,6,f,1,1117.6248,1
9185,2,0,57,57,change,6,j,1,1524.2032,NA
9185,2,0,58,58,change,6,f,0,1046.5465,NA
9185,2,0,59,59,change,6,j,1,1165.9326,NA
9185,2,0,60,60,change,6,j,1,5484.5857,NA
9186,2,practice,0,1,change,6,j,1,1485.1479,NA
9186,2,practice,0,2,change,6,j,1,1199.7833,NA
9186,2,practice,0,3,change,6,f,0,1141.2359,NA
9186,2,practice,0,4,nochange,6,f,1,1751.6764,NA
9186,2,practice,0,5,change,6,j,1,1108.2299,NA
9186,2,0,1,1,change,6,j,1,1201.1352,NA
9186,2,0,2,2,nochange,6,f,1,911.2091,NA
9186,2,0,3,3,change,6,j,1,1554.1899,NA
9186,2,0,4,4,change,6,f,0,896.641,NA
9186,2,0,5,5,change,6,f,0,3118.6293,NA
9186,2,0,6,6,nochange,6,f,1,903.3935,NA
9186,2,0,7,7,nochange,6,f,1,642.7798,NA
9186,2,0,8,8,nochange,6,f,1,1042.6506,1
9186,2,0,9,9,change,6,f,0,1169.2615,NA
9186,2,0,10,10,nochange,6,f,1,1789.889,NA
9186,2,0,11,11,change,6,f,0,724.1529,NA
9186,2,0,12,12,nochange,6,f,1,1020.076,NA
9186,2,0,13,13,nochange,6,f,1,1081.0801,NA
9186,2,0,14,14,nochange,6,f,1,705.1075,NA
9186,2,0,15,15,change,6,j,1,1121.8433,NA
9186,2,0,16,16,change,6,j,1,943.9747,1
9186,2,0,17,17,nochange,6,j,0,1189.0902,NA
9186,2,0,18,18,change,6,f,0,1272.3363,NA
9186,2,0,19,19,change,6,j,1,1880.6138,NA
9186,2,0,20,20,change,6,j,1,1543.2507,NA
9186,2,0,21,21,nochange,6,f,1,853.1068,NA
9186,2,0,22,22,nochange,6,f,1,1091.3052,NA
9186,2,0,23,23,nochange,6,f,1,999.5209,NA
9186,2,0,24,24,change,6,f,0,2414.7674,1
9186,2,0,25,25,nochange,6,f,1,946.1986,NA
9186,2,0,26,26,change,6,f,0,964.6557,NA
9186,2,0,27,27,nochange,6,f,1,733.5522,NA
9186,2,0,28,28,change,6,j,1,1226.7012,NA
9186,2,0,29,29,change,6,j,1,1031.3725,NA
9186,2,0,30,30,nochange,6,f,1,1046.0955,NA
9186,2,0,31,31,change,6,f,0,1325.2965,NA
9186,2,0,32,32,change,6,j,1,1558.8516,1
9186,2,0,33,33,nochange,6,f,1,1033.3361,NA
9186,2,0,34,34,nochange,6,f,1,1250.8594,NA
9186,2,0,35,35,change,6,j,1,1400.4278,NA
9186,2,0,36,36,nochange,6,j,0,2317.8468,NA
9186,2,0,37,37,change,6,f,0,901.2314,NA
9186,2,0,38,38,change,6,f,0,848.3011,NA
9186,2,0,39,39,nochange,6,j,0,949.3493,NA
9186,2,0,40,40,nochange,6,f,1,798.9187,1
9186,2,0,41,41,nochange,6,j,0,1239.0927,NA
9186,2,0,42,42,nochange,6,f,1,822.3034,NA
9186,2,0,43,43,nochange,6,f,1,652.6527,NA
9186,2,0,44,44,change,6,f,0,734.0337,NA
9186,2,0,45,45,nochange,6,f,1,695.7491,NA
9186,2,0,46,46,nochange,6,j,0,2960.1126,NA
9186,2,0,47,47,change,6,f,0,1056.562,NA
9186,2,0,48,48,change,6,f,0,1202.7239,1
9186,2,0,49,49,nochange,6,j,0,1607.8207,NA
9186,2,0,50,50,change,6,f,0,822.7553,NA
9186,2,0,51,51,nochange,6,f,1,603.3224,NA
9186,2,0,52,52,change,6,f,0,839.362,NA
9186,2,0,53,53,change,6,j,1,842.9376,NA
9186,2,0,54,54,change,6,f,0,1195.5316,NA
9186,2,0,55,55,change,6,j,1,938.8051,NA
9186,2,0,56,56,nochange,6,f,1,701.02,1
9186,2,0,57,57,change,6,j,1,1211.1731,NA
9186,2,0,58,58,change,6,f,0,692.3246,NA
9186,2,0,59,59,nochange,6,f,1,876.78510000000006,NA
9186,2,0,60,60,nochange,6,f,1,855.099,NA
9187,2,practice,0,1,change,6,j,1,1572.1974,NA
9187,2,practice,0,2,change,6,f,0,1418.7686,NA
9187,2,practice,0,3,change,6,j,1,0.228000000003,NA
9187,2,practice,0,4,change,6,f,0,0.189399999988,NA
9187,2,practice,0,5,change,6,f,0,0.306699999986,NA
9187,2,0,1,1,change,6,f,0,1086.4608,NA
9187,2,0,2,2,nochange,6,j,0,4.33110000001,NA
9187,2,0,3,3,change,6,j,1,4.93329999999,NA
9187,2,0,4,4,change,6,f,0,4321.592,NA
9187,2,0,5,5,nochange,6,j,0,3.30929999999,NA
9187,2,0,6,6,nochange,6,f,1,8052.8571,NA
9187,2,0,7,7,change,6,j,1,5.7501,NA
9187,2,0,8,8,nochange,6,f,1,9657.6303,3
9187,2,0,9,9,nochange,6,f,1,7088.2351,NA
9187,2,0,10,10,change,6,f,0,8113.5709,NA
9187,2,0,11,11,nochange,6,j,0,5.6643,NA
9187,2,0,12,12,nochange,6,f,1,20473.1154,NA
9187,2,0,13,13,change,6,j,1,3.97870000001,NA
9187,2,0,14,14,change,6,f,0,7526.1763,NA
9187,2,0,15,15,nochange,6,j,0,4.78889999999,NA
9187,2,0,16,16,nochange,6,j,0,11622.9443,2
9187,2,0,17,17,nochange,6,j,0,2310.8944,NA
9187,2,0,18,18,change,6,f,0,4.97220000008,NA
9187,2,0,19,19,change,6,f,0,6346.0778,NA
9187,2,0,20,20,change,6,j,1,5.27920000005,NA
9187,2,0,21,21,nochange,6,f,1,14346.5621,NA
9187,2,0,22,22,nochange,6,j,0,4.33630000002,NA
9187,2,0,23,23,change,6,f,0,9633.9497,NA
9187,2,0,24,24,change,6,j,1,4.33970000001,5
9187,2,0,25,25,nochange,6,f,1,4627.0339,NA
9187,2,0,26,26,change,6,f,0,6.3407,NA
9187,2,0,27,27,nochange,6,f,1,4.80070000002,NA
9187,2,0,28,28,nochange,6,j,0,2175.8801,NA
9187,2,0,29,29,change,6,f,0,3.22879999998,NA
9187,2,0,30,30,change,6,f,0,1832.9744,NA
9187,2,0,31,31,nochange,6,j,0,4.69959999999,NA
9187,2,0,32,32,change,6,j,1,2137.3538,3
9187,2,0,33,33,change,6,j,1,1215.4693,NA
9187,2,0,34,34,nochange,6,f,1,8.03590000002,NA
9187,2,0,35,35,nochange,6,j,0,12269.3111,NA
9187,2,0,36,36,nochange,6,f,1,5.5894,NA
9187,2,0,37,37,nochange,6,f,1,3183.1638,NA
9187,2,0,38,38,nochange,6,j,0,5.26180000004,NA
9187,2,0,39,39,change,6,j,1,12632.7836,NA
9187,2,0,40,40,change,6,f,0,6.64179999998,2
9187,2,0,41,41,change,6,f,0,1326.367,NA
9187,2,0,42,42,nochange,6,f,1,6.17629999993,NA
9187,2,0,43,43,nochange,6,f,1,5.89029999997,NA
9187,2,0,44,44,change,6,f,0,21212.5402,NA
9187,2,0,45,45,change,6,j,1,4.7622,NA
9187,2,0,46,46,change,6,f,0,14269.5021,NA
9187,2,0,47,47,change,6,j,1,5.32910000009,NA
9187,2,0,48,48,change,6,j,1,11784.0577,3
9187,2,0,49,49,change,6,j,1,2250.6749,NA
9187,2,0,50,50,nochange,6,f,1,2304.537,NA
9187,2,0,51,51,nochange,6,j,0,12.2189,NA
9187,2,0,52,52,nochange,6,j,0,10041.2197,NA
9187,2,0,53,53,change,6,f,0,3.84129999997,NA
9187,2,0,54,54,nochange,6,f,1,17290.9814,NA
9187,2,0,55,55,change,6,j,1,3.96199999994,NA
9187,2,0,56,56,nochange,6,f,1,6328.0181,4
9187,2,0,57,57,nochange,6,f,1,5931.0597,NA
9187,2,0,58,58,change,6,f,0,4.9706,NA
9187,2,0,59,59,nochange,6,f,1,14320.1926,NA
9187,2,0,60,60,change,6,j,1,4.07440000004,NA
9188,2,practice,0,1,change,6,j,1,3913.2993,NA
9188,2,practice,0,2,nochange,6,f,1,1367.5181,NA
9188,2,practice,0,3,change,6,j,1,1181.2978,NA
9188,2,practice,0,4,nochange,6,f,1,1278.7885,NA
9188,2,practice,0,5,nochange,6,f,1,1458.8176,NA
9188,2,0,1,1,nochange,6,f,1,1185.4441,NA
9188,2,0,2,2,change,6,j,1,1272.4525,NA
9188,2,0,3,3,nochange,6,j,0,1555.6878,NA
9188,2,0,4,4,change,6,j,1,1181.8606,NA
9188,2,0,5,5,nochange,6,f,1,1104.7876,NA
9188,2,0,6,6,change,6,j,1,1329.2988,NA
9188,2,0,7,7,nochange,6,f,1,1301.9255,NA
9188,2,0,8,8,change,6,j,1,1171.8865,1
9188,2,0,9,9,change,6,f,0,2262.0154000000002,NA
9188,2,0,10,10,change,6,j,1,1459.0052,NA
9188,2,0,11,11,change,6,f,0,1430.6257,NA
9188,2,0,12,12,nochange,6,j,0,279.6157,NA
9188,2,0,13,13,change,6,f,0,5.94779999999,NA
9188,2,0,14,14,nochange,6,f,1,4.26430000001,NA
9188,2,0,15,15,change,6,j,1,5.8322,NA
9188,2,0,16,16,nochange,6,f,1,6.25,3
9188,2,0,17,17,change,6,f,0,4.1311,NA
9188,2,0,18,18,change,6,j,1,3.30719999998,NA
9188,2,0,19,19,change,6,f,0,3.47149999999,NA
9188,2,0,20,20,change,6,j,1,3.99039999998,NA
9188,2,0,21,21,nochange,6,f,1,7.0912,NA
9188,2,0,22,22,change,6,f,0,6.38159999999,NA
9188,2,0,23,23,nochange,6,f,1,7.3003,NA
9188,2,0,24,24,nochange,6,f,1,3.95910000004,5
9188,2,0,25,25,nochange,6,f,1,3.73609999998,NA
9188,2,0,26,26,nochange,6,j,0,6.45929999999,NA
9188,2,0,27,27,change,6,f,0,8.17769999994,NA
9188,2,0,28,28,change,6,f,0,3.13910000003,NA
9188,2,0,29,29,nochange,6,j,0,7.14130000002,NA
9188,2,0,30,30,nochange,6,f,1,16.4869,NA
9188,2,0,31,31,change,6,f,0,7.3297,NA
9188,2,0,32,32,change,6,j,1,3.42110000004,5
9188,2,0,33,33,nochange,6,f,1,6.07769999997,NA
9188,2,0,34,34,nochange,6,j,0,9.8726,NA
9188,2,0,35,35,change,6,f,0,3.14839999995,NA
9188,2,0,36,36,change,6,f,0,6.79650000005,NA
9188,2,0,37,37,change,6,j,1,3.29989999998,NA
9188,2,0,38,38,nochange,6,f,1,4.24779999995,NA
9188,2,0,39,39,nochange,6,j,0,4.51400000002,NA
9188,2,0,40,40,change,6,f,0,10.1766000001,3
9188,2,0,41,41,change,6,f,0,4.76979999995,NA
9188,2,0,42,42,change,6,f,0,3.4436,NA
9188,2,0,43,43,nochange,6,f,1,6.35869999998,NA
9188,2,0,44,44,nochange,6,f,1,8.81969999999,NA
9188,2,0,45,45,nochange,6,j,0,10.3445,NA
9188,2,0,46,46,nochange,6,f,1,10.5131,NA
9188,2,0,47,47,nochange,6,f,1,3.88289999997,NA
9188,2,0,48,48,nochange,6,j,0,5.54250000004,3
9188,2,0,49,49,change,6,f,0,4.23189999996,NA
9188,2,0,50,50,change,6,j,1,4.0442,NA
9188,2,0,51,51,change,6,f,0,9.60460000008,NA
9188,2,0,52,52,change,6,j,1,6.8505,NA
9188,2,0,53,53,nochange,6,f,1,6.46720000001,NA
9188,2,0,54,54,nochange,6,f,1,5.27370000002,NA
9188,2,0,55,55,nochange,6,j,0,3.6839,NA
9188,2,0,56,56,change,6,f,0,6.99070000002,3
9188,2,0,57,57,nochange,6,f,1,4.79269999999,NA
9188,2,0,58,58,change,6,f,0,8.76390000002,NA
9188,2,0,59,59,nochange,6,f,1,5.30809999997,NA
9188,2,0,60,60,nochange,6,f,1,4.34100000001,NA
9189,2,practice,0,1,change,6,f,0,823.6536,NA
9189,2,practice,0,2,change,6,f,0,1063.8674,NA
9189,2,practice,0,3,change,6,j,1,1260.5152,NA
9189,2,practice,0,4,nochange,6,f,1,1248.4713,NA
9189,2,practice,0,5,nochange,6,f,1,1189.6779,NA
9189,2,0,1,1,nochange,6,f,1,901.945,NA
9189,2,0,2,2,nochange,6,j,0,1223.8205,NA
9189,2,0,3,3,nochange,6,j,0,1558.3128,NA
9189,2,0,4,4,nochange,6,f,1,664.1999,NA
9189,2,0,5,5,nochange,6,f,1,2107.216,NA
9189,2,0,6,6,change,6,j,1,1113.8077,NA
9189,2,0,7,7,change,6,j,1,2053.2395,NA
9189,2,0,8,8,nochange,6,f,1,807.1866,2
9189,2,0,9,9,nochange,6,f,1,652.6622,NA
9189,2,0,10,10,change,6,j,1,813.2484,NA
9189,2,0,11,11,change,6,j,1,1139.4455,NA
9189,2,0,12,12,change,6,j,1,684.3551,NA
9189,2,0,13,13,change,6,j,1,1102.1737,NA
9189,2,0,14,14,nochange,6,f,1,1276.504,NA
9189,2,0,15,15,nochange,6,j,0,1005.7659,NA
9189,2,0,16,16,change,6,j,1,758.1142,3
9189,2,0,17,17,nochange,6,f,1,729.7433,NA
9189,2,0,18,18,change,6,f,0,938.2893,NA
9189,2,0,19,19,change,6,j,1,924.5039,NA
9189,2,0,20,20,change,6,j,1,1290.3728,NA
9189,2,0,21,21,nochange,6,f,1,740.607,NA
9189,2,0,22,22,change,6,j,1,726.4073,NA
9189,2,0,23,23,change,6,j,1,788.7128,NA
9189,2,0,24,24,change,6,j,1,1507.4523,3
9189,2,0,25,25,nochange,6,f,1,1322.5684,NA
9189,2,0,26,26,nochange,6,f,1,1064.8878,NA
9189,2,0,27,27,change,6,j,1,769.9234,NA
9189,2,0,28,28,change,6,j,1,911.668,NA
9189,2,0,29,29,change,6,j,1,993.0213,NA
9189,2,0,30,30,change,6,j,1,1355.599,NA
9189,2,0,31,31,change,6,j,1,1279.2073,NA
9189,2,0,32,32,change,6,j,1,982.696,1
9189,2,0,33,33,change,6,j,1,1018.3556,NA
9189,2,0,34,34,nochange,6,j,0,610.1965,NA
9189,2,0,35,35,nochange,6,f,1,793.7252,NA
9189,2,0,36,36,change,6,j,1,865.4885,NA
9189,2,0,37,37,nochange,6,j,0,931.9087,NA
9189,2,0,38,38,nochange,6,f,1,1040.8467,NA
9189,2,0,39,39,change,6,j,1,758.5499,NA
9189,2,0,40,40,change,6,j,1,1140.3471,3
9189,2,0,41,41,nochange,6,f,1,702.4128,NA
9189,2,0,42,42,nochange,6,j,0,1361.9325,NA
9189,2,0,43,43,nochange,6,f,1,1351.2253,NA
9189,2,0,44,44,nochange,6,j,0,754.1697,NA
9189,2,0,45,45,nochange,6,f,1,1258.5582,NA
9189,2,0,46,46,change,6,j,1,643.855,NA
9189,2,0,47,47,change,6,f,0,1055.1885,NA
9189,2,0,48,48,change,6,j,1,796.5537,1
9189,2,0,49,49,nochange,6,f,1,924.2109,NA
9189,2,0,50,50,nochange,6,f,1,866.2498,NA
9189,2,0,51,51,nochange,6,j,0,1110.6504,NA
9189,2,0,52,52,change,6,j,1,872.5016,NA
9189,2,0,53,53,nochange,6,f,1,868.3931,NA
9189,2,0,54,54,nochange,6,j,0,1140.3806,NA
9189,2,0,55,55,change,6,f,0,876.3727,NA
9189,2,0,56,56,change,6,j,1,717.2715,5
9189,2,0,57,57,change,6,j,1,647.0896,NA
9189,2,0,58,58,nochange,6,f,1,596.2708,NA
9189,2,0,59,59,nochange,6,f,1,765.5587,NA
9189,2,0,60,60,nochange,6,f,1,1077.2192,NA
9190,2,practice,0,1,nochange,6,j,0,2737.4646,NA
9190,2,practice,0,2,nochange,6,f,1,915.2019,NA
9190,2,practice,0,3,nochange,6,j,0,1741.3659,NA
9190,2,practice,0,4,nochange,6,f,1,1044.2557,NA
9190,2,practice,0,5,nochange,6,f,1,1313.6334,NA
9190,2,0,1,1,nochange,6,f,1,1324.8191,NA
9190,2,0,2,2,change,6,f,0,1512.19,NA
9190,2,0,3,3,change,6,j,1,1573.1554,NA
9190,2,0,4,4,nochange,6,j,0,3576.2854,NA
9190,2,0,5,5,nochange,6,f,1,1147.9985,NA
9190,2,0,6,6,nochange,6,f,1,1132.9467,NA
9190,2,0,7,7,nochange,6,f,1,1024.9778,NA
9190,2,0,8,8,change,6,f,0,3493.19,1
9190,2,0,9,9,nochange,6,f,1,2184.8378,NA
9190,2,0,10,10,change,6,j,1,1156.2841,NA
9190,2,0,11,11,nochange,6,f,1,1892.3096,NA
9190,2,0,12,12,nochange,6,f,1,1604.9833,NA
9190,2,0,13,13,nochange,6,f,1,1328.1607,NA
9190,2,0,14,14,change,6,j,1,1700.9376,NA
9190,2,0,15,15,change,6,f,0,1959.0554,NA
9190,2,0,16,16,change,6,j,1,2608.9746,1
9190,2,0,17,17,nochange,6,f,1,1515.9155,NA
9190,2,0,18,18,nochange,6,f,1,1932.3573,NA
9190,2,0,19,19,nochange,6,f,1,1991.4336,NA
9190,2,0,20,20,nochange,6,f,1,2152.6566,NA
9190,2,0,21,21,nochange,6,j,0,3508.5276,NA
9190,2,0,22,22,nochange,6,f,1,8170.6976,NA
9190,2,0,23,23,change,6,f,0,2242.9469,NA
9190,2,0,24,24,nochange,6,j,0,2489.7474,5
9190,2,0,25,25,nochange,6,f,1,2130.2813,NA
9190,2,0,26,26,nochange,6,f,1,1642.1301,NA
9190,2,0,27,27,change,6,j,1,1599.5973,NA
9190,2,0,28,28,change,6,j,1,1462.6806,NA
9190,2,0,29,29,change,6,f,0,1249.5347,NA
9190,2,0,30,30,nochange,6,f,1,1560.0096,NA
9190,2,0,31,31,nochange,6,f,1,1400.6393,NA
9190,2,0,32,32,nochange,6,f,1,959.3033,5
9190,2,0,33,33,change,6,j,1,2105.9989,NA
9190,2,0,34,34,nochange,6,f,1,7248.6084,NA
9190,2,0,35,35,change,6,j,1,1342.7432,NA
9190,2,0,36,36,change,6,f,0,1859.5136,NA
9190,2,0,37,37,change,6,j,1,1916.153,NA
9190,2,0,38,38,change,6,f,0,1564.538,NA
9190,2,0,39,39,change,6,j,1,1597.2963,NA
9190,2,0,40,40,nochange,6,f,1,1224.375,5
9190,2,0,41,41,change,6,f,0,1794.496,NA
9190,2,0,42,42,nochange,6,j,0,1199.9544,NA
9190,2,0,43,43,change,6,j,1,1377.9052,NA
9190,2,0,44,44,change,6,j,1,1253.8695,NA
9190,2,0,45,45,change,6,j,1,2301.5632,NA
9190,2,0,46,46,nochange,6,f,1,1111.3106,NA
9190,2,0,47,47,nochange,6,f,1,1235.4834,NA
9190,2,0,48,48,change,6,j,1,2755.8259,1
9190,2,0,49,49,nochange,6,f,1,1101.6602,NA
9190,2,0,50,50,change,6,j,1,995.1531,NA
9190,2,0,51,51,nochange,6,f,1,1991.9001,NA
9190,2,0,52,52,change,6,f,0,4650.9082,NA
9190,2,0,53,53,change,6,j,1,1398.4587,NA
9190,2,0,54,54,change,6,j,1,2059.3319,NA
9190,2,0,55,55,change,6,j,1,2428.5762,NA
9190,2,0,56,56,nochange,6,f,1,1343.6158,1
9190,2,0,57,57,nochange,6,f,1,1151.5544,NA
9190,2,0,58,58,change,6,j,1,4721.6328,NA
9190,2,0,59,59,change,6,f,0,1921.8194,NA
9190,2,0,60,60,change,6,f,0,2247.1602,NA
9191,2,practice,0,1,change,6,j,1,1767.216,NA
9191,2,practice,0,2,change,6,j,1,1589.0468,NA
9191,2,practice,0,3,nochange,6,f,1,594.361,NA
9191,2,practice,0,4,nochange,6,j,0,1413.269,NA
9191,2,practice,0,5,change,6,j,1,1108.9424,NA
9191,2,0,1,1,nochange,6,f,1,960.2646,NA
9191,2,0,2,2,change,6,j,1,962.6725,NA
9191,2,0,3,3,nochange,6,j,0,1625.3261,NA
9191,2,0,4,4,nochange,6,f,1,987.1981,NA
9191,2,0,5,5,nochange,6,j,0,6265.7957,NA
9191,2,0,6,6,change,6,f,0,1241.7621,NA
9191,2,0,7,7,nochange,6,f,1,1485.5852,NA
9191,2,0,8,8,nochange,6,f,1,1255.1853,2
9191,2,0,9,9,change,6,f,0,1847.732,NA
9191,2,0,10,10,change,6,f,0,768.1292,NA
9191,2,0,11,11,nochange,6,j,0,816.9658,NA
9191,2,0,12,12,change,6,j,1,1005.4026,NA
9191,2,0,13,13,nochange,6,f,1,822.5602,NA
9191,2,0,14,14,nochange,6,j,0,1579.0865,NA
9191,2,0,15,15,nochange,6,f,1,1218.9306,NA
9191,2,0,16,16,change,6,f,0,2439.5406,3
9191,2,0,17,17,nochange,6,j,0,331.8079,NA
9191,2,0,18,18,change,6,j,1,1135.1682,NA
9191,2,0,19,19,change,6,j,1,1615.2852,NA
9191,2,0,20,20,change,6,j,1,3509.0028,NA
9191,2,0,21,21,nochange,6,f,1,2435.0663,NA
9191,2,0,22,22,nochange,6,f,1,1368.5537,NA
9191,2,0,23,23,nochange,6,j,0,2879.3042,NA
9191,2,0,24,24,nochange,6,f,1,2089.837,3
9191,2,0,25,25,change,6,f,0,1345.0858,NA
9191,2,0,26,26,change,6,j,1,3138.6918,NA
9191,2,0,27,27,change,6,f,0,1544.1212,NA
9191,2,0,28,28,nochange,6,f,1,1046.2991,NA
9191,2,0,29,29,change,6,f,0,2899.6096,NA
9191,2,0,30,30,nochange,6,f,1,1737.1735,NA
9191,2,0,31,31,change,6,j,1,2394.4097,NA
9191,2,0,32,32,nochange,6,f,1,1328.1943,3
9191,2,0,33,33,nochange,6,f,1,1075.0847,NA
9191,2,0,34,34,change,6,j,1,1290.5881,NA
9191,2,0,35,35,change,6,f,0,1057.5149,NA
9191,2,0,36,36,change,6,f,0,2786.4102,NA
9191,2,0,37,37,nochange,6,f,1,4118.9121,NA
9191,2,0,38,38,change,6,j,1,1122.1183,NA
9191,2,0,39,39,change,6,j,1,1290.2513,NA
9191,2,0,40,40,nochange,6,j,0,1306.9179,3
9191,2,0,41,41,change,6,f,0,2209.686,NA
9191,2,0,42,42,change,6,j,1,3253.3616,NA
9191,2,0,43,43,nochange,6,j,0,5051.4997,NA
9191,2,0,44,44,change,6,f,0,1355.3393,NA
9191,2,0,45,45,nochange,6,f,1,1763.8201,NA
9191,2,0,46,46,change,6,j,1,3033.4176,NA
9191,2,0,47,47,nochange,6,j,0,1151.3897,NA
9191,2,0,48,48,nochange,6,f,1,4150.2863,5
9191,2,0,49,49,nochange,6,j,0,895.66010000000006,NA
9191,2,0,50,50,nochange,6,f,1,1348.6966,NA
9191,2,0,51,51,change,6,j,1,1391.892,NA
9191,2,0,52,52,nochange,6,f,1,1063.711,NA
9191,2,0,53,53,change,6,j,1,2076.2302,NA
9191,2,0,54,54,change,6,f,0,1034.383,NA
9191,2,0,55,55,change,6,j,1,4.99670000013,NA
9191,2,0,56,56,change,6,f,0,1331.3501,4
9191,2,0,57,57,nochange,6,f,1,46.0432999999,NA
9191,2,0,58,58,change,6,f,0,3.4558,NA
9191,2,0,59,59,change,6,f,0,1045.3033,NA
9191,2,0,60,60,nochange,6,f,1,1825.9425,NA
9192,2,practice,0,1,change,6,f,0,2023.0782,NA
9192,2,practice,0,2,change,6,f,0,1438.3712,NA
9192,2,practice,0,3,nochange,6,f,1,1527.5726,NA
9192,2,practice,0,4,change,6,j,1,1206.3731,NA
9192,2,practice,0,5,change,6,j,1,3061.198,NA
9192,2,0,1,1,change,6,j,1,3429.1967,NA
9192,2,0,2,2,nochange,6,j,0,3813.9702,NA
9192,2,0,3,3,change,6,j,1,2091.1554,NA
9192,2,0,4,4,change,6,f,0,4932.8987,NA
9192,2,0,5,5,nochange,6,j,0,3149.2209,NA
9192,2,0,6,6,nochange,6,f,1,1590.0076,NA
9192,2,0,7,7,nochange,6,f,1,1691.2529,NA
9192,2,0,8,8,nochange,6,j,0,1719.1396,1
9192,2,0,9,9,change,6,f,0,2424.9394,NA
9192,2,0,10,10,change,6,f,0,2720.6624,NA
9192,2,0,11,11,change,6,j,1,1718.2215,NA
9192,2,0,12,12,change,6,f,0,1816.8805,NA
9192,2,0,13,13,nochange,6,j,0,2730.7829,NA
9192,2,0,14,14,nochange,6,f,1,910.9387,NA
9192,2,0,15,15,nochange,6,j,0,1627.0059,NA
9192,2,0,16,16,nochange,6,f,1,1095.4312,1
9192,2,0,17,17,change,6,j,1,2018.0008,NA
9192,2,0,18,18,nochange,6,f,1,1986.5795,NA
9192,2,0,19,19,change,6,j,1,1372.9265,NA
9192,2,0,20,20,change,6,j,1,2451.2463,NA
9192,2,0,21,21,change,6,j,1,2633.1912,NA
9192,2,0,22,22,nochange,6,j,0,2448.1104,NA
9192,2,0,23,23,nochange,6,j,0,1533.7256,NA
9192,2,0,24,24,change,6,f,0,2495.3517,1
9192,2,0,25,25,change,6,f,0,434.3035,NA
9192,2,0,26,26,change,6,f,0,2954.1637,NA
9192,2,0,27,27,change,6,f,0,1919.6272,NA
9192,2,0,28,28,nochange,6,j,0,3332.7463,NA
9192,2,0,29,29,nochange,6,f,1,1038.1589,NA
9192,2,0,30,30,change,6,j,1,1557.4935,NA
9192,2,0,31,31,nochange,6,f,1,933.686,NA
9192,2,0,32,32,nochange,6,f,1,802.1037,1
9192,2,0,33,33,change,6,f,0,2919.8714,NA
9192,2,0,34,34,nochange,6,f,1,1273.3875,NA
9192,2,0,35,35,change,6,f,0,1409.5147,NA
9192,2,0,36,36,nochange,6,f,1,1628.6175,NA
9192,2,0,37,37,change,6,f,0,1259.7507,NA
9192,2,0,38,38,change,6,j,1,1993.6123,NA
9192,2,0,39,39,change,6,j,1,1546.3782,NA
9192,2,0,40,40,nochange,6,f,1,914.8103,1
9192,2,0,41,41,change,6,f,0,789.8999,NA
9192,2,0,42,42,nochange,6,j,0,1428.8374,NA
9192,2,0,43,43,nochange,6,f,1,3982.5088,NA
9192,2,0,44,44,nochange,6,j,0,1702.6808,NA
9192,2,0,45,45,nochange,6,j,0,1595.4505,NA
9192,2,0,46,46,change,6,j,1,1311.8523,NA
9192,2,0,47,47,change,6,f,0,1198.1288,NA
9192,2,0,48,48,nochange,6,f,1,2271.8514,1
9192,2,0,49,49,change,6,f,0,4577.1794,NA
9192,2,0,50,50,change,6,f,0,1928.1838,NA
9192,2,0,51,51,change,6,j,1,1035.0684,NA
9192,2,0,52,52,change,6,f,0,1186.9826,NA
9192,2,0,53,53,nochange,6,f,1,1784.2054,NA
9192,2,0,54,54,change,6,f,0,1512.4227,NA
9192,2,0,55,55,nochange,6,j,0,1683.1739,NA
9192,2,0,56,56,nochange,6,f,1,981.2297,1
9192,2,0,57,57,change,6,j,1,2766.6825,NA
9192,2,0,58,58,nochange,6,f,1,1059.1825,NA
9192,2,0,59,59,nochange,6,f,1,1552.441,NA
9192,2,0,60,60,nochange,6,f,1,1167.7842,NA
9193,2,practice,0,1,change,6,j,1,2842.0302,NA
9193,2,practice,0,2,nochange,6,j,0,1101.5898,NA
9193,2,practice,0,3,change,6,j,1,1077.1921,NA
9193,2,practice,0,4,change,6,f,0,929.7514,NA
9193,2,practice,0,5,nochange,6,j,0,1656.827,NA
9193,2,0,1,1,nochange,6,j,0,1184.9089,NA
9193,2,0,2,2,nochange,6,j,0,1388.3913,NA
9193,2,0,3,3,change,6,j,1,2214.097,NA
9193,2,0,4,4,nochange,6,f,1,1280.9576,NA
9193,2,0,5,5,change,6,f,0,2334.4433,NA
9193,2,0,6,6,nochange,6,f,1,1138.3429,NA
9193,2,0,7,7,change,6,f,0,3935.7257,NA
9193,2,0,8,8,change,6,j,1,897.8606,3
9193,2,0,9,9,nochange,6,f,1,1068.492,NA
9193,2,0,10,10,nochange,6,j,0,2472.1433,NA
9193,2,0,11,11,change,6,j,1,1917.9734,NA
9193,2,0,12,12,change,6,j,1,1773.5173,NA
9193,2,0,13,13,change,6,j,1,984.6725,NA
9193,2,0,14,14,nochange,6,j,0,3.8486,NA
9193,2,0,15,15,nochange,6,j,0,2302.0097,NA
9193,2,0,16,16,change,6,j,1,1830.0346,2
9193,2,0,17,17,nochange,6,f,1,1359.3761,NA
9193,2,0,18,18,change,6,j,1,2230.3774,NA
9193,2,0,19,19,change,6,j,1,1559.6258,NA
9193,2,0,20,20,nochange,6,f,1,1330.5549,NA
9193,2,0,21,21,nochange,6,f,1,1304.3708,NA
9193,2,0,22,22,nochange,6,j,0,2293.6142,NA
9193,2,0,23,23,nochange,6,j,0,2052.967,NA
9193,2,0,24,24,change,6,j,1,1527.0961,5
9193,2,0,25,25,nochange,6,j,0,1172.5924,NA
9193,2,0,26,26,nochange,6,j,0,1042.7608,NA
9193,2,0,27,27,nochange,6,j,0,1431.4991,NA
9193,2,0,28,28,nochange,6,j,0,1525.2334,NA
9193,2,0,29,29,nochange,6,j,0,1817.0863,NA
9193,2,0,30,30,change,6,f,0,1670.1203,NA
9193,2,0,31,31,nochange,6,j,0,1332.1417,NA
9193,2,0,32,32,change,6,f,0,3341.0562,4
9193,2,0,33,33,change,6,f,0,2568.9743,NA
9193,2,0,34,34,change,6,j,1,1218.4464,NA
9193,2,0,35,35,change,6,j,1,3338.6549,NA
9193,2,0,36,36,nochange,6,f,1,2169.0151,NA
9193,2,0,37,37,change,6,f,0,1640.4073,NA
9193,2,0,38,38,nochange,6,j,0,3691.5771,NA
9193,2,0,39,39,nochange,6,j,0,3046.4538,NA
9193,2,0,40,40,nochange,6,j,0,1303.7528,5
9193,2,0,41,41,nochange,6,f,1,1581.8688,NA
9193,2,0,42,42,change,6,f,0,2050.8548,NA
9193,2,0,43,43,change,6,j,1,2035.5657,NA
9193,2,0,44,44,change,6,f,0,1374.208,NA
9193,2,0,45,45,nochange,6,f,1,3285.6919,NA
9193,2,0,46,46,change,6,j,1,2967.6881,NA
9193,2,0,47,47,nochange,6,j,0,1899.8697,NA
9193,2,0,48,48,change,6,f,0,2480.6903,3
9193,2,0,49,49,nochange,6,j,0,1099.8093,NA
9193,2,0,50,50,nochange,6,j,0,1049.9768,NA
9193,2,0,51,51,change,6,j,1,2347.0697,NA
9193,2,0,52,52,change,6,j,1,1081.9855,NA
9193,2,0,53,53,change,6,f,0,1991.6269,NA
9193,2,0,54,54,change,6,f,0,1456.2794,NA
9193,2,0,55,55,nochange,6,f,1,2969.5867,NA
9193,2,0,56,56,change,6,j,1,1198.7791,3
9193,2,0,57,57,change,6,f,0,1204.7121,NA
9193,2,0,58,58,nochange,6,j,0,1696.5036,NA
9193,2,0,59,59,change,6,j,1,1513.2772,NA
9193,2,0,60,60,change,6,f,0,2089.9476,NA
9194,2,practice,0,1,change,6,j,1,5803.7747,NA
9194,2,practice,0,2,nochange,6,f,1,1321.5724,NA
9194,2,practice,0,3,nochange,6,f,1,1575.7357,NA
9194,2,practice,0,4,nochange,6,f,1,2001.2607,NA
9194,2,practice,0,5,nochange,6,j,0,2433.7963,NA
9194,2,0,1,1,nochange,6,f,1,5046.3049,NA
9194,2,0,2,2,change,6,j,1,1679.0513,NA
9194,2,0,3,3,change,6,j,1,1650.1005,NA
9194,2,0,4,4,change,6,j,1,2123.3072,NA
9194,2,0,5,5,nochange,6,j,0,6856.9389,NA
9194,2,0,6,6,change,6,j,1,1711.8708,NA
9194,2,0,7,7,change,6,j,1,2204.0176,NA
9194,2,0,8,8,nochange,6,f,1,4148.0971,3
9194,2,0,9,9,nochange,6,j,0,4921.4916,NA
9194,2,0,10,10,change,6,j,1,6752.3333,NA
9194,2,0,11,11,change,6,j,1,1897.6039,NA
9194,2,0,12,12,nochange,6,f,1,1299.5798,NA
9194,2,0,13,13,change,6,f,0,1418.9652,NA
9194,2,0,14,14,nochange,6,f,1,4584.7037,NA
9194,2,0,15,15,change,6,j,1,1674.2109,NA
9194,2,0,16,16,nochange,6,f,1,2010.3181,5
9194,2,0,17,17,change,6,j,1,1267.222,NA
9194,2,0,18,18,change,6,j,1,1584.5199,NA
9194,2,0,19,19,change,6,j,1,1239.2261,NA
9194,2,0,20,20,nochange,6,j,0,5218.3715,NA
9194,2,0,21,21,nochange,6,f,1,3359.2832,NA
9194,2,0,22,22,nochange,6,j,0,2879.7804,NA
9194,2,0,23,23,change,6,f,0,9646.8015,NA
9194,2,0,24,24,change,6,j,1,2040.1496,3
9194,2,0,25,25,change,6,j,1,4262.162,NA
9194,2,0,26,26,nochange,6,f,1,3654.9553,NA
9194,2,0,27,27,change,6,j,1,1509.8578,NA
9194,2,0,28,28,nochange,6,f,1,1484.3295,NA
9194,2,0,29,29,nochange,6,f,1,2788.2842,NA
9194,2,0,30,30,nochange,6,f,1,2943.7329,NA
9194,2,0,31,31,change,6,f,0,4682.4499,NA
9194,2,0,32,32,change,6,j,1,2067.515,2
9194,2,0,33,33,nochange,6,f,1,2037.6849,NA
9194,2,0,34,34,change,6,f,0,2106.3575,NA
9194,2,0,35,35,change,6,f,0,3082.1356,NA
9194,2,0,36,36,change,6,j,1,1615.7048,NA
9194,2,0,37,37,nochange,6,f,1,2424.7746,NA
9194,2,0,38,38,nochange,6,f,1,2348.0188,NA
9194,2,0,39,39,nochange,6,f,1,2054.0161,NA
9194,2,0,40,40,change,6,j,1,4312.9915,1
9194,2,0,41,41,nochange,6,f,1,3025.7299,NA
9194,2,0,42,42,nochange,6,f,1,2017.0058,NA
9194,2,0,43,43,change,6,f,0,3354.2032,NA
9194,2,0,44,44,change,6,j,1,4049.6073,NA
9194,2,0,45,45,nochange,6,f,1,1855.7581,NA
9194,2,0,46,46,nochange,6,f,1,2110.6553,NA
9194,2,0,47,47,change,6,f,0,3145.5707,NA
9194,2,0,48,48,nochange,6,j,0,3859.8974,2
9194,2,0,49,49,change,6,f,0,2460.959,NA
9194,2,0,50,50,change,6,j,1,2510.7025,NA
9194,2,0,51,51,nochange,6,f,1,3074.29,NA
9194,2,0,52,52,nochange,6,f,1,12033.22,NA
9194,2,0,53,53,change,6,f,0,2024.9276,NA
9194,2,0,54,54,nochange,6,f,1,22568.4122,NA
9194,2,0,55,55,nochange,6,f,1,2124.7552,NA
9194,2,0,56,56,nochange,6,f,1,2139.7821,2
9194,2,0,57,57,change,6,j,1,2288.0712,NA
9194,2,0,58,58,nochange,6,f,1,2359.1563,NA
9194,2,0,59,59,nochange,6,f,1,1649.287,NA
9194,2,0,60,60,change,6,j,1,6369.1106,NA
9195,2,practice,0,1,nochange,6,f,1,2769.8025,NA
9195,2,practice,0,2,change,6,f,0,1279.7222,NA
9195,2,practice,0,3,change,6,j,1,2377.0995,NA
9195,2,practice,0,4,change,6,j,1,1454.8212,NA
9195,2,practice,0,5,change,6,j,1,1430.9308,NA
9195,2,0,1,1,nochange,6,j,0,2106.2405,NA
9195,2,0,2,2,nochange,6,j,0,1717.8195,NA
9195,2,0,3,3,change,6,j,1,2521.602,NA
9195,2,0,4,4,nochange,6,f,1,2422.1428,NA
9195,2,0,5,5,nochange,6,j,0,6456.3595,NA
9195,2,0,6,6,nochange,6,j,0,1015.4916,NA
9195,2,0,7,7,nochange,6,f,1,2793.4726,NA
9195,2,0,8,8,change,6,j,1,1195.949,2
9195,2,0,9,9,nochange,6,f,1,1477.8091,NA
9195,2,0,10,10,nochange,6,f,1,1846.554,NA
9195,2,0,11,11,change,6,j,1,1860.7663,NA
9195,2,0,12,12,nochange,6,f,1,941.6268,NA
9195,2,0,13,13,nochange,6,f,1,1999.8539,NA
9195,2,0,14,14,nochange,6,f,1,1330.7757,NA
9195,2,0,15,15,nochange,6,f,1,1198.5926,NA
9195,2,0,16,16,nochange,6,f,1,1759.4672,2
9195,2,0,17,17,change,6,j,1,1078.4908,NA
9195,2,0,18,18,change,6,f,0,1089.5179,NA
9195,2,0,19,19,change,6,j,1,2906.1454,NA
9195,2,0,20,20,nochange,6,f,1,1416.6793,NA
9195,2,0,21,21,change,6,j,1,1002.1594,NA
9195,2,0,22,22,nochange,6,f,1,2262.129,NA
9195,2,0,23,23,change,6,j,1,1206.5084,NA
9195,2,0,24,24,change,6,j,1,2394.5318,2
9195,2,0,25,25,change,6,j,1,1570.0149,NA
9195,2,0,26,26,change,6,j,1,2981.6624,NA
9195,2,0,27,27,change,6,j,1,971.7235,NA
9195,2,0,28,28,change,6,j,1,2301.4285,NA
9195,2,0,29,29,change,6,f,0,837.6559,NA
9195,2,0,30,30,nochange,6,j,0,2141.4977,NA
9195,2,0,31,31,change,6,j,1,4169.8226,NA
9195,2,0,32,32,nochange,6,f,1,1666.5836,3
9195,2,0,33,33,nochange,6,f,1,2004.5245,NA
9195,2,0,34,34,change,6,j,1,4220.4287,NA
9195,2,0,35,35,change,6,f,0,1569.3497,NA
9195,2,0,36,36,nochange,6,j,0,1632.7024,NA
9195,2,0,37,37,change,6,j,1,1292.7868,NA
9195,2,0,38,38,nochange,6,j,0,1550.7479,NA
9195,2,0,39,39,nochange,6,f,1,1746.347,NA
9195,2,0,40,40,nochange,6,f,1,2324.9937,3
9195,2,0,41,41,change,6,f,0,2229.8548,NA
9195,2,0,42,42,nochange,6,f,1,1219.7538,NA
9195,2,0,43,43,change,6,j,1,2710.0099,NA
9195,2,0,44,44,nochange,6,j,0,1584.8426,NA
9195,2,0,45,45,change,6,j,1,495.7636,NA
9195,2,0,46,46,change,6,j,1,10654.8481,NA
9195,2,0,47,47,nochange,6,j,0,840.9612,NA
9195,2,0,48,48,change,6,j,1,1169.2969,3
9195,2,0,49,49,change,6,j,1,2391.68,NA
9195,2,0,50,50,change,6,j,1,1039.8253,NA
9195,2,0,51,51,nochange,6,j,0,1148.8914,NA
9195,2,0,52,52,change,6,j,1,927.9263,NA
9195,2,0,53,53,change,6,j,1,834.3104,NA
9195,2,0,54,54,change,6,j,1,1999.995,NA
9195,2,0,55,55,change,6,f,0,3610.4151,NA
9195,2,0,56,56,change,6,f,0,6179.7569,5
9195,2,0,57,57,nochange,6,f,1,853.83,NA
9195,2,0,58,58,nochange,6,f,1,4177.6179,NA
9195,2,0,59,59,nochange,6,j,0,12412.2878,NA
9195,2,0,60,60,nochange,6,j,0,437.276,NA
9196,2,practice,0,1,change,6,f,0,1487.933,NA
9196,2,practice,0,2,change,6,j,1,1309.4883,NA
9196,2,practice,0,3,change,6,f,0,1304.4129,NA
9196,2,practice,0,4,change,6,j,1,1047.0078,NA
9196,2,practice,0,5,change,6,f,0,1314.8849,NA
9196,2,0,1,1,nochange,6,f,1,961.3931,NA
9196,2,0,2,2,change,6,j,1,1371.4946,NA
9196,2,0,3,3,nochange,6,f,1,1268.3478,NA
9196,2,0,4,4,change,6,f,0,883.795,NA
9196,2,0,5,5,change,6,j,1,1447.2659,NA
9196,2,0,6,6,change,6,j,1,1968.0441,NA
9196,2,0,7,7,change,6,j,1,828.8643,NA
9196,2,0,8,8,nochange,6,f,1,1049.5559,2
9196,2,0,9,9,nochange,6,f,1,990.6706,NA
9196,2,0,10,10,nochange,6,f,1,332.103,NA
9196,2,0,11,11,nochange,6,f,1,1526.9934,NA
9196,2,0,12,12,nochange,6,j,0,1132.8565,NA
9196,2,0,13,13,change,6,j,1,1044.1017,NA
9196,2,0,14,14,change,6,f,0,9396.3575,NA
9196,2,0,15,15,nochange,6,f,1,987.9824,NA
9196,2,0,16,16,nochange,6,f,1,1548.3855,2
9196,2,0,17,17,nochange,6,f,1,930.5314,NA
9196,2,0,18,18,change,6,j,1,1281.8299,NA
9196,2,0,19,19,change,6,j,1,1384.0587,NA
9196,2,0,20,20,nochange,6,f,1,1003.324,NA
9196,2,0,21,21,nochange,6,f,1,981.2768,NA
9196,2,0,22,22,change,6,f,0,1227.2037,NA
9196,2,0,23,23,change,6,f,0,1041.8044,NA
9196,2,0,24,24,change,6,f,0,1029.8799,2
9196,2,0,25,25,change,6,j,1,829.5111,NA
9196,2,0,26,26,nochange,6,f,1,852.0101,NA
9196,2,0,27,27,nochange,6,f,1,723.56,NA
9196,2,0,28,28,nochange,6,f,1,4702.6547,NA
9196,2,0,29,29,nochange,6,j,0,923.7216,NA
9196,2,0,30,30,nochange,6,f,1,1389.8891,NA
9196,2,0,31,31,change,6,j,1,851.1335,NA
9196,2,0,32,32,change,6,j,1,1038.294,2
9196,2,0,33,33,nochange,6,f,1,687.0966,NA
9196,2,0,34,34,change,6,f,0,1730.8621,NA
9196,2,0,35,35,change,6,f,0,1093.5404,NA
9196,2,0,36,36,change,6,f,0,930.4915,NA
9196,2,0,37,37,change,6,j,1,1137.8669,NA
9196,2,0,38,38,nochange,6,f,1,1211.3163,NA
9196,2,0,39,39,change,6,f,0,1005.0446,NA
9196,2,0,40,40,change,6,f,0,799.8664,2
9196,2,0,41,41,change,6,j,1,770.2467,NA
9196,2,0,42,42,nochange,6,f,1,685.3408,NA
9196,2,0,43,43,nochange,6,f,1,940.3737,NA
9196,2,0,44,44,nochange,6,j,0,2938.5831,NA
9196,2,0,45,45,change,6,f,0,1543.7352,NA
9196,2,0,46,46,change,6,f,0,1783.4005,NA
9196,2,0,47,47,change,6,f,0,1348.9655,NA
9196,2,0,48,48,nochange,6,f,1,1441.0134,2
9196,2,0,49,49,nochange,6,f,1,1336.1421,NA
9196,2,0,50,50,nochange,6,f,1,905.2068,NA
9196,2,0,51,51,change,6,j,1,1413.8634,NA
9196,2,0,52,52,change,6,f,0,1171.8948,NA
9196,2,0,53,53,change,6,j,1,849.2542,NA
9196,2,0,54,54,change,6,j,1,1483.4326,NA
9196,2,0,55,55,nochange,6,f,1,745.527,NA
9196,2,0,56,56,nochange,6,f,1,906.0159,3
9196,2,0,57,57,nochange,6,f,1,1868.703,NA
9196,2,0,58,58,change,6,f,0,1511.3012,NA
9196,2,0,59,59,nochange,6,f,1,1353.8679,NA
9196,2,0,60,60,nochange,6,f,1,967.8209,NA
9197,2,practice,0,1,nochange,6,j,0,872.4814,NA
9197,2,practice,0,2,nochange,6,j,0,343.09,NA
9197,2,practice,0,3,nochange,6,j,0,1.17720000001,NA
9197,2,practice,0,4,nochange,6,j,0,2.86350000001,NA
9197,2,practice,0,5,change,6,f,0,2.5421,NA
9197,2,0,1,1,change,6,f,0,7.4874,NA
9197,2,0,2,2,change,6,f,0,3.7075,NA
9197,2,0,3,3,change,6,j,1,724.247,NA
9197,2,0,4,4,change,6,f,0,733.9375,NA
9197,2,0,5,5,nochange,6,j,0,656.1818,NA
9197,2,0,6,6,nochange,6,f,1,2285.4878,NA
9197,2,0,7,7,change,6,j,1,2000.1399,NA
9197,2,0,8,8,nochange,6,f,1,1702.2272,5
9197,2,0,9,9,nochange,6,j,0,391.9222,NA
9197,2,0,10,10,change,6,f,0,788.2681,NA
9197,2,0,11,11,nochange,6,j,0,822.0898,NA
9197,2,0,12,12,change,6,f,0,508.101,NA
9197,2,0,13,13,nochange,6,j,0,499.4095,NA
9197,2,0,14,14,change,6,f,0,3.2426,NA
9197,2,0,15,15,change,6,f,0,2106.7131,NA
9197,2,0,16,16,nochange,6,j,0,893.7576,5
9197,2,0,17,17,change,6,f,0,2577.9467,NA
9197,2,0,18,18,change,6,f,0,3756.1058,NA
9197,2,0,19,19,nochange,6,j,0,3866.4523,NA
9197,2,0,20,20,change,6,f,0,6638.5373,NA
9197,2,0,21,21,nochange,6,j,0,1554.5926,NA
9197,2,0,22,22,change,6,f,0,2934.5168,NA
9197,2,0,23,23,change,6,j,1,2570.1555,NA
9197,2,0,24,24,nochange,6,f,1,1995.2017,5
9197,2,0,25,25,change,6,j,1,4929.7125,NA
9197,2,0,26,26,change,6,f,0,489.264,NA
9197,2,0,27,27,change,6,j,1,431.4709,NA
9197,2,0,28,28,nochange,6,f,1,557.5737,NA
9197,2,0,29,29,nochange,6,f,1,998.9452,NA
9197,2,0,30,30,nochange,6,f,1,1345.6685,NA
9197,2,0,31,31,change,6,f,0,1588.923,NA
9197,2,0,32,32,change,6,j,1,1963.9813,5
9197,2,0,33,33,change,6,f,0,2929.8197,NA
9197,2,0,34,34,nochange,6,j,0,2987.6469,NA
9197,2,0,35,35,change,6,j,1,5748.0137,NA
9197,2,0,36,36,nochange,6,f,1,1286.331,NA
9197,2,0,37,37,nochange,6,j,0,3761.8715,NA
9197,2,0,38,38,nochange,6,j,0,2457.29,NA
9197,2,0,39,39,nochange,6,f,1,1069.0999,NA
9197,2,0,40,40,nochange,6,j,0,3.3737,5
9197,2,0,41,41,change,6,f,0,8307.6762,NA
9197,2,0,42,42,change,6,j,1,770.412,NA
9197,2,0,43,43,nochange,6,f,1,1525.9933,NA
9197,2,0,44,44,change,6,f,0,2329.5812,NA
9197,2,0,45,45,nochange,6,f,1,4.16930000001,NA
9197,2,0,46,46,nochange,6,f,1,2306.1324,NA
9197,2,0,47,47,change,6,f,0,2423.5855,NA
9197,2,0,48,48,nochange,6,f,1,9881.9194,5
9197,2,0,49,49,nochange,6,f,1,12781.4697,NA
9197,2,0,50,50,nochange,6,j,0,2083.414,NA
9197,2,0,51,51,change,6,f,0,1141.6543,NA
9197,2,0,52,52,nochange,6,j,0,5701.2465,NA
9197,2,0,53,53,change,6,f,0,5196.1258,NA
9197,2,0,54,54,change,6,j,1,1082.3792,NA
9197,2,0,55,55,change,6,f,0,3800.3641,NA
9197,2,0,56,56,change,6,j,1,5.92429999996,5
9197,2,0,57,57,nochange,6,j,0,3.84440000006,NA
9197,2,0,58,58,nochange,6,f,1,941.2029,NA
9197,2,0,59,59,nochange,6,j,0,1609.2693,NA
9197,2,0,60,60,nochange,6,j,0,10346.2052,NA
9198,2,practice,0,1,change,6,f,0,15175.3734,NA
9198,2,practice,0,2,change,6,j,1,2134.5949,NA
9198,2,practice,0,3,nochange,6,j,0,0.188799999989,NA
9198,2,practice,0,4,nochange,6,f,1,1458.5667,NA
9198,2,practice,0,5,change,6,j,1,429.4631,NA
9198,2,0,1,1,change,6,f,0,474.7676,NA
9198,2,0,2,2,nochange,6,j,0,4.33360000001,NA
9198,2,0,3,3,change,6,j,1,16.3251,NA
9198,2,0,4,4,change,6,f,0,4.36779999999,NA
9198,2,0,5,5,nochange,6,j,0,2.68799999999,NA
9198,2,0,6,6,change,6,f,0,9.9194,NA
9198,2,0,7,7,nochange,6,j,0,3.45900000003,NA
9198,2,0,8,8,change,6,j,1,3.36110000001,4
9198,2,0,9,9,nochange,6,j,0,4.31779999999,NA
9198,2,0,10,10,nochange,6,f,1,3.20669999998,NA
9198,2,0,11,11,nochange,6,f,1,844.1762,NA
9198,2,0,12,12,change,6,f,0,1247.3803,NA
9198,2,0,13,13,nochange,6,f,1,6.19030000002,NA
9198,2,0,14,14,change,6,f,0,6.01849999998,NA
9198,2,0,15,15,change,6,j,1,3.90109999999,NA
9198,2,0,16,16,nochange,6,j,0,4.26240000004,3
9198,2,0,17,17,nochange,6,j,0,2.65579999998,NA
9198,2,0,18,18,change,6,j,1,13.4426,NA
9198,2,0,19,19,change,6,j,1,13174.2578,NA
9198,2,0,20,20,change,6,f,0,3.65719999999,NA
9198,2,0,21,21,change,6,j,1,3.26949999999,NA
9198,2,0,22,22,nochange,6,j,0,18.7658,NA
9198,2,0,23,23,change,6,j,1,3.99849999999,NA
9198,2,0,24,24,nochange,6,f,1,1931.2204,3
9198,2,0,25,25,nochange,6,f,1,3.25759999995,NA
9198,2,0,26,26,change,6,j,1,4.60549999995,NA
9198,2,0,27,27,change,6,f,0,3.78860000003,NA
9198,2,0,28,28,nochange,6,f,1,18.8821,NA
9198,2,0,29,29,change,6,f,0,4.2635,NA
9198,2,0,30,30,change,6,j,1,3.23529999994,NA
9198,2,0,31,31,change,6,j,1,16.1255,NA
9198,2,0,32,32,nochange,6,j,0,6.43689999997,3
9198,2,0,33,33,nochange,6,f,1,3.64069999999,NA
9198,2,0,34,34,change,6,j,1,4.3725,NA
9198,2,0,35,35,change,6,f,0,3.67540000001,NA
9198,2,0,36,36,nochange,6,f,1,3.38319999998,NA
9198,2,0,37,37,nochange,6,j,0,15.7377,NA
9198,2,0,38,38,change,6,j,1,5.28820000001,NA
9198,2,0,39,39,nochange,6,j,0,11.1873,NA
9198,2,0,40,40,change,6,f,0,4.10599999997,4
9198,2,0,41,41,nochange,6,j,0,2.57409999997,NA
9198,2,0,42,42,change,6,f,0,14.7682,NA
9198,2,0,43,43,nochange,6,j,0,7.29580000002,NA
9198,2,0,44,44,nochange,6,f,1,14.709,NA
9198,2,0,45,45,change,6,f,0,4.45919999998,NA
9198,2,0,46,46,nochange,6,j,0,3.26089999999,NA
9198,2,0,47,47,nochange,6,f,1,4.43639999995,NA
9198,2,0,48,48,nochange,6,j,0,3.35550000001,3
9198,2,0,49,49,nochange,6,j,0,616.5736,NA
9198,2,0,50,50,change,6,j,1,18.5554,NA
9198,2,0,51,51,nochange,6,j,0,4.69679999998,NA
9198,2,0,52,52,change,6,j,1,421.7196,NA
9198,2,0,53,53,nochange,6,j,0,3.49910000002,NA
9198,2,0,54,54,nochange,6,j,0,5.26620000001,NA
9198,2,0,55,55,change,6,f,0,14.476,NA
9198,2,0,56,56,change,6,f,0,3.78510000004,3
9198,2,0,57,57,change,6,f,0,18.4329,NA
9198,2,0,58,58,change,6,j,1,16.5122,NA
9198,2,0,59,59,nochange,6,f,1,4.9559,NA
9198,2,0,60,60,nochange,6,f,1,4.57140000002,NA
9199,2,practice,0,1,nochange,6,f,1,2147.0261,NA
9199,2,practice,0,2,nochange,6,f,1,1185.4245,NA
9199,2,practice,0,3,change,6,j,1,1143.8536,NA
9199,2,practice,0,4,nochange,6,f,1,986.4681,NA
9199,2,practice,0,5,change,6,j,1,1329.2368,NA
9199,2,0,1,1,nochange,6,f,1,930.3812,NA
9199,2,0,2,2,nochange,6,f,1,2133.748,NA
9199,2,0,3,3,nochange,6,j,0,1869.6385,NA
9199,2,0,4,4,nochange,6,f,1,1302.1695,NA
9199,2,0,5,5,nochange,6,f,1,1703.6127,NA
9199,2,0,6,6,nochange,6,f,1,817.1752,NA
9199,2,0,7,7,nochange,6,f,1,1023.3091,NA
9199,2,0,8,8,change,6,j,1,1316.454,1
9199,2,0,9,9,change,6,f,0,676.3704,NA
9199,2,0,10,10,change,6,f,0,1091.6791,NA
9199,2,0,11,11,change,6,f,0,1168.31,NA
9199,2,0,12,12,change,6,j,1,2755.1581,NA
9199,2,0,13,13,nochange,6,j,0,8.36180000001,NA
9199,2,0,14,14,change,6,f,0,407.5187,NA
9199,2,0,15,15,nochange,6,j,0,5.35259999998,NA
9199,2,0,16,16,change,6,f,0,7.22249999997,3
9199,2,0,17,17,change,6,j,1,571.974,NA
9199,2,0,18,18,change,6,f,0,45.7373,NA
9199,2,0,19,19,change,6,f,0,2.29730000001,NA
9199,2,0,20,20,change,6,f,0,4598.7693,NA
9199,2,0,21,21,nochange,6,j,0,2.59419999999,NA
9199,2,0,22,22,nochange,6,f,1,1655.9121,NA
9199,2,0,23,23,nochange,6,f,1,1151.8298,NA
9199,2,0,24,24,nochange,6,f,1,1263.0754,3
9199,2,0,25,25,change,6,f,0,12.1294,NA
9199,2,0,26,26,nochange,6,f,1,10.7802999999,NA
9199,2,0,27,27,nochange,6,j,0,1379.2758,NA
9199,2,0,28,28,nochange,6,j,0,3053.4643,NA
9199,2,0,29,29,nochange,6,f,1,1347.5043,NA
9199,2,0,30,30,change,6,j,1,1906.3347,NA
9199,2,0,31,31,nochange,6,f,1,8.25410000002,NA
9199,2,0,32,32,nochange,6,f,1,7.70009999996,3
9199,2,0,33,33,change,6,j,1,6.19300000003,NA
9199,2,0,34,34,nochange,6,f,1,3602.5583,NA
9199,2,0,35,35,nochange,6,f,1,7.56,NA
9199,2,0,36,36,change,6,j,1,3.54639999999,NA
9199,2,0,37,37,nochange,6,f,1,10.3832,NA
9199,2,0,38,38,change,6,f,0,5.5502,NA
9199,2,0,39,39,nochange,6,f,1,1039.7989,NA
9199,2,0,40,40,change,6,j,1,974.148,2
9199,2,0,41,41,nochange,6,f,1,6.49439999997,NA
9199,2,0,42,42,change,6,j,1,6.72989999998,NA
9199,2,0,43,43,change,6,f,0,1936.0979,NA
9199,2,0,44,44,change,6,f,0,1200.8203,NA
9199,2,0,45,45,nochange,6,j,0,8.44030000002,NA
9199,2,0,46,46,change,6,f,0,4.63159999996,NA
9199,2,0,47,47,nochange,6,j,0,8.88010000001,NA
9199,2,0,48,48,change,6,f,0,6.04879999999,4
9199,2,0,49,49,change,6,f,0,2.91310000001,NA
9199,2,0,50,50,change,6,f,0,12.2006,NA
9199,2,0,51,51,change,6,f,0,587.7311,NA
9199,2,0,52,52,nochange,6,j,0,18.2796,NA
9199,2,0,53,53,nochange,6,f,1,9.07069999998,NA
9199,2,0,54,54,change,6,j,1,6.64039999997,NA
9199,2,0,55,55,change,6,f,0,4.00079999992,NA
9199,2,0,56,56,change,6,f,0,2190.2568,2
9199,2,0,57,57,change,6,j,1,4.09070000006,NA
9199,2,0,58,58,nochange,6,j,0,489.9451,NA
9199,2,0,59,59,nochange,6,j,0,10.5783999999,NA
9199,2,0,60,60,change,6,j,1,8.37640000007,NA
9200,2,practice,0,1,change,6,j,1,1195.3367,NA
9200,2,practice,0,2,nochange,6,f,1,698.7509,NA
9200,2,practice,0,3,change,6,j,1,871.0806,NA
9200,2,practice,0,4,change,6,j,1,1023.1664,NA
9200,2,practice,0,5,change,6,f,0,1106.1317,NA
9200,2,0,1,1,change,6,j,1,962.552,NA
9200,2,0,2,2,nochange,6,f,1,1243.0502,NA
9200,2,0,3,3,change,6,j,1,1037.8137,NA
9200,2,0,4,4,nochange,6,j,0,963.6707,NA
9200,2,0,5,5,change,6,f,0,1017.6971,NA
9200,2,0,6,6,change,6,f,0,1606.3821,NA
9200,2,0,7,7,change,6,j,1,1633.4715,NA
9200,2,0,8,8,nochange,6,f,1,1253.9331,1
9200,2,0,9,9,nochange,6,f,1,1210.3556,NA
9200,2,0,10,10,nochange,6,f,1,1175.2785,NA
9200,2,0,11,11,nochange,6,f,1,874.0347,NA
9200,2,0,12,12,change,6,j,1,1232.0115,NA
9200,2,0,13,13,nochange,6,f,1,1056.8597,NA
9200,2,0,14,14,nochange,6,f,1,919.0252,NA
9200,2,0,15,15,nochange,6,j,0,1508.2423,NA
9200,2,0,16,16,change,6,j,1,4444.3171,1
9200,2,0,17,17,nochange,6,f,1,818.6149,NA
9200,2,0,18,18,nochange,6,f,1,1133.9984,NA
9200,2,0,19,19,nochange,6,f,1,1306.6905,NA
9200,2,0,20,20,nochange,6,f,1,1555.7985,NA
9200,2,0,21,21,nochange,6,j,0,1190.8064,NA
9200,2,0,22,22,change,6,j,1,1798.9207,NA
9200,2,0,23,23,change,6,j,1,1502.0346,NA
9200,2,0,24,24,nochange,6,f,1,1036.7614,1
9200,2,0,25,25,change,6,j,1,1415.7684,NA
9200,2,0,26,26,change,6,j,1,3413.1288,NA
9200,2,0,27,27,nochange,6,f,1,1357.602,NA
9200,2,0,28,28,change,6,f,0,1543.2256,NA
9200,2,0,29,29,change,6,j,1,1438.9902,NA
9200,2,0,30,30,nochange,6,f,1,1671.9891,NA
9200,2,0,31,31,change,6,f,0,2336.4715,NA
9200,2,0,32,32,change,6,j,1,1199.304,1
9200,2,0,33,33,nochange,6,j,0,945.8574,NA
9200,2,0,34,34,nochange,6,j,0,950.9162,NA
9200,2,0,35,35,nochange,6,f,1,1077.5432,NA
9200,2,0,36,36,change,6,j,1,757.3173,NA
9200,2,0,37,37,change,6,j,1,1278.124,NA
9200,2,0,38,38,change,6,j,1,1376.4943,NA
9200,2,0,39,39,change,6,j,1,1824.174,NA
9200,2,0,40,40,nochange,6,f,1,1390.6163,1
9200,2,0,41,41,change,6,f,0,1548.5832,NA
9200,2,0,42,42,change,6,j,1,1103.1387,NA
9200,2,0,43,43,nochange,6,f,1,2163.1812,NA
9200,2,0,44,44,change,6,f,0,1868.498,NA
9200,2,0,45,45,nochange,6,f,1,997.9662,NA
9200,2,0,46,46,nochange,6,f,1,1555.0142,NA
9200,2,0,47,47,nochange,6,f,1,2148.1339,NA
9200,2,0,48,48,change,6,j,1,656.3331,1
9200,2,0,49,49,nochange,6,f,1,1429.8788,NA
9200,2,0,50,50,change,6,j,1,3038.3141,NA
9200,2,0,51,51,nochange,6,j,0,977.4627,NA
9200,2,0,52,52,nochange,6,f,1,918.0901,NA
9200,2,0,53,53,change,6,f,0,2465.3017,NA
9200,2,0,54,54,change,6,j,1,798.7547,NA
9200,2,0,55,55,change,6,j,1,1250.6722,NA
9200,2,0,56,56,change,6,j,1,1351.4194,1
9200,2,0,57,57,nochange,6,f,1,1220.923,NA
9200,2,0,58,58,change,6,j,1,725.7769,NA
9200,2,0,59,59,change,6,j,1,2301.8237,NA
9200,2,0,60,60,nochange,6,f,1,906.554,NA
9201,2,practice,0,1,nochange,6,f,1,1462.1294,NA
9201,2,practice,0,2,change,6,j,1,1127.8837,NA
9201,2,practice,0,3,change,6,j,1,1302.7686,NA
9201,2,practice,0,4,nochange,6,f,1,2811.4251,NA
9201,2,practice,0,5,nochange,6,j,0,1231.1067,NA
9201,2,0,1,1,nochange,6,j,0,1710.8632,NA
9201,2,0,2,2,nochange,6,j,0,1443.0127,NA
9201,2,0,3,3,change,6,f,0,1254.0795,NA
9201,2,0,4,4,nochange,6,f,1,1084.0762,NA
9201,2,0,5,5,nochange,6,f,1,1185.6013,NA
9201,2,0,6,6,nochange,6,f,1,1358.9155,NA
9201,2,0,7,7,nochange,6,f,1,3641.9138,NA
9201,2,0,8,8,change,6,j,1,1171.3564,1
9201,2,0,9,9,change,6,j,1,1026.8945,NA
9201,2,0,10,10,nochange,6,f,1,1318.0742,NA
9201,2,0,11,11,change,6,j,1,1520.9311,NA
9201,2,0,12,12,change,6,j,1,1539.9176,NA
9201,2,0,13,13,nochange,6,j,0,1177.4635,NA
9201,2,0,14,14,nochange,6,f,1,1134.9328,NA
9201,2,0,15,15,nochange,6,f,1,954.6443,NA
9201,2,0,16,16,change,6,j,1,1233.2637,1
9201,2,0,17,17,change,6,j,1,1494.2654,NA
9201,2,0,18,18,change,6,j,1,1939.0048,NA
9201,2,0,19,19,nochange,6,f,1,1676.1523,NA
9201,2,0,20,20,change,6,j,1,1730.3093,NA
9201,2,0,21,21,nochange,6,f,1,1080.3446,NA
9201,2,0,22,22,nochange,6,f,1,1023.4651,NA
9201,2,0,23,23,nochange,6,f,1,1268.4046,NA
9201,2,0,24,24,nochange,6,f,1,855.3911,1
9201,2,0,25,25,change,6,f,0,1508.5546,NA
9201,2,0,26,26,change,6,j,1,1152.8617,NA
9201,2,0,27,27,change,6,j,1,1224.4212,NA
9201,2,0,28,28,change,6,j,1,1491.3546,NA
9201,2,0,29,29,nochange,6,f,1,1789.9682,NA
9201,2,0,30,30,change,6,j,1,811.676,NA
9201,2,0,31,31,change,6,j,1,1418.2561,NA
9201,2,0,32,32,nochange,6,f,1,837.8307,1
9201,2,0,33,33,change,6,j,1,966.7023,NA
9201,2,0,34,34,nochange,6,f,1,733.2908,NA
9201,2,0,35,35,nochange,6,f,1,1175.1002,NA
9201,2,0,36,36,nochange,6,f,1,779.0202,NA
9201,2,0,37,37,change,6,j,1,2550.429,NA
9201,2,0,38,38,change,6,j,1,1747.7239,NA
9201,2,0,39,39,nochange,6,j,0,1667.9622,NA
9201,2,0,40,40,change,6,j,1,1073.1324,1
9201,2,0,41,41,change,6,j,1,1172.1835,NA
9201,2,0,42,42,nochange,6,f,1,1001.9373,NA
9201,2,0,43,43,change,6,j,1,2035.0474,NA
9201,2,0,44,44,change,6,j,1,1340.7322,NA
9201,2,0,45,45,nochange,6,f,1,1299.949,NA
9201,2,0,46,46,nochange,6,f,1,817.98,NA
9201,2,0,47,47,change,6,f,0,2114.5865,NA
9201,2,0,48,48,nochange,6,f,1,950.8573,1
9201,2,0,49,49,change,6,f,0,1266.6298,NA
9201,2,0,50,50,change,6,j,1,954.7828,NA
9201,2,0,51,51,nochange,6,f,1,796.7788,NA
9201,2,0,52,52,change,6,j,1,1185.8898,NA
9201,2,0,53,53,nochange,6,f,1,1355.6169,NA
9201,2,0,54,54,change,6,j,1,1371.0181,NA
9201,2,0,55,55,change,6,j,1,1104.2751,NA
9201,2,0,56,56,change,6,j,1,2053.0774,1
9201,2,0,57,57,nochange,6,f,1,1451.4658,NA
9201,2,0,58,58,change,6,f,0,917.9407,NA
9201,2,0,59,59,nochange,6,f,1,1302.0446,NA
9201,2,0,60,60,nochange,6,f,1,975.3239,NA
9202,2,practice,0,1,nochange,6,f,1,3173.1151,NA
9202,2,practice,0,2,change,6,j,1,1072.0328,NA
9202,2,practice,0,3,change,6,j,1,1749.2554,NA
9202,2,practice,0,4,change,6,j,1,1345.7437,NA
9202,2,practice,0,5,change,6,j,1,1503.2152,NA
9202,2,0,1,1,change,6,j,1,1344.4252,NA
9202,2,0,2,2,nochange,6,f,1,1657.8764,NA
9202,2,0,3,3,nochange,6,f,1,1237.3469,NA
9202,2,0,4,4,nochange,6,f,1,1418.4355,NA
9202,2,0,5,5,change,6,j,1,886.6311,NA
9202,2,0,6,6,nochange,6,f,1,3096.8574,NA
9202,2,0,7,7,nochange,6,f,1,1296.7185,NA
9202,2,0,8,8,change,6,j,1,1658.7833,1
9202,2,0,9,9,nochange,6,f,1,1135.4096,NA
9202,2,0,10,10,change,6,j,1,1768.6611,NA
9202,2,0,11,11,nochange,6,j,0,1707.2043,NA
9202,2,0,12,12,change,6,j,1,1913.8052,NA
9202,2,0,13,13,nochange,6,f,1,1896.6596,NA
9202,2,0,14,14,nochange,6,j,0,1658.0723,NA
9202,2,0,15,15,change,6,f,0,1394.652,NA
9202,2,0,16,16,change,6,f,0,888.0855,1
9202,2,0,17,17,nochange,6,f,1,1215.3586,NA
9202,2,0,18,18,change,6,f,0,2291.3383,NA
9202,2,0,19,19,change,6,j,1,1313.7172,NA
9202,2,0,20,20,change,6,j,1,1433.0007,NA
9202,2,0,21,21,nochange,6,f,1,2013.968,NA
9202,2,0,22,22,change,6,j,1,1322.5203,NA
9202,2,0,23,23,change,6,j,1,2271.0373,NA
9202,2,0,24,24,nochange,6,f,1,1254.4449,1
9202,2,0,25,25,nochange,6,f,1,1361.5356,NA
9202,2,0,26,26,change,6,j,1,1285.2183,NA
9202,2,0,27,27,nochange,6,f,1,971.6044,NA
9202,2,0,28,28,change,6,j,1,2229.4629,NA
9202,2,0,29,29,nochange,6,f,1,1785.8043,NA
9202,2,0,30,30,nochange,6,f,1,1143.9083,NA
9202,2,0,31,31,change,6,j,1,1730.3977,NA
9202,2,0,32,32,change,6,j,1,1178.983,1
9202,2,0,33,33,nochange,6,f,1,972.121,NA
9202,2,0,34,34,nochange,6,f,1,935.1766,NA
9202,2,0,35,35,nochange,6,f,1,1398.1758,NA
9202,2,0,36,36,nochange,6,j,0,1304.1224,NA
9202,2,0,37,37,nochange,6,f,1,1009.6078,NA
9202,2,0,38,38,change,6,j,1,1264.2072,NA
9202,2,0,39,39,nochange,6,f,1,1144.7419,NA
9202,2,0,40,40,change,6,f,0,1032.6346,2
9202,2,0,41,41,nochange,6,f,1,1151.9381,NA
9202,2,0,42,42,change,6,j,1,1174.6288,NA
9202,2,0,43,43,nochange,6,f,1,1855.302,NA
9202,2,0,44,44,change,6,j,1,1565.257,NA
9202,2,0,45,45,change,6,f,0,1375.8653,NA
9202,2,0,46,46,change,6,j,1,1406.9129,NA
9202,2,0,47,47,nochange,6,f,1,1409.6666,NA
9202,2,0,48,48,change,6,j,1,1177.3734,1
9202,2,0,49,49,nochange,6,f,1,3883.6172,NA
9202,2,0,50,50,nochange,6,f,1,1591.459,NA
9202,2,0,51,51,change,6,j,1,1284.9238,NA
9202,2,0,52,52,change,6,j,1,1232.453,NA
9202,2,0,53,53,change,6,f,0,1183.8337,NA
9202,2,0,54,54,change,6,j,1,1779.3554,NA
9202,2,0,55,55,change,6,j,1,1886.6028,NA
9202,2,0,56,56,change,6,f,0,3172.8852,2
9202,2,0,57,57,change,6,f,0,2776.0293,NA
9202,2,0,58,58,nochange,6,f,1,1009.0425,NA
9202,2,0,59,59,nochange,6,f,1,941.9048,NA
9202,2,0,60,60,nochange,6,j,0,1957.4783,NA
9203,2,practice,0,1,nochange,6,f,1,1563.6891,NA
9203,2,practice,0,2,change,6,f,0,1072.516,NA
9203,2,practice,0,3,change,6,j,1,1121.8955,NA
9203,2,practice,0,4,nochange,6,f,1,1045.6262,NA
9203,2,practice,0,5,nochange,6,j,0,980.4801,NA
9203,2,0,1,1,nochange,6,f,1,10.1023,NA
9203,2,0,2,2,nochange,6,f,1,1087.4504,NA
9203,2,0,3,3,nochange,6,f,1,3.6504,NA
9203,2,0,4,4,change,6,j,1,2307.7856,NA
9203,2,0,5,5,nochange,6,f,1,2533.2691,NA
9203,2,0,6,6,nochange,6,j,0,2104.2852,NA
9203,2,0,7,7,nochange,6,j,0,4900.2611,NA
9203,2,0,8,8,change,6,f,0,1780.3639,3
9203,2,0,9,9,nochange,6,f,1,2219.9105,NA
9203,2,0,10,10,change,6,j,1,1703.0644,NA
9203,2,0,11,11,change,6,f,0,2984.8389,NA
9203,2,0,12,12,change,6,j,1,3261.5338,NA
9203,2,0,13,13,change,6,j,1,2248.6956,NA
9203,2,0,14,14,change,6,f,0,3186.5157,NA
9203,2,0,15,15,nochange,6,f,1,1891.7083,NA
9203,2,0,16,16,change,6,f,0,3965.7791,4
9203,2,0,17,17,nochange,6,j,0,2459.1346,NA
9203,2,0,18,18,change,6,j,1,2164.5633,NA
9203,2,0,19,19,change,6,j,1,2467.2802,NA
9203,2,0,20,20,nochange,6,f,1,2080.4642,NA
9203,2,0,21,21,change,6,f,0,2831.5712,NA
9203,2,0,22,22,change,6,f,0,2074.8815,NA
9203,2,0,23,23,change,6,j,1,2195.5502,NA
9203,2,0,24,24,nochange,6,f,1,2491.0884,3
9203,2,0,25,25,change,6,j,1,2427.9457,NA
9203,2,0,26,26,nochange,6,f,1,3157.4594,NA
9203,2,0,27,27,nochange,6,j,0,3231.571,NA
9203,2,0,28,28,nochange,6,f,1,2068.301,NA
9203,2,0,29,29,change,6,j,1,1488.6292,NA
9203,2,0,30,30,nochange,6,j,0,2414.3002,NA
9203,2,0,31,31,change,6,j,1,3087.329,NA
9203,2,0,32,32,nochange,6,f,1,2002.2163,3
9203,2,0,33,33,change,6,j,1,2765.3919,NA
9203,2,0,34,34,change,6,j,1,3359.1927,NA
9203,2,0,35,35,change,6,f,0,5685.6431,NA
9203,2,0,36,36,change,6,j,1,2345.4799,NA
9203,2,0,37,37,nochange,6,f,1,6652.2325,NA
9203,2,0,38,38,change,6,f,0,2531.9658,NA
9203,2,0,39,39,change,6,f,0,10959.1541,NA
9203,2,0,40,40,nochange,6,j,0,2966.5895,3
9203,2,0,41,41,nochange,6,f,1,3214.6472,NA
9203,2,0,42,42,nochange,6,j,0,5085.0592,NA
9203,2,0,43,43,change,6,j,1,3829.7266,NA
9203,2,0,44,44,change,6,j,1,2625.5937,NA
9203,2,0,45,45,nochange,6,f,1,2098.9329,NA
9203,2,0,46,46,nochange,6,f,1,5767.3421,NA
9203,2,0,47,47,nochange,6,j,0,1668.6522,NA
9203,2,0,48,48,nochange,6,f,1,2142.118,3
9203,2,0,49,49,nochange,6,j,0,5591.9439,NA
9203,2,0,50,50,change,6,j,1,1514.7319,NA
9203,2,0,51,51,nochange,6,f,1,2210.1682,NA
9203,2,0,52,52,change,6,j,1,2329.966,NA
9203,2,0,53,53,change,6,j,1,5929.4597,NA
9203,2,0,54,54,change,6,j,1,7847.5134,NA
9203,2,0,55,55,change,6,j,1,5.05879999988,NA
9203,2,0,56,56,nochange,6,f,1,3280.7578,1
9203,2,0,57,57,nochange,6,f,1,3145.3728,NA
9203,2,0,58,58,nochange,6,f,1,1728.7642,NA
9203,2,0,59,59,change,6,j,1,12919.5186,NA
9203,2,0,60,60,nochange,6,j,0,7383.7406,NA
9204,2,practice,0,1,change,6,f,0,1648.4316,NA
9204,2,practice,0,2,change,6,f,0,2206.413,NA
9204,2,practice,0,3,change,6,j,1,965.3291,NA
9204,2,practice,0,4,nochange,6,f,1,1374.8221,NA
9204,2,practice,0,5,nochange,6,f,1,1751.2659,NA
9204,2,0,1,1,change,6,j,1,1273.5451,NA
9204,2,0,2,2,nochange,6,f,1,1059.7465,NA
9204,2,0,3,3,nochange,6,f,1,1167.4079,NA
9204,2,0,4,4,nochange,6,f,1,1072.7596,NA
9204,2,0,5,5,change,6,j,1,982.6338,NA
9204,2,0,6,6,change,6,j,1,1115.0715,NA
9204,2,0,7,7,change,6,f,0,2933.7299,NA
9204,2,0,8,8,change,6,j,1,1097.8867,1
9204,2,0,9,9,change,6,j,1,1357.3725,NA
9204,2,0,10,10,change,6,j,1,1307.9554,NA
9204,2,0,11,11,nochange,6,f,1,1112.7156,NA
9204,2,0,12,12,nochange,6,f,1,1044.7811,NA
9204,2,0,13,13,change,6,j,1,1624.7764,NA
9204,2,0,14,14,nochange,6,f,1,1217.3044,NA
9204,2,0,15,15,change,6,f,0,1329.681,NA
9204,2,0,16,16,nochange,6,f,1,1511.6033,4
9204,2,0,17,17,change,6,j,1,1952.9938,NA
9204,2,0,18,18,nochange,6,f,1,1135.5297,NA
9204,2,0,19,19,change,6,j,1,1201.3033,NA
9204,2,0,20,20,nochange,6,f,1,1759.1059,NA
9204,2,0,21,21,change,6,j,1,1627.39,NA
9204,2,0,22,22,change,6,j,1,3468.4259,NA
9204,2,0,23,23,change,6,j,1,6603.6064,NA
9204,2,0,24,24,change,6,j,1,1342.6531,1
9204,2,0,25,25,change,6,j,1,1652.2865,NA
9204,2,0,26,26,change,6,f,0,2000.0787,NA
9204,2,0,27,27,change,6,j,1,1470.5362,NA
9204,2,0,28,28,nochange,6,f,1,1215.7241,NA
9204,2,0,29,29,change,6,f,0,1472.9593,NA
9204,2,0,30,30,nochange,6,f,1,1025.5299,NA
9204,2,0,31,31,change,6,j,1,1265.7256,NA
9204,2,0,32,32,nochange,6,f,1,1090.5011,1
9204,2,0,33,33,change,6,j,1,1621.7158,NA
9204,2,0,34,34,nochange,6,j,0,2141.5272,NA
9204,2,0,35,35,nochange,6,f,1,1309.8984,NA
9204,2,0,36,36,change,6,f,0,3708.5643,NA
9204,2,0,37,37,change,6,j,1,1787.6272,NA
9204,2,0,38,38,change,6,j,1,1319.1271,NA
9204,2,0,39,39,change,6,f,0,3475.9069,NA
9204,2,0,40,40,nochange,6,f,1,1187.1717,3
9204,2,0,41,41,nochange,6,f,1,1780.5546,NA
9204,2,0,42,42,nochange,6,f,1,1206.9009,NA
9204,2,0,43,43,nochange,6,f,1,3684.0305,NA
9204,2,0,44,44,nochange,6,f,1,2047.1838,NA
9204,2,0,45,45,nochange,6,f,1,1007.8099,NA
9204,2,0,46,46,nochange,6,f,1,1241.513,NA
9204,2,0,47,47,change,6,j,1,1312.5148,NA
9204,2,0,48,48,nochange,6,f,1,1279.9486,1
9204,2,0,49,49,nochange,6,f,1,1153.5216,NA
9204,2,0,50,50,nochange,6,f,1,1015.5809,NA
9204,2,0,51,51,nochange,6,f,1,1831.9007,NA
9204,2,0,52,52,change,6,j,1,1406.8084,NA
9204,2,0,53,53,nochange,6,f,1,1600.5194,NA
9204,2,0,54,54,nochange,6,f,1,968.0306,NA
9204,2,0,55,55,nochange,6,f,1,2514.3055,NA
9204,2,0,56,56,change,6,j,1,1182.3664,1
9204,2,0,57,57,nochange,6,f,1,1063.9121,NA
9204,2,0,58,58,nochange,6,f,1,1175.0536,NA
9204,2,0,59,59,change,6,j,1,1483.1436,NA
9204,2,0,60,60,change,6,j,1,1931.0256,NA
9205,2,practice,0,1,nochange,6,f,1,3281.4415,NA
9205,2,practice,0,2,change,6,j,1,1248.4296,NA
9205,2,practice,0,3,change,6,j,1,1308.1874,NA
9205,2,practice,0,4,change,6,j,1,2357.5914,NA
9205,2,practice,0,5,nochange,6,j,0,2655.5852,NA
9205,2,0,1,1,nochange,6,f,1,1848.1951,NA
9205,2,0,2,2,change,6,f,0,2486.4461,NA
9205,2,0,3,3,change,6,j,1,1523.5064,NA
9205,2,0,4,4,change,6,f,0,2298.0858,NA
9205,2,0,5,5,nochange,6,f,1,1309.3894,NA
9205,2,0,6,6,nochange,6,f,1,2788.4334,NA
9205,2,0,7,7,change,6,j,1,2418.367,NA
9205,2,0,8,8,change,6,j,1,1347.6165,1
9205,2,0,9,9,nochange,6,f,1,1205.1481,NA
9205,2,0,10,10,change,6,f,0,7759.0944,NA
9205,2,0,11,11,nochange,6,f,1,1078.3603,NA
9205,2,0,12,12,nochange,6,f,1,1221.8211,NA
9205,2,0,13,13,change,6,f,0,3219,NA
9205,2,0,14,14,change,6,j,1,2108.9085,NA
9205,2,0,15,15,change,6,j,1,2631.3665,NA
9205,2,0,16,16,nochange,6,f,1,1055.5632,1
9205,2,0,17,17,change,6,f,0,13266.3902,NA
9205,2,0,18,18,change,6,f,0,1591.8162,NA
9205,2,0,19,19,change,6,j,1,1073.3838,NA
9205,2,0,20,20,nochange,6,j,0,2166.4147,NA
9205,2,0,21,21,change,6,f,0,5262.1635,NA
9205,2,0,22,22,nochange,6,f,1,919.3601,NA
9205,2,0,23,23,nochange,6,f,1,1149.0054,NA
9205,2,0,24,24,nochange,6,f,1,707.1662,1
9205,2,0,25,25,nochange,6,f,1,1368.9769,NA
9205,2,0,26,26,nochange,6,f,1,741.2714,NA
9205,2,0,27,27,change,6,f,0,4001.6546,NA
9205,2,0,28,28,nochange,6,f,1,2532.019,NA
9205,2,0,29,29,nochange,6,f,1,1539.9833,NA
9205,2,0,30,30,nochange,6,j,0,3576.4201,NA
9205,2,0,31,31,change,6,j,1,1979.4976,NA
9205,2,0,32,32,change,6,j,1,1154.3447,1
9205,2,0,33,33,nochange,6,f,1,1053.0792,NA
9205,2,0,34,34,nochange,6,f,1,1120.7122,NA
9205,2,0,35,35,change,6,f,0,1825.1377,NA
9205,2,0,36,36,change,6,f,0,4326.9953,NA
9205,2,0,37,37,change,6,f,0,1841.785,NA
9205,2,0,38,38,change,6,f,0,1700.8489,NA
9205,2,0,39,39,change,6,f,0,1077.8592,NA
9205,2,0,40,40,change,6,j,1,1013.7343,1
9205,2,0,41,41,nochange,6,f,1,1083.1839,NA
9205,2,0,42,42,change,6,f,0,2453.4013,NA
9205,2,0,43,43,change,6,j,1,1088.8519,NA
9205,2,0,44,44,nochange,6,f,1,964.0639,NA
9205,2,0,45,45,change,6,j,1,1618.6587,NA
9205,2,0,46,46,nochange,6,f,1,3333.879,NA
9205,2,0,47,47,nochange,6,f,1,2931.0942,NA
9205,2,0,48,48,nochange,6,f,1,753.303,1
9205,2,0,49,49,nochange,6,f,1,815.7957,NA
9205,2,0,50,50,change,6,j,1,1702.556,NA
9205,2,0,51,51,change,6,j,1,4224.4301,NA
9205,2,0,52,52,change,6,f,0,2337.6772,NA
9205,2,0,53,53,change,6,j,1,1574.1426,NA
9205,2,0,54,54,change,6,j,1,1529.3695,NA
9205,2,0,55,55,nochange,6,f,1,2201.4694,NA
9205,2,0,56,56,nochange,6,f,1,1301.5387,1
9205,2,0,57,57,nochange,6,f,1,777.4432,NA
9205,2,0,58,58,nochange,6,f,1,832.4733,NA
9205,2,0,59,59,nochange,6,f,1,1320.8317,NA
9205,2,0,60,60,nochange,6,j,0,9904.4339,NA
9206,2,practice,0,1,nochange,6,f,1,2604.9423,NA
9206,2,practice,0,2,change,6,f,0,1070.0044,NA
9206,2,practice,0,3,nochange,6,f,1,0.679000000011,NA
9206,2,practice,0,4,change,6,j,1,1.8584,NA
9206,2,practice,0,5,change,6,f,0,0.900599999994,NA
9206,2,0,1,1,nochange,6,f,1,8.70640000001,NA
9206,2,0,2,2,change,6,f,0,18.3437,NA
9206,2,0,3,3,change,6,j,1,7.00880000001,NA
9206,2,0,4,4,nochange,6,f,1,7.84819999999,NA
9206,2,0,5,5,change,6,j,1,12.8379,NA
9206,2,0,6,6,nochange,6,f,1,7.44929999999,NA
9206,2,0,7,7,nochange,6,j,0,1258.8742,NA
9206,2,0,8,8,change,6,f,0,4635.2965,2
9206,2,0,9,9,change,6,f,0,736.5996,NA
9206,2,0,10,10,change,6,j,1,1219.3315,NA
9206,2,0,11,11,change,6,f,0,602.5392,NA
9206,2,0,12,12,change,6,j,1,4.26869999999,NA
9206,2,0,13,13,nochange,6,j,0,4.58980000002,NA
9206,2,0,14,14,change,6,f,0,3.33329999997,NA
9206,2,0,15,15,nochange,6,f,1,6.13070000001,NA
9206,2,0,16,16,change,6,f,0,3.9871,3
9206,2,0,17,17,nochange,6,f,1,5.49959999998,NA
9206,2,0,18,18,nochange,6,f,1,19.0427,NA
9206,2,0,19,19,nochange,6,j,0,6.87619999997,NA
9206,2,0,20,20,nochange,6,f,1,9.4846,NA
9206,2,0,21,21,nochange,6,j,0,6.39039999997,NA
9206,2,0,22,22,nochange,6,f,1,2.34330000001,NA
9206,2,0,23,23,change,6,f,0,6.29719999997,NA
9206,2,0,24,24,change,6,f,0,20.7716,2
9206,2,0,25,25,change,6,j,1,5.94659999997,NA
9206,2,0,26,26,change,6,j,1,7.2769,NA
9206,2,0,27,27,nochange,6,j,0,12.7679,NA
9206,2,0,28,28,nochange,6,j,0,4.25709999999,NA
9206,2,0,29,29,nochange,6,f,1,6.70390000002,NA
9206,2,0,30,30,change,6,f,0,3.89279999997,NA
9206,2,0,31,31,change,6,f,0,5.24220000004,NA
9206,2,0,32,32,nochange,6,f,1,15.6241,3
9206,2,0,33,33,change,6,j,1,13.5051,NA
9206,2,0,34,34,nochange,6,f,1,4.16429999995,NA
9206,2,0,35,35,change,6,f,0,6.87630000006,NA
9206,2,0,36,36,nochange,6,f,1,4.67559999996,NA
9206,2,0,37,37,change,6,j,1,8.16930000001,NA
9206,2,0,38,38,change,6,j,1,4.74489999999,NA
9206,2,0,39,39,nochange,6,j,0,5.20130000002,NA
9206,2,0,40,40,nochange,6,f,1,15.4023,3
9206,2,0,41,41,nochange,6,f,1,4.82400000002,NA
9206,2,0,42,42,change,6,j,1,7.83120000002,NA
9206,2,0,43,43,nochange,6,f,1,9.90519999998,NA
9206,2,0,44,44,change,6,f,0,8.94590000005,NA
9206,2,0,45,45,nochange,6,j,0,5.93459999998,NA
9206,2,0,46,46,change,6,f,0,4.29670000001,NA
9206,2,0,47,47,change,6,f,0,15.2891999999,NA
9206,2,0,48,48,change,6,f,0,6.98809999996,3
9206,2,0,49,49,nochange,6,f,1,5.98809999996,NA
9206,2,0,50,50,change,6,f,0,5.31860000006,NA
9206,2,0,51,51,nochange,6,f,1,6.90800000005,NA
9206,2,0,52,52,nochange,6,j,0,9.19139999995,NA
9206,2,0,53,53,change,6,f,0,8.59729999996,NA
9206,2,0,54,54,nochange,6,f,1,15.0513,NA
9206,2,0,55,55,change,6,f,0,7.40310000005,NA
9206,2,0,56,56,nochange,6,f,1,15.2537,2
9206,2,0,57,57,change,6,f,0,7.04869999998,NA
9206,2,0,58,58,nochange,6,f,1,11.4819,NA
9206,2,0,59,59,nochange,6,j,0,7.72260000004,NA
9206,2,0,60,60,change,6,f,0,9.45199999999,NA
9207,2,practice,0,1,change,6,j,1,2757.4335,NA
9207,2,practice,0,2,nochange,6,f,1,1277.7596,NA
9207,2,practice,0,3,nochange,6,f,1,970.6559,NA
9207,2,practice,0,4,change,6,j,1,1110.1019,NA
9207,2,practice,0,5,change,6,j,1,1027.5277,NA
9207,2,0,1,1,nochange,6,f,1,1140.4443,NA
9207,2,0,2,2,change,6,j,1,1081.5736,NA
9207,2,0,3,3,nochange,6,f,1,2230.0812,NA
9207,2,0,4,4,nochange,6,f,1,2186.5068,NA
9207,2,0,5,5,nochange,6,j,0,1222.1471,NA
9207,2,0,6,6,nochange,6,f,1,1467.5266,NA
9207,2,0,7,7,change,6,j,1,1108.7316,NA
9207,2,0,8,8,nochange,6,f,1,2932.4714,1
9207,2,0,9,9,change,6,j,1,3224.5619,NA
9207,2,0,10,10,nochange,6,j,0,2037.6908,NA
9207,2,0,11,11,nochange,6,f,1,1322.8999,NA
9207,2,0,12,12,change,6,f,0,949.9274,NA
9207,2,0,13,13,change,6,f,0,1305.0983,NA
9207,2,0,14,14,change,6,j,1,1015.9383,NA
9207,2,0,15,15,change,6,f,0,3362.5403,NA
9207,2,0,16,16,change,6,j,1,1197.1619,4
9207,2,0,17,17,nochange,6,f,1,1160.4856,NA
9207,2,0,18,18,change,6,j,1,1748.5006,NA
9207,2,0,19,19,nochange,6,f,1,1022.8119,NA
9207,2,0,20,20,change,6,j,1,1807.4769,NA
9207,2,0,21,21,nochange,6,f,1,1365.5833,NA
9207,2,0,22,22,change,6,f,0,5994.285,NA
9207,2,0,23,23,nochange,6,f,1,1433.7447,NA
9207,2,0,24,24,change,6,j,1,3339.2112,2
9207,2,0,25,25,nochange,6,f,1,1095.7629,NA
9207,2,0,26,26,nochange,6,f,1,1260.7573,NA
9207,2,0,27,27,nochange,6,f,1,967.0413,NA
9207,2,0,28,28,nochange,6,f,1,1797.9056,NA
9207,2,0,29,29,change,6,j,1,1980.9593,NA
9207,2,0,30,30,change,6,j,1,2724.8717,NA
9207,2,0,31,31,change,6,j,1,1504.9965,NA
9207,2,0,32,32,change,6,j,1,1085.5686,2
9207,2,0,33,33,change,6,j,1,5146.8584,NA
9207,2,0,34,34,change,6,j,1,971.4415,NA
9207,2,0,35,35,change,6,j,1,1092.7531,NA
9207,2,0,36,36,change,6,j,1,4716.925,NA
9207,2,0,37,37,nochange,6,f,1,1917.7469,NA
9207,2,0,38,38,change,6,f,0,1291.0885,NA
9207,2,0,39,39,nochange,6,f,1,4228.4954,NA
9207,2,0,40,40,nochange,6,f,1,1232.8455,1
9207,2,0,41,41,change,6,j,1,1171.9813,NA
9207,2,0,42,42,nochange,6,f,1,1303.2519,NA
9207,2,0,43,43,change,6,j,1,3681.9097,NA
9207,2,0,44,44,nochange,6,f,1,955.6174,NA
9207,2,0,45,45,change,6,j,1,1858.6706,NA
9207,2,0,46,46,nochange,6,f,1,1161.7923,NA
9207,2,0,47,47,nochange,6,f,1,758.5368,NA
9207,2,0,48,48,change,6,j,1,901.7113,2
9207,2,0,49,49,change,6,f,0,1760.2506,NA
9207,2,0,50,50,nochange,6,j,0,3003.2694,NA
9207,2,0,51,51,change,6,j,1,923.3525,NA
9207,2,0,52,52,change,6,f,0,1473.5313,NA
9207,2,0,53,53,nochange,6,f,1,904.9729,NA
9207,2,0,54,54,nochange,6,f,1,1081.8572,NA
9207,2,0,55,55,change,6,j,1,1035.5226,NA
9207,2,0,56,56,nochange,6,f,1,795.0737,4
9207,2,0,57,57,nochange,6,f,1,736.1282,NA
9207,2,0,58,58,nochange,6,f,1,780.2193,NA
9207,2,0,59,59,nochange,6,f,1,735.5196,NA
9207,2,0,60,60,change,6,f,0,1381.983,NA
9209,2,practice,0,1,nochange,6,j,0,1528.5276,NA
9209,2,practice,0,2,change,6,j,1,1894.5027,NA
9209,2,practice,0,3,nochange,6,f,1,980.1426,NA
9209,2,practice,0,4,change,6,f,0,1236.5823,NA
9209,2,practice,0,5,change,6,j,1,1382.2692,NA
9209,2,0,1,1,change,6,j,1,795.4717,NA
9209,2,0,2,2,change,6,f,0,1062.9828,NA
9209,2,0,3,3,nochange,6,f,1,1258.9259,NA
9209,2,0,4,4,nochange,6,f,1,1488.3654,NA
9209,2,0,5,5,change,6,j,1,1994.7264,NA
9209,2,0,6,6,change,6,j,1,1820.5048,NA
9209,2,0,7,7,change,6,j,1,1739.8213,NA
9209,2,0,8,8,nochange,6,f,1,966.7951,1
9209,2,0,9,9,nochange,6,j,0,3371.7373,NA
9209,2,0,10,10,nochange,6,f,1,1556.414,NA
9209,2,0,11,11,nochange,6,f,1,1674.9112,NA
9209,2,0,12,12,nochange,6,j,0,2614.4041,NA
9209,2,0,13,13,nochange,6,f,1,1142.5077000000001,NA
9209,2,0,14,14,nochange,6,f,1,787.0305,NA
9209,2,0,15,15,change,6,j,1,2129.2248,NA
9209,2,0,16,16,nochange,6,f,1,1311.0883,1
9209,2,0,17,17,change,6,j,1,1795.8156,NA
9209,2,0,18,18,nochange,6,j,0,1249.138,NA
9209,2,0,19,19,nochange,6,f,1,1450.2446,NA
9209,2,0,20,20,nochange,6,f,1,1166.178,NA
9209,2,0,21,21,change,6,f,0,1066.0155,NA
9209,2,0,22,22,change,6,f,0,1279.6024,NA
9209,2,0,23,23,nochange,6,j,0,1606.3099,NA
9209,2,0,24,24,change,6,j,1,1181.465,1
9209,2,0,25,25,nochange,6,j,0,1391.0689,NA
9209,2,0,26,26,change,6,j,1,980.1614,NA
9209,2,0,27,27,nochange,6,f,1,2578.487,NA
9209,2,0,28,28,change,6,f,0,731.2288,NA
9209,2,0,29,29,change,6,j,1,1397.5786,NA
9209,2,0,30,30,nochange,6,j,0,872.2626,NA
9209,2,0,31,31,change,6,j,1,842.0576,NA
9209,2,0,32,32,change,6,j,1,1243.9133,1
9209,2,0,33,33,nochange,6,j,0,875.2876,NA
9209,2,0,34,34,nochange,6,j,0,1455.3715,NA
9209,2,0,35,35,nochange,6,f,1,1558.5016,NA
9209,2,0,36,36,change,6,j,1,1366.6523,NA
9209,2,0,37,37,change,6,j,1,726.919,NA
9209,2,0,38,38,nochange,6,f,1,1207.1311,NA
9209,2,0,39,39,change,6,j,1,906.5893,NA
9209,2,0,40,40,nochange,6,j,0,1649.3164,1
9209,2,0,41,41,change,6,j,1,1123.3579,NA
9209,2,0,42,42,change,6,f,0,2905.1477,NA
9209,2,0,43,43,change,6,j,1,864.9264,NA
9209,2,0,44,44,change,6,f,0,2768.6986,NA
9209,2,0,45,45,change,6,j,1,713.4042,NA
9209,2,0,46,46,change,6,j,1,865.7058,NA
9209,2,0,47,47,change,6,f,0,3.07010000001,NA
9209,2,0,48,48,change,6,j,1,3542.1143,1
9209,2,0,49,49,change,6,f,0,2.99689999997,NA
9209,2,0,50,50,nochange,6,f,1,593.013,NA
9209,2,0,51,51,change,6,f,0,2.62439999997,NA
9209,2,0,52,52,nochange,6,j,0,791.3707,NA
9209,2,0,53,53,nochange,6,f,1,1698.7846,NA
9209,2,0,54,54,change,6,j,1,2.39429999999,NA
9209,2,0,55,55,nochange,6,j,0,534.5455,NA
9209,2,0,56,56,change,6,j,1,380.2235,3
9209,2,0,57,57,nochange,6,f,1,1192.4916,NA
9209,2,0,58,58,nochange,6,j,0,407.4227,NA
9209,2,0,59,59,nochange,6,f,1,3.35459999996,NA
9209,2,0,60,60,nochange,6,f,1,3.48889999988,NA
9210,2,practice,0,1,nochange,6,f,1,772.4173,NA
9210,2,practice,0,2,nochange,6,f,1,912.9486,NA
9210,2,practice,0,3,nochange,6,f,1,562.7024,NA
9210,2,practice,0,4,change,6,f,0,868.1369,NA
9210,2,practice,0,5,change,6,j,1,866.5969,NA
9210,2,0,1,1,nochange,6,f,1,741.5953,NA
9210,2,0,2,2,change,6,j,1,2152.3007,NA
9210,2,0,3,3,nochange,6,f,1,642.2326,NA
9210,2,0,4,4,nochange,6,f,1,1210.2798,NA
9210,2,0,5,5,nochange,6,f,1,1379.1336,NA
9210,2,0,6,6,nochange,6,f,1,964.9874,NA
9210,2,0,7,7,change,6,j,1,1971.5618,NA
9210,2,0,8,8,change,6,j,1,1275.584,1
9210,2,0,9,9,change,6,j,1,2081.2469,NA
9210,2,0,10,10,nochange,6,f,1,1438.4675,NA
9210,2,0,11,11,change,6,j,1,1964.5331,NA
9210,2,0,12,12,change,6,j,1,2210.5727,NA
9210,2,0,13,13,change,6,j,1,1104.1781,NA
9210,2,0,14,14,change,6,j,1,1101.6267,NA
9210,2,0,15,15,nochange,6,f,1,1036.911,NA
9210,2,0,16,16,change,6,f,0,3439.3133,1
9210,2,0,17,17,nochange,6,f,1,657.0853,NA
9210,2,0,18,18,nochange,6,f,1,1073.25,NA
9210,2,0,19,19,nochange,6,f,1,1296.7039,NA
9210,2,0,20,20,nochange,6,f,1,854.9988,NA
9210,2,0,21,21,change,6,j,1,1145.3676,NA
9210,2,0,22,22,change,6,j,1,2804.0044,NA
9210,2,0,23,23,nochange,6,j,0,1377.6317,NA
9210,2,0,24,24,nochange,6,f,1,1893.2025,1
9210,2,0,25,25,nochange,6,f,1,663.5289,NA
9210,2,0,26,26,nochange,6,f,1,1308.1646,NA
9210,2,0,27,27,change,6,j,1,1149.474,NA
9210,2,0,28,28,change,6,j,1,1511.6381,NA
9210,2,0,29,29,nochange,6,f,1,780.108,NA
9210,2,0,30,30,change,6,j,1,1894.0474,NA
9210,2,0,31,31,change,6,f,0,1175.2137,NA
9210,2,0,32,32,change,6,f,0,754.0774,1
9210,2,0,33,33,nochange,6,f,1,690.4688,NA
9210,2,0,34,34,change,6,j,1,927.4757,NA
9210,2,0,35,35,nochange,6,f,1,986.3045,NA
9210,2,0,36,36,nochange,6,j,0,1110.4328,NA
9210,2,0,37,37,nochange,6,f,1,968.1714,NA
9210,2,0,38,38,nochange,6,j,0,1151.1515,NA
9210,2,0,39,39,change,6,f,0,950.3614,NA
9210,2,0,40,40,nochange,6,j,0,1107.3603,5
9210,2,0,41,41,change,6,j,1,524.9089,NA
9210,2,0,42,42,change,6,j,1,1404.8134,NA
9210,2,0,43,43,change,6,j,1,804.0246,NA
9210,2,0,44,44,change,6,j,1,1140.0941,NA
9210,2,0,45,45,change,6,f,0,664.3483,NA
9210,2,0,46,46,nochange,6,f,1,875.255,NA
9210,2,0,47,47,change,6,j,1,784.9209,NA
9210,2,0,48,48,change,6,j,1,693.8074,2
9210,2,0,49,49,nochange,6,f,1,899.0928,NA
9210,2,0,50,50,nochange,6,f,1,534.7651,NA
9210,2,0,51,51,nochange,6,f,1,1850.2205,NA
9210,2,0,52,52,change,6,f,0,683.695,NA
9210,2,0,53,53,nochange,6,f,1,1053.4454,NA
9210,2,0,54,54,change,6,j,1,1008.2477,NA
9210,2,0,55,55,change,6,j,1,809.6316,NA
9210,2,0,56,56,nochange,6,f,1,711.2221,1
9210,2,0,57,57,nochange,6,f,1,911.5591,NA
9210,2,0,58,58,nochange,6,f,1,1522.7411,NA
9210,2,0,59,59,change,6,j,1,800.438,NA
9210,2,0,60,60,change,6,j,1,1183.6172,NA
9211,2,practice,0,1,change,6,j,1,2265.6264,NA
9211,2,practice,0,2,nochange,6,f,1,1303.7169,NA
9211,2,practice,0,3,nochange,6,f,1,1192.4246,NA
9211,2,practice,0,4,change,6,j,1,1482.3246,NA
9211,2,practice,0,5,nochange,6,f,1,909.0244,NA
9211,2,0,1,1,nochange,6,f,1,1785.795,NA
9211,2,0,2,2,nochange,6,f,1,922.2634,NA
9211,2,0,3,3,nochange,6,f,1,977.3306,NA
9211,2,0,4,4,nochange,6,f,1,1364.2938,NA
9211,2,0,5,5,change,6,j,1,1192.0065,NA
9211,2,0,6,6,nochange,6,f,1,909.5894,NA
9211,2,0,7,7,nochange,6,f,1,1156.5413,NA
9211,2,0,8,8,nochange,6,f,1,873.7907,1
9211,2,0,9,9,nochange,6,f,1,1276.2121,NA
9211,2,0,10,10,change,6,f,0,1469.5925,NA
9211,2,0,11,11,change,6,f,0,1072.446,NA
9211,2,0,12,12,change,6,j,1,1580.2999,NA
9211,2,0,13,13,nochange,6,f,1,1699.2873,NA
9211,2,0,14,14,change,6,j,1,1196.6672,NA
9211,2,0,15,15,change,6,f,0,1001.2986,NA
9211,2,0,16,16,nochange,6,f,1,1586.6783,1
9211,2,0,17,17,change,6,f,0,2004.5089,NA
9211,2,0,18,18,nochange,6,f,1,1083.5559,NA
9211,2,0,19,19,nochange,6,f,1,952.9001,NA
9211,2,0,20,20,change,6,j,1,969.9535,NA
9211,2,0,21,21,nochange,6,j,0,1237.703,NA
9211,2,0,22,22,nochange,6,j,0,988.8438,NA
9211,2,0,23,23,change,6,j,1,1134.626,NA
9211,2,0,24,24,change,6,j,1,1242.218,1
9211,2,0,25,25,change,6,j,1,1993.2936,NA
9211,2,0,26,26,change,6,j,1,1083.2687,NA
9211,2,0,27,27,nochange,6,f,1,1035.5261,NA
9211,2,0,28,28,nochange,6,f,1,890.2987,NA
9211,2,0,29,29,nochange,6,f,1,2629.7769,NA
9211,2,0,30,30,change,6,j,1,1468.4337,NA
9211,2,0,31,31,change,6,j,1,1038.9356,NA
9211,2,0,32,32,nochange,6,f,1,1348.4317,1
9211,2,0,33,33,change,6,j,1,1354.1985,NA
9211,2,0,34,34,change,6,j,1,1024.2071,NA
9211,2,0,35,35,change,6,j,1,1606.9372,NA
9211,2,0,36,36,change,6,j,1,1539.5866,NA
9211,2,0,37,37,change,6,j,1,1349.59,NA
9211,2,0,38,38,nochange,6,j,0,1380.2136,NA
9211,2,0,39,39,change,6,j,1,4966.3587,NA
9211,2,0,40,40,change,6,j,1,3527.4274,1
9211,2,0,41,41,nochange,6,f,1,1264.8267,NA
9211,2,0,42,42,change,6,j,1,971.0005,NA
9211,2,0,43,43,change,6,j,1,1335.6074,NA
9211,2,0,44,44,nochange,6,f,1,1511.5863,NA
9211,2,0,45,45,nochange,6,f,1,1319.3527,NA
9211,2,0,46,46,nochange,6,f,1,991.6709,NA
9211,2,0,47,47,nochange,6,f,1,1485.3397,NA
9211,2,0,48,48,nochange,6,f,1,1465.5379,1
9211,2,0,49,49,nochange,6,f,1,1417.3361,NA
9211,2,0,50,50,change,6,j,1,1135.3558,NA
9211,2,0,51,51,nochange,6,f,1,986.5706,NA
9211,2,0,52,52,change,6,f,0,1031.3793,NA
9211,2,0,53,53,nochange,6,f,1,859.9513,NA
9211,2,0,54,54,change,6,j,1,815.497,NA
9211,2,0,55,55,nochange,6,f,1,875.193,NA
9211,2,0,56,56,nochange,6,f,1,1103.6794,1
9211,2,0,57,57,change,6,f,0,1993.2588,NA
9211,2,0,58,58,change,6,f,0,1179.804,NA
9211,2,0,59,59,change,6,f,0,1172.5122,NA
9211,2,0,60,60,change,6,f,0,1948.7865,NA
9212,2,practice,0,1,nochange,6,f,1,1052.2002,NA
9212,2,practice,0,2,change,6,j,1,509.0572,NA
9212,2,practice,0,3,nochange,6,f,1,1293.2839,NA
9212,2,practice,0,4,change,6,j,1,905.2207,NA
9212,2,practice,0,5,nochange,6,f,1,1106.765,NA
9212,2,0,1,1,nochange,6,f,1,862.2488,NA
9212,2,0,2,2,change,6,f,0,1216.1239,NA
9212,2,0,3,3,change,6,j,1,680.7229,NA
9212,2,0,4,4,nochange,6,f,1,747.7371,NA
9212,2,0,5,5,nochange,6,f,1,644.5002,NA
9212,2,0,6,6,change,6,f,0,1072.1212,NA
9212,2,0,7,7,change,6,j,1,673.5469,NA
9212,2,0,8,8,change,6,j,1,3456.5069,1
9212,2,0,9,9,nochange,6,j,0,1071.8715,NA
9212,2,0,10,10,change,6,j,1,1268.5036,NA
9212,2,0,11,11,nochange,6,f,1,1015.5834,NA
9212,2,0,12,12,nochange,6,f,1,1327.1478,NA
9212,2,0,13,13,nochange,6,f,1,770.2445,NA
9212,2,0,14,14,change,6,j,1,763.2274,NA
9212,2,0,15,15,nochange,6,j,0,911.2795,NA
9212,2,0,16,16,nochange,6,j,0,1983.0539,2
9212,2,0,17,17,change,6,j,1,944.2494,NA
9212,2,0,18,18,change,6,j,1,832.2013,NA
9212,2,0,19,19,change,6,j,1,851.1806,NA
9212,2,0,20,20,nochange,6,f,1,914.2691,NA
9212,2,0,21,21,nochange,6,f,1,697.1465,NA
9212,2,0,22,22,change,6,f,0,1848.7491,NA
9212,2,0,23,23,nochange,6,f,1,741.0011,NA
9212,2,0,24,24,change,6,j,1,438.754,3
9212,2,0,25,25,nochange,6,f,1,980.6494,NA
9212,2,0,26,26,change,6,j,1,900.221,NA
9212,2,0,27,27,nochange,6,f,1,715.6008,NA
9212,2,0,28,28,change,6,j,1,948.6049,NA
9212,2,0,29,29,change,6,j,1,878.3279,NA
9212,2,0,30,30,nochange,6,f,1,638.343,NA
9212,2,0,31,31,change,6,j,1,714.0972,NA
9212,2,0,32,32,nochange,6,f,1,964.8253,3
9212,2,0,33,33,nochange,6,f,1,666.4314,NA
9212,2,0,34,34,change,6,j,1,2292.8356,NA
9212,2,0,35,35,change,6,j,1,672.1725,NA
9212,2,0,36,36,change,6,j,1,1256.3813,NA
9212,2,0,37,37,change,6,f,0,1535.3891,NA
9212,2,0,38,38,nochange,6,f,1,725.0706,NA
9212,2,0,39,39,nochange,6,f,1,779.9484,NA
9212,2,0,40,40,nochange,6,f,1,909.1437,3
9212,2,0,41,41,change,6,j,1,798.5151,NA
9212,2,0,42,42,change,6,j,1,1902.3084,NA
9212,2,0,43,43,nochange,6,j,0,1707.9269,NA
9212,2,0,44,44,change,6,j,1,1227.6289,NA
9212,2,0,45,45,nochange,6,f,1,821.0277,NA
9212,2,0,46,46,nochange,6,f,1,736.7582,NA
9212,2,0,47,47,nochange,6,f,1,857.1154,NA
9212,2,0,48,48,change,6,j,1,693.4817,3
9212,2,0,49,49,change,6,j,1,845.6165,NA
9212,2,0,50,50,change,6,j,1,1865.2523,NA
9212,2,0,51,51,nochange,6,f,1,1304.7741,NA
9212,2,0,52,52,change,6,j,1,771.2311,NA
9212,2,0,53,53,change,6,f,0,761.9974,NA
9212,2,0,54,54,nochange,6,f,1,571.4826,NA
9212,2,0,55,55,nochange,6,j,0,2283.0014,NA
9212,2,0,56,56,change,6,j,1,1058.2789,3
9212,2,0,57,57,nochange,6,f,1,1526.6647,NA
9212,2,0,58,58,nochange,6,j,0,4409.8256,NA
9212,2,0,59,59,nochange,6,j,0,641.9845,NA
9212,2,0,60,60,change,6,j,1,984.7136,NA
9213,2,practice,0,1,nochange,6,f,1,1492.1874,NA
9213,2,practice,0,2,change,6,j,1,1190.8573,NA
9213,2,practice,0,3,change,6,j,1,2238.6976,NA
9213,2,practice,0,4,nochange,6,j,0,0.179000000004,NA
9213,2,practice,0,5,nochange,6,f,1,1271.2789,NA
9213,2,0,1,1,nochange,6,f,1,1661.3116,NA
9213,2,0,2,2,change,6,j,1,1122.5947,NA
9213,2,0,3,3,change,6,j,1,2912.655,NA
9213,2,0,4,4,nochange,6,f,1,1259.0193,NA
9213,2,0,5,5,nochange,6,f,1,1105.0838,NA
9213,2,0,6,6,change,6,j,1,5859.903,NA
9213,2,0,7,7,change,6,j,1,1383.6435,NA
9213,2,0,8,8,change,6,j,1,2553.8213,1
9213,2,0,9,9,nochange,6,j,0,3.9056,NA
9213,2,0,10,10,change,6,j,1,4603.3193,NA
9213,2,0,11,11,nochange,6,j,0,1329.5932,NA
9213,2,0,12,12,change,6,j,1,1087.6858,NA
9213,2,0,13,13,nochange,6,f,1,1118.9615,NA
9213,2,0,14,14,nochange,6,f,1,1255.2332,NA
9213,2,0,15,15,nochange,6,j,0,3081.7233,NA
9213,2,0,16,16,change,6,j,1,1194.0799,1
9213,2,0,17,17,nochange,6,f,1,1919.6156,NA
9213,2,0,18,18,nochange,6,f,1,2115.2503,NA
9213,2,0,19,19,nochange,6,f,1,1098.4783,NA
9213,2,0,20,20,nochange,6,f,1,1238.5417,NA
9213,2,0,21,21,nochange,6,f,1,1231.9904,NA
9213,2,0,22,22,change,6,j,1,1032.5809,NA
9213,2,0,23,23,nochange,6,f,1,1279.7098,NA
9213,2,0,24,24,nochange,6,f,1,1092.8033,1
9213,2,0,25,25,change,6,j,1,3217.3765,NA
9213,2,0,26,26,change,6,f,0,1745.3937,NA
9213,2,0,27,27,change,6,j,1,1702.3166,NA
9213,2,0,28,28,nochange,6,f,1,1263.384,NA
9213,2,0,29,29,nochange,6,f,1,1164.8607,NA
9213,2,0,30,30,nochange,6,f,1,1757.3109,NA
9213,2,0,31,31,nochange,6,f,1,1623.2812,NA
9213,2,0,32,32,nochange,6,f,1,1380.2438,5
9213,2,0,33,33,change,6,j,1,2798.1015,NA
9213,2,0,34,34,change,6,j,1,3001.6209,NA
9213,2,0,35,35,change,6,j,1,1294.4657,NA
9213,2,0,36,36,change,6,j,1,1167.8702,NA
9213,2,0,37,37,nochange,6,f,1,873.0263,NA
9213,2,0,38,38,change,6,j,1,868.7814,NA
9213,2,0,39,39,nochange,6,f,1,903.5509,NA
9213,2,0,40,40,nochange,6,f,1,971.1443,3
9213,2,0,41,41,change,6,j,1,908.7476,NA
9213,2,0,42,42,change,6,j,1,1113.3389,NA
9213,2,0,43,43,nochange,6,f,1,1500.604,NA
9213,2,0,44,44,change,6,f,0,1468.8672,NA
9213,2,0,45,45,change,6,j,1,864.8005,NA
9213,2,0,46,46,change,6,j,1,1062.6968,NA
9213,2,0,47,47,nochange,6,f,1,759.9199,NA
9213,2,0,48,48,nochange,6,f,1,1257.9945,1
9213,2,0,49,49,nochange,6,f,1,1318.028,NA
9213,2,0,50,50,change,6,j,1,1961.1557,NA
9213,2,0,51,51,change,6,j,1,1360.3376,NA
9213,2,0,52,52,nochange,6,f,1,1110.1294,NA
9213,2,0,53,53,change,6,j,1,1306.0114,NA
9213,2,0,54,54,nochange,6,f,1,1146.0479,NA
9213,2,0,55,55,change,6,j,1,1054.351,NA
9213,2,0,56,56,change,6,j,1,1274.9187,1
9213,2,0,57,57,change,6,j,1,1429.3416,NA
9213,2,0,58,58,change,6,j,1,1334.8451,NA
9213,2,0,59,59,change,6,f,0,2061.6183,NA
9213,2,0,60,60,nochange,6,f,1,1181.3822,NA
9214,2,practice,0,1,change,6,f,0,5543.9561,NA
9214,2,practice,0,2,nochange,6,f,1,1023.649,NA
9214,2,practice,0,3,change,6,f,0,2565.6898,NA
9214,2,practice,0,4,nochange,6,f,1,812.9564,NA
9214,2,practice,0,5,nochange,6,f,1,1721.3857,NA
9214,2,0,1,1,nochange,6,f,1,1877.423,NA
9214,2,0,2,2,nochange,6,f,1,1365.2946,NA
9214,2,0,3,3,nochange,6,j,0,1469.4442,NA
9214,2,0,4,4,change,6,j,1,1956.2973,NA
9214,2,0,5,5,change,6,j,1,991.0124,NA
9214,2,0,6,6,nochange,6,f,1,2665.5163,NA
9214,2,0,7,7,nochange,6,f,1,1859.1757,NA
9214,2,0,8,8,change,6,f,0,1715.5083,1
9214,2,0,9,9,change,6,f,0,1596.9064,NA
9214,2,0,10,10,change,6,f,0,1451.2089,NA
9214,2,0,11,11,nochange,6,j,0,1139.3556,NA
9214,2,0,12,12,change,6,f,0,1395.7383,NA
9214,2,0,13,13,change,6,j,1,2063.442,NA
9214,2,0,14,14,change,6,f,0,1304.1791,NA
9214,2,0,15,15,change,6,j,1,3158.6723,NA
9214,2,0,16,16,nochange,6,f,1,2104.5533,1
9214,2,0,17,17,change,6,f,0,1437.0664,NA
9214,2,0,18,18,nochange,6,f,1,1610.9643,NA
9214,2,0,19,19,change,6,j,1,1784.0815,NA
9214,2,0,20,20,nochange,6,j,0,1271.7687,NA
9214,2,0,21,21,nochange,6,j,0,1146.4125,NA
9214,2,0,22,22,nochange,6,f,1,1270.5559,NA
9214,2,0,23,23,nochange,6,j,0,3004.4123,NA
9214,2,0,24,24,nochange,6,f,1,830.6079,1
9214,2,0,25,25,change,6,f,0,1404.4282,NA
9214,2,0,26,26,change,6,j,1,1178.8485,NA
9214,2,0,27,27,change,6,j,1,1257.4951,NA
9214,2,0,28,28,change,6,j,1,1538.9153,NA
9214,2,0,29,29,nochange,6,j,0,2316.522,NA
9214,2,0,30,30,change,6,f,0,4533.7052,NA
9214,2,0,31,31,nochange,6,f,1,2132.2567,NA
9214,2,0,32,32,nochange,6,j,0,3982.0217,1
9214,2,0,33,33,nochange,6,f,1,1638.5146,NA
9214,2,0,34,34,change,6,f,0,1237.7676,NA
9214,2,0,35,35,nochange,6,f,1,1174.9948,NA
9214,2,0,36,36,nochange,6,f,1,1278.0189,NA
9214,2,0,37,37,nochange,6,f,1,1163.6444,NA
9214,2,0,38,38,nochange,6,j,0,3268.88,NA
9214,2,0,39,39,nochange,6,f,1,1099.5673,NA
9214,2,0,40,40,nochange,6,f,1,1911.0279,1
9214,2,0,41,41,nochange,6,f,1,1871.4,NA
9214,2,0,42,42,nochange,6,f,1,997.3518,NA
9214,2,0,43,43,nochange,6,j,0,911.7277,NA
9214,2,0,44,44,change,6,j,1,1385.5851,NA
9214,2,0,45,45,change,6,j,1,2969.9674,NA
9214,2,0,46,46,nochange,6,f,1,1204.4437,NA
9214,2,0,47,47,change,6,j,1,5885.3054,NA
9214,2,0,48,48,nochange,6,f,1,1241.3546,1
9214,2,0,49,49,change,6,f,0,1984.1225,NA
9214,2,0,50,50,change,6,j,1,1180.6847,NA
9214,2,0,51,51,change,6,j,1,3025.375,NA
9214,2,0,52,52,change,6,f,0,2373.1539,NA
9214,2,0,53,53,nochange,6,f,1,2867.7012,NA
9214,2,0,54,54,change,6,j,1,3550.9908,NA
9214,2,0,55,55,change,6,f,0,1718.1878,NA
9214,2,0,56,56,change,6,f,0,3823.3642,1
9214,2,0,57,57,change,6,j,1,1327.9021,NA
9214,2,0,58,58,nochange,6,f,1,1471.1612,NA
9214,2,0,59,59,change,6,j,1,2142.4099,NA
9214,2,0,60,60,change,6,f,0,2266.7832,NA
9215,2,practice,0,1,change,6,j,1,1809.2007,NA
9215,2,practice,0,2,nochange,6,f,1,1985.5148,NA
9215,2,practice,0,3,change,6,j,1,1239.1424,NA
9215,2,practice,0,4,change,6,j,1,1324.8773,NA
9215,2,practice,0,5,change,6,f,0,1546.1587,NA
9215,2,0,1,1,nochange,6,f,1,1421.5551,NA
9215,2,0,2,2,change,6,j,1,2240.3296,NA
9215,2,0,3,3,change,6,j,1,2366.5175,NA
9215,2,0,4,4,nochange,6,j,0,4856.3235,NA
9215,2,0,5,5,change,6,j,1,1455.1696,NA
9215,2,0,6,6,change,6,j,1,2068.2526,NA
9215,2,0,7,7,nochange,6,f,1,1350.0283,NA
9215,2,0,8,8,change,6,j,1,1483.3011,5
9215,2,0,9,9,nochange,6,f,1,2413.9569,NA
9215,2,0,10,10,change,6,j,1,1737.1063,NA
9215,2,0,11,11,change,6,j,1,1735.4724,NA
9215,2,0,12,12,nochange,6,f,1,2479.1459,NA
9215,2,0,13,13,change,6,f,0,9970.2967,NA
9215,2,0,14,14,change,6,j,1,6018.214,NA
9215,2,0,15,15,nochange,6,j,0,2335.2006,NA
9215,2,0,16,16,change,6,j,1,4761.8398,3
9215,2,0,17,17,change,6,j,1,3367.4814,NA
9215,2,0,18,18,change,6,j,1,2929.7334,NA
9215,2,0,19,19,change,6,j,1,3066.5095,NA
9215,2,0,20,20,nochange,6,f,1,1661.9397,NA
9215,2,0,21,21,nochange,6,f,1,3695.38,NA
9215,2,0,22,22,change,6,j,1,4866.3553,NA
9215,2,0,23,23,change,6,f,0,2957.4055,NA
9215,2,0,24,24,nochange,6,f,1,12292.6864,1
9215,2,0,25,25,nochange,6,f,1,2119.3832,NA
9215,2,0,26,26,nochange,6,f,1,2258.3658,NA
9215,2,0,27,27,change,6,f,0,4480.1189,NA
9215,2,0,28,28,nochange,6,f,1,2985.7116,NA
9215,2,0,29,29,change,6,f,0,2324.3913,NA
9215,2,0,30,30,nochange,6,f,1,1993.1776,NA
9215,2,0,31,31,nochange,6,f,1,7164.5491,NA
9215,2,0,32,32,change,6,j,1,4489.6715,3
9215,2,0,33,33,nochange,6,j,0,2482.2362,NA
9215,2,0,34,34,change,6,j,1,1198.9866,NA
9215,2,0,35,35,change,6,j,1,4024.9297,NA
9215,2,0,36,36,change,6,j,1,3569.7916,NA
9215,2,0,37,37,nochange,6,f,1,4029.5154000000002,NA
9215,2,0,38,38,change,6,j,1,1454.5851,NA
9215,2,0,39,39,change,6,j,1,2242.8934,NA
9215,2,0,40,40,nochange,6,f,1,1555.7401,1
9215,2,0,41,41,nochange,6,f,1,1647.4304,NA
9215,2,0,42,42,nochange,6,f,1,1723.4234,NA
9215,2,0,43,43,change,6,j,1,6291.4481,NA
9215,2,0,44,44,nochange,6,j,0,2274.4882,NA
9215,2,0,45,45,change,6,j,1,3459.7668,NA
9215,2,0,46,46,change,6,f,0,3858.8518,NA
9215,2,0,47,47,nochange,6,f,1,3952.3061,NA
9215,2,0,48,48,nochange,6,f,1,1303.7512,5
9215,2,0,49,49,nochange,6,f,1,1558.049,NA
9215,2,0,50,50,nochange,6,f,1,1116.976,NA
9215,2,0,51,51,nochange,6,f,1,4420.672,NA
9215,2,0,52,52,nochange,6,f,1,3007.4385,NA
9215,2,0,53,53,change,6,j,1,1589.6283,NA
9215,2,0,54,54,change,6,j,1,3549.7313,NA
9215,2,0,55,55,nochange,6,f,1,1292.0428,NA
9215,2,0,56,56,change,6,f,0,1682.7864,1
9215,2,0,57,57,change,6,j,1,4749.4152,NA
9215,2,0,58,58,nochange,6,f,1,1948.862,NA
9215,2,0,59,59,nochange,6,f,1,3181.28,NA
9215,2,0,60,60,nochange,6,f,1,2083.7772,NA
9216,2,practice,0,1,nochange,6,f,1,1105.5339,NA
9216,2,practice,0,2,nochange,6,j,0,2219.683,NA
9216,2,practice,0,3,nochange,6,f,1,725.7801,NA
9216,2,practice,0,4,nochange,6,f,1,958.9777,NA
9216,2,practice,0,5,nochange,6,f,1,857.4295,NA
9216,2,0,1,1,change,6,j,1,1177.9272,NA
9216,2,0,2,2,change,6,j,1,1050.4154,NA
9216,2,0,3,3,nochange,6,f,1,3714.2799,NA
9216,2,0,4,4,nochange,6,f,1,1127.9225,NA
9216,2,0,5,5,change,6,j,1,1928.6399,NA
9216,2,0,6,6,change,6,f,0,1158.3942,NA
9216,2,0,7,7,nochange,6,f,1,1954.8771,NA
9216,2,0,8,8,nochange,6,f,1,1266.5267,1
9216,2,0,9,9,change,6,j,1,1312.4885,NA
9216,2,0,10,10,change,6,f,0,2914.6779,NA
9216,2,0,11,11,nochange,6,j,0,1375.9281,NA
9216,2,0,12,12,change,6,j,1,1564.7198,NA
9216,2,0,13,13,nochange,6,j,0,1489.9399,NA
9216,2,0,14,14,change,6,f,0,4244.387,NA
9216,2,0,15,15,change,6,f,0,1669.4653,NA
9216,2,0,16,16,change,6,j,1,1284.6443,1
9216,2,0,17,17,change,6,f,0,1354.3381,NA
9216,2,0,18,18,change,6,j,1,3305.8306,NA
9216,2,0,19,19,nochange,6,f,1,1729.8043,NA
9216,2,0,20,20,nochange,6,f,1,1148.5832,NA
9216,2,0,21,21,nochange,6,f,1,1206.6619,NA
9216,2,0,22,22,nochange,6,f,1,1059.1881,NA
9216,2,0,23,23,nochange,6,f,1,1339.7959,NA
9216,2,0,24,24,change,6,j,1,1073.6937,1
9216,2,0,25,25,change,6,j,1,3009.2715,NA
9216,2,0,26,26,nochange,6,f,1,1382.4641,NA
9216,2,0,27,27,nochange,6,f,1,1069.4799,NA
9216,2,0,28,28,change,6,j,1,1472.1322,NA
9216,2,0,29,29,change,6,j,1,1344.566,NA
9216,2,0,30,30,change,6,j,1,2052.4935,NA
9216,2,0,31,31,nochange,6,f,1,2165.2589,NA
9216,2,0,32,32,change,6,j,1,888.2798,1
9216,2,0,33,33,change,6,f,0,2587.5097,NA
9216,2,0,34,34,change,6,j,1,948.1384,NA
9216,2,0,35,35,nochange,6,f,1,1999.6714,NA
9216,2,0,36,36,change,6,f,0,2427.0847,NA
9216,2,0,37,37,change,6,j,1,1319.444,NA
9216,2,0,38,38,nochange,6,f,1,2187.9262,NA
9216,2,0,39,39,nochange,6,f,1,1563.2513,NA
9216,2,0,40,40,change,6,j,1,3161.9324,1
9216,2,0,41,41,nochange,6,f,1,1409.9337,NA
9216,2,0,42,42,nochange,6,j,0,1422.1706,NA
9216,2,0,43,43,nochange,6,f,1,2337.3788,NA
9216,2,0,44,44,change,6,j,1,1859.6916,NA
9216,2,0,45,45,change,6,j,1,2723.903,NA
9216,2,0,46,46,nochange,6,f,1,1159.935,NA
9216,2,0,47,47,change,6,f,0,1629.2687,NA
9216,2,0,48,48,nochange,6,f,1,1759.564,1
9216,2,0,49,49,change,6,f,0,2949.5101,NA
9216,2,0,50,50,change,6,j,1,1490.1084,NA
9216,2,0,51,51,nochange,6,j,0,2955.6856,NA
9216,2,0,52,52,nochange,6,f,1,720.8512,NA
9216,2,0,53,53,nochange,6,f,1,754.2094,NA
9216,2,0,54,54,nochange,6,j,0,1849.4061,NA
9216,2,0,55,55,nochange,6,f,1,737.811,NA
9216,2,0,56,56,nochange,6,f,1,705.1235,2
9216,2,0,57,57,nochange,6,f,1,2769.5209,NA
9216,2,0,58,58,change,6,j,1,1046.845,NA
9216,2,0,59,59,nochange,6,j,0,2525.2777,NA
9216,2,0,60,60,change,6,j,1,1194.4682,NA
9217,2,practice,0,1,nochange,6,f,1,9506.1046,NA
9217,2,practice,0,2,change,6,j,1,877.5911,NA
9217,2,practice,0,3,nochange,6,j,0,1039.82,NA
9217,2,practice,0,4,nochange,6,f,1,934.4099,NA
9217,2,practice,0,5,nochange,6,f,1,886.1766,NA
9217,2,0,1,1,change,6,j,1,802.7547,NA
9217,2,0,2,2,nochange,6,f,1,909.288,NA
9217,2,0,3,3,nochange,6,f,1,783.7018,NA
9217,2,0,4,4,nochange,6,j,0,3495.7278,NA
9217,2,0,5,5,change,6,f,0,1814.1451,NA
9217,2,0,6,6,change,6,j,1,700.9908,NA
9217,2,0,7,7,nochange,6,j,0,1830.0077000000001,NA
9217,2,0,8,8,change,6,f,0,1484.2515,1
9217,2,0,9,9,change,6,f,0,1423.9756,NA
9217,2,0,10,10,nochange,6,j,0,1388.0342,NA
9217,2,0,11,11,change,6,f,0,1570.9953,NA
9217,2,0,12,12,nochange,6,f,1,1432.8086,NA
9217,2,0,13,13,nochange,6,f,1,1369.9001,NA
9217,2,0,14,14,nochange,6,j,0,2582.2675,NA
9217,2,0,15,15,nochange,6,f,1,3096.5372,NA
9217,2,0,16,16,change,6,f,0,1435.4464,1
9217,2,0,17,17,nochange,6,j,0,2825.4175,NA
9217,2,0,18,18,change,6,f,0,1357.5268,NA
9217,2,0,19,19,change,6,f,0,1733.5214,NA
9217,2,0,20,20,change,6,f,0,1389.9475,NA
9217,2,0,21,21,change,6,f,0,2016.5248,NA
9217,2,0,22,22,change,6,j,1,1843.5822,NA
9217,2,0,23,23,change,6,f,0,1059.8555,NA
9217,2,0,24,24,change,6,f,0,1435.6695,2
9217,2,0,25,25,change,6,f,0,1710.2541,NA
9217,2,0,26,26,change,6,f,0,1103.7574,NA
9217,2,0,27,27,change,6,j,1,2086.3751,NA
9217,2,0,28,28,nochange,6,f,1,2375.9534,NA
9217,2,0,29,29,change,6,f,0,1675.4855,NA
9217,2,0,30,30,nochange,6,j,0,1567.2335,NA
9217,2,0,31,31,nochange,6,f,1,1278.7233,NA
9217,2,0,32,32,nochange,6,j,0,1053.6017,1
9217,2,0,33,33,nochange,6,f,1,2014.4946,NA
9217,2,0,34,34,change,6,f,0,1129.665,NA
9217,2,0,35,35,change,6,f,0,3100.297,NA
9217,2,0,36,36,change,6,f,0,1142.273,NA
9217,2,0,37,37,change,6,f,0,3850.5025,NA
9217,2,0,38,38,nochange,6,j,0,1529.2088,NA
9217,2,0,39,39,nochange,6,f,1,2735.6804,NA
9217,2,0,40,40,nochange,6,j,0,2059.4878,1
9217,2,0,41,41,change,6,f,0,1608.6543,NA
9217,2,0,42,42,change,6,f,0,1575.0459,NA
9217,2,0,43,43,nochange,6,j,0,1229.8065,NA
9217,2,0,44,44,nochange,6,f,1,1125.3925,NA
9217,2,0,45,45,nochange,6,f,1,1221.364,NA
9217,2,0,46,46,nochange,6,f,1,847.6629,NA
9217,2,0,47,47,nochange,6,f,1,2.90249999997,NA
9217,2,0,48,48,change,6,f,0,1464.7336,1
9217,2,0,49,49,nochange,6,j,0,1529.8183,NA
9217,2,0,50,50,nochange,6,j,0,1253.5775,NA
9217,2,0,51,51,nochange,6,j,0,2250.8441,NA
9217,2,0,52,52,nochange,6,f,1,3660.3688,NA
9217,2,0,53,53,nochange,6,j,0,4.09239999996,NA
9217,2,0,54,54,change,6,f,0,1044.5827,NA
9217,2,0,55,55,change,6,f,0,3.24509999994,NA
9217,2,0,56,56,change,6,f,0,1489.5758,1
9217,2,0,57,57,nochange,6,j,0,1112.8766,NA
9217,2,0,58,58,change,6,j,1,3141.9453,NA
9217,2,0,59,59,change,6,f,0,1372.9841,NA
9217,2,0,60,60,nochange,6,j,0,1179.8819,NA
9218,2,practice,0,1,nochange,6,f,1,10547.4909,NA
9218,2,practice,0,2,nochange,6,f,1,1045.1729,NA
9218,2,practice,0,3,nochange,6,f,1,768.9993,NA
9218,2,practice,0,4,change,6,f,0,872.5742,NA
9218,2,practice,0,5,change,6,j,1,812.7465,NA
9218,2,0,1,1,nochange,6,f,1,1419.206,NA
9218,2,0,2,2,change,6,j,1,861.558,NA
9218,2,0,3,3,change,6,f,0,1230.0594,NA
9218,2,0,4,4,nochange,6,f,1,1248.1909,NA
9218,2,0,5,5,change,6,j,1,661.468,NA
9218,2,0,6,6,change,6,j,1,962.4536,NA
9218,2,0,7,7,nochange,6,f,1,1138.6847,NA
9218,2,0,8,8,change,6,j,1,2537.7462,4
9218,2,0,9,9,nochange,6,f,1,1165.2068,NA
9218,2,0,10,10,change,6,j,1,885.1575,NA
9218,2,0,11,11,nochange,6,f,1,729.1299,NA
9218,2,0,12,12,nochange,6,j,0,1307.8615,NA
9218,2,0,13,13,change,6,j,1,2598.298,NA
9218,2,0,14,14,change,6,j,1,809.8578,NA
9218,2,0,15,15,change,6,j,1,5497.8799,NA
9218,2,0,16,16,nochange,6,f,1,773.4826,4
9218,2,0,17,17,change,6,j,1,1038.5257,NA
9218,2,0,18,18,nochange,6,j,0,2461.1761,NA
9218,2,0,19,19,change,6,j,1,1120.9321,NA
9218,2,0,20,20,nochange,6,f,1,826.4409,NA
9218,2,0,21,21,nochange,6,f,1,936.4856,NA
9218,2,0,22,22,change,6,j,1,1378.3469,NA
9218,2,0,23,23,nochange,6,f,1,5455.495,NA
9218,2,0,24,24,nochange,6,f,1,1058.7187,5
9218,2,0,25,25,change,6,f,0,1462.8914,NA
9218,2,0,26,26,nochange,6,j,0,2967.246,NA
9218,2,0,27,27,nochange,6,f,1,4327.0907,NA
9218,2,0,28,28,change,6,j,1,612.34,NA
9218,2,0,29,29,nochange,6,f,1,1614.8232,NA
9218,2,0,30,30,change,6,f,0,2706.403,NA
9218,2,0,31,31,nochange,6,f,1,1568.4126,NA
9218,2,0,32,32,nochange,6,f,1,1442.1601,5
9218,2,0,33,33,change,6,f,0,1034.2491,NA
9218,2,0,34,34,change,6,j,1,2537.9699,NA
9218,2,0,35,35,change,6,f,0,1413.4683,NA
9218,2,0,36,36,nochange,6,f,1,879.0179,NA
9218,2,0,37,37,change,6,j,1,2729.9796,NA
9218,2,0,38,38,change,6,j,1,1560.541,NA
9218,2,0,39,39,nochange,6,j,0,1133.3478,NA
9218,2,0,40,40,nochange,6,j,0,3949.4413,4
9218,2,0,41,41,nochange,6,f,1,718.6251,NA
9218,2,0,42,42,nochange,6,j,0,3051.8287,NA
9218,2,0,43,43,change,6,f,0,5322.8064,NA
9218,2,0,44,44,nochange,6,f,1,752.2604,NA
9218,2,0,45,45,change,6,j,1,973.8079,NA
9218,2,0,46,46,nochange,6,f,1,1723.3593,NA
9218,2,0,47,47,nochange,6,f,1,863.5319,NA
9218,2,0,48,48,nochange,6,f,1,866.0395,5
9218,2,0,49,49,change,6,f,0,1489.2295,NA
9218,2,0,50,50,change,6,j,1,1853.3638,NA
9218,2,0,51,51,nochange,6,f,1,2115.7405,NA
9218,2,0,52,52,change,6,f,0,3364.519,NA
9218,2,0,53,53,change,6,j,1,675.0049,NA
9218,2,0,54,54,change,6,f,0,1659.5347,NA
9218,2,0,55,55,change,6,j,1,881.6139,NA
9218,2,0,56,56,change,6,j,1,1208.3427,1
9218,2,0,57,57,change,6,j,1,3434.6842,NA
9218,2,0,58,58,nochange,6,f,1,916.5463,NA
9218,2,0,59,59,nochange,6,j,0,2520.8568,NA
9218,2,0,60,60,nochange,6,j,0,835.2205,NA
9219,2,practice,0,1,nochange,6,f,1,3176.064,NA
9219,2,practice,0,2,change,6,j,1,3045.591,NA
9219,2,practice,0,3,nochange,6,f,1,934.8228,NA
9219,2,practice,0,4,nochange,6,f,1,951.1632,NA
9219,2,practice,0,5,nochange,6,f,1,958.7886,NA
9219,2,0,1,1,nochange,6,f,1,1790.593,NA
9219,2,0,2,2,nochange,6,f,1,877.7268,NA
9219,2,0,3,3,nochange,6,f,1,1855.451,NA
9219,2,0,4,4,change,6,j,1,1616.114,NA
9219,2,0,5,5,change,6,f,0,2257.1495,NA
9219,2,0,6,6,change,6,j,1,2347.4989,NA
9219,2,0,7,7,nochange,6,f,1,1104.5152,NA
9219,2,0,8,8,change,6,f,0,3104.7244,2
9219,2,0,9,9,nochange,6,f,1,920.7218,NA
9219,2,0,10,10,nochange,6,f,1,1015.0763,NA
9219,2,0,11,11,change,6,j,1,852.9198,NA
9219,2,0,12,12,nochange,6,f,1,1208.7443,NA
9219,2,0,13,13,change,6,j,1,1135.7442,NA
9219,2,0,14,14,nochange,6,f,1,1102.1461,NA
9219,2,0,15,15,nochange,6,f,1,1911.1026,NA
9219,2,0,16,16,nochange,6,j,0,1701.6456,1
9219,2,0,17,17,nochange,6,f,1,5909.0498,NA
9219,2,0,18,18,change,6,j,1,1057.5315,NA
9219,2,0,19,19,nochange,6,f,1,1259.3049,NA
9219,2,0,20,20,nochange,6,f,1,891.2606,NA
9219,2,0,21,21,change,6,f,0,1394.6776,NA
9219,2,0,22,22,nochange,6,j,0,927.5401,NA
9219,2,0,23,23,change,6,f,0,1031.0348,NA
9219,2,0,24,24,change,6,j,1,2306.1847,1
9219,2,0,25,25,change,6,j,1,1300.0112,NA
9219,2,0,26,26,change,6,f,0,1861.5159,NA
9219,2,0,27,27,change,6,j,1,899.6975,NA
9219,2,0,28,28,nochange,6,f,1,1775.275,NA
9219,2,0,29,29,change,6,f,0,856.0386,NA
9219,2,0,30,30,nochange,6,f,1,763.2837,NA
9219,2,0,31,31,nochange,6,f,1,2978.8443,NA
9219,2,0,32,32,change,6,j,1,2795.9004,1
9219,2,0,33,33,change,6,j,1,1846.1276,NA
9219,2,0,34,34,change,6,j,1,1643.942,NA
9219,2,0,35,35,nochange,6,f,1,2592.2991,NA
9219,2,0,36,36,change,6,f,0,1261.1063,NA
9219,2,0,37,37,nochange,6,f,1,1201.0163,NA
9219,2,0,38,38,nochange,6,f,1,947.8028,NA
9219,2,0,39,39,nochange,6,f,1,828.9848,NA
9219,2,0,40,40,nochange,6,f,1,5919.2815,1
9219,2,0,41,41,nochange,6,f,1,1239.094,NA
9219,2,0,42,42,change,6,j,1,1305.1354,NA
9219,2,0,43,43,change,6,j,1,1774.7274,NA
9219,2,0,44,44,change,6,j,1,4656.5311,NA
9219,2,0,45,45,change,6,j,1,2979.6619,NA
9219,2,0,46,46,change,6,j,1,2044.6225,NA
9219,2,0,47,47,nochange,6,f,1,1145.8085,NA
9219,2,0,48,48,change,6,f,0,1979.9132,1
9219,2,0,49,49,nochange,6,f,1,852.2204,NA
9219,2,0,50,50,change,6,j,1,1845.3109,NA
9219,2,0,51,51,change,6,f,0,1748.0244,NA
9219,2,0,52,52,nochange,6,j,0,1679.7391,NA
9219,2,0,53,53,nochange,6,f,1,905.5892,NA
9219,2,0,54,54,nochange,6,f,1,1668.9027,NA
9219,2,0,55,55,nochange,6,f,1,831.0873,NA
9219,2,0,56,56,change,6,j,1,1896.1629,1
9219,2,0,57,57,nochange,6,f,1,1122.8443,NA
9219,2,0,58,58,change,6,j,1,1619.3879,NA
9219,2,0,59,59,change,6,f,0,1246.3412,NA
9219,2,0,60,60,change,6,f,0,2889.3086,NA
9220,2,practice,0,1,nochange,6,f,1,5590.2165,NA
9220,2,practice,0,2,change,6,f,0,1709.7243,NA
9220,2,practice,0,3,nochange,6,f,1,1443.0258,NA
9220,2,practice,0,4,change,6,j,1,1892.7919,NA
9220,2,practice,0,5,change,6,j,1,1414.4181,NA
9220,2,0,1,1,change,6,f,0,2209.78,NA
9220,2,0,2,2,nochange,6,f,1,1217.9244,NA
9220,2,0,3,3,nochange,6,f,1,1603.0707,NA
9220,2,0,4,4,nochange,6,j,0,1720.3231,NA
9220,2,0,5,5,change,6,f,0,3289.7036,NA
9220,2,0,6,6,change,6,j,1,1094.9792,NA
9220,2,0,7,7,nochange,6,f,1,1599.7906,NA
9220,2,0,8,8,change,6,f,0,1422.1369,2
9220,2,0,9,9,change,6,f,0,1450.5597,NA
9220,2,0,10,10,nochange,6,j,0,3850.0208,NA
9220,2,0,11,11,nochange,6,f,1,1764.6048,NA
9220,2,0,12,12,change,6,j,1,2951.3896,NA
9220,2,0,13,13,change,6,j,1,1189.615,NA
9220,2,0,14,14,nochange,6,f,1,909.3143,NA
9220,2,0,15,15,nochange,6,f,1,1918.555,NA
9220,2,0,16,16,change,6,f,0,5175.9708,2
9220,2,0,17,17,change,6,f,0,2349.5369,NA
9220,2,0,18,18,change,6,j,1,2481.3338,NA
9220,2,0,19,19,nochange,6,f,1,1016.9945,NA
9220,2,0,20,20,nochange,6,f,1,793.7723,NA
9220,2,0,21,21,change,6,f,0,1195.7403,NA
9220,2,0,22,22,nochange,6,j,0,2861.7086,NA
9220,2,0,23,23,nochange,6,f,1,2729.3206,NA
9220,2,0,24,24,change,6,f,0,1169.3616,4
9220,2,0,25,25,nochange,6,f,1,1301.5765,NA
9220,2,0,26,26,nochange,6,f,1,4157.1862,NA
9220,2,0,27,27,nochange,6,f,1,1336.1812,NA
9220,2,0,28,28,change,6,j,1,1506.7611,NA
9220,2,0,29,29,change,6,f,0,2397.3648,NA
9220,2,0,30,30,nochange,6,f,1,1077.1956,NA
9220,2,0,31,31,change,6,f,0,1184.2058,NA
9220,2,0,32,32,change,6,j,1,2167.1989,3
9220,2,0,33,33,change,6,j,1,2789.4302,NA
9220,2,0,34,34,nochange,6,f,1,873.7192,NA
9220,2,0,35,35,change,6,j,1,2066.6038,NA
9220,2,0,36,36,nochange,6,f,1,1009.2073,NA
9220,2,0,37,37,nochange,6,f,1,2665.7573,NA
9220,2,0,38,38,nochange,6,f,1,2462.025,NA
9220,2,0,39,39,nochange,6,j,0,4115.0165,NA
9220,2,0,40,40,nochange,6,f,1,1118.0448,1
9220,2,0,41,41,nochange,6,f,1,1472.4276,NA
9220,2,0,42,42,nochange,6,f,1,1434.8252,NA
9220,2,0,43,43,change,6,f,0,2795.2597,NA
9220,2,0,44,44,change,6,f,0,1107.9439,NA
9220,2,0,45,45,change,6,j,1,1005.3404,NA
9220,2,0,46,46,change,6,f,0,1829.2274,NA
9220,2,0,47,47,change,6,j,1,1040.6639,NA
9220,2,0,48,48,change,6,j,1,1265.842,1
9220,2,0,49,49,change,6,f,0,1661.4192,NA
9220,2,0,50,50,nochange,6,f,1,1102.1824,NA
9220,2,0,51,51,nochange,6,f,1,3111.0387,NA
9220,2,0,52,52,nochange,6,f,1,3162.7346,NA
9220,2,0,53,53,nochange,6,j,0,3006.0178,NA
9220,2,0,54,54,nochange,6,f,1,1476.9265,NA
9220,2,0,55,55,nochange,6,j,0,3057.8895,NA
9220,2,0,56,56,change,6,f,0,4199.9258,3
9220,2,0,57,57,change,6,j,1,1169.6926,NA
9220,2,0,58,58,change,6,j,1,2211.6112,NA
9220,2,0,59,59,change,6,f,0,2387.6051,NA
9220,2,0,60,60,change,6,f,0,2206.457,NA
9221,2,practice,0,1,nochange,6,f,1,10056.0379,NA
9221,2,practice,0,2,change,6,j,1,0.479099999997,NA
9221,2,practice,0,3,change,6,f,0,250.9005,NA
9221,2,practice,0,4,change,6,j,1,492.763,NA
9221,2,practice,0,5,change,6,f,0,648.6345,NA
9221,2,0,1,1,change,6,j,1,435.7684,NA
9221,2,0,2,2,change,6,f,0,10.1305,NA
9221,2,0,3,3,change,6,f,0,10.7674,NA
9221,2,0,4,4,change,6,j,1,758.6419,NA
9221,2,0,5,5,change,6,f,0,572.7715,NA
9221,2,0,6,6,nochange,6,j,0,914.7895,NA
9221,2,0,7,7,change,6,f,0,1605.3608,NA
9221,2,0,8,8,nochange,6,f,1,8111.4892,2
9221,2,0,9,9,nochange,6,j,0,697.8889,NA
9221,2,0,10,10,change,6,f,0,318.6938,NA
9221,2,0,11,11,nochange,6,j,0,6.8118,NA
9221,2,0,12,12,nochange,6,f,1,1027.0424,NA
9221,2,0,13,13,change,6,j,1,764.3672,NA
9221,2,0,14,14,change,6,f,0,696.9962,NA
9221,2,0,15,15,change,6,f,0,590.8662,NA
9221,2,0,16,16,nochange,6,j,0,652.4248,3
9221,2,0,17,17,nochange,6,f,1,1560.8059,NA
9221,2,0,18,18,nochange,6,j,0,1236.3653,NA
9221,2,0,19,19,nochange,6,f,1,1129.9305,NA
9221,2,0,20,20,change,6,f,0,1224.9333,NA
9221,2,0,21,21,change,6,j,1,1125.9632,NA
9221,2,0,22,22,nochange,6,f,1,447.5738,NA
9221,2,0,23,23,nochange,6,j,0,917.4961,NA
9221,2,0,24,24,change,6,f,0,752.6724,3
9221,2,0,25,25,nochange,6,f,1,1242.9477,NA
9221,2,0,26,26,change,6,j,1,1234.4285,NA
9221,2,0,27,27,nochange,6,j,0,917.0078,NA
9221,2,0,28,28,nochange,6,f,1,1091.7593,NA
9221,2,0,29,29,change,6,j,1,1205.0044,NA
9221,2,0,30,30,change,6,j,1,1378.4809,NA
9221,2,0,31,31,change,6,f,0,704.2034,NA
9221,2,0,32,32,nochange,6,j,0,662.9536,2
9221,2,0,33,33,change,6,f,0,1559.5937,NA
9221,2,0,34,34,change,6,j,1,1074.9425,NA
9221,2,0,35,35,change,6,f,0,1255.497,NA
9221,2,0,36,36,nochange,6,j,0,1080.9062,NA
9221,2,0,37,37,change,6,f,0,1198.8216,NA
9221,2,0,38,38,nochange,6,j,0,1118.7848,NA
9221,2,0,39,39,change,6,f,0,1592.4283,NA
9221,2,0,40,40,nochange,6,j,0,1339.956,3
9221,2,0,41,41,change,6,j,1,1321.2872,NA
9221,2,0,42,42,nochange,6,f,1,1384.4099,NA
9221,2,0,43,43,nochange,6,j,0,1180.743,NA
9221,2,0,44,44,nochange,6,f,1,1345.0615,NA
9221,2,0,45,45,nochange,6,j,0,1169.8436,NA
9221,2,0,46,46,nochange,6,f,1,1200.4492,NA
9221,2,0,47,47,nochange,6,j,0,1136.8871,NA
9221,2,0,48,48,nochange,6,j,0,1247.8179,3
9221,2,0,49,49,change,6,f,0,1366.8345,NA
9221,2,0,50,50,change,6,f,0,1426.4774,NA
9221,2,0,51,51,change,6,j,1,563.9834,NA
9221,2,0,52,52,nochange,6,f,1,1851.6413,NA
9221,2,0,53,53,change,6,f,0,1314.6382,NA
9221,2,0,54,54,change,6,j,1,1375.786,NA
9221,2,0,55,55,nochange,6,f,1,1562.2843,NA
9221,2,0,56,56,nochange,6,j,0,2400.6079,3
9221,2,0,57,57,change,6,f,0,3350.2834,NA
9221,2,0,58,58,nochange,6,j,0,1734.9947,NA
9221,2,0,59,59,change,6,f,0,1582.4949,NA
9221,2,0,60,60,nochange,6,j,0,531.9917,NA
9222,2,practice,0,1,nochange,6,f,1,0.645499999999,NA
9222,2,practice,0,2,nochange,6,f,1,1724.1846,NA
9222,2,practice,0,3,change,6,j,1,2061.2055,NA
9222,2,practice,0,4,nochange,6,f,1,1409.9177,NA
9222,2,practice,0,5,change,6,j,1,1173.1881,NA
9222,2,0,1,1,change,6,j,1,1771.0044,NA
9222,2,0,2,2,change,6,f,0,3165.9737,NA
9222,2,0,3,3,nochange,6,j,0,2754.2642,NA
9222,2,0,4,4,nochange,6,f,1,2135.1,NA
9222,2,0,5,5,change,6,j,1,1223.2325,NA
9222,2,0,6,6,nochange,6,f,1,2480.665,NA
9222,2,0,7,7,nochange,6,f,1,3135.2537,NA
9222,2,0,8,8,change,6,j,1,1724.5483,1
9222,2,0,9,9,nochange,6,f,1,1867.7736,NA
9222,2,0,10,10,change,6,j,1,2335.2574,NA
9222,2,0,11,11,change,6,f,0,2147.2745,NA
9222,2,0,12,12,nochange,6,j,0,4333.4229,NA
9222,2,0,13,13,change,6,f,0,1864.287,NA
9222,2,0,14,14,change,6,j,1,1071.7444,NA
9222,2,0,15,15,nochange,6,f,1,1035.5137,NA
9222,2,0,16,16,nochange,6,f,1,1256.6878,1
9222,2,0,17,17,change,6,j,1,857.5932,NA
9222,2,0,18,18,nochange,6,f,1,1137.8882,NA
9222,2,0,19,19,nochange,6,f,1,1126.2312,NA
9222,2,0,20,20,change,6,j,1,1191.5186,NA
9222,2,0,21,21,change,6,f,0,1695.2777,NA
9222,2,0,22,22,nochange,6,f,1,1157.4555,NA
9222,2,0,23,23,nochange,6,f,1,1028.0235,NA
9222,2,0,24,24,change,6,j,1,1019.2636,2
9222,2,0,25,25,nochange,6,f,1,1654.5321,NA
9222,2,0,26,26,nochange,6,f,1,1091.8251,NA
9222,2,0,27,27,nochange,6,f,1,1467.0786,NA
9222,2,0,28,28,nochange,6,j,0,3252.4511,NA
9222,2,0,29,29,nochange,6,f,1,1756.7123,NA
9222,2,0,30,30,change,6,f,0,2494.4384,NA
9222,2,0,31,31,nochange,6,f,1,2644.3314,NA
9222,2,0,32,32,nochange,6,j,0,3009.6752,2
9222,2,0,33,33,change,6,j,1,1936.4328,NA
9222,2,0,34,34,change,6,f,0,1901.0418,NA
9222,2,0,35,35,nochange,6,f,1,1787.436,NA
9222,2,0,36,36,change,6,f,0,1990.2171,NA
9222,2,0,37,37,change,6,f,0,2323.7579,NA
9222,2,0,38,38,change,6,j,1,3385.7549,NA
9222,2,0,39,39,change,6,j,1,1863.6401,NA
9222,2,0,40,40,change,6,f,0,2253.5595,3
9222,2,0,41,41,change,6,f,0,2514.3939,NA
9222,2,0,42,42,nochange,6,f,1,1459.4468,NA
9222,2,0,43,43,change,6,j,1,3044.081,NA
9222,2,0,44,44,nochange,6,j,0,1328.5308,NA
9222,2,0,45,45,change,6,j,1,1652.0661,NA
9222,2,0,46,46,change,6,f,0,2057.5815,NA
9222,2,0,47,47,change,6,j,1,2037.0435,NA
9222,2,0,48,48,nochange,6,f,1,1618.0966,2
9222,2,0,49,49,nochange,6,f,1,1559.7617,NA
9222,2,0,50,50,change,6,f,0,1176.0639,NA
9222,2,0,51,51,nochange,6,j,0,2408.7555,NA
9222,2,0,52,52,nochange,6,j,0,1123.645,NA
9222,2,0,53,53,change,6,f,0,1356.7344,NA
9222,2,0,54,54,nochange,6,f,1,2220.0839,NA
9222,2,0,55,55,change,6,f,0,1947.8861,NA
9222,2,0,56,56,change,6,f,0,1989.5591,2
9222,2,0,57,57,nochange,6,f,1,2700.0786,NA
9222,2,0,58,58,nochange,6,f,1,1457.9795,NA
9222,2,0,59,59,nochange,6,f,1,1920.4932,NA
9222,2,0,60,60,change,6,j,1,2324.2119,NA
9223,2,practice,0,1,change,6,f,0,4106.4179,NA
9223,2,practice,0,2,change,6,j,1,3042.9774,NA
9223,2,practice,0,3,change,6,f,0,0.345500000003,NA
9223,2,practice,0,4,change,6,j,1,1948.6511,NA
9223,2,practice,0,5,nochange,6,j,0,1660.104,NA
9223,2,0,1,1,nochange,6,f,1,23.4036,NA
9223,2,0,2,2,change,6,j,1,8.30880000001,NA
9223,2,0,3,3,change,6,j,1,455.4534,NA
9223,2,0,4,4,change,6,f,0,576.8932,NA
9223,2,0,5,5,nochange,6,j,0,11.8426,NA
9223,2,0,6,6,nochange,6,f,1,10.5801,NA
9223,2,0,7,7,nochange,6,f,1,1635.9184,NA
9223,2,0,8,8,change,6,j,1,1628.3475,3
9223,2,0,9,9,nochange,6,f,1,574.8233,NA
9223,2,0,10,10,nochange,6,f,1,10673.9013,NA
9223,2,0,11,11,change,6,j,1,411.9506,NA
9223,2,0,12,12,change,6,f,0,326.1706,NA
9223,2,0,13,13,nochange,6,j,0,624.1914,NA
9223,2,0,14,14,change,6,f,0,431.1001,NA
9223,2,0,15,15,change,6,j,1,628.6485,NA
9223,2,0,16,16,change,6,f,0,4.95749999999,3
9223,2,0,17,17,change,6,f,0,507.6436,NA
9223,2,0,18,18,change,6,j,1,1166.9727,NA
9223,2,0,19,19,nochange,6,f,1,793.2393,NA
9223,2,0,20,20,change,6,j,1,1148.6323,NA
9223,2,0,21,21,nochange,6,f,1,668.3664,NA
9223,2,0,22,22,nochange,6,j,0,953.992,NA
9223,2,0,23,23,change,6,f,0,591.2162,NA
9223,2,0,24,24,nochange,6,j,0,946.8557,3
9223,2,0,25,25,change,6,j,1,9.88499999995,NA
9223,2,0,26,26,nochange,6,f,1,7.35149999993,NA
9223,2,0,27,27,nochange,6,j,0,626.9957,NA
9223,2,0,28,28,nochange,6,f,1,742.8512,NA
9223,2,0,29,29,nochange,6,j,0,423.0041,NA
9223,2,0,30,30,nochange,6,f,1,547.4643,NA
9223,2,0,31,31,nochange,6,j,0,512.533,NA
9223,2,0,32,32,nochange,6,f,1,8.37110000005,3
9223,2,0,33,33,nochange,6,f,1,11.544,NA
9223,2,0,34,34,nochange,6,j,0,825.7635,NA
9223,2,0,35,35,change,6,f,0,6.34369999997,NA
9223,2,0,36,36,nochange,6,j,0,674.0667,NA
9223,2,0,37,37,nochange,6,f,1,685.9075,NA
9223,2,0,38,38,nochange,6,f,1,526.5767,NA
9223,2,0,39,39,nochange,6,j,0,692.6942,NA
9223,2,0,40,40,change,6,j,1,609.2461,3
9223,2,0,41,41,change,6,f,0,9.60830000002,NA
9223,2,0,42,42,change,6,j,1,2.2157,NA
9223,2,0,43,43,change,6,j,1,567.1699,NA
9223,2,0,44,44,change,6,f,0,555.4046,NA
9223,2,0,45,45,change,6,j,1,1889.6249,NA
9223,2,0,46,46,change,6,f,0,11.6409,NA
9223,2,0,47,47,nochange,6,j,0,5.48000000004,NA
9223,2,0,48,48,change,6,f,0,11.099,3
9223,2,0,49,49,change,6,f,0,15.5212,NA
9223,2,0,50,50,nochange,6,f,1,1659.4074,NA
9223,2,0,51,51,change,6,j,1,6.06170000002,NA
9223,2,0,52,52,change,6,j,1,2142.469,NA
9223,2,0,53,53,change,6,f,0,571.1294,NA
9223,2,0,54,54,nochange,6,j,0,606.5304,NA
9223,2,0,55,55,nochange,6,f,1,542.3683,NA
9223,2,0,56,56,change,6,j,1,628.364,3
9223,2,0,57,57,nochange,6,f,1,4.51649999997,NA
9223,2,0,58,58,change,6,j,1,921.9222,NA
9223,2,0,59,59,nochange,6,j,0,691.8663,NA
9223,2,0,60,60,change,6,f,0,1307.3878,NA
9225,2,practice,0,1,nochange,6,f,1,1602.9599,NA
9225,2,practice,0,2,nochange,6,j,0,1775.7316,NA
9225,2,practice,0,3,change,6,j,1,1043.5633,NA
9225,2,practice,0,4,nochange,6,f,1,884.6081,NA
9225,2,practice,0,5,nochange,6,f,1,817.7792,NA
9225,2,0,1,1,nochange,6,f,1,933.2708,NA
9225,2,0,2,2,change,6,j,1,1009.1398,NA
9225,2,0,3,3,nochange,6,f,1,1253.4156,NA
9225,2,0,4,4,nochange,6,f,1,2140.468,NA
9225,2,0,5,5,nochange,6,f,1,1024.9143,NA
9225,2,0,6,6,change,6,j,1,990.1065,NA
9225,2,0,7,7,change,6,j,1,927.7206,NA
9225,2,0,8,8,change,6,j,1,1074.8618,2
9225,2,0,9,9,change,6,j,1,1699.6399,NA
9225,2,0,10,10,change,6,j,1,893.1757,NA
9225,2,0,11,11,change,6,j,1,859.7534,NA
9225,2,0,12,12,nochange,6,f,1,1877.9205,NA
9225,2,0,13,13,nochange,6,f,1,939.7899,NA
9225,2,0,14,14,change,6,f,0,1238.9306,NA
9225,2,0,15,15,change,6,j,1,1312.1522,NA
9225,2,0,16,16,nochange,6,f,1,1933.5862,1
9225,2,0,17,17,nochange,6,f,1,1481.2218,NA
9225,2,0,18,18,nochange,6,f,1,931.3917,NA
9225,2,0,19,19,nochange,6,f,1,964.3374,NA
9225,2,0,20,20,nochange,6,f,1,1046.6899,NA
9225,2,0,21,21,change,6,j,1,910.3539,NA
9225,2,0,22,22,change,6,f,0,1667.8769,NA
9225,2,0,23,23,nochange,6,f,1,1110.5753,NA
9225,2,0,24,24,change,6,j,1,1312.6832,1
9225,2,0,25,25,nochange,6,f,1,1151.8465,NA
9225,2,0,26,26,nochange,6,f,1,773.9322,NA
9225,2,0,27,27,change,6,j,1,1499.0989,NA
9225,2,0,28,28,change,6,j,1,1868.5465,NA
9225,2,0,29,29,change,6,j,1,1131.9941,NA
9225,2,0,30,30,change,6,j,1,1525.0233,NA
9225,2,0,31,31,change,6,j,1,1025.0377,NA
9225,2,0,32,32,change,6,j,1,965.8681,1
9225,2,0,33,33,change,6,f,0,1449.7973,NA
9225,2,0,34,34,change,6,j,1,892.0416,NA
9225,2,0,35,35,change,6,j,1,1672.3387,NA
9225,2,0,36,36,nochange,6,f,1,1484.4879,NA
9225,2,0,37,37,nochange,6,f,1,757.196,NA
9225,2,0,38,38,change,6,j,1,925.7365,NA
9225,2,0,39,39,nochange,6,f,1,934.8087,NA
9225,2,0,40,40,nochange,6,f,1,974.5302,2
9225,2,0,41,41,nochange,6,j,0,1354.7201,NA
9225,2,0,42,42,change,6,j,1,1446.1548,NA
9225,2,0,43,43,nochange,6,f,1,1019.6384,NA
9225,2,0,44,44,nochange,6,j,0,2136.8731,NA
9225,2,0,45,45,nochange,6,j,0,1318.4103,NA
9225,2,0,46,46,nochange,6,f,1,869.4539,NA
9225,2,0,47,47,change,6,j,1,904.4984,NA
9225,2,0,48,48,change,6,j,1,1070.0062,5
9225,2,0,49,49,change,6,j,1,927.8855,NA
9225,2,0,50,50,nochange,6,f,1,893.2005,NA
9225,2,0,51,51,nochange,6,f,1,834.5232,NA
9225,2,0,52,52,nochange,6,f,1,951.3595,NA
9225,2,0,53,53,nochange,6,f,1,702.8285,NA
9225,2,0,54,54,nochange,6,f,1,866.1939,NA
9225,2,0,55,55,nochange,6,f,1,851.2983,NA
9225,2,0,56,56,change,6,j,1,2535.6811,2
9225,2,0,57,57,change,6,j,1,1250.1867,NA
9225,2,0,58,58,change,6,j,1,969.2266,NA
9225,2,0,59,59,change,6,f,0,1163.5766,NA
9225,2,0,60,60,nochange,6,f,1,1005.7544,NA
9226,2,practice,0,1,change,6,f,0,1106.3555,NA
9226,2,practice,0,2,nochange,6,f,1,2577.4681,NA
9226,2,practice,0,3,nochange,6,f,1,693.8573,NA
9226,2,practice,0,4,change,6,j,1,986.7228,NA
9226,2,practice,0,5,nochange,6,f,1,1284.4658,NA
9226,2,0,1,1,nochange,6,f,1,1513.7324,NA
9226,2,0,2,2,nochange,6,f,1,781.1465,NA
9226,2,0,3,3,nochange,6,f,1,616.4004,NA
9226,2,0,4,4,change,6,j,1,678.4602,NA
9226,2,0,5,5,nochange,6,f,1,669.9785,NA
9226,2,0,6,6,nochange,6,f,1,1259.2213,NA
9226,2,0,7,7,nochange,6,f,1,870.2544,NA
9226,2,0,8,8,nochange,6,f,1,949.6772,1
9226,2,0,9,9,change,6,j,1,1238.2885,NA
9226,2,0,10,10,change,6,j,1,2093.009,NA
9226,2,0,11,11,change,6,j,1,1491.1861,NA
9226,2,0,12,12,nochange,6,f,1,1355.2074,NA
9226,2,0,13,13,nochange,6,f,1,2539.3641,NA
9226,2,0,14,14,nochange,6,f,1,774.7748,NA
9226,2,0,15,15,nochange,6,f,1,1170.8014,NA
9226,2,0,16,16,change,6,j,1,1059.3324,2
9226,2,0,17,17,change,6,j,1,1316.4039,NA
9226,2,0,18,18,nochange,6,f,1,1705.7147,NA
9226,2,0,19,19,nochange,6,f,1,1850.314,NA
9226,2,0,20,20,change,6,j,1,1569.3752,NA
9226,2,0,21,21,change,6,j,1,1252.6274,NA
9226,2,0,22,22,change,6,j,1,3105.3685,NA
9226,2,0,23,23,change,6,j,1,1314.8416,NA
9226,2,0,24,24,change,6,j,1,1241.4938,2
9226,2,0,25,25,change,6,f,0,3698.2201,NA
9226,2,0,26,26,nochange,6,j,0,1482.3036,NA
9226,2,0,27,27,change,6,f,0,2860.0728,NA
9226,2,0,28,28,nochange,6,f,1,1364.101,NA
9226,2,0,29,29,nochange,6,j,0,1157.3351,NA
9226,2,0,30,30,change,6,j,1,2389.9068,NA
9226,2,0,31,31,nochange,6,f,1,1585.8565,NA
9226,2,0,32,32,nochange,6,f,1,1644.9478,3
9226,2,0,33,33,change,6,j,1,1464.5765,NA
9226,2,0,34,34,change,6,j,1,4098.0023,NA
9226,2,0,35,35,change,6,j,1,1744.689,NA
9226,2,0,36,36,nochange,6,f,1,519.8408,NA
9226,2,0,37,37,change,6,j,1,1104.8183,NA
9226,2,0,38,38,change,6,j,1,1345.5074,NA
9226,2,0,39,39,nochange,6,f,1,1418.1202,NA
9226,2,0,40,40,change,6,j,1,1022.9165,1
9226,2,0,41,41,nochange,6,f,1,1471.6355,NA
9226,2,0,42,42,nochange,6,f,1,835.9687,NA
9226,2,0,43,43,nochange,6,f,1,4965.0956,NA
9226,2,0,44,44,change,6,j,1,1153.1377,NA
9226,2,0,45,45,change,6,j,1,2178.5433,NA
9226,2,0,46,46,nochange,6,j,0,1680.0727,NA
9226,2,0,47,47,change,6,j,1,909.3435,NA
9226,2,0,48,48,nochange,6,f,1,1027.0117,1
9226,2,0,49,49,change,6,j,1,886.746,NA
9226,2,0,50,50,nochange,6,f,1,1841.9507,NA
9226,2,0,51,51,change,6,j,1,863.6112,NA
9226,2,0,52,52,nochange,6,f,1,902.9584,NA
9226,2,0,53,53,change,6,j,1,1772.7412,NA
9226,2,0,54,54,change,6,j,1,913.9868,NA
9226,2,0,55,55,change,6,j,1,1116.8763,NA
9226,2,0,56,56,change,6,j,1,1027.3484,1
9226,2,0,57,57,nochange,6,j,0,2121.9575,NA
9226,2,0,58,58,nochange,6,f,1,2227.0259,NA
9226,2,0,59,59,change,6,j,1,3086.0048,NA
9226,2,0,60,60,nochange,6,f,1,1247.1711,NA
9228,2,practice,0,1,nochange,6,j,0,1176.4673,NA
9228,2,practice,0,2,change,6,j,1,1613.315,NA
9228,2,practice,0,3,nochange,6,f,1,813.9648,NA
9228,2,practice,0,4,nochange,6,j,0,1501.9427,NA
9228,2,practice,0,5,nochange,6,f,1,624.7624,NA
9228,2,0,1,1,change,6,f,0,52.4258,NA
9228,2,0,2,2,change,6,j,1,22.9272,NA
9228,2,0,3,3,nochange,6,f,1,9.9504,NA
9228,2,0,4,4,change,6,j,1,7.17160000002,NA
9228,2,0,5,5,change,6,f,0,15.9987,NA
9228,2,0,6,6,nochange,6,f,1,10.4195,NA
9228,2,0,7,7,nochange,6,f,1,9806.5781,NA
9228,2,0,8,8,change,6,j,1,5200.8439,4
9228,2,0,9,9,nochange,6,j,0,734.7966,NA
9228,2,0,10,10,change,6,f,0,6000.2499,NA
9228,2,0,11,11,nochange,6,j,0,2193.8283,NA
9228,2,0,12,12,change,6,j,1,1403.8696,NA
9228,2,0,13,13,nochange,6,f,1,1571.6511,NA
9228,2,0,14,14,change,6,j,1,1288.391,NA
9228,2,0,15,15,change,6,j,1,1815.5273,NA
9228,2,0,16,16,nochange,6,j,0,3913.757,5
9228,2,0,17,17,nochange,6,f,1,3913.1595,NA
9228,2,0,18,18,change,6,j,1,2331.3682,NA
9228,2,0,19,19,nochange,6,j,0,4401.5257,NA
9228,2,0,20,20,change,6,f,0,9209.9467,NA
9228,2,0,21,21,change,6,j,1,1379.5144,NA
9228,2,0,22,22,change,6,j,1,1641.9538,NA
9228,2,0,23,23,change,6,j,1,6219.655,NA
9228,2,0,24,24,nochange,6,f,1,1344.4133,3
9228,2,0,25,25,nochange,6,j,0,6335.6225,NA
9228,2,0,26,26,nochange,6,j,0,2112.8767,NA
9228,2,0,27,27,nochange,6,j,0,15673.1434,NA
9228,2,0,28,28,change,6,f,0,1555.0848,NA
9228,2,0,29,29,nochange,6,j,0,2307.8217,NA
9228,2,0,30,30,nochange,6,f,1,2317.7752,NA
9228,2,0,31,31,nochange,6,j,0,1957.5024,NA
9228,2,0,32,32,change,6,j,1,16493.4537,4
9228,2,0,33,33,change,6,j,1,1247.4833,NA
9228,2,0,34,34,change,6,j,1,1292.3283,NA
9228,2,0,35,35,change,6,j,1,1311.7823,NA
9228,2,0,36,36,nochange,6,f,1,1651.0628,NA
9228,2,0,37,37,change,6,j,1,1866.5872,NA
9228,2,0,38,38,change,6,f,0,2008.6874,NA
9228,2,0,39,39,change,6,f,0,1889.2357,NA
9228,2,0,40,40,nochange,6,j,0,8939.2277,3
9228,2,0,41,41,change,6,f,0,1293.6575,NA
9228,2,0,42,42,change,6,f,0,13440.158,NA
9228,2,0,43,43,change,6,j,1,2732.3841,NA
9228,2,0,44,44,nochange,6,j,0,1812.9425,NA
9228,2,0,45,45,nochange,6,f,1,1773.5603,NA
9228,2,0,46,46,nochange,6,f,1,5448.4976,NA
9228,2,0,47,47,change,6,j,1,2195.8712,NA
9228,2,0,48,48,nochange,6,f,1,1313.9744,2
9228,2,0,49,49,nochange,6,f,1,1461.6625,NA
9228,2,0,50,50,nochange,6,j,0,1830.2995,NA
9228,2,0,51,51,nochange,6,j,0,9088.502,NA
9228,2,0,52,52,nochange,6,j,0,8907.6417,NA
9228,2,0,53,53,nochange,6,f,1,866.3909,NA
9228,2,0,54,54,nochange,6,j,0,11.3732,NA
9228,2,0,55,55,change,6,j,1,5.33189999999,NA
9228,2,0,56,56,nochange,6,j,0,4.35479999997,4
9228,2,0,57,57,change,6,f,0,5.03929999995,NA
9228,2,0,58,58,nochange,6,f,1,4.31739999994,NA
9228,2,0,59,59,change,6,j,1,6.52429999993,NA
9228,2,0,60,60,change,6,j,1,7029.4481,NA
9229,2,practice,0,1,change,6,f,0,2448.5425,NA
9229,2,practice,0,2,change,6,j,1,0.245399999993,NA
9229,2,practice,0,3,change,6,f,0,0.228999999999,NA
9229,2,practice,0,4,change,6,j,1,0.200699999994,NA
9229,2,practice,0,5,change,6,j,1,0.191900000005,NA
9229,2,0,1,1,nochange,6,j,0,44.6069,NA
9229,2,0,2,2,change,6,f,0,6.71149999999,NA
9229,2,0,3,3,change,6,j,1,8.6636,NA
9229,2,0,4,4,nochange,6,j,0,11.9323,NA
9229,2,0,5,5,nochange,6,f,1,12.6271,NA
9229,2,0,6,6,nochange,6,j,0,7.04879999999,NA
9229,2,0,7,7,change,6,j,1,4.0523,NA
9229,2,0,8,8,nochange,6,j,0,16.03,2
9229,2,0,9,9,change,6,f,0,16.1355,NA
9229,2,0,10,10,nochange,6,j,0,7.1299,NA
9229,2,0,11,11,change,6,j,1,3.02900000001,NA
9229,2,0,12,12,nochange,6,j,0,10.0799,NA
9229,2,0,13,13,change,6,j,1,4.80140000003,NA
9229,2,0,14,14,change,6,j,1,7.52510000003,NA
9229,2,0,15,15,nochange,6,f,1,13.4788,NA
9229,2,0,16,16,change,6,j,1,9.67059999998,2
9229,2,0,17,17,nochange,6,j,0,5.96300000002,NA
9229,2,0,18,18,change,6,j,1,11.1262,NA
9229,2,0,19,19,nochange,6,f,1,9.66999999998,NA
9229,2,0,20,20,nochange,6,j,0,16.037,NA
9229,2,0,21,21,change,6,f,0,643.5464,NA
9229,2,0,22,22,nochange,6,j,0,8.84870000003,NA
9229,2,0,23,23,nochange,6,j,0,11.1712,NA
9229,2,0,24,24,nochange,6,j,0,10.5576,2
9229,2,0,25,25,nochange,6,j,0,16.9521,NA
9229,2,0,26,26,nochange,6,f,1,9.93660000002,NA
9229,2,0,27,27,nochange,6,j,0,3.27729999999,NA
9229,2,0,28,28,change,6,f,0,7.97090000001,NA
9229,2,0,29,29,change,6,j,1,11.8891,NA
9229,2,0,30,30,nochange,6,j,0,15.7458999999,NA
9229,2,0,31,31,change,6,f,0,15.9892,NA
9229,2,0,32,32,change,6,j,1,11.3353,1
9229,2,0,33,33,change,6,j,1,8.65209999995,NA
9229,2,0,34,34,nochange,6,f,1,14.9091,NA
9229,2,0,35,35,change,6,f,0,3.7107,NA
9229,2,0,36,36,change,6,j,1,14.2415,NA
9229,2,0,37,37,change,6,f,0,10.4764999999,NA
9229,2,0,38,38,nochange,6,j,0,16.1897,NA
9229,2,0,39,39,nochange,6,f,1,3.96169999999,NA
9229,2,0,40,40,change,6,j,1,10.9299,2
9229,2,0,41,41,change,6,j,1,6.22079999995,NA
9229,2,0,42,42,change,6,f,0,8.4486,NA
9229,2,0,43,43,change,6,f,0,1691.8458,NA
9229,2,0,44,44,nochange,6,j,0,1017.3525,NA
9229,2,0,45,45,change,6,f,0,1271.0313,NA
9229,2,0,46,46,change,6,f,0,1222.9834,NA
9229,2,0,47,47,nochange,6,j,0,10.9373,NA
9229,2,0,48,48,change,6,j,1,12.2714,3
9229,2,0,49,49,change,6,j,1,8.83919999999,NA
9229,2,0,50,50,change,6,f,0,18.9287,NA
9229,2,0,51,51,change,6,j,1,807.3542,NA
9229,2,0,52,52,nochange,6,f,1,1.41590000002,NA
9229,2,0,53,53,change,6,j,1,584.8799,NA
9229,2,0,54,54,nochange,6,f,1,10.798,NA
9229,2,0,55,55,nochange,6,j,0,3.4656,NA
9229,2,0,56,56,nochange,6,j,0,11.3197,3
9229,2,0,57,57,nochange,6,j,0,6.08099999995,NA
9229,2,0,58,58,nochange,6,f,1,12.335,NA
9229,2,0,59,59,nochange,6,f,1,6.7352,NA
9229,2,0,60,60,change,6,j,1,10.2888,NA
9230,2,practice,0,1,nochange,6,j,0,1483.3726,NA
9230,2,practice,0,2,nochange,6,j,0,1127.2685,NA
9230,2,practice,0,3,nochange,6,j,0,1150.1684,NA
9230,2,practice,0,4,nochange,6,f,1,916.062,NA
9230,2,practice,0,5,nochange,6,f,1,1666.7535,NA
9230,2,0,1,1,nochange,6,f,1,27.1527,NA
9230,2,0,2,2,change,6,f,0,10.4401,NA
9230,2,0,3,3,change,6,f,0,5.90669999999,NA
9230,2,0,4,4,nochange,6,j,0,1274.5336,NA
9230,2,0,5,5,change,6,j,1,1179.6488,NA
9230,2,0,6,6,nochange,6,j,0,858.3262,NA
9230,2,0,7,7,change,6,f,0,867.0495,NA
9230,2,0,8,8,change,6,j,1,1593.8865,4
9230,2,0,9,9,change,6,f,0,1628.154,NA
9230,2,0,10,10,change,6,f,0,27815.5394,NA
9230,2,0,11,11,change,6,j,1,831.9312,NA
9230,2,0,12,12,nochange,6,f,1,8.6231,NA
9230,2,0,13,13,nochange,6,f,1,1520.2341,NA
9230,2,0,14,14,nochange,6,f,1,703.1374,NA
9230,2,0,15,15,nochange,6,j,0,764.9293,NA
9230,2,0,16,16,nochange,6,f,1,18.555,4
9230,2,0,17,17,nochange,6,j,0,1886.8913,NA
9230,2,0,18,18,nochange,6,f,1,19.209,NA
9230,2,0,19,19,nochange,6,j,0,1314.3475,NA
9230,2,0,20,20,nochange,6,j,0,3256.8482,NA
9230,2,0,21,21,change,6,j,1,2631.1128,NA
9230,2,0,22,22,nochange,6,j,0,4076.3348,NA
9230,2,0,23,23,change,6,j,1,1367.5602,NA
9230,2,0,24,24,change,6,f,0,1.59449999995,4
9230,2,0,25,25,change,6,f,0,4.04490000004,NA
9230,2,0,26,26,nochange,6,j,0,8.08030000003,NA
9230,2,0,27,27,nochange,6,f,1,6.59379999997,NA
9230,2,0,28,28,change,6,j,1,10.7007,NA
9230,2,0,29,29,change,6,f,0,7.09339999995,NA
9230,2,0,30,30,nochange,6,j,0,8.10719999997,NA
9230,2,0,31,31,change,6,f,0,2614.0119,NA
9230,2,0,32,32,nochange,6,j,0,10.2217999999,4
9230,2,0,33,33,change,6,f,0,7.82399999996,NA
9230,2,0,34,34,change,6,f,0,14.7547,NA
9230,2,0,35,35,nochange,6,f,1,20.0433,NA
9230,2,0,36,36,change,6,j,1,8.30889999995,NA
9230,2,0,37,37,nochange,6,f,1,10.5281,NA
9230,2,0,38,38,change,6,j,1,2.84470000002,NA
9230,2,0,39,39,nochange,6,f,1,6.98430000001,NA
9230,2,0,40,40,nochange,6,f,1,6.8872,5
9230,2,0,41,41,nochange,6,f,1,24.3973,NA
9230,2,0,42,42,change,6,f,0,20.218,NA
9230,2,0,43,43,change,6,j,1,5.95929999993,NA
9230,2,0,44,44,nochange,6,f,1,11.184,NA
9230,2,0,45,45,nochange,6,j,0,5.12950000004,NA
9230,2,0,46,46,change,6,j,1,7.0367,NA
9230,2,0,47,47,change,6,j,1,9.81530000002,NA
9230,2,0,48,48,change,6,j,1,9.04350000003,4
9230,2,0,49,49,change,6,f,0,914.4331,NA
9230,2,0,50,50,change,6,j,1,8.46759999997,NA
9230,2,0,51,51,nochange,6,f,1,3.5601,NA
9230,2,0,52,52,nochange,6,f,1,7.19260000001,NA
9230,2,0,53,53,nochange,6,j,0,1540.2863,NA
9230,2,0,54,54,change,6,f,0,5.25320000004,NA
9230,2,0,55,55,change,6,f,0,8.0466,NA
9230,2,0,56,56,change,6,f,0,5.09470000007,3
9230,2,0,57,57,nochange,6,f,1,2238.6835,NA
9230,2,0,58,58,nochange,6,f,1,2475.6619,NA
9230,2,0,59,59,nochange,6,j,0,7.56940000009,NA
9230,2,0,60,60,change,6,f,0,5.2047,NA
9232,2,practice,0,1,change,6,f,0,1444.1265,NA
9232,2,practice,0,2,change,6,j,1,816.1385,NA
9232,2,practice,0,3,change,6,f,0,1796.6411,NA
9232,2,practice,0,4,nochange,6,f,1,1134.5162,NA
9232,2,practice,0,5,change,6,j,1,1195.0114,NA
9232,2,0,1,1,change,6,f,0,1886.7661,NA
9232,2,0,2,2,change,6,f,0,1706.8008,NA
9232,2,0,3,3,nochange,6,f,1,954.2387,NA
9232,2,0,4,4,change,6,j,1,1356.4061,NA
9232,2,0,5,5,change,6,f,0,1396.0407,NA
9232,2,0,6,6,change,6,f,0,1285.715,NA
9232,2,0,7,7,change,6,f,0,2274.4343,NA
9232,2,0,8,8,change,6,j,1,1463.3124,2
9232,2,0,9,9,nochange,6,f,1,1955.1755,NA
9232,2,0,10,10,change,6,f,0,1121.6177,NA
9232,2,0,11,11,change,6,f,0,1876.8227,NA
9232,2,0,12,12,change,6,j,1,1527.0308,NA
9232,2,0,13,13,nochange,6,j,0,1162.1618,NA
9232,2,0,14,14,nochange,6,f,1,1659.2452,NA
9232,2,0,15,15,nochange,6,f,1,1403.6482,NA
9232,2,0,16,16,change,6,f,0,2121.8813,2
9232,2,0,17,17,change,6,j,1,1733.1783,NA
9232,2,0,18,18,change,6,j,1,1422.6532,NA
9232,2,0,19,19,nochange,6,f,1,2793.0302,NA
9232,2,0,20,20,nochange,6,f,1,2269.8399,NA
9232,2,0,21,21,nochange,6,f,1,2693.6957,NA
9232,2,0,22,22,nochange,6,f,1,1150.4926,NA
9232,2,0,23,23,nochange,6,f,1,998.0103,NA
9232,2,0,24,24,nochange,6,j,0,3742.8647,2
9232,2,0,25,25,nochange,6,f,1,975.546,NA
9232,2,0,26,26,nochange,6,j,0,2134.7938,NA
9232,2,0,27,27,nochange,6,f,1,2154.3077,NA
9232,2,0,28,28,change,6,f,0,1748.6146,NA
9232,2,0,29,29,nochange,6,f,1,1740.8042,NA
9232,2,0,30,30,change,6,j,1,1052.3751,NA
9232,2,0,31,31,nochange,6,j,0,2099.0447,NA
9232,2,0,32,32,nochange,6,j,0,2480.0027,2
9232,2,0,33,33,nochange,6,f,1,1443.9442,NA
9232,2,0,34,34,change,6,j,1,1252.0984,NA
9232,2,0,35,35,change,6,j,1,2454.6113,NA
9232,2,0,36,36,change,6,f,0,1743.5934,NA
9232,2,0,37,37,change,6,f,0,2899.6205,NA
9232,2,0,38,38,nochange,6,f,1,1161.5712,NA
9232,2,0,39,39,change,6,j,1,1190.7678,NA
9232,2,0,40,40,nochange,6,f,1,981.7457,1
9232,2,0,41,41,nochange,6,j,0,1974.1999,NA
9232,2,0,42,42,nochange,6,f,1,1125.8228,NA
9232,2,0,43,43,change,6,j,1,3130.6652,NA
9232,2,0,44,44,nochange,6,f,1,2504.0946,NA
9232,2,0,45,45,change,6,f,0,1617.8657,NA
9232,2,0,46,46,change,6,f,0,927.9725,NA
9232,2,0,47,47,nochange,6,j,0,1135.9937,NA
9232,2,0,48,48,change,6,j,1,1029.1718,1
9232,2,0,49,49,change,6,f,0,1739.6545,NA
9232,2,0,50,50,nochange,6,j,0,2435.4379,NA
9232,2,0,51,51,change,6,f,0,2522.5257,NA
9232,2,0,52,52,nochange,6,f,1,1172.877,NA
9232,2,0,53,53,nochange,6,f,1,1282.2215,NA
9232,2,0,54,54,change,6,j,1,1842.9389,NA
9232,2,0,55,55,nochange,6,f,1,931.2485,NA
9232,2,0,56,56,change,6,f,0,2796.6687,2
9232,2,0,57,57,change,6,j,1,1834.0687,NA
9232,2,0,58,58,nochange,6,f,1,1279.7748,NA
9232,2,0,59,59,change,6,f,0,2523.7999,NA
9232,2,0,60,60,nochange,6,f,1,1524.2641,NA
9233,2,practice,0,1,nochange,6,f,1,3633.2689,NA
9233,2,practice,0,2,change,6,j,1,1441.8653,NA
9233,2,practice,0,3,nochange,6,j,0,0.228899999995,NA
9233,2,practice,0,4,nochange,6,f,1,1485.3981,NA
9233,2,practice,0,5,change,6,j,1,1817.6529,NA
9233,2,0,1,1,change,6,j,1,5290.0311,NA
9233,2,0,2,2,nochange,6,j,0,2903.2099,NA
9233,2,0,3,3,change,6,j,1,1877.1612,NA
9233,2,0,4,4,nochange,6,f,1,1796.921,NA
9233,2,0,5,5,change,6,j,1,3220.6074,NA
9233,2,0,6,6,nochange,6,f,1,2393.4009,NA
9233,2,0,7,7,nochange,6,f,1,2940.3621,NA
9233,2,0,8,8,nochange,6,f,1,1228.0701,1
9233,2,0,9,9,nochange,6,j,0,6450.164,NA
9233,2,0,10,10,change,6,j,1,2425.3026,NA
9233,2,0,11,11,nochange,6,j,0,2154.809,NA
9233,2,0,12,12,change,6,j,1,9245.3596,NA
9233,2,0,13,13,nochange,6,f,1,1516.8542,NA
9233,2,0,14,14,nochange,6,f,1,3105.248,NA
9233,2,0,15,15,change,6,f,0,1640.0913,NA
9233,2,0,16,16,nochange,6,f,1,1683.6532,1
9233,2,0,17,17,change,6,j,1,8050.3773,NA
9233,2,0,18,18,nochange,6,f,1,2819.0169,NA
9233,2,0,19,19,change,6,j,1,3779.2984,NA
9233,2,0,20,20,nochange,6,j,0,7324.2742,NA
9233,2,0,21,21,nochange,6,f,1,1581.3627,NA
9233,2,0,22,22,nochange,6,f,1,2045.8105,NA
9233,2,0,23,23,change,6,j,1,3221.4207,NA
9233,2,0,24,24,change,6,j,1,4128.9337,1
9233,2,0,25,25,change,6,f,0,4756.2366,NA
9233,2,0,26,26,nochange,6,f,1,3938.546,NA
9233,2,0,27,27,nochange,6,j,0,4614.6747,NA
9233,2,0,28,28,change,6,j,1,1279.1338,NA
9233,2,0,29,29,change,6,j,1,2499.4694,NA
9233,2,0,30,30,nochange,6,f,1,1241.0004,NA
9233,2,0,31,31,nochange,6,j,0,5221.9174,NA
9233,2,0,32,32,change,6,j,1,4774.2083,2
9233,2,0,33,33,change,6,j,1,2277.7135,NA
9233,2,0,34,34,nochange,6,f,1,1076.0421,NA
9233,2,0,35,35,change,6,j,1,1190.4697,NA
9233,2,0,36,36,nochange,6,f,1,1805.7314,NA
9233,2,0,37,37,nochange,6,j,0,1952.7407,NA
9233,2,0,38,38,nochange,6,j,0,2436.7372,NA
9233,2,0,39,39,change,6,j,1,2505.8361,NA
9233,2,0,40,40,change,6,j,1,1962.2224,1
9233,2,0,41,41,change,6,j,1,1665.7082,NA
9233,2,0,42,42,nochange,6,f,1,1208.3549,NA
9233,2,0,43,43,change,6,j,1,2720.703,NA
9233,2,0,44,44,change,6,j,1,2184.5255,NA
9233,2,0,45,45,change,6,j,1,1683.9411,NA
9233,2,0,46,46,nochange,6,j,0,2870.2425,NA
9233,2,0,47,47,nochange,6,f,1,2256.2119,NA
9233,2,0,48,48,nochange,6,f,1,3717.1547,2
9233,2,0,49,49,change,6,j,1,6599.9411,NA
9233,2,0,50,50,change,6,j,1,3547.2618,NA
9233,2,0,51,51,nochange,6,f,1,1789.3298,NA
9233,2,0,52,52,nochange,6,f,1,3547.807,NA
9233,2,0,53,53,change,6,f,0,3254.2759,NA
9233,2,0,54,54,nochange,6,f,1,2533.909,NA
9233,2,0,55,55,change,6,j,1,2886.7196,NA
9233,2,0,56,56,nochange,6,f,1,5852.1061,2
9233,2,0,57,57,change,6,j,1,3381.3119,NA
9233,2,0,58,58,change,6,j,1,4350.1811,NA
9233,2,0,59,59,change,6,j,1,2246.6927,NA
9233,2,0,60,60,change,6,j,1,7441.3568,NA
9234,2,practice,0,1,nochange,6,f,1,3604.195,NA
9234,2,practice,0,2,nochange,6,j,0,1137.5599,NA
9234,2,practice,0,3,change,6,j,1,1185.5513,NA
9234,2,practice,0,4,nochange,6,f,1,1590.3768,NA
9234,2,practice,0,5,nochange,6,j,0,1878.5924,NA
9234,2,0,1,1,change,6,f,0,1622.0983,NA
9234,2,0,2,2,nochange,6,j,0,3545.8816,NA
9234,2,0,3,3,change,6,j,1,3.3256,NA
9234,2,0,4,4,change,6,f,0,1247.0074,NA
9234,2,0,5,5,change,6,j,1,1653.4677,NA
9234,2,0,6,6,change,6,j,1,2527.2652,NA
9234,2,0,7,7,change,6,j,1,1175.0706,NA
9234,2,0,8,8,nochange,6,f,1,1238.5409,4
9234,2,0,9,9,nochange,6,f,1,804.5358,NA
9234,2,0,10,10,nochange,6,j,0,73.8123,NA
9234,2,0,11,11,nochange,6,f,1,1020.1783,NA
9234,2,0,12,12,nochange,6,f,1,6.30200000003,NA
9234,2,0,13,13,nochange,6,f,1,1411.91,NA
9234,2,0,14,14,nochange,6,j,0,4303.1853,NA
9234,2,0,15,15,change,6,j,1,2666.658,NA
9234,2,0,16,16,nochange,6,f,1,2643.9553,3
9234,2,0,17,17,change,6,j,1,2.80219999998,NA
9234,2,0,18,18,nochange,6,f,1,1250.6929,NA
9234,2,0,19,19,nochange,6,j,0,1565.2339,NA
9234,2,0,20,20,change,6,f,0,1452.4063,NA
9234,2,0,21,21,nochange,6,j,0,1751.3699,NA
9234,2,0,22,22,change,6,f,0,1798.9974,NA
9234,2,0,23,23,nochange,6,j,0,8.20359999998,NA
9234,2,0,24,24,nochange,6,f,1,1335.9187,3
9234,2,0,25,25,change,6,f,0,1767.2788,NA
9234,2,0,26,26,change,6,j,1,785.905,NA
9234,2,0,27,27,nochange,6,f,1,1884.1944,NA
9234,2,0,28,28,change,6,j,1,844.4018,NA
9234,2,0,29,29,nochange,6,f,1,1445.2151,NA
9234,2,0,30,30,nochange,6,j,0,2631.9205,NA
9234,2,0,31,31,change,6,f,0,2219.8363,NA
9234,2,0,32,32,change,6,j,1,980.5343,3
9234,2,0,33,33,change,6,f,0,502.439,NA
9234,2,0,34,34,nochange,6,j,0,825.8839,NA
9234,2,0,35,35,change,6,j,1,1224.5306,NA
9234,2,0,36,36,change,6,j,1,1266.4251,NA
9234,2,0,37,37,nochange,6,j,0,1123.803,NA
9234,2,0,38,38,change,6,j,1,1124.4344,NA
9234,2,0,39,39,nochange,6,f,1,1704.2781,NA
9234,2,0,40,40,change,6,j,1,841.951,3
9234,2,0,41,41,change,6,f,0,474.4206,NA
9234,2,0,42,42,nochange,6,j,0,697.1099,NA
9234,2,0,43,43,nochange,6,f,1,473.7779,NA
9234,2,0,44,44,nochange,6,j,0,568.8764,NA
9234,2,0,45,45,nochange,6,f,1,8810.4349,NA
9234,2,0,46,46,change,6,j,1,555.2829,NA
9234,2,0,47,47,change,6,f,0,2279.7362,NA
9234,2,0,48,48,change,6,f,0,7227.9104,3
9234,2,0,49,49,nochange,6,j,0,507.2969,NA
9234,2,0,50,50,nochange,6,f,1,1867.1772,NA
9234,2,0,51,51,change,6,j,1,887.1295,NA
9234,2,0,52,52,nochange,6,f,1,991.844,NA
9234,2,0,53,53,change,6,j,1,519.43,NA
9234,2,0,54,54,change,6,j,1,991.86,NA
9234,2,0,55,55,change,6,f,0,4.37349999999,NA
9234,2,0,56,56,nochange,6,j,0,4.79879999999,3
9234,2,0,57,57,nochange,6,f,1,670.6722,NA
9234,2,0,58,58,change,6,j,1,1882.5004,NA
9234,2,0,59,59,change,6,f,0,4881.4376,NA
9234,2,0,60,60,nochange,6,j,0,961.9058,NA
9235,2,practice,0,1,change,6,j,1,1266.2907,NA
9235,2,practice,0,2,nochange,6,f,1,926.478,NA
9235,2,practice,0,3,change,6,j,1,1430.2038,NA
9235,2,practice,0,4,change,6,j,1,1650.0556,NA
9235,2,practice,0,5,nochange,6,j,0,1144.5197,NA
9235,2,0,1,1,nochange,6,f,1,1773.0863,NA
9235,2,0,2,2,nochange,6,f,1,1661.7826,NA
9235,2,0,3,3,change,6,j,1,986.8474,NA
9235,2,0,4,4,change,6,f,0,1905.1335,NA
9235,2,0,5,5,change,6,j,1,1345.8358,NA
9235,2,0,6,6,nochange,6,f,1,4163.3069,NA
9235,2,0,7,7,change,6,f,0,2301.8948,NA
9235,2,0,8,8,change,6,j,1,979.2587,1
9235,2,0,9,9,nochange,6,f,1,1167.1319,NA
9235,2,0,10,10,change,6,f,0,4267.2261,NA
9235,2,0,11,11,nochange,6,j,0,1330.8783,NA
9235,2,0,12,12,nochange,6,j,0,1472.3453,NA
9235,2,0,13,13,change,6,j,1,961.2558,NA
9235,2,0,14,14,nochange,6,j,0,1400.4055,NA
9235,2,0,15,15,change,6,j,1,829.7386,NA
9235,2,0,16,16,change,6,j,1,758.4987,1
9235,2,0,17,17,nochange,6,f,1,825.6476,NA
9235,2,0,18,18,nochange,6,f,1,707.7093,NA
9235,2,0,19,19,nochange,6,j,0,934.5555,NA
9235,2,0,20,20,change,6,f,0,1228.3098,NA
9235,2,0,21,21,nochange,6,f,1,779.574,NA
9235,2,0,22,22,nochange,6,j,0,869.7843,NA
9235,2,0,23,23,nochange,6,j,0,846.4823,NA
9235,2,0,24,24,change,6,j,1,895.4626,1
9235,2,0,25,25,nochange,6,f,1,1851.4903,NA
9235,2,0,26,26,change,6,j,1,1914.5216,NA
9235,2,0,27,27,change,6,f,0,1408.8557,NA
9235,2,0,28,28,nochange,6,f,1,1151.7037,NA
9235,2,0,29,29,nochange,6,f,1,1320.9495,NA
9235,2,0,30,30,nochange,6,f,1,1110.2544,NA
9235,2,0,31,31,nochange,6,f,1,1800.2084,NA
9235,2,0,32,32,change,6,j,1,951.3659,1
9235,2,0,33,33,change,6,j,1,1271.4664,NA
9235,2,0,34,34,change,6,j,1,1499.4213,NA
9235,2,0,35,35,change,6,j,1,1101.676,NA
9235,2,0,36,36,nochange,6,j,0,2091.1571,NA
9235,2,0,37,37,nochange,6,f,1,4282.5433,NA
9235,2,0,38,38,change,6,j,1,1373.2999,NA
9235,2,0,39,39,nochange,6,j,0,2480.3069,NA
9235,2,0,40,40,change,6,j,1,5638.7941,5
9235,2,0,41,41,nochange,6,f,1,1560.2043,NA
9235,2,0,42,42,nochange,6,f,1,1114.0861,NA
9235,2,0,43,43,change,6,f,0,1234.149,NA
9235,2,0,44,44,nochange,6,f,1,859.4572,NA
9235,2,0,45,45,nochange,6,f,1,962.3034,NA
9235,2,0,46,46,change,6,j,1,829.7798,NA
9235,2,0,47,47,nochange,6,f,1,1254.5455,NA
9235,2,0,48,48,nochange,6,j,0,984.6524,1
9235,2,0,49,49,change,6,j,1,766.1148,NA
9235,2,0,50,50,change,6,j,1,1387.3291,NA
9235,2,0,51,51,nochange,6,f,1,1116.139,NA
9235,2,0,52,52,change,6,j,1,1687.9518,NA
9235,2,0,53,53,nochange,6,j,0,1138.6211,NA
9235,2,0,54,54,change,6,j,1,1509.4054,NA
9235,2,0,55,55,change,6,j,1,1199.9482,NA
9235,2,0,56,56,nochange,6,f,1,1180.5214,2
9235,2,0,57,57,change,6,j,1,817.7721,NA
9235,2,0,58,58,change,6,j,1,1127.2652,NA
9235,2,0,59,59,change,6,j,1,833.1287,NA
9235,2,0,60,60,change,6,f,0,1793.6661,NA
9236,2,practice,0,1,nochange,6,f,1,1097.4996,NA
9236,2,practice,0,2,change,6,j,1,678.5471,NA
9236,2,practice,0,3,nochange,6,f,1,490.3303,NA
9236,2,practice,0,4,change,6,j,1,1147.0849,NA
9236,2,practice,0,5,change,6,j,1,919.9689,NA
9236,2,0,1,1,nochange,6,j,0,1119.208,NA
9236,2,0,2,2,nochange,6,f,1,1307.7563,NA
9236,2,0,3,3,change,6,f,0,1032.9235,NA
9236,2,0,4,4,change,6,j,1,730.8232,NA
9236,2,0,5,5,change,6,j,1,854.5264,NA
9236,2,0,6,6,change,6,j,1,607.841,NA
9236,2,0,7,7,nochange,6,f,1,942.5406,NA
9236,2,0,8,8,nochange,6,f,1,901.9873,2
9236,2,0,9,9,nochange,6,f,1,992.2453,NA
9236,2,0,10,10,change,6,j,1,780.2204,NA
9236,2,0,11,11,nochange,6,f,1,799.3791,NA
9236,2,0,12,12,nochange,6,f,1,730.5568,NA
9236,2,0,13,13,change,6,j,1,819.2484,NA
9236,2,0,14,14,change,6,j,1,1115.2952,NA
9236,2,0,15,15,change,6,f,0,831.2684,NA
9236,2,0,16,16,change,6,f,0,888.9157,2
9236,2,0,17,17,change,6,j,1,904.5242,NA
9236,2,0,18,18,change,6,j,1,712.5071,NA
9236,2,0,19,19,nochange,6,f,1,946.8496,NA
9236,2,0,20,20,change,6,j,1,1536.1038,NA
9236,2,0,21,21,nochange,6,f,1,979.8065,NA
9236,2,0,22,22,nochange,6,f,1,754.617,NA
9236,2,0,23,23,change,6,j,1,682.7078,NA
9236,2,0,24,24,nochange,6,f,1,841.4714,2
9236,2,0,25,25,nochange,6,f,1,701.4093,NA
9236,2,0,26,26,change,6,j,1,698.7557,NA
9236,2,0,27,27,change,6,j,1,868.1304,NA
9236,2,0,28,28,change,6,j,1,1577.3391,NA
9236,2,0,29,29,change,6,j,1,1010.7526,NA
9236,2,0,30,30,nochange,6,f,1,690.3563,NA
9236,2,0,31,31,nochange,6,f,1,821.0519,NA
9236,2,0,32,32,nochange,6,f,1,1868.3441,2
9236,2,0,33,33,change,6,f,0,668.185,NA
9236,2,0,34,34,nochange,6,f,1,845.7843,NA
9236,2,0,35,35,nochange,6,f,1,863.342,NA
9236,2,0,36,36,change,6,j,1,1125.6734,NA
9236,2,0,37,37,change,6,f,0,1012.7896,NA
9236,2,0,38,38,change,6,j,1,1165.7694,NA
9236,2,0,39,39,change,6,f,0,716.1879,NA
9236,2,0,40,40,nochange,6,f,1,657.6108,2
9236,2,0,41,41,change,6,j,1,885.4429,NA
9236,2,0,42,42,change,6,f,0,1307.4231,NA
9236,2,0,43,43,nochange,6,f,1,1094.4667,NA
9236,2,0,44,44,nochange,6,f,1,812.9974,NA
9236,2,0,45,45,nochange,6,j,0,1122.9138,NA
9236,2,0,46,46,nochange,6,f,1,922.1615,NA
9236,2,0,47,47,nochange,6,f,1,916.8942,NA
9236,2,0,48,48,nochange,6,f,1,815.5861,2
9236,2,0,49,49,change,6,f,0,781.9733,NA
9236,2,0,50,50,change,6,f,0,1612.8189,NA
9236,2,0,51,51,change,6,j,1,1045.2248,NA
9236,2,0,52,52,nochange,6,f,1,794.3622,NA
9236,2,0,53,53,nochange,6,f,1,620.2631,NA
9236,2,0,54,54,nochange,6,f,1,704.5874,NA
9236,2,0,55,55,nochange,6,f,1,719.5175,NA
9236,2,0,56,56,change,6,f,0,865.9226,2
9236,2,0,57,57,change,6,j,1,900.8214,NA
9236,2,0,58,58,nochange,6,f,1,738.9607,NA
9236,2,0,59,59,nochange,6,f,1,897.5787,NA
9236,2,0,60,60,change,6,j,1,934.5463,NA
9237,2,practice,0,1,change,6,j,1,959.9327,NA
9237,2,practice,0,2,nochange,6,f,1,862.3686,NA
9237,2,practice,0,3,nochange,6,f,1,893.3032,NA
9237,2,practice,0,4,nochange,6,f,1,693.2264,NA
9237,2,practice,0,5,change,6,j,1,644.7869,NA
9237,2,0,1,1,nochange,6,f,1,558.092,NA
9237,2,0,2,2,change,6,j,1,815.3548,NA
9237,2,0,3,3,nochange,6,f,1,1039.3493,NA
9237,2,0,4,4,nochange,6,f,1,2089.9439,NA
9237,2,0,5,5,change,6,j,1,581.4053,NA
9237,2,0,6,6,change,6,f,0,382.6667,NA
9237,2,0,7,7,change,6,j,1,377.3085,NA
9237,2,0,8,8,nochange,6,f,1,311.5244,2
9237,2,0,9,9,nochange,6,f,1,685.8886,NA
9237,2,0,10,10,change,6,j,1,433.5605,NA
9237,2,0,11,11,change,6,f,0,424.8314,NA
9237,2,0,12,12,change,6,j,1,2164.1443,NA
9237,2,0,13,13,change,6,f,0,501.9121,NA
9237,2,0,14,14,nochange,6,j,0,930.9321,NA
9237,2,0,15,15,change,6,f,0,560.1455,NA
9237,2,0,16,16,nochange,6,f,1,480.9078,3
9237,2,0,17,17,change,6,j,1,362.3061,NA
9237,2,0,18,18,nochange,6,f,1,1128.2321,NA
9237,2,0,19,19,nochange,6,f,1,972.0773,NA
9237,2,0,20,20,nochange,6,j,0,700.2598,NA
9237,2,0,21,21,change,6,f,0,410.3037,NA
9237,2,0,22,22,nochange,6,f,1,448.5433,NA
9237,2,0,23,23,nochange,6,j,0,432.9854,NA
9237,2,0,24,24,nochange,6,f,1,507.9164,3
9237,2,0,25,25,nochange,6,j,0,471.6989,NA
9237,2,0,26,26,nochange,6,f,1,17.6840000001,NA
9237,2,0,27,27,nochange,6,j,0,453.1457,NA
9237,2,0,28,28,change,6,f,0,478.7555,NA
9237,2,0,29,29,change,6,j,1,878.0812,NA
9237,2,0,30,30,change,6,f,0,1238.8534,NA
9237,2,0,31,31,nochange,6,j,0,522.5827,NA
9237,2,0,32,32,change,6,j,1,410.4927,3
9237,2,0,33,33,change,6,j,1,332.2426,NA
9237,2,0,34,34,change,6,j,1,365.9716,NA
9237,2,0,35,35,change,6,f,0,549.0476,NA
9237,2,0,36,36,change,6,j,1,1138.07,NA
9237,2,0,37,37,nochange,6,f,1,4.64260000002,NA
9237,2,0,38,38,change,6,f,0,14.0955,NA
9237,2,0,39,39,change,6,f,0,8.53249999997,NA
9237,2,0,40,40,nochange,6,f,1,1024.0854,3
9237,2,0,41,41,nochange,6,f,1,390.8155,NA
9237,2,0,42,42,nochange,6,f,1,683.2973,NA
9237,2,0,43,43,change,6,f,0,497.8847,NA
9237,2,0,44,44,change,6,f,0,529.3387,NA
9237,2,0,45,45,change,6,f,0,437.2951,NA
9237,2,0,46,46,change,6,f,0,700.1331,NA
9237,2,0,47,47,change,6,j,1,450.8063,NA
9237,2,0,48,48,nochange,6,j,0,511.4416,3
9237,2,0,49,49,nochange,6,f,1,517.1938,NA
9237,2,0,50,50,nochange,6,j,0,416.7329,NA
9237,2,0,51,51,change,6,f,0,522.7805,NA
9237,2,0,52,52,nochange,6,f,1,534.3925,NA
9237,2,0,53,53,nochange,6,j,0,585.8796,NA
9237,2,0,54,54,nochange,6,f,1,1278.1308,NA
9237,2,0,55,55,nochange,6,f,1,549.2847,NA
9237,2,0,56,56,nochange,6,j,0,577.2208,3
9237,2,0,57,57,change,6,j,1,638.3439,NA
9237,2,0,58,58,change,6,j,1,434.4856,NA
9237,2,0,59,59,change,6,f,0,441.3771,NA
9237,2,0,60,60,nochange,6,j,0,484.0489,NA
9238,2,practice,0,1,nochange,6,f,1,1029.6857,NA
9238,2,practice,0,2,nochange,6,f,1,911.6907,NA
9238,2,practice,0,3,change,6,j,1,911.6468,NA
9238,2,practice,0,4,change,6,f,0,1077.4604,NA
9238,2,practice,0,5,change,6,f,0,1652.354,NA
9238,2,0,1,1,change,6,j,1,1351.2077,NA
9238,2,0,2,2,nochange,6,j,0,2125.1701,NA
9238,2,0,3,3,change,6,f,0,1438.6543,NA
9238,2,0,4,4,nochange,6,f,1,2047.6831,NA
9238,2,0,5,5,nochange,6,f,1,1193.9181,NA
9238,2,0,6,6,change,6,j,1,1145.3157,NA
9238,2,0,7,7,nochange,6,f,1,883.257,NA
9238,2,0,8,8,nochange,6,j,0,1976.9027,5
9238,2,0,9,9,nochange,6,f,1,1043.6321,NA
9238,2,0,10,10,nochange,6,j,0,1035.7166,NA
9238,2,0,11,11,change,6,f,0,1316.3305,NA
9238,2,0,12,12,change,6,j,1,1888.0605,NA
9238,2,0,13,13,change,6,f,0,1307.9821,NA
9238,2,0,14,14,nochange,6,j,0,2992.7125,NA
9238,2,0,15,15,change,6,j,1,1871.9377,NA
9238,2,0,16,16,change,6,f,0,1626.9853,2
9238,2,0,17,17,nochange,6,j,0,1258.6558,NA
9238,2,0,18,18,change,6,f,0,386.158,NA
9238,2,0,19,19,nochange,6,f,1,923.4292,NA
9238,2,0,20,20,change,6,f,0,822.3637,NA
9238,2,0,21,21,nochange,6,j,0,320.188,NA
9238,2,0,22,22,change,6,f,0,1063.912,NA
9238,2,0,23,23,change,6,j,1,1263.5942,NA
9238,2,0,24,24,change,6,j,1,1530.42,4
9238,2,0,25,25,nochange,6,f,1,2286.7309,NA
9238,2,0,26,26,nochange,6,j,0,1106.1638,NA
9238,2,0,27,27,change,6,j,1,1936.1246,NA
9238,2,0,28,28,nochange,6,j,0,385.6499,NA
9238,2,0,29,29,nochange,6,f,1,415.4473,NA
9238,2,0,30,30,nochange,6,j,0,2519.7606,NA
9238,2,0,31,31,change,6,f,0,1246.7167,NA
9238,2,0,32,32,nochange,6,j,0,358.4485,2
9238,2,0,33,33,nochange,6,f,1,962.384,NA
9238,2,0,34,34,change,6,j,1,374.0833,NA
9238,2,0,35,35,change,6,j,1,1204.3844,NA
9238,2,0,36,36,change,6,f,0,1059.9249,NA
9238,2,0,37,37,change,6,j,1,848.1953,NA
9238,2,0,38,38,nochange,6,j,0,1623.2231,NA
9238,2,0,39,39,nochange,6,f,1,2573.8058,NA
9238,2,0,40,40,nochange,6,f,1,1416.9203,2
9238,2,0,41,41,nochange,6,f,1,1899.2357,NA
9238,2,0,42,42,nochange,6,f,1,896.7877,NA
9238,2,0,43,43,change,6,f,0,965.1291,NA
9238,2,0,44,44,change,6,f,0,1183.4172,NA
9238,2,0,45,45,change,6,j,1,1118.3224,NA
9238,2,0,46,46,change,6,f,0,823.5734,NA
9238,2,0,47,47,nochange,6,j,0,1153.0318,NA
9238,2,0,48,48,change,6,j,1,419.378,5
9238,2,0,49,49,change,6,j,1,1173.5866,NA
9238,2,0,50,50,nochange,6,j,0,1593.3563,NA
9238,2,0,51,51,nochange,6,f,1,898.7219,NA
9238,2,0,52,52,change,6,f,0,1609.7067,NA
9238,2,0,53,53,change,6,f,0,2460.3781,NA
9238,2,0,54,54,nochange,6,j,0,1784.5748,NA
9238,2,0,55,55,change,6,j,1,2013.1893,NA
9238,2,0,56,56,nochange,6,f,1,1237.6257,5
9238,2,0,57,57,nochange,6,f,1,1014.1409,NA
9238,2,0,58,58,nochange,6,f,1,1958.8754,NA
9238,2,0,59,59,change,6,j,1,807.4132,NA
9238,2,0,60,60,change,6,f,0,1621.4652,NA
9239,2,practice,0,1,change,6,j,1,1445.3809,NA
9239,2,practice,0,2,nochange,6,f,1,1325.2943,NA
9239,2,practice,0,3,change,6,j,1,1006.281,NA
9239,2,practice,0,4,change,6,j,1,1054.0031,NA
9239,2,practice,0,5,nochange,6,j,0,686.9529,NA
9239,2,0,1,1,change,6,j,1,1041.5586,NA
9239,2,0,2,2,change,6,j,1,936.0542,NA
9239,2,0,3,3,change,6,f,0,2082.9369,NA
9239,2,0,4,4,nochange,6,f,1,1440.8143,NA
9239,2,0,5,5,nochange,6,f,1,1106.3618,NA
9239,2,0,6,6,nochange,6,j,0,3511.9644,NA
9239,2,0,7,7,change,6,j,1,2028.9738,NA
9239,2,0,8,8,change,6,j,1,2216.9944,2
9239,2,0,9,9,change,6,j,1,3154.1469,NA
9239,2,0,10,10,nochange,6,f,1,2602.9591,NA
9239,2,0,11,11,change,6,f,0,2741.6952,NA
9239,2,0,12,12,change,6,j,1,887.0446,NA
9239,2,0,13,13,change,6,f,0,4272.5514,NA
9239,2,0,14,14,change,6,f,0,1075.0116,NA
9239,2,0,15,15,change,6,j,1,1088.8892,NA
9239,2,0,16,16,change,6,f,0,2189.3426,2
9239,2,0,17,17,nochange,6,f,1,872.2183,NA
9239,2,0,18,18,nochange,6,f,1,1770.6187,NA
9239,2,0,19,19,nochange,6,j,0,1069.3801,NA
9239,2,0,20,20,nochange,6,f,1,2347.6377,NA
9239,2,0,21,21,nochange,6,f,1,1500.109,NA
9239,2,0,22,22,nochange,6,f,1,1740.4978,NA
9239,2,0,23,23,change,6,j,1,887.5593,NA
9239,2,0,24,24,nochange,6,j,0,1282.1011,5
9239,2,0,25,25,change,6,j,1,1912.3608,NA
9239,2,0,26,26,change,6,j,1,1098.4159,NA
9239,2,0,27,27,nochange,6,f,1,1072.0729,NA
9239,2,0,28,28,change,6,j,1,999.5562,NA
9239,2,0,29,29,change,6,j,1,1278.8443,NA
9239,2,0,30,30,change,6,f,0,1017.5207,NA
9239,2,0,31,31,nochange,6,f,1,765.357,NA
9239,2,0,32,32,change,6,j,1,796.0143,5
9239,2,0,33,33,nochange,6,f,1,2727.9789,NA
9239,2,0,34,34,change,6,j,1,1285.429,NA
9239,2,0,35,35,nochange,6,f,1,2790.4882,NA
9239,2,0,36,36,nochange,6,f,1,1543.9689,NA
9239,2,0,37,37,nochange,6,j,0,1421.6783,NA
9239,2,0,38,38,change,6,f,0,1330.5336,NA
9239,2,0,39,39,nochange,6,f,1,1232.3506,NA
9239,2,0,40,40,nochange,6,f,1,1218.809,5
9239,2,0,41,41,change,6,f,0,1108.2717,NA
9239,2,0,42,42,change,6,j,1,1218.4438,NA
9239,2,0,43,43,change,6,j,1,2339.3803,NA
9239,2,0,44,44,nochange,6,j,0,1010.7636,NA
9239,2,0,45,45,change,6,j,1,1700.8996,NA
9239,2,0,46,46,change,6,f,0,5017.3434,NA
9239,2,0,47,47,nochange,6,j,0,2134.3362,NA
9239,2,0,48,48,change,6,j,1,1277.7997,5
9239,2,0,49,49,nochange,6,j,0,662.6765,NA
9239,2,0,50,50,nochange,6,j,0,653.6582,NA
9239,2,0,51,51,nochange,6,j,0,4494.7548,NA
9239,2,0,52,52,change,6,j,1,612.9691,NA
9239,2,0,53,53,nochange,6,f,1,3393.2838,NA
9239,2,0,54,54,nochange,6,f,1,1627.3913,NA
9239,2,0,55,55,change,6,j,1,1505.68,NA
9239,2,0,56,56,nochange,6,f,1,1946.1003,5
9239,2,0,57,57,nochange,6,f,1,792.3156,NA
9239,2,0,58,58,change,6,j,1,1206.5363,NA
9239,2,0,59,59,nochange,6,j,0,834.3541,NA
9239,2,0,60,60,nochange,6,j,0,1389.0006,NA
9240,2,practice,0,1,change,6,j,1,2945.0127,NA
9240,2,practice,0,2,change,6,f,0,2197.6686,NA
9240,2,practice,0,3,change,6,j,1,854.9429,NA
9240,2,practice,0,4,change,6,f,0,1277.5139,NA
9240,2,practice,0,5,change,6,j,1,871.8997,NA
9240,2,0,1,1,change,6,f,0,627.7132,NA
9240,2,0,2,2,change,6,f,0,1363.2143,NA
9240,2,0,3,3,nochange,6,f,1,1283.6395,NA
9240,2,0,4,4,change,6,j,1,1464.9485,NA
9240,2,0,5,5,change,6,f,0,1128.4539,NA
9240,2,0,6,6,change,6,j,1,2065.5823,NA
9240,2,0,7,7,nochange,6,j,0,2399.5291,NA
9240,2,0,8,8,change,6,f,0,2436.981,5
9240,2,0,9,9,change,6,j,1,1274.1652,NA
9240,2,0,10,10,nochange,6,j,0,1121.5235,NA
9240,2,0,11,11,change,6,j,1,942.7158,NA
9240,2,0,12,12,change,6,f,0,1627.7171,NA
9240,2,0,13,13,nochange,6,j,0,1405.0112,NA
9240,2,0,14,14,nochange,6,j,0,1475.0808,NA
9240,2,0,15,15,nochange,6,j,0,886.8364,NA
9240,2,0,16,16,change,6,f,0,2681.8479,1
9240,2,0,17,17,change,6,f,0,938.6699,NA
9240,2,0,18,18,nochange,6,j,0,695.6463,NA
9240,2,0,19,19,change,6,f,0,1231.1685,NA
9240,2,0,20,20,nochange,6,j,0,830.6413,NA
9240,2,0,21,21,nochange,6,f,1,2098.0743,NA
9240,2,0,22,22,nochange,6,f,1,997.8909,NA
9240,2,0,23,23,nochange,6,f,1,1137.1811,NA
9240,2,0,24,24,change,6,j,1,872.8649,1
9240,2,0,25,25,change,6,f,0,4980.6207,NA
9240,2,0,26,26,change,6,j,1,1131.1505,NA
9240,2,0,27,27,change,6,j,1,1340.5571,NA
9240,2,0,28,28,change,6,f,0,2126.3487,NA
9240,2,0,29,29,nochange,6,f,1,1662.1442,NA
9240,2,0,30,30,nochange,6,f,1,1029.4293,NA
9240,2,0,31,31,nochange,6,f,1,1745.3001,NA
9240,2,0,32,32,change,6,f,0,1243.7233,1
9240,2,0,33,33,nochange,6,f,1,3504.6812,NA
9240,2,0,34,34,nochange,6,f,1,894.0075,NA
9240,2,0,35,35,change,6,f,0,1878.5176,NA
9240,2,0,36,36,nochange,6,f,1,1402.9571,NA
9240,2,0,37,37,nochange,6,f,1,1910.2925,NA
9240,2,0,38,38,nochange,6,f,1,1138.093,NA
9240,2,0,39,39,nochange,6,f,1,1570.6624,NA
9240,2,0,40,40,nochange,6,f,1,1193.7612,1
9240,2,0,41,41,change,6,f,0,1457.5306,NA
9240,2,0,42,42,change,6,j,1,793.8919,NA
9240,2,0,43,43,change,6,j,1,2183.1514,NA
9240,2,0,44,44,nochange,6,f,1,1067.3774,NA
9240,2,0,45,45,change,6,f,0,990.2878,NA
9240,2,0,46,46,nochange,6,f,1,5021.3798,NA
9240,2,0,47,47,nochange,6,j,0,1068.7952,NA
9240,2,0,48,48,nochange,6,f,1,2708.1297,1
9240,2,0,49,49,change,6,f,0,3579.6936,NA
9240,2,0,50,50,nochange,6,j,0,1258.8921,NA
9240,2,0,51,51,change,6,j,1,2602.6729,NA
9240,2,0,52,52,nochange,6,j,0,1157.2044,NA
9240,2,0,53,53,nochange,6,f,1,895.5963,NA
9240,2,0,54,54,nochange,6,j,0,1730.9823,NA
9240,2,0,55,55,change,6,j,1,838.7569,NA
9240,2,0,56,56,change,6,j,1,3504.1974,1
9240,2,0,57,57,change,6,j,1,949.7132,NA
9240,2,0,58,58,nochange,6,j,0,1142.5943,NA
9240,2,0,59,59,change,6,j,1,1655.838,NA
9240,2,0,60,60,change,6,j,1,1538.4576,NA
9241,2,practice,0,1,nochange,6,j,0,2405.6759,NA
9241,2,practice,0,2,nochange,6,j,0,2907.4897,NA
9241,2,practice,0,3,change,6,j,1,3582.1467,NA
9241,2,practice,0,4,change,6,j,1,4491.6094,NA
9241,2,practice,0,5,nochange,6,j,0,2991.7789,NA
9241,2,0,1,1,change,6,j,1,2039.3675,NA
9241,2,0,2,2,change,6,j,1,1533.302,NA
9241,2,0,3,3,nochange,6,j,0,1550.3505,NA
9241,2,0,4,4,change,6,j,1,4051.5955,NA
9241,2,0,5,5,change,6,f,0,1234.941,NA
9241,2,0,6,6,nochange,6,j,0,2356.8906,NA
9241,2,0,7,7,change,6,j,1,1374.2172,NA
9241,2,0,8,8,nochange,6,f,1,1794.836,2
9241,2,0,9,9,change,6,j,1,1238.5533,NA
9241,2,0,10,10,nochange,6,j,0,2343.7538,NA
9241,2,0,11,11,change,6,j,1,1127.749,NA
9241,2,0,12,12,change,6,j,1,1722.0462,NA
9241,2,0,13,13,change,6,f,0,1641.0269,NA
9241,2,0,14,14,nochange,6,f,1,3252.8966,NA
9241,2,0,15,15,nochange,6,j,0,2754.5319,NA
9241,2,0,16,16,nochange,6,j,0,1434.0663,3
9241,2,0,17,17,nochange,6,f,1,2038.5222,NA
9241,2,0,18,18,nochange,6,f,1,5317.2217,NA
9241,2,0,19,19,nochange,6,j,0,1127.7505,NA
9241,2,0,20,20,change,6,j,1,1377.9032,NA
9241,2,0,21,21,change,6,f,0,1821.1662,NA
9241,2,0,22,22,change,6,f,0,4930.3903,NA
9241,2,0,23,23,nochange,6,f,1,1747.3294,NA
9241,2,0,24,24,nochange,6,j,0,3445.2974,1
9241,2,0,25,25,nochange,6,f,1,1534.9434,NA
9241,2,0,26,26,change,6,j,1,1415.9619,NA
9241,2,0,27,27,change,6,j,1,2026.3711,NA
9241,2,0,28,28,change,6,f,0,3743.5437,NA
9241,2,0,29,29,nochange,6,j,0,1719.0627,NA
9241,2,0,30,30,nochange,6,j,0,4464.7061,NA
9241,2,0,31,31,nochange,6,f,1,1218.1227,NA
9241,2,0,32,32,nochange,6,j,0,2330.043,4
9241,2,0,33,33,nochange,6,f,1,1253.1492,NA
9241,2,0,34,34,change,6,j,1,1295.5952,NA
9241,2,0,35,35,change,6,j,1,2527.516,NA
9241,2,0,36,36,change,6,j,1,1409.194,NA
9241,2,0,37,37,change,6,f,0,1086.0248,NA
9241,2,0,38,38,nochange,6,j,0,1812.1328,NA
9241,2,0,39,39,change,6,f,0,5037.1718,NA
9241,2,0,40,40,change,6,j,1,1557.0399,1
9241,2,0,41,41,change,6,j,1,1134.9259,NA
9241,2,0,42,42,nochange,6,f,1,982.9145,NA
9241,2,0,43,43,change,6,j,1,1217.9526,NA
9241,2,0,44,44,nochange,6,f,1,1168.1738,NA
9241,2,0,45,45,change,6,j,1,2389.8178,NA
9241,2,0,46,46,nochange,6,f,1,3422.1797,NA
9241,2,0,47,47,nochange,6,j,0,1403.1995,NA
9241,2,0,48,48,nochange,6,f,1,1237.8288,2
9241,2,0,49,49,nochange,6,j,0,5443.387,NA
9241,2,0,50,50,change,6,j,1,1414.086,NA
9241,2,0,51,51,change,6,j,1,2473.4643,NA
9241,2,0,52,52,nochange,6,j,0,1930.1675,NA
9241,2,0,53,53,nochange,6,f,1,2760.3647,NA
9241,2,0,54,54,nochange,6,f,1,1454.6885,NA
9241,2,0,55,55,nochange,6,j,0,1824.5976,NA
9241,2,0,56,56,change,6,j,1,2141.1171,1
9241,2,0,57,57,change,6,f,0,1586.6179,NA
9241,2,0,58,58,change,6,f,0,3712.9328,NA
9241,2,0,59,59,nochange,6,j,0,1179.0295,NA
9241,2,0,60,60,change,6,j,1,2676.7599,NA
9242,2,practice,0,1,nochange,6,f,1,1765.6957,NA
9242,2,practice,0,2,change,6,f,0,1431.4458,NA
9242,2,practice,0,3,change,6,j,1,836.336,NA
9242,2,practice,0,4,nochange,6,f,1,1176.2152,NA
9242,2,practice,0,5,change,6,f,0,2357.4681,NA
9242,2,0,1,1,nochange,6,f,1,1190.4342,NA
9242,2,0,2,2,nochange,6,f,1,6.79369999999,NA
9242,2,0,3,3,nochange,6,f,1,8.0969,NA
9242,2,0,4,4,nochange,6,f,1,4.21999999999,NA
9242,2,0,5,5,change,6,f,0,9.16200000001,NA
9242,2,0,6,6,change,6,f,0,622.0255,NA
9242,2,0,7,7,nochange,6,j,0,9.4987,NA
9242,2,0,8,8,nochange,6,j,0,3.51349999997,3
9242,2,0,9,9,nochange,6,j,0,785.6482,NA
9242,2,0,10,10,nochange,6,f,1,1556.1305,NA
9242,2,0,11,11,change,6,f,0,928.506,NA
9242,2,0,12,12,nochange,6,f,1,825.7397,NA
9242,2,0,13,13,nochange,6,j,0,2954.1841,NA
9242,2,0,14,14,nochange,6,j,0,838.6014,NA
9242,2,0,15,15,nochange,6,j,0,5.61759999997,NA
9242,2,0,16,16,change,6,f,0,5.9431,1
9242,2,0,17,17,change,6,j,1,6.24140000003,NA
9242,2,0,18,18,change,6,f,0,5.26870000002,NA
9242,2,0,19,19,nochange,6,j,0,4.89330000003,NA
9242,2,0,20,20,nochange,6,j,0,5.58730000001,NA
9242,2,0,21,21,nochange,6,f,1,7.76869999999,NA
9242,2,0,22,22,change,6,f,0,6.14840000001,NA
9242,2,0,23,23,nochange,6,f,1,11.9637,NA
9242,2,0,24,24,nochange,6,f,1,9.97169999999,2
9242,2,0,25,25,change,6,f,0,3.9216,NA
9242,2,0,26,26,change,6,j,1,7.01279999997,NA
9242,2,0,27,27,change,6,j,1,10.9572,NA
9242,2,0,28,28,change,6,f,0,12.414,NA
9242,2,0,29,29,change,6,j,1,10.3062,NA
9242,2,0,30,30,nochange,6,f,1,10.6871,NA
9242,2,0,31,31,change,6,j,1,5.63770000002,NA
9242,2,0,32,32,change,6,j,1,8.10879999999,3
9242,2,0,33,33,change,6,j,1,9.83070000005,NA
9242,2,0,34,34,nochange,6,j,0,7.11849999998,NA
9242,2,0,35,35,nochange,6,f,1,7.39529999997,NA
9242,2,0,36,36,change,6,f,0,11.0018,NA
9242,2,0,37,37,nochange,6,j,0,6.78410000005,NA
9242,2,0,38,38,nochange,6,j,0,9.49600000004,NA
9242,2,0,39,39,nochange,6,f,1,9.49730000005,NA
9242,2,0,40,40,change,6,j,1,6.85379999998,3
9242,2,0,41,41,change,6,f,0,6.89809999999,NA
9242,2,0,42,42,change,6,f,0,14.4964000001,NA
9242,2,0,43,43,change,6,f,0,10.7141,NA
9242,2,0,44,44,nochange,6,j,0,9.83840000001,NA
9242,2,0,45,45,nochange,6,j,0,9.51559999998,NA
9242,2,0,46,46,change,6,f,0,8.8002,NA
9242,2,0,47,47,change,6,j,1,9.88740000001,NA
9242,2,0,48,48,nochange,6,j,0,10.5473999999,3
9242,2,0,49,49,nochange,6,f,1,6.18689999997,NA
9242,2,0,50,50,nochange,6,f,1,7.93079999997,NA
9242,2,0,51,51,change,6,f,0,8.23180000001,NA
9242,2,0,52,52,nochange,6,f,1,6.33990000002,NA
9242,2,0,53,53,change,6,f,0,12.6054,NA
9242,2,0,54,54,change,6,j,1,17.8941,NA
9242,2,0,55,55,change,6,f,0,8.44530000002,NA
9242,2,0,56,56,change,6,j,1,8.38710000005,3
9242,2,0,57,57,change,6,j,1,10.6883,NA
9242,2,0,58,58,change,6,j,1,11.08,NA
9242,2,0,59,59,change,6,f,0,13.3529999999,NA
9242,2,0,60,60,nochange,6,j,0,5.20480000001,NA
9243,2,practice,0,1,change,6,f,0,2886.6185,NA
9243,2,practice,0,2,nochange,6,j,0,1335.6285,NA
9243,2,practice,0,3,nochange,6,f,1,1.1723,NA
9243,2,practice,0,4,nochange,6,f,1,2.97490000001,NA
9243,2,practice,0,5,change,6,f,0,18.2615,NA
9244,2,practice,0,1,change,6,j,1,2973.7122,NA
9244,2,practice,0,2,nochange,6,f,1,1950.5648,NA
9244,2,practice,0,3,change,6,j,1,1711.7431,NA
9244,2,practice,0,4,change,6,f,0,685.0032,NA
9244,2,practice,0,5,change,6,j,1,935.4398,NA
9244,2,0,1,1,change,6,j,1,976.6305,NA
9244,2,0,2,2,nochange,6,f,1,664.7433,NA
9244,2,0,3,3,change,6,j,1,1160.8125,NA
9244,2,0,4,4,change,6,f,0,1693.2112,NA
9244,2,0,5,5,change,6,j,1,2112.3707,NA
9244,2,0,6,6,change,6,f,0,4160.4142,NA
9244,2,0,7,7,change,6,j,1,1820.3541,NA
9244,2,0,8,8,nochange,6,f,1,1783.9819,2
9244,2,0,9,9,change,6,f,0,624.0454,NA
9244,2,0,10,10,nochange,6,f,1,1563.0413,NA
9244,2,0,11,11,nochange,6,j,0,930.2058,NA
9244,2,0,12,12,change,6,f,0,2155.2759,NA
9244,2,0,13,13,change,6,f,0,1049.6274,NA
9244,2,0,14,14,nochange,6,f,1,1622.7037,NA
9244,2,0,15,15,change,6,j,1,5202.6833,NA
9244,2,0,16,16,nochange,6,f,1,3851.7211,3
9244,2,0,17,17,nochange,6,f,1,735.4886,NA
9244,2,0,18,18,nochange,6,f,1,1567.6237,NA
9244,2,0,19,19,nochange,6,f,1,2166.0563,NA
9244,2,0,20,20,change,6,j,1,1594.5722,NA
9244,2,0,21,21,nochange,6,f,1,1310.6247,NA
9244,2,0,22,22,nochange,6,f,1,1039.1285,NA
9244,2,0,23,23,nochange,6,f,1,1893.7105,NA
9244,2,0,24,24,change,6,f,0,1052.3132,3
9244,2,0,25,25,change,6,j,1,2955.2104,NA
9244,2,0,26,26,nochange,6,f,1,1026.9515,NA
9244,2,0,27,27,nochange,6,f,1,4934.0849,NA
9244,2,0,28,28,change,6,j,1,3342.6507,NA
9244,2,0,29,29,change,6,j,1,1335.7084,NA
9244,2,0,30,30,nochange,6,f,1,986.9651,NA
9244,2,0,31,31,nochange,6,f,1,988.6568,NA
9244,2,0,32,32,change,6,j,1,1725.758,5
9244,2,0,33,33,nochange,6,j,0,2702.0993,NA
9244,2,0,34,34,change,6,j,1,1188.1156,NA
9244,2,0,35,35,nochange,6,f,1,591.2052,NA
9244,2,0,36,36,change,6,f,0,2199.5904,NA
9244,2,0,37,37,change,6,j,1,1425.3886,NA
9244,2,0,38,38,nochange,6,f,1,682.9479,NA
9244,2,0,39,39,nochange,6,f,1,1213.2718,NA
9244,2,0,40,40,nochange,6,f,1,948.0876,3
9244,2,0,41,41,change,6,f,0,861.6813,NA
9244,2,0,42,42,change,6,f,0,1563.5332,NA
9244,2,0,43,43,nochange,6,f,1,770.0452,NA
9244,2,0,44,44,nochange,6,f,1,541.9716,NA
9244,2,0,45,45,change,6,f,0,871.1418,NA
9244,2,0,46,46,nochange,6,f,1,2168.2841,NA
9244,2,0,47,47,change,6,f,0,791.553,NA
9244,2,0,48,48,nochange,6,j,0,772.6196,3
9244,2,0,49,49,change,6,j,1,1327.8765,NA
9244,2,0,50,50,change,6,f,0,1676.5156,NA
9244,2,0,51,51,change,6,j,1,729.7742,NA
9244,2,0,52,52,nochange,6,f,1,1044.7125,NA
9244,2,0,53,53,change,6,f,0,19.2841,NA
9244,2,0,54,54,change,6,f,0,1063.5221,NA
9244,2,0,55,55,nochange,6,f,1,1690.6662,NA
9244,2,0,56,56,nochange,6,j,0,1585.7825,3
9244,2,0,57,57,change,6,f,0,1386.1463,NA
9244,2,0,58,58,change,6,j,1,1664.4076,NA
9244,2,0,59,59,nochange,6,j,0,1697.2791,NA
9244,2,0,60,60,nochange,6,f,1,1990.4961,NA
9245,2,practice,0,1,change,6,j,1,13345.9016,NA
9245,2,practice,0,2,change,6,f,0,6817.2006,NA
9245,2,practice,0,3,nochange,6,j,0,865.5196,NA
9245,2,practice,0,4,change,6,f,0,0.306600000004,NA
9245,2,practice,0,5,nochange,6,j,0,1.4874,NA
9245,2,0,1,1,nochange,6,f,1,21.4191,NA
9245,2,0,2,2,change,6,j,1,9.48,NA
9245,2,0,3,3,change,6,f,0,6.35179999999,NA
9245,2,0,4,4,change,6,j,1,9.97100000001,NA
9245,2,0,5,5,change,6,f,0,2.57020000002,NA
9245,2,0,6,6,nochange,6,f,1,2621.7103,NA
9245,2,0,7,7,nochange,6,f,1,10.8238,NA
9245,2,0,8,8,nochange,6,j,0,3713.7573,5
9245,2,0,9,9,nochange,6,f,1,8.2665,NA
9245,2,0,10,10,nochange,6,j,0,9.9112,NA
9245,2,0,11,11,nochange,6,j,0,8.44439999998,NA
9245,2,0,12,12,nochange,6,f,1,3334.4327,NA
9245,2,0,13,13,change,6,j,1,3.99249999996,NA
9245,2,0,14,14,nochange,6,f,1,9.25460000001,NA
9245,2,0,15,15,nochange,6,f,1,1478.7975,NA
9245,2,0,16,16,change,6,j,1,6.5595,5
9245,2,0,17,17,change,6,j,1,4.02309999999,NA
9245,2,0,18,18,change,6,f,0,9.9448,NA
9245,2,0,19,19,nochange,6,j,0,4.21950000001,NA
9245,2,0,20,20,change,6,f,0,14.3628,NA
9245,2,0,21,21,nochange,6,f,1,1226.0057,NA
9245,2,0,22,22,change,6,j,1,3.7825,NA
9245,2,0,23,23,nochange,6,f,1,6.48529999994,NA
9245,2,0,24,24,change,6,f,0,7.27399999998,5
9245,2,0,25,25,change,6,j,1,499.1794,NA
9245,2,0,26,26,change,6,j,1,11.5178,NA
9245,2,0,27,27,nochange,6,f,1,3.69780000002,NA
9245,2,0,28,28,nochange,6,f,1,11.3457,NA
9245,2,0,29,29,change,6,j,1,8.26509999996,NA
9245,2,0,30,30,change,6,j,1,9.82660000003,NA
9245,2,0,31,31,nochange,6,f,1,7.60209999996,NA
9245,2,0,32,32,change,6,j,1,4058.012,5
9245,2,0,33,33,nochange,6,f,1,12.126,NA
9245,2,0,34,34,change,6,f,0,9.2072,NA
9245,2,0,35,35,change,6,j,1,588.7338,NA
9245,2,0,36,36,nochange,6,j,0,10.0411,NA
9245,2,0,37,37,change,6,j,1,14.7912,NA
9245,2,0,38,38,nochange,6,j,0,7.02480000001,NA
9245,2,0,39,39,nochange,6,f,1,12.3281999999,NA
9245,2,0,40,40,change,6,j,1,540.1303,5
9245,2,0,41,41,change,6,j,1,4.03030000004,NA
9245,2,0,42,42,change,6,j,1,5526.0863,NA
9245,2,0,43,43,nochange,6,j,0,3.27609999996,NA
9245,2,0,44,44,nochange,6,j,0,14.6168,NA
9245,2,0,45,45,change,6,j,1,5.25060000003,NA
9245,2,0,46,46,change,6,j,1,9.42209999997,NA
9245,2,0,47,47,change,6,j,1,4008.9693,NA
9245,2,0,48,48,change,6,f,0,841.6636,5
9245,2,0,49,49,nochange,6,j,0,9279.7498,NA
9245,2,0,50,50,nochange,6,f,1,11.6085,NA
9245,2,0,51,51,change,6,f,0,15.2055,NA
9245,2,0,52,52,nochange,6,j,0,9496.282,NA
9245,2,0,53,53,nochange,6,j,0,12.1793,NA
9245,2,0,54,54,nochange,6,j,0,24288.2858,NA
9245,2,0,55,55,change,6,f,0,8.20129999996,NA
9245,2,0,56,56,change,6,j,1,7.97139999992,5
9245,2,0,57,57,change,6,j,1,6.35490000003,NA
9245,2,0,58,58,nochange,6,j,0,20.7725000001,NA
9245,2,0,59,59,nochange,6,j,0,3177.0747,NA
9245,2,0,60,60,nochange,6,f,1,10.4589,NA
9246,2,practice,0,1,nochange,6,f,1,4406.5392,NA
9246,2,practice,0,2,change,6,j,1,982.4192,NA
9246,2,practice,0,3,nochange,6,f,1,760.4559,NA
9246,2,practice,0,4,change,6,j,1,2044.8366,NA
9246,2,practice,0,5,change,6,j,1,932.9214,NA
9246,2,0,1,1,nochange,6,f,1,765.534,NA
9246,2,0,2,2,change,6,j,1,1059.1659,NA
9246,2,0,3,3,nochange,6,f,1,1572.1554,NA
9246,2,0,4,4,nochange,6,f,1,895.3674,NA
9246,2,0,5,5,change,6,f,0,3075.8089,NA
9246,2,0,6,6,nochange,6,j,0,2035.3003,NA
9246,2,0,7,7,change,6,j,1,845.9486,NA
9246,2,0,8,8,nochange,6,f,1,2767.5272,4
9246,2,0,9,9,nochange,6,j,0,1568.9259,NA
9246,2,0,10,10,change,6,f,0,1171.7691,NA
9246,2,0,11,11,change,6,j,1,1763.4854,NA
9246,2,0,12,12,change,6,j,1,908.2978,NA
9246,2,0,13,13,nochange,6,j,0,753.3443,NA
9246,2,0,14,14,change,6,f,0,2297.6833,NA
9246,2,0,15,15,nochange,6,f,1,3403.4487,NA
9246,2,0,16,16,nochange,6,j,0,1114.719,3
9246,2,0,17,17,change,6,j,1,3973.989,NA
9246,2,0,18,18,nochange,6,j,0,4108.3764,NA
9246,2,0,19,19,change,6,j,1,1306.7053,NA
9246,2,0,20,20,nochange,6,f,1,4261.0048,NA
9246,2,0,21,21,change,6,j,1,1181.1806,NA
9246,2,0,22,22,change,6,j,1,1824.4536,NA
9246,2,0,23,23,nochange,6,f,1,1407.6109,NA
9246,2,0,24,24,nochange,6,f,1,5229.9812,2
9246,2,0,25,25,nochange,6,f,1,1692.4073,NA
9246,2,0,26,26,nochange,6,f,1,3730.0595,NA
9246,2,0,27,27,nochange,6,j,0,1126.4315,NA
9246,2,0,28,28,change,6,j,1,1545.1626,NA
9246,2,0,29,29,nochange,6,j,0,2911.52,NA
9246,2,0,30,30,change,6,f,0,2356.4482,NA
9246,2,0,31,31,change,6,j,1,5026.0785,NA
9246,2,0,32,32,change,6,f,0,3681.9324,4
9246,2,0,33,33,nochange,6,j,0,1752.3086,NA
9246,2,0,34,34,change,6,f,0,1330.4104,NA
9246,2,0,35,35,change,6,j,1,902.8753,NA
9246,2,0,36,36,nochange,6,f,1,3751.8376,NA
9246,2,0,37,37,nochange,6,j,0,5091.4278,NA
9246,2,0,38,38,change,6,f,0,1699.6715,NA
9246,2,0,39,39,change,6,f,0,6629.8428,NA
9246,2,0,40,40,nochange,6,f,1,1104.7949,5
9246,2,0,41,41,change,6,f,0,1280.7749,NA
9246,2,0,42,42,nochange,6,f,1,1477.4372,NA
9246,2,0,43,43,change,6,f,0,10.0731,NA
9246,2,0,44,44,nochange,6,f,1,2518.1779,NA
9246,2,0,45,45,nochange,6,f,1,762.2826,NA
9246,2,0,46,46,change,6,j,1,3225.9101,NA
9246,2,0,47,47,nochange,6,f,1,1453.2629,NA
9246,2,0,48,48,nochange,6,f,1,833.6538,5
9246,2,0,49,49,change,6,f,0,935.1162,NA
9246,2,0,50,50,nochange,6,j,0,10.8023000001,NA
9246,2,0,51,51,change,6,j,1,10657.2242,NA
9246,2,0,52,52,change,6,f,0,3007.9338,NA
9246,2,0,53,53,change,6,j,1,9669.2026,NA
9246,2,0,54,54,nochange,6,f,1,4602.8741,NA
9246,2,0,55,55,nochange,6,j,0,3423.0841,NA
9246,2,0,56,56,nochange,6,f,1,9380.1121,4
9246,2,0,57,57,change,6,j,1,1978.9112,NA
9246,2,0,58,58,change,6,f,0,1657.3119,NA
9246,2,0,59,59,change,6,f,0,1708.023,NA
9246,2,0,60,60,change,6,f,0,2029.5418,NA
9247,2,practice,0,1,nochange,6,j,0,1490.8366,NA
9247,2,practice,0,2,change,6,j,1,1700.5518,NA
9247,2,practice,0,3,change,6,f,0,1460.7684,NA
9247,2,practice,0,4,change,6,j,1,0.451000000001,NA
9247,2,practice,0,5,change,6,j,1,1342.5411,NA
9247,2,0,1,1,nochange,6,j,0,1216.4963,NA
9247,2,0,2,2,nochange,6,j,0,1392.329,NA
9247,2,0,3,3,nochange,6,f,1,6.48479999999,NA
9247,2,0,4,4,change,6,j,1,1014.1429,NA
9247,2,0,5,5,nochange,6,j,0,4105.3593,NA
9247,2,0,6,6,change,6,j,1,9309.5061,NA
9247,2,0,7,7,nochange,6,f,1,7160.1236,NA
9247,2,0,8,8,change,6,j,1,700.9199,2
9247,2,0,9,9,change,6,j,1,890.4598,NA
9247,2,0,10,10,change,6,j,1,541.4177,NA
9247,2,0,11,11,nochange,6,j,0,112.0305,NA
9247,2,0,12,12,change,6,j,1,2025.3545,NA
9247,2,0,13,13,nochange,6,j,0,1584.1506,NA
9247,2,0,14,14,nochange,6,f,1,1152.5093,NA
9247,2,0,15,15,change,6,j,1,1539.4059,NA
9247,2,0,16,16,change,6,j,1,7.60310000001,3
9247,2,0,17,17,change,6,j,1,968.0509,NA
9247,2,0,18,18,change,6,j,1,1067.157,NA
9247,2,0,19,19,change,6,j,1,1759.1207,NA
9247,2,0,20,20,nochange,6,f,1,2240.9516,NA
9247,2,0,21,21,nochange,6,f,1,2316.9135,NA
9247,2,0,22,22,nochange,6,f,1,5.91230000003,NA
9247,2,0,23,23,nochange,6,j,0,797.3548,NA
9247,2,0,24,24,nochange,6,j,0,1109.2264,2
9247,2,0,25,25,nochange,6,f,1,515.1595,NA
9247,2,0,26,26,nochange,6,f,1,1469.4796,NA
9247,2,0,27,27,nochange,6,j,0,2278.2152,NA
9247,2,0,28,28,change,6,j,1,1361.2204,NA
9247,2,0,29,29,change,6,f,0,1232.0216,NA
9247,2,0,30,30,nochange,6,f,1,1654.2295,NA
9247,2,0,31,31,nochange,6,j,0,9.57600000006,NA
9247,2,0,32,32,change,6,j,1,474.0966,2
9247,2,0,33,33,nochange,6,j,0,1460.8187,NA
9247,2,0,34,34,change,6,j,1,3169.9097,NA
9247,2,0,35,35,nochange,6,j,0,859.5735,NA
9247,2,0,36,36,nochange,6,j,0,458.2892,NA
9247,2,0,37,37,change,6,j,1,8.32029999996,NA
9247,2,0,38,38,nochange,6,f,1,5.72749999998,NA
9247,2,0,39,39,nochange,6,j,0,5.46150000003,NA
9247,2,0,40,40,change,6,j,1,1537.8415,2
9247,2,0,41,41,nochange,6,f,1,1526.6014,NA
9247,2,0,42,42,change,6,j,1,95.438,NA
9247,2,0,43,43,change,6,j,1,1845.2447,NA
9247,2,0,44,44,nochange,6,j,0,806.7211,NA
9247,2,0,45,45,nochange,6,j,0,28.9825999999,NA
9247,2,0,46,46,nochange,6,j,0,572.0187,NA
9247,2,0,47,47,change,6,j,1,784.2761,NA
9247,2,0,48,48,change,6,j,1,1015.8818,2
9247,2,0,49,49,change,6,f,0,1731.9908,NA
9247,2,0,50,50,change,6,j,1,1602.4856,NA
9247,2,0,51,51,change,6,j,1,7.04539999994,NA
9247,2,0,52,52,nochange,6,j,0,1169.6476,NA
9247,2,0,53,53,change,6,j,1,995.9884,NA
9247,2,0,54,54,change,6,j,1,1065.5605,NA
9247,2,0,55,55,change,6,j,1,821.8272,NA
9247,2,0,56,56,change,6,j,1,2045.1487,2
9247,2,0,57,57,nochange,6,j,0,1091.5849,NA
9247,2,0,58,58,change,6,j,1,1124.0511,NA
9247,2,0,59,59,change,6,j,1,1290.8421,NA
9247,2,0,60,60,nochange,6,j,0,635.3712,NA
9249,2,practice,0,1,change,6,j,1,2828.5385,NA
9249,2,practice,0,2,nochange,6,f,1,1458.2659,NA
9249,2,practice,0,3,change,6,j,1,1616.9835,NA
9249,2,practice,0,4,nochange,6,j,0,1203.0683,NA
9249,2,practice,0,5,change,6,f,0,738.817,NA
9249,2,0,1,1,change,6,j,1,1582.7265,NA
9249,2,0,2,2,change,6,j,1,1338.7501,NA
9249,2,0,3,3,nochange,6,f,1,1108.1805,NA
9249,2,0,4,4,nochange,6,j,0,1396.0885,NA
9249,2,0,5,5,nochange,6,f,1,3252.4758,NA
9249,2,0,6,6,nochange,6,j,0,764.9872,NA
9249,2,0,7,7,nochange,6,f,1,1022.3513,NA
9249,2,0,8,8,nochange,6,j,0,970.3011,2
9249,2,0,9,9,change,6,j,1,1200.3408,NA
9249,2,0,10,10,nochange,6,f,1,2041.7289,NA
9249,2,0,11,11,nochange,6,j,0,552.0806,NA
9249,2,0,12,12,change,6,f,0,951.195,NA
9249,2,0,13,13,change,6,f,0,1525.3331,NA
9249,2,0,14,14,change,6,f,0,1489.4642,NA
9249,2,0,15,15,change,6,j,1,550.6017,NA
9249,2,0,16,16,change,6,f,0,3.5992,5
9249,2,0,17,17,nochange,6,j,0,1058.0736,NA
9249,2,0,18,18,nochange,6,f,1,685.4114,NA
9249,2,0,19,19,nochange,6,f,1,1462.0022,NA
9249,2,0,20,20,nochange,6,j,0,1454.999,NA
9249,2,0,21,21,change,6,j,1,2765.053,NA
9249,2,0,22,22,change,6,f,0,1129.8738,NA
9249,2,0,23,23,change,6,j,1,538.4014,NA
9249,2,0,24,24,change,6,j,1,1221.5079,3
9249,2,0,25,25,nochange,6,f,1,687.2602,NA
9249,2,0,26,26,change,6,f,0,6.3456,NA
9249,2,0,27,27,change,6,j,1,1306.6303,NA
9249,2,0,28,28,change,6,f,0,1013.8644,NA
9249,2,0,29,29,nochange,6,f,1,1493.213,NA
9249,2,0,30,30,change,6,j,1,1330.933,NA
9249,2,0,31,31,change,6,f,0,393.4978,NA
9249,2,0,32,32,nochange,6,j,0,328.5676,2
9249,2,0,33,33,change,6,j,1,2117.9666,NA
9249,2,0,34,34,nochange,6,j,0,722.2222,NA
9249,2,0,35,35,nochange,6,f,1,561.3418,NA
9249,2,0,36,36,nochange,6,f,1,2118.7288,NA
9249,2,0,37,37,nochange,6,f,1,803.6509,NA
9249,2,0,38,38,change,6,j,1,1646.2821,NA
9249,2,0,39,39,nochange,6,f,1,382.3009,NA
9249,2,0,40,40,nochange,6,j,0,416.0772,1
9249,2,0,41,41,change,6,f,0,6.62199999997,NA
9249,2,0,42,42,change,6,f,0,1006.2075,NA
9249,2,0,43,43,nochange,6,j,0,4.82789999997,NA
9249,2,0,44,44,change,6,j,1,8.46839999995,NA
9249,2,0,45,45,nochange,6,j,0,16.6524,NA
9249,2,0,46,46,change,6,f,0,8.375,NA
9249,2,0,47,47,nochange,6,f,1,1868.8871,NA
9249,2,0,48,48,change,6,j,1,721.5224,5
9249,2,0,49,49,nochange,6,f,1,3138.1598,NA
9249,2,0,50,50,change,6,j,1,1130.0725,NA
9249,2,0,51,51,change,6,f,0,1808.3639,NA
9249,2,0,52,52,nochange,6,f,1,454.7419,NA
9249,2,0,53,53,change,6,j,1,3.50330000004,NA
9249,2,0,54,54,change,6,j,1,17.6988,NA
9249,2,0,55,55,nochange,6,f,1,6.712,NA
9249,2,0,56,56,nochange,6,j,0,7.17800000001,4
9249,2,0,57,57,nochange,6,f,1,963.1015,NA
9249,2,0,58,58,change,6,f,0,5218.0345,NA
9249,2,0,59,59,change,6,j,1,4444.9853,NA
9249,2,0,60,60,nochange,6,f,1,930.1463,NA
9251,2,practice,0,1,change,6,j,1,3058.5832,NA
9251,2,practice,0,2,change,6,j,1,1208.5667,NA
9251,2,practice,0,3,nochange,6,f,1,1018.3053,NA
9251,2,practice,0,4,nochange,6,f,1,1002.9123,NA
9251,2,practice,0,5,change,6,j,1,873.7736,NA
9251,2,0,1,1,change,6,f,0,1338.3571,NA
9251,2,0,2,2,change,6,j,1,1139.5842,NA
9251,2,0,3,3,change,6,f,0,1611.5637,NA
9251,2,0,4,4,change,6,j,1,1878.8416,NA
9251,2,0,5,5,change,6,j,1,855.5183,NA
9251,2,0,6,6,nochange,6,f,1,1323.7549,NA
9251,2,0,7,7,nochange,6,f,1,2505.7454,NA
9251,2,0,8,8,nochange,6,f,1,1586.1863,1
9251,2,0,9,9,nochange,6,f,1,1433.456,NA
9251,2,0,10,10,nochange,6,j,0,1026.3654,NA
9251,2,0,11,11,nochange,6,f,1,3592.2707,NA
9251,2,0,12,12,change,6,j,1,1573.2166,NA
9251,2,0,13,13,nochange,6,f,1,1064.5295,NA
9251,2,0,14,14,change,6,j,1,4633.9761,NA
9251,2,0,15,15,change,6,f,0,4.11910000001,NA
9251,2,0,16,16,nochange,6,j,0,2182.7924,1
9251,2,0,17,17,change,6,f,0,1043.6729,NA
9251,2,0,18,18,change,6,j,1,1054.5462,NA
9251,2,0,19,19,change,6,j,1,1479.7113,NA
9251,2,0,20,20,nochange,6,f,1,1002.2922,NA
9251,2,0,21,21,change,6,j,1,1308.0565,NA
9251,2,0,22,22,nochange,6,f,1,1992.5473,NA
9251,2,0,23,23,change,6,j,1,1252.8429,NA
9251,2,0,24,24,nochange,6,j,0,4.98459999997,1
9251,2,0,25,25,nochange,6,f,1,860.96,NA
9251,2,0,26,26,nochange,6,f,1,2806.365,NA
9251,2,0,27,27,change,6,j,1,1283.4189,NA
9251,2,0,28,28,change,6,f,0,1496.7063,NA
9251,2,0,29,29,nochange,6,f,1,1179.1793,NA
9251,2,0,30,30,nochange,6,j,0,1994.1819,NA
9251,2,0,31,31,nochange,6,f,1,2550.8852,NA
9251,2,0,32,32,change,6,j,1,1226.4499,1
9251,2,0,33,33,nochange,6,j,0,1601.0584,NA
9251,2,0,34,34,nochange,6,f,1,9.27010000002,NA
9251,2,0,35,35,change,6,j,1,872.7769,NA
9251,2,0,36,36,nochange,6,f,1,1628.0338,NA
9251,2,0,37,37,nochange,6,j,0,1315.0487,NA
9251,2,0,38,38,change,6,j,1,1618.7891,NA
9251,2,0,39,39,nochange,6,f,1,1126.5459,NA
9251,2,0,40,40,change,6,f,0,1095.4253,1
9251,2,0,41,41,nochange,6,f,1,9.22149999999,NA
9251,2,0,42,42,change,6,j,1,7.58100000001,NA
9251,2,0,43,43,nochange,6,f,1,1807.8052,NA
9251,2,0,44,44,nochange,6,f,1,1046.1199,NA
9251,2,0,45,45,nochange,6,j,0,3009.2119,NA
9251,2,0,46,46,nochange,6,j,0,2127.2924,NA
9251,2,0,47,47,change,6,j,1,1687.9701,NA
9251,2,0,48,48,change,6,f,0,3100.5323,1
9251,2,0,49,49,nochange,6,j,0,4.16800000001,NA
9251,2,0,50,50,nochange,6,j,0,8.0307,NA
9251,2,0,51,51,change,6,j,1,6182.0323,NA
9251,2,0,52,52,change,6,f,0,371.4438,NA
9251,2,0,53,53,change,6,j,1,822.165,NA
9251,2,0,54,54,nochange,6,f,1,4082.1667,NA
9251,2,0,55,55,change,6,j,1,1276.923,NA
9251,2,0,56,56,change,6,f,0,1043.9156,1
9251,2,0,57,57,change,6,j,1,1209.2961,NA
9251,2,0,58,58,change,6,j,1,1925.7376,NA
9251,2,0,59,59,change,6,f,0,1002.7719,NA
9251,2,0,60,60,nochange,6,f,1,2275.6513,NA
9252,2,practice,0,1,change,6,f,0,2208.3913,NA
9252,2,practice,0,2,nochange,6,f,1,2070.7753,NA
9252,2,practice,0,3,nochange,6,f,1,1622.0866,NA
9252,2,practice,0,4,nochange,6,f,1,927.8699,NA
9252,2,practice,0,5,change,6,j,1,1037.3522,NA
9252,2,0,1,1,change,6,j,1,822.6979,NA
9252,2,0,2,2,change,6,j,1,842.3284,NA
9252,2,0,3,3,change,6,j,1,919.1476,NA
9252,2,0,4,4,nochange,6,f,1,1166.8373,NA
9252,2,0,5,5,change,6,f,0,4075.6624,NA
9252,2,0,6,6,change,6,j,1,850.6969,NA
9252,2,0,7,7,nochange,6,j,0,759.9009,NA
9252,2,0,8,8,nochange,6,f,1,1941.3178,1
9252,2,0,9,9,nochange,6,f,1,659.5143,NA
9252,2,0,10,10,change,6,j,1,837.0286,NA
9252,2,0,11,11,change,6,j,1,1060.5531,NA
9252,2,0,12,12,change,6,j,1,750.0461,NA
9252,2,0,13,13,nochange,6,f,1,916.6429,NA
9252,2,0,14,14,change,6,j,1,1053.723,NA
9252,2,0,15,15,change,6,j,1,962.685,NA
9252,2,0,16,16,nochange,6,j,0,1923.9724,1
9252,2,0,17,17,nochange,6,f,1,674.114,NA
9252,2,0,18,18,change,6,f,0,770.7304,NA
9252,2,0,19,19,change,6,f,0,1024.0324,NA
9252,2,0,20,20,change,6,f,0,702.7553,NA
9252,2,0,21,21,nochange,6,f,1,752.8834,NA
9252,2,0,22,22,nochange,6,f,1,1872.4672,NA
9252,2,0,23,23,change,6,f,0,941.5637,NA
9252,2,0,24,24,nochange,6,j,0,1125.6026,1
9252,2,0,25,25,change,6,j,1,918.9699,NA
9252,2,0,26,26,nochange,6,f,1,1088.7188,NA
9252,2,0,27,27,nochange,6,f,1,863.6491,NA
9252,2,0,28,28,nochange,6,f,1,684.2566,NA
9252,2,0,29,29,nochange,6,f,1,731.8763,NA
9252,2,0,30,30,change,6,j,1,861.606,NA
9252,2,0,31,31,change,6,f,0,785.1187,NA
9252,2,0,32,32,change,6,f,0,1063.9154,3
9252,2,0,33,33,change,6,f,0,703.5387,NA
9252,2,0,34,34,nochange,6,f,1,702.6063,NA
9252,2,0,35,35,change,6,j,1,2416.5166,NA
9252,2,0,36,36,change,6,f,0,757.8903,NA
9252,2,0,37,37,nochange,6,j,0,955.6823,NA
9252,2,0,38,38,change,6,j,1,1726.8226,NA
9252,2,0,39,39,change,6,j,1,888.8424,NA
9252,2,0,40,40,change,6,j,1,2260.8812,3
9252,2,0,41,41,nochange,6,j,0,17.3044,NA
9252,2,0,42,42,change,6,f,0,2.50119999994,NA
9252,2,0,43,43,nochange,6,f,1,4.49900000001,NA
9252,2,0,44,44,nochange,6,j,0,3.38860000001,NA
9252,2,0,45,45,nochange,6,j,0,955.5101,NA
9252,2,0,46,46,nochange,6,f,1,962.3186,NA
9252,2,0,47,47,change,6,j,1,845.69,NA
9252,2,0,48,48,nochange,6,f,1,920.7797,1
9252,2,0,49,49,nochange,6,f,1,18.6869,NA
9252,2,0,50,50,nochange,6,j,0,2676.4734,NA
9252,2,0,51,51,nochange,6,j,0,847.8613,NA
9252,2,0,52,52,change,6,f,0,1157.926,NA
9252,2,0,53,53,nochange,6,f,1,1897.899,NA
9252,2,0,54,54,nochange,6,j,0,647.3799,NA
9252,2,0,55,55,nochange,6,j,0,1034.787,NA
9252,2,0,56,56,nochange,6,j,0,890.2048,1
9252,2,0,57,57,change,6,f,0,3.2513,NA
9252,2,0,58,58,change,6,f,0,4247.4221,NA
9252,2,0,59,59,nochange,6,f,1,778.0115,NA
9252,2,0,60,60,change,6,j,1,877.8076,NA
9253,2,practice,0,1,nochange,6,f,1,7053.9737,NA
9253,2,practice,0,2,change,6,j,1,2342.6516,NA
9253,2,practice,0,3,nochange,6,f,1,1675.5467,NA
9253,2,practice,0,4,change,6,f,0,2449.1074,NA
9253,2,practice,0,5,nochange,6,f,1,3986.4265,NA
9253,2,0,1,1,change,6,j,1,1990.0173,NA
9253,2,0,2,2,nochange,6,f,1,4521.5872,NA
9253,2,0,3,3,nochange,6,j,0,3471.5888,NA
9253,2,0,4,4,change,6,j,1,2555.4323,NA
9253,2,0,5,5,nochange,6,f,1,1840.1453,NA
9253,2,0,6,6,change,6,j,1,2992.3762,NA
9253,2,0,7,7,nochange,6,f,1,4291.7839,NA
9253,2,0,8,8,change,6,j,1,3619.1392,2
9253,2,0,9,9,change,6,j,1,1870.8861,NA
9253,2,0,10,10,nochange,6,f,1,3.9002,NA
9253,2,0,11,11,change,6,j,1,1826.6904,NA
9253,2,0,12,12,change,6,j,1,5393.0424,NA
9253,2,0,13,13,change,6,j,1,4043.8635,NA
9253,2,0,14,14,nochange,6,f,1,1465.6263,NA
9253,2,0,15,15,change,6,f,0,2638.2017,NA
9253,2,0,16,16,change,6,j,1,7585.5723,1
9253,2,0,17,17,change,6,f,0,2220.4861,NA
9253,2,0,18,18,nochange,6,j,0,2965.2088,NA
9253,2,0,19,19,change,6,f,0,8522.4082,NA
9253,2,0,20,20,change,6,j,1,3325.3099,NA
9253,2,0,21,21,change,6,f,0,4085.635,NA
9253,2,0,22,22,nochange,6,f,1,1925.2683,NA
9253,2,0,23,23,change,6,j,1,1152.2771,NA
9253,2,0,24,24,nochange,6,f,1,1439.7541,1
9253,2,0,25,25,nochange,6,j,0,1294.6552,NA
9253,2,0,26,26,nochange,6,f,1,7.29029999999,NA
9253,2,0,27,27,nochange,6,f,1,1063.526,NA
9253,2,0,28,28,nochange,6,j,0,1462.2158,NA
9253,2,0,29,29,nochange,6,f,1,2858.6467,NA
9253,2,0,30,30,nochange,6,f,1,767.2279,NA
9253,2,0,31,31,nochange,6,f,1,1052.0624,NA
9253,2,0,32,32,change,6,f,0,2398.95,2
9253,2,0,33,33,nochange,6,f,1,1726.1197,NA
9253,2,0,34,34,nochange,6,f,1,2004.8096,NA
9253,2,0,35,35,nochange,6,f,1,3624.1837,NA
9253,2,0,36,36,nochange,6,f,1,2900.0904,NA
9253,2,0,37,37,change,6,j,1,15930.7,NA
9253,2,0,38,38,nochange,6,j,0,1038.4257,NA
9253,2,0,39,39,nochange,6,f,1,856.7066,NA
9253,2,0,40,40,nochange,6,f,1,662.4524,1
9253,2,0,41,41,nochange,6,f,1,1568.6886,NA
9253,2,0,42,42,change,6,f,0,1121.2768,NA
9253,2,0,43,43,nochange,6,f,1,826.8139,NA
9253,2,0,44,44,change,6,j,1,4445.2331,NA
9253,2,0,45,45,change,6,j,1,6101.3516,NA
9253,2,0,46,46,change,6,j,1,3368.894,NA
9253,2,0,47,47,nochange,6,f,1,895.4016,NA
9253,2,0,48,48,change,6,j,1,1274.738,2
9253,2,0,49,49,nochange,6,f,1,618.1879,NA
9253,2,0,50,50,change,6,f,0,1121.55,NA
9253,2,0,51,51,change,6,j,1,2431.992,NA
9253,2,0,52,52,change,6,j,1,2188.8625,NA
9253,2,0,53,53,nochange,6,f,1,2565.259,NA
9253,2,0,54,54,change,6,f,0,1368.5602,NA
9253,2,0,55,55,change,6,j,1,1196.9568,NA
9253,2,0,56,56,change,6,f,0,1024.4754,1
9253,2,0,57,57,change,6,f,0,1202.1091,NA
9253,2,0,58,58,nochange,6,f,1,5394.0387,NA
9253,2,0,59,59,nochange,6,f,1,3100.2641,NA
9253,2,0,60,60,change,6,f,0,1868.7918,NA
9254,2,practice,0,1,nochange,6,j,0,3439.6183,NA
9254,2,practice,0,2,nochange,6,f,1,1542.8683,NA
9254,2,practice,0,3,nochange,6,f,1,2174.1553,NA
9254,2,practice,0,4,change,6,j,1,1298.3549,NA
9254,2,practice,0,5,nochange,6,j,0,2286.3357,NA
9254,2,0,1,1,nochange,6,f,1,1317.1519,NA
9254,2,0,2,2,change,6,j,1,2229.3212,NA
9254,2,0,3,3,change,6,j,1,2163.1035,NA
9254,2,0,4,4,nochange,6,f,1,1446.6102,NA
9254,2,0,5,5,nochange,6,f,1,1270.9919,NA
9254,2,0,6,6,nochange,6,f,1,1773.6823,NA
9254,2,0,7,7,nochange,6,f,1,1194.4896,NA
9254,2,0,8,8,nochange,6,f,1,847.7743,3
9254,2,0,9,9,change,6,f,0,2753.7756,NA
9254,2,0,10,10,nochange,6,f,1,1477.2194,NA
9254,2,0,11,11,nochange,6,f,1,1468.4137,NA
9254,2,0,12,12,change,6,f,0,1228.9729,NA
9254,2,0,13,13,nochange,6,f,1,880.5185,NA
9254,2,0,14,14,change,6,f,0,1816.4141,NA
9254,2,0,15,15,change,6,f,0,1109.8621,NA
9254,2,0,16,16,nochange,6,f,1,923.892,3
9254,2,0,17,17,change,6,j,1,2398.1095,NA
9254,2,0,18,18,nochange,6,f,1,1359.9563,NA
9254,2,0,19,19,change,6,j,1,1831.4253,NA
9254,2,0,20,20,nochange,6,f,1,922.2524,NA
9254,2,0,21,21,change,6,j,1,6204.7717,NA
9254,2,0,22,22,change,6,j,1,1943.0457,NA
9254,2,0,23,23,nochange,6,f,1,1236.4118,NA
9254,2,0,24,24,nochange,6,j,0,1425.8399,3
9254,2,0,25,25,nochange,6,f,1,1154.5415,NA
9254,2,0,26,26,nochange,6,f,1,2036.4271,NA
9254,2,0,27,27,change,6,f,0,2484.3692,NA
9254,2,0,28,28,change,6,f,0,1532.8199,NA
9254,2,0,29,29,nochange,6,f,1,1086.3842,NA
9254,2,0,30,30,change,6,f,0,1950.6796,NA
9254,2,0,31,31,change,6,j,1,1091.6721,NA
9254,2,0,32,32,change,6,f,0,1130.1545,5
9254,2,0,33,33,change,6,j,1,3201.1742,NA
9254,2,0,34,34,nochange,6,f,1,1291.7405,NA
9254,2,0,35,35,nochange,6,f,1,950.4476,NA
9254,2,0,36,36,nochange,6,f,1,888.037,NA
9254,2,0,37,37,nochange,6,f,1,823.7089,NA
9254,2,0,38,38,nochange,6,j,0,1958.2953,NA
9254,2,0,39,39,change,6,f,0,2883.857,NA
9254,2,0,40,40,nochange,6,f,1,1183.0261,2
9254,2,0,41,41,nochange,6,f,1,1008.5345,NA
9254,2,0,42,42,change,6,j,1,3052.1047,NA
9254,2,0,43,43,change,6,j,1,2637.3844,NA
9254,2,0,44,44,change,6,j,1,1891.5872,NA
9254,2,0,45,45,nochange,6,f,1,879.4069,NA
9254,2,0,46,46,change,6,f,0,1421.112,NA
9254,2,0,47,47,change,6,f,0,1660.4775,NA
9254,2,0,48,48,change,6,f,0,951.6101,5
9254,2,0,49,49,change,6,j,1,2016.9778,NA
9254,2,0,50,50,nochange,6,f,1,1228.894,NA
9254,2,0,51,51,change,6,f,0,2247.0971,NA
9254,2,0,52,52,change,6,j,1,2015.6342,NA
9254,2,0,53,53,change,6,f,0,1208.7125,NA
9254,2,0,54,54,nochange,6,f,1,955.0264,NA
9254,2,0,55,55,nochange,6,f,1,3402.9494,NA
9254,2,0,56,56,change,6,j,1,1179.6636,5
9254,2,0,57,57,change,6,j,1,3250.8921,NA
9254,2,0,58,58,nochange,6,f,1,4502.6578,NA
9254,2,0,59,59,change,6,j,1,1595.0381,NA
9254,2,0,60,60,nochange,6,j,0,2745.6991,NA
9255,2,practice,0,1,change,6,j,1,2890.3647,NA
9255,2,practice,0,2,change,6,f,0,2601.8721,NA
9255,2,practice,0,3,nochange,6,j,0,843.8475,NA
9255,2,practice,0,4,change,6,f,0,3382.6089,NA
9255,2,practice,0,5,nochange,6,f,1,5176.2997,NA
9255,2,0,1,1,nochange,6,f,1,1814.3019,NA
9255,2,0,2,2,change,6,f,0,1205.5804,NA
9255,2,0,3,3,change,6,j,1,5911.7707,NA
9255,2,0,4,4,change,6,j,1,1276.499,NA
9255,2,0,5,5,nochange,6,f,1,1496.3358,NA
9255,2,0,6,6,change,6,f,0,1019.7543,NA
9255,2,0,7,7,nochange,6,f,1,1378.1102,NA
9255,2,0,8,8,change,6,j,1,1168.7053,2
9255,2,0,9,9,change,6,f,0,1494.107,NA
9255,2,0,10,10,change,6,f,0,2363.5831,NA
9255,2,0,11,11,change,6,j,1,561.4598,NA
9255,2,0,12,12,nochange,6,f,1,1867.527,NA
9255,2,0,13,13,nochange,6,f,1,886.4532,NA
9255,2,0,14,14,change,6,j,1,3940.3538,NA
9255,2,0,15,15,nochange,6,f,1,1078.1726,NA
9255,2,0,16,16,nochange,6,j,0,1846.9834,2
9255,2,0,17,17,nochange,6,j,0,2628.9934,NA
9255,2,0,18,18,nochange,6,f,1,1655.6336,NA
9255,2,0,19,19,nochange,6,j,0,1162.2747,NA
9255,2,0,20,20,nochange,6,f,1,1198.6645,NA
9255,2,0,21,21,nochange,6,j,0,1457.9677,NA
9255,2,0,22,22,nochange,6,f,1,1453.7873,NA
9255,2,0,23,23,change,6,j,1,1094.7949,NA
9255,2,0,24,24,change,6,f,0,845.6334,3
9255,2,0,25,25,change,6,f,0,1611.9282,NA
9255,2,0,26,26,change,6,j,1,1720.9916,NA
9255,2,0,27,27,nochange,6,f,1,1178.6793,NA
9255,2,0,28,28,nochange,6,j,0,3486.2278,NA
9255,2,0,29,29,change,6,j,1,1739.8803,NA
9255,2,0,30,30,change,6,f,0,1931.7042,NA
9255,2,0,31,31,change,6,j,1,2110.7369,NA
9255,2,0,32,32,change,6,j,1,1351.5905,2
9255,2,0,33,33,nochange,6,j,0,1597.1822,NA
9255,2,0,34,34,change,6,j,1,1269.8703,NA
9255,2,0,35,35,nochange,6,f,1,2041.7012,NA
9255,2,0,36,36,nochange,6,j,0,2978.6574,NA
9255,2,0,37,37,change,6,f,0,2663.952,NA
9255,2,0,38,38,nochange,6,f,1,1242.5558,NA
9255,2,0,39,39,change,6,j,1,2172.9782,NA
9255,2,0,40,40,change,6,j,1,1580.7564,2
9255,2,0,41,41,nochange,6,f,1,1751.4401,NA
9255,2,0,42,42,nochange,6,f,1,1833.3705,NA
9255,2,0,43,43,nochange,6,j,0,3742.514,NA
9255,2,0,44,44,nochange,6,f,1,1596.8631,NA
9255,2,0,45,45,nochange,6,j,0,1111.7002,NA
9255,2,0,46,46,change,6,f,0,1422.3011,NA
9255,2,0,47,47,change,6,f,0,4013.31,NA
9255,2,0,48,48,nochange,6,j,0,2482.6216,2
9255,2,0,49,49,change,6,f,0,2460.4335,NA
9255,2,0,50,50,change,6,j,1,3398.4527,NA
9255,2,0,51,51,change,6,f,0,5268.7794,NA
9255,2,0,52,52,change,6,j,1,2282.502,NA
9255,2,0,53,53,nochange,6,j,0,1890.981,NA
9255,2,0,54,54,change,6,f,0,1499.279,NA
9255,2,0,55,55,nochange,6,f,1,966.388,NA
9255,2,0,56,56,nochange,6,j,0,2104.7355,3
9255,2,0,57,57,nochange,6,f,1,6664.8967,NA
9255,2,0,58,58,change,6,j,1,1890.8882,NA
9255,2,0,59,59,nochange,6,f,1,7515.8624,NA
9255,2,0,60,60,change,6,j,1,2020.8508,NA
9256,2,practice,0,1,nochange,6,f,1,1468.884,NA
9256,2,practice,0,2,change,6,j,1,1024.4409,NA
9256,2,practice,0,3,change,6,j,1,1155.3886,NA
9256,2,practice,0,4,nochange,6,j,0,1605.1836,NA
9256,2,practice,0,5,change,6,j,1,811.2527,NA
9256,2,0,1,1,change,6,j,1,1254.1184,NA
9256,2,0,2,2,change,6,f,0,2372.8931,NA
9256,2,0,3,3,change,6,j,1,1005.0945,NA
9256,2,0,4,4,change,6,j,1,2567.1227,NA
9256,2,0,5,5,change,6,f,0,1854.9665,NA
9256,2,0,6,6,change,6,f,0,3055.5074,NA
9256,2,0,7,7,change,6,j,1,2041.2874,NA
9256,2,0,8,8,nochange,6,f,1,1074.9379,2
9256,2,0,9,9,nochange,6,f,1,1093.3415,NA
9256,2,0,10,10,nochange,6,f,1,1041.9232,NA
9256,2,0,11,11,nochange,6,f,1,943.1104,NA
9256,2,0,12,12,nochange,6,f,1,2578.56,NA
9256,2,0,13,13,nochange,6,f,1,1020.1355,NA
9256,2,0,14,14,nochange,6,f,1,1440.9631,NA
9256,2,0,15,15,change,6,f,0,844.1136,NA
9256,2,0,16,16,nochange,6,f,1,689.7395,1
9256,2,0,17,17,nochange,6,f,1,1112.3345,NA
9256,2,0,18,18,nochange,6,f,1,1060.4119,NA
9256,2,0,19,19,nochange,6,f,1,1010.2115,NA
9256,2,0,20,20,change,6,f,0,1754.4539,NA
9256,2,0,21,21,nochange,6,f,1,1513.9757,NA
9256,2,0,22,22,change,6,f,0,1915.4078,NA
9256,2,0,23,23,nochange,6,f,1,1288.3929,NA
9256,2,0,24,24,change,6,j,1,1055.2488,1
9256,2,0,25,25,nochange,6,f,1,3883.7933,NA
9256,2,0,26,26,change,6,f,0,993.6257,NA
9256,2,0,27,27,nochange,6,f,1,1712.5006,NA
9256,2,0,28,28,change,6,j,1,1124.2055,NA
9256,2,0,29,29,change,6,j,1,919.387,NA
9256,2,0,30,30,change,6,j,1,864.2595,NA
9256,2,0,31,31,nochange,6,f,1,1647.666,NA
9256,2,0,32,32,change,6,j,1,4082.9448,4
9256,2,0,33,33,nochange,6,f,1,1997.2473,NA
9256,2,0,34,34,change,6,j,1,3416.9149,NA
9256,2,0,35,35,change,6,j,1,954.785,NA
9256,2,0,36,36,change,6,j,1,1827.5283,NA
9256,2,0,37,37,change,6,j,1,2315.8549,NA
9256,2,0,38,38,nochange,6,f,1,1433.7703,NA
9256,2,0,39,39,change,6,f,0,2003.9218,NA
9256,2,0,40,40,change,6,f,0,1520.6854,1
9256,2,0,41,41,nochange,6,f,1,3444.2246,NA
9256,2,0,42,42,nochange,6,f,1,1933.7947,NA
9256,2,0,43,43,change,6,f,0,1881.3587,NA
9256,2,0,44,44,change,6,j,1,935.1634,NA
9256,2,0,45,45,change,6,j,1,2035.3799,NA
9256,2,0,46,46,nochange,6,f,1,2235.2377,NA
9256,2,0,47,47,nochange,6,f,1,931.7965,NA
9256,2,0,48,48,change,6,f,0,1445.6968,2
9256,2,0,49,49,change,6,f,0,1503.3484,NA
9256,2,0,50,50,nochange,6,f,1,1387.8945,NA
9256,2,0,51,51,nochange,6,f,1,1698.148,NA
9256,2,0,52,52,change,6,j,1,1051.0364,NA
9256,2,0,53,53,change,6,j,1,1566.9256,NA
9256,2,0,54,54,nochange,6,f,1,1753.329,NA
9256,2,0,55,55,nochange,6,f,1,1679.5208,NA
9256,2,0,56,56,nochange,6,j,0,2542.4976,3
9256,2,0,57,57,change,6,f,0,1029.6204,NA
9256,2,0,58,58,nochange,6,f,1,1618.5539,NA
9256,2,0,59,59,nochange,6,f,1,1161.7314,NA
9256,2,0,60,60,nochange,6,f,1,1189.2304,NA
9257,2,practice,0,1,nochange,6,f,1,1584.0941,NA
9257,2,practice,0,2,change,6,j,1,1061.1094,NA
9257,2,practice,0,3,nochange,6,j,0,2222.5005,NA
9257,2,practice,0,4,change,6,j,1,2333.6404000000002,NA
9257,2,practice,0,5,change,6,j,1,4440.0113,NA
9257,2,0,1,1,nochange,6,f,1,993.8783,NA
9257,2,0,2,2,nochange,6,f,1,2038.8152,NA
9257,2,0,3,3,nochange,6,j,0,1676.4827,NA
9257,2,0,4,4,change,6,j,1,2296.6684,NA
9257,2,0,5,5,change,6,j,1,4200.9201,NA
9257,2,0,6,6,change,6,f,0,1387.6435,NA
9257,2,0,7,7,change,6,f,0,2401.3253,NA
9257,2,0,8,8,nochange,6,f,1,1705.5703,1
9257,2,0,9,9,change,6,j,1,3342.4344,NA
9257,2,0,10,10,nochange,6,f,1,1685.9568,NA
9257,2,0,11,11,nochange,6,j,0,3371.6168,NA
9257,2,0,12,12,nochange,6,f,1,1808.5508,NA
9257,2,0,13,13,change,6,f,0,4409.3611,NA
9257,2,0,14,14,nochange,6,f,1,1348.3099,NA
9257,2,0,15,15,nochange,6,f,1,1329.2677,NA
9257,2,0,16,16,change,6,j,1,1377.4858,1
9257,2,0,17,17,change,6,j,1,2661.0035,NA
9257,2,0,18,18,change,6,j,1,1772.6496,NA
9257,2,0,19,19,change,6,j,1,1545.6031,NA
9257,2,0,20,20,change,6,f,0,3334.2235,NA
9257,2,0,21,21,change,6,j,1,4609.2806,NA
9257,2,0,22,22,nochange,6,f,1,1702.9699,NA
9257,2,0,23,23,nochange,6,f,1,4739.2348,NA
9257,2,0,24,24,nochange,6,j,0,1835.4524,2
9257,2,0,25,25,change,6,f,0,4395.5322,NA
9257,2,0,26,26,change,6,j,1,1614.1643,NA
9257,2,0,27,27,change,6,j,1,4025.5615,NA
9257,2,0,28,28,change,6,f,0,2016.7191,NA
9257,2,0,29,29,nochange,6,f,1,2911.0607,NA
9257,2,0,30,30,nochange,6,f,1,1811.2426,NA
9257,2,0,31,31,change,6,f,0,3274.1216,NA
9257,2,0,32,32,change,6,j,1,1922.8819,2
9257,2,0,33,33,change,6,j,1,4242.6845,NA
9257,2,0,34,34,nochange,6,f,1,1277.3878,NA
9257,2,0,35,35,nochange,6,j,0,2037.8619,NA
9257,2,0,36,36,change,6,j,1,2782.0324,NA
9257,2,0,37,37,change,6,j,1,3620.3387,NA
9257,2,0,38,38,change,6,j,1,2420.232,NA
9257,2,0,39,39,nochange,6,j,0,1254.3625,NA
9257,2,0,40,40,nochange,6,f,1,1450.4608,2
9257,2,0,41,41,change,6,j,1,2499.5112,NA
9257,2,0,42,42,change,6,j,1,1108.1673,NA
9257,2,0,43,43,nochange,6,f,1,1225.4632,NA
9257,2,0,44,44,change,6,j,1,2069.3045,NA
9257,2,0,45,45,nochange,6,f,1,3685.9571,NA
9257,2,0,46,46,nochange,6,f,1,2372.9681,NA
9257,2,0,47,47,change,6,f,0,1813.6655,NA
9257,2,0,48,48,nochange,6,f,1,2781.2184,2
9257,2,0,49,49,nochange,6,f,1,2786.7798,NA
9257,2,0,50,50,change,6,j,1,1297.01,NA
9257,2,0,51,51,change,6,j,1,1751.3388,NA
9257,2,0,52,52,nochange,6,f,1,3059.9056,NA
9257,2,0,53,53,change,6,f,0,1182.8403,NA
9257,2,0,54,54,nochange,6,j,0,1426.5125,NA
9257,2,0,55,55,nochange,6,j,0,1793.9945,NA
9257,2,0,56,56,nochange,6,j,0,1653.3152,2
9257,2,0,57,57,nochange,6,j,0,1401.7421,NA
9257,2,0,58,58,change,6,j,1,1684.6851,NA
9257,2,0,59,59,nochange,6,f,1,1372.6791,NA
9257,2,0,60,60,nochange,6,f,1,1943.6435,NA
9258,2,practice,0,1,nochange,6,j,0,2601.6096,NA
9258,2,practice,0,2,change,6,j,1,1341.9216,NA
9258,2,practice,0,3,nochange,6,f,1,3017.282,NA
9258,2,practice,0,4,nochange,6,f,1,2146.3424,NA
9258,2,practice,0,5,nochange,6,f,1,1222.2654,NA
9258,2,0,1,1,change,6,j,1,1891.5165,NA
9258,2,0,2,2,nochange,6,f,1,1204.9902,NA
9258,2,0,3,3,nochange,6,f,1,2758.9894,NA
9258,2,0,4,4,nochange,6,f,1,1109.3265,NA
9258,2,0,5,5,change,6,f,0,4003.4347,NA
9258,2,0,6,6,nochange,6,f,1,2997.0836,NA
9258,2,0,7,7,nochange,6,j,0,1514.6177,NA
9258,2,0,8,8,nochange,6,f,1,1211.8487,1
9258,2,0,9,9,nochange,6,f,1,1305.4722,NA
9258,2,0,10,10,change,6,f,0,1537.644,NA
9258,2,0,11,11,change,6,f,0,2258.1086,NA
9258,2,0,12,12,nochange,6,f,1,4853.6391,NA
9258,2,0,13,13,change,6,f,0,2948.5857,NA
9258,2,0,14,14,nochange,6,f,1,1801.6984,NA
9258,2,0,15,15,change,6,j,1,1431.4389,NA
9258,2,0,16,16,nochange,6,f,1,1967.2476,1
9258,2,0,17,17,change,6,j,1,2294.2787,NA
9258,2,0,18,18,change,6,j,1,3324.2189,NA
9258,2,0,19,19,change,6,f,0,1667.4402,NA
9258,2,0,20,20,change,6,f,0,1220.023,NA
9258,2,0,21,21,change,6,f,0,3620.725,NA
9258,2,0,22,22,change,6,f,0,1368.4378,NA
9258,2,0,23,23,nochange,6,f,1,1149.5801,NA
9258,2,0,24,24,change,6,f,0,2268.4241,1
9258,2,0,25,25,nochange,6,j,0,6773.3397,NA
9258,2,0,26,26,nochange,6,j,0,2024.2559,NA
9258,2,0,27,27,change,6,j,1,1740.2266,NA
9258,2,0,28,28,nochange,6,j,0,4324.5468,NA
9258,2,0,29,29,nochange,6,f,1,4857.6913,NA
9258,2,0,30,30,change,6,f,0,8990.8253,NA
9258,2,0,31,31,change,6,j,1,2460.9006,NA
9258,2,0,32,32,change,6,j,1,2036.4905,5
9258,2,0,33,33,nochange,6,f,1,1629.4253,NA
9258,2,0,34,34,nochange,6,f,1,1390.8107,NA
9258,2,0,35,35,nochange,6,f,1,2646.2951,NA
9258,2,0,36,36,change,6,j,1,6650.654,NA
9258,2,0,37,37,nochange,6,f,1,6408.7323,NA
9258,2,0,38,38,change,6,j,1,3053.4847,NA
9258,2,0,39,39,change,6,f,0,3517.7256,NA
9258,2,0,40,40,nochange,6,j,0,2575.3622,1
9258,2,0,41,41,nochange,6,j,0,1770.0977,NA
9258,2,0,42,42,change,6,f,0,1091.3037,NA
9258,2,0,43,43,change,6,j,1,987.5344,NA
9258,2,0,44,44,nochange,6,j,0,1194.4339,NA
9258,2,0,45,45,change,6,j,1,1326.7375,NA
9258,2,0,46,46,nochange,6,f,1,1449.2797,NA
9258,2,0,47,47,nochange,6,j,0,1469.6263,NA
9258,2,0,48,48,change,6,j,1,2681.6274,5
9258,2,0,49,49,nochange,6,j,0,1990.3686,NA
9258,2,0,50,50,nochange,6,j,0,548.447,NA
9258,2,0,51,51,change,6,f,0,1540.074,NA
9258,2,0,52,52,nochange,6,f,1,1916.3616,NA
9258,2,0,53,53,nochange,6,f,1,2183.2839,NA
9258,2,0,54,54,nochange,6,j,0,3918.7516,NA
9258,2,0,55,55,change,6,j,1,1359.5389,NA
9258,2,0,56,56,change,6,j,1,4.57729999989,1
9258,2,0,57,57,nochange,6,f,1,1890.5706,NA
9258,2,0,58,58,change,6,j,1,2256.78,NA
9258,2,0,59,59,change,6,f,0,3854.8568,NA
9258,2,0,60,60,change,6,j,1,2675.3948,NA
9259,2,practice,0,1,nochange,6,f,1,2291.2044,NA
9259,2,practice,0,2,nochange,6,f,1,1112.0011,NA
9259,2,practice,0,3,change,6,j,1,1138.9041,NA
9259,2,practice,0,4,change,6,j,1,1794.9761,NA
9259,2,practice,0,5,nochange,6,f,1,883.5749,NA
9259,2,0,1,1,nochange,6,f,1,2164.1525,NA
9259,2,0,2,2,change,6,j,1,1179.8997,NA
9259,2,0,3,3,change,6,f,0,4126.6398,NA
9259,2,0,4,4,nochange,6,f,1,1270.6617,NA
9259,2,0,5,5,change,6,f,0,3241.3133,NA
9259,2,0,6,6,nochange,6,f,1,1085.0875,NA
9259,2,0,7,7,nochange,6,f,1,1490.8507,NA
9259,2,0,8,8,change,6,f,0,982.7438,1
9259,2,0,9,9,nochange,6,f,1,950.9062,NA
9259,2,0,10,10,nochange,6,f,1,1613.3287,NA
9259,2,0,11,11,change,6,f,0,917.4055,NA
9259,2,0,12,12,change,6,j,1,8.70789999998,NA
9259,2,0,13,13,change,6,j,1,1065.3564,NA
9259,2,0,14,14,change,6,f,0,3150.3442,NA
9259,2,0,15,15,nochange,6,f,1,2609.1441,NA
9259,2,0,16,16,nochange,6,f,1,990.8112,1
9259,2,0,17,17,nochange,6,f,1,1116.7611,NA
9259,2,0,18,18,nochange,6,f,1,1001.2272,NA
9259,2,0,19,19,change,6,f,0,3721.3938,NA
9259,2,0,20,20,nochange,6,f,1,1617.3815,NA
9259,2,0,21,21,nochange,6,f,1,1012.5471,NA
9259,2,0,22,22,change,6,f,0,1017.4653,NA
9259,2,0,23,23,change,6,j,1,1238.2341,NA
9259,2,0,24,24,nochange,6,f,1,1026.5763,1
9259,2,0,25,25,nochange,6,f,1,956.8072,NA
9259,2,0,26,26,change,6,j,1,1051.0837,NA
9259,2,0,27,27,nochange,6,f,1,1130.4352,NA
9259,2,0,28,28,nochange,6,f,1,2159.9244,NA
9259,2,0,29,29,change,6,f,0,2615.6682,NA
9259,2,0,30,30,change,6,j,1,1118.0601,NA
9259,2,0,31,31,nochange,6,f,1,1299.1449,NA
9259,2,0,32,32,nochange,6,f,1,927.5597,1
9259,2,0,33,33,nochange,6,j,0,1005.7261,NA
9259,2,0,34,34,change,6,j,1,1997.9659,NA
9259,2,0,35,35,change,6,j,1,4151.937,NA
9259,2,0,36,36,change,6,f,0,1272.7774,NA
9259,2,0,37,37,change,6,j,1,1577.7531,NA
9259,2,0,38,38,change,6,j,1,1632.8965,NA
9259,2,0,39,39,change,6,j,1,1097.9506,NA
9259,2,0,40,40,nochange,6,j,0,1448.0655,1
9259,2,0,41,41,nochange,6,f,1,1063.2119,NA
9259,2,0,42,42,change,6,f,0,1143.4867,NA
9259,2,0,43,43,change,6,f,0,4634.4524,NA
9259,2,0,44,44,change,6,j,1,1813.26,NA
9259,2,0,45,45,nochange,6,f,1,1440.0111,NA
9259,2,0,46,46,change,6,f,0,2605.6766,NA
9259,2,0,47,47,nochange,6,f,1,3972.2808,NA
9259,2,0,48,48,change,6,f,0,2169.4738,1
9259,2,0,49,49,nochange,6,f,1,1371.313,NA
9259,2,0,50,50,nochange,6,f,1,1505.2353,NA
9259,2,0,51,51,nochange,6,j,0,1138.869,NA
9259,2,0,52,52,nochange,6,f,1,845.9248,NA
9259,2,0,53,53,change,6,j,1,3211.4399,NA
9259,2,0,54,54,change,6,f,0,1862.2473,NA
9259,2,0,55,55,nochange,6,f,1,1077.1411,NA
9259,2,0,56,56,nochange,6,f,1,4755.1137,1
9259,2,0,57,57,change,6,j,1,1178.6399,NA
9259,2,0,58,58,change,6,f,0,3056.4098,NA
9259,2,0,59,59,nochange,6,f,1,2098.3665,NA
9259,2,0,60,60,change,6,f,0,1346.6262,NA
9260,2,practice,0,1,nochange,6,j,0,5190.2528,NA
9260,2,practice,0,2,change,6,f,0,894.408,NA
9260,2,practice,0,3,change,6,j,1,822.1675,NA
9260,2,practice,0,4,nochange,6,j,0,1150.9524,NA
9260,2,practice,0,5,nochange,6,j,0,764.0087,NA
9260,2,0,1,1,change,6,j,1,916.9594,NA
9260,2,0,2,2,nochange,6,f,1,1793.7964,NA
9260,2,0,3,3,change,6,j,1,1409.2249,NA
9260,2,0,4,4,nochange,6,f,1,1582.1127,NA
9260,2,0,5,5,nochange,6,f,1,1280.793,NA
9260,2,0,6,6,change,6,f,0,1103.2551,NA
9260,2,0,7,7,change,6,j,1,1252.8918,NA
9260,2,0,8,8,nochange,6,j,0,868.187,2
9260,2,0,9,9,nochange,6,f,1,1045.7023,NA
9260,2,0,10,10,change,6,j,1,828.4057,NA
9260,2,0,11,11,change,6,f,0,910.5341,NA
9260,2,0,12,12,nochange,6,f,1,2617.443,NA
9260,2,0,13,13,nochange,6,f,1,1977.1962,NA
9260,2,0,14,14,change,6,f,0,1079.6309,NA
9260,2,0,15,15,nochange,6,j,0,809.1713,NA
9260,2,0,16,16,nochange,6,j,0,683.7504,2
9260,2,0,17,17,change,6,j,1,1836.6648,NA
9260,2,0,18,18,change,6,f,0,1015.3518,NA
9260,2,0,19,19,nochange,6,j,0,2734.3043,NA
9260,2,0,20,20,nochange,6,j,0,2559.184,NA
9260,2,0,21,21,change,6,f,0,1165.8808,NA
9260,2,0,22,22,nochange,6,j,0,1199.0545,NA
9260,2,0,23,23,change,6,f,0,1661.679,NA
9260,2,0,24,24,change,6,f,0,677.7231,3
9260,2,0,25,25,nochange,6,f,1,1004.9639,NA
9260,2,0,26,26,change,6,j,1,1918.197,NA
9260,2,0,27,27,change,6,f,0,951.0223,NA
9260,2,0,28,28,change,6,j,1,1039.0099,NA
9260,2,0,29,29,nochange,6,f,1,824.235,NA
9260,2,0,30,30,change,6,j,1,771.0602,NA
9260,2,0,31,31,nochange,6,j,0,1686.7949,NA
9260,2,0,32,32,change,6,f,0,1089.1235,3
9260,2,0,33,33,change,6,f,0,1340.9397,NA
9260,2,0,34,34,change,6,f,0,922.4522,NA
9260,2,0,35,35,nochange,6,f,1,921.476,NA
9260,2,0,36,36,nochange,6,f,1,1208.6534,NA
9260,2,0,37,37,change,6,f,0,1221.9539,NA
9260,2,0,38,38,change,6,f,0,1031.6079,NA
9260,2,0,39,39,nochange,6,j,0,1718.922,NA
9260,2,0,40,40,change,6,f,0,2087.9746,3
9260,2,0,41,41,change,6,j,1,1312.7868,NA
9260,2,0,42,42,nochange,6,j,0,7.58390000003,NA
9260,2,0,43,43,change,6,f,0,4281.2385,NA
9260,2,0,44,44,change,6,j,1,4006.6924,NA
9260,2,0,45,45,nochange,6,j,0,3363.1274,NA
9260,2,0,46,46,nochange,6,f,1,1113.8207,NA
9260,2,0,47,47,nochange,6,j,0,2471.9476,NA
9260,2,0,48,48,change,6,j,1,3460.467,3
9260,2,0,49,49,nochange,6,f,1,504.4519,NA
9260,2,0,50,50,nochange,6,j,0,1672.4213,NA
9260,2,0,51,51,change,6,j,1,843.2764,NA
9260,2,0,52,52,nochange,6,j,0,667.5566,NA
9260,2,0,53,53,nochange,6,j,0,1066.7204,NA
9260,2,0,54,54,change,6,j,1,562.7455,NA
9260,2,0,55,55,nochange,6,f,1,1336.745,NA
9260,2,0,56,56,nochange,6,j,0,621.8394,3
9260,2,0,57,57,change,6,j,1,664.6953,NA
9260,2,0,58,58,change,6,f,0,615.1246,NA
9260,2,0,59,59,nochange,6,f,1,995.2741,NA
9260,2,0,60,60,nochange,6,j,0,774.916,NA
9261,2,practice,0,1,nochange,6,f,1,1402.3346,NA
9261,2,practice,0,2,nochange,6,j,0,1137.4678,NA
9261,2,practice,0,3,nochange,6,f,1,683.5117,NA
9261,2,practice,0,4,change,6,f,0,934.6329,NA
9261,2,practice,0,5,nochange,6,f,1,575.5206,NA
9261,2,0,1,1,change,6,j,1,1244.2522,NA
9261,2,0,2,2,change,6,f,0,1196.2977,NA
9261,2,0,3,3,nochange,6,f,1,1503.0753,NA
9261,2,0,4,4,change,6,j,1,1154.7818,NA
9261,2,0,5,5,nochange,6,f,1,1125.8313,NA
9261,2,0,6,6,nochange,6,f,1,820.0032,NA
9261,2,0,7,7,nochange,6,f,1,664.8763,NA
9261,2,0,8,8,change,6,f,0,841.0474,1
9261,2,0,9,9,change,6,f,0,998.8825,NA
9261,2,0,10,10,nochange,6,f,1,1182.5003,NA
9261,2,0,11,11,change,6,f,0,1039.9193,NA
9261,2,0,12,12,change,6,f,0,806.3099,NA
9261,2,0,13,13,nochange,6,j,0,648.7614,NA
9261,2,0,14,14,nochange,6,f,1,995.0701,NA
9261,2,0,15,15,change,6,j,1,978.3091,NA
9261,2,0,16,16,change,6,f,0,754.692,5
9261,2,0,17,17,change,6,f,0,691.314,NA
9261,2,0,18,18,change,6,f,0,625.1631,NA
9261,2,0,19,19,nochange,6,f,1,662.0264,NA
9261,2,0,20,20,nochange,6,j,0,1143.0918,NA
9261,2,0,21,21,nochange,6,f,1,600.9247,NA
9261,2,0,22,22,nochange,6,f,1,756.9936,NA
9261,2,0,23,23,change,6,j,1,871.074,NA
9261,2,0,24,24,change,6,j,1,1006.4632,5
9261,2,0,25,25,change,6,f,0,1450.8662,NA
9261,2,0,26,26,change,6,j,1,1329.6327000000001,NA
9261,2,0,27,27,nochange,6,f,1,738.0603,NA
9261,2,0,28,28,change,6,j,1,1501.0095,NA
9261,2,0,29,29,change,6,j,1,1664.2587,NA
9261,2,0,30,30,nochange,6,f,1,622.7067,NA
9261,2,0,31,31,change,6,f,0,3393.0757,NA
9261,2,0,32,32,change,6,f,0,1206.5507,5
9261,2,0,33,33,nochange,6,f,1,1474.9661,NA
9261,2,0,34,34,change,6,j,1,1334.1442,NA
9261,2,0,35,35,change,6,f,0,989.4781,NA
9261,2,0,36,36,change,6,f,0,570.7308,NA
9261,2,0,37,37,nochange,6,f,1,700.5733,NA
9261,2,0,38,38,nochange,6,j,0,1086.3586,NA
9261,2,0,39,39,nochange,6,f,1,1386.6605,NA
9261,2,0,40,40,change,6,j,1,864.4083,5
9261,2,0,41,41,nochange,6,f,1,1176.4432,NA
9261,2,0,42,42,change,6,f,0,1249.5675,NA
9261,2,0,43,43,nochange,6,f,1,983.6793,NA
9261,2,0,44,44,nochange,6,f,1,747.6631,NA
9261,2,0,45,45,nochange,6,f,1,1100.0867,NA
9261,2,0,46,46,nochange,6,f,1,1468.9938,NA
9261,2,0,47,47,change,6,j,1,686.1938,NA
9261,2,0,48,48,change,6,f,0,2460.787,5
9261,2,0,49,49,nochange,6,f,1,1210.8812,NA
9261,2,0,50,50,change,6,f,0,984.424,NA
9261,2,0,51,51,nochange,6,j,0,3129.8705,NA
9261,2,0,52,52,nochange,6,f,1,729.4157,NA
9261,2,0,53,53,nochange,6,f,1,871.5041,NA
9261,2,0,54,54,nochange,6,f,1,908.5812,NA
9261,2,0,55,55,change,6,j,1,1639.6525,NA
9261,2,0,56,56,change,6,f,0,751.3683,5
9261,2,0,57,57,nochange,6,f,1,875.6044,NA
9261,2,0,58,58,nochange,6,f,1,889.106,NA
9261,2,0,59,59,change,6,f,0,8663.9027,NA
9261,2,0,60,60,nochange,6,f,1,730.1317,NA
9262,2,practice,0,1,nochange,6,f,1,3509.9085,NA
9262,2,practice,0,2,nochange,6,f,1,0.396100000002,NA
9262,2,practice,0,3,change,6,j,1,0.524799999999,NA
9262,2,practice,0,4,nochange,6,j,0,561.7195,NA
9262,2,practice,0,5,change,6,f,0,975.2202,NA
9262,2,0,1,1,nochange,6,f,1,15.5482,NA
9262,2,0,2,2,nochange,6,j,0,6.98760000001,NA
9262,2,0,3,3,nochange,6,f,1,1040.2066,NA
9262,2,0,4,4,nochange,6,f,1,526.9697,NA
9262,2,0,5,5,nochange,6,f,1,624.281,NA
9262,2,0,6,6,change,6,j,1,396.1047,NA
9262,2,0,7,7,nochange,6,f,1,660.0365,NA
9262,2,0,8,8,change,6,j,1,9.11409999999,1
9262,2,0,9,9,nochange,6,f,1,7.84639999999,NA
9262,2,0,10,10,nochange,6,f,1,9.60209999999,NA
9262,2,0,11,11,nochange,6,f,1,4.08829999997,NA
9262,2,0,12,12,change,6,j,1,12.8596,NA
9262,2,0,13,13,nochange,6,j,0,7.15299999999,NA
9262,2,0,14,14,nochange,6,j,0,8.9284,NA
9262,2,0,15,15,nochange,6,f,1,6.9295,NA
9262,2,0,16,16,change,6,f,0,625.4386,2
9262,2,0,17,17,nochange,6,f,1,3363.5192,NA
9262,2,0,18,18,change,6,j,1,15.96,NA
9262,2,0,19,19,nochange,6,f,1,8.1459,NA
9262,2,0,20,20,change,6,f,0,8.3419,NA
9262,2,0,21,21,change,6,f,0,11.5055,NA
9262,2,0,22,22,change,6,j,1,15.4425,NA
9262,2,0,23,23,change,6,f,0,12.8536,NA
9262,2,0,24,24,change,6,f,0,9.5852,2
9262,2,0,25,25,change,6,f,0,8.7231,NA
9262,2,0,26,26,change,6,f,0,960.5661,NA
9262,2,0,27,27,change,6,f,0,561.9333,NA
9262,2,0,28,28,change,6,f,0,631.8322,NA
9262,2,0,29,29,nochange,6,j,0,13.4667,NA
9262,2,0,30,30,nochange,6,f,1,11.306,NA
9262,2,0,31,31,nochange,6,j,0,5.33919999999,NA
9262,2,0,32,32,change,6,f,0,5.35330000002,1
9262,2,0,33,33,nochange,6,f,1,2171.4955,NA
9262,2,0,34,34,change,6,j,1,660.5791,NA
9262,2,0,35,35,nochange,6,f,1,1466.8403,NA
9262,2,0,36,36,nochange,6,j,0,10.2916999999,NA
9262,2,0,37,37,change,6,f,0,7.52110000007,NA
9262,2,0,38,38,nochange,6,f,1,2466.5703,NA
9262,2,0,39,39,nochange,6,f,1,7.03420000005,NA
9262,2,0,40,40,change,6,f,0,1522.4479,2
9262,2,0,41,41,change,6,f,0,610.6407,NA
9262,2,0,42,42,change,6,f,0,433.7465,NA
9262,2,0,43,43,change,6,f,0,6.34620000003,NA
9262,2,0,44,44,nochange,6,f,1,7.03829999996,NA
9262,2,0,45,45,change,6,j,1,507.3091,NA
9262,2,0,46,46,nochange,6,f,1,3.26630000002,NA
9262,2,0,47,47,nochange,6,f,1,9.92159999994,NA
9262,2,0,48,48,change,6,f,0,7.69580000004,1
9262,2,0,49,49,nochange,6,f,1,664.2154,NA
9262,2,0,50,50,change,6,f,0,8.47639999999,NA
9262,2,0,51,51,change,6,j,1,5.55450000003,NA
9262,2,0,52,52,nochange,6,j,0,2405.0022,NA
9262,2,0,53,53,nochange,6,f,1,6.87860000005,NA
9262,2,0,54,54,change,6,f,0,4.44699999993,NA
9262,2,0,55,55,nochange,6,f,1,5.86560000002,NA
9262,2,0,56,56,change,6,f,0,7.24569999997,2
9262,2,0,57,57,change,6,f,0,4.48430000001,NA
9262,2,0,58,58,nochange,6,j,0,1906.3707,NA
9262,2,0,59,59,change,6,f,0,616.0785,NA
9262,2,0,60,60,change,6,f,0,10.3759,NA
9263,2,practice,0,1,nochange,6,f,1,1178.5102,NA
9263,2,practice,0,2,nochange,6,f,1,1579.547,NA
9263,2,practice,0,3,change,6,j,1,1454.8899,NA
9263,2,practice,0,4,nochange,6,f,1,1246.6645,NA
9263,2,practice,0,5,nochange,6,j,0,288.9032,NA
9263,2,0,1,1,nochange,6,f,1,1437.9098,NA
9263,2,0,2,2,change,6,j,1,986.1951,NA
9263,2,0,3,3,change,6,j,1,3779.9581,NA
9263,2,0,4,4,nochange,6,f,1,2732.8472,NA
9263,2,0,5,5,change,6,j,1,3744.8054,NA
9263,2,0,6,6,nochange,6,f,1,8779.8155,NA
9263,2,0,7,7,change,6,j,1,1301.5833,NA
9263,2,0,8,8,nochange,6,f,1,2286.6515,1
9263,2,0,9,9,nochange,6,j,0,1302.7933,NA
9263,2,0,10,10,change,6,f,0,4631.8302,NA
9263,2,0,11,11,change,6,j,1,1278.4117,NA
9263,2,0,12,12,nochange,6,f,1,1242.6399,NA
9263,2,0,13,13,change,6,f,0,4271.9786,NA
9263,2,0,14,14,nochange,6,j,0,1044.5463,NA
9263,2,0,15,15,change,6,j,1,929.6109,NA
9263,2,0,16,16,change,6,f,0,1978.2897,1
9263,2,0,17,17,nochange,6,f,1,2040.0998,NA
9263,2,0,18,18,nochange,6,f,1,1381.4344,NA
9263,2,0,19,19,change,6,j,1,2937.7555,NA
9263,2,0,20,20,nochange,6,f,1,1886.68,NA
9263,2,0,21,21,change,6,j,1,2208.176,NA
9263,2,0,22,22,nochange,6,f,1,1282.5123,NA
9263,2,0,23,23,change,6,f,0,1882.7882,NA
9263,2,0,24,24,nochange,6,f,1,5196.71,1
9263,2,0,25,25,change,6,f,0,3865.1226,NA
9263,2,0,26,26,nochange,6,f,1,1845.7271,NA
9263,2,0,27,27,nochange,6,f,1,1404.1246,NA
9263,2,0,28,28,change,6,f,0,2351.1749,NA
9263,2,0,29,29,nochange,6,j,0,3999.8253,NA
9263,2,0,30,30,nochange,6,f,1,1363.2606,NA
9263,2,0,31,31,change,6,j,1,3255.7655,NA
9263,2,0,32,32,change,6,f,0,4815.3707,1
9263,2,0,33,33,change,6,f,0,1311.8521,NA
9263,2,0,34,34,nochange,6,f,1,446.1765,NA
9263,2,0,35,35,change,6,j,1,4809.2995,NA
9263,2,0,36,36,nochange,6,f,1,4365.242,NA
9263,2,0,37,37,change,6,f,0,5413.8524,NA
9263,2,0,38,38,change,6,j,1,1380.917,NA
9263,2,0,39,39,nochange,6,f,1,1600.231,NA
9263,2,0,40,40,change,6,j,1,3447.9354,1
9263,2,0,41,41,change,6,f,0,2276.1543,NA
9263,2,0,42,42,nochange,6,f,1,1034.0913,NA
9263,2,0,43,43,nochange,6,f,1,5132.9803,NA
9263,2,0,44,44,change,6,j,1,1783.7701,NA
9263,2,0,45,45,change,6,j,1,8346.3479,NA
9263,2,0,46,46,change,6,f,0,1498.6428,NA
9263,2,0,47,47,change,6,f,0,2390.6425,NA
9263,2,0,48,48,nochange,6,f,1,2270.0045,1
9263,2,0,49,49,nochange,6,f,1,265.6896,NA
9263,2,0,50,50,change,6,j,1,1347.0512,NA
9263,2,0,51,51,nochange,6,f,1,1554.6731,NA
9263,2,0,52,52,change,6,f,0,1617.3483,NA
9263,2,0,53,53,nochange,6,f,1,2552.0754,NA
9263,2,0,54,54,nochange,6,f,1,1438.672,NA
9263,2,0,55,55,nochange,6,j,0,907.4904,NA
9263,2,0,56,56,change,6,f,0,4045.2844,1
9263,2,0,57,57,change,6,f,0,1191.4363,NA
9263,2,0,58,58,nochange,6,f,1,2066.7397,NA
9263,2,0,59,59,nochange,6,j,0,2475.7426,NA
9263,2,0,60,60,nochange,6,f,1,2826.6353,NA
9264,2,practice,0,1,change,6,j,1,1585.8201,NA
9264,2,practice,0,2,nochange,6,f,1,1053.8976,NA
9264,2,practice,0,3,nochange,6,f,1,2413.3793,NA
9264,2,practice,0,4,nochange,6,f,1,1045.163,NA
9264,2,practice,0,5,nochange,6,f,1,0.341800000009,NA
9264,2,0,1,1,nochange,6,f,1,1598.8248,NA
9264,2,0,2,2,change,6,f,0,1036.0982,NA
9264,2,0,3,3,nochange,6,j,0,3082.9664,NA
9264,2,0,4,4,change,6,j,1,1595.9388,NA
9264,2,0,5,5,nochange,6,f,1,1248.8083,NA
9264,2,0,6,6,nochange,6,f,1,1363.54,NA
9264,2,0,7,7,nochange,6,f,1,898.0463,NA
9264,2,0,8,8,change,6,f,0,1147.424,5
9264,2,0,9,9,change,6,j,1,4666.6676,NA
9264,2,0,10,10,change,6,f,0,1168.6738,NA
9264,2,0,11,11,change,6,j,1,1191.4397,NA
9264,2,0,12,12,nochange,6,f,1,886.6818,NA
9264,2,0,13,13,change,6,f,0,2962.9926,NA
9264,2,0,14,14,change,6,f,0,4861.8891,NA
9264,2,0,15,15,change,6,j,1,1078.946,NA
9264,2,0,16,16,change,6,j,1,1130.4734,5
9264,2,0,17,17,change,6,j,1,2058.4266,NA
9264,2,0,18,18,nochange,6,f,1,2867.3808,NA
9264,2,0,19,19,nochange,6,f,1,3187.1451,NA
9264,2,0,20,20,nochange,6,f,1,1113.8477,NA
9264,2,0,21,21,change,6,f,0,927.2186,NA
9264,2,0,22,22,change,6,f,0,2745.9282,NA
9264,2,0,23,23,nochange,6,f,1,1046.4716,NA
9264,2,0,24,24,change,6,j,1,6385.7453,1
9264,2,0,25,25,change,6,j,1,2660.0885,NA
9264,2,0,26,26,nochange,6,j,0,2747.0627,NA
9264,2,0,27,27,change,6,j,1,1526.9944,NA
9264,2,0,28,28,change,6,f,0,1526.7696,NA
9264,2,0,29,29,change,6,f,0,1328.8827000000001,NA
9264,2,0,30,30,nochange,6,f,1,1771.9468,NA
9264,2,0,31,31,nochange,6,f,1,2294.8977,NA
9264,2,0,32,32,nochange,6,f,1,1018.1392,1
9264,2,0,33,33,nochange,6,f,1,1054.4976,NA
9264,2,0,34,34,change,6,j,1,1408.0954,NA
9264,2,0,35,35,nochange,6,f,1,1380.5427,NA
9264,2,0,36,36,change,6,f,0,6003.1418,NA
9264,2,0,37,37,nochange,6,f,1,1454.2219,NA
9264,2,0,38,38,nochange,6,j,0,1071.0405,NA
9264,2,0,39,39,change,6,f,0,1649.0642,NA
9264,2,0,40,40,change,6,j,1,1119.2606,5
9264,2,0,41,41,change,6,f,0,827.8344,NA
9264,2,0,42,42,nochange,6,f,1,1090.9972,NA
9264,2,0,43,43,change,6,f,0,1270.8609,NA
9264,2,0,44,44,nochange,6,f,1,735.2347,NA
9264,2,0,45,45,nochange,6,f,1,15.1171,NA
9264,2,0,46,46,change,6,j,1,4259.7824,NA
9264,2,0,47,47,nochange,6,f,1,1966.665,NA
9264,2,0,48,48,nochange,6,j,0,1039.4543,5
9264,2,0,49,49,nochange,6,f,1,867.5088,NA
9264,2,0,50,50,change,6,j,1,1951.9498,NA
9264,2,0,51,51,change,6,j,1,1639.5977,NA
9264,2,0,52,52,nochange,6,f,1,1044.7328,NA
9264,2,0,53,53,nochange,6,f,1,19.4648,NA
9264,2,0,54,54,nochange,6,j,0,1858.9228,NA
9264,2,0,55,55,nochange,6,f,1,1809.5872,NA
9264,2,0,56,56,change,6,j,1,1919.6833,5
9264,2,0,57,57,change,6,j,1,941.0192,NA
9264,2,0,58,58,nochange,6,f,1,4373.7135,NA
9264,2,0,59,59,change,6,j,1,1161.4731,NA
9264,2,0,60,60,nochange,6,j,0,3235.3473,NA
9265,2,practice,0,1,change,6,j,1,511.7283,NA
9265,2,practice,0,2,nochange,6,j,0,524.2116,NA
9265,2,practice,0,3,nochange,6,f,1,1097.8699,NA
9265,2,practice,0,4,nochange,6,j,0,935.8769,NA
9265,2,practice,0,5,nochange,6,f,1,449.3963,NA
9265,2,0,1,1,change,6,j,1,492.0591,NA
9265,2,0,2,2,change,6,j,1,503.998,NA
9265,2,0,3,3,nochange,6,f,1,424.8699,NA
9265,2,0,4,4,change,6,j,1,390.5815,NA
9265,2,0,5,5,change,6,f,0,507.6863,NA
9265,2,0,6,6,nochange,6,j,0,260.5288,NA
9265,2,0,7,7,change,6,j,1,308.2852,NA
9265,2,0,8,8,nochange,6,f,1,4.36559999999,5
9265,2,0,9,9,change,6,j,1,420.5343,NA
9265,2,0,10,10,nochange,6,f,1,3.3737,NA
9265,2,0,11,11,nochange,6,f,1,3.72339999996,NA
9265,2,0,12,12,nochange,6,j,0,4.69689999998,NA
9265,2,0,13,13,nochange,6,j,0,9.42789999995,NA
9265,2,0,14,14,change,6,f,0,335.4337,NA
9265,2,0,15,15,change,6,f,0,528.6584,NA
9265,2,0,16,16,change,6,f,0,530.7718,5
9265,2,0,17,17,change,6,f,0,10.7768,NA
9265,2,0,18,18,nochange,6,f,1,2.23499999999,NA
9265,2,0,19,19,nochange,6,f,1,1389.8508,NA
9265,2,0,20,20,change,6,j,1,6.63869999995,NA
9265,2,0,21,21,nochange,6,j,0,400.2826,NA
9265,2,0,22,22,nochange,6,j,0,424.8476,NA
9265,2,0,23,23,nochange,6,f,1,473.1052,NA
9265,2,0,24,24,nochange,6,j,0,499.2209,5
9265,2,0,25,25,change,6,j,1,2.7917,NA
9265,2,0,26,26,change,6,f,0,355.1059,NA
9265,2,0,27,27,change,6,f,0,997.5906,NA
9265,2,0,28,28,nochange,6,f,1,993.2696,NA
9265,2,0,29,29,change,6,j,1,3190.8085,NA
9265,2,0,30,30,nochange,6,f,1,1421.8205,NA
9265,2,0,31,31,nochange,6,j,0,741.48,NA
9265,2,0,32,32,nochange,6,j,0,437.7976,5
9265,2,0,33,33,nochange,6,f,1,814.5986,NA
9265,2,0,34,34,nochange,6,j,0,664.7441,NA
9265,2,0,35,35,nochange,6,j,0,816.16010000000006,NA
9265,2,0,36,36,change,6,j,1,907.828,NA
9265,2,0,37,37,nochange,6,j,0,683.8995,NA
9265,2,0,38,38,nochange,6,j,0,450.8341,NA
9265,2,0,39,39,nochange,6,f,1,613.4824,NA
9265,2,0,40,40,change,6,j,1,399.7595,5
9265,2,0,41,41,change,6,j,1,913.9652,NA
9265,2,0,42,42,nochange,6,j,0,708.6902,NA
9265,2,0,43,43,change,6,j,1,474.8383,NA
9265,2,0,44,44,change,6,j,1,425.178,NA
9265,2,0,45,45,nochange,6,j,0,623.8587,NA
9265,2,0,46,46,nochange,6,j,0,484.9056,NA
9265,2,0,47,47,change,6,j,1,335.912,NA
9265,2,0,48,48,change,6,j,1,618.653,3
9265,2,0,49,49,nochange,6,j,0,6.51179999998,NA
9265,2,0,50,50,change,6,j,1,871.5901,NA
9265,2,0,51,51,change,6,f,0,3.30430000008,NA
9265,2,0,52,52,change,6,j,1,564.5555,NA
9265,2,0,53,53,change,6,j,1,2323.622,NA
9265,2,0,54,54,change,6,j,1,4037.309,NA
9265,2,0,55,55,change,6,f,0,698.3607,NA
9265,2,0,56,56,change,6,f,0,2064.6633,3
9265,2,0,57,57,change,6,f,0,4790.6922,NA
9265,2,0,58,58,nochange,6,j,0,3256.4499,NA
9265,2,0,59,59,nochange,6,f,1,5218.6292,NA
9265,2,0,60,60,nochange,6,f,1,7.17079999996,NA
9266,2,practice,0,1,change,6,j,1,6119.0508,NA
9266,2,practice,0,2,change,6,j,1,1739.4301,NA
9266,2,practice,0,3,change,6,j,1,1479.9571,NA
9266,2,practice,0,4,change,6,f,0,3051.3106,NA
9266,2,practice,0,5,nochange,6,f,1,1174.0469,NA
9266,2,0,1,1,change,6,f,0,3636.252,NA
9266,2,0,2,2,change,6,j,1,599.5807,NA
9266,2,0,3,3,nochange,6,f,1,358.0312,NA
9266,2,0,4,4,nochange,6,f,1,1451.5572,NA
9266,2,0,5,5,nochange,6,f,1,2833.3108,NA
9266,2,0,6,6,change,6,f,0,1198.4837,NA
9266,2,0,7,7,change,6,f,0,788.538,NA
9266,2,0,8,8,change,6,j,1,352.9023,1
9266,2,0,9,9,nochange,6,j,0,261.2067,NA
9266,2,0,10,10,change,6,f,0,441.357,NA
9266,2,0,11,11,change,6,j,1,2.52710000001,NA
9266,2,0,12,12,nochange,6,j,0,8.76269999999,NA
9266,2,0,13,13,change,6,f,0,649.1679,NA
9266,2,0,14,14,nochange,6,j,0,446.6308,NA
9266,2,0,15,15,nochange,6,j,0,955.2965,NA
9266,2,0,16,16,nochange,6,f,1,1277.6594,2
9266,2,0,17,17,change,6,j,1,398.0713,NA
9266,2,0,18,18,nochange,6,j,0,3750.4095,NA
9266,2,0,19,19,change,6,f,0,1573.878,NA
9266,2,0,20,20,nochange,6,f,1,1768.9883,NA
9266,2,0,21,21,nochange,6,f,1,1307.3047,NA
9266,2,0,22,22,nochange,6,j,0,1055.4306,NA
9266,2,0,23,23,change,6,f,0,932.0352,NA
9266,2,0,24,24,nochange,6,j,0,1291.2991,1
9266,2,0,25,25,nochange,6,j,0,358.6132,NA
9266,2,0,26,26,change,6,j,1,662.4535,NA
9266,2,0,27,27,change,6,f,0,698.7969,NA
9266,2,0,28,28,nochange,6,f,1,825.5816,NA
9266,2,0,29,29,nochange,6,f,1,523.108,NA
9266,2,0,30,30,nochange,6,j,0,5.4596,NA
9266,2,0,31,31,nochange,6,j,0,9.10849999997,NA
9266,2,0,32,32,change,6,j,1,10.6567,1
9266,2,0,33,33,nochange,6,f,1,888.7931,NA
9266,2,0,34,34,change,6,j,1,942.2009,NA
9266,2,0,35,35,nochange,6,j,0,743.3903,NA
9266,2,0,36,36,nochange,6,f,1,1450.8686,NA
9266,2,0,37,37,change,6,f,0,799.5957,NA
9266,2,0,38,38,change,6,f,0,893.6012,NA
9266,2,0,39,39,change,6,j,1,755.318,NA
9266,2,0,40,40,nochange,6,f,1,795.7919,1
9266,2,0,41,41,change,6,f,0,2153.9192,NA
9266,2,0,42,42,change,6,j,1,1314.0105,NA
9266,2,0,43,43,change,6,f,0,6.26949999999,NA
9266,2,0,44,44,nochange,6,f,1,737.9522,NA
9266,2,0,45,45,change,6,f,0,699.7331,NA
9266,2,0,46,46,change,6,j,1,907.5417,NA
9266,2,0,47,47,change,6,f,0,487.0278,NA
9266,2,0,48,48,change,6,f,0,725.3331,2
9266,2,0,49,49,change,6,f,0,535.0743,NA
9266,2,0,50,50,nochange,6,f,1,613.6985,NA
9266,2,0,51,51,change,6,f,0,659.277,NA
9266,2,0,52,52,nochange,6,f,1,866.3154,NA
9266,2,0,53,53,change,6,f,0,843.5722,NA
9266,2,0,54,54,nochange,6,j,0,751.0234,NA
9266,2,0,55,55,nochange,6,j,0,987.2144,NA
9266,2,0,56,56,nochange,6,f,1,580.5519,2
9266,2,0,57,57,change,6,j,1,516.5865,NA
9266,2,0,58,58,change,6,f,0,465.6853,NA
9266,2,0,59,59,nochange,6,f,1,548.4776,NA
9266,2,0,60,60,nochange,6,j,0,697.2571,NA
9267,2,practice,0,1,change,6,j,1,2191.936,NA
9267,2,practice,0,2,change,6,j,1,1422.5709,NA
9267,2,practice,0,3,change,6,j,1,1337.7594,NA
9267,2,practice,0,4,change,6,j,1,1317.3629,NA
9267,2,practice,0,5,nochange,6,f,1,3294.8812,NA
9267,2,0,1,1,change,6,j,1,1215.5038,NA
9267,2,0,2,2,change,6,j,1,1665.0344,NA
9267,2,0,3,3,nochange,6,f,1,2723.2095,NA
9267,2,0,4,4,nochange,6,f,1,1364.9755,NA
9267,2,0,5,5,change,6,j,1,1792.4264,NA
9267,2,0,6,6,nochange,6,f,1,1430.465,NA
9267,2,0,7,7,nochange,6,f,1,1405.1682,NA
9267,2,0,8,8,change,6,j,1,3591.8195,2
9267,2,0,9,9,nochange,6,f,1,1285.1785,NA
9267,2,0,10,10,change,6,j,1,1371.9857,NA
9267,2,0,11,11,change,6,j,1,6007.9088,NA
9267,2,0,12,12,change,6,j,1,1708.3389,NA
9267,2,0,13,13,nochange,6,f,1,1406.0956,NA
9267,2,0,14,14,nochange,6,f,1,2786.4245,NA
9267,2,0,15,15,nochange,6,j,0,1525.2548,NA
9267,2,0,16,16,nochange,6,f,1,1636.117,3
9267,2,0,17,17,nochange,6,f,1,1534.3569,NA
9267,2,0,18,18,change,6,j,1,1386.157,NA
9267,2,0,19,19,change,6,j,1,1325.6246,NA
9267,2,0,20,20,change,6,f,0,2621.4338,NA
9267,2,0,21,21,nochange,6,f,1,1892.0105,NA
9267,2,0,22,22,nochange,6,f,1,3921.8044,NA
9267,2,0,23,23,nochange,6,f,1,1764.4942,NA
9267,2,0,24,24,change,6,j,1,1564.3713,1
9267,2,0,25,25,change,6,j,1,1458.415,NA
9267,2,0,26,26,nochange,6,f,1,2436.5532,NA
9267,2,0,27,27,change,6,j,1,1359.0982,NA
9267,2,0,28,28,change,6,j,1,1124.7847,NA
9267,2,0,29,29,change,6,j,1,1145.5622,NA
9267,2,0,30,30,nochange,6,f,1,2162.4227,NA
9267,2,0,31,31,change,6,j,1,1118.2152,NA
9267,2,0,32,32,nochange,6,f,1,1207.5155,4
9267,2,0,33,33,nochange,6,f,1,1413.3483,NA
9267,2,0,34,34,change,6,j,1,3345.4878,NA
9267,2,0,35,35,change,6,j,1,1048.876,NA
9267,2,0,36,36,nochange,6,f,1,2075.6559,NA
9267,2,0,37,37,change,6,j,1,1057.067,NA
9267,2,0,38,38,nochange,6,f,1,1781.0879,NA
9267,2,0,39,39,nochange,6,f,1,1106.4255,NA
9267,2,0,40,40,change,6,j,1,1676.409,2
9267,2,0,41,41,nochange,6,f,1,1928.7929,NA
9267,2,0,42,42,change,6,j,1,2555.2084,NA
9267,2,0,43,43,change,6,j,1,1713.6294,NA
9267,2,0,44,44,nochange,6,f,1,1039.2482,NA
9267,2,0,45,45,nochange,6,f,1,1572.2114,NA
9267,2,0,46,46,change,6,j,1,1054.2853,NA
9267,2,0,47,47,change,6,f,0,1176.9855,NA
9267,2,0,48,48,change,6,j,1,1426.2073,3
9267,2,0,49,49,nochange,6,f,1,1180.4307,NA
9267,2,0,50,50,change,6,j,1,1181.4343,NA
9267,2,0,51,51,change,6,f,0,4406.5731,NA
9267,2,0,52,52,nochange,6,f,1,2932.4926,NA
9267,2,0,53,53,nochange,6,f,1,2306.1584,NA
9267,2,0,54,54,change,6,j,1,979.1197,NA
9267,2,0,55,55,change,6,j,1,3564.5,NA
9267,2,0,56,56,nochange,6,f,1,1166.4663,2
9267,2,0,57,57,nochange,6,f,1,1170.1864,NA
9267,2,0,58,58,nochange,6,f,1,1182.2294,NA
9267,2,0,59,59,nochange,6,f,1,703.8361,NA
9267,2,0,60,60,change,6,j,1,1339.2354,NA
9268,2,practice,0,1,nochange,6,f,1,1352.8169,NA
9268,2,practice,0,2,nochange,6,f,1,1481.5771,NA
9268,2,practice,0,3,change,6,j,1,1119.3472,NA
9268,2,practice,0,4,nochange,6,f,1,1036.0153,NA
9268,2,practice,0,5,change,6,j,1,2191.4825,NA
9268,2,0,1,1,nochange,6,j,0,1910.2488,NA
9268,2,0,2,2,change,6,j,1,1093.9908,NA
9268,2,0,3,3,change,6,f,0,1084.2155,NA
9268,2,0,4,4,change,6,j,1,1139.8069,NA
9268,2,0,5,5,change,6,f,0,990.4701,NA
9268,2,0,6,6,nochange,6,f,1,1527.949,NA
9268,2,0,7,7,change,6,f,0,1413.062,NA
9268,2,0,8,8,nochange,6,f,1,985.7462,5
9268,2,0,9,9,change,6,j,1,956.1574,NA
9268,2,0,10,10,nochange,6,j,0,870.3162,NA
9268,2,0,11,11,change,6,j,1,843.8953,NA
9268,2,0,12,12,change,6,f,0,5122.671,NA
9268,2,0,13,13,nochange,6,j,0,2585.5328,NA
9268,2,0,14,14,nochange,6,f,1,615.6865,NA
9268,2,0,15,15,nochange,6,f,1,1038.38,NA
9268,2,0,16,16,nochange,6,f,1,4593.6408,3
9268,2,0,17,17,nochange,6,f,1,708.5846,NA
9268,2,0,18,18,change,6,j,1,880.0899,NA
9268,2,0,19,19,nochange,6,f,1,852.9754,NA
9268,2,0,20,20,nochange,6,f,1,847.3088,NA
9268,2,0,21,21,nochange,6,j,0,755.7256,NA
9268,2,0,22,22,change,6,f,0,1012.3574,NA
9268,2,0,23,23,nochange,6,j,0,1029.3632,NA
9268,2,0,24,24,nochange,6,j,0,1125.121,5
9268,2,0,25,25,nochange,6,f,1,3363.2029000000002,NA
9268,2,0,26,26,nochange,6,f,1,1219.6834,NA
9268,2,0,27,27,change,6,j,1,975.8015,NA
9268,2,0,28,28,nochange,6,f,1,1049.8828,NA
9268,2,0,29,29,change,6,f,0,1154.3838,NA
9268,2,0,30,30,change,6,j,1,833.673,NA
9268,2,0,31,31,change,6,f,0,917.541,NA
9268,2,0,32,32,nochange,6,f,1,954.0759,5
9268,2,0,33,33,change,6,f,0,923.1287,NA
9268,2,0,34,34,nochange,6,f,1,985.0723,NA
9268,2,0,35,35,nochange,6,f,1,6856.6152,NA
9268,2,0,36,36,nochange,6,j,0,2330.6221,NA
9268,2,0,37,37,change,6,f,0,1596.5307,NA
9268,2,0,38,38,change,6,f,0,754.1419,NA
9268,2,0,39,39,change,6,j,1,845.2342,NA
9268,2,0,40,40,change,6,j,1,928.042,4
9268,2,0,41,41,nochange,6,f,1,689.4016,NA
9268,2,0,42,42,change,6,f,0,949.2688,NA
9268,2,0,43,43,change,6,j,1,982.4281,NA
9268,2,0,44,44,nochange,6,f,1,817.4136,NA
9268,2,0,45,45,change,6,f,0,803.3739,NA
9268,2,0,46,46,nochange,6,f,1,1012.7591,NA
9268,2,0,47,47,change,6,j,1,1047.6151,NA
9268,2,0,48,48,change,6,f,0,990.0529,5
9268,2,0,49,49,nochange,6,f,1,698.7879,NA
9268,2,0,50,50,nochange,6,f,1,1250.9606,NA
9268,2,0,51,51,change,6,f,0,670.3749,NA
9268,2,0,52,52,nochange,6,j,0,990.0357,NA
9268,2,0,53,53,change,6,f,0,2011.0238,NA
9268,2,0,54,54,nochange,6,j,0,890.0691,NA
9268,2,0,55,55,nochange,6,j,0,1027.5645,NA
9268,2,0,56,56,change,6,j,1,2413.0658,5
9268,2,0,57,57,change,6,j,1,1131.0047,NA
9268,2,0,58,58,change,6,j,1,1155.0893,NA
9268,2,0,59,59,change,6,j,1,1219.0287,NA
9268,2,0,60,60,nochange,6,f,1,1721.9067,NA
9269,2,practice,0,1,nochange,6,f,1,2864.2017,NA
9269,2,practice,0,2,nochange,6,f,1,1372.182,NA
9269,2,practice,0,3,nochange,6,f,1,1059.9167,NA
9269,2,practice,0,4,change,6,j,1,1342.4252,NA
9269,2,practice,0,5,nochange,6,f,1,2259.5929,NA
9269,2,0,1,1,nochange,6,j,0,1078.4761,NA
9269,2,0,2,2,change,6,f,0,462.3074,NA
9269,2,0,3,3,change,6,j,1,387.1504,NA
9269,2,0,4,4,change,6,j,1,1049.3538,NA
9269,2,0,5,5,change,6,f,0,1219.0328,NA
9269,2,0,6,6,change,6,j,1,1808.5029,NA
9269,2,0,7,7,nochange,6,f,1,3884.626,NA
9269,2,0,8,8,nochange,6,f,1,1319.4277,2
9269,2,0,9,9,change,6,f,0,1277.3748,NA
9269,2,0,10,10,change,6,j,1,1044.5594,NA
9269,2,0,11,11,change,6,j,1,1147.8419,NA
9269,2,0,12,12,nochange,6,f,1,1118.6769,NA
9269,2,0,13,13,change,6,f,0,932.1383,NA
9269,2,0,14,14,change,6,j,1,695.174,NA
9269,2,0,15,15,nochange,6,f,1,605.8869,NA
9269,2,0,16,16,change,6,j,1,8.87359999999,3
9269,2,0,17,17,nochange,6,j,0,8.59470000002,NA
9269,2,0,18,18,change,6,f,0,394.628,NA
9269,2,0,19,19,nochange,6,f,1,695.5057,NA
9269,2,0,20,20,nochange,6,f,1,985.7811,NA
9269,2,0,21,21,change,6,j,1,1358.5284,NA
9269,2,0,22,22,nochange,6,f,1,2035.4288,NA
9269,2,0,23,23,change,6,j,1,928.4462,NA
9269,2,0,24,24,nochange,6,f,1,1158.8233,2
9269,2,0,25,25,nochange,6,f,1,8981.7139,NA
9269,2,0,26,26,change,6,f,0,1025.5603,NA
9269,2,0,27,27,change,6,j,1,2193.9126,NA
9269,2,0,28,28,nochange,6,f,1,1655.3492,NA
9269,2,0,29,29,change,6,j,1,895.865,NA
9269,2,0,30,30,change,6,j,1,882.9794,NA
9269,2,0,31,31,nochange,6,j,0,650.386,NA
9269,2,0,32,32,nochange,6,f,1,1074.7529,3
9269,2,0,33,33,nochange,6,j,0,691.5381,NA
9269,2,0,34,34,nochange,6,f,1,1104.6947,NA
9269,2,0,35,35,change,6,j,1,1145.4308,NA
9269,2,0,36,36,change,6,f,0,1557.8743,NA
9269,2,0,37,37,nochange,6,j,0,2965.9699,NA
9269,2,0,38,38,nochange,6,f,1,1590.7064,NA
9269,2,0,39,39,change,6,f,0,4102.6116,NA
9269,2,0,40,40,nochange,6,j,0,1387.5084,3
9269,2,0,41,41,change,6,f,0,924.9492,NA
9269,2,0,42,42,change,6,f,0,1146.4567,NA
9269,2,0,43,43,nochange,6,j,0,972.8246,NA
9269,2,0,44,44,change,6,f,0,447.627,NA
9269,2,0,45,45,change,6,j,1,834.5905,NA
9269,2,0,46,46,nochange,6,f,1,877.5965,NA
9269,2,0,47,47,nochange,6,j,0,375.8539,NA
9269,2,0,48,48,nochange,6,f,1,86.6029,3
9269,2,0,49,49,nochange,6,f,1,1093.0272,NA
9269,2,0,50,50,change,6,f,0,1002.4093,NA
9269,2,0,51,51,change,6,f,0,1804.438,NA
9269,2,0,52,52,nochange,6,j,0,1275.4759,NA
9269,2,0,53,53,nochange,6,f,1,1508.1726,NA
9269,2,0,54,54,change,6,f,0,3286.1264,NA
9269,2,0,55,55,change,6,f,0,1269.5313,NA
9269,2,0,56,56,nochange,6,f,1,6554.8414,3
9269,2,0,57,57,nochange,6,f,1,824.9365,NA
9269,2,0,58,58,nochange,6,j,0,343.9177,NA
9269,2,0,59,59,nochange,6,f,1,715.8472,NA
9269,2,0,60,60,change,6,j,1,4280.206,NA
9270,2,practice,0,1,nochange,6,f,1,933.6639,NA
9270,2,practice,0,2,change,6,f,0,1048.6147,NA
9270,2,practice,0,3,nochange,6,f,1,1389.1057,NA
9270,2,practice,0,4,change,6,j,1,835.5008,NA
9270,2,practice,0,5,nochange,6,j,0,952.0509,NA
9270,2,0,1,1,change,6,j,1,1142.9082,NA
9270,2,0,2,2,nochange,6,f,1,874.1788,NA
9270,2,0,3,3,nochange,6,f,1,857.7337,NA
9270,2,0,4,4,nochange,6,f,1,1612.208,NA
9270,2,0,5,5,nochange,6,f,1,1242.8318,NA
9270,2,0,6,6,nochange,6,j,0,1488.3404,NA
9270,2,0,7,7,nochange,6,j,0,2486.4863,NA
9270,2,0,8,8,change,6,j,1,1716.8956,2
9270,2,0,9,9,change,6,j,1,2.82029999999,NA
9270,2,0,10,10,change,6,j,1,1162.6922,NA
9270,2,0,11,11,change,6,j,1,1096.9237,NA
9270,2,0,12,12,change,6,j,1,1051.3151,NA
9270,2,0,13,13,change,6,j,1,3148.5791,NA
9270,2,0,14,14,nochange,6,f,1,1655.6467,NA
9270,2,0,15,15,nochange,6,j,0,1305.5158,NA
9270,2,0,16,16,change,6,j,1,1947.2656,5
9270,2,0,17,17,nochange,6,f,1,1541.924,NA
9270,2,0,18,18,nochange,6,j,0,1319.1402,NA
9270,2,0,19,19,change,6,j,1,1210.672,NA
9270,2,0,20,20,change,6,j,1,4227.7082,NA
9270,2,0,21,21,nochange,6,j,0,1043.4071,NA
9270,2,0,22,22,change,6,j,1,819.3758,NA
9270,2,0,23,23,nochange,6,f,1,925.3095,NA
9270,2,0,24,24,nochange,6,f,1,1172.7051,5
9270,2,0,25,25,nochange,6,j,0,3551.611,NA
9270,2,0,26,26,nochange,6,j,0,2368.5996,NA
9270,2,0,27,27,nochange,6,f,1,580.5675,NA
9270,2,0,28,28,change,6,j,1,925.094,NA
9270,2,0,29,29,nochange,6,f,1,1125.8409,NA
9270,2,0,30,30,change,6,j,1,1477.0051,NA
9270,2,0,31,31,change,6,j,1,1330.5972,NA
9270,2,0,32,32,nochange,6,f,1,971.1582,1
9270,2,0,33,33,change,6,j,1,1811.9869,NA
9270,2,0,34,34,change,6,f,0,1109.5096,NA
9270,2,0,35,35,change,6,f,0,333.8181,NA
9270,2,0,36,36,nochange,6,j,0,2.53210000001,NA
9270,2,0,37,37,nochange,6,f,1,3578.5017,NA
9270,2,0,38,38,nochange,6,f,1,1178.6315,NA
9270,2,0,39,39,change,6,j,1,1055.5898,NA
9270,2,0,40,40,change,6,j,1,1922.044,3
9270,2,0,41,41,change,6,f,0,470.0609,NA
9270,2,0,42,42,nochange,6,j,0,1368.7169,NA
9270,2,0,43,43,change,6,j,1,1118.4763,NA
9270,2,0,44,44,nochange,6,f,1,1737.4671,NA
9270,2,0,45,45,change,6,f,0,1023.0137,NA
9270,2,0,46,46,change,6,f,0,1245.5317,NA
9270,2,0,47,47,nochange,6,f,1,975.5234,NA
9270,2,0,48,48,change,6,j,1,4229.8966,5
9270,2,0,49,49,nochange,6,j,0,6449.1803,NA
9270,2,0,50,50,change,6,j,1,1325.5432,NA
9270,2,0,51,51,nochange,6,j,0,2224.8928,NA
9270,2,0,52,52,change,6,f,0,1346.8349,NA
9270,2,0,53,53,change,6,j,1,2262.2957,NA
9270,2,0,54,54,nochange,6,f,1,806.1693,NA
9270,2,0,55,55,nochange,6,f,1,3982.9662,NA
9270,2,0,56,56,nochange,6,f,1,1058.4627,5
9270,2,0,57,57,change,6,j,1,1732.6315,NA
9270,2,0,58,58,change,6,j,1,1674.2729,NA
9270,2,0,59,59,change,6,f,0,2055.6264,NA
9270,2,0,60,60,nochange,6,f,1,976.9317,NA
9271,2,practice,0,1,nochange,6,f,1,1121.7008,NA
9271,2,practice,0,2,change,6,j,1,886.1908,NA
9271,2,practice,0,3,nochange,6,f,1,1002.6309,NA
9271,2,practice,0,4,change,6,f,0,905.0847,NA
9271,2,practice,0,5,change,6,j,1,777.2631,NA
9271,2,0,1,1,nochange,6,f,1,1100.571,NA
9271,2,0,2,2,nochange,6,j,0,876.3105,NA
9271,2,0,3,3,change,6,j,1,1093.164,NA
9271,2,0,4,4,nochange,6,f,1,776.9807,NA
9271,2,0,5,5,nochange,6,j,0,577.8063,NA
9271,2,0,6,6,change,6,f,0,1057.7556,NA
9271,2,0,7,7,change,6,j,1,359.3094,NA
9271,2,0,8,8,change,6,j,1,436.365,4
9271,2,0,9,9,nochange,6,f,1,1759.5129,NA
9271,2,0,10,10,change,6,j,1,6.8162,NA
9271,2,0,11,11,change,6,f,0,573.5814,NA
9271,2,0,12,12,nochange,6,j,0,305.9911,NA
9271,2,0,13,13,nochange,6,f,1,794.5319,NA
9271,2,0,14,14,nochange,6,j,0,903.3907,NA
9271,2,0,15,15,nochange,6,f,1,445.6549,NA
9271,2,0,16,16,change,6,f,0,355.9621,2
9271,2,0,17,17,nochange,6,j,0,2543.4662,NA
9271,2,0,18,18,nochange,6,f,1,5417.7066,NA
9271,2,0,19,19,change,6,j,1,2496.7059,NA
9271,2,0,20,20,nochange,6,j,0,14517.2445,NA
9271,2,0,21,21,change,6,f,0,6769.6746,NA
9271,2,0,22,22,nochange,6,j,0,528.5903,NA
9271,2,0,23,23,change,6,j,1,523.2924,NA
9271,2,0,24,24,change,6,j,1,1698.9443,2
9271,2,0,25,25,nochange,6,j,0,728.5659,NA
9271,2,0,26,26,nochange,6,f,1,671.4199,NA
9271,2,0,27,27,nochange,6,f,1,4863.1942,NA
9271,2,0,28,28,nochange,6,j,0,819.2445,NA
9271,2,0,29,29,nochange,6,f,1,969.9984,NA
9271,2,0,30,30,change,6,f,0,10225.22,NA
9271,2,0,31,31,nochange,6,j,0,13809.8448,NA
9271,2,0,32,32,nochange,6,j,0,1192.6861,2
9271,2,0,33,33,change,6,f,0,3233.809,NA
9271,2,0,34,34,change,6,j,1,2068.0128,NA
9271,2,0,35,35,nochange,6,j,0,3068.769,NA
9271,2,0,36,36,change,6,j,1,1151.5116,NA
9271,2,0,37,37,nochange,6,j,0,954.2787,NA
9271,2,0,38,38,nochange,6,f,1,2230.368,NA
9271,2,0,39,39,change,6,j,1,1278.4919,NA
9271,2,0,40,40,change,6,j,1,281.7778,2
9271,2,0,41,41,change,6,j,1,10.7675,NA
9271,2,0,42,42,nochange,6,j,0,983.7643,NA
9271,2,0,43,43,nochange,6,j,0,1249.1711,NA
9271,2,0,44,44,nochange,6,f,1,3976.4037,NA
9271,2,0,45,45,change,6,j,1,1921.2749,NA
9271,2,0,46,46,nochange,6,j,0,1483.8756,NA
9271,2,0,47,47,change,6,j,1,950.6068,NA
9271,2,0,48,48,nochange,6,f,1,1494.8733,3
9271,2,0,49,49,change,6,j,1,1460.8844,NA
9271,2,0,50,50,change,6,j,1,4785.8248,NA
9271,2,0,51,51,change,6,j,1,4149.0065,NA
9271,2,0,52,52,change,6,f,0,4375.6643,NA
9271,2,0,53,53,change,6,j,1,6436.6672,NA
9271,2,0,54,54,change,6,f,0,7541.7512,NA
9271,2,0,55,55,change,6,j,1,2414.9419,NA
9271,2,0,56,56,nochange,6,f,1,1684.7775,2
9271,2,0,57,57,change,6,f,0,3100.5833,NA
9271,2,0,58,58,change,6,j,1,9901.5817,NA
9271,2,0,59,59,nochange,6,j,0,636.2654,NA
9271,2,0,60,60,change,6,f,0,7.64400000009,NA
