subject,session,date,time,item,acc,rt,response
9001,1,10/03/22,11:12,1,1,7714.7479,NA
9001,1,10/03/22,11:12,2,1,7714.7479,NA
9001,1,10/03/22,11:12,3,1,7714.7479,NA
9001,1,10/03/22,11:12,4,0,71639.019,NA
9001,1,10/03/22,11:12,5,1,18779.7009,NA
9001,1,10/03/22,11:12,6,1,65692.9351,NA
9001,1,10/03/22,11:12,7,1,36910.5468,NA
9001,1,10/03/22,11:12,8,0,0,NA
9003,1,10/03/22,11:05,1,1,6587.8501,NA
9003,1,10/03/22,11:05,2,0,6204.9165,NA
9003,1,10/03/22,11:05,3,0,29828.652,NA
9003,1,10/03/22,11:05,4,1,18482.7588,NA
9003,1,10/03/22,11:05,5,1,19055.3705,NA
9003,1,10/03/22,11:05,6,1,22832.1441,NA
9003,1,10/03/22,11:05,7,0,13008.1907,NA
9003,1,10/03/22,11:05,8,0,10797.2666,NA
9003,1,10/03/22,11:05,9,0,14141.0822,NA
9003,1,10/03/22,11:05,10,0,14141.0822,NA
9003,1,10/03/22,11:05,11,1,14895.922,NA
9003,1,10/03/22,11:05,12,1,14895.922,NA
9003,1,10/03/22,11:05,13,1,5869.0191,NA
9003,1,10/03/22,11:05,14,1,28332.3353,NA
9003,1,10/03/22,11:05,15,0,18864.8085,NA
9004,1,10/03/22,13:37,1,1,29360.3318,NA
9004,1,10/03/22,13:37,2,1,29360.3318,NA
9004,1,10/03/22,13:37,3,0,60033.3261,NA
9004,1,10/03/22,13:37,4,0,17297.8201,NA
9004,1,10/03/22,13:37,5,1,47046.1965,NA
9004,1,10/03/22,13:37,6,1,48318.6573,NA
9004,1,10/03/22,13:37,7,1,22830.0956,NA
9004,1,10/03/22,13:37,8,1,27849.2291,NA
9004,1,10/03/22,13:37,9,0,0,NA
9005,1,10/03/22,13:52,1,1,13597.2743,NA
9005,1,10/03/22,13:52,2,1,17583.2413,NA
9005,1,10/03/22,13:52,3,0,40351.1106,NA
9005,1,10/03/22,13:52,4,1,24950.5874,NA
9005,1,10/03/22,13:52,5,1,14425.2954,NA
9005,1,10/03/22,13:52,6,1,30693.9236,NA
9005,1,10/03/22,13:52,7,1,25383.287,NA
9005,1,10/03/22,13:52,8,1,50759.8041,NA
9005,1,10/03/22,13:52,9,1,41046.6831,NA
9005,1,10/03/22,13:52,10,0,0,NA
9006,1,10/04/22,10:56,1,1,15865.0172,NA
9006,1,10/04/22,10:56,2,0,22601.8103,NA
9006,1,10/04/22,10:56,3,0,49934.9011,NA
9006,1,10/04/22,10:56,4,1,24475.5791,NA
9006,1,10/04/22,10:56,5,1,31453.332,NA
9006,1,10/04/22,10:56,6,1,67994.2339,NA
9006,1,10/04/22,10:56,7,1,10398.4494,NA
9006,1,10/04/22,10:56,8,1,13210.1102,NA
9006,1,10/04/22,10:56,9,1,21621.2169,NA
9006,1,10/04/22,10:56,10,0,11353.4937,NA
9006,1,10/04/22,10:56,11,0,0,NA
9007,1,10/04/22,10:44,1,1,5406.6043,NA
9007,1,10/04/22,10:44,2,0,7637.4769,NA
9007,1,10/04/22,10:44,3,0,16193.0796,NA
9007,1,10/04/22,10:44,4,1,11793.3508,NA
9007,1,10/04/22,10:44,5,1,10456.4619,NA
9007,1,10/04/22,10:44,6,1,5868.86,NA
9007,1,10/04/22,10:44,7,1,12691.8847,NA
9007,1,10/04/22,10:44,8,0,16898.1935,NA
9007,1,10/04/22,10:44,9,0,14993.2256,NA
9007,1,10/04/22,10:44,10,0,27340.3257,NA
9007,1,10/04/22,10:44,11,1,7113.439,NA
9007,1,10/04/22,10:44,12,0,11964.2205,NA
9007,1,10/04/22,10:44,13,1,8458.9832,NA
9007,1,10/04/22,10:44,14,0,24944.1026,NA
9007,1,10/04/22,10:44,15,0,39589.4541,NA
9008,1,10/04/22,14:30,1,1,9175.8904,NA
9008,1,10/04/22,14:30,2,1,21074.4102,NA
9008,1,10/04/22,14:30,3,0,84083.3344,NA
9008,1,10/04/22,14:30,4,1,87887.0775,NA
9008,1,10/04/22,14:30,5,1,27833.3635,NA
9008,1,10/04/22,14:30,6,1,36935.1141,NA
9008,1,10/04/22,14:30,7,0,0,NA
9009,1,10/04/22,13:50,1,1,12564.3303,NA
9009,1,10/04/22,13:50,2,1,12564.3303,NA
9009,1,10/04/22,13:50,3,0,39336.3574,NA
9009,1,10/04/22,13:50,4,1,14854.95,NA
9009,1,10/04/22,13:50,5,1,13086.443,NA
9009,1,10/04/22,13:50,6,1,6384.6654,NA
9009,1,10/04/22,13:50,7,1,15767.1869,NA
9009,1,10/04/22,13:50,8,1,15767.1869,NA
9009,1,10/04/22,13:50,9,1,13722.4043,NA
9009,1,10/04/22,13:50,10,1,10527.9308,NA
9009,1,10/04/22,13:50,11,1,20347.491,NA
9009,1,10/04/22,13:50,12,1,9805.4919,NA
9009,1,10/04/22,13:50,13,0,73119.5726,NA
9009,1,10/04/22,13:50,14,0,0,NA
9010,1,10/04/22,16:43,1,1,10636.327,NA
9010,1,10/04/22,16:43,2,1,8431.3364,NA
9010,1,10/04/22,16:43,3,0,9572.184,NA
9010,1,10/04/22,16:43,4,1,30416.1255,NA
9010,1,10/04/22,16:43,5,0,31842.1494,NA
9010,1,10/04/22,16:43,6,0,23700.1045,NA
9010,1,10/04/22,16:43,7,0,12472.0579,NA
9010,1,10/04/22,16:43,8,0,7608.2502,NA
9010,1,10/04/22,16:43,9,0,6744.6867,NA
9010,1,10/04/22,16:43,10,1,10755.4433,NA
9010,1,10/04/22,16:43,11,1,18920.367,NA
9010,1,10/04/22,16:43,12,1,18920.367,NA
9010,1,10/04/22,16:43,13,1,14371.2154,NA
9010,1,10/04/22,16:43,14,1,33376.9171,NA
9010,1,10/04/22,16:43,15,0,20229.7716,NA
9011,1,10/04/22,16:59,1,1,13631.0693,NA
9011,1,10/04/22,16:59,2,0,22829.7193,NA
9011,1,10/04/22,16:59,3,0,9290.7282,NA
9011,1,10/04/22,16:59,4,0,13266.8929,NA
9011,1,10/04/22,16:59,5,1,19397.2337,NA
9011,1,10/04/22,16:59,6,0,9976.4543,NA
9011,1,10/04/22,16:59,7,1,9253.2346,NA
9011,1,10/04/22,16:59,8,0,4948.7839,NA
9011,1,10/04/22,16:59,9,1,10057.2133,NA
9011,1,10/04/22,16:59,10,0,5794.6712,NA
9011,1,10/04/22,16:59,11,0,746.7909,NA
9011,1,10/04/22,16:59,12,0,551.863,NA
9011,1,10/04/22,16:59,13,1,7442.174,NA
9011,1,10/04/22,16:59,14,0,7385.4678,NA
9011,1,10/04/22,16:59,15,0,1717.8518,NA
9013,1,10/05/22,11:06,1,1,6956.2034,NA
9013,1,10/05/22,11:06,2,1,31405.6487,NA
9013,1,10/05/22,11:06,3,0,31219.2348,NA
9013,1,10/05/22,11:06,4,1,32943.0114,NA
9013,1,10/05/22,11:06,5,1,17788.6644,NA
9013,1,10/05/22,11:06,6,1,17832.1359,NA
9013,1,10/05/22,11:06,7,1,26089.9378,NA
9013,1,10/05/22,11:06,8,1,16450.8817,NA
9013,1,10/05/22,11:06,9,0,9613.4181,NA
9013,1,10/05/22,11:06,10,1,7452.0457,NA
9013,1,10/05/22,11:06,11,0,25438.0275,NA
9013,1,10/05/22,11:06,12,0,7684.8262,NA
9013,1,10/05/22,11:06,13,1,9463.1819,NA
9013,1,10/05/22,11:06,14,0,24787.1073,NA
9013,1,10/05/22,11:06,15,0,0,NA
9014,1,10/05/22,10:58,1,1,8659.6156,NA
9014,1,10/05/22,10:58,2,1,20694.8085,NA
9014,1,10/05/22,10:58,3,0,41934.3712,NA
9014,1,10/05/22,10:58,4,1,48245.2398,NA
9014,1,10/05/22,10:58,5,0,41697.6257,NA
9014,1,10/05/22,10:58,6,1,42936.8058,NA
9014,1,10/05/22,10:58,7,1,46834.7332,NA
9014,1,10/05/22,10:58,8,0,0,NA
9015,1,10/05/22,13:56,1,1,11981.0337,NA
9015,1,10/05/22,13:56,2,1,29312.1005,NA
9015,1,10/05/22,13:56,3,0,47812.1763,NA
9015,1,10/05/22,13:56,4,1,21904.4484,NA
9015,1,10/05/22,13:56,5,1,12809.0051,NA
9015,1,10/05/22,13:56,6,1,26074.4955,NA
9015,1,10/05/22,13:56,7,1,21539.3785,NA
9015,1,10/05/22,13:56,8,0,19648.476,NA
9015,1,10/05/22,13:56,9,1,32512.7723,NA
9015,1,10/05/22,13:56,10,0,50923.3023,NA
9015,1,10/05/22,13:56,11,1,20560.478,NA
9015,1,10/05/22,13:56,12,0,0,NA
9016,1,10/05/22,13:46,1,1,8565.804,NA
9016,1,10/05/22,13:46,2,0,7518.6909,NA
9016,1,10/05/22,13:46,3,0,14574.6109,NA
9016,1,10/05/22,13:46,4,1,16808.7301,NA
9016,1,10/05/22,13:46,5,1,34071.9495,NA
9016,1,10/05/22,13:46,6,0,14747.5554,NA
9016,1,10/05/22,13:46,7,0,17439.5518,NA
9016,1,10/05/22,13:46,8,0,6937.1651,NA
9016,1,10/05/22,13:46,9,0,12379.7431,NA
9016,1,10/05/22,13:46,10,0,24938.1943,NA
9016,1,10/05/22,13:46,11,0,2538.981,NA
9016,1,10/05/22,13:46,12,1,10132.7259,NA
9016,1,10/05/22,13:46,13,0,4570.6369,NA
9016,1,10/05/22,13:46,14,1,17680.9024,NA
9016,1,10/05/22,13:46,15,0,9608.4243,NA
9017,1,10/05/22,13:39,1,1,11884.8081,NA
9017,1,10/05/22,13:39,2,1,11884.8081,NA
9017,1,10/05/22,13:39,3,1,15512.7297,NA
9017,1,10/05/22,13:39,4,0,14565.3415,NA
9017,1,10/05/22,13:39,5,0,13029.1114,NA
9017,1,10/05/22,13:39,6,0,8092.1609,NA
9017,1,10/05/22,13:39,7,1,1615.7016,NA
9017,1,10/05/22,13:39,8,0,3373.1852,NA
9017,1,10/05/22,13:39,9,0,2299.4929,NA
9017,1,10/05/22,13:39,10,0,3589.6533,NA
9017,1,10/05/22,13:39,11,0,1204.9835,NA
9017,1,10/05/22,13:39,12,0,739.2509,NA
9017,1,10/05/22,13:39,13,0,1368.4422,NA
9017,1,10/05/22,13:39,14,0,600.2926,NA
9017,1,10/05/22,13:39,15,0,589.9831,NA
9018,1,10/05/22,16:56,1,1,27902.6737,NA
9018,1,10/05/22,16:56,2,1,27902.6737,NA
9018,1,10/05/22,16:56,3,0,17404.5347,NA
9018,1,10/05/22,16:56,4,1,18746.2911,NA
9018,1,10/05/22,16:56,5,1,14195.5442,NA
9018,1,10/05/22,16:56,6,1,24754.6453,NA
9018,1,10/05/22,16:56,7,0,13614.1973,NA
9018,1,10/05/22,16:56,8,0,13614.1973,NA
9018,1,10/05/22,16:56,9,1,13452.5879,NA
9018,1,10/05/22,16:56,10,1,23657.5252,NA
9018,1,10/05/22,16:56,11,1,16159.5202,NA
9018,1,10/05/22,16:56,12,1,5861.9848,NA
9018,1,10/05/22,16:56,13,0,34951.8775,NA
9018,1,10/05/22,16:56,14,0,0,NA
9019,1,10/05/22,17:02,1,1,6496.2929,NA
9019,1,10/05/22,17:02,2,1,6496.2929,NA
9019,1,10/05/22,17:02,3,1,17659.0271,NA
9019,1,10/05/22,17:02,4,0,11739.6715,NA
9019,1,10/05/22,17:02,5,1,17812.5685,NA
9019,1,10/05/22,17:02,6,1,6468.5207,NA
9019,1,10/05/22,17:02,7,0,6817.5963,NA
9019,1,10/05/22,17:02,8,0,6817.5963,NA
9019,1,10/05/22,17:02,9,0,8665.5289,NA
9019,1,10/05/22,17:02,10,0,8665.5289,NA
9019,1,10/05/22,17:02,11,1,11058.8342,NA
9019,1,10/05/22,17:02,12,1,11058.8342,NA
9019,1,10/05/22,17:02,13,1,13159.01,NA
9019,1,10/05/22,17:02,14,1,24157.6337,NA
9019,1,10/05/22,17:02,15,0,18088.6621,NA
9020,1,10/05/22,17:12,1,1,23659.2146,NA
9020,1,10/05/22,17:12,2,1,21056.4659,NA
9020,1,10/05/22,17:12,3,0,34006.7958,NA
9020,1,10/05/22,17:12,4,1,5592.4642,NA
9020,1,10/05/22,17:12,5,1,56278.2934,NA
9020,1,10/05/22,17:12,6,0,31536.2372,NA
9020,1,10/05/22,17:12,7,0,17622.3693,NA
9020,1,10/05/22,17:12,8,0,7975.9464,NA
9020,1,10/05/22,17:12,9,0,2216.9965,NA
9020,1,10/05/22,17:12,10,0,8123.8583,NA
9020,1,10/05/22,17:12,11,1,8828.4461,NA
9020,1,10/05/22,17:12,12,0,15549.3003,NA
9020,1,10/05/22,17:12,13,0,65360.4691,NA
9020,1,10/05/22,17:12,14,0,0,NA
9021,1,10/06/22,13:52,1,1,9048.2023,NA
9021,1,10/06/22,13:52,2,0,13569.3766,NA
9021,1,10/06/22,13:52,3,0,38579.6677,NA
9021,1,10/06/22,13:52,4,1,30335.1276,NA
9021,1,10/06/22,13:52,5,1,30727.7949,NA
9021,1,10/06/22,13:52,6,1,23081.1263,NA
9021,1,10/06/22,13:52,7,0,56129.2793,NA
9021,1,10/06/22,13:52,8,0,57415.2339,NA
9021,1,10/06/22,13:52,9,0,0,NA
9022,1,10/06/22,13:39,1,1,5625.9707,NA
9022,1,10/06/22,13:39,2,1,5625.9707,NA
9022,1,10/06/22,13:39,3,0,6415.6346,NA
9022,1,10/06/22,13:39,4,0,4042.369,NA
9022,1,10/06/22,13:39,5,1,8996.2843,NA
9022,1,10/06/22,13:39,6,1,6518.173,NA
9022,1,10/06/22,13:39,7,1,3514.1767,NA
9022,1,10/06/22,13:39,8,0,16474.4161,NA
9022,1,10/06/22,13:39,9,0,26274.398,NA
9022,1,10/06/22,13:39,10,0,26274.398,NA
9022,1,10/06/22,13:39,11,1,12454.0998,NA
9022,1,10/06/22,13:39,12,1,10071.2405,NA
9022,1,10/06/22,13:39,13,1,10071.2405,NA
9022,1,10/06/22,13:39,14,1,8349.4349,NA
9022,1,10/06/22,13:39,15,0,3431.8083,NA
9023,1,10/06/22,14:02,1,1,5507.6765,NA
9023,1,10/06/22,14:02,2,0,10386.1102,NA
9023,1,10/06/22,14:02,3,0,24640.878,NA
9023,1,10/06/22,14:02,4,1,11938.9579,NA
9023,1,10/06/22,14:02,5,1,9208.3423,NA
9023,1,10/06/22,14:02,6,0,48895.4365,NA
9023,1,10/06/22,14:02,7,1,18601.5255,NA
9023,1,10/06/22,14:02,8,1,18601.5255,NA
9023,1,10/06/22,14:02,9,1,18859.6559,NA
9023,1,10/06/22,14:02,10,1,18859.6559,NA
9023,1,10/06/22,14:02,11,1,11145.8792,NA
9023,1,10/06/22,14:02,12,0,7397.8666,NA
9023,1,10/06/22,14:02,13,0,46640.6204,NA
9023,1,10/06/22,14:02,14,1,15218.3851,NA
9023,1,10/06/22,14:02,15,0,0,NA
9024,1,10/06/22,16:52,1,1,6217.8497,NA
9024,1,10/06/22,16:52,2,1,17217.4061,NA
9024,1,10/06/22,16:52,3,0,12477.9619,NA
9024,1,10/06/22,16:52,4,1,12440.6702,NA
9024,1,10/06/22,16:52,5,1,17868.4473,NA
9024,1,10/06/22,16:52,6,0,5668.953,NA
9024,1,10/06/22,16:52,7,0,17052.2113,NA
9024,1,10/06/22,16:52,8,0,5581.1543,NA
9024,1,10/06/22,16:52,9,0,2770.1455,NA
9024,1,10/06/22,16:52,10,0,3656.0116,NA
9024,1,10/06/22,16:52,11,0,4463.6137,NA
9024,1,10/06/22,16:52,12,0,4219.498,NA
9024,1,10/06/22,16:52,13,0,3920.984,NA
9024,1,10/06/22,16:52,14,1,6038.7896,NA
9024,1,10/06/22,16:52,15,0,3837.0677,NA
9025,1,10/06/22,16:50,1,1,8498.7397,NA
9025,1,10/06/22,16:50,2,1,8498.7397,NA
9025,1,10/06/22,16:50,3,0,44444.1959,NA
9025,1,10/06/22,16:50,4,1,23945.0876,NA
9025,1,10/06/22,16:50,5,1,11247.8584,NA
9025,1,10/06/22,16:50,6,1,10705.5681,NA
9025,1,10/06/22,16:50,7,1,16677.577,NA
9025,1,10/06/22,16:50,8,1,16819.0252,NA
9025,1,10/06/22,16:50,9,1,35817.5278,NA
9025,1,10/06/22,16:50,10,1,35817.5278,NA
9025,1,10/06/22,16:50,11,1,19628.1304,NA
9025,1,10/06/22,16:50,12,1,9576.388,NA
9025,1,10/06/22,16:50,13,0,54533.0621,NA
9025,1,10/06/22,16:50,14,0,0,NA
9026,1,10/06/22,17:20,1,1,28409.5084,NA
9026,1,10/06/22,17:20,2,0,17696.8351,NA
9026,1,10/06/22,17:20,3,0,19533.3418,NA
9026,1,10/06/22,17:20,4,1,31814.7724,NA
9026,1,10/06/22,17:20,5,1,16172.9934,NA
9026,1,10/06/22,17:20,6,1,16172.9934,NA
9026,1,10/06/22,17:20,7,1,42820.7684,NA
9026,1,10/06/22,17:20,8,1,46192.3331,NA
9026,1,10/06/22,17:20,9,1,29388.1905,NA
9026,1,10/06/22,17:20,10,1,17468.4194,NA
9026,1,10/06/22,17:20,11,1,16105.9131,NA
9026,1,10/06/22,17:20,12,0,0,NA
9027,1,10/07/22,11:13,1,1,25723.6694,NA
9027,1,10/07/22,11:13,2,1,11129.1471,NA
9027,1,10/07/22,11:13,3,0,60475.4663,NA
9027,1,10/07/22,11:13,4,1,31234.3046,NA
9027,1,10/07/22,11:13,5,1,25600.806,NA
9027,1,10/07/22,11:13,6,1,13430.1625,NA
9027,1,10/07/22,11:13,7,1,35207.9262,NA
9027,1,10/07/22,11:13,8,1,83780.091,NA
9027,1,10/07/22,11:13,9,0,0,NA
9028,1,10/07/22,11:07,1,1,11908.2072,NA
9028,1,10/07/22,11:07,2,1,7734.5358,NA
9028,1,10/07/22,11:07,3,0,22016.104,NA
9028,1,10/07/22,11:07,4,0,10239.908,NA
9028,1,10/07/22,11:07,5,1,16398.7163,NA
9028,1,10/07/22,11:07,6,1,16398.7163,NA
9028,1,10/07/22,11:07,7,0,8974.8386,NA
9028,1,10/07/22,11:07,8,0,19410.92,NA
9028,1,10/07/22,11:07,9,1,10487.0942,NA
9028,1,10/07/22,11:07,10,0,11786.8628,NA
9028,1,10/07/22,11:07,11,0,10237.2489,NA
9028,1,10/07/22,11:07,12,1,9548.3989,NA
9028,1,10/07/22,11:07,13,1,8968.6747,NA
9028,1,10/07/22,11:07,14,0,15396.6306,NA
9028,1,10/07/22,11:07,15,1,20231.0814,NA
9029,1,10/07/22,13:49,1,1,11077.4957,NA
9029,1,10/07/22,13:49,2,0,9533.4268,NA
9029,1,10/07/22,13:49,3,0,9533.4268,NA
9029,1,10/07/22,13:49,4,0,14004.0231,NA
9029,1,10/07/22,13:49,5,1,30384.9178,NA
9029,1,10/07/22,13:49,6,0,8483.5927,NA
9029,1,10/07/22,13:49,7,1,12489.7808,NA
9029,1,10/07/22,13:49,8,0,7078.6018,NA
9029,1,10/07/22,13:49,9,1,4940.1003,NA
9029,1,10/07/22,13:49,10,0,29038.4916,NA
9029,1,10/07/22,13:49,11,0,29038.4916,NA
9029,1,10/07/22,13:49,12,0,29038.4916,NA
9029,1,10/07/22,13:49,13,1,7458.9521,NA
9029,1,10/07/22,13:49,14,1,12276.5313,NA
9029,1,10/07/22,13:49,15,0,8295.5066,NA
9030,1,10/07/22,13:46,1,1,7427.9038,NA
9030,1,10/07/22,13:46,2,0,16984.6484,NA
9030,1,10/07/22,13:46,3,0,31105.9225,NA
9030,1,10/07/22,13:46,4,1,9185.3859,NA
9030,1,10/07/22,13:46,5,1,16978.8445,NA
9030,1,10/07/22,13:46,6,1,8065.1447,NA
9030,1,10/07/22,13:46,7,1,11879.2105,NA
9030,1,10/07/22,13:46,8,1,35681.943,NA
9030,1,10/07/22,13:46,9,1,21473.6947,NA
9030,1,10/07/22,13:46,10,0,16677.3611,NA
9030,1,10/07/22,13:46,11,1,25915.0634,NA
9030,1,10/07/22,13:46,12,1,12986.3622,NA
9030,1,10/07/22,13:46,13,1,15196.1741,NA
9030,1,10/07/22,13:46,14,1,13836.3782,NA
9030,1,10/07/22,13:46,15,1,31570.5969,NA
9031,1,10/07/22,13:45,1,1,20003.0711,NA
9031,1,10/07/22,13:45,2,1,8427.3016,NA
9031,1,10/07/22,13:45,3,0,13072.2379,NA
9031,1,10/07/22,13:45,4,1,14077.5284,NA
9031,1,10/07/22,13:45,5,0,32093.145,NA
9031,1,10/07/22,13:45,6,0,8047.9392,NA
9031,1,10/07/22,13:45,7,0,5850.7431,NA
9031,1,10/07/22,13:45,8,0,8570.7606,NA
9031,1,10/07/22,13:45,9,0,13896.4288,NA
9031,1,10/07/22,13:45,10,0,21234.8205,NA
9031,1,10/07/22,13:45,11,1,9559.4596,NA
9031,1,10/07/22,13:45,12,1,11511.2105,NA
9031,1,10/07/22,13:45,13,0,5367.8252,NA
9031,1,10/07/22,13:45,14,1,37813.7016,NA
9031,1,10/07/22,13:45,15,1,22635.1657,NA
9033,1,10/07/22,16:50,1,1,15798.5486,NA
9033,1,10/07/22,16:50,2,0,12030.2358,NA
9033,1,10/07/22,16:50,3,0,10407.4325,NA
9033,1,10/07/22,16:50,4,1,29185.1457,NA
9033,1,10/07/22,16:50,5,1,25925.3025,NA
9033,1,10/07/22,16:50,6,1,19931.75,NA
9033,1,10/07/22,16:50,7,1,16404.9868,NA
9033,1,10/07/22,16:50,8,1,21888.1933,NA
9033,1,10/07/22,16:50,9,1,15581.482,NA
9033,1,10/07/22,16:50,10,0,31200.843,NA
9033,1,10/07/22,16:50,11,0,42493.0558,NA
9033,1,10/07/22,16:50,12,1,13846.3962,NA
9033,1,10/07/22,16:50,13,0,0,NA
9034,1,10/07/22,17:04,1,1,8925.8396,NA
9034,1,10/07/22,17:04,2,1,29324.633,NA
9034,1,10/07/22,17:04,3,0,14434.3537,NA
9034,1,10/07/22,17:04,4,1,10359.0354,NA
9034,1,10/07/22,17:04,5,1,27829.4646,NA
9034,1,10/07/22,17:04,6,0,15886.5286,NA
9034,1,10/07/22,17:04,7,1,27308.2475,NA
9034,1,10/07/22,17:04,8,0,6660.7842,NA
9034,1,10/07/22,17:04,9,0,26202.9596,NA
9034,1,10/07/22,17:04,10,1,11465.1205,NA
9034,1,10/07/22,17:04,11,1,6220.9851,NA
9034,1,10/07/22,17:04,12,0,4156.0884,NA
9034,1,10/07/22,17:04,13,0,6004.3449,NA
9034,1,10/07/22,17:04,14,1,14733.6847,NA
9034,1,10/07/22,17:04,15,1,24237.7151,NA
9035,1,10/31/22,14:06,1,0,5476.05,B
9035,1,10/31/22,14:06,2,0,21358.0905,E
9035,1,10/31/22,14:06,3,0,14385.2,C
9035,1,10/31/22,14:06,4,1,16591.2141,C
9035,1,10/31/22,14:06,5,1,17300.4132,B
9035,1,10/31/22,14:06,6,0,19659.7177,B
9035,1,10/31/22,14:06,7,1,12703.6173,B
9035,1,10/31/22,14:06,8,0,12513.8899,E
9035,1,10/31/22,14:06,9,0,8585.0612,A
9035,1,10/31/22,14:06,10,1,12372.5361,D
9035,1,10/31/22,14:06,11,0,12711.0621,E
9035,1,10/31/22,14:06,12,1,18313.7163,D
9035,1,10/31/22,14:06,13,1,7327.5246,A
9035,1,10/31/22,14:06,14,0,15847.3805,D
9035,1,10/31/22,14:06,15,0,12888.6084,A
9036,1,10/31/22,13:58,1,1,12052.6538,A
9036,1,10/31/22,13:58,2,1,12095.7785,D
9036,1,10/31/22,13:58,3,0,11447.4175,A
9036,1,10/31/22,13:58,4,0,20404.7122,E
9036,1,10/31/22,13:58,5,0,20107.7834,E
9036,1,10/31/22,13:58,6,0,20107.7834,E
9036,1,10/31/22,13:58,7,0,13359.5228,E
9036,1,10/31/22,13:58,8,1,22667.4789,D
9036,1,10/31/22,13:58,9,1,4930.1262,E
9036,1,10/31/22,13:58,10,1,4930.1262,E
9036,1,10/31/22,13:58,11,0,23413.9324,E
9036,1,10/31/22,13:58,12,0,9199.9186,E
9036,1,10/31/22,13:58,13,1,5494.9707,A
9036,1,10/31/22,13:58,14,0,11768.7492,A
9036,1,10/31/22,13:58,15,0,6388.6385,E
9037,1,10/31/22,13:41,1,1,9448.5597,A
9037,1,10/31/22,13:41,2,1,9448.5597,A
9037,1,10/31/22,13:41,3,0,37986.952,B
9037,1,10/31/22,13:41,4,0,22250.6783,A
9037,1,10/31/22,13:41,5,1,24492.8834,B
9037,1,10/31/22,13:41,6,1,12498.2554,C
9037,1,10/31/22,13:41,7,1,19760.9861,B
9037,1,10/31/22,13:41,8,1,50468.4601,D
9037,1,10/31/22,13:41,9,1,24798.3216,E
9037,1,10/31/22,13:41,10,1,24798.3216,E
9037,1,10/31/22,13:41,11,1,42220.3489,A
9037,1,10/31/22,13:41,12,0,6575.8088,E
9037,1,10/31/22,13:41,13,1,13875.3697,A
9037,1,10/31/22,13:41,14,0,0,A
9038,1,10/31/22,16:37,1,0,7112.9745,B
9038,1,10/31/22,16:37,2,0,15693.4838,A
9038,1,10/31/22,16:37,3,1,3410.0239,D
9038,1,10/31/22,16:37,4,0,300.7304,D
9038,1,10/31/22,16:37,5,1,2054.8024,B
9038,1,10/31/22,16:37,6,0,1752.9927,E
9038,1,10/31/22,16:37,7,1,1376.8816,B
9038,1,10/31/22,16:37,8,0,2147.1707,E
9038,1,10/31/22,16:37,9,0,2647.2261,A
9038,1,10/31/22,16:37,10,0,4074.7816,E
9038,1,10/31/22,16:37,11,0,2388.5837,E
9038,1,10/31/22,16:37,12,1,7906.9985,D
9038,1,10/31/22,16:37,13,1,13582.2734,A
9038,1,10/31/22,16:37,14,1,13582.2734,A
9038,1,10/31/22,16:37,15,0,554.922,B
9041,1,11/01/22,11:03,1,0,24479.523,B
9041,1,11/01/22,11:03,2,0,24479.523,B
9041,1,11/01/22,11:03,3,0,13013.6181,C
9041,1,11/01/22,11:03,4,1,22031.8728,C
9041,1,11/01/22,11:03,5,1,11895.0111,B
9041,1,11/01/22,11:03,6,1,13571.3248,C
9041,1,11/01/22,11:03,7,0,26718.7789,C
9041,1,11/01/22,11:03,8,0,7822.0521,B
9041,1,11/01/22,11:03,9,0,11969.1984,A
9041,1,11/01/22,11:03,10,0,13731.9193,E
9041,1,11/01/22,11:03,11,0,5549.3227,B
9041,1,11/01/22,11:03,12,0,5549.3227,B
9041,1,11/01/22,11:03,13,0,44876.6275,E
9041,1,11/01/22,11:03,14,0,12464.2531,E
9041,1,11/01/22,11:03,15,0,10157.4549,E
9042,1,11/01/22,11:13,1,0,30563.9498,E
9042,1,11/01/22,11:13,2,0,30563.9498,E
9042,1,11/01/22,11:13,3,0,18764.9547,A
9042,1,11/01/22,11:13,4,1,56760.7129,C
9042,1,11/01/22,11:13,5,1,26678.0035,B
9042,1,11/01/22,11:13,6,1,16702.0385,C
9042,1,11/01/22,11:13,7,1,16702.0385,C
9042,1,11/01/22,11:13,8,1,24957.0411,D
9042,1,11/01/22,11:13,9,0,10763.9523,A
9042,1,11/01/22,11:13,10,0,26688.7372,A
9042,1,11/01/22,11:13,11,0,5963.637,B
9042,1,11/01/22,11:13,12,0,0,B
9043,1,11/01/22,14:07,1,1,17402.8365,A
9043,1,11/01/22,14:07,2,1,19403.7244,D
9043,1,11/01/22,14:07,3,0,17684.1987,A
9043,1,11/01/22,14:07,4,1,34852.8992,C
9043,1,11/01/22,14:07,5,1,19499.4831,B
9043,1,11/01/22,14:07,6,1,10797.2278,C
9043,1,11/01/22,14:07,7,0,32607.0533,A
9043,1,11/01/22,14:07,8,1,52348.9278,D
9043,1,11/01/22,14:07,9,0,15277.4359,B
9043,1,11/01/22,14:07,10,0,34109.6236,E
9043,1,11/01/22,14:07,11,1,34770.8297,A
9043,1,11/01/22,14:07,12,0,0,A
9044,1,11/01/22,13:56,1,0,3010.1786,B
9044,1,11/01/22,13:56,2,0,5130.2479,A
9044,1,11/01/22,13:56,3,0,633.6612,A
9044,1,11/01/22,13:56,4,0,259.6957,B
9044,1,11/01/22,13:56,5,0,161.0844,C
9044,1,11/01/22,13:56,6,0,303.172,E
9044,1,11/01/22,13:56,7,1,10742.2128,B
9044,1,11/01/22,13:56,8,1,13842.5363,D
9044,1,11/01/22,13:56,9,1,12229.7831,E
9044,1,11/01/22,13:56,10,1,12229.7831,E
9044,1,11/01/22,13:56,11,1,13101.442,A
9044,1,11/01/22,13:56,12,0,11698.1252,E
9044,1,11/01/22,13:56,13,0,11785.7482,C
9044,1,11/01/22,13:56,14,1,2866.4114,C
9044,1,11/01/22,13:56,15,0,5814.8198,B
9045,1,11/01/22,14:09,1,1,11137.4513,A
9045,1,11/01/22,14:09,2,0,9152.6099,A
9045,1,11/01/22,14:09,3,0,21388.5325,E
9045,1,11/01/22,14:09,4,1,30108.3638,C
9045,1,11/01/22,14:09,5,0,31575.8832,E
9045,1,11/01/22,14:09,6,1,10108.877,C
9045,1,11/01/22,14:09,7,1,25900.5602,B
9045,1,11/01/22,14:09,8,1,25900.5602,B
9045,1,11/01/22,14:09,9,1,13241.9274,E
9045,1,11/01/22,14:09,10,1,13241.9274,E
9045,1,11/01/22,14:09,11,1,28497.9114,A
9045,1,11/01/22,14:09,12,0,17969.5009,E
9045,1,11/01/22,14:09,13,1,11206.5075,A
9045,1,11/01/22,14:09,14,1,28954.9746,C
9045,1,11/01/22,14:09,15,0,0,C
9046,1,11/01/22,16:29,1,0,9933.5576,C
9046,1,11/01/22,16:29,2,0,2805.7707,A
9046,1,11/01/22,16:29,3,1,4558.7694,D
9046,1,11/01/22,16:29,4,0,1329.3559,A
9046,1,11/01/22,16:29,5,0,1357.6698,E
9046,1,11/01/22,16:29,6,0,925.0253,B
9046,1,11/01/22,16:29,7,0,9848.1875,D
9046,1,11/01/22,16:29,8,0,9848.1875,D
9046,1,11/01/22,16:29,9,0,1709.7306,A
9046,1,11/01/22,16:29,10,0,1709.7306,A
9046,1,11/01/22,16:29,11,0,1409.625,C
9046,1,11/01/22,16:29,12,0,1695.5568,A
9046,1,11/01/22,16:29,13,0,1081.1539,B
9046,1,11/01/22,16:29,14,1,868.364,C
9046,1,11/01/22,16:29,15,0,659.8024,B
9047,1,11/01/22,16:33,1,1,4980.6315,A
9047,1,11/01/22,16:33,2,0,27849.7804,E
9047,1,11/01/22,16:33,3,0,17628.3081,C
9047,1,11/01/22,16:33,4,0,10493.2175,E
9047,1,11/01/22,16:33,5,0,15682.9984,A
9047,1,11/01/22,16:33,6,0,22139.2676,B
9047,1,11/01/22,16:33,7,1,17689.5334,B
9047,1,11/01/22,16:33,8,0,6795.6022,C
9047,1,11/01/22,16:33,9,0,5669.253,D
9047,1,11/01/22,16:33,10,0,5669.253,D
9047,1,11/01/22,16:33,11,0,4377.6825,E
9047,1,11/01/22,16:33,12,1,4006.9805,D
9047,1,11/01/22,16:33,13,1,5972.0493,A
9047,1,11/01/22,16:33,14,0,6061.8417,A
9047,1,11/01/22,16:33,15,0,4714.5789,B
9048,1,11/01/22,17:02,1,1,8692.878,A
9048,1,11/01/22,17:02,2,1,8692.878,A
9048,1,11/01/22,17:02,3,0,21044.6898,E
9048,1,11/01/22,17:02,4,1,25997.5526,C
9048,1,11/01/22,17:02,5,1,43704.5102,B
9048,1,11/01/22,17:02,6,1,89543.7732,C
9048,1,11/01/22,17:02,7,1,25837.7472,B
9048,1,11/01/22,17:02,8,0,12517.2638,B
9048,1,11/01/22,17:02,9,0,18804.3988,A
9048,1,11/01/22,17:02,10,0,0,A
9049,1,11/02/22,11:04,1,0,47874.9074,B
9049,1,11/02/22,11:04,2,0,6932.4842,C
9049,1,11/02/22,11:04,3,0,7788.0871,A
9049,1,11/02/22,11:04,4,1,8754.5193,C
9049,1,11/02/22,11:04,5,0,12708.4013,E
9049,1,11/02/22,11:04,6,0,19716.2487,E
9049,1,11/02/22,11:04,7,0,35146.8633,A
9049,1,11/02/22,11:04,8,0,35146.8633,A
9049,1,11/02/22,11:04,9,1,52293.4976,E
9049,1,11/02/22,11:04,10,0,8681.92,A
9049,1,11/02/22,11:04,11,0,3127.4518,C
9049,1,11/02/22,11:04,12,0,38067.8209,E
9049,1,11/02/22,11:04,13,0,11325.799,B
9049,1,11/02/22,11:04,14,0,9532.2415,E
9049,1,11/02/22,11:04,15,1,1611.5323,C
9050,1,11/02/22,10:34,1,0,3398.3896,C
9050,1,11/02/22,10:34,2,0,3398.3896,C
9050,1,11/02/22,10:34,3,0,3318.2911,E
9050,1,11/02/22,10:34,4,1,8886.428,C
9050,1,11/02/22,10:34,5,1,12988.3414,B
9050,1,11/02/22,10:34,6,0,6686.9001,E
9050,1,11/02/22,10:34,7,0,14134.6763,E
9050,1,11/02/22,10:34,8,0,2529.1622,C
9050,1,11/02/22,10:34,9,0,1472.8031,C
9050,1,11/02/22,10:34,10,0,12694.743,E
9050,1,11/02/22,10:34,11,0,5112.2599,E
9050,1,11/02/22,10:34,12,1,15202.1221,D
9050,1,11/02/22,10:34,13,0,5369.298,B
9050,1,11/02/22,10:34,14,0,10793.2706,E
9050,1,11/02/22,10:34,15,0,7972.7596,B
9051,1,11/02/22,11:01,1,0,27854.854,E
9051,1,11/02/22,11:01,2,1,13879.9812,D
9051,1,11/02/22,11:01,3,1,13879.9812,D
9051,1,11/02/22,11:01,4,0,30343.77,B
9051,1,11/02/22,11:01,5,1,27645.0733,B
9051,1,11/02/22,11:01,6,1,19528.8897,C
9051,1,11/02/22,11:01,7,1,10387.6428,B
9051,1,11/02/22,11:01,8,1,10387.6428,B
9051,1,11/02/22,11:01,9,1,17130.7097,E
9051,1,11/02/22,11:01,10,1,32387.7481,D
9051,1,11/02/22,11:01,11,0,20605.9766,E
9051,1,11/02/22,11:01,12,0,16780.7935,B
9051,1,11/02/22,11:01,13,0,7806.0447,C
9051,1,11/02/22,11:01,14,0,2542.4764,E
9051,1,11/02/22,11:01,15,0,1755.7221,B
9052,1,11/02/22,13:55,1,0,2659.4978,C
9052,1,11/02/22,13:55,2,0,1211.0649,A
9052,1,11/02/22,13:55,3,0,1211.0649,A
9052,1,11/02/22,13:55,4,0,1211.0649,A
9052,1,11/02/22,13:55,5,0,255.0682,E
9052,1,11/02/22,13:55,6,0,255.0682,E
9052,1,11/02/22,13:55,7,0,468.3755,C
9052,1,11/02/22,13:55,8,0,224.8921,E
9052,1,11/02/22,13:55,9,1,326.8824,E
9052,1,11/02/22,13:55,10,0,1884.7543,B
9052,1,11/02/22,13:55,11,0,290.5673,D
9052,1,11/02/22,13:55,12,0,326.6394,C
9052,1,11/02/22,13:55,13,0,326.6394,C
9052,1,11/02/22,13:55,14,0,385.425,A
9052,1,11/02/22,13:55,15,0,442.9847,D
9053,1,11/02/22,14:04,1,1,2914.0816,A
9053,1,11/02/22,14:04,2,1,2914.0816,A
9053,1,11/02/22,14:04,3,0,45810.5406,A
9053,1,11/02/22,14:04,4,0,27389.5663,E
9053,1,11/02/22,14:04,5,0,37307.9046,E
9053,1,11/02/22,14:04,6,1,14755.9583,C
9053,1,11/02/22,14:04,7,0,17790.2027,D
9053,1,11/02/22,14:04,8,0,19842.1088,E
9053,1,11/02/22,14:04,9,0,8416.9533,C
9053,1,11/02/22,14:04,10,0,13354.5547,B
9053,1,11/02/22,14:04,11,1,19955.7593,A
9053,1,11/02/22,14:04,12,1,6103.1505,D
9053,1,11/02/22,14:04,13,1,7218.3737,A
9053,1,11/02/22,14:04,14,0,6868.7264,E
9053,1,11/02/22,14:04,15,0,3136.0041,B
9054,1,11/02/22,13:58,1,1,10530.7502,A
9054,1,11/02/22,13:58,2,1,10530.7502,A
9054,1,11/02/22,13:58,3,0,35475.4801,A
9054,1,11/02/22,13:58,4,1,19194.2021,C
9054,1,11/02/22,13:58,5,1,16008.4048,B
9054,1,11/02/22,13:58,6,1,13968.0596,C
9054,1,11/02/22,13:58,7,1,36216.57,B
9054,1,11/02/22,13:58,8,0,22137.4476,C
9054,1,11/02/22,13:58,9,1,33104.7367,E
9054,1,11/02/22,13:58,10,1,33104.7367,E
9054,1,11/02/22,13:58,11,0,42132.4123,B
9054,1,11/02/22,13:58,12,0,0,B
9055,1,11/02/22,17:06,1,1,10140.1777,A
9055,1,11/02/22,17:06,2,1,10140.1777,A
9055,1,11/02/22,17:06,3,0,39524.9691,A
9055,1,11/02/22,17:06,4,1,43366.8148,C
9055,1,11/02/22,17:06,5,1,10768.8835,B
9055,1,11/02/22,17:06,6,1,14271.8886,C
9055,1,11/02/22,17:06,7,1,15942.8122,B
9055,1,11/02/22,17:06,8,1,18595.5959,D
9055,1,11/02/22,17:06,9,1,21294.5014,E
9055,1,11/02/22,17:06,10,1,21294.5014,E
9055,1,11/02/22,17:06,11,1,22238.4562,A
9055,1,11/02/22,17:06,12,1,17261.7619,D
9055,1,11/02/22,17:06,13,1,6172.3102,A
9055,1,11/02/22,17:06,14,1,14237.5149,C
9055,1,11/02/22,17:06,15,0,35962.2237,D
9057,1,11/02/22,16:59,1,1,12982.2403,A
9057,1,11/02/22,16:59,2,1,14224.796,D
9057,1,11/02/22,16:59,3,0,8517.2715,A
9057,1,11/02/22,16:59,4,1,18882.1312,C
9057,1,11/02/22,16:59,5,1,25745.311,B
9057,1,11/02/22,16:59,6,1,8120.7993,C
9057,1,11/02/22,16:59,7,0,10284.145,E
9057,1,11/02/22,16:59,8,0,10608.0507,B
9057,1,11/02/22,16:59,9,1,3162.517,E
9057,1,11/02/22,16:59,10,0,1319.3201,B
9057,1,11/02/22,16:59,11,0,746.8572,D
9057,1,11/02/22,16:59,12,0,353.3047,C
9057,1,11/02/22,16:59,13,0,538.9543,E
9057,1,11/02/22,16:59,14,0,511.2053,A
9057,1,11/02/22,16:59,15,0,511.2053,A
9058,1,11/07/22,10:52,1,1,5359.3972,A
9058,1,11/07/22,10:52,2,1,8744.3283,D
9058,1,11/07/22,10:52,3,0,29559.4345,B
9058,1,11/07/22,10:52,4,0,37385.5208,E
9058,1,11/07/22,10:52,5,1,18157.0975,B
9058,1,11/07/22,10:52,6,1,7852.9939,C
9058,1,11/07/22,10:52,7,1,27745.8393,B
9058,1,11/07/22,10:52,8,0,32226.7653,A
9058,1,11/07/22,10:52,9,0,27606.066,D
9058,1,11/07/22,10:52,10,0,10044.5366,B
9058,1,11/07/22,10:52,11,1,8095.8833,A
9058,1,11/07/22,10:52,12,1,10710.7376,D
9058,1,11/07/22,10:52,13,1,11048.6993,A
9058,1,11/07/22,10:52,14,1,32355.7544,C
9058,1,11/07/22,10:52,15,0,22515.4042,E
9059,1,02/06/23,13:36,1,1,8788.7653,A
9059,1,02/06/23,13:36,2,1,22110.157,D
9059,1,02/06/23,13:36,3,1,9103.4535,D
9059,1,02/06/23,13:36,4,0,11954.4888,A
9059,1,02/06/23,13:36,5,0,22437.6717,D
9059,1,02/06/23,13:36,6,0,7448.5075,D
9059,1,02/06/23,13:36,7,0,4046.064,C
9059,1,02/06/23,13:36,8,1,3509.3181,D
9059,1,02/06/23,13:36,9,1,3509.3181,D
9059,1,02/06/23,13:36,10,1,3211.1584,D
9059,1,02/06/23,13:36,11,1,7435.7361,A
9059,1,02/06/23,13:36,12,0,6746.6216,A
9059,1,02/06/23,13:36,13,0,1747.5166,E
9059,1,02/06/23,13:36,14,0,4166.2502,A
9059,1,02/06/23,13:36,15,0,1778.5149,B
9060,1,02/06/23,13:47,1,1,6117.1608,A
9060,1,02/06/23,13:47,2,0,8650.8361,E
9060,1,02/06/23,13:47,3,0,20789.7618,E
9060,1,02/06/23,13:47,4,1,19323.3886,C
9060,1,02/06/23,13:47,5,1,16104.3415,B
9060,1,02/06/23,13:47,6,1,10247.0809,C
9060,1,02/06/23,13:47,7,1,25944.0087,B
9060,1,02/06/23,13:47,8,0,47521.2183,A
9060,1,02/06/23,13:47,9,1,23262.3496,E
9060,1,02/06/23,13:47,10,1,23262.3496,E
9060,1,02/06/23,13:47,11,1,9314.3504,A
9060,1,02/06/23,13:47,12,1,14755.8744,D
9060,1,02/06/23,13:47,13,1,14067.9296,A
9060,1,02/06/23,13:47,14,1,24167.0586,C
9060,1,02/06/23,13:47,15,0,34451.9042,D
9061,1,02/06/23,13:47,1,1,7057.4116,A
9061,1,02/06/23,13:47,2,1,22381.9864,D
9061,1,02/06/23,13:47,3,0,11114.1922,A
9061,1,02/06/23,13:47,4,0,16006.6536,E
9061,1,02/06/23,13:47,5,1,14913.7214,B
9061,1,02/06/23,13:47,6,1,10098.262,C
9061,1,02/06/23,13:47,7,0,12005.2062,C
9061,1,02/06/23,13:47,8,1,26321.1068,D
9061,1,02/06/23,13:47,9,1,16567.2105,E
9061,1,02/06/23,13:47,10,1,21503.9784,D
9061,1,02/06/23,13:47,11,0,25709.8613,B
9061,1,02/06/23,13:47,12,1,6530.1625,D
9061,1,02/06/23,13:47,13,1,10679.7792,A
9061,1,02/06/23,13:47,14,0,34257.7564,D
9061,1,02/06/23,13:47,15,0,13655.0862,A
9062,1,02/06/23,16:26,1,1,9060.0003,A
9062,1,02/06/23,16:26,2,1,15068.1337,D
9062,1,02/06/23,16:26,3,1,15068.1337,D
9062,1,02/06/23,16:26,4,1,6615.3115,C
9062,1,02/06/23,16:26,5,1,20994.7657,B
9062,1,02/06/23,16:26,6,1,12257.1755,C
9062,1,02/06/23,16:26,7,0,23375.6395,C
9062,1,02/06/23,16:26,8,0,6940.4208,B
9062,1,02/06/23,16:26,9,1,6445.413,E
9062,1,02/06/23,16:26,10,0,7486.8921,A
9062,1,02/06/23,16:26,11,0,6801.9671,E
9062,1,02/06/23,16:26,12,0,4276.474,C
9062,1,02/06/23,16:26,13,1,4402.0961,A
9062,1,02/06/23,16:26,14,1,7885.3483,C
9062,1,02/06/23,16:26,15,0,4898.1273,B
9063,1,02/06/23,17:00,1,1,33896.9983,A
9063,1,02/06/23,17:00,2,1,7425.3855,D
9063,1,02/06/23,17:00,3,0,7852.4899,A
9063,1,02/06/23,17:00,4,1,24076.1651,C
9063,1,02/06/23,17:00,5,0,3508.2408,E
9063,1,02/06/23,17:00,6,1,14639.1802,C
9063,1,02/06/23,17:00,7,1,13012.654,B
9063,1,02/06/23,17:00,8,0,11050.0174,C
9063,1,02/06/23,17:00,9,0,8800.3227,A
9063,1,02/06/23,17:00,10,0,5239.898,E
9063,1,02/06/23,17:00,11,1,22718.6959,A
9063,1,02/06/23,17:00,12,1,22718.6959,A
9063,1,02/06/23,17:00,13,1,9659.6537,A
9063,1,02/06/23,17:00,14,1,15702.0817,C
9063,1,02/06/23,17:00,15,0,21208.2102,A
9065,1,02/07/23,11:13,1,1,10074.0086,A
9065,1,02/07/23,11:13,2,0,17364.1346,E
9065,1,02/07/23,11:13,3,0,17364.1346,E
9065,1,02/07/23,11:13,4,0,30462.7146,A
9065,1,02/07/23,11:13,5,1,24740.3116,B
9065,1,02/07/23,11:13,6,1,8105.6207,C
9065,1,02/07/23,11:13,7,1,33080.4138,B
9065,1,02/07/23,11:13,8,1,61810.0489,D
9065,1,02/07/23,11:13,9,0,50203.4193,A
9065,1,02/07/23,11:13,10,0,479.0639,B
9065,1,02/07/23,11:13,11,0,294.8747,B
9065,1,02/07/23,11:13,12,0,365.0726,B
9065,1,02/07/23,11:13,13,0,402.2479,C
9065,1,02/07/23,11:13,14,1,303.3472,C
9065,1,02/07/23,11:13,15,1,316.3404,C
9066,1,02/07/23,11:10,1,1,5643.53,A
9066,1,02/07/23,11:10,2,1,20511.5936,D
9066,1,02/07/23,11:10,3,0,10044.7015,C
9066,1,02/07/23,11:10,4,0,10044.7015,C
9066,1,02/07/23,11:10,5,1,9733.0082,B
9066,1,02/07/23,11:10,6,1,8471.2269,C
9066,1,02/07/23,11:10,7,1,36381.7954,B
9066,1,02/07/23,11:10,8,0,48763.1324,E
9066,1,02/07/23,11:10,9,1,22099.9218,E
9066,1,02/07/23,11:10,10,1,22099.9218,E
9066,1,02/07/23,11:10,11,1,12418.1553,A
9066,1,02/07/23,11:10,12,1,12418.1553,A
9066,1,02/07/23,11:10,13,1,19306.9882,A
9066,1,02/07/23,11:10,14,0,0,A
9067,1,02/07/23,10:47,1,1,5467.2147,A
9067,1,02/07/23,10:47,2,1,5699.9842,D
9067,1,02/07/23,10:47,3,0,17350.4491,C
9067,1,02/07/23,10:47,4,1,9390.9661,C
9067,1,02/07/23,10:47,5,1,13727.17,B
9067,1,02/07/23,10:47,6,1,8717.9785,C
9067,1,02/07/23,10:47,7,1,10458.5127,B
9067,1,02/07/23,10:47,8,0,9231.2458,E
9067,1,02/07/23,10:47,9,0,4280.7584,C
9067,1,02/07/23,10:47,10,1,12714.264,D
9067,1,02/07/23,10:47,11,1,10443.2039,A
9067,1,02/07/23,10:47,12,1,16621.3126,D
9067,1,02/07/23,10:47,13,0,2768.4445,E
9067,1,02/07/23,10:47,14,0,24175.2757,A
9067,1,02/07/23,10:47,15,0,2563.2077,E
9068,1,02/07/23,13:51,1,0,8839.0115,B
9068,1,02/07/23,13:51,2,0,8839.0115,B
9068,1,02/07/23,13:51,3,0,15692.8751,B
9068,1,02/07/23,13:51,4,1,20932.7505,C
9068,1,02/07/23,13:51,5,1,21230.7395,B
9068,1,02/07/23,13:51,6,1,10699.6377,C
9068,1,02/07/23,13:51,7,1,18117.0208,B
9068,1,02/07/23,13:51,8,0,9178.2787,B
9068,1,02/07/23,13:51,9,0,5865.5062,D
9068,1,02/07/23,13:51,10,0,12715.9141,E
9068,1,02/07/23,13:51,11,1,7692.1181,A
9068,1,02/07/23,13:51,12,1,5297.346,D
9068,1,02/07/23,13:51,13,0,10832.6663,B
9068,1,02/07/23,13:51,14,0,8998.6237,B
9068,1,02/07/23,13:51,15,1,4862.874,C
9069,1,02/07/23,14:10,1,1,10757.833,A
9069,1,02/07/23,14:10,2,1,30613.3888,D
9069,1,02/07/23,14:10,3,0,37347.8592,C
9069,1,02/07/23,14:10,4,0,29627.5315,E
9069,1,02/07/23,14:10,5,1,34429.4064,B
9069,1,02/07/23,14:10,6,1,37534.8362,C
9069,1,02/07/23,14:10,7,1,37856.5783,B
9069,1,02/07/23,14:10,8,0,18960.6577,A
9069,1,02/07/23,14:10,9,1,43478.4679,E
9069,1,02/07/23,14:10,10,1,43478.4679,E
9069,1,02/07/23,14:10,11,0,0,E
9070,1,02/07/23,14:40,1,1,12995.9787,A
9070,1,02/07/23,14:40,2,0,19185.7123,B
9070,1,02/07/23,14:40,3,0,12903.1788,C
9070,1,02/07/23,14:40,4,0,18608.4265,E
9070,1,02/07/23,14:40,5,1,25712.9083,B
9070,1,02/07/23,14:40,6,1,12704.4908,C
9070,1,02/07/23,14:40,7,1,15965.4663,B
9070,1,02/07/23,14:40,8,1,7829.916,D
9070,1,02/07/23,14:40,9,0,1744.2602,B
9070,1,02/07/23,14:40,10,0,1744.2602,B
9070,1,02/07/23,14:40,11,0,2955.8465,C
9070,1,02/07/23,14:40,12,0,2955.8465,C
9070,1,02/07/23,14:40,13,1,4784.0084,A
9070,1,02/07/23,14:40,14,1,3592.3129,C
9070,1,02/07/23,14:40,15,0,1732.785,B
9071,1,02/07/23,17:02,1,1,8189.9823,A
9071,1,02/07/23,17:02,2,1,12767.9037,D
9071,1,02/07/23,17:02,3,0,21154.074,C
9071,1,02/07/23,17:02,4,0,23787.8938,E
9071,1,02/07/23,17:02,5,0,14863.2135,A
9071,1,02/07/23,17:02,6,1,31053.3896,C
9071,1,02/07/23,17:02,7,1,49128.8498,B
9071,1,02/07/23,17:02,8,1,7614.298,D
9071,1,02/07/23,17:02,9,1,7614.298,D
9071,1,02/07/23,17:02,10,1,29097.0247,D
9071,1,02/07/23,17:02,11,0,11622.5704,E
9071,1,02/07/23,17:02,12,0,7419.1851,E
9071,1,02/07/23,17:02,13,0,11438.2658,E
9071,1,02/07/23,17:02,14,0,27438.6251,E
9071,1,02/07/23,17:02,15,0,19682.1974,D
9072,1,02/07/23,17:19,1,0,3941.2538,C
9072,1,02/07/23,17:19,2,0,18073.1425,A
9072,1,02/07/23,17:19,3,0,5916.9584,B
9072,1,02/07/23,17:19,4,1,6043.9945,C
9072,1,02/07/23,17:19,5,0,9267.544,E
9072,1,02/07/23,17:19,6,1,8596.6069,C
9072,1,02/07/23,17:19,7,0,14064.5422,E
9072,1,02/07/23,17:19,8,1,2584.5895,D
9072,1,02/07/23,17:19,9,0,2240.566,A
9072,1,02/07/23,17:19,10,0,2403.6612,E
9072,1,02/07/23,17:19,11,0,1213.3211,B
9072,1,02/07/23,17:19,12,0,1332.7077,E
9072,1,02/07/23,17:19,13,0,1009.5272,B
9072,1,02/07/23,17:19,14,1,1765.9055,C
9072,1,02/07/23,17:19,15,0,1759.5154,A
9073,1,02/07/23,17:13,1,0,13478.6058,C
9073,1,02/07/23,17:13,2,0,15679.4406,E
9073,1,02/07/23,17:13,3,0,4287.3936,B
9073,1,02/07/23,17:13,4,0,12008.057,E
9073,1,02/07/23,17:13,5,0,20190.3519,A
9073,1,02/07/23,17:13,6,0,13169.4118,D
9073,1,02/07/23,17:13,7,1,24234.9088,B
9073,1,02/07/23,17:13,8,0,12751.6232,C
9073,1,02/07/23,17:13,9,0,9563.4679,A
9073,1,02/07/23,17:13,10,0,21453.98,C
9073,1,02/07/23,17:13,11,1,34606.7882,A
9073,1,02/07/23,17:13,12,0,20612.125,C
9073,1,02/07/23,17:13,13,0,6238.8113,C
9073,1,02/07/23,17:13,14,0,14531.4024,E
9073,1,02/07/23,17:13,15,0,0,E
9077,1,02/08/23,13:49,1,1,9997.796,A
9077,1,02/08/23,13:49,2,1,9997.796,A
9077,1,02/08/23,13:49,3,0,32629.2744,A
9077,1,02/08/23,13:49,4,1,39424.8151,C
9077,1,02/08/23,13:49,5,1,17100.9875,B
9077,1,02/08/23,13:49,6,0,33438.2001,A
9077,1,02/08/23,13:49,7,1,36042.4875,B
9077,1,02/08/23,13:49,8,1,27151.3039,D
9077,1,02/08/23,13:49,9,1,10196.6013,E
9077,1,02/08/23,13:49,10,1,18685.3151,D
9077,1,02/08/23,13:49,11,1,12758.5085,A
9077,1,02/08/23,13:49,12,1,12758.5085,A
9077,1,02/08/23,13:49,13,0,24150.6415,E
9077,1,02/08/23,13:49,14,0,0,E
9078,1,02/08/23,13:55,1,1,20620.1129,A
9078,1,02/08/23,13:55,2,0,6669.4232,E
9078,1,02/08/23,13:55,3,0,34811.867,A
9078,1,02/08/23,13:55,4,1,12977.7383,C
9078,1,02/08/23,13:55,5,1,13568.5618,B
9078,1,02/08/23,13:55,6,1,13024.2907,C
9078,1,02/08/23,13:55,7,0,35285.2457,E
9078,1,02/08/23,13:55,8,0,15523.5039,E
9078,1,02/08/23,13:55,9,1,13483.6672,E
9078,1,02/08/23,13:55,10,0,38379.2718,B
9078,1,02/08/23,13:55,11,0,9762.2721,E
9078,1,02/08/23,13:55,12,0,7555.8319,E
9078,1,02/08/23,13:55,13,1,5738.5723,A
9078,1,02/08/23,13:55,14,1,24171.7752,C
9078,1,02/08/23,13:55,15,1,2958.1761,C
9079,1,02/08/23,14:02,1,1,13487.7528,A
9079,1,02/08/23,14:02,2,1,17602.3396,D
9079,1,02/08/23,14:02,3,0,36404.6157,A
9079,1,02/08/23,14:02,4,1,31056.868,C
9079,1,02/08/23,14:02,5,1,22122.3928,B
9079,1,02/08/23,14:02,6,0,25515.9629,E
9079,1,02/08/23,14:02,7,1,28350.0854,B
9079,1,02/08/23,14:02,8,0,58345.6509,E
9079,1,02/08/23,14:02,9,1,25018.5709,E
9079,1,02/08/23,14:02,10,0,0,E
9080,1,02/08/23,16:47,1,1,8527.0166,A
9080,1,02/08/23,16:47,2,1,10127.4492,D
9080,1,02/08/23,16:47,3,0,42477.8996,A
9080,1,02/08/23,16:47,4,1,22394.7481,C
9080,1,02/08/23,16:47,5,0,11315.4867,E
9080,1,02/08/23,16:47,6,0,54452.0636,E
9080,1,02/08/23,16:47,7,0,20375.1249,E
9080,1,02/08/23,16:47,8,0,17471.7518,A
9080,1,02/08/23,16:47,9,1,14031.855,E
9080,1,02/08/23,16:47,10,1,14031.855,E
9080,1,02/08/23,16:47,11,1,15599.2982,A
9080,1,02/08/23,16:47,12,1,15599.2982,A
9080,1,02/08/23,16:47,13,0,17731.778,C
9080,1,02/08/23,16:47,14,1,23090.9827,C
9080,1,02/08/23,16:47,15,0,0,C
9081,1,02/08/23,16:54,1,1,20294.1598,A
9081,1,02/08/23,16:54,2,0,12010.5444,E
9081,1,02/08/23,16:54,3,0,3756.0335,A
9081,1,02/08/23,16:54,4,0,18033.6896,B
9081,1,02/08/23,16:54,5,0,14547.5632,D
9081,1,02/08/23,16:54,6,0,10346.7618,E
9081,1,02/08/23,16:54,7,1,4106.3646,B
9081,1,02/08/23,16:54,8,1,4264.8811,D
9081,1,02/08/23,16:54,9,0,2865.4702,C
9081,1,02/08/23,16:54,10,1,1272.5363,D
9081,1,02/08/23,16:54,11,1,1084.0898,A
9081,1,02/08/23,16:54,12,0,628.7333,E
9081,1,02/08/23,16:54,13,0,482.1821,C
9081,1,02/08/23,16:54,14,0,667.8921,E
9081,1,02/08/23,16:54,15,0,711.9889,B
9082,1,02/09/23,10:47,1,1,6470.2144,A
9082,1,02/09/23,10:47,2,1,6470.2144,A
9082,1,02/09/23,10:47,3,0,16091.3809,A
9082,1,02/09/23,10:47,4,0,8549.3253,D
9082,1,02/09/23,10:47,5,0,15375.3168,E
9082,1,02/09/23,10:47,6,0,15375.3168,E
9082,1,02/09/23,10:47,7,0,17029.2207,E
9082,1,02/09/23,10:47,8,0,8366.6287,E
9082,1,02/09/23,10:47,9,0,6989.5021,C
9082,1,02/09/23,10:47,10,1,9239.3548,D
9082,1,02/09/23,10:47,11,1,9940.4277,A
9082,1,02/09/23,10:47,12,0,9351.8552,E
9082,1,02/09/23,10:47,13,0,11540.2844,E
9082,1,02/09/23,10:47,14,0,7174.969,D
9082,1,02/09/23,10:47,15,0,7218.972,D
9083,1,02/09/23,13:46,1,1,38955.3995,A
9083,1,02/09/23,13:46,2,0,11506.9422,E
9083,1,02/09/23,13:46,3,0,35439.0359,A
9083,1,02/09/23,13:46,4,1,25159.138,C
9083,1,02/09/23,13:46,5,1,15202.2736,B
9083,1,02/09/23,13:46,6,1,19204.6691,C
9083,1,02/09/23,13:46,7,1,33586.1172,B
9083,1,02/09/23,13:46,8,1,38158.7096,D
9083,1,02/09/23,13:46,9,1,35737.9188,E
9083,1,02/09/23,13:46,10,1,26361.3315,D
9083,1,02/09/23,13:46,11,0,0,D
9084,1,02/09/23,14:11,1,1,7133.434,A
9084,1,02/09/23,14:11,2,0,66996.2855,E
9084,1,02/09/23,14:11,3,0,34506.7673,C
9084,1,02/09/23,14:11,4,1,56608.2883,C
9084,1,02/09/23,14:11,5,0,25060.782,E
9084,1,02/09/23,14:11,6,1,10892.9454,C
9084,1,02/09/23,14:11,7,1,33958.3802,B
9084,1,02/09/23,14:11,8,0,23632.5734,B
9084,1,02/09/23,14:11,9,0,0,B
9085,1,02/09/23,14:09,1,1,5631.1196,A
9085,1,02/09/23,14:09,2,1,15578.156,D
9085,1,02/09/23,14:09,3,0,18914.9116,B
9085,1,02/09/23,14:09,4,0,11747.9731,D
9085,1,02/09/23,14:09,5,0,14219.4804,A
9085,1,02/09/23,14:09,6,1,12985.2948,C
9085,1,02/09/23,14:09,7,0,21946.7068,E
9085,1,02/09/23,14:09,8,0,16852.8898,C
9085,1,02/09/23,14:09,9,1,4510.1514,E
9085,1,02/09/23,14:09,10,0,13059.6764,E
9085,1,02/09/23,14:09,11,0,13059.6764,E
9085,1,02/09/23,14:09,12,1,7066.792,D
9085,1,02/09/23,14:09,13,1,18444.919,A
9085,1,02/09/23,14:09,14,1,26516.2929,C
9085,1,02/09/23,14:09,15,1,26516.2929,C
9086,1,02/09/23,16:46,1,1,6495.9889,A
9086,1,02/09/23,16:46,2,0,14644.9995,B
9086,1,02/09/23,16:46,3,0,14644.9995,B
9086,1,02/09/23,16:46,4,0,9279.1087,B
9086,1,02/09/23,16:46,5,0,19359.7874,A
9086,1,02/09/23,16:46,6,1,10201.9955,C
9086,1,02/09/23,16:46,7,0,15744.9723,D
9086,1,02/09/23,16:46,8,0,5080.458,A
9086,1,02/09/23,16:46,9,0,1784.4606,A
9086,1,02/09/23,16:46,10,0,3834.8566,A
9086,1,02/09/23,16:46,11,1,10118.9842,A
9086,1,02/09/23,16:46,12,0,22352.5614,E
9086,1,02/09/23,16:46,13,0,4269.1602,E
9086,1,02/09/23,16:46,14,1,14182.9823,C
9086,1,02/09/23,16:46,15,1,12107.9158,C
9087,1,02/09/23,17:14,1,1,9070.7143,A
9087,1,02/09/23,17:14,2,1,9070.7143,A
9087,1,02/09/23,17:14,3,0,73328.3162,A
9087,1,02/09/23,17:14,4,1,54706.988,C
9087,1,02/09/23,17:14,5,1,31183.1799,B
9087,1,02/09/23,17:14,6,1,14301.4614,C
9087,1,02/09/23,17:14,7,0,0,C
9088,1,02/09/23,17:07,1,1,13147.8397,A
9088,1,02/09/23,17:07,2,0,38675.2407,E
9088,1,02/09/23,17:07,3,0,68173.5045,A
9088,1,02/09/23,17:07,4,0,58026.4495,B
9088,1,02/09/23,17:07,5,1,26908.5,B
9088,1,02/09/23,17:07,6,1,41470.3538,C
9088,1,02/09/23,17:07,7,0,0,C
9089,1,02/10/23,11:37,1,1,6720.007,A
9089,1,02/10/23,11:37,2,1,6720.007,A
9089,1,02/10/23,11:37,3,0,18172.1852,B
9089,1,02/10/23,11:37,4,0,1400.6863,D
9089,1,02/10/23,11:37,5,0,16883.1315,E
9089,1,02/10/23,11:37,6,0,8948.6288,E
9089,1,02/10/23,11:37,7,0,21556.6924,A
9089,1,02/10/23,11:37,8,0,2084.49,E
9089,1,02/10/23,11:37,9,0,4134.8993,A
9089,1,02/10/23,11:37,10,0,2620.5398,C
9089,1,02/10/23,11:37,11,1,1612.9765,A
9089,1,02/10/23,11:37,12,0,896.0193,E
9089,1,02/10/23,11:37,13,0,1126.6064,B
9089,1,02/10/23,11:37,14,0,559.3218,D
9089,1,02/10/23,11:37,15,1,357.3094,C
9090,1,02/10/23,10:48,1,0,18545.9566,E
9090,1,02/10/23,10:48,2,1,8809.7305,D
9090,1,02/10/23,10:48,3,0,49185.2267,A
9090,1,02/10/23,10:48,4,1,31863.9213,C
9090,1,02/10/23,10:48,5,1,10003.9548,B
9090,1,02/10/23,10:48,6,1,12276.7723,C
9090,1,02/10/23,10:48,7,1,24658.9875,B
9090,1,02/10/23,10:48,8,1,24709.8961,D
9090,1,02/10/23,10:48,9,1,15202.0253,E
9090,1,02/10/23,10:48,10,1,13692.1192,D
9090,1,02/10/23,10:48,11,1,38265.0881,A
9090,1,02/10/23,10:48,12,1,38265.0881,A
9090,1,02/10/23,10:48,13,1,12281.1621,A
9090,1,02/10/23,10:48,14,1,26143.2715,C
9090,1,02/10/23,10:48,15,0,0,C
9091,1,02/17/23,11:02,1,1,12466.6372,A
9091,1,02/17/23,11:02,2,1,12358.7715,D
9091,1,02/17/23,11:02,3,0,46888.3247,B
9091,1,02/17/23,11:02,4,0,53475.2269,A
9091,1,02/17/23,11:02,5,0,35692.139,A
9091,1,02/17/23,11:02,6,1,8747.842,C
9091,1,02/17/23,11:02,7,1,35660.811,B
9091,1,02/17/23,11:02,8,1,41487.7568,D
9091,1,02/17/23,11:02,9,1,50369.4205,E
9091,1,02/17/23,11:02,10,0,0,E
9092,1,02/10/23,13:50,1,1,18864.0073,A
9092,1,02/10/23,13:50,2,1,11158.6148,D
9092,1,02/10/23,13:50,3,0,20499.3605,C
9092,1,02/10/23,13:50,4,1,47455.4875,C
9092,1,02/10/23,13:50,5,0,46056.2842,D
9092,1,02/10/23,13:50,6,0,16004.5412,A
9092,1,02/10/23,13:50,7,0,16350.813,E
9092,1,02/10/23,13:50,8,1,38681.6887,D
9092,1,02/10/23,13:50,9,0,7864.297,A
9092,1,02/10/23,13:50,10,0,9611.6931,A
9092,1,02/10/23,13:50,11,0,24757.3674,E
9092,1,02/10/23,13:50,12,1,4318.1357,D
9092,1,02/10/23,13:50,13,1,11984.253,A
9092,1,02/10/23,13:50,14,1,11984.253,A
9092,1,02/10/23,13:50,15,0,5953.8739,A
9093,1,02/10/23,14:02,1,1,10625.5704,A
9093,1,02/10/23,14:02,2,1,8522.3118,D
9093,1,02/10/23,14:02,3,0,42991.7897,A
9093,1,02/10/23,14:02,4,1,27909.6211,C
9093,1,02/10/23,14:02,5,1,17924.7358,B
9093,1,02/10/23,14:02,6,1,20694.9776,C
9093,1,02/10/23,14:02,7,1,14533.2623,B
9093,1,02/10/23,14:02,8,0,22146.2303,A
9093,1,02/10/23,14:02,9,0,22146.2303,A
9093,1,02/10/23,14:02,10,0,10943.6244,A
9093,1,02/10/23,14:02,11,1,25310.6172,A
9093,1,02/10/23,14:02,12,0,8820.803,E
9093,1,02/10/23,14:02,13,1,5518.497,A
9093,1,02/10/23,14:02,14,1,26013.94,C
9093,1,02/10/23,14:02,15,0,0,C
9094,1,02/10/23,14:33,1,1,7904.2246,A
9094,1,02/10/23,14:33,2,0,11010.3832,E
9094,1,02/10/23,14:33,3,0,8490.1152,B
9094,1,02/10/23,14:33,4,1,41861.9239,C
9094,1,02/10/23,14:33,5,1,21823.638,B
9094,1,02/10/23,14:33,6,1,16135.6404,C
9094,1,02/10/23,14:33,7,0,17502.8139,E
9094,1,02/10/23,14:33,8,0,27815.8066,E
9094,1,02/10/23,14:33,9,1,12935.0229,E
9094,1,02/10/23,14:33,10,0,24886.4914,E
9094,1,02/10/23,14:33,11,1,17649.9073,A
9094,1,02/10/23,14:33,12,0,7526.5468,E
9094,1,02/10/23,14:33,13,0,29723.9004,E
9094,1,02/10/23,14:33,14,0,20142.6677,E
9094,1,02/10/23,14:33,15,0,23407.9105,E
9095,1,02/10/23,17:14,1,0,9114.8517,E
9095,1,02/10/23,17:14,2,0,15429.5434,E
9095,1,02/10/23,17:14,3,0,12070.6426,C
9095,1,02/10/23,17:14,4,1,19224.6035,C
9095,1,02/10/23,17:14,5,1,32702.2626,B
9095,1,02/10/23,17:14,6,0,16853.042,A
9095,1,02/10/23,17:14,7,0,13394.7124,E
9095,1,02/10/23,17:14,8,0,7136.3503,C
9095,1,02/10/23,17:14,9,0,4110.6709,C
9095,1,02/10/23,17:14,10,0,7112.5118,E
9095,1,02/10/23,17:14,11,0,7263.5968,E
9095,1,02/10/23,17:14,12,0,7263.5968,E
9095,1,02/10/23,17:14,13,0,2781.7617,B
9095,1,02/10/23,17:14,14,0,4918.6295,E
9095,1,02/10/23,17:14,15,0,1369.0574,A
9096,1,02/10/23,16:51,1,1,9050.642,A
9096,1,02/10/23,16:51,2,1,8790.0766,D
9096,1,02/10/23,16:51,3,0,8701.6198,A
9096,1,02/10/23,16:51,4,1,12903.9188,C
9096,1,02/10/23,16:51,5,1,9180.0039,B
9096,1,02/10/23,16:51,6,0,14767.8841,E
9096,1,02/10/23,16:51,7,0,19978.2498,C
9096,1,02/10/23,16:51,8,0,5555.9302,E
9096,1,02/10/23,16:51,9,0,1005.1996,B
9096,1,02/10/23,16:51,10,0,393.932,C
9096,1,02/10/23,16:51,11,0,393.932,C
9096,1,02/10/23,16:51,12,0,2194.4272,A
9096,1,02/10/23,16:51,13,0,1119.8591,B
9096,1,02/10/23,16:51,14,1,1547.6815,C
9096,1,02/10/23,16:51,15,0,2050.1667,E
9097,1,02/10/23,17:19,1,1,14423.1886,A
9097,1,02/10/23,17:19,2,1,34177.5615,D
9097,1,02/10/23,17:19,3,0,25204.5729,A
9097,1,02/10/23,17:19,4,1,22509.9887,C
9097,1,02/10/23,17:19,5,1,30032.498,B
9097,1,02/10/23,17:19,6,1,30032.498,B
9097,1,02/10/23,17:19,7,1,5567.5125,B
9097,1,02/10/23,17:19,8,0,12602.0849,B
9097,1,02/10/23,17:19,9,0,11630.3373,B
9097,1,02/10/23,17:19,10,0,11630.3373,B
9097,1,02/10/23,17:19,11,1,16416.854,A
9097,1,02/10/23,17:19,12,1,16416.854,A
9097,1,02/10/23,17:19,13,0,11327.5382,E
9097,1,02/10/23,17:19,14,1,21171.9419,C
9097,1,02/10/23,17:19,15,0,23669.967,A
9099,1,03/27/23,13:47,1,1,15444.8427,A
9099,1,03/27/23,13:47,2,1,15444.8427,A
9099,1,03/27/23,13:47,3,0,26610.9726,A
9099,1,03/27/23,13:47,4,1,21288.2889,C
9099,1,03/27/23,13:47,5,1,44143.0846,B
9099,1,03/27/23,13:47,6,0,73206.4534,D
9099,1,03/27/23,13:47,7,1,46074.0218,B
9099,1,03/27/23,13:47,8,0,17254.0876,A
9099,1,03/27/23,13:47,9,0,16193.3339,A
9099,1,03/27/23,13:47,10,0,0,A
9100,1,03/27/23,14:39,1,1,10412.0718,A
9100,1,03/27/23,14:39,2,0,13996.4761,E
9100,1,03/27/23,14:39,3,0,31740.546,E
9100,1,03/27/23,14:39,4,1,15385.1691,C
9100,1,03/27/23,14:39,5,1,22087.7387,B
9100,1,03/27/23,14:39,6,1,15294.7885,C
9100,1,03/27/23,14:39,7,1,23609.2497,B
9100,1,03/27/23,14:39,8,0,6885.4667,B
9100,1,03/27/23,14:39,9,0,2225.9558,C
9100,1,03/27/23,14:39,10,1,34063.9728,D
9100,1,03/27/23,14:39,11,0,7851.5722,E
9100,1,03/27/23,14:39,12,1,12744.3394,D
9100,1,03/27/23,14:39,13,1,11567.3598,A
9100,1,03/27/23,14:39,14,1,3136.807,C
9100,1,03/27/23,14:39,15,0,2363.4679,E
9101,1,03/27/23,17:03,1,1,6716.4639,A
9101,1,03/27/23,17:03,2,1,6716.4639,A
9101,1,03/27/23,17:03,3,0,64216.3082,A
9101,1,03/27/23,17:03,4,1,24464.5369,C
9101,1,03/27/23,17:03,5,1,24665.064,B
9101,1,03/27/23,17:03,6,1,22374.5777,C
9101,1,03/27/23,17:03,7,1,22428.9338,B
9101,1,03/27/23,17:03,8,0,16164.7484,B
9101,1,03/27/23,17:03,9,1,39546.7892,E
9101,1,03/27/23,17:03,10,0,50364.4129,E
9101,1,03/27/23,17:03,11,0,0,E
9102,1,03/27/23,16:57,1,1,14389.2112,A
9102,1,03/27/23,16:57,2,1,14389.2112,A
9102,1,03/27/23,16:57,3,0,40241.6431,A
9102,1,03/27/23,16:57,4,1,22248.1653,C
9102,1,03/27/23,16:57,5,1,30036.9081,B
9102,1,03/27/23,16:57,6,1,24656.2924,C
9102,1,03/27/23,16:57,7,1,13509.1093,B
9102,1,03/27/23,16:57,8,0,17159.6247,B
9102,1,03/27/23,16:57,9,1,13839.0666,E
9102,1,03/27/23,16:57,10,1,20571.8282,D
9102,1,03/27/23,16:57,11,0,10052.1739,B
9102,1,03/27/23,16:57,12,1,17649.2322,D
9102,1,03/27/23,16:57,13,0,46482.8368,E
9102,1,03/27/23,16:57,14,0,0,E
9103,1,03/28/23,11:14,1,1,7855.5892,A
9103,1,03/28/23,11:14,2,1,14303.6257,D
9103,1,03/28/23,11:14,3,0,12533.8271,A
9103,1,03/28/23,11:14,4,0,17030.0913,B
9103,1,03/28/23,11:14,5,0,35438.265,E
9103,1,03/28/23,11:14,6,1,11851.6266,C
9103,1,03/28/23,11:14,7,0,9457.0322,E
9103,1,03/28/23,11:14,8,0,9457.0322,E
9103,1,03/28/23,11:14,9,1,5719.8641,E
9103,1,03/28/23,11:14,10,0,2406.6278,C
9103,1,03/28/23,11:14,11,0,9327.9221,D
9103,1,03/28/23,11:14,12,1,3931.5022,D
9103,1,03/28/23,11:14,13,1,3931.5022,D
9103,1,03/28/23,11:14,14,0,10823.2944,E
9103,1,03/28/23,11:14,15,0,1506.7056,B
9104,1,03/28/23,11:36,1,0,22480.4051,C
9104,1,03/28/23,11:36,2,0,22480.4051,C
9104,1,03/28/23,11:36,3,0,3829.8871,A
9104,1,03/28/23,11:36,4,1,17832.3542,C
9104,1,03/28/23,11:36,5,0,17820.1928,C
9104,1,03/28/23,11:36,6,0,2066.5556,A
9104,1,03/28/23,11:36,7,0,17947.6327,C
9104,1,03/28/23,11:36,8,1,10614.2106,D
9104,1,03/28/23,11:36,9,0,5074.271,A
9104,1,03/28/23,11:36,10,0,2360.075,B
9104,1,03/28/23,11:36,11,0,2967.2798,C
9104,1,03/28/23,11:36,12,0,2390.0727,A
9104,1,03/28/23,11:36,13,0,1733.136,B
9104,1,03/28/23,11:36,14,0,1028.9581,E
9104,1,03/28/23,11:36,15,0,6529.9995,A
9105,1,03/28/23,13:49,1,1,17727.6784,A
9105,1,03/28/23,13:49,2,0,9132.5376,E
9105,1,03/28/23,13:49,3,0,12147.3073,B
9105,1,03/28/23,13:49,4,0,8056.8507,E
9105,1,03/28/23,13:49,5,0,23933.1847,E
9105,1,03/28/23,13:49,6,0,6702.3041,B
9105,1,03/28/23,13:49,7,0,12846.7036,E
9105,1,03/28/23,13:49,8,0,1033.9531,B
9105,1,03/28/23,13:49,9,1,6351.9307,E
9105,1,03/28/23,13:49,10,0,3414.1117,A
9105,1,03/28/23,13:49,11,0,3414.1117,A
9105,1,03/28/23,13:49,12,1,6614.6792,D
9105,1,03/28/23,13:49,13,1,8278.6698,A
9105,1,03/28/23,13:49,14,0,4697.0875,E
9105,1,03/28/23,13:49,15,0,2295.2794,B
9106,1,03/28/23,13:55,1,1,6390.7079,A
9106,1,03/28/23,13:55,2,1,6390.7079,A
9106,1,03/28/23,13:55,3,0,12023.4463,C
9106,1,03/28/23,13:55,4,0,16333.4232,E
9106,1,03/28/23,13:55,5,0,12749.5953,E
9106,1,03/28/23,13:55,6,1,8792.129,C
9106,1,03/28/23,13:55,7,1,12317.3838,B
9106,1,03/28/23,13:55,8,0,11740.8836,C
9106,1,03/28/23,13:55,9,1,12006.1262,E
9106,1,03/28/23,13:55,10,1,24179.4133,D
9106,1,03/28/23,13:55,11,1,13253.1411,A
9106,1,03/28/23,13:55,12,1,8249.0539,D
9106,1,03/28/23,13:55,13,1,6305.2028,A
9106,1,03/28/23,13:55,14,1,25500.5327,C
9106,1,03/28/23,13:55,15,0,14482.7397,E
9107,1,03/28/23,16:48,1,1,7686.1021,A
9107,1,03/28/23,16:48,2,1,7686.1021,A
9107,1,03/28/23,16:48,3,0,34444.3329,A
9107,1,03/28/23,16:48,4,0,23658.2527,A
9107,1,03/28/23,16:48,5,1,28799.8683,B
9107,1,03/28/23,16:48,6,1,20058.156,C
9107,1,03/28/23,16:48,7,1,15657.3092,B
9107,1,03/28/23,16:48,8,0,17765.9914,E
9107,1,03/28/23,16:48,9,0,14559.3367,C
9107,1,03/28/23,16:48,10,1,13129.2019,D
9107,1,03/28/23,16:48,11,1,7297.0074,A
9107,1,03/28/23,16:48,12,1,19529.8927,D
9107,1,03/28/23,16:48,13,0,20397.2859,B
9107,1,03/28/23,16:48,14,0,10357.6915,E
9107,1,03/28/23,16:48,15,0,11954.6447,B
9108,1,03/28/23,17:15,1,1,14835.6648,A
9108,1,03/28/23,17:15,2,0,18403.5292,E
9108,1,03/28/23,17:15,3,0,18195.8097,E
9108,1,03/28/23,17:15,4,1,9012.5272,C
9108,1,03/28/23,17:15,5,1,12770.5025,B
9108,1,03/28/23,17:15,6,0,11894.778,B
9108,1,03/28/23,17:15,7,0,11894.778,B
9108,1,03/28/23,17:15,8,0,11685.8484,E
9108,1,03/28/23,17:15,9,0,6412.8082,A
9108,1,03/28/23,17:15,10,0,7844.1072,E
9108,1,03/28/23,17:15,11,0,5418.174,E
9108,1,03/28/23,17:15,12,1,7062.1146,D
9108,1,03/28/23,17:15,13,0,4997.839,B
9108,1,03/28/23,17:15,14,0,3993.3169,A
9108,1,03/28/23,17:15,15,0,3547.5485,E
9109,1,03/29/23,10:43,1,1,825.1216,A
9109,1,03/29/23,10:43,2,0,662.6714,E
9109,1,03/29/23,10:43,3,0,448.0501,C
9109,1,03/29/23,10:43,4,0,575.6649,A
9109,1,03/29/23,10:43,5,0,498.6517,D
9109,1,03/29/23,10:43,6,0,441.3729,B
9109,1,03/29/23,10:43,7,0,473.501,E
9109,1,03/29/23,10:43,8,0,564.6428,A
9109,1,03/29/23,10:43,9,0,564.6428,A
9109,1,03/29/23,10:43,10,0,629.8773,A
9109,1,03/29/23,10:43,11,0,451.4338,E
9109,1,03/29/23,10:43,12,0,674.5152,B
9109,1,03/29/23,10:43,13,0,510.824,E
9109,1,03/29/23,10:43,14,0,767.947,A
9109,1,03/29/23,10:43,15,1,762.4682,C
9110,1,03/29/23,11:09,1,1,6263.893,A
9110,1,03/29/23,11:09,2,1,25493.716,D
9110,1,03/29/23,11:09,3,0,28755.1145,B
9110,1,03/29/23,11:09,4,1,10574.328,C
9110,1,03/29/23,11:09,5,1,20279.4857,B
9110,1,03/29/23,11:09,6,1,20279.4857,B
9110,1,03/29/23,11:09,7,0,32582.5637,A
9110,1,03/29/23,11:09,8,0,2212.9955,C
9110,1,03/29/23,11:09,9,1,2332.4329,E
9110,1,03/29/23,11:09,10,1,2332.4329,E
9110,1,03/29/23,11:09,11,0,2163.0593,B
9110,1,03/29/23,11:09,12,0,13082.4962,E
9110,1,03/29/23,11:09,13,1,10751.0657,A
9110,1,03/29/23,11:09,14,1,7573.8588,C
9110,1,03/29/23,11:09,15,1,7573.8588,C
9112,1,03/29/23,13:54,1,1,15980.3151,A
9112,1,03/29/23,13:54,2,0,11553.8009,E
9112,1,03/29/23,13:54,3,0,19462.5393,A
9112,1,03/29/23,13:54,4,0,15003.2514,E
9112,1,03/29/23,13:54,5,1,15441.0475,B
9112,1,03/29/23,13:54,6,1,9656.5505,C
9112,1,03/29/23,13:54,7,0,25414.6349,C
9112,1,03/29/23,13:54,8,0,49528.4301,A
9112,1,03/29/23,13:54,9,1,22163.2279,E
9112,1,03/29/23,13:54,10,1,6955.6491,D
9112,1,03/29/23,13:54,11,1,9596.4131,A
9112,1,03/29/23,13:54,12,1,29712.7215,D
9112,1,03/29/23,13:54,13,1,23039.1241,A
9112,1,03/29/23,13:54,14,0,23056.9898,B
9112,1,03/29/23,13:54,15,0,0,B
9114,1,03/29/23,16:44,1,1,9395.2266,A
9114,1,03/29/23,16:44,2,1,18997.6165,D
9114,1,03/29/23,16:44,3,0,9900.9971,A
9114,1,03/29/23,16:44,4,1,3732.3372,C
9114,1,03/29/23,16:44,5,1,23712.9091,B
9114,1,03/29/23,16:44,6,0,15026.9734,D
9114,1,03/29/23,16:44,7,1,23736.0983,B
9114,1,03/29/23,16:44,8,0,4219.7919,E
9114,1,03/29/23,16:44,9,0,834.8717,A
9114,1,03/29/23,16:44,10,0,470.9298,C
9114,1,03/29/23,16:44,11,0,4675.1317,E
9114,1,03/29/23,16:44,12,0,5147.3532,E
9114,1,03/29/23,16:44,13,0,2324.6216,B
9114,1,03/29/23,16:44,14,0,1059.6977,D
9114,1,03/29/23,16:44,15,0,1121.0689,A
9115,1,03/30/23,13:56,1,1,9370.3081,A
9115,1,03/30/23,13:56,2,0,12896.3745,E
9115,1,03/30/23,13:56,3,0,25486.504,C
9115,1,03/30/23,13:56,4,0,25486.504,C
9115,1,03/30/23,13:56,5,0,6737.9352,A
9115,1,03/30/23,13:56,6,1,19622.7181,C
9115,1,03/30/23,13:56,7,0,16540.6217,C
9115,1,03/30/23,13:56,8,0,17691.7643,C
9115,1,03/30/23,13:56,9,0,4702.3804,D
9115,1,03/30/23,13:56,10,0,4702.3804,D
9115,1,03/30/23,13:56,11,0,4702.3804,D
9115,1,03/30/23,13:56,12,0,4702.3804,D
9115,1,03/30/23,13:56,13,0,4702.3804,D
9115,1,03/30/23,13:56,14,0,10474.0951,A
9115,1,03/30/23,13:56,15,0,10474.0951,A
9116,1,03/30/23,14:04,1,1,42854.8616,A
9116,1,03/30/23,14:04,2,1,44273.7775,D
9116,1,03/30/23,14:04,3,0,64844.2841,E
9116,1,03/30/23,14:04,4,1,56713.7032,C
9116,1,03/30/23,14:04,5,1,15797.0665,B
9116,1,03/30/23,14:04,6,1,12068.2108,C
9116,1,03/30/23,14:04,7,0,0,C
9117,1,03/30/23,17:02,1,1,11012.1693,A
9117,1,03/30/23,17:02,2,1,11012.1693,A
9117,1,03/30/23,17:02,3,0,27550.1805,A
9117,1,03/30/23,17:02,4,1,9650.045,C
9117,1,03/30/23,17:02,5,1,36291.8575,B
9117,1,03/30/23,17:02,6,1,41836.5413,C
9117,1,03/30/23,17:02,7,1,26561.2999,B
9117,1,03/30/23,17:02,8,1,38788.549,D
9117,1,03/30/23,17:02,9,1,12672.7672,E
9117,1,03/30/23,17:02,10,0,25523.47,E
9117,1,03/30/23,17:02,11,1,21119.1982,A
9117,1,03/30/23,17:02,12,1,16448.4831,D
9117,1,03/30/23,17:02,13,0,0,D
9118,1,03/30/23,17:01,1,1,3833.7089,A
9118,1,03/30/23,17:01,2,0,5672.0414,A
9118,1,03/30/23,17:01,3,0,8749.9971,A
9118,1,03/30/23,17:01,4,0,12196.6033,E
9118,1,03/30/23,17:01,5,1,9357.2737,B
9118,1,03/30/23,17:01,6,1,9837.3284,C
9118,1,03/30/23,17:01,7,0,12701.063,A
9118,1,03/30/23,17:01,8,1,14609.4328,D
9118,1,03/30/23,17:01,9,1,10821.2668,E
9118,1,03/30/23,17:01,10,1,143810.225,D
9118,1,03/30/23,17:01,11,0,11955.2577,B
9118,1,03/30/23,17:01,12,0,11955.2577,B
9118,1,03/30/23,17:01,13,0,8869.2807,C
9118,1,03/30/23,17:01,14,1,9350.0208,C
9118,1,03/30/23,17:01,15,0,12007.0165,A
9121,1,04/07/23,11:30,1,1,8583.9637,A
9121,1,04/07/23,11:30,2,0,22587.784,A
9121,1,04/07/23,11:30,3,0,11423.2802,A
9121,1,04/07/23,11:30,4,1,14641.1227,C
9121,1,04/07/23,11:30,5,0,10769.6057,C
9121,1,04/07/23,11:30,6,1,15522.5924,C
9121,1,04/07/23,11:30,7,0,24720.4779,C
9121,1,04/07/23,11:30,8,0,12036.9116,C
9121,1,04/07/23,11:30,9,0,55007.9787,C
9121,1,04/07/23,11:30,10,1,17801.2912,D
9121,1,04/07/23,11:30,11,1,13059.0033,A
9121,1,04/07/23,11:30,12,0,28897.2456,C
9121,1,04/07/23,11:30,13,0,3419.8314,C
9121,1,04/07/23,11:30,14,0,2548.52,A
9121,1,04/07/23,11:30,15,0,2631.1484,E
9122,1,03/31/23,14:03,1,1,18640.6658,A
9122,1,03/31/23,14:03,2,1,18640.6658,A
9122,1,03/31/23,14:03,3,0,6172.8843,A
9122,1,03/31/23,14:03,4,1,35214.8994,C
9122,1,03/31/23,14:03,5,1,23676.469,B
9122,1,03/31/23,14:03,6,1,6986.1247,C
9122,1,03/31/23,14:03,7,1,9277.3001,B
9122,1,03/31/23,14:03,8,0,6924.9156,B
9122,1,03/31/23,14:03,9,0,11205.2343,D
9122,1,03/31/23,14:03,10,0,11205.2343,D
9122,1,03/31/23,14:03,11,1,16318.0565,A
9122,1,03/31/23,14:03,12,1,10042.4391,D
9122,1,03/31/23,14:03,13,0,8678.7122,C
9122,1,03/31/23,14:03,14,1,17909.8771,C
9122,1,03/31/23,14:03,15,0,18843.998200000002,E
9123,1,03/31/23,14:02,1,1,9110.1168,A
9123,1,03/31/23,14:02,2,1,17457.5344,D
9123,1,03/31/23,14:02,3,0,39289.1369,A
9123,1,03/31/23,14:02,4,1,14629.2632,C
9123,1,03/31/23,14:02,5,1,29268.2866,B
9123,1,03/31/23,14:02,6,1,14707.8919,C
9123,1,03/31/23,14:02,7,1,24236.5612,B
9123,1,03/31/23,14:02,8,1,24236.5612,B
9123,1,03/31/23,14:02,9,0,22891.3216,A
9123,1,03/31/23,14:02,10,0,22891.3216,A
9123,1,03/31/23,14:02,11,0,0,A
9124,1,03/31/23,17:02,1,1,17156.927,A
9124,1,03/31/23,17:02,2,1,22175.2613,D
9124,1,03/31/23,17:02,3,0,36555.8917,E
9124,1,03/31/23,17:02,4,0,35795.6531,A
9124,1,03/31/23,17:02,5,1,20134.1867,B
9124,1,03/31/23,17:02,6,1,19006.2803,C
9124,1,03/31/23,17:02,7,1,19006.2803,C
9124,1,03/31/23,17:02,8,0,10484.0736,B
9124,1,03/31/23,17:02,9,1,9484.2806,E
9124,1,03/31/23,17:02,10,1,23642.6968,D
9124,1,03/31/23,17:02,11,1,18506.1168,A
9124,1,03/31/23,17:02,12,0,19113.6954,C
9124,1,03/31/23,17:02,13,1,10909.6514,A
9124,1,03/31/23,17:02,14,0,21196.0551,E
9124,1,03/31/23,17:02,15,1,8242.324,C
9125,1,03/31/23,16:54,1,1,18132.6283,A
9125,1,03/31/23,16:54,2,1,22465.7289,D
9125,1,03/31/23,16:54,3,0,26759.3058,A
9125,1,03/31/23,16:54,4,1,42305.3559,C
9125,1,03/31/23,16:54,5,1,15153.1537,B
9125,1,03/31/23,16:54,6,1,7626.1506,C
9125,1,03/31/23,16:54,7,1,39492.554,B
9125,1,03/31/23,16:54,8,0,14419.9364,B
9125,1,03/31/23,16:54,9,0,14419.9364,B
9125,1,03/31/23,16:54,10,1,19025.7612,D
9125,1,03/31/23,16:54,11,0,16692.2416,D
9125,1,03/31/23,16:54,12,1,29946.2201,D
9125,1,03/31/23,16:54,13,1,12491.265,A
9125,1,03/31/23,16:54,14,0,0,A
9126,1,04/03/23,16:56,1,1,14322.6794,A
9126,1,04/03/23,16:56,2,1,14322.6794,A
9126,1,04/03/23,16:56,3,0,79890.8436,B
9126,1,04/03/23,16:56,4,1,26159.3073,C
9126,1,04/03/23,16:56,5,1,10778.5074,B
9126,1,04/03/23,16:56,6,1,13092.6484,C
9126,1,04/03/23,16:56,7,1,21581.883,B
9126,1,04/03/23,16:56,8,1,33971.1211,D
9126,1,04/03/23,16:56,9,0,0,D
9127,1,06/12/23,16:42,1,1,5947.0326,A
9127,1,06/12/23,16:42,2,1,14046.1647,D
9127,1,06/12/23,16:42,3,1,14046.1647,D
9127,1,06/12/23,16:42,4,1,6462.6093,C
9127,1,06/12/23,16:42,5,1,11914.8645,B
9127,1,06/12/23,16:42,6,1,8317.9485,C
9127,1,06/12/23,16:42,7,0,5426.241,C
9127,1,06/12/23,16:42,8,0,5916.7224,B
9127,1,06/12/23,16:42,9,0,6012.6617,B
9127,1,06/12/23,16:42,10,0,15968.8317,C
9127,1,06/12/23,16:42,11,0,2534.9234,C
9127,1,06/12/23,16:42,12,0,10316.6157,E
9127,1,06/12/23,16:42,13,1,2309.8561,A
9127,1,06/12/23,16:42,14,0,1552.4454,B
9127,1,06/12/23,16:42,15,1,1009.1589,C
9128,1,06/12/23,16:58,1,1,9909.6424,A
9128,1,06/12/23,16:58,2,0,10676.9246,E
9128,1,06/12/23,16:58,3,0,14184.8337,A
9128,1,06/12/23,16:58,4,0,15595.0957,B
9128,1,06/12/23,16:58,5,0,15656.8797,E
9128,1,06/12/23,16:58,6,1,10213.4045,C
9128,1,06/12/23,16:58,7,1,10213.4045,C
9128,1,06/12/23,16:58,8,0,6407.5988,C
9128,1,06/12/23,16:58,9,0,2736.4716,A
9128,1,06/12/23,16:58,10,0,1712.5828,C
9128,1,06/12/23,16:58,11,0,4665.386,E
9128,1,06/12/23,16:58,12,1,2224.92,D
9128,1,06/12/23,16:58,13,1,4623.2428,A
9128,1,06/12/23,16:58,14,0,6965.3391,D
9128,1,06/12/23,16:58,15,0,2033.2556,A
9130,1,06/16/23,11:29,1,1,10413.0451,A
9130,1,06/16/23,11:29,2,0,35156.3003,E
9130,1,06/16/23,11:29,3,0,11970.5351,A
9130,1,06/16/23,11:29,4,1,16416.7899,C
9130,1,06/16/23,11:29,5,0,14825.5364,C
9130,1,06/16/23,11:29,6,1,10566.1781,C
9130,1,06/16/23,11:29,7,0,12008.5267,D
9130,1,06/16/23,11:29,8,0,6999.6366,C
9130,1,06/16/23,11:29,9,1,6864.1398,E
9130,1,06/16/23,11:29,10,0,8382.7021,B
9130,1,06/16/23,11:29,11,1,7148.4374,A
9130,1,06/16/23,11:29,12,1,7473.2733,D
9130,1,06/16/23,11:29,13,0,8424.6779,C
9130,1,06/16/23,11:29,14,0,4490.9485,A
9130,1,06/16/23,11:29,15,1,1858.7743,C
9131,1,06/16/23,13:37,1,1,5264.9284,A
9131,1,06/16/23,13:37,2,1,17214.1464,D
9131,1,06/16/23,13:37,3,0,14096.7891,C
9131,1,06/16/23,13:37,4,1,15685.9395,C
9131,1,06/16/23,13:37,5,1,11740.84,B
9131,1,06/16/23,13:37,6,0,11253.0131,E
9131,1,06/16/23,13:37,7,0,15382.6472,E
9131,1,06/16/23,13:37,8,0,11421.3889,C
9131,1,06/16/23,13:37,9,0,15624.6822,C
9131,1,06/16/23,13:37,10,0,13203.3443,C
9131,1,06/16/23,13:37,11,1,10652.9725,A
9131,1,06/16/23,13:37,12,1,17904.8893,D
9131,1,06/16/23,13:37,13,1,6655.0178,A
9131,1,06/16/23,13:37,14,0,7662.6141,E
9131,1,06/16/23,13:37,15,0,11495.765,A
9132,1,06/16/23,17:05,1,1,14027.3715,A
9132,1,06/16/23,17:05,2,1,8528.6101,D
9132,1,06/16/23,17:05,3,0,35188.2768,E
9132,1,06/16/23,17:05,4,1,11731.7832,C
9132,1,06/16/23,17:05,5,1,21671.1078,B
9132,1,06/16/23,17:05,6,1,11896.035,C
9132,1,06/16/23,17:05,7,1,16859.546,B
9132,1,06/16/23,17:05,8,1,23384.5388,D
9132,1,06/16/23,17:05,9,1,10170.0967,E
9132,1,06/16/23,17:05,10,0,12025.1517,E
9132,1,06/16/23,17:05,11,1,50166.6179,A
9132,1,06/16/23,17:05,12,1,11917.5875,D
9132,1,06/16/23,17:05,13,0,29056.496,E
9132,1,06/16/23,17:05,14,0,37956.4053,B
9132,1,06/16/23,17:05,15,0,0,B
9133,1,06/20/23,13:58,1,1,7826.9721,A
9133,1,06/20/23,13:58,2,1,15107.6925,D
9133,1,06/20/23,13:58,3,0,29772.4589,A
9133,1,06/20/23,13:58,4,1,27844.8232,C
9133,1,06/20/23,13:58,5,1,25586.3979,B
9133,1,06/20/23,13:58,6,1,14660.7135,C
9133,1,06/20/23,13:58,7,1,13131.2235,B
9133,1,06/20/23,13:58,8,1,29249.6718,D
9133,1,06/20/23,13:58,9,1,29249.6718,D
9133,1,06/20/23,13:58,10,1,29249.6718,D
9133,1,06/20/23,13:58,11,1,15727.1975,A
9133,1,06/20/23,13:58,12,0,23897.0304,E
9133,1,06/20/23,13:58,13,1,9039.7834,A
9133,1,06/20/23,13:58,14,0,53321.3941,D
9133,1,06/20/23,13:58,15,0,0,D
9134,1,06/21/23,13:50,1,1,25341.6056,A
9134,1,06/21/23,13:50,2,1,7626.4055,D
9134,1,06/21/23,13:50,3,0,8851.3382,C
9134,1,06/21/23,13:50,4,1,6097.8432,C
9134,1,06/21/23,13:50,5,0,16114.9748,E
9134,1,06/21/23,13:50,6,0,16656.1571,E
9134,1,06/21/23,13:50,7,1,6459.4369,B
9134,1,06/21/23,13:50,8,0,9804.48,E
9134,1,06/21/23,13:50,9,0,9932.1947,C
9134,1,06/21/23,13:50,10,0,16530.6137,C
9134,1,06/21/23,13:50,11,0,5401.33,C
9134,1,06/21/23,13:50,12,1,4460.246,D
9134,1,06/21/23,13:50,13,0,9873.5271,E
9134,1,06/21/23,13:50,14,0,6696.4111,B
9134,1,06/21/23,13:50,15,0,4549.8992,B
9135,1,07/06/23,13:50,1,1,14915.8719,A
9135,1,07/06/23,13:50,2,0,10119.9325,E
9135,1,07/06/23,13:50,3,0,104974.0973,A
9135,1,07/06/23,13:50,4,1,17345.6777,C
9135,1,07/06/23,13:50,5,1,14840.7615,B
9135,1,07/06/23,13:50,6,1,10219.9253,C
9135,1,07/06/23,13:50,7,1,9247.2184,B
9135,1,07/06/23,13:50,8,1,78836.9797,D
9135,1,07/06/23,13:50,9,1,14609.7287,E
9135,1,07/06/23,13:50,10,0,18188.0642,E
9135,1,07/06/23,13:50,11,0,0,E
9136,1,07/07/23,17:24,1,0,16457.2395,C
9136,1,07/07/23,17:24,2,0,7126.6869,A
9136,1,07/07/23,17:24,3,0,1960.8194,A
9136,1,07/07/23,17:24,4,0,15696.6222,D
9136,1,07/07/23,17:24,5,0,20121.651,A
9136,1,07/07/23,17:24,6,0,11969.6831,E
9136,1,07/07/23,17:24,7,0,12718.7421,E
9136,1,07/07/23,17:24,8,0,23397.6938,C
9136,1,07/07/23,17:24,9,0,5358.35,B
9136,1,07/07/23,17:24,10,0,1681.6583,B
9136,1,07/07/23,17:24,11,0,3404.0894,D
9136,1,07/07/23,17:24,12,1,9371.4378,D
9136,1,07/07/23,17:24,13,0,5662.1753,B
9136,1,07/07/23,17:24,14,0,39292.5041,D
9136,1,07/07/23,17:24,15,0,5821.1689,E
9137,1,09/11/23,11:01,1,1,4955.9,A
9137,1,09/11/23,11:01,2,0,30987.0678,B
9137,1,09/11/23,11:01,3,0,20397.8632,A
9137,1,09/11/23,11:01,4,0,20397.8632,A
9137,1,09/11/23,11:01,5,1,14080.3635,B
9137,1,09/11/23,11:01,6,1,17944.6132,C
9137,1,09/11/23,11:01,7,0,14241.1621,E
9137,1,09/11/23,11:01,8,0,5155.987,C
9137,1,09/11/23,11:01,9,1,2492.8879,E
9137,1,09/11/23,11:01,10,0,1855.8748,E
9137,1,09/11/23,11:01,11,0,2544.6749,C
9137,1,09/11/23,11:01,12,1,1887.7814,D
9137,1,09/11/23,11:01,13,0,3856.3169,B
9137,1,09/11/23,11:01,14,0,13439.9247,A
9137,1,09/11/23,11:01,15,0,13439.9247,A
9138,1,09/11/23,11:35,1,0,13622.123,E
9138,1,09/11/23,11:35,2,0,8707.6436,E
9138,1,09/11/23,11:35,3,0,8494.7846,C
9138,1,09/11/23,11:35,4,0,5573.3406,D
9138,1,09/11/23,11:35,5,1,15777.0128,B
9138,1,09/11/23,11:35,6,1,8020.2794,C
9138,1,09/11/23,11:35,7,1,5285.7239,B
9138,1,09/11/23,11:35,8,1,9191.3831,D
9138,1,09/11/23,11:35,9,1,9522.2474,E
9138,1,09/11/23,11:35,10,1,14351.3238,D
9138,1,09/11/23,11:35,11,1,17215.3887,A
9138,1,09/11/23,11:35,12,1,8316.3471,D
9138,1,09/11/23,11:35,13,0,17209.6154,E
9138,1,09/11/23,11:35,14,0,27429.652,E
9138,1,09/11/23,11:35,15,0,15544.3202,D
9139,1,09/11/23,11:18,1,1,19182.2815,A
9139,1,09/11/23,11:18,2,1,19227.5895,D
9139,1,09/11/23,11:18,3,0,12874.7021,A
9139,1,09/11/23,11:18,4,0,8894.1197,B
9139,1,09/11/23,11:18,5,0,8894.1197,B
9139,1,09/11/23,11:18,6,0,18074.4278,E
9139,1,09/11/23,11:18,7,0,3481.9873,A
9139,1,09/11/23,11:18,8,1,4532.6436,D
9139,1,09/11/23,11:18,9,0,10153.3536,D
9139,1,09/11/23,11:18,10,0,28694.3764,B
9139,1,09/11/23,11:18,11,0,10862.7014,B
9139,1,09/11/23,11:18,12,0,17529.0691,E
9139,1,09/11/23,11:18,13,1,8139.0326,A
9139,1,09/11/23,11:18,14,1,8852.1315,C
9139,1,09/11/23,11:18,15,0,11022.86,E
9140,1,09/11/23,14:03,1,1,10672.7713,A
9140,1,09/11/23,14:03,2,0,12561.7744,E
9140,1,09/11/23,14:03,3,0,3890.2298,E
9140,1,09/11/23,14:03,4,1,1062.5719,C
9140,1,09/11/23,14:03,5,1,15267.6534,B
9140,1,09/11/23,14:03,6,0,23235.6131,E
9140,1,09/11/23,14:03,7,0,7112.6117,C
9140,1,09/11/23,14:03,8,0,5245.7789,A
9140,1,09/11/23,14:03,9,1,2274.2607,E
9140,1,09/11/23,14:03,10,1,2274.2607,E
9140,1,09/11/23,14:03,11,0,9167.1862,B
9140,1,09/11/23,14:03,12,0,9167.1862,B
9140,1,09/11/23,14:03,13,0,3969.3778,E
9140,1,09/11/23,14:03,14,1,14301.1209,C
9140,1,09/11/23,14:03,15,0,1502.4964,B
9141,1,09/11/23,14:18,1,1,5969.8203,A
9141,1,09/11/23,14:18,2,0,9877.4069,A
9141,1,09/11/23,14:18,3,0,9877.4069,A
9141,1,09/11/23,14:18,4,1,18237.4469,C
9141,1,09/11/23,14:18,5,1,17068.0775,B
9141,1,09/11/23,14:18,6,1,8234.1662,C
9141,1,09/11/23,14:18,7,0,24245.8122,A
9141,1,09/11/23,14:18,8,0,15485.811600000001,A
9141,1,09/11/23,14:18,9,1,7556.3512,E
9141,1,09/11/23,14:18,10,0,13142.9949,E
9141,1,09/11/23,14:18,11,0,13142.9949,E
9141,1,09/11/23,14:18,12,0,11929.5311,E
9141,1,09/11/23,14:18,13,1,4901.281,A
9141,1,09/11/23,14:18,14,1,4901.281,A
9141,1,09/11/23,14:18,15,0,10923.5982,A
9142,1,09/11/23,14:30,1,1,10736.9553,A
9142,1,09/11/23,14:30,2,1,9170.2657,D
9142,1,09/11/23,14:30,3,0,31139.9377,A
9142,1,09/11/23,14:30,4,0,9117.8946,E
9142,1,09/11/23,14:30,5,0,16756.9375,C
9142,1,09/11/23,14:30,6,1,10586.8724,C
9142,1,09/11/23,14:30,7,0,23387.113,E
9142,1,09/11/23,14:30,8,0,13534.3015,B
9142,1,09/11/23,14:30,9,1,5978.6319,E
9142,1,09/11/23,14:30,10,0,31946.9391,E
9142,1,09/11/23,14:30,11,0,31946.9391,E
9142,1,09/11/23,14:30,12,0,35572.5078,E
9142,1,09/11/23,14:30,13,0,27938.4374,E
9142,1,09/11/23,14:30,14,0,30364.5497,E
9142,1,09/11/23,14:30,15,0,30364.5497,E
9143,1,09/11/23,16:49,1,1,8847.5572,A
9143,1,09/11/23,16:49,2,1,8847.5572,A
9143,1,09/11/23,16:49,3,0,27574.7481,A
9143,1,09/11/23,16:49,4,1,20747.3961,C
9143,1,09/11/23,16:49,5,1,28870.2421,B
9143,1,09/11/23,16:49,6,1,11024.4726,C
9143,1,09/11/23,16:49,7,0,17339.7415,A
9143,1,09/11/23,16:49,8,1,15298.2513,D
9143,1,09/11/23,16:49,9,1,24949.7208,E
9143,1,09/11/23,16:49,10,0,15424.7578,E
9143,1,09/11/23,16:49,11,0,15680.8523,B
9143,1,09/11/23,16:49,12,0,42860.7055,E
9143,1,09/11/23,16:49,13,1,12257.615,A
9143,1,09/11/23,16:49,14,0,0,A
9144,1,09/11/23,16:55,1,1,7123.0309,A
9144,1,09/11/23,16:55,2,1,15800.4346,D
9144,1,09/11/23,16:55,3,0,21216.3873,A
9144,1,09/11/23,16:55,4,1,10136.5503,C
9144,1,09/11/23,16:55,5,1,24392.0729,B
9144,1,09/11/23,16:55,6,0,31154.646,D
9144,1,09/11/23,16:55,7,1,25990.0485,B
9144,1,09/11/23,16:55,8,0,20374.3765,E
9144,1,09/11/23,16:55,9,1,22645.7385,E
9144,1,09/11/23,16:55,10,0,9664.8208,E
9144,1,09/11/23,16:55,11,1,14483.177,A
9144,1,09/11/23,16:55,12,1,7672.163,D
9144,1,09/11/23,16:55,13,0,29608.794,C
9144,1,09/11/23,16:55,14,1,21888.7607,C
9144,1,09/11/23,16:55,15,0,14132.8159,A
9145,1,09/11/23,17:00,1,1,8731.9291,A
9145,1,09/11/23,17:00,2,0,12774.5067,E
9145,1,09/11/23,17:00,3,0,71526.2252,A
9145,1,09/11/23,17:00,4,0,20230.1426,A
9145,1,09/11/23,17:00,5,1,15017.2005,B
9145,1,09/11/23,17:00,6,1,62279.2834,C
9145,1,09/11/23,17:00,7,1,37404.6634,B
9145,1,09/11/23,17:00,8,1,33508.3594,D
9145,1,09/11/23,17:00,9,1,23391.483,E
9145,1,09/11/23,17:00,10,1,12226.227,D
9145,1,09/11/23,17:00,11,0,0,D
9146,1,09/12/23,10:47,1,1,9762.3543,A
9146,1,09/12/23,10:47,2,1,14930.9164,D
9146,1,09/12/23,10:47,3,0,12235.3649,B
9146,1,09/12/23,10:47,4,1,17626.492,C
9146,1,09/12/23,10:47,5,0,12919.1669,C
9146,1,09/12/23,10:47,6,1,8498.4116,C
9146,1,09/12/23,10:47,7,0,12363.9895,A
9146,1,09/12/23,10:47,8,1,19489.6513,D
9146,1,09/12/23,10:47,9,1,8391.8628,E
9146,1,09/12/23,10:47,10,0,11806.028,E
9146,1,09/12/23,10:47,11,1,11324.0336,A
9146,1,09/12/23,10:47,12,1,11324.0336,A
9146,1,09/12/23,10:47,13,1,21158.0387,A
9146,1,09/12/23,10:47,14,1,28777.0532,C
9146,1,09/12/23,10:47,15,0,26826.8395,A
9147,1,09/12/23,11:05,1,1,6695.1572,A
9147,1,09/12/23,11:05,2,0,13711.4244,E
9147,1,09/12/23,11:05,3,0,27761.5373,A
9147,1,09/12/23,11:05,4,0,70677.9982,A
9147,1,09/12/23,11:05,5,1,46486.5385,B
9147,1,09/12/23,11:05,6,1,37897.1306,C
9147,1,09/12/23,11:05,7,0,24707.0298,E
9147,1,09/12/23,11:05,8,1,51793.6417,D
9147,1,09/12/23,11:05,9,0,0,D
9148,1,09/12/23,11:06,1,1,7513.2634,A
9148,1,09/12/23,11:06,2,1,7513.2634,A
9148,1,09/12/23,11:06,3,0,20751.8639,B
9148,1,09/12/23,11:06,4,1,10505.8243,C
9148,1,09/12/23,11:06,5,0,41539.1562,E
9148,1,09/12/23,11:06,6,0,29735.6383,E
9148,1,09/12/23,11:06,7,1,35124.075,B
9148,1,09/12/23,11:06,8,0,11398.8619,B
9148,1,09/12/23,11:06,9,0,18470.1234,A
9148,1,09/12/23,11:06,10,0,33355.2063,E
9148,1,09/12/23,11:06,11,1,11366.5033,A
9148,1,09/12/23,11:06,12,1,11366.5033,A
9148,1,09/12/23,11:06,13,1,22721.9302,A
9148,1,09/12/23,11:06,14,0,0,A
9149,1,09/12/23,14:12,1,0,1213.7624,C
9149,1,09/12/23,14:12,2,0,1345.2912,B
9149,1,09/12/23,14:12,3,0,305.3579,B
9149,1,09/12/23,14:12,4,0,1653.5059,D
9149,1,09/12/23,14:12,5,0,287.323,C
9149,1,09/12/23,14:12,6,0,1021.21,D
9149,1,09/12/23,14:12,7,0,381.4528,C
9149,1,09/12/23,14:12,8,0,4066.4855,C
9149,1,09/12/23,14:12,9,0,263.1191,D
9149,1,09/12/23,14:12,10,0,404.3409,E
9149,1,09/12/23,14:12,11,0,14051.9332,E
9149,1,09/12/23,14:12,12,0,18821.5143,C
9149,1,09/12/23,14:12,13,0,5166.9449,B
9149,1,09/12/23,14:12,14,0,2090.8031,E
9149,1,09/12/23,14:12,15,0,5549.5628,B
9150,1,09/12/23,13:56,1,0,23146.3941,E
9150,1,09/12/23,13:56,2,0,10675.7299,A
9150,1,09/12/23,13:56,3,0,9073.2924,A
9150,1,09/12/23,13:56,4,0,13648.4221,A
9150,1,09/12/23,13:56,5,0,22461.6686,E
9150,1,09/12/23,13:56,6,1,10960.3142,C
9150,1,09/12/23,13:56,7,0,9890.922,C
9150,1,09/12/23,13:56,8,0,4840.7775,E
9150,1,09/12/23,13:56,9,0,2747.6349,A
9150,1,09/12/23,13:56,10,1,3402.2525,D
9150,1,09/12/23,13:56,11,0,5255.902,D
9150,1,09/12/23,13:56,12,0,10008.8804,E
9150,1,09/12/23,13:56,13,1,9128.4951,A
9150,1,09/12/23,13:56,14,0,10355.7984,E
9150,1,09/12/23,13:56,15,0,3628.5427,E
9151,1,09/12/23,13:51,1,1,6289.9988,A
9151,1,09/12/23,13:51,2,1,12421.5848,D
9151,1,09/12/23,13:51,3,0,25452.0479,B
9151,1,09/12/23,13:51,4,0,16646.9821,D
9151,1,09/12/23,13:51,5,1,27858.4346,B
9151,1,09/12/23,13:51,6,1,14917.6943,C
9151,1,09/12/23,13:51,7,0,16096.4232,A
9151,1,09/12/23,13:51,8,0,6320.6196,E
9151,1,09/12/23,13:51,9,0,6320.6196,E
9151,1,09/12/23,13:51,10,1,18329.6367,D
9151,1,09/12/23,13:51,11,0,19680.9787,B
9151,1,09/12/23,13:51,12,1,9160.2685,D
9151,1,09/12/23,13:51,13,1,6525.8812,A
9151,1,09/12/23,13:51,14,0,13535.9609,A
9151,1,09/12/23,13:51,15,1,28785.8428,C
9152,1,09/12/23,17:02,1,0,26606.9641,C
9152,1,09/12/23,17:02,2,1,6993.7284,D
9152,1,09/12/23,17:02,3,0,39328.5657,B
9152,1,09/12/23,17:02,4,0,46965.4192,D
9152,1,09/12/23,17:02,5,1,14611.9915,B
9152,1,09/12/23,17:02,6,1,12719.531,C
9152,1,09/12/23,17:02,7,1,21335.3913,B
9152,1,09/12/23,17:02,8,0,51301.6251,E
9152,1,09/12/23,17:02,9,0,47872.9428,C
9152,1,09/12/23,17:02,10,0,26287.5487,C
9152,1,09/12/23,17:02,11,0,0,C
9154,1,09/13/23,11:06,1,1,15867.2901,A
9154,1,09/13/23,11:06,2,1,7491.7515,D
9154,1,09/13/23,11:06,3,0,9146.4546,B
9154,1,09/13/23,11:06,4,0,9146.4546,B
9154,1,09/13/23,11:06,5,1,43549.5431,B
9154,1,09/13/23,11:06,6,1,8564.5328,C
9154,1,09/13/23,11:06,7,1,10002.9042,B
9154,1,09/13/23,11:06,8,1,10002.9042,B
9154,1,09/13/23,11:06,9,0,15732.7227,C
9154,1,09/13/23,11:06,10,0,21474.4327,B
9154,1,09/13/23,11:06,11,0,19531.8924,B
9154,1,09/13/23,11:06,12,0,19531.8924,B
9154,1,09/13/23,11:06,13,1,8887.1926,A
9154,1,09/13/23,11:06,14,1,18762.3578,C
9154,1,09/13/23,11:06,15,0,4985.7137,B
9156,1,09/13/23,14:05,1,1,8428.4717,A
9156,1,09/13/23,14:05,2,1,8428.4717,A
9156,1,09/13/23,14:05,3,0,5165.3626,A
9156,1,09/13/23,14:05,4,1,15251.3857,C
9156,1,09/13/23,14:05,5,0,12742.5026,E
9156,1,09/13/23,14:05,6,1,9706.2779,C
9156,1,09/13/23,14:05,7,0,4264.2351,C
9156,1,09/13/23,14:05,8,0,8155.5704,B
9156,1,09/13/23,14:05,9,1,13038.6474,E
9156,1,09/13/23,14:05,10,1,16982.3786,D
9156,1,09/13/23,14:05,11,1,19202.4086,A
9156,1,09/13/23,14:05,12,0,5235.307,E
9156,1,09/13/23,14:05,13,1,5770.2399,A
9156,1,09/13/23,14:05,14,1,5770.2399,A
9156,1,09/13/23,14:05,15,1,3724.2248,C
9157,1,09/13/23,14:14,1,1,7702.4081,A
9157,1,09/13/23,14:14,2,1,9804.2604,D
9157,1,09/13/23,14:14,3,0,11704.0555,C
9157,1,09/13/23,14:14,4,1,14813.9274,C
9157,1,09/13/23,14:14,5,1,15518.1536,B
9157,1,09/13/23,14:14,6,1,14313.6779,C
9157,1,09/13/23,14:14,7,1,8352.3486,B
9157,1,09/13/23,14:14,8,1,30213.1437,D
9157,1,09/13/23,14:14,9,0,6083.9609,B
9157,1,09/13/23,14:14,10,0,16238.3937,E
9157,1,09/13/23,14:14,11,0,13764.6703,B
9157,1,09/13/23,14:14,12,0,6174.3833,E
9157,1,09/13/23,14:14,13,0,6653.7363,D
9157,1,09/13/23,14:14,14,0,2804.5481,D
9157,1,09/13/23,14:14,15,0,8179.8756,E
9158,1,09/13/23,16:49,1,1,7874.7333,A
9158,1,09/13/23,16:49,2,0,17167.3323,C
9158,1,09/13/23,16:49,3,0,13242.0965,A
9158,1,09/13/23,16:49,4,0,18469.129,B
9158,1,09/13/23,16:49,5,1,10368.7283,B
9158,1,09/13/23,16:49,6,1,10368.7283,B
9158,1,09/13/23,16:49,7,0,21225.8641,A
9158,1,09/13/23,16:49,8,1,18764.6279,D
9158,1,09/13/23,16:49,9,0,14803.1649,A
9158,1,09/13/23,16:49,10,1,26499.5759,D
9158,1,09/13/23,16:49,11,1,7375.6891,A
9158,1,09/13/23,16:49,12,1,7375.6891,A
9158,1,09/13/23,16:49,13,1,9586.6241000000009,A
9158,1,09/13/23,16:49,14,0,23620.9876,D
9158,1,09/13/23,16:49,15,0,15560.2535,D
9159,1,09/13/23,17:14,1,0,9232.4874,E
9159,1,09/13/23,17:14,2,0,25802.2501,E
9159,1,09/13/23,17:14,3,0,3283.1708,A
9159,1,09/13/23,17:14,4,0,3283.1708,A
9159,1,09/13/23,17:14,5,1,23438.5021,B
9159,1,09/13/23,17:14,6,0,15647.9943,D
9159,1,09/13/23,17:14,7,0,28675.8217,C
9159,1,09/13/23,17:14,8,0,13945.8494,A
9159,1,09/13/23,17:14,9,0,5021.7407,D
9159,1,09/13/23,17:14,10,0,29200.3262,E
9159,1,09/13/23,17:14,11,0,5980.0798,C
9159,1,09/13/23,17:14,12,0,13694.5003,C
9159,1,09/13/23,17:14,13,0,4743.0734,E
9159,1,09/13/23,17:14,14,0,3904.6142,E
9159,1,09/13/23,17:14,15,0,2022.3962,B
9160,1,09/13/23,16:53,1,1,11054.3746,A
9160,1,09/13/23,16:53,2,1,16565.5304,D
9160,1,09/13/23,16:53,3,0,54668.6467,A
9160,1,09/13/23,16:53,4,1,18019.2072,C
9160,1,09/13/23,16:53,5,1,11074.44,B
9160,1,09/13/23,16:53,6,1,12592.4602,C
9160,1,09/13/23,16:53,7,0,22578.1754,A
9160,1,09/13/23,16:53,8,1,65509.1041,D
9160,1,09/13/23,16:53,9,1,60503.269,E
9160,1,09/13/23,16:53,10,1,11854.9529,D
9160,1,09/13/23,16:53,11,0,0,D
9161,1,09/14/23,11:02,1,1,6858.6495,A
9161,1,09/14/23,11:02,2,0,18677.8087,E
9161,1,09/14/23,11:02,3,0,31085.9194,B
9161,1,09/14/23,11:02,4,0,31783.5287,E
9161,1,09/14/23,11:02,5,1,20025.5513,B
9161,1,09/14/23,11:02,6,1,35146.3917,C
9161,1,09/14/23,11:02,7,1,22161.8287,B
9161,1,09/14/23,11:02,8,0,28949.2329,A
9161,1,09/14/23,11:02,9,0,5302.0039,A
9161,1,09/14/23,11:02,10,0,32890.8911,E
9161,1,09/14/23,11:02,11,1,8271.3959,A
9161,1,09/14/23,11:02,12,1,8271.3959,A
9161,1,09/14/23,11:02,13,1,17223.8306,A
9161,1,09/14/23,11:02,14,0,16526.0415,A
9161,1,09/14/23,11:02,15,0,0,A
9162,1,09/14/23,11:12,1,1,17659.824,A
9162,1,09/14/23,11:12,2,0,12791.7363,E
9162,1,09/14/23,11:12,3,0,16863.0085,C
9162,1,09/14/23,11:12,4,1,12741.3956,C
9162,1,09/14/23,11:12,5,1,17214.1666,B
9162,1,09/14/23,11:12,6,1,8388.0755,C
9162,1,09/14/23,11:12,7,1,29068.6903,B
9162,1,09/14/23,11:12,8,1,18446.087,D
9162,1,09/14/23,11:12,9,1,16421.2727,E
9162,1,09/14/23,11:12,10,0,37383.4053,E
9162,1,09/14/23,11:12,11,1,19497.6482,A
9162,1,09/14/23,11:12,12,1,19497.6482,A
9162,1,09/14/23,11:12,13,1,15292.1383,A
9162,1,09/14/23,11:12,14,0,0,A
9163,1,09/14/23,11:32,1,1,8980.4044,A
9163,1,09/14/23,11:32,2,1,12769.8601,D
9163,1,09/14/23,11:32,3,0,1700.3642,A
9163,1,09/14/23,11:32,4,1,10458.6329,C
9163,1,09/14/23,11:32,5,1,9305.4878,B
9163,1,09/14/23,11:32,6,0,7561.2841,A
9163,1,09/14/23,11:32,7,0,6613.7996,C
9163,1,09/14/23,11:32,8,0,4582.6797,A
9163,1,09/14/23,11:32,9,0,4582.6797,A
9163,1,09/14/23,11:32,10,1,8820.7901,D
9163,1,09/14/23,11:32,11,1,4529.133,A
9163,1,09/14/23,11:32,12,0,14241.0575,C
9163,1,09/14/23,11:32,13,0,7314.1206,C
9163,1,09/14/23,11:32,14,1,11278.4864,C
9163,1,09/14/23,11:32,15,0,14720.672,E
9164,1,09/14/23,13:37,1,1,5923.8344,A
9164,1,09/14/23,13:37,2,1,28297.8103,D
9164,1,09/14/23,13:37,3,0,18382.0462,B
9164,1,09/14/23,13:37,4,1,31199.6111,C
9164,1,09/14/23,13:37,5,1,47723.0104,B
9164,1,09/14/23,13:37,6,1,11028.6079,C
9164,1,09/14/23,13:37,7,0,15444.3853,D
9164,1,09/14/23,13:37,8,0,45904.5433,E
9164,1,09/14/23,13:37,9,1,18257.787,E
9164,1,09/14/23,13:37,10,1,18257.787,E
9164,1,09/14/23,13:37,11,1,18523.9511,A
9164,1,09/14/23,13:37,12,1,18523.9511,A
9164,1,09/14/23,13:37,13,1,7509.9155,A
9164,1,09/14/23,13:37,14,0,0,A
9165,1,09/14/23,13:49,1,1,8302.1856,A
9165,1,09/14/23,13:49,2,1,8302.1856,A
9165,1,09/14/23,13:49,3,0,21821.5727,A
9165,1,09/14/23,13:49,4,0,50273.1856,D
9165,1,09/14/23,13:49,5,1,41079.0093,B
9165,1,09/14/23,13:49,6,1,11162.6386,C
9165,1,09/14/23,13:49,7,0,13037.9132,C
9165,1,09/14/23,13:49,8,0,24821.6031,E
9165,1,09/14/23,13:49,9,0,12451.6659,C
9165,1,09/14/23,13:49,10,1,24014.5349,D
9165,1,09/14/23,13:49,11,1,19367.8021,A
9165,1,09/14/23,13:49,12,1,8537.3866,D
9165,1,09/14/23,13:49,13,1,10178.8503,A
9165,1,09/14/23,13:49,14,1,30654.4088,C
9165,1,09/14/23,13:49,15,0,0,C
9166,1,09/14/23,13:51,1,0,38133.9788,E
9166,1,09/14/23,13:51,2,0,22964.0148,E
9166,1,09/14/23,13:51,3,0,36531.1558,A
9166,1,09/14/23,13:51,4,0,39139.7009,D
9166,1,09/14/23,13:51,5,1,24688.7257,B
9166,1,09/14/23,13:51,6,1,24688.7257,B
9166,1,09/14/23,13:51,7,0,18999.5751,E
9166,1,09/14/23,13:51,8,0,28109.9006,E
9166,1,09/14/23,13:51,9,0,28109.9006,E
9166,1,09/14/23,13:51,10,0,28109.9006,E
9166,1,09/14/23,13:51,11,1,10766.2448,A
9166,1,09/14/23,13:51,12,0,8846.0777,E
9166,1,09/14/23,13:51,13,0,0,E
9167,1,09/14/23,16:52,1,1,8842.3456,A
9167,1,09/14/23,16:52,2,1,13100.2804,D
9167,1,09/14/23,16:52,3,0,23384.0391,A
9167,1,09/14/23,16:52,4,1,7383.5708,C
9167,1,09/14/23,16:52,5,0,15581.3544,C
9167,1,09/14/23,16:52,6,0,17193.8426,E
9167,1,09/14/23,16:52,7,0,20577.2781,E
9167,1,09/14/23,16:52,8,0,4748.5109,C
9167,1,09/14/23,16:52,9,1,11842.9164,E
9167,1,09/14/23,16:52,10,0,13976.2957,E
9167,1,09/14/23,16:52,11,1,13494.8161,A
9167,1,09/14/23,16:52,12,1,14685.3894,D
9167,1,09/14/23,16:52,13,1,8012.8492,A
9167,1,09/14/23,16:52,14,0,8154.6478,E
9167,1,09/14/23,16:52,15,0,21579.5045,E
9168,1,09/14/23,17:02,1,1,9168.0124,A
9168,1,09/14/23,17:02,2,0,10029.08,A
9168,1,09/14/23,17:02,3,0,59967.8425,C
9168,1,09/14/23,17:02,4,0,27484.7071,E
9168,1,09/14/23,17:02,5,1,50549.2148,B
9168,1,09/14/23,17:02,6,0,60762.0183,A
9168,1,09/14/23,17:02,7,1,7498.4318,B
9168,1,09/14/23,17:02,8,0,13582.6151,B
9168,1,09/14/23,17:02,9,0,10918.398,D
9168,1,09/14/23,17:02,10,0,16534.0838,E
9168,1,09/14/23,17:02,11,1,16879.7224,A
9168,1,09/14/23,17:02,12,1,16879.7224,A
9168,1,09/14/23,17:02,13,0,0,A
9169,1,09/14/23,17:32,1,1,7307.9275,A
9169,1,09/14/23,17:32,2,0,17505.4697,E
9169,1,09/14/23,17:32,3,0,12378.8514,A
9169,1,09/14/23,17:32,4,0,29877.4314,E
9169,1,09/14/23,17:32,5,1,17359.4108,B
9169,1,09/14/23,17:32,6,0,11042.3928,D
9169,1,09/14/23,17:32,7,1,13174.3734,B
9169,1,09/14/23,17:32,8,0,8713.4391,C
9169,1,09/14/23,17:32,9,0,7216.7779,B
9169,1,09/14/23,17:32,10,1,8675.2705,D
9169,1,09/14/23,17:32,11,1,8329.2875,A
9169,1,09/14/23,17:32,12,0,11808.3476,E
9169,1,09/14/23,17:32,13,1,10350.0186,A
9169,1,09/14/23,17:32,14,0,8142.5926,E
9169,1,09/14/23,17:32,15,0,10083.3585,B
9170,1,09/15/23,11:06,1,1,17084.1179,A
9170,1,09/15/23,11:06,2,1,11198.7036,D
9170,1,09/15/23,11:06,3,0,24169.5265,A
9170,1,09/15/23,11:06,4,0,13860.0124,B
9170,1,09/15/23,11:06,5,1,10703.1445,B
9170,1,09/15/23,11:06,6,1,7447.8989,C
9170,1,09/15/23,11:06,7,1,20640.9611,B
9170,1,09/15/23,11:06,8,1,13862.8254,D
9170,1,09/15/23,11:06,9,0,19344.5395,D
9170,1,09/15/23,11:06,10,0,15781.0607,B
9170,1,09/15/23,11:06,11,1,15369.5631,A
9170,1,09/15/23,11:06,12,1,15369.5631,A
9170,1,09/15/23,11:06,13,1,15369.5631,A
9170,1,09/15/23,11:06,14,1,15384.1873,C
9170,1,09/15/23,11:06,15,0,10832.0237,D
9171,1,09/15/23,11:16,1,1,8440.9062,A
9171,1,09/15/23,11:16,2,0,16543.1444,A
9171,1,09/15/23,11:16,3,0,21226.2158,A
9171,1,09/15/23,11:16,4,0,24161.494,B
9171,1,09/15/23,11:16,5,0,24269.0421,E
9171,1,09/15/23,11:16,6,1,10532.734,C
9171,1,09/15/23,11:16,7,0,19395.3955,E
9171,1,09/15/23,11:16,8,0,17517.3326,E
9171,1,09/15/23,11:16,9,0,12040.0556,D
9171,1,09/15/23,11:16,10,0,6094.7315,C
9171,1,09/15/23,11:16,11,0,17801.3249,E
9171,1,09/15/23,11:16,12,1,21371.5369,D
9171,1,09/15/23,11:16,13,1,3764.6763,A
9171,1,09/15/23,11:16,14,1,11676.4255,C
9171,1,09/15/23,11:16,15,0,13344.9043,B
9172,1,09/15/23,14:36,1,0,3449.3913,D
9172,1,09/15/23,14:36,2,0,1591.6634,B
9172,1,09/15/23,14:36,3,0,5752.4016,E
9172,1,09/15/23,14:36,4,1,2123.4346,C
9172,1,09/15/23,14:36,5,0,1883.6361,C
9172,1,09/15/23,14:36,6,1,5916.4872,C
9172,1,09/15/23,14:36,7,1,2052.0439,B
9172,1,09/15/23,14:36,8,1,2052.0439,B
9172,1,09/15/23,14:36,9,0,3955.3893,C
9172,1,09/15/23,14:36,10,0,1868.3948,A
9172,1,09/15/23,14:36,11,1,5874.3914,A
9172,1,09/15/23,14:36,12,0,9652.8142,C
9172,1,09/15/23,14:36,13,0,5440.2206,E
9172,1,09/15/23,14:36,14,1,3255.3399,C
9172,1,09/15/23,14:36,15,1,6266.9532,C
9173,1,09/15/23,13:55,1,1,11662.3059,A
9173,1,09/15/23,13:55,2,0,6798.2822,E
9173,1,09/15/23,13:55,3,0,23925.4911,E
9173,1,09/15/23,13:55,4,1,26774.9475,C
9173,1,09/15/23,13:55,5,1,10433.438,B
9173,1,09/15/23,13:55,6,1,17063.1779,C
9173,1,09/15/23,13:55,7,1,28905.2334,B
9173,1,09/15/23,13:55,8,0,27941.1143,A
9173,1,09/15/23,13:55,9,1,22957.278,E
9173,1,09/15/23,13:55,10,1,10326.3804,D
9173,1,09/15/23,13:55,11,1,10994.9744,A
9173,1,09/15/23,13:55,12,1,14689.487,D
9173,1,09/15/23,13:55,13,1,13366.8558,A
9173,1,09/15/23,13:55,14,1,11328.5393,C
9173,1,09/15/23,13:55,15,0,34388.2893,B
9174,1,09/15/23,16:59,1,1,11165.0091,A
9174,1,09/15/23,16:59,2,1,31164.0758,D
9174,1,09/15/23,16:59,3,0,57628.144,B
9174,1,09/15/23,16:59,4,1,20344.0275,C
9174,1,09/15/23,16:59,5,1,20147.3661,B
9174,1,09/15/23,16:59,6,1,26287.8237,C
9174,1,09/15/23,16:59,7,0,28105.7908,E
9174,1,09/15/23,16:59,8,0,0,E
9175,1,09/15/23,16:42,1,1,13420.0322,A
9175,1,09/15/23,16:42,2,1,5289.8506,D
9175,1,09/15/23,16:42,3,0,4927.9567,A
9175,1,09/15/23,16:42,4,1,10936.0331,C
9175,1,09/15/23,16:42,5,1,12231.5782,B
9175,1,09/15/23,16:42,6,1,25719.8519,C
9175,1,09/15/23,16:42,7,1,13020.7768,B
9175,1,09/15/23,16:42,8,1,52240.6229,D
9175,1,09/15/23,16:42,9,0,22910.0696,C
9175,1,09/15/23,16:42,10,0,22910.0696,C
9175,1,09/15/23,16:42,11,1,6969.7585,A
9175,1,09/15/23,16:42,12,1,7517.2455,D
9175,1,09/15/23,16:42,13,1,7838.7298,A
9175,1,09/15/23,16:42,14,1,31449.2446,C
9175,1,09/15/23,16:42,15,0,25821.9798,B
9176,1,09/15/23,16:59,1,1,13675.6273,A
9176,1,09/15/23,16:59,2,0,26679.3496,A
9176,1,09/15/23,16:59,3,0,40446.9317,C
9176,1,09/15/23,16:59,4,0,63904.9415,D
9176,1,09/15/23,16:59,5,1,46895.4715,B
9176,1,09/15/23,16:59,6,1,54145.4465,C
9176,1,09/15/23,16:59,7,0,24329.7979,D
9176,1,09/15/23,16:59,8,0,0,D
9177,1,09/22/23,14:21,1,1,7847.7904,A
9177,1,09/22/23,14:21,2,1,7847.7904,A
9177,1,09/22/23,14:21,3,0,32776.9622,A
9177,1,09/22/23,14:21,4,0,32776.9622,A
9177,1,09/22/23,14:21,5,1,31884.8874,B
9177,1,09/22/23,14:21,6,0,9287.3272,E
9177,1,09/22/23,14:21,7,0,24880.1728,D
9177,1,09/22/23,14:21,8,1,11939.6792,D
9177,1,09/22/23,14:21,9,0,9785.4403,D
9177,1,09/22/23,14:21,10,1,26004.0255,D
9177,1,09/22/23,14:21,11,0,53690.693,B
9177,1,09/22/23,14:21,12,0,0,B
9179,1,10/09/23,10:59,1,1,6523.9149,A
9179,1,10/09/23,10:59,2,1,18938.2326,D
9179,1,10/09/23,10:59,3,0,41174.5426,A
9179,1,10/09/23,10:59,4,1,14262.9587,C
9179,1,10/09/23,10:59,5,1,50373.582,B
9179,1,10/09/23,10:59,6,0,13478.0055,A
9179,1,10/09/23,10:59,7,0,6724.2042,D
9179,1,10/09/23,10:59,8,0,13489.3191,E
9179,1,10/09/23,10:59,9,0,22592.2494,C
9179,1,10/09/23,10:59,10,0,2776.0854,E
9179,1,10/09/23,10:59,11,1,10688.0739,A
9179,1,10/09/23,10:59,12,1,14620.5184,D
9179,1,10/09/23,10:59,13,0,5803.3963,C
9179,1,10/09/23,10:59,14,0,5803.3963,C
9179,1,10/09/23,10:59,15,1,6484.1039,C
9180,1,10/09/23,10:45,1,1,11781.3479,A
9180,1,10/09/23,10:45,2,0,12503.4033,E
9180,1,10/09/23,10:45,3,0,31205.9993,A
9180,1,10/09/23,10:45,4,0,54467.498,E
9180,1,10/09/23,10:45,5,1,67453.6192,B
9180,1,10/09/23,10:45,6,1,32097.7945,C
9180,1,10/09/23,10:45,7,1,33576.2276,B
9180,1,10/09/23,10:45,8,1,46426.2763,D
9180,1,10/09/23,10:45,9,0,0,D
9181,1,10/09/23,13:53,1,1,6638.2135,A
9181,1,10/09/23,13:53,2,0,10055.7267,E
9181,1,10/09/23,13:53,3,0,9286.4968,A
9181,1,10/09/23,13:53,4,1,19953.6824,C
9181,1,10/09/23,13:53,5,1,7921.8974,B
9181,1,10/09/23,13:53,6,1,10924.1118,C
9181,1,10/09/23,13:53,7,1,13861.958,B
9181,1,10/09/23,13:53,8,1,13861.958,B
9181,1,10/09/23,13:53,9,0,13706.615,C
9181,1,10/09/23,13:53,10,1,2672.2361,D
9181,1,10/09/23,13:53,11,0,523.5554,B
9181,1,10/09/23,13:53,12,0,340.6252,A
9181,1,10/09/23,13:53,13,0,323.2279,D
9181,1,10/09/23,13:53,14,0,348.894,B
9181,1,10/09/23,13:53,15,1,278.0476,C
9182,1,10/09/23,14:01,1,1,16709.1818,A
9182,1,10/09/23,14:01,2,0,9524.3538,A
9182,1,10/09/23,14:01,3,0,32102.8789,A
9182,1,10/09/23,14:01,4,0,28732.2046,A
9182,1,10/09/23,14:01,5,1,23146.0337,B
9182,1,10/09/23,14:01,6,1,31679.6038,C
9182,1,10/09/23,14:01,7,1,29942.0145,B
9182,1,10/09/23,14:01,8,1,22614.1721,D
9182,1,10/09/23,14:01,9,1,11705.8409,E
9182,1,10/09/23,14:01,10,1,11705.8409,E
9182,1,10/09/23,14:01,11,1,12007.2153,A
9182,1,10/09/23,14:01,12,1,12478.2604,D
9182,1,10/09/23,14:01,13,1,13177.1125,A
9182,1,10/09/23,14:01,14,0,0,A
9183,1,10/09/23,13:53,1,0,1075.9029,E
9183,1,10/09/23,13:53,2,0,3728.8541,E
9183,1,10/09/23,13:53,3,1,4959.2626,D
9183,1,10/09/23,13:53,4,1,9692.2072,C
9183,1,10/09/23,13:53,5,1,21944.0478,B
9183,1,10/09/23,13:53,6,1,8977.4439,C
9183,1,10/09/23,13:53,7,1,6173.0826,B
9183,1,10/09/23,13:53,8,1,8656.5372,D
9183,1,10/09/23,13:53,9,1,9492.4463,E
9183,1,10/09/23,13:53,10,0,972.2123,B
9183,1,10/09/23,13:53,11,0,869.745,D
9183,1,10/09/23,13:53,12,0,1387.7718,C
9183,1,10/09/23,13:53,13,1,572.9896,A
9183,1,10/09/23,13:53,14,0,642.0411,E
9183,1,10/09/23,13:53,15,1,599.5863,C
9184,1,10/09/23,16:29,1,1,13551.6799,A
9184,1,10/09/23,16:29,2,1,13555.1928,D
9184,1,10/09/23,16:29,3,0,23322.1968,C
9184,1,10/09/23,16:29,4,1,27633.6563,C
9184,1,10/09/23,16:29,5,1,14741.4387,B
9184,1,10/09/23,16:29,6,1,6136.9504,C
9184,1,10/09/23,16:29,7,0,25725.0867,E
9184,1,10/09/23,16:29,8,0,15274.8034,A
9184,1,10/09/23,16:29,9,1,20689.4234,E
9184,1,10/09/23,16:29,10,1,20577.2203,D
9184,1,10/09/23,16:29,11,0,26079.5867,B
9184,1,10/09/23,16:29,12,1,11622.5674,D
9184,1,10/09/23,16:29,13,0,24646.3729,C
9184,1,10/09/23,16:29,14,1,28518.5492,C
9184,1,10/09/23,16:29,15,1,28518.5492,C
9185,1,10/09/23,16:45,1,1,14237.9501,A
9185,1,10/09/23,16:45,2,1,24504.9553,D
9185,1,10/09/23,16:45,3,1,24504.9553,D
9185,1,10/09/23,16:45,4,0,14074.0075,D
9185,1,10/09/23,16:45,5,0,49916.6698,E
9185,1,10/09/23,16:45,6,1,11752.3747,C
9185,1,10/09/23,16:45,7,0,19286.4266,A
9185,1,10/09/23,16:45,8,0,19286.4266,A
9185,1,10/09/23,16:45,9,0,6925.631,A
9185,1,10/09/23,16:45,10,1,5445.4333,D
9185,1,10/09/23,16:45,11,0,17662.9772,E
9185,1,10/09/23,16:45,12,1,13673.0713,D
9185,1,10/09/23,16:45,13,0,7171.5208,E
9185,1,10/09/23,16:45,14,1,9006.862,C
9185,1,10/09/23,16:45,15,0,4129.7377,E
9186,1,10/09/23,16:47,1,1,5046.8569,A
9186,1,10/09/23,16:47,2,1,14541.736,D
9186,1,10/09/23,16:47,3,0,16537.2715,A
9186,1,10/09/23,16:47,4,1,24001.6849,C
9186,1,10/09/23,16:47,5,1,12709.1615,B
9186,1,10/09/23,16:47,6,1,14987.8905,C
9186,1,10/09/23,16:47,7,0,12150.8154,A
9186,1,10/09/23,16:47,8,1,17105.7736,D
9186,1,10/09/23,16:47,9,1,23264.4098,E
9186,1,10/09/23,16:47,10,0,14835.5061,E
9186,1,10/09/23,16:47,11,1,14852.8932,A
9186,1,10/09/23,16:47,12,0,6219.9607,E
9186,1,10/09/23,16:47,13,0,19482.7578,D
9186,1,10/09/23,16:47,14,1,14483.4873,C
9186,1,10/09/23,16:47,15,0,35050.8447,E
9187,1,10/10/23,11:32,1,1,7168.7957,A
9187,1,10/10/23,11:32,2,0,3273.9497,B
9187,1,10/10/23,11:32,3,0,3311.8014,B
9187,1,10/10/23,11:32,4,1,35391.8519,C
9187,1,10/10/23,11:32,5,1,39058.4698,B
9187,1,10/10/23,11:32,6,1,22984.8288,C
9187,1,10/10/23,11:32,7,0,15708.0277,A
9187,1,10/10/23,11:32,8,1,17664.805,D
9187,1,10/10/23,11:32,9,1,22839.1852,E
9187,1,10/10/23,11:32,10,1,8793.8043,D
9187,1,10/10/23,11:32,11,1,17241.8338,A
9187,1,10/10/23,11:32,12,0,11555.5201,E
9187,1,10/10/23,11:32,13,0,12442.3258,B
9187,1,10/10/23,11:32,14,0,4234.3366,E
9187,1,10/10/23,11:32,15,0,4234.3366,E
9188,1,10/10/23,10:47,1,1,7684.6866,A
9188,1,10/10/23,10:47,2,1,30370.0864,D
9188,1,10/10/23,10:47,3,0,7084.8901,A
9188,1,10/10/23,10:47,4,0,517.079,B
9188,1,10/10/23,10:47,5,0,334.8555,C
9188,1,10/10/23,10:47,6,0,855.4908,B
9188,1,10/10/23,10:47,7,0,1750.4887,A
9188,1,10/10/23,10:47,8,0,725.0087,E
9188,1,10/10/23,10:47,9,0,1444.3792,B
9188,1,10/10/23,10:47,10,0,738.1085,C
9188,1,10/10/23,10:47,11,0,645.6262,E
9188,1,10/10/23,10:47,12,0,703.0342,A
9188,1,10/10/23,10:47,13,0,610.7928,B
9188,1,10/10/23,10:47,14,1,399.7257,C
9188,1,10/10/23,10:47,15,0,328.649,E
9189,1,10/10/23,10:57,1,1,28851.0775,A
9189,1,10/10/23,10:57,2,1,28851.0775,A
9189,1,10/10/23,10:57,3,0,21224.1592,A
9189,1,10/10/23,10:57,4,1,42514.224,C
9189,1,10/10/23,10:57,5,1,20910.229,B
9189,1,10/10/23,10:57,6,0,35634.941,B
9189,1,10/10/23,10:57,7,1,19585.0319,B
9189,1,10/10/23,10:57,8,1,29910.8799,D
9189,1,10/10/23,10:57,9,1,10573.5072,E
9189,1,10/10/23,10:57,10,1,20706.4064,D
9189,1,10/10/23,10:57,11,1,28910.7977,A
9189,1,10/10/23,10:57,12,1,28910.7977,A
9189,1,10/10/23,10:57,13,0,0,A
9190,1,10/10/23,13:57,1,1,20746.9314,A
9190,1,10/10/23,13:57,2,1,29708.044,D
9190,1,10/10/23,13:57,3,0,23215.7389,A
9190,1,10/10/23,13:57,4,1,27133.2697,C
9190,1,10/10/23,13:57,5,1,27133.2697,C
9190,1,10/10/23,13:57,6,1,11529.668,C
9190,1,10/10/23,13:57,7,1,17326.547,B
9190,1,10/10/23,13:57,8,0,37932.7049,A
9190,1,10/10/23,13:57,9,0,41073.9324,C
9190,1,10/10/23,13:57,10,0,15024.839,E
9190,1,10/10/23,13:57,11,1,23842.8518,A
9190,1,10/10/23,13:57,12,0,0,A
9191,1,10/10/23,13:46,1,1,6152.8912,A
9191,1,10/10/23,13:46,2,1,6152.8912,A
9191,1,10/10/23,13:46,3,1,13079.8635,D
9191,1,10/10/23,13:46,4,1,12738.1527,C
9191,1,10/10/23,13:46,5,0,7327.2857,E
9191,1,10/10/23,13:46,6,1,9180.8832,C
9191,1,10/10/23,13:46,7,0,15238.719,E
9191,1,10/10/23,13:46,8,0,10457.9475,C
9191,1,10/10/23,13:46,9,0,3963.587,C
9191,1,10/10/23,13:46,10,0,11792.7896,B
9191,1,10/10/23,13:46,11,1,7424.9814,A
9191,1,10/10/23,13:46,12,0,11298.7562,C
9191,1,10/10/23,13:46,13,1,9767.6574,A
9191,1,10/10/23,13:46,14,0,8347.1379,A
9191,1,10/10/23,13:46,15,0,7949.4204,B
9192,1,10/10/23,13:58,1,1,8982.0814,A
9192,1,10/10/23,13:58,2,1,8982.0814,A
9192,1,10/10/23,13:58,3,0,25023.8949,A
9192,1,10/10/23,13:58,4,0,15219.061,E
9192,1,10/10/23,13:58,5,1,19604.7293,B
9192,1,10/10/23,13:58,6,1,7187.644,C
9192,1,10/10/23,13:58,7,0,25909.7231,A
9192,1,10/10/23,13:58,8,0,25909.7231,A
9192,1,10/10/23,13:58,9,1,14975.8416,E
9192,1,10/10/23,13:58,10,0,12769.6814,E
9192,1,10/10/23,13:58,11,1,14889.047,A
9192,1,10/10/23,13:58,12,1,37122.6032,D
9192,1,10/10/23,13:58,13,0,9569.8105,D
9192,1,10/10/23,13:58,14,0,8418.4269,E
9192,1,10/10/23,13:58,15,0,32812.2224,E
9194,1,10/10/23,17:01,1,0,33815.8913,B
9194,1,10/10/23,17:01,2,0,13986.633,E
9194,1,10/10/23,17:01,3,0,7422.7319,A
9194,1,10/10/23,17:01,4,1,19455.2304,C
9194,1,10/10/23,17:01,5,1,17205.1388,B
9194,1,10/10/23,17:01,6,1,17331.3544,C
9194,1,10/10/23,17:01,7,0,6280.0601,C
9194,1,10/10/23,17:01,8,0,6280.0601,C
9194,1,10/10/23,17:01,9,1,29321.284,E
9194,1,10/10/23,17:01,10,0,15112.5447,B
9194,1,10/10/23,17:01,11,0,7721.1387,E
9194,1,10/10/23,17:01,12,0,21575.7085,A
9194,1,10/10/23,17:01,13,0,9791.8524,C
9194,1,10/10/23,17:01,14,0,8677.7066,E
9194,1,10/10/23,17:01,15,0,13012.7353,E
9195,1,10/10/23,16:44,1,1,14300.784,A
9195,1,10/10/23,16:44,2,0,14048.0803,E
9195,1,10/10/23,16:44,3,0,35141.3528,A
9195,1,10/10/23,16:44,4,1,18720.9502,C
9195,1,10/10/23,16:44,5,0,19241.0159,E
9195,1,10/10/23,16:44,6,0,12687.7428,B
9195,1,10/10/23,16:44,7,0,8443.4269,A
9195,1,10/10/23,16:44,8,0,13377.3292,C
9195,1,10/10/23,16:44,9,0,13890.6102,C
9195,1,10/10/23,16:44,10,0,18513.1312,C
9195,1,10/10/23,16:44,11,0,17885.1339,D
9195,1,10/10/23,16:44,12,0,17885.1339,D
9195,1,10/10/23,16:44,13,1,9972.1988,A
9195,1,10/10/23,16:44,14,0,7777.486,E
9195,1,10/10/23,16:44,15,1,22957.8215,C
9196,1,10/11/23,10:57,1,1,25150.057,A
9196,1,10/11/23,10:57,2,1,25150.057,A
9196,1,10/11/23,10:57,3,1,25150.057,A
9196,1,10/11/23,10:57,4,1,10631.3636,C
9196,1,10/11/23,10:57,5,0,9181.8029,E
9196,1,10/11/23,10:57,6,1,9898.7403,C
9196,1,10/11/23,10:57,7,0,15454.5656,C
9196,1,10/11/23,10:57,8,0,3202.8847,A
9196,1,10/11/23,10:57,9,0,3388.7042,B
9196,1,10/11/23,10:57,10,0,3890.364,E
9196,1,10/11/23,10:57,11,0,14118.0292,E
9196,1,10/11/23,10:57,12,0,4084.8019,E
9196,1,10/11/23,10:57,13,1,7418.8028,A
9196,1,10/11/23,10:57,14,1,9819.6371,C
9196,1,10/11/23,10:57,15,1,5113.7812,C
9198,1,10/11/23,11:13,1,1,1877.2686,A
9198,1,10/11/23,11:13,2,0,2707.4582,C
9198,1,10/11/23,11:13,3,1,438.8476,D
9198,1,10/11/23,11:13,4,1,438.8476,D
9198,1,10/11/23,11:13,5,1,323.1725,B
9198,1,10/11/23,11:13,6,0,596.4046,E
9198,1,10/11/23,11:13,7,0,268.6604,E
9198,1,10/11/23,11:13,8,0,194.9787,E
9198,1,10/11/23,11:13,9,0,177.5498,D
9198,1,10/11/23,11:13,10,0,225.8513,C
9198,1,10/11/23,11:13,11,0,298.6813,B
9198,1,10/11/23,11:13,12,0,366.7334,B
9198,1,10/11/23,11:13,13,0,366.7334,B
9198,1,10/11/23,11:13,14,0,362.979,B
9198,1,10/11/23,11:13,15,0,44.2689,B
9199,1,10/11/23,13:40,1,1,25266.9305,A
9199,1,10/11/23,13:40,2,0,14950.7806,B
9199,1,10/11/23,13:40,3,0,14301.4341,B
9199,1,10/11/23,13:40,4,0,14301.4341,B
9199,1,10/11/23,13:40,5,1,2826.4428,B
9199,1,10/11/23,13:40,6,1,15115.5163,C
9199,1,10/11/23,13:40,7,1,15115.5163,C
9199,1,10/11/23,13:40,8,0,2533.7308,C
9199,1,10/11/23,13:40,9,0,945.3233,A
9199,1,10/11/23,13:40,10,0,570.3738,E
9199,1,10/11/23,13:40,11,0,903.4777,E
9199,1,10/11/23,13:40,12,0,7347.3779,C
9199,1,10/11/23,13:40,13,0,2740.0513,B
9199,1,10/11/23,13:40,14,1,417.2747,C
9199,1,10/11/23,13:40,15,0,864.7446,D
9200,1,10/11/23,13:59,1,1,10069.6216,A
9200,1,10/11/23,13:59,2,1,14279.0647,D
9200,1,10/11/23,13:59,3,0,36628.9618,A
9200,1,10/11/23,13:59,4,1,21319.8216,C
9200,1,10/11/23,13:59,5,1,18766.0976,B
9200,1,10/11/23,13:59,6,1,5667.9511,C
9200,1,10/11/23,13:59,7,0,15990.8672,A
9200,1,10/11/23,13:59,8,1,34526.93,D
9200,1,10/11/23,13:59,9,1,34526.93,D
9200,1,10/11/23,13:59,10,0,11348.2888,E
9200,1,10/11/23,13:59,11,0,45999.0493,C
9200,1,10/11/23,13:59,12,0,34713.4087,E
9200,1,10/11/23,13:59,13,1,14180.6033,A
9200,1,10/11/23,13:59,14,0,0,A
9201,1,10/11/23,13:56,1,1,10009.9113,A
9201,1,10/11/23,13:56,2,0,14304.987,E
9201,1,10/11/23,13:56,3,0,60449.6587,C
9201,1,10/11/23,13:56,4,1,41893.3945,C
9201,1,10/11/23,13:56,5,1,42453.9829,B
9201,1,10/11/23,13:56,6,1,17293.2465,C
9201,1,10/11/23,13:56,7,1,21094.0302,B
9201,1,10/11/23,13:56,8,1,41250.4841,D
9201,1,10/11/23,13:56,9,0,0,D
9202,1,10/11/23,16:56,1,1,12137.3571,A
9202,1,10/11/23,16:56,2,0,17529.0514,E
9202,1,10/11/23,16:56,3,0,17551.7875,C
9202,1,10/11/23,16:56,4,0,18771.76,B
9202,1,10/11/23,16:56,5,0,15077.1935,E
9202,1,10/11/23,16:56,6,1,18367.1387,C
9202,1,10/11/23,16:56,7,0,5691.307,C
9202,1,10/11/23,16:56,8,0,13912.016,E
9202,1,10/11/23,16:56,9,0,13912.016,E
9202,1,10/11/23,16:56,10,1,5371.693,D
9202,1,10/11/23,16:56,11,1,3858.8225,A
9202,1,10/11/23,16:56,12,0,12278.6779,E
9202,1,10/11/23,16:56,13,0,12278.6779,E
9202,1,10/11/23,16:56,14,0,7689.0203,D
9202,1,10/11/23,16:56,15,0,2071.392,D
9203,1,10/11/23,17:07,1,0,50999.5398,D
9203,1,10/11/23,17:07,2,1,31872.4,D
9203,1,10/11/23,17:07,3,0,34313.6092,C
9203,1,10/11/23,17:07,4,0,20328.8819,B
9203,1,10/11/23,17:07,5,1,29314.0073,B
9203,1,10/11/23,17:07,6,1,22125.6572,C
9203,1,10/11/23,17:07,7,1,22125.6572,C
9203,1,10/11/23,17:07,8,0,20504.3114,E
9203,1,10/11/23,17:07,9,1,17250.0146,E
9203,1,10/11/23,17:07,10,0,27471.6683,E
9203,1,10/11/23,17:07,11,0,12104.8073,B
9203,1,10/11/23,17:07,12,0,17731.7535,C
9203,1,10/11/23,17:07,13,0,0,C
9204,1,10/11/23,17:06,1,1,16277.3617,A
9204,1,10/11/23,17:06,2,1,16277.3617,A
9204,1,10/11/23,17:06,3,0,37007.305,A
9204,1,10/11/23,17:06,4,0,17712.4991,A
9204,1,10/11/23,17:06,5,1,22844.8161,B
9204,1,10/11/23,17:06,6,1,39055.8712,C
9204,1,10/11/23,17:06,7,1,22422.5219,B
9204,1,10/11/23,17:06,8,1,74047.7316,D
9204,1,10/11/23,17:06,9,1,37920.5239,E
9204,1,10/11/23,17:06,10,0,0,E
9205,1,10/12/23,11:14,1,1,8437.1023,A
9205,1,10/12/23,11:14,2,1,46766.1772,D
9205,1,10/12/23,11:14,3,0,26846.8584,B
9205,1,10/12/23,11:14,4,1,10269.7131,C
9205,1,10/12/23,11:14,5,1,38104.6187,B
9205,1,10/12/23,11:14,6,1,14162.8039,C
9205,1,10/12/23,11:14,7,1,32483.8237,B
9205,1,10/12/23,11:14,8,0,36382.2412,C
9205,1,10/12/23,11:14,9,0,13256.1676,C
9205,1,10/12/23,11:14,10,0,13256.1676,C
9205,1,10/12/23,11:14,11,1,13897.6861,A
9205,1,10/12/23,11:14,12,0,11159.3536,E
9205,1,10/12/23,11:14,13,0,0,E
9206,1,10/12/23,11:06,1,0,8090.7049,E
9206,1,10/12/23,11:06,2,0,8362.4125,E
9206,1,10/12/23,11:06,3,0,41682.6529,B
9206,1,10/12/23,11:06,4,0,11653.4459,E
9206,1,10/12/23,11:06,5,1,14437.6364,B
9206,1,10/12/23,11:06,6,1,10154.8952,C
9206,1,10/12/23,11:06,7,1,19296.7331,B
9206,1,10/12/23,11:06,8,0,13314.2363,A
9206,1,10/12/23,11:06,9,0,2755.2191,B
9206,1,10/12/23,11:06,10,0,3108.9129,B
9206,1,10/12/23,11:06,11,0,3643.5142,B
9206,1,10/12/23,11:06,12,0,2632.0863,E
9206,1,10/12/23,11:06,13,1,6273.9592,A
9206,1,10/12/23,11:06,14,0,4724.2105,A
9206,1,10/12/23,11:06,15,0,2036.5709,A
9207,1,10/12/23,13:54,1,1,11192.3052,A
9207,1,10/12/23,13:54,2,0,27337.2076,E
9207,1,10/12/23,13:54,3,0,22254.9766,A
9207,1,10/12/23,13:54,4,1,3402.645,C
9207,1,10/12/23,13:54,5,1,27311.671,B
9207,1,10/12/23,13:54,6,1,33631.5132,C
9207,1,10/12/23,13:54,7,0,7725.9353,C
9207,1,10/12/23,13:54,8,0,12394.1851,E
9207,1,10/12/23,13:54,9,0,16085.2661,C
9207,1,10/12/23,13:54,10,0,11032.193,C
9207,1,10/12/23,13:54,11,0,18506.205,C
9207,1,10/12/23,13:54,12,0,3634.8976,E
9207,1,10/12/23,13:54,13,1,28065.7425,A
9207,1,10/12/23,13:54,14,0,5516.4813,E
9207,1,10/12/23,13:54,15,0,0,E
9208,1,10/12/23,14:02,1,1,21952.2638,A
9208,1,10/12/23,14:02,2,1,21952.2638,A
9208,1,10/12/23,14:02,3,0,14318.3054,C
9208,1,10/12/23,14:02,4,0,37602.1589,B
9208,1,10/12/23,14:02,5,1,30954.7887,B
9208,1,10/12/23,14:02,6,1,2086.7586,C
9208,1,10/12/23,14:02,7,0,20894.9015,A
9208,1,10/12/23,14:02,8,0,4642.777,A
9208,1,10/12/23,14:02,9,1,11311.783,E
9208,1,10/12/23,14:02,10,0,4433.0115,E
9208,1,10/12/23,14:02,11,0,4433.0115,E
9208,1,10/12/23,14:02,12,0,4433.0115,E
9208,1,10/12/23,14:02,13,1,19799.1542,A
9208,1,10/12/23,14:02,14,0,17083.9969,E
9208,1,10/12/23,14:02,15,0,1791.2054,E
9209,1,10/12/23,13:58,1,1,12877.0123,A
9209,1,10/12/23,13:58,2,0,13651.7828,B
9209,1,10/12/23,13:58,3,0,40808.432,B
9209,1,10/12/23,13:58,4,0,10620.8913,B
9209,1,10/12/23,13:58,5,1,31672.7665,B
9209,1,10/12/23,13:58,6,0,23621.6823,B
9209,1,10/12/23,13:58,7,0,38736.3921,E
9209,1,10/12/23,13:58,8,0,38736.3921,E
9209,1,10/12/23,13:58,9,0,5121.2702,A
9209,1,10/12/23,13:58,10,0,5121.2702,A
9209,1,10/12/23,13:58,11,1,7659.8669,A
9209,1,10/12/23,13:58,12,1,13426.4731,D
9209,1,10/12/23,13:58,13,1,14986.1872,A
9209,1,10/12/23,13:58,14,0,4368.5621,D
9209,1,10/12/23,13:58,15,0,863.2921,B
9210,1,10/12/23,16:50,1,1,17709.1418,A
9210,1,10/12/23,16:50,2,0,9596.88,A
9210,1,10/12/23,16:50,3,0,13806.389,E
9210,1,10/12/23,16:50,4,0,22663.4141,A
9210,1,10/12/23,16:50,5,1,17309.4944,B
9210,1,10/12/23,16:50,6,1,6707.7726,C
9210,1,10/12/23,16:50,7,1,19948.2548,B
9210,1,10/12/23,16:50,8,0,10505.6425,B
9210,1,10/12/23,16:50,9,1,23924.6353,E
9210,1,10/12/23,16:50,10,0,18378.6185,E
9210,1,10/12/23,16:50,11,1,14054.1813,A
9210,1,10/12/23,16:50,12,1,7317.615,D
9210,1,10/12/23,16:50,13,1,6826.5101,A
9210,1,10/12/23,16:50,14,1,6826.5101,A
9210,1,10/12/23,16:50,15,0,9737.6883,E
9211,1,10/12/23,17:03,1,1,6108.7073,A
9211,1,10/12/23,17:03,2,1,67149.7273,D
9211,1,10/12/23,17:03,3,0,50391.0263,B
9211,1,10/12/23,17:03,4,1,27896.9642,C
9211,1,10/12/23,17:03,5,1,36418.4373,B
9211,1,10/12/23,17:03,6,1,9794.6121,C
9211,1,10/12/23,17:03,7,1,35796.3766,B
9211,1,10/12/23,17:03,8,1,21723.2057,D
9211,1,10/12/23,17:03,9,1,38800.1843,E
9211,1,10/12/23,17:03,10,0,0,E
9212,1,10/13/23,10:38,1,1,7105.9848,A
9212,1,10/13/23,10:38,2,1,18288.5841,D
9212,1,10/13/23,10:38,3,0,13942.1219,A
9212,1,10/13/23,10:38,4,1,15499.184,C
9212,1,10/13/23,10:38,5,1,14642.0766,B
9212,1,10/13/23,10:38,6,1,15816.0499,C
9212,1,10/13/23,10:38,7,1,7977.0668,B
9212,1,10/13/23,10:38,8,0,4410.6647,E
9212,1,10/13/23,10:38,9,0,9135.6868,C
9212,1,10/13/23,10:38,10,0,10864.0573,E
9212,1,10/13/23,10:38,11,1,10220.1973,A
9212,1,10/13/23,10:38,12,1,7257.1448,D
9212,1,10/13/23,10:38,13,0,6103.0426,B
9212,1,10/13/23,10:38,14,0,6103.0426,B
9212,1,10/13/23,10:38,15,0,4936.2152,D
9213,1,10/13/23,10:47,1,1,12633.7358,A
9213,1,10/13/23,10:47,2,1,12633.7358,A
9213,1,10/13/23,10:47,3,0,20252.7356,A
9213,1,10/13/23,10:47,4,1,16605.7443,C
9213,1,10/13/23,10:47,5,1,10665.8106,B
9213,1,10/13/23,10:47,6,1,15564.9869,C
9213,1,10/13/23,10:47,7,1,13069.0795,B
9213,1,10/13/23,10:47,8,1,13069.0795,B
9213,1,10/13/23,10:47,9,1,22902.9042,E
9213,1,10/13/23,10:47,10,1,26010.6955,D
9213,1,10/13/23,10:47,11,1,20761.4851,A
9213,1,10/13/23,10:47,12,1,12162.0443,D
9213,1,10/13/23,10:47,13,1,10101.2073,A
9213,1,10/13/23,10:47,14,1,24431.2778,C
9213,1,10/13/23,10:47,15,0,15344.7581,D
9214,1,10/13/23,10:51,1,0,14867.3472,B
9214,1,10/13/23,10:51,2,1,6739.2387,D
9214,1,10/13/23,10:51,3,0,10561.0893,A
9214,1,10/13/23,10:51,4,1,1539.5103,C
9214,1,10/13/23,10:51,5,0,15382.955,C
9214,1,10/13/23,10:51,6,1,15162.017,C
9214,1,10/13/23,10:51,7,0,13853.7576,E
9214,1,10/13/23,10:51,8,0,1668.9296,B
9214,1,10/13/23,10:51,9,0,328.0119,C
9214,1,10/13/23,10:51,10,0,328.0119,C
9214,1,10/13/23,10:51,11,1,14416.1377,A
9214,1,10/13/23,10:51,12,1,14416.1377,A
9214,1,10/13/23,10:51,13,0,12625.0894,E
9214,1,10/13/23,10:51,14,0,5276.1397,A
9214,1,10/13/23,10:51,15,0,22084.1496,D
9215,1,10/13/23,13:56,1,1,9291.6091,A
9215,1,10/13/23,13:56,2,1,9291.6091,A
9215,1,10/13/23,13:56,3,0,173290.4419,A
9215,1,10/13/23,13:56,4,1,51692.5621,C
9215,1,10/13/23,13:56,5,1,16977.5401,B
9215,1,10/13/23,13:56,6,1,15107.1637,C
9215,1,10/13/23,13:56,7,0,0,C
9216,1,10/13/23,13:50,1,1,10127.7532,A
9216,1,10/13/23,13:50,2,1,22538.6603,D
9216,1,10/13/23,13:50,3,0,28943.7699,A
9216,1,10/13/23,13:50,4,1,31620.7461,C
9216,1,10/13/23,13:50,5,1,14192.4835,B
9216,1,10/13/23,13:50,6,1,19963.6459,C
9216,1,10/13/23,13:50,7,1,18981.3439,B
9216,1,10/13/23,13:50,8,1,44225.6426,D
9216,1,10/13/23,13:50,9,1,30595.4347,E
9216,1,10/13/23,13:50,10,1,30595.4347,E
9216,1,10/13/23,13:50,11,0,37173.2776,E
9216,1,10/13/23,13:50,12,0,0,E
9217,1,10/13/23,13:54,1,1,7913.7835,A
9217,1,10/13/23,13:54,2,1,7913.7835,A
9217,1,10/13/23,13:54,3,0,19986.715,A
9217,1,10/13/23,13:54,4,1,48283.0602,C
9217,1,10/13/23,13:54,5,1,28962.0393,B
9217,1,10/13/23,13:54,6,0,17078.4774,E
9217,1,10/13/23,13:54,7,1,18892.9429,B
9217,1,10/13/23,13:54,8,0,17178.2878,C
9217,1,10/13/23,13:54,9,1,14656.434,E
9217,1,10/13/23,13:54,10,1,21334.3042,D
9217,1,10/13/23,13:54,11,0,13831.8973,D
9217,1,10/13/23,13:54,12,1,21489.0646,D
9217,1,10/13/23,13:54,13,0,21555.4378,E
9217,1,10/13/23,13:54,14,0,0,E
9218,1,10/13/23,16:55,1,1,17718.5103,A
9218,1,10/13/23,16:55,2,0,15905.2469,E
9218,1,10/13/23,16:55,3,0,30389.5838,C
9218,1,10/13/23,16:55,4,0,29802.905,B
9218,1,10/13/23,16:55,5,1,42118.5222,B
9218,1,10/13/23,16:55,6,1,14894.6216,C
9218,1,10/13/23,16:55,7,0,30371.3955,D
9218,1,10/13/23,16:55,8,0,29985.7886,E
9218,1,10/13/23,16:55,9,0,11447.2426,C
9218,1,10/13/23,16:55,10,1,31529.3069,D
9218,1,10/13/23,16:55,11,1,13667.2147,A
9218,1,10/13/23,16:55,12,0,7557.3525,E
9218,1,10/13/23,16:55,13,1,12603.6266,A
9218,1,10/13/23,16:55,14,0,0,A
9219,1,10/13/23,17:01,1,1,13884.5729,A
9219,1,10/13/23,17:01,2,1,13884.5729,A
9219,1,10/13/23,17:01,3,0,38615.2978,A
9219,1,10/13/23,17:01,4,1,9506.9033,C
9219,1,10/13/23,17:01,5,1,18490.7272,B
9219,1,10/13/23,17:01,6,1,20341.3254,C
9219,1,10/13/23,17:01,7,0,10916.8649,A
9219,1,10/13/23,17:01,8,0,33821.5505,E
9219,1,10/13/23,17:01,9,0,16874.7599,C
9219,1,10/13/23,17:01,10,1,26640.9682,D
9219,1,10/13/23,17:01,11,0,8582.3886,E
9219,1,10/13/23,17:01,12,0,19126.7059,C
9219,1,10/13/23,17:01,13,0,14541.8109,B
9219,1,10/13/23,17:01,14,0,13468.1085,D
9219,1,10/13/23,17:01,15,0,8620.293,A
9220,1,02/05/24,10:56,1,1,11660.5073,A
9220,1,02/05/24,10:56,2,1,11660.5073,A
9220,1,02/05/24,10:56,3,0,20818.8403,B
9220,1,02/05/24,10:56,4,0,10289.3758,D
9220,1,02/05/24,10:56,5,1,28491.2294,B
9220,1,02/05/24,10:56,6,1,16863.0479,C
9220,1,02/05/24,10:56,7,1,15735.8702,B
9220,1,02/05/24,10:56,8,1,15109.2914,D
9220,1,02/05/24,10:56,9,0,10923.3327,B
9220,1,02/05/24,10:56,10,1,31061.565,D
9220,1,02/05/24,10:56,11,0,12435.6311,B
9220,1,02/05/24,10:56,12,0,25569.3364,E
9220,1,02/05/24,10:56,13,1,7723.2404,A
9220,1,02/05/24,10:56,14,1,7723.2404,A
9220,1,02/05/24,10:56,15,0,9952.4301,E
9221,1,02/05/24,10:57,1,1,7955.5764,A
9221,1,02/05/24,10:57,2,1,10233.4403,D
9221,1,02/05/24,10:57,3,1,10233.4403,D
9221,1,02/05/24,10:57,4,0,12613.3171,A
9221,1,02/05/24,10:57,5,0,12613.3171,A
9221,1,02/05/24,10:57,6,1,14600.9093,C
9221,1,02/05/24,10:57,7,0,9845.8571,C
9221,1,02/05/24,10:57,8,1,4737.042,D
9221,1,02/05/24,10:57,9,0,4194.6335,C
9221,1,02/05/24,10:57,10,0,3686.1037,B
9221,1,02/05/24,10:57,11,1,3534.804,A
9221,1,02/05/24,10:57,12,1,3534.804,A
9221,1,02/05/24,10:57,13,0,3832.1245,E
9221,1,02/05/24,10:57,14,0,2106.6483,B
9221,1,02/05/24,10:57,15,0,3722.0721,E
9222,1,02/05/24,13:53,1,1,8991.2656,A
9222,1,02/05/24,13:53,2,0,27904.7129,E
9222,1,02/05/24,13:53,3,0,65908.3038,E
9222,1,02/05/24,13:53,4,0,56177.9526,E
9222,1,02/05/24,13:53,5,1,27996.3988,B
9222,1,02/05/24,13:53,6,1,20500.9521,C
9222,1,02/05/24,13:53,7,0,10619.9155,D
9222,1,02/05/24,13:53,8,0,26548.0395,E
9222,1,02/05/24,13:53,9,1,13879.7628,E
9222,1,02/05/24,13:53,10,0,31050.5031,B
9222,1,02/05/24,13:53,11,0,0,B
9223,1,02/05/24,17:05,1,1,1126.8234,A
9223,1,02/05/24,17:05,2,1,1126.8234,A
9223,1,02/05/24,17:05,3,0,319.6313,C
9223,1,02/05/24,17:05,4,0,319.6313,C
9223,1,02/05/24,17:05,5,0,258.4268,E
9223,1,02/05/24,17:05,6,0,293.4971,E
9223,1,02/05/24,17:05,7,0,486.9001,C
9223,1,02/05/24,17:05,8,0,180.8688,B
9223,1,02/05/24,17:05,9,0,529.4245,A
9223,1,02/05/24,17:05,10,0,3131.5118,B
9223,1,02/05/24,17:05,11,0,224.0842,C
9223,1,02/05/24,17:05,12,0,191.8116,E
9223,1,02/05/24,17:05,13,0,182.7218,E
9223,1,02/05/24,17:05,14,0,169.2105,D
9223,1,02/05/24,17:05,15,1,167.2997,C
9224,1,02/05/24,16:40,1,1,7702.8595,A
9224,1,02/05/24,16:40,2,0,8271.0947,A
9224,1,02/05/24,16:40,3,0,15265.2601,A
9224,1,02/05/24,16:40,4,0,16156.812,B
9224,1,02/05/24,16:40,5,1,42971.5286,B
9224,1,02/05/24,16:40,6,1,10323.8591,C
9224,1,02/05/24,16:40,7,1,17959.9973,B
9224,1,02/05/24,16:40,8,1,20062.0528,D
9224,1,02/05/24,16:40,9,1,6621.6771,E
9224,1,02/05/24,16:40,10,1,17092.7024,D
9224,1,02/05/24,16:40,11,1,10022.2209,A
9224,1,02/05/24,16:40,12,1,8096.4513,D
9224,1,02/05/24,16:40,13,0,11634.9437,C
9224,1,02/05/24,16:40,14,1,26971.7846,C
9224,1,02/05/24,16:40,15,0,28357.9125,D
9225,1,02/05/24,16:44,1,1,16094.5287,A
9225,1,02/05/24,16:44,2,0,14523.0835,E
9225,1,02/05/24,16:44,3,0,24303.2361,A
9225,1,02/05/24,16:44,4,1,37752.9734,C
9225,1,02/05/24,16:44,5,1,31430.0867,B
9225,1,02/05/24,16:44,6,1,9528.7022,C
9225,1,02/05/24,16:44,7,1,31310.4062,B
9225,1,02/05/24,16:44,8,1,16246.5565,D
9225,1,02/05/24,16:44,9,1,22116.0516,E
9225,1,02/05/24,16:44,10,1,25996.0115,D
9225,1,02/05/24,16:44,11,0,29898.0714,C
9225,1,02/05/24,16:44,12,0,10867.1268,E
9225,1,02/05/24,16:44,13,0,21037.8133,E
9225,1,02/05/24,16:44,14,0,0,E
9226,1,02/06/24,10:43,1,1,6237.5288,A
9226,1,02/06/24,10:43,2,0,7509.444,E
9226,1,02/06/24,10:43,3,0,35404.2548,A
9226,1,02/06/24,10:43,4,1,18788.5608,C
9226,1,02/06/24,10:43,5,1,19711.0054,B
9226,1,02/06/24,10:43,6,1,25222.4297,C
9226,1,02/06/24,10:43,7,1,14388.9117,B
9226,1,02/06/24,10:43,8,1,28625.1122,D
9226,1,02/06/24,10:43,9,1,7905.2716,E
9226,1,02/06/24,10:43,10,1,7905.2716,E
9226,1,02/06/24,10:43,11,1,10373.6468,A
9226,1,02/06/24,10:43,12,0,19982.3345,E
9226,1,02/06/24,10:43,13,1,16324.6416,A
9226,1,02/06/24,10:43,14,0,14612.5791,E
9226,1,02/06/24,10:43,15,0,12506.935,B
9227,1,02/06/24,11:25,1,1,15577.2345,A
9227,1,02/06/24,11:25,2,1,15577.2345,A
9227,1,02/06/24,11:25,3,0,23766.8766,A
9227,1,02/06/24,11:25,4,1,21872.8874,C
9227,1,02/06/24,11:25,5,1,26326.4941,B
9227,1,02/06/24,11:25,6,1,20157.6359,C
9227,1,02/06/24,11:25,7,0,15421.0892,E
9227,1,02/06/24,11:25,8,0,6920.8254,E
9227,1,02/06/24,11:25,9,0,5041.98,B
9227,1,02/06/24,11:25,10,0,5023.64,E
9227,1,02/06/24,11:25,11,0,3145.4241,C
9227,1,02/06/24,11:25,12,1,6361.9044,D
9227,1,02/06/24,11:25,13,0,4973.0925,D
9227,1,02/06/24,11:25,14,0,3990.7647,E
9227,1,02/06/24,11:25,15,0,2921.302,B
9228,1,02/06/24,13:49,1,1,8005.9902,A
9228,1,02/06/24,13:49,2,1,8005.9902,A
9228,1,02/06/24,13:49,3,0,22082.7273,B
9228,1,02/06/24,13:49,4,0,11284.9351,D
9228,1,02/06/24,13:49,5,0,15047.8712,E
9228,1,02/06/24,13:49,6,1,12547.0472,C
9228,1,02/06/24,13:49,7,0,12895.9842,E
9228,1,02/06/24,13:49,8,0,11223.0026,C
9228,1,02/06/24,13:49,9,0,16155.1037,C
9228,1,02/06/24,13:49,10,0,20381.126,E
9228,1,02/06/24,13:49,11,1,4656.1879,A
9228,1,02/06/24,13:49,12,1,7517.9587,D
9228,1,02/06/24,13:49,13,1,6613.9392,A
9228,1,02/06/24,13:49,14,0,4931.8742,E
9228,1,02/06/24,13:49,15,1,3287.4547,C
9229,1,02/06/24,14:18,1,0,2681.5566,C
9229,1,02/06/24,14:18,2,0,5805.3009,A
9229,1,02/06/24,14:18,3,0,3462.1754,B
9229,1,02/06/24,14:18,4,0,5103.2775,D
9229,1,02/06/24,14:18,5,0,2766.1395,A
9229,1,02/06/24,14:18,6,0,3936.6043,B
9229,1,02/06/24,14:18,7,0,2289.0062,A
9229,1,02/06/24,14:18,8,0,2289.0062,A
9229,1,02/06/24,14:18,9,0,4638.9493,A
9229,1,02/06/24,14:18,10,0,4659.9357,A
9229,1,02/06/24,14:18,11,0,6870.239,C
9229,1,02/06/24,14:18,12,0,5916.508,A
9229,1,02/06/24,14:18,13,0,7495.6501,E
9229,1,02/06/24,14:18,14,0,3218.6555,A
9229,1,02/06/24,14:18,15,0,2018.4983,B
9230,1,02/07/24,10:48,1,1,11020.4634,A
9230,1,02/07/24,10:48,2,1,12093.6315,D
9230,1,02/07/24,10:48,3,0,21648.9359,C
9230,1,02/07/24,10:48,4,1,16288.0469,C
9230,1,02/07/24,10:48,5,1,16288.0469,C
9230,1,02/07/24,10:48,6,1,14975.8214,C
9230,1,02/07/24,10:48,7,0,11966.2336,E
9230,1,02/07/24,10:48,8,1,31163.9134,D
9230,1,02/07/24,10:48,9,0,34855.7486,C
9230,1,02/07/24,10:48,10,0,38288.442,E
9230,1,02/07/24,10:48,11,1,22226.8551,A
9230,1,02/07/24,10:48,12,0,4.12829999998,A
9230,1,02/07/24,10:48,13,0,4.12829999998,A
9230,1,02/07/24,10:48,14,0,14515.3936,E
9230,1,02/07/24,10:48,15,0,3729.0548,E
9231,1,02/07/24,10:49,1,1,10506.2763,A
9231,1,02/07/24,10:49,2,1,10999.4037,D
9231,1,02/07/24,10:49,3,0,5468.6464,C
9231,1,02/07/24,10:49,4,1,12576.7641,C
9231,1,02/07/24,10:49,5,1,10094.7667,B
9231,1,02/07/24,10:49,6,1,9601.8548,C
9231,1,02/07/24,10:49,7,1,21690.4943,B
9231,1,02/07/24,10:49,8,1,8884.0168,D
9231,1,02/07/24,10:49,9,0,10851.7877,C
9231,1,02/07/24,10:49,10,1,15888.8559,D
9231,1,02/07/24,10:49,11,0,18670.7409,B
9231,1,02/07/24,10:49,12,0,10381.2575,E
9231,1,02/07/24,10:49,13,0,9009.5227,C
9231,1,02/07/24,10:49,14,0,14739.0528,D
9231,1,02/07/24,10:49,15,0,14739.0528,D
9232,1,02/07/24,13:50,1,1,17855.824,A
9232,1,02/07/24,13:50,2,1,19716.0419,D
9232,1,02/07/24,13:50,3,0,89817.3388,B
9232,1,02/07/24,13:50,4,1,31202.0042,C
9232,1,02/07/24,13:50,5,1,38006.2964,B
9232,1,02/07/24,13:50,6,1,9720.1561,C
9232,1,02/07/24,13:50,7,1,24086.3375,B
9232,1,02/07/24,13:50,8,1,33141.9841,D
9232,1,02/07/24,13:50,9,1,23542.7732,E
9232,1,02/07/24,13:50,10,0,0,E
9233,1,02/07/24,13:58,1,1,6695.1341,A
9233,1,02/07/24,13:58,2,1,16702.557,D
9233,1,02/07/24,13:58,3,0,17279.1437,B
9233,1,02/07/24,13:58,4,1,36404.7287,C
9233,1,02/07/24,13:58,5,1,19428.0708,B
9233,1,02/07/24,13:58,6,1,9273.6887,C
9233,1,02/07/24,13:58,7,1,13855.9291,B
9233,1,02/07/24,13:58,8,0,13867.4173,C
9233,1,02/07/24,13:58,9,1,14633.0877,E
9233,1,02/07/24,13:58,10,1,13197.7234,D
9233,1,02/07/24,13:58,11,1,12627.0982,A
9233,1,02/07/24,13:58,12,1,12627.0982,A
9233,1,02/07/24,13:58,13,1,73153.1378,A
9233,1,02/07/24,13:58,14,1,32271.184,C
9233,1,02/07/24,13:58,15,0,0,C
9234,1,02/07/24,14:23,1,1,11102.1261,A
9234,1,02/07/24,14:23,2,0,15061.5432,E
9234,1,02/07/24,14:23,3,0,36367.1354,A
9234,1,02/07/24,14:23,4,0,15113.8162,E
9234,1,02/07/24,14:23,5,0,39374.6976,C
9234,1,02/07/24,14:23,6,1,24702.4722,C
9234,1,02/07/24,14:23,7,0,18446.0154,C
9234,1,02/07/24,14:23,8,1,16030.4058,D
9234,1,02/07/24,14:23,9,0,29378.7223,C
9234,1,02/07/24,14:23,10,0,29378.7223,C
9234,1,02/07/24,14:23,11,0,8546.1551,E
9234,1,02/07/24,14:23,12,0,5509.1202,C
9234,1,02/07/24,14:23,13,0,5509.1202,C
9234,1,02/07/24,14:23,14,1,4069.72,C
9234,1,02/07/24,14:23,15,1,1254.0088,C
9235,1,02/07/24,17:00,1,1,8638.4121,A
9235,1,02/07/24,17:00,2,0,8448.6629,B
9235,1,02/07/24,17:00,3,0,55086.5632,B
9235,1,02/07/24,17:00,4,1,37946.8148,C
9235,1,02/07/24,17:00,5,1,13853.7294,B
9235,1,02/07/24,17:00,6,1,16248.9823,C
9235,1,02/07/24,17:00,7,0,14488.7646,A
9235,1,02/07/24,17:00,8,1,26028.5015,D
9235,1,02/07/24,17:00,9,1,18117.0988,E
9235,1,02/07/24,17:00,10,1,34314.8207,D
9235,1,02/07/24,17:00,11,1,10395.7493,A
9235,1,02/07/24,17:00,12,1,10395.7493,A
9235,1,02/07/24,17:00,13,1,11841.4423,A
9235,1,02/07/24,17:00,14,0,0,A
9236,1,02/07/24,16:39,1,1,15591.0076,A
9236,1,02/07/24,16:39,2,1,14013.8598,D
9236,1,02/07/24,16:39,3,0,9943.7809,A
9236,1,02/07/24,16:39,4,1,38899.4457,C
9236,1,02/07/24,16:39,5,1,13576.9645,B
9236,1,02/07/24,16:39,6,1,33858.1201,C
9236,1,02/07/24,16:39,7,1,17608.9725,B
9236,1,02/07/24,16:39,8,0,98590.9416,E
9236,1,02/07/24,16:39,9,1,45794.4876,E
9236,1,02/07/24,16:39,10,0,0,E
9237,1,02/08/24,16:25,1,1,6236.1277,A
9237,1,02/08/24,16:25,2,1,6236.1277,A
9237,1,02/08/24,16:25,3,0,6662.1593,A
9237,1,02/08/24,16:25,4,1,2477.5193,C
9237,1,02/08/24,16:25,5,1,9344.4164,B
9237,1,02/08/24,16:25,6,1,13049.1419,C
9237,1,02/08/24,16:25,7,0,936.1162,C
9237,1,02/08/24,16:25,8,0,576.6275,B
9237,1,02/08/24,16:25,9,0,576.6275,B
9237,1,02/08/24,16:25,10,0,4647.8682,E
9237,1,02/08/24,16:25,11,0,2392.2457,C
9237,1,02/08/24,16:25,12,0,2392.2457,C
9237,1,02/08/24,16:25,13,1,5622.0057,A
9237,1,02/08/24,16:25,14,0,3401.3959,D
9237,1,02/08/24,16:25,15,0,2644.1203,E
9238,1,02/08/24,17:00,1,1,6296.7346,A
9238,1,02/08/24,17:00,2,1,14922.1984,D
9238,1,02/08/24,17:00,3,0,16021.8012,E
9238,1,02/08/24,17:00,4,1,30260.5836,C
9238,1,02/08/24,17:00,5,1,15559.576,B
9238,1,02/08/24,17:00,6,1,9007.6435,C
9238,1,02/08/24,17:00,7,0,15250.6903,A
9238,1,02/08/24,17:00,8,0,6543.8837,E
9238,1,02/08/24,17:00,9,0,6543.8837,E
9238,1,02/08/24,17:00,10,0,6543.8837,E
9238,1,02/08/24,17:00,11,1,8434.4158,A
9238,1,02/08/24,17:00,12,0,5227.4532,E
9238,1,02/08/24,17:00,13,1,12871.7199,A
9238,1,02/08/24,17:00,14,1,24750.0426,C
9238,1,02/08/24,17:00,15,1,24750.0426,C
9239,1,02/09/24,10:41,1,1,7064.6166,A
9239,1,02/09/24,10:41,2,1,7064.6166,A
9239,1,02/09/24,10:41,3,0,104410.7658,A
9239,1,02/09/24,10:41,4,1,41458.9593,C
9239,1,02/09/24,10:41,5,1,34044.8172,B
9239,1,02/09/24,10:41,6,1,33434.516,C
9239,1,02/09/24,10:41,7,1,33434.516,C
9239,1,02/09/24,10:41,8,0,0,C
9240,1,02/09/24,10:37,1,1,7964.446,A
9240,1,02/09/24,10:37,2,1,20909.4173,D
9240,1,02/09/24,10:37,3,0,29803.9297,A
9240,1,02/09/24,10:37,4,0,37373.4372,B
9240,1,02/09/24,10:37,5,1,30820.6999,B
9240,1,02/09/24,10:37,6,1,32349.1951,C
9240,1,02/09/24,10:37,7,1,16198.5215,B
9240,1,02/09/24,10:37,8,0,22912.9216,B
9240,1,02/09/24,10:37,9,1,41198.3546,E
9240,1,02/09/24,10:37,10,1,45126.2459,D
9240,1,02/09/24,10:37,11,0,0,D
9241,1,02/09/24,11:18,1,1,10478.9064,A
9241,1,02/09/24,11:18,2,1,10478.9064,A
9241,1,02/09/24,11:18,3,0,36684.4109,A
9241,1,02/09/24,11:18,4,1,39130.2088,C
9241,1,02/09/24,11:18,5,0,52274.2754,E
9241,1,02/09/24,11:18,6,1,18350.8926,C
9241,1,02/09/24,11:18,7,1,20529.0918,B
9241,1,02/09/24,11:18,8,1,20529.0918,B
9241,1,02/09/24,11:18,9,1,24704.0376,E
9241,1,02/09/24,11:18,10,0,0,E
9242,1,02/09/24,14:09,1,0,1430.6158,C
9242,1,02/09/24,14:09,2,0,2110.4785,B
9242,1,02/09/24,14:09,3,0,2169.8358,E
9242,1,02/09/24,14:09,4,0,2087.7039,B
9242,1,02/09/24,14:09,5,0,5089.6357,E
9242,1,02/09/24,14:09,6,0,4030.1668,E
9242,1,02/09/24,14:09,7,0,907.5764,C
9242,1,02/09/24,14:09,8,0,1729.7824,E
9242,1,02/09/24,14:09,9,0,5881.0744,C
9242,1,02/09/24,14:09,10,0,7057.0756,C
9242,1,02/09/24,14:09,11,0,1430.1694,C
9242,1,02/09/24,14:09,12,0,718.7608,E
9242,1,02/09/24,14:09,13,1,1121.1893,A
9242,1,02/09/24,14:09,14,0,798.2456,B
9242,1,02/09/24,14:09,15,0,727.1434,D
9243,1,02/09/24,13:46,1,1,12429.5123,A
9243,1,02/09/24,13:46,2,0,5380.9433,C
9243,1,02/09/24,13:46,3,0,533.3607,E
9243,1,02/09/24,13:46,4,1,393.2681,C
9243,1,02/09/24,13:46,5,0,315.5068,E
9243,1,02/09/24,13:46,6,1,260.2883,C
9243,1,02/09/24,13:46,7,1,294.1012,B
9243,1,02/09/24,13:46,8,0,329.2266,B
9243,1,02/09/24,13:46,9,0,329.2266,B
9243,1,02/09/24,13:46,10,0,309.876,E
9243,1,02/09/24,13:46,11,0,354.2842,E
9243,1,02/09/24,13:46,12,0,375.5223,B
9243,1,02/09/24,13:46,13,0,285.3293,C
9243,1,02/09/24,13:46,14,0,286.7197,D
9243,1,02/09/24,13:46,15,0,264.8481,E
9244,1,02/09/24,13:56,1,1,7447.5263,A
9244,1,02/09/24,13:56,2,0,13018.7944,E
9244,1,02/09/24,13:56,3,0,24822.6158,C
9244,1,02/09/24,13:56,4,1,31358.7781,C
9244,1,02/09/24,13:56,5,0,29532.359,E
9244,1,02/09/24,13:56,6,1,5991.2259,C
9244,1,02/09/24,13:56,7,1,27535.7881,B
9244,1,02/09/24,13:56,8,1,6577.266,D
9244,1,02/09/24,13:56,9,1,13090.9639,E
9244,1,02/09/24,13:56,10,0,17230.1909,E
9244,1,02/09/24,13:56,11,1,20934.6179,A
9244,1,02/09/24,13:56,12,1,6250.2671,D
9244,1,02/09/24,13:56,13,1,7692.7383,A
9244,1,02/09/24,13:56,14,1,14424.0735,C
9244,1,02/09/24,13:56,15,0,4428.4812,A
9245,1,02/09/24,16:58,1,1,16978.6658,A
9245,1,02/09/24,16:58,2,1,17742.864,D
9245,1,02/09/24,16:58,3,0,8944.7827,C
9245,1,02/09/24,16:58,4,1,12707.1166,C
9245,1,02/09/24,16:58,5,1,19905.3864,B
9245,1,02/09/24,16:58,6,1,12927.8724,C
9245,1,02/09/24,16:58,7,0,12349.6235,A
9245,1,02/09/24,16:58,8,0,5059.5047,A
9245,1,02/09/24,16:58,9,0,5065.3337,C
9245,1,02/09/24,16:58,10,0,10268.5628,E
9245,1,02/09/24,16:58,11,0,9900.7089,B
9245,1,02/09/24,16:58,12,0,4614.2181,E
9245,1,02/09/24,16:58,13,1,7345.1211,A
9245,1,02/09/24,16:58,14,0,13549.9323,A
9245,1,02/09/24,16:58,15,0,8745.1721,E
9246,1,02/09/24,17:10,1,1,8376.038,A
9246,1,02/09/24,17:10,2,1,9833.4146,D
9246,1,02/09/24,17:10,3,0,21303.1872,A
9246,1,02/09/24,17:10,4,0,18959.7367,B
9246,1,02/09/24,17:10,5,0,18959.7367,B
9246,1,02/09/24,17:10,6,1,33801.7114,C
9246,1,02/09/24,17:10,7,1,20252.6572,B
9246,1,02/09/24,17:10,8,0,14652.9377,E
9246,1,02/09/24,17:10,9,1,28022.7363,E
9246,1,02/09/24,17:10,10,1,28022.7363,E
9246,1,02/09/24,17:10,11,1,23476.0053,A
9246,1,02/09/24,17:10,12,1,21421.6674,D
9246,1,02/09/24,17:10,13,1,25624.5501,A
9246,1,02/09/24,17:10,14,0,0,A
9247,1,03/18/24,11:10,1,0,7940.1185,C
9247,1,03/18/24,11:10,2,0,16792.1585,C
9247,1,03/18/24,11:10,3,0,3231.9431,A
9247,1,03/18/24,11:10,4,0,8816.0263,E
9247,1,03/18/24,11:10,5,0,2239.6702,A
9247,1,03/18/24,11:10,6,0,3143.3334,A
9247,1,03/18/24,11:10,7,0,6665.8541,C
9247,1,03/18/24,11:10,8,0,2995.0797,A
9247,1,03/18/24,11:10,9,0,1678.2115,A
9247,1,03/18/24,11:10,10,0,4692.1806,B
9247,1,03/18/24,11:10,11,0,4300.4475,C
9247,1,03/18/24,11:10,12,0,4580.559,B
9247,1,03/18/24,11:10,13,0,2347.4462,C
9247,1,03/18/24,11:10,14,0,3619.1251,E
9247,1,03/18/24,11:10,15,0,6591.6414,B
9248,1,03/18/24,11:06,1,1,13355.3632,A
9248,1,03/18/24,11:06,2,1,12736.9,D
9248,1,03/18/24,11:06,3,1,154483.0848,D
9248,1,03/18/24,11:06,4,1,40828.357,C
9248,1,03/18/24,11:06,5,1,21918.3536,B
9248,1,03/18/24,11:06,6,1,12087.0563,C
9248,1,03/18/24,11:06,7,0,42306.3836,E
9248,1,03/18/24,11:06,8,0,0,E
9249,1,03/18/24,14:03,1,1,9078.7607,A
9249,1,03/18/24,14:03,2,0,31849.6593,A
9249,1,03/18/24,14:03,3,0,78604.3006,A
9249,1,03/18/24,14:03,4,1,61110.0313,C
9249,1,03/18/24,14:03,5,1,29707.4171,B
9249,1,03/18/24,14:03,6,1,9107.8055,C
9249,1,03/18/24,14:03,7,1,9107.8055,C
9249,1,03/18/24,14:03,8,1,43519.601,D
9249,1,03/18/24,14:03,9,0,0,D
9251,1,03/18/24,13:36,1,1,7098.8485,A
9251,1,03/18/24,13:36,2,1,10592.642,D
9251,1,03/18/24,13:36,3,0,24297.0904,A
9251,1,03/18/24,13:36,4,1,18344.5058,C
9251,1,03/18/24,13:36,5,1,13252.3346,B
9251,1,03/18/24,13:36,6,1,7745.5745,C
9251,1,03/18/24,13:36,7,0,11427.4401,C
9251,1,03/18/24,13:36,8,0,7365.351,E
9251,1,03/18/24,13:36,9,0,5088.4372,C
9251,1,03/18/24,13:36,10,0,3868.2242,B
9251,1,03/18/24,13:36,11,0,1804.444,D
9251,1,03/18/24,13:36,12,0,1767.528,A
9251,1,03/18/24,13:36,13,0,3640.7833,C
9251,1,03/18/24,13:36,14,0,3640.7833,C
9251,1,03/18/24,13:36,15,0,1751.644,E
9252,1,03/18/24,16:53,1,1,12197.9772,A
9252,1,03/18/24,16:53,2,0,28687.9175,E
9252,1,03/18/24,16:53,3,0,30282.6197,E
9252,1,03/18/24,16:53,4,1,12726.27,C
9252,1,03/18/24,16:53,5,1,32724.8076,B
9252,1,03/18/24,16:53,6,1,22827.9796,C
9252,1,03/18/24,16:53,7,0,23667.1211,E
9252,1,03/18/24,16:53,8,0,20655.7021,E
9252,1,03/18/24,16:53,9,0,16868.8534,C
9252,1,03/18/24,16:53,10,0,44338.3559,A
9252,1,03/18/24,16:53,11,1,8063.0911,A
9252,1,03/18/24,16:53,12,0,11488.3087,E
9252,1,03/18/24,16:53,13,1,10914.5094,A
9252,1,03/18/24,16:53,14,1,8825.2816,C
9252,1,03/18/24,16:53,15,0,0,C
9253,1,03/18/24,16:55,1,1,6100.9332,A
9253,1,03/18/24,16:55,2,1,22142.5839,D
9253,1,03/18/24,16:55,3,0,39611.887,A
9253,1,03/18/24,16:55,4,1,33304.0109,C
9253,1,03/18/24,16:55,5,1,58324.9615,B
9253,1,03/18/24,16:55,6,1,23575.9514,C
9253,1,03/18/24,16:55,7,0,16328.9347,C
9253,1,03/18/24,16:55,8,0,12822.595,C
9253,1,03/18/24,16:55,9,1,23387.3663,E
9253,1,03/18/24,16:55,10,0,4249.8805,E
9253,1,03/18/24,16:55,11,1,10068.3075,A
9253,1,03/18/24,16:55,12,1,37678.8771,D
9253,1,03/18/24,16:55,13,0,0,D
9254,1,03/19/24,11:08,1,1,9857.4641,A
9254,1,03/19/24,11:08,2,1,38529.024,D
9254,1,03/19/24,11:08,3,0,19536.7021,C
9254,1,03/19/24,11:08,4,0,29794.992,E
9254,1,03/19/24,11:08,5,0,29794.992,E
9254,1,03/19/24,11:08,6,0,29794.992,E
9254,1,03/19/24,11:08,7,0,26430.2141,E
9254,1,03/19/24,11:08,8,0,26430.2141,E
9254,1,03/19/24,11:08,9,0,10015.5583,C
9254,1,03/19/24,11:08,10,0,10015.5583,C
9254,1,03/19/24,11:08,11,0,10015.5583,C
9254,1,03/19/24,11:08,12,0,6500.3385,E
9254,1,03/19/24,11:08,13,1,17669.6094,A
9254,1,03/19/24,11:08,14,1,17669.6094,A
9254,1,03/19/24,11:08,15,1,17669.6094,A
9255,1,03/19/24,11:23,1,0,3805.4829,C
9255,1,03/19/24,11:23,2,1,10372.8518,D
9255,1,03/19/24,11:23,3,0,2335.9726,A
9255,1,03/19/24,11:23,4,1,4172.4571,C
9255,1,03/19/24,11:23,5,1,9023.0489,B
9255,1,03/19/24,11:23,6,0,1480.2986,B
9255,1,03/19/24,11:23,7,0,6507.0832,C
9255,1,03/19/24,11:23,8,0,2080.1368,C
9255,1,03/19/24,11:23,9,0,2409.3844,A
9255,1,03/19/24,11:23,10,0,2611.4967,C
9255,1,03/19/24,11:23,11,0,3802.2016,C
9255,1,03/19/24,11:23,12,1,2563.2568,D
9255,1,03/19/24,11:23,13,0,2912.011,C
9255,1,03/19/24,11:23,14,1,8793.1718,C
9255,1,03/19/24,11:23,15,1,3889.818,C
9256,1,03/19/24,13:51,1,1,7790.6105,A
9256,1,03/19/24,13:51,2,0,7937.2251,E
9256,1,03/19/24,13:51,3,0,54461.4192,E
9256,1,03/19/24,13:51,4,1,19736.8793,C
9256,1,03/19/24,13:51,5,1,17915.9835,B
9256,1,03/19/24,13:51,6,1,5926.9336,C
9256,1,03/19/24,13:51,7,1,41923.0991,B
9256,1,03/19/24,13:51,8,1,27408.0747,D
9256,1,03/19/24,13:51,9,1,24292.3394,E
9256,1,03/19/24,13:51,10,0,9261.2777,E
9256,1,03/19/24,13:51,11,1,17183.7821,A
9256,1,03/19/24,13:51,12,1,17183.7821,A
9256,1,03/19/24,13:51,13,0,39397.7889,D
9256,1,03/19/24,13:51,14,0,0,D
9257,1,03/19/24,13:50,1,1,5802.5432,A
9257,1,03/19/24,13:50,2,1,23993.4471,D
9257,1,03/19/24,13:50,3,0,19798.8484,B
9257,1,03/19/24,13:50,4,1,15950.0113,C
9257,1,03/19/24,13:50,5,0,19115.6298,A
9257,1,03/19/24,13:50,6,0,10511.8862,E
9257,1,03/19/24,13:50,7,0,23922.1937,E
9257,1,03/19/24,13:50,8,0,14829.0862,A
9257,1,03/19/24,13:50,9,0,8056.3717,C
9257,1,03/19/24,13:50,10,0,8056.3717,C
9257,1,03/19/24,13:50,11,1,11444.7113,A
9257,1,03/19/24,13:50,12,0,4156.4733,E
9257,1,03/19/24,13:50,13,1,5508.4972,A
9257,1,03/19/24,13:50,14,1,7704.5392,C
9257,1,03/19/24,13:50,15,0,8495.3673,B
9258,1,03/19/24,14:12,1,1,10001.8691,A
9258,1,03/19/24,14:12,2,0,22511.2118,A
9258,1,03/19/24,14:12,3,0,54399.4132,B
9258,1,03/19/24,14:12,4,0,15645.6414,D
9258,1,03/19/24,14:12,5,1,27819.3197,B
9258,1,03/19/24,14:12,6,1,41936.1753,C
9258,1,03/19/24,14:12,7,1,28041.8644,B
9258,1,03/19/24,14:12,8,0,44716.0943,B
9258,1,03/19/24,14:12,9,0,0,B
9259,1,03/19/24,17:03,1,1,10532.4252,A
9259,1,03/19/24,17:03,2,1,19496.3934,D
9259,1,03/19/24,17:03,3,0,124855.3353,A
9259,1,03/19/24,17:03,4,1,71956.1045,C
9259,1,03/19/24,17:03,5,1,16835.6327,B
9259,1,03/19/24,17:03,6,0,0,B
9260,1,03/20/24,10:44,1,0,28431.9564,D
9260,1,03/20/24,10:44,2,0,9020.6127,E
9260,1,03/20/24,10:44,3,0,36735.0515,B
9260,1,03/20/24,10:44,4,0,42727.5189,E
9260,1,03/20/24,10:44,5,1,24481.7642,B
9260,1,03/20/24,10:44,6,1,19650.606,C
9260,1,03/20/24,10:44,7,1,44650.6595,B
9260,1,03/20/24,10:44,8,0,14465.6428,E
9260,1,03/20/24,10:44,9,1,21619.9976,E
9260,1,03/20/24,10:44,10,1,9478.1173,D
9260,1,03/20/24,10:44,11,1,33324.0256,A
9260,1,03/20/24,10:44,12,0,0,A
9262,1,03/20/24,13:37,1,0,40.2386,C
9262,1,03/20/24,13:37,2,0,364.898,C
9262,1,03/20/24,13:37,3,1,247.6322,D
9262,1,03/20/24,13:37,4,0,232.8915,A
9262,1,03/20/24,13:37,5,1,235.5917,B
9262,1,03/20/24,13:37,6,1,191.1144,C
9262,1,03/20/24,13:37,7,0,478.6886,C
9262,1,03/20/24,13:37,8,0,294.3791,B
9262,1,03/20/24,13:37,9,0,447.7926,A
9262,1,03/20/24,13:37,10,0,538.3733,C
9262,1,03/20/24,13:37,11,0,152.4509,E
9262,1,03/20/24,13:37,12,0,136.5489,B
9262,1,03/20/24,13:37,13,0,312.8125,C
9262,1,03/20/24,13:37,14,0,229.8158,B
9262,1,03/20/24,13:37,15,1,192.6964,C
9263,1,03/20/24,16:51,1,1,10954.9105,A
9263,1,03/20/24,16:51,2,1,10954.9105,A
9263,1,03/20/24,16:51,3,0,33443.0957,A
9263,1,03/20/24,16:51,4,0,25980.5667,D
9263,1,03/20/24,16:51,5,1,28081.2087,B
9263,1,03/20/24,16:51,6,0,31837.3234,E
9263,1,03/20/24,16:51,7,0,17854.0293,D
9263,1,03/20/24,16:51,8,0,24713.3334,C
9263,1,03/20/24,16:51,9,0,6898.8602,A
9263,1,03/20/24,16:51,10,1,31425.0772,D
9263,1,03/20/24,16:51,11,1,10949.3997,A
9263,1,03/20/24,16:51,12,1,10949.3997,A
9263,1,03/20/24,16:51,13,1,21936.5489,A
9263,1,03/20/24,16:51,14,0,13513.1577,D
9263,1,03/20/24,16:51,15,0,0,D
9264,1,03/20/24,17:19,1,0,49825.5017,B
9264,1,03/20/24,17:19,2,0,12137.345,E
9264,1,03/20/24,17:19,3,0,53904.153,A
9264,1,03/20/24,17:19,4,1,57798.8391,C
9264,1,03/20/24,17:19,5,1,25477.2524,B
9264,1,03/20/24,17:19,6,1,17966.231,C
9264,1,03/20/24,17:19,7,1,50997.2159,B
9264,1,03/20/24,17:19,8,1,50997.2159,B
9264,1,03/20/24,17:19,9,0,0,B
9265,1,03/21/24,13:41,1,1,5356.3375,A
9265,1,03/21/24,13:41,2,0,19906.4082,E
9265,1,03/21/24,13:41,3,0,19906.4082,E
9265,1,03/21/24,13:41,4,0,850.5414,B
9265,1,03/21/24,13:41,5,1,8967.6533,B
9265,1,03/21/24,13:41,6,0,4178.4789,B
9265,1,03/21/24,13:41,7,0,6524.731,C
9265,1,03/21/24,13:41,8,0,5786.5357,C
9265,1,03/21/24,13:41,9,0,3496.6136,D
9265,1,03/21/24,13:41,10,0,520.4132,C
9265,1,03/21/24,13:41,11,0,703.0442,C
9265,1,03/21/24,13:41,12,0,377.6279,C
9265,1,03/21/24,13:41,13,0,375.6897,C
9265,1,03/21/24,13:41,14,1,373.7743,C
9265,1,03/21/24,13:41,15,1,356.4071,C
9266,1,03/22/24,10:53,1,1,25848.9558,A
9266,1,03/22/24,10:53,2,1,14725.3307,D
9266,1,03/22/24,10:53,3,0,30019.2831,B
9266,1,03/22/24,10:53,4,0,3364.7458,E
9266,1,03/22/24,10:53,5,1,21216.3991,B
9266,1,03/22/24,10:53,6,0,18892.3677,D
9266,1,03/22/24,10:53,7,0,7073.5787,D
9266,1,03/22/24,10:53,8,0,5628.1084,B
9266,1,03/22/24,10:53,9,1,3235.9056,E
9266,1,03/22/24,10:53,10,0,1193.4014,A
9266,1,03/22/24,10:53,11,0,1545.1523,C
9266,1,03/22/24,10:53,12,0,893.4223,B
9266,1,03/22/24,10:53,13,0,893.4223,B
9266,1,03/22/24,10:53,14,0,2157.1395,B
9266,1,03/22/24,10:53,15,1,1034.5736,C
9267,1,03/22/24,13:57,1,1,6115.1319,A
9267,1,03/22/24,13:57,2,0,17359.7494,E
9267,1,03/22/24,13:57,3,0,35040.6685,C
9267,1,03/22/24,13:57,4,1,21479.5313,C
9267,1,03/22/24,13:57,5,1,10978,B
9267,1,03/22/24,13:57,6,1,7185.4245,C
9267,1,03/22/24,13:57,7,1,13826.1142,B
9267,1,03/22/24,13:57,8,1,27695.1746,D
9267,1,03/22/24,13:57,9,1,14760.2964,E
9267,1,03/22/24,13:57,10,1,14760.2964,E
9267,1,03/22/24,13:57,11,1,18026.6661,A
9267,1,03/22/24,13:57,12,1,6020.4194,D
9267,1,03/22/24,13:57,13,0,63939.628,E
9267,1,03/22/24,13:57,14,1,16679.3699,C
9267,1,03/22/24,13:57,15,0,28152.0396,B
9268,1,03/22/24,13:56,1,1,8028.5636,A
9268,1,03/22/24,13:56,2,1,34897.1081,D
9268,1,03/22/24,13:56,3,0,106587.2622,E
9268,1,03/22/24,13:56,4,1,51842.5556,C
9268,1,03/22/24,13:56,5,1,22776.0028,B
9268,1,03/22/24,13:56,6,1,22612.8376,C
9268,1,03/22/24,13:56,7,1,27368.2818,B
9268,1,03/22/24,13:56,8,0,0,B
9269,1,03/22/24,17:09,1,1,6629.7082,A
9269,1,03/22/24,17:09,2,0,19437.1826,E
9269,1,03/22/24,17:09,3,0,44645.3596,A
9269,1,03/22/24,17:09,4,0,6412.9886,E
9269,1,03/22/24,17:09,5,1,26948.1895,B
9269,1,03/22/24,17:09,6,0,15842.254,D
9269,1,03/22/24,17:09,7,1,19351.5392,B
9269,1,03/22/24,17:09,8,0,4810.4816,E
9269,1,03/22/24,17:09,9,0,1180.7865,B
9269,1,03/22/24,17:09,10,1,3938.285,D
9269,1,03/22/24,17:09,11,0,2646.4015,C
9269,1,03/22/24,17:09,12,0,2646.4015,C
9269,1,03/22/24,17:09,13,0,8381.0748,C
9269,1,03/22/24,17:09,14,0,11744.9193,E
9269,1,03/22/24,17:09,15,1,12154.5015,C
9270,1,03/22/24,17:06,1,0,13906.9265,B
9270,1,03/22/24,17:06,2,0,15515.4141,A
9270,1,03/22/24,17:06,3,0,20999.068,B
9270,1,03/22/24,17:06,4,1,23809.3687,C
9270,1,03/22/24,17:06,5,0,20338.6523,A
9270,1,03/22/24,17:06,6,0,43761.5885,E
9270,1,03/22/24,17:06,7,1,56009.8691,B
9270,1,03/22/24,17:06,8,1,56009.8691,B
9270,1,03/22/24,17:06,9,0,34814.0825,B
9270,1,03/22/24,17:06,10,0,0,B
9271,1,03/27/24,16:44,1,0,15995.2213,C
9271,1,03/27/24,16:44,2,1,31156.5931,D
9271,1,03/27/24,16:44,3,0,18650.5698,A
9271,1,03/27/24,16:44,4,1,28434.4924,C
9271,1,03/27/24,16:44,5,1,17745.7827,B
9271,1,03/27/24,16:44,6,1,6623.8978,C
9271,1,03/27/24,16:44,7,0,23823.1551,D
9271,1,03/27/24,16:44,8,0,23823.1551,D
9271,1,03/27/24,16:44,9,1,52964.8085,E
9271,1,03/27/24,16:44,10,0,8864.4042,E
9271,1,03/27/24,16:44,11,0,8632.6004,D
9271,1,03/27/24,16:44,12,1,11323.1508,D
9271,1,03/27/24,16:44,13,1,11323.1508,D
9271,1,03/27/24,16:44,14,0,0,D
