subid,installerName,mode,trialnum,correctAnswer,theirAnswer,match,startTime,responseTime,date,time
9002,UTA Session 2,practice,1,B,E,0,2384.675,15.5999999999999,10/10/2022 12:00:00 AM,10:12:25.8475858
9002,UTA Session 2,practice,2,B,B,1,2472.601,21.0679999999998,10/10/2022 12:00:00 AM,10:13:59.2393680
9002,UTA Session 2,practice,3,C,C,1,2496.532,10.8959999999997,10/10/2022 12:00:00 AM,10:14:12.9979223
9002,UTA Session 2,practice,4,A,A,1,2508.673,19.835,10/10/2022 12:00:00 AM,10:14:34.0783174
9002,UTA Session 2,trial,1,B,A,0,2543.835,12.0160000000001,10/10/2022 12:00:00 AM,10:15:01.4241075
9002,UTA Session 2,trial,2,B,E,0,2559.663,11.7750000000001,10/10/2022 12:00:00 AM,10:15:17.0086848
9002,UTA Session 2,trial,3,C,C,1,2574.315,17.011,10/10/2022 12:00:00 AM,10:15:36.8972777
9002,UTA Session 2,trial,4,A,A,1,2594.311,7.49399999999969,10/10/2022 12:00:00 AM,10:15:47.3766977
9002,UTA Session 2,trial,5,B,D,0,2604.934,10.2109999999998,10/10/2022 12:00:00 AM,10:16:00.7171322
9002,UTA Session 2,trial,6,D,A,0,2618.098,3.65300000000025,10/10/2022 12:00:00 AM,10:16:07.3224990
9002,UTA Session 2,trial,7,B,E,0,2624.711,10.3630000000003,10/10/2022 12:00:00 AM,10:16:20.6448604
9002,UTA Session 2,trial,8,D,A,0,2637.77,10.665,10/10/2022 12:00:00 AM,10:16:34.0065292
9002,UTA Session 2,trial,9,C,C,1,2651.644,9.37700000000041,10/10/2022 12:00:00 AM,10:16:46.5930476
9002,UTA Session 2,trial,10,C,B,0,2663.93,11.1130000000003,10/10/2022 12:00:00 AM,10:17:00.6148426
9002,UTA Session 2,trial,11,B,B,1,2677.99,9.48100000000022,10/10/2022 12:00:00 AM,10:17:13.0428058
9002,UTA Session 2,trial,12,E,B,0,2690.371,8.4699999999998,10/10/2022 12:00:00 AM,10:17:24.4127492
9002,UTA Session 2,trial,13,B,C,0,2702.253,17.52,10/10/2022 12:00:00 AM,10:17:45.3445658
9002,UTA Session 2,trial,14,A,A,1,2722.72,6.11700000000019,10/10/2022 12:00:00 AM,10:17:54.4092075
9002,UTA Session 2,trial,15,E,A,0,2731.816,6.99500000000035,10/10/2022 12:00:00 AM,10:18:04.3827230
9002,UTA Session 2,trial,16,B,C,0,2741.927,11.7919999999999,10/10/2022 12:00:00 AM,10:18:19.2904155
9002,UTA Session 2,trial,17,A,B,0,2756.753,13.8909999999996,10/10/2022 12:00:00 AM,10:18:36.2146620
9002,UTA Session 2,trial,18,D,B,0,2773.551,13.0439999999999,10/10/2022 12:00:00 AM,10:18:52.1667627
9002,UTA Session 2,trial,19,E,E,1,2790.299,8.45800000000008,10/10/2022 12:00:00 AM,10:19:04.3290370
9002,UTA Session 2,trial,20,D,E,0,2801.528,15.9790000000003,10/10/2022 12:00:00 AM,10:19:23.0793636
9002,UTA Session 2,trial,21,A,B,0,2820.526,21.0770000000002,10/10/2022 12:00:00 AM,10:19:47.1739829
9002,UTA Session 2,trial,22,A,A,1,2845.413,3.95800000000008,10/10/2022 12:00:00 AM,10:19:54.9436476
9002,UTA Session 2,trial,23,D,C,0,2852.164,14.761,10/10/2022 12:00:00 AM,10:20:12.4975188
9002,UTA Session 2,trial,24,D,D,1,2869.725,12.9500000000003,10/10/2022 12:00:00 AM,10:20:28.2465435
9002,UTA Session 2,trial,25,E,B,0,2885.904,7.03900000000021,10/10/2022 12:00:00 AM,10:20:38.5151069
9002,UTA Session 2,trial,26,D,B,0,2896.021,7.55999999999995,10/10/2022 12:00:00 AM,10:20:49.1528876
9002,UTA Session 2,trial,27,E,C,0,2906.384,15.1089999999999,10/10/2022 12:00:00 AM,10:21:07.0644047
9002,UTA Session 2,trial,28,C,B,0,2924.352,5.69200000000001,10/10/2022 12:00:00 AM,10:21:15.6163325
9002,UTA Session 2,trial,29,C,C,1,2932.739,6.44599999999991,10/10/2022 12:00:00 AM,10:21:24.7575770
9002,UTA Session 2,trial,30,D,D,1,2941.911,8.87599999999975,10/10/2022 12:00:00 AM,10:21:36.3596102
9002,UTA Session 2,trial,31,C,E,0,2953.497,22.752,10/10/2022 12:00:00 AM,10:22:01.8205159
9002,UTA Session 2,trial,32,E,E,1,2979.054,9.53099999999995,10/10/2022 12:00:00 AM,10:22:14.1569332
9002,UTA Session 2,trial,33,A,D,0,2991.249,6.89400000000023,10/10/2022 12:00:00 AM,10:22:23.7155379
9001,UTA Session 2,practice,1,B,C,0,2869.914,8.0939999999996,10/10/2022 12:00:00 AM,10:13:26.0892983
9001,UTA Session 2,practice,2,B,B,1,2939.283,10.9340000000002,10/10/2022 12:00:00 AM,10:14:38.2955383
9001,UTA Session 2,practice,3,C,E,0,2951.801,5.54399999999987,10/10/2022 12:00:00 AM,10:14:45.4246786
9001,UTA Session 2,practice,4,A,C,0,2957.928,6.96900000000005,10/10/2022 12:00:00 AM,10:14:52.9759095
9001,UTA Session 2,trial,1,B,B,1,2983.699,7.96199999999999,10/10/2022 12:00:00 AM,10:15:19.7412197
9001,UTA Session 2,trial,2,B,A,0,2995.1,7.1869999999999,10/10/2022 12:00:00 AM,10:15:30.3652962
9001,UTA Session 2,trial,3,C,C,1,3005.626,6.23899999999958,10/10/2022 12:00:00 AM,10:15:39.9439299
9001,UTA Session 2,trial,4,A,A,1,3014.822,6.49699999999984,10/10/2022 12:00:00 AM,10:15:49.3969994
9001,UTA Session 2,trial,5,B,B,1,3024.342,10.569,10/10/2022 12:00:00 AM,10:16:02.9888601
9001,UTA Session 2,trial,6,D,D,1,3037.884,10.8180000000002,10/10/2022 12:00:00 AM,10:16:16.7799195
9001,UTA Session 2,trial,7,B,B,1,3052.113,20.6280000000002,10/10/2022 12:00:00 AM,10:16:40.8181660
9001,UTA Session 2,trial,8,D,A,0,3075.804,8.64899999999989,10/10/2022 12:00:00 AM,10:16:52.5309267
9001,UTA Session 2,trial,9,C,C,1,3087.936,5.73099999999977,10/10/2022 12:00:00 AM,10:17:01.7445406
9001,UTA Session 2,trial,10,C,C,1,3096.675,8.73999999999978,10/10/2022 12:00:00 AM,10:17:13.4920591
9001,UTA Session 2,trial,11,B,D,0,3108.391,4.19799999999987,10/10/2022 12:00:00 AM,10:17:20.6661857
9001,UTA Session 2,trial,12,E,C,0,3120.667,15.4880000000003,10/10/2022 12:00:00 AM,10:17:44.2313004
9001,UTA Session 2,trial,13,B,D,0,3139.442,14.0169999999998,10/10/2022 12:00:00 AM,10:18:01.5354230
9001,UTA Session 2,trial,14,A,E,0,3156.628,6.79299999999967,10/10/2022 12:00:00 AM,10:18:11.4965928
9001,UTA Session 2,trial,15,E,A,0,3166.769,6.596,10/10/2022 12:00:00 AM,10:18:21.4413711
9001,UTA Session 2,trial,16,B,B,1,3179.719,16.2559999999999,10/10/2022 12:00:00 AM,10:18:44.0507900
9001,UTA Session 2,trial,17,A,A,1,3199.587,8.53400000000011,10/10/2022 12:00:00 AM,10:18:56.1959295
9001,UTA Session 2,trial,18,D,B,0,3212.103,13.9059999999999,10/10/2022 12:00:00 AM,10:19:14.0836969
9001,UTA Session 2,trial,19,E,B,0,3229.46,7.3449999999998,10/10/2022 12:00:00 AM,10:19:24.8788335
9001,UTA Session 2,trial,20,D,D,1,3240.717,8.94000000000005,10/10/2022 12:00:00 AM,10:19:37.7306870
9001,UTA Session 2,trial,21,A,B,0,3252.828,11.0540000000001,10/10/2022 12:00:00 AM,10:19:51.9560955
9001,UTA Session 2,trial,22,A,B,0,3267.113,6.50600000000031,10/10/2022 12:00:00 AM,10:20:01.6930607
9001,UTA Session 2,trial,23,D,D,1,3277.141,15.9099999999999,10/10/2022 12:00:00 AM,10:20:21.1254856
9001,UTA Session 2,trial,24,D,E,0,3296.196,6.53900000000021,10/10/2022 12:00:00 AM,10:20:30.8092604
9001,UTA Session 2,trial,25,E,E,1,3305.97,6.51800000000003,10/10/2022 12:00:00 AM,10:20:40.5626403
9001,UTA Session 2,trial,26,D,D,1,3315.403,8.40800000000036,10/10/2022 12:00:00 AM,10:20:51.8841837
9001,UTA Session 2,trial,27,E,A,0,3326.872,10.0750000000003,10/10/2022 12:00:00 AM,10:21:05.0207086
9001,UTA Session 2,trial,28,C,E,0,3340.419,15.931,10/10/2022 12:00:00 AM,10:21:24.4233484
9001,UTA Session 2,trial,29,C,E,0,3359.523,11.6979999999999,10/10/2022 12:00:00 AM,10:21:39.2938733
9001,UTA Session 2,trial,30,D,D,1,3374.167,5.05600000000004,10/10/2022 12:00:00 AM,10:21:47.2953874
9001,UTA Session 2,trial,31,C,E,0,3382.119,7.79999999999973,10/10/2022 12:00:00 AM,10:21:57.9913362
9001,UTA Session 2,trial,32,E,C,0,3392.852,14.4390000000003,10/10/2022 12:00:00 AM,10:22:15.3624193
9001,UTA Session 2,trial,33,A,E,0,3410.507,13.5059999999999,10/10/2022 12:00:00 AM,10:22:32.0847698
9001,UTA Session 2,trial,34,E,E,1,3427.287,3.94300000000021,10/10/2022 12:00:00 AM,10:22:39.3010828
9003,UTA Session 2,practice,1,B,D,0,2035.34,24.1340000000002,10/10/2022 12:00:00 AM,11:06:27.6533215
9003,UTA Session 2,practice,2,B,B,1,2087.756,4.79899999999998,10/10/2022 12:00:00 AM,11:07:00.7324630
9003,UTA Session 2,practice,3,C,C,1,2093.713,3.90599999999995,10/10/2022 12:00:00 AM,11:07:05.7964095
9003,UTA Session 2,practice,4,A,E,0,2098.923,4.92000000000007,10/10/2022 12:00:00 AM,11:07:12.0206252
9003,UTA Session 2,trial,1,B,A,0,2115.055,4.85200000000032,10/10/2022 12:00:00 AM,11:07:28.0859910
9003,UTA Session 2,trial,2,B,E,0,2126.069,6.48000000000002,10/10/2022 12:00:00 AM,11:07:40.7274133
9003,UTA Session 2,trial,3,C,C,1,2135.365,5.15200000000004,10/10/2022 12:00:00 AM,11:07:48.6946751
9003,UTA Session 2,trial,4,A,A,1,2144.283,5.94599999999991,10/10/2022 12:00:00 AM,11:07:58.4072835
9003,UTA Session 2,trial,5,B,E,0,2153.113,7.07799999999997,10/10/2022 12:00:00 AM,11:08:08.3695012
9003,UTA Session 2,trial,6,D,D,1,2165.19,6.96099999999979,10/10/2022 12:00:00 AM,11:08:20.3292515
9003,UTA Session 2,trial,7,B,B,1,2174.902,17.1970000000001,10/10/2022 12:00:00 AM,11:08:40.2777217
9003,UTA Session 2,trial,8,D,E,0,2194.973,9.76400000000012,10/10/2022 12:00:00 AM,11:08:52.9161915
9003,UTA Session 2,trial,9,C,A,0,2207.399,10.1130000000003,10/10/2022 12:00:00 AM,11:09:05.6903710
9003,UTA Session 2,trial,10,C,C,1,2220.619,3.44599999999991,10/10/2022 12:00:00 AM,11:09:12.2431571
9003,UTA Session 2,trial,11,B,D,0,2226.989,5.43399999999974,10/10/2022 12:00:00 AM,11:09:20.6017168
9003,UTA Session 2,trial,12,E,C,0,2236.67,5.9369999999999,10/10/2022 12:00:00 AM,11:09:30.7858660
9003,UTA Session 2,trial,13,B,C,0,2245.589,11.4099999999999,10/10/2022 12:00:00 AM,11:09:45.1780152
9003,UTA Session 2,trial,14,A,E,0,2261.132,8.46500000000015,10/10/2022 12:00:00 AM,11:09:57.7761409
9003,UTA Session 2,trial,15,E,A,0,2272.882,4.19500000000016,10/10/2022 12:00:00 AM,11:10:05.2563383
9003,UTA Session 2,trial,16,B,B,1,2280.1,9.24900000000025,10/10/2022 12:00:00 AM,11:10:17.5286989
9003,UTA Session 2,trial,17,A,E,0,2292.513,5.55000000000018,10/10/2022 12:00:00 AM,11:10:26.2428005
9003,UTA Session 2,trial,18,D,B,0,2300.998,6.52799999999979,10/10/2022 12:00:00 AM,11:10:35.7042806
9003,UTA Session 2,trial,19,E,B,0,2311.084,7.24300000000039,10/10/2022 12:00:00 AM,11:10:46.5059561
9003,UTA Session 2,trial,20,D,E,0,2321.302,7.96599999999989,10/10/2022 12:00:00 AM,11:10:57.4466706
9003,UTA Session 2,trial,21,A,B,0,2332.517,11.7450000000003,10/10/2022 12:00:00 AM,11:11:12.4407982
9003,UTA Session 2,trial,22,A,A,1,2347.991,6.34799999999996,10/10/2022 12:00:00 AM,11:11:22.5189344
9003,UTA Session 2,trial,23,D,D,1,2357.378,7.18899999999985,10/10/2022 12:00:00 AM,11:11:32.7469542
9003,UTA Session 2,trial,24,D,A,0,2367.436,22.6439999999998,10/10/2022 12:00:00 AM,11:11:58.2599716
9003,UTA Session 2,trial,25,E,D,0,2393.283,8.8119999999999,10/10/2022 12:00:00 AM,11:12:10.2761097
9003,UTA Session 2,trial,26,D,A,0,2404.642,8.85500000000002,10/10/2022 12:00:00 AM,11:12:21.6768213
9003,UTA Session 2,trial,27,E,A,0,2416.394,0.501000000000204,10/10/2022 12:00:00 AM,11:12:25.0748924
9003,UTA Session 2,trial,28,C,D,0,2419.746,11.5009999999997,10/10/2022 12:00:00 AM,11:12:39.4269653
9003,UTA Session 2,trial,29,C,A,0,2434.091,4.89000000000033,10/10/2022 12:00:00 AM,11:12:47.1607309
9003,UTA Session 2,trial,30,D,C,0,2441.946,8.91100000000006,10/10/2022 12:00:00 AM,11:12:59.0375575
9003,UTA Session 2,trial,31,C,B,0,2453.675,5.61499999999978,10/10/2022 12:00:00 AM,11:13:07.4694273
9003,UTA Session 2,trial,32,E,A,0,2462.544,6.40300000000025,10/10/2022 12:00:00 AM,11:13:17.1273342
9003,UTA Session 2,trial,33,A,D,0,2471.854,1.0630000000001,10/10/2022 12:00:00 AM,11:13:21.0974627
9003,UTA Session 2,trial,34,E,A,0,2475.465,4.08999999999969,10/10/2022 12:00:00 AM,11:13:27.7354636
9003,UTA Session 2,trial,35,C,D,0,2486.279,3.154,10/10/2022 12:00:00 AM,11:13:37.6135127
9005,UTA Session 2,practice,1,B,A,0,2408.632,38.386,10/10/2022 12:00:00 AM,12:58:05.1517689
9005,UTA Session 2,practice,2,B,B,1,2587.627,23.837,10/10/2022 12:00:00 AM,13:00:49.5962742
9005,UTA Session 2,practice,3,C,C,1,2613.214,9.10400000000027,10/10/2022 12:00:00 AM,13:01:00.4507693
9005,UTA Session 2,practice,4,A,A,1,2624.009,11.4949999999999,10/10/2022 12:00:00 AM,13:01:13.6369505
9005,UTA Session 2,trial,1,B,A,0,2675.614,20.6729999999998,10/10/2022 12:00:00 AM,13:02:14.4221192
9005,UTA Session 2,trial,2,B,E,0,2704.534,11.0740000000001,10/10/2022 12:00:00 AM,13:02:33.7403366
9005,UTA Session 2,trial,3,C,C,1,2726.716,20.163,10/10/2022 12:00:00 AM,13:03:05.0125822
9005,UTA Session 2,trial,4,A,A,1,2751.228,5.47699999999986,10/10/2022 12:00:00 AM,13:03:14.8388045
9005,UTA Session 2,trial,5,B,A,0,2761.059,15.7469999999998,10/10/2022 12:00:00 AM,13:03:34.9392083
9005,UTA Session 2,trial,6,D,C,0,2784.281,6.58699999999999,10/10/2022 12:00:00 AM,13:03:49.0004819
9005,UTA Session 2,trial,7,B,B,1,2799.697,9.44499999999971,10/10/2022 12:00:00 AM,13:04:07.2761172
9005,UTA Session 2,trial,8,D,A,0,2812.799,15.7550000000001,10/10/2022 12:00:00 AM,13:04:26.6867782
9005,UTA Session 2,trial,9,C,C,1,2834.331,24.2179999999998,10/10/2022 12:00:00 AM,13:04:56.6827993
9005,UTA Session 2,trial,10,C,C,1,2863,15.6100000000001,10/10/2022 12:00:00 AM,13:05:16.7438376
9005,UTA Session 2,trial,11,B,D,0,2881.895,7.59099999999989,10/10/2022 12:00:00 AM,13:05:27.6194281
9005,UTA Session 2,trial,12,E,C,0,2896.543,15.8119999999999,10/10/2022 12:00:00 AM,13:05:50.4899710
9005,UTA Session 2,trial,13,B,D,0,2920.418,9.86899999999969,10/10/2022 12:00:00 AM,13:06:08.4208221
9005,UTA Session 2,trial,14,A,A,1,2935.146,11.7629999999999,10/10/2022 12:00:00 AM,13:06:25.0431218
9005,UTA Session 2,trial,15,E,C,0,2950.276,9.48700000000008,10/10/2022 12:00:00 AM,13:06:37.8967305
9005,UTA Session 2,trial,16,B,B,1,2970.11,19.0729999999999,10/10/2022 12:00:00 AM,13:07:07.3171173
9005,UTA Session 2,trial,17,A,A,1,2992.451,17.5700000000002,10/10/2022 12:00:00 AM,13:07:28.1546439
9005,UTA Session 2,trial,18,D,B,0,3013.455,8.95000000000027,10/10/2022 12:00:00 AM,13:07:40.5387751
9005,UTA Session 2,trial,19,E,E,1,3032.901,15.136,10/10/2022 12:00:00 AM,13:08:06.1714170
9005,UTA Session 2,trial,20,D,E,0,3051.411,12.2840000000001,10/10/2022 12:00:00 AM,13:08:21.8293625
9005,UTA Session 2,trial,21,A,A,1,3068.008,10.2560000000003,10/10/2022 12:00:00 AM,13:08:36.3977888
9005,UTA Session 2,trial,22,A,A,1,3081.549,11.6790000000001,10/10/2022 12:00:00 AM,13:08:51.3620120
9005,UTA Session 2,trial,23,D,D,1,3096.584,5.55300000000034,10/10/2022 12:00:00 AM,13:09:00.2716435
9005,UTA Session 2,trial,24,D,D,1,3105.805,7.71199999999999,10/10/2022 12:00:00 AM,13:09:11.6508178
9005,UTA Session 2,trial,25,E,D,0,3116.956,11.9259999999999,10/10/2022 12:00:00 AM,13:09:27.0165256
9004,UTA Session 2,practice,1,B,B,1,1897.538,17.146,10/10/2022 12:00:00 AM,13:53:13.1066552
9004,UTA Session 2,practice,2,B,B,1,1971.163,24.2159999999999,10/10/2022 12:00:00 AM,13:54:33.7992020
9004,UTA Session 2,practice,3,C,E,0,1996.738,7.22499999999991,10/10/2022 12:00:00 AM,13:54:42.3835914
9004,UTA Session 2,practice,4,A,E,0,2008.588,4.55899999999997,10/10/2022 12:00:00 AM,13:54:51.5670939
9004,UTA Session 2,trial,1,B,A,0,2024.457,7.71299999999997,10/10/2022 12:00:00 AM,13:55:10.5919479
9004,UTA Session 2,trial,2,B,A,0,2036.342,4.83499999999981,10/10/2022 12:00:00 AM,13:55:19.5976823
9004,UTA Session 2,trial,3,C,A,0,2047.056,5.91899999999987,10/10/2022 12:00:00 AM,13:55:31.3955813
9004,UTA Session 2,trial,4,A,A,1,2059.78,4.79899999999998,10/10/2022 12:00:00 AM,13:55:42.9993193
9004,UTA Session 2,trial,5,B,C,0,2067.472,11.0359999999996,10/10/2022 12:00:00 AM,13:55:56.9274787
9004,UTA Session 2,trial,6,D,D,1,2081.36,16.973,10/10/2022 12:00:00 AM,13:56:16.7537346
9004,UTA Session 2,trial,7,B,E,0,2101.389,19.1259999999997,10/10/2022 12:00:00 AM,13:56:38.9353094
9004,UTA Session 2,trial,8,D,A,0,2123.487,5.1579999999999,10/10/2022 12:00:00 AM,13:56:47.0645781
9004,UTA Session 2,trial,9,C,C,1,2131.728,9.98700000000008,10/10/2022 12:00:00 AM,13:57:00.1353369
9004,UTA Session 2,trial,10,C,C,1,2144.748,3.58599999999979,10/10/2022 12:00:00 AM,13:57:06.7533107
9004,UTA Session 2,trial,11,B,B,1,2151.253,12.6849999999999,10/10/2022 12:00:00 AM,13:57:22.3579835
9004,UTA Session 2,trial,12,E,C,0,2166.898,7.64300000000003,10/10/2022 12:00:00 AM,13:57:32.9603030
9004,UTA Session 2,trial,13,B,C,0,2183.365,8.63400000000001,10/10/2022 12:00:00 AM,13:57:50.4186893
9004,UTA Session 2,trial,14,A,A,1,2196.465,3.71399999999994,10/10/2022 12:00:00 AM,13:57:58.5984391
9004,UTA Session 2,trial,15,E,A,0,2203.266,7.38299999999981,10/10/2022 12:00:00 AM,13:58:09.0689728
9004,UTA Session 2,trial,16,B,C,0,2214.503,6.65299999999979,10/10/2022 12:00:00 AM,13:58:19.5748110
9004,UTA Session 2,trial,17,A,A,1,2224.562,20.779,10/10/2022 12:00:00 AM,13:58:43.7602400
9004,UTA Session 2,trial,18,D,B,0,2248.747,10.3040000000001,10/10/2022 12:00:00 AM,13:58:57.4701095
9004,UTA Session 2,trial,19,E,D,0,2263.994,26.1059999999998,10/10/2022 12:00:00 AM,13:59:28.5180513
9004,UTA Session 2,trial,20,D,C,0,2292.79,8.05600000000004,10/10/2022 12:00:00 AM,13:59:39.2638214
9004,UTA Session 2,trial,21,A,A,1,2306.711,4.46000000000004,10/10/2022 12:00:00 AM,13:59:49.5900245
9004,UTA Session 2,trial,22,A,A,1,2314.006,4.32300000000032,10/10/2022 12:00:00 AM,13:59:56.7483979
9004,UTA Session 2,trial,23,D,D,1,2321.339,10.498,10/10/2022 12:00:00 AM,14:00:10.2557330
9004,UTA Session 2,trial,24,D,D,1,2335.112,3.20399999999972,10/10/2022 12:00:00 AM,14:00:16.7334942
9004,UTA Session 2,trial,25,E,B,0,2341.075,3.7810000000004,10/10/2022 12:00:00 AM,14:00:23.2750118
9004,UTA Session 2,trial,26,D,B,0,2347.998,3.33399999999983,10/10/2022 12:00:00 AM,14:00:29.7498454
9004,UTA Session 2,trial,27,E,B,0,2354.358,3.2819999999997,10/10/2022 12:00:00 AM,14:00:36.0578565
9004,UTA Session 2,trial,28,C,B,0,2361.102,8.28800000000001,10/10/2022 12:00:00 AM,14:00:47.8074815
9004,UTA Session 2,trial,29,C,C,1,2372.509,2.10199999999986,10/10/2022 12:00:00 AM,14:00:53.0292357
9004,UTA Session 2,trial,30,D,C,0,2377.591,8.45100000000002,10/10/2022 12:00:00 AM,14:01:04.4598560
9004,UTA Session 2,trial,31,C,B,0,2388.851,4.48999999999978,10/10/2022 12:00:00 AM,14:01:11.7592120
9004,UTA Session 2,trial,32,E,C,0,2396.482,2.89899999999989,10/10/2022 12:00:00 AM,14:01:17.7993279
9004,UTA Session 2,trial,33,A,B,0,2402.262,1.85500000000002,10/10/2022 12:00:00 AM,14:01:22.5349982
9004,UTA Session 2,trial,34,E,A,0,2409.089,4.42700000000013,10/10/2022 12:00:00 AM,14:01:31.9333587
9004,UTA Session 2,trial,35,C,C,1,2418.152,9.11799999999994,10/10/2022 12:00:00 AM,14:01:45.6878402
9007,UTA Session 2,practice,1,B,B,1,1970.48,33.163,10/11/2022 12:00:00 AM,10:08:26.9770245
9007,UTA Session 2,practice,2,B,B,1,2066.76,13.9459999999999,10/11/2022 12:00:00 AM,10:09:44.0393408
9007,UTA Session 2,practice,3,C,C,1,2082.212,9.51400000000012,10/11/2022 12:00:00 AM,10:09:55.0598597
9007,UTA Session 2,practice,4,A,C,0,2092.9,12.4560000000001,10/11/2022 12:00:00 AM,10:10:08.6893830
9007,UTA Session 2,trial,1,B,B,1,2123.84,14.7979999999998,10/11/2022 12:00:00 AM,10:10:41.9729918
9007,UTA Session 2,trial,2,B,B,1,2141.709,10.5660000000003,10/11/2022 12:00:00 AM,10:10:55.6095951
9007,UTA Session 2,trial,3,C,B,0,2155.358,11.8039999999996,10/11/2022 12:00:00 AM,10:11:10.4964805
9007,UTA Session 2,trial,4,A,A,1,2172.498,6.50599999999986,10/11/2022 12:00:00 AM,10:11:22.3391208
9007,UTA Session 2,trial,5,B,A,0,2181.955,22.2730000000001,10/11/2022 12:00:00 AM,10:11:47.5632070
9007,UTA Session 2,trial,6,D,C,0,2207.401,20.5920000000001,10/11/2022 12:00:00 AM,10:12:11.3274495
9007,UTA Session 2,trial,7,B,C,0,2230.966,10.8200000000002,10/11/2022 12:00:00 AM,10:12:25.1213028
9007,UTA Session 2,trial,8,D,A,0,2246.209,12.3230000000003,10/11/2022 12:00:00 AM,10:12:41.8677299
9007,UTA Session 2,trial,9,C,C,1,2264.301,27.2269999999999,10/11/2022 12:00:00 AM,10:13:14.8637117
9007,UTA Session 2,trial,10,C,D,0,2301.532,12.0049999999997,10/11/2022 12:00:00 AM,10:13:36.8731369
9007,UTA Session 2,trial,11,B,E,0,2323.383,12.0750000000003,10/11/2022 12:00:00 AM,10:13:58.7941984
9007,UTA Session 2,trial,12,E,B,0,2342.565,9.95299999999997,10/11/2022 12:00:00 AM,10:14:15.8540448
9007,UTA Session 2,trial,13,B,B,1,2361.769,14.2340000000004,10/11/2022 12:00:00 AM,10:14:39.3403422
9007,UTA Session 2,trial,14,A,A,1,2379.856,8.80799999999999,10/11/2022 12:00:00 AM,10:14:52.0003577
9007,UTA Session 2,trial,15,E,A,0,2391.671,17.6950000000002,10/11/2022 12:00:00 AM,10:15:12.7029553
9007,UTA Session 2,trial,16,B,C,0,2413.74,10.0250000000001,10/11/2022 12:00:00 AM,10:15:27.1028997
9007,UTA Session 2,trial,17,A,A,1,2429.133,10.962,10/11/2022 12:00:00 AM,10:15:43.4324029
9007,UTA Session 2,trial,18,D,D,1,2443.841,11.1840000000002,10/11/2022 12:00:00 AM,10:15:58.3634653
9007,UTA Session 2,trial,19,E,C,0,2457.845,9.86000000000013,10/11/2022 12:00:00 AM,10:16:11.0428299
9007,UTA Session 2,trial,20,D,D,1,2473.026,7.08500000000004,10/11/2022 12:00:00 AM,10:16:23.4495999
9007,UTA Session 2,trial,21,A,A,1,2482.821,15.806,10/11/2022 12:00:00 AM,10:16:41.9644919
9007,UTA Session 2,trial,22,A,A,1,2501.835,9.29700000000003,10/11/2022 12:00:00 AM,10:16:54.4704890
9007,UTA Session 2,trial,23,D,D,1,2514.386,11.1669999999999,10/11/2022 12:00:00 AM,10:17:08.8917552
9007,UTA Session 2,trial,24,D,E,0,2528.478,10.3910000000001,10/11/2022 12:00:00 AM,10:17:22.2073269
9007,UTA Session 2,trial,25,E,E,1,2541.821,13.0100000000002,10/11/2022 12:00:00 AM,10:17:38.1699706
9007,UTA Session 2,trial,26,D,D,1,2557.561,9.55499999999984,10/11/2022 12:00:00 AM,10:17:50.4538196
9007,UTA Session 2,trial,27,E,A,0,2569.776,7.01000000000022,10/11/2022 12:00:00 AM,10:18:00.1253299
9006,UTA Session 2,practice,1,B,B,1,2770.021,19.1609999999996,10/11/2022 12:00:00 AM,10:24:24.5127840
9006,UTA Session 2,practice,2,B,C,0,2799.139,14.6990000000001,10/11/2022 12:00:00 AM,10:24:49.1677217
9006,UTA Session 2,practice,3,C,B,0,2823.68,9.75600000000031,10/11/2022 12:00:00 AM,10:25:08.7651558
9006,UTA Session 2,practice,4,A,B,0,2841.766,5.2170000000001,10/11/2022 12:00:00 AM,10:25:22.3122646
9006,UTA Session 2,trial,1,B,B,1,2902.506,19.348,10/11/2022 12:00:00 AM,10:26:37.1841941
9006,UTA Session 2,trial,2,B,E,0,2925.872,10.4100000000003,10/11/2022 12:00:00 AM,10:26:51.6112904
9006,UTA Session 2,trial,3,C,D,0,2943.635,10.127,10/11/2022 12:00:00 AM,10:27:09.0903292
9006,UTA Session 2,trial,4,A,A,1,2960.991,4.04399999999987,10/11/2022 12:00:00 AM,10:27:20.3643972
9006,UTA Session 2,trial,5,B,B,1,2968.044,6.5920000000001,10/11/2022 12:00:00 AM,10:27:29.9646352
9006,UTA Session 2,trial,6,D,A,0,2978.019,8.91700000000037,10/11/2022 12:00:00 AM,10:27:42.2656287
9006,UTA Session 2,trial,7,B,E,0,2991.071,10.1890000000003,10/11/2022 12:00:00 AM,10:27:56.5886156
9006,UTA Session 2,trial,8,D,B,0,3005.232,4.44000000000005,10/11/2022 12:00:00 AM,10:28:05.0006766
9006,UTA Session 2,trial,9,C,A,0,3012.652,4.5659999999998,10/11/2022 12:00:00 AM,10:28:12.5455782
9006,UTA Session 2,trial,10,C,D,0,3020.48,8.07099999999991,10/11/2022 12:00:00 AM,10:28:23.8800672
9006,UTA Session 2,trial,11,B,D,0,3031.688,6.14799999999968,10/11/2022 12:00:00 AM,10:28:33.1637468
9006,UTA Session 2,trial,12,E,B,0,3044.563,5.13699999999972,10/11/2022 12:00:00 AM,10:28:45.0286815
9006,UTA Session 2,trial,13,B,B,1,3053.227,7.34100000000035,10/11/2022 12:00:00 AM,10:28:55.8961110
9006,UTA Session 2,trial,14,A,D,0,3063.784,33.3150000000001,10/11/2022 12:00:00 AM,10:29:32.4283645
9006,UTA Session 2,trial,15,E,C,0,3102.109,2.52399999999989,10/11/2022 12:00:00 AM,10:29:39.9607477
9006,UTA Session 2,trial,16,B,C,0,3108.007,5.28200000000015,10/11/2022 12:00:00 AM,10:29:48.6169498
9006,UTA Session 2,trial,17,A,B,0,3116.893,5.09000000000015,10/11/2022 12:00:00 AM,10:29:57.3112936
9006,UTA Session 2,trial,18,D,B,0,3126.4,2.01999999999998,10/11/2022 12:00:00 AM,10:30:03.7486153
9006,UTA Session 2,trial,19,E,B,0,3133.344,2.52399999999989,10/11/2022 12:00:00 AM,10:30:11.1952162
9006,UTA Session 2,trial,20,D,D,1,3138.814,1.41200000000026,10/11/2022 12:00:00 AM,10:30:15.5547719
9006,UTA Session 2,trial,21,A,C,0,3143.589,1.3130000000001,10/11/2022 12:00:00 AM,10:30:20.2303213
9006,UTA Session 2,trial,22,A,E,0,3148.135,0.483999999999924,10/11/2022 12:00:00 AM,10:30:23.9470099
9006,UTA Session 2,trial,23,D,B,0,3151.485,1.26600000000008,10/11/2022 12:00:00 AM,10:30:28.0788545
9006,UTA Session 2,trial,24,D,D,1,3156.895,5.971,10/11/2022 12:00:00 AM,10:30:38.1945332
9006,UTA Session 2,trial,25,E,A,0,3165.744,5.45100000000002,10/11/2022 12:00:00 AM,10:30:46.5241934
9006,UTA Session 2,trial,26,D,B,0,3176.391,3.37899999999991,10/11/2022 12:00:00 AM,10:30:55.0976419
9006,UTA Session 2,trial,27,E,D,0,3182.845,2.01999999999998,10/11/2022 12:00:00 AM,10:31:00.1931135
9006,UTA Session 2,trial,28,C,C,1,3187.857,3.26900000000023,10/11/2022 12:00:00 AM,10:31:06.4542804
9006,UTA Session 2,trial,29,C,E,0,3197.994,8.88400000000001,10/11/2022 12:00:00 AM,10:31:22.2058984
9006,UTA Session 2,trial,30,D,D,1,3209.939,10.1020000000003,10/11/2022 12:00:00 AM,10:31:35.3698275
9006,UTA Session 2,trial,31,C,E,0,3224.176,25.0250000000001,10/11/2022 12:00:00 AM,10:32:04.5291988
9006,UTA Session 2,trial,32,E,B,0,3252.178,1.32099999999991,10/11/2022 12:00:00 AM,10:32:08.8264503
9006,UTA Session 2,trial,33,A,C,0,3256.872,0.434999999999945,10/11/2022 12:00:00 AM,10:32:12.6341539
9006,UTA Session 2,trial,34,E,C,0,3260.192,0.460999999999785,10/11/2022 12:00:00 AM,10:32:15.9803529
9006,UTA Session 2,trial,35,C,B,0,3263.651,2.76999999999998,10/11/2022 12:00:00 AM,10:32:21.7485469
9009,UTA Session 2,practice,1,B,B,1,1943.883,6.14400000000001,10/11/2022 12:00:00 AM,13:05:58.1075595
9009,UTA Session 2,practice,2,B,E,0,2002.13,5.16499999999996,10/11/2022 12:00:00 AM,13:06:55.3734022
9009,UTA Session 2,practice,3,C,C,1,2012.101,8.78599999999983,10/11/2022 12:00:00 AM,13:07:08.9649248
9009,UTA Session 2,practice,4,A,A,1,2021.849,5.47299999999996,10/11/2022 12:00:00 AM,13:07:15.4005143
9009,UTA Session 2,trial,1,B,B,1,2038.082,8.60199999999986,10/11/2022 12:00:00 AM,13:07:34.7633472
9009,UTA Session 2,trial,2,B,A,0,2049.548,5.74800000000005,10/11/2022 12:00:00 AM,13:07:43.3739792
9009,UTA Session 2,trial,3,C,B,0,2061.804,5.86400000000003,10/11/2022 12:00:00 AM,13:07:55.7451002
9009,UTA Session 2,trial,4,A,A,1,2070.663,6.41499999999996,10/11/2022 12:00:00 AM,13:08:05.1564463
9009,UTA Session 2,trial,5,B,B,1,2080.071,7.90300000000025,10/11/2022 12:00:00 AM,13:08:16.0508931
9009,UTA Session 2,trial,6,D,C,0,2090.794,9.84799999999996,10/11/2022 12:00:00 AM,13:08:28.7189918
9009,UTA Session 2,trial,7,B,E,0,2103.437,11.797,10/11/2022 12:00:00 AM,13:08:43.3110537
9009,UTA Session 2,trial,8,D,D,1,2118.213,8.8439999999996,10/11/2022 12:00:00 AM,13:08:55.1341599
9009,UTA Session 2,trial,9,C,D,0,2129.828,12.1489999999999,10/11/2022 12:00:00 AM,13:09:10.0527721
9009,UTA Session 2,trial,10,C,A,0,2144.639,5.83399999999983,10/11/2022 12:00:00 AM,13:09:18.5490843
9009,UTA Session 2,trial,11,B,B,1,2156.385,7.029,10/11/2022 12:00:00 AM,13:09:31.4902923
9009,UTA Session 2,trial,12,E,E,1,2166.231,8.7529999999997,10/11/2022 12:00:00 AM,13:09:43.0598728
9009,UTA Session 2,trial,13,B,B,1,2177.63,10.7779999999998,10/11/2022 12:00:00 AM,13:09:56.4842065
9009,UTA Session 2,trial,14,A,A,1,2191.236,8.21199999999999,10/11/2022 12:00:00 AM,13:10:07.5236710
9009,UTA Session 2,trial,15,E,E,1,2202.239,20.5790000000002,10/11/2022 12:00:00 AM,13:10:30.8929584
9009,UTA Session 2,trial,16,B,B,1,2225.465,12.9279999999999,10/11/2022 12:00:00 AM,13:10:46.4679229
9009,UTA Session 2,trial,17,A,A,1,2241.186,6.90200000000004,10/11/2022 12:00:00 AM,13:10:56.1625600
9009,UTA Session 2,trial,18,D,D,1,2250.71,18.076,10/11/2022 12:00:00 AM,13:11:16.8610528
9009,UTA Session 2,trial,19,E,E,1,2271.33,13.9140000000002,10/11/2022 12:00:00 AM,13:11:33.3176596
9009,UTA Session 2,trial,20,D,D,1,2287.919,20.297,10/11/2022 12:00:00 AM,13:11:56.2896271
9009,UTA Session 2,trial,21,A,A,1,2310.887,14.3849999999998,10/11/2022 12:00:00 AM,13:12:13.3457411
9009,UTA Session 2,trial,22,A,A,1,2327.987,6.98500000000013,10/11/2022 12:00:00 AM,13:12:23.0447526
9009,UTA Session 2,trial,23,D,D,1,2337.758,7.67600000000039,10/11/2022 12:00:00 AM,13:12:33.5070944
9009,UTA Session 2,trial,24,D,D,1,2348.074,3.75300000000016,10/11/2022 12:00:00 AM,13:12:39.8997126
9009,UTA Session 2,trial,25,E,B,0,2354.336,8.74800000000005,10/11/2022 12:00:00 AM,13:12:51.1568964
9009,UTA Session 2,trial,26,D,B,0,2366.311,7.61499999999978,10/11/2022 12:00:00 AM,13:13:01.9990103
9009,UTA Session 2,trial,27,E,E,1,2376.921,13.1170000000002,10/11/2022 12:00:00 AM,13:13:18.1101450
9009,UTA Session 2,trial,28,C,C,1,2392.632,9.70399999999972,10/11/2022 12:00:00 AM,13:13:30.4080683
9009,UTA Session 2,trial,29,C,A,0,2404.95,13.98,10/11/2022 12:00:00 AM,13:13:47.0015545
9009,UTA Session 2,trial,30,D,E,0,2421.667,4.65300000000025,10/11/2022 12:00:00 AM,13:13:54.3919049
9009,UTA Session 2,trial,31,C,A,0,2428.989,10.5450000000001,10/11/2022 12:00:00 AM,13:14:07.6052418
9009,UTA Session 2,trial,32,E,A,0,2442.515,12.4780000000001,10/11/2022 12:00:00 AM,13:14:23.0647864
9009,UTA Session 2,trial,33,A,B,0,2457.697,5.66899999999987,10/11/2022 12:00:00 AM,13:14:31.4382459
9009,UTA Session 2,trial,34,E,A,0,2466.223,3.04100000000017,10/11/2022 12:00:00 AM,13:14:37.3346510
9009,UTA Session 2,trial,35,C,C,1,2473.506,8.73600000000033,10/11/2022 12:00:00 AM,13:14:50.3126421
999,UTA Session 2,practice,1,B,C,0,163.516,8.97800000000001,10/11/2022 12:00:00 AM,14:50:36.9537588
9010,UTA Session 2,practice,1,B,B,1,2478.158,13.098,10/11/2022 12:00:00 AM,15:59:33.0702016
9010,UTA Session 2,practice,2,B,B,1,2516.762,16,10/11/2022 12:00:00 AM,16:00:14.5748196
9010,UTA Session 2,practice,3,C,C,1,2534.392,3.48600000000033,10/11/2022 12:00:00 AM,16:00:19.6904537
9010,UTA Session 2,practice,4,A,C,0,2539.073,12.4929999999999,10/11/2022 12:00:00 AM,16:00:33.3787144
9010,UTA Session 2,trial,1,B,A,0,2564.686,7.96900000000005,10/11/2022 12:00:00 AM,16:00:54.4695043
9010,UTA Session 2,trial,2,B,B,1,2576.043,4.29199999999992,10/11/2022 12:00:00 AM,16:01:02.1486922
9010,UTA Session 2,trial,3,C,C,1,2583.811,5.46599999999989,10/11/2022 12:00:00 AM,16:01:11.0908204
9010,UTA Session 2,trial,4,A,A,1,2592.125,6.02700000000004,10/11/2022 12:00:00 AM,16:01:19.9659138
9010,UTA Session 2,trial,5,B,E,0,2601.436,9.84699999999975,10/11/2022 12:00:00 AM,16:01:33.0968124
9010,UTA Session 2,trial,6,D,A,0,2614.339,10.2260000000001,10/11/2022 12:00:00 AM,16:01:46.3793116
9010,UTA Session 2,trial,7,B,C,0,2627.914,3.67999999999984,10/11/2022 12:00:00 AM,16:01:53.4075309
9010,UTA Session 2,trial,8,D,A,0,2634.938,6.72399999999971,10/11/2022 12:00:00 AM,16:02:03.4747193
9010,UTA Session 2,trial,9,C,C,1,2644.537,6.93000000000029,10/11/2022 12:00:00 AM,16:02:13.2812026
9010,UTA Session 2,trial,10,C,A,0,2654.487,2.51199999999972,10/11/2022 12:00:00 AM,16:02:18.8134200
9010,UTA Session 2,trial,11,B,D,0,2659.934,4.7489999999998,10/11/2022 12:00:00 AM,16:02:26.4962112
9010,UTA Session 2,trial,12,E,C,0,2669.017,8.78900000000021,10/11/2022 12:00:00 AM,16:02:39.6190086
9010,UTA Session 2,trial,13,B,D,0,2680.849,4.06399999999985,10/11/2022 12:00:00 AM,16:02:46.7272275
9010,UTA Session 2,trial,14,A,A,1,2688.57,9.76699999999983,10/11/2022 12:00:00 AM,16:03:00.1513426
9010,UTA Session 2,trial,15,E,E,1,2701.32,4.37300000000005,10/11/2022 12:00:00 AM,16:03:07.5072515
9010,UTA Session 2,trial,16,B,B,1,2711.128,8.18199999999979,10/11/2022 12:00:00 AM,16:03:21.1238787
9010,UTA Session 2,trial,17,A,E,0,2722.267,12.498,10/11/2022 12:00:00 AM,16:03:36.5795052
9010,UTA Session 2,trial,18,D,B,0,2738.308,5.84400000000005,10/11/2022 12:00:00 AM,16:03:45.9661019
9010,UTA Session 2,trial,19,E,E,1,2747.296,12.9870000000001,10/11/2022 12:00:00 AM,16:04:02.0972997
9010,UTA Session 2,trial,20,D,D,1,2763.108,6.6609999999996,10/11/2022 12:00:00 AM,16:04:11.5833917
9010,UTA Session 2,trial,21,A,A,1,2772.569,9.98399999999992,10/11/2022 12:00:00 AM,16:04:24.3671147
9010,UTA Session 2,trial,22,A,A,1,2785.356,5.57899999999972,10/11/2022 12:00:00 AM,16:04:32.7496821
9010,UTA Session 2,trial,23,D,E,0,2793.951,7.11799999999994,10/11/2022 12:00:00 AM,16:04:42.8829060
9010,UTA Session 2,trial,24,D,D,1,2804.753,2.47599999999966,10/11/2022 12:00:00 AM,16:04:49.0434753
9010,UTA Session 2,trial,25,E,E,1,2809.903,7.01600000000008,10/11/2022 12:00:00 AM,16:04:58.7330118
9010,UTA Session 2,trial,26,D,D,1,2819.684,6.30299999999988,10/11/2022 12:00:00 AM,16:05:07.8015108
9010,UTA Session 2,trial,27,E,E,1,2828.903,9.44200000000001,10/11/2022 12:00:00 AM,16:05:20.1599191
9010,UTA Session 2,trial,28,C,C,1,2841.051,11.2200000000003,10/11/2022 12:00:00 AM,16:05:34.0856961
9010,UTA Session 2,trial,29,C,B,0,2855.168,6.56099999999969,10/11/2022 12:00:00 AM,16:05:43.5436335
9010,UTA Session 2,trial,30,D,E,0,2865.275,10.9899999999998,10/11/2022 12:00:00 AM,16:05:58.0792599
9010,UTA Session 2,trial,31,C,D,0,2879.142,6.57300000000032,10/11/2022 12:00:00 AM,16:06:07.5292002
9010,UTA Session 2,trial,32,E,C,0,2888.809,8.24599999999964,10/11/2022 12:00:00 AM,16:06:18.8690505
9010,UTA Session 2,trial,33,A,A,1,2900.058,5.69300000000021,10/11/2022 12:00:00 AM,16:06:27.5654715
9010,UTA Session 2,trial,34,E,A,0,2908.583,4.44000000000005,10/11/2022 12:00:00 AM,16:06:34.8376491
9010,UTA Session 2,trial,35,C,E,0,2920.234,9.79700000000003,10/11/2022 12:00:00 AM,16:06:51.8456872
9011,UTA Session 2,practice,1,B,B,1,30.346,23.115,10/11/2022 12:00:00 AM,16:07:27.7538061
9011,UTA Session 2,practice,2,B,E,0,105.166,13.091,10/11/2022 12:00:00 AM,16:08:32.5445811
9011,UTA Session 2,practice,3,C,E,0,124.555,8.035,10/11/2022 12:00:00 AM,16:08:46.8768156
9011,UTA Session 2,practice,4,A,A,1,138.044,13.837,10/11/2022 12:00:00 AM,16:09:06.1688236
9011,UTA Session 2,trial,1,B,D,0,204.769,15.994,10/11/2022 12:00:00 AM,16:10:15.0535408
9011,UTA Session 2,trial,2,B,B,1,229.024,8.01900000000001,10/11/2022 12:00:00 AM,16:10:31.3313890
9011,UTA Session 2,trial,3,C,D,0,240.373,7.05000000000001,10/11/2022 12:00:00 AM,16:10:41.7115311
9011,UTA Session 2,trial,4,A,A,1,250.643,13.382,10/11/2022 12:00:00 AM,16:10:58.3130773
9011,UTA Session 2,trial,5,B,D,0,267.174,8.75800000000004,10/11/2022 12:00:00 AM,16:11:10.2204744
9011,UTA Session 2,trial,6,D,C,0,279.049,14.011,10/11/2022 12:00:00 AM,16:11:27.3472546
9011,UTA Session 2,trial,7,B,A,0,296.309,9.22199999999998,10/11/2022 12:00:00 AM,16:11:39.8189984
9011,UTA Session 2,trial,8,D,B,0,314.383,16.704,10/11/2022 12:00:00 AM,16:12:05.3748903
9011,UTA Session 2,trial,9,C,B,0,335.037,10.191,10/11/2022 12:00:00 AM,16:12:19.5153104
9011,UTA Session 2,trial,10,C,C,1,348.217,15.936,10/11/2022 12:00:00 AM,16:12:38.4405181
9011,UTA Session 2,trial,11,B,B,1,370.653,5.43599999999998,10/11/2022 12:00:00 AM,16:12:50.3778868
9011,UTA Session 2,trial,12,E,A,0,379.626,10.652,10/11/2022 12:00:00 AM,16:13:04.5657605
9011,UTA Session 2,trial,13,B,B,1,394.179,6.65000000000003,10/11/2022 12:00:00 AM,16:13:15.1166410
9011,UTA Session 2,trial,14,A,A,1,404.047,5.80899999999997,10/11/2022 12:00:00 AM,16:13:24.1438334
9011,UTA Session 2,trial,15,E,E,1,413.717,9.935,10/11/2022 12:00:00 AM,16:13:37.9402454
9011,UTA Session 2,trial,16,B,B,1,427.509,15.423,10/11/2022 12:00:00 AM,16:13:57.2199127
9011,UTA Session 2,trial,17,A,A,1,446.404,5.53300000000002,10/11/2022 12:00:00 AM,16:14:06.2250878
9011,UTA Session 2,trial,18,D,A,0,455.686,5.68100000000004,10/11/2022 12:00:00 AM,16:14:15.6545776
9011,UTA Session 2,trial,19,E,E,1,465.872,12.402,10/11/2022 12:00:00 AM,16:14:32.5626113
9011,UTA Session 2,trial,20,D,A,0,481.773,9.24699999999996,10/11/2022 12:00:00 AM,16:14:45.3083960
9011,UTA Session 2,trial,21,A,A,1,494.952,18.9349999999999,10/11/2022 12:00:00 AM,16:15:08.1747813
9011,UTA Session 2,trial,22,A,B,0,517.322,11.774,10/11/2022 12:00:00 AM,16:15:23.3839213
9011,UTA Session 2,trial,23,D,E,0,532.815,4.99699999999996,10/11/2022 12:00:00 AM,16:15:32.1002996
9011,UTA Session 2,trial,24,D,B,0,540.85,5.84699999999998,10/11/2022 12:00:00 AM,16:15:40.9849506
9011,UTA Session 2,trial,25,E,D,0,550.342,6.28600000000006,10/11/2022 12:00:00 AM,16:15:50.9162058
9011,UTA Session 2,trial,26,D,A,0,559.776,5.98300000000006,10/11/2022 12:00:00 AM,16:16:00.0471695
9011,UTA Session 2,trial,27,E,D,0,569.631,2.577,10/11/2022 12:00:00 AM,16:16:06.4965305
9011,UTA Session 2,trial,28,C,B,0,575.108,0.489000000000033,10/11/2022 12:00:00 AM,16:16:09.8841696
9011,UTA Session 2,trial,29,C,E,0,578.5,1.09500000000003,10/11/2022 12:00:00 AM,16:16:13.8817984
9011,UTA Session 2,trial,30,D,D,1,582.408,6.94600000000003,10/11/2022 12:00:00 AM,16:16:23.6425002
9011,UTA Session 2,trial,31,C,B,0,592.416,8.34299999999996,10/11/2022 12:00:00 AM,16:16:35.0468914
9011,UTA Session 2,trial,32,E,C,0,603.871,0.567000000000007,10/11/2022 12:00:00 AM,16:16:38.7256586
9011,UTA Session 2,trial,33,A,D,0,607.389,0.470000000000027,10/11/2022 12:00:00 AM,16:16:42.1454013
9011,UTA Session 2,trial,34,E,B,0,610.851,0.690000000000055,10/11/2022 12:00:00 AM,16:16:45.8289169
9011,UTA Session 2,trial,35,C,E,0,615.003,6.529,10/11/2022 12:00:00 AM,16:16:55.8192415
9012,UTA Session 2,practice,1,B,E,0,2856.408,57.5750000000003,10/11/2022 12:00:00 AM,16:09:28.4340195
9012,UTA Session 2,practice,2,B,E,0,2990.19,15.1570000000002,10/11/2022 12:00:00 AM,16:10:59.7969699
9012,UTA Session 2,practice,3,C,C,1,3010.197,27.489,10/11/2022 12:00:00 AM,16:11:32.1358606
9012,UTA Session 2,practice,4,A,B,0,3040.859,19.625,10/11/2022 12:00:00 AM,16:11:54.9342268
9012,UTA Session 2,trial,1,B,B,1,3116.23,18.0679999999998,10/11/2022 12:00:00 AM,16:13:08.7496599
9012,UTA Session 2,trial,2,B,E,0,3137.552,13.904,10/11/2022 12:00:00 AM,16:13:25.9068377
9012,UTA Session 2,trial,3,C,A,0,3154.677,23.9549999999999,10/11/2022 12:00:00 AM,16:13:53.0826392
9012,UTA Session 2,trial,4,A,A,1,3182.063,5.68100000000004,10/11/2022 12:00:00 AM,16:14:02.1956091
9012,UTA Session 2,trial,5,B,D,0,3190.943,27.837,10/11/2022 12:00:00 AM,16:14:33.2315952
9012,UTA Session 2,trial,6,D,A,0,3221.698,25.8820000000001,10/11/2022 12:00:00 AM,16:15:02.0309768
9012,UTA Session 2,trial,7,B,D,0,3252.005,13.761,10/11/2022 12:00:00 AM,16:15:20.2169733
9012,UTA Session 2,trial,8,D,A,0,3269.36,14.9259999999999,10/11/2022 12:00:00 AM,16:15:38.7370773
9012,UTA Session 2,trial,9,C,C,1,3287.365,13.9970000000003,10/11/2022 12:00:00 AM,16:15:55.8134615
9012,UTA Session 2,trial,10,C,A,0,3304.37,6.76200000000017,10/11/2022 12:00:00 AM,16:16:05.5840508
9012,UTA Session 2,trial,11,B,E,0,3314.24,11.8720000000003,10/11/2022 12:00:00 AM,16:16:20.5639014
9012,UTA Session 2,trial,12,E,B,0,3336.141,12.3449999999998,10/11/2022 12:00:00 AM,16:16:42.9377737
9012,UTA Session 2,trial,13,B,C,0,3351.576,20.6109999999999,10/11/2022 12:00:00 AM,16:17:06.6398574
9012,UTA Session 2,trial,14,A,A,1,3375.617,11.4929999999999,10/11/2022 12:00:00 AM,16:17:21.5633677
9012,UTA Session 2,trial,15,E,A,0,3390.242,6.74499999999989,10/11/2022 12:00:00 AM,16:17:31.4405246
9012,UTA Session 2,trial,16,B,C,0,3402.862,13.1559999999999,10/11/2022 12:00:00 AM,16:17:50.4700786
9012,UTA Session 2,trial,17,A,A,1,3420.106,12.098,10/11/2022 12:00:00 AM,16:18:06.6568095
9012,UTA Session 2,trial,18,D,B,0,3435.36,19.8240000000001,10/11/2022 12:00:00 AM,16:18:29.6366045
9012,UTA Session 2,trial,19,E,D,0,3458.434,6.32499999999982,10/11/2022 12:00:00 AM,16:18:39.2114976
9012,UTA Session 2,trial,20,D,D,1,3467.642,13.7020000000002,10/11/2022 12:00:00 AM,16:18:55.7967958
9012,UTA Session 2,trial,21,A,B,0,3484.409,10.7619999999997,10/11/2022 12:00:00 AM,16:19:09.6244553
9012,UTA Session 2,trial,22,A,A,1,3498.423,5.35400000000027,10/11/2022 12:00:00 AM,16:19:18.2301552
9012,UTA Session 2,trial,23,D,D,1,3506.776,25.047,10/11/2022 12:00:00 AM,16:19:46.2766517
9012,UTA Session 2,trial,24,D,D,1,3534.849,6.56399999999985,10/11/2022 12:00:00 AM,16:19:55.8664566
9012,UTA Session 2,trial,25,E,D,0,3544.464,9.19000000000005,10/11/2022 12:00:00 AM,16:20:08.1069165
9012,UTA Session 2,trial,26,D,D,1,3557.102,14.0280000000002,10/11/2022 12:00:00 AM,16:20:25.5833727
9013,UTA Session 2,practice,1,B,B,1,30.979,15.094,10/12/2022 12:00:00 AM,10:23:41.8549853
9013,UTA Session 2,practice,2,B,B,1,55.384,14.193,10/12/2022 12:00:00 AM,10:24:05.3578810
9013,UTA Session 2,practice,3,C,C,1,70.976,9.116,10/12/2022 12:00:00 AM,10:24:15.8730983
9013,UTA Session 2,practice,4,A,A,1,82.126,7.273,10/12/2022 12:00:00 AM,10:24:25.1795151
9013,UTA Session 2,trial,1,B,A,0,110.803,13.885,10/12/2022 12:00:00 AM,10:25:00.4718805
9013,UTA Session 2,trial,2,B,C,0,133.692,7.328,10/12/2022 12:00:00 AM,10:25:16.8008031
9013,UTA Session 2,trial,3,C,C,1,144.733,7.429,10/12/2022 12:00:00 AM,10:25:27.9437209
9013,UTA Session 2,trial,4,A,A,1,155.093,7.107,10/12/2022 12:00:00 AM,10:25:37.9819224
9013,UTA Session 2,trial,5,B,B,1,165.185,14.195,10/12/2022 12:00:00 AM,10:25:55.1611151
9013,UTA Session 2,trial,6,D,D,1,182.266,7.072,10/12/2022 12:00:00 AM,10:26:05.1188994
9013,UTA Session 2,trial,7,B,D,0,192.213,7.149,10/12/2022 12:00:00 AM,10:26:15.1426680
9013,UTA Session 2,trial,8,D,C,0,202.531,8.732,10/12/2022 12:00:00 AM,10:26:27.0446371
9013,UTA Session 2,trial,9,C,C,1,214.179,3.79499999999999,10/12/2022 12:00:00 AM,10:26:33.7559058
9013,UTA Session 2,trial,10,C,A,0,220.844,6.43800000000002,10/12/2022 12:00:00 AM,10:26:43.0635232
9013,UTA Session 2,trial,11,B,A,0,230.406,4.45599999999999,10/12/2022 12:00:00 AM,10:26:50.6432213
9013,UTA Session 2,trial,12,E,B,0,238.458,7.28200000000001,10/12/2022 12:00:00 AM,10:27:01.5206946
9013,UTA Session 2,trial,13,B,B,1,248.766,7.46900000000002,10/12/2022 12:00:00 AM,10:27:12.0160571
9013,UTA Session 2,trial,14,A,E,0,259.272,6.97200000000004,10/12/2022 12:00:00 AM,10:27:22.0249586
9013,UTA Session 2,trial,15,E,A,0,269.782,5.01600000000002,10/12/2022 12:00:00 AM,10:27:30.5791141
9013,UTA Session 2,trial,16,B,C,0,278.288,11.54,10/12/2022 12:00:00 AM,10:27:45.6085233
9013,UTA Session 2,trial,17,A,A,1,293.112,5.67999999999995,10/12/2022 12:00:00 AM,10:27:54.5738472
9013,UTA Session 2,trial,18,D,B,0,301.88,13.496,10/12/2022 12:00:00 AM,10:28:11.1577174
9013,UTA Session 2,trial,19,E,B,0,318.361,7.26300000000003,10/12/2022 12:00:00 AM,10:28:21.4050665
9013,UTA Session 2,trial,20,D,D,1,328.58,17.9,10/12/2022 12:00:00 AM,10:28:42.2613597
9013,UTA Session 2,trial,21,A,C,0,349.415,10.692,10/12/2022 12:00:00 AM,10:28:55.8875804
9013,UTA Session 2,trial,22,A,A,1,363.273,8.76299999999998,10/12/2022 12:00:00 AM,10:29:07.8164752
9013,UTA Session 2,trial,23,D,A,0,375.247,8.95799999999997,10/12/2022 12:00:00 AM,10:29:19.9852736
9013,UTA Session 2,trial,24,D,E,0,387.715,5.87,10/12/2022 12:00:00 AM,10:29:29.3646210
9013,UTA Session 2,trial,25,E,A,0,396.783,3.90100000000001,10/12/2022 12:00:00 AM,10:29:36.4642273
9013,UTA Session 2,trial,26,D,A,0,403.783,9.53699999999998,10/12/2022 12:00:00 AM,10:29:49.1003900
9013,UTA Session 2,trial,27,E,B,0,416.254,5.63399999999996,10/12/2022 12:00:00 AM,10:29:57.6677560
9013,UTA Session 2,trial,28,C,D,0,425.368,2.24400000000003,10/12/2022 12:00:00 AM,10:30:03.3926060
9013,UTA Session 2,trial,29,C,E,0,430.62,7.32400000000001,10/12/2022 12:00:00 AM,10:30:13.7239617
9013,UTA Session 2,trial,30,D,D,1,441.118,10.956,10/12/2022 12:00:00 AM,10:30:27.8553497
9013,UTA Session 2,trial,31,C,A,0,454.909,14.687,10/12/2022 12:00:00 AM,10:30:45.3771409
9013,UTA Session 2,trial,32,E,E,1,472.617,7.60300000000001,10/12/2022 12:00:00 AM,10:30:56.0010385
9013,UTA Session 2,trial,33,A,D,0,483.211,9.51900000000001,10/12/2022 12:00:00 AM,10:31:08.5108625
9013,UTA Session 2,trial,34,E,A,0,495.966,9.69,10/12/2022 12:00:00 AM,10:31:21.4361868
9013,UTA Session 2,trial,35,C,B,0,508.772,9.55800000000005,10/12/2022 12:00:00 AM,10:31:34.1103755
9014,UTA Session 2,practice,1,B,A,0,1901.421,42.05,10/12/2022 12:00:00 AM,10:37:21.2453407
9014,UTA Session 2,practice,2,B,E,0,2045.208,30.8939999999998,10/12/2022 12:00:00 AM,10:39:33.8769552
9014,UTA Session 2,practice,3,C,E,0,2084.863,23.2870000000003,10/12/2022 12:00:00 AM,10:40:05.9244283
9014,UTA Session 2,practice,4,A,C,0,2112.628,14.886,10/12/2022 12:00:00 AM,10:40:25.2886022
9014,UTA Session 2,trial,1,B,D,0,2152.279,20.393,10/12/2022 12:00:00 AM,10:41:10.4485523
9014,UTA Session 2,trial,2,B,B,1,2178.803,31.701,10/12/2022 12:00:00 AM,10:41:48.2790007
9014,UTA Session 2,trial,3,C,D,0,2215.493,34.2350000000001,10/12/2022 12:00:00 AM,10:42:27.5035205
9014,UTA Session 2,trial,4,A,A,1,2253.281,10.0750000000003,10/12/2022 12:00:00 AM,10:42:41.1316598
9014,UTA Session 2,trial,5,B,A,0,2267.043,45.819,10/12/2022 12:00:00 AM,10:43:30.6375858
9014,UTA Session 2,trial,6,D,E,0,2316.721,31.3809999999999,10/12/2022 12:00:00 AM,10:44:05.8771477
9014,UTA Session 2,trial,7,B,E,0,2351.78,14.9019999999996,10/12/2022 12:00:00 AM,10:44:24.4566542
9014,UTA Session 2,trial,8,D,E,0,2370.989,19.9929999999999,10/12/2022 12:00:00 AM,10:44:48.7575494
9014,UTA Session 2,trial,9,C,B,0,2394.329,12.7469999999998,10/12/2022 12:00:00 AM,10:45:04.8507960
9014,UTA Session 2,trial,10,C,C,1,2411.128,25.4549999999999,10/12/2022 12:00:00 AM,10:45:34.3592768
9014,UTA Session 2,trial,11,B,A,0,2440.546,9.97400000000016,10/12/2022 12:00:00 AM,10:45:48.2957807
9014,UTA Session 2,trial,12,E,B,0,2455.339,13.6889999999999,10/12/2022 12:00:00 AM,10:46:06.8025570
9014,UTA Session 2,trial,13,B,C,0,2472.601,13.277,10/12/2022 12:00:00 AM,10:46:23.6540629
9014,UTA Session 2,trial,14,A,D,0,2489.389,15.4649999999997,10/12/2022 12:00:00 AM,10:46:42.6290553
9014,UTA Session 2,trial,15,E,E,1,2508.409,30.8319999999999,10/12/2022 12:00:00 AM,10:47:17.0176345
9014,UTA Session 2,trial,16,B,C,0,2542.484,8.17300000000023,10/12/2022 12:00:00 AM,10:47:28.4336808
9014,UTA Session 2,trial,17,A,D,0,2558.262,22.7759999999998,10/12/2022 12:00:00 AM,10:47:58.8134687
9014,UTA Session 2,trial,18,D,D,1,2584.021,11.1319999999996,10/12/2022 12:00:00 AM,10:48:12.9294635
9014,UTA Session 2,trial,19,E,A,0,2598.444,18.9990000000003,10/12/2022 12:00:00 AM,10:48:35.2193698
9017,UTA Session 2,practice,1,B,A,0,1424.026,13.7,10/12/2022 12:00:00 AM,12:56:25.8325053
9017,UTA Session 2,practice,2,B,B,1,1442.025,2.84699999999998,10/12/2022 12:00:00 AM,12:56:32.9763689
9017,UTA Session 2,practice,3,C,C,1,1446.791,4.01300000000015,10/12/2022 12:00:00 AM,12:56:38.9087102
9017,UTA Session 2,practice,4,A,B,0,1452.209,3.2639999999999,10/12/2022 12:00:00 AM,12:56:43.5771245
9017,UTA Session 2,trial,1,B,A,0,1472.035,10.021,10/12/2022 12:00:00 AM,12:57:10.1621835
9017,UTA Session 2,trial,2,B,E,0,1485.177,4.77700000000004,10/12/2022 12:00:00 AM,12:57:18.0577906
9017,UTA Session 2,trial,3,C,B,0,1493.51,2.8599999999999,10/12/2022 12:00:00 AM,12:57:24.4747463
9017,UTA Session 2,trial,4,A,A,1,1501.688,2.2199999999998,10/12/2022 12:00:00 AM,12:57:32.0131037
9017,UTA Session 2,trial,5,B,A,0,1507.113,2.89499999999998,10/12/2022 12:00:00 AM,12:57:38.1123856
9017,UTA Session 2,trial,6,D,E,0,1513.204,5.55400000000009,10/12/2022 12:00:00 AM,12:57:46.8620330
9017,UTA Session 2,trial,7,B,B,1,1522.569,3.35900000000015,10/12/2022 12:00:00 AM,12:57:54.0337318
9017,UTA Session 2,trial,8,D,B,0,1529.183,8.98700000000008,10/12/2022 12:00:00 AM,12:58:06.2753079
9017,UTA Session 2,trial,9,C,D,0,1541.217,0.570999999999913,10/12/2022 12:00:00 AM,12:58:09.8929859
9017,UTA Session 2,trial,10,C,C,1,1544.627,0.31899999999996,10/12/2022 12:00:00 AM,12:58:13.0513938
9017,UTA Session 2,trial,11,B,A,0,1549.723,4.32100000000014,10/12/2022 12:00:00 AM,12:58:22.1489504
9017,UTA Session 2,trial,12,E,D,0,1556.878,1.36800000000017,10/12/2022 12:00:00 AM,12:58:26.3501178
9017,UTA Session 2,trial,13,B,B,1,1561.027,0.610999999999876,10/12/2022 12:00:00 AM,12:58:29.7425955
9017,UTA Session 2,trial,14,A,D,0,1564.548,1.03800000000001,10/12/2022 12:00:00 AM,12:58:33.6908631
9017,UTA Session 2,trial,15,E,C,0,1568.346,1.83999999999992,10/12/2022 12:00:00 AM,12:58:38.2905558
9017,UTA Session 2,trial,16,B,B,1,1573.052,1.41200000000003,10/12/2022 12:00:00 AM,12:58:42.5685693
9017,UTA Session 2,trial,17,A,E,0,1577.205,0.427000000000135,10/12/2022 12:00:00 AM,12:58:45.7364077
9017,UTA Session 2,trial,18,D,B,0,1580.396,0.456000000000131,10/12/2022 12:00:00 AM,12:58:48.9558094
9017,UTA Session 2,trial,19,E,D,0,1583.573,2.78499999999985,10/12/2022 12:00:00 AM,12:58:54.4625789
9017,UTA Session 2,trial,20,D,A,0,1589.03,1.85400000000004,10/12/2022 12:00:00 AM,12:58:58.9880241
9017,UTA Session 2,trial,21,A,A,1,1593.67,1.83399999999983,10/12/2022 12:00:00 AM,12:59:03.6094531
9017,UTA Session 2,trial,22,A,C,0,1598.388,3.13800000000015,10/12/2022 12:00:00 AM,12:59:09.6314018
9017,UTA Session 2,trial,23,D,D,1,1604.257,1.80099999999993,10/12/2022 12:00:00 AM,12:59:14.1634254
9017,UTA Session 2,trial,24,D,D,1,1608.935,3.52099999999996,10/12/2022 12:00:00 AM,12:59:20.5610085
9017,UTA Session 2,trial,25,E,B,0,1615.583,5.06099999999992,10/12/2022 12:00:00 AM,12:59:28.7482565
9017,UTA Session 2,trial,26,D,D,1,1623.467,3.1239999999998,10/12/2022 12:00:00 AM,12:59:34.6954507
9017,UTA Session 2,trial,27,E,B,0,1629.268,2.85799999999995,10/12/2022 12:00:00 AM,12:59:40.2316244
9017,UTA Session 2,trial,28,C,C,1,1634.827,1.34500000000003,10/12/2022 12:00:00 AM,12:59:44.2772099
9017,UTA Session 2,trial,29,C,A,0,1638.921,1.654,10/12/2022 12:00:00 AM,12:59:48.6791706
9017,UTA Session 2,trial,30,D,D,1,1643.396,1.70000000000005,10/12/2022 12:00:00 AM,12:59:53.2010685
9017,UTA Session 2,trial,31,C,B,0,1647.777,3.95499999999993,10/12/2022 12:00:00 AM,12:59:59.8371280
9017,UTA Session 2,trial,32,E,B,0,1654.632,1.92799999999988,10/12/2022 12:00:00 AM,13:00:04.6649657
9017,UTA Session 2,trial,33,A,A,1,1659.296,4.952,10/12/2022 12:00:00 AM,13:00:12.3537128
9017,UTA Session 2,trial,34,E,E,1,1667.127,5.96299999999997,10/12/2022 12:00:00 AM,13:00:21.1953955
9017,UTA Session 2,trial,35,C,A,0,1675.878,2.45600000000013,10/12/2022 12:00:00 AM,13:00:26.4385655
9015,UTA Session 2,practice,1,B,B,1,2833.506,33.7040000000002,10/12/2022 12:00:00 AM,12:59:52.5702057
9015,UTA Session 2,practice,2,B,A,0,2925.404,14.9960000000001,10/12/2022 12:00:00 AM,13:01:05.7571881
9015,UTA Session 2,practice,3,C,C,1,2944.814,15.3820000000001,10/12/2022 12:00:00 AM,13:01:25.5527274
9015,UTA Session 2,practice,4,A,A,1,2961.718,10.8330000000001,10/12/2022 12:00:00 AM,13:01:37.9087357
9015,UTA Session 2,trial,1,B,E,0,2997.725,12.2090000000003,10/12/2022 12:00:00 AM,13:02:15.2918130
9015,UTA Session 2,trial,2,B,B,1,3014.25,25.9270000000001,10/12/2022 12:00:00 AM,13:02:45.5339710
9015,UTA Session 2,trial,3,C,B,0,3043.433,7.6260000000002,10/12/2022 12:00:00 AM,13:02:56.4158521
9015,UTA Session 2,trial,4,A,A,1,3054.742,7.07799999999997,10/12/2022 12:00:00 AM,13:03:07.1751725
9015,UTA Session 2,trial,5,B,A,0,3064.803,20.0340000000001,10/12/2022 12:00:00 AM,13:03:30.1932163
9015,UTA Session 2,trial,6,D,D,1,3088.085,13.2350000000001,10/12/2022 12:00:00 AM,13:03:46.6752862
9015,UTA Session 2,trial,7,B,D,0,3104.244,6.59299999999985,10/12/2022 12:00:00 AM,13:03:56.1919286
9015,UTA Session 2,trial,8,D,A,0,3114.397,24.4459999999999,10/12/2022 12:00:00 AM,13:04:24.1974017
9015,UTA Session 2,trial,9,C,C,1,3141.768,12.027,10/12/2022 12:00:00 AM,13:04:39.1493787
9015,UTA Session 2,trial,10,C,C,1,3156.978,15.9670000000001,10/12/2022 12:00:00 AM,13:04:58.2984341
9015,UTA Session 2,trial,11,B,D,0,3176.193,6.2199999999998,10/12/2022 12:00:00 AM,13:05:07.7674711
9015,UTA Session 2,trial,12,E,C,0,3185.886,15.3629999999998,10/12/2022 12:00:00 AM,13:05:26.6029100
9015,UTA Session 2,trial,13,B,B,1,3204.317,14.2750000000001,10/12/2022 12:00:00 AM,13:05:43.9452926
9015,UTA Session 2,trial,14,A,A,1,3221.382,6.82099999999991,10/12/2022 12:00:00 AM,13:05:53.5567191
9015,UTA Session 2,trial,15,E,E,1,3231.151,21.9410000000003,10/12/2022 12:00:00 AM,13:06:18.4444944
9015,UTA Session 2,trial,16,B,B,1,3255.967,18.8939999999998,10/12/2022 12:00:00 AM,13:06:40.2142208
9015,UTA Session 2,trial,17,A,A,1,3277.819,8.19500000000016,10/12/2022 12:00:00 AM,13:06:51.3668843
9015,UTA Session 2,trial,18,D,D,1,3288.745,10.2719999999999,10/12/2022 12:00:00 AM,13:07:04.3693094
9015,UTA Session 2,trial,19,E,E,1,3301.797,18.1100000000001,10/12/2022 12:00:00 AM,13:07:25.2594372
9015,UTA Session 2,trial,20,D,E,0,3322.556,10.9650000000001,10/12/2022 12:00:00 AM,13:07:38.8729074
9015,UTA Session 2,trial,21,A,A,1,3336.363,16.3700000000003,10/12/2022 12:00:00 AM,13:07:58.0848815
9015,UTA Session 2,trial,22,A,A,1,3355.574,8.41499999999996,10/12/2022 12:00:00 AM,13:08:09.3408847
9015,UTA Session 2,trial,23,D,D,1,3366.774,9.58899999999994,10/12/2022 12:00:00 AM,13:08:21.7146291
9015,UTA Session 2,trial,24,D,E,0,3379.026,16.308,10/12/2022 12:00:00 AM,13:08:40.6863903
9015,UTA Session 2,trial,25,E,E,1,3398.156,14.3270000000002,10/12/2022 12:00:00 AM,13:08:57.8349280
9015,UTA Session 2,trial,26,D,D,1,3415.283,7.63999999999987,10/12/2022 12:00:00 AM,13:09:08.2750535
9015,UTA Session 2,trial,27,E,A,0,3425.855,8.26600000000008,10/12/2022 12:00:00 AM,13:09:19.4723617
9015,UTA Session 2,trial,28,C,C,1,3437.407,7.95599999999968,10/12/2022 12:00:00 AM,13:09:30.7153370
9016,UTA Session 2,practice,1,B,A,0,2559.019,6.529,10/12/2022 12:00:00 AM,13:03:58.0002937
9016,UTA Session 2,practice,2,B,A,0,2612.803,9.65100000000029,10/12/2022 12:00:00 AM,13:04:54.9056690
9016,UTA Session 2,practice,3,C,C,1,2628.116,9.27799999999979,10/12/2022 12:00:00 AM,13:05:09.8459741
9016,UTA Session 2,practice,4,A,A,1,2639.226,14.3429999999998,10/12/2022 12:00:00 AM,13:05:26.0210279
9016,UTA Session 2,trial,1,B,B,1,2662.851,15.8759999999997,10/12/2022 12:00:00 AM,13:05:51.1804503
9016,UTA Session 2,trial,2,B,B,1,2681.945,10.7549999999997,10/12/2022 12:00:00 AM,13:06:05.1527193
9016,UTA Session 2,trial,3,C,A,0,2696.156,11.2449999999999,10/12/2022 12:00:00 AM,13:06:19.8540481
9016,UTA Session 2,trial,4,A,A,1,2713.168,9.875,10/12/2022 12:00:00 AM,13:06:35.4962300
9016,UTA Session 2,trial,5,B,C,0,2725.967,12.9079999999999,10/12/2022 12:00:00 AM,13:06:51.3284050
9016,UTA Session 2,trial,6,D,D,1,2742.882,11.9209999999998,10/12/2022 12:00:00 AM,13:07:07.2564724
9016,UTA Session 2,trial,7,B,C,0,2757.685,9.4369999999999,10/12/2022 12:00:00 AM,13:07:19.5746740
9016,UTA Session 2,trial,8,D,B,0,2770.806,9.50799999999981,10/12/2022 12:00:00 AM,13:07:32.7677852
9016,UTA Session 2,trial,9,C,C,1,2783.909,10.3919999999998,10/12/2022 12:00:00 AM,13:07:46.7543085
9016,UTA Session 2,trial,10,C,A,0,2797.22,29.393,10/12/2022 12:00:00 AM,13:08:19.0665129
9016,UTA Session 2,trial,11,B,B,1,2830.972,5.47599999999966,10/12/2022 12:00:00 AM,13:08:28.9016071
9016,UTA Session 2,trial,12,E,B,0,2839.675,16.4849999999997,10/12/2022 12:00:00 AM,13:08:48.6140993
9016,UTA Session 2,trial,13,B,D,0,2859.628,6.51199999999972,10/12/2022 12:00:00 AM,13:08:58.5940356
9016,UTA Session 2,trial,14,A,A,1,2870.833,21.4090000000001,10/12/2022 12:00:00 AM,13:09:24.6963759
9016,UTA Session 2,trial,15,E,B,0,2896.497,4.22700000000032,10/12/2022 12:00:00 AM,13:09:33.1788047
9016,UTA Session 2,trial,16,B,A,0,2903.725,2.80700000000024,10/12/2022 12:00:00 AM,13:09:38.9850640
9016,UTA Session 2,trial,17,A,D,0,2909.791,12.5429999999997,10/12/2022 12:00:00 AM,13:09:54.7877157
9016,UTA Session 2,trial,18,D,C,0,2925.817,2.53900000000021,10/12/2022 12:00:00 AM,13:10:00.8096705
9016,UTA Session 2,trial,19,E,B,0,2931.92,2.07299999999987,10/12/2022 12:00:00 AM,13:10:06.4458206
9016,UTA Session 2,trial,20,D,D,1,2938.287,6.21300000000019,10/12/2022 12:00:00 AM,13:10:16.9548069
9016,UTA Session 2,trial,21,A,A,1,2947.382,5.77199999999993,10/12/2022 12:00:00 AM,13:10:25.6074203
9016,UTA Session 2,trial,22,A,B,0,2956.27,10.6709999999998,10/12/2022 12:00:00 AM,13:10:39.3952824
9016,UTA Session 2,trial,23,D,B,0,2969.793,6.25900000000001,10/12/2022 12:00:00 AM,13:10:48.5058916
9016,UTA Session 2,trial,24,D,A,0,2978.819,0.596000000000004,10/12/2022 12:00:00 AM,13:10:51.8687958
9016,UTA Session 2,trial,25,E,A,0,2982.165,6.80799999999999,10/12/2022 12:00:00 AM,13:11:01.4276180
9016,UTA Session 2,trial,26,D,B,0,2992.313,4.73900000000003,10/12/2022 12:00:00 AM,13:11:09.5060581
9016,UTA Session 2,trial,27,E,C,0,3000.145,4.43299999999999,10/12/2022 12:00:00 AM,13:11:17.0319050
9016,UTA Session 2,trial,28,C,A,0,3007.663,3.12699999999995,10/12/2022 12:00:00 AM,13:11:23.2439293
9016,UTA Session 2,trial,29,C,C,1,3013.527,4.529,10/12/2022 12:00:00 AM,13:11:30.5098894
9016,UTA Session 2,trial,30,D,E,0,3021.246,4.14599999999973,10/12/2022 12:00:00 AM,13:11:37.8456746
9016,UTA Session 2,trial,31,C,E,0,3027.994,0.923999999999978,10/12/2022 12:00:00 AM,13:11:41.3722176
9016,UTA Session 2,trial,32,E,D,0,3031.887,2.0329999999999,10/12/2022 12:00:00 AM,13:11:46.3740953
9016,UTA Session 2,trial,33,A,B,0,3036.333,0.752999999999702,10/12/2022 12:00:00 AM,13:11:49.5395244
9016,UTA Session 2,trial,34,E,A,0,3040.237,0.442999999999756,10/12/2022 12:00:00 AM,13:11:53.1335843
9016,UTA Session 2,trial,35,C,C,1,3043.549,0.623000000000047,10/12/2022 12:00:00 AM,13:11:56.6264814
9020,UTA Session 2,practice,1,B,A,0,3219.092,3.13000000000011,10/12/2022 12:00:00 AM,16:27:59.3709449
9020,UTA Session 2,practice,2,B,B,1,3260.025,7.52700000000004,10/12/2022 12:00:00 AM,16:28:44.6995037
9020,UTA Session 2,practice,3,C,D,0,3270.794,3.18000000000029,10/12/2022 12:00:00 AM,16:28:51.1214036
9020,UTA Session 2,practice,4,A,A,1,3277.279,3.58800000000019,10/12/2022 12:00:00 AM,16:28:58.0154669
9020,UTA Session 2,trial,1,B,B,1,3288.76,5.75499999999965,10/12/2022 12:00:00 AM,16:29:11.6650352
9020,UTA Session 2,trial,2,B,D,0,3297.89,3.20499999999993,10/12/2022 12:00:00 AM,16:29:18.2446668
9020,UTA Session 2,trial,3,C,B,0,3307.795,2.62199999999984,10/12/2022 12:00:00 AM,16:29:27.5653735
9020,UTA Session 2,trial,4,A,A,1,3314.637,6.4069999999997,10/12/2022 12:00:00 AM,16:29:38.1922375
9020,UTA Session 2,trial,5,B,B,1,3326.94,2.18499999999995,10/12/2022 12:00:00 AM,16:29:46.2736505
9020,UTA Session 2,trial,6,D,C,0,3332.776,0.921000000000276,10/12/2022 12:00:00 AM,16:29:50.8464622
9020,UTA Session 2,trial,7,B,D,0,3342.671,3.74000000000024,10/12/2022 12:00:00 AM,16:30:03.5599464
9020,UTA Session 2,trial,8,D,E,0,3352.329,6.0359999999996,10/12/2022 12:00:00 AM,16:30:15.5140934
9020,UTA Session 2,trial,9,C,A,0,3365.473,5.40200000000004,10/12/2022 12:00:00 AM,16:30:28.0239244
9020,UTA Session 2,trial,10,C,D,0,3380.397,4.49600000000009,10/12/2022 12:00:00 AM,16:30:42.0424083
9020,UTA Session 2,trial,11,B,B,1,3389.427,2.79599999999982,10/12/2022 12:00:00 AM,16:30:49.3724289
9020,UTA Session 2,trial,12,E,A,0,3395.621,6.51600000000008,10/12/2022 12:00:00 AM,16:30:59.2865125
9020,UTA Session 2,trial,13,B,E,0,3407.771,4.85299999999961,10/12/2022 12:00:00 AM,16:31:09.7721574
9020,UTA Session 2,trial,14,A,B,0,3418.836,1.20700000000033,10/12/2022 12:00:00 AM,16:31:17.1916715
9020,UTA Session 2,trial,15,E,C,0,3423.252,2.09299999999985,10/12/2022 12:00:00 AM,16:31:22.4939250
9020,UTA Session 2,trial,16,B,C,0,3431.5,3.2510000000002,10/12/2022 12:00:00 AM,16:31:31.8997946
9020,UTA Session 2,trial,17,A,A,1,3437.477,3.39200000000028,10/12/2022 12:00:00 AM,16:31:38.0187658
9020,UTA Session 2,trial,18,D,D,1,3444.564,2.05400000000009,10/12/2022 12:00:00 AM,16:31:43.7664896
9020,UTA Session 2,trial,19,E,C,0,3449.172,3.78499999999985,10/12/2022 12:00:00 AM,16:31:50.1064418
9020,UTA Session 2,trial,20,D,D,1,3456.517,2.63100000000031,10/12/2022 12:00:00 AM,16:31:56.2970840
9020,UTA Session 2,trial,21,A,E,0,3461.824,3.55299999999988,10/12/2022 12:00:00 AM,16:32:02.5262653
9020,UTA Session 2,trial,22,A,C,0,3468.065,2.84099999999989,10/12/2022 12:00:00 AM,16:32:08.0542359
9020,UTA Session 2,trial,23,D,B,0,3478.94,3.21099999999979,10/12/2022 12:00:00 AM,16:32:19.3003820
9020,UTA Session 2,trial,24,D,D,1,3489.481,4.17199999999957,10/12/2022 12:00:00 AM,16:32:30.8026274
9020,UTA Session 2,trial,25,E,C,0,3496.452,4.66899999999987,10/12/2022 12:00:00 AM,16:32:38.2706323
9020,UTA Session 2,trial,26,D,D,1,3504.222,0.448999999999614,10/12/2022 12:00:00 AM,16:32:41.8211210
9020,UTA Session 2,trial,27,E,D,0,3507.831,2.5659999999998,10/12/2022 12:00:00 AM,16:32:47.5461604
9020,UTA Session 2,trial,28,C,B,0,3514.249,0.96100000000024,10/12/2022 12:00:00 AM,16:32:52.3583776
9020,UTA Session 2,trial,29,C,E,0,3522.249,5.19200000000001,10/12/2022 12:00:00 AM,16:33:04.5899671
9020,UTA Session 2,trial,30,D,C,0,3530.122,2.36300000000028,10/12/2022 12:00:00 AM,16:33:09.6339465
9020,UTA Session 2,trial,31,C,D,0,3537.679,6.89199999999983,10/12/2022 12:00:00 AM,16:33:21.7200304
9020,UTA Session 2,trial,32,E,C,0,3552.977,2.95400000000018,10/12/2022 12:00:00 AM,16:33:33.0805662
9020,UTA Session 2,trial,33,A,C,0,3561.169,5.18299999999999,10/12/2022 12:00:00 AM,16:33:43.5000650
9020,UTA Session 2,trial,34,E,A,0,3572.568,5.05099999999993,10/12/2022 12:00:00 AM,16:33:54.7680328
9020,UTA Session 2,trial,35,C,C,1,3582.898,4.69000000000005,10/12/2022 12:00:00 AM,16:34:04.7377817
9018,UTA Session 2,practice,1,B,B,1,2886.752,122.995,10/12/2022 12:00:00 AM,16:30:19.0810640
9018,UTA Session 2,practice,2,B,B,1,3099.946,11.1330000000003,10/12/2022 12:00:00 AM,16:32:00.4084891
9018,UTA Session 2,practice,3,C,C,1,3112.995,18.7890000000002,10/12/2022 12:00:00 AM,16:32:21.1139410
9018,UTA Session 2,practice,4,A,B,0,3133.937,19.0950000000003,10/12/2022 12:00:00 AM,16:32:42.3616938
9018,UTA Session 2,trial,1,B,B,1,3187.038,20.6869999999999,10/12/2022 12:00:00 AM,16:33:37.0541411
9018,UTA Session 2,trial,2,B,E,0,3211.145,17.951,10/12/2022 12:00:00 AM,16:33:58.4248499
9018,UTA Session 2,trial,3,C,C,1,3238.683,5.11299999999983,10/12/2022 12:00:00 AM,16:34:13.1248089
9018,UTA Session 2,trial,4,A,A,1,3246.672,3.5590000000002,10/12/2022 12:00:00 AM,16:34:19.5585951
9018,UTA Session 2,trial,5,B,C,0,3253.233,10.8889999999997,10/12/2022 12:00:00 AM,16:34:33.4502709
9018,UTA Session 2,trial,6,D,E,0,3268.121,14.6849999999999,10/12/2022 12:00:00 AM,16:34:52.1331811
9018,UTA Session 2,trial,7,B,D,0,3285.916,4.8779999999997,10/12/2022 12:00:00 AM,16:35:00.1218341
9018,UTA Session 2,trial,8,D,B,0,3294.269,4.85100000000011,10/12/2022 12:00:00 AM,16:35:08.4476548
9018,UTA Session 2,trial,9,C,C,1,3301.975,6.25500000000011,10/12/2022 12:00:00 AM,16:35:17.5576669
9018,UTA Session 2,trial,10,C,C,1,3311.149,15.9410000000003,10/12/2022 12:00:00 AM,16:35:36.4170190
9018,UTA Session 2,trial,11,B,B,1,3329.968,4.17599999999993,10/12/2022 12:00:00 AM,16:35:43.4712632
9018,UTA Session 2,trial,12,E,E,1,3337.427,7.41199999999981,10/12/2022 12:00:00 AM,16:35:54.1658256
9018,UTA Session 2,trial,13,B,B,1,3347.925,6.04099999999971,10/12/2022 12:00:00 AM,16:36:03.2941133
9018,UTA Session 2,trial,14,A,A,1,3356.91,8.50600000000031,10/12/2022 12:00:00 AM,16:36:14.7430495
9018,UTA Session 2,trial,15,E,C,0,3368.615,25.7070000000003,10/12/2022 12:00:00 AM,16:36:43.6486500
9018,UTA Session 2,trial,16,B,C,0,3397.186,4.55199999999968,10/12/2022 12:00:00 AM,16:36:51.0643435
9018,UTA Session 2,trial,17,A,E,0,3404.854,4.20600000000013,10/12/2022 12:00:00 AM,16:36:58.3864011
9018,UTA Session 2,trial,18,D,B,0,3411.721,5.35500000000002,10/12/2022 12:00:00 AM,16:37:06.4022997
9018,UTA Session 2,trial,19,E,D,0,3422.525,12.1390000000001,10/12/2022 12:00:00 AM,16:37:23.9899856
9018,UTA Session 2,trial,20,D,D,1,3437.95,14.203,10/12/2022 12:00:00 AM,16:37:41.4786653
9018,UTA Session 2,trial,21,A,E,0,3455.352,25.2640000000001,10/12/2022 12:00:00 AM,16:38:09.9423732
9018,UTA Session 2,trial,22,A,A,1,3483.728,4.56799999999976,10/12/2022 12:00:00 AM,16:38:17.6210622
9018,UTA Session 2,trial,23,D,B,0,3491.502,3.92700000000013,10/12/2022 12:00:00 AM,16:38:24.7544529
9018,UTA Session 2,trial,24,D,E,0,3499.086,5.8420000000001,10/12/2022 12:00:00 AM,16:38:34.2530453
9018,UTA Session 2,trial,25,E,E,1,3508.625,8.67700000000013,10/12/2022 12:00:00 AM,16:38:46.6272465
9018,UTA Session 2,trial,26,D,D,1,3520.555,13.9300000000003,10/12/2022 12:00:00 AM,16:39:03.8094262
9018,UTA Session 2,trial,27,E,B,0,3537.335,10.2849999999999,10/12/2022 12:00:00 AM,16:39:16.9448256
9018,UTA Session 2,trial,28,C,E,0,3550.922,8.63400000000001,10/12/2022 12:00:00 AM,16:39:28.8813513
9018,UTA Session 2,trial,29,C,B,0,3563.272,18.2339999999999,10/12/2022 12:00:00 AM,16:39:50.8300095
9018,UTA Session 2,trial,30,D,C,0,3585.545,0.496999999999844,10/12/2022 12:00:00 AM,16:39:55.3659478
9018,UTA Session 2,trial,31,C,D,0,3595.985,3.53099999999995,10/12/2022 12:00:00 AM,16:40:08.8390100
9018,UTA Session 2,trial,32,E,C,0,3604.579,5.10899999999992,10/12/2022 12:00:00 AM,16:40:19.0116600
9018,UTA Session 2,trial,33,A,A,1,3613.301,7.79100000000017,10/12/2022 12:00:00 AM,16:40:30.4157951
9018,UTA Session 2,trial,34,E,A,0,3624.058,4.3739999999998,10/12/2022 12:00:00 AM,16:40:37.7555618
9018,UTA Session 2,trial,35,C,B,0,3632.723,2.44500000000016,10/12/2022 12:00:00 AM,16:40:44.4913891
9019,UTA Session 2,practice,1,B,B,1,3513.996,28.701,10/12/2022 12:00:00 AM,16:29:49.4192751
9019,UTA Session 2,practice,2,B,A,0,3639.595,21.7020000000002,10/12/2022 12:00:00 AM,16:31:48.0190472
9019,UTA Session 2,practice,3,C,E,0,3670.36,20.415,10/12/2022 12:00:00 AM,16:32:17.4971336
9019,UTA Session 2,practice,4,A,E,0,3697.844,9.12699999999995,10/12/2022 12:00:00 AM,16:32:33.6941938
9019,UTA Session 2,trial,1,B,B,1,3771.725,36.8000000000002,10/12/2022 12:00:00 AM,16:34:15.2515564
9019,UTA Session 2,trial,2,B,B,1,3811.855,9.57600000000002,10/12/2022 12:00:00 AM,16:34:28.1562921
9019,UTA Session 2,trial,3,C,C,1,3824.443,18.2359999999999,10/12/2022 12:00:00 AM,16:34:49.4042354
9019,UTA Session 2,trial,4,A,E,0,3845.692,15.7489999999998,10/12/2022 12:00:00 AM,16:35:08.1664231
9019,UTA Session 2,trial,5,B,A,0,3866.021,15.0329999999999,10/12/2022 12:00:00 AM,16:35:27.7791528
9019,UTA Session 2,trial,6,D,B,0,3884.49,13.1190000000001,10/12/2022 12:00:00 AM,16:35:44.3341801
9019,UTA Session 2,trial,7,B,B,1,3903.795,14.5520000000001,10/12/2022 12:00:00 AM,16:36:05.0729977
9019,UTA Session 2,trial,8,D,B,0,3921.678,28.2350000000001,10/12/2022 12:00:00 AM,16:36:36.6390389
9019,UTA Session 2,trial,9,C,C,1,3953.238,10.3230000000003,10/12/2022 12:00:00 AM,16:36:50.2868983
9019,UTA Session 2,trial,10,C,C,1,3966.543,11.7080000000001,10/12/2022 12:00:00 AM,16:37:04.9778131
9019,UTA Session 2,trial,11,B,D,0,3981.17,16.1729999999998,10/12/2022 12:00:00 AM,16:37:24.0693523
9019,UTA Session 2,trial,12,E,B,0,4000.354,12.123,10/12/2022 12:00:00 AM,16:37:39.2036776
9019,UTA Session 2,trial,13,B,C,0,4015.717,14.8679999999999,10/12/2022 12:00:00 AM,16:37:57.3117204
9019,UTA Session 2,trial,14,A,E,0,4035.556,22.7449999999999,10/12/2022 12:00:00 AM,16:38:25.0274535
9019,UTA Session 2,trial,15,E,D,0,4062.213,12.2619999999997,10/12/2022 12:00:00 AM,16:38:41.2020590
9019,UTA Session 2,trial,16,B,D,0,4077.468,9.32300000000032,10/12/2022 12:00:00 AM,16:38:53.5183871
9019,UTA Session 2,trial,17,A,A,1,4089.854,12.9770000000003,10/12/2022 12:00:00 AM,16:39:09.5590148
9019,UTA Session 2,trial,18,D,A,0,4105.973,19.2979999999998,10/12/2022 12:00:00 AM,16:39:31.9991551
9019,UTA Session 2,trial,19,E,E,1,4128.46,22.0609999999997,10/12/2022 12:00:00 AM,16:39:57.2497290
9019,UTA Session 2,trial,20,D,D,1,4153.428,8.48599999999988,10/12/2022 12:00:00 AM,16:40:08.6421184
9019,UTA Session 2,trial,21,A,A,1,4164.658,14.5439999999999,10/12/2022 12:00:00 AM,16:40:25.9309231
9019,UTA Session 2,trial,22,A,B,0,4182.245,19.3019999999997,10/12/2022 12:00:00 AM,16:40:48.2755019
9019,UTA Session 2,trial,23,D,D,1,4205.868,4.07299999999941,10/12/2022 12:00:00 AM,16:40:56.6701768
9019,UTA Session 2,trial,24,D,E,0,4213.256,7.55299999999988,10/12/2022 12:00:00 AM,16:41:07.5378243
9022,UTA Session 2,practice,1,B,C,0,1441.65,6.72599999999989,10/13/2022 12:00:00 AM,12:46:03.5475128
9022,UTA Session 2,practice,2,B,E,0,1456.933,10.2180000000001,10/13/2022 12:00:00 AM,12:46:22.3217546
9022,UTA Session 2,practice,3,C,B,0,1471.378,6.38700000000017,10/13/2022 12:00:00 AM,12:46:32.9358157
9022,UTA Session 2,practice,4,A,C,0,1480.542,3.68100000000004,10/13/2022 12:00:00 AM,12:46:39.3935253
9022,UTA Session 2,trial,1,B,A,0,1494.228,19.241,10/13/2022 12:00:00 AM,12:47:08.6411867
9022,UTA Session 2,trial,2,B,A,0,1518.148,17.4290000000001,10/13/2022 12:00:00 AM,12:47:30.7475169
9022,UTA Session 2,trial,3,C,B,0,1538.702,3.41100000000006,10/13/2022 12:00:00 AM,12:47:37.2830344
9022,UTA Session 2,trial,4,A,A,1,1545.167,5.7360000000001,10/13/2022 12:00:00 AM,12:47:46.0734942
9022,UTA Session 2,trial,5,B,A,0,1553.749,6.98800000000006,10/13/2022 12:00:00 AM,12:47:55.9076466
9022,UTA Session 2,trial,6,D,A,0,1563.733,6.88599999999997,10/13/2022 12:00:00 AM,12:48:05.7891794
9022,UTA Session 2,trial,7,B,D,0,1574.17,6.30999999999995,10/13/2022 12:00:00 AM,12:48:15.6503229
9022,UTA Session 2,trial,8,D,C,0,1583.994,5.56700000000001,10/13/2022 12:00:00 AM,12:48:24.7317073
9022,UTA Session 2,trial,9,C,B,0,1592.571,13.413,10/13/2022 12:00:00 AM,12:48:41.1547973
9022,UTA Session 2,trial,10,C,A,0,1608.768,4.44000000000005,10/13/2022 12:00:00 AM,12:48:48.3781890
9022,UTA Session 2,trial,11,B,B,1,1616.133,15.9549999999999,10/13/2022 12:00:00 AM,12:49:07.2591382
9022,UTA Session 2,trial,12,E,C,0,1634.993,4.31500000000005,10/13/2022 12:00:00 AM,12:49:14.4782962
9022,UTA Session 2,trial,13,B,B,1,1642.215,7.66800000000012,10/13/2022 12:00:00 AM,12:49:25.0534723
9022,UTA Session 2,trial,14,A,A,1,1652.871,6.33699999999999,10/13/2022 12:00:00 AM,12:49:34.3784838
9022,UTA Session 2,trial,15,E,A,0,1662.096,6.49499999999989,10/13/2022 12:00:00 AM,12:49:43.7608627
9022,UTA Session 2,trial,16,B,B,1,1671.614,6.16699999999992,10/13/2022 12:00:00 AM,12:49:52.9512482
9022,UTA Session 2,trial,17,A,A,1,1680.761,14.884,10/13/2022 12:00:00 AM,12:50:10.8148834
9022,UTA Session 2,trial,18,D,D,1,1698.729,17.075,10/13/2022 12:00:00 AM,12:50:30.9744037
9022,UTA Session 2,trial,19,E,E,1,1718.503,11.693,10/13/2022 12:00:00 AM,12:50:45.3666011
9022,UTA Session 2,trial,20,D,D,1,1733.149,14.6850000000002,10/13/2022 12:00:00 AM,12:51:03.0043821
9022,UTA Session 2,trial,21,A,A,1,1750.608,5.23199999999997,10/13/2022 12:00:00 AM,12:51:11.0099430
9022,UTA Session 2,trial,22,A,A,1,1758.969,5.02299999999991,10/13/2022 12:00:00 AM,12:51:19.1621601
9022,UTA Session 2,trial,23,D,D,1,1767.596,24.1600000000001,10/13/2022 12:00:00 AM,12:51:46.9263414
9022,UTA Session 2,trial,24,D,D,1,1794.598,6.61200000000008,10/13/2022 12:00:00 AM,12:51:56.3800443
9022,UTA Session 2,trial,25,E,A,0,1804.141,7.68099999999981,10/13/2022 12:00:00 AM,12:52:06.9916396
9022,UTA Session 2,trial,26,D,D,1,1814.966,4.5440000000001,10/13/2022 12:00:00 AM,12:52:14.6795630
9022,UTA Session 2,trial,27,E,B,0,1822.265,6.99499999999989,10/13/2022 12:00:00 AM,12:52:24.4299964
9022,UTA Session 2,trial,28,C,C,1,1832.167,8.34900000000016,10/13/2022 12:00:00 AM,12:52:35.6853544
9022,UTA Session 2,trial,29,C,C,1,1843.366,11.4680000000001,10/13/2022 12:00:00 AM,12:52:50.0034936
9022,UTA Session 2,trial,30,D,D,1,1857.565,16.905,10/13/2022 12:00:00 AM,12:53:09.6398523
9022,UTA Session 2,trial,31,C,A,0,1877.568,15.2139999999999,10/13/2022 12:00:00 AM,12:53:27.9511248
9022,UTA Session 2,trial,32,E,C,0,1895.896,14.248,10/13/2022 12:00:00 AM,12:53:45.3124600
9022,UTA Session 2,trial,33,A,C,0,1912.845,15.9929999999999,10/13/2022 12:00:00 AM,12:54:04.0066627
9022,UTA Session 2,trial,34,E,A,0,1931.643,2.93499999999995,10/13/2022 12:00:00 AM,12:54:09.7462351
9022,UTA Session 2,trial,35,C,C,1,1937.611,9.97899999999981,10/13/2022 12:00:00 AM,12:54:22.7582224
9023,UTA Session 2,practice,1,B,B,1,1757.666,25.722,10/13/2022 12:00:00 AM,12:53:48.4396305
9023,UTA Session 2,practice,2,B,E,0,1908.991,22.21,10/13/2022 12:00:00 AM,12:56:16.2518144
9023,UTA Session 2,practice,3,C,C,1,1949.516,11.4389999999999,10/13/2022 12:00:00 AM,12:56:46.0064406
9023,UTA Session 2,practice,4,A,A,1,1967.714,8.28700000000003,10/13/2022 12:00:00 AM,12:57:01.0518044
9023,UTA Session 2,trial,1,B,B,1,2046.868,10.181,10/13/2022 12:00:00 AM,12:58:22.1020278
9023,UTA Session 2,trial,2,B,B,1,2060.08,8.10300000000007,10/13/2022 12:00:00 AM,12:58:33.2353405
9023,UTA Session 2,trial,3,C,C,1,2071.239,13.2420000000002,10/13/2022 12:00:00 AM,12:58:49.5333552
9023,UTA Session 2,trial,4,A,A,1,2087.544,8.31500000000005,10/13/2022 12:00:00 AM,12:59:00.9109879
9023,UTA Session 2,trial,5,B,E,0,2099.138,13.3450000000003,10/13/2022 12:00:00 AM,12:59:17.5356162
9023,UTA Session 2,trial,6,D,D,1,2117.045,18.6639999999998,10/13/2022 12:00:00 AM,12:59:40.7612077
9023,UTA Session 2,trial,7,B,D,0,2138.9,10.6770000000001,10/13/2022 12:00:00 AM,12:59:54.6297280
9023,UTA Session 2,trial,8,D,B,0,2161.915,10.6080000000002,10/13/2022 12:00:00 AM,13:00:17.5750483
9023,UTA Session 2,trial,9,C,C,1,2177.945,11.46,10/13/2022 12:00:00 AM,13:00:34.4576037
9023,UTA Session 2,trial,10,C,C,1,2192.618,8.32799999999997,10/13/2022 12:00:00 AM,13:00:45.9983035
9023,UTA Session 2,trial,11,B,B,1,2203.947,13.848,10/13/2022 12:00:00 AM,13:01:02.8473650
9023,UTA Session 2,trial,12,E,E,1,2220.805,12.6660000000002,10/13/2022 12:00:00 AM,13:01:18.5235626
9023,UTA Session 2,trial,13,B,B,1,2236.268,13.6210000000001,10/13/2022 12:00:00 AM,13:01:34.9412589
9023,UTA Session 2,trial,14,A,A,1,2252.856,12.1589999999997,10/13/2022 12:00:00 AM,13:01:50.0679219
9023,UTA Session 2,trial,15,E,A,0,2268.246,21.6709999999998,10/13/2022 12:00:00 AM,13:02:14.9701029
9023,UTA Session 2,trial,16,B,C,0,2294.063,13.0459999999998,10/13/2022 12:00:00 AM,13:02:32.1622363
9023,UTA Session 2,trial,17,A,A,1,2314.33,9.66899999999987,10/13/2022 12:00:00 AM,13:02:49.0521924
9023,UTA Session 2,trial,18,D,B,0,2326.949,9.52399999999989,10/13/2022 12:00:00 AM,13:03:01.5258961
9023,UTA Session 2,trial,19,E,C,0,2343.335,23.23,10/13/2022 12:00:00 AM,13:03:31.6186095
9023,UTA Session 2,trial,20,D,D,1,2369.71,8.75700000000006,10/13/2022 12:00:00 AM,13:03:43.5203602
9023,UTA Session 2,trial,21,A,A,1,2381.6,20.8229999999999,10/13/2022 12:00:00 AM,13:04:07.4769209
9023,UTA Session 2,trial,22,A,B,0,2406.8,17.9169999999999,10/13/2022 12:00:00 AM,13:04:29.7704947
9023,UTA Session 2,trial,23,D,D,1,2430.89,14.125,10/13/2022 12:00:00 AM,13:04:50.0688662
9023,UTA Session 2,trial,24,D,D,1,2448.094,3.22499999999991,10/13/2022 12:00:00 AM,13:04:56.3725581
9023,UTA Session 2,trial,25,E,E,1,2454.489,4.73799999999983,10/13/2022 12:00:00 AM,13:05:04.2814488
9023,UTA Session 2,trial,26,D,D,1,2462.363,7.53800000000001,10/13/2022 12:00:00 AM,13:05:14.9549686
9023,UTA Session 2,trial,27,E,B,0,2473.456,3.30899999999974,10/13/2022 12:00:00 AM,13:05:21.8186609
9023,UTA Session 2,trial,28,C,A,0,2480.303,3.23000000000002,10/13/2022 12:00:00 AM,13:05:28.5871143
9023,UTA Session 2,trial,29,C,B,0,2491.929,21.8739999999998,10/13/2022 12:00:00 AM,13:05:58.8573566
9025,UTA Session 2,practice,1,B,A,0,2709.834,32.087,10/13/2022 12:00:00 AM,15:43:31.1644422
9025,UTA Session 2,practice,2,B,B,1,2816.899,15.6669999999999,10/13/2022 12:00:00 AM,15:45:01.8059882
9025,UTA Session 2,practice,3,C,C,1,2834.544,9.01999999999998,10/13/2022 12:00:00 AM,15:45:12.8037510
9025,UTA Session 2,practice,4,A,A,1,2845.201,9.24600000000009,10/13/2022 12:00:00 AM,15:45:23.6874003
9025,UTA Session 2,trial,1,B,B,1,2880.94,17.1280000000002,10/13/2022 12:00:00 AM,15:46:07.3095228
9025,UTA Session 2,trial,2,B,B,1,2901.305,8.74800000000005,10/13/2022 12:00:00 AM,15:46:19.2936098
9025,UTA Session 2,trial,3,C,C,1,2913.002,8.88700000000017,10/13/2022 12:00:00 AM,15:46:31.1286881
9025,UTA Session 2,trial,4,A,A,1,2924.94,7.17399999999998,10/13/2022 12:00:00 AM,15:46:41.3531886
9025,UTA Session 2,trial,5,B,E,0,2935.214,7.48300000000017,10/13/2022 12:00:00 AM,15:46:51.9362763
9025,UTA Session 2,trial,6,D,C,0,2951.466,10.7809999999999,10/13/2022 12:00:00 AM,15:47:11.4859382
9025,UTA Session 2,trial,7,B,D,0,2965.716,7.82200000000012,10/13/2022 12:00:00 AM,15:47:22.7766874
9025,UTA Session 2,trial,8,D,B,0,2986.972,13.1169999999997,10/13/2022 12:00:00 AM,15:47:49.3269755
9025,UTA Session 2,trial,9,C,C,1,3003.123,12.7260000000001,10/13/2022 12:00:00 AM,15:48:05.0867429
9025,UTA Session 2,trial,10,C,A,0,3018.823,5.8420000000001,10/13/2022 12:00:00 AM,15:48:13.9024649
9025,UTA Session 2,trial,11,B,B,1,3041.427,9.12199999999984,10/13/2022 12:00:00 AM,15:48:39.7866362
9025,UTA Session 2,trial,12,E,B,0,3053.345,17.5040000000004,10/13/2022 12:00:00 AM,15:49:00.0857896
9025,UTA Session 2,trial,13,B,D,0,3075.346,11.6370000000002,10/13/2022 12:00:00 AM,15:49:16.2195889
9025,UTA Session 2,trial,14,A,A,1,3093.825,6.89000000000033,10/13/2022 12:00:00 AM,15:49:29.9514835
9025,UTA Session 2,trial,15,E,E,1,3103.622,8.68200000000024,10/13/2022 12:00:00 AM,15:49:41.5414084
9025,UTA Session 2,trial,16,B,A,0,3115.301,16.692,10/13/2022 12:00:00 AM,15:50:01.2291300
9025,UTA Session 2,trial,17,A,A,1,3136.489,27.79,10/13/2022 12:00:00 AM,15:50:33.5159159
9025,UTA Session 2,trial,18,D,D,1,3167.517,16.1980000000003,10/13/2022 12:00:00 AM,15:50:52.9515594
9025,UTA Session 2,trial,19,E,B,0,3186.64,8.58699999999999,10/13/2022 12:00:00 AM,15:51:04.4633949
9025,UTA Session 2,trial,20,D,D,1,3199.627,5.63799999999992,10/13/2022 12:00:00 AM,15:51:14.5009426
9025,UTA Session 2,trial,21,A,A,1,3208.23,20.096,10/13/2022 12:00:00 AM,15:51:37.5624255
9025,UTA Session 2,trial,22,A,A,1,3231.239,12,10/13/2022 12:00:00 AM,15:51:52.4748358
9025,UTA Session 2,trial,23,D,D,1,3246.242,17.239,10/13/2022 12:00:00 AM,15:52:12.7162071
9025,UTA Session 2,trial,24,D,E,0,3266.272,5.66699999999992,10/13/2022 12:00:00 AM,15:52:21.1744799
9025,UTA Session 2,trial,25,E,D,0,3275.081,8.25399999999991,10/13/2022 12:00:00 AM,15:52:32.5697113
9025,UTA Session 2,trial,26,D,B,0,3286.398,7.35599999999977,10/13/2022 12:00:00 AM,15:52:42.9895789
9025,UTA Session 2,trial,27,E,B,0,3296.899,15.3140000000003,10/13/2022 12:00:00 AM,15:53:01.4487000
9025,UTA Session 2,trial,28,C,C,1,3315.097,4.08799999999974,10/13/2022 12:00:00 AM,15:53:08.4194000
9025,UTA Session 2,trial,29,C,B,0,3321.933,15.0839999999998,10/13/2022 12:00:00 AM,15:53:26.2522845
9024,UTA Session 2,practice,1,B,E,0,2335.542,13.0610000000001,10/13/2022 12:00:00 AM,15:59:13.7711334
9024,UTA Session 2,practice,2,B,E,0,2355.24,6.63500000000022,10/13/2022 12:00:00 AM,15:59:27.0412872
9024,UTA Session 2,practice,3,C,E,0,2366.381,3.10600000000022,10/13/2022 12:00:00 AM,15:59:34.6532446
9024,UTA Session 2,practice,4,A,E,0,2370.661,4.596,10/13/2022 12:00:00 AM,15:59:40.4229025
9024,UTA Session 2,trial,1,B,B,1,2387.858,9.10099999999966,10/13/2022 12:00:00 AM,16:00:02.1275071
9024,UTA Session 2,trial,2,B,A,0,2400.324,5.25999999999976,10/13/2022 12:00:00 AM,16:00:10.7512905
9024,UTA Session 2,trial,3,C,E,0,2408.891,6.67999999999984,10/13/2022 12:00:00 AM,16:00:20.7374992
9024,UTA Session 2,trial,4,A,A,1,2418.596,4.15700000000015,10/13/2022 12:00:00 AM,16:00:27.9205245
9024,UTA Session 2,trial,5,B,B,1,2426.087,8.29399999999987,10/13/2022 12:00:00 AM,16:00:39.5484055
9024,UTA Session 2,trial,6,D,B,0,2437.691,3.30200000000013,10/13/2022 12:00:00 AM,16:00:46.1604668
9024,UTA Session 2,trial,7,B,C,0,2446.154,3.45699999999988,10/13/2022 12:00:00 AM,16:00:54.7785165
9024,UTA Session 2,trial,8,D,A,0,2453.456,3.25700000000006,10/13/2022 12:00:00 AM,16:01:01.8805748
9024,UTA Session 2,trial,9,C,C,1,2460.104,7.55700000000024,10/13/2022 12:00:00 AM,16:01:12.8289099
9024,UTA Session 2,trial,10,C,A,0,2471.088,3.0949999999998,10/13/2022 12:00:00 AM,16:01:19.3504183
9024,UTA Session 2,trial,11,B,B,1,2478.268,5.92200000000003,10/13/2022 12:00:00 AM,16:01:29.3576594
9024,UTA Session 2,trial,12,E,A,0,2487.643,2.68600000000015,10/13/2022 12:00:00 AM,16:01:35.4972732
9024,UTA Session 2,trial,13,B,D,0,2494.434,5.31700000000001,10/13/2022 12:00:00 AM,16:01:44.9184737
9024,UTA Session 2,trial,14,A,A,1,2502.663,1.96000000000004,10/13/2022 12:00:00 AM,16:01:49.7918229
9024,UTA Session 2,trial,15,E,E,1,2507.618,3.30299999999988,10/13/2022 12:00:00 AM,16:01:56.0891068
9024,UTA Session 2,trial,16,B,D,0,2514.01,7.41299999999956,10/13/2022 12:00:00 AM,16:02:06.5905381
9024,UTA Session 2,trial,17,A,A,1,2524.96,3.28099999999995,10/13/2022 12:00:00 AM,16:02:13.4093114
9024,UTA Session 2,trial,18,D,D,1,2531.357,2.77599999999984,10/13/2022 12:00:00 AM,16:02:19.3008263
9024,UTA Session 2,trial,19,E,C,0,2536.972,2.04099999999971,10/13/2022 12:00:00 AM,16:02:24.1815269
9024,UTA Session 2,trial,20,D,D,1,2543.466,2.39600000000019,10/13/2022 12:00:00 AM,16:02:31.0302052
9024,UTA Session 2,trial,21,A,E,0,2548.525,5.91599999999971,10/13/2022 12:00:00 AM,16:02:39.6086668
9024,UTA Session 2,trial,22,A,A,1,2557.412,1.92700000000013,10/13/2022 12:00:00 AM,16:02:44.5077903
9024,UTA Session 2,trial,23,D,D,1,2562.512,4.12300000000005,10/13/2022 12:00:00 AM,16:02:51.8034422
9024,UTA Session 2,trial,24,D,D,1,2569.369,2.4699999999998,10/13/2022 12:00:00 AM,16:02:57.0073383
9024,UTA Session 2,trial,25,E,D,0,2574.464,3.2829999999999,10/13/2022 12:00:00 AM,16:03:02.9148360
9024,UTA Session 2,trial,26,D,B,0,2580.856,1.95899999999983,10/13/2022 12:00:00 AM,16:03:07.9832145
9024,UTA Session 2,trial,27,E,B,0,2585.839,2.77399999999989,10/13/2022 12:00:00 AM,16:03:13.7811128
9024,UTA Session 2,trial,28,C,C,1,2591.991,2.49600000000009,10/13/2022 12:00:00 AM,16:03:19.6549999
9024,UTA Session 2,trial,29,C,A,0,2597.28,7.17899999999963,10/13/2022 12:00:00 AM,16:03:29.6278165
9024,UTA Session 2,trial,30,D,D,1,2607.923,6.9640000000004,10/13/2022 12:00:00 AM,16:03:40.0551083
9024,UTA Session 2,trial,31,C,E,0,2618.009,4.81100000000015,10/13/2022 12:00:00 AM,16:03:47.9888340
9024,UTA Session 2,trial,32,E,E,1,2625.662,5.15700000000015,10/13/2022 12:00:00 AM,16:03:55.9875482
9024,UTA Session 2,trial,33,A,C,0,2633.662,4.67500000000018,10/13/2022 12:00:00 AM,16:04:03.5051791
9024,UTA Session 2,trial,34,E,A,0,2641.259,3.96799999999985,10/13/2022 12:00:00 AM,16:04:10.3948742
9024,UTA Session 2,trial,35,C,B,0,2648.249,2.15200000000004,10/13/2022 12:00:00 AM,16:04:15.5691916
9026,UTA Session 2,practice,1,B,B,1,2925.797,8.84099999999989,10/13/2022 12:00:00 AM,16:17:39.7327139
9026,UTA Session 2,practice,2,B,B,1,2993.525,9.63299999999981,10/13/2022 12:00:00 AM,16:18:48.2515375
9026,UTA Session 2,practice,3,C,C,1,3005.591,13.5799999999999,10/13/2022 12:00:00 AM,16:19:04.2644526
9026,UTA Session 2,practice,4,A,A,1,3021.28,4.38499999999976,10/13/2022 12:00:00 AM,16:19:10.7596437
9026,UTA Session 2,trial,1,B,B,1,3048.38,17.069,10/13/2022 12:00:00 AM,16:19:50.5438226
9026,UTA Session 2,trial,2,B,B,1,3068.65,11.4789999999998,10/13/2022 12:00:00 AM,16:20:05.2237476
9026,UTA Session 2,trial,3,C,B,0,3083.066,9.91900000000032,10/13/2022 12:00:00 AM,16:20:18.0792334
9026,UTA Session 2,trial,4,A,A,1,3095.959,7.34799999999996,10/13/2022 12:00:00 AM,16:20:28.4013415
9026,UTA Session 2,trial,5,B,A,0,3106.132,10.893,10/13/2022 12:00:00 AM,16:20:42.1202610
9026,UTA Session 2,trial,6,D,D,1,3120.135,22.6719999999996,10/13/2022 12:00:00 AM,16:21:07.9021840
9026,UTA Session 2,trial,7,B,D,0,3145.713,12.018,10/13/2022 12:00:00 AM,16:21:22.8259907
9026,UTA Session 2,trial,8,D,E,0,3160.755,9.49199999999973,10/13/2022 12:00:00 AM,16:21:35.3427658
9026,UTA Session 2,trial,9,C,C,1,3173.164,11.7739999999999,10/13/2022 12:00:00 AM,16:21:50.0330167
9026,UTA Session 2,trial,10,C,A,0,3187.743,6.70100000000002,10/13/2022 12:00:00 AM,16:21:59.5393233
9026,UTA Session 2,trial,11,B,B,1,3200.393,10.5459999999998,10/13/2022 12:00:00 AM,16:22:16.0337525
9026,UTA Session 2,trial,12,E,C,0,3214.057,17.5800000000004,10/13/2022 12:00:00 AM,16:22:36.7324891
9026,UTA Session 2,trial,13,B,B,1,3234.615,17.114,10/13/2022 12:00:00 AM,16:22:56.8252817
9026,UTA Session 2,trial,14,A,A,1,3254.851,6.04599999999982,10/13/2022 12:00:00 AM,16:23:05.9921333
9026,UTA Session 2,trial,15,E,E,1,3263.749,26.0350000000003,10/13/2022 12:00:00 AM,16:23:34.8794068
9026,UTA Session 2,trial,16,B,B,1,3292.438,9.58300000000008,10/13/2022 12:00:00 AM,16:23:47.1160705
9026,UTA Session 2,trial,17,A,A,1,3304.806,6.5630000000001,10/13/2022 12:00:00 AM,16:23:56.4650589
9026,UTA Session 2,trial,18,D,D,1,3314.283,10.9480000000003,10/13/2022 12:00:00 AM,16:24:10.3268714
9026,UTA Session 2,trial,19,E,E,1,3327.895,19.2260000000001,10/13/2022 12:00:00 AM,16:24:32.2160116
9026,UTA Session 2,trial,20,D,D,1,3349.887,15.9400000000001,10/13/2022 12:00:00 AM,16:24:50.9225120
9026,UTA Session 2,trial,21,A,A,1,3368.709,15.7020000000002,10/13/2022 12:00:00 AM,16:25:09.5073390
9026,UTA Session 2,trial,22,A,A,1,3387.339,5.94000000000005,10/13/2022 12:00:00 AM,16:25:18.3744190
9026,UTA Session 2,trial,23,D,D,1,3396.121,12.5679999999998,10/13/2022 12:00:00 AM,16:25:33.7842204
9026,UTA Session 2,trial,24,D,D,1,3411.327,12.7089999999998,10/13/2022 12:00:00 AM,16:25:49.1323425
9026,UTA Session 2,trial,25,E,A,0,3426.818,11.5599999999999,10/13/2022 12:00:00 AM,16:26:03.4736380
9026,UTA Session 2,trial,26,D,D,1,3441.911,8.91100000000006,10/13/2022 12:00:00 AM,16:26:15.9184420
9026,UTA Session 2,trial,27,E,B,0,3453.435,9.5590000000002,10/13/2022 12:00:00 AM,16:26:28.0900845
9026,UTA Session 2,trial,28,C,C,1,3466.061,15.297,10/13/2022 12:00:00 AM,16:26:46.4546457
9026,UTA Session 2,trial,29,C,E,0,3484.253,9.92699999999968,10/13/2022 12:00:00 AM,16:26:59.2762580
9026,UTA Session 2,trial,30,D,D,1,3497.118,11.1300000000001,10/13/2022 12:00:00 AM,16:27:13.3444542
9028,UTA Session 2,practice,1,B,B,1,3137.72,13.105,10/14/2022 12:00:00 AM,10:11:50.7557522
9028,UTA Session 2,practice,2,B,A,0,3198.987,10.9899999999998,10/14/2022 12:00:00 AM,10:12:49.9051824
9028,UTA Session 2,practice,3,C,A,0,3213.73,24.2979999999998,10/14/2022 12:00:00 AM,10:13:17.9561224
9028,UTA Session 2,practice,4,A,A,1,3240.61,11.8739999999998,10/14/2022 12:00:00 AM,10:13:32.4120169
9028,UTA Session 2,trial,1,B,B,1,3285.132,22.5320000000002,10/14/2022 12:00:00 AM,10:14:27.5933109
9028,UTA Session 2,trial,2,B,B,1,3310.78,9.32399999999961,10/14/2022 12:00:00 AM,10:14:40.0328335
9028,UTA Session 2,trial,3,C,B,0,3323.257,10.944,10/14/2022 12:00:00 AM,10:14:54.1289130
9028,UTA Session 2,trial,4,A,B,0,3337.493,24.212,10/14/2022 12:00:00 AM,10:15:21.6326055
9028,UTA Session 2,trial,5,B,A,0,3365.405,9.63199999999961,10/14/2022 12:00:00 AM,10:15:34.9638957
9028,UTA Session 2,trial,6,D,D,1,3378.631,9.4670000000001,10/14/2022 12:00:00 AM,10:15:48.0250815
9028,UTA Session 2,trial,7,B,E,0,3391.048,28.3090000000002,10/14/2022 12:00:00 AM,10:16:19.2839170
9028,UTA Session 2,trial,8,D,A,0,3422.171,28.056,10/14/2022 12:00:00 AM,10:16:50.1532357
9028,UTA Session 2,trial,9,C,C,1,3453.459,19.692,10/14/2022 12:00:00 AM,10:17:13.0779052
9028,UTA Session 2,trial,10,C,A,0,3476.269,12.7460000000001,10/14/2022 12:00:00 AM,10:17:28.9413773
9028,UTA Session 2,trial,11,B,E,0,3492.351,15.5639999999999,10/14/2022 12:00:00 AM,10:17:47.8406443
9028,UTA Session 2,trial,12,E,A,0,3510.758,11.1110000000003,10/14/2022 12:00:00 AM,10:18:01.7940220
9028,UTA Session 2,trial,13,B,D,0,3525.255,9.66799999999967,10/14/2022 12:00:00 AM,10:18:14.8477503
9028,UTA Session 2,trial,14,A,E,0,3537.903,23.0720000000001,10/14/2022 12:00:00 AM,10:18:40.8999253
9028,UTA Session 2,trial,15,E,D,0,3563.876,42.8699999999999,10/14/2022 12:00:00 AM,10:19:26.6703681
9028,UTA Session 2,trial,16,B,D,0,3609.734,20.3630000000003,10/14/2022 12:00:00 AM,10:19:50.0216616
9028,UTA Session 2,trial,17,A,B,0,3633.153,35.8790000000004,10/14/2022 12:00:00 AM,10:20:28.9570807
9028,UTA Session 2,trial,18,D,D,1,3672.015,16.578,10/14/2022 12:00:00 AM,10:20:48.5178189
9028,UTA Session 2,trial,19,E,B,0,3691.445,57.0789999999997,10/14/2022 12:00:00 AM,10:21:48.4491661
9027,UTA Session 2,practice,1,B,B,1,3225.814,59.6710000000003,10/14/2022 12:00:00 AM,10:26:02.4506145
9027,UTA Session 2,practice,2,B,E,0,3380.163,22.3589999999999,10/14/2022 12:00:00 AM,10:27:59.4838125
9027,UTA Session 2,practice,3,C,A,0,3432.709,48.7440000000001,10/14/2022 12:00:00 AM,10:29:18.4160205
9027,UTA Session 2,practice,4,A,A,1,3486.872,17.1950000000002,10/14/2022 12:00:00 AM,10:29:41.0292515
9027,UTA Session 2,trial,1,B,B,1,3547.814,26.547,10/14/2022 12:00:00 AM,10:30:51.3256026
9027,UTA Session 2,trial,2,B,C,0,3578.061,26.8499999999999,10/14/2022 12:00:00 AM,10:31:21.8742640
9027,UTA Session 2,trial,3,C,A,0,3610.127,35.7550000000001,10/14/2022 12:00:00 AM,10:32:02.8449907
9027,UTA Session 2,trial,4,A,A,1,3649.921,14.402,10/14/2022 12:00:00 AM,10:32:21.2868692
9027,UTA Session 2,trial,5,B,B,1,3667.698,32.6330000000003,10/14/2022 12:00:00 AM,10:32:57.2952860
9027,UTA Session 2,trial,6,D,D,1,3705.176,18.7829999999999,10/14/2022 12:00:00 AM,10:33:20.9233411
9027,UTA Session 2,trial,7,B,B,1,3726.99,17.0690000000004,10/14/2022 12:00:00 AM,10:33:41.0231544
9027,UTA Session 2,trial,8,D,B,0,3747.341,9.53099999999995,10/14/2022 12:00:00 AM,10:33:53.8352823
9027,UTA Session 2,trial,9,C,D,0,3761.282,26.6849999999999,10/14/2022 12:00:00 AM,10:34:24.9313285
9027,UTA Session 2,trial,10,C,A,0,3792.021,24.4449999999997,10/14/2022 12:00:00 AM,10:34:53.4299112
9027,UTA Session 2,trial,11,B,D,0,3819.55,17.616,10/14/2022 12:00:00 AM,10:35:14.1287910
9027,UTA Session 2,trial,12,E,B,0,3840.174,11.1970000000001,10/14/2022 12:00:00 AM,10:35:28.3353564
9027,UTA Session 2,trial,13,B,B,1,3854.415,10.069,10/14/2022 12:00:00 AM,10:35:41.4474982
9027,UTA Session 2,trial,14,A,A,1,3867.585,10.3290000000002,10/14/2022 12:00:00 AM,10:35:54.8776431
9027,UTA Session 2,trial,15,E,D,0,3880.951,10.0500000000002,10/14/2022 12:00:00 AM,10:36:07.9654206
9027,UTA Session 2,trial,16,B,B,1,3897.589,31.2580000000003,10/14/2022 12:00:00 AM,10:36:45.8115669
9027,UTA Session 2,trial,17,A,A,1,3931.968,22.2139999999999,10/14/2022 12:00:00 AM,10:37:11.1481464
9027,UTA Session 2,trial,18,D,D,1,3957.306,9.53999999999996,10/14/2022 12:00:00 AM,10:37:23.8106499
9027,UTA Session 2,trial,19,E,B,0,3969.796,16.9880000000003,10/14/2022 12:00:00 AM,10:37:43.7487494
9027,UTA Session 2,trial,20,D,B,0,3991.432,8.17400000000043,10/14/2022 12:00:00 AM,10:37:56.5701631
9029,UTA Session 2,practice,1,B,C,0,2268.082,36.8720000000003,10/14/2022 12:00:00 AM,13:07:08.3679215
9029,UTA Session 2,practice,2,B,A,0,2373.951,11.8400000000001,10/14/2022 12:00:00 AM,13:08:29.2021907
9029,UTA Session 2,practice,3,C,A,0,2391.6,26.4390000000003,10/14/2022 12:00:00 AM,13:09:01.4499755
9029,UTA Session 2,practice,4,A,A,1,2423.282,14.1219999999998,10/14/2022 12:00:00 AM,13:09:20.8150536
9029,UTA Session 2,trial,1,B,A,0,2453.299,12.8499999999999,10/14/2022 12:00:00 AM,13:09:49.5622094
9029,UTA Session 2,trial,2,B,A,0,2469.949,9.28999999999996,10/14/2022 12:00:00 AM,13:10:02.6507436
9029,UTA Session 2,trial,3,C,C,1,2482.682,5.48500000000013,10/14/2022 12:00:00 AM,13:10:11.5788458
9029,UTA Session 2,trial,4,A,A,1,2491.367,10.6659999999997,10/14/2022 12:00:00 AM,13:10:25.4455242
9029,UTA Session 2,trial,5,B,B,1,2505.085,15.1759999999999,10/14/2022 12:00:00 AM,13:10:43.6726100
9029,UTA Session 2,trial,6,D,D,1,2523.489,13.3299999999999,10/14/2022 12:00:00 AM,13:11:00.2311802
9029,UTA Session 2,trial,7,B,D,0,2539.667,10.7550000000001,10/14/2022 12:00:00 AM,13:11:13.8336262
9029,UTA Session 2,trial,8,D,C,0,2553.7,4.90900000000011,10/14/2022 12:00:00 AM,13:11:22.0204447
9029,UTA Session 2,trial,9,C,C,1,2565.798,11.6510000000003,10/14/2022 12:00:00 AM,13:11:40.8613195
9029,UTA Session 2,trial,10,C,C,1,2580.319,9.11599999999999,10/14/2022 12:00:00 AM,13:11:52.8466902
9029,UTA Session 2,trial,11,B,B,1,2592.956,8.77500000000009,10/14/2022 12:00:00 AM,13:12:05.1433253
9029,UTA Session 2,trial,12,E,C,0,2604.582,3.85699999999997,10/14/2022 12:00:00 AM,13:12:11.8501375
9029,UTA Session 2,trial,13,B,C,0,2611.37,4.71300000000019,10/14/2022 12:00:00 AM,13:12:19.4941013
9029,UTA Session 2,trial,14,A,A,1,2619.074,8.38900000000012,10/14/2022 12:00:00 AM,13:12:30.8743354
9029,UTA Session 2,trial,15,E,A,0,2630.558,7.61299999999983,10/14/2022 12:00:00 AM,13:12:41.5822298
9029,UTA Session 2,trial,16,B,B,1,2641.685,9.23399999999992,10/14/2022 12:00:00 AM,13:12:54.3303473
9029,UTA Session 2,trial,17,A,A,1,2654.001,5.69599999999991,10/14/2022 12:00:00 AM,13:13:03.1091988
9029,UTA Session 2,trial,18,D,B,0,2662.594,13.6729999999998,10/14/2022 12:00:00 AM,13:13:19.6785480
9029,UTA Session 2,trial,19,E,E,1,2679.272,5.5590000000002,10/14/2022 12:00:00 AM,13:13:28.2425063
9029,UTA Session 2,trial,20,D,D,1,2687.582,6.029,10/14/2022 12:00:00 AM,13:13:37.0215950
9029,UTA Session 2,trial,21,A,A,1,2696.366,10.0450000000001,10/14/2022 12:00:00 AM,13:13:49.8220935
9029,UTA Session 2,trial,22,A,A,1,2709.425,3.13599999999997,10/14/2022 12:00:00 AM,13:13:55.9722374
9029,UTA Session 2,trial,23,D,E,0,2715.537,6.25200000000041,10/14/2022 12:00:00 AM,13:14:05.2007396
9029,UTA Session 2,trial,24,D,E,0,2724.487,3.88400000000001,10/14/2022 12:00:00 AM,13:14:11.7820525
9029,UTA Session 2,trial,25,E,D,0,2731.015,4.49800000000005,10/14/2022 12:00:00 AM,13:14:18.9243344
9029,UTA Session 2,trial,26,D,B,0,2738.566,3.49000000000024,10/14/2022 12:00:00 AM,13:14:25.4670015
9029,UTA Session 2,trial,27,E,E,1,2746.001,5.25199999999995,10/14/2022 12:00:00 AM,13:14:34.6640374
9029,UTA Session 2,trial,28,C,A,0,2754.139,8.79199999999992,10/14/2022 12:00:00 AM,13:14:46.3419225
9029,UTA Session 2,trial,29,C,C,1,2765.909,5.46799999999985,10/14/2022 12:00:00 AM,13:14:54.7879081
9029,UTA Session 2,trial,30,D,E,0,2774.474,7.38099999999986,10/14/2022 12:00:00 AM,13:15:05.2663927
9029,UTA Session 2,trial,31,C,D,0,2784.673,5.89000000000033,10/14/2022 12:00:00 AM,13:15:13.9750087
9029,UTA Session 2,trial,32,E,E,1,2793.887,6.67399999999998,10/14/2022 12:00:00 AM,13:15:23.9719430
9029,UTA Session 2,trial,33,A,B,0,2803.372,2.85100000000011,10/14/2022 12:00:00 AM,13:15:29.6344846
9029,UTA Session 2,trial,34,E,A,0,2809.747,3.28600000000006,10/14/2022 12:00:00 AM,13:15:36.4443146
9029,UTA Session 2,trial,35,C,D,0,2816.789,7.47799999999961,10/14/2022 12:00:00 AM,13:15:47.6777343
9031,UTA Session 2,practice,1,B,E,0,4123.897,21.46,10/14/2022 12:00:00 AM,13:36:52.3538395
9031,UTA Session 2,practice,2,B,A,0,4174.775,10.9610000000002,10/14/2022 12:00:00 AM,13:37:32.7321321
9031,UTA Session 2,practice,3,C,C,1,4189.564,7.74799999999959,10/14/2022 12:00:00 AM,13:37:44.3087071
9031,UTA Session 2,practice,4,A,B,0,4198.837,4.15699999999924,10/14/2022 12:00:00 AM,13:37:49.9909588
9031,UTA Session 2,trial,1,B,B,1,4216.692,10.7079999999996,10/14/2022 12:00:00 AM,13:38:14.3981835
9031,UTA Session 2,trial,2,B,A,0,4230.614,8.83500000000004,10/14/2022 12:00:00 AM,13:38:26.4452375
9031,UTA Session 2,trial,3,C,C,1,4242.778,14.5299999999997,10/14/2022 12:00:00 AM,13:38:44.3054292
9031,UTA Session 2,trial,4,A,B,0,4260.24,18.7520000000004,10/14/2022 12:00:00 AM,13:39:05.9891093
9031,UTA Session 2,trial,5,B,A,0,4282.06,11.9799999999996,10/14/2022 12:00:00 AM,13:39:21.0375506
9031,UTA Session 2,trial,6,D,A,0,4296.95,3.08100000000013,10/14/2022 12:00:00 AM,13:39:27.0285806
9031,UTA Session 2,trial,7,B,B,1,4303.115,2.77500000000055,10/14/2022 12:00:00 AM,13:39:32.8882701
9031,UTA Session 2,trial,8,D,E,0,4308.952,9.49399999999969,10/14/2022 12:00:00 AM,13:39:45.4444123
9031,UTA Session 2,trial,9,C,C,1,4321.42,3.68099999999959,10/14/2022 12:00:00 AM,13:39:52.0988910
9031,UTA Session 2,trial,10,C,A,0,4328.273,2.03399999999965,10/14/2022 12:00:00 AM,13:39:57.3052090
9031,UTA Session 2,trial,11,B,B,1,4333.219,5.45600000000013,10/14/2022 12:00:00 AM,13:40:05.6736580
9031,UTA Session 2,trial,12,E,B,0,4341.502,3.28399999999965,10/14/2022 12:00:00 AM,13:40:11.7844078
9031,UTA Session 2,trial,13,B,E,0,4347.785,3.92100000000028,10/14/2022 12:00:00 AM,13:40:18.7038859
9031,UTA Session 2,trial,14,A,E,0,4354.334,8.67799999999988,10/14/2022 12:00:00 AM,13:40:30.0102669
9031,UTA Session 2,trial,15,E,A,0,4365.908,2.29199999999946,10/14/2022 12:00:00 AM,13:40:35.1975855
9031,UTA Session 2,trial,16,B,A,0,4371.602,3.45399999999972,10/14/2022 12:00:00 AM,13:40:42.0544226
9031,UTA Session 2,trial,17,A,C,0,4378.151,2.85300000000007,10/14/2022 12:00:00 AM,13:40:48.0026782
9031,UTA Session 2,trial,18,D,B,0,4383.926,5.26999999999953,10/14/2022 12:00:00 AM,13:40:56.1939535
9031,UTA Session 2,trial,19,E,E,1,4392.137,4.01100000000042,10/14/2022 12:00:00 AM,13:41:03.1463192
9031,UTA Session 2,trial,20,D,C,0,4398.737,4.33500000000004,10/14/2022 12:00:00 AM,13:41:10.0704321
9031,UTA Session 2,trial,21,A,A,1,4405.991,2.49600000000009,10/14/2022 12:00:00 AM,13:41:15.4847720
9031,UTA Session 2,trial,22,A,C,0,4411.329,2.6869999999999,10/14/2022 12:00:00 AM,13:41:21.0151259
9031,UTA Session 2,trial,23,D,D,1,4416.851,4.54500000000007,10/14/2022 12:00:00 AM,13:41:28.3946107
9031,UTA Session 2,trial,24,D,B,0,4424.086,4.79199999999946,10/14/2022 12:00:00 AM,13:41:35.8774125
9031,UTA Session 2,trial,25,E,A,0,4431.879,3.32499999999982,10/14/2022 12:00:00 AM,13:41:42.2029171
9031,UTA Session 2,trial,26,D,C,0,4437.956,4.80400000000009,10/14/2022 12:00:00 AM,13:41:49.7582503
9031,UTA Session 2,trial,27,E,B,0,4445.998,2.25900000000001,10/14/2022 12:00:00 AM,13:41:55.2546775
9031,UTA Session 2,trial,28,C,D,0,4451.128,5.70100000000002,10/14/2022 12:00:00 AM,13:42:03.8267465
9031,UTA Session 2,trial,29,C,E,0,4459.709,13.491,10/14/2022 12:00:00 AM,13:42:20.1994774
9031,UTA Session 2,trial,30,D,C,0,4475.973,3.99399999999969,10/14/2022 12:00:00 AM,13:42:26.9647438
9031,UTA Session 2,trial,31,C,A,0,4482.78,3.83700000000044,10/14/2022 12:00:00 AM,13:42:33.6155794
9031,UTA Session 2,trial,32,E,B,0,4489.781,3.73999999999978,10/14/2022 12:00:00 AM,13:42:40.5198108
9031,UTA Session 2,trial,33,A,D,0,4496.442,4.78999999999996,10/14/2022 12:00:00 AM,13:42:48.2312722
9031,UTA Session 2,trial,34,E,A,0,4504.01,6.88199999999961,10/14/2022 12:00:00 AM,13:42:57.8904808
9031,UTA Session 2,trial,35,C,B,0,4514.154,2.83599999999933,10/14/2022 12:00:00 AM,13:43:03.9892418
9030,UTA Session 2,practice,1,B,B,1,2427.379,26.337,10/14/2022 0:00,07:01.4
9030,UTA Session 2,practice,2,B,E,0,2494.228,6.244,10/14/2022 0:00,07:48.1
9030,UTA Session 2,practice,3,C,C,1,2507.192,9.961,10/14/2022 0:00,08:04.8
9030,UTA Session 2,practice,4,A,A,1,2518.298,4.493,10/14/2022 0:00,08:10.4
9030,UTA Session 2,trial,1,B,B,1,2541.19,11.985,10/14/2022 0:00,08:40.8
9030,UTA Session 2,trial,2,B,B,1,2556.762,10.889,10/14/2022 0:00,08:55.3
9030,UTA Session 2,trial,3,C,B,0,2570.782,7.804,10/14/2022 0:00,09:06.2
9030,UTA Session 2,trial,4,A,A,1,2582.768,8.385,10/14/2022 0:00,09:18.8
9030,UTA Session 2,trial,5,B,E,0,2594.081,7.305,10/14/2022 0:00,09:29.0
9030,UTA Session 2,trial,6,D,B,0,2606.419,8.119,10/14/2022 0:00,09:42.2
9030,UTA Session 2,trial,7,B,B,1,2618.216,17.303,10/14/2022 0:00,10:03.2
9030,UTA Session 2,trial,8,D,A,0,2638.603,6.83,10/14/2022 0:00,10:13.1
9030,UTA Session 2,trial,9,C,C,1,2648.453,9.46,10/14/2022 0:00,10:25.5
9030,UTA Session 2,trial,10,C,A,0,2660.912,3.988,10/14/2022 0:00,10:32.5
9030,UTA Session 2,trial,11,B,D,0,2669.787,4.106,10/14/2022 0:00,10:41.5
9030,UTA Session 2,trial,12,E,A,0,2679.086,9.971,10/14/2022 0:00,10:56.7
9030,UTA Session 2,trial,13,B,D,0,2692.016,5.973,10/14/2022 0:00,11:05.6
9030,UTA Session 2,trial,14,A,E,0,2703.855,8.414,10/14/2022 0:00,11:19.9
9030,UTA Session 2,trial,15,E,E,1,2715.129,7.498,10/14/2022 0:00,11:30.3
9030,UTA Session 2,trial,16,B,A,0,2725.404,6.683,10/14/2022 0:00,11:39.7
9030,UTA Session 2,trial,17,A,D,0,2735.228,17.159,10/14/2022 0:00,12:00.0
9030,UTA Session 2,trial,18,D,B,0,2755.299,8.004,10/14/2022 0:00,12:10.9
9030,UTA Session 2,trial,19,E,E,1,2766.489,5.106,10/14/2022 0:00,12:19.2
9030,UTA Session 2,trial,20,D,C,0,2774.975,4.26,10/14/2022 0:00,12:26.9
9030,UTA Session 2,trial,21,A,E,0,2782.2,9.419,10/14/2022 0:00,12:39.3
9030,UTA Session 2,trial,22,A,C,0,2794.81,5.971,10/14/2022 0:00,12:48.4
9030,UTA Session 2,trial,23,D,D,1,2804.563,4.665,10/14/2022 0:00,12:56.9
9030,UTA Session 2,trial,24,D,D,1,2812.046,8.641,10/14/2022 0:00,13:08.3
9030,UTA Session 2,trial,25,E,A,0,2823.772,8.499,10/14/2022 0:00,13:19.9
9030,UTA Session 2,trial,26,D,D,1,2835.376,13.837,10/14/2022 0:00,13:36.8
9030,UTA Session 2,trial,27,E,B,0,2852.437,4.896,10/14/2022 0:00,13:45.0
9030,UTA Session 2,trial,28,C,B,0,2863.106,5.241,10/14/2022 0:00,13:56.0
9030,UTA Session 2,trial,29,C,A,0,2872.729,5.058,10/14/2022 0:00,14:05.4
9030,UTA Session 2,trial,30,D,E,0,2881.867,7.984,10/14/2022 0:00,14:17.5
9030,UTA Session 2,trial,31,C,D,0,2893.634,8.467,10/14/2022 0:00,14:29.7
9030,UTA Session 2,trial,32,E,C,0,2905.397,7.379,10/14/2022 0:00,14:40.4
9030,UTA Session 2,trial,33,A,A,1,2915.708,21.703,10/14/2022 0:00,15:05.0
9030,UTA Session 2,trial,34,E,A,0,2940.371,8.671,10/14/2022 0:00,15:16.7
9030,UTA Session 2,trial,35,C,E,0,2952.33,10.361,10/14/2022 0:00,15:30.3
9033,UTA Session 2,practice,1,B,B,1,2818.225,24.9970000000003,10/14/2022 12:00:00 AM,16:17:14.8959833
9033,UTA Session 2,practice,2,B,B,1,2863.279,10.4839999999999,10/14/2022 12:00:00 AM,16:17:45.4362846
9033,UTA Session 2,practice,3,C,C,1,2874.497,5.096,10/14/2022 12:00:00 AM,16:17:51.2647945
9033,UTA Session 2,practice,4,A,C,0,2880.343,3.98500000000013,10/14/2022 12:00:00 AM,16:17:56.0009539
9033,UTA Session 2,trial,1,B,B,1,2893.631,9.30200000000013,10/14/2022 12:00:00 AM,16:18:14.6073966
9033,UTA Session 2,trial,2,B,A,0,2905.793,12.029,10/14/2022 12:00:00 AM,16:18:29.4950297
9033,UTA Session 2,trial,3,C,C,1,2922.796,4.63800000000037,10/14/2022 12:00:00 AM,16:18:39.1076491
9033,UTA Session 2,trial,4,A,E,0,2930.083,10.3330000000001,10/14/2022 12:00:00 AM,16:18:52.0895012
9033,UTA Session 2,trial,5,B,B,1,2944.579,15.0719999999997,10/14/2022 12:00:00 AM,16:19:11.3255891
9033,UTA Session 2,trial,6,D,B,0,2962.497,15.9370000000004,10/14/2022 12:00:00 AM,16:19:30.1076885
9033,UTA Session 2,trial,7,B,C,0,2982.132,9.94399999999996,10/14/2022 12:00:00 AM,16:19:43.7492031
9033,UTA Session 2,trial,8,D,D,1,2995.025,5.46499999999969,10/14/2022 12:00:00 AM,16:19:52.1642656
9033,UTA Session 2,trial,9,C,C,1,3003.133,6.38800000000037,10/14/2022 12:00:00 AM,16:20:01.1955886
9033,UTA Session 2,trial,10,C,A,0,3012.096,4.08899999999994,10/14/2022 12:00:00 AM,16:20:07.8590666
9033,UTA Session 2,trial,11,B,B,1,3024.482,8.875,10/14/2022 12:00:00 AM,16:20:25.0319212
9033,UTA Session 2,trial,12,E,A,0,3036.233,4.03800000000001,10/14/2022 12:00:00 AM,16:20:31.9456897
9033,UTA Session 2,trial,13,B,E,0,3043.391,7.31700000000001,10/14/2022 12:00:00 AM,16:20:42.3818346
9033,UTA Session 2,trial,14,A,A,1,3053.267,3.03300000000036,10/14/2022 12:00:00 AM,16:20:47.9743553
9033,UTA Session 2,trial,15,E,E,1,3059.022,6.08600000000024,10/14/2022 12:00:00 AM,16:20:56.7824337
9033,UTA Session 2,trial,16,B,A,0,3067.67,18.549,10/14/2022 12:00:00 AM,16:21:17.8940243
9033,UTA Session 2,trial,17,A,A,1,3089.377,13.1509999999998,10/14/2022 12:00:00 AM,16:21:34.2019687
9033,UTA Session 2,trial,18,D,D,1,3106.998,15.2379999999998,10/14/2022 12:00:00 AM,16:21:53.9102565
9033,UTA Session 2,trial,19,E,C,0,3124.949,9.37300000000005,10/14/2022 12:00:00 AM,16:22:05.9961056
9033,UTA Session 2,trial,20,D,D,1,3136.916,6.34199999999964,10/14/2022 12:00:00 AM,16:22:14.9323417
9033,UTA Session 2,trial,21,A,B,0,3145.786,9.71000000000004,10/14/2022 12:00:00 AM,16:22:27.1702182
9033,UTA Session 2,trial,22,A,A,1,3158.176,6.74600000000009,10/14/2022 12:00:00 AM,16:22:36.5965414
9033,UTA Session 2,trial,23,D,D,1,3167.637,6.07600000000002,10/14/2022 12:00:00 AM,16:22:45.3883244
9033,UTA Session 2,trial,24,D,D,1,3176.407,10.2649999999999,10/14/2022 12:00:00 AM,16:22:58.3458807
9033,UTA Session 2,trial,25,E,A,0,3189.282,3.61599999999999,10/14/2022 12:00:00 AM,16:23:04.5727258
9033,UTA Session 2,trial,26,D,E,0,3196.077,4.69599999999991,10/14/2022 12:00:00 AM,16:23:12.4478932
9033,UTA Session 2,trial,27,E,B,0,3203.458,6.38900000000012,10/14/2022 12:00:00 AM,16:23:21.5219854
9033,UTA Session 2,trial,28,C,C,1,3212.72,8.64600000000019,10/14/2022 12:00:00 AM,16:23:33.0396052
9033,UTA Session 2,trial,29,C,C,1,3224.037,13.4520000000002,10/14/2022 12:00:00 AM,16:23:49.1635663
9033,UTA Session 2,trial,30,D,B,0,3240.107,10.3780000000002,10/14/2022 12:00:00 AM,16:24:02.1596123
9033,UTA Session 2,trial,31,C,B,0,3253.783,17.2710000000002,10/14/2022 12:00:00 AM,16:24:22.7277016
9033,UTA Session 2,trial,32,E,E,1,3273.872,10.7280000000001,10/14/2022 12:00:00 AM,16:24:36.2741753
9033,UTA Session 2,trial,33,A,B,0,3287.252,6.83199999999988,10/14/2022 12:00:00 AM,16:24:45.7576134
9033,UTA Session 2,trial,34,E,A,0,3297.211,2.69900000000007,10/14/2022 12:00:00 AM,16:24:51.5836555
9033,UTA Session 2,trial,35,C,C,1,3307.036,3.08599999999979,10/14/2022 12:00:00 AM,16:25:01.7958754
9034,UTA Session 2,practice,1,B,C,0,3728.557,13.1330000000003,10/14/2022 12:00:00 AM,16:29:56.1975247
9034,UTA Session 2,practice,2,B,E,0,3798.702,28.1259999999997,10/14/2022 12:00:00 AM,16:31:21.3344094
9034,UTA Session 2,practice,3,C,C,1,3831.517,18.4400000000001,10/14/2022 12:00:00 AM,16:31:44.4631534
9034,UTA Session 2,practice,4,A,A,1,3851.756,8.19100000000026,10/14/2022 12:00:00 AM,16:31:54.4533559
9034,UTA Session 2,trial,1,B,B,1,3876.995,20.2060000000001,10/14/2022 12:00:00 AM,16:32:31.7085859
9034,UTA Session 2,trial,2,B,B,1,3900.475,14.9610000000002,10/14/2022 12:00:00 AM,16:32:49.9422568
9034,UTA Session 2,trial,3,C,D,0,3918.423,24.9480000000003,10/14/2022 12:00:00 AM,16:33:17.8785516
9034,UTA Session 2,trial,4,A,A,1,3948.009,13.8240000000001,10/14/2022 12:00:00 AM,16:33:36.3397135
9034,UTA Session 2,trial,5,B,A,0,3964.573,27.569,10/14/2022 12:00:00 AM,16:34:06.6482795
9034,UTA Session 2,trial,6,D,C,0,3995.168,11.4169999999999,10/14/2022 12:00:00 AM,16:34:21.0904832
9034,UTA Session 2,trial,7,B,B,1,4009.367,11.9079999999999,10/14/2022 12:00:00 AM,16:34:35.7827030
9034,UTA Session 2,trial,8,D,C,0,4024.078,15.8829999999998,10/14/2022 12:00:00 AM,16:34:54.4671723
9034,UTA Session 2,trial,9,C,C,1,4047.122,15.0990000000002,10/14/2022 12:00:00 AM,16:35:16.7282199
9034,UTA Session 2,trial,10,C,A,0,4065.105,8.60399999999981,10/14/2022 12:00:00 AM,16:35:28.2157200
9034,UTA Session 2,trial,11,B,B,1,4080.497,7.36400000000003,10/14/2022 12:00:00 AM,16:35:42.3685059
9034,UTA Session 2,trial,12,E,C,0,4090.813,11.3900000000003,10/14/2022 12:00:00 AM,16:35:56.7095038
9034,UTA Session 2,trial,13,B,B,1,4108.303,15.518,10/14/2022 12:00:00 AM,16:36:18.3279629
9034,UTA Session 2,trial,14,A,A,1,4126.561,22.2860000000001,10/14/2022 12:00:00 AM,16:36:43.3535368
9034,UTA Session 2,trial,15,E,A,0,4151.862,11.6390000000001,10/14/2022 12:00:00 AM,16:36:58.0076395
9034,UTA Session 2,trial,16,B,B,1,4166.396,22.857,10/14/2022 12:00:00 AM,16:37:23.7601845
9034,UTA Session 2,trial,17,A,A,1,4192.339,16.6970000000001,10/14/2022 12:00:00 AM,16:37:43.5425472
9034,UTA Session 2,trial,18,D,B,0,4211.861,7.15400000000045,10/14/2022 12:00:00 AM,16:37:53.5218821
9034,UTA Session 2,trial,19,E,E,1,4222.794,11.1040000000003,10/14/2022 12:00:00 AM,16:38:08.4043847
9034,UTA Session 2,trial,20,D,C,0,4236.617,12.4129999999996,10/14/2022 12:00:00 AM,16:38:23.5362139
9034,UTA Session 2,trial,21,A,A,1,4251.956,12.223,10/14/2022 12:00:00 AM,16:38:38.6863349
9034,UTA Session 2,trial,22,A,D,0,4266.958,11.049,10/14/2022 12:00:00 AM,16:38:52.5136454
9034,UTA Session 2,trial,23,D,D,1,4282.714,13.5770000000002,10/14/2022 12:00:00 AM,16:39:10.7978677
9034,UTA Session 2,trial,24,D,E,0,4299.254,8.49099999999999,10/14/2022 12:00:00 AM,16:39:22.2519534
9034,UTA Session 2,trial,25,E,E,1,4318.644,7.50900000000001,10/14/2022 12:00:00 AM,16:39:40.6605294
9032,UTA Session 2,practice,1,B,C,0,2704.18,16.728,10/14/2022 0:00,08:03.6
9032,UTA Session 2,practice,2,B,E,0,2786.136,12.851,10/14/2022 0:00,09:21.7
9032,UTA Session 2,practice,3,C,C,1,2803.088,12.283,10/14/2022 0:00,09:38.1
9032,UTA Session 2,practice,4,A,A,1,2817.067,9.028,10/14/2022 0:00,09:48.8
9032,UTA Session 2,trial,1,B,B,1,2848.002,12.757,10/14/2022 0:00,10:23.5
9032,UTA Session 2,trial,2,B,B,1,2864.029,9.868,10/14/2022 0:00,10:36.6
9032,UTA Session 2,trial,3,C,C,1,2877.302,7.397,10/14/2022 0:00,10:47.4
9032,UTA Session 2,trial,4,A,A,1,2887.887,10.275,10/14/2022 0:00,11:00.9
9032,UTA Session 2,trial,5,B,D,0,2901.715,6.886,10/14/2022 0:00,11:11.3
9032,UTA Session 2,trial,6,D,A,0,2915.961,6.689,10/14/2022 0:00,11:25.3
9032,UTA Session 2,trial,7,B,E,0,2926.294,23.045,10/14/2022 0:00,11:52.0
9032,UTA Session 2,trial,8,D,A,0,2952.67,14.223,10/14/2022 0:00,12:09.6
9032,UTA Session 2,trial,9,C,A,0,2972.793,21.613,10/14/2022 0:00,12:37.1
9032,UTA Session 2,trial,10,C,C,1,2998.975,8.817,10/14/2022 0:00,12:50.5
9032,UTA Session 2,trial,11,B,B,1,3010.894,6.111,10/14/2022 0:00,12:59.7
9032,UTA Session 2,trial,12,E,A,0,3020.037,5.098,10/14/2022 0:00,13:07.8
9032,UTA Session 2,trial,13,B,B,1,3035.795,9.33,10/14/2022 0:00,13:27.8
9032,UTA Session 2,trial,14,A,A,1,3048.415,11.352,10/14/2022 0:00,13:42.5
9032,UTA Session 2,trial,15,E,A,0,3062.917,6.556,10/14/2022 0:00,13:52.2
9032,UTA Session 2,trial,16,B,B,1,3073.568,13.66,10/14/2022 0:00,14:09.9
9032,UTA Session 2,trial,17,A,A,1,3090.654,16.677,10/14/2022 0:00,14:30.0
9032,UTA Session 2,trial,18,D,D,1,3110.996,9.619,10/14/2022 0:00,14:43.3
9032,UTA Session 2,trial,19,E,E,1,3123.787,10.402,10/14/2022 0:00,14:56.9
9032,UTA Session 2,trial,20,D,D,1,3137.452,18.939,10/14/2022 0:00,15:19.1
9032,UTA Session 2,trial,21,A,D,0,3159.517,10.03,10/14/2022 0:00,15:32.2
9032,UTA Session 2,trial,22,A,B,0,3172.898,4.466,10/14/2022 0:00,15:40.1
9032,UTA Session 2,trial,23,D,D,1,3181.33,11.518,10/14/2022 0:00,15:55.5
9032,UTA Session 2,trial,24,D,D,1,3195.898,11.574,10/14/2022 0:00,16:10.2
9032,UTA Session 2,trial,25,E,D,0,3211.12,12.002,10/14/2022 0:00,16:25.8
9032,UTA Session 2,trial,26,D,B,0,3226.297,13.343,10/14/2022 0:00,16:42.3
9032,UTA Session 2,trial,27,E,E,1,3242.871,8.093,10/14/2022 0:00,16:53.7
9032,UTA Session 2,trial,28,C,C,1,3254.123,17.486,10/14/2022 0:00,17:14.3
9032,UTA Session 2,trial,29,C,B,0,3276.03,5.122,10/14/2022 0:00,17:23.8
9032,UTA Session 2,trial,30,D,A,0,3284.78,2.316,10/14/2022 0:00,17:29.8
9032,UTA Session 2,trial,31,C,B,0,3290.722,3.938,10/14/2022 0:00,17:37.4
9021,UTA Session 2,practice,1,B,B,1,2473.477,13.078,10/18/2022 12:00:00 AM,09:59:27.5914104
9021,UTA Session 2,practice,2,B,B,1,2532.658,14.4740000000002,10/18/2022 12:00:00 AM,10:00:28.1678425
9021,UTA Session 2,practice,3,C,C,1,2548.249,6.15700000000015,10/18/2022 12:00:00 AM,10:00:35.4413436
9021,UTA Session 2,practice,4,A,A,1,2555.761,10.2750000000001,10/18/2022 12:00:00 AM,10:00:47.0712550
9021,UTA Session 2,trial,1,B,A,0,2597.191,16.2850000000003,10/18/2022 12:00:00 AM,10:01:34.5132910
9021,UTA Session 2,trial,2,B,B,1,2624.621,16.491,10/18/2022 12:00:00 AM,10:02:02.1476146
9021,UTA Session 2,trial,3,C,C,1,2644.107,11.4769999999999,10/18/2022 12:00:00 AM,10:02:16.6208178
9021,UTA Session 2,trial,4,A,A,1,2658.469,4.26699999999983,10/18/2022 12:00:00 AM,10:02:23.7721913
9021,UTA Session 2,trial,5,B,B,1,2665.602,11.384,10/18/2022 12:00:00 AM,10:02:38.0223589
9021,UTA Session 2,trial,6,D,D,1,2680.206,17.7080000000001,10/18/2022 12:00:00 AM,10:02:58.9499640
9021,UTA Session 2,trial,7,B,D,0,2700.791,8.79499999999962,10/18/2022 12:00:00 AM,10:03:10.6223254
9021,UTA Session 2,trial,8,D,B,0,2715.053,19.1410000000001,10/18/2022 12:00:00 AM,10:03:35.2305560
9021,UTA Session 2,trial,9,C,C,1,2737.503,16.819,10/18/2022 12:00:00 AM,10:03:55.3590686
9021,UTA Session 2,trial,10,C,A,0,2757.411,4.35699999999997,10/18/2022 12:00:00 AM,10:04:02.8049608
9021,UTA Session 2,trial,11,B,B,1,2769.357,8.35699999999997,10/18/2022 12:00:00 AM,10:04:18.7507120
9021,UTA Session 2,trial,12,E,E,1,2780.83,14.0480000000002,10/18/2022 12:00:00 AM,10:04:35.9146890
9021,UTA Session 2,trial,13,B,D,0,2797.775,8.54399999999987,10/18/2022 12:00:00 AM,10:04:47.3552604
9021,UTA Session 2,trial,14,A,A,1,2809.545,13.6010000000001,10/18/2022 12:00:00 AM,10:05:04.1833685
9021,UTA Session 2,trial,15,E,E,1,2826.175,6.52599999999984,10/18/2022 12:00:00 AM,10:05:13.7380237
9021,UTA Session 2,trial,16,B,B,1,2835.533,15.5250000000001,10/18/2022 12:00:00 AM,10:05:32.0950581
9021,UTA Session 2,trial,17,A,A,1,2854.132,10.4740000000002,10/18/2022 12:00:00 AM,10:05:45.6428207
9021,UTA Session 2,trial,18,D,D,1,2867.786,6.55600000000004,10/18/2022 12:00:00 AM,10:05:55.3791575
9021,UTA Session 2,trial,19,E,E,1,2877.171,12.8810000000003,10/18/2022 12:00:00 AM,10:06:11.0889089
9021,UTA Session 2,trial,20,D,D,1,2892.814,11.9259999999999,10/18/2022 12:00:00 AM,10:06:25.7771005
9021,UTA Session 2,trial,21,A,A,1,2907.67,15.9139999999998,10/18/2022 12:00:00 AM,10:06:44.6206455
9021,UTA Session 2,trial,22,A,A,1,2926.643,6.37899999999991,10/18/2022 12:00:00 AM,10:06:54.0586969
9021,UTA Session 2,trial,23,D,E,0,2936.051,16.991,10/18/2022 12:00:00 AM,10:07:14.0796588
9021,UTA Session 2,trial,24,D,D,1,2956.103,11.6869999999999,10/18/2022 12:00:00 AM,10:07:28.8271298
9021,UTA Session 2,trial,25,E,E,1,2970.965,11.5609999999997,10/18/2022 12:00:00 AM,10:07:43.5638935
9021,UTA Session 2,trial,26,D,D,1,2985.119,12.549,10/18/2022 12:00:00 AM,10:07:58.7053947
9021,UTA Session 2,trial,27,E,E,1,3000.291,6.64799999999968,10/18/2022 12:00:00 AM,10:08:07.9762723
9021,UTA Session 2,trial,28,C,C,1,3009.672,6.89399999999978,10/18/2022 12:00:00 AM,10:08:17.6033376
9021,UTA Session 2,trial,29,C,A,0,3019.431,4.83100000000013,10/18/2022 12:00:00 AM,10:08:25.2992972
9021,UTA Session 2,trial,30,D,D,1,3027.217,7.13900000000012,10/18/2022 12:00:00 AM,10:08:35.3934078
9021,UTA Session 2,trial,31,C,A,0,3037.135,4.82699999999977,10/18/2022 12:00:00 AM,10:08:42.9990162
9021,UTA Session 2,trial,32,E,C,0,3045.116,14.288,10/18/2022 12:00:00 AM,10:09:00.4406630
9035,UTA Session 2,practice,1,B,E,0,2611.361,16.3000000000002,11/7/2022 12:00:00 AM,12:52:46.9335098
9035,UTA Session 2,practice,2,B,A,0,2642.991,20.7950000000001,11/7/2022 12:00:00 AM,12:53:23.0578406
9035,UTA Session 2,practice,3,C,E,0,2670.755,9.57099999999991,11/7/2022 12:00:00 AM,12:53:39.5975191
9035,UTA Session 2,practice,4,A,B,0,2683.817,5.96199999999999,11/7/2022 12:00:00 AM,12:53:49.0502839
9035,UTA Session 2,trial,1,B,A,0,2721.331,3.87300000000005,11/7/2022 12:00:00 AM,12:54:24.4775665
9035,UTA Session 2,trial,2,B,A,0,2728.71,9.70600000000013,11/7/2022 12:00:00 AM,12:54:37.6877336
9035,UTA Session 2,trial,3,C,C,1,2741.593,6.81899999999996,11/7/2022 12:00:00 AM,12:54:47.6843194
9035,UTA Session 2,trial,4,A,A,1,2751.719,8.78899999999976,11/7/2022 12:00:00 AM,12:54:59.7800745
9035,UTA Session 2,trial,5,B,D,0,2763.575,4.69700000000012,11/7/2022 12:00:00 AM,12:55:07.5448609
9035,UTA Session 2,trial,6,D,D,1,2773.673,4.62100000000009,11/7/2022 12:00:00 AM,12:55:17.5667909
9035,UTA Session 2,trial,7,B,D,0,2781.253,6.36899999999969,11/7/2022 12:00:00 AM,12:55:26.8942175
9035,UTA Session 2,trial,8,D,A,0,2790.896,7.46199999999999,11/7/2022 12:00:00 AM,12:55:37.6302787
9035,UTA Session 2,trial,9,C,A,0,2801.358,10.1559999999999,11/7/2022 12:00:00 AM,12:55:50.7855712
9035,UTA Session 2,trial,10,C,B,0,2815.715,9.95299999999997,11/7/2022 12:00:00 AM,12:56:04.9394321
9035,UTA Session 2,trial,11,B,B,1,2829.078,4.25399999999991,11/7/2022 12:00:00 AM,12:56:12.6035726
9035,UTA Session 2,trial,12,E,B,0,2836.349,4.0029999999997,11/7/2022 12:00:00 AM,12:56:19.6244411
9035,UTA Session 2,trial,13,B,C,0,2845.322,5.8159999999998,11/7/2022 12:00:00 AM,12:56:30.4090504
9035,UTA Session 2,trial,14,A,A,1,2854.331,7.125,11/7/2022 12:00:00 AM,12:56:40.7288929
9035,UTA Session 2,trial,15,E,C,0,2865.03,5.42999999999984,11/7/2022 12:00:00 AM,12:56:49.7319945
9035,UTA Session 2,trial,16,B,A,0,2873.947,10.9169999999999,11/7/2022 12:00:00 AM,12:57:04.1355030
9035,UTA Session 2,trial,17,A,A,1,2887.965,3.74499999999989,11/7/2022 12:00:00 AM,12:57:10.9829326
9035,UTA Session 2,trial,18,D,B,0,2895.119,7.30699999999979,11/7/2022 12:00:00 AM,12:57:21.6991979
9035,UTA Session 2,trial,19,E,B,0,2906.361,5.08100000000013,11/7/2022 12:00:00 AM,12:57:30.7147120
9035,UTA Session 2,trial,20,D,C,0,2914.681,6.42099999999982,11/7/2022 12:00:00 AM,12:57:40.3750358
9035,UTA Session 2,trial,21,A,E,0,2924.381,10.2809999999999,11/7/2022 12:00:00 AM,12:57:53.9346485
9035,UTA Session 2,trial,22,A,D,0,2937.755,10.4589999999998,11/7/2022 12:00:00 AM,12:58:07.4879596
9035,UTA Session 2,trial,23,D,A,0,2951.038,4.61000000000013,11/7/2022 12:00:00 AM,12:58:14.9219835
9035,UTA Session 2,trial,24,D,E,0,2958.94,5.14599999999973,11/7/2022 12:00:00 AM,12:58:23.3605060
9035,UTA Session 2,trial,25,E,B,0,2966.948,4.01600000000008,11/7/2022 12:00:00 AM,12:58:30.2375998
9035,UTA Session 2,trial,26,D,B,0,2973.842,2.79399999999987,11/7/2022 12:00:00 AM,12:58:35.9106920
9035,UTA Session 2,trial,27,E,B,0,2979.731,4.26499999999987,11/7/2022 12:00:00 AM,12:58:43.2706806
9035,UTA Session 2,trial,28,C,E,0,2987.014,3.01800000000003,11/7/2022 12:00:00 AM,12:58:49.3064811
9035,UTA Session 2,trial,29,C,D,0,2993.13,11.0899999999997,11/7/2022 12:00:00 AM,12:59:03.4947322
9035,UTA Session 2,trial,30,D,A,0,3007.152,2.97800000000007,11/7/2022 12:00:00 AM,12:59:09.4055191
9035,UTA Session 2,trial,31,C,D,0,3013.135,20.2069999999999,11/7/2022 12:00:00 AM,12:59:32.6182186
9035,UTA Session 2,trial,32,E,E,1,3036.65,3.55799999999999,11/7/2022 12:00:00 AM,12:59:39.4851238
9035,UTA Session 2,trial,33,A,A,1,3044.841,5.98900000000003,11/7/2022 12:00:00 AM,12:59:50.1076232
9035,UTA Session 2,trial,34,E,A,0,3054.987,30.7619999999997,11/7/2022 12:00:00 AM,13:00:25.0276388
9035,UTA Session 2,trial,35,C,D,0,3090.594,4.4380000000001,11/7/2022 12:00:00 AM,13:00:34.3103785
9037,UTA Session 2,practice,1,B,B,1,2387.819,10.2200000000003,11/7/2022 12:00:00 AM,12:51:27.2911109
9037,UTA Session 2,practice,2,B,B,1,2479.31,10.3899999999999,11/7/2022 12:00:00 AM,12:52:58.9515830
9037,UTA Session 2,practice,3,C,C,1,2491.695,9.58500000000004,11/7/2022 12:00:00 AM,12:53:10.5321842
9037,UTA Session 2,practice,4,A,A,1,2503.069,5.04300000000012,11/7/2022 12:00:00 AM,12:53:17.3635119
9037,UTA Session 2,trial,1,B,B,1,2540.322,8.99399999999969,11/7/2022 12:00:00 AM,12:53:58.5696790
9037,UTA Session 2,trial,2,B,B,1,2552.806,6.99199999999973,11/7/2022 12:00:00 AM,12:54:09.0502222
9037,UTA Session 2,trial,3,C,A,0,2562.93,6.70000000000027,11/7/2022 12:00:00 AM,12:54:18.8824213
9037,UTA Session 2,trial,4,A,A,1,2573.708,7.43199999999979,11/7/2022 12:00:00 AM,12:54:30.3921294
9037,UTA Session 2,trial,5,B,C,0,2584.253,11.8209999999999,11/7/2022 12:00:00 AM,12:54:45.3251774
9037,UTA Session 2,trial,6,D,C,0,2599.079,10.9289999999996,11/7/2022 12:00:00 AM,12:54:59.2596829
9037,UTA Session 2,trial,7,B,D,0,2613.081,12.317,11/7/2022 12:00:00 AM,12:55:14.6496171
9037,UTA Session 2,trial,8,D,C,0,2628.555,8.01700000000028,11/7/2022 12:00:00 AM,12:55:25.8238793
9037,UTA Session 2,trial,9,C,C,1,2642.125,15.1010000000001,11/7/2022 12:00:00 AM,12:55:46.4785828
9037,UTA Session 2,trial,10,C,C,1,2660.324,13.4519999999998,11/7/2022 12:00:00 AM,12:56:03.0289028
9037,UTA Session 2,trial,11,B,B,1,2676.926,10.0219999999999,11/7/2022 12:00:00 AM,12:56:16.2001643
9037,UTA Session 2,trial,12,E,B,0,2689.924,6.5,11/7/2022 12:00:00 AM,12:56:25.6769480
9037,UTA Session 2,trial,13,B,D,0,2700.713,10.3869999999997,11/7/2022 12:00:00 AM,12:56:40.3521503
9037,UTA Session 2,trial,14,A,A,1,2714.611,5.73900000000003,11/7/2022 12:00:00 AM,12:56:49.6032782
9037,UTA Session 2,trial,15,E,A,0,2723.366,12.3960000000002,11/7/2022 12:00:00 AM,12:57:05.0147946
9037,UTA Session 2,trial,16,B,D,0,2739.48,15.0239999999999,11/7/2022 12:00:00 AM,12:57:23.7579308
9037,UTA Session 2,trial,17,A,A,1,2758.317,4.35300000000007,11/7/2022 12:00:00 AM,12:57:31.9232521
9037,UTA Session 2,trial,18,D,B,0,2765.739,5.57499999999982,11/7/2022 12:00:00 AM,12:57:40.5683213
9037,UTA Session 2,trial,19,E,C,0,2775.448,3.63200000000006,11/7/2022 12:00:00 AM,12:57:48.3335748
9037,UTA Session 2,trial,20,D,C,0,2785.376,6.38199999999961,11/7/2022 12:00:00 AM,12:58:01.0117943
9037,UTA Session 2,trial,21,A,A,1,2796.191,8.85300000000007,11/7/2022 12:00:00 AM,12:58:14.2983678
9037,UTA Session 2,trial,22,A,A,1,2808.832,3.1579999999999,11/7/2022 12:00:00 AM,12:58:21.2452887
9037,UTA Session 2,trial,23,D,D,1,2815.452,8.64499999999998,11/7/2022 12:00:00 AM,12:58:33.3514956
9037,UTA Session 2,trial,24,D,E,0,2827.354,8.50600000000031,11/7/2022 12:00:00 AM,12:58:45.1155238
9037,UTA Session 2,trial,25,E,A,0,2839.144,6.2800000000002,11/7/2022 12:00:00 AM,12:58:54.6798996
9037,UTA Session 2,trial,26,D,D,1,2848.64,4.46600000000035,11/7/2022 12:00:00 AM,12:59:02.3616465
9037,UTA Session 2,trial,27,E,E,1,2856.138,9.63999999999987,11/7/2022 12:00:00 AM,12:59:15.0338825
9037,UTA Session 2,trial,28,C,C,1,2868.787,7.48300000000017,11/7/2022 12:00:00 AM,12:59:25.5263038
9037,UTA Session 2,trial,29,C,A,0,2879.175,7.375,11/7/2022 12:00:00 AM,12:59:35.8067224
9037,UTA Session 2,trial,30,D,D,1,2890.276,11.2600000000002,11/7/2022 12:00:00 AM,12:59:50.7936330
9037,UTA Session 2,trial,31,C,C,1,2904.587,6.88700000000017,11/7/2022 12:00:00 AM,13:00:00.7312003
9037,UTA Session 2,trial,32,E,C,0,2914.381,8.34100000000035,11/7/2022 12:00:00 AM,13:00:11.9800442
9037,UTA Session 2,trial,33,A,B,0,2925.583,4.15900000000011,11/7/2022 12:00:00 AM,13:00:18.9999960
9037,UTA Session 2,trial,34,E,A,0,2933.108,4.16799999999967,11/7/2022 12:00:00 AM,13:00:26.5337118
9037,UTA Session 2,trial,35,C,A,0,2942.2,7.11200000000008,11/7/2022 12:00:00 AM,13:00:38.5702953
9036,UTA Session 2,practice,1,B,A,0,3153.409,12.183,11/7/2022 12:00:00 AM,13:06:58.9463448
9036,UTA Session 2,practice,2,B,E,0,3182.258,15.6300000000001,11/7/2022 12:00:00 AM,13:07:31.2396603
9036,UTA Session 2,practice,3,C,C,1,3201.303,6.45200000000023,11/7/2022 12:00:00 AM,13:07:41.1067926
9036,UTA Session 2,practice,4,A,C,0,3209.497,2.69300000000021,11/7/2022 12:00:00 AM,13:07:45.5418559
9036,UTA Session 2,trial,1,B,B,1,3228.561,9.93899999999985,11/7/2022 12:00:00 AM,13:08:11.8541537
9036,UTA Session 2,trial,2,B,A,0,3241.646,26.4409999999998,11/7/2022 12:00:00 AM,13:08:41.4397422
9036,UTA Session 2,trial,3,C,D,0,3271.31,5.68899999999985,11/7/2022 12:00:00 AM,13:08:50.3511952
9036,UTA Session 2,trial,4,A,A,1,3279.937,4.94200000000001,11/7/2022 12:00:00 AM,13:08:58.2312963
9036,UTA Session 2,trial,5,B,B,1,3287.769,9.38400000000001,11/7/2022 12:00:00 AM,13:09:10.5058011
9036,UTA Session 2,trial,6,D,E,0,3300.091,11.3119999999999,11/7/2022 12:00:00 AM,13:09:24.7542539
9036,UTA Session 2,trial,7,B,B,1,3314.374,12.422,11/7/2022 12:00:00 AM,13:09:40.1480628
9036,UTA Session 2,trial,8,D,D,1,3329.77,8.85899999999992,11/7/2022 12:00:00 AM,13:09:51.9814961
9036,UTA Session 2,trial,9,C,B,0,3341.586,7.99000000000024,11/7/2022 12:00:00 AM,13:10:02.9267325
9036,UTA Session 2,trial,10,C,E,0,3355.067,9.09900000000016,11/7/2022 12:00:00 AM,13:10:17.5172189
9036,UTA Session 2,trial,11,B,D,0,3368.341,3.01400000000012,11/7/2022 12:00:00 AM,13:10:24.7057771
9036,UTA Session 2,trial,12,E,B,0,3377.446,9.09700000000021,11/7/2022 12:00:00 AM,13:10:39.8944972
9036,UTA Session 2,trial,13,B,D,0,3390.318,10.0009999999997,11/7/2022 12:00:00 AM,13:10:53.6699545
9036,UTA Session 2,trial,14,A,A,1,3403.519,6.70800000000008,11/7/2022 12:00:00 AM,13:11:03.5786200
9036,UTA Session 2,trial,15,E,A,0,3413.522,5.70299999999997,11/7/2022 12:00:00 AM,13:11:12.5769680
9036,UTA Session 2,trial,16,B,B,1,3424.665,5.62199999999984,11/7/2022 12:00:00 AM,13:11:23.6385002
9036,UTA Session 2,trial,17,A,C,0,3433.025,13.1379999999999,11/7/2022 12:00:00 AM,13:11:39.5146085
9036,UTA Session 2,trial,18,D,D,1,3448.969,8.47199999999975,11/7/2022 12:00:00 AM,13:11:50.7914141
9036,UTA Session 2,trial,19,E,E,1,3460.261,5.1840000000002,11/7/2022 12:00:00 AM,13:11:58.7961977
9036,UTA Session 2,trial,20,D,A,0,3468.046,3.88500000000022,11/7/2022 12:00:00 AM,13:12:05.2811614
9036,UTA Session 2,trial,21,A,E,0,3476.521,6.48999999999978,11/7/2022 12:00:00 AM,13:12:16.3617055
9036,UTA Session 2,trial,22,A,C,0,3487.088,12.973,11/7/2022 12:00:00 AM,13:12:33.4110613
9036,UTA Session 2,trial,23,D,D,1,3502.695,8.18799999999965,11/7/2022 12:00:00 AM,13:12:44.2332587
9036,UTA Session 2,trial,24,D,B,0,3513.642,9.45000000000027,11/7/2022 12:00:00 AM,13:12:56.4425437
9036,UTA Session 2,trial,25,E,D,0,3526.149,6.89200000000028,11/7/2022 12:00:00 AM,13:13:06.3914392
9036,UTA Session 2,trial,26,D,A,0,3536.421,3.60900000000038,11/7/2022 12:00:00 AM,13:13:13.3792326
9036,UTA Session 2,trial,27,E,B,0,3542.813,6.81899999999996,11/7/2022 12:00:00 AM,13:13:22.9809285
9036,UTA Session 2,trial,28,C,C,1,3552.58,6.07299999999987,11/7/2022 12:00:00 AM,13:13:32.0036827
9036,UTA Session 2,trial,29,C,C,1,3561.411,9.48099999999977,11/7/2022 12:00:00 AM,13:13:44.2423763
9036,UTA Session 2,trial,30,D,E,0,3573.816,6.17399999999998,11/7/2022 12:00:00 AM,13:13:53.3402063
9036,UTA Session 2,trial,31,C,B,0,3583.537,9.29700000000003,11/7/2022 12:00:00 AM,13:14:06.1837978
9036,UTA Session 2,trial,32,E,A,0,3595.604,11.4700000000003,11/7/2022 12:00:00 AM,13:14:20.4230617
9036,UTA Session 2,trial,33,A,B,0,3609.958,12.1089999999999,11/7/2022 12:00:00 AM,13:14:35.4153234
9036,UTA Session 2,trial,34,E,A,0,3624.877,2.19300000000021,11/7/2022 12:00:00 AM,13:14:40.4183584
9036,UTA Session 2,trial,35,C,B,0,3629.839,5.5920000000001,11/7/2022 12:00:00 AM,13:14:48.7798454
9038,UTA Session 2,practice,1,B,C,0,1618.365,10.587,11/7/2022 12:00:00 AM,15:47:00.9793185
9038,UTA Session 2,practice,2,B,C,0,1633.569,3.91800000000012,11/7/2022 12:00:00 AM,15:47:09.5135922
9038,UTA Session 2,practice,3,C,B,0,1656.581,5.27400000000011,11/7/2022 12:00:00 AM,15:47:33.8808031
9038,UTA Session 2,practice,4,A,D,0,1665.535,6.66199999999981,11/7/2022 12:00:00 AM,15:47:44.2232649
9038,UTA Session 2,trial,1,B,C,0,1684.319,12.1600000000001,11/7/2022 12:00:00 AM,15:48:08.5072074
9038,UTA Session 2,trial,2,B,C,0,1705.817,7.88699999999994,11/7/2022 12:00:00 AM,15:48:25.7301618
9038,UTA Session 2,trial,3,C,E,0,1718.226,8.83299999999986,11/7/2022 12:00:00 AM,15:48:39.0857838
9038,UTA Session 2,trial,4,A,A,1,1730.257,11.203,11/7/2022 12:00:00 AM,15:48:53.4865276
9038,UTA Session 2,trial,5,B,C,0,1746.238,4.1869999999999,11/7/2022 12:00:00 AM,15:49:02.4522279
9038,UTA Session 2,trial,6,D,A,0,1755.074,17.4569999999999,11/7/2022 12:00:00 AM,15:49:24.5577833
9038,UTA Session 2,trial,7,B,B,1,1775.936,4.42800000000011,11/7/2022 12:00:00 AM,15:49:32.3906562
9038,UTA Session 2,trial,8,D,A,0,1784.99,9.10200000000009,11/7/2022 12:00:00 AM,15:49:46.1182681
9038,UTA Session 2,trial,9,C,D,0,1799.884,10.721,11/7/2022 12:00:00 AM,15:50:02.6313541
9038,UTA Session 2,trial,10,C,B,0,1814.321,4.26300000000015,11/7/2022 12:00:00 AM,15:50:10.6101063
9038,UTA Session 2,trial,11,B,D,0,1823.717,5.42499999999995,11/7/2022 12:00:00 AM,15:50:21.1680762
9038,UTA Session 2,trial,12,E,A,0,1848.626,6.0150000000001,11/7/2022 12:00:00 AM,15:50:46.6666829
9038,UTA Session 2,trial,13,B,E,0,1858.836,6.25399999999991,11/7/2022 12:00:00 AM,15:50:57.1166433
9038,UTA Session 2,trial,14,A,A,1,1870.929,10.0059999999999,11/7/2022 12:00:00 AM,15:51:12.9616607
9038,UTA Session 2,trial,15,E,C,0,1884.256,13.4259999999999,11/7/2022 12:00:00 AM,15:51:29.7092252
9038,UTA Session 2,trial,16,B,A,0,1901.379,3.0630000000001,11/7/2022 12:00:00 AM,15:51:36.4675556
9038,UTA Session 2,trial,17,A,B,0,1907.893,2.75999999999999,11/7/2022 12:00:00 AM,15:51:42.6786598
9038,UTA Session 2,trial,18,D,C,0,1914.572,0.900000000000091,11/7/2022 12:00:00 AM,15:51:47.4976107
9038,UTA Session 2,trial,19,E,D,0,1918.564,1.15499999999997,11/7/2022 12:00:00 AM,15:51:51.7450933
9038,UTA Session 2,trial,20,D,E,0,1922.528,1.09400000000005,11/7/2022 12:00:00 AM,15:51:55.6473717
9038,UTA Session 2,trial,21,A,A,1,1926.683,1.14599999999996,11/7/2022 12:00:00 AM,15:51:59.8559107
9038,UTA Session 2,trial,22,A,A,1,1931.077,1.49000000000001,11/7/2022 12:00:00 AM,15:52:04.5939982
9038,UTA Session 2,trial,23,D,A,0,1936.066,0.841999999999871,11/7/2022 12:00:00 AM,15:52:08.9346600
9038,UTA Session 2,trial,24,D,A,0,1940.39,3.81399999999985,11/7/2022 12:00:00 AM,15:52:16.2298107
9038,UTA Session 2,trial,25,E,C,0,1948.269,4.83600000000001,11/7/2022 12:00:00 AM,15:52:25.1310995
9038,UTA Session 2,trial,26,D,C,0,1956.363,9.83899999999994,11/7/2022 12:00:00 AM,15:52:38.2278062
9038,UTA Session 2,trial,27,E,B,0,1969.636,3.50099999999998,11/7/2022 12:00:00 AM,15:52:45.1627498
9038,UTA Session 2,trial,28,C,A,0,1976.841,3.66300000000001,11/7/2022 12:00:00 AM,15:52:52.5298300
9038,UTA Session 2,trial,29,C,C,1,1984.368,1.21800000000007,11/7/2022 12:00:00 AM,15:52:57.6122984
9038,UTA Session 2,trial,30,D,A,0,1988.813,1.37799999999993,11/7/2022 12:00:00 AM,15:53:02.2178005
9038,UTA Session 2,trial,31,C,B,0,1993.747,0.922000000000025,11/7/2022 12:00:00 AM,15:53:06.6952169
9038,UTA Session 2,trial,32,E,C,0,1997.95,1.55099999999993,11/7/2022 12:00:00 AM,15:53:11.5273027
9038,UTA Session 2,trial,33,A,D,0,2002.509,1.36999999999989,11/7/2022 12:00:00 AM,15:53:15.9051251
9038,UTA Session 2,trial,34,E,C,0,2007.396,1.22900000000004,11/7/2022 12:00:00 AM,15:53:20.6505666
9038,UTA Session 2,trial,35,C,A,0,2012.11,1.01100000000019,11/7/2022 12:00:00 AM,15:53:25.1465208
9041,UTA Session 2,practice,1,B,E,0,2426.2,28.8040000000001,11/8/2022 12:00:00 AM,10:06:25.5241034
9041,UTA Session 2,practice,2,B,E,0,2518.126,16.7449999999999,11/8/2022 12:00:00 AM,10:07:45.3894237
9041,UTA Session 2,practice,3,C,C,1,2539.495,9.22600000000011,11/8/2022 12:00:00 AM,10:07:59.2384503
9041,UTA Session 2,practice,4,A,A,1,2550.839,7.64400000000023,11/8/2022 12:00:00 AM,10:08:09.0006797
9041,UTA Session 2,trial,1,B,B,1,2586.932,12.009,11/8/2022 12:00:00 AM,10:08:49.4615291
9041,UTA Session 2,trial,2,B,A,0,2601.947,20.0059999999999,11/8/2022 12:00:00 AM,10:09:12.4704432
9041,UTA Session 2,trial,3,C,C,1,2625.403,8.61599999999999,11/8/2022 12:00:00 AM,10:09:24.5362397
9041,UTA Session 2,trial,4,A,A,1,2636.973,15.4679999999998,11/8/2022 12:00:00 AM,10:09:42.9580602
9041,UTA Session 2,trial,5,B,A,0,2655.41,15.8580000000002,11/8/2022 12:00:00 AM,10:10:01.7858139
9041,UTA Session 2,trial,6,D,A,0,2674.642,11.1190000000001,11/8/2022 12:00:00 AM,10:10:16.2782628
9041,UTA Session 2,trial,7,B,C,0,2688.727,9.65200000000004,11/8/2022 12:00:00 AM,10:10:28.8951287
9041,UTA Session 2,trial,8,D,A,0,2701.347,9.52799999999979,11/8/2022 12:00:00 AM,10:10:41.3910088
9041,UTA Session 2,trial,9,C,C,1,2713.853,9.78800000000001,11/8/2022 12:00:00 AM,10:10:54.1576352
9041,UTA Session 2,trial,10,C,A,0,2726.696,10.049,11/8/2022 12:00:00 AM,10:11:07.2614867
9041,UTA Session 2,trial,11,B,B,1,2741.496,6.92299999999977,11/8/2022 12:00:00 AM,10:11:18.9350215
9041,UTA Session 2,trial,12,E,A,0,2751.306,6.65700000000015,11/8/2022 12:00:00 AM,10:11:28.4792764
9041,UTA Session 2,trial,13,B,B,1,2762.788,16.0709999999999,11/8/2022 12:00:00 AM,10:11:49.3747497
9041,UTA Session 2,trial,14,A,A,1,2782.009,6.60800000000017,11/8/2022 12:00:00 AM,10:11:59.1342798
9041,UTA Session 2,trial,15,E,A,0,2791.675,8.55099999999993,11/8/2022 12:00:00 AM,10:12:10.7431578
9041,UTA Session 2,trial,16,B,A,0,2803.727,7.49200000000019,11/8/2022 12:00:00 AM,10:12:21.7351488
9041,UTA Session 2,trial,17,A,A,1,2814.723,5.53600000000006,11/8/2022 12:00:00 AM,10:12:30.7757185
9041,UTA Session 2,trial,18,D,D,1,2823.155,6.62999999999965,11/8/2022 12:00:00 AM,10:12:40.3007240
9041,UTA Session 2,trial,19,E,E,1,2832.664,11.8649999999998,11/8/2022 12:00:00 AM,10:12:55.0452716
9041,UTA Session 2,trial,20,D,B,0,2847.278,6.28300000000036,11/8/2022 12:00:00 AM,10:13:04.0778490
9041,UTA Session 2,trial,21,A,B,0,2856.796,10.027,11/8/2022 12:00:00 AM,10:13:17.3391786
9041,UTA Session 2,trial,22,A,B,0,2871.601,11.348,11/8/2022 12:00:00 AM,10:13:33.4653151
9041,UTA Session 2,trial,23,D,D,1,2886.689,5.39200000000028,11/8/2022 12:00:00 AM,10:13:42.5973482
9041,UTA Session 2,trial,24,D,E,0,2894.777,8.02799999999979,11/8/2022 12:00:00 AM,10:13:53.3210839
9041,UTA Session 2,trial,25,E,A,0,2905.782,9.67699999999968,11/8/2022 12:00:00 AM,10:14:05.9737816
9041,UTA Session 2,trial,26,D,D,1,2918.936,7.83099999999968,11/8/2022 12:00:00 AM,10:14:17.2826826
9041,UTA Session 2,trial,27,E,B,0,2929.485,8.36999999999989,11/8/2022 12:00:00 AM,10:14:28.3705199
9041,UTA Session 2,trial,28,C,C,1,2941.689,12.1240000000003,11/8/2022 12:00:00 AM,10:14:44.3283242
9041,UTA Session 2,trial,29,C,C,1,2956.748,7.96099999999979,11/8/2022 12:00:00 AM,10:14:55.2241007
9041,UTA Session 2,trial,30,D,A,0,2967.771,9.50499999999965,11/8/2022 12:00:00 AM,10:15:07.7911889
9041,UTA Session 2,trial,31,C,C,1,2980.252,8.16300000000001,11/8/2022 12:00:00 AM,10:15:18.9299632
9041,UTA Session 2,trial,32,E,A,0,2991.336,9.27500000000009,11/8/2022 12:00:00 AM,10:15:31.1267265
9041,UTA Session 2,trial,33,A,C,0,3003.441,5.0890000000004,11/8/2022 12:00:00 AM,10:15:39.0445874
9041,UTA Session 2,trial,34,E,A,0,3011.289,6.07599999999957,11/8/2022 12:00:00 AM,10:15:47.8804542
9041,UTA Session 2,trial,35,C,A,0,3021.512,6.42799999999988,11/8/2022 12:00:00 AM,10:15:58.4543397
9042,UTA Session 2,practice,1,B,B,1,2843.819,24.3800000000001,11/8/2022 12:00:00 AM,10:12:19.7558606
9042,UTA Session 2,practice,2,B,B,1,2897.333,16.96,11/8/2022 12:00:00 AM,10:13:05.8475894
9042,UTA Session 2,practice,3,C,A,0,2916.292,6.21900000000005,11/8/2022 12:00:00 AM,10:13:14.0651781
9042,UTA Session 2,practice,4,A,A,1,2928.201,3.50599999999986,11/8/2022 12:00:00 AM,10:13:23.2613734
9042,UTA Session 2,trial,1,B,B,1,2952.876,7.86299999999983,11/8/2022 12:00:00 AM,10:13:52.2950754
9042,UTA Session 2,trial,2,B,A,0,2964.694,6.71100000000024,11/8/2022 12:00:00 AM,10:14:02.9601752
9042,UTA Session 2,trial,3,C,C,1,2989.682,11.9390000000003,11/8/2022 12:00:00 AM,10:14:33.1773224
9042,UTA Session 2,trial,4,A,A,1,3004.719,5.08599999999979,11/8/2022 12:00:00 AM,10:14:41.3611097
9042,UTA Session 2,trial,5,B,A,0,3013.108,22.8289999999997,11/8/2022 12:00:00 AM,10:15:07.4921835
9042,UTA Session 2,trial,6,D,D,1,3039.107,17.3380000000002,11/8/2022 12:00:00 AM,10:15:28.0009177
9042,UTA Session 2,trial,7,B,E,0,3059.424,5.279,11/8/2022 12:00:00 AM,10:15:36.2590159
9042,UTA Session 2,trial,8,D,A,0,3068.533,10.9720000000002,11/8/2022 12:00:00 AM,10:15:51.0625349
9042,UTA Session 2,trial,9,C,A,0,3083.17,4.12699999999995,11/8/2022 12:00:00 AM,10:15:58.8530728
9042,UTA Session 2,trial,10,C,A,0,3092.049,2.84799999999996,11/8/2022 12:00:00 AM,10:16:06.4526959
9042,UTA Session 2,trial,11,B,D,0,3097.806,3.77300000000014,11/8/2022 12:00:00 AM,10:16:13.1349842
9042,UTA Session 2,trial,12,E,A,0,3106.713,6.55099999999993,11/8/2022 12:00:00 AM,10:16:24.8197790
9042,UTA Session 2,trial,13,B,D,0,3116.154,9.73500000000013,11/8/2022 12:00:00 AM,10:16:37.4444869
9042,UTA Session 2,trial,14,A,A,1,3129.064,5.78300000000036,11/8/2022 12:00:00 AM,10:16:46.4027967
9042,UTA Session 2,trial,15,E,A,0,3138.344,15.0389999999998,11/8/2022 12:00:00 AM,10:17:04.9389430
9042,UTA Session 2,trial,16,B,B,1,3156.539,7.98799999999983,11/8/2022 12:00:00 AM,10:17:16.0832256
9042,UTA Session 2,trial,17,A,A,1,3168.251,5.69399999999996,11/8/2022 12:00:00 AM,10:17:25.5013714
9042,UTA Session 2,trial,18,D,D,1,3177.287,4.73000000000002,11/8/2022 12:00:00 AM,10:17:33.5740151
9042,UTA Session 2,trial,19,E,E,1,3184.866,5.38900000000012,11/8/2022 12:00:00 AM,10:17:41.8110475
9042,UTA Session 2,trial,20,D,C,0,3194.245,4.49299999999994,11/8/2022 12:00:00 AM,10:17:50.2950286
9042,UTA Session 2,trial,21,A,A,1,3206.185,7.37400000000025,11/8/2022 12:00:00 AM,10:18:05.1155175
9042,UTA Session 2,trial,22,A,A,1,3216.933,8.654,11/8/2022 12:00:00 AM,10:18:17.1431713
9042,UTA Session 2,trial,23,D,D,1,3228.71,7.4409999999998,11/8/2022 12:00:00 AM,10:18:27.7079732
9042,UTA Session 2,trial,24,D,D,1,3239.305,5.03700000000026,11/8/2022 12:00:00 AM,10:18:35.8997710
9042,UTA Session 2,trial,25,E,E,1,3247.637,7.00599999999986,11/8/2022 12:00:00 AM,10:18:46.2005492
9042,UTA Session 2,trial,26,D,B,0,3257.705,6.78900000000021,11/8/2022 12:00:00 AM,10:18:56.0516095
9042,UTA Session 2,trial,27,E,B,0,3267.68,10.8610000000003,11/8/2022 12:00:00 AM,10:19:10.0979818
9042,UTA Session 2,trial,28,C,C,1,3281.708,8.48000000000002,11/8/2022 12:00:00 AM,10:19:21.7462396
9042,UTA Session 2,trial,29,C,E,0,3293.974,10.723,11/8/2022 12:00:00 AM,10:19:36.2545766
9042,UTA Session 2,trial,30,D,D,1,3307.749,13.047,11/8/2022 12:00:00 AM,10:19:52.3538087
9042,UTA Session 2,trial,31,C,B,0,3324.002,16.6280000000002,11/8/2022 12:00:00 AM,10:20:12.1884471
9042,UTA Session 2,trial,32,E,E,1,3343.965,13.3899999999999,11/8/2022 12:00:00 AM,10:20:28.9119262
9042,UTA Session 2,trial,33,A,A,1,3360.666,12.123,11/8/2022 12:00:00 AM,10:20:44.3464140
9042,UTA Session 2,trial,34,E,A,0,3375.765,6.79199999999992,11/8/2022 12:00:00 AM,10:20:54.1146411
9042,UTA Session 2,trial,35,C,E,0,3390.253,12.2999999999997,11/8/2022 12:00:00 AM,10:21:14.1105883
9044,UTA Session 2,practice,1,B,E,0,1898.048,9.81600000000003,11/8/2022 12:00:00 AM,13:01:37.9368261
9044,UTA Session 2,practice,2,B,A,0,1927.086,13.846,11/8/2022 12:00:00 AM,13:02:11.0033286
9044,UTA Session 2,practice,3,C,A,0,1943.146,3.34000000000015,11/8/2022 12:00:00 AM,13:02:16.5569549
9044,UTA Session 2,practice,4,A,C,0,1948.018,2.4849999999999,11/8/2022 12:00:00 AM,13:02:20.5745387
9044,UTA Session 2,trial,1,B,E,0,1963.545,10.6859999999999,11/8/2022 12:00:00 AM,13:02:44.3046720
9044,UTA Session 2,trial,2,B,A,0,1978.837,3.26199999999994,11/8/2022 12:00:00 AM,13:02:52.1699762
9044,UTA Session 2,trial,3,C,B,0,1985.488,1.952,11/8/2022 12:00:00 AM,13:02:57.5112824
9044,UTA Session 2,trial,4,A,A,1,1993.649,2.64100000000008,11/8/2022 12:00:00 AM,13:03:06.3618382
9044,UTA Session 2,trial,5,B,A,0,1999.449,2.73399999999992,11/8/2022 12:00:00 AM,13:03:12.2543145
9044,UTA Session 2,trial,6,D,B,0,2006.253,11.7160000000001,11/8/2022 12:00:00 AM,13:03:28.0402171
9044,UTA Session 2,trial,7,B,B,1,2021.687,6.096,11/8/2022 12:00:00 AM,13:03:37.8545100
9044,UTA Session 2,trial,8,D,A,0,2032.105,7.43799999999987,11/8/2022 12:00:00 AM,13:03:49.6147401
9044,UTA Session 2,trial,9,C,E,0,2042.61,6.24900000000002,11/8/2022 12:00:00 AM,13:03:58.9301500
9044,UTA Session 2,trial,10,C,A,0,2051.673,5.14700000000039,11/8/2022 12:00:00 AM,13:04:06.8907650
9044,UTA Session 2,trial,11,B,E,0,2060.047,7.16800000000012,11/8/2022 12:00:00 AM,13:04:17.2859200
9044,UTA Session 2,trial,12,E,A,0,2070.175,9.77700000000004,11/8/2022 12:00:00 AM,13:04:30.0229635
9044,UTA Session 2,trial,13,B,D,0,2082.834,7.55100000000039,11/8/2022 12:00:00 AM,13:04:40.4556028
9044,UTA Session 2,trial,14,A,A,1,2093.22,1.23500000000013,11/8/2022 12:00:00 AM,13:04:44.5257788
9044,UTA Session 2,trial,15,E,D,0,2097.547,4.42200000000003,11/8/2022 12:00:00 AM,13:04:52.0407493
9044,UTA Session 2,trial,16,B,D,0,2104.813,4.27799999999979,11/8/2022 12:00:00 AM,13:04:59.1612834
9044,UTA Session 2,trial,17,A,B,0,2111.8,0.701000000000022,11/8/2022 12:00:00 AM,13:05:02.5716278
9044,UTA Session 2,trial,18,D,D,1,2115.364,0.429000000000087,11/8/2022 12:00:00 AM,13:05:05.8641668
9044,UTA Session 2,trial,19,E,C,0,2118.434,0.496999999999844,11/8/2022 12:00:00 AM,13:05:09.0017612
9044,UTA Session 2,trial,20,D,B,0,2121.74,0.21100000000024,11/8/2022 12:00:00 AM,13:05:12.0211197
9044,UTA Session 2,trial,21,A,C,0,2124.714,0.438999999999851,11/8/2022 12:00:00 AM,13:05:15.2235764
9044,UTA Session 2,trial,22,A,D,0,2127.923,2.20800000000008,11/8/2022 12:00:00 AM,13:05:20.2018556
9044,UTA Session 2,trial,23,D,A,0,2132.712,4.64699999999993,11/8/2022 12:00:00 AM,13:05:27.4290387
9044,UTA Session 2,trial,24,D,A,0,2140.348,2.61099999999988,11/8/2022 12:00:00 AM,13:05:33.0285601
9044,UTA Session 2,trial,25,E,C,0,2145.823,1.86799999999994,11/8/2022 12:00:00 AM,13:05:37.7609002
9044,UTA Session 2,trial,26,D,A,0,2150.548,5.45000000000027,11/8/2022 12:00:00 AM,13:05:46.0687151
9044,UTA Session 2,trial,27,E,D,0,2159.16,5.9970000000003,11/8/2022 12:00:00 AM,13:05:55.2272179
9044,UTA Session 2,trial,28,C,B,0,2167.786,6.596,11/8/2022 12:00:00 AM,13:06:04.4528232
9044,UTA Session 2,trial,29,C,E,0,2177.619,10.9379999999996,11/8/2022 12:00:00 AM,13:06:18.6273429
9044,UTA Session 2,trial,30,D,D,1,2191.124,0.719000000000051,11/8/2022 12:00:00 AM,13:06:21.9138021
9044,UTA Session 2,trial,31,C,A,0,2194.409,0.496000000000095,11/8/2022 12:00:00 AM,13:06:24.9757522
9044,UTA Session 2,trial,32,E,B,0,2197.753,0.413000000000011,11/8/2022 12:00:00 AM,13:06:28.2360253
9044,UTA Session 2,trial,33,A,B,0,2200.998,0.440999999999804,11/8/2022 12:00:00 AM,13:06:31.5098529
9044,UTA Session 2,trial,34,E,C,0,2204.126,0.583999999999833,11/8/2022 12:00:00 AM,13:06:34.7804144
9044,UTA Session 2,trial,35,C,E,0,2207.545,1.41100000000006,11/8/2022 12:00:00 AM,13:06:39.0261895
999,UTA Session 2,practice,1,B,E,0,24.238,21.731,11/8/2022 12:00:00 AM,13:25:54.5425505
999,UTA Session 2,practice,2,B,A,0,91.766,6.05999999999999,11/8/2022 12:00:00 AM,13:26:46.3972137
999,UTA Session 2,practice,3,C,B,0,100.952,5.566,11/8/2022 12:00:00 AM,13:26:55.0892137
999,UTA Session 2,practice,4,A,A,1,110.469,5.17100000000001,11/8/2022 12:00:00 AM,13:27:04.2110102
999,UTA Session 2,trial,1,B,A,0,130.419,7.83799999999999,11/8/2022 12:00:00 AM,13:27:26.8300149
999,UTA Session 2,trial,2,B,A,0,141.678,6.048,11/8/2022 12:00:00 AM,13:27:36.2980356
999,UTA Session 2,trial,3,C,C,1,150.973,9.149,11/8/2022 12:00:00 AM,13:27:48.6945538
999,UTA Session 2,trial,4,A,E,0,163.185,9.911,11/8/2022 12:00:00 AM,13:28:01.6684507
999,UTA Session 2,trial,5,B,A,0,176.441,3.75700000000001,11/8/2022 12:00:00 AM,13:28:08.7694172
999,UTA Session 2,trial,6,D,B,0,184.665,4.50300000000001,11/8/2022 12:00:00 AM,13:28:17.7403502
999,UTA Session 2,trial,7,B,E,0,193.885,12.653,11/8/2022 12:00:00 AM,13:28:35.1098758
999,UTA Session 2,trial,8,D,A,0,209.792,3.738,11/8/2022 12:00:00 AM,13:28:42.1017897
999,UTA Session 2,trial,9,C,B,0,217.574,5.422,11/8/2022 12:00:00 AM,13:28:51.5680389
999,UTA Session 2,trial,10,C,D,0,227.021,13.311,11/8/2022 12:00:00 AM,13:29:08.9043174
999,UTA Session 2,trial,11,B,B,1,244.417,5.93100000000001,11/8/2022 12:00:00 AM,13:29:18.9207272
999,UTA Session 2,trial,12,E,D,0,253.683,14.733,11/8/2022 12:00:00 AM,13:29:36.9891050
999,UTA Session 2,trial,13,B,B,1,271.975,9.29899999999998,11/8/2022 12:00:00 AM,13:29:49.8474447
999,UTA Session 2,trial,14,A,C,0,284.867,20.421,11/8/2022 12:00:00 AM,13:30:13.8603738
999,UTA Session 2,trial,15,E,A,0,308.746,8.13200000000001,11/8/2022 12:00:00 AM,13:30:25.4500765
999,UTA Session 2,trial,16,B,C,0,320.566,10.83,11/8/2022 12:00:00 AM,13:30:39.9680551
999,UTA Session 2,trial,17,A,A,1,334.851,2.77699999999999,11/8/2022 12:00:00 AM,13:30:46.2007365
999,UTA Session 2,trial,18,D,D,1,341.395,10.28,11/8/2022 12:00:00 AM,13:31:00.2482619
999,UTA Session 2,trial,19,E,C,0,355.204,11.336,11/8/2022 12:00:00 AM,13:31:15.1127222
999,UTA Session 2,trial,20,D,D,1,374.973,13.873,11/8/2022 12:00:00 AM,13:31:37.4195470
999,UTA Session 2,trial,21,A,C,0,392.184,15.522,11/8/2022 12:00:00 AM,13:31:56.2796401
999,UTA Session 2,trial,22,A,A,1,410.964,10.56,11/8/2022 12:00:00 AM,13:32:10.0969159
999,UTA Session 2,trial,23,D,C,0,425.052,9.20999999999998,11/8/2022 12:00:00 AM,13:32:22.8345173
999,UTA Session 2,trial,24,D,E,0,437.808,12.828,11/8/2022 12:00:00 AM,13:32:39.2089056
999,UTA Session 2,trial,25,E,D,0,453.949,7.56299999999999,11/8/2022 12:00:00 AM,13:32:50.0851008
999,UTA Session 2,trial,26,D,E,0,464.588,11.792,11/8/2022 12:00:00 AM,13:33:04.9531763
999,UTA Session 2,trial,27,E,E,1,479.783,14.3,11/8/2022 12:00:00 AM,13:33:22.6565927
999,UTA Session 2,trial,28,C,C,1,497.409,15.447,11/8/2022 12:00:00 AM,13:33:41.4298659
999,UTA Session 2,trial,29,C,D,0,516.298,13.4299999999999,11/8/2022 12:00:00 AM,13:33:58.3015652
999,UTA Session 2,trial,30,D,D,1,533.367,15.3580000000001,11/8/2022 12:00:00 AM,13:34:17.2985507
999,UTA Session 2,trial,31,C,B,0,552.081,34.949,11/8/2022 12:00:00 AM,13:34:55.6037527
9046,UTA Session 2,practice,1,B,D,0,1996.746,12.0049999999999,11/8/2022 12:00:00 AM,15:47:15.6506004
9046,UTA Session 2,practice,2,B,B,1,2030.846,2.10500000000002,11/8/2022 12:00:00 AM,15:47:39.8474893
9046,UTA Session 2,practice,3,C,C,1,2035.452,1.86899999999991,11/8/2022 12:00:00 AM,15:47:44.2184930
9046,UTA Session 2,practice,4,A,D,0,2040.032,0.979000000000042,11/8/2022 12:00:00 AM,15:47:47.9080981
9046,UTA Session 2,trial,1,B,A,0,2063.581,4.04599999999982,11/8/2022 12:00:00 AM,15:48:14.5266466
9046,UTA Session 2,trial,2,B,B,1,2071.877,1.34799999999996,11/8/2022 12:00:00 AM,15:48:20.1233851
9046,UTA Session 2,trial,3,C,C,1,2077.3,0.542999999999665,11/8/2022 12:00:00 AM,15:48:24.7411793
9046,UTA Session 2,trial,4,A,A,1,2080.895,0.619999999999891,11/8/2022 12:00:00 AM,15:48:28.4124056
9046,UTA Session 2,trial,5,B,E,0,2085.104,0.873000000000047,11/8/2022 12:00:00 AM,15:48:32.8747277
9046,UTA Session 2,trial,6,D,B,0,2088.957,0.880000000000109,11/8/2022 12:00:00 AM,15:48:36.7349775
9046,UTA Session 2,trial,7,B,B,1,2093.318,1.47799999999961,11/8/2022 12:00:00 AM,15:48:41.6947419
9046,UTA Session 2,trial,8,D,C,0,2100.801,0.709000000000287,11/8/2022 12:00:00 AM,15:48:48.4084047
9046,UTA Session 2,trial,9,C,A,0,2105.114,1.00900000000001,11/8/2022 12:00:00 AM,15:48:53.0214820
9046,UTA Session 2,trial,10,C,D,0,2109.605,2.67200000000003,11/8/2022 12:00:00 AM,15:48:59.1745114
9046,UTA Session 2,trial,11,B,B,1,2115.348,1.70299999999997,11/8/2022 12:00:00 AM,15:49:03.9490219
9046,UTA Session 2,trial,12,E,D,0,2120.096,2.35899999999992,11/8/2022 12:00:00 AM,15:49:09.3537274
9046,UTA Session 2,trial,13,B,E,0,2125.75,3.08199999999988,11/8/2022 12:00:00 AM,15:49:15.7293172
9046,UTA Session 2,trial,14,A,B,0,2132.25,1.88799999999992,11/8/2022 12:00:00 AM,15:49:21.0358337
9046,UTA Session 2,trial,15,E,C,0,2137.418,0.936999999999898,11/8/2022 12:00:00 AM,15:49:25.2528715
9046,UTA Session 2,trial,16,B,D,0,2141.648,0.491999999999734,11/8/2022 12:00:00 AM,15:49:29.0378220
9046,UTA Session 2,trial,17,A,B,0,2145.678,0.557000000000244,11/8/2022 12:00:00 AM,15:49:33.1336809
9046,UTA Session 2,trial,18,D,C,0,2149.482,0.496999999999844,11/8/2022 12:00:00 AM,15:49:36.8767923
9046,UTA Session 2,trial,19,E,A,0,2153.085,0.420000000000073,11/8/2022 12:00:00 AM,15:49:40.4028376
9046,UTA Session 2,trial,20,D,B,0,2156.534,0.485999999999876,11/8/2022 12:00:00 AM,15:49:43.9174123
9046,UTA Session 2,trial,21,A,C,0,2160.476,0.588999999999942,11/8/2022 12:00:00 AM,15:49:47.9633950
9046,UTA Session 2,trial,22,A,D,0,2164.031,0.501000000000204,11/8/2022 12:00:00 AM,15:49:51.4306430
9046,UTA Session 2,trial,23,D,E,0,2169.166,0.510999999999967,11/8/2022 12:00:00 AM,15:49:56.5745720
9046,UTA Session 2,trial,24,D,A,0,2172.764,0.759999999999764,11/8/2022 12:00:00 AM,15:50:00.4219674
9046,UTA Session 2,trial,25,E,B,0,2176.697,0.903999999999996,11/8/2022 12:00:00 AM,15:50:04.4987405
9046,UTA Session 2,trial,26,D,C,0,2181.062,0.765000000000327,11/8/2022 12:00:00 AM,15:50:08.7246791
9046,UTA Session 2,trial,27,E,B,0,2185.143,0.530999999999949,11/8/2022 12:00:00 AM,15:50:12.5727977
9046,UTA Session 2,trial,28,C,C,1,2189.013,0.492000000000189,11/8/2022 12:00:00 AM,15:50:16.4044431
9046,UTA Session 2,trial,29,C,D,0,2192.481,0.526999999999589,11/8/2022 12:00:00 AM,15:50:19.9074399
9046,UTA Session 2,trial,30,D,B,0,2196.044,0.454999999999927,11/8/2022 12:00:00 AM,15:50:23.3966836
9046,UTA Session 2,trial,31,C,C,1,2199.638,0.409000000000106,11/8/2022 12:00:00 AM,15:50:26.9454368
9046,UTA Session 2,trial,32,E,A,0,2203.227,0.534000000000106,11/8/2022 12:00:00 AM,15:50:30.6598602
9046,UTA Session 2,trial,33,A,A,1,2206.941,0.452999999999975,11/8/2022 12:00:00 AM,15:50:34.2930670
9046,UTA Session 2,trial,34,E,B,0,2211.027,0.954000000000178,11/8/2022 12:00:00 AM,15:50:38.8794722
9046,UTA Session 2,trial,35,C,A,0,2215.414,2.66499999999996,11/8/2022 12:00:00 AM,15:50:44.9768525
9047,UTA Session 2,practice,1,B,D,0,2080.341,8.39400000000023,11/8/2022 12:00:00 AM,15:54:45.1912155
9047,UTA Session 2,practice,2,B,E,0,2097.787,13.549,11/8/2022 12:00:00 AM,15:55:07.7908299
9047,UTA Session 2,practice,3,C,A,0,2113.52,2.34299999999985,11/8/2022 12:00:00 AM,15:55:12.3172585
9047,UTA Session 2,practice,4,A,A,1,2117.703,6.09000000000015,11/8/2022 12:00:00 AM,15:55:20.2483407
9047,UTA Session 2,trial,1,B,A,0,2137.695,5.79799999999977,11/8/2022 12:00:00 AM,15:55:39.9492042
9047,UTA Session 2,trial,2,B,A,0,2149.766,5.52099999999973,11/8/2022 12:00:00 AM,15:55:51.7415604
9047,UTA Session 2,trial,3,C,A,0,2158.962,2.11700000000019,11/8/2022 12:00:00 AM,15:55:57.5342630
9047,UTA Session 2,trial,4,A,A,1,2168.885,3.55399999999963,11/8/2022 12:00:00 AM,15:56:08.8952151
9047,UTA Session 2,trial,5,B,B,1,2176,11.913,11/8/2022 12:00:00 AM,15:56:24.3684343
9047,UTA Session 2,trial,6,D,D,1,2191.01,1.09099999999989,11/8/2022 12:00:00 AM,15:56:28.5569420
9047,UTA Session 2,trial,7,B,B,1,2194.959,0.788000000000011,11/8/2022 12:00:00 AM,15:56:32.2032611
9047,UTA Session 2,trial,8,D,A,0,2198.662,0.843000000000302,11/8/2022 12:00:00 AM,15:56:35.9602933
9047,UTA Session 2,trial,9,C,C,1,2203.728,4.68299999999999,11/8/2022 12:00:00 AM,15:56:44.8672557
9047,UTA Session 2,trial,10,C,C,1,2211.384,5.63700000000017,11/8/2022 12:00:00 AM,15:56:53.4767962
9047,UTA Session 2,trial,11,B,B,1,2219.867,4.71000000000004,11/8/2022 12:00:00 AM,15:57:01.0335025
9047,UTA Session 2,trial,12,E,A,0,2227.431,1.86000000000013,11/8/2022 12:00:00 AM,15:57:05.7471205
9047,UTA Session 2,trial,13,B,B,1,2234.677,3.5619999999999,11/8/2022 12:00:00 AM,15:57:14.6949763
9047,UTA Session 2,trial,14,A,A,1,2241.418,5.30899999999974,11/8/2022 12:00:00 AM,15:57:23.1823873
9047,UTA Session 2,trial,15,E,E,1,2249.75,4.94700000000012,11/8/2022 12:00:00 AM,15:57:31.1529911
9047,UTA Session 2,trial,16,B,B,1,2257.407,7.22199999999975,11/8/2022 12:00:00 AM,15:57:41.0853329
9047,UTA Session 2,trial,17,A,A,1,2267.329,3.24199999999973,11/8/2022 12:00:00 AM,15:57:47.0273063
9047,UTA Session 2,trial,18,D,D,1,2273.739,5.33599999999979,11/8/2022 12:00:00 AM,15:57:55.5307555
9047,UTA Session 2,trial,19,E,E,1,2281.68,3.80200000000013,11/8/2022 12:00:00 AM,15:58:01.9385537
9047,UTA Session 2,trial,20,D,D,1,2288.133,2.48600000000033,11/8/2022 12:00:00 AM,15:58:07.0746149
9047,UTA Session 2,trial,21,A,A,1,2293.211,3.41400000000021,11/8/2022 12:00:00 AM,15:58:13.0816300
9047,UTA Session 2,trial,22,A,A,1,2299.925,3.70799999999963,11/8/2022 12:00:00 AM,15:58:20.0889735
9047,UTA Session 2,trial,23,D,E,0,2306.414,3.57499999999982,11/8/2022 12:00:00 AM,15:58:26.4450186
9047,UTA Session 2,trial,24,D,D,1,2313.339,2.9079999999999,11/8/2022 12:00:00 AM,15:58:32.7040415
9047,UTA Session 2,trial,25,E,D,0,2319.007,6.02199999999993,11/8/2022 12:00:00 AM,15:58:41.4856378
9047,UTA Session 2,trial,26,D,D,1,2327.772,5.029,11/8/2022 12:00:00 AM,15:58:49.2567143
9047,UTA Session 2,trial,27,E,D,0,2335.473,4.62400000000025,11/8/2022 12:00:00 AM,15:58:56.5533429
9047,UTA Session 2,trial,28,C,A,0,2342.808,7.46300000000019,11/8/2022 12:00:00 AM,15:59:06.7268163
9047,UTA Session 2,trial,29,C,A,0,2353.742,4.02099999999973,11/8/2022 12:00:00 AM,15:59:14.2185521
9047,UTA Session 2,trial,30,D,A,0,2361.643,5.42799999999988,11/8/2022 12:00:00 AM,15:59:23.5273224
9047,UTA Session 2,trial,31,C,B,0,2370.439,4.61300000000028,11/8/2022 12:00:00 AM,15:59:31.5086407
9047,UTA Session 2,trial,32,E,E,1,2378.081,14.8620000000001,11/8/2022 12:00:00 AM,15:59:49.3992689
9047,UTA Session 2,trial,33,A,C,0,2395.869,8.62599999999975,11/8/2022 12:00:00 AM,16:00:00.9514783
9047,UTA Session 2,trial,34,E,A,0,2407.62,6.47299999999996,11/8/2022 12:00:00 AM,16:00:10.5493944
9047,UTA Session 2,trial,35,C,C,1,2424.124,3.19500000000016,11/8/2022 12:00:00 AM,16:00:23.7760844
9048,UTA Session 2,practice,1,B,E,0,2358.254,11.8760000000002,11/8/2022 12:00:00 AM,16:06:46.8676135
9048,UTA Session 2,practice,2,B,B,1,2382.371,5.58899999999994,11/8/2022 12:00:00 AM,16:07:04.6959278
9048,UTA Session 2,practice,3,C,C,1,2389.334,4.38400000000001,11/8/2022 12:00:00 AM,16:07:10.4536099
9048,UTA Session 2,practice,4,A,A,1,2394.774,3.14100000000008,11/8/2022 12:00:00 AM,16:07:14.6504134
9048,UTA Session 2,trial,1,B,B,1,2411.713,7.33099999999968,11/8/2022 12:00:00 AM,16:07:35.7814191
9048,UTA Session 2,trial,2,B,A,0,2422.255,7.50099999999975,11/8/2022 12:00:00 AM,16:07:46.4926508
9048,UTA Session 2,trial,3,C,A,0,2433.275,8.5029999999997,11/8/2022 12:00:00 AM,16:07:58.5145598
9048,UTA Session 2,trial,4,A,A,1,2445.013,7.24600000000009,11/8/2022 12:00:00 AM,16:08:08.9960716
9048,UTA Session 2,trial,5,B,A,0,2455.715,6.69699999999966,11/8/2022 12:00:00 AM,16:08:19.1491169
9048,UTA Session 2,trial,6,D,E,0,2465.588,5.15899999999965,11/8/2022 12:00:00 AM,16:08:27.4841014
9048,UTA Session 2,trial,7,B,D,0,2474.021,4.82899999999972,11/8/2022 12:00:00 AM,16:08:35.5867428
9048,UTA Session 2,trial,8,D,E,0,2481.64,4.54600000000028,11/8/2022 12:00:00 AM,16:08:42.9223270
9048,UTA Session 2,trial,9,C,C,1,2488.846,4.62199999999984,11/8/2022 12:00:00 AM,16:08:50.2051071
9048,UTA Session 2,trial,10,C,A,0,2496.235,5.53099999999995,11/8/2022 12:00:00 AM,16:08:58.5034276
9048,UTA Session 2,trial,11,B,B,1,2504.668,9.16699999999992,11/8/2022 12:00:00 AM,16:09:10.5730861
9048,UTA Session 2,trial,12,E,B,0,2516.567,9.35399999999981,11/8/2022 12:00:00 AM,16:09:22.6586672
9048,UTA Session 2,trial,13,B,E,0,2528.99,12.5930000000003,11/8/2022 12:00:00 AM,16:09:38.3202021
9048,UTA Session 2,trial,14,A,A,1,2544.437,2.70400000000018,11/8/2022 12:00:00 AM,16:09:43.8796293
9048,UTA Session 2,trial,15,E,C,0,2549.865,3.31500000000005,11/8/2022 12:00:00 AM,16:09:49.9178284
9048,UTA Session 2,trial,16,B,A,0,2556.214,9.67599999999993,11/8/2022 12:00:00 AM,16:10:02.6267544
9048,UTA Session 2,trial,17,A,D,0,2568.547,14.9989999999998,11/8/2022 12:00:00 AM,16:10:20.2831642
9048,UTA Session 2,trial,18,D,B,0,2586.194,13.502,11/8/2022 12:00:00 AM,16:10:36.4331638
9048,UTA Session 2,trial,19,E,D,0,2602.501,6.9369999999999,11/8/2022 12:00:00 AM,16:10:46.1761344
9048,UTA Session 2,trial,20,D,D,1,2612.16,5.19800000000032,11/8/2022 12:00:00 AM,16:10:54.0965995
9048,UTA Session 2,trial,21,A,A,1,2620.062,11.71,11/8/2022 12:00:00 AM,16:11:08.5101871
9048,UTA Session 2,trial,22,A,A,1,2634.836,4.01500000000033,11/8/2022 12:00:00 AM,16:11:15.5898969
9048,UTA Session 2,trial,23,D,D,1,2641.646,5.32299999999987,11/8/2022 12:00:00 AM,16:11:23.7078655
9048,UTA Session 2,trial,24,D,A,0,2649.624,3.8390000000004,11/8/2022 12:00:00 AM,16:11:30.2020097
9048,UTA Session 2,trial,25,E,D,0,2656.174,6.02700000000004,11/8/2022 12:00:00 AM,16:11:38.9406866
9048,UTA Session 2,trial,26,D,B,0,2664.975,7.29199999999992,11/8/2022 12:00:00 AM,16:11:49.0051517
9048,UTA Session 2,trial,27,E,D,0,2675.433,6.30000000000018,11/8/2022 12:00:00 AM,16:11:58.4725554
9048,UTA Session 2,trial,28,C,B,0,2684.584,5.43299999999999,11/8/2022 12:00:00 AM,16:12:06.7554035
9048,UTA Session 2,trial,29,C,B,0,2692.906,5.59400000000005,11/8/2022 12:00:00 AM,16:12:15.2380014
9048,UTA Session 2,trial,30,D,D,1,2701.231,3.31299999999965,11/8/2022 12:00:00 AM,16:12:21.2829433
9048,UTA Session 2,trial,31,C,A,0,2707.304,15.8849999999998,11/8/2022 12:00:00 AM,16:12:39.9279778
9048,UTA Session 2,trial,32,E,A,0,2725.898,5.10999999999967,11/8/2022 12:00:00 AM,16:12:47.7465996
9048,UTA Session 2,trial,33,A,B,0,2733.668,3.88099999999986,11/8/2022 12:00:00 AM,16:12:54.2877717
9048,UTA Session 2,trial,34,E,A,0,2740.319,2.93299999999999,11/8/2022 12:00:00 AM,16:12:59.9905655
9048,UTA Session 2,trial,35,C,D,0,2746.327,6.78399999999965,11/8/2022 12:00:00 AM,16:13:09.8496974
9050,UTA Session 2,practice,1,B,B,1,2130.583,31.3879999999999,11/9/2022 12:00:00 AM,09:58:33.2599485
9050,UTA Session 2,practice,2,B,A,0,2188.656,26.5340000000001,11/9/2022 12:00:00 AM,09:59:26.4788227
9050,UTA Session 2,practice,3,C,C,1,2224.218,3.73199999999997,11/9/2022 12:00:00 AM,09:59:39.2384979
9050,UTA Session 2,practice,4,A,C,0,2229.051,6.9340000000002,11/9/2022 12:00:00 AM,09:59:47.2721446
9050,UTA Session 2,trial,1,B,E,0,2253.008,9.82400000000007,11/9/2022 12:00:00 AM,10:00:14.1220383
9050,UTA Session 2,trial,2,B,A,0,2267.957,13.8050000000003,11/9/2022 12:00:00 AM,10:00:33.0505609
9050,UTA Session 2,trial,3,C,C,1,2284.896,8.96399999999994,11/9/2022 12:00:00 AM,10:00:45.1493732
9050,UTA Session 2,trial,4,A,A,1,2296.953,12.0369999999998,11/9/2022 12:00:00 AM,10:01:00.2792756
9050,UTA Session 2,trial,5,B,B,1,2311.933,5.80000000000018,11/9/2022 12:00:00 AM,10:01:09.0217141
9050,UTA Session 2,trial,6,D,D,1,2320.662,5.64600000000019,11/9/2022 12:00:00 AM,10:01:17.5970948
9050,UTA Session 2,trial,7,B,B,1,2329.126,9.44999999999982,11/9/2022 12:00:00 AM,10:01:29.8644636
9050,UTA Session 2,trial,8,D,C,0,2341.52,6.49400000000014,11/9/2022 12:00:00 AM,10:01:39.3031471
9050,UTA Session 2,trial,9,C,C,1,2352.164,7.00199999999995,11/9/2022 12:00:00 AM,10:01:50.4549868
9050,UTA Session 2,trial,10,C,A,0,2362.098,9.31600000000026,11/9/2022 12:00:00 AM,10:02:02.7034654
9050,UTA Session 2,trial,11,B,C,0,2374.969,4.17099999999982,11/9/2022 12:00:00 AM,10:02:10.4294909
9050,UTA Session 2,trial,12,E,B,0,2382.118,2.64200000000028,11/9/2022 12:00:00 AM,10:02:16.0492603
9050,UTA Session 2,trial,13,B,B,1,2387.611,12.3070000000002,11/9/2022 12:00:00 AM,10:02:31.2075197
9050,UTA Session 2,trial,14,A,A,1,2403.356,4.596,11/9/2022 12:00:00 AM,10:02:39.2410639
9050,UTA Session 2,trial,15,E,C,0,2411.218,5.03099999999995,11/9/2022 12:00:00 AM,10:02:47.5376886
9050,UTA Session 2,trial,16,B,C,0,2419.119,6.39499999999998,11/9/2022 12:00:00 AM,10:02:56.8035005
9050,UTA Session 2,trial,17,A,B,0,2428.255,5.28099999999995,11/9/2022 12:00:00 AM,10:03:04.8250144
9050,UTA Session 2,trial,18,D,B,0,2436.335,1.99699999999984,11/9/2022 12:00:00 AM,10:03:09.6205482
9050,UTA Session 2,trial,19,E,E,1,2441.359,3.72299999999996,11/9/2022 12:00:00 AM,10:03:16.3716366
9050,UTA Session 2,trial,20,D,B,0,2448.144,8.85200000000032,11/9/2022 12:00:00 AM,10:03:28.2855628
9050,UTA Session 2,trial,21,A,A,1,2459.996,4.32200000000012,11/9/2022 12:00:00 AM,10:03:35.6069833
9050,UTA Session 2,trial,22,A,A,1,2468.235,4.02099999999973,11/9/2022 12:00:00 AM,10:03:43.5458598
9050,UTA Session 2,trial,23,D,E,0,2475.163,9.87699999999995,11/9/2022 12:00:00 AM,10:03:56.3292608
9050,UTA Session 2,trial,24,D,D,1,2487.934,3.71799999999985,11/9/2022 12:00:00 AM,10:04:02.9420553
9050,UTA Session 2,trial,25,E,B,0,2494.362,4.33399999999983,11/9/2022 12:00:00 AM,10:04:09.9856264
9050,UTA Session 2,trial,26,D,B,0,2501.935,4.88700000000017,11/9/2022 12:00:00 AM,10:04:18.1118144
9050,UTA Session 2,trial,27,E,E,1,2509.676,4.53200000000015,11/9/2022 12:00:00 AM,10:04:25.4969121
9050,UTA Session 2,trial,28,C,E,0,2516.939,7.79700000000003,11/9/2022 12:00:00 AM,10:04:36.0256075
9050,UTA Session 2,trial,29,C,E,0,2527.45,2.42600000000039,11/9/2022 12:00:00 AM,10:04:41.1647247
9050,UTA Session 2,trial,30,D,E,0,2532.573,5.5930000000003,11/9/2022 12:00:00 AM,10:04:49.4553571
9050,UTA Session 2,trial,31,C,A,0,2541.131,3.22299999999996,11/9/2022 12:00:00 AM,10:04:55.6421439
9050,UTA Session 2,trial,32,E,E,1,2547.238,2.71600000000035,11/9/2022 12:00:00 AM,10:05:01.2429732
9050,UTA Session 2,trial,33,A,B,0,2552.909,5.31500000000005,11/9/2022 12:00:00 AM,10:05:09.5134653
9050,UTA Session 2,trial,34,E,A,0,2563.595,7.91200000000026,11/9/2022 12:00:00 AM,10:05:22.7961984
9050,UTA Session 2,trial,35,C,B,0,2574.398,2.58599999999979,11/9/2022 12:00:00 AM,10:05:28.2733982
9051,UTA Session 2,practice,1,B,A,0,2237.858,97.181,11/9/2022 12:00:00 AM,10:02:32.7185008
9051,UTA Session 2,practice,2,B,B,1,2363.067,32.9499999999998,11/9/2022 12:00:00 AM,10:03:33.6957788
9051,UTA Session 2,practice,3,C,C,1,2397.804,27.3649999999998,11/9/2022 12:00:00 AM,10:04:02.8476082
9051,UTA Session 2,practice,4,A,A,1,2426.186,11.7869999999998,11/9/2022 12:00:00 AM,10:04:15.6515938
9051,UTA Session 2,trial,1,B,A,0,2446.669,17.299,11/9/2022 12:00:00 AM,10:04:41.6483040
9051,UTA Session 2,trial,2,B,B,1,2470.118,5.00399999999991,11/9/2022 12:00:00 AM,10:04:52.8010223
9051,UTA Session 2,trial,3,C,C,1,2477.925,22.0079999999998,11/9/2022 12:00:00 AM,10:05:17.6133331
9051,UTA Session 2,trial,4,A,A,1,2503.053,10.502,11/9/2022 12:00:00 AM,10:05:31.2349335
9051,UTA Session 2,trial,5,B,C,0,2516.442,8.7510000000002,11/9/2022 12:00:00 AM,10:05:42.8730489
9051,UTA Session 2,trial,6,D,B,0,2529.914,5.721,11/9/2022 12:00:00 AM,10:05:53.3155091
9051,UTA Session 2,trial,7,B,B,1,2538.583,12.9499999999998,11/9/2022 12:00:00 AM,10:06:09.2134179
9051,UTA Session 2,trial,8,D,B,0,2554.577,36.3119999999999,11/9/2022 12:00:00 AM,10:06:48.5700860
9051,UTA Session 2,trial,9,C,D,0,2594.902,13.2190000000001,11/9/2022 12:00:00 AM,10:07:05.8011029
9051,UTA Session 2,trial,10,C,C,1,2611.229,14.8880000000004,11/9/2022 12:00:00 AM,10:07:23.7980822
9051,UTA Session 2,trial,11,B,B,1,2629.382,38.7689999999998,11/9/2022 12:00:00 AM,10:08:05.8326489
9051,UTA Session 2,trial,12,E,B,0,2670.991,12.8919999999998,11/9/2022 12:00:00 AM,10:08:21.5640100
9051,UTA Session 2,trial,13,B,D,0,2686.849,5.90999999999985,11/9/2022 12:00:00 AM,10:08:30.4409844
9051,UTA Session 2,trial,14,A,E,0,2695.605,14.7719999999999,11/9/2022 12:00:00 AM,10:08:48.0583295
9051,UTA Session 2,trial,15,E,C,0,2714.194,7.98900000000003,11/9/2022 12:00:00 AM,10:08:59.8638971
9051,UTA Session 2,trial,16,B,D,0,2725.313,5.01600000000008,11/9/2022 12:00:00 AM,10:09:08.0107135
9051,UTA Session 2,trial,17,A,B,0,2733.057,9.404,11/9/2022 12:00:00 AM,10:09:20.1421804
9051,UTA Session 2,trial,18,D,A,0,2746.36,7.47499999999991,11/9/2022 12:00:00 AM,10:09:31.5160351
9051,UTA Session 2,trial,19,E,A,0,2758.05,13.4809999999998,11/9/2022 12:00:00 AM,10:09:49.2124710
9051,UTA Session 2,trial,20,D,D,1,2774.539,7.39299999999957,11/9/2022 12:00:00 AM,10:09:59.6141032
9051,UTA Session 2,trial,21,A,D,0,2784.836,26.0450000000001,11/9/2022 12:00:00 AM,10:10:28.5637633
9051,UTA Session 2,trial,22,A,B,0,2813.655,7.41799999999967,11/9/2022 12:00:00 AM,10:10:38.7544556
9051,UTA Session 2,trial,23,D,C,0,2823.992,8.75799999999981,11/9/2022 12:00:00 AM,10:10:50.4325564
9051,UTA Session 2,trial,24,D,D,1,2835.958,3.85500000000002,11/9/2022 12:00:00 AM,10:10:57.4953316
9051,UTA Session 2,trial,25,E,C,0,2842.76,5.40099999999984,11/9/2022 12:00:00 AM,10:11:05.8439942
9051,UTA Session 2,trial,26,D,D,1,2851.213,11.3579999999997,11/9/2022 12:00:00 AM,10:11:20.2538611
9051,UTA Session 2,trial,27,E,D,0,2865.324,7.39100000000008,11/9/2022 12:00:00 AM,10:11:30.3981171
9051,UTA Session 2,trial,28,C,B,0,2875.558,8.69700000000012,11/9/2022 12:00:00 AM,10:11:41.9382360
9051,UTA Session 2,trial,29,C,B,0,2887.519,11.6320000000001,11/9/2022 12:00:00 AM,10:11:56.8333080
9049,UTA Session 2,practice,1,B,B,1,2643.657,9.95899999999983,11/9/2022 12:00:00 AM,10:06:14.3079894
9049,UTA Session 2,practice,2,B,B,1,2697.097,6.39999999999964,11/9/2022 12:00:00 AM,10:07:04.1877174
9049,UTA Session 2,practice,3,C,C,1,2705.19,6.43100000000004,11/9/2022 12:00:00 AM,10:07:12.3117807
9049,UTA Session 2,practice,4,A,A,1,2712.722,4.9369999999999,11/9/2022 12:00:00 AM,10:07:18.3494989
9049,UTA Session 2,trial,1,B,B,1,2729.657,6.70199999999977,11/9/2022 12:00:00 AM,10:07:37.0508527
9049,UTA Session 2,trial,2,B,B,1,2739.731,5.58099999999968,11/9/2022 12:00:00 AM,10:07:46.0029992
9049,UTA Session 2,trial,3,C,B,0,2748.377,7.58399999999983,11/9/2022 12:00:00 AM,10:07:56.6524313
9049,UTA Session 2,trial,4,A,A,1,2762.825,11.5420000000004,11/9/2022 12:00:00 AM,10:08:15.0575216
9049,UTA Session 2,trial,5,B,C,0,2777.806,6.23300000000017,11/9/2022 12:00:00 AM,10:08:24.7292238
9049,UTA Session 2,trial,6,D,D,1,2790.024,13.0830000000001,11/9/2022 12:00:00 AM,10:08:43.7974535
9049,UTA Session 2,trial,7,B,A,0,2806.168,19.5029999999997,11/9/2022 12:00:00 AM,10:09:06.3614479
9049,UTA Session 2,trial,8,D,D,1,2829.106,13.8639999999996,11/9/2022 12:00:00 AM,10:09:23.6605066
9049,UTA Session 2,trial,9,C,D,0,2845.983,23.1459999999997,11/9/2022 12:00:00 AM,10:09:49.8180607
9049,UTA Session 2,trial,10,C,A,0,2874.101,14.2280000000001,11/9/2022 12:00:00 AM,10:10:09.0178331
9049,UTA Session 2,trial,11,B,B,1,2892.164,7.91899999999987,11/9/2022 12:00:00 AM,10:10:20.7739326
9049,UTA Session 2,trial,12,E,E,1,2905.364,17.4209999999998,11/9/2022 12:00:00 AM,10:10:43.4747156
9049,UTA Session 2,trial,13,B,B,1,2925.731,14.0939999999996,11/9/2022 12:00:00 AM,10:11:00.5151440
9049,UTA Session 2,trial,14,A,A,1,2942.989,8.29599999999982,11/9/2022 12:00:00 AM,10:11:11.9749629
9049,UTA Session 2,trial,15,E,E,1,2954.34,15.4929999999999,11/9/2022 12:00:00 AM,10:11:30.5219332
9049,UTA Session 2,trial,16,B,B,1,2972.759,9.23399999999992,11/9/2022 12:00:00 AM,10:11:42.6820917
9049,UTA Session 2,trial,17,A,A,1,2985.139,7.4069999999997,11/9/2022 12:00:00 AM,10:11:53.2361886
9049,UTA Session 2,trial,18,D,A,0,2995.639,7.40599999999995,11/9/2022 12:00:00 AM,10:12:03.7346248
9049,UTA Session 2,trial,19,E,E,1,3013.804,12.0319999999997,11/9/2022 12:00:00 AM,10:12:26.5248013
9049,UTA Session 2,trial,20,D,D,1,3028.647,29.7269999999999,11/9/2022 12:00:00 AM,10:12:59.0629964
9049,UTA Session 2,trial,21,A,A,1,3061.365,13.2490000000003,11/9/2022 12:00:00 AM,10:13:15.3026708
9049,UTA Session 2,trial,22,A,A,1,3078.036,3.55999999999995,11/9/2022 12:00:00 AM,10:13:22.2849175
9049,UTA Session 2,trial,23,D,D,1,3084.551,10.2280000000001,11/9/2022 12:00:00 AM,10:13:35.4683932
9049,UTA Session 2,trial,24,D,D,1,3097.686,4.44599999999991,11/9/2022 12:00:00 AM,10:13:42.8202805
9049,UTA Session 2,trial,25,E,E,1,3105.003,5.17399999999998,11/9/2022 12:00:00 AM,10:13:50.8646815
9049,UTA Session 2,trial,26,D,D,1,3112.88,13.7069999999999,11/9/2022 12:00:00 AM,10:14:07.2745644
9049,UTA Session 2,trial,27,E,A,0,3129.269,31.8210000000004,11/9/2022 12:00:00 AM,10:14:41.7780517
9049,UTA Session 2,trial,28,C,E,0,3164.38,5.5,11/9/2022 12:00:00 AM,10:14:50.5677153
9049,UTA Session 2,trial,29,C,D,0,3172.927,4.79299999999967,11/9/2022 12:00:00 AM,10:14:58.4083860
9052,UTA Session 2,practice,1,B,E,0,1470.297,22.068,11/9/2022 12:00:00 AM,13:00:45.4703819
9052,UTA Session 2,practice,2,B,A,0,1500.622,24.0889999999999,11/9/2022 12:00:00 AM,13:01:17.8143086
9052,UTA Session 2,practice,3,C,E,0,1531.21,4.80600000000004,11/9/2022 12:00:00 AM,13:01:29.1187523
9052,UTA Session 2,practice,4,A,C,0,1536.853,1.01199999999994,11/9/2022 12:00:00 AM,13:01:30.9683807
9052,UTA Session 2,trial,1,B,A,0,1548.756,2.77299999999991,11/9/2022 12:00:00 AM,13:01:44.6343782
9052,UTA Session 2,trial,2,B,C,0,1555.042,1.10800000000017,11/9/2022 12:00:00 AM,13:01:49.2529970
9052,UTA Session 2,trial,3,C,B,0,1558.872,0.80399999999986,11/9/2022 12:00:00 AM,13:01:52.7786496
9052,UTA Session 2,trial,4,A,B,0,1562.569,1.096,11/9/2022 12:00:00 AM,13:01:56.7690087
9052,UTA Session 2,trial,5,B,A,0,1566.474,1.37000000000012,11/9/2022 12:00:00 AM,13:02:00.9471681
9052,UTA Session 2,trial,6,D,B,0,1571.485,32.635,11/9/2022 12:00:00 AM,13:02:37.2231808
9052,UTA Session 2,trial,7,B,C,0,1607.64,16.731,11/9/2022 12:00:00 AM,13:02:57.4747914
9052,UTA Session 2,trial,8,D,D,1,1627.58,4.50200000000018,11/9/2022 12:00:00 AM,13:03:05.1863586
9052,UTA Session 2,trial,9,C,E,0,1643.54,3.58699999999999,11/9/2022 12:00:00 AM,13:03:20.2315942
9052,UTA Session 2,trial,10,C,B,0,1650.141,0.474999999999909,11/9/2022 12:00:00 AM,13:03:23.7192990
9052,UTA Session 2,trial,11,B,A,0,1653.576,1.00199999999995,11/9/2022 12:00:00 AM,13:03:27.6809004
9052,UTA Session 2,trial,12,E,B,0,1657.659,10.0509999999999,11/9/2022 12:00:00 AM,13:03:40.8131189
9052,UTA Session 2,trial,13,B,C,0,1671.659,1.202,11/9/2022 12:00:00 AM,13:03:45.9644320
9052,UTA Session 2,trial,14,A,C,0,1675.917,0.577999999999975,11/9/2022 12:00:00 AM,13:03:49.5981345
9052,UTA Session 2,trial,15,E,E,1,1679.919,2.75799999999981,11/9/2022 12:00:00 AM,13:03:55.7807722
9052,UTA Session 2,trial,16,B,E,0,1685.654,3.21499999999992,11/9/2022 12:00:00 AM,13:04:01.9736459
9052,UTA Session 2,trial,17,A,B,0,1692.353,11.0259999999998,11/9/2022 12:00:00 AM,13:04:16.4829943
9052,UTA Session 2,trial,18,D,A,0,1710.174,12.4929999999999,11/9/2022 12:00:00 AM,13:04:35.7705472
9052,UTA Session 2,trial,19,E,B,0,1725.929,2.20699999999988,11/9/2022 12:00:00 AM,13:04:41.2387734
9052,UTA Session 2,trial,20,D,D,1,1731.573,4.62799999999993,11/9/2022 12:00:00 AM,13:04:49.3048284
9052,UTA Session 2,trial,21,A,E,0,1740.287,1.53999999999996,11/9/2022 12:00:00 AM,13:04:54.9307016
9052,UTA Session 2,trial,22,A,C,0,1745.67,1.25699999999983,11/9/2022 12:00:00 AM,13:05:00.0307204
9052,UTA Session 2,trial,23,D,A,0,1750.29,15.0540000000001,11/9/2022 12:00:00 AM,13:05:18.4471887
9052,UTA Session 2,trial,24,D,D,1,1769.043,2.13600000000019,11/9/2022 12:00:00 AM,13:05:24.2830130
9052,UTA Session 2,trial,25,E,E,1,1774.341,1.17200000000003,11/9/2022 12:00:00 AM,13:05:28.6169060
9052,UTA Session 2,trial,26,D,E,0,1778.401,1.02800000000002,11/9/2022 12:00:00 AM,13:05:32.5323607
9052,UTA Session 2,trial,27,E,B,0,1782.937,0.701000000000022,11/9/2022 12:00:00 AM,13:05:36.7415226
9052,UTA Session 2,trial,28,C,C,1,1787.243,0.920000000000073,11/9/2022 12:00:00 AM,13:05:41.2667654
9052,UTA Session 2,trial,29,C,D,0,1793.355,1.202,11/9/2022 12:00:00 AM,13:05:47.6608432
9052,UTA Session 2,trial,30,D,A,0,1797.605,0.602000000000089,11/9/2022 12:00:00 AM,13:05:51.3108812
9052,UTA Session 2,trial,31,C,C,1,1801.55,0.744000000000142,11/9/2022 12:00:00 AM,13:05:55.3985949
9052,UTA Session 2,trial,32,E,B,0,1806.393,1.09300000000007,11/9/2022 12:00:00 AM,13:06:00.5896843
9052,UTA Session 2,trial,33,A,C,0,1810.996,1.14999999999986,11/9/2022 12:00:00 AM,13:06:05.2491962
9052,UTA Session 2,trial,34,E,D,0,1815.628,0.769000000000005,11/9/2022 12:00:00 AM,13:06:09.4998730
9052,UTA Session 2,trial,35,C,B,0,1819.269,1.57199999999989,11/9/2022 12:00:00 AM,13:06:13.9442484
9054,UTA Session 2,practice,1,B,E,0,660.722,9.22400000000005,11/9/2022 12:00:00 AM,13:03:43.2956410
9054,UTA Session 2,practice,2,B,E,0,703.53,11.155,11/9/2022 12:00:00 AM,13:04:28.0336012
9054,UTA Session 2,practice,3,C,C,1,716.546,10.7969999999999,11/9/2022 12:00:00 AM,13:04:40.6913752
9054,UTA Session 2,practice,4,A,B,0,729.014,7.423,11/9/2022 12:00:00 AM,13:04:49.7851751
9054,UTA Session 2,trial,1,B,E,0,750.436,14.1089999999999,11/9/2022 12:00:00 AM,13:05:17.8942987
9054,UTA Session 2,trial,2,B,A,0,768.291,7.68799999999999,11/9/2022 12:00:00 AM,13:05:29.3281911
9054,UTA Session 2,trial,3,C,C,1,781.309,12.544,11/9/2022 12:00:00 AM,13:05:47.2020948
9054,UTA Session 2,trial,4,A,C,0,796.946,11.5899999999999,11/9/2022 12:00:00 AM,13:06:01.8844484
9054,UTA Session 2,trial,5,B,E,0,811.847,9.94600000000003,11/9/2022 12:00:00 AM,13:06:15.1419624
9054,UTA Session 2,trial,6,D,D,1,824.764,17.069,11/9/2022 12:00:00 AM,13:06:35.1826570
9054,UTA Session 2,trial,7,B,E,0,844.672,22.894,11/9/2022 12:00:00 AM,13:07:00.9149532
9054,UTA Session 2,trial,8,D,D,1,870.587,8.96000000000004,11/9/2022 12:00:00 AM,13:07:12.8954005
9054,UTA Session 2,trial,9,C,C,1,882.364,10.3629999999999,11/9/2022 12:00:00 AM,13:07:26.0766635
9054,UTA Session 2,trial,10,C,A,0,895.524,5.88099999999997,11/9/2022 12:00:00 AM,13:07:34.7544601
9054,UTA Session 2,trial,11,B,B,1,904.411,9.2120000000001,11/9/2022 12:00:00 AM,13:07:46.9728062
9054,UTA Session 2,trial,12,E,A,0,916.532,6.63499999999999,11/9/2022 12:00:00 AM,13:07:56.5160622
9054,UTA Session 2,trial,13,B,D,0,926.251,6.75300000000004,11/9/2022 12:00:00 AM,13:08:06.3532007
9054,UTA Session 2,trial,14,A,E,0,935.778,8.45100000000002,11/9/2022 12:00:00 AM,13:08:17.5769061
9054,UTA Session 2,trial,15,E,A,0,947.083,3.86700000000008,11/9/2022 12:00:00 AM,13:08:24.2979937
9054,UTA Session 2,trial,16,B,A,0,954.063,7.31200000000001,11/9/2022 12:00:00 AM,13:08:34.7237878
9054,UTA Session 2,trial,17,A,A,1,964.289,16.828,11/9/2022 12:00:00 AM,13:08:54.4662119
9054,UTA Session 2,trial,18,D,E,0,984.152,16.699,11/9/2022 12:00:00 AM,13:09:14.2004168
9054,UTA Session 2,trial,19,E,B,0,1004.073,19.63,11/9/2022 12:00:00 AM,13:09:37.0521172
9054,UTA Session 2,trial,20,D,E,0,1026.739,10.242,11/9/2022 12:00:00 AM,13:09:50.3308299
9054,UTA Session 2,trial,21,A,A,1,1039.937,9.21199999999999,11/9/2022 12:00:00 AM,13:10:02.4992924
9054,UTA Session 2,trial,22,A,A,1,1052.04,6.17499999999995,11/9/2022 12:00:00 AM,13:10:11.5646121
9054,UTA Session 2,trial,23,D,D,1,1061.2,9.48699999999985,11/9/2022 12:00:00 AM,13:10:24.0365417
9054,UTA Session 2,trial,24,D,C,0,1073.969,10.356,11/9/2022 12:00:00 AM,13:10:37.6755180
9054,UTA Session 2,trial,25,E,D,0,1087.143,16.3039999999999,11/9/2022 12:00:00 AM,13:10:56.7971610
9054,UTA Session 2,trial,26,D,B,0,1106.933,6.16800000000012,11/9/2022 12:00:00 AM,13:11:06.4515551
9054,UTA Session 2,trial,27,E,B,0,1116.229,9.26199999999994,11/9/2022 12:00:00 AM,13:11:18.8411837
9054,UTA Session 2,trial,28,C,C,1,1128.325,14.96,11/9/2022 12:00:00 AM,13:11:36.6366232
9054,UTA Session 2,trial,29,C,B,0,1146.092,9.36899999999991,11/9/2022 12:00:00 AM,13:11:48.8119241
9054,UTA Session 2,trial,30,D,E,0,1159.226,13.3049999999998,11/9/2022 12:00:00 AM,13:12:05.8814621
9054,UTA Session 2,trial,31,C,B,0,1175.415,12.4580000000001,11/9/2022 12:00:00 AM,13:12:21.2232684
9054,UTA Session 2,trial,32,E,E,1,1190.841,7.44600000000014,11/9/2022 12:00:00 AM,13:12:31.6388892
9053,UTA Session 2,practice,1,B,B,1,1686.022,20.9970000000001,11/9/2022 12:00:00 AM,13:21:53.0403089
9053,UTA Session 2,practice,2,B,E,0,1728.368,10.2270000000001,11/9/2022 12:00:00 AM,13:22:24.6152050
9053,UTA Session 2,practice,3,C,C,1,1746.213,10.231,11/9/2022 12:00:00 AM,13:22:42.4647039
9053,UTA Session 2,practice,4,A,A,1,1757.419,8.70899999999983,11/9/2022 12:00:00 AM,13:22:52.1483180
9053,UTA Session 2,trial,1,B,A,0,1794.449,10.893,11/9/2022 12:00:00 AM,13:23:31.3645543
9053,UTA Session 2,trial,2,B,A,0,1811.088,9.923,11/9/2022 12:00:00 AM,13:23:47.0311765
9053,UTA Session 2,trial,3,C,C,1,1825.548,16.337,11/9/2022 12:00:00 AM,13:24:07.9058030
9053,UTA Session 2,trial,4,A,A,1,1845.935,8.88499999999999,11/9/2022 12:00:00 AM,13:24:20.8412297
9053,UTA Session 2,trial,5,B,D,0,1858.293,5.55100000000016,11/9/2022 12:00:00 AM,13:24:29.8653718
9053,UTA Session 2,trial,6,D,B,0,1867.915,11.9690000000001,11/9/2022 12:00:00 AM,13:24:45.9046222
9053,UTA Session 2,trial,7,B,C,0,1884.929,11.0929999999998,11/9/2022 12:00:00 AM,13:25:02.0426226
9053,UTA Session 2,trial,8,D,D,1,1899.83,11.6220000000001,11/9/2022 12:00:00 AM,13:25:17.4729626
9053,UTA Session 2,trial,9,C,A,0,1914.59,9.28300000000013,11/9/2022 12:00:00 AM,13:25:29.8938394
9053,UTA Session 2,trial,10,C,A,0,1927.078,3.35000000000014,11/9/2022 12:00:00 AM,13:25:36.4484856
9053,UTA Session 2,trial,11,B,D,0,1933.862,4.67799999999988,11/9/2022 12:00:00 AM,13:25:44.5607752
9053,UTA Session 2,trial,12,E,A,0,1942.759,7.952,11/9/2022 12:00:00 AM,13:25:56.7305655
9053,UTA Session 2,trial,13,B,D,0,1955.205,8.96500000000015,11/9/2022 12:00:00 AM,13:26:10.1912097
9053,UTA Session 2,trial,14,A,E,0,1967.428,13.0599999999999,11/9/2022 12:00:00 AM,13:26:26.5088051
9053,UTA Session 2,trial,15,E,D,0,1983.603,10.1949999999999,11/9/2022 12:00:00 AM,13:26:39.8186314
9053,UTA Session 2,trial,16,B,A,0,1997.005,7.44899999999984,11/9/2022 12:00:00 AM,13:26:50.4756526
9053,UTA Session 2,trial,17,A,A,1,2007.67,6.62400000000002,11/9/2022 12:00:00 AM,13:27:00.3165222
9053,UTA Session 2,trial,18,D,D,1,2017.788,12.654,11/9/2022 12:00:00 AM,13:27:16.4646168
9053,UTA Session 2,trial,19,E,E,1,2033.552,6.83200000000011,11/9/2022 12:00:00 AM,13:27:26.4069302
9053,UTA Session 2,trial,20,D,C,0,2043.352,12.2119999999998,11/9/2022 12:00:00 AM,13:27:41.5875492
9053,UTA Session 2,trial,21,A,A,1,2058.877,12.1730000000002,11/9/2022 12:00:00 AM,13:27:57.0743682
9053,UTA Session 2,trial,22,A,C,0,2074.444,10.8580000000002,11/9/2022 12:00:00 AM,13:28:11.3269984
9053,UTA Session 2,trial,23,D,D,1,2088.365,5.62700000000041,11/9/2022 12:00:00 AM,13:28:20.0173717
9053,UTA Session 2,trial,24,D,E,0,2096.913,12.7109999999998,11/9/2022 12:00:00 AM,13:28:35.6494640
9053,UTA Session 2,trial,25,E,B,0,2112.573,7.86900000000014,11/9/2022 12:00:00 AM,13:28:46.4678404
9053,UTA Session 2,trial,26,D,B,0,2123.405,5.78099999999995,11/9/2022 12:00:00 AM,13:28:55.2130618
9053,UTA Session 2,trial,27,E,B,0,2132.398,6.01999999999998,11/9/2022 12:00:00 AM,13:29:04.4448431
9053,UTA Session 2,trial,28,C,A,0,2141.628,4.904,11/9/2022 12:00:00 AM,13:29:12.5589872
9053,UTA Session 2,trial,29,C,D,0,2149.718,6.69800000000032,11/9/2022 12:00:00 AM,13:29:22.4424732
9053,UTA Session 2,trial,30,D,E,0,2159.844,10.8319999999999,11/9/2022 12:00:00 AM,13:29:36.7041373
9053,UTA Session 2,trial,31,C,D,0,2173.498,7.77999999999975,11/9/2022 12:00:00 AM,13:29:47.3059845
9053,UTA Session 2,trial,32,E,A,0,2184.236,24.2780000000002,11/9/2022 12:00:00 AM,13:30:14.5427215
9053,UTA Session 2,trial,33,A,A,1,2211.927,5.471,11/9/2022 12:00:00 AM,13:30:23.4285355
9053,UTA Session 2,trial,34,E,A,0,2221.004,4.17000000000007,11/9/2022 12:00:00 AM,13:30:31.2043879
9053,UTA Session 2,trial,35,C,A,0,2228.386,3.85199999999986,11/9/2022 12:00:00 AM,13:30:38.2684133
9057,UTA Session 2,practice,1,B,B,1,2058.379,11.5999999999999,11/9/2022 12:00:00 AM,15:52:38.7548807
9057,UTA Session 2,practice,2,B,B,1,2116.753,9.50499999999965,11/9/2022 12:00:00 AM,15:53:35.0326698
9057,UTA Session 2,practice,3,C,C,1,2127.276,5.94399999999996,11/9/2022 12:00:00 AM,15:53:41.9950668
9057,UTA Session 2,practice,4,A,A,1,2134.626,4.4989999999998,11/9/2022 12:00:00 AM,15:53:47.9001310
9057,UTA Session 2,trial,1,B,A,0,2149.549,11.877,11/9/2022 12:00:00 AM,15:54:10.2022614
9057,UTA Session 2,trial,2,B,A,0,2165.096,2.86799999999994,11/9/2022 12:00:00 AM,15:54:16.7388319
9057,UTA Session 2,trial,3,C,C,1,2171.238,3.06800000000021,11/9/2022 12:00:00 AM,15:54:23.0817702
9057,UTA Session 2,trial,4,A,B,0,2177.447,5.61899999999969,11/9/2022 12:00:00 AM,15:54:31.8421023
9057,UTA Session 2,trial,5,B,A,0,2186.094,6.74199999999973,11/9/2022 12:00:00 AM,15:54:41.6108671
9057,UTA Session 2,trial,6,D,B,0,2196.122,5.52800000000025,11/9/2022 12:00:00 AM,15:54:50.4246924
9057,UTA Session 2,trial,7,B,D,0,2204.775,5.44599999999991,11/9/2022 12:00:00 AM,15:54:58.9963413
9057,UTA Session 2,trial,8,D,C,0,2213.215,5.76299999999992,11/9/2022 12:00:00 AM,15:55:07.7526355
9057,UTA Session 2,trial,9,C,A,0,2222.064,3.73800000000028,11/9/2022 12:00:00 AM,15:55:14.5771907
9057,UTA Session 2,trial,10,C,B,0,2228.872,1.89600000000019,11/9/2022 12:00:00 AM,15:55:19.5424166
9057,UTA Session 2,trial,11,B,E,0,2234.17,7.88699999999972,11/9/2022 12:00:00 AM,15:55:30.8328658
9057,UTA Session 2,trial,12,E,B,0,2244.886,3.9369999999999,11/9/2022 12:00:00 AM,15:55:37.5983509
9057,UTA Session 2,trial,13,B,D,0,2252.488,5.55400000000009,11/9/2022 12:00:00 AM,15:55:46.8164564
9057,UTA Session 2,trial,14,A,E,0,2260.853,6.14499999999998,11/9/2022 12:00:00 AM,15:55:55.7728279
9057,UTA Session 2,trial,15,E,D,0,2269.844,4.22899999999981,11/9/2022 12:00:00 AM,15:56:02.8490332
9057,UTA Session 2,trial,16,B,B,1,2276.788,4.77300000000014,11/9/2022 12:00:00 AM,15:56:10.3375405
9057,UTA Session 2,trial,17,A,D,0,2286.634,6.33800000000019,11/9/2022 12:00:00 AM,15:56:21.7484182
9057,UTA Session 2,trial,18,D,D,1,2300.316,5.76100000000042,11/9/2022 12:00:00 AM,15:56:34.8535402
9057,UTA Session 2,trial,19,E,E,1,2308.973,4.71399999999994,11/9/2022 12:00:00 AM,15:56:42.4626898
9057,UTA Session 2,trial,20,D,C,0,2316.574,4.03499999999985,11/9/2022 12:00:00 AM,15:56:49.3847786
9057,UTA Session 2,trial,21,A,C,0,2324.748,5.03099999999995,11/9/2022 12:00:00 AM,15:56:58.5547927
9057,UTA Session 2,trial,22,A,D,0,2337.734,7.40700000000015,11/9/2022 12:00:00 AM,15:57:13.9168936
9057,UTA Session 2,trial,23,D,D,1,2348.186,3.81399999999985,11/9/2022 12:00:00 AM,15:57:20.7761867
9057,UTA Session 2,trial,24,D,E,0,2355.079,3.08299999999963,11/9/2022 12:00:00 AM,15:57:26.9371422
9057,UTA Session 2,trial,25,E,A,0,2362.363,2.25199999999995,11/9/2022 12:00:00 AM,15:57:33.3909649
9057,UTA Session 2,trial,26,D,D,1,2368.603,2.36599999999999,11/9/2022 12:00:00 AM,15:57:39.7449779
9057,UTA Session 2,trial,27,E,B,0,2373.792,3.52100000000019,11/9/2022 12:00:00 AM,15:57:46.0890716
9057,UTA Session 2,trial,28,C,C,1,2380.432,2.25900000000001,11/9/2022 12:00:00 AM,15:57:51.4673438
9057,UTA Session 2,trial,29,C,D,0,2385.8,3.2829999999999,11/9/2022 12:00:00 AM,15:57:57.8584367
9057,UTA Session 2,trial,30,D,A,0,2391.946,1.55400000000009,11/9/2022 12:00:00 AM,15:58:02.2756244
9057,UTA Session 2,trial,31,C,D,0,2396.726,2.26099999999997,11/9/2022 12:00:00 AM,15:58:07.7628092
9057,UTA Session 2,trial,32,E,A,0,2401.808,1.68299999999999,11/9/2022 12:00:00 AM,15:58:12.2661329
9057,UTA Session 2,trial,33,A,B,0,2406.505,1.57200000000012,11/9/2022 12:00:00 AM,15:58:16.8522728
9057,UTA Session 2,trial,34,E,A,0,2410.805,2.91600000000017,11/9/2022 12:00:00 AM,15:58:22.4960990
9057,UTA Session 2,trial,35,C,A,0,2418.251,1.60399999999981,11/9/2022 12:00:00 AM,15:58:28.6305731
9056,UTA Session 2,practice,1,B,C,0,2186.692,7.55200000000013,11/9/2022 12:00:00 AM,15:53:32.8493060
9056,UTA Session 2,practice,2,B,B,1,2211.107,7.85600000000022,11/9/2022 12:00:00 AM,15:53:57.5671700
9056,UTA Session 2,practice,3,C,C,1,2221.991,4.07299999999987,11/9/2022 12:00:00 AM,15:54:04.6674145
9056,UTA Session 2,practice,4,A,A,1,2226.972,2.90099999999984,11/9/2022 12:00:00 AM,15:54:08.4766604
9056,UTA Session 2,trial,1,B,B,1,2239.9,6.25,11/9/2022 12:00:00 AM,15:54:24.7553607
9056,UTA Session 2,trial,2,B,B,1,2249.193,9.06700000000001,11/9/2022 12:00:00 AM,15:54:36.8635637
9056,UTA Session 2,trial,3,C,C,1,2260.929,5.38000000000011,11/9/2022 12:00:00 AM,15:54:44.9127767
9056,UTA Session 2,trial,4,A,A,1,2271.394,6.69900000000007,11/9/2022 12:00:00 AM,15:54:56.6979741
9056,UTA Session 2,trial,5,B,B,1,2283.743,18.8090000000002,11/9/2022 12:00:00 AM,15:55:21.1559713
9056,UTA Session 2,trial,6,D,A,0,2306.93,5.19900000000007,11/9/2022 12:00:00 AM,15:55:30.7336729
9056,UTA Session 2,trial,7,B,D,0,2323.413,12.0390000000002,11/9/2022 12:00:00 AM,15:55:54.0563194
9056,UTA Session 2,trial,8,D,C,0,2338.297,11.5099999999998,11/9/2022 12:00:00 AM,15:56:08.4111603
9056,UTA Session 2,trial,9,C,C,1,2353.018,5.12100000000009,11/9/2022 12:00:00 AM,15:56:16.7435086
9056,UTA Session 2,trial,10,C,A,0,2360.924,4.36099999999988,11/9/2022 12:00:00 AM,15:56:23.8895685
9056,UTA Session 2,trial,11,B,E,0,2371.164,4.2199999999998,11/9/2022 12:00:00 AM,15:56:33.9880539
9056,UTA Session 2,trial,12,E,C,0,2380.998,10.3389999999999,11/9/2022 12:00:00 AM,15:56:49.9411964
9056,UTA Session 2,trial,13,B,B,1,2394.642,10.0890000000004,11/9/2022 12:00:00 AM,15:57:03.3347771
9056,UTA Session 2,trial,14,A,A,1,2407.655,8.77399999999989,11/9/2022 12:00:00 AM,15:57:15.0340881
9056,UTA Session 2,trial,15,E,E,1,2419.209,7.16200000000026,11/9/2022 12:00:00 AM,15:57:24.9755553
9056,UTA Session 2,trial,16,B,A,0,2429.023,12.5259999999998,11/9/2022 12:00:00 AM,15:57:40.1533774
9056,UTA Session 2,trial,17,A,A,1,2445.587,5.91400000000021,11/9/2022 12:00:00 AM,15:57:50.1054508
9056,UTA Session 2,trial,18,D,D,1,2454.294,6.80099999999993,11/9/2022 12:00:00 AM,15:57:59.6993163
9056,UTA Session 2,trial,19,E,C,0,2463.69,9.63099999999986,11/9/2022 12:00:00 AM,15:58:11.9255124
9056,UTA Session 2,trial,20,D,C,0,2483.243,7.51400000000012,11/9/2022 12:00:00 AM,15:58:29.3606981
9056,UTA Session 2,trial,21,A,A,1,2495.001,16.6499999999996,11/9/2022 12:00:00 AM,15:58:50.2549997
9056,UTA Session 2,trial,22,A,A,1,2514.491,3.1880000000001,11/9/2022 12:00:00 AM,15:58:56.2834495
9056,UTA Session 2,trial,23,D,D,1,2520.433,8.29100000000017,11/9/2022 12:00:00 AM,15:59:07.3280032
9056,UTA Session 2,trial,24,D,D,1,2531.285,2.97600000000011,11/9/2022 12:00:00 AM,15:59:12.8648664
9056,UTA Session 2,trial,25,E,E,1,2536.909,10.4839999999999,11/9/2022 12:00:00 AM,15:59:25.9969468
9056,UTA Session 2,trial,26,D,D,1,2549.991,6.34999999999991,11/9/2022 12:00:00 AM,15:59:34.9453528
9056,UTA Session 2,trial,27,E,E,1,2558.972,10.5299999999997,11/9/2022 12:00:00 AM,15:59:48.1061436
9056,UTA Session 2,trial,28,C,D,0,2572.075,3.49500000000035,11/9/2022 12:00:00 AM,15:59:54.1733417
9056,UTA Session 2,trial,29,C,E,0,2578.146,8.9079999999999,11/9/2022 12:00:00 AM,16:00:05.6570699
9056,UTA Session 2,trial,30,D,D,1,2592.659,8.06399999999985,11/9/2022 12:00:00 AM,16:00:19.3271038
9056,UTA Session 2,trial,31,C,D,0,2603.389,4.88299999999981,11/9/2022 12:00:00 AM,16:00:26.8752359
9056,UTA Session 2,trial,32,E,E,1,2610.964,6.68100000000004,11/9/2022 12:00:00 AM,16:00:36.2498551
9056,UTA Session 2,trial,33,A,A,1,2620.144,5.52500000000009,11/9/2022 12:00:00 AM,16:00:44.2737869
9056,UTA Session 2,trial,34,E,E,1,2628.477,7.19399999999996,11/9/2022 12:00:00 AM,16:00:54.2756011
9056,UTA Session 2,trial,35,C,B,0,2638.387,13.5529999999999,11/9/2022 12:00:00 AM,16:01:10.5436502
9055,UTA Session 2,practice,1,B,B,1,2510.645,5.05400000000009,11/9/2022 12:00:00 AM,15:59:28.5564998
9055,UTA Session 2,practice,2,B,B,1,2555.107,7.10199999999986,11/9/2022 12:00:00 AM,16:00:15.0641014
9055,UTA Session 2,practice,3,C,C,1,2564.299,4.12800000000016,11/9/2022 12:00:00 AM,16:00:21.2818478
9055,UTA Session 2,practice,4,A,A,1,2569.784,4.95699999999988,11/9/2022 12:00:00 AM,16:00:27.5959999
9055,UTA Session 2,trial,1,B,B,1,2604.997,5.96000000000004,11/9/2022 12:00:00 AM,16:01:03.8132486
9055,UTA Session 2,trial,2,B,B,1,2614.07,5.00499999999965,11/9/2022 12:00:00 AM,16:01:11.9288818
9055,UTA Session 2,trial,3,C,B,0,2622.016,4.41399999999976,11/9/2022 12:00:00 AM,16:01:19.2834928
9055,UTA Session 2,trial,4,A,A,1,2630.761,3.32799999999997,11/9/2022 12:00:00 AM,16:01:26.9427803
9055,UTA Session 2,trial,5,B,D,0,2636.998,15.8099999999999,11/9/2022 12:00:00 AM,16:01:45.6601047
9055,UTA Session 2,trial,6,D,D,1,2655.991,11.904,11/9/2022 12:00:00 AM,16:02:00.7478404
9055,UTA Session 2,trial,7,B,B,1,2671.018,13.0439999999999,11/9/2022 12:00:00 AM,16:02:16.9135921
9055,UTA Session 2,trial,8,D,D,1,2687.256,13.0750000000003,11/9/2022 12:00:00 AM,16:02:33.1820686
9055,UTA Session 2,trial,9,C,C,1,2703.729,6.33000000000038,11/9/2022 12:00:00 AM,16:02:42.9099606
9055,UTA Session 2,trial,10,C,A,0,2713.017,3.01400000000012,11/9/2022 12:00:00 AM,16:02:48.8813390
9055,UTA Session 2,trial,11,B,B,1,2721.154,4.46099999999979,11/9/2022 12:00:00 AM,16:02:58.4657816
9055,UTA Session 2,trial,12,E,E,1,2730.312,8.04199999999992,11/9/2022 12:00:00 AM,16:03:11.2038175
9055,UTA Session 2,trial,13,B,B,1,2741.555,5.346,11/9/2022 12:00:00 AM,16:03:19.7506619
9055,UTA Session 2,trial,14,A,A,1,2750.449,6.82200000000012,11/9/2022 12:00:00 AM,16:03:30.1204601
9055,UTA Session 2,trial,15,E,E,1,2760.93,6.18499999999995,11/9/2022 12:00:00 AM,16:03:39.9647088
9055,UTA Session 2,trial,16,B,B,1,2770.046,5.18900000000031,11/9/2022 12:00:00 AM,16:03:48.0841122
9055,UTA Session 2,trial,17,A,A,1,2778.269,6.24800000000005,11/9/2022 12:00:00 AM,16:03:57.3650152
9055,UTA Session 2,trial,18,D,D,1,2787.557,4.65900000000011,11/9/2022 12:00:00 AM,16:04:05.0637620
9055,UTA Session 2,trial,19,E,E,1,2794.988,5.5930000000003,11/9/2022 12:00:00 AM,16:04:13.4284765
9055,UTA Session 2,trial,20,D,D,1,2803.427,5.61799999999994,11/9/2022 12:00:00 AM,16:04:21.8923882
9055,UTA Session 2,trial,21,A,A,1,2811.851,4.69399999999996,11/9/2022 12:00:00 AM,16:04:29.3921984
9055,UTA Session 2,trial,22,A,A,1,2819.653,4.95200000000023,11/9/2022 12:00:00 AM,16:04:37.4516866
9055,UTA Session 2,trial,23,D,D,1,2827.486,4.92300000000023,11/9/2022 12:00:00 AM,16:04:45.2555365
9055,UTA Session 2,trial,24,D,D,1,2835.115,4.46600000000035,11/9/2022 12:00:00 AM,16:04:52.4282176
9055,UTA Session 2,trial,25,E,E,1,2842.305,5.3720000000003,11/9/2022 12:00:00 AM,16:05:00.5233834
9055,UTA Session 2,trial,26,D,D,1,2850.643,8.38799999999992,11/9/2022 12:00:00 AM,16:05:11.8779570
9055,UTA Session 2,trial,27,E,E,1,2861.85,7.42500000000018,11/9/2022 12:00:00 AM,16:05:22.1214714
9055,UTA Session 2,trial,28,C,C,1,2872.067,4.85800000000017,11/9/2022 12:00:00 AM,16:05:29.7724388
9055,UTA Session 2,trial,29,C,A,0,2879.827,6.66599999999971,11/9/2022 12:00:00 AM,16:05:39.3397086
9055,UTA Session 2,trial,30,D,D,1,2891.156,9.08300000000008,11/9/2022 12:00:00 AM,16:05:53.0851732
9055,UTA Session 2,trial,31,C,B,0,2903.058,9.90299999999979,11/9/2022 12:00:00 AM,16:06:05.8078611
9055,UTA Session 2,trial,32,E,E,1,2916.027,6.13599999999997,11/9/2022 12:00:00 AM,16:06:15.0088479
9055,UTA Session 2,trial,33,A,A,1,2925.097,8.29799999999977,11/9/2022 12:00:00 AM,16:06:26.2415787
9055,UTA Session 2,trial,34,E,E,1,2936.468,3.50500000000011,11/9/2022 12:00:00 AM,16:06:32.8194372
9055,UTA Session 2,trial,35,C,C,1,2942.896,7.72699999999986,11/9/2022 12:00:00 AM,16:06:43.4689986
9058,UTA Session 2,practice,1,B,B,1,2497.302,18.1320000000001,11/14/2022 12:00:00 AM,10:12:41.6049247
9058,UTA Session 2,practice,2,B,A,0,2550.245,7.03800000000001,11/14/2022 12:00:00 AM,10:13:23.4533668
9058,UTA Session 2,practice,3,C,E,0,2563.264,4.16899999999987,11/14/2022 12:00:00 AM,10:13:33.6035482
9058,UTA Session 2,practice,4,A,B,0,2573.121,4.82299999999987,11/14/2022 12:00:00 AM,10:13:44.1145386
9058,UTA Session 2,trial,1,B,A,0,2597.516,8.82899999999972,11/14/2022 12:00:00 AM,10:14:12.5170158
9058,UTA Session 2,trial,2,B,C,0,2615.087,4.86599999999999,11/14/2022 12:00:00 AM,10:14:26.1238266
9058,UTA Session 2,trial,3,C,A,0,2625.166,5.35299999999961,11/14/2022 12:00:00 AM,10:14:36.6892402
9058,UTA Session 2,trial,4,A,A,1,2634.516,4.71900000000005,11/14/2022 12:00:00 AM,10:14:45.4064106
9058,UTA Session 2,trial,5,B,E,0,2642.479,7.23600000000033,11/14/2022 12:00:00 AM,10:14:55.8868444
9058,UTA Session 2,trial,6,D,E,0,2653.825,7.59799999999996,11/14/2022 12:00:00 AM,10:15:07.5941959
9058,UTA Session 2,trial,7,B,D,0,2664.41,6.94300000000021,11/14/2022 12:00:00 AM,10:15:17.5244022
9058,UTA Session 2,trial,8,D,E,0,2674.313,19.8420000000001,11/14/2022 12:00:00 AM,10:15:40.3261840
9058,UTA Session 2,trial,9,C,C,1,2697.134,7.23500000000013,11/14/2022 12:00:00 AM,10:15:50.5416232
9058,UTA Session 2,trial,10,C,C,1,2707.447,5.40599999999995,11/14/2022 12:00:00 AM,10:15:59.0263149
9058,UTA Session 2,trial,11,B,B,1,2715.975,6.53400000000011,11/14/2022 12:00:00 AM,10:16:08.6814683
9058,UTA Session 2,trial,12,E,A,0,2725.489,3.06399999999985,11/14/2022 12:00:00 AM,10:16:14.7260481
9058,UTA Session 2,trial,13,B,B,1,2731.862,10.085,11/14/2022 12:00:00 AM,10:16:28.1206787
9058,UTA Session 2,trial,14,A,E,0,2745.034,4.62599999999975,11/14/2022 12:00:00 AM,10:16:35.8333404
9058,UTA Session 2,trial,15,E,D,0,2752.446,6.48199999999997,11/14/2022 12:00:00 AM,10:16:45.1007398
9058,UTA Session 2,trial,16,B,B,1,2762.821,4.80299999999988,11/14/2022 12:00:00 AM,10:16:53.7978583
9058,UTA Session 2,trial,17,A,A,1,2770.667,4.02300000000014,11/14/2022 12:00:00 AM,10:17:00.8642872
9058,UTA Session 2,trial,18,D,D,1,2777.864,10.587,11/14/2022 12:00:00 AM,10:17:14.6245952
9058,UTA Session 2,trial,19,E,B,0,2791.494,6.22899999999981,11/14/2022 12:00:00 AM,10:17:23.8960561
9058,UTA Session 2,trial,20,D,C,0,2807.575,10.8970000000004,11/14/2022 12:00:00 AM,10:17:44.6456296
9058,UTA Session 2,trial,21,A,E,0,2821.689,12.527,11/14/2022 12:00:00 AM,10:18:00.3910203
9058,UTA Session 2,trial,22,A,D,0,2837.062,10.1030000000001,11/14/2022 12:00:00 AM,10:18:13.3396472
9058,UTA Session 2,trial,23,D,D,1,2850.735,6.26299999999992,11/14/2022 12:00:00 AM,10:18:23.1735823
9058,UTA Session 2,trial,24,D,E,0,2860.173,10.2640000000001,11/14/2022 12:00:00 AM,10:18:36.6116690
9058,UTA Session 2,trial,25,E,D,0,2874.849,8.30499999999984,11/14/2022 12:00:00 AM,10:18:49.3294480
9058,UTA Session 2,trial,26,D,B,0,2886.548,8.66200000000026,11/14/2022 12:00:00 AM,10:19:01.3848153
9058,UTA Session 2,trial,27,E,B,0,2901.449,2.9380000000001,11/14/2022 12:00:00 AM,10:19:10.5617908
9058,UTA Session 2,trial,28,C,C,1,2909.252,4.47400000000016,11/14/2022 12:00:00 AM,10:19:19.9014450
9058,UTA Session 2,trial,29,C,B,0,2916.78,10.5069999999996,11/14/2022 12:00:00 AM,10:19:33.4621355
9058,UTA Session 2,trial,30,D,D,1,2931.094,4.61299999999983,11/14/2022 12:00:00 AM,10:19:41.8825267
9058,UTA Session 2,trial,31,C,C,1,2938.572,15.623,11/14/2022 12:00:00 AM,10:20:00.3715273
9058,UTA Session 2,trial,32,E,E,1,2957.046,4.58500000000004,11/14/2022 12:00:00 AM,10:20:07.8071134
9058,UTA Session 2,trial,33,A,A,1,2964.635,10.4679999999998,11/14/2022 12:00:00 AM,10:20:21.2796401
9058,UTA Session 2,trial,34,E,A,0,2978.104,5.34900000000016,11/14/2022 12:00:00 AM,10:20:29.6291205
9058,UTA Session 2,trial,35,C,C,1,2988.21,5.62800000000016,11/14/2022 12:00:00 AM,10:20:40.0147761
999,UTA Session 2,practice,1,B,A,0,971.877,47.6690000000001,1/27/2023 12:00:00 AM,10:34:40.9652930
999,UTA Session 2,practice,2,B,A,0,1119.632,33.9779999999998,1/27/2023 12:00:00 AM,10:36:55.0255253
999,UTA Session 2,practice,3,C,C,1,1163.358,10.9159999999999,1/27/2023 12:00:00 AM,10:37:15.6894703
999,UTA Session 2,practice,4,A,A,1,1178.442,11.6420000000001,1/27/2023 12:00:00 AM,10:37:31.5000892
999,UTA Session 2,trial,1,B,A,0,1203.274,15.7800000000002,1/27/2023 12:00:00 AM,10:38:00.4734489
999,UTA Session 2,trial,2,B,A,0,1227.882,30.454,1/27/2023 12:00:00 AM,10:38:39.7511670
999,UTA Session 2,trial,3,C,D,0,1267.536,12.8529999999998,1/27/2023 12:00:00 AM,10:39:01.8033192
999,UTA Session 2,trial,4,A,A,1,1285.325,25.627,1/27/2023 12:00:00 AM,10:39:32.3671096
999,UTA Session 2,trial,5,B,B,1,1314.991,13.877,1/27/2023 12:00:00 AM,10:39:50.2830114
999,UTA Session 2,trial,6,D,D,1,1332.129,8.87900000000013,1/27/2023 12:00:00 AM,10:40:02.4228959
999,UTA Session 2,trial,7,B,D,0,1344.036,22.067,1/27/2023 12:00:00 AM,10:40:27.5185074
999,UTA Session 2,trial,8,D,A,0,1372.502,32.461,1/27/2023 12:00:00 AM,10:41:06.3783651
999,UTA Session 2,trial,9,C,C,1,1410.366,14.366,1/27/2023 12:00:00 AM,10:41:26.1461742
999,UTA Session 2,trial,10,C,D,0,1427.583,27.5989999999999,1/27/2023 12:00:00 AM,10:41:56.5958385
999,UTA Session 2,trial,11,B,E,0,1458.181,18.973,1/27/2023 12:00:00 AM,10:42:18.5672395
999,UTA Session 2,trial,12,E,C,0,1481.611,25.588,1/27/2023 12:00:00 AM,10:42:48.6124542
999,UTA Session 2,trial,13,B,C,0,1518.65,27.423,1/27/2023 12:00:00 AM,10:43:27.4868822
999,UTA Session 2,trial,14,A,A,1,1551.594,17.0419999999999,1/27/2023 12:00:00 AM,10:43:50.0499411
999,UTA Session 2,trial,15,E,E,1,1572.058,13.7570000000001,1/27/2023 12:00:00 AM,10:44:07.2284408
999,UTA Session 2,trial,16,B,B,1,1589.161,13.721,1/27/2023 12:00:00 AM,10:44:24.2956649
999,UTA Session 2,trial,17,A,A,1,1606.333,9.98099999999999,1/27/2023 12:00:00 AM,10:44:37.7269111
999,UTA Session 2,trial,18,D,D,1,1619.287,5.01900000000001,1/27/2023 12:00:00 AM,10:44:45.7192137
999,UTA Session 2,trial,19,E,E,1,1627.414,14.308,1/27/2023 12:00:00 AM,10:45:03.1348745
999,UTA Session 2,trial,20,D,D,1,1645.865,10.9190000000001,1/27/2023 12:00:00 AM,10:45:18.1967243
99,UTA Session 2,practice,1,B,C,0,2511.405,27.1579999999999,2/6/2023 12:00:00 AM,11:43:14.7869338
99,UTA Session 2,practice,2,B,A,0,2639.014,10.5499999999997,2/6/2023 12:00:00 AM,11:45:05.7856970
99,UTA Session 2,practice,3,C,C,1,2654.441,8.36200000000008,2/6/2023 12:00:00 AM,11:45:19.0241870
99,UTA Session 2,practice,4,A,B,0,2664.899,10.0930000000003,2/6/2023 12:00:00 AM,11:45:31.2132739
99,UTA Session 2,trial,1,B,D,0,2724.971,11.7220000000002,2/6/2023 12:00:00 AM,11:46:32.9165855
99,UTA Session 2,trial,2,B,A,0,2739.663,11.027,2/6/2023 12:00:00 AM,11:46:46.9106660
99,UTA Session 2,trial,3,C,E,0,2753.806,15.248,2/6/2023 12:00:00 AM,11:47:05.2754700
99,UTA Session 2,trial,4,A,A,1,2771.912,5.93900000000031,2/6/2023 12:00:00 AM,11:47:14.0725149
99,UTA Session 2,trial,5,B,C,0,2781.006,12.125,2/6/2023 12:00:00 AM,11:47:29.3518587
99,UTA Session 2,trial,6,D,D,1,2796.24,6.2170000000001,2/6/2023 12:00:00 AM,11:47:38.6782185
99,UTA Session 2,trial,7,B,C,0,2805.611,12.1970000000001,2/6/2023 12:00:00 AM,11:47:54.0283775
99,UTA Session 2,trial,8,D,E,0,2820.705,15.02,2/6/2023 12:00:00 AM,11:48:11.9450960
99,UTA Session 2,trial,9,C,C,1,2838.503,7.59699999999975,2/6/2023 12:00:00 AM,11:48:22.3209411
99,UTA Session 2,trial,10,C,C,1,2848.983,8.52700000000004,2/6/2023 12:00:00 AM,11:48:33.7309055
99,UTA Session 2,trial,11,B,B,1,2860.307,8.94800000000032,2/6/2023 12:00:00 AM,11:48:45.4757725
99,UTA Session 2,trial,12,E,A,0,2872.48,17.8040000000001,2/6/2023 12:00:00 AM,11:49:06.5042264
99,UTA Session 2,trial,13,B,C,0,2893.482,9.80299999999988,2/6/2023 12:00:00 AM,11:49:19.5048375
99,UTA Session 2,trial,14,A,A,1,2906.773,8.03999999999996,2/6/2023 12:00:00 AM,11:49:31.0333399
99,UTA Session 2,trial,15,E,D,0,2917.708,8.375,2/6/2023 12:00:00 AM,11:49:42.3031585
99,UTA Session 2,trial,16,B,D,0,2928.918,12.6379999999999,2/6/2023 12:00:00 AM,11:49:57.7770342
99,UTA Session 2,trial,17,A,A,1,2944.882,9.11299999999983,2/6/2023 12:00:00 AM,11:50:10.2148866
99,UTA Session 2,trial,18,D,B,0,2957.08,7.37699999999995,2/6/2023 12:00:00 AM,11:50:20.6774013
99,UTA Session 2,trial,19,E,B,0,2967.239,5.70899999999983,2/6/2023 12:00:00 AM,11:50:29.1677411
99,UTA Session 2,trial,20,D,E,0,2975.791,7.28899999999976,2/6/2023 12:00:00 AM,11:50:39.3002653
99,UTA Session 2,trial,21,A,E,0,2985.845,8.24200000000019,2/6/2023 12:00:00 AM,11:50:50.3063021
99,UTA Session 2,trial,22,A,A,1,2996.971,12.614,2/6/2023 12:00:00 AM,11:51:05.8048272
99,UTA Session 2,trial,23,D,D,1,3012.781,9.57299999999987,2/6/2023 12:00:00 AM,11:51:18.5741733
99,UTA Session 2,trial,24,D,D,1,3025.17,8.42000000000007,2/6/2023 12:00:00 AM,11:51:29.8096751
99,UTA Session 2,trial,25,E,E,1,3036.367,11.0459999999998,2/6/2023 12:00:00 AM,11:51:43.6337296
99,UTA Session 2,trial,26,D,A,0,3050.305,9.05600000000004,2/6/2023 12:00:00 AM,11:51:55.5803141
99,UTA Session 2,trial,27,E,B,0,3062.268,9.32600000000002,2/6/2023 12:00:00 AM,11:52:07.8140222
99,UTA Session 2,trial,28,C,C,1,3074.391,4.86799999999994,2/6/2023 12:00:00 AM,11:52:15.4784146
99,UTA Session 2,trial,29,C,C,1,3082.045,8.42499999999973,2/6/2023 12:00:00 AM,11:52:26.6890855
99,UTA Session 2,trial,30,D,E,0,3093.312,6.66699999999992,2/6/2023 12:00:00 AM,11:52:36.1985533
99,UTA Session 2,trial,31,C,D,0,3103.016,7.01699999999983,2/6/2023 12:00:00 AM,11:52:46.2531118
99,UTA Session 2,trial,32,E,E,1,3112.844,5.82499999999982,2/6/2023 12:00:00 AM,11:52:54.8884341
99,UTA Session 2,trial,33,A,C,0,3121.427,6.08199999999988,2/6/2023 12:00:00 AM,11:53:03.7279572
99,UTA Session 2,trial,34,E,A,0,3130.327,3.55399999999963,2/6/2023 12:00:00 AM,11:53:10.1010021
99,UTA Session 2,trial,35,C,C,1,3137.106,4.1239999999998,2/6/2023 12:00:00 AM,11:53:17.4491991
9059,UTA Session 2,practice,1,B,A,0,1383.017,4.68599999999992,2/13/2023 12:00:00 AM,13:03:55.9767122
9059,UTA Session 2,practice,2,B,D,0,1413.657,13.402,2/13/2023 12:00:00 AM,13:04:35.3294285
9059,UTA Session 2,practice,3,C,A,0,1430.229,4.19399999999996,2/13/2023 12:00:00 AM,13:04:42.6942746
9059,UTA Session 2,practice,4,A,D,0,1437.116,1.75700000000006,2/13/2023 12:00:00 AM,13:04:47.1431244
9059,UTA Session 2,trial,1,B,C,0,1452.379,4.70800000000008,2/13/2023 12:00:00 AM,13:05:05.3589986
9059,UTA Session 2,trial,2,B,E,0,1461.846,7.01900000000001,2/13/2023 12:00:00 AM,13:05:17.1359893
9059,UTA Session 2,trial,3,C,A,0,1471.959,1.7059999999999,2/13/2023 12:00:00 AM,13:05:21.9360935
9059,UTA Session 2,trial,4,A,D,0,1476.673,2.68000000000006,2/13/2023 12:00:00 AM,13:05:27.6236334
9059,UTA Session 2,trial,5,B,B,1,1482.118,1.93100000000004,2/13/2023 12:00:00 AM,13:05:32.3195619
9059,UTA Session 2,trial,6,D,D,1,1487.009,7.26600000000008,2/13/2023 12:00:00 AM,13:05:42.5457985
9059,UTA Session 2,trial,7,B,C,0,1497.234,6.71000000000004,2/13/2023 12:00:00 AM,13:05:52.2150984
9059,UTA Session 2,trial,8,D,A,0,1506.882,1.26099999999997,2/13/2023 12:00:00 AM,13:05:56.4141818
9059,UTA Session 2,trial,9,C,B,0,1511.408,3.61000000000013,2/13/2023 12:00:00 AM,13:06:03.2886114
9059,UTA Session 2,trial,10,C,A,0,1518.28,2.88000000000011,2/13/2023 12:00:00 AM,13:06:09.4306798
9059,UTA Session 2,trial,11,B,D,0,1524.785,8.95999999999981,2/13/2023 12:00:00 AM,13:06:22.0161786
9059,UTA Session 2,trial,12,E,D,0,1536.6,2.00900000000001,2/13/2023 12:00:00 AM,13:06:26.8799888
9059,UTA Session 2,trial,13,B,B,1,1541.455,0.901000000000067,2/13/2023 12:00:00 AM,13:06:30.6278133
9059,UTA Session 2,trial,14,A,D,0,1545.594,2.86500000000001,2/13/2023 12:00:00 AM,13:06:36.7300666
9059,UTA Session 2,trial,15,E,A,0,1551.376,0.65300000000002,2/13/2023 12:00:00 AM,13:06:40.2989342
9059,UTA Session 2,trial,16,B,B,1,1555.002,1.33699999999999,2/13/2023 12:00:00 AM,13:06:44.6107049
9059,UTA Session 2,trial,17,A,C,0,1559.205,1.63800000000015,2/13/2023 12:00:00 AM,13:06:49.1139717
9059,UTA Session 2,trial,18,D,A,0,1563.742,1.05600000000004,2/13/2023 12:00:00 AM,13:06:53.0680290
9059,UTA Session 2,trial,19,E,E,1,1567.869,4.92800000000011,2/13/2023 12:00:00 AM,13:07:01.0674797
9059,UTA Session 2,trial,20,D,B,0,1575.515,6.19599999999991,2/13/2023 12:00:00 AM,13:07:09.9826714
9059,UTA Session 2,trial,21,A,E,0,1584.72,5.91300000000001,2/13/2023 12:00:00 AM,13:07:18.9033554
9059,UTA Session 2,trial,22,A,B,0,1593.328,1.71900000000005,2/13/2023 12:00:00 AM,13:07:23.3176101
9059,UTA Session 2,trial,23,D,A,0,1597.989,2.92000000000007,2/13/2023 12:00:00 AM,13:07:29.1793361
9059,UTA Session 2,trial,24,D,E,0,1604.212,2.846,2/13/2023 12:00:00 AM,13:07:35.3283481
9059,UTA Session 2,trial,25,E,A,0,1611.152,6.47399999999993,2/13/2023 12:00:00 AM,13:07:45.8963749
9059,UTA Session 2,trial,26,D,B,0,1622.206,5.89200000000005,2/13/2023 12:00:00 AM,13:07:56.3687799
9059,UTA Session 2,trial,27,E,C,0,1630.73,1.01499999999987,2/13/2023 12:00:00 AM,13:08:00.0159655
9059,UTA Session 2,trial,28,C,A,0,1634.682,2.64400000000001,2/13/2023 12:00:00 AM,13:08:05.5962635
9059,UTA Session 2,trial,29,C,E,0,1640.211,1.74199999999996,2/13/2023 12:00:00 AM,13:08:10.2239674
9059,UTA Session 2,trial,30,D,B,0,1644.765,3.94799999999987,2/13/2023 12:00:00 AM,13:08:16.9841928
9059,UTA Session 2,trial,31,C,A,0,1651.714,1.45800000000008,2/13/2023 12:00:00 AM,13:08:21.4423578
9059,UTA Session 2,trial,32,E,C,0,1656.526,1.77599999999984,2/13/2023 12:00:00 AM,13:08:26.5723943
9059,UTA Session 2,trial,33,A,D,0,1661.008,1.15300000000002,2/13/2023 12:00:00 AM,13:08:30.4315847
9059,UTA Session 2,trial,34,E,A,0,1665.561,2.73300000000017,2/13/2023 12:00:00 AM,13:08:36.5648909
9059,UTA Session 2,trial,35,C,C,1,1671.655,1.03199999999993,2/13/2023 12:00:00 AM,13:08:40.9590604
9061,UTA Session 2,practice,1,B,B,1,2390.892,9.57600000000002,2/13/2023 12:00:00 AM,13:02:19.7909704
9061,UTA Session 2,practice,2,B,E,0,2485.876,10.7219999999998,2/13/2023 12:00:00 AM,13:03:55.9191287
9061,UTA Session 2,practice,3,C,C,1,2500.544,6.74800000000005,2/13/2023 12:00:00 AM,13:04:06.6134737
9061,UTA Session 2,practice,4,A,A,1,2508.844,5.51999999999998,2/13/2023 12:00:00 AM,13:04:13.6856750
9061,UTA Session 2,trial,1,B,B,1,2551.325,7.20900000000029,2/13/2023 12:00:00 AM,13:04:57.8569041
9061,UTA Session 2,trial,2,B,B,1,2561.448,8.10400000000027,2/13/2023 12:00:00 AM,13:05:08.8744108
9061,UTA Session 2,trial,3,C,A,0,2572.904,11.4740000000002,2/13/2023 12:00:00 AM,13:05:23.7002037
9061,UTA Session 2,trial,4,A,A,1,2587.562,8.23000000000002,2/13/2023 12:00:00 AM,13:05:35.1139732
9061,UTA Session 2,trial,5,B,B,1,2598.892,14.752,2/13/2023 12:00:00 AM,13:05:52.9663245
9061,UTA Session 2,trial,6,D,D,1,2616.985,14.7829999999999,2/13/2023 12:00:00 AM,13:06:11.0897709
9061,UTA Session 2,trial,7,B,B,1,2634.847,6.80499999999984,2/13/2023 12:00:00 AM,13:06:20.9743192
9061,UTA Session 2,trial,8,D,D,1,2645.061,6.63099999999986,2/13/2023 12:00:00 AM,13:06:31.0139616
9061,UTA Session 2,trial,9,C,C,1,2655.114,8.3159999999998,2/13/2023 12:00:00 AM,13:06:42.7524896
9061,UTA Session 2,trial,10,C,C,1,2666.706,6.71399999999994,2/13/2023 12:00:00 AM,13:06:52.7433321
9061,UTA Session 2,trial,11,B,B,1,2677.041,8.93299999999999,2/13/2023 12:00:00 AM,13:07:05.2967871
9061,UTA Session 2,trial,12,E,A,0,2690.621,12.529,2/13/2023 12:00:00 AM,13:07:22.4727738
9061,UTA Session 2,trial,13,B,B,1,2707.414,6.26999999999998,2/13/2023 12:00:00 AM,13:07:33.0071393
9061,UTA Session 2,trial,14,A,A,1,2717.186,5.02799999999979,2/13/2023 12:00:00 AM,13:07:41.5369977
9061,UTA Session 2,trial,15,E,E,1,2725.241,6.53900000000021,2/13/2023 12:00:00 AM,13:07:51.1027512
9061,UTA Session 2,trial,16,B,B,1,2734.772,5.3420000000001,2/13/2023 12:00:00 AM,13:07:59.4371859
9061,UTA Session 2,trial,17,A,A,1,2743.227,5.63599999999997,2/13/2023 12:00:00 AM,13:08:08.1862911
9061,UTA Session 2,trial,18,D,D,1,2751.907,8.85699999999997,2/13/2023 12:00:00 AM,13:08:20.0870621
9061,UTA Session 2,trial,19,E,E,1,2765.253,4.58099999999968,2/13/2023 12:00:00 AM,13:08:29.1574519
9061,UTA Session 2,trial,20,D,D,1,2772.673,4.78900000000021,2/13/2023 12:00:00 AM,13:08:36.7854524
9061,UTA Session 2,trial,21,A,D,0,2780.276,7.09100000000035,2/13/2023 12:00:00 AM,13:08:46.6902793
9061,UTA Session 2,trial,22,A,A,1,2790.928,8.94200000000001,2/13/2023 12:00:00 AM,13:08:59.1937077
9061,UTA Session 2,trial,23,D,D,1,2802.974,4.63999999999987,2/13/2023 12:00:00 AM,13:09:06.9374817
9061,UTA Session 2,trial,24,D,D,1,2810.517,4.62100000000009,2/13/2023 12:00:00 AM,13:09:14.4600283
9061,UTA Session 2,trial,25,E,D,0,2818.382,6.80600000000004,2/13/2023 12:00:00 AM,13:09:24.5106244
9061,UTA Session 2,trial,26,D,A,0,2828.34,10.4589999999998,2/13/2023 12:00:00 AM,13:09:38.1222414
9061,UTA Session 2,trial,27,E,E,1,2841.902,5.37599999999975,2/13/2023 12:00:00 AM,13:09:46.6013674
9061,UTA Session 2,trial,28,C,C,1,2850.203,7.73100000000022,2/13/2023 12:00:00 AM,13:09:57.2577439
9061,UTA Session 2,trial,29,C,C,1,2861.21,6.35399999999981,2/13/2023 12:00:00 AM,13:10:06.8874623
9061,UTA Session 2,trial,30,D,D,1,2870.804,3.73799999999983,2/13/2023 12:00:00 AM,13:10:13.8659682
9061,UTA Session 2,trial,31,C,A,0,2877.402,7.71599999999989,2/13/2023 12:00:00 AM,13:10:24.4419766
9061,UTA Session 2,trial,32,E,E,1,2888.109,3.35500000000002,2/13/2023 12:00:00 AM,13:10:30.7877731
9061,UTA Session 2,trial,33,A,A,1,2895.015,4.24900000000025,2/13/2023 12:00:00 AM,13:10:38.5875556
9061,UTA Session 2,trial,34,E,E,1,2902.249,6.41600000000017,2/13/2023 12:00:00 AM,13:10:47.9893031
9061,UTA Session 2,trial,35,C,C,1,2911.644,6.38600000000042,2/13/2023 12:00:00 AM,13:10:57.3537008
9060,UTA Session 2,practice,1,B,A,0,710.908,20.302,2/13/2023 12:00:00 AM,13:10:06.3559924
9060,UTA Session 2,practice,2,B,B,1,777.083,15.154,2/13/2023 12:00:00 AM,13:11:07.3828346
9060,UTA Session 2,practice,3,C,A,0,793.68,12.1560000000001,2/13/2023 12:00:00 AM,13:11:20.9813556
9060,UTA Session 2,practice,4,A,A,1,809.682,18.626,2/13/2023 12:00:00 AM,13:11:43.4526192
9060,UTA Session 2,trial,1,B,A,0,846.792,27.692,2/13/2023 12:00:00 AM,13:12:29.6316993
9060,UTA Session 2,trial,2,B,B,1,877.546,13.428,2/13/2023 12:00:00 AM,13:12:46.1212840
9060,UTA Session 2,trial,3,C,C,1,893.725,16.198,2/13/2023 12:00:00 AM,13:13:05.0694374
9060,UTA Session 2,trial,4,A,A,1,912.768,14.384,2/13/2023 12:00:00 AM,13:13:22.2990023
9060,UTA Session 2,trial,5,B,B,1,929.975,15.389,2/13/2023 12:00:00 AM,13:13:40.5106435
9060,UTA Session 2,trial,6,D,D,1,948.185,9.49900000000002,2/13/2023 12:00:00 AM,13:13:52.8299780
9060,UTA Session 2,trial,7,B,D,0,960.533,8.077,2/13/2023 12:00:00 AM,13:14:03.7572051
9060,UTA Session 2,trial,8,D,D,1,971.844,27.7539999999999,2/13/2023 12:00:00 AM,13:14:34.7452509
9060,UTA Session 2,trial,9,C,D,0,1002.357,10.6990000000001,2/13/2023 12:00:00 AM,13:14:48.2029645
9060,UTA Session 2,trial,10,C,A,0,1016.487,8.69600000000003,2/13/2023 12:00:00 AM,13:15:00.3303740
9060,UTA Session 2,trial,11,B,B,1,1028.117,11.7619999999999,2/13/2023 12:00:00 AM,13:15:15.0258160
9060,UTA Session 2,trial,12,E,C,0,1042.786,12.2829999999999,2/13/2023 12:00:00 AM,13:15:30.2160240
9060,UTA Session 2,trial,13,B,D,0,1061.094,8.38999999999987,2/13/2023 12:00:00 AM,13:15:44.6302118
9060,UTA Session 2,trial,14,A,E,0,1072.28,18.471,2/13/2023 12:00:00 AM,13:16:05.8983832
9060,UTA Session 2,trial,15,E,A,0,1093.371,5.92899999999986,2/13/2023 12:00:00 AM,13:16:14.4467969
9060,UTA Session 2,trial,16,B,D,0,1102.394,11.2929999999999,2/13/2023 12:00:00 AM,13:16:28.8341915
9060,UTA Session 2,trial,17,A,A,1,1116.49,24.26,2/13/2023 12:00:00 AM,13:16:55.8981002
9060,UTA Session 2,trial,18,D,D,1,1143.647,7.92900000000009,2/13/2023 12:00:00 AM,13:17:06.7232119
9060,UTA Session 2,trial,19,E,B,0,1154.18,8.86299999999983,2/13/2023 12:00:00 AM,13:17:18.1905376
9060,UTA Session 2,trial,20,D,D,1,1165.816,7.95499999999993,2/13/2023 12:00:00 AM,13:17:28.9185673
9060,UTA Session 2,trial,21,A,A,1,1176.406,15.385,2/13/2023 12:00:00 AM,13:17:46.9386286
9060,UTA Session 2,trial,22,A,C,0,1194.739,11.2139999999999,2/13/2023 12:00:00 AM,13:18:01.1015699
9060,UTA Session 2,trial,23,D,D,1,1208.675,8.90900000000011,2/13/2023 12:00:00 AM,13:18:12.7310991
9060,UTA Session 2,trial,24,D,D,1,1220.207,7.84199999999987,2/13/2023 12:00:00 AM,13:18:23.1968183
9060,UTA Session 2,trial,25,E,D,0,1230.753,12.4070000000002,2/13/2023 12:00:00 AM,13:18:38.3072571
9060,UTA Session 2,trial,26,D,D,1,1245.847,9.24099999999999,2/13/2023 12:00:00 AM,13:18:50.2355291
9060,UTA Session 2,trial,27,E,B,0,1257.87,8.69600000000014,2/13/2023 12:00:00 AM,13:19:01.7134593
9060,UTA Session 2,trial,28,C,B,0,1269.618,8.19200000000001,2/13/2023 12:00:00 AM,13:19:12.9575557
9060,UTA Session 2,trial,29,C,E,0,1280.678,6.36699999999996,2/13/2023 12:00:00 AM,13:19:22.1939874
9060,UTA Session 2,trial,30,D,E,0,1289.669,13.0329999999999,2/13/2023 12:00:00 AM,13:19:37.8494658
9062,UTA Session 2,practice,1,B,C,0,2581.599,6.85199999999986,2/13/2023 12:00:00 AM,15:56:57.8552080
9062,UTA Session 2,practice,2,B,A,0,2595.998,6.93199999999979,2/13/2023 12:00:00 AM,15:57:12.3318621
9062,UTA Session 2,practice,3,C,A,0,2606.567,4.14600000000019,2/13/2023 12:00:00 AM,15:57:20.1139619
9062,UTA Session 2,practice,4,A,E,0,2612.138,6.16600000000017,2/13/2023 12:00:00 AM,15:57:27.7057757
9062,UTA Session 2,trial,1,B,A,0,2633.047,2.23999999999978,2/13/2023 12:00:00 AM,15:57:44.6908030
9062,UTA Session 2,trial,2,B,C,0,2638.582,6.78500000000031,2/13/2023 12:00:00 AM,15:57:54.7684919
9062,UTA Session 2,trial,3,C,D,0,2648.658,4.19500000000016,2/13/2023 12:00:00 AM,15:58:02.2538863
9062,UTA Session 2,trial,4,A,A,1,2656.036,3.09000000000015,2/13/2023 12:00:00 AM,15:58:08.5289062
9062,UTA Session 2,trial,5,B,A,0,2662.331,3.64399999999978,2/13/2023 12:00:00 AM,15:58:15.3779856
9062,UTA Session 2,trial,6,D,E,0,2672.68,2.98100000000022,2/13/2023 12:00:00 AM,15:58:25.0631124
9062,UTA Session 2,trial,7,B,C,0,2679.151,1.05200000000013,2/13/2023 12:00:00 AM,15:58:29.6040700
9062,UTA Session 2,trial,8,D,D,1,2683.226,6.14199999999983,2/13/2023 12:00:00 AM,15:58:38.7701387
9062,UTA Session 2,trial,9,C,C,1,2693.044,7.15100000000029,2/13/2023 12:00:00 AM,15:58:49.5964724
9062,UTA Session 2,trial,10,C,C,1,2702.939,6.27800000000025,2/13/2023 12:00:00 AM,15:58:58.6182967
9062,UTA Session 2,trial,11,B,B,1,2712.331,2.59999999999991,2/13/2023 12:00:00 AM,15:59:04.3327836
9062,UTA Session 2,trial,12,E,A,0,2718.079,7.10199999999986,2/13/2023 12:00:00 AM,15:59:14.5830698
9062,UTA Session 2,trial,13,B,D,0,2731.063,7.74699999999984,2/13/2023 12:00:00 AM,15:59:28.2117409
9062,UTA Session 2,trial,14,A,A,1,2741.93,7.16100000000006,2/13/2023 12:00:00 AM,15:59:38.4941301
9062,UTA Session 2,trial,15,E,A,0,2752.443,6.75599999999986,2/13/2023 12:00:00 AM,15:59:48.6011343
9062,UTA Session 2,trial,16,B,D,0,2768.191,9.90000000000009,2/13/2023 12:00:00 AM,16:00:07.4933699
9062,UTA Session 2,trial,17,A,A,1,2781.135,8.50999999999976,2/13/2023 12:00:00 AM,16:00:19.0466339
9062,UTA Session 2,trial,18,D,C,0,2792.682,4.15100000000029,2/13/2023 12:00:00 AM,16:00:26.2346072
9062,UTA Session 2,trial,19,E,B,0,2799.996,3.82299999999987,2/13/2023 12:00:00 AM,16:00:33.2209898
9062,UTA Session 2,trial,20,D,B,0,2806.999,5.85000000000036,2/13/2023 12:00:00 AM,16:00:42.2504689
9062,UTA Session 2,trial,21,A,E,0,2816.216,6.32600000000002,2/13/2023 12:00:00 AM,16:00:51.9427153
9062,UTA Session 2,trial,22,A,E,0,2827.352,5.86599999999999,2/13/2023 12:00:00 AM,16:01:02.6188748
9062,UTA Session 2,trial,23,D,C,0,2836.372,0.721000000000004,2/13/2023 12:00:00 AM,16:01:06.4946669
9062,UTA Session 2,trial,24,D,D,1,2841.271,2.53699999999981,2/13/2023 12:00:00 AM,16:01:13.2101252
9062,UTA Session 2,trial,25,E,D,0,2846.605,6.98500000000013,2/13/2023 12:00:00 AM,16:01:22.9918622
9062,UTA Session 2,trial,26,D,D,1,2859.006,3.0920000000001,2/13/2023 12:00:00 AM,16:01:31.5000943
9062,UTA Session 2,trial,27,E,B,0,2865.005,5.19900000000007,2/13/2023 12:00:00 AM,16:01:39.6061339
9062,UTA Session 2,trial,28,C,E,0,2873.199,1.32600000000002,2/13/2023 12:00:00 AM,16:01:43.9267381
9062,UTA Session 2,trial,29,C,A,0,2877.973,7.05400000000009,2/13/2023 12:00:00 AM,16:01:54.4285397
9062,UTA Session 2,trial,30,D,C,0,2889.082,3.94700000000012,2/13/2023 12:00:00 AM,16:02:02.4300234
9062,UTA Session 2,trial,31,C,A,0,2896.052,3.33300000000008,2/13/2023 12:00:00 AM,16:02:08.7867643
9062,UTA Session 2,trial,32,E,C,0,2902.904,4.62300000000005,2/13/2023 12:00:00 AM,16:02:16.9281136
9062,UTA Session 2,trial,33,A,D,0,2911.275,6.88200000000006,2/13/2023 12:00:00 AM,16:02:27.5582807
9062,UTA Session 2,trial,34,E,A,0,2921.649,2.6220000000003,2/13/2023 12:00:00 AM,16:02:33.6723515
9062,UTA Session 2,trial,35,C,B,0,2934.073,2.47800000000007,2/13/2023 12:00:00 AM,16:02:45.9522479
9063,UTA Session 2,practice,1,B,C,0,2566.927,34.1799999999998,2/13/2023 12:00:00 AM,16:06:39.8317710
9063,UTA Session 2,practice,2,B,E,0,2636.556,24.366,2/13/2023 12:00:00 AM,16:07:39.6455123
9063,UTA Session 2,practice,3,C,C,1,2662.693,19.2109999999998,2/13/2023 12:00:00 AM,16:08:00.6269153
9063,UTA Session 2,practice,4,A,B,0,2683.745,10.1310000000003,2/13/2023 12:00:00 AM,16:08:12.5992357
9063,UTA Session 2,trial,1,B,B,1,2706.964,18.1640000000002,2/13/2023 12:00:00 AM,16:08:43.8536484
9063,UTA Session 2,trial,2,B,E,0,2728.7,21.4100000000003,2/13/2023 12:00:00 AM,16:09:08.8341075
9063,UTA Session 2,trial,3,C,C,1,2753.399,19.9549999999999,2/13/2023 12:00:00 AM,16:09:32.0795009
9063,UTA Session 2,trial,4,A,B,0,2776.375,18.192,2/13/2023 12:00:00 AM,16:09:53.2913317
9063,UTA Session 2,trial,5,B,B,1,2797.783,10.1210000000001,2/13/2023 12:00:00 AM,16:10:06.6283141
9063,UTA Session 2,trial,6,D,D,1,2811.316,17,2/13/2023 12:00:00 AM,16:10:27.0401677
9063,UTA Session 2,trial,7,B,B,1,2831.557,13.5910000000003,2/13/2023 12:00:00 AM,16:10:43.8718661
9063,UTA Session 2,trial,8,D,A,0,2848.345,8.221,2/13/2023 12:00:00 AM,16:10:55.2906894
9063,UTA Session 2,trial,9,C,D,0,2860.696,26.962,2/13/2023 12:00:00 AM,16:11:26.3821246
9063,UTA Session 2,trial,10,C,D,0,2890.755,9.08099999999968,2/13/2023 12:00:00 AM,16:11:38.5610893
9063,UTA Session 2,trial,11,B,A,0,2902.951,11.8330000000001,2/13/2023 12:00:00 AM,16:11:53.5075722
9063,UTA Session 2,trial,12,E,D,0,2918.175,15.2509999999997,2/13/2023 12:00:00 AM,16:12:12.1505779
9063,UTA Session 2,trial,13,B,D,0,2936.57,7.26699999999983,2/13/2023 12:00:00 AM,16:12:22.5613004
9063,UTA Session 2,trial,14,A,A,1,2946.785,9.98399999999992,2/13/2023 12:00:00 AM,16:12:35.4938238
9063,UTA Session 2,trial,15,E,A,0,2960.075,7.50900000000001,2/13/2023 12:00:00 AM,16:12:46.3084936
9063,UTA Session 2,trial,16,B,D,0,2970.723,17.0709999999999,2/13/2023 12:00:00 AM,16:13:06.5182626
9063,UTA Session 2,trial,17,A,E,0,2990.873,6.68899999999985,2/13/2023 12:00:00 AM,16:13:16.2862564
9063,UTA Session 2,trial,18,D,B,0,3000.53,8.10999999999967,2/13/2023 12:00:00 AM,16:13:27.3647155
9063,UTA Session 2,trial,19,E,E,1,3012.516,6.96799999999985,2/13/2023 12:00:00 AM,16:13:38.2087009
9063,UTA Session 2,trial,20,D,C,0,3022.46,9.1880000000001,2/13/2023 12:00:00 AM,16:13:50.3738219
9063,UTA Session 2,trial,21,A,E,0,3034.39,7.56400000000031,2/13/2023 12:00:00 AM,16:14:00.6789597
9063,UTA Session 2,trial,22,A,B,0,3044.996,12.2109999999998,2/13/2023 12:00:00 AM,16:14:15.9315510
9063,UTA Session 2,trial,23,D,D,1,3060.476,5.57400000000007,2/13/2023 12:00:00 AM,16:14:24.7754617
9063,UTA Session 2,trial,24,D,C,0,3068.905,11.8109999999997,2/13/2023 12:00:00 AM,16:14:39.4409008
9063,UTA Session 2,trial,25,E,B,0,3084.027,5.47499999999991,2/13/2023 12:00:00 AM,16:14:48.2270874
9063,UTA Session 2,trial,26,D,C,0,3092.481,11.6029999999996,2/13/2023 12:00:00 AM,16:15:02.8088511
9063,UTA Session 2,trial,27,E,B,0,3107.322,11.7329999999997,2/13/2023 12:00:00 AM,16:15:17.7801069
9063,UTA Session 2,trial,28,C,B,0,3122.165,10.6089999999999,2/13/2023 12:00:00 AM,16:15:31.4991754
9063,UTA Session 2,trial,29,C,C,1,3136.092,11.0059999999999,2/13/2023 12:00:00 AM,16:15:45.8236643
9063,UTA Session 2,trial,30,D,B,0,3150.174,6.00199999999995,2/13/2023 12:00:00 AM,16:15:54.9010483
9067,UTA Session 2,practice,1,B,B,1,2082.352,17.2429999999999,2/14/2023 12:00:00 AM,09:58:10.9826909
9067,UTA Session 2,practice,2,B,B,1,2128.579,7.80299999999988,2/14/2023 12:00:00 AM,09:58:47.7688975
9067,UTA Session 2,practice,3,C,C,1,2137.671,4.70700000000033,2/14/2023 12:00:00 AM,09:58:53.7644962
9067,UTA Session 2,practice,4,A,A,1,2143.53,3.32999999999993,2/14/2023 12:00:00 AM,09:58:58.2468731
9067,UTA Session 2,trial,1,B,A,0,2154.387,6.78499999999985,2/14/2023 12:00:00 AM,09:59:12.5604126
9067,UTA Session 2,trial,2,B,B,1,2164.814,5.51999999999998,2/14/2023 12:00:00 AM,09:59:21.7215317
9067,UTA Session 2,trial,3,C,B,0,2173.1,6.19000000000005,2/14/2023 12:00:00 AM,09:59:30.6774020
9067,UTA Session 2,trial,4,A,A,1,2182.529,5.36099999999988,2/14/2023 12:00:00 AM,09:59:39.2767435
9067,UTA Session 2,trial,5,B,B,1,2190.713,6.7819999999997,2/14/2023 12:00:00 AM,09:59:48.8820264
9067,UTA Session 2,trial,6,D,D,1,2200.428,8.01200000000017,2/14/2023 12:00:00 AM,09:59:59.8273204
9067,UTA Session 2,trial,7,B,B,1,2211.351,5.15900000000011,2/14/2023 12:00:00 AM,10:00:07.8969378
9067,UTA Session 2,trial,8,D,A,0,2219.231,5.57899999999972,2/14/2023 12:00:00 AM,10:00:16.1974145
9067,UTA Session 2,trial,9,C,C,1,2228.322,6.20599999999968,2/14/2023 12:00:00 AM,10:00:25.9156579
9067,UTA Session 2,trial,10,C,A,0,2237.397,4.95100000000002,2/14/2023 12:00:00 AM,10:00:33.7354451
9067,UTA Session 2,trial,11,B,E,0,2245.14,5.76000000000022,2/14/2023 12:00:00 AM,10:00:42.2872534
9067,UTA Session 2,trial,12,E,B,0,2253.645,5.51299999999992,2/14/2023 12:00:00 AM,10:00:50.5450140
9067,UTA Session 2,trial,13,B,B,1,2262.846,7.22200000000021,2/14/2023 12:00:00 AM,10:01:01.4558986
9067,UTA Session 2,trial,14,A,A,1,2272.919,2.88300000000027,2/14/2023 12:00:00 AM,10:01:07.1895836
9067,UTA Session 2,trial,15,E,A,0,2278.599,5.92699999999968,2/14/2023 12:00:00 AM,10:01:15.9136452
9067,UTA Session 2,trial,16,B,B,1,2287.82,6.21799999999985,2/14/2023 12:00:00 AM,10:01:25.4256449
9067,UTA Session 2,trial,17,A,A,1,2297.152,4.42000000000007,2/14/2023 12:00:00 AM,10:01:32.9593935
9067,UTA Session 2,trial,18,D,D,1,2304.299,7.26900000000023,2/14/2023 12:00:00 AM,10:01:42.9555677
9067,UTA Session 2,trial,19,E,D,0,2314.578,3.79599999999982,2/14/2023 12:00:00 AM,10:01:49.7613677
9067,UTA Session 2,trial,20,D,B,0,2321.829,4.73699999999963,2/14/2023 12:00:00 AM,10:01:57.9535582
9067,UTA Session 2,trial,21,A,A,1,2329.491,5.61099999999988,2/14/2023 12:00:00 AM,10:02:06.4891308
9067,UTA Session 2,trial,22,A,A,1,2337.863,6.8090000000002,2/14/2023 12:00:00 AM,10:02:16.0592227
9067,UTA Session 2,trial,23,D,E,0,2347.385,4.279,2/14/2023 12:00:00 AM,10:02:23.0516224
9067,UTA Session 2,trial,24,D,D,1,2354.25,4.09000000000015,2/14/2023 12:00:00 AM,10:02:29.7273095
9067,UTA Session 2,trial,25,E,D,0,2361.092,7.14199999999983,2/14/2023 12:00:00 AM,10:02:39.6215578
9067,UTA Session 2,trial,26,D,D,1,2371.144,3.72600000000011,2/14/2023 12:00:00 AM,10:02:46.2573174
9067,UTA Session 2,trial,27,E,E,1,2377.464,7.4079999999999,2/14/2023 12:00:00 AM,10:02:56.2595685
9067,UTA Session 2,trial,28,C,B,0,2387.493,5.06500000000005,2/14/2023 12:00:00 AM,10:03:03.9453034
9067,UTA Session 2,trial,29,C,A,0,2395.792,4.3420000000001,2/14/2023 12:00:00 AM,10:03:11.5213167
9067,UTA Session 2,trial,30,D,D,1,2403.562,7.24000000000024,2/14/2023 12:00:00 AM,10:03:22.1896258
9067,UTA Session 2,trial,31,C,D,0,2413.458,4.27799999999979,2/14/2023 12:00:00 AM,10:03:29.1233327
9067,UTA Session 2,trial,32,E,E,1,2420.222,5.83799999999974,2/14/2023 12:00:00 AM,10:03:37.4474472
9067,UTA Session 2,trial,33,A,A,1,2429.057,7.97700000000032,2/14/2023 12:00:00 AM,10:03:48.4212336
9067,UTA Session 2,trial,34,E,E,1,2439.678,3.88200000000006,2/14/2023 12:00:00 AM,10:03:54.9473827
9067,UTA Session 2,trial,35,C,C,1,2446.191,7.36700000000019,2/14/2023 12:00:00 AM,10:04:04.9451410
9066,UTA Session 2,practice,1,B,B,1,2764.899,26.6370000000002,2/14/2023 12:00:00 AM,10:07:57.0658159
9066,UTA Session 2,practice,2,B,B,1,2849.874,26.5140000000001,2/14/2023 12:00:00 AM,10:09:21.9155453
9066,UTA Session 2,practice,3,C,C,1,2878.716,5.96599999999989,2/14/2023 12:00:00 AM,10:09:30.2097061
9066,UTA Session 2,practice,4,A,A,1,2886.046,3.41900000000032,2/14/2023 12:00:00 AM,10:09:34.9941644
9066,UTA Session 2,trial,1,B,C,0,2906.928,14.3760000000002,2/14/2023 12:00:00 AM,10:10:06.8346767
9066,UTA Session 2,trial,2,B,B,1,2928.383,10.2860000000001,2/14/2023 12:00:00 AM,10:10:24.1984915
9066,UTA Session 2,trial,3,C,A,0,2941.738,10.3740000000003,2/14/2023 12:00:00 AM,10:10:37.6414631
9066,UTA Session 2,trial,4,A,A,1,2955.643,8.2170000000001,2/14/2023 12:00:00 AM,10:10:49.3889318
9066,UTA Session 2,trial,5,B,A,0,2966.804,12.502,2/14/2023 12:00:00 AM,10:11:04.8365239
9066,UTA Session 2,trial,6,D,E,0,2987.767,30.2910000000002,2/14/2023 12:00:00 AM,10:11:43.5877739
9066,UTA Session 2,trial,7,B,D,0,3021.353,19.623,2/14/2023 12:00:00 AM,10:12:06.5052534
9066,UTA Session 2,trial,8,D,A,0,3045.618,37.7780000000002,2/14/2023 12:00:00 AM,10:12:48.9257290
9066,UTA Session 2,trial,9,C,C,1,3086.838,9.40999999999985,2/14/2023 12:00:00 AM,10:13:01.7787573
9066,UTA Session 2,trial,10,C,A,0,3099.232,5.35399999999981,2/14/2023 12:00:00 AM,10:13:10.1165149
9066,UTA Session 2,trial,11,B,B,1,3112.807,12.297,2/14/2023 12:00:00 AM,10:13:30.6345620
9066,UTA Session 2,trial,12,E,C,0,3128.138,16.0239999999999,2/14/2023 12:00:00 AM,10:13:49.6930757
9066,UTA Session 2,trial,13,B,B,1,3150.593,10.2670000000003,2/14/2023 12:00:00 AM,10:14:06.3904023
9066,UTA Session 2,trial,14,A,A,1,3163.759,4.48700000000008,2/14/2023 12:00:00 AM,10:14:13.7767594
9066,UTA Session 2,trial,15,E,E,1,3171.234,11.8360000000002,2/14/2023 12:00:00 AM,10:14:28.6011957
9066,UTA Session 2,trial,16,B,B,1,3186.075,13.0370000000003,2/14/2023 12:00:00 AM,10:14:44.6431645
9066,UTA Session 2,trial,17,A,A,1,3202.168,5.45399999999972,2/14/2023 12:00:00 AM,10:14:53.1537370
9066,UTA Session 2,trial,18,D,B,0,3210.737,5.58899999999994,2/14/2023 12:00:00 AM,10:15:01.8572256
9066,UTA Session 2,trial,19,E,E,1,3220.287,10.1550000000002,2/14/2023 12:00:00 AM,10:15:15.9729478
9066,UTA Session 2,trial,20,D,D,1,3234.047,20.5729999999999,2/14/2023 12:00:00 AM,10:15:40.1510648
9066,UTA Session 2,trial,21,A,A,1,3257.428,12.6460000000002,2/14/2023 12:00:00 AM,10:15:55.6055857
9066,UTA Session 2,trial,22,A,A,1,3273.224,9.33399999999983,2/14/2023 12:00:00 AM,10:16:08.0895286
9066,UTA Session 2,trial,23,D,D,1,3285.498,7.13999999999987,2/14/2023 12:00:00 AM,10:16:18.1695980
9066,UTA Session 2,trial,24,D,E,0,3295.348,7.14199999999983,2/14/2023 12:00:00 AM,10:16:28.0208483
9066,UTA Session 2,trial,25,E,D,0,3305.492,9.02599999999984,2/14/2023 12:00:00 AM,10:16:40.0495861
9066,UTA Session 2,trial,26,D,B,0,3317.416,9.93399999999974,2/14/2023 12:00:00 AM,10:16:52.8817239
9066,UTA Session 2,trial,27,E,E,1,3330.336,15.3220000000001,2/14/2023 12:00:00 AM,10:17:11.1894304
9066,UTA Session 2,trial,28,C,E,0,3348.591,5.87300000000005,2/14/2023 12:00:00 AM,10:17:19.9955370
9065,UTA Session 2,practice,1,B,A,0,3284.517,17.8070000000002,2/14/2023 12:00:00 AM,10:18:13.7225411
9065,UTA Session 2,practice,2,B,B,1,3402.887,12.018,2/14/2023 12:00:00 AM,10:20:06.3027014
9065,UTA Session 2,practice,3,C,C,1,3426.651,5.25199999999995,2/14/2023 12:00:00 AM,10:20:23.3003246
9065,UTA Session 2,practice,4,A,A,1,3433.474,4.42599999999993,2/14/2023 12:00:00 AM,10:20:29.2968974
9065,UTA Session 2,trial,1,B,B,1,3492.373,7.94700000000012,2/14/2023 12:00:00 AM,10:21:31.7188973
9065,UTA Session 2,trial,2,B,B,1,3503.467,9.79099999999971,2/14/2023 12:00:00 AM,10:21:44.6557122
9065,UTA Session 2,trial,3,C,C,1,3516.532,8.14199999999983,2/14/2023 12:00:00 AM,10:21:56.0714083
9065,UTA Session 2,trial,4,A,A,1,3527.695,4.21599999999989,2/14/2023 12:00:00 AM,10:22:03.3085347
9065,UTA Session 2,trial,5,B,B,1,3535.304,10.2219999999998,2/14/2023 12:00:00 AM,10:22:16.9220154
9065,UTA Session 2,trial,6,D,A,0,3548.635,9.31099999999969,2/14/2023 12:00:00 AM,10:22:29.3422624
9065,UTA Session 2,trial,7,B,B,1,3561.14,16.6089999999999,2/14/2023 12:00:00 AM,10:22:49.1450910
9065,UTA Session 2,trial,8,D,D,1,3580.71,7.04599999999982,2/14/2023 12:00:00 AM,10:22:59.1517985
9065,UTA Session 2,trial,9,C,C,1,3590.466,15.703,2/14/2023 12:00:00 AM,10:23:17.5643948
9065,UTA Session 2,trial,10,C,A,0,3609.056,7.38400000000001,2/14/2023 12:00:00 AM,10:23:27.8344219
9065,UTA Session 2,trial,11,B,B,1,3620.916,7.96799999999985,2/14/2023 12:00:00 AM,10:23:40.2781693
9065,UTA Session 2,trial,12,E,A,0,3632.018,2.84400000000005,2/14/2023 12:00:00 AM,10:23:46.2554500
9065,UTA Session 2,trial,13,B,B,1,3637.807,7.38300000000027,2/14/2023 12:00:00 AM,10:23:56.5834324
9065,UTA Session 2,trial,14,A,A,1,3647.925,8.51599999999962,2/14/2023 12:00:00 AM,10:24:07.8342984
9065,UTA Session 2,trial,15,E,E,1,3659.359,6.96100000000024,2/14/2023 12:00:00 AM,10:24:17.7125771
9065,UTA Session 2,trial,16,B,B,1,3668.848,7.42200000000003,2/14/2023 12:00:00 AM,10:24:27.6625213
9065,UTA Session 2,trial,17,A,A,1,3679.324,3.22499999999991,2/14/2023 12:00:00 AM,10:24:33.9421647
9065,UTA Session 2,trial,18,D,D,1,3685.589,2.98100000000022,2/14/2023 12:00:00 AM,10:24:39.9614916
9065,UTA Session 2,trial,19,E,C,0,3691.182,6.51400000000012,2/14/2023 12:00:00 AM,10:24:49.0873707
9065,UTA Session 2,trial,20,D,D,1,3700.806,11.614,2/14/2023 12:00:00 AM,10:25:03.8108161
9065,UTA Session 2,trial,21,A,A,1,3715.046,5.87000000000035,2/14/2023 12:00:00 AM,10:25:12.3074006
9065,UTA Session 2,trial,22,A,A,1,3724.4,4.09400000000005,2/14/2023 12:00:00 AM,10:25:19.8852820
9065,UTA Session 2,trial,23,D,D,1,3731.574,7.79599999999982,2/14/2023 12:00:00 AM,10:25:30.7603981
9065,UTA Session 2,trial,24,D,A,0,3742.204,6.29199999999992,2/14/2023 12:00:00 AM,10:25:39.8862673
9065,UTA Session 2,trial,25,E,A,0,3751.561,21.2190000000001,2/14/2023 12:00:00 AM,10:26:04.1703633
9065,UTA Session 2,trial,26,D,A,0,3775.629,5.77100000000019,2/14/2023 12:00:00 AM,10:26:12.7890694
9065,UTA Session 2,trial,27,E,E,1,3784.697,5.46099999999979,2/14/2023 12:00:00 AM,10:26:21.5473448
9065,UTA Session 2,trial,28,C,C,1,3792.774,3.904,2/14/2023 12:00:00 AM,10:26:28.0669422
9065,UTA Session 2,trial,29,C,A,0,3799.465,3.71499999999969,2/14/2023 12:00:00 AM,10:26:34.5689041
9065,UTA Session 2,trial,30,D,D,1,3807.021,5.30499999999984,2/14/2023 12:00:00 AM,10:26:43.7141592
9065,UTA Session 2,trial,31,C,C,1,3815.053,8.41499999999996,2/14/2023 12:00:00 AM,10:26:54.8561927
9065,UTA Session 2,trial,32,E,E,1,3826.237,5.34099999999989,2/14/2023 12:00:00 AM,10:27:02.9664014
9065,UTA Session 2,trial,33,A,B,0,3834.184,4.44200000000001,2/14/2023 12:00:00 AM,10:27:10.0141281
9065,UTA Session 2,trial,34,E,A,0,3841.616,2.80799999999999,2/14/2023 12:00:00 AM,10:27:15.8117986
9065,UTA Session 2,trial,35,C,E,0,3853.738,8.48900000000003,2/14/2023 12:00:00 AM,10:27:33.6145238
9068,UTA Session 2,practice,1,B,B,1,2833.634,10.5720000000001,2/14/2023 12:00:00 AM,13:16:42.7379256
9068,UTA Session 2,practice,2,B,A,0,2870.259,7.02399999999989,2/14/2023 12:00:00 AM,13:17:15.8111323
9068,UTA Session 2,practice,3,C,E,0,2882.798,11.4960000000001,2/14/2023 12:00:00 AM,13:17:32.8225632
9068,UTA Session 2,practice,4,A,A,1,2901.778,5.54600000000028,2/14/2023 12:00:00 AM,13:17:45.8523463
9068,UTA Session 2,trial,1,B,A,0,2921.095,5.57200000000012,2/14/2023 12:00:00 AM,13:18:05.1968150
9068,UTA Session 2,trial,2,B,A,0,2931.845,9.39499999999998,2/14/2023 12:00:00 AM,13:18:19.7680222
9068,UTA Session 2,trial,3,C,C,1,2944.423,4.18000000000029,2/14/2023 12:00:00 AM,13:18:27.1302187
9068,UTA Session 2,trial,4,A,A,1,2951.916,13.924,2/14/2023 12:00:00 AM,13:18:44.3674050
9068,UTA Session 2,trial,5,B,E,0,2968.708,4.82099999999991,2/14/2023 12:00:00 AM,13:18:52.0563473
9068,UTA Session 2,trial,6,D,C,0,3010.726,3.63699999999972,2/14/2023 12:00:00 AM,13:19:32.8884332
9068,UTA Session 2,trial,7,B,C,0,3018.425,8.00599999999986,2/14/2023 12:00:00 AM,13:19:44.9559931
9068,UTA Session 2,trial,8,D,E,0,3031.674,6.65700000000015,2/14/2023 12:00:00 AM,13:19:56.8560048
9068,UTA Session 2,trial,9,C,B,0,3041.282,4.32299999999987,2/14/2023 12:00:00 AM,13:20:04.1291825
9068,UTA Session 2,trial,10,C,A,0,3048.679,8.17999999999984,2/14/2023 12:00:00 AM,13:20:15.3828996
9068,UTA Session 2,trial,11,B,E,0,3060.684,12.5709999999999,2/14/2023 12:00:00 AM,13:20:31.7787852
9068,UTA Session 2,trial,12,E,B,0,3076.82,5.41300000000001,2/14/2023 12:00:00 AM,13:20:40.7567334
9068,UTA Session 2,trial,13,B,C,0,3085.489,6.50399999999991,2/14/2023 12:00:00 AM,13:20:50.5166630
9068,UTA Session 2,trial,14,A,E,0,3095.061,4.97599999999966,2/14/2023 12:00:00 AM,13:20:58.5600313
9068,UTA Session 2,trial,15,E,D,0,3102.859,4.90599999999995,2/14/2023 12:00:00 AM,13:21:06.2884765
9068,UTA Session 2,trial,16,B,D,0,3110.461,8.58400000000029,2/14/2023 12:00:00 AM,13:21:17.5675017
9068,UTA Session 2,trial,17,A,A,1,3122.28,6.33499999999958,2/14/2023 12:00:00 AM,13:21:27.1375946
9068,UTA Session 2,trial,18,D,B,0,3132.033,4.95000000000027,2/14/2023 12:00:00 AM,13:21:35.5058474
9068,UTA Session 2,trial,19,E,E,1,3140.42,5.70299999999997,2/14/2023 12:00:00 AM,13:21:44.6459592
9068,UTA Session 2,trial,20,D,D,1,3148.917,4.80600000000004,2/14/2023 12:00:00 AM,13:21:52.2456973
9068,UTA Session 2,trial,21,A,A,1,3156.533,4.83800000000019,2/14/2023 12:00:00 AM,13:21:59.8931919
9068,UTA Session 2,trial,22,A,B,0,3164.72,9.34500000000025,2/14/2023 12:00:00 AM,13:22:12.5864579
9068,UTA Session 2,trial,23,D,D,1,3177.251,5.66599999999971,2/14/2023 12:00:00 AM,13:22:21.4394812
9068,UTA Session 2,trial,24,D,E,0,3185.728,6.52500000000009,2/14/2023 12:00:00 AM,13:22:30.7751669
9068,UTA Session 2,trial,25,E,B,0,3195.27,5.39899999999989,2/14/2023 12:00:00 AM,13:22:39.1907177
9068,UTA Session 2,trial,26,D,C,0,3203.756,3.55500000000029,2/14/2023 12:00:00 AM,13:22:45.8336308
9068,UTA Session 2,trial,27,E,A,0,3210.51,1.90899999999965,2/14/2023 12:00:00 AM,13:22:50.9398119
9068,UTA Session 2,trial,28,C,C,1,3215.753,0.786000000000058,2/14/2023 12:00:00 AM,13:22:55.0603684
9068,UTA Session 2,trial,29,C,B,0,3219.241,0.922000000000025,2/14/2023 12:00:00 AM,13:22:58.6846755
9068,UTA Session 2,trial,30,D,D,1,3222.91,0.802000000000135,2/14/2023 12:00:00 AM,13:23:02.2333523
9068,UTA Session 2,trial,31,C,A,0,3226.992,8.27399999999989,2/14/2023 12:00:00 AM,13:23:13.7869655
9068,UTA Session 2,trial,32,E,B,0,3238.219,0.623999999999796,2/14/2023 12:00:00 AM,13:23:17.3633685
9068,UTA Session 2,trial,33,A,C,0,3241.653,1.14800000000014,2/14/2023 12:00:00 AM,13:23:21.3219781
9068,UTA Session 2,trial,34,E,B,0,3245.507,0.643999999999778,2/14/2023 12:00:00 AM,13:23:24.6716308
9068,UTA Session 2,trial,35,C,D,0,3248.859,1.23800000000028,2/14/2023 12:00:00 AM,13:23:28.6170650
9069,UTA Session 2,practice,1,B,D,0,2668.445,23.2109999999998,2/14/2023 12:00:00 AM,13:13:46.3724592
9069,UTA Session 2,practice,2,B,E,0,2757.565,17.3069999999998,2/14/2023 12:00:00 AM,13:15:09.5876934
9069,UTA Session 2,practice,3,C,E,0,2782.493,5.92300000000023,2/14/2023 12:00:00 AM,13:15:23.1317548
9069,UTA Session 2,practice,4,A,A,1,2796.309,4.11299999999983,2/14/2023 12:00:00 AM,13:15:35.1379007
9069,UTA Session 2,trial,1,B,E,0,2822.826,17.2460000000001,2/14/2023 12:00:00 AM,13:16:14.7892137
9069,UTA Session 2,trial,2,B,E,0,2845.112,12.7739999999999,2/14/2023 12:00:00 AM,13:16:32.6019380
9069,UTA Session 2,trial,3,C,C,1,2861.546,53.404,2/14/2023 12:00:00 AM,13:17:29.6672067
9069,UTA Session 2,trial,4,A,B,0,2918.514,8.80799999999999,2/14/2023 12:00:00 AM,13:17:42.0384988
9069,UTA Session 2,trial,5,B,B,1,2931.682,20.0620000000004,2/14/2023 12:00:00 AM,13:18:06.4602525
9069,UTA Session 2,trial,6,D,D,1,2955.707,70.018,2/14/2023 12:00:00 AM,13:19:20.4428908
9069,UTA Session 2,trial,7,B,D,0,3028.74,6.23000000000002,2/14/2023 12:00:00 AM,13:19:29.6865190
9069,UTA Session 2,trial,8,D,D,1,3040.886,6.94200000000001,2/14/2023 12:00:00 AM,13:19:42.5449115
9069,UTA Session 2,trial,9,C,B,0,3051.414,43.5059999999999,2/14/2023 12:00:00 AM,13:20:29.6374048
9069,UTA Session 2,trial,10,C,D,0,3098.581,10.8069999999998,2/14/2023 12:00:00 AM,13:20:44.1044191
9069,UTA Session 2,trial,11,B,E,0,3113.532,11.9919999999997,2/14/2023 12:00:00 AM,13:21:00.2415180
9069,UTA Session 2,trial,12,E,A,0,3130.526,20.23,2/14/2023 12:00:00 AM,13:21:25.4736976
9069,UTA Session 2,trial,13,B,D,0,3154.52,49.136,2/14/2023 12:00:00 AM,13:22:18.3731154
9069,UTA Session 2,trial,14,A,A,1,3208.976,6.61799999999994,2/14/2023 12:00:00 AM,13:22:30.3117685
9069,UTA Session 2,trial,15,E,E,1,3219.336,16.0720000000001,2/14/2023 12:00:00 AM,13:22:50.1257892
9069,UTA Session 2,trial,16,B,A,0,3239.008,27.0680000000002,2/14/2023 12:00:00 AM,13:23:20.7947535
9069,UTA Session 2,trial,17,A,C,0,3269.613,9.44500000000016,2/14/2023 12:00:00 AM,13:23:33.7754978
9070,UTA Session 2,practice,1,B,B,1,3258.857,23.0529999999999,2/14/2023 12:00:00 AM,13:24:22.8200380
9070,UTA Session 2,practice,2,B,B,1,3295.179,8.28699999999981,2/14/2023 12:00:00 AM,13:24:44.3744751
9070,UTA Session 2,practice,3,C,C,1,3305.136,15.6170000000002,2/14/2023 12:00:00 AM,13:25:01.6616695
9070,UTA Session 2,practice,4,A,A,1,3322.206,6.7829999999999,2/14/2023 12:00:00 AM,13:25:09.8978768
9070,UTA Session 2,trial,1,B,A,0,3343.348,8.37899999999991,2/14/2023 12:00:00 AM,13:25:32.6369263
9070,UTA Session 2,trial,2,B,A,0,3362.448,3.471,2/14/2023 12:00:00 AM,13:25:46.8280413
9070,UTA Session 2,trial,3,C,C,1,3369.078,6.74600000000009,2/14/2023 12:00:00 AM,13:25:56.7327823
9070,UTA Session 2,trial,4,A,A,1,3378.777,16.5879999999997,2/14/2023 12:00:00 AM,13:26:16.2742953
9070,UTA Session 2,trial,5,B,E,0,3398.324,10.9829999999997,2/14/2023 12:00:00 AM,13:26:30.2163996
9070,UTA Session 2,trial,6,D,A,0,3412.309,12.3719999999998,2/14/2023 12:00:00 AM,13:26:45.5904859
9070,UTA Session 2,trial,7,B,D,0,3427.863,6.28999999999996,2/14/2023 12:00:00 AM,13:26:55.0619228
9070,UTA Session 2,trial,8,D,E,0,3436.853,10.8299999999999,2/14/2023 12:00:00 AM,13:27:08.5924060
9070,UTA Session 2,trial,9,C,B,0,3450.431,7.4409999999998,2/14/2023 12:00:00 AM,13:27:18.7801268
9070,UTA Session 2,trial,10,C,C,1,3460.766,5.18100000000004,2/14/2023 12:00:00 AM,13:27:26.8568177
9070,UTA Session 2,trial,11,B,B,1,3468.86,8.02500000000009,2/14/2023 12:00:00 AM,13:27:37.7940550
9070,UTA Session 2,trial,12,E,B,0,3479.866,11.489,2/14/2023 12:00:00 AM,13:27:52.2646313
9070,UTA Session 2,trial,13,B,B,1,3494.106,6.81299999999965,2/14/2023 12:00:00 AM,13:28:01.8287074
9070,UTA Session 2,trial,14,A,E,0,3504.219,8.36099999999988,2/14/2023 12:00:00 AM,13:28:13.4883158
9070,UTA Session 2,trial,15,E,A,0,3515.275,5.17999999999984,2/14/2023 12:00:00 AM,13:28:21.3641126
9070,UTA Session 2,trial,16,B,E,0,3523.494,4.44299999999976,2/14/2023 12:00:00 AM,13:28:28.8454497
9070,UTA Session 2,trial,17,A,A,1,3530.9,6.02999999999975,2/14/2023 12:00:00 AM,13:28:37.8387341
9070,UTA Session 2,trial,18,D,B,0,3539.781,10.9589999999998,2/14/2023 12:00:00 AM,13:28:51.6497901
9070,UTA Session 2,trial,19,E,E,1,3553.601,9.57799999999997,2/14/2023 12:00:00 AM,13:29:04.0882483
9070,UTA Session 2,trial,20,D,E,0,3566.198,5.72200000000021,2/14/2023 12:00:00 AM,13:29:12.8290854
9070,UTA Session 2,trial,21,A,E,0,3574.612,15.431,2/14/2023 12:00:00 AM,13:29:30.9519142
9070,UTA Session 2,trial,22,A,B,0,3593.082,3.97400000000016,2/14/2023 12:00:00 AM,13:29:37.9646647
9070,UTA Session 2,trial,23,D,D,1,3600.321,5.596,2/14/2023 12:00:00 AM,13:29:46.8265639
9070,UTA Session 2,trial,24,D,D,1,3608.97,7.35100000000011,2/14/2023 12:00:00 AM,13:29:57.2308199
9070,UTA Session 2,trial,25,E,D,0,3619.033,7.98199999999997,2/14/2023 12:00:00 AM,13:30:07.9242096
9070,UTA Session 2,trial,26,D,B,0,3629.999,14.538,2/14/2023 12:00:00 AM,13:30:25.4470433
9070,UTA Session 2,trial,27,E,B,0,3647.506,6.04300000000012,2/14/2023 12:00:00 AM,13:30:34.4580368
9070,UTA Session 2,trial,28,C,C,1,3656.95,4.54500000000007,2/14/2023 12:00:00 AM,13:30:42.4043962
9070,UTA Session 2,trial,29,C,B,0,3664.471,4.46599999999989,2/14/2023 12:00:00 AM,13:30:49.8464009
9070,UTA Session 2,trial,30,D,D,1,3671.91,4.41499999999996,2/14/2023 12:00:00 AM,13:30:57.2352236
9070,UTA Session 2,trial,31,C,A,0,3679.176,3.71100000000024,2/14/2023 12:00:00 AM,13:31:03.7976804
9070,UTA Session 2,trial,32,E,E,1,3686.039,4.80599999999959,2/14/2023 12:00:00 AM,13:31:11.7548887
9070,UTA Session 2,trial,33,A,D,0,3693.622,10.5680000000002,2/14/2023 12:00:00 AM,13:31:25.0994200
9070,UTA Session 2,trial,34,E,A,0,3707.405,6.85299999999961,2/14/2023 12:00:00 AM,13:31:35.1673604
9070,UTA Session 2,trial,35,C,D,0,3721.163,6.60599999999977,2/14/2023 12:00:00 AM,13:31:48.6793283
9072,UTA Session 2,practice,1,B,A,0,2170.925,20.3389999999999,2/14/2023 12:00:00 AM,16:16:40.1771410
9072,UTA Session 2,practice,2,B,B,1,2275.839,13.2930000000001,2/14/2023 12:00:00 AM,16:18:18.0441022
9072,UTA Session 2,practice,3,C,C,1,2290.893,12.5830000000001,2/14/2023 12:00:00 AM,16:18:32.3880555
9072,UTA Session 2,practice,4,A,E,0,2306.345,23.0510000000004,2/14/2023 12:00:00 AM,16:18:58.3076466
9072,UTA Session 2,trial,1,B,A,0,2343.6,5.2180000000003,2/14/2023 12:00:00 AM,16:19:17.7320500
9072,UTA Session 2,trial,2,B,B,1,2354.117,5.06299999999965,2/14/2023 12:00:00 AM,16:19:28.0919986
9072,UTA Session 2,trial,3,C,A,0,2362.648,10.2799999999997,2/14/2023 12:00:00 AM,16:19:41.8409169
9072,UTA Session 2,trial,4,A,E,0,2377.24,9.55100000000039,2/14/2023 12:00:00 AM,16:19:55.7042146
9072,UTA Session 2,trial,5,B,B,1,2389.713,2.13299999999981,2/14/2023 12:00:00 AM,16:20:00.7595587
9072,UTA Session 2,trial,6,D,C,0,2394.768,2.23799999999983,2/14/2023 12:00:00 AM,16:20:05.9187531
9072,UTA Session 2,trial,7,B,B,1,2399.759,2.72899999999981,2/14/2023 12:00:00 AM,16:20:11.4009118
9072,UTA Session 2,trial,8,D,D,1,2405.495,2.9369999999999,2/14/2023 12:00:00 AM,16:20:17.3441966
9072,UTA Session 2,trial,9,C,C,1,2411.265,8.54600000000028,2/14/2023 12:00:00 AM,16:20:28.7240819
9072,UTA Session 2,trial,10,C,B,0,2422.933,6.23100000000022,2/14/2023 12:00:00 AM,16:20:38.0765631
9072,UTA Session 2,trial,11,B,C,0,2432.259,4.92900000000009,2/14/2023 12:00:00 AM,16:20:46.1012434
9072,UTA Session 2,trial,12,E,C,0,2439.966,6.03800000000001,2/14/2023 12:00:00 AM,16:20:54.9166203
9072,UTA Session 2,trial,13,B,E,0,2448.853,6.28400000000011,2/14/2023 12:00:00 AM,16:21:04.0495434
9072,UTA Session 2,trial,14,A,A,1,2458.078,3.59999999999991,2/14/2023 12:00:00 AM,16:21:10.5911610
9072,UTA Session 2,trial,15,E,A,0,2464.697,7.72199999999975,2/14/2023 12:00:00 AM,16:21:21.3324534
9072,UTA Session 2,trial,16,B,C,0,2475.417,12.1890000000003,2/14/2023 12:00:00 AM,16:21:36.5185198
9072,UTA Session 2,trial,17,A,B,0,2491.322,10.9539999999997,2/14/2023 12:00:00 AM,16:21:51.1890393
9072,UTA Session 2,trial,18,D,D,1,2505.955,3.34900000000016,2/14/2023 12:00:00 AM,16:21:58.2168256
9072,UTA Session 2,trial,19,E,A,0,2512.356,13.5999999999999,2/14/2023 12:00:00 AM,16:22:14.8696914
9072,UTA Session 2,trial,20,D,A,0,2528.977,5.69100000000026,2/14/2023 12:00:00 AM,16:22:23.5810791
9072,UTA Session 2,trial,21,A,C,0,2537.575,7.7470000000003,2/14/2023 12:00:00 AM,16:22:34.2343940
9072,UTA Session 2,trial,22,A,D,0,2548.224,3.98799999999983,2/14/2023 12:00:00 AM,16:22:41.1257314
9072,UTA Session 2,trial,23,D,E,0,2555.007,7.08100000000013,2/14/2023 12:00:00 AM,16:22:51.0017736
9072,UTA Session 2,trial,24,D,D,1,2565.054,5.77999999999975,2/14/2023 12:00:00 AM,16:22:59.7483778
9072,UTA Session 2,trial,25,E,E,1,2573.789,23.5929999999998,2/14/2023 12:00:00 AM,16:23:26.2965823
9072,UTA Session 2,trial,26,D,B,0,2600.591,7.74900000000025,2/14/2023 12:00:00 AM,16:23:37.2542676
9072,UTA Session 2,trial,27,E,B,0,2613.02,5.8119999999999,2/14/2023 12:00:00 AM,16:23:47.7464745
9072,UTA Session 2,trial,28,C,C,1,2621.956,5.69599999999991,2/14/2023 12:00:00 AM,16:23:56.5668287
9072,UTA Session 2,trial,29,C,A,0,2631.188,11.6979999999999,2/14/2023 12:00:00 AM,16:24:11.8016047
9072,UTA Session 2,trial,30,D,E,0,2646.234,2.71900000000005,2/14/2023 12:00:00 AM,16:24:17.8671984
9072,UTA Session 2,trial,31,C,B,0,2651.896,2.92200000000003,2/14/2023 12:00:00 AM,16:24:23.7331846
9072,UTA Session 2,trial,32,E,E,1,2657.889,4.221,2/14/2023 12:00:00 AM,16:24:31.0256919
9072,UTA Session 2,trial,33,A,D,0,2665.124,5.86400000000003,2/14/2023 12:00:00 AM,16:24:39.9038845
9072,UTA Session 2,trial,34,E,D,0,2673.907,10.873,2/14/2023 12:00:00 AM,16:24:53.6954602
9072,UTA Session 2,trial,35,C,E,0,2688,5.61400000000003,2/14/2023 12:00:00 AM,16:25:02.5291429
9073,UTA Session 2,practice,1,B,B,1,2390.184,21.8499999999999,2/14/2023 12:00:00 AM,16:23:07.9717660
9073,UTA Session 2,practice,2,B,D,0,2428.006,8.60400000000027,2/14/2023 12:00:00 AM,16:23:32.5456753
9073,UTA Session 2,practice,3,C,B,0,2442.566,8.00400000000036,2/14/2023 12:00:00 AM,16:23:46.5050457
9073,UTA Session 2,practice,4,A,E,0,2455.264,8.80400000000009,2/14/2023 12:00:00 AM,16:24:00.0044075
9073,UTA Session 2,trial,1,B,E,0,2484.159,9.83300000000008,2/14/2023 12:00:00 AM,16:24:29.9294739
9073,UTA Session 2,trial,2,B,E,0,2499.222,3.26599999999962,2/14/2023 12:00:00 AM,16:24:38.4241354
9073,UTA Session 2,trial,3,C,D,0,2506.31,5.39600000000019,2/14/2023 12:00:00 AM,16:24:47.6416556
9073,UTA Session 2,trial,4,A,A,1,2514.96,9.41199999999981,2/14/2023 12:00:00 AM,16:25:00.3084105
9073,UTA Session 2,trial,5,B,E,0,2527.887,6.81899999999996,2/14/2023 12:00:00 AM,16:25:10.6428097
9073,UTA Session 2,trial,6,D,D,1,2537.814,8.95600000000013,2/14/2023 12:00:00 AM,16:25:22.7064604
9073,UTA Session 2,trial,7,B,B,1,2550.771,24.4929999999999,2/14/2023 12:00:00 AM,16:25:51.2007556
9073,UTA Session 2,trial,8,D,D,1,2578.838,3.88400000000001,2/14/2023 12:00:00 AM,16:25:58.6591370
9073,UTA Session 2,trial,9,C,A,0,2585.856,6.0659999999998,2/14/2023 12:00:00 AM,16:26:07.8586617
9073,UTA Session 2,trial,10,C,B,0,2596.861,8.93200000000024,2/14/2023 12:00:00 AM,16:26:21.7299305
9073,UTA Session 2,trial,11,B,D,0,2609.197,11.3699999999999,2/14/2023 12:00:00 AM,16:26:36.5034791
9073,UTA Session 2,trial,12,E,D,0,2623.758,10.0680000000002,2/14/2023 12:00:00 AM,16:26:49.7622323
9073,UTA Session 2,trial,13,B,E,0,2636.863,6.33300000000008,2/14/2023 12:00:00 AM,16:26:59.1324280
9073,UTA Session 2,trial,14,A,D,0,2646.527,8.61799999999994,2/14/2023 12:00:00 AM,16:27:11.0813234
9073,UTA Session 2,trial,15,E,C,0,2658.497,31.346,2/14/2023 12:00:00 AM,16:27:45.7795286
9073,UTA Session 2,trial,16,B,B,1,2693.093,6.25600000000031,2/14/2023 12:00:00 AM,16:27:55.2866593
9073,UTA Session 2,trial,17,A,C,0,2702.911,4.51299999999992,2/14/2023 12:00:00 AM,16:28:03.3609365
9073,UTA Session 2,trial,18,D,A,0,2711.249,4.68000000000029,2/14/2023 12:00:00 AM,16:28:11.8658270
9073,UTA Session 2,trial,19,E,D,0,2719.645,7.00700000000006,2/14/2023 12:00:00 AM,16:28:22.5876947
9073,UTA Session 2,trial,20,D,E,0,2731.357,14.681,2/14/2023 12:00:00 AM,16:28:41.9736312
9073,UTA Session 2,trial,21,A,B,0,2749.507,9.75900000000001,2/14/2023 12:00:00 AM,16:28:55.2024417
9073,UTA Session 2,trial,22,A,A,1,2762.736,5.32400000000007,2/14/2023 12:00:00 AM,16:29:03.9965495
9073,UTA Session 2,trial,23,D,C,0,2772.177,30.9629999999997,2/14/2023 12:00:00 AM,16:29:39.0777225
9073,UTA Session 2,trial,24,D,E,0,2807.776,3.64800000000014,2/14/2023 12:00:00 AM,16:29:47.3606276
9073,UTA Session 2,trial,25,E,E,1,2815.434,5.63499999999976,2/14/2023 12:00:00 AM,16:29:57.0062367
9073,UTA Session 2,trial,26,D,B,0,2824.588,5.76299999999992,2/14/2023 12:00:00 AM,16:30:06.2890304
9073,UTA Session 2,trial,27,E,D,0,2834.931,3.09699999999975,2/14/2023 12:00:00 AM,16:30:13.9639179
9073,UTA Session 2,trial,28,C,C,1,2840.954,3.88400000000001,2/14/2023 12:00:00 AM,16:30:20.7749049
9073,UTA Session 2,trial,29,C,B,0,2850.418,4.59699999999975,2/14/2023 12:00:00 AM,16:30:30.9522391
9073,UTA Session 2,trial,30,D,D,1,2859.534,4.5619999999999,2/14/2023 12:00:00 AM,16:30:40.0333022
9073,UTA Session 2,trial,31,C,B,0,2867.642,4.74200000000019,2/14/2023 12:00:00 AM,16:30:48.3208718
9073,UTA Session 2,trial,32,E,C,0,2876.102,2.87800000000016,2/14/2023 12:00:00 AM,16:30:54.9164709
9073,UTA Session 2,trial,33,A,C,0,2883.265,3.92500000000018,2/14/2023 12:00:00 AM,16:31:03.1262318
9073,UTA Session 2,trial,34,E,A,0,2890.42,3.89300000000003,2/14/2023 12:00:00 AM,16:31:10.2505198
9073,UTA Session 2,trial,35,C,C,1,2899.406,4.05200000000013,2/14/2023 12:00:00 AM,16:31:19.3951150
9076,UTA Session 2,practice,1,B,E,0,1865.168,37.6310000000001,2/15/2023 12:00:00 AM,09:49:50.2968288
9076,UTA Session 2,practice,2,B,C,0,1992.988,21.999,2/15/2023 12:00:00 AM,09:51:42.4845080
9076,UTA Session 2,practice,3,C,E,0,2019.373,11.1989999999998,2/15/2023 12:00:00 AM,09:51:58.0685797
9076,UTA Session 2,practice,4,A,A,1,2034.515,22.8700000000001,2/15/2023 12:00:00 AM,09:52:24.8821255
9076,UTA Session 2,trial,1,B,A,0,2083.548,7.83000000000038,2/15/2023 12:00:00 AM,09:52:58.8758548
9076,UTA Session 2,trial,2,B,B,1,2094.682,5.89000000000033,2/15/2023 12:00:00 AM,09:53:08.0692173
9076,UTA Session 2,trial,3,C,B,0,2104.62,13.0360000000001,2/15/2023 12:00:00 AM,09:53:25.1539649
9076,UTA Session 2,trial,4,A,A,1,2121.355,10.0650000000001,2/15/2023 12:00:00 AM,09:53:38.9175167
9076,UTA Session 2,trial,5,B,C,0,2135.235,16.7170000000001,2/15/2023 12:00:00 AM,09:53:59.4498429
9076,UTA Session 2,trial,6,D,E,0,2155.594,15.462,2/15/2023 12:00:00 AM,09:54:18.5533727
9076,UTA Session 2,trial,7,B,E,0,2174.544,17.5599999999999,2/15/2023 12:00:00 AM,09:54:39.6002954
9076,UTA Session 2,trial,8,D,D,1,2196.245,12.4860000000003,2/15/2023 12:00:00 AM,09:54:56.2297905
9076,UTA Session 2,trial,9,C,A,0,2212.587,10.6880000000001,2/15/2023 12:00:00 AM,09:55:10.7726635
9076,UTA Session 2,trial,10,C,D,0,2226.661,26.5160000000001,2/15/2023 12:00:00 AM,09:55:40.6743862
9076,UTA Session 2,trial,11,B,A,0,2256.897,11.0329999999999,2/15/2023 12:00:00 AM,09:55:55.4270781
9076,UTA Session 2,trial,12,E,A,0,2271.257,9.61099999999988,2/15/2023 12:00:00 AM,09:56:08.3656829
9076,UTA Session 2,trial,13,B,B,1,2284.605,4.22699999999986,2/15/2023 12:00:00 AM,09:56:16.3297587
9076,UTA Session 2,trial,14,A,A,1,2292.621,8.39499999999998,2/15/2023 12:00:00 AM,09:56:28.5138165
9076,UTA Session 2,trial,15,E,A,0,2304.586,18.7240000000002,2/15/2023 12:00:00 AM,09:56:50.8075819
9076,UTA Session 2,trial,16,B,A,0,2327.142,14.547,2/15/2023 12:00:00 AM,09:57:09.1871062
9076,UTA Session 2,trial,17,A,B,0,2345.939,3.625,2/15/2023 12:00:00 AM,09:57:17.0616934
9076,UTA Session 2,trial,18,D,D,1,2352.942,8.56899999999996,2/15/2023 12:00:00 AM,09:57:29.0087117
9076,UTA Session 2,trial,19,E,A,0,2364.378,12.652,2/15/2023 12:00:00 AM,09:57:44.5273051
9076,UTA Session 2,trial,20,D,A,0,2380.391,22.5769999999998,2/15/2023 12:00:00 AM,09:58:10.4644855
9076,UTA Session 2,trial,21,A,D,0,2406.477,5.61300000000028,2/15/2023 12:00:00 AM,09:58:19.5873676
9076,UTA Session 2,trial,22,A,E,0,2415.718,7.70600000000013,2/15/2023 12:00:00 AM,09:58:30.9210172
9076,UTA Session 2,trial,23,D,A,0,2426.315,4.92299999999977,2/15/2023 12:00:00 AM,09:58:38.7347103
9076,UTA Session 2,trial,24,D,C,0,2435.672,8.35800000000017,2/15/2023 12:00:00 AM,09:58:51.5264369
9076,UTA Session 2,trial,25,E,B,0,2447.972,4.02999999999975,2/15/2023 12:00:00 AM,09:58:59.4992704
9076,UTA Session 2,trial,26,D,E,0,2457.936,9.43799999999965,2/15/2023 12:00:00 AM,09:59:14.8703708
9076,UTA Session 2,trial,27,E,C,0,2470.725,20.886,2/15/2023 12:00:00 AM,09:59:39.1088011
9076,UTA Session 2,trial,28,C,C,1,2495.14,5.19800000000032,2/15/2023 12:00:00 AM,09:59:47.8353439
9076,UTA Session 2,trial,29,C,A,0,2504.153,9.75700000000006,2/15/2023 12:00:00 AM,10:00:01.4073027
9076,UTA Session 2,trial,30,D,C,0,2518.084,2.00900000000001,2/15/2023 12:00:00 AM,10:00:07.5909335
9076,UTA Session 2,trial,31,C,E,0,2523.713,8.26299999999992,2/15/2023 12:00:00 AM,10:00:19.4729405
9074,UTA Session 2,practice,1,B,B,1,2811.572,20.8779999999997,2/15/2023 12:00:00 AM,10:09:03.4447406
9074,UTA Session 2,practice,2,B,B,1,2914.051,22.6640000000002,2/15/2023 12:00:00 AM,10:10:47.7079999
9074,UTA Session 2,practice,3,C,C,1,2941.957,7.29500000000007,2/15/2023 12:00:00 AM,10:11:00.2444269
9074,UTA Session 2,practice,4,A,A,1,2950.727,11.2290000000003,2/15/2023 12:00:00 AM,10:11:12.9484066
9074,UTA Session 2,trial,1,B,B,1,2983.347,8.14999999999964,2/15/2023 12:00:00 AM,10:11:42.4907158
9074,UTA Session 2,trial,2,B,B,1,2994.564,15.8990000000003,2/15/2023 12:00:00 AM,10:12:01.4561783
9074,UTA Session 2,trial,3,C,B,0,3013.597,14.0479999999998,2/15/2023 12:00:00 AM,10:12:18.6389259
9074,UTA Session 2,trial,4,A,A,1,3044.39,8.26000000000022,2/15/2023 12:00:00 AM,10:12:43.6431611
9074,UTA Session 2,trial,5,B,A,0,3055.653,20.5660000000003,2/15/2023 12:00:00 AM,10:13:07.2124083
9074,UTA Session 2,trial,6,D,D,1,3086.836,25.6190000000001,2/15/2023 12:00:00 AM,10:13:43.4481665
9074,UTA Session 2,trial,7,B,C,0,3115.521,25.6479999999997,2/15/2023 12:00:00 AM,10:14:12.1625699
9074,UTA Session 2,trial,8,D,C,0,3148.043,14.7219999999998,2/15/2023 12:00:00 AM,10:14:33.7576668
9074,UTA Session 2,trial,9,C,C,1,3166.808,7.73300000000017,2/15/2023 12:00:00 AM,10:14:45.5341165
9074,UTA Session 2,trial,10,C,A,0,3177.448,4.02100000000019,2/15/2023 12:00:00 AM,10:14:52.4623118
9074,UTA Session 2,trial,11,B,B,1,3192.72,8.04800000000023,2/15/2023 12:00:00 AM,10:15:11.7603571
9074,UTA Session 2,trial,12,E,C,0,3205.571,12.7060000000001,2/15/2023 12:00:00 AM,10:15:29.2695222
9074,UTA Session 2,trial,13,B,B,1,3235.412,15.3450000000003,2/15/2023 12:00:00 AM,10:16:01.7495923
9074,UTA Session 2,trial,14,A,A,1,3253.8,4.60500000000002,2/15/2023 12:00:00 AM,10:16:09.3971252
9074,UTA Session 2,trial,15,E,D,0,3261.367,17.75,2/15/2023 12:00:00 AM,10:16:30.1090129
9074,UTA Session 2,trial,16,B,B,1,3287.653,36.7000000000003,2/15/2023 12:00:00 AM,10:17:15.3458105
9074,UTA Session 2,trial,17,A,A,1,3327.339,7.94399999999996,2/15/2023 12:00:00 AM,10:17:26.2753947
9074,UTA Session 2,trial,18,D,D,1,3338.267,12.3940000000002,2/15/2023 12:00:00 AM,10:17:41.6539557
9074,UTA Session 2,trial,19,E,A,0,3353.317,14.0360000000001,2/15/2023 12:00:00 AM,10:17:58.3456146
9074,UTA Session 2,trial,20,D,C,0,3395.992,9.40099999999984,2/15/2023 12:00:00 AM,10:18:36.3855004
9074,UTA Session 2,trial,21,A,D,0,3408.302,18.9969999999998,2/15/2023 12:00:00 AM,10:18:58.2914434
9074,UTA Session 2,trial,22,A,A,1,3430.08,13.933,2/15/2023 12:00:00 AM,10:19:15.0047238
9079,UTA Session 2,practice,1,B,E,0,14.484,28.42,2/15/2023 12:00:00 AM,12:43:31.6400777
9079,UTA Session 2,practice,2,B,A,0,93.528,7.38199999999999,2/15/2023 12:00:00 AM,12:44:29.6449369
9079,UTA Session 2,practice,3,C,D,0,103.582,16.995,2/15/2023 12:00:00 AM,12:44:49.3111091
9079,UTA Session 2,practice,4,A,A,1,122.855,10.601,2/15/2023 12:00:00 AM,12:45:02.1897330
9079,UTA Session 2,trial,1,B,B,1,149.727,15.876,2/15/2023 12:00:00 AM,12:45:34.3386322
9079,UTA Session 2,trial,2,B,A,0,168.532,24.597,2/15/2023 12:00:00 AM,12:46:01.8635520
9079,UTA Session 2,trial,3,C,C,1,199.919,12.301,2/15/2023 12:00:00 AM,12:46:20.9549898
9079,UTA Session 2,trial,4,A,A,1,215.185,15.15,2/15/2023 12:00:00 AM,12:46:39.0695033
9079,UTA Session 2,trial,5,B,E,0,233.151,8.28099999999998,2/15/2023 12:00:00 AM,12:46:50.1676390
9079,UTA Session 2,trial,6,D,A,0,244.319,8.97200000000001,2/15/2023 12:00:00 AM,12:47:02.0259987
9079,UTA Session 2,trial,7,B,B,1,256.361,4.26800000000003,2/15/2023 12:00:00 AM,12:47:09.3638670
9079,UTA Session 2,trial,8,D,D,1,263.469,14.772,2/15/2023 12:00:00 AM,12:47:26.9762506
9079,UTA Session 2,trial,9,C,C,1,281.995,9.904,2/15/2023 12:00:00 AM,12:47:40.6342523
9079,UTA Session 2,trial,10,C,C,1,294.674,11.749,2/15/2023 12:00:00 AM,12:47:55.1574740
9079,UTA Session 2,trial,11,B,E,0,310.046,12.327,2/15/2023 12:00:00 AM,12:48:11.1083903
9079,UTA Session 2,trial,12,E,B,0,325.21,8.97700000000003,2/15/2023 12:00:00 AM,12:48:22.9216639
9079,UTA Session 2,trial,13,B,D,0,338.904,10.393,2/15/2023 12:00:00 AM,12:48:38.0317499
9079,UTA Session 2,trial,14,A,B,0,352.579,18.726,2/15/2023 12:00:00 AM,12:49:00.0391849
9079,UTA Session 2,trial,15,E,D,0,374.141,5.23399999999998,2/15/2023 12:00:00 AM,12:49:08.1084378
9079,UTA Session 2,trial,16,B,D,0,382.11,12.102,2/15/2023 12:00:00 AM,12:49:22.9463964
9079,UTA Session 2,trial,17,A,D,0,397.199,8.89400000000001,2/15/2023 12:00:00 AM,12:49:34.8268036
9079,UTA Session 2,trial,18,D,B,0,409.813,7.94999999999999,2/15/2023 12:00:00 AM,12:49:46.4960536
9079,UTA Session 2,trial,19,E,B,0,421.241,5.44100000000003,2/15/2023 12:00:00 AM,12:49:55.4154993
9079,UTA Session 2,trial,20,D,E,0,429.553,7.21800000000002,2/15/2023 12:00:00 AM,12:50:05.5051053
9079,UTA Session 2,trial,21,A,E,0,439.478,5.46899999999999,2/15/2023 12:00:00 AM,12:50:13.6807311
9079,UTA Session 2,trial,22,A,C,0,447.655,2.15700000000004,2/15/2023 12:00:00 AM,12:50:18.5450885
9079,UTA Session 2,trial,23,D,A,0,452.468,1.56700000000001,2/15/2023 12:00:00 AM,12:50:22.7682729
9079,UTA Session 2,trial,24,D,A,0,457.102,4.72300000000001,2/15/2023 12:00:00 AM,12:50:30.5585933
9079,UTA Session 2,trial,25,E,A,0,464.678,6.31099999999998,2/15/2023 12:00:00 AM,12:50:39.7221063
9079,UTA Session 2,trial,26,D,E,0,473.986,3.34899999999999,2/15/2023 12:00:00 AM,12:50:46.0687350
9079,UTA Session 2,trial,27,E,B,0,480.054,3.31700000000001,2/15/2023 12:00:00 AM,12:50:52.1047825
9079,UTA Session 2,trial,28,C,B,0,486.393,4.99000000000001,2/15/2023 12:00:00 AM,12:51:00.1171524
9079,UTA Session 2,trial,29,C,E,0,494.783,9.38599999999997,2/15/2023 12:00:00 AM,12:51:12.9025900
9079,UTA Session 2,trial,30,D,C,0,507.082,9.31500000000005,2/15/2023 12:00:00 AM,12:51:25.1290964
9079,UTA Session 2,trial,31,C,B,0,519.453,3.08800000000008,2/15/2023 12:00:00 AM,12:51:31.2742517
9079,UTA Session 2,trial,32,E,E,1,525.495,9.78200000000004,2/15/2023 12:00:00 AM,12:51:44.0085671
9079,UTA Session 2,trial,33,A,A,1,538.412,19.0649999999999,2/15/2023 12:00:00 AM,12:52:06.2090001
9079,UTA Session 2,trial,34,E,A,0,560.675,6.29900000000009,2/15/2023 12:00:00 AM,12:52:15.7053712
9079,UTA Session 2,trial,35,C,D,0,570.364,8.13999999999999,2/15/2023 12:00:00 AM,12:52:27.2350768
9078,UTA Session 2,practice,1,B,B,1,2254.479,24.9170000000004,2/15/2023 12:00:00 AM,12:54:28.2783320
9078,UTA Session 2,practice,2,B,A,0,2327.687,9.81700000000001,2/15/2023 12:00:00 AM,12:55:26.3863366
9078,UTA Session 2,practice,3,C,C,1,2345.035,8.82900000000018,2/15/2023 12:00:00 AM,12:55:42.7469868
9078,UTA Session 2,practice,4,A,B,0,2357.249,11.125,2/15/2023 12:00:00 AM,12:55:57.2560248
9078,UTA Session 2,trial,1,B,B,1,2404.149,15.1260000000002,2/15/2023 12:00:00 AM,12:56:48.1609311
9078,UTA Session 2,trial,2,B,B,1,2422.236,10.7580000000003,2/15/2023 12:00:00 AM,12:57:01.8783434
9078,UTA Session 2,trial,3,C,A,0,2435.956,16.9369999999999,2/15/2023 12:00:00 AM,12:57:21.7778699
9078,UTA Session 2,trial,4,A,A,1,2455.961,6.09800000000041,2/15/2023 12:00:00 AM,12:57:30.9440792
9078,UTA Session 2,trial,5,B,C,0,2465.149,11.8879999999999,2/15/2023 12:00:00 AM,12:57:45.9220478
9078,UTA Session 2,trial,6,D,A,0,2479.913,7.54100000000017,2/15/2023 12:00:00 AM,12:57:56.3384704
9078,UTA Session 2,trial,7,B,C,0,2490.428,6.10300000000007,2/15/2023 12:00:00 AM,12:58:05.4160116
9078,UTA Session 2,trial,8,D,C,0,2504.588,22.3489999999997,2/15/2023 12:00:00 AM,12:58:35.8221930
9078,UTA Session 2,trial,9,C,C,1,2530.354,9.38400000000001,2/15/2023 12:00:00 AM,12:58:48.6233065
9078,UTA Session 2,trial,10,C,A,0,2543.386,2.69900000000007,2/15/2023 12:00:00 AM,12:58:54.9717147
9078,UTA Session 2,trial,11,B,E,0,2550.002,7.154,2/15/2023 12:00:00 AM,12:59:06.0414459
9078,UTA Session 2,trial,12,E,C,0,2561.493,7.92799999999988,2/15/2023 12:00:00 AM,12:59:18.3073160
9078,UTA Session 2,trial,13,B,D,0,2572.579,8.59199999999964,2/15/2023 12:00:00 AM,12:59:30.0568490
9078,UTA Session 2,trial,14,A,A,1,2584.202,6.86999999999989,2/15/2023 12:00:00 AM,12:59:39.9578187
9078,UTA Session 2,trial,15,E,D,0,2594.962,10.3940000000002,2/15/2023 12:00:00 AM,12:59:54.2428680
9078,UTA Session 2,trial,16,B,C,0,2609.476,10.3249999999998,2/15/2023 12:00:00 AM,13:00:08.6875204
9078,UTA Session 2,trial,17,A,A,1,2622.841,5.71599999999989,2/15/2023 12:00:00 AM,13:00:17.4446073
9078,UTA Session 2,trial,18,D,D,1,2632.078,6.8760000000002,2/15/2023 12:00:00 AM,13:00:27.8414233
9078,UTA Session 2,trial,19,E,E,1,2641.779,16.6300000000001,2/15/2023 12:00:00 AM,13:00:47.2972594
9078,UTA Session 2,trial,20,D,D,1,2661.202,11.1699999999996,2/15/2023 12:00:00 AM,13:01:01.2600680
9078,UTA Session 2,trial,21,A,E,0,2675.38,17.2849999999999,2/15/2023 12:00:00 AM,13:01:21.5526455
9078,UTA Session 2,trial,22,A,A,1,2695.594,5.74499999999989,2/15/2023 12:00:00 AM,13:01:30.2275466
9078,UTA Session 2,trial,23,D,E,0,2704.786,10.183,2/15/2023 12:00:00 AM,13:01:43.8580642
9078,UTA Session 2,trial,24,D,D,1,2717.934,8.31299999999965,2/15/2023 12:00:00 AM,13:01:55.1354252
9078,UTA Session 2,trial,25,E,D,0,2729.477,10.0880000000002,2/15/2023 12:00:00 AM,13:02:08.4534586
9078,UTA Session 2,trial,26,D,D,1,2742.755,3.45299999999997,2/15/2023 12:00:00 AM,13:02:15.0969494
9078,UTA Session 2,trial,27,E,B,0,2749.433,4.54800000000023,2/15/2023 12:00:00 AM,13:02:22.8698941
9078,UTA Session 2,trial,28,C,C,1,2757.45,9.40200000000004,2/15/2023 12:00:00 AM,13:02:35.7404533
9078,UTA Session 2,trial,29,C,E,0,2769.695,9.18899999999985,2/15/2023 12:00:00 AM,13:02:47.7725415
9078,UTA Session 2,trial,30,D,D,1,2781.894,11.4280000000003,2/15/2023 12:00:00 AM,13:03:02.2099697
9078,UTA Session 2,trial,31,C,C,1,2797.011,9.37300000000005,2/15/2023 12:00:00 AM,13:03:15.2730124
9078,UTA Session 2,trial,32,E,A,0,2809.649,21.319,2/15/2023 12:00:00 AM,13:03:39.8581609
9078,UTA Session 2,trial,33,A,A,1,2834.892,5.81700000000001,2/15/2023 12:00:00 AM,13:03:49.5984255
9078,UTA Session 2,trial,34,E,A,0,2844.855,4.42399999999998,2/15/2023 12:00:00 AM,13:03:58.1692497
9078,UTA Session 2,trial,35,C,E,0,2853.306,12.3910000000001,2/15/2023 12:00:00 AM,13:04:14.5873663
9077,UTA Session 2,practice,1,B,A,0,1985.202,24.712,2/15/2023 12:00:00 AM,12:57:25.5306241
9077,UTA Session 2,practice,2,B,E,0,2051.313,10.5789999999997,2/15/2023 12:00:00 AM,12:58:17.5077766
9077,UTA Session 2,practice,3,C,A,0,2065.814,4.81500000000005,2/15/2023 12:00:00 AM,12:58:26.2454981
9077,UTA Session 2,practice,4,A,A,1,2073.464,4.25,2/15/2023 12:00:00 AM,12:58:33.3304389
9077,UTA Session 2,trial,1,B,D,0,2101.728,8.47600000000011,2/15/2023 12:00:00 AM,12:59:05.8217216
9077,UTA Session 2,trial,2,B,E,0,2114.225,4.05799999999999,2/15/2023 12:00:00 AM,12:59:13.9006602
9077,UTA Session 2,trial,3,C,A,0,2121.574,2.08399999999983,2/15/2023 12:00:00 AM,12:59:19.2745600
9077,UTA Session 2,trial,4,A,B,0,2127.207,8.69700000000012,2/15/2023 12:00:00 AM,12:59:31.5211340
9077,UTA Session 2,trial,5,B,E,0,2138.85,3.96399999999994,2/15/2023 12:00:00 AM,12:59:38.4312703
9077,UTA Session 2,trial,6,D,A,0,2146.015,3.8090000000002,2/15/2023 12:00:00 AM,12:59:45.4407281
9077,UTA Session 2,trial,7,B,D,0,2153.942,11.9000000000001,2/15/2023 12:00:00 AM,13:00:01.4598789
9077,UTA Session 2,trial,8,D,B,0,2170.283,11.2370000000001,2/15/2023 12:00:00 AM,13:00:17.1373391
9077,UTA Session 2,trial,9,C,C,1,2184.769,4.09000000000015,2/15/2023 12:00:00 AM,13:00:24.4777335
9077,UTA Session 2,trial,10,C,C,1,2192.24,3.79700000000003,2/15/2023 12:00:00 AM,13:00:31.6564830
9077,UTA Session 2,trial,11,B,D,0,2199.181,6.41600000000017,2/15/2023 12:00:00 AM,13:00:41.2164252
9077,UTA Session 2,trial,12,E,C,0,2209.434,5.03899999999976,2/15/2023 12:00:00 AM,13:00:50.0923663
9077,UTA Session 2,trial,13,B,E,0,2217.552,11.0429999999997,2/15/2023 12:00:00 AM,13:01:04.2146039
9077,UTA Session 2,trial,14,A,E,0,2231.422,6.57999999999993,2/15/2023 12:00:00 AM,13:01:13.6209106
9077,UTA Session 2,trial,15,E,E,1,2240.862,8.15999999999985,2/15/2023 12:00:00 AM,13:01:24.6418250
9077,UTA Session 2,trial,16,B,A,0,2251.918,10.846,2/15/2023 12:00:00 AM,13:01:38.3837708
9077,UTA Session 2,trial,17,A,A,1,2266.251,4.62199999999984,2/15/2023 12:00:00 AM,13:01:46.4936390
9077,UTA Session 2,trial,18,D,E,0,2274.035,8.86100000000033,2/15/2023 12:00:00 AM,13:01:58.5163713
9077,UTA Session 2,trial,19,E,C,0,2285.947,10.2309999999998,2/15/2023 12:00:00 AM,13:02:11.7970610
9077,UTA Session 2,trial,20,D,D,1,2300.545,6.76400000000012,2/15/2023 12:00:00 AM,13:02:22.9296762
9077,UTA Session 2,trial,21,A,E,0,2310.134,14.444,2/15/2023 12:00:00 AM,13:02:40.1991040
9077,UTA Session 2,trial,22,A,C,0,2327.433,6.92799999999988,2/15/2023 12:00:00 AM,13:02:49.9812535
9077,UTA Session 2,trial,23,D,D,1,2337.395,7.1880000000001,2/15/2023 12:00:00 AM,13:03:00.2044051
9077,UTA Session 2,trial,24,D,E,0,2347.363,7.72600000000011,2/15/2023 12:00:00 AM,13:03:10.7104355
9077,UTA Session 2,trial,25,E,E,1,2358.582,10.373,2/15/2023 12:00:00 AM,13:03:24.5770563
9077,UTA Session 2,trial,26,D,D,1,2371.94,10.6309999999999,2/15/2023 12:00:00 AM,13:03:38.1928179
9077,UTA Session 2,trial,27,E,B,0,2385.614,6.04100000000017,2/15/2023 12:00:00 AM,13:03:47.2771731
9077,UTA Session 2,trial,28,C,C,1,2395.26,5.39299999999957,2/15/2023 12:00:00 AM,13:03:56.2752848
9077,UTA Session 2,trial,29,C,D,0,2403.706,4.66100000000006,2/15/2023 12:00:00 AM,13:04:03.9895988
9077,UTA Session 2,trial,30,D,D,1,2411.411,7.47899999999981,2/15/2023 12:00:00 AM,13:04:14.5123049
9077,UTA Session 2,trial,31,C,B,0,2421.778,11.7250000000004,2/15/2023 12:00:00 AM,13:04:29.1254139
9077,UTA Session 2,trial,32,E,B,0,2436.525,3.89100000000008,2/15/2023 12:00:00 AM,13:04:36.0372611
9077,UTA Session 2,trial,33,A,A,1,2443.279,6.67700000000013,2/15/2023 12:00:00 AM,13:04:45.5787861
9077,UTA Session 2,trial,34,E,A,0,2452.897,5.29500000000007,2/15/2023 12:00:00 AM,13:04:53.8148396
9077,UTA Session 2,trial,35,C,B,0,2461.245,3.66000000000031,2/15/2023 12:00:00 AM,13:05:00.5270633
9081,UTA Session 2,practice,1,B,C,0,1599.51,35.184,2/15/2023 12:00:00 AM,16:04:39.4504794
9081,UTA Session 2,practice,2,B,A,0,1674.989,7.5329999999999,2/15/2023 12:00:00 AM,16:05:27.2776616
9081,UTA Session 2,practice,3,C,E,0,1686.539,17.566,2/15/2023 12:00:00 AM,16:05:48.8614467
9081,UTA Session 2,practice,4,A,A,1,1707.183,2.87899999999991,2/15/2023 12:00:00 AM,16:05:54.8178154
9081,UTA Session 2,trial,1,B,A,0,1723.248,20.808,2/15/2023 12:00:00 AM,16:06:28.8138306
9081,UTA Session 2,trial,2,B,A,0,1749.835,8.28600000000006,2/15/2023 12:00:00 AM,16:06:42.8770680
9081,UTA Session 2,trial,3,C,B,0,1773,15.606,2/15/2023 12:00:00 AM,16:07:13.3611898
9081,UTA Session 2,trial,4,A,A,1,1795.513,24.508,2/15/2023 12:00:00 AM,16:07:44.7778910
9081,UTA Session 2,trial,5,B,B,1,1823.322,13.3020000000001,2/15/2023 12:00:00 AM,16:08:01.3803861
9081,UTA Session 2,trial,6,D,D,1,1839.556,12.6689999999999,2/15/2023 12:00:00 AM,16:08:16.9818230
9081,UTA Session 2,trial,7,B,B,1,1855.261,19.1970000000001,2/15/2023 12:00:00 AM,16:08:39.2145377
9081,UTA Session 2,trial,8,D,D,1,1877.554,7.12599999999998,2/15/2023 12:00:00 AM,16:08:49.4355868
9081,UTA Session 2,trial,9,C,D,0,1887.405,11.377,2/15/2023 12:00:00 AM,16:09:03.5379757
9081,UTA Session 2,trial,10,C,A,0,1901.872,3.07999999999993,2/15/2023 12:00:00 AM,16:09:09.7082843
9081,UTA Session 2,trial,11,B,B,1,1908.393,8.03500000000008,2/15/2023 12:00:00 AM,16:09:21.1838376
9081,UTA Session 2,trial,12,E,C,0,1919.391,12.7929999999999,2/15/2023 12:00:00 AM,16:09:36.9396587
9081,UTA Session 2,trial,13,B,B,1,1935.331,12.4390000000001,2/15/2023 12:00:00 AM,16:09:52.5263801
9081,UTA Session 2,trial,14,A,A,1,1950.711,10.0709999999999,2/15/2023 12:00:00 AM,16:10:05.5377591
9081,UTA Session 2,trial,15,E,A,0,1963.719,12.404,2/15/2023 12:00:00 AM,16:10:20.8793812
9081,UTA Session 2,trial,16,B,D,0,1979.724,12.03,2/15/2023 12:00:00 AM,16:10:36.5099213
9081,UTA Session 2,trial,17,A,A,1,1995.496,16.3399999999999,2/15/2023 12:00:00 AM,16:10:56.5922430
9081,UTA Session 2,trial,18,D,D,1,2014.764,8.27600000000007,2/15/2023 12:00:00 AM,16:11:07.7964180
9081,UTA Session 2,trial,19,E,E,1,2025.727,14.3729999999998,2/15/2023 12:00:00 AM,16:11:24.8560790
9081,UTA Session 2,trial,20,D,D,1,2042.854,13.0710000000001,2/15/2023 12:00:00 AM,16:11:40.6821275
9081,UTA Session 2,trial,21,A,E,0,2058.713,7.875,2/15/2023 12:00:00 AM,16:11:51.3446734
9081,UTA Session 2,trial,22,A,B,0,2069.736,11.7809999999999,2/15/2023 12:00:00 AM,16:12:06.2735871
9081,UTA Session 2,trial,23,D,E,0,2084.412,19.3700000000003,2/15/2023 12:00:00 AM,16:12:28.5393677
9081,UTA Session 2,trial,24,D,A,0,2110.885,12.1709999999998,2/15/2023 12:00:00 AM,16:12:47.8120690
9081,UTA Session 2,trial,25,E,D,0,2127.3,11.817,2/15/2023 12:00:00 AM,16:13:03.8738007
9081,UTA Session 2,trial,26,D,E,0,2148.584,9.88900000000012,2/15/2023 12:00:00 AM,16:13:23.2297312
9081,UTA Session 2,trial,27,E,E,1,2162.466,4.85200000000032,2/15/2023 12:00:00 AM,16:13:32.0738598
9081,UTA Session 2,trial,28,C,E,0,2170,21.9209999999998,2/15/2023 12:00:00 AM,16:13:56.6785146
9082,UTA Session 2,practice,1,B,C,0,2320.16,12.471,2/16/2023 12:00:00 AM,09:55:00.8975054
9082,UTA Session 2,practice,2,B,A,0,2397.127,9.36999999999989,2/16/2023 12:00:00 AM,09:56:14.7621437
9082,UTA Session 2,practice,3,C,C,1,2412.207,4.09400000000005,2/16/2023 12:00:00 AM,09:56:24.5658673
9082,UTA Session 2,practice,4,A,A,1,2417.498,3.41100000000006,2/16/2023 12:00:00 AM,09:56:29.1741831
9082,UTA Session 2,trial,1,B,D,0,2444.389,11.3199999999997,2/16/2023 12:00:00 AM,09:57:03.9752237
9082,UTA Session 2,trial,2,B,C,0,2458.92,14.7429999999999,2/16/2023 12:00:00 AM,09:57:21.9278269
9082,UTA Session 2,trial,3,C,C,1,2478.356,9.279,2/16/2023 12:00:00 AM,09:57:35.9012361
9082,UTA Session 2,trial,4,A,A,1,2490.844,4.92000000000007,2/16/2023 12:00:00 AM,09:57:44.0303650
9082,UTA Session 2,trial,5,B,A,0,2498.899,7.35800000000017,2/16/2023 12:00:00 AM,09:57:54.5224170
9082,UTA Session 2,trial,6,D,C,0,2509.884,6.74099999999999,2/16/2023 12:00:00 AM,09:58:04.8905831
9082,UTA Session 2,trial,7,B,D,0,2519.823,20.5500000000002,2/16/2023 12:00:00 AM,09:58:28.6381819
9082,UTA Session 2,trial,8,D,A,0,2543.658,4.029,2/16/2023 12:00:00 AM,09:58:35.9518652
9082,UTA Session 2,trial,9,C,C,1,2552.247,4.2180000000003,2/16/2023 12:00:00 AM,09:58:44.7305347
9082,UTA Session 2,trial,10,C,A,0,2559.333,3.50999999999976,2/16/2023 12:00:00 AM,09:58:51.1092686
9082,UTA Session 2,trial,11,B,E,0,2566.879,8.56800000000021,2/16/2023 12:00:00 AM,09:59:03.7122787
9082,UTA Session 2,trial,12,E,B,0,2578.679,3.72600000000011,2/16/2023 12:00:00 AM,09:59:10.6694520
9082,UTA Session 2,trial,13,B,D,0,2585.99,12.0730000000003,2/16/2023 12:00:00 AM,09:59:26.3281676
9082,UTA Session 2,trial,14,A,A,1,2604.899,6.24400000000014,2/16/2023 12:00:00 AM,09:59:39.4095826
9082,UTA Session 2,trial,15,E,C,0,2614.197,10.4059999999999,2/16/2023 12:00:00 AM,09:59:52.8691251
9082,UTA Session 2,trial,16,B,C,0,2627.769,6.14200000000028,2/16/2023 12:00:00 AM,10:00:02.1766981
9082,UTA Session 2,trial,17,A,A,1,2637.24,10.6070000000004,2/16/2023 12:00:00 AM,10:00:16.1128963
9082,UTA Session 2,trial,18,D,B,0,2650.994,4.875,2/16/2023 12:00:00 AM,10:00:24.1343660
9082,UTA Session 2,trial,19,E,C,0,2663.472,3.62299999999959,2/16/2023 12:00:00 AM,10:00:35.3599490
9082,UTA Session 2,trial,20,D,D,1,2670.538,3.14499999999998,2/16/2023 12:00:00 AM,10:00:41.9489833
9082,UTA Session 2,trial,21,A,A,1,2676.737,8.98999999999978,2/16/2023 12:00:00 AM,10:00:53.9928116
9082,UTA Session 2,trial,22,A,A,1,2688.761,6.74499999999989,2/16/2023 12:00:00 AM,10:01:03.7721337
9082,UTA Session 2,trial,23,D,E,0,2698.421,8.99800000000005,2/16/2023 12:00:00 AM,10:01:15.6849657
9082,UTA Session 2,trial,24,D,D,1,2710.443,4.04199999999992,2/16/2023 12:00:00 AM,10:01:22.7509633
9082,UTA Session 2,trial,25,E,E,1,2717.233,5.27799999999979,2/16/2023 12:00:00 AM,10:01:30.7767522
9082,UTA Session 2,trial,26,D,D,1,2725.245,5.25,2/16/2023 12:00:00 AM,10:01:38.7610723
9082,UTA Session 2,trial,27,E,E,1,2733.601,6.36400000000003,2/16/2023 12:00:00 AM,10:01:48.2309534
9082,UTA Session 2,trial,28,C,D,0,2742.797,9.09699999999975,2/16/2023 12:00:00 AM,10:02:00.1596019
9082,UTA Session 2,trial,29,C,A,0,2755.05,10.567,2/16/2023 12:00:00 AM,10:02:13.8834995
9082,UTA Session 2,trial,30,D,D,1,2768.911,4.67000000000007,2/16/2023 12:00:00 AM,10:02:21.8475420
9082,UTA Session 2,trial,31,C,E,0,2776.439,6.98199999999997,2/16/2023 12:00:00 AM,10:02:31.6873470
9082,UTA Session 2,trial,32,E,C,0,2789.745,7.03400000000011,2/16/2023 12:00:00 AM,10:02:45.0452144
9082,UTA Session 2,trial,33,A,A,1,2799.865,9.96200000000044,2/16/2023 12:00:00 AM,10:02:58.0926628
9082,UTA Session 2,trial,34,E,E,1,2813.099,11.9299999999998,2/16/2023 12:00:00 AM,10:03:13.2946015
9082,UTA Session 2,trial,35,C,E,0,2827.912,6.06200000000035,2/16/2023 12:00:00 AM,10:03:22.2403113
9083,UTA Session 2,practice,1,B,B,1,1965.107,5.75400000000013,2/16/2023 12:00:00 AM,13:04:19.9854701
9083,UTA Session 2,practice,2,B,A,0,2000.174,15.0709999999999,2/16/2023 12:00:00 AM,13:05:04.3663331
9083,UTA Session 2,practice,3,C,A,0,2019.144,11.134,2/16/2023 12:00:00 AM,13:05:19.4006057
9083,UTA Session 2,practice,4,A,A,1,2034.717,12.6019999999999,2/16/2023 12:00:00 AM,13:05:36.4404173
9083,UTA Session 2,trial,1,B,B,1,2058.847,16.6569999999997,2/16/2023 12:00:00 AM,13:06:04.6286252
9083,UTA Session 2,trial,2,B,B,1,2078.779,4.25599999999986,2/16/2023 12:00:00 AM,13:06:12.1571157
9083,UTA Session 2,trial,3,C,B,0,2085.891,2.68299999999999,2/16/2023 12:00:00 AM,13:06:17.6969087
9083,UTA Session 2,trial,4,A,A,1,2091.536,16.9139999999998,2/16/2023 12:00:00 AM,13:06:37.5727597
9083,UTA Session 2,trial,5,B,B,1,2111.716,20.1179999999999,2/16/2023 12:00:00 AM,13:07:00.9560002
9083,UTA Session 2,trial,6,D,D,1,2134.851,16.6129999999998,2/16/2023 12:00:00 AM,13:07:20.5859909
9083,UTA Session 2,trial,7,B,B,1,2154.478,7.01199999999972,2/16/2023 12:00:00 AM,13:07:30.6127679
9083,UTA Session 2,trial,8,D,B,0,2164.283,12.931,2/16/2023 12:00:00 AM,13:07:46.3359608
9083,UTA Session 2,trial,9,C,C,1,2180.115,16.3910000000001,2/16/2023 12:00:00 AM,13:08:05.6276886
9083,UTA Session 2,trial,10,C,A,0,2199.531,3.02100000000019,2/16/2023 12:00:00 AM,13:08:11.6738390
9083,UTA Session 2,trial,11,B,E,0,2214.05,5.33799999999974,2/16/2023 12:00:00 AM,13:08:28.5098430
9083,UTA Session 2,trial,12,E,A,0,2223.14,7.16800000000012,2/16/2023 12:00:00 AM,13:08:39.4296755
9083,UTA Session 2,trial,13,B,B,1,2236.091,11.7670000000003,2/16/2023 12:00:00 AM,13:08:56.9791355
9083,UTA Session 2,trial,14,A,A,1,2251.241,6.096,2/16/2023 12:00:00 AM,13:09:06.4576133
9083,UTA Session 2,trial,15,E,A,0,2260.742,4.92200000000003,2/16/2023 12:00:00 AM,13:09:14.7854370
9083,UTA Session 2,trial,16,B,A,0,2268.579,8.4989999999998,2/16/2023 12:00:00 AM,13:09:26.1989306
9083,UTA Session 2,trial,17,A,A,1,2280.211,11.3390000000004,2/16/2023 12:00:00 AM,13:09:40.6716512
9083,UTA Session 2,trial,18,D,B,0,2294.653,15.3130000000001,2/16/2023 12:00:00 AM,13:09:59.0868943
9083,UTA Session 2,trial,19,E,B,0,2314.768,6.38599999999997,2/16/2023 12:00:00 AM,13:10:10.2744076
9083,UTA Session 2,trial,20,D,E,0,2325.044,12.7440000000001,2/16/2023 12:00:00 AM,13:10:26.9086600
9083,UTA Session 2,trial,21,A,A,1,2340.829,11.4489999999996,2/16/2023 12:00:00 AM,13:10:41.3990979
9083,UTA Session 2,trial,22,A,A,1,2355.364,10.4580000000001,2/16/2023 12:00:00 AM,13:10:54.9425170
9083,UTA Session 2,trial,23,D,E,0,2368.801,9.87699999999995,2/16/2023 12:00:00 AM,13:11:07.7988310
9083,UTA Session 2,trial,24,D,D,1,2381.436,5.40599999999995,2/16/2023 12:00:00 AM,13:11:15.9621806
9083,UTA Session 2,trial,25,E,D,0,2389.916,9.13999999999987,2/16/2023 12:00:00 AM,13:11:28.1765146
9083,UTA Session 2,trial,26,D,D,1,2402.559,13.105,2/16/2023 12:00:00 AM,13:11:44.7842466
9083,UTA Session 2,trial,27,E,E,1,2418.525,6.73500000000013,2/16/2023 12:00:00 AM,13:11:54.3800962
9083,UTA Session 2,trial,28,C,D,0,2428.019,9.80300000000034,2/16/2023 12:00:00 AM,13:12:06.9421346
9083,UTA Session 2,trial,29,C,A,0,2440.8,23.0349999999999,2/16/2023 12:00:00 AM,13:12:32.9560878
9083,UTA Session 2,trial,30,D,D,1,2466.815,6.33799999999974,2/16/2023 12:00:00 AM,13:12:42.2738316
9083,UTA Session 2,trial,31,C,C,1,2476.169,13.0650000000001,2/16/2023 12:00:00 AM,13:12:58.3537836
9083,UTA Session 2,trial,32,E,E,1,2492.095,4.06100000000015,2/16/2023 12:00:00 AM,13:13:05.2764833
9083,UTA Session 2,trial,33,A,B,0,2498.863,5.32500000000027,2/16/2023 12:00:00 AM,13:13:13.3089417
9083,UTA Session 2,trial,34,E,A,0,2507.083,1.30099999999993,2/16/2023 12:00:00 AM,13:13:17.5040863
9084,UTA Session 2,practice,1,B,C,0,2066.14,38.1620000000003,2/16/2023 12:00:00 AM,13:08:02.1825061
9084,UTA Session 2,practice,2,B,A,0,2238.121,28.7460000000001,2/16/2023 12:00:00 AM,13:10:44.7468792
9084,UTA Session 2,practice,3,C,E,0,2272.058,16.6909999999998,2/16/2023 12:00:00 AM,13:11:06.6289624
9084,UTA Session 2,practice,4,A,A,1,2303.154,6.40099999999984,2/16/2023 12:00:00 AM,13:11:27.4350842
9084,UTA Session 2,trial,1,B,B,1,2381.949,27.3440000000001,2/16/2023 12:00:00 AM,13:13:07.1753775
9084,UTA Session 2,trial,2,B,B,1,2412.908,30.8209999999999,2/16/2023 12:00:00 AM,13:13:41.6104583
9084,UTA Session 2,trial,3,C,B,0,2446.939,14.3140000000003,2/16/2023 12:00:00 AM,13:13:59.1343254
9084,UTA Session 2,trial,4,A,A,1,2468.778,9.53500000000031,2/16/2023 12:00:00 AM,13:14:16.1951595
9084,UTA Session 2,trial,5,B,A,0,2481.303,26.114,2/16/2023 12:00:00 AM,13:14:45.2991010
9084,UTA Session 2,trial,6,D,C,0,2511.585,26.0859999999998,2/16/2023 12:00:00 AM,13:15:15.5524527
9084,UTA Session 2,trial,7,B,C,0,2541.642,8.38700000000017,2/16/2023 12:00:00 AM,13:15:27.9107914
9084,UTA Session 2,trial,8,D,C,0,2556.649,19.4960000000001,2/16/2023 12:00:00 AM,13:15:54.0268102
9084,UTA Session 2,trial,9,C,C,1,2584.004,12.1570000000002,2/16/2023 12:00:00 AM,13:16:14.0430167
9084,UTA Session 2,trial,10,C,C,1,2599.326,15.4290000000001,2/16/2023 12:00:00 AM,13:16:32.6368668
9084,UTA Session 2,trial,11,B,B,1,2617.83,15.5950000000003,2/16/2023 12:00:00 AM,13:16:51.3081419
9084,UTA Session 2,trial,12,E,A,0,2636.397,10.4679999999998,2/16/2023 12:00:00 AM,13:17:04.7482698
9084,UTA Session 2,trial,13,B,B,1,2650.079,12.7619999999997,2/16/2023 12:00:00 AM,13:17:20.7234092
9084,UTA Session 2,trial,14,A,A,1,2667.326,7.34099999999989,2/16/2023 12:00:00 AM,13:17:32.5497438
9084,UTA Session 2,trial,15,E,E,1,2677.654,11.8969999999999,2/16/2023 12:00:00 AM,13:17:47.4337523
9084,UTA Session 2,trial,16,B,A,0,2692.409,15.8099999999999,2/16/2023 12:00:00 AM,13:18:06.1022993
9084,UTA Session 2,trial,17,A,A,1,2712.507,8.53800000000001,2/16/2023 12:00:00 AM,13:18:18.9280614
9084,UTA Session 2,trial,18,D,B,0,2724.323,13.9940000000001,2/16/2023 12:00:00 AM,13:18:36.1998980
9084,UTA Session 2,trial,19,E,E,1,2742.079,20.3529999999996,2/16/2023 12:00:00 AM,13:19:00.3161123
9084,UTA Session 2,trial,20,D,D,1,2765.401,13.377,2/16/2023 12:00:00 AM,13:19:16.6614877
9084,UTA Session 2,trial,21,A,E,0,2781.886,23.3910000000001,2/16/2023 12:00:00 AM,13:19:43.1611113
9084,UTA Session 2,trial,22,A,A,1,2808.233,4.69799999999987,2/16/2023 12:00:00 AM,13:19:50.8149708
9084,UTA Session 2,trial,23,D,D,1,2815.943,11.6419999999998,2/16/2023 12:00:00 AM,13:20:05.4691113
9084,UTA Session 2,trial,24,D,E,0,2830.464,4.61099999999988,2/16/2023 12:00:00 AM,13:20:12.9582264
9085,UTA Session 2,practice,1,B,B,1,2331.165,19.1889999999999,2/16/2023 12:00:00 AM,13:14:15.5975768
9085,UTA Session 2,practice,2,B,B,1,2379.857,8.35699999999997,2/16/2023 12:00:00 AM,13:14:53.4564617
9085,UTA Session 2,practice,3,C,C,1,2389.698,12.8520000000003,2/16/2023 12:00:00 AM,13:15:07.7923627
9085,UTA Session 2,practice,4,A,A,1,2403.592,6.19200000000001,2/16/2023 12:00:00 AM,13:15:15.0268376
9085,UTA Session 2,trial,1,B,A,0,2430.318,18.2539999999999,2/16/2023 12:00:00 AM,13:15:53.8158679
9085,UTA Session 2,trial,2,B,A,0,2451.392,5.28200000000015,2/16/2023 12:00:00 AM,13:16:01.9168774
9085,UTA Session 2,trial,3,C,B,0,2459.649,6.74800000000005,2/16/2023 12:00:00 AM,13:16:11.6396704
9085,UTA Session 2,trial,4,A,A,1,2469.308,4.69599999999991,2/16/2023 12:00:00 AM,13:16:19.2474245
9085,UTA Session 2,trial,5,B,D,0,2476.93,8.08500000000004,2/16/2023 12:00:00 AM,13:16:30.2588451
9085,UTA Session 2,trial,6,D,D,1,2487.68,6.08400000000029,2/16/2023 12:00:00 AM,13:16:39.0075572
9085,UTA Session 2,trial,7,B,D,0,2496.48,5.34799999999996,2/16/2023 12:00:00 AM,13:16:47.0708704
9085,UTA Session 2,trial,8,D,E,0,2504.623,18.1100000000001,2/16/2023 12:00:00 AM,13:17:07.9763711
9085,UTA Session 2,trial,9,C,C,1,2527.527,7.16300000000001,2/16/2023 12:00:00 AM,13:17:19.9333008
9085,UTA Session 2,trial,10,C,A,0,2537.918,5.23199999999997,2/16/2023 12:00:00 AM,13:17:28.3935199
9085,UTA Session 2,trial,11,B,B,1,2546.109,7.57799999999997,2/16/2023 12:00:00 AM,13:17:38.9317171
9085,UTA Session 2,trial,12,E,A,0,2556.972,3.25099999999975,2/16/2023 12:00:00 AM,13:17:45.4665476
9085,UTA Session 2,trial,13,B,B,1,2568.149,10.8630000000003,2/16/2023 12:00:00 AM,13:18:04.2561159
9085,UTA Session 2,trial,14,A,A,1,2586.129,4.28099999999995,2/16/2023 12:00:00 AM,13:18:15.6535223
9085,UTA Session 2,trial,15,E,A,0,2593.927,6.40099999999984,2/16/2023 12:00:00 AM,13:18:25.5722693
9085,UTA Session 2,trial,16,B,B,1,2603.702,9.94199999999955,2/16/2023 12:00:00 AM,13:18:38.8878260
9085,UTA Session 2,trial,17,A,A,1,2617.136,5.71799999999985,2/16/2023 12:00:00 AM,13:18:48.0981067
9085,UTA Session 2,trial,18,D,D,1,2625.843,6.7510000000002,2/16/2023 12:00:00 AM,13:18:57.8384279
9085,UTA Session 2,trial,19,E,C,0,2639.083,7.20499999999993,2/16/2023 12:00:00 AM,13:19:11.5320714
9085,UTA Session 2,trial,20,D,A,0,2648.92,8.46399999999994,2/16/2023 12:00:00 AM,13:19:22.6285086
9085,UTA Session 2,trial,21,A,E,0,2660.263,8.71399999999994,2/16/2023 12:00:00 AM,13:19:34.2221654
9085,UTA Session 2,trial,22,A,B,0,2672.301,11.085,2/16/2023 12:00:00 AM,13:19:48.6300582
9085,UTA Session 2,trial,23,D,D,1,2686.875,4.35899999999992,2/16/2023 12:00:00 AM,13:19:56.4784396
9085,UTA Session 2,trial,24,D,D,1,2694.254,3.46399999999994,2/16/2023 12:00:00 AM,13:20:02.9628360
9085,UTA Session 2,trial,25,E,E,1,2700.401,5.65300000000025,2/16/2023 12:00:00 AM,13:20:11.2989897
9085,UTA Session 2,trial,26,D,D,1,2708.92,6.70399999999972,2/16/2023 12:00:00 AM,13:20:20.8685675
9085,UTA Session 2,trial,27,E,D,0,2718.824,5.54399999999987,2/16/2023 12:00:00 AM,13:20:29.6126672
9085,UTA Session 2,trial,28,C,C,1,2727.153,4.25300000000016,2/16/2023 12:00:00 AM,13:20:36.6505256
9085,UTA Session 2,trial,29,C,B,0,2734.01,5.97399999999971,2/16/2023 12:00:00 AM,13:20:45.2286918
9085,UTA Session 2,trial,30,D,D,1,2743.379,8.22000000000025,2/16/2023 12:00:00 AM,13:20:56.8437045
9085,UTA Session 2,trial,31,C,A,0,2757.082,5.57500000000027,2/16/2023 12:00:00 AM,13:21:07.9024718
9085,UTA Session 2,trial,32,E,E,1,2768.162,8.41300000000001,2/16/2023 12:00:00 AM,13:21:21.8200412
9085,UTA Session 2,trial,33,A,A,1,2779.907,4.625,2/16/2023 12:00:00 AM,13:21:29.7767746
9085,UTA Session 2,trial,34,E,E,1,2787.839,9.41400000000021,2/16/2023 12:00:00 AM,13:21:42.4979436
9085,UTA Session 2,trial,35,C,E,0,2800.322,8.62100000000009,2/16/2023 12:00:00 AM,13:21:54.1886355
9086,UTA Session 2,practice,1,B,B,1,2379.343,18.1370000000002,2/16/2023 12:00:00 AM,15:59:35.0862353
9086,UTA Session 2,practice,2,B,B,1,2449.462,18.3000000000002,2/16/2023 12:00:00 AM,16:00:45.3653135
9086,UTA Session 2,practice,3,C,C,1,2469.995,10.7060000000001,2/16/2023 12:00:00 AM,16:00:58.3050967
9086,UTA Session 2,practice,4,A,A,1,2483.46,9.80200000000013,2/16/2023 12:00:00 AM,16:01:10.8653016
9086,UTA Session 2,trial,1,B,B,1,2515.664,8.56999999999971,2/16/2023 12:00:00 AM,16:01:41.8387482
9086,UTA Session 2,trial,2,B,B,1,2527.87,10.1800000000003,2/16/2023 12:00:00 AM,16:01:55.6540166
9086,UTA Session 2,trial,3,C,C,1,2541.492,8.08799999999974,2/16/2023 12:00:00 AM,16:02:07.1836206
9086,UTA Session 2,trial,4,A,B,0,2552.904,12.7260000000001,2/16/2023 12:00:00 AM,16:02:23.2338678
9086,UTA Session 2,trial,5,B,E,0,2568.814,13.5130000000004,2/16/2023 12:00:00 AM,16:02:39.9302410
9086,UTA Session 2,trial,6,D,D,1,2585.392,5.60800000000017,2/16/2023 12:00:00 AM,16:02:48.6023807
9086,UTA Session 2,trial,7,B,E,0,2594.185,8.51000000000022,2/16/2023 12:00:00 AM,16:03:00.2983308
9086,UTA Session 2,trial,8,D,E,0,2607.698,13.326,2/16/2023 12:00:00 AM,16:03:18.6270525
9086,UTA Session 2,trial,9,C,C,1,2624.617,8.25699999999961,2/16/2023 12:00:00 AM,16:03:30.4762828
9086,UTA Session 2,trial,10,C,A,0,2635.96,7.55000000000018,2/16/2023 12:00:00 AM,16:03:41.1135157
9086,UTA Session 2,trial,11,B,B,1,2650.059,10.9299999999998,2/16/2023 12:00:00 AM,16:03:58.5911759
9086,UTA Session 2,trial,12,E,C,0,2665.361,8.44100000000026,2/16/2023 12:00:00 AM,16:04:11.4038625
9086,UTA Session 2,trial,13,B,B,1,2678.186,8.17999999999984,2/16/2023 12:00:00 AM,16:04:23.9684644
9086,UTA Session 2,trial,14,A,E,0,2689.602,8.67000000000007,2/16/2023 12:00:00 AM,16:04:35.8742500
9086,UTA Session 2,trial,15,E,D,0,2701.179,9.02700000000004,2/16/2023 12:00:00 AM,16:04:47.8065262
9086,UTA Session 2,trial,16,B,E,0,2714.211,13.3590000000004,2/16/2023 12:00:00 AM,16:05:05.1709759
9086,UTA Session 2,trial,17,A,A,1,2730.733,9.30299999999988,2/16/2023 12:00:00 AM,16:05:17.6369487
9086,UTA Session 2,trial,18,D,D,1,2743.371,11.547,2/16/2023 12:00:00 AM,16:05:32.5185799
9086,UTA Session 2,trial,19,E,B,0,2759.694,18.3360000000002,2/16/2023 12:00:00 AM,16:05:55.6305785
9086,UTA Session 2,trial,20,D,B,0,2781.399,2.66699999999992,2/16/2023 12:00:00 AM,16:06:01.6677389
9086,UTA Session 2,trial,21,A,B,0,2787.464,4.82299999999987,2/16/2023 12:00:00 AM,16:06:09.8864669
9086,UTA Session 2,trial,22,A,D,0,2795.61,3.55600000000004,2/16/2023 12:00:00 AM,16:06:16.7666192
9086,UTA Session 2,trial,23,D,D,1,2802.148,5.62999999999965,2/16/2023 12:00:00 AM,16:06:25.3789795
9086,UTA Session 2,trial,24,D,E,0,2810.85,7.57900000000018,2/16/2023 12:00:00 AM,16:06:36.0293025
9086,UTA Session 2,trial,25,E,D,0,2822.389,5.32499999999982,2/16/2023 12:00:00 AM,16:06:45.3147541
9086,UTA Session 2,trial,26,D,D,1,2830.717,5.94700000000012,2/16/2023 12:00:00 AM,16:06:54.2647076
9086,UTA Session 2,trial,27,E,B,0,2839.754,10.8070000000002,2/16/2023 12:00:00 AM,16:07:08.1608764
9086,UTA Session 2,trial,28,C,C,1,2853.794,4.57400000000007,2/16/2023 12:00:00 AM,16:07:15.9683601
9086,UTA Session 2,trial,29,C,C,1,2861.722,19.2799999999997,2/16/2023 12:00:00 AM,16:07:38.6025139
9086,UTA Session 2,trial,30,D,D,1,2884.096,10.7179999999998,2/16/2023 12:00:00 AM,16:07:52.4142582
9086,UTA Session 2,trial,31,C,B,0,2898.19,13.2260000000001,2/16/2023 12:00:00 AM,16:08:09.0160328
9086,UTA Session 2,trial,32,E,C,0,2914.864,10.8150000000001,2/16/2023 12:00:00 AM,16:08:23.2792806
9086,UTA Session 2,trial,33,A,C,0,2928.839,5.24299999999994,2/16/2023 12:00:00 AM,16:08:31.6825135
9086,UTA Session 2,trial,34,E,A,0,2937.093,4.55099999999993,2/16/2023 12:00:00 AM,16:08:39.2430215
9086,UTA Session 2,trial,35,C,C,1,2946.653,3.5310000000004,2/16/2023 12:00:00 AM,16:08:47.7848511
9088,UTA Session 2,practice,1,B,B,1,2444.306,26.0540000000001,2/16/2023 12:00:00 AM,16:04:40.7796630
9088,UTA Session 2,practice,2,B,A,0,2546.565,11.0349999999999,2/16/2023 12:00:00 AM,16:06:08.0195381
9088,UTA Session 2,practice,3,C,C,1,2562.14,27.5820000000003,2/16/2023 12:00:00 AM,16:06:40.1415359
9088,UTA Session 2,practice,4,A,A,1,2591.006,14.404,2/16/2023 12:00:00 AM,16:06:55.8301630
9088,UTA Session 2,trial,1,B,B,1,2642.963,21.7109999999998,2/16/2023 12:00:00 AM,16:07:55.0962784
9088,UTA Session 2,trial,2,B,E,0,2667.703,20.2570000000001,2/16/2023 12:00:00 AM,16:08:18.3820022
9088,UTA Session 2,trial,3,C,E,0,2692.898,17.2459999999996,2/16/2023 12:00:00 AM,16:08:40.5667739
9088,UTA Session 2,trial,4,A,A,1,2715.205,10.3620000000001,2/16/2023 12:00:00 AM,16:08:55.9908009
9088,UTA Session 2,trial,5,B,E,0,2728.752,17.558,2/16/2023 12:00:00 AM,16:09:16.7336087
9088,UTA Session 2,trial,6,D,E,0,2750.795,18.4079999999999,2/16/2023 12:00:00 AM,16:09:39.6273796
9088,UTA Session 2,trial,7,B,C,0,2773.189,9.01500000000033,2/16/2023 12:00:00 AM,16:09:52.6281079
9088,UTA Session 2,trial,8,D,A,0,2785.751,16.9829999999997,2/16/2023 12:00:00 AM,16:10:13.1582449
9088,UTA Session 2,trial,9,C,D,0,2806.689,20.6310000000003,2/16/2023 12:00:00 AM,16:10:37.7440638
9088,UTA Session 2,trial,10,C,E,0,2832.191,19.5900000000001,2/16/2023 12:00:00 AM,16:11:02.2057687
9088,UTA Session 2,trial,11,B,B,1,2855.844,19.261,2/16/2023 12:00:00 AM,16:11:25.5310903
9088,UTA Session 2,trial,12,E,A,0,2878.088,14.1909999999998,2/16/2023 12:00:00 AM,16:11:42.7060493
9088,UTA Session 2,trial,13,B,B,1,2896.839,20.3360000000002,2/16/2023 12:00:00 AM,16:12:07.6016442
9088,UTA Session 2,trial,14,A,A,1,2920.332,12.9030000000002,2/16/2023 12:00:00 AM,16:12:23.6621192
9088,UTA Session 2,trial,15,E,A,0,2936.229,21.3700000000003,2/16/2023 12:00:00 AM,16:12:48.0268641
9088,UTA Session 2,trial,16,B,B,1,2961.45,14.1790000000001,2/16/2023 12:00:00 AM,16:13:06.0576940
9088,UTA Session 2,trial,17,A,A,1,2978.81,10.6910000000003,2/16/2023 12:00:00 AM,16:13:19.9288738
9088,UTA Session 2,trial,18,D,B,0,2992.922,10.9740000000002,2/16/2023 12:00:00 AM,16:13:34.3233889
9088,UTA Session 2,trial,19,E,E,1,3009.081,12.4699999999998,2/16/2023 12:00:00 AM,16:13:51.9799387
9088,UTA Session 2,trial,20,D,B,0,3024.594,7.62300000000005,2/16/2023 12:00:00 AM,16:14:02.6456846
9088,UTA Session 2,trial,21,A,E,0,3037.292,9.68299999999999,2/16/2023 12:00:00 AM,16:14:17.4038492
9088,UTA Session 2,trial,22,A,A,1,3050.251,6.58399999999983,2/16/2023 12:00:00 AM,16:14:27.2646132
9088,UTA Session 2,trial,23,D,E,0,3059.844,6.31700000000001,2/16/2023 12:00:00 AM,16:14:36.5902882
9088,UTA Session 2,trial,24,D,E,0,3069.308,6.81899999999996,2/16/2023 12:00:00 AM,16:14:46.5555027
9088,UTA Session 2,trial,25,E,B,0,3080.501,11.4569999999999,2/16/2023 12:00:00 AM,16:15:02.3869781
9087,UTA Session 2,practice,1,B,B,1,3429.486,48.5530000000003,2/16/2023 12:00:00 AM,16:14:14.1144334
9087,UTA Session 2,practice,2,B,B,1,3586.399,7.13599999999997,2/16/2023 12:00:00 AM,16:16:09.6046625
9087,UTA Session 2,practice,3,C,C,1,3595.252,13.0630000000001,2/16/2023 12:00:00 AM,16:16:24.3952355
9087,UTA Session 2,practice,4,A,A,1,3609.379,6.57400000000007,2/16/2023 12:00:00 AM,16:16:32.0337747
9087,UTA Session 2,trial,1,B,B,1,3651.758,26.9070000000002,2/16/2023 12:00:00 AM,16:17:34.7415128
9087,UTA Session 2,trial,2,B,B,1,3682.004,29.797,2/16/2023 12:00:00 AM,16:18:07.8770031
9087,UTA Session 2,trial,3,C,C,1,3715.125,13.5479999999998,2/16/2023 12:00:00 AM,16:18:24.7566083
9087,UTA Session 2,trial,4,A,B,0,3731.667,7.32999999999993,2/16/2023 12:00:00 AM,16:18:35.0669459
9087,UTA Session 2,trial,5,B,A,0,3747.506,14.5070000000001,2/16/2023 12:00:00 AM,16:18:58.0912102
9087,UTA Session 2,trial,6,D,A,0,3766.694,24.4389999999999,2/16/2023 12:00:00 AM,16:19:27.2084347
9087,UTA Session 2,trial,7,B,C,0,3795.454,26.8759999999997,2/16/2023 12:00:00 AM,16:19:58.4021349
9087,UTA Session 2,trial,8,D,E,0,3833.404,38.8829999999998,2/16/2023 12:00:00 AM,16:20:48.3599648
9087,UTA Session 2,trial,9,C,D,0,3875.371,9.18199999999979,2/16/2023 12:00:00 AM,16:21:00.6303324
9087,UTA Session 2,trial,10,C,A,0,3888.841,4.47000000000025,2/16/2023 12:00:00 AM,16:21:09.3807015
9087,UTA Session 2,trial,11,B,D,0,3896.957,5.26200000000017,2/16/2023 12:00:00 AM,16:21:18.2992278
9087,UTA Session 2,trial,12,E,A,0,3906.541,17.482,2/16/2023 12:00:00 AM,16:21:40.0933026
9087,UTA Session 2,trial,13,B,D,0,3927.315,10.518,2/16/2023 12:00:00 AM,16:21:53.9086503
9087,UTA Session 2,trial,14,A,A,1,3947.741,16.7280000000001,2/16/2023 12:00:00 AM,16:22:20.5451200
9087,UTA Session 2,trial,15,E,E,1,3967.904,22.1570000000002,2/16/2023 12:00:00 AM,16:22:46.1361886
9087,UTA Session 2,trial,16,B,B,1,3992.981,33.5619999999999,2/16/2023 12:00:00 AM,16:23:22.6261636
9087,UTA Session 2,trial,17,A,A,1,4030.041,19.4119999999998,2/16/2023 12:00:00 AM,16:23:45.5317170
9087,UTA Session 2,trial,18,D,B,0,4052.525,17.5140000000001,2/16/2023 12:00:00 AM,16:24:06.1184641
9087,UTA Session 2,trial,19,E,E,1,4073.631,24.9140000000002,2/16/2023 12:00:00 AM,16:24:34.6254077
9087,UTA Session 2,trial,20,D,D,1,4101.241,30.6679999999997,2/16/2023 12:00:00 AM,16:25:07.9914592
9090,UTA Session 2,practice,1,B,A,0,2575.158,13.623,2/17/2023 12:00:00 AM,09:56:48.2973291
9090,UTA Session 2,practice,2,B,A,0,2638.62,16.4780000000001,2/17/2023 12:00:00 AM,09:57:54.6103882
9090,UTA Session 2,practice,3,C,C,1,2657.793,7.97199999999975,2/17/2023 12:00:00 AM,09:58:05.2775129
9090,UTA Session 2,practice,4,A,B,0,2666.982,11.828,2/17/2023 12:00:00 AM,09:58:18.3221823
9090,UTA Session 2,trial,1,B,D,0,2698.997,15.614,2/17/2023 12:00:00 AM,09:58:54.1228814
9090,UTA Session 2,trial,2,B,B,1,2717.99,8.73900000000003,2/17/2023 12:00:00 AM,09:59:06.2398792
9090,UTA Session 2,trial,3,C,C,1,2729.824,10.913,2/17/2023 12:00:00 AM,09:59:20.2479632
9090,UTA Session 2,trial,4,A,A,1,2743.595,3.90000000000009,2/17/2023 12:00:00 AM,09:59:27.0045447
9090,UTA Session 2,trial,5,B,D,0,2750.678,16.3430000000003,2/17/2023 12:00:00 AM,09:59:46.5307738
9090,UTA Session 2,trial,6,D,D,1,2769.969,17.799,2/17/2023 12:00:00 AM,10:00:07.2770961
9090,UTA Session 2,trial,7,B,C,0,2790.522,11.8830000000003,2/17/2023 12:00:00 AM,10:00:21.9132304
9090,UTA Session 2,trial,8,D,D,1,2805.276,13.279,2/17/2023 12:00:00 AM,10:00:38.0636652
9090,UTA Session 2,trial,9,C,B,0,2821.381,23.9140000000002,2/17/2023 12:00:00 AM,10:01:04.8015851
9090,UTA Session 2,trial,10,C,C,1,2848.287,6.7140000000004,2/17/2023 12:00:00 AM,10:01:14.5079009
9090,UTA Session 2,trial,11,B,B,1,2857.88,7.06700000000001,2/17/2023 12:00:00 AM,10:01:24.4534373
9090,UTA Session 2,trial,12,E,C,0,2867.975,10.0909999999999,2/17/2023 12:00:00 AM,10:01:37.5717458
9090,UTA Session 2,trial,13,B,B,1,2880.962,8.40200000000004,2/17/2023 12:00:00 AM,10:01:48.8702254
9090,UTA Session 2,trial,14,A,A,1,2892.133,15.8380000000002,2/17/2023 12:00:00 AM,10:02:07.4763655
9090,UTA Session 2,trial,15,E,A,0,2910.946,14.444,2/17/2023 12:00:00 AM,10:02:24.8949086
9090,UTA Session 2,trial,16,B,B,1,2928.297,14.8420000000001,2/17/2023 12:00:00 AM,10:02:42.6430880
9090,UTA Session 2,trial,17,A,A,1,2946.021,5.90199999999959,2/17/2023 12:00:00 AM,10:02:51.4270039
9090,UTA Session 2,trial,18,D,B,0,2954.827,5.44999999999982,2/17/2023 12:00:00 AM,10:02:59.7819582
9090,UTA Session 2,trial,19,E,E,1,2966.178,8.79300000000012,2/17/2023 12:00:00 AM,10:03:14.4755118
9090,UTA Session 2,trial,20,D,D,1,2977.666,8.91300000000001,2/17/2023 12:00:00 AM,10:03:26.0829113
9090,UTA Session 2,trial,21,A,A,1,2989.365,6.73300000000017,2/17/2023 12:00:00 AM,10:03:35.6012573
9090,UTA Session 2,trial,22,A,D,0,2999.403,9.47000000000025,2/17/2023 12:00:00 AM,10:03:48.3767340
9090,UTA Session 2,trial,23,D,D,1,3011.619,4.99399999999969,2/17/2023 12:00:00 AM,10:03:56.1162258
9090,UTA Session 2,trial,24,D,C,0,3019.479,9.14499999999998,2/17/2023 12:00:00 AM,10:04:08.1273706
9090,UTA Session 2,trial,25,E,A,0,3031.419,9.48100000000022,2/17/2023 12:00:00 AM,10:04:20.4035704
9090,UTA Session 2,trial,26,D,A,0,3043.792,7.14899999999989,2/17/2023 12:00:00 AM,10:04:30.4443890
9090,UTA Session 2,trial,27,E,B,0,3053.938,8.34899999999971,2/17/2023 12:00:00 AM,10:04:41.7896403
9090,UTA Session 2,trial,28,C,B,0,3065.165,8.9340000000002,2/17/2023 12:00:00 AM,10:04:53.6014924
9090,UTA Session 2,trial,29,C,A,0,3076.999,10.8140000000003,2/17/2023 12:00:00 AM,10:05:07.3158933
9090,UTA Session 2,trial,30,D,D,1,3090.931,14.1379999999999,2/17/2023 12:00:00 AM,10:05:24.5712272
9090,UTA Session 2,trial,31,C,B,0,3108.004,10.1510000000003,2/17/2023 12:00:00 AM,10:05:37.6579875
9090,UTA Session 2,trial,32,E,D,0,3121.574,10.616,2/17/2023 12:00:00 AM,10:05:51.6918790
9090,UTA Session 2,trial,33,A,D,0,3134.852,6.97400000000016,2/17/2023 12:00:00 AM,10:06:01.3267554
9090,UTA Session 2,trial,34,E,A,0,3145.003,4.79999999999973,2/17/2023 12:00:00 AM,10:06:09.3047735
9089,UTA Session 2,practice,1,B,A,0,2790.429,31.895,2/17/2023 12:00:00 AM,10:22:17.1524113
9089,UTA Session 2,practice,2,B,B,1,2860.966,3.83800000000019,2/17/2023 12:00:00 AM,10:22:59.6311676
9089,UTA Session 2,practice,3,C,A,0,2867.063,6.53699999999981,2/17/2023 12:00:00 AM,10:23:08.4283671
9089,UTA Session 2,practice,4,A,A,1,2876.586,4.68200000000024,2/17/2023 12:00:00 AM,10:23:16.0960732
9089,UTA Session 2,trial,1,B,A,0,2905.145,4.28099999999995,2/17/2023 12:00:00 AM,10:23:44.2553386
9089,UTA Session 2,trial,2,B,A,0,2916.906,6.14199999999983,2/17/2023 12:00:00 AM,10:23:57.8765540
9089,UTA Session 2,trial,3,C,B,0,2925.919,6.16900000000032,2/17/2023 12:00:00 AM,10:24:06.9171196
9089,UTA Session 2,trial,4,A,A,1,2935.335,3.91300000000001,2/17/2023 12:00:00 AM,10:24:14.0776522
9089,UTA Session 2,trial,5,B,E,0,2942.259,6.61299999999983,2/17/2023 12:00:00 AM,10:24:23.7011652
9089,UTA Session 2,trial,6,D,B,0,2953.646,7.76099999999997,2/17/2023 12:00:00 AM,10:24:36.2367273
9089,UTA Session 2,trial,7,B,E,0,2964.687,3.66300000000001,2/17/2023 12:00:00 AM,10:24:43.1790809
9089,UTA Session 2,trial,8,D,B,0,2972.225,1.05099999999993,2/17/2023 12:00:00 AM,10:24:48.1048040
9089,UTA Session 2,trial,9,C,C,1,2977.084,6.64200000000028,2/17/2023 12:00:00 AM,10:24:58.5557440
9089,UTA Session 2,trial,10,C,A,0,2986.672,4.13999999999987,2/17/2023 12:00:00 AM,10:25:05.6416339
9089,UTA Session 2,trial,11,B,B,1,2994.667,7.06700000000001,2/17/2023 12:00:00 AM,10:25:16.5638980
9089,UTA Session 2,trial,12,E,B,0,3005.39,7.23000000000002,2/17/2023 12:00:00 AM,10:25:27.4504897
9089,UTA Session 2,trial,13,B,C,0,3015.6,0.702000000000226,2/17/2023 12:00:00 AM,10:25:31.1308663
9089,UTA Session 2,trial,14,A,C,0,3019.052,0.518000000000029,2/17/2023 12:00:00 AM,10:25:34.3996721
9089,UTA Session 2,trial,15,E,A,0,3022.581,0.447999999999865,2/17/2023 12:00:00 AM,10:25:37.8588545
9089,UTA Session 2,trial,16,B,D,0,3025.81,1.62400000000025,2/17/2023 12:00:00 AM,10:25:42.2641632
9089,UTA Session 2,trial,17,A,A,1,3032.117,6.98299999999972,2/17/2023 12:00:00 AM,10:25:53.9303384
9089,UTA Session 2,trial,18,D,C,0,3041.991,6.77500000000009,2/17/2023 12:00:00 AM,10:26:03.5960363
9089,UTA Session 2,trial,19,E,C,0,3052.327,4.49499999999989,2/17/2023 12:00:00 AM,10:26:11.6519407
9089,UTA Session 2,trial,20,D,A,0,3059.572,1.44900000000007,2/17/2023 12:00:00 AM,10:26:15.8520703
9089,UTA Session 2,trial,21,A,B,0,3063.849,0.792999999999665,2/17/2023 12:00:00 AM,10:26:19.4722798
9089,UTA Session 2,trial,22,A,E,0,3067.297,0.967999999999847,2/17/2023 12:00:00 AM,10:26:23.0951797
9089,UTA Session 2,trial,23,D,D,1,3071.053,1.20000000000027,2/17/2023 12:00:00 AM,10:26:27.0842540
9089,UTA Session 2,trial,24,D,B,0,3075.184,0.611999999999625,2/17/2023 12:00:00 AM,10:26:30.6263324
9089,UTA Session 2,trial,25,E,A,0,3078.514,0.480000000000018,2/17/2023 12:00:00 AM,10:26:33.8236160
9089,UTA Session 2,trial,26,D,E,0,3081.615,0.515000000000327,2/17/2023 12:00:00 AM,10:26:36.9603758
9089,UTA Session 2,trial,27,E,C,0,3084.62,0.539000000000215,2/17/2023 12:00:00 AM,10:26:39.9897661
9089,UTA Session 2,trial,28,C,B,0,3088.127,0.994999999999891,2/17/2023 12:00:00 AM,10:26:43.9518673
9089,UTA Session 2,trial,29,C,D,0,3091.911,0.616999999999734,2/17/2023 12:00:00 AM,10:26:47.3583690
9089,UTA Session 2,trial,30,D,B,0,3095.199,0.782000000000153,2/17/2023 12:00:00 AM,10:26:50.8120927
9089,UTA Session 2,trial,31,C,A,0,3098.838,0.576000000000022,2/17/2023 12:00:00 AM,10:26:54.2444142
9089,UTA Session 2,trial,32,E,C,0,3102.323,0.899000000000342,2/17/2023 12:00:00 AM,10:26:58.0519045
9089,UTA Session 2,trial,33,A,D,0,3105.845,0.829000000000178,2/17/2023 12:00:00 AM,10:27:01.5044976
9089,UTA Session 2,trial,34,E,B,0,3113.162,8.30600000000004,2/17/2023 12:00:00 AM,10:27:16.2984868
9089,UTA Session 2,trial,35,C,D,0,3124.368,0.691000000000258,2/17/2023 12:00:00 AM,10:27:19.8904562
9092,UTA Session 2,practice,1,B,C,0,2359.754,16.0160000000001,2/17/2023 12:00:00 AM,12:55:04.7443288
9092,UTA Session 2,practice,2,B,B,1,2423.364,5.86000000000013,2/17/2023 12:00:00 AM,12:55:58.1962199
9092,UTA Session 2,practice,3,C,C,1,2430.821,4.26099999999997,2/17/2023 12:00:00 AM,12:56:04.0537812
9092,UTA Session 2,practice,4,A,C,0,2436.507,3.15200000000004,2/17/2023 12:00:00 AM,12:56:08.6305035
9092,UTA Session 2,trial,1,B,D,0,2453.453,18.6500000000001,2/17/2023 12:00:00 AM,12:56:41.0765637
9092,UTA Session 2,trial,2,B,B,1,2475.692,16.52,2/17/2023 12:00:00 AM,12:57:01.1842939
9092,UTA Session 2,trial,3,C,D,0,2495.566,5.60400000000027,2/17/2023 12:00:00 AM,12:57:10.1419055
9092,UTA Session 2,trial,4,A,A,1,2506.399,6.76900000000023,2/17/2023 12:00:00 AM,12:57:22.1402485
9092,UTA Session 2,trial,5,B,E,0,2516.186,14.605,2/17/2023 12:00:00 AM,12:57:39.7619696
9092,UTA Session 2,trial,6,D,C,0,2534.354,8.2800000000002,2/17/2023 12:00:00 AM,12:57:51.6049114
9092,UTA Session 2,trial,7,B,D,0,2545.618,19.415,2/17/2023 12:00:00 AM,12:58:14.0033836
9092,UTA Session 2,trial,8,D,D,1,2568.066,9.74400000000014,2/17/2023 12:00:00 AM,12:58:26.7811639
9092,UTA Session 2,trial,9,C,C,1,2580.713,8.26299999999992,2/17/2023 12:00:00 AM,12:58:37.9472686
9092,UTA Session 2,trial,10,C,C,1,2592.184,5.15599999999995,2/17/2023 12:00:00 AM,12:58:46.3115590
9092,UTA Session 2,trial,11,B,C,0,2600.717,10.6010000000001,2/17/2023 12:00:00 AM,12:59:00.2891295
9092,UTA Session 2,trial,12,E,B,0,2626.485,2.63099999999986,2/17/2023 12:00:00 AM,12:59:18.0865045
9092,UTA Session 2,trial,13,B,E,0,2632.348,5.13900000000012,2/17/2023 12:00:00 AM,12:59:26.4570828
9092,UTA Session 2,trial,14,A,A,1,2640.874,4.4970000000003,2/17/2023 12:00:00 AM,12:59:34.3409498
9092,UTA Session 2,trial,15,E,D,0,2648.893,3.92900000000009,2/17/2023 12:00:00 AM,12:59:41.7928832
9092,UTA Session 2,trial,16,B,D,0,2656.826,5.96599999999989,2/17/2023 12:00:00 AM,12:59:51.7616710
9092,UTA Session 2,trial,17,A,E,0,2667.117,12.7979999999998,2/17/2023 12:00:00 AM,13:00:08.8842914
9092,UTA Session 2,trial,18,D,B,0,2682.796,4.77100000000019,2/17/2023 12:00:00 AM,13:00:16.5363037
9092,UTA Session 2,trial,19,E,B,0,2693.046,4.29300000000012,2/17/2023 12:00:00 AM,13:00:26.3083025
9092,UTA Session 2,trial,20,D,D,1,2700.663,6.12800000000016,2/17/2023 12:00:00 AM,13:00:35.7610209
9092,UTA Session 2,trial,21,A,D,0,2709.696,13.0520000000001,2/17/2023 12:00:00 AM,13:00:51.7177888
9092,UTA Session 2,trial,22,A,A,1,2725.767,6.28999999999996,2/17/2023 12:00:00 AM,13:01:01.0268344
9092,UTA Session 2,trial,23,D,A,0,2735.397,7.65599999999995,2/17/2023 12:00:00 AM,13:01:12.0223762
9092,UTA Session 2,trial,24,D,D,1,2746.076,3.57799999999997,2/17/2023 12:00:00 AM,13:01:18.6240295
9092,UTA Session 2,trial,25,E,A,0,2753.04,4.03900000000021,2/17/2023 12:00:00 AM,13:01:26.0481332
9092,UTA Session 2,trial,26,D,B,0,2760.464,4.02100000000019,2/17/2023 12:00:00 AM,13:01:33.4532843
9092,UTA Session 2,trial,27,E,B,0,2767.66,2.70700000000033,2/17/2023 12:00:00 AM,13:01:39.3364855
9092,UTA Session 2,trial,28,C,B,0,2773.465,10.1019999999999,2/17/2023 12:00:00 AM,13:01:52.5354538
9092,UTA Session 2,trial,29,C,D,0,2787.258,8.76500000000033,2/17/2023 12:00:00 AM,13:02:04.9916617
9092,UTA Session 2,trial,30,D,D,1,2798.835,9.30799999999999,2/17/2023 12:00:00 AM,13:02:17.1122072
9092,UTA Session 2,trial,31,C,A,0,2811.123,6.42999999999984,2/17/2023 12:00:00 AM,13:02:26.5211881
9092,UTA Session 2,trial,32,E,B,0,2820.797,5.29599999999982,2/17/2023 12:00:00 AM,13:02:35.0614563
9092,UTA Session 2,trial,33,A,A,1,2829.332,7.51900000000023,2/17/2023 12:00:00 AM,13:02:45.8201445
9092,UTA Session 2,trial,34,E,A,0,2841.246,6.36099999999988,2/17/2023 12:00:00 AM,13:02:56.5756619
9092,UTA Session 2,trial,35,C,A,0,2852.116,5.33500000000004,2/17/2023 12:00:00 AM,13:03:06.4192903
9093,UTA Session 2,practice,1,B,B,1,2704.287,14.7140000000004,2/17/2023 12:00:00 AM,13:08:37.1604828
9093,UTA Session 2,practice,2,B,B,1,2765.517,11.8610000000003,2/17/2023 12:00:00 AM,13:09:35.5366063
9093,UTA Session 2,practice,3,C,C,1,2779.032,9.08599999999979,2/17/2023 12:00:00 AM,13:09:46.2768518
9093,UTA Session 2,practice,4,A,A,1,2789.901,9.04100000000017,2/17/2023 12:00:00 AM,13:09:57.1003467
9093,UTA Session 2,trial,1,B,B,1,2826.723,7.64400000000023,2/17/2023 12:00:00 AM,13:10:32.5266033
9093,UTA Session 2,trial,2,B,C,0,2837.309,6.57199999999966,2/17/2023 12:00:00 AM,13:10:42.0406556
9093,UTA Session 2,trial,3,C,C,1,2846.835,6.05400000000009,2/17/2023 12:00:00 AM,13:10:51.0475834
9093,UTA Session 2,trial,4,A,A,1,2855.904,7.51299999999992,2/17/2023 12:00:00 AM,13:11:01.5764769
9093,UTA Session 2,trial,5,B,A,0,2866.497,9.11200000000008,2/17/2023 12:00:00 AM,13:11:13.7677334
9093,UTA Session 2,trial,6,D,E,0,2878.905,19.1699999999996,2/17/2023 12:00:00 AM,13:11:36.2349212
9093,UTA Session 2,trial,7,B,D,0,2901.166,5.52099999999973,2/17/2023 12:00:00 AM,13:11:44.8451051
9093,UTA Session 2,trial,8,D,E,0,2909.941,9.66600000000017,2/17/2023 12:00:00 AM,13:11:57.7655058
9093,UTA Session 2,trial,9,C,C,1,2929.17,8.51299999999992,2/17/2023 12:00:00 AM,13:12:15.8423647
9093,UTA Session 2,trial,10,C,A,0,2941.583,31.3299999999999,2/17/2023 12:00:00 AM,13:12:51.0729121
9093,UTA Session 2,trial,11,B,D,0,2976.819,5.85199999999986,2/17/2023 12:00:00 AM,13:13:00.8295160
9093,UTA Session 2,trial,12,E,A,0,2989.126,11.1609999999996,2/17/2023 12:00:00 AM,13:13:18.4462702
9093,UTA Session 2,trial,13,B,D,0,3004.844,7.14699999999993,2/17/2023 12:00:00 AM,13:13:30.1506101
9093,UTA Session 2,trial,14,A,A,1,3015.143,9.11000000000013,2/17/2023 12:00:00 AM,13:13:42.4135782
9093,UTA Session 2,trial,15,E,E,1,3027.366,6.9369999999999,2/17/2023 12:00:00 AM,13:13:52.4638928
9093,UTA Session 2,trial,16,B,A,0,3037.296,16.8470000000002,2/17/2023 12:00:00 AM,13:14:12.3037021
9093,UTA Session 2,trial,17,A,A,1,3058.006,21.6910000000003,2/17/2023 12:00:00 AM,13:14:37.8573823
9093,UTA Session 2,trial,18,D,D,1,3082.617,6.66999999999962,2/17/2023 12:00:00 AM,13:14:47.4469419
9093,UTA Session 2,trial,19,E,B,0,3091.952,12.761,2/17/2023 12:00:00 AM,13:15:02.8736139
9093,UTA Session 2,trial,20,D,C,0,3107.706,21.0569999999998,2/17/2023 12:00:00 AM,13:15:26.9241807
9093,UTA Session 2,trial,21,A,E,0,3131.652,6.55999999999995,2/17/2023 12:00:00 AM,13:15:36.3724655
9093,UTA Session 2,trial,22,A,B,0,3141.29,10.3580000000002,2/17/2023 12:00:00 AM,13:15:49.8078638
9093,UTA Session 2,trial,23,D,A,0,3156.171,5.92600000000039,2/17/2023 12:00:00 AM,13:16:00.2567919
9093,UTA Session 2,trial,24,D,D,1,3167.361,20.3099999999999,2/17/2023 12:00:00 AM,13:16:25.8323956
9093,UTA Session 2,trial,25,E,D,0,3190.709,13.8990000000003,2/17/2023 12:00:00 AM,13:16:42.7694677
9093,UTA Session 2,trial,26,D,A,0,3207.839,10.4859999999999,2/17/2023 12:00:00 AM,13:16:56.4861387
9093,UTA Session 2,trial,27,E,E,1,3221.247,15.3760000000002,2/17/2023 12:00:00 AM,13:17:14.7846607
9093,UTA Session 2,trial,28,C,E,0,3239.209,8.30200000000013,2/17/2023 12:00:00 AM,13:17:25.6718702
9093,UTA Session 2,trial,29,C,D,0,3250.556,14.0949999999998,2/17/2023 12:00:00 AM,13:17:42.8120817
9093,UTA Session 2,trial,30,D,E,0,3267.621,5.60799999999972,2/17/2023 12:00:00 AM,13:17:51.3904579
9093,UTA Session 2,trial,31,C,A,0,3276.341,7.03800000000001,2/17/2023 12:00:00 AM,13:18:01.5399438
9096,UTA Session 2,practice,1,B,A,0,2424.284,10.317,2/17/2023 12:00:00 AM,16:02:11.8785463
9096,UTA Session 2,practice,2,B,B,1,2485.172,6.55000000000018,2/17/2023 12:00:00 AM,16:03:09.0000697
9096,UTA Session 2,practice,3,C,C,1,2492.827,11.0969999999998,2/17/2023 12:00:00 AM,16:03:21.2016443
9096,UTA Session 2,practice,4,A,A,1,2505.127,7.82999999999993,2/17/2023 12:00:00 AM,16:03:30.2337243
9096,UTA Session 2,trial,1,B,D,0,2531.098,6.5590000000002,2/17/2023 12:00:00 AM,16:03:54.9354791
9096,UTA Session 2,trial,2,B,B,1,2545.385,6.70299999999997,2/17/2023 12:00:00 AM,16:04:09.3661237
9096,UTA Session 2,trial,3,C,D,0,2555.087,7.11999999999989,2/17/2023 12:00:00 AM,16:04:19.4857046
9096,UTA Session 2,trial,4,A,A,1,2566.993,6.17100000000028,2/17/2023 12:00:00 AM,16:04:30.4428221
9096,UTA Session 2,trial,5,B,A,0,2576.365,5.53300000000036,2/17/2023 12:00:00 AM,16:04:39.1769504
9096,UTA Session 2,trial,6,D,C,0,2585.324,7.61999999999989,2/17/2023 12:00:00 AM,16:04:50.2227118
9096,UTA Session 2,trial,7,B,B,1,2596.36,10.625,2/17/2023 12:00:00 AM,16:05:04.2635691
9096,UTA Session 2,trial,8,D,B,0,2610.163,7.82400000000007,2/17/2023 12:00:00 AM,16:05:15.2663891
9096,UTA Session 2,trial,9,C,C,1,2621.345,3.63700000000017,2/17/2023 12:00:00 AM,16:05:22.2596581
9096,UTA Session 2,trial,10,C,C,1,2627.86,4.70299999999997,2/17/2023 12:00:00 AM,16:05:29.8409211
9096,UTA Session 2,trial,11,B,B,1,2635.682,5.62900000000036,2/17/2023 12:00:00 AM,16:05:38.5889285
9096,UTA Session 2,trial,12,E,C,0,2644.238,4.34500000000025,2/17/2023 12:00:00 AM,16:05:45.8612596
9096,UTA Session 2,trial,13,B,A,0,2652.135,9.88799999999992,2/17/2023 12:00:00 AM,16:05:59.3013428
9096,UTA Session 2,trial,14,A,E,0,2665.041,8.76999999999998,2/17/2023 12:00:00 AM,16:06:11.0899528
9096,UTA Session 2,trial,15,E,A,0,2676.653,7.22600000000011,2/17/2023 12:00:00 AM,16:06:21.1577689
9096,UTA Session 2,trial,16,B,B,1,2687.198,7.65300000000025,2/17/2023 12:00:00 AM,16:06:32.1293992
9096,UTA Session 2,trial,17,A,D,0,2697.809,6.10899999999992,2/17/2023 12:00:00 AM,16:06:41.1975859
9096,UTA Session 2,trial,18,D,D,1,2707.159,10.5119999999997,2/17/2023 12:00:00 AM,16:06:54.9505031
9096,UTA Session 2,trial,19,E,B,0,2720.45,5.91100000000006,2/17/2023 12:00:00 AM,16:07:03.6394700
9096,UTA Session 2,trial,20,D,D,1,2729.46,5.24299999999994,2/17/2023 12:00:00 AM,16:07:11.9824527
9096,UTA Session 2,trial,21,A,E,0,2737.424,5.81100000000015,2/17/2023 12:00:00 AM,16:07:20.5137486
9096,UTA Session 2,trial,22,A,B,0,2746.214,4.26700000000028,2/17/2023 12:00:00 AM,16:07:27.7594761
9096,UTA Session 2,trial,23,D,D,1,2753.626,8.19699999999966,2/17/2023 12:00:00 AM,16:07:39.1023263
9096,UTA Session 2,trial,24,D,D,1,2764.591,2.26000000000022,2/17/2023 12:00:00 AM,16:07:44.1304520
9096,UTA Session 2,trial,25,E,A,0,2769.662,8.30100000000039,2/17/2023 12:00:00 AM,16:07:55.2421379
9096,UTA Session 2,trial,26,D,D,1,2782.426,5.42700000000013,2/17/2023 12:00:00 AM,16:08:05.1324406
9096,UTA Session 2,trial,27,E,B,0,2790.609,3.13599999999997,2/17/2023 12:00:00 AM,16:08:11.0242572
9096,UTA Session 2,trial,28,C,C,1,2796.985,4.98000000000002,2/17/2023 12:00:00 AM,16:08:19.2444354
9096,UTA Session 2,trial,29,C,C,1,2804.906,4.03099999999995,2/17/2023 12:00:00 AM,16:08:26.2158848
9096,UTA Session 2,trial,30,D,C,0,2811.769,3.70800000000008,2/17/2023 12:00:00 AM,16:08:32.7566639
9096,UTA Session 2,trial,31,C,B,0,2818.375,3.0920000000001,2/17/2023 12:00:00 AM,16:08:38.7462753
9096,UTA Session 2,trial,32,E,E,1,2824.991,5.14800000000014,2/17/2023 12:00:00 AM,16:08:47.4184557
9096,UTA Session 2,trial,33,A,C,0,2832.929,4.21799999999985,2/17/2023 12:00:00 AM,16:08:54.4266956
9096,UTA Session 2,trial,34,E,A,0,2840.022,6.59099999999989,2/17/2023 12:00:00 AM,16:09:03.8919430
9096,UTA Session 2,trial,35,C,E,0,2849.834,6.53300000000036,2/17/2023 12:00:00 AM,16:09:13.6458047
9095,UTA Session 2,practice,1,B,D,0,2518.986,11.7330000000002,2/17/2023 12:00:00 AM,16:02:12.3968953
9095,UTA Session 2,practice,2,B,B,1,2550.896,5.62199999999984,2/17/2023 12:00:00 AM,16:02:38.1946523
9095,UTA Session 2,practice,3,C,E,0,2557.866,12.1840000000002,2/17/2023 12:00:00 AM,16:02:51.7259891
9095,UTA Session 2,practice,4,A,B,0,2573.576,20.779,2/17/2023 12:00:00 AM,16:03:16.0313548
9095,UTA Session 2,trial,1,B,B,1,2611.047,14.0740000000001,2/17/2023 12:00:00 AM,16:03:46.7996989
9095,UTA Session 2,trial,2,B,B,1,2628.378,9.44799999999987,2/17/2023 12:00:00 AM,16:03:59.5025145
9095,UTA Session 2,trial,3,C,C,1,2641.698,11.0100000000002,2/17/2023 12:00:00 AM,16:04:14.3841612
9095,UTA Session 2,trial,4,A,A,1,2655.917,6.14100000000008,2/17/2023 12:00:00 AM,16:04:23.7345522
9095,UTA Session 2,trial,5,B,B,1,2665.426,25.5520000000001,2/17/2023 12:00:00 AM,16:04:52.6543230
9095,UTA Session 2,trial,6,D,D,1,2694.196,6.67399999999998,2/17/2023 12:00:00 AM,16:05:02.5467463
9095,UTA Session 2,trial,7,B,C,0,2703.771,5.21699999999964,2/17/2023 12:00:00 AM,16:05:10.6647657
9095,UTA Session 2,trial,8,D,B,0,2717.712,11.3440000000001,2/17/2023 12:00:00 AM,16:05:30.7316559
9095,UTA Session 2,trial,9,C,C,1,2732.135,11.1489999999999,2/17/2023 12:00:00 AM,16:05:44.9611401
9095,UTA Session 2,trial,10,C,A,0,2746.668,9.86400000000003,2/17/2023 12:00:00 AM,16:05:58.2079982
9095,UTA Session 2,trial,11,B,E,0,2761.954,7.97199999999975,2/17/2023 12:00:00 AM,16:06:11.6017599
9095,UTA Session 2,trial,12,E,A,0,2772.845,10.1370000000002,2/17/2023 12:00:00 AM,16:06:24.6580484
9095,UTA Session 2,trial,13,B,D,0,2786.067,4.37300000000005,2/17/2023 12:00:00 AM,16:06:32.1154261
9095,UTA Session 2,trial,14,A,A,1,2793.136,8.33100000000013,2/17/2023 12:00:00 AM,16:06:43.1435871
9095,UTA Session 2,trial,15,E,D,0,2804.768,8.12800000000016,2/17/2023 12:00:00 AM,16:06:54.5725775
9095,UTA Session 2,trial,16,B,C,0,2815.958,6.15200000000004,2/17/2023 12:00:00 AM,16:07:03.7854694
9095,UTA Session 2,trial,17,A,A,1,2824.986,5.44599999999991,2/17/2023 12:00:00 AM,16:07:12.1082103
9095,UTA Session 2,trial,18,D,B,0,2833.381,9.65900000000011,2/17/2023 12:00:00 AM,16:07:24.7165531
9095,UTA Session 2,trial,19,E,B,0,2846.018,2.41800000000012,2/17/2023 12:00:00 AM,16:07:30.1109705
9095,UTA Session 2,trial,20,D,D,1,2851.727,3.73900000000003,2/17/2023 12:00:00 AM,16:07:37.1425010
9095,UTA Session 2,trial,21,A,B,0,2858.068,2.70399999999972,2/17/2023 12:00:00 AM,16:07:42.4479331
9095,UTA Session 2,trial,22,A,C,0,2863.666,0.58199999999988,2/17/2023 12:00:00 AM,16:07:45.9230444
9095,UTA Session 2,trial,23,D,B,0,2866.921,0.771000000000186,2/17/2023 12:00:00 AM,16:07:49.3671505
9095,UTA Session 2,trial,24,D,D,1,2870.663,3.85699999999997,2/17/2023 12:00:00 AM,16:07:56.1956456
9095,UTA Session 2,trial,25,E,D,0,2877.575,4.12000000000035,2/17/2023 12:00:00 AM,16:08:03.3698579
9095,UTA Session 2,trial,26,D,A,0,2884.431,3.50399999999991,2/17/2023 12:00:00 AM,16:08:09.6084912
9095,UTA Session 2,trial,27,E,D,0,2890.931,3.32299999999987,2/17/2023 12:00:00 AM,16:08:15.9281395
9095,UTA Session 2,trial,28,C,E,0,2897.311,4.08599999999979,2/17/2023 12:00:00 AM,16:08:23.0712509
9095,UTA Session 2,trial,29,C,B,0,2903.982,2.73399999999992,2/17/2023 12:00:00 AM,16:08:28.3896922
9095,UTA Session 2,trial,30,D,D,1,2910.007,4.40099999999984,2/17/2023 12:00:00 AM,16:08:36.0825245
9095,UTA Session 2,trial,31,C,B,0,2917.124,4.36100000000033,2/17/2023 12:00:00 AM,16:08:43.1585077
9095,UTA Session 2,trial,32,E,C,0,2924.387,3.875,2/17/2023 12:00:00 AM,16:08:49.9344181
9095,UTA Session 2,trial,33,A,E,0,2931.031,4.75599999999986,2/17/2023 12:00:00 AM,16:08:57.4589186
9095,UTA Session 2,trial,34,E,A,0,2938.733,4.8779999999997,2/17/2023 12:00:00 AM,16:09:05.2822826
9095,UTA Session 2,trial,35,C,E,0,2947.058,7.88299999999981,2/17/2023 12:00:00 AM,16:09:16.6128440
9097,UTA Session 2,practice,1,B,A,0,2044.718,59.008,2/17/2023 12:00:00 AM,16:22:10.1500336
9097,UTA Session 2,practice,2,B,E,0,2313.069,47.636,2/17/2023 12:00:00 AM,16:26:27.1317650
9097,UTA Session 2,practice,3,C,C,1,2386.085,28.2240000000002,2/17/2023 12:00:00 AM,16:27:20.7358879
9097,UTA Session 2,practice,4,A,A,1,2421.947,43.692,2/17/2023 12:00:00 AM,16:28:12.0660917
9097,UTA Session 2,trial,1,B,A,0,2532.775,21.5720000000001,2/17/2023 12:00:00 AM,16:29:40.7752924
9097,UTA Session 2,trial,2,B,A,0,2558.616,17.1990000000001,2/17/2023 12:00:00 AM,16:30:02.2411482
9097,UTA Session 2,trial,3,C,A,0,2586.309,15.6349999999998,2/17/2023 12:00:00 AM,16:30:28.3708311
9097,UTA Session 2,trial,4,A,A,1,2607.38,13.4760000000001,2/17/2023 12:00:00 AM,16:30:47.2841897
9097,UTA Session 2,trial,5,B,D,0,2624.583,25.627,2/17/2023 12:00:00 AM,16:31:16.6374334
9097,UTA Session 2,trial,6,D,D,1,2654.884,34.0740000000001,2/17/2023 12:00:00 AM,16:31:55.3859557
9097,UTA Session 2,trial,7,B,D,0,2692.557,13.9590000000003,2/17/2023 12:00:00 AM,16:32:12.9434127
9097,UTA Session 2,trial,8,D,C,0,2711.463,11.7709999999997,2/17/2023 12:00:00 AM,16:32:29.6609497
9097,UTA Session 2,trial,9,C,A,0,2727.172,16.6959999999999,2/17/2023 12:00:00 AM,16:32:50.2953607
9097,UTA Session 2,trial,10,C,A,0,2753.623,14.855,2/17/2023 12:00:00 AM,16:33:14.9053472
9097,UTA Session 2,trial,11,B,B,1,2773.315,13.1790000000001,2/17/2023 12:00:00 AM,16:33:32.9212247
9097,UTA Session 2,trial,12,E,A,0,2790.458,11.038,2/17/2023 12:00:00 AM,16:33:47.9234774
9097,UTA Session 2,trial,13,B,C,0,2805.248,12.5259999999998,2/17/2023 12:00:00 AM,16:34:04.2010589
9097,UTA Session 2,trial,14,A,A,1,2825.523,19.4789999999998,2/17/2023 12:00:00 AM,16:34:31.4293950
9097,UTA Session 2,trial,15,E,D,0,2849.186,11.4899999999998,2/17/2023 12:00:00 AM,16:34:47.1034716
9097,UTA Session 2,trial,16,B,A,0,2870.29,20.462,2/17/2023 12:00:00 AM,16:35:17.1796524
9097,UTA Session 2,trial,17,A,A,1,2894.533,17.835,2/17/2023 12:00:00 AM,16:35:38.7962021
9097,UTA Session 2,trial,18,D,D,1,2916.035,8.45900000000029,2/17/2023 12:00:00 AM,16:35:50.9221494
9097,UTA Session 2,trial,19,E,E,1,2928.012,10.2059999999997,2/17/2023 12:00:00 AM,16:36:04.6460434
9097,UTA Session 2,trial,20,D,C,0,2941.686,5.02799999999979,2/17/2023 12:00:00 AM,16:36:13.1416465
9097,UTA Session 2,trial,21,A,A,1,2950.433,4.08899999999994,2/17/2023 12:00:00 AM,16:36:20.9501243
9097,UTA Session 2,trial,22,A,B,0,2958.739,6.49099999999999,2/17/2023 12:00:00 AM,16:36:31.6578109
9097,UTA Session 2,trial,23,D,A,0,2968.713,2.50900000000001,2/17/2023 12:00:00 AM,16:36:37.6495499
9097,UTA Session 2,trial,24,D,C,0,2974.727,3.27500000000009,2/17/2023 12:00:00 AM,16:36:44.4291085
9097,UTA Session 2,trial,25,E,B,0,2981.09,11.444,2/17/2023 12:00:00 AM,16:36:58.9606754
9071,UTA Session 2,practice,1,B,B,1,2564.278,36.5950000000003,2/21/2023 12:00:00 AM,16:29:25.1037470
9071,UTA Session 2,practice,2,B,E,0,2638.417,13.5970000000002,2/21/2023 12:00:00 AM,16:30:16.2419735
9071,UTA Session 2,practice,3,C,C,1,2655.137,7.56700000000001,2/21/2023 12:00:00 AM,16:30:26.9315170
9071,UTA Session 2,practice,4,A,A,1,2663.937,2.47200000000021,2/21/2023 12:00:00 AM,16:30:30.6365752
9071,UTA Session 2,trial,1,B,B,1,2680.13,6.42499999999973,2/21/2023 12:00:00 AM,16:30:50.7842698
9071,UTA Session 2,trial,2,B,B,1,2689.576,4.33399999999983,2/21/2023 12:00:00 AM,16:30:58.1372938
9071,UTA Session 2,trial,3,C,C,1,2696.831,2.87199999999984,2/21/2023 12:00:00 AM,16:31:03.9306464
9071,UTA Session 2,trial,4,A,A,1,2702.484,6.89899999999989,2/21/2023 12:00:00 AM,16:31:13.6114530
9071,UTA Session 2,trial,5,B,B,1,2712.224,7.32299999999987,2/21/2023 12:00:00 AM,16:31:23.7741644
9071,UTA Session 2,trial,6,D,D,1,2722.382,4.49600000000009,2/21/2023 12:00:00 AM,16:31:31.1059462
9071,UTA Session 2,trial,7,B,D,0,2729.603,6.01800000000003,2/21/2023 12:00:00 AM,16:31:39.8481670
9071,UTA Session 2,trial,8,D,D,1,2739.096,9.53499999999985,2/21/2023 12:00:00 AM,16:31:52.8584504
9071,UTA Session 2,trial,9,C,C,1,2751.478,5.83100000000013,2/21/2023 12:00:00 AM,16:32:01.5360632
9071,UTA Session 2,trial,10,C,C,1,2760.091,5.03800000000001,2/21/2023 12:00:00 AM,16:32:09.3558871
9071,UTA Session 2,trial,11,B,D,0,2768.607,8.80499999999984,2/21/2023 12:00:00 AM,16:32:21.6384152
9071,UTA Session 2,trial,12,E,C,0,2781.352,6.19500000000016,2/21/2023 12:00:00 AM,16:32:31.7742073
9071,UTA Session 2,trial,13,B,B,1,2790.606,5.65499999999975,2/21/2023 12:00:00 AM,16:32:40.4869104
9071,UTA Session 2,trial,14,A,A,1,2799.109,3.60600000000022,2/21/2023 12:00:00 AM,16:32:46.9417777
9071,UTA Session 2,trial,15,E,A,0,2805.624,2.62100000000009,2/21/2023 12:00:00 AM,16:32:52.4715478
9071,UTA Session 2,trial,16,B,B,1,2826.201,4.13200000000006,2/21/2023 12:00:00 AM,16:33:14.5599922
9071,UTA Session 2,trial,17,A,A,1,2833.259,4.5329999999999,2/21/2023 12:00:00 AM,16:33:22.0188088
9071,UTA Session 2,trial,18,D,D,1,2840.931,5.4670000000001,2/21/2023 12:00:00 AM,16:33:30.6242302
9071,UTA Session 2,trial,19,E,C,0,2849.069,5.75399999999991,2/21/2023 12:00:00 AM,16:33:39.0490164
9071,UTA Session 2,trial,20,D,E,0,2857.678,7.54600000000028,2/21/2023 12:00:00 AM,16:33:49.4504513
9071,UTA Session 2,trial,21,A,A,1,2868.854,6.6850000000004,2/21/2023 12:00:00 AM,16:33:59.7655562
9071,UTA Session 2,trial,22,A,A,1,2878.393,5.29199999999992,2/21/2023 12:00:00 AM,16:34:07.9116674
9071,UTA Session 2,trial,23,D,D,1,2886.619,5.62699999999995,2/21/2023 12:00:00 AM,16:34:16.4733446
9071,UTA Session 2,trial,24,D,D,1,2894.995,4.95800000000008,2/21/2023 12:00:00 AM,16:34:24.1789252
9071,UTA Session 2,trial,25,E,E,1,2902.676,6.34700000000021,2/21/2023 12:00:00 AM,16:34:33.2486598
9071,UTA Session 2,trial,26,D,B,0,2911.793,2.83899999999994,2/21/2023 12:00:00 AM,16:34:38.8578217
9071,UTA Session 2,trial,27,E,D,0,2917.636,6.73900000000003,2/21/2023 12:00:00 AM,16:34:48.6003034
9071,UTA Session 2,trial,28,C,C,1,2927.219,4.68899999999985,2/21/2023 12:00:00 AM,16:34:56.1342608
9071,UTA Session 2,trial,29,C,D,0,2934.932,10.6850000000004,2/21/2023 12:00:00 AM,16:35:09.8428313
9071,UTA Session 2,trial,30,D,D,1,2948.943,3.89599999999973,2/21/2023 12:00:00 AM,16:35:17.0643810
9071,UTA Session 2,trial,31,C,A,0,2955.575,8.23500000000013,2/21/2023 12:00:00 AM,16:35:28.0355023
9071,UTA Session 2,trial,32,E,E,1,2966.564,9.63300000000027,2/21/2023 12:00:00 AM,16:35:40.4215319
9071,UTA Session 2,trial,33,A,A,1,2978.884,5.60300000000007,2/21/2023 12:00:00 AM,16:35:48.7121000
9071,UTA Session 2,trial,34,E,A,0,2987.182,5.19200000000001,2/21/2023 12:00:00 AM,16:35:56.5992536
9071,UTA Session 2,trial,35,C,C,1,2998.901,3.64900000000034,2/21/2023 12:00:00 AM,16:36:06.7749233
9080,UTA Session 2,practice,1,B,A,0,2325.13,14.3499999999999,2/22/2023 12:00:00 AM,15:58:16.7574467
9080,UTA Session 2,practice,2,B,C,0,2386.06,15.616,2/22/2023 12:00:00 AM,15:59:18.9514220
9080,UTA Session 2,practice,3,C,C,1,2405.267,14.9970000000003,2/22/2023 12:00:00 AM,15:59:37.5392109
9080,UTA Session 2,practice,4,A,A,1,2424.222,9.09699999999975,2/22/2023 12:00:00 AM,15:59:50.5947144
9080,UTA Session 2,trial,1,B,D,0,2452.16,11.2440000000001,2/22/2023 12:00:00 AM,16:00:20.6816536
9080,UTA Session 2,trial,2,B,E,0,2466.569,9.2800000000002,2/22/2023 12:00:00 AM,16:00:33.1249667
9080,UTA Session 2,trial,3,C,A,0,2480.999,10.0430000000001,2/22/2023 12:00:00 AM,16:00:48.3178954
9080,UTA Session 2,trial,4,A,A,1,2494.189,7.71600000000035,2/22/2023 12:00:00 AM,16:00:59.1813778
9080,UTA Session 2,trial,5,B,A,0,2504.97,14.5350000000003,2/22/2023 12:00:00 AM,16:01:16.7808085
9080,UTA Session 2,trial,6,D,D,1,2522.82,6.98499999999967,2/22/2023 12:00:00 AM,16:01:27.0815196
9080,UTA Session 2,trial,7,B,D,0,2532.679,12.6970000000001,2/22/2023 12:00:00 AM,16:01:42.6520054
9080,UTA Session 2,trial,8,D,D,1,2550.783,7.96399999999994,2/22/2023 12:00:00 AM,16:01:56.0229239
9080,UTA Session 2,trial,9,C,B,0,2561.762,13.1479999999997,2/22/2023 12:00:00 AM,16:02:12.1855718
9080,UTA Session 2,trial,10,C,C,1,2578.026,6.971,2/22/2023 12:00:00 AM,16:02:22.2728935
9080,UTA Session 2,trial,11,B,E,0,2588.088,7.96799999999985,2/22/2023 12:00:00 AM,16:02:33.3310256
9080,UTA Session 2,trial,12,E,B,0,2604.138,11.8400000000001,2/22/2023 12:00:00 AM,16:02:53.2528489
9080,UTA Session 2,trial,13,B,C,0,2618.876,9.56099999999969,2/22/2023 12:00:00 AM,16:03:05.7120876
9080,UTA Session 2,trial,14,A,A,1,2632.292,6.28099999999995,2/22/2023 12:00:00 AM,16:03:15.8492696
9080,UTA Session 2,trial,15,E,A,0,2641.801,9.55200000000013,2/22/2023 12:00:00 AM,16:03:28.6280370
9080,UTA Session 2,trial,16,B,A,0,2659.534,12.989,2/22/2023 12:00:00 AM,16:03:49.7982414
9080,UTA Session 2,trial,17,A,A,1,2677.173,8.36400000000003,2/22/2023 12:00:00 AM,16:04:02.8123295
9080,UTA Session 2,trial,18,D,D,1,2688.445,7.19599999999991,2/22/2023 12:00:00 AM,16:04:12.9163469
9080,UTA Session 2,trial,19,E,E,1,2698.418,9.77399999999989,2/22/2023 12:00:00 AM,16:04:25.4664183
9080,UTA Session 2,trial,20,D,E,0,2710.952,12.3899999999999,2/22/2023 12:00:00 AM,16:04:40.6173913
9080,UTA Session 2,trial,21,A,E,0,2726.593,7.36400000000003,2/22/2023 12:00:00 AM,16:04:51.2322874
9080,UTA Session 2,trial,22,A,B,0,2743.543,12.797,2/22/2023 12:00:00 AM,16:05:13.6151023
9080,UTA Session 2,trial,23,D,D,1,2759.66,10.7540000000004,2/22/2023 12:00:00 AM,16:05:27.6886213
9080,UTA Session 2,trial,24,D,E,0,2773.176,10.3850000000002,2/22/2023 12:00:00 AM,16:05:40.8365738
9080,UTA Session 2,trial,25,E,D,0,2786.409,6.9699999999998,2/22/2023 12:00:00 AM,16:05:50.6536505
9080,UTA Session 2,trial,26,D,D,1,2797.446,3.89400000000023,2/22/2023 12:00:00 AM,16:05:58.6148506
9080,UTA Session 2,trial,27,E,E,1,2804.163,10.8290000000002,2/22/2023 12:00:00 AM,16:06:12.2671580
9080,UTA Session 2,trial,28,C,A,0,2817.949,7.50999999999976,2/22/2023 12:00:00 AM,16:06:22.7343781
9080,UTA Session 2,trial,29,C,E,0,2829.126,6.68499999999995,2/22/2023 12:00:00 AM,16:06:33.0864902
9080,UTA Session 2,trial,30,D,D,1,2843.007,7.37300000000005,2/22/2023 12:00:00 AM,16:06:47.6549187
9080,UTA Session 2,trial,31,C,A,0,2853.282,11.2570000000001,2/22/2023 12:00:00 AM,16:07:01.8138123
9080,UTA Session 2,trial,32,E,C,0,2868.724,4.88899999999967,2/22/2023 12:00:00 AM,16:07:10.8878599
9080,UTA Session 2,trial,33,A,D,0,2876.704,1.39999999999964,2/22/2023 12:00:00 AM,16:07:15.3775654
9080,UTA Session 2,trial,34,E,A,0,2880.884,2.25199999999995,2/22/2023 12:00:00 AM,16:07:20.4102623
9080,UTA Session 2,trial,35,C,B,0,2887.129,3.51999999999998,2/22/2023 12:00:00 AM,16:07:27.9232196
9101,UTA Session 2,practice,1,B,D,0,2569.258,62.4930000000004,4/3/2023 12:00:00 AM,16:03:04.8500166
9101,UTA Session 2,practice,2,B,B,1,2741.271,15.346,4/3/2023 12:00:00 AM,16:05:09.7138303
9101,UTA Session 2,practice,3,C,A,0,2758.844,7.00700000000006,4/3/2023 12:00:00 AM,16:05:18.9475350
9101,UTA Session 2,practice,4,A,E,0,2769.941,20.8680000000004,4/3/2023 12:00:00 AM,16:05:43.9057791
9101,UTA Session 2,trial,1,B,D,0,2808.07,34.8269999999998,4/3/2023 12:00:00 AM,16:06:35.9953562
9101,UTA Session 2,trial,2,B,A,0,2849.684,38.9879999999998,4/3/2023 12:00:00 AM,16:07:21.7695677
9101,UTA Session 2,trial,3,C,E,0,2892.166,6.51599999999962,4/3/2023 12:00:00 AM,16:07:31.7793282
9101,UTA Session 2,trial,4,A,A,1,2901.637,10.4549999999999,4/3/2023 12:00:00 AM,16:07:45.1893885
9101,UTA Session 2,trial,5,B,B,1,2915.802,7.62300000000005,4/3/2023 12:00:00 AM,16:07:56.5217387
9101,UTA Session 2,trial,6,D,E,0,2926.619,15.7829999999999,4/3/2023 12:00:00 AM,16:08:15.4992589
9101,UTA Session 2,trial,7,B,E,0,2946.589,25.663,4/3/2023 12:00:00 AM,16:08:45.3492969
9101,UTA Session 2,trial,8,D,B,0,2976.488,12.2400000000002,4/3/2023 12:00:00 AM,16:09:01.8258532
9101,UTA Session 2,trial,9,C,A,0,2992.036,10.674,4/3/2023 12:00:00 AM,16:09:15.8068299
9101,UTA Session 2,trial,10,C,D,0,3005.766,15.0039999999999,4/3/2023 12:00:00 AM,16:09:33.8671892
9101,UTA Session 2,trial,11,B,A,0,3023.966,5.00199999999995,4/3/2023 12:00:00 AM,16:09:42.0650178
9101,UTA Session 2,trial,12,E,E,1,3032.363,9.12000000000035,4/3/2023 12:00:00 AM,16:09:54.5807075
9101,UTA Session 2,trial,13,B,C,0,3044.649,14.8490000000002,4/3/2023 12:00:00 AM,16:10:12.5955591
9101,UTA Session 2,trial,14,A,B,0,3063.04,7.57200000000012,4/3/2023 12:00:00 AM,16:10:23.7094453
9101,UTA Session 2,trial,15,E,D,0,3077.085,9.75999999999976,4/3/2023 12:00:00 AM,16:10:39.9417208
9101,UTA Session 2,trial,16,B,A,0,3090.356,9.32599999999957,4/3/2023 12:00:00 AM,16:10:52.7789665
9101,UTA Session 2,trial,17,A,C,0,3102.821,7.56700000000001,4/3/2023 12:00:00 AM,16:11:03.4846573
9101,UTA Session 2,trial,18,D,C,0,3113.336,10.0810000000001,4/3/2023 12:00:00 AM,16:11:16.5143687
9101,UTA Session 2,trial,19,E,A,0,3126.386,7.42799999999988,4/3/2023 12:00:00 AM,16:11:26.9110548
9101,UTA Session 2,trial,20,D,D,1,3136.619,1.33899999999994,4/3/2023 12:00:00 AM,16:11:31.0553290
9101,UTA Session 2,trial,21,A,B,0,3140.61,1.77399999999989,4/3/2023 12:00:00 AM,16:11:35.4815879
9101,UTA Session 2,trial,22,A,A,1,3145.948,5.5,4/3/2023 12:00:00 AM,16:11:44.5457658
9101,UTA Session 2,trial,23,D,C,0,3154.564,10.3320000000003,4/3/2023 12:00:00 AM,16:11:57.9930815
9101,UTA Session 2,trial,24,D,C,0,3167.76,5.91799999999967,4/3/2023 12:00:00 AM,16:12:06.7749386
9101,UTA Session 2,trial,25,E,A,0,3176.463,1.93599999999969,4/3/2023 12:00:00 AM,16:12:11.4953604
9101,UTA Session 2,trial,26,D,E,0,3181.458,2.75599999999986,4/3/2023 12:00:00 AM,16:12:17.3109391
9101,UTA Session 2,trial,27,E,D,0,3186.909,5.36200000000008,4/3/2023 12:00:00 AM,16:12:25.3684821
9101,UTA Session 2,trial,28,C,B,0,3195.058,9.43299999999999,4/3/2023 12:00:00 AM,16:12:37.5885964
9101,UTA Session 2,trial,29,C,A,0,3207.721,3.53400000000011,4/3/2023 12:00:00 AM,16:12:44.3516698
9101,UTA Session 2,trial,30,D,B,0,3214.347,5.75099999999975,4/3/2023 12:00:00 AM,16:12:53.1952709
9101,UTA Session 2,trial,31,C,B,0,3223.261,9.32900000000018,4/3/2023 12:00:00 AM,16:13:05.6868457
9101,UTA Session 2,trial,32,E,C,0,3235.667,4.14499999999998,4/3/2023 12:00:00 AM,16:13:12.9085512
9101,UTA Session 2,trial,33,A,D,0,3242.675,2.60299999999961,4/3/2023 12:00:00 AM,16:13:18.3755607
9101,UTA Session 2,trial,34,E,A,0,3248.18,2.36599999999999,4/3/2023 12:00:00 AM,16:13:23.6430008
9101,UTA Session 2,trial,35,C,B,0,3256.547,1.44500000000016,4/3/2023 12:00:00 AM,16:13:31.0892806
9102,UTA Session 2,practice,1,B,B,1,3258.658,35.038,4/3/2023 12:00:00 AM,16:21:22.5013109
9102,UTA Session 2,practice,2,B,C,0,3389.291,9.90999999999985,4/3/2023 12:00:00 AM,16:23:08.0059341
9102,UTA Session 2,practice,3,C,C,1,3408.714,24.5410000000002,4/3/2023 12:00:00 AM,16:23:42.0596670
9102,UTA Session 2,practice,4,A,A,1,3435.372,25.1580000000004,4/3/2023 12:00:00 AM,16:24:09.3347094
9102,UTA Session 2,trial,1,B,B,1,3492.155,14.6479999999997,4/3/2023 12:00:00 AM,16:24:55.6099272
9102,UTA Session 2,trial,2,B,B,1,3510.041,14.0539999999996,4/3/2023 12:00:00 AM,16:25:12.9015182
9102,UTA Session 2,trial,3,C,C,1,3527.059,6.5319999999997,4/3/2023 12:00:00 AM,16:25:22.3971658
9102,UTA Session 2,trial,4,A,A,1,3536.514,8.70499999999993,4/3/2023 12:00:00 AM,16:25:34.0251642
9102,UTA Session 2,trial,5,B,A,0,3548.052,31.0049999999997,4/3/2023 12:00:00 AM,16:26:07.8632932
9102,UTA Session 2,trial,6,D,C,0,3592.764,42.5989999999997,4/3/2023 12:00:00 AM,16:27:04.1698699
9102,UTA Session 2,trial,7,B,C,0,3644.725,9.18299999999999,4/3/2023 12:00:00 AM,16:27:22.7146361
9102,UTA Session 2,trial,8,D,D,1,3658.829,21.866,4/3/2023 12:00:00 AM,16:27:49.5028451
9102,UTA Session 2,trial,9,C,C,1,3683.563,16.5799999999999,4/3/2023 12:00:00 AM,16:28:08.9502333
9102,UTA Session 2,trial,10,C,C,1,3703.219,15.422,4/3/2023 12:00:00 AM,16:28:27.4488405
9102,UTA Session 2,trial,11,B,B,1,3721.75,13.4169999999999,4/3/2023 12:00:00 AM,16:28:43.9752829
9102,UTA Session 2,trial,12,E,A,0,3738.245,18.1500000000001,4/3/2023 12:00:00 AM,16:29:05.2036290
9102,UTA Session 2,trial,13,B,C,0,3760.804,12.5349999999999,4/3/2023 12:00:00 AM,16:29:22.1488749
9102,UTA Session 2,trial,14,A,A,1,3782.725,17.0900000000001,4/3/2023 12:00:00 AM,16:29:48.6244744
9102,UTA Session 2,trial,15,E,E,1,3802.782,27.6669999999999,4/3/2023 12:00:00 AM,16:30:19.2592111
9102,UTA Session 2,trial,16,B,C,0,3833.653,10.0420000000004,4/3/2023 12:00:00 AM,16:30:32.5052363
9102,UTA Session 2,trial,17,A,A,1,3846.541,11.7539999999999,4/3/2023 12:00:00 AM,16:30:47.1051665
9102,UTA Session 2,trial,18,D,D,1,3861.106,10.799,4/3/2023 12:00:00 AM,16:31:00.7154930
9102,UTA Session 2,trial,19,E,E,1,3874.456,25.3969999999999,4/3/2023 12:00:00 AM,16:31:28.6646955
9102,UTA Session 2,trial,20,D,D,1,3902.546,11.5550000000003,4/3/2023 12:00:00 AM,16:31:42.9130112
9102,UTA Session 2,trial,21,A,A,1,3917.048,10.7250000000004,4/3/2023 12:00:00 AM,16:31:56.5845870
9102,UTA Session 2,trial,22,A,A,1,3930.622,12.2950000000001,4/3/2023 12:00:00 AM,16:32:11.7288766
9103,UTA Session 2,practice,1,B,B,1,1949.248,13.1189999999999,4/4/2023 12:00:00 AM,09:51:23.6822082
9103,UTA Session 2,practice,2,B,B,1,1971.587,4.952,4/4/2023 12:00:00 AM,09:51:37.8519409
9103,UTA Session 2,practice,3,C,C,1,1977.816,9.25999999999999,4/4/2023 12:00:00 AM,09:51:48.3882632
9103,UTA Session 2,practice,4,A,E,0,1988.128,3.79899999999998,4/4/2023 12:00:00 AM,09:51:53.2398553
9103,UTA Session 2,trial,1,B,B,1,2006.443,15.8789999999999,4/4/2023 12:00:00 AM,09:52:23.6365590
9103,UTA Session 2,trial,2,B,A,0,2025.388,4.94100000000003,4/4/2023 12:00:00 AM,09:52:31.6427247
9103,UTA Session 2,trial,3,C,D,0,2033.476,5.22099999999978,4/4/2023 12:00:00 AM,09:52:40.0100100
9103,UTA Session 2,trial,4,A,A,1,2041.525,4.6429999999998,4/4/2023 12:00:00 AM,09:52:47.4810145
9103,UTA Session 2,trial,5,B,C,0,2049.815,3.85699999999997,4/4/2023 12:00:00 AM,09:52:54.9854745
9103,UTA Session 2,trial,6,D,E,0,2056.563,6.14300000000003,4/4/2023 12:00:00 AM,09:53:04.0185966
9103,UTA Session 2,trial,7,B,E,0,2065.756,10.0370000000003,4/4/2023 12:00:00 AM,09:53:17.1064412
9103,UTA Session 2,trial,8,D,E,0,2079.71,29.5459999999998,4/4/2023 12:00:00 AM,09:53:50.5682625
9103,UTA Session 2,trial,9,C,D,0,2112.061,2.66799999999967,4/4/2023 12:00:00 AM,09:53:56.0419360
9103,UTA Session 2,trial,10,C,A,0,2118.415,3.44300000000021,4/4/2023 12:00:00 AM,09:54:03.1703219
9103,UTA Session 2,trial,11,B,C,0,2124.674,1.35699999999997,4/4/2023 12:00:00 AM,09:54:07.3439541
9103,UTA Session 2,trial,12,E,B,0,2128.921,0.538000000000011,4/4/2023 12:00:00 AM,09:54:10.7719895
9103,UTA Session 2,trial,13,B,D,0,2132.218,2.77199999999993,4/4/2023 12:00:00 AM,09:54:16.3025702
9103,UTA Session 2,trial,14,A,A,1,2137.673,0.885000000000218,4/4/2023 12:00:00 AM,09:54:19.8713393
9103,UTA Session 2,trial,15,E,C,0,2141.369,5.0619999999999,4/4/2023 12:00:00 AM,09:54:27.7441595
9103,UTA Session 2,trial,16,B,D,0,2149.446,2.50300000000016,4/4/2023 12:00:00 AM,09:54:33.2623748
9103,UTA Session 2,trial,17,A,A,1,2154.942,4.14800000000014,4/4/2023 12:00:00 AM,09:54:40.4028347
9103,UTA Session 2,trial,18,D,C,0,2162.326,4.11200000000008,4/4/2023 12:00:00 AM,09:54:47.7509549
9103,UTA Session 2,trial,19,E,A,0,2169.31,2.71199999999999,4/4/2023 12:00:00 AM,09:54:53.3349225
9103,UTA Session 2,trial,20,D,B,0,2174.874,1.76300000000037,4/4/2023 12:00:00 AM,09:54:57.9503188
9103,UTA Session 2,trial,21,A,D,0,2179.485,1.57199999999966,4/4/2023 12:00:00 AM,09:55:02.3705873
9103,UTA Session 2,trial,22,A,A,1,2184.475,1.17300000000023,4/4/2023 12:00:00 AM,09:55:06.9610940
9103,UTA Session 2,trial,23,D,C,0,2189.201,2.82499999999982,4/4/2023 12:00:00 AM,09:55:13.3388116
9103,UTA Session 2,trial,24,D,D,1,2194.936,2.07099999999991,4/4/2023 12:00:00 AM,09:55:18.3200403
9103,UTA Session 2,trial,25,E,E,1,2199.714,5.58100000000013,4/4/2023 12:00:00 AM,09:55:26.6081659
9103,UTA Session 2,trial,26,D,D,1,2208.096,4.77300000000014,4/4/2023 12:00:00 AM,09:55:34.1826243
9103,UTA Session 2,trial,27,E,B,0,2215.836,2.37100000000009,4/4/2023 12:00:00 AM,09:55:39.5209377
9103,UTA Session 2,trial,28,C,C,1,2221.231,3.62099999999964,4/4/2023 12:00:00 AM,09:55:46.1658247
9103,UTA Session 2,trial,29,C,B,0,2227.921,4.59400000000005,4/4/2023 12:00:00 AM,09:55:53.8288365
9103,UTA Session 2,trial,30,D,D,1,2235.444,2.80700000000024,4/4/2023 12:00:00 AM,09:55:59.5653093
9103,UTA Session 2,trial,31,C,E,0,2241.268,2.78899999999976,4/4/2023 12:00:00 AM,09:56:05.3712129
9103,UTA Session 2,trial,32,E,C,0,2246.886,2.57099999999991,4/4/2023 12:00:00 AM,09:56:10.7715337
9103,UTA Session 2,trial,33,A,B,0,2252.4,1.7829999999999,4/4/2023 12:00:00 AM,09:56:15.4971199
9103,UTA Session 2,trial,34,E,D,0,2257.147,2.38000000000011,4/4/2023 12:00:00 AM,09:56:20.8408534
9103,UTA Session 2,trial,35,C,B,0,2262.331,4.1579999999999,4/4/2023 12:00:00 AM,09:56:27.8030749
9104,UTA Session 2,practice,1,B,E,0,2940.949,39.277,4/4/2023 12:00:00 AM,10:22:41.5960048
9104,UTA Session 2,practice,2,B,A,0,3005.117,3.28999999999996,4/4/2023 12:00:00 AM,10:23:09.7760263
9104,UTA Session 2,practice,3,C,A,0,3011.802,3.79799999999977,4/4/2023 12:00:00 AM,10:23:16.9691854
9104,UTA Session 2,practice,4,A,A,1,3019.97,5.75800000000027,4/4/2023 12:00:00 AM,10:23:27.0962946
9104,UTA Session 2,trial,1,B,C,0,3037.766,4.69399999999996,4/4/2023 12:00:00 AM,10:23:43.8309354
9104,UTA Session 2,trial,2,B,E,0,3047.021,3.72599999999966,4/4/2023 12:00:00 AM,10:23:52.1158630
9104,UTA Session 2,trial,3,C,C,1,3058.533,9.19100000000026,4/4/2023 12:00:00 AM,10:24:09.0933380
9104,UTA Session 2,trial,4,A,A,1,3071.113,4.48900000000003,4/4/2023 12:00:00 AM,10:24:16.9710305
9104,UTA Session 2,trial,5,B,E,0,3079.291,3.33500000000004,4/4/2023 12:00:00 AM,10:24:23.9954624
9104,UTA Session 2,trial,6,D,E,0,3086.853,3.47199999999975,4/4/2023 12:00:00 AM,10:24:31.6948540
9104,UTA Session 2,trial,7,B,B,1,3093.647,2.21799999999985,4/4/2023 12:00:00 AM,10:24:37.2346125
9104,UTA Session 2,trial,8,D,C,0,3099.394,2.68600000000015,4/4/2023 12:00:00 AM,10:24:43.4494967
9104,UTA Session 2,trial,9,C,A,0,3105.432,2.69200000000001,4/4/2023 12:00:00 AM,10:24:49.4924861
9104,UTA Session 2,trial,10,C,B,0,3111.604,1.60400000000027,4/4/2023 12:00:00 AM,10:24:54.5761671
9104,UTA Session 2,trial,11,B,A,0,3116.776,6.23600000000033,4/4/2023 12:00:00 AM,10:25:04.3810333
9104,UTA Session 2,trial,12,E,C,0,3126.509,1.51699999999983,4/4/2023 12:00:00 AM,10:25:09.3942278
9104,UTA Session 2,trial,13,B,B,1,3131.784,1.21599999999989,4/4/2023 12:00:00 AM,10:25:14.3690012
9104,UTA Session 2,trial,14,A,D,0,3137.14,3.28099999999995,4/4/2023 12:00:00 AM,10:25:21.7912930
9104,UTA Session 2,trial,15,E,C,0,3143.823,3.13300000000027,4/4/2023 12:00:00 AM,10:25:28.3248940
9104,UTA Session 2,trial,16,B,B,1,3150.576,1.82600000000002,4/4/2023 12:00:00 AM,10:25:33.7717164
9104,UTA Session 2,trial,17,A,D,0,3156.238,3.05500000000029,4/4/2023 12:00:00 AM,10:25:40.6625116
9104,UTA Session 2,trial,18,D,B,0,3162.732,1.58399999999983,4/4/2023 12:00:00 AM,10:25:45.6852639
9104,UTA Session 2,trial,19,E,A,0,3167.819,1.80299999999988,4/4/2023 12:00:00 AM,10:25:50.9912077
9104,UTA Session 2,trial,20,D,E,0,3173.082,1.47900000000027,4/4/2023 12:00:00 AM,10:25:55.9303059
9104,UTA Session 2,trial,21,A,C,0,3178.031,2.375,4/4/2023 12:00:00 AM,10:26:01.7744474
9104,UTA Session 2,trial,22,A,A,1,3183.923,1.91400000000021,4/4/2023 12:00:00 AM,10:26:07.2074157
9104,UTA Session 2,trial,23,D,D,1,3189.306,4.27700000000004,4/4/2023 12:00:00 AM,10:26:14.9528600
9104,UTA Session 2,trial,24,D,B,0,3197.011,6.45299999999997,4/4/2023 12:00:00 AM,10:26:24.8333770
9104,UTA Session 2,trial,25,E,D,0,3207.105,4.54500000000007,4/4/2023 12:00:00 AM,10:26:33.0194366
9104,UTA Session 2,trial,26,D,B,0,3214.829,2.93100000000004,4/4/2023 12:00:00 AM,10:26:39.1287621
9104,UTA Session 2,trial,27,E,C,0,3221.916,2.05699999999979,4/4/2023 12:00:00 AM,10:26:45.3424179
9104,UTA Session 2,trial,28,C,A,0,3227.231,1.8149999999996,4/4/2023 12:00:00 AM,10:26:50.4152643
9104,UTA Session 2,trial,29,C,A,0,3232.647,1.33699999999999,4/4/2023 12:00:00 AM,10:26:55.3532280
9104,UTA Session 2,trial,30,D,B,0,3237.432,3.6550000000002,4/4/2023 12:00:00 AM,10:27:02.4560349
9104,UTA Session 2,trial,31,C,C,1,3244.295,0.958999999999833,4/4/2023 12:00:00 AM,10:27:06.6235343
9104,UTA Session 2,trial,32,E,D,0,3248.79,1.05600000000004,4/4/2023 12:00:00 AM,10:27:11.2156179
9104,UTA Session 2,trial,33,A,B,0,3253.123,1.78600000000006,4/4/2023 12:00:00 AM,10:27:16.2782975
9104,UTA Session 2,trial,34,E,C,0,3258.782,0.824999999999818,4/4/2023 12:00:00 AM,10:27:20.9765382
9104,UTA Session 2,trial,35,C,B,0,3262.325,1.221,4/4/2023 12:00:00 AM,10:27:24.9150384
9105,UTA Session 2,practice,1,B,A,0,1993.316,26.5940000000001,4/4/2023 12:00:00 AM,13:03:26.0358303
9105,UTA Session 2,practice,2,B,A,0,2029.224,6.14300000000003,4/4/2023 12:00:00 AM,13:03:41.4923800
9105,UTA Session 2,practice,3,C,B,0,2038.295,1.32399999999984,4/4/2023 12:00:00 AM,13:03:45.7440423
9105,UTA Session 2,practice,4,A,C,0,2041.446,6.70299999999997,4/4/2023 12:00:00 AM,13:03:54.2746342
9105,UTA Session 2,trial,1,B,A,0,2074.238,4.97500000000036,4/4/2023 12:00:00 AM,13:04:25.3390237
9105,UTA Session 2,trial,2,B,C,0,2082.763,8.77399999999989,4/4/2023 12:00:00 AM,13:04:37.6626809
9105,UTA Session 2,trial,3,C,C,1,2095.859,6.51600000000008,4/4/2023 12:00:00 AM,13:04:48.5009544
9105,UTA Session 2,trial,4,A,A,1,2105.502,5.13900000000012,4/4/2023 12:00:00 AM,13:04:56.7669085
9105,UTA Session 2,trial,5,B,D,0,2113.84,12.5169999999998,4/4/2023 12:00:00 AM,13:05:12.4829428
9105,UTA Session 2,trial,6,D,C,0,2130.561,6.84799999999996,4/4/2023 12:00:00 AM,13:05:23.5349362
9105,UTA Session 2,trial,7,B,A,0,2140.81,7.04300000000012,4/4/2023 12:00:00 AM,13:05:33.9779653
9105,UTA Session 2,trial,8,D,C,0,2151.146,2.86499999999978,4/4/2023 12:00:00 AM,13:05:40.1373192
9105,UTA Session 2,trial,9,C,B,0,2157.102,1.11500000000024,4/4/2023 12:00:00 AM,13:05:44.3425141
9105,UTA Session 2,trial,10,C,C,1,2161.311,4.31399999999985,4/4/2023 12:00:00 AM,13:05:51.7514921
9105,UTA Session 2,trial,11,B,B,1,2168.652,10.8009999999999,4/4/2023 12:00:00 AM,13:06:05.5790832
9105,UTA Session 2,trial,12,E,C,0,2182.559,4.19899999999961,4/4/2023 12:00:00 AM,13:06:12.8844279
9105,UTA Session 2,trial,13,B,A,0,2189.697,4.0920000000001,4/4/2023 12:00:00 AM,13:06:19.9153958
9105,UTA Session 2,trial,14,A,C,0,2196.888,3.50700000000006,4/4/2023 12:00:00 AM,13:06:26.5211066
9105,UTA Session 2,trial,15,E,B,0,2204.366,2.13099999999986,4/4/2023 12:00:00 AM,13:06:32.6228466
9105,UTA Session 2,trial,16,B,D,0,2209.544,8.7170000000001,4/4/2023 12:00:00 AM,13:06:44.3871448
9105,UTA Session 2,trial,17,A,C,0,2221.736,3.15900000000011,4/4/2023 12:00:00 AM,13:06:51.0212117
9105,UTA Session 2,trial,18,D,C,0,2227.858,5.73799999999983,4/4/2023 12:00:00 AM,13:06:59.7226552
9105,UTA Session 2,trial,19,E,A,0,2236.827,5.01299999999992,4/4/2023 12:00:00 AM,13:07:07.9667807
9105,UTA Session 2,trial,20,D,D,1,2245.313,3.83300000000008,4/4/2023 12:00:00 AM,13:07:15.2731646
9105,UTA Session 2,trial,21,A,B,0,2252.133,14.857,4/4/2023 12:00:00 AM,13:07:33.1171619
9105,UTA Session 2,trial,22,A,C,0,2269.851,1.03499999999985,4/4/2023 12:00:00 AM,13:07:37.0127111
9105,UTA Session 2,trial,23,D,D,1,2273.534,6.31799999999976,4/4/2023 12:00:00 AM,13:07:45.9796750
9105,UTA Session 2,trial,24,D,B,0,2282.697,6.9079999999999,4/4/2023 12:00:00 AM,13:07:55.7314523
9105,UTA Session 2,trial,25,E,C,0,2292.564,3.89800000000014,4/4/2023 12:00:00 AM,13:08:02.5882632
9105,UTA Session 2,trial,26,D,E,0,2299.702,2.9069999999997,4/4/2023 12:00:00 AM,13:08:08.7355429
9105,UTA Session 2,trial,27,E,C,0,2306.981,2.47499999999991,4/4/2023 12:00:00 AM,13:08:15.5830445
9105,UTA Session 2,trial,28,C,D,0,2312.198,0.941000000000258,4/4/2023 12:00:00 AM,13:08:19.2658065
9105,UTA Session 2,trial,29,C,B,0,2315.711,0.734000000000378,4/4/2023 12:00:00 AM,13:08:22.5717103
9105,UTA Session 2,trial,30,D,A,0,2319.071,1.99000000000024,4/4/2023 12:00:00 AM,13:08:27.1875369
9105,UTA Session 2,trial,31,C,D,0,2324.001,1.19699999999966,4/4/2023 12:00:00 AM,13:08:31.3244317
9105,UTA Session 2,trial,32,E,E,1,2327.885,2.76399999999967,4/4/2023 12:00:00 AM,13:08:36.7759651
9105,UTA Session 2,trial,33,A,A,1,2333.453,5.32099999999991,4/4/2023 12:00:00 AM,13:08:44.9012884
9105,UTA Session 2,trial,34,E,A,0,2341.933,3.45400000000018,4/4/2023 12:00:00 AM,13:08:51.5145707
9105,UTA Session 2,trial,35,C,C,1,2348.669,2.26200000000017,4/4/2023 12:00:00 AM,13:08:57.0587957
9107,UTA Session 2,practice,1,B,D,0,2351.022,12.0619999999999,4/4/2023 12:00:00 AM,16:01:13.5500280
9107,UTA Session 2,practice,2,B,A,0,2461.86,11.9569999999999,4/4/2023 12:00:00 AM,16:03:04.2812107
9107,UTA Session 2,practice,3,C,C,1,2493.102,12.9010000000003,4/4/2023 12:00:00 AM,16:03:36.4664621
9107,UTA Session 2,practice,4,A,A,1,2508.209,7.57100000000037,4/4/2023 12:00:00 AM,16:03:46.2425611
9107,UTA Session 2,trial,1,B,A,0,2535.04,23.3400000000001,4/4/2023 12:00:00 AM,16:04:28.8457895
9107,UTA Session 2,trial,2,B,E,0,2562.198,25.4680000000003,4/4/2023 12:00:00 AM,16:04:58.1287869
9107,UTA Session 2,trial,3,C,C,1,2591.115,11.6220000000003,4/4/2023 12:00:00 AM,16:05:13.2007324
9107,UTA Session 2,trial,4,A,B,0,2605.783,9.27399999999989,4/4/2023 12:00:00 AM,16:05:25.5209534
9107,UTA Session 2,trial,5,B,A,0,2618.071,21.4540000000002,4/4/2023 12:00:00 AM,16:05:49.9879797
9107,UTA Session 2,trial,6,D,A,0,2642.641,9.91800000000012,4/4/2023 12:00:00 AM,16:06:03.0222078
9107,UTA Session 2,trial,7,B,D,0,2655.559,10.6199999999999,4/4/2023 12:00:00 AM,16:06:16.6419364
9107,UTA Session 2,trial,8,D,B,0,2669.228,24.3029999999999,4/4/2023 12:00:00 AM,16:06:43.9946888
9107,UTA Session 2,trial,9,C,D,0,2696.495,16.931,4/4/2023 12:00:00 AM,16:07:03.8892858
9107,UTA Session 2,trial,10,C,A,0,2716.275,7.54999999999973,4/4/2023 12:00:00 AM,16:07:14.2887355
9107,UTA Session 2,trial,11,B,E,0,2726.834,11.8890000000001,4/4/2023 12:00:00 AM,16:07:29.1861500
9107,UTA Session 2,trial,12,E,E,1,2741.512,7.29099999999971,4/4/2023 12:00:00 AM,16:07:39.2674014
9107,UTA Session 2,trial,13,B,C,0,2751.484,12.444,4/4/2023 12:00:00 AM,16:07:54.3923999
9107,UTA Session 2,trial,14,A,A,1,2766.989,5.73399999999992,4/4/2023 12:00:00 AM,16:08:03.1868503
9107,UTA Session 2,trial,15,E,E,1,2775.605,8.38000000000011,4/4/2023 12:00:00 AM,16:08:14.4493851
9107,UTA Session 2,trial,16,B,A,0,2786.624,12.5010000000002,4/4/2023 12:00:00 AM,16:08:29.5890603
9107,UTA Session 2,trial,17,A,A,1,2802.574,9.03499999999985,4/4/2023 12:00:00 AM,16:08:42.0737248
9107,UTA Session 2,trial,18,D,B,0,2814.52,7.55299999999988,4/4/2023 12:00:00 AM,16:08:52.5368932
9107,UTA Session 2,trial,19,E,E,1,2826.435,13.3719999999998,4/4/2023 12:00:00 AM,16:09:10.2711888
9107,UTA Session 2,trial,20,D,D,1,2842.586,8.3090000000002,4/4/2023 12:00:00 AM,16:09:21.3596463
9107,UTA Session 2,trial,21,A,A,1,2853.61,27.4459999999999,4/4/2023 12:00:00 AM,16:09:51.5203979
9107,UTA Session 2,trial,22,A,A,1,2884.561,6.55499999999984,4/4/2023 12:00:00 AM,16:10:01.5799713
9107,UTA Session 2,trial,23,D,E,0,2893.965,8.91300000000001,4/4/2023 12:00:00 AM,16:10:13.3423817
9107,UTA Session 2,trial,24,D,A,0,2906.122,9.41200000000026,4/4/2023 12:00:00 AM,16:10:25.9989023
9107,UTA Session 2,trial,25,E,A,0,2918.492,13.0129999999999,4/4/2023 12:00:00 AM,16:10:41.9692500
9107,UTA Session 2,trial,26,D,B,0,2934.365,12.9140000000002,4/4/2023 12:00:00 AM,16:10:57.7439167
9107,UTA Session 2,trial,27,E,E,1,2950.115,6.82800000000043,4/4/2023 12:00:00 AM,16:11:07.4081790
9107,UTA Session 2,trial,28,C,E,0,2959.668,7.68899999999985,4/4/2023 12:00:00 AM,16:11:17.8216069
9107,UTA Session 2,trial,29,C,B,0,2970.156,27.1599999999999,4/4/2023 12:00:00 AM,16:11:47.7806479
9109,UTA Session 2,practice,1,B,B,1,2166.81,5.03499999999985,4/5/2023 12:00:00 AM,10:05:53.0784575
9109,UTA Session 2,practice,2,B,A,0,2181.815,3.8130000000001,4/5/2023 12:00:00 AM,10:06:06.8584013
9109,UTA Session 2,practice,3,C,A,0,2186.387,2.82099999999991,4/5/2023 12:00:00 AM,10:06:10.4385656
9109,UTA Session 2,practice,4,A,E,0,2190.104,2.9970000000003,4/5/2023 12:00:00 AM,10:06:14.3311628
9109,UTA Session 2,trial,1,B,A,0,2204.243,1.33300000000008,4/5/2023 12:00:00 AM,10:06:26.8064014
9109,UTA Session 2,trial,2,B,C,0,2208.288,1.08599999999979,4/5/2023 12:00:00 AM,10:06:30.6026548
9109,UTA Session 2,trial,3,C,C,1,2212.15,0.920000000000073,4/5/2023 12:00:00 AM,10:06:34.2989724
9109,UTA Session 2,trial,4,A,D,0,2216.233,0.917999999999665,4/5/2023 12:00:00 AM,10:06:38.3794049
9109,UTA Session 2,trial,5,B,D,0,2219.835,1.29700000000003,4/5/2023 12:00:00 AM,10:06:42.3594948
9109,UTA Session 2,trial,6,D,D,1,2224.206,3.00799999999981,4/5/2023 12:00:00 AM,10:06:48.4415619
9109,UTA Session 2,trial,7,B,B,1,2230.009,2.36900000000014,4/5/2023 12:00:00 AM,10:06:53.6051018
9109,UTA Session 2,trial,8,D,B,0,2235.875,5.32700000000023,4/5/2023 12:00:00 AM,10:07:02.4276288
9109,UTA Session 2,trial,9,C,C,1,2244.382,3.29899999999998,4/5/2023 12:00:00 AM,10:07:08.9064120
9109,UTA Session 2,trial,10,C,A,0,2250.718,4.09000000000015,4/5/2023 12:00:00 AM,10:07:16.0329394
9109,UTA Session 2,trial,11,B,C,0,2261.807,2.67300000000023,4/5/2023 12:00:00 AM,10:07:25.7035536
9109,UTA Session 2,trial,12,E,D,0,2267.492,11.23,4/5/2023 12:00:00 AM,10:07:39.9438290
9109,UTA Session 2,trial,13,B,E,0,2281.543,1.01399999999967,4/5/2023 12:00:00 AM,10:07:43.7794126
9109,UTA Session 2,trial,14,A,C,0,2285.125,9.36499999999978,4/5/2023 12:00:00 AM,10:07:55.7104425
9109,UTA Session 2,trial,15,E,A,0,2297.187,2.28500000000031,4/5/2023 12:00:00 AM,10:08:00.6928346
9109,UTA Session 2,trial,16,B,B,1,2302.984,3.49400000000014,4/5/2023 12:00:00 AM,10:08:07.6989317
9109,UTA Session 2,trial,17,A,E,0,2309.441,2.50400000000036,4/5/2023 12:00:00 AM,10:08:13.1674580
9109,UTA Session 2,trial,18,D,B,0,2321.637,3.17799999999988,4/5/2023 12:00:00 AM,10:08:26.0366175
9109,UTA Session 2,trial,19,E,B,0,2327.525,8.22499999999991,4/5/2023 12:00:00 AM,10:08:36.9702843
9109,UTA Session 2,trial,20,D,C,0,2338.488,1.13100000000031,4/5/2023 12:00:00 AM,10:08:40.8403808
9109,UTA Session 2,trial,21,A,E,0,2342.186,0.721999999999753,4/5/2023 12:00:00 AM,10:08:44.1290611
9109,UTA Session 2,trial,22,A,A,1,2345.536,0.56899999999996,4/5/2023 12:00:00 AM,10:08:47.3273219
9109,UTA Session 2,trial,23,D,C,0,2348.85,0.753999999999905,4/5/2023 12:00:00 AM,10:08:50.8255532
9109,UTA Session 2,trial,24,D,B,0,2352.308,0.972000000000207,4/5/2023 12:00:00 AM,10:08:54.5013275
9109,UTA Session 2,trial,25,E,C,0,2356.168,0.641000000000076,4/5/2023 12:00:00 AM,10:08:58.0302767
9109,UTA Session 2,trial,26,D,B,0,2359.658,0.811999999999898,4/5/2023 12:00:00 AM,10:09:01.6916075
9109,UTA Session 2,trial,27,E,B,0,2363.574,1.35699999999997,4/5/2023 12:00:00 AM,10:09:06.1513650
9109,UTA Session 2,trial,28,C,C,1,2367.541,1.19399999999996,4/5/2023 12:00:00 AM,10:09:09.9567217
9109,UTA Session 2,trial,29,C,C,1,2371.264,0.985999999999876,4/5/2023 12:00:00 AM,10:09:13.4720533
9109,UTA Session 2,trial,30,D,D,1,2374.898,1.45199999999977,4/5/2023 12:00:00 AM,10:09:17.5712940
9109,UTA Session 2,trial,31,C,E,0,2378.893,0.862999999999829,4/5/2023 12:00:00 AM,10:09:20.9784908
9109,UTA Session 2,trial,32,E,B,0,2382.459,1.11500000000024,4/5/2023 12:00:00 AM,10:09:24.7951363
9109,UTA Session 2,trial,33,A,E,0,2386.579,1.30499999999984,4/5/2023 12:00:00 AM,10:09:29.1059478
9109,UTA Session 2,trial,34,E,A,0,2390.414,0.520999999999731,4/5/2023 12:00:00 AM,10:09:32.1565925
9109,UTA Session 2,trial,35,C,B,0,2393.782,1.42599999999993,4/5/2023 12:00:00 AM,10:09:36.4282883
9100,UTA Session 2,practice,1,B,C,0,3570.89,11.239,4/5/2023 12:00:00 AM,10:29:18.8657082
9100,UTA Session 2,practice,2,B,E,0,3604.321,8.40900000000011,4/5/2023 12:00:00 AM,10:29:49.4658914
9100,UTA Session 2,practice,3,C,E,0,3615.262,7.29099999999971,4/5/2023 12:00:00 AM,10:29:59.2886231
9100,UTA Session 2,practice,4,A,A,1,3626.759,5.8420000000001,4/5/2023 12:00:00 AM,10:30:09.3366364
9100,UTA Session 2,trial,1,B,B,1,3648.618,13.6240000000003,4/5/2023 12:00:00 AM,10:30:38.9792100
9100,UTA Session 2,trial,2,B,D,0,3665.637,14.3389999999999,4/5/2023 12:00:00 AM,10:30:56.7126996
9100,UTA Session 2,trial,3,C,D,0,3685.173,5.56100000000015,4/5/2023 12:00:00 AM,10:31:07.4690664
9100,UTA Session 2,trial,4,A,A,1,3693.848,7.96799999999985,4/5/2023 12:00:00 AM,10:31:18.5523881
9100,UTA Session 2,trial,5,B,E,0,3705.086,12.9640000000004,4/5/2023 12:00:00 AM,10:31:34.7862951
9100,UTA Session 2,trial,6,D,B,0,3724.318,9.73399999999992,4/5/2023 12:00:00 AM,10:31:50.7876971
9100,UTA Session 2,trial,7,B,B,1,3737.375,14.8229999999999,4/5/2023 12:00:00 AM,10:32:08.9341592
9100,UTA Session 2,trial,8,D,A,0,3756.497,6.35699999999997,4/5/2023 12:00:00 AM,10:32:19.5906746
9100,UTA Session 2,trial,9,C,C,1,3769.401,24.8110000000001,4/5/2023 12:00:00 AM,10:32:50.9487262
9100,UTA Session 2,trial,10,C,A,0,3797.732,12.268,4/5/2023 12:00:00 AM,10:33:06.7365583
9100,UTA Session 2,trial,11,B,E,0,3814.433,24.2330000000002,4/5/2023 12:00:00 AM,10:33:35.4018969
9100,UTA Session 2,trial,12,E,C,0,3842.223,16.5370000000003,4/5/2023 12:00:00 AM,10:33:55.4958120
9100,UTA Session 2,trial,13,B,C,0,3861.865,6.48900000000003,4/5/2023 12:00:00 AM,10:34:05.0894261
9100,UTA Session 2,trial,14,A,E,0,3872.849,6.99099999999999,4/5/2023 12:00:00 AM,10:34:16.5757524
9100,UTA Session 2,trial,15,E,A,0,3882.89,7.86900000000014,4/5/2023 12:00:00 AM,10:34:27.4941745
9100,UTA Session 2,trial,16,B,B,1,3894.24,14.6500000000001,4/5/2023 12:00:00 AM,10:34:45.6262943
9100,UTA Session 2,trial,17,A,A,1,3911.902,8.64599999999973,4/5/2023 12:00:00 AM,10:34:57.2852476
9100,UTA Session 2,trial,18,D,C,0,3923.749,13.2870000000003,4/5/2023 12:00:00 AM,10:35:13.7718763
9100,UTA Session 2,trial,19,E,B,0,3941.41,37.9300000000003,4/5/2023 12:00:00 AM,10:35:56.0750844
9100,UTA Session 2,trial,20,D,D,1,3982.437,4.18900000000031,4/5/2023 12:00:00 AM,10:36:03.3619757
9100,UTA Session 2,trial,21,A,E,0,4013.804,13.6390000000001,4/5/2023 12:00:00 AM,10:36:44.1797509
9100,UTA Session 2,trial,22,A,C,0,4030.778,13.346,4/5/2023 12:00:00 AM,10:37:00.8597484
9100,UTA Session 2,trial,23,D,D,1,4053.409,4.49800000000005,4/5/2023 12:00:00 AM,10:37:14.6429608
9100,UTA Session 2,trial,24,D,C,0,4060.953,17.6129999999998,4/5/2023 12:00:00 AM,10:37:35.3021159
9100,UTA Session 2,trial,25,E,A,0,4081.648,3.10500000000002,4/5/2023 12:00:00 AM,10:37:41.4893605
9100,UTA Session 2,trial,26,D,D,1,4087.815,2.33899999999994,4/5/2023 12:00:00 AM,10:37:46.8905814
9100,UTA Session 2,trial,27,E,B,0,4093.142,1.49099999999999,4/5/2023 12:00:00 AM,10:37:51.3686980
9100,UTA Session 2,trial,28,C,D,0,4097.549,3.89900000000034,4/5/2023 12:00:00 AM,10:37:58.1836549
9112,UTA Session 2,practice,1,B,B,1,3010.527,6.75,4/5/2023 12:00:00 AM,13:08:46.2836088
9112,UTA Session 2,practice,2,B,A,0,3072.826,13.8739999999998,4/5/2023 12:00:00 AM,13:09:55.7075265
9112,UTA Session 2,practice,3,C,C,1,3097.512,7.87899999999991,4/5/2023 12:00:00 AM,13:10:14.3973953
9112,UTA Session 2,practice,4,A,A,1,3108.246,6.971,4/5/2023 12:00:00 AM,13:10:24.2236144
9112,UTA Session 2,trial,1,B,B,1,3140.606,9.7529999999997,4/5/2023 12:00:00 AM,13:10:59.3677610
9112,UTA Session 2,trial,2,B,B,1,3153.793,6.78400000000011,4/5/2023 12:00:00 AM,13:11:09.5854284
9112,UTA Session 2,trial,3,C,A,0,3163.562,5.15300000000025,4/5/2023 12:00:00 AM,13:11:17.7234843
9112,UTA Session 2,trial,4,A,A,1,3175.257,4.34900000000016,4/5/2023 12:00:00 AM,13:11:28.6159901
9112,UTA Session 2,trial,5,B,B,1,3182.889,11.7709999999997,4/5/2023 12:00:00 AM,13:11:43.6697045
9112,UTA Session 2,trial,6,D,B,0,3198.04,7.05799999999999,4/5/2023 12:00:00 AM,13:11:54.1080549
9112,UTA Session 2,trial,7,B,B,1,3210.888,14.576,4/5/2023 12:00:00 AM,13:12:14.4749823
9112,UTA Session 2,trial,8,D,A,0,3228.793,10.5029999999997,4/5/2023 12:00:00 AM,13:12:28.3067917
9112,UTA Session 2,trial,9,C,C,1,3246.793,7.58599999999979,4/5/2023 12:00:00 AM,13:12:43.3893571
9112,UTA Session 2,trial,10,C,C,1,3257.46,7.80499999999984,4/5/2023 12:00:00 AM,13:12:54.2747043
9112,UTA Session 2,trial,11,B,B,1,3268.564,5.25800000000027,4/5/2023 12:00:00 AM,13:13:02.8328186
9112,UTA Session 2,trial,12,E,A,0,3278.303,5.74499999999989,4/5/2023 12:00:00 AM,13:13:13.0589658
9112,UTA Session 2,trial,13,B,B,1,3295.045,5.99800000000005,4/5/2023 12:00:00 AM,13:13:30.0539634
9112,UTA Session 2,trial,14,A,A,1,3304.258,5.85900000000038,4/5/2023 12:00:00 AM,13:13:39.1279270
9112,UTA Session 2,trial,15,E,A,0,3313.117,16.9049999999997,4/5/2023 12:00:00 AM,13:13:59.0331146
9112,UTA Session 2,trial,16,B,C,0,3334.447,10.7929999999997,4/5/2023 12:00:00 AM,13:14:14.2505967
9112,UTA Session 2,trial,17,A,A,1,3353.209,14.2340000000004,4/5/2023 12:00:00 AM,13:14:36.4529001
9112,UTA Session 2,trial,18,D,D,1,3370.726,8.39199999999983,4/5/2023 12:00:00 AM,13:14:48.1283182
9112,UTA Session 2,trial,19,E,C,0,3382.357,12.3670000000002,4/5/2023 12:00:00 AM,13:15:03.7340634
9112,UTA Session 2,trial,20,D,D,1,3397.678,12.6240000000003,4/5/2023 12:00:00 AM,13:15:19.3124746
9112,UTA Session 2,trial,21,A,A,1,3413.641,16.174,4/5/2023 12:00:00 AM,13:15:38.8252874
9112,UTA Session 2,trial,22,A,A,1,3433.944,12.6640000000002,4/5/2023 12:00:00 AM,13:15:55.6184306
9112,UTA Session 2,trial,23,D,E,0,3449.509,7.24299999999994,4/5/2023 12:00:00 AM,13:16:05.7631378
9112,UTA Session 2,trial,24,D,D,1,3459.968,3.35000000000036,4/5/2023 12:00:00 AM,13:16:12.3296334
9112,UTA Session 2,trial,25,E,E,1,3466.17,8.28200000000015,4/5/2023 12:00:00 AM,13:16:23.4631830
9112,UTA Session 2,trial,26,D,B,0,3477.413,2.82299999999987,4/5/2023 12:00:00 AM,13:16:29.2469813
9112,UTA Session 2,trial,27,E,A,0,3483.566,7.94200000000001,4/5/2023 12:00:00 AM,13:16:40.5187318
9112,UTA Session 2,trial,28,C,C,1,3495.012,9.36999999999989,4/5/2023 12:00:00 AM,13:16:53.3938663
9112,UTA Session 2,trial,29,C,D,0,3507.808,8.28999999999996,4/5/2023 12:00:00 AM,13:17:05.1102679
9112,UTA Session 2,trial,30,D,D,1,3519.699,8.50399999999991,4/5/2023 12:00:00 AM,13:17:17.2153803
9112,UTA Session 2,trial,31,C,A,0,3531.333,5.24299999999994,4/5/2023 12:00:00 AM,13:17:25.5874396
9112,UTA Session 2,trial,32,E,E,1,3540.466,7.01600000000008,4/5/2023 12:00:00 AM,13:17:36.4949034
9112,UTA Session 2,trial,33,A,A,1,3550.354,4.16200000000026,4/5/2023 12:00:00 AM,13:17:43.5283915
9112,UTA Session 2,trial,34,E,C,0,3557.884,5.57799999999997,4/5/2023 12:00:00 AM,13:17:52.4737874
9112,UTA Session 2,trial,35,C,C,1,3568.122,5.57600000000002,4/5/2023 12:00:00 AM,13:18:02.7103926
9123,UTA Session 2,practice,1,B,A,0,2484.278,18.4770000000003,4/5/2023 12:00:00 AM,13:09:54.5808638
9123,UTA Session 2,practice,2,B,B,1,2557,12.5880000000002,4/5/2023 12:00:00 AM,13:11:01.4132769
9123,UTA Session 2,practice,3,C,C,1,2571.289,12.8139999999999,4/5/2023 12:00:00 AM,13:11:15.9272630
9123,UTA Session 2,practice,4,A,E,0,2586.332,6.02600000000029,4/5/2023 12:00:00 AM,13:11:24.1834015
9123,UTA Session 2,trial,1,B,A,0,2627.698,18.2620000000002,4/5/2023 12:00:00 AM,13:12:17.7871989
9123,UTA Session 2,trial,2,B,B,1,2649.956,18.4749999999999,4/5/2023 12:00:00 AM,13:12:40.2560175
9123,UTA Session 2,trial,3,C,A,0,2671.846,11.8870000000002,4/5/2023 12:00:00 AM,13:12:55.5585594
9123,UTA Session 2,trial,4,A,A,1,2687.03,8.54599999999982,4/5/2023 12:00:00 AM,13:13:07.4021125
9123,UTA Session 2,trial,5,B,A,0,2698.81,10.788,4/5/2023 12:00:00 AM,13:13:21.4240182
9123,UTA Session 2,trial,6,D,D,1,2712.82,9.53899999999976,4/5/2023 12:00:00 AM,13:13:34.1837978
9123,UTA Session 2,trial,7,B,D,0,2725.604,8.42700000000013,4/5/2023 12:00:00 AM,13:13:45.8570463
9123,UTA Session 2,trial,8,D,E,0,2737.523,12.328,4/5/2023 12:00:00 AM,13:14:01.6760266
9123,UTA Session 2,trial,9,C,C,1,2753.059,15.0939999999996,4/5/2023 12:00:00 AM,13:14:19.9790895
9123,UTA Session 2,trial,10,C,C,1,2771.387,5.59199999999964,4/5/2023 12:00:00 AM,13:14:28.8048057
9123,UTA Session 2,trial,11,B,E,0,2780.262,11.3049999999998,4/5/2023 12:00:00 AM,13:14:43.3924665
9123,UTA Session 2,trial,12,E,A,0,2794.782,6.32899999999972,4/5/2023 12:00:00 AM,13:14:52.9379189
9123,UTA Session 2,trial,13,B,D,0,2804.375,9.20200000000023,4/5/2023 12:00:00 AM,13:15:05.4017572
9123,UTA Session 2,trial,14,A,A,1,2816.528,7.11300000000028,4/5/2023 12:00:00 AM,13:15:15.4662411
9123,UTA Session 2,trial,15,E,E,1,2826.641,6.94799999999987,4/5/2023 12:00:00 AM,13:15:25.4151586
9123,UTA Session 2,trial,16,B,B,1,2836.612,6.96799999999985,4/5/2023 12:00:00 AM,13:15:35.4060555
9123,UTA Session 2,trial,17,A,A,1,2846.648,4.61299999999983,4/5/2023 12:00:00 AM,13:15:43.0871380
9123,UTA Session 2,trial,18,D,D,1,2854.366,10.6689999999999,4/5/2023 12:00:00 AM,13:15:56.8611338
9123,UTA Session 2,trial,19,E,E,1,2868.125,14.04,4/5/2023 12:00:00 AM,13:16:13.9913534
9123,UTA Session 2,trial,20,D,B,0,2885.109,9.59999999999991,4/5/2023 12:00:00 AM,13:16:26.5349196
9123,UTA Session 2,trial,21,A,D,0,2897.795,16.114,4/5/2023 12:00:00 AM,13:16:45.7355828
9123,UTA Session 2,trial,22,A,A,1,2917.099,4.04799999999977,4/5/2023 12:00:00 AM,13:16:52.9728516
9123,UTA Session 2,trial,23,D,D,1,2924.155,5.0359999999996,4/5/2023 12:00:00 AM,13:17:01.0163393
9123,UTA Session 2,trial,24,D,D,1,2932.44,16.2109999999998,4/5/2023 12:00:00 AM,13:17:20.4769828
9123,UTA Session 2,trial,25,E,D,0,2951.77,12.1089999999999,4/5/2023 12:00:00 AM,13:17:35.7045949
9123,UTA Session 2,trial,26,D,A,0,2966.836,5.56700000000001,4/5/2023 12:00:00 AM,13:17:44.2296112
9123,UTA Session 2,trial,27,E,B,0,2976.073,7.65800000000036,4/5/2023 12:00:00 AM,13:17:55.5571509
9123,UTA Session 2,trial,28,C,E,0,2987.934,7.44899999999961,4/5/2023 12:00:00 AM,13:18:07.2094821
9123,UTA Session 2,trial,29,C,B,0,2998.523,11.0799999999999,4/5/2023 12:00:00 AM,13:18:21.4297264
9123,UTA Session 2,trial,30,D,D,1,3012.823,4.28999999999996,4/5/2023 12:00:00 AM,13:18:28.9390534
9123,UTA Session 2,trial,31,C,E,0,3020.181,15.1779999999999,4/5/2023 12:00:00 AM,13:18:47.1853079
9123,UTA Session 2,trial,32,E,A,0,3038.292,9.40300000000025,4/5/2023 12:00:00 AM,13:18:59.5213566
9123,UTA Session 2,trial,33,A,A,1,3051.216,6.19900000000007,4/5/2023 12:00:00 AM,13:19:09.2409969
9123,UTA Session 2,trial,34,E,E,1,3060.537,4.68000000000029,4/5/2023 12:00:00 AM,13:19:17.0429906
9123,UTA Session 2,trial,35,C,A,0,3067.984,5.73300000000017,4/5/2023 12:00:00 AM,13:19:25.5430450
9114,UTA Session 2,practice,1,B,A,0,1596.556,15.268,4/5/2023 12:00:00 AM,15:58:17.9691048
9114,UTA Session 2,practice,2,B,E,0,1651.498,13.24,4/5/2023 12:00:00 AM,15:59:10.8791767
9114,UTA Session 2,practice,3,C,C,1,1672.021,10.4750000000001,4/5/2023 12:00:00 AM,15:59:28.6374811
9114,UTA Session 2,practice,4,A,A,1,1684.091,10.8030000000001,4/5/2023 12:00:00 AM,15:59:41.0362393
9114,UTA Session 2,trial,1,B,A,0,1722.107,7.98099999999999,4/5/2023 12:00:00 AM,16:00:16.2323775
9114,UTA Session 2,trial,2,B,E,0,1734.749,7.62300000000005,4/5/2023 12:00:00 AM,16:00:28.5133089
9114,UTA Session 2,trial,3,C,C,1,1745.482,9.72700000000009,4/5/2023 12:00:00 AM,16:00:41.3518324
9114,UTA Session 2,trial,4,A,A,1,1758.069,12.6790000000001,4/5/2023 12:00:00 AM,16:00:56.8912795
9114,UTA Session 2,trial,5,B,E,0,1774.037,6.33199999999988,4/5/2023 12:00:00 AM,16:01:06.5121287
9114,UTA Session 2,trial,6,D,A,0,1783.329,6.42499999999995,4/5/2023 12:00:00 AM,16:01:15.8964870
9114,UTA Session 2,trial,7,B,B,1,1792.786,4.69599999999991,4/5/2023 12:00:00 AM,16:01:23.6243165
9114,UTA Session 2,trial,8,D,C,0,1800.656,4.36300000000006,4/5/2023 12:00:00 AM,16:01:31.1622597
9114,UTA Session 2,trial,9,C,C,1,1808.368,7.8420000000001,4/5/2023 12:00:00 AM,16:01:42.3526238
9114,UTA Session 2,trial,10,C,A,0,1820.176,8.60800000000017,4/5/2023 12:00:00 AM,16:01:54.9265188
9114,UTA Session 2,trial,11,B,E,0,1831.572,7.40100000000007,4/5/2023 12:00:00 AM,16:02:05.1148201
9114,UTA Session 2,trial,12,E,A,0,1843.595,3.07400000000007,4/5/2023 12:00:00 AM,16:02:12.8116058
9114,UTA Session 2,trial,13,B,B,1,1854.431,7.81700000000001,4/5/2023 12:00:00 AM,16:02:28.3896013
9114,UTA Session 2,trial,14,A,A,1,1865.67,11.471,4/5/2023 12:00:00 AM,16:02:43.2838652
9114,UTA Session 2,trial,15,E,A,0,1880.223,5.70600000000013,4/5/2023 12:00:00 AM,16:02:52.0719678
9114,UTA Session 2,trial,16,B,C,0,1889.638,10.2940000000001,4/5/2023 12:00:00 AM,16:03:06.0733276
9114,UTA Session 2,trial,17,A,A,1,1902.976,5.15299999999979,4/5/2023 12:00:00 AM,16:03:14.2722230
9114,UTA Session 2,trial,18,D,B,0,1910.978,7.25099999999998,4/5/2023 12:00:00 AM,16:03:24.3717707
9114,UTA Session 2,trial,19,E,D,0,1923.021,6.14599999999996,4/5/2023 12:00:00 AM,16:03:35.3092456
9114,UTA Session 2,trial,20,D,B,0,1931.949,7.85899999999992,4/5/2023 12:00:00 AM,16:03:45.9500476
9114,UTA Session 2,trial,21,A,A,1,1944.125,13.412,4/5/2023 12:00:00 AM,16:04:03.6797670
9114,UTA Session 2,trial,22,A,B,0,1960.88,9.27799999999979,4/5/2023 12:00:00 AM,16:04:16.3002873
9114,UTA Session 2,trial,23,D,D,1,1973.4,5.88499999999999,4/5/2023 12:00:00 AM,16:04:25.4275594
9114,UTA Session 2,trial,24,D,D,1,1982.031,4.16399999999999,4/5/2023 12:00:00 AM,16:04:32.3378965
9114,UTA Session 2,trial,25,E,D,0,1988.997,5.38199999999983,4/5/2023 12:00:00 AM,16:04:40.5219112
9114,UTA Session 2,trial,26,D,B,0,2001.408,6.40700000000015,4/5/2023 12:00:00 AM,16:04:53.9581412
9114,UTA Session 2,trial,27,E,E,1,2012.859,6.54100000000017,4/5/2023 12:00:00 AM,16:05:05.5418214
9114,UTA Session 2,trial,28,C,A,0,2021.973,13.556,4/5/2023 12:00:00 AM,16:05:21.6714032
9114,UTA Session 2,trial,29,C,E,0,2039.14,12.1589999999999,4/5/2023 12:00:00 AM,16:05:37.4420836
9114,UTA Session 2,trial,30,D,B,0,2053.807,9.73500000000013,4/5/2023 12:00:00 AM,16:05:49.6853776
9114,UTA Session 2,trial,31,C,A,0,2068.008,5.46300000000019,4/5/2023 12:00:00 AM,16:05:59.6141227
9114,UTA Session 2,trial,32,E,A,0,2076.609,2.58500000000004,4/5/2023 12:00:00 AM,16:06:05.3362959
9114,UTA Session 2,trial,33,A,C,0,2086.277,3.70600000000013,4/5/2023 12:00:00 AM,16:06:16.1266281
9114,UTA Session 2,trial,34,E,A,0,2093.548,6.22500000000036,4/5/2023 12:00:00 AM,16:06:25.9162618
9114,UTA Session 2,trial,35,C,E,0,2109.037,4.55500000000029,4/5/2023 12:00:00 AM,16:06:39.7355765
9115,UTA Session 2,practice,1,B,A,0,2736.388,25.0050000000001,4/6/2023 12:00:00 AM,13:03:08.1756802
9115,UTA Session 2,practice,2,B,B,1,2777.282,9.79999999999973,4/6/2023 12:00:00 AM,13:03:33.8634937
9115,UTA Session 2,practice,3,C,C,1,2788.636,12.4030000000002,4/6/2023 12:00:00 AM,13:03:47.8201441
9115,UTA Session 2,practice,4,A,E,0,2802.055,13.6400000000003,4/6/2023 12:00:00 AM,13:04:02.4765434
9115,UTA Session 2,trial,1,B,B,1,2922.513,26.9470000000001,4/6/2023 12:00:00 AM,13:06:16.2422717
9115,UTA Session 2,trial,2,B,A,0,2952.531,14.7510000000002,4/6/2023 12:00:00 AM,13:06:34.0640071
9115,UTA Session 2,trial,3,C,C,1,2970.365,25.4720000000002,4/6/2023 12:00:00 AM,13:07:02.6175047
9115,UTA Session 2,trial,4,A,A,1,2998.698,18.0320000000002,4/6/2023 12:00:00 AM,13:07:23.5114435
9115,UTA Session 2,trial,5,B,B,1,3019.832,15.1820000000002,4/6/2023 12:00:00 AM,13:07:41.7946336
9115,UTA Session 2,trial,6,D,D,1,3038.044,10.8530000000001,4/6/2023 12:00:00 AM,13:07:55.6771058
9115,UTA Session 2,trial,7,B,E,0,3051.672,22.7130000000002,4/6/2023 12:00:00 AM,13:08:21.1661192
9115,UTA Session 2,trial,8,D,C,0,3077.381,14.7629999999999,4/6/2023 12:00:00 AM,13:08:38.9254615
9115,UTA Session 2,trial,9,C,B,0,3095.105,8.48599999999988,4/6/2023 12:00:00 AM,13:08:50.3720385
9115,UTA Session 2,trial,10,C,B,0,3106.489,10.2309999999998,4/6/2023 12:00:00 AM,13:09:03.5008994
9115,UTA Session 2,trial,11,B,C,0,3119.484,8.47000000000025,4/6/2023 12:00:00 AM,13:09:14.7347563
9115,UTA Session 2,trial,12,E,C,0,3130.744,24.098,4/6/2023 12:00:00 AM,13:09:41.6217226
9115,UTA Session 2,trial,13,B,A,0,3157.483,1.7529999999997,4/6/2023 12:00:00 AM,13:09:46.0167889
9115,UTA Session 2,trial,14,A,A,1,3162.16,9.46199999999999,4/6/2023 12:00:00 AM,13:09:58.4032248
9115,UTA Session 2,trial,15,E,E,1,3174.53,19.1179999999999,4/6/2023 12:00:00 AM,13:10:20.4289075
9115,UTA Session 2,trial,16,B,A,0,3196.285,17.643,4/6/2023 12:00:00 AM,13:10:40.7081590
9115,UTA Session 2,trial,17,A,E,0,3216.849,23.7729999999997,4/6/2023 12:00:00 AM,13:11:07.4025901
9115,UTA Session 2,trial,18,D,B,0,3243.368,4.42799999999988,4/6/2023 12:00:00 AM,13:11:14.5757478
9115,UTA Session 2,trial,19,E,A,0,3250.703,4.67700000000013,4/6/2023 12:00:00 AM,13:11:22.1593291
9115,UTA Session 2,trial,20,D,A,0,3258.397,23.4279999999999,4/6/2023 12:00:00 AM,13:11:48.6036254
9115,UTA Session 2,trial,21,A,C,0,3284.714,0.615999999999985,4/6/2023 12:00:00 AM,13:11:52.1090875
9115,UTA Session 2,trial,22,A,C,0,3287.836,6.84900000000016,4/6/2023 12:00:00 AM,13:12:01.4641479
9115,UTA Session 2,trial,23,D,B,0,3297.393,1.84099999999989,4/6/2023 12:00:00 AM,13:12:06.0135497
9115,UTA Session 2,trial,24,D,B,0,3302.192,1.9079999999999,4/6/2023 12:00:00 AM,13:12:10.8799439
9115,UTA Session 2,trial,25,E,D,0,3306.995,4.26600000000008,4/6/2023 12:00:00 AM,13:12:18.0400527
9115,UTA Session 2,trial,26,D,A,0,3314.156,0.623000000000047,4/6/2023 12:00:00 AM,13:12:21.5590469
9115,UTA Session 2,trial,27,E,C,0,3317.617,3.03899999999976,4/6/2023 12:00:00 AM,13:12:27.4350791
9115,UTA Session 2,trial,28,C,B,0,3323.803,0.16800000000012,4/6/2023 12:00:00 AM,13:12:30.7500796
9115,UTA Session 2,trial,29,C,A,0,3327.466,0.134000000000015,4/6/2023 12:00:00 AM,13:12:34.3799914
9115,UTA Session 2,trial,30,D,A,0,3330.544,2.50800000000027,4/6/2023 12:00:00 AM,13:12:39.8316960
9115,UTA Session 2,trial,31,C,A,0,3336.029,0.501999999999953,4/6/2023 12:00:00 AM,13:12:43.3103111
9115,UTA Session 2,trial,32,E,A,0,3339.322,0.317000000000007,4/6/2023 12:00:00 AM,13:12:46.4179886
9115,UTA Session 2,trial,33,A,B,0,3342.312,0.541999999999916,4/6/2023 12:00:00 AM,13:12:49.6335867
9115,UTA Session 2,trial,34,E,C,0,3347.777,29.9470000000001,4/6/2023 12:00:00 AM,13:13:24.5028545
9116,UTA Session 2,practice,1,B,B,1,2451.627,18.73,4/6/2023 12:00:00 AM,13:09:44.5472259
9116,UTA Session 2,practice,2,B,A,0,2585.572,19.2840000000001,4/6/2023 12:00:00 AM,13:11:59.0458220
9116,UTA Session 2,practice,3,C,D,0,2611.89,7.01299999999992,4/6/2023 12:00:00 AM,13:12:13.0922559
9116,UTA Session 2,practice,4,A,A,1,2630.065,18.1909999999998,4/6/2023 12:00:00 AM,13:12:42.4461288
9116,UTA Session 2,trial,1,B,B,1,2724.832,28.886,4/6/2023 12:00:00 AM,13:14:27.9102263
9116,UTA Session 2,trial,2,B,A,0,2783.433,6.91499999999996,4/6/2023 12:00:00 AM,13:15:04.5385818
9116,UTA Session 2,trial,3,C,A,0,2812.441,15.5400000000004,4/6/2023 12:00:00 AM,13:15:42.1724872
9116,UTA Session 2,trial,4,A,A,1,2833.187,3.42399999999998,4/6/2023 12:00:00 AM,13:15:50.8025678
9116,UTA Session 2,trial,5,B,A,0,2840.303,30.8520000000003,4/6/2023 12:00:00 AM,13:16:25.3466842
9116,UTA Session 2,trial,6,D,C,0,2876.149,5.51400000000012,4/6/2023 12:00:00 AM,13:16:35.8545482
9116,UTA Session 2,trial,7,B,A,0,2885.703,8.14800000000014,4/6/2023 12:00:00 AM,13:16:48.0424941
9116,UTA Session 2,trial,8,D,C,0,2896.998,3.49299999999994,4/6/2023 12:00:00 AM,13:16:54.6821645
9116,UTA Session 2,trial,9,C,E,0,2904.417,10.3440000000001,4/6/2023 12:00:00 AM,13:17:08.9519587
9116,UTA Session 2,trial,10,C,D,0,2917.624,8.90900000000011,4/6/2023 12:00:00 AM,13:17:20.7237594
9116,UTA Session 2,trial,11,B,B,1,2929.418,3.99299999999994,4/6/2023 12:00:00 AM,13:17:27.6032786
9116,UTA Session 2,trial,12,E,B,0,2936.865,14.4640000000004,4/6/2023 12:00:00 AM,13:17:45.5214117
9116,UTA Session 2,trial,13,B,D,0,2954.857,6.92999999999984,4/6/2023 12:00:00 AM,13:17:55.9783660
9116,UTA Session 2,trial,14,A,A,1,2965.158,8.46399999999994,4/6/2023 12:00:00 AM,13:18:07.8141071
9116,UTA Session 2,trial,15,E,D,0,2976.677,21.6099999999997,4/6/2023 12:00:00 AM,13:18:32.4787545
9116,UTA Session 2,trial,16,B,C,0,3001.751,2.01799999999957,4/6/2023 12:00:00 AM,13:18:37.9603030
9116,UTA Session 2,trial,17,A,A,1,3006.649,1.11599999999999,4/6/2023 12:00:00 AM,13:18:41.9567701
9116,UTA Session 2,trial,18,D,B,0,3010.604,0.429000000000087,4/6/2023 12:00:00 AM,13:18:45.2250352
9116,UTA Session 2,trial,19,E,C,0,3014.006,0.947000000000116,4/6/2023 12:00:00 AM,13:18:49.1443540
9116,UTA Session 2,trial,20,D,A,0,3017.926,7.35300000000007,4/6/2023 12:00:00 AM,13:18:59.4699233
9116,UTA Session 2,trial,21,A,A,1,3028.731,1.154,4/6/2023 12:00:00 AM,13:19:04.0774979
9116,UTA Session 2,trial,22,A,A,1,3033.147,0.396000000000186,4/6/2023 12:00:00 AM,13:19:07.7350364
9116,UTA Session 2,trial,23,D,A,0,3036.588,0.968999999999596,4/6/2023 12:00:00 AM,13:19:11.7488112
9116,UTA Session 2,trial,24,D,B,0,3040.905,0.629999999999654,4/6/2023 12:00:00 AM,13:19:15.7272308
9116,UTA Session 2,trial,25,E,A,0,3044.308,0.467000000000098,4/6/2023 12:00:00 AM,13:19:18.9672443
9116,UTA Session 2,trial,26,D,B,0,3047.964,0.51299999999992,4/6/2023 12:00:00 AM,13:19:22.6687958
9116,UTA Session 2,trial,27,E,A,0,3051.48,0.668999999999869,4/6/2023 12:00:00 AM,13:19:26.3410581
9116,UTA Session 2,trial,28,C,A,0,3055,0.561999999999898,4/6/2023 12:00:00 AM,13:19:29.7530326
9116,UTA Session 2,trial,29,C,B,0,3058.873,0.663000000000011,4/6/2023 12:00:00 AM,13:19:33.7265590
9116,UTA Session 2,trial,30,D,A,0,3062.571,0.494000000000142,4/6/2023 12:00:00 AM,13:19:37.2568917
9116,UTA Session 2,trial,31,C,A,0,3066.463,0.668999999999869,4/6/2023 12:00:00 AM,13:19:41.3229729
9116,UTA Session 2,trial,32,E,B,0,3069.939,0.452000000000226,4/6/2023 12:00:00 AM,13:19:44.5826311
9116,UTA Session 2,trial,33,A,C,0,3073.225,1.00199999999995,4/6/2023 12:00:00 AM,13:19:48.4185576
9116,UTA Session 2,trial,34,E,D,0,3076.902,0.490999999999985,4/6/2023 12:00:00 AM,13:19:51.5843129
9116,UTA Session 2,trial,35,C,A,0,3080.042,0.369000000000142,4/6/2023 12:00:00 AM,13:19:54.6026887
9117,UTA Session 2,practice,1,B,B,1,29.579,37.34,4/6/2023 12:00:00 AM,16:05:14.5066433
9117,UTA Session 2,practice,2,B,B,1,248.291,10.614,4/6/2023 12:00:00 AM,16:08:26.4882426
9117,UTA Session 2,practice,3,C,C,1,261.098,5.74299999999999,4/6/2023 12:00:00 AM,16:08:34.4255191
9117,UTA Session 2,practice,4,A,A,1,268.965,5.33000000000004,4/6/2023 12:00:00 AM,16:08:41.8783185
9117,UTA Session 2,trial,1,B,B,1,319.941,20.93,4/6/2023 12:00:00 AM,16:09:48.4564914
9117,UTA Session 2,trial,2,B,A,0,344.545,20.458,4/6/2023 12:00:00 AM,16:10:12.5871627
9117,UTA Session 2,trial,3,C,A,0,370.777,12.529,4/6/2023 12:00:00 AM,16:10:30.8901215
9117,UTA Session 2,trial,4,A,A,1,391.694,7.108,4/6/2023 12:00:00 AM,16:10:46.3854925
9117,UTA Session 2,trial,5,B,A,0,402.195,21.2,4/6/2023 12:00:00 AM,16:11:10.9786457
9117,UTA Session 2,trial,6,D,E,0,427.046,10.947,4/6/2023 12:00:00 AM,16:11:25.5772189
9117,UTA Session 2,trial,7,B,D,0,442.853,13.37,4/6/2023 12:00:00 AM,16:11:43.8059032
9117,UTA Session 2,trial,8,D,C,0,462.533,33.306,4/6/2023 12:00:00 AM,16:12:23.4228342
9117,UTA Session 2,trial,9,C,C,1,500.279,28.438,4/6/2023 12:00:00 AM,16:12:56.3004069
9117,UTA Session 2,trial,10,C,C,1,532.579,25.296,4/6/2023 12:00:00 AM,16:13:25.4583361
9117,UTA Session 2,trial,11,B,B,1,561.197,10.42,4/6/2023 12:00:00 AM,16:13:39.2006049
9117,UTA Session 2,trial,12,E,E,1,575.239,22.64,4/6/2023 12:00:00 AM,16:14:05.4632817
9117,UTA Session 2,trial,13,B,B,1,601.429,10.226,4/6/2023 12:00:00 AM,16:14:19.2397361
9117,UTA Session 2,trial,14,A,A,1,614.827,5.86800000000005,4/6/2023 12:00:00 AM,16:14:28.2802484
9117,UTA Session 2,trial,15,E,A,0,623.925,10.7,4/6/2023 12:00:00 AM,16:14:42.2096733
9117,UTA Session 2,trial,16,B,C,0,638.568,12.486,4/6/2023 12:00:00 AM,16:14:58.6380593
9117,UTA Session 2,trial,17,A,A,1,654.24,10.728,4/6/2023 12:00:00 AM,16:15:12.5524337
9117,UTA Session 2,trial,18,D,D,1,668.414,10.6660000000001,4/6/2023 12:00:00 AM,16:15:26.6637451
9117,UTA Session 2,trial,19,E,B,0,682.536,26.389,4/6/2023 12:00:00 AM,16:15:56.5087574
9117,UTA Session 2,trial,20,D,D,1,712.413,10.896,4/6/2023 12:00:00 AM,16:16:10.8937727
9117,UTA Session 2,trial,21,A,A,1,726.388,13.5949999999999,4/6/2023 12:00:00 AM,16:16:27.5680740
9117,UTA Session 2,trial,22,A,A,1,743.194,14.562,4/6/2023 12:00:00 AM,16:16:45.3397994
9117,UTA Session 2,trial,23,D,D,1,761.405,3.76900000000001,4/6/2023 12:00:00 AM,16:16:52.7584386
9117,UTA Session 2,trial,24,D,D,1,768.049,3.50099999999998,4/6/2023 12:00:00 AM,16:16:59.1343498
9118,UTA Session 2,practice,1,B,A,0,1873.652,6.89200000000005,4/6/2023 12:00:00 AM,16:25:26.9725628
9118,UTA Session 2,practice,2,B,B,1,1891.49,9.35899999999992,4/6/2023 12:00:00 AM,16:25:47.2766253
9118,UTA Session 2,practice,3,C,C,1,1901.958,6.38599999999997,4/6/2023 12:00:00 AM,16:25:54.7707150
9118,UTA Session 2,practice,4,A,A,1,1909.952,5.2829999999999,4/6/2023 12:00:00 AM,16:26:01.6623259
9118,UTA Session 2,trial,1,B,B,1,1925.56,4.47900000000004,4/6/2023 12:00:00 AM,16:26:16.4677406
9118,UTA Session 2,trial,2,B,A,0,1933.05,3.23299999999995,4/6/2023 12:00:00 AM,16:26:22.7110891
9118,UTA Session 2,trial,3,C,C,1,1939.44,2.83899999999994,4/6/2023 12:00:00 AM,16:26:28.7071953
9118,UTA Session 2,trial,4,A,B,0,1945.154,4.8900000000001,4/6/2023 12:00:00 AM,16:26:36.4706719
9118,UTA Session 2,trial,5,B,A,0,1952.959,3.74900000000002,4/6/2023 12:00:00 AM,16:26:43.1348588
9118,UTA Session 2,trial,6,D,A,0,1959.63,1.13799999999992,4/6/2023 12:00:00 AM,16:26:47.1950025
9118,UTA Session 2,trial,7,B,D,0,1963.558,8.44900000000007,4/6/2023 12:00:00 AM,16:26:58.4335080
9118,UTA Session 2,trial,8,D,A,0,1974.857,3.6110000000001,4/6/2023 12:00:00 AM,16:27:04.8944438
9118,UTA Session 2,trial,9,C,C,1,1981.391,4.30399999999986,4/6/2023 12:00:00 AM,16:27:12.1221996
9118,UTA Session 2,trial,10,C,D,0,1988.741,6.03800000000001,4/6/2023 12:00:00 AM,16:27:21.2060373
9118,UTA Session 2,trial,11,B,D,0,1997.721,3.17499999999995,4/6/2023 12:00:00 AM,16:27:27.3227404
9118,UTA Session 2,trial,12,E,E,1,2003.695,4.25,4/6/2023 12:00:00 AM,16:27:34.3729030
9118,UTA Session 2,trial,13,B,B,1,2010.721,3.43900000000008,4/6/2023 12:00:00 AM,16:27:40.5872975
9118,UTA Session 2,trial,14,A,A,1,2017.25,8.28899999999999,4/6/2023 12:00:00 AM,16:27:51.9669090
9118,UTA Session 2,trial,15,E,B,0,2028.848,3.202,4/6/2023 12:00:00 AM,16:27:58.4766113
9118,UTA Session 2,trial,16,B,C,0,2035.323,3.64099999999985,4/6/2023 12:00:00 AM,16:28:05.3912021
9118,UTA Session 2,trial,17,A,A,1,2041.983,3.09300000000007,4/6/2023 12:00:00 AM,16:28:11.5028606
9118,UTA Session 2,trial,18,D,D,1,2048.075,2.98900000000003,4/6/2023 12:00:00 AM,16:28:17.4908651
9118,UTA Session 2,trial,19,E,C,0,2053.935,3.72800000000007,4/6/2023 12:00:00 AM,16:28:24.0912258
9118,UTA Session 2,trial,20,D,C,0,2060.525,2.25799999999981,4/6/2023 12:00:00 AM,16:28:29.2105451
9118,UTA Session 2,trial,21,A,A,1,2065.623,4.14699999999993,4/6/2023 12:00:00 AM,16:28:36.1968771
9118,UTA Session 2,trial,22,A,C,0,2073.041,3.86299999999983,4/6/2023 12:00:00 AM,16:28:43.3309066
9118,UTA Session 2,trial,23,D,D,1,2079.805,10.1600000000003,4/6/2023 12:00:00 AM,16:28:56.3925747
9118,UTA Session 2,trial,24,D,D,1,2093.038,3.50300000000016,4/6/2023 12:00:00 AM,16:29:02.9690534
9118,UTA Session 2,trial,25,E,C,0,2099.421,3.04600000000028,4/6/2023 12:00:00 AM,16:29:08.8942110
9118,UTA Session 2,trial,26,D,B,0,2106.546,2.90100000000029,4/6/2023 12:00:00 AM,16:29:15.8746303
9118,UTA Session 2,trial,27,E,A,0,2112.46,5.11499999999978,4/6/2023 12:00:00 AM,16:29:24.0019334
9118,UTA Session 2,trial,28,C,B,0,2120.701,1.9050000000002,4/6/2023 12:00:00 AM,16:29:29.0325133
9118,UTA Session 2,trial,29,C,E,0,2125.871,4.42099999999982,4/6/2023 12:00:00 AM,16:29:36.7184751
9118,UTA Session 2,trial,30,D,D,1,2133.045,5.24299999999994,4/6/2023 12:00:00 AM,16:29:44.7150972
9118,UTA Session 2,trial,31,C,C,1,2141.74,3.16300000000001,4/6/2023 12:00:00 AM,16:29:51.3304665
9118,UTA Session 2,trial,32,E,E,1,2147.778,3.36400000000003,4/6/2023 12:00:00 AM,16:29:57.5687866
9118,UTA Session 2,trial,33,A,A,1,2153.952,2.5329999999999,4/6/2023 12:00:00 AM,16:30:02.9125023
9118,UTA Session 2,trial,34,E,A,0,2159.506,2.45299999999997,4/6/2023 12:00:00 AM,16:30:08.3868722
9118,UTA Session 2,trial,35,C,B,0,2164.977,1.8130000000001,4/6/2023 12:00:00 AM,16:30:13.2174871
9122,UTA Session 2,practice,1,B,E,0,2007.525,7.33399999999983,4/7/2023 12:00:00 AM,12:54:49.3292541
9122,UTA Session 2,practice,2,B,B,1,2058.659,8.6569999999997,4/7/2023 12:00:00 AM,12:55:41.7838017
9122,UTA Session 2,practice,3,C,E,0,2068.958,6.07799999999997,4/7/2023 12:00:00 AM,12:55:49.5031293
9122,UTA Session 2,practice,4,A,A,1,2077.93,4.76000000000022,4/7/2023 12:00:00 AM,12:55:57.1572765
9122,UTA Session 2,trial,1,B,A,0,2111.416,5.0619999999999,4/7/2023 12:00:00 AM,12:56:30.9468925
9122,UTA Session 2,trial,2,B,B,1,2119.935,7.19700000000012,4/7/2023 12:00:00 AM,12:56:41.5987517
9122,UTA Session 2,trial,3,C,B,0,2130.997,8.66300000000001,4/7/2023 12:00:00 AM,12:56:54.1271109
9122,UTA Session 2,trial,4,A,A,1,2144.167,4.13700000000017,4/7/2023 12:00:00 AM,12:57:02.7713305
9122,UTA Session 2,trial,5,B,B,1,2151.193,9.125,4/7/2023 12:00:00 AM,12:57:14.7849457
9122,UTA Session 2,trial,6,D,D,1,2163.221,5.85300000000007,4/7/2023 12:00:00 AM,12:57:23.5403498
9122,UTA Session 2,trial,7,B,C,0,2171.805,4.279,4/7/2023 12:00:00 AM,12:57:30.5492572
9122,UTA Session 2,trial,8,D,C,0,2179.927,11.3689999999997,4/7/2023 12:00:00 AM,12:57:45.7614111
9122,UTA Session 2,trial,9,C,C,1,2194.573,9.92900000000009,4/7/2023 12:00:00 AM,12:57:58.9668429
9122,UTA Session 2,trial,10,C,C,1,2207.246,7.90299999999979,4/7/2023 12:00:00 AM,12:58:09.6147512
9122,UTA Session 2,trial,11,B,E,0,2217.989,8.10699999999997,4/7/2023 12:00:00 AM,12:58:20.5610751
9122,UTA Session 2,trial,12,E,C,0,2229.249,8.54899999999998,4/7/2023 12:00:00 AM,12:58:32.2635377
9122,UTA Session 2,trial,13,B,B,1,2240.903,4.32700000000023,4/7/2023 12:00:00 AM,12:58:39.6947938
9122,UTA Session 2,trial,14,A,A,1,2248.285,11.3670000000002,4/7/2023 12:00:00 AM,12:58:54.1165302
9122,UTA Session 2,trial,15,E,D,0,2262.452,20.2239999999997,4/7/2023 12:00:00 AM,12:59:17.1406481
9122,UTA Session 2,trial,16,B,D,0,2285.516,6.4670000000001,4/7/2023 12:00:00 AM,12:59:26.4470117
9122,UTA Session 2,trial,17,A,A,1,2295.532,7.12199999999984,4/7/2023 12:00:00 AM,12:59:37.1188630
9122,UTA Session 2,trial,18,D,B,0,2305.507,8.85699999999997,4/7/2023 12:00:00 AM,12:59:48.8279425
9122,UTA Session 2,trial,19,E,E,1,2318.61,7.01399999999967,4/7/2023 12:00:00 AM,13:00:00.0876137
9122,UTA Session 2,trial,20,D,D,1,2328.204,5.42200000000003,4/7/2023 12:00:00 AM,13:00:08.0888441
9122,UTA Session 2,trial,21,A,A,1,2336.305,5.24299999999994,4/7/2023 12:00:00 AM,13:00:16.0110992
9122,UTA Session 2,trial,22,A,A,1,2344.336,3.42900000000009,4/7/2023 12:00:00 AM,13:00:22.2284495
9122,UTA Session 2,trial,23,D,E,0,2350.663,7.22899999999981,4/7/2023 12:00:00 AM,13:00:32.3551887
9122,UTA Session 2,trial,24,D,D,1,2360.65,3.15599999999995,4/7/2023 12:00:00 AM,13:00:38.2698052
9122,UTA Session 2,trial,25,E,B,0,2366.338,9.3149999999996,4/7/2023 12:00:00 AM,13:00:50.1151287
9122,UTA Session 2,trial,26,D,B,0,2378.419,3.01900000000023,4/7/2023 12:00:00 AM,13:00:55.9001436
9122,UTA Session 2,trial,27,E,B,0,2384.4,4.47699999999986,4/7/2023 12:00:00 AM,13:01:03.3386969
9122,UTA Session 2,trial,28,C,C,1,2392.343,5.74299999999994,4/7/2023 12:00:00 AM,13:01:12.5480995
9122,UTA Session 2,trial,29,C,A,0,2400.803,6.02400000000034,4/7/2023 12:00:00 AM,13:01:21.2893184
9122,UTA Session 2,trial,30,D,D,1,2409.866,6.346,4/7/2023 12:00:00 AM,13:01:30.6742073
9122,UTA Session 2,trial,31,C,D,0,2419.025,7.76899999999978,4/7/2023 12:00:00 AM,13:01:41.2547115
9122,UTA Session 2,trial,32,E,B,0,2429.581,7.59299999999985,4/7/2023 12:00:00 AM,13:01:51.6355177
9122,UTA Session 2,trial,33,A,B,0,2440.049,2.125,4/7/2023 12:00:00 AM,13:01:56.6345903
9122,UTA Session 2,trial,34,E,A,0,2446.178,3.10800000000017,4/7/2023 12:00:00 AM,13:02:03.7469006
9122,UTA Session 2,trial,35,C,D,0,2456.933,5.99099999999999,4/7/2023 12:00:00 AM,13:02:17.3838312
9124,UTA Session 2,practice,1,B,A,0,3030.396,7.37699999999995,4/7/2023 12:00:00 AM,16:14:08.9368850
9124,UTA Session 2,practice,2,B,D,0,3106.116,4.471,4/7/2023 12:00:00 AM,16:15:21.7491719
9124,UTA Session 2,practice,3,C,A,0,3111.488,7.63400000000001,4/7/2023 12:00:00 AM,16:15:30.2849864
9124,UTA Session 2,practice,4,A,C,0,3120.258,6.03400000000011,4/7/2023 12:00:00 AM,16:15:37.4553565
9124,UTA Session 2,trial,1,B,D,0,3152.606,11.2799999999997,4/7/2023 12:00:00 AM,16:16:15.0509409
9124,UTA Session 2,trial,2,B,B,1,3168.066,9.76800000000003,4/7/2023 12:00:00 AM,16:16:28.9973744
9124,UTA Session 2,trial,3,C,A,0,3181.263,15.538,4/7/2023 12:00:00 AM,16:16:47.9639872
9124,UTA Session 2,trial,4,A,A,1,3200.031,3.29600000000028,4/7/2023 12:00:00 AM,16:16:54.4904530
9124,UTA Session 2,trial,5,B,E,0,3208.585,5.80299999999988,4/7/2023 12:00:00 AM,16:17:05.5524852
9124,UTA Session 2,trial,6,D,A,0,3217.581,8.21599999999989,4/7/2023 12:00:00 AM,16:17:16.9604224
9124,UTA Session 2,trial,7,B,B,1,3229.312,4.55299999999988,4/7/2023 12:00:00 AM,16:17:25.0289716
9124,UTA Session 2,trial,8,D,D,1,3237.626,3.7829999999999,4/7/2023 12:00:00 AM,16:17:32.5723452
9124,UTA Session 2,trial,9,C,A,0,3244.637,10.5889999999999,4/7/2023 12:00:00 AM,16:17:46.3898753
9124,UTA Session 2,trial,10,C,C,1,3258.559,5.5029999999997,4/7/2023 12:00:00 AM,16:17:55.2265963
9124,UTA Session 2,trial,11,B,B,1,3267.244,4.35300000000007,4/7/2023 12:00:00 AM,16:18:02.7609214
9124,UTA Session 2,trial,12,E,C,0,3275.269,13.2470000000003,4/7/2023 12:00:00 AM,16:18:19.6802440
9124,UTA Session 2,trial,13,B,A,0,3291.933,13.0219999999999,4/7/2023 12:00:00 AM,16:18:36.1192714
9124,UTA Session 2,trial,14,A,C,0,3309.259,3.86200000000008,4/7/2023 12:00:00 AM,16:18:44.2854093
9124,UTA Session 2,trial,15,E,D,0,3316.6,15.0550000000003,4/7/2023 12:00:00 AM,16:19:02.8177953
9124,UTA Session 2,trial,16,B,D,0,3334.58,4.42799999999988,4/7/2023 12:00:00 AM,16:19:10.1723082
9124,UTA Session 2,trial,17,A,E,0,3341.938,21.3089999999997,4/7/2023 12:00:00 AM,16:19:34.4123192
9124,UTA Session 2,trial,18,D,A,0,3366.209,8.11599999999999,4/7/2023 12:00:00 AM,16:19:45.4890154
9124,UTA Session 2,trial,19,E,C,0,3377.895,3.92700000000013,4/7/2023 12:00:00 AM,16:19:52.9875646
9124,UTA Session 2,trial,20,D,D,1,3384.736,12.8119999999999,4/7/2023 12:00:00 AM,16:20:08.7142318
9124,UTA Session 2,trial,21,A,C,0,3400.923,8.63800000000037,4/7/2023 12:00:00 AM,16:20:20.7272009
9124,UTA Session 2,trial,22,A,A,1,3412.706,8.66899999999987,4/7/2023 12:00:00 AM,16:20:32.5410698
9124,UTA Session 2,trial,23,D,C,0,3424.768,6.89300000000003,4/7/2023 12:00:00 AM,16:20:42.8277512
9124,UTA Session 2,trial,24,D,D,1,3445.646,6.88499999999976,4/7/2023 12:00:00 AM,16:21:03.6983386
9124,UTA Session 2,trial,25,E,B,0,3455.533,6.53400000000011,4/7/2023 12:00:00 AM,16:21:13.2350313
9124,UTA Session 2,trial,26,D,B,0,3465.867,22.4559999999997,4/7/2023 12:00:00 AM,16:21:39.4902749
9124,UTA Session 2,trial,27,E,E,1,3491.438,3.83799999999974,4/7/2023 12:00:00 AM,16:21:46.4444131
9124,UTA Session 2,trial,28,C,D,0,3498.086,3.46900000000005,4/7/2023 12:00:00 AM,16:21:52.7233326
9124,UTA Session 2,trial,29,C,B,0,3504.464,6.46900000000005,4/7/2023 12:00:00 AM,16:22:02.1013121
9124,UTA Session 2,trial,30,D,B,0,3513.978,19.8559999999998,4/7/2023 12:00:00 AM,16:22:25.0033413
9124,UTA Session 2,trial,31,C,B,0,3536.806,3.0949999999998,4/7/2023 12:00:00 AM,16:22:31.0700512
9124,UTA Session 2,trial,32,E,D,0,3542.779,3.13200000000006,4/7/2023 12:00:00 AM,16:22:37.0799787
9124,UTA Session 2,trial,33,A,B,0,3548.871,2.60799999999972,4/7/2023 12:00:00 AM,16:22:42.6475832
9124,UTA Session 2,trial,34,E,A,0,3554.724,3.72299999999996,4/7/2023 12:00:00 AM,16:22:49.6163799
9124,UTA Session 2,trial,35,C,E,0,3563.335,11.2260000000001,4/7/2023 12:00:00 AM,16:23:05.7307612
9126,UTA Session 2,practice,1,B,B,1,2530.021,10.8289999999997,4/10/2023 12:00:00 AM,16:12:02.8015839
9126,UTA Session 2,practice,2,B,B,1,2584.912,22.4360000000001,4/10/2023 12:00:00 AM,16:13:09.2974774
9126,UTA Session 2,practice,3,C,C,1,2611.117,5.07699999999977,4/10/2023 12:00:00 AM,16:13:18.1434122
9126,UTA Session 2,practice,4,A,A,1,2618.437,5.94100000000026,4/10/2023 12:00:00 AM,16:13:26.3269612
9126,UTA Session 2,trial,1,B,D,0,2641.33,21.9659999999999,4/10/2023 12:00:00 AM,16:14:05.2477313
9126,UTA Session 2,trial,2,B,B,1,2667.526,5.31800000000021,4/10/2023 12:00:00 AM,16:14:14.7936196
9126,UTA Session 2,trial,3,C,C,1,2675.573,7.58699999999999,4/10/2023 12:00:00 AM,16:14:25.1098936
9126,UTA Session 2,trial,4,A,A,1,2686.014,6.18499999999995,4/10/2023 12:00:00 AM,16:14:34.1485861
9126,UTA Session 2,trial,5,B,B,1,2695.157,13.634,4/10/2023 12:00:00 AM,16:14:50.7400002
9126,UTA Session 2,trial,6,D,A,0,2711.747,12.8500000000004,4/10/2023 12:00:00 AM,16:15:06.5457293
9126,UTA Session 2,trial,7,B,A,0,2728.551,19.384,4/10/2023 12:00:00 AM,16:15:29.8828408
9126,UTA Session 2,trial,8,D,C,0,2753.435,8.58100000000013,4/10/2023 12:00:00 AM,16:15:43.9633559
9126,UTA Session 2,trial,9,C,C,1,2765.871,20.2819999999997,4/10/2023 12:00:00 AM,16:16:08.0994840
9126,UTA Session 2,trial,10,C,C,1,2789.658,9.44700000000012,4/10/2023 12:00:00 AM,16:16:21.0511764
9126,UTA Session 2,trial,11,B,E,0,2801.887,5.67499999999973,4/10/2023 12:00:00 AM,16:16:29.5073017
9126,UTA Session 2,trial,12,E,A,0,2813.559,10.7199999999998,4/10/2023 12:00:00 AM,16:16:46.2241562
9126,UTA Session 2,trial,13,B,B,1,2829.08,17.3820000000001,4/10/2023 12:00:00 AM,16:17:08.4058127
9126,UTA Session 2,trial,14,A,A,1,2851.627,9.96799999999985,4/10/2023 12:00:00 AM,16:17:23.5383775
9126,UTA Session 2,trial,15,E,A,0,2864.862,22.9470000000001,4/10/2023 12:00:00 AM,16:17:49.7513938
9126,UTA Session 2,trial,16,B,A,0,2891.883,17.4920000000002,4/10/2023 12:00:00 AM,16:18:11.3171412
9126,UTA Session 2,trial,17,A,A,1,2912.373,4.85199999999986,4/10/2023 12:00:00 AM,16:18:19.1668405
9126,UTA Session 2,trial,18,D,A,0,2920.063,8.2199999999998,4/10/2023 12:00:00 AM,16:18:30.2240356
9126,UTA Session 2,trial,19,E,B,0,2931.43,22.0610000000001,4/10/2023 12:00:00 AM,16:18:55.4318265
9126,UTA Session 2,trial,20,D,C,0,2956.645,11.672,4/10/2023 12:00:00 AM,16:19:10.2561536
9126,UTA Session 2,trial,21,A,A,1,2971.241,10.48,4/10/2023 12:00:00 AM,16:19:23.6611026
9126,UTA Session 2,trial,22,A,A,1,2984.666,6.34899999999971,4/10/2023 12:00:00 AM,16:19:32.9537246
9126,UTA Session 2,trial,23,D,D,1,2994,6.27599999999984,4/10/2023 12:00:00 AM,16:19:42.2156424
9126,UTA Session 2,trial,24,D,E,0,3002.977,13.9720000000002,4/10/2023 12:00:00 AM,16:19:58.8882644
9126,UTA Session 2,trial,25,E,D,0,3021.28,7.971,4/10/2023 12:00:00 AM,16:20:11.1895357
9126,UTA Session 2,trial,26,D,B,0,3035.257,11.0059999999999,4/10/2023 12:00:00 AM,16:20:28.2015520
9126,UTA Session 2,trial,27,E,E,1,3049.629,3.92399999999998,4/10/2023 12:00:00 AM,16:20:35.4914674
9126,UTA Session 2,trial,28,C,B,0,3056.384,4.29100000000017,4/10/2023 12:00:00 AM,16:20:42.6135034
9126,UTA Session 2,trial,29,C,E,0,3065.785,7.08200000000033,4/10/2023 12:00:00 AM,16:20:54.8047466
9126,UTA Session 2,trial,30,D,D,1,3075.8,4.23399999999992,4/10/2023 12:00:00 AM,16:21:01.9717473
9126,UTA Session 2,trial,31,C,D,0,3082.762,6.18299999999999,4/10/2023 12:00:00 AM,16:21:10.8825868
9108,UTA Session 2,practice,1,B,A,0,2882.194,22.5039999999999,4/11/2023 12:00:00 AM,16:13:03.0543661
9108,UTA Session 2,practice,2,B,E,0,2952.828,11.8989999999999,4/11/2023 12:00:00 AM,16:14:03.0821610
9108,UTA Session 2,practice,3,C,C,1,2969.504,4.37300000000005,4/11/2023 12:00:00 AM,16:14:12.2322964
9108,UTA Session 2,practice,4,A,A,1,2977.707,7.17900000000009,4/11/2023 12:00:00 AM,16:14:23.2405938
9108,UTA Session 2,trial,1,B,E,0,2999.143,6.96599999999989,4/11/2023 12:00:00 AM,16:14:44.4659300
9108,UTA Session 2,trial,2,B,E,0,3012.135,10.04,4/11/2023 12:00:00 AM,16:15:00.5298847
9108,UTA Session 2,trial,3,C,B,0,3025.286,5.41699999999992,4/11/2023 12:00:00 AM,16:15:09.0590718
9108,UTA Session 2,trial,4,A,A,1,3033.796,8.4380000000001,4/11/2023 12:00:00 AM,16:15:20.5897924
9108,UTA Session 2,trial,5,B,E,0,3045.678,5.56500000000005,4/11/2023 12:00:00 AM,16:15:29.5989927
9108,UTA Session 2,trial,6,D,B,0,3054.163,3.23799999999983,4/11/2023 12:00:00 AM,16:15:35.7567022
9108,UTA Session 2,trial,7,B,B,1,3060.815,5.25399999999991,4/11/2023 12:00:00 AM,16:15:44.4258622
9108,UTA Session 2,trial,8,D,C,0,3069.817,6.26400000000012,4/11/2023 12:00:00 AM,16:15:54.4375222
9108,UTA Session 2,trial,9,C,D,0,3079.294,4.34900000000016,4/11/2023 12:00:00 AM,16:16:01.9985442
9108,UTA Session 2,trial,10,C,C,1,3088.986,3.1869999999999,4/11/2023 12:00:00 AM,16:16:10.5293446
9108,UTA Session 2,trial,11,B,B,1,3095.391,6.28400000000011,4/11/2023 12:00:00 AM,16:16:20.0314562
9108,UTA Session 2,trial,12,E,A,0,3104.872,9.20900000000029,4/11/2023 12:00:00 AM,16:16:32.4373182
9108,UTA Session 2,trial,13,B,C,0,3117.2,14.857,4/11/2023 12:00:00 AM,16:16:50.4138375
9108,UTA Session 2,trial,14,A,A,1,3135.117,3.34999999999991,4/11/2023 12:00:00 AM,16:16:56.8234692
9108,UTA Session 2,trial,15,E,E,1,3141.67,6.60699999999997,4/11/2023 12:00:00 AM,16:17:06.6335507
9108,UTA Session 2,trial,16,B,E,0,3151.137,9.63599999999997,4/11/2023 12:00:00 AM,16:17:19.1293966
9108,UTA Session 2,trial,17,A,A,1,3163.919,4.55200000000013,4/11/2023 12:00:00 AM,16:17:26.8276863
9108,UTA Session 2,trial,18,D,B,0,3171.662,5.23300000000017,4/11/2023 12:00:00 AM,16:17:35.2512499
9108,UTA Session 2,trial,19,E,E,1,3179.795,5.96599999999989,4/11/2023 12:00:00 AM,16:17:44.1176682
9108,UTA Session 2,trial,20,D,D,1,3188.747,7.29600000000028,4/11/2023 12:00:00 AM,16:17:54.3993223
9108,UTA Session 2,trial,21,A,E,0,3199.076,5.62100000000009,4/11/2023 12:00:00 AM,16:18:03.0528561
9108,UTA Session 2,trial,22,A,C,0,3207.808,4.99499999999989,4/11/2023 12:00:00 AM,16:18:11.1599601
9108,UTA Session 2,trial,23,D,D,1,3215.866,8.30699999999979,4/11/2023 12:00:00 AM,16:18:22.5297883
9108,UTA Session 2,trial,24,D,E,0,3227.012,5.31899999999996,4/11/2023 12:00:00 AM,16:18:30.6877550
9108,UTA Session 2,trial,25,E,A,0,3235.278,7.10900000000038,4/11/2023 12:00:00 AM,16:18:40.7431505
9108,UTA Session 2,trial,26,D,D,1,3245.272,3.625,4/11/2023 12:00:00 AM,16:18:47.2538982
9108,UTA Session 2,trial,27,E,C,0,3251.786,6.51499999999987,4/11/2023 12:00:00 AM,16:18:56.6577544
9108,UTA Session 2,trial,28,C,C,1,3261.182,4.80300000000034,4/11/2023 12:00:00 AM,16:19:04.3417059
9108,UTA Session 2,trial,29,C,D,0,3268.874,5.07300000000032,4/11/2023 12:00:00 AM,16:19:12.3033165
9108,UTA Session 2,trial,30,D,D,1,3279.306,8.26499999999987,4/11/2023 12:00:00 AM,16:19:25.9279524
9108,UTA Session 2,trial,31,C,E,0,3290.338,12.7289999999998,4/11/2023 12:00:00 AM,16:19:41.4241948
9108,UTA Session 2,trial,32,E,B,0,3306.015,6.92000000000007,4/11/2023 12:00:00 AM,16:19:51.2908560
9108,UTA Session 2,trial,33,A,A,1,3315.982,5.77300000000014,4/11/2023 12:00:00 AM,16:20:00.1118146
9108,UTA Session 2,trial,34,E,A,0,3324.868,5.21500000000015,4/11/2023 12:00:00 AM,16:20:08.4401110
9108,UTA Session 2,trial,35,C,D,0,3333.52,10.6529999999998,4/11/2023 12:00:00 AM,16:20:22.5294053
9106,UTA Session 2,practice,1,B,C,0,1953.536,6.04399999999987,4/20/2023 12:00:00 AM,12:55:42.6403353
9106,UTA Session 2,practice,2,B,E,0,1997.041,11.616,4/20/2023 12:00:00 AM,12:56:31.7166818
9106,UTA Session 2,practice,3,C,E,0,2013.19,7.59199999999987,4/20/2023 12:00:00 AM,12:56:43.8411659
9106,UTA Session 2,practice,4,A,A,1,2026.54,6.45100000000002,4/20/2023 12:00:00 AM,12:56:56.0505997
9106,UTA Session 2,trial,1,B,A,0,2040.342,3.73899999999981,4/20/2023 12:00:00 AM,12:57:07.1424492
9106,UTA Session 2,trial,2,B,B,1,2047.464,4.19300000000021,4/20/2023 12:00:00 AM,12:57:14.7170942
9106,UTA Session 2,trial,3,C,D,0,2054.815,5.90599999999995,4/20/2023 12:00:00 AM,12:57:23.7813491
9106,UTA Session 2,trial,4,A,A,1,2063.853,6.0619999999999,4/20/2023 12:00:00 AM,12:57:32.9751283
9106,UTA Session 2,trial,5,B,A,0,2073.277,7.16199999999981,4/20/2023 12:00:00 AM,12:57:43.4989833
9106,UTA Session 2,trial,6,D,A,0,2083.847,2.97299999999996,4/20/2023 12:00:00 AM,12:57:49.8795389
9106,UTA Session 2,trial,7,B,E,0,2092.386,8.02500000000009,4/20/2023 12:00:00 AM,12:58:03.4713910
9106,UTA Session 2,trial,8,D,C,0,2104.081,6.05999999999995,4/20/2023 12:00:00 AM,12:58:13.2014875
9106,UTA Session 2,trial,9,C,D,0,2113.999,6.10000000000036,4/20/2023 12:00:00 AM,12:58:23.1594493
9106,UTA Session 2,trial,10,C,C,1,2123.688,5.50700000000006,4/20/2023 12:00:00 AM,12:58:32.2554646
9106,UTA Session 2,trial,11,B,E,0,2132.681,4.44000000000005,4/20/2023 12:00:00 AM,12:58:40.1818241
9106,UTA Session 2,trial,12,E,C,0,2140.612,7.00099999999975,4/20/2023 12:00:00 AM,12:58:50.6733319
9106,UTA Session 2,trial,13,B,C,0,2151.371,8.71399999999994,4/20/2023 12:00:00 AM,12:59:03.1455421
9106,UTA Session 2,trial,14,A,A,1,2163.968,6.00900000000001,4/20/2023 12:00:00 AM,12:59:13.0374394
9106,UTA Session 2,trial,15,E,D,0,2174.076,4.95299999999997,4/20/2023 12:00:00 AM,12:59:22.0899233
9106,UTA Session 2,trial,16,B,D,0,2185.537,9.16200000000026,4/20/2023 12:00:00 AM,12:59:37.7593211
9106,UTA Session 2,trial,17,A,A,1,2197.654,6.51699999999983,4/20/2023 12:00:00 AM,12:59:47.2316146
9106,UTA Session 2,trial,18,D,D,1,2207.88,4.14300000000003,4/20/2023 12:00:00 AM,12:59:55.0839680
9106,UTA Session 2,trial,19,E,E,1,2215.488,6.95100000000002,4/20/2023 12:00:00 AM,13:00:05.5007193
9106,UTA Session 2,trial,20,D,E,0,2225.698,6.48700000000008,4/20/2023 12:00:00 AM,13:00:15.2463488
9106,UTA Session 2,trial,21,A,A,1,2235.631,7.43499999999995,4/20/2023 12:00:00 AM,13:00:26.1267303
9106,UTA Session 2,trial,22,A,C,0,2246.429,4.53400000000011,4/20/2023 12:00:00 AM,13:00:34.0242541
9106,UTA Session 2,trial,23,D,D,1,2254.316,8.77600000000029,4/20/2023 12:00:00 AM,13:00:46.1527437
9106,UTA Session 2,trial,24,D,E,0,2266.433,5.8760000000002,4/20/2023 12:00:00 AM,13:00:55.3694168
9106,UTA Session 2,trial,25,E,E,1,2275.807,5.65800000000036,4/20/2023 12:00:00 AM,13:01:04.5260248
9106,UTA Session 2,trial,26,D,B,0,2284.655,6.14799999999968,4/20/2023 12:00:00 AM,13:01:13.8646012
9106,UTA Session 2,trial,27,E,E,1,2294.658,4.87899999999991,4/20/2023 12:00:00 AM,13:01:22.5983162
9106,UTA Session 2,trial,28,C,C,1,2304.425,4.18199999999979,4/20/2023 12:00:00 AM,13:01:31.6678145
9106,UTA Session 2,trial,29,C,D,0,2312.019,5.69800000000032,4/20/2023 12:00:00 AM,13:01:40.7776829
9106,UTA Session 2,trial,30,D,E,0,2321.08,7.16699999999992,4/20/2023 12:00:00 AM,13:01:51.3077531
9106,UTA Session 2,trial,31,C,D,0,2331.154,3.51499999999987,4/20/2023 12:00:00 AM,13:01:57.7292199
9106,UTA Session 2,trial,32,E,E,1,2338.411,4.52999999999975,4/20/2023 12:00:00 AM,13:02:06.0023714
9106,UTA Session 2,trial,33,A,D,0,2346.083,4.77399999999989,4/20/2023 12:00:00 AM,13:02:13.9177722
9106,UTA Session 2,trial,34,E,A,0,2354.579,3.52999999999975,4/20/2023 12:00:00 AM,13:02:21.1704220
9106,UTA Session 2,trial,35,C,D,0,2363.139,5.70199999999977,4/20/2023 12:00:00 AM,13:02:31.9023044
0000,UTA Session 2,practice,1,B,B,1,2717.816,23.1180000000004,5/18/2023 12:00:00 AM,10:17:12.1047046
0000,UTA Session 2,practice,2,B,B,1,2842.871,42.4380000000001,5/18/2023 12:00:00 AM,10:19:36.4788549
0000,UTA Session 2,practice,3,C,C,1,2888.772,7.60899999999992,5/18/2023 12:00:00 AM,10:19:47.5502280
0000,UTA Session 2,practice,4,A,A,1,2900.988,9.76500000000033,5/18/2023 12:00:00 AM,10:20:01.9220015
0000,UTA Session 2,trial,1,B,B,1,2968.664,47.8149999999996,5/18/2023 12:00:00 AM,10:21:47.6508870
0000,UTA Session 2,trial,2,B,B,1,3020.076,14.933,5/18/2023 12:00:00 AM,10:22:06.1805030
0000,UTA Session 2,trial,3,C,C,1,3038.3,25.2629999999999,5/18/2023 12:00:00 AM,10:22:34.7341833
0000,UTA Session 2,trial,4,A,A,1,3066.789,10.5099999999998,5/18/2023 12:00:00 AM,10:22:48.4695475
0000,UTA Session 2,trial,5,B,A,0,3080.505,20.48,5/18/2023 12:00:00 AM,10:23:12.1557711
0000,UTA Session 2,trial,6,D,D,1,3111.232,16.6289999999999,5/18/2023 12:00:00 AM,10:23:39.0321099
0000,UTA Session 2,trial,7,B,C,0,3130.981,37.5099999999998,5/18/2023 12:00:00 AM,10:24:19.6621257
0000,UTA Session 2,trial,8,D,D,1,3172.226,36.203,5/18/2023 12:00:00 AM,10:24:59.6012619
0000,UTA Session 2,trial,9,C,D,0,3211.697,11.98,5/18/2023 12:00:00 AM,10:25:14.8486364
0000,UTA Session 2,trial,10,C,C,1,3228.275,10.02,5/18/2023 12:00:00 AM,10:25:29.4668737
0000,UTA Session 2,trial,11,B,B,1,3241.439,8.52600000000029,5/18/2023 12:00:00 AM,10:25:41.1372543
0000,UTA Session 2,trial,12,E,C,0,3253.045,8.68399999999974,5/18/2023 12:00:00 AM,10:25:52.9014704
0000,UTA Session 2,trial,13,B,C,0,3265.703,10.2400000000002,5/18/2023 12:00:00 AM,10:26:07.1152224
0000,UTA Session 2,trial,14,A,A,1,3286.173,7.01400000000012,5/18/2023 12:00:00 AM,10:26:24.3587407
0000,UTA Session 2,trial,15,E,E,1,3296.292,22.4850000000001,5/18/2023 12:00:00 AM,10:26:49.9491883
0000,UTA Session 2,trial,16,B,B,1,3321.989,24.7579999999998,5/18/2023 12:00:00 AM,10:27:17.9187623
0000,UTA Session 2,trial,17,A,A,1,3350.385,8.95499999999993,5/18/2023 12:00:00 AM,10:27:30.5124632
0000,UTA Session 2,trial,18,D,D,1,3362.817,7.404,5/18/2023 12:00:00 AM,10:27:41.3927982
0000,UTA Session 2,trial,19,E,E,1,3373.389,11.1619999999998,5/18/2023 12:00:00 AM,10:27:55.7241296
0000,UTA Session 2,trial,20,D,D,1,3387.493,9.32200000000012,5/18/2023 12:00:00 AM,10:28:07.9873783
0000,UTA Session 2,trial,21,A,E,0,3399.73,9.25900000000001,5/18/2023 12:00:00 AM,10:28:20.1621425
0000,UTA Session 2,trial,22,A,A,1,3412.004,4.4369999999999,5/18/2023 12:00:00 AM,10:28:27.6134828
9128,UTA Session 2,practice,1,B,A,0,2557.611,9.31500000000005,6/20/2023 12:00:00 AM,16:14:48.1210121
9128,UTA Session 2,practice,2,B,B,1,2602.625,10.0169999999998,6/20/2023 12:00:00 AM,16:15:33.8350032
9128,UTA Session 2,practice,3,C,D,0,2614.384,10.2260000000001,6/20/2023 12:00:00 AM,16:15:45.8031097
9128,UTA Session 2,practice,4,A,A,1,2628.314,4.74600000000009,6/20/2023 12:00:00 AM,16:15:54.2526924
9128,UTA Session 2,trial,1,B,B,1,2658.104,23.5130000000004,6/20/2023 12:00:00 AM,16:16:42.8126174
9128,UTA Session 2,trial,2,B,A,0,2685.775,6.31999999999971,6/20/2023 12:00:00 AM,16:16:53.2886669
9128,UTA Session 2,trial,3,C,B,0,2695.589,5.68100000000004,6/20/2023 12:00:00 AM,16:17:02.4631825
9128,UTA Session 2,trial,4,A,A,1,2704.497,4.60400000000027,6/20/2023 12:00:00 AM,16:17:10.2957920
9128,UTA Session 2,trial,5,B,E,0,2712.228,5.06399999999985,6/20/2023 12:00:00 AM,16:17:18.4861042
9128,UTA Session 2,trial,6,D,D,1,2720.158,6.77500000000009,6/20/2023 12:00:00 AM,16:17:28.1269396
9128,UTA Session 2,trial,7,B,C,0,2731.391,9.58799999999974,6/20/2023 12:00:00 AM,16:17:42.1731099
9128,UTA Session 2,trial,8,D,B,0,2744.086,3.88300000000027,6/20/2023 12:00:00 AM,16:17:49.1631889
9128,UTA Session 2,trial,9,C,B,0,2750.993,5.72200000000021,6/20/2023 12:00:00 AM,16:17:57.9089003
9128,UTA Session 2,trial,10,C,A,0,2760.238,4.51099999999997,6/20/2023 12:00:00 AM,16:18:05.9424973
9128,UTA Session 2,trial,11,B,B,1,2767.995,3.76800000000003,6/20/2023 12:00:00 AM,16:18:12.9579171
9128,UTA Session 2,trial,12,E,A,0,2774.875,2.33199999999988,6/20/2023 12:00:00 AM,16:18:18.4014078
9128,UTA Session 2,trial,13,B,D,0,2780.343,8.04200000000037,6/20/2023 12:00:00 AM,16:18:29.5787601
9128,UTA Session 2,trial,14,A,A,1,2791.138,3.73800000000028,6/20/2023 12:00:00 AM,16:18:36.0705018
9128,UTA Session 2,trial,15,E,E,1,2797.881,4.76500000000033,6/20/2023 12:00:00 AM,16:18:43.8397702
9128,UTA Session 2,trial,16,B,C,0,2805.456,7.53899999999976,6/20/2023 12:00:00 AM,16:18:54.1891392
9128,UTA Session 2,trial,17,A,A,1,2815.899,2.25800000000027,6/20/2023 12:00:00 AM,16:18:59.3519303
9128,UTA Session 2,trial,18,D,A,0,2821.102,5.32700000000023,6/20/2023 12:00:00 AM,16:19:07.6238467
9128,UTA Session 2,trial,19,E,E,1,2829.424,5.9989999999998,6/20/2023 12:00:00 AM,16:19:16.6178546
9128,UTA Session 2,trial,20,D,C,0,2838.166,3.904,6/20/2023 12:00:00 AM,16:19:23.2641154
9128,UTA Session 2,trial,21,A,A,1,2845.073,6.21199999999999,6/20/2023 12:00:00 AM,16:19:32.4796197
9128,UTA Session 2,trial,22,A,A,1,2854.7,3.69500000000016,6/20/2023 12:00:00 AM,16:19:39.5896873
9128,UTA Session 2,trial,23,D,C,0,2861.411,6.19000000000005,6/20/2023 12:00:00 AM,16:19:48.7952818
9128,UTA Session 2,trial,24,D,A,0,2870.386,8.13099999999986,6/20/2023 12:00:00 AM,16:19:59.7118268
9128,UTA Session 2,trial,25,E,A,0,2882.142,10.6350000000002,6/20/2023 12:00:00 AM,16:20:13.9712758
9128,UTA Session 2,trial,26,D,D,1,2895.679,3.35199999999986,6/20/2023 12:00:00 AM,16:20:20.2255846
9128,UTA Session 2,trial,27,E,A,0,2901.681,2.80200000000013,6/20/2023 12:00:00 AM,16:20:25.6773355
9128,UTA Session 2,trial,28,C,B,0,2907.26,1.971,6/20/2023 12:00:00 AM,16:20:30.4257707
9128,UTA Session 2,trial,29,C,E,0,2912.083,5.55400000000009,6/20/2023 12:00:00 AM,16:20:38.8313946
9128,UTA Session 2,trial,30,D,B,0,2920.949,2.31399999999985,6/20/2023 12:00:00 AM,16:20:44.4574011
9128,UTA Session 2,trial,31,C,D,0,2926.041,3.32999999999993,6/20/2023 12:00:00 AM,16:20:50.5645919
9128,UTA Session 2,trial,32,E,C,0,2931.979,3.58400000000029,6/20/2023 12:00:00 AM,16:20:56.7570654
9128,UTA Session 2,trial,33,A,A,1,2938.29,4.28499999999985,6/20/2023 12:00:00 AM,16:21:03.7704749
9128,UTA Session 2,trial,34,E,A,0,2945.453,5.11700000000019,6/20/2023 12:00:00 AM,16:21:11.7642939
9128,UTA Session 2,trial,35,C,C,1,2953.615,18.7080000000001,6/20/2023 12:00:00 AM,16:21:33.5173172
9130,UTA Session 2,practice,1,B,E,0,2232.676,14.4749999999999,6/23/2023 12:00:00 AM,09:52:59.0537771
9130,UTA Session 2,practice,2,B,B,1,2257.818,12.9679999999998,6/23/2023 12:00:00 AM,09:53:22.6867619
9130,UTA Session 2,practice,3,C,B,0,2271.597,5.80299999999988,6/23/2023 12:00:00 AM,09:53:29.3013199
9130,UTA Session 2,practice,4,A,A,1,2280.411,13.2129999999997,6/23/2023 12:00:00 AM,09:53:45.5259956
9130,UTA Session 2,trial,1,B,B,1,2304.803,37.0350000000003,6/23/2023 12:00:00 AM,09:54:33.7409859
9130,UTA Session 2,trial,2,B,E,0,2351.92,31.1759999999999,6/23/2023 12:00:00 AM,09:55:14.9988047
9130,UTA Session 2,trial,3,C,A,0,2389.063,8.18899999999985,6/23/2023 12:00:00 AM,09:55:29.1546726
9130,UTA Session 2,trial,4,A,A,1,2400.456,8.01800000000003,6/23/2023 12:00:00 AM,09:55:40.3776072
9130,UTA Session 2,trial,5,B,C,0,2412.847,28.4429999999998,6/23/2023 12:00:00 AM,09:56:13.1928400
9130,UTA Session 2,trial,6,D,A,0,2445.419,8.9680000000003,6/23/2023 12:00:00 AM,09:56:26.2895510
9130,UTA Session 2,trial,7,B,B,1,2457.585,4.00900000000001,6/23/2023 12:00:00 AM,09:56:33.4979820
9130,UTA Session 2,trial,8,D,B,0,2464.874,4.36400000000003,6/23/2023 12:00:00 AM,09:56:41.1415856
9130,UTA Session 2,trial,9,C,D,0,2472.285,16.998,6/23/2023 12:00:00 AM,09:57:01.1858371
9130,UTA Session 2,trial,10,C,D,0,2492.187,7.32000000000016,6/23/2023 12:00:00 AM,09:57:11.4102033
9130,UTA Session 2,trial,11,B,D,0,2503.472,6.63400000000001,6/23/2023 12:00:00 AM,09:57:22.0087039
9130,UTA Session 2,trial,12,E,B,0,2513.913,12.4929999999999,6/23/2023 12:00:00 AM,09:57:38.3089822
9130,UTA Session 2,trial,13,B,B,1,2529.671,8.63300000000027,6/23/2023 12:00:00 AM,09:57:50.2077293
9130,UTA Session 2,trial,14,A,A,1,2542.241,9.51900000000023,6/23/2023 12:00:00 AM,09:58:03.6638699
9130,UTA Session 2,trial,15,E,D,0,2555.199,13.2440000000001,6/23/2023 12:00:00 AM,09:58:20.3471495
9130,UTA Session 2,trial,16,B,A,0,2573.458,13.652,6/23/2023 12:00:00 AM,09:58:39.0147452
9130,UTA Session 2,trial,17,A,A,1,2590.268,13.5219999999999,6/23/2023 12:00:00 AM,09:58:55.6948511
9130,UTA Session 2,trial,18,D,D,1,2607.085,4.9989999999998,6/23/2023 12:00:00 AM,09:59:03.9889483
9130,UTA Session 2,trial,19,E,E,1,2615.597,8.97499999999991,6/23/2023 12:00:00 AM,09:59:16.4765317
9130,UTA Session 2,trial,20,D,E,0,2627.844,14.7019999999998,6/23/2023 12:00:00 AM,09:59:34.4505668
9130,UTA Session 2,trial,21,A,B,0,2645.431,7.54899999999998,6/23/2023 12:00:00 AM,09:59:44.8846880
9130,UTA Session 2,trial,22,A,A,1,2656.049,14.4430000000002,6/23/2023 12:00:00 AM,10:00:02.3968731
9130,UTA Session 2,trial,23,D,A,0,2673.818,9.01899999999978,6/23/2023 12:00:00 AM,10:00:14.7427915
9130,UTA Session 2,trial,24,D,D,1,2686,5.96199999999999,6/23/2023 12:00:00 AM,10:00:23.8676417
9130,UTA Session 2,trial,25,E,C,0,2694.811,10.502,6/23/2023 12:00:00 AM,10:00:37.2191985
9130,UTA Session 2,trial,26,D,D,1,2708.33,5.53099999999995,6/23/2023 12:00:00 AM,10:00:45.7667771
9130,UTA Session 2,trial,27,E,E,1,2719.574,12.123,6/23/2023 12:00:00 AM,10:01:03.6028925
9130,UTA Session 2,trial,28,C,B,0,2735.537,23.0520000000001,6/23/2023 12:00:00 AM,10:01:30.4951402
9131,UTA Session 2,practice,1,B,C,0,2105.182,7.33500000000004,6/23/2023 12:00:00 AM,12:51:08.6867499
9131,UTA Session 2,practice,2,B,B,1,2148.008,13.181,6/23/2023 12:00:00 AM,12:51:57.3562822
9131,UTA Session 2,practice,3,C,B,0,2166.254,6.29100000000017,6/23/2023 12:00:00 AM,12:52:08.7127599
9131,UTA Session 2,practice,4,A,A,1,2180.838,4.63499999999976,6/23/2023 12:00:00 AM,12:52:21.6404212
9131,UTA Session 2,trial,1,B,D,0,2205.418,21.2289999999998,6/23/2023 12:00:00 AM,12:53:02.8172946
9131,UTA Session 2,trial,2,B,D,0,2229.704,16.3699999999999,6/23/2023 12:00:00 AM,12:53:22.2429348
9131,UTA Session 2,trial,3,C,C,1,2249.225,18.2339999999999,6/23/2023 12:00:00 AM,12:53:43.6269239
9131,UTA Session 2,trial,4,A,A,1,2270.518,6.87599999999975,6/23/2023 12:00:00 AM,12:53:53.5628755
9131,UTA Session 2,trial,5,B,D,0,2280.259,8.34999999999991,6/23/2023 12:00:00 AM,12:54:04.7771049
9131,UTA Session 2,trial,6,D,D,1,2300.618,8.8090000000002,6/23/2023 12:00:00 AM,12:54:25.5959815
9131,UTA Session 2,trial,7,B,C,0,2312.116,6.62300000000005,6/23/2023 12:00:00 AM,12:54:34.9073922
9131,UTA Session 2,trial,8,D,B,0,2322.123,9.27399999999989,6/23/2023 12:00:00 AM,12:54:47.5643501
9131,UTA Session 2,trial,9,C,C,1,2337.062,12.0819999999999,6/23/2023 12:00:00 AM,12:55:05.3134756
9131,UTA Session 2,trial,10,C,C,1,2351.984,9.5930000000003,6/23/2023 12:00:00 AM,12:55:17.7457598
9131,UTA Session 2,trial,11,B,B,1,2364.388,6.5619999999999,6/23/2023 12:00:00 AM,12:55:27.1196834
9131,UTA Session 2,trial,12,E,E,1,2373.678,16.5909999999999,6/23/2023 12:00:00 AM,12:55:46.4373140
9131,UTA Session 2,trial,13,B,B,1,2392.835,13.5630000000001,6/23/2023 12:00:00 AM,12:56:02.5670454
9131,UTA Session 2,trial,14,A,A,1,2409.439,12.5910000000003,6/23/2023 12:00:00 AM,12:56:18.1994590
9131,UTA Session 2,trial,15,E,E,1,2424.913,12.8119999999999,6/23/2023 12:00:00 AM,12:56:33.8943357
9131,UTA Session 2,trial,16,B,C,0,2440.344,5.48000000000002,6/23/2023 12:00:00 AM,12:56:41.9936277
9131,UTA Session 2,trial,17,A,A,1,2448.438,3.73799999999983,6/23/2023 12:00:00 AM,12:56:48.3448835
9131,UTA Session 2,trial,18,D,D,1,2455.067,5.82200000000012,6/23/2023 12:00:00 AM,12:56:57.0581021
9131,UTA Session 2,trial,19,E,B,0,2463.428,10.701,6/23/2023 12:00:00 AM,12:57:10.2979592
9131,UTA Session 2,trial,20,D,D,1,2477.329,10.1309999999999,6/23/2023 12:00:00 AM,12:57:23.6296171
9131,UTA Session 2,trial,21,A,A,1,2490.267,9.66600000000017,6/23/2023 12:00:00 AM,12:57:36.1016957
9131,UTA Session 2,trial,22,A,A,1,2502.802,6.53800000000001,6/23/2023 12:00:00 AM,12:57:45.5089314
9131,UTA Session 2,trial,23,D,D,1,2512.031,10.337,6/23/2023 12:00:00 AM,12:57:58.5376936
9131,UTA Session 2,trial,24,D,D,1,2524.878,8.18199999999979,6/23/2023 12:00:00 AM,12:58:09.2295940
9131,UTA Session 2,trial,25,E,E,1,2535.659,6.90999999999985,6/23/2023 12:00:00 AM,12:58:18.7376903
9131,UTA Session 2,trial,26,D,A,0,2545.193,12.2009999999996,6/23/2023 12:00:00 AM,12:58:33.5635820
9131,UTA Session 2,trial,27,E,E,1,2561.145,10.5810000000001,6/23/2023 12:00:00 AM,12:58:47.8956304
9131,UTA Session 2,trial,28,C,C,1,2574.346,16.0010000000002,6/23/2023 12:00:00 AM,12:59:06.5161238
9131,UTA Session 2,trial,29,C,C,1,2593.048,10.6380000000004,6/23/2023 12:00:00 AM,12:59:19.8559835
9131,UTA Session 2,trial,30,D,D,1,2606.409,8.78099999999995,6/23/2023 12:00:00 AM,12:59:31.3592720
9131,UTA Session 2,trial,31,C,A,0,2617.66,9.11500000000024,6/23/2023 12:00:00 AM,12:59:42.9441852
9131,UTA Session 2,trial,32,E,B,0,2631.487,19.6979999999999,6/23/2023 12:00:00 AM,13:00:07.3535484
9131,UTA Session 2,trial,33,A,A,1,2654.037,5.97300000000041,6/23/2023 12:00:00 AM,13:00:16.1800169
9132,UTA Session 2,practice,1,B,B,1,2722.133,12.6700000000001,6/23/2023 12:00:00 AM,16:29:07.4374869
9132,UTA Session 2,practice,2,B,A,0,2836.99,23.7540000000004,6/23/2023 12:00:00 AM,16:31:13.3780482
9132,UTA Session 2,practice,3,C,C,1,2880.995,10.6950000000002,6/23/2023 12:00:00 AM,16:31:44.3232195
9132,UTA Session 2,practice,4,A,C,0,2894.336,22.8200000000002,6/23/2023 12:00:00 AM,16:32:09.7899958
9132,UTA Session 2,trial,1,B,A,0,2977.654,7.17200000000003,6/23/2023 12:00:00 AM,16:33:17.4609315
9132,UTA Session 2,trial,2,B,B,1,2991.864,13.4059999999999,6/23/2023 12:00:00 AM,16:33:37.9047476
9132,UTA Session 2,trial,3,C,A,0,3008.658,10.9580000000001,6/23/2023 12:00:00 AM,16:33:52.2504450
9132,UTA Session 2,trial,4,A,A,1,3026.476,8.54999999999973,6/23/2023 12:00:00 AM,16:34:07.6609806
9132,UTA Session 2,trial,5,B,D,0,3038.551,24.3250000000003,6/23/2023 12:00:00 AM,16:34:35.5104438
9132,UTA Session 2,trial,6,D,A,0,3066.111,17.3830000000003,6/23/2023 12:00:00 AM,16:34:56.1286665
9132,UTA Session 2,trial,7,B,B,1,3086.886,19.1460000000002,6/23/2023 12:00:00 AM,16:35:18.6665425
9132,UTA Session 2,trial,8,D,A,0,3109.294,23.098,6/23/2023 12:00:00 AM,16:35:45.0276065
9132,UTA Session 2,trial,9,C,A,0,3136.345,13.5630000000001,6/23/2023 12:00:00 AM,16:36:02.5434164
9132,UTA Session 2,trial,10,C,A,0,3158.478,15.761,6/23/2023 12:00:00 AM,16:36:26.8731958
9132,UTA Session 2,trial,11,B,E,0,3177.84,9.63599999999997,6/23/2023 12:00:00 AM,16:36:40.1109997
9132,UTA Session 2,trial,12,E,A,0,3202.378,21.1900000000001,6/23/2023 12:00:00 AM,16:37:16.2028787
9132,UTA Session 2,trial,13,B,C,0,3228.718,12.9140000000002,6/23/2023 12:00:00 AM,16:37:34.2667482
9132,UTA Session 2,trial,14,A,A,1,3246.446,17.7640000000001,6/23/2023 12:00:00 AM,16:37:56.8460442
9132,UTA Session 2,trial,15,E,E,1,3267.812,20.2600000000002,6/23/2023 12:00:00 AM,16:38:20.7073682
9132,UTA Session 2,trial,16,B,C,0,3291.217,28.096,6/23/2023 12:00:00 AM,16:38:51.9484447
9132,UTA Session 2,trial,17,A,A,1,3322.736,15.8560000000002,6/23/2023 12:00:00 AM,16:39:11.2282243
9132,UTA Session 2,trial,18,D,D,1,3342.127,10.1559999999999,6/23/2023 12:00:00 AM,16:39:24.9195311
9132,UTA Session 2,trial,19,E,E,1,3355.317,25.8760000000002,6/23/2023 12:00:00 AM,16:39:53.8302401
9132,UTA Session 2,trial,20,D,D,1,3384.138,29.268,6/23/2023 12:00:00 AM,16:40:26.0450290
9132,UTA Session 2,trial,21,A,A,1,3416.547,18.181,6/23/2023 12:00:00 AM,16:40:47.3678098
9127,UTA Session 2,practice,1,B,B,1,2503.329,11.933,6/26/2023 12:00:00 AM,16:28:36.1945701
9127,UTA Session 2,practice,2,B,E,0,2530.342,8.8739999999998,6/26/2023 12:00:00 AM,16:29:00.1472463
9127,UTA Session 2,practice,3,C,C,1,2542.717,5.81899999999996,6/26/2023 12:00:00 AM,16:29:09.4670615
9127,UTA Session 2,practice,4,A,A,1,2549.484,7.05500000000029,6/26/2023 12:00:00 AM,16:29:17.4703990
9127,UTA Session 2,trial,1,B,A,0,2567.215,8.07299999999987,6/26/2023 12:00:00 AM,16:29:36.2207484
9127,UTA Session 2,trial,2,B,B,1,2588.403,6.44600000000037,6/26/2023 12:00:00 AM,16:29:55.7806939
9127,UTA Session 2,trial,3,C,B,0,2597.677,5.01899999999978,6/26/2023 12:00:00 AM,16:30:03.6292893
9127,UTA Session 2,trial,4,A,A,1,2606.401,3.38100000000031,6/26/2023 12:00:00 AM,16:30:10.7142024
9127,UTA Session 2,trial,5,B,B,1,2612.795,9.70899999999983,6/26/2023 12:00:00 AM,16:30:23.4374297
9127,UTA Session 2,trial,6,D,C,0,2625.632,4.39499999999998,6/26/2023 12:00:00 AM,16:30:30.9601702
9127,UTA Session 2,trial,7,B,C,0,2633.923,2.05300000000034,6/26/2023 12:00:00 AM,16:30:36.9084290
9127,UTA Session 2,trial,8,D,D,1,2638.848,6.50199999999995,6/26/2023 12:00:00 AM,16:30:46.2836064
9127,UTA Session 2,trial,9,C,A,0,2648.06,6.70400000000018,6/26/2023 12:00:00 AM,16:30:55.6972360
9127,UTA Session 2,trial,10,C,E,0,2657.882,2.05799999999999,6/26/2023 12:00:00 AM,16:31:00.8727444
9127,UTA Session 2,trial,11,B,E,0,2662.9,2.5319999999997,6/26/2023 12:00:00 AM,16:31:06.3655635
9127,UTA Session 2,trial,12,E,B,0,2668.186,15.252,6/26/2023 12:00:00 AM,16:31:24.3720542
9127,UTA Session 2,trial,13,B,D,0,2686.496,2.13799999999992,6/26/2023 12:00:00 AM,16:31:29.5674181
9127,UTA Session 2,trial,14,A,E,0,2691.397,8.3119999999999,6/26/2023 12:00:00 AM,16:31:40.6434722
9127,UTA Session 2,trial,15,E,C,0,2703.903,0.643000000000029,6/26/2023 12:00:00 AM,16:31:45.4795537
9127,UTA Session 2,trial,16,B,D,0,2707.274,0.640000000000327,6/26/2023 12:00:00 AM,16:31:48.8472890
9127,UTA Session 2,trial,17,A,A,1,2710.549,5.51499999999987,6/26/2023 12:00:00 AM,16:31:56.9980190
9127,UTA Session 2,trial,18,D,D,1,2719.12,5.50600000000031,6/26/2023 12:00:00 AM,16:32:05.5607571
9127,UTA Session 2,trial,19,E,E,1,2727.342,8.75599999999986,6/26/2023 12:00:00 AM,16:32:17.0328556
9127,UTA Session 2,trial,20,D,B,0,2738.948,1.54600000000028,6/26/2023 12:00:00 AM,16:32:21.4294644
9127,UTA Session 2,trial,21,A,B,0,2743.365,9.19700000000012,6/26/2023 12:00:00 AM,16:32:33.4972039
9127,UTA Session 2,trial,22,A,A,1,2755.966,6.75700000000006,6/26/2023 12:00:00 AM,16:32:43.6584400
9127,UTA Session 2,trial,23,D,D,1,2765.74,4.76000000000022,6/26/2023 12:00:00 AM,16:32:51.4348182
9127,UTA Session 2,trial,24,D,D,1,2773.255,2.6279999999997,6/26/2023 12:00:00 AM,16:32:56.8189136
9127,UTA Session 2,trial,25,E,E,1,2778.446,4.12100000000009,6/26/2023 12:00:00 AM,16:33:03.5033742
9127,UTA Session 2,trial,26,D,B,0,2785.363,5.57900000000018,6/26/2023 12:00:00 AM,16:33:11.8784378
9127,UTA Session 2,trial,27,E,E,1,2794.118,0.715000000000146,6/26/2023 12:00:00 AM,16:33:15.7695663
9127,UTA Session 2,trial,28,C,E,0,2797.701,9.2510000000002,6/26/2023 12:00:00 AM,16:33:27.8885105
9127,UTA Session 2,trial,29,C,C,1,2809.802,4.04399999999987,6/26/2023 12:00:00 AM,16:33:34.7826917
9127,UTA Session 2,trial,30,D,C,0,2817.316,2.67200000000003,6/26/2023 12:00:00 AM,16:33:40.9241224
9127,UTA Session 2,trial,31,C,B,0,2823.304,7.6880000000001,6/26/2023 12:00:00 AM,16:33:51.9283112
9127,UTA Session 2,trial,32,E,B,0,2834.251,3.60099999999966,6/26/2023 12:00:00 AM,16:33:58.7890230
9127,UTA Session 2,trial,33,A,D,0,2840.816,0.868000000000393,6/26/2023 12:00:00 AM,16:34:02.6200126
9127,UTA Session 2,trial,34,E,B,0,2844.622,0.486000000000331,6/26/2023 12:00:00 AM,16:34:06.0441217
9127,UTA Session 2,trial,35,C,C,1,2847.966,2.86700000000019,6/26/2023 12:00:00 AM,16:34:11.7700852
9133,UTA Session 2,practice,1,B,C,0,2369.382,19.2689999999998,6/27/2023 12:00:00 AM,13:00:09.3515918
9133,UTA Session 2,practice,2,B,A,0,2430.856,9.22899999999981,6/27/2023 12:00:00 AM,13:01:00.7842715
9133,UTA Session 2,practice,3,C,C,1,2444.286,10.357,6/27/2023 12:00:00 AM,13:01:15.3424070
9133,UTA Session 2,practice,4,A,A,1,2457.423,4.46200000000044,6/27/2023 12:00:00 AM,13:01:22.5835775
9133,UTA Session 2,trial,1,B,B,1,2486.395,7.22800000000007,6/27/2023 12:00:00 AM,13:01:54.3235904
9133,UTA Session 2,trial,2,B,A,0,2496.884,9.19900000000007,6/27/2023 12:00:00 AM,13:02:06.7821109
9133,UTA Session 2,trial,3,C,A,0,2510.183,11.77,6/27/2023 12:00:00 AM,13:02:22.6516467
9133,UTA Session 2,trial,4,A,A,1,2527.162,3.76700000000028,6/27/2023 12:00:00 AM,13:02:31.6291526
9133,UTA Session 2,trial,5,B,B,1,2534.148,6.16300000000001,6/27/2023 12:00:00 AM,13:02:41.0103577
9133,UTA Session 2,trial,6,D,D,1,2543.896,8.14999999999964,6/27/2023 12:00:00 AM,13:02:52.7461311
9133,UTA Session 2,trial,7,B,B,1,2555.215,19.2719999999999,6/27/2023 12:00:00 AM,13:03:15.1869957
9133,UTA Session 2,trial,8,D,D,1,2577.658,15.9810000000002,6/27/2023 12:00:00 AM,13:03:34.3389251
9133,UTA Session 2,trial,9,C,C,1,2596.669,6.24400000000014,6/27/2023 12:00:00 AM,13:03:43.6126164
9133,UTA Session 2,trial,10,C,A,0,2605.854,6.72900000000027,6/27/2023 12:00:00 AM,13:03:53.2832424
9133,UTA Session 2,trial,11,B,B,1,2616.924,4.92700000000013,6/27/2023 12:00:00 AM,13:04:02.5504454
9133,UTA Session 2,trial,12,E,E,1,2624.924,9.35100000000011,6/27/2023 12:00:00 AM,13:04:14.9749302
9133,UTA Session 2,trial,13,B,B,1,2637.218,4.91100000000006,6/27/2023 12:00:00 AM,13:04:22.8294745
9133,UTA Session 2,trial,14,A,A,1,2645.561,5.24399999999969,6/27/2023 12:00:00 AM,13:04:31.5054418
9133,UTA Session 2,trial,15,E,E,1,2653.763,8.30299999999988,6/27/2023 12:00:00 AM,13:04:42.7665285
9133,UTA Session 2,trial,16,B,B,1,2664.93,10.5170000000003,6/27/2023 12:00:00 AM,13:04:56.1476741
9133,UTA Session 2,trial,17,A,A,1,2678.544,3.6550000000002,6/27/2023 12:00:00 AM,13:05:02.8985242
9133,UTA Session 2,trial,18,D,D,1,2685.285,6.49500000000035,6/27/2023 12:00:00 AM,13:05:12.4807370
9133,UTA Session 2,trial,19,E,E,1,2694.899,5.72499999999991,6/27/2023 12:00:00 AM,13:05:21.3234147
9133,UTA Session 2,trial,20,D,E,0,2703.41,6.92500000000018,6/27/2023 12:00:00 AM,13:05:31.0352389
9133,UTA Session 2,trial,21,A,A,1,2714.051,13.808,6/27/2023 12:00:00 AM,13:05:48.5591540
9133,UTA Session 2,trial,22,A,A,1,2731.057,7.15200000000004,6/27/2023 12:00:00 AM,13:05:58.9088630
9133,UTA Session 2,trial,23,D,D,1,2741.385,5.33199999999988,6/27/2023 12:00:00 AM,13:06:07.4176359
9133,UTA Session 2,trial,24,D,A,0,2749.601,7.43599999999969,6/27/2023 12:00:00 AM,13:06:17.7370653
9133,UTA Session 2,trial,25,E,E,1,2763.15,6.55299999999988,6/27/2023 12:00:00 AM,13:06:30.4029837
9133,UTA Session 2,trial,26,D,D,1,2772.745,5.39400000000023,6/27/2023 12:00:00 AM,13:06:38.8395591
9133,UTA Session 2,trial,27,E,A,0,2781.126,15.2689999999998,6/27/2023 12:00:00 AM,13:06:57.0949457
9133,UTA Session 2,trial,28,C,C,1,2799.791,5.71199999999999,6/27/2023 12:00:00 AM,13:07:06.2039427
9133,UTA Session 2,trial,29,C,C,1,2808.571,9.11000000000013,6/27/2023 12:00:00 AM,13:07:18.3812270
9133,UTA Session 2,trial,30,D,D,1,2821.002,10.7550000000001,6/27/2023 12:00:00 AM,13:07:32.4571689
9133,UTA Session 2,trial,31,C,A,0,2840.1,5.26299999999992,6/27/2023 12:00:00 AM,13:07:46.0633714
9133,UTA Session 2,trial,32,E,C,0,2848.821,18.2840000000001,6/27/2023 12:00:00 AM,13:08:07.8065606
9133,UTA Session 2,trial,33,A,A,1,2869.849,7.10399999999981,6/27/2023 12:00:00 AM,13:08:17.6549341
9133,UTA Session 2,trial,34,E,A,0,2880.051,3.42500000000018,6/27/2023 12:00:00 AM,13:08:24.1768017
9133,UTA Session 2,trial,35,C,E,0,2891.451,25.569,6/27/2023 12:00:00 AM,13:08:57.7207202
9134,UTA Session 2,practice,1,B,E,0,2792.977,15.4590000000003,6/28/2023 12:00:00 AM,13:01:24.7430118
9134,UTA Session 2,practice,2,B,A,0,2826.709,2.94100000000026,6/28/2023 12:00:00 AM,13:01:45.9553301
9134,UTA Session 2,practice,3,C,B,0,2830.955,6.14800000000014,6/28/2023 12:00:00 AM,13:01:53.4096297
9134,UTA Session 2,practice,4,A,E,0,2837.878,4.20599999999968,6/28/2023 12:00:00 AM,13:01:58.3898832
9134,UTA Session 2,trial,1,B,C,0,2880.436,2.92799999999988,6/28/2023 12:00:00 AM,13:02:39.6723858
9134,UTA Session 2,trial,2,B,B,1,2893.874,5.45400000000018,6/28/2023 12:00:00 AM,13:02:55.6355356
9134,UTA Session 2,trial,3,C,C,1,2902.507,2.38499999999976,6/28/2023 12:00:00 AM,13:03:01.1990684
9134,UTA Session 2,trial,4,A,E,0,2908.763,3.44399999999996,6/28/2023 12:00:00 AM,13:03:08.5149745
9134,UTA Session 2,trial,5,B,D,0,2915.235,4.13799999999992,6/28/2023 12:00:00 AM,13:03:15.6806424
9134,UTA Session 2,trial,6,D,A,0,2922.297,3.12599999999975,6/28/2023 12:00:00 AM,13:03:21.7303282
9134,UTA Session 2,trial,7,B,E,0,2928.49,3.68100000000004,6/28/2023 12:00:00 AM,13:03:28.4781428
9134,UTA Session 2,trial,8,D,A,0,2935.029,1.67099999999982,6/28/2023 12:00:00 AM,13:03:33.0069520
9134,UTA Session 2,trial,9,C,B,0,2939.847,2.02799999999979,6/28/2023 12:00:00 AM,13:03:38.1824269
9134,UTA Session 2,trial,10,C,A,0,2945.615,2.45400000000018,6/28/2023 12:00:00 AM,13:03:44.3757723
9134,UTA Session 2,trial,11,B,D,0,2951.025,3.03999999999996,6/28/2023 12:00:00 AM,13:03:50.3719965
9134,UTA Session 2,trial,12,E,B,0,2957.141,5.3420000000001,6/28/2023 12:00:00 AM,13:03:58.7902459
9134,UTA Session 2,trial,13,B,D,0,2965.48,3.42999999999984,6/28/2023 12:00:00 AM,13:04:05.2167604
9134,UTA Session 2,trial,14,A,C,0,2971.743,2.72299999999996,6/28/2023 12:00:00 AM,13:04:10.7726680
9134,UTA Session 2,trial,15,E,D,0,2977.49,2.2180000000003,6/28/2023 12:00:00 AM,13:04:16.0148591
9134,UTA Session 2,trial,16,B,A,0,2982.554,2.72399999999971,6/28/2023 12:00:00 AM,13:04:21.5842796
9134,UTA Session 2,trial,17,A,C,0,2988.242,2.44899999999961,6/28/2023 12:00:00 AM,13:04:26.9983745
9134,UTA Session 2,trial,18,D,C,0,2993.59,2.62899999999991,6/28/2023 12:00:00 AM,13:04:32.5260949
9134,UTA Session 2,trial,19,E,E,1,2999.166,7.78699999999981,6/28/2023 12:00:00 AM,13:04:43.2614886
9134,UTA Session 2,trial,20,D,C,0,3010.025,3.54300000000012,6/28/2023 12:00:00 AM,13:04:49.8753144
9134,UTA Session 2,trial,21,A,C,0,3016.76,3.16599999999971,6/28/2023 12:00:00 AM,13:04:56.2324338
9134,UTA Session 2,trial,22,A,B,0,3023.171,1.82000000000016,6/28/2023 12:00:00 AM,13:05:01.2982917
9134,UTA Session 2,trial,23,D,D,1,3028.025,2.62599999999975,6/28/2023 12:00:00 AM,13:05:06.9593809
9134,UTA Session 2,trial,24,D,D,1,3034.079,3.81799999999976,6/28/2023 12:00:00 AM,13:05:14.2052831
9134,UTA Session 2,trial,25,E,B,0,3040.827,5.13999999999987,6/28/2023 12:00:00 AM,13:05:22.2746859
9134,UTA Session 2,trial,26,D,B,0,3048.867,4.6579999999999,6/28/2023 12:00:00 AM,13:05:29.8331245
9134,UTA Session 2,trial,27,E,E,1,3056.492,4.87999999999965,6/28/2023 12:00:00 AM,13:05:37.6794403
9134,UTA Session 2,trial,28,C,D,0,3064.325,2.17800000000034,6/28/2023 12:00:00 AM,13:05:42.8112449
9134,UTA Session 2,trial,29,C,C,1,3069.338,3.77199999999993,6/28/2023 12:00:00 AM,13:05:49.4179385
9134,UTA Session 2,trial,30,D,B,0,3076.408,3.09099999999989,6/28/2023 12:00:00 AM,13:05:55.8071043
9134,UTA Session 2,trial,31,C,A,0,3082.806,1.98900000000003,6/28/2023 12:00:00 AM,13:06:01.1032893
9134,UTA Session 2,trial,32,E,B,0,3087.964,2.79500000000007,6/28/2023 12:00:00 AM,13:06:07.0665626
9134,UTA Session 2,trial,33,A,B,0,3093.749,2.66200000000026,6/28/2023 12:00:00 AM,13:06:12.7187730
9134,UTA Session 2,trial,34,E,A,0,3099.726,2.00999999999976,6/28/2023 12:00:00 AM,13:06:18.0435339
9134,UTA Session 2,trial,35,C,C,1,3104.937,2.06400000000031,6/28/2023 12:00:00 AM,13:06:23.3101829
9136,UTA Session 2,practice,1,B,B,1,2282.46,16.913,7/14/2023 12:00:00 AM,16:01:09.7269198
9136,UTA Session 2,practice,2,B,B,1,2304.686,6.61199999999963,7/14/2023 12:00:00 AM,16:01:21.6493078
9136,UTA Session 2,practice,3,C,C,1,2312.8,6.61799999999994,7/14/2023 12:00:00 AM,16:01:29.7696051
9136,UTA Session 2,practice,4,A,A,1,2320.838,7.65599999999995,7/14/2023 12:00:00 AM,16:01:38.8454387
9136,UTA Session 2,trial,1,B,B,1,2336.164,9.3739999999998,7/14/2023 12:00:00 AM,16:01:55.8910231
9136,UTA Session 2,trial,2,B,B,1,2348.669,5.81100000000015,7/14/2023 12:00:00 AM,16:02:04.8323526
9136,UTA Session 2,trial,3,C,B,0,2357.256,5.95000000000027,7/14/2023 12:00:00 AM,16:02:13.5585620
9136,UTA Session 2,trial,4,A,A,1,2371.606,4.48099999999977,7/14/2023 12:00:00 AM,16:02:26.4390337
9136,UTA Session 2,trial,5,B,D,0,2379.195,10.3469999999998,7/14/2023 12:00:00 AM,16:02:39.8936409
9136,UTA Session 2,trial,6,D,B,0,2394.009,10.6170000000002,7/14/2023 12:00:00 AM,16:02:54.9776434
9136,UTA Session 2,trial,7,B,D,0,2407.83,7.17599999999993,7/14/2023 12:00:00 AM,16:03:05.3577250
9136,UTA Session 2,trial,8,D,C,0,2418.33,17.6689999999999,7/14/2023 12:00:00 AM,16:03:26.3500985
9136,UTA Session 2,trial,9,C,C,1,2439.007,4.53899999999976,7/14/2023 12:00:00 AM,16:03:33.8984030
9136,UTA Session 2,trial,10,C,A,0,2446.598,3.77300000000014,7/14/2023 12:00:00 AM,16:03:40.7221158
9136,UTA Session 2,trial,11,B,B,1,2453.46,25.5459999999998,7/14/2023 12:00:00 AM,16:04:09.3580569
9136,UTA Session 2,trial,12,E,B,0,2482.021,5.70199999999977,7/14/2023 12:00:00 AM,16:04:18.0747886
9136,UTA Session 2,trial,13,B,B,1,2490.867,5.83599999999979,7/14/2023 12:00:00 AM,16:04:27.0547533
9136,UTA Session 2,trial,14,A,A,1,2500.049,46.7669999999998,7/14/2023 12:00:00 AM,16:05:17.1674159
9136,UTA Session 2,trial,15,E,A,0,2552.939,13.8240000000001,7/14/2023 12:00:00 AM,16:05:37.1149377
9136,UTA Session 2,trial,16,B,D,0,2571.024,1359.867,7/14/2023 12:00:00 AM,16:28:21.2508344
9137,UTA Session 2,practice,1,B,E,0,2501.484,10.252,9/18/2023 12:00:00 AM,10:19:40.6887069
9137,UTA Session 2,practice,2,B,A,0,2538.319,17.2930000000001,9/18/2023 12:00:00 AM,10:20:24.5609548
9137,UTA Session 2,practice,3,C,C,1,2559.006,8.07400000000007,9/18/2023 12:00:00 AM,10:20:36.0284429
9137,UTA Session 2,practice,4,A,A,1,2568.233,5.48199999999997,9/18/2023 12:00:00 AM,10:20:42.6638361
9137,UTA Session 2,trial,1,B,B,1,2592.006,10.5160000000001,9/18/2023 12:00:00 AM,10:21:11.4725541
9137,UTA Session 2,trial,2,B,A,0,2605.847,9.55499999999984,9/18/2023 12:00:00 AM,10:21:24.3504438
9137,UTA Session 2,trial,3,C,A,0,2618.746,4.44799999999987,9/18/2023 12:00:00 AM,10:21:32.1418797
9137,UTA Session 2,trial,4,A,A,1,2632.357,5.77100000000019,9/18/2023 12:00:00 AM,10:21:47.0755066
9137,UTA Session 2,trial,5,B,E,0,2641.145,5.53099999999995,9/18/2023 12:00:00 AM,10:21:55.6226315
9137,UTA Session 2,trial,6,D,D,1,2649.717,6.47299999999996,9/18/2023 12:00:00 AM,10:22:05.1370736
9137,UTA Session 2,trial,7,B,D,0,2659.013,5.28099999999995,9/18/2023 12:00:00 AM,10:22:13.2409196
9137,UTA Session 2,trial,8,D,D,1,2667.563,10.3910000000001,9/18/2023 12:00:00 AM,10:22:26.9006226
9137,UTA Session 2,trial,9,C,C,1,2680.739,5.70499999999993,9/18/2023 12:00:00 AM,10:22:35.3902449
9137,UTA Session 2,trial,10,C,A,0,2690.147,5.13099999999986,9/18/2023 12:00:00 AM,10:22:44.2230701
9137,UTA Session 2,trial,11,B,B,1,2698.135,6.1909999999998,9/18/2023 12:00:00 AM,10:22:53.2720300
9137,UTA Session 2,trial,12,E,E,1,2707.348,8.91800000000012,9/18/2023 12:00:00 AM,10:23:05.2105703
9137,UTA Session 2,trial,13,B,D,0,2719.322,11.134,9/18/2023 12:00:00 AM,10:23:19.4013351
9137,UTA Session 2,trial,14,A,E,0,2733.665,12.7510000000002,9/18/2023 12:00:00 AM,10:23:35.3607673
9137,UTA Session 2,trial,15,E,A,0,2749.377,2.44700000000012,9/18/2023 12:00:00 AM,10:23:40.7692264
9137,UTA Session 2,trial,16,B,C,0,2756.122,3.95900000000029,9/18/2023 12:00:00 AM,10:23:49.0246774
9137,UTA Session 2,trial,17,A,A,1,2762.883,3.3390000000004,9/18/2023 12:00:00 AM,10:23:55.1669253
9137,UTA Session 2,trial,18,D,A,0,2769.272,8.29600000000028,9/18/2023 12:00:00 AM,10:24:06.5118032
9137,UTA Session 2,trial,19,E,E,1,2780.5,5.72299999999996,9/18/2023 12:00:00 AM,10:24:15.1671779
9137,UTA Session 2,trial,20,D,D,1,2789.014,9.41199999999981,9/18/2023 12:00:00 AM,10:24:27.3703231
9137,UTA Session 2,trial,21,A,E,0,2801.176,6.88599999999997,9/18/2023 12:00:00 AM,10:24:37.0053624
9137,UTA Session 2,trial,22,A,A,1,2811.129,5.01299999999992,9/18/2023 12:00:00 AM,10:24:45.0859683
9137,UTA Session 2,trial,23,D,D,1,2818.857,5.90000000000009,9/18/2023 12:00:00 AM,10:24:53.7002046
9137,UTA Session 2,trial,24,D,D,1,2827.569,7.42099999999982,9/18/2023 12:00:00 AM,10:25:03.9333923
9137,UTA Session 2,trial,25,E,A,0,2837.693,14.3399999999997,9/18/2023 12:00:00 AM,10:25:20.9768464
9137,UTA Session 2,trial,26,D,D,1,2855.126,6.00799999999981,9/18/2023 12:00:00 AM,10:25:30.0780034
9137,UTA Session 2,trial,27,E,A,0,2863.9,10.8389999999999,9/18/2023 12:00:00 AM,10:25:43.6829456
9137,UTA Session 2,trial,28,C,C,1,2877.884,4.16699999999992,9/18/2023 12:00:00 AM,10:25:50.9943869
9137,UTA Session 2,trial,29,C,C,1,2885.149,8.25700000000006,9/18/2023 12:00:00 AM,10:26:02.3492803
9137,UTA Session 2,trial,30,D,E,0,2896.213,12.2109999999998,9/18/2023 12:00:00 AM,10:26:17.3664267
9137,UTA Session 2,trial,31,C,D,0,2911.199,3.12100000000009,9/18/2023 12:00:00 AM,10:26:23.2623779
9137,UTA Session 2,trial,32,E,B,0,2916.908,12.5060000000003,9/18/2023 12:00:00 AM,10:26:38.3570924
9137,UTA Session 2,trial,33,A,D,0,2932.394,7.35000000000036,9/18/2023 12:00:00 AM,10:26:48.6867571
9137,UTA Session 2,trial,34,E,A,0,2942.8,5.60599999999977,9/18/2023 12:00:00 AM,10:26:57.3488766
9137,UTA Session 2,trial,35,C,E,0,2961.252,8.40599999999995,9/18/2023 12:00:00 AM,10:27:18.6005313
9139,UTA Session 2,practice,1,B,C,0,2734.576,6.971,9/18/2023 12:00:00 AM,10:32:29.8219092
9139,UTA Session 2,practice,2,B,E,0,2763.604,12.7280000000001,9/18/2023 12:00:00 AM,10:33:04.6052660
9139,UTA Session 2,practice,3,C,E,0,2780.64,16.788,9/18/2023 12:00:00 AM,10:33:25.7012043
9139,UTA Session 2,practice,4,A,A,1,2799.114,7.80400000000009,9/18/2023 12:00:00 AM,10:33:35.1921437
9139,UTA Session 2,trial,1,B,B,1,2823.079,9.88499999999976,9/18/2023 12:00:00 AM,10:34:01.2398132
9139,UTA Session 2,trial,2,B,B,1,2836.171,4.15700000000015,9/18/2023 12:00:00 AM,10:34:08.6015920
9139,UTA Session 2,trial,3,C,A,0,2843.577,6.26499999999987,9/18/2023 12:00:00 AM,10:34:18.1164557
9139,UTA Session 2,trial,4,A,A,1,2861.954,7.26399999999967,9/18/2023 12:00:00 AM,10:34:37.4920731
9139,UTA Session 2,trial,5,B,A,0,2872.4,7.11799999999994,9/18/2023 12:00:00 AM,10:34:47.7920054
9139,UTA Session 2,trial,6,D,A,0,2887.156,11.5140000000001,9/18/2023 12:00:00 AM,10:35:06.9439600
9139,UTA Session 2,trial,7,B,C,0,2901.793,7.57499999999982,9/18/2023 12:00:00 AM,10:35:17.6415746
9139,UTA Session 2,trial,8,D,C,0,2912.888,10.5950000000003,9/18/2023 12:00:00 AM,10:35:31.7565325
9139,UTA Session 2,trial,9,C,C,1,2926.871,8.93299999999999,9/18/2023 12:00:00 AM,10:35:44.0781313
9139,UTA Session 2,trial,10,C,A,0,2939.324,8.67999999999984,9/18/2023 12:00:00 AM,10:35:56.2790846
9139,UTA Session 2,trial,11,B,D,0,2951.637,5.74299999999994,9/18/2023 12:00:00 AM,10:36:05.6543201
9139,UTA Session 2,trial,12,E,A,0,2961.198,5.48600000000033,9/18/2023 12:00:00 AM,10:36:14.9574976
9139,UTA Session 2,trial,13,B,B,1,2970.534,4.27199999999993,9/18/2023 12:00:00 AM,10:36:23.0804463
9139,UTA Session 2,trial,14,A,A,1,2978.226,9.50799999999981,9/18/2023 12:00:00 AM,10:36:36.0083997
9139,UTA Session 2,trial,15,E,C,0,2991.39,7.95000000000027,9/18/2023 12:00:00 AM,10:36:47.6149510
9139,UTA Session 2,trial,16,B,C,0,3003.139,6.11299999999983,9/18/2023 12:00:00 AM,10:36:57.5275126
9139,UTA Session 2,trial,17,A,A,1,3012.372,4.92399999999998,9/18/2023 12:00:00 AM,10:37:05.5713645
9139,UTA Session 2,trial,18,D,A,0,3020.57,6.5319999999997,9/18/2023 12:00:00 AM,10:37:15.3772066
9139,UTA Session 2,trial,19,E,C,0,3030.323,8.21300000000019,9/18/2023 12:00:00 AM,10:37:26.8110629
9139,UTA Session 2,trial,20,D,B,0,3042.513,15.0970000000002,9/18/2023 12:00:00 AM,10:37:45.8850945
9139,UTA Session 2,trial,21,A,A,1,3061.605,5.00500000000011,9/18/2023 12:00:00 AM,10:37:54.8862419
9139,UTA Session 2,trial,22,A,A,1,3069.846,7.92599999999993,9/18/2023 12:00:00 AM,10:38:06.0482306
9139,UTA Session 2,trial,23,D,B,0,3080.805,8.64300000000003,9/18/2023 12:00:00 AM,10:38:17.7248911
9139,UTA Session 2,trial,24,D,D,1,3092.733,5.05899999999974,9/18/2023 12:00:00 AM,10:38:26.0686264
9139,UTA Session 2,trial,25,E,D,0,3100.972,10.1379999999999,9/18/2023 12:00:00 AM,10:38:39.3868864
9139,UTA Session 2,trial,26,D,B,0,3114.412,4.98600000000033,9/18/2023 12:00:00 AM,10:38:47.6749608
9139,UTA Session 2,trial,27,E,A,0,3123.108,8.4699999999998,9/18/2023 12:00:00 AM,10:38:59.8540827
9139,UTA Session 2,trial,28,C,C,1,3134.638,4.7800000000002,9/18/2023 12:00:00 AM,10:39:07.6952386
9139,UTA Session 2,trial,29,C,D,0,3142.617,8.1909999999998,9/18/2023 12:00:00 AM,10:39:19.0860239
9139,UTA Session 2,trial,30,D,B,0,3153.822,5.51199999999972,9/18/2023 12:00:00 AM,10:39:27.6112069
9139,UTA Session 2,trial,31,C,A,0,3163.757,7.38099999999986,9/18/2023 12:00:00 AM,10:39:39.4154245
9139,UTA Session 2,trial,32,E,C,0,3174.353,11.7469999999998,9/18/2023 12:00:00 AM,10:39:54.3777306
9139,UTA Session 2,trial,33,A,C,0,3189.427,9.91799999999967,9/18/2023 12:00:00 AM,10:40:07.6222589
9139,UTA Session 2,trial,34,E,E,1,3202.611,4.05099999999993,9/18/2023 12:00:00 AM,10:40:14.9394921
9139,UTA Session 2,trial,35,C,E,0,3210.021,6.82699999999977,9/18/2023 12:00:00 AM,10:40:25.1267958
9138,UTA Session 2,practice,1,B,D,0,3290.027,32.0969999999998,9/18/2023 12:00:00 AM,10:31:30.2429041
9138,UTA Session 2,practice,2,B,C,0,3393.899,10.873,9/18/2023 12:00:00 AM,10:32:52.8895079
9138,UTA Session 2,practice,3,C,D,0,3410.179,6.596,9/18/2023 12:00:00 AM,10:33:04.8920973
9138,UTA Session 2,practice,4,A,E,0,3424.143,7.65999999999985,9/18/2023 12:00:00 AM,10:33:19.9205694
9138,UTA Session 2,trial,1,B,C,0,3534.38,12.2129999999997,9/18/2023 12:00:00 AM,10:35:14.7126473
9138,UTA Session 2,trial,2,B,C,0,3550.509,10.654,9/18/2023 12:00:00 AM,10:35:29.2794318
9138,UTA Session 2,trial,3,C,B,0,3564.335,1.63900000000012,9/18/2023 12:00:00 AM,10:35:34.0918593
9138,UTA Session 2,trial,4,A,C,0,3569.39,1.69800000000032,9/18/2023 12:00:00 AM,10:35:39.2057574
9138,UTA Session 2,trial,5,B,A,0,3574.232,5.44200000000001,9/18/2023 12:00:00 AM,10:35:47.7918220
9138,UTA Session 2,trial,6,D,E,0,3583.404,6.15599999999995,9/18/2023 12:00:00 AM,10:35:57.6772765
9138,UTA Session 2,trial,7,B,B,1,3593.12,7.96199999999999,9/18/2023 12:00:00 AM,10:36:09.2000253
9138,UTA Session 2,trial,8,D,B,0,3605.695,14.431,9/18/2023 12:00:00 AM,10:36:28.2448991
9138,UTA Session 2,trial,9,C,C,1,3624.186,9.41699999999992,9/18/2023 12:00:00 AM,10:36:41.7205705
9138,UTA Session 2,trial,10,C,C,1,3637.513,5.0920000000001,9/18/2023 12:00:00 AM,10:36:50.7229717
9138,UTA Session 2,trial,11,B,B,1,3646.813,8.9079999999999,9/18/2023 12:00:00 AM,10:37:03.8391711
9138,UTA Session 2,trial,12,E,B,0,3659.41,12.2640000000001,9/18/2023 12:00:00 AM,10:37:19.7917588
9138,UTA Session 2,trial,13,B,C,0,3675.21,9.64899999999989,9/18/2023 12:00:00 AM,10:37:32.9770055
9138,UTA Session 2,trial,14,A,C,0,3688.234,9.88099999999986,9/18/2023 12:00:00 AM,10:37:46.2332838
9138,UTA Session 2,trial,15,E,A,0,3701.303,6.59099999999989,9/18/2023 12:00:00 AM,10:37:56.0114889
9138,UTA Session 2,trial,16,B,C,0,3711.302,5.06899999999996,9/18/2023 12:00:00 AM,10:38:04.4877901
9138,UTA Session 2,trial,17,A,A,1,3719.45,6.8100000000004,9/18/2023 12:00:00 AM,10:38:14.3787634
9138,UTA Session 2,trial,18,D,D,1,3729.421,4.93700000000035,9/18/2023 12:00:00 AM,10:38:22.4762480
9138,UTA Session 2,trial,19,E,A,0,3737.512,5.54099999999971,9/18/2023 12:00:00 AM,10:38:31.1708363
9138,UTA Session 2,trial,20,D,C,0,3746.526,5.23000000000002,9/18/2023 12:00:00 AM,10:38:39.8742429
9138,UTA Session 2,trial,21,A,C,0,3755.17,5.73999999999978,9/18/2023 12:00:00 AM,10:38:49.0281850
9138,UTA Session 2,trial,22,A,A,1,3765.279,6.93600000000015,9/18/2023 12:00:00 AM,10:39:00.3327284
9138,UTA Session 2,trial,23,D,B,0,3776.042,6.32999999999993,9/18/2023 12:00:00 AM,10:39:10.4906016
9138,UTA Session 2,trial,24,D,D,1,3786.048,6.91700000000037,9/18/2023 12:00:00 AM,10:39:21.0827933
9138,UTA Session 2,trial,25,E,A,0,3796.032,5.32600000000002,9/18/2023 12:00:00 AM,10:39:29.4762073
9138,UTA Session 2,trial,26,D,C,0,3804.931,3.68899999999985,9/18/2023 12:00:00 AM,10:39:36.7380976
9138,UTA Session 2,trial,27,E,B,0,3811.878,4.3739999999998,9/18/2023 12:00:00 AM,10:39:44.3701766
9138,UTA Session 2,trial,28,C,C,1,3819.613,6.68299999999999,9/18/2023 12:00:00 AM,10:39:54.4145320
9138,UTA Session 2,trial,29,C,E,0,3829.523,8.84899999999971,9/18/2023 12:00:00 AM,10:40:06.4899068
9138,UTA Session 2,trial,30,D,B,0,3841.427,5.62899999999991,9/18/2023 12:00:00 AM,10:40:15.1737681
9138,UTA Session 2,trial,31,C,A,0,3850.485,8.3449999999998,9/18/2023 12:00:00 AM,10:40:26.9479955
9138,UTA Session 2,trial,32,E,D,0,3862.231,5.57999999999993,9/18/2023 12:00:00 AM,10:40:35.9285356
9138,UTA Session 2,trial,33,A,B,0,3870.835,4.25199999999995,9/18/2023 12:00:00 AM,10:40:43.2045397
9138,UTA Session 2,trial,34,E,A,0,3879.32,7.66399999999976,9/18/2023 12:00:00 AM,10:40:55.1016976
9138,UTA Session 2,trial,35,C,D,0,3890.367,5.73699999999963,9/18/2023 12:00:00 AM,10:41:04.2219229
9140,UTA Session 2,practice,1,B,A,0,2271.833,7.23799999999983,9/18/2023 12:00:00 AM,12:56:53.2539035
9140,UTA Session 2,practice,2,B,B,1,2287.697,1.33899999999994,9/18/2023 12:00:00 AM,12:57:03.2177852
9140,UTA Session 2,practice,3,C,A,0,2290.448,2.34400000000005,9/18/2023 12:00:00 AM,12:57:06.9730190
9140,UTA Session 2,practice,4,A,A,1,2294.462,3.03600000000006,9/18/2023 12:00:00 AM,12:57:11.6795487
9140,UTA Session 2,trial,1,B,B,1,2307.911,5.57899999999972,9/18/2023 12:00:00 AM,12:57:27.6737819
9140,UTA Session 2,trial,2,B,B,1,2316.597,1.02099999999973,9/18/2023 12:00:00 AM,12:57:31.8001503
9140,UTA Session 2,trial,3,C,A,0,2321.182,1.21600000000035,9/18/2023 12:00:00 AM,12:57:36.5793551
9140,UTA Session 2,trial,4,A,B,0,2325.699,1.92399999999998,9/18/2023 12:00:00 AM,12:57:41.8045228
9140,UTA Session 2,trial,5,B,D,0,2330.463,2.70699999999988,9/18/2023 12:00:00 AM,12:57:47.3513376
9140,UTA Session 2,trial,6,D,B,0,2335.935,3.30299999999988,9/18/2023 12:00:00 AM,12:57:53.4186799
9140,UTA Session 2,trial,7,B,E,0,2342.127,2.91300000000001,9/18/2023 12:00:00 AM,12:57:59.2216163
9140,UTA Session 2,trial,8,D,B,0,2347.977,3.27100000000019,9/18/2023 12:00:00 AM,12:58:05.4288910
9140,UTA Session 2,trial,9,C,C,1,2354.155,1.62599999999975,9/18/2023 12:00:00 AM,12:58:09.9624793
9140,UTA Session 2,trial,10,C,B,0,2358.577,1.25099999999975,9/18/2023 12:00:00 AM,12:58:14.0097396
9140,UTA Session 2,trial,11,B,D,0,2362.621,3.34899999999971,9/18/2023 12:00:00 AM,12:58:20.1511355
9140,UTA Session 2,trial,12,E,B,0,2368.803,2.25700000000006,9/18/2023 12:00:00 AM,12:58:25.2418426
9140,UTA Session 2,trial,13,B,A,0,2374.038,3.43499999999995,9/18/2023 12:00:00 AM,12:58:31.6541422
9140,UTA Session 2,trial,14,A,A,1,2380.571,2.04199999999992,9/18/2023 12:00:00 AM,12:58:36.7948308
9140,UTA Session 2,trial,15,E,A,0,2385.631,1.78700000000026,9/18/2023 12:00:00 AM,12:58:41.5993988
9140,UTA Session 2,trial,16,B,A,0,2390.538,1.52799999999979,9/18/2023 12:00:00 AM,12:58:46.2478568
9140,UTA Session 2,trial,17,A,C,0,2395.319,5.69700000000012,9/18/2023 12:00:00 AM,12:58:55.1975782
9140,UTA Session 2,trial,18,D,B,0,2403.981,2.8439999999996,9/18/2023 12:00:00 AM,12:59:01.0068364
9140,UTA Session 2,trial,19,E,B,0,2409.704,1.40999999999985,9/18/2023 12:00:00 AM,12:59:05.2953702
9140,UTA Session 2,trial,20,D,D,1,2414.191,1.36599999999999,9/18/2023 12:00:00 AM,12:59:09.7393648
9140,UTA Session 2,trial,21,A,A,1,2418.193,1.12299999999959,9/18/2023 12:00:00 AM,12:59:13.4989603
9140,UTA Session 2,trial,22,A,B,0,2422.217,1.28999999999996,9/18/2023 12:00:00 AM,12:59:17.6889923
9140,UTA Session 2,trial,23,D,B,0,2426.508,1.53800000000001,9/18/2023 12:00:00 AM,12:59:22.2286549
9140,UTA Session 2,trial,24,D,E,0,2431.002,4.48599999999988,9/18/2023 12:00:00 AM,12:59:29.6691340
9140,UTA Session 2,trial,25,E,A,0,2438.264,2.92599999999993,9/18/2023 12:00:00 AM,12:59:35.3705743
9140,UTA Session 2,trial,26,D,B,0,2444.056,1.48199999999997,9/18/2023 12:00:00 AM,12:59:39.7185742
9140,UTA Session 2,trial,27,E,C,0,2448.356,1.43399999999974,9/18/2023 12:00:00 AM,12:59:43.9702642
9140,UTA Session 2,trial,28,C,A,0,2452.695,1.87899999999991,9/18/2023 12:00:00 AM,12:59:48.7540779
9140,UTA Session 2,trial,29,C,B,0,2457.592,1.82400000000007,9/18/2023 12:00:00 AM,12:59:53.5972941
9140,UTA Session 2,trial,30,D,B,0,2462.606,3.20199999999977,9/18/2023 12:00:00 AM,12:59:59.9885991
9140,UTA Session 2,trial,31,C,B,0,2468.841,1.91600000000017,9/18/2023 12:00:00 AM,13:00:04.9379393
9140,UTA Session 2,trial,32,E,B,0,2473.398,1.01999999999998,9/18/2023 12:00:00 AM,13:00:08.5988549
9140,UTA Session 2,trial,33,A,D,0,2477.484,2.77199999999993,9/18/2023 12:00:00 AM,13:00:14.4365694
9140,UTA Session 2,trial,34,E,B,0,2483.079,1.50399999999991,9/18/2023 12:00:00 AM,13:00:18.7626354
9140,UTA Session 2,trial,35,C,A,0,2487.668,1.00700000000006,9/18/2023 12:00:00 AM,13:00:22.8557495
9142,UTA Session 2,practice,1,B,B,1,1327.418,19.6000000000001,9/18/2023 12:00:00 AM,13:13:50.0910733
9142,UTA Session 2,practice,2,B,E,0,1483.197,22.6860000000001,9/18/2023 12:00:00 AM,13:16:28.9553768
9142,UTA Session 2,practice,3,C,E,0,1512.214,14.5220000000002,9/18/2023 12:00:00 AM,13:16:49.8073801
9142,UTA Session 2,practice,4,A,E,0,1533.95,27.9169999999999,9/18/2023 12:00:00 AM,13:17:24.9390120
9142,UTA Session 2,trial,1,B,A,0,1613.274,28.4490000000001,9/18/2023 12:00:00 AM,13:18:44.7967582
9142,UTA Session 2,trial,2,B,E,0,1645.548,10.2449999999999,9/18/2023 12:00:00 AM,13:18:58.8652287
9142,UTA Session 2,trial,3,C,B,0,1659.287,10.5799999999999,9/18/2023 12:00:00 AM,13:19:12.9394497
9142,UTA Session 2,trial,4,A,A,1,1673.689,6.52399999999989,9/18/2023 12:00:00 AM,13:19:23.2858960
9142,UTA Session 2,trial,5,B,A,0,1683.403,21.8699999999999,9/18/2023 12:00:00 AM,13:19:48.3459551
9142,UTA Session 2,trial,6,D,C,0,1709.382,20.473,9/18/2023 12:00:00 AM,13:20:12.9279357
9142,UTA Session 2,trial,7,B,B,1,1733.331,13.6460000000002,9/18/2023 12:00:00 AM,13:20:30.0503852
9142,UTA Session 2,trial,8,D,C,0,1750.166,28.7750000000001,9/18/2023 12:00:00 AM,13:21:02.0137772
9142,UTA Session 2,trial,9,C,C,1,1782.17,6.73299999999995,9/18/2023 12:00:00 AM,13:21:11.9760790
9142,UTA Session 2,trial,10,C,D,0,1791.914,9.79700000000003,9/18/2023 12:00:00 AM,13:21:24.7838568
9142,UTA Session 2,trial,11,B,D,0,1805.778,5.91100000000006,9/18/2023 12:00:00 AM,13:21:34.7611861
9142,UTA Session 2,trial,12,E,A,0,1819.174,18.038,9/18/2023 12:00:00 AM,13:22:00.2840756
9142,UTA Session 2,trial,13,B,B,1,1840.555,7.18599999999992,9/18/2023 12:00:00 AM,13:22:10.8139369
9142,UTA Session 2,trial,14,A,E,0,1851.04,27.8810000000001,9/18/2023 12:00:00 AM,13:22:41.9941336
9142,UTA Session 2,trial,15,E,A,0,1882.02,5.44499999999994,9/18/2023 12:00:00 AM,13:22:50.5379459
9142,UTA Session 2,trial,16,B,B,1,1893.629,22.2160000000001,9/18/2023 12:00:00 AM,13:23:18.9181437
9142,UTA Session 2,trial,17,A,C,0,1919.17,25.4549999999999,9/18/2023 12:00:00 AM,13:23:47.6977519
9142,UTA Session 2,trial,18,D,D,1,1948.298,8.33500000000004,9/18/2023 12:00:00 AM,13:23:59.7056620
9142,UTA Session 2,trial,19,E,E,1,1959.616,11.8050000000001,9/18/2023 12:00:00 AM,13:24:14.4941776
9142,UTA Session 2,trial,20,D,C,0,1974.436,14.5810000000001,9/18/2023 12:00:00 AM,13:24:32.0896846
9142,UTA Session 2,trial,21,A,A,1,1992.845,22.893,9/18/2023 12:00:00 AM,13:24:58.8110658
9142,UTA Session 2,trial,22,A,A,1,2018.878,10.3530000000001,9/18/2023 12:00:00 AM,13:25:12.3034981
9142,UTA Session 2,trial,23,D,D,1,2032.458,26.0889999999999,9/18/2023 12:00:00 AM,13:25:41.6206625
9142,UTA Session 2,trial,24,D,E,0,2061.583,20.8579999999997,9/18/2023 12:00:00 AM,13:26:05.5143394
9144,UTA Session 2,practice,1,B,B,1,2973.963,13.645,9/18/2023 12:00:00 AM,15:56:54.0375346
9144,UTA Session 2,practice,2,B,B,1,3045.891,10.5720000000001,9/18/2023 12:00:00 AM,15:58:02.8907245
9144,UTA Session 2,practice,3,C,C,1,3058.744,5.48099999999977,9/18/2023 12:00:00 AM,15:58:10.6526998
9144,UTA Session 2,practice,4,A,C,0,3065.563,7.29799999999977,9/18/2023 12:00:00 AM,15:58:19.2890355
9144,UTA Session 2,trial,1,B,B,1,3107.941,10.7720000000004,9/18/2023 12:00:00 AM,15:59:05.1422602
9144,UTA Session 2,trial,2,B,A,0,3122.097,18.2239999999997,9/18/2023 12:00:00 AM,15:59:26.7496625
9144,UTA Session 2,trial,3,C,B,0,3145.555,9.64000000000033,9/18/2023 12:00:00 AM,15:59:41.6225294
9144,UTA Session 2,trial,4,A,A,1,3160.99,10.7220000000002,9/18/2023 12:00:00 AM,15:59:58.1397404
9144,UTA Session 2,trial,5,B,A,0,3174.809,26.0059999999999,9/18/2023 12:00:00 AM,16:00:27.2423944
9144,UTA Session 2,trial,6,D,A,0,3206.095,12.7460000000001,9/18/2023 12:00:00 AM,16:00:45.2690359
9144,UTA Session 2,trial,7,B,B,1,3222.203,9.17999999999984,9/18/2023 12:00:00 AM,16:00:57.8109055
9144,UTA Session 2,trial,8,D,C,0,3234.576,22.6089999999999,9/18/2023 12:00:00 AM,16:01:23.6132834
9144,UTA Session 2,trial,9,C,B,0,3260.239,17.2219999999998,9/18/2023 12:00:00 AM,16:01:43.8888249
9144,UTA Session 2,trial,10,C,A,0,3281.614,7.08699999999999,9/18/2023 12:00:00 AM,16:01:55.1289353
9144,UTA Session 2,trial,11,B,B,1,3297.057,9.9640000000004,9/18/2023 12:00:00 AM,16:02:13.4490610
9144,UTA Session 2,trial,12,E,A,0,3310.144,9.1850000000004,9/18/2023 12:00:00 AM,16:02:25.7563414
9144,UTA Session 2,trial,13,B,D,0,3327.018,6.5630000000001,9/18/2023 12:00:00 AM,16:02:40.0079006
9144,UTA Session 2,trial,14,A,A,1,3351.222,23.1009999999997,9/18/2023 12:00:00 AM,16:03:20.7520172
9144,UTA Session 2,trial,15,E,E,1,3377.705,12.8450000000003,9/18/2023 12:00:00 AM,16:03:36.9778938
9144,UTA Session 2,trial,16,B,A,0,3393.614,14.8499999999999,9/18/2023 12:00:00 AM,16:03:54.8928012
9144,UTA Session 2,trial,17,A,A,1,3411.909,7.52799999999979,9/18/2023 12:00:00 AM,16:04:05.8653789
9144,UTA Session 2,trial,18,D,D,1,3422.914,9.57199999999966,9/18/2023 12:00:00 AM,16:04:18.9146876
9144,UTA Session 2,trial,19,E,E,1,3435.704,13.1659999999997,9/18/2023 12:00:00 AM,16:04:35.2982041
9144,UTA Session 2,trial,20,D,B,0,3451.816,8.97800000000007,9/18/2023 12:00:00 AM,16:04:47.2226579
9144,UTA Session 2,trial,21,A,A,1,3472.607,12.8699999999999,9/18/2023 12:00:00 AM,16:05:11.9048287
9144,UTA Session 2,trial,22,A,A,1,3488.744,15.076,9/18/2023 12:00:00 AM,16:05:30.2485663
9144,UTA Session 2,trial,23,D,D,1,3507.246,20.6529999999998,9/18/2023 12:00:00 AM,16:05:54.3267795
9144,UTA Session 2,trial,24,D,D,1,3530.956,9.47199999999975,9/18/2023 12:00:00 AM,16:06:06.8561709
9144,UTA Session 2,trial,25,E,E,1,3543.505,6.76699999999983,9/18/2023 12:00:00 AM,16:06:16.7004594
9144,UTA Session 2,trial,26,D,B,0,3553.211,3.58699999999999,9/18/2023 12:00:00 AM,16:06:23.2259863
9143,UTA Session 2,practice,1,B,B,1,2425.04,3.0619999999999,9/18/2023 12:00:00 AM,15:57:52.4513472
9143,UTA Session 2,practice,2,B,B,1,2455.107,7.86500000000024,9/18/2023 12:00:00 AM,15:58:27.3193891
9143,UTA Session 2,practice,3,C,C,1,2464.851,2.63899999999967,9/18/2023 12:00:00 AM,15:58:31.8370506
9143,UTA Session 2,practice,4,A,A,1,2469.312,3.16400000000021,9/18/2023 12:00:00 AM,15:58:36.8232036
9143,UTA Session 2,trial,1,B,B,1,2492.617,6.42899999999963,9/18/2023 12:00:00 AM,15:59:03.3956254
9143,UTA Session 2,trial,2,B,A,0,2502.251,7.51099999999997,9/18/2023 12:00:00 AM,15:59:14.1104351
9143,UTA Session 2,trial,3,C,B,0,2514.583,2.22499999999991,9/18/2023 12:00:00 AM,15:59:21.1551755
9143,UTA Session 2,trial,4,A,A,1,2527.148,2.33699999999999,9/18/2023 12:00:00 AM,15:59:33.8339515
9143,UTA Session 2,trial,5,B,B,1,2532.627,11.239,9/18/2023 12:00:00 AM,15:59:48.2143993
9143,UTA Session 2,trial,6,D,D,1,2547.14,9.73000000000002,9/18/2023 12:00:00 AM,16:00:01.2183547
9143,UTA Session 2,trial,7,B,B,1,2559.723,16.3240000000001,9/18/2023 12:00:00 AM,16:00:20.3958987
9143,UTA Session 2,trial,8,D,D,1,2579.238,10.2540000000004,9/18/2023 12:00:00 AM,16:00:33.8398738
9143,UTA Session 2,trial,9,C,C,1,2592.322,3.68899999999985,9/18/2023 12:00:00 AM,16:00:40.3600179
9143,UTA Session 2,trial,10,C,A,0,2598.958,2.82499999999982,9/18/2023 12:00:00 AM,16:00:46.1316080
9143,UTA Session 2,trial,11,B,B,1,2610.972,3.52099999999973,9/18/2023 12:00:00 AM,16:00:58.8419367
9143,UTA Session 2,trial,12,E,A,0,2617.42,5.44700000000012,9/18/2023 12:00:00 AM,16:01:07.2165206
9143,UTA Session 2,trial,13,B,B,1,2634.006,5.95499999999993,9/18/2023 12:00:00 AM,16:01:24.3107496
9143,UTA Session 2,trial,14,A,A,1,2707.946,3.29100000000017,9/18/2023 12:00:00 AM,16:02:35.5879500
9143,UTA Session 2,trial,15,E,E,1,2717.353,26.4899999999998,9/18/2023 12:00:00 AM,16:03:08.1946197
9143,UTA Session 2,trial,16,B,B,1,2762.687,15.8299999999999,9/18/2023 12:00:00 AM,16:03:42.8687544
9143,UTA Session 2,trial,17,A,A,1,2784.613,4.47200000000021,9/18/2023 12:00:00 AM,16:03:53.4374372
9143,UTA Session 2,trial,18,D,D,1,2792.64,3.91699999999992,9/18/2023 12:00:00 AM,16:04:00.9091960
9143,UTA Session 2,trial,19,E,E,1,2799.425,7.58999999999969,9/18/2023 12:00:00 AM,16:04:11.3674328
9143,UTA Session 2,trial,20,D,D,1,2810.229,4.82400000000007,9/18/2023 12:00:00 AM,16:04:19.4057979
9143,UTA Session 2,trial,21,A,A,1,2817.964,2.31100000000015,9/18/2023 12:00:00 AM,16:04:24.6273933
9143,UTA Session 2,trial,22,A,A,1,2823.336,2.91500000000042,9/18/2023 12:00:00 AM,16:04:30.6043804
9143,UTA Session 2,trial,23,D,D,1,2829.17,8.13699999999972,9/18/2023 12:00:00 AM,16:04:41.6597026
9143,UTA Session 2,trial,24,D,D,1,2840.149,5.61799999999994,9/18/2023 12:00:00 AM,16:04:50.1203005
9143,UTA Session 2,trial,25,E,E,1,2848.599,4.60999999999967,9/18/2023 12:00:00 AM,16:04:57.5623302
9143,UTA Session 2,trial,26,D,B,0,2856.204,3.65299999999979,9/18/2023 12:00:00 AM,16:05:04.2101512
9143,UTA Session 2,trial,27,E,E,1,2871.55,5.68100000000004,9/18/2023 12:00:00 AM,16:05:21.5849322
9143,UTA Session 2,trial,28,C,E,0,2880.312,8.44300000000021,9/18/2023 12:00:00 AM,16:05:33.1084711
9143,UTA Session 2,trial,29,C,C,1,2893.227,10.8340000000003,9/18/2023 12:00:00 AM,16:05:48.4152773
9143,UTA Session 2,trial,30,D,D,1,2906.983,6.66999999999962,9/18/2023 12:00:00 AM,16:05:58.0076901
9143,UTA Session 2,trial,31,C,C,1,2916.707,14.4340000000002,9/18/2023 12:00:00 AM,16:06:15.4962665
9143,UTA Session 2,trial,32,E,E,1,2934.644,6.67100000000028,9/18/2023 12:00:00 AM,16:06:25.6701306
9145,UTA Session 2,practice,1,B,C,0,2993.093,26.529,9/18/2023 12:00:00 AM,16:07:14.3340459
9145,UTA Session 2,practice,2,B,A,0,3075.295,12.6149999999998,9/18/2023 12:00:00 AM,16:08:22.6212815
9145,UTA Session 2,practice,3,C,C,1,3094.788,7.38400000000001,9/18/2023 12:00:00 AM,16:08:36.8836794
9145,UTA Session 2,practice,4,A,C,0,3103.597,7.42099999999982,9/18/2023 12:00:00 AM,16:08:45.7286302
9145,UTA Session 2,trial,1,B,B,1,3128.661,17.922,9/18/2023 12:00:00 AM,16:09:21.2963425
9145,UTA Session 2,trial,2,B,C,0,3149.786,8.41800000000012,9/18/2023 12:00:00 AM,16:09:32.9165689
9145,UTA Session 2,trial,3,C,C,1,3165.293,12.3469999999998,9/18/2023 12:00:00 AM,16:09:52.3536636
9145,UTA Session 2,trial,4,A,A,1,3180.957,11.6770000000001,9/18/2023 12:00:00 AM,16:10:07.3474291
9145,UTA Session 2,trial,5,B,C,0,3196.037,14.8710000000001,9/18/2023 12:00:00 AM,16:10:25.6216185
9145,UTA Session 2,trial,6,D,D,1,3214.08,9.89600000000019,9/18/2023 12:00:00 AM,16:10:38.6895857
9145,UTA Session 2,trial,7,B,C,0,3226.921,17.7150000000001,9/18/2023 12:00:00 AM,16:10:59.3499536
9145,UTA Session 2,trial,8,D,D,1,3247.868,11.1280000000002,9/18/2023 12:00:00 AM,16:11:13.7089075
9145,UTA Session 2,trial,9,C,C,1,3262.489,15.5749999999998,9/18/2023 12:00:00 AM,16:11:32.7785748
9145,UTA Session 2,trial,10,C,A,0,3281.189,27.5930000000003,9/18/2023 12:00:00 AM,16:12:03.4963621
9145,UTA Session 2,trial,11,B,E,0,3313.295,7.14100000000008,9/18/2023 12:00:00 AM,16:12:15.1498382
9145,UTA Session 2,trial,12,E,A,0,3331.535,5.87900000000036,9/18/2023 12:00:00 AM,16:12:32.1283442
9145,UTA Session 2,trial,13,B,D,0,3344.959,10.761,9/18/2023 12:00:00 AM,16:12:50.4336743
9145,UTA Session 2,trial,14,A,A,1,3362.856,6.16699999999992,9/18/2023 12:00:00 AM,16:13:03.7377865
9145,UTA Session 2,trial,15,E,D,0,3372.072,18.4539999999997,9/18/2023 12:00:00 AM,16:13:25.2407899
9145,UTA Session 2,trial,16,B,B,1,3393.349,13.605,9/18/2023 12:00:00 AM,16:13:41.6689665
9145,UTA Session 2,trial,17,A,A,1,3409.949,24.1469999999999,9/18/2023 12:00:00 AM,16:14:08.8110987
9145,UTA Session 2,trial,18,D,A,0,3437.134,12.703,9/18/2023 12:00:00 AM,16:14:24.5520830
9145,UTA Session 2,trial,19,E,E,1,3453.022,14.2939999999999,9/18/2023 12:00:00 AM,16:14:42.0304289
9145,UTA Session 2,trial,20,D,D,1,3471.181,19.1370000000002,9/18/2023 12:00:00 AM,16:15:05.0331516
9145,UTA Session 2,trial,21,A,E,0,3493.226,6.2199999999998,9/18/2023 12:00:00 AM,16:15:14.1620675
9145,UTA Session 2,trial,22,A,C,0,3504.137,10.9169999999999,9/18/2023 12:00:00 AM,16:15:29.7693792
9145,UTA Session 2,trial,23,D,D,1,3518.763,7.93900000000031,9/18/2023 12:00:00 AM,16:15:41.4178446
9145,UTA Session 2,trial,24,D,E,0,3529.712,7.76999999999998,9/18/2023 12:00:00 AM,16:15:52.1971972
9145,UTA Session 2,trial,25,E,D,0,3540.424,8.95400000000018,9/18/2023 12:00:00 AM,16:16:04.0935909
9145,UTA Session 2,trial,26,D,B,0,3552.651,11.4100000000003,9/18/2023 12:00:00 AM,16:16:18.7763708
9145,UTA Session 2,trial,27,E,E,1,3567.161,4.48500000000013,9/18/2023 12:00:00 AM,16:16:26.3617894
9145,UTA Session 2,trial,28,C,C,1,3575.009,6.60899999999992,9/18/2023 12:00:00 AM,16:16:36.3343919
9148,UTA Session 2,practice,1,B,E,0,1998.672,18.873,9/19/2023 12:00:00 AM,09:54:19.1909843
9148,UTA Session 2,practice,2,B,D,0,2072.71,10.1500000000001,9/19/2023 12:00:00 AM,09:55:24.5039725
9148,UTA Session 2,practice,3,C,D,0,2084.733,3.69699999999966,9/19/2023 12:00:00 AM,09:55:30.0747122
9148,UTA Session 2,practice,4,A,D,0,2090.174,1.15099999999984,9/19/2023 12:00:00 AM,09:55:32.9696792
9148,UTA Session 2,trial,1,B,B,1,2101.302,7.07199999999966,9/19/2023 12:00:00 AM,09:55:50.0215085
9148,UTA Session 2,trial,2,B,E,0,2111.842,7.07899999999972,9/19/2023 12:00:00 AM,09:56:00.5664866
9148,UTA Session 2,trial,3,C,C,1,2121.968,9.11900000000014,9/19/2023 12:00:00 AM,09:56:12.7322972
9148,UTA Session 2,trial,4,A,A,1,2134.195,8.55199999999968,9/19/2023 12:00:00 AM,09:56:24.3929676
9148,UTA Session 2,trial,5,B,A,0,2146.812,7.16300000000001,9/19/2023 12:00:00 AM,09:56:35.6206718
9148,UTA Session 2,trial,6,D,C,0,2157.858,3.17799999999988,9/19/2023 12:00:00 AM,09:56:42.6810473
9148,UTA Session 2,trial,7,B,B,1,2163.963,6.38799999999992,9/19/2023 12:00:00 AM,09:56:51.9972868
9148,UTA Session 2,trial,8,D,A,0,2173.502,2.7510000000002,9/19/2023 12:00:00 AM,09:56:57.8985988
9148,UTA Session 2,trial,9,C,E,0,2179.788,4.73799999999983,9/19/2023 12:00:00 AM,09:57:06.1706811
9148,UTA Session 2,trial,10,C,C,1,2187.464,6.21900000000005,9/19/2023 12:00:00 AM,09:57:15.3283926
9148,UTA Session 2,trial,11,B,D,0,2196.994,2.69599999999991,9/19/2023 12:00:00 AM,09:57:21.3350944
9148,UTA Session 2,trial,12,E,E,1,2202.453,1.98399999999992,9/19/2023 12:00:00 AM,09:57:26.0819545
9148,UTA Session 2,trial,13,B,A,0,2207.374,1.85200000000032,9/19/2023 12:00:00 AM,09:57:30.8710443
9148,UTA Session 2,trial,14,A,C,0,2212.476,1.68100000000004,9/19/2023 12:00:00 AM,09:57:35.8025647
9148,UTA Session 2,trial,15,E,D,0,2218.767,3.09400000000005,9/19/2023 12:00:00 AM,09:57:43.5051038
9148,UTA Session 2,trial,16,B,D,0,2224.795,1.61799999999994,9/19/2023 12:00:00 AM,09:57:48.0575436
9148,UTA Session 2,trial,17,A,D,0,2229.143,2.94000000000005,9/19/2023 12:00:00 AM,09:57:53.7282026
9148,UTA Session 2,trial,18,D,D,1,2235.034,2.05199999999968,9/19/2023 12:00:00 AM,09:57:58.7309757
9148,UTA Session 2,trial,19,E,C,0,2240.096,1.78600000000006,9/19/2023 12:00:00 AM,09:58:03.5271349
9148,UTA Session 2,trial,20,D,B,0,2244.919,2.50199999999995,9/19/2023 12:00:00 AM,09:58:09.0664309
9148,UTA Session 2,trial,21,A,E,0,2251.022,3.32500000000027,9/19/2023 12:00:00 AM,09:58:15.9917267
9148,UTA Session 2,trial,22,A,B,0,2257.1,2.9680000000003,9/19/2023 12:00:00 AM,09:58:21.7124483
9148,UTA Session 2,trial,23,D,A,0,2263.909,8.00799999999981,9/19/2023 12:00:00 AM,09:58:33.5614922
9148,UTA Session 2,trial,24,D,D,1,2275.168,2.221,9/19/2023 12:00:00 AM,09:58:39.0349865
9148,UTA Session 2,trial,25,E,B,0,2280.075,4.57600000000002,9/19/2023 12:00:00 AM,09:58:46.2963072
9148,UTA Session 2,trial,26,D,A,0,2287.662,1.57900000000018,9/19/2023 12:00:00 AM,09:58:50.8852897
9148,UTA Session 2,trial,27,E,A,0,2292.263,2.09000000000015,9/19/2023 12:00:00 AM,09:58:55.9970206
9148,UTA Session 2,trial,28,C,A,0,2297.164,2.35399999999981,9/19/2023 12:00:00 AM,09:59:01.1623110
9148,UTA Session 2,trial,29,C,A,0,2303.117,1.04999999999973,9/19/2023 12:00:00 AM,09:59:05.8116576
9148,UTA Session 2,trial,30,D,B,0,2307.05,1.2829999999999,9/19/2023 12:00:00 AM,09:59:09.9777437
9148,UTA Session 2,trial,31,C,B,0,2311.842,3.38000000000011,9/19/2023 12:00:00 AM,09:59:16.8668502
9148,UTA Session 2,trial,32,E,D,0,2318.32,1.39699999999993,9/19/2023 12:00:00 AM,09:59:21.3616692
9148,UTA Session 2,trial,33,A,E,0,2322.676,11.7809999999999,9/19/2023 12:00:00 AM,09:59:36.1019152
9148,UTA Session 2,trial,34,E,A,0,2337.451,2.346,9/19/2023 12:00:00 AM,09:59:41.4413641
9148,UTA Session 2,trial,35,C,B,0,2345.506,2.35300000000007,9/19/2023 12:00:00 AM,09:59:49.5031774
9146,UTA Session 2,practice,1,B,B,1,2389.962,5.99400000000014,9/19/2023 12:00:00 AM,10:09:56.8167840
9146,UTA Session 2,practice,2,B,E,0,2433.443,6.66799999999967,9/19/2023 12:00:00 AM,10:10:40.9708647
9146,UTA Session 2,practice,3,C,C,1,2443.745,4.64800000000014,9/19/2023 12:00:00 AM,10:10:49.2528552
9146,UTA Session 2,practice,4,A,A,1,2449.22,2.57500000000027,9/19/2023 12:00:00 AM,10:10:52.6548996
9146,UTA Session 2,trial,1,B,B,1,2467.468,13.7530000000002,9/19/2023 12:00:00 AM,10:11:22.0826094
9146,UTA Session 2,trial,2,B,A,0,2484.27,3.82099999999991,9/19/2023 12:00:00 AM,10:11:28.9520093
9146,UTA Session 2,trial,3,C,C,1,2491.254,4.87899999999991,9/19/2023 12:00:00 AM,10:11:36.9932144
9146,UTA Session 2,trial,4,A,A,1,2498.913,4.82600000000002,9/19/2023 12:00:00 AM,10:11:44.6001205
9146,UTA Session 2,trial,5,B,B,1,2506.705,9.22000000000025,9/19/2023 12:00:00 AM,10:11:56.7856640
9146,UTA Session 2,trial,6,D,D,1,2519.082,9.86500000000024,9/19/2023 12:00:00 AM,10:12:09.8077900
9146,UTA Session 2,trial,7,B,B,1,2531.828,3.71500000000015,9/19/2023 12:00:00 AM,10:12:16.4043308
9146,UTA Session 2,trial,8,D,A,0,2538.53,2.41699999999992,9/19/2023 12:00:00 AM,10:12:21.8076535
9146,UTA Session 2,trial,9,C,D,0,2544.022,6.7170000000001,9/19/2023 12:00:00 AM,10:12:31.5992465
9146,UTA Session 2,trial,10,C,A,0,2553.63,2.78099999999995,9/19/2023 12:00:00 AM,10:12:37.2718151
9146,UTA Session 2,trial,11,B,B,1,2559.262,2.71900000000005,9/19/2023 12:00:00 AM,10:12:42.8414256
9146,UTA Session 2,trial,12,E,A,0,2564.857,4.92799999999988,9/19/2023 12:00:00 AM,10:12:50.6462806
9146,UTA Session 2,trial,13,B,B,1,2575.012,11.4609999999998,9/19/2023 12:00:00 AM,10:13:07.3336655
9146,UTA Session 2,trial,14,A,A,1,2589.919,7.66600000000017,9/19/2023 12:00:00 AM,10:13:18.4456602
9146,UTA Session 2,trial,15,E,D,0,2600.578,7.40700000000015,9/19/2023 12:00:00 AM,10:13:28.8460645
9146,UTA Session 2,trial,16,B,B,1,2610.869,4.5619999999999,9/19/2023 12:00:00 AM,10:13:36.2921272
9146,UTA Session 2,trial,17,A,A,1,2618.242,3.92499999999973,9/19/2023 12:00:00 AM,10:13:43.0275049
9146,UTA Session 2,trial,18,D,D,1,2625.139,4.4079999999999,9/19/2023 12:00:00 AM,10:13:50.4070871
9146,UTA Session 2,trial,19,E,E,1,2632.345,3.10600000000022,9/19/2023 12:00:00 AM,10:13:56.3139647
9146,UTA Session 2,trial,20,D,D,1,2638.14,4.81500000000005,9/19/2023 12:00:00 AM,10:14:03.8151535
9146,UTA Session 2,trial,21,A,E,0,2645.661,6.60699999999997,9/19/2023 12:00:00 AM,10:14:13.1297368
9146,UTA Session 2,trial,22,A,B,0,2655.046,12.2570000000001,9/19/2023 12:00:00 AM,10:14:28.1638169
9146,UTA Session 2,trial,23,D,D,1,2670.167,7.57400000000007,9/19/2023 12:00:00 AM,10:14:38.6022657
9146,UTA Session 2,trial,24,D,D,1,2680.357,5.07799999999997,9/19/2023 12:00:00 AM,10:14:46.2966875
9146,UTA Session 2,trial,25,E,D,0,2688.028,6.88200000000006,9/19/2023 12:00:00 AM,10:14:55.7717885
9146,UTA Session 2,trial,26,D,D,1,2697.758,4.82900000000018,9/19/2023 12:00:00 AM,10:15:03.4476500
9146,UTA Session 2,trial,27,E,A,0,2705.239,3.26899999999978,9/19/2023 12:00:00 AM,10:15:09.3692896
9146,UTA Session 2,trial,28,C,D,0,2711.574,7.46900000000005,9/19/2023 12:00:00 AM,10:15:19.9034640
9146,UTA Session 2,trial,29,C,C,1,2722.044,3.14200000000028,9/19/2023 12:00:00 AM,10:15:26.0474838
9146,UTA Session 2,trial,30,D,D,1,2727.869,11.8809999999999,9/19/2023 12:00:00 AM,10:15:40.6114700
9146,UTA Session 2,trial,31,C,A,0,2742.411,8.27500000000009,9/19/2023 12:00:00 AM,10:15:51.5474310
9146,UTA Session 2,trial,32,E,E,1,2753.782,10.587,9/19/2023 12:00:00 AM,10:16:05.2297950
9146,UTA Session 2,trial,33,A,A,1,2767.077,12.8269999999998,9/19/2023 12:00:00 AM,10:16:20.7655772
9146,UTA Session 2,trial,34,E,A,0,2783.154,4.83399999999983,9/19/2023 12:00:00 AM,10:16:28.8498574
9146,UTA Session 2,trial,35,C,E,0,2790.919,8.66499999999996,9/19/2023 12:00:00 AM,10:16:40.4457239
9147,UTA Session 2,practice,1,B,E,0,3624.501,43.7269999999999,9/19/2023 12:00:00 AM,10:22:56.8113858
9147,UTA Session 2,practice,2,B,E,0,3750.613,14.364,9/19/2023 12:00:00 AM,10:24:33.5600207
9147,UTA Session 2,practice,3,C,C,1,3769.453,8.69000000000005,9/19/2023 12:00:00 AM,10:24:46.7259588
9147,UTA Session 2,practice,4,A,A,1,3779.786,4.92000000000007,9/19/2023 12:00:00 AM,10:24:53.2890643
9147,UTA Session 2,trial,1,B,B,1,3836.495,17.1970000000001,9/19/2023 12:00:00 AM,10:26:02.2776347
9147,UTA Session 2,trial,2,B,B,1,3857.189,16.1100000000001,9/19/2023 12:00:00 AM,10:26:21.8837910
9147,UTA Session 2,trial,3,C,C,1,3876.279,9.47899999999981,9/19/2023 12:00:00 AM,10:26:34.3428405
9147,UTA Session 2,trial,4,A,A,1,3889.013,8.5619999999999,9/19/2023 12:00:00 AM,10:26:46.1600824
9147,UTA Session 2,trial,5,B,A,0,3900.367,12.3109999999997,9/19/2023 12:00:00 AM,10:27:01.2631604
9147,UTA Session 2,trial,6,D,C,0,3916.499,14.0130000000004,9/19/2023 12:00:00 AM,10:27:19.0969814
9147,UTA Session 2,trial,7,B,C,0,3936.215,13.6289999999999,9/19/2023 12:00:00 AM,10:27:38.4283659
9147,UTA Session 2,trial,8,D,D,1,3953.786,13.1289999999999,9/19/2023 12:00:00 AM,10:27:55.5010442
9147,UTA Session 2,trial,9,C,D,0,3969.731,9.18799999999965,9/19/2023 12:00:00 AM,10:28:07.5047058
9147,UTA Session 2,trial,10,C,A,0,3984.592,12.9110000000001,9/19/2023 12:00:00 AM,10:28:26.0884030
9147,UTA Session 2,trial,11,B,B,1,4001.476,20.3779999999997,9/19/2023 12:00:00 AM,10:28:50.4401081
9147,UTA Session 2,trial,12,E,A,0,4024.975,17.1710000000003,9/19/2023 12:00:00 AM,10:29:10.7324339
9147,UTA Session 2,trial,13,B,D,0,4046.381,4.60300000000007,9/19/2023 12:00:00 AM,10:29:19.5702855
9147,UTA Session 2,trial,14,A,E,0,4058.717,41.2509999999997,9/19/2023 12:00:00 AM,10:30:08.5538739
9147,UTA Session 2,trial,15,E,A,0,4104.286,6.82600000000002,9/19/2023 12:00:00 AM,10:30:19.6987528
9147,UTA Session 2,trial,16,B,B,1,4140.461,8.41299999999956,9/19/2023 12:00:00 AM,10:30:57.4608854
9147,UTA Session 2,trial,17,A,A,1,4151.805,47.5729999999994,9/19/2023 12:00:00 AM,10:31:47.9661367
9147,UTA Session 2,trial,18,D,B,0,4202.799,14.4130000000005,9/19/2023 12:00:00 AM,10:32:05.7992384
9147,UTA Session 2,trial,19,E,E,1,4222.084,6.53999999999996,9/19/2023 12:00:00 AM,10:32:17.2116622
9147,UTA Session 2,trial,20,D,D,1,4231.544,38.6360000000004,9/19/2023 12:00:00 AM,10:32:58.7682184
9147,UTA Session 2,trial,21,A,A,1,4273.087,9.30499999999938,9/19/2023 12:00:00 AM,10:33:10.9801316
9147,UTA Session 2,trial,22,A,C,0,4285.548,23.2820000000002,9/19/2023 12:00:00 AM,10:33:37.4189487
9149,UTA Session 2,practice,1,B,B,1,2438.746,13.2979999999998,9/19/2023 12:00:00 AM,12:54:44.8103088
9149,UTA Session 2,practice,2,B,A,0,2458.635,19.1469999999999,9/19/2023 12:00:00 AM,12:55:10.5463832
9149,UTA Session 2,practice,3,C,A,0,2478.979,6.31700000000001,9/19/2023 12:00:00 AM,12:55:18.0600320
9149,UTA Session 2,practice,4,A,A,1,2486.297,9.48799999999983,9/19/2023 12:00:00 AM,12:55:28.5494972
9149,UTA Session 2,trial,1,B,E,0,2517.953,12.3710000000001,9/19/2023 12:00:00 AM,12:56:03.0901791
9149,UTA Session 2,trial,2,B,B,1,2533.227,15.9920000000002,9/19/2023 12:00:00 AM,12:56:21.9837132
9149,UTA Session 2,trial,3,C,B,0,2552.135,16.7809999999999,9/19/2023 12:00:00 AM,12:56:41.6798527
9149,UTA Session 2,trial,4,A,A,1,2572.052,10.4359999999997,9/19/2023 12:00:00 AM,12:56:55.2535169
9149,UTA Session 2,trial,5,B,E,0,2585.427,18.4969999999998,9/19/2023 12:00:00 AM,12:57:16.6880092
9149,UTA Session 2,trial,6,D,C,0,2606.613,23.768,9/19/2023 12:00:00 AM,12:57:43.1442330
9149,UTA Session 2,trial,7,B,E,0,2633.408,25.6500000000001,9/19/2023 12:00:00 AM,12:58:11.8209322
9149,UTA Session 2,trial,8,D,B,0,2661.751,17.0969999999998,9/19/2023 12:00:00 AM,12:58:31.6104367
9149,UTA Session 2,trial,9,C,C,1,2681.831,16.5509999999999,9/19/2023 12:00:00 AM,12:58:51.1452688
9149,UTA Session 2,trial,10,C,C,1,2701.615,16.2520000000004,9/19/2023 12:00:00 AM,12:59:10.6305717
9149,UTA Session 2,trial,11,B,E,0,2720.807,10.7840000000001,9/19/2023 12:00:00 AM,12:59:24.3544997
9149,UTA Session 2,trial,12,E,C,0,2734.728,4.97600000000011,9/19/2023 12:00:00 AM,12:59:32.4670357
9149,UTA Session 2,trial,13,B,E,0,2742.506,11.875,9/19/2023 12:00:00 AM,12:59:47.1424603
9149,UTA Session 2,trial,14,A,A,1,2757.038,3.4670000000001,9/19/2023 12:00:00 AM,12:59:53.2674513
9149,UTA Session 2,trial,15,E,A,0,2763.499,13.5250000000001,9/19/2023 12:00:00 AM,13:00:09.7868665
9149,UTA Session 2,trial,16,B,D,0,2780.059,9.21199999999999,9/19/2023 12:00:00 AM,13:00:22.0332191
9149,UTA Session 2,trial,17,A,A,1,2792.055,37.4230000000002,9/19/2023 12:00:00 AM,13:01:02.2393945
9149,UTA Session 2,trial,18,D,B,0,2832.447,11.8629999999998,9/19/2023 12:00:00 AM,13:01:17.0726254
9149,UTA Session 2,trial,19,E,B,0,2847.237,14.616,9/19/2023 12:00:00 AM,13:01:34.6150078
9149,UTA Session 2,trial,20,D,C,0,2865.056,6.73900000000003,9/19/2023 12:00:00 AM,13:01:44.5563381
9149,UTA Session 2,trial,21,A,B,0,2874.444,21.136,9/19/2023 12:00:00 AM,13:02:08.3407837
9149,UTA Session 2,trial,22,A,B,0,2898.66,6.52700000000004,9/19/2023 12:00:00 AM,13:02:17.9486320
9149,UTA Session 2,trial,23,D,A,0,2908.099,22.6149999999998,9/19/2023 12:00:00 AM,13:02:43.4751371
9149,UTA Session 2,trial,24,D,A,0,2933.701,13.9949999999999,9/19/2023 12:00:00 AM,13:03:00.4568403
9149,UTA Session 2,trial,25,E,A,0,2950.582,5.45100000000002,9/19/2023 12:00:00 AM,13:03:08.7945118
9149,UTA Session 2,trial,26,D,E,0,2959.328,7.21300000000019,9/19/2023 12:00:00 AM,13:03:19.3027154
9151,UTA Session 2,practice,1,B,E,0,2317.187,8.971,9/19/2023 12:00:00 AM,12:58:26.0427711
9151,UTA Session 2,practice,2,B,E,0,2365.114,12.326,9/19/2023 12:00:00 AM,12:59:17.3243092
9151,UTA Session 2,practice,3,C,C,1,2380.44,6.06399999999985,9/19/2023 12:00:00 AM,12:59:26.3876034
9151,UTA Session 2,practice,4,A,E,0,2388.481,12.0889999999999,9/19/2023 12:00:00 AM,12:59:40.4533329
9151,UTA Session 2,trial,1,B,B,1,2416.274,11.7560000000003,9/19/2023 12:00:00 AM,13:00:07.9152897
9151,UTA Session 2,trial,2,B,A,0,2431.238,8.73300000000017,9/19/2023 12:00:00 AM,13:00:19.8547679
9151,UTA Session 2,trial,3,C,C,1,2443.313,7.04399999999987,9/19/2023 12:00:00 AM,13:00:30.2415429
9151,UTA Session 2,trial,4,A,A,1,2453.344,10.018,9/19/2023 12:00:00 AM,13:00:43.2459866
9151,UTA Session 2,trial,5,B,A,0,2466.41,22.6130000000003,9/19/2023 12:00:00 AM,13:01:08.9077093
9151,UTA Session 2,trial,6,D,C,0,2493.044,9.42300000000023,9/19/2023 12:00:00 AM,13:01:22.3506700
9151,UTA Session 2,trial,7,B,D,0,2506.015,5.96199999999999,9/19/2023 12:00:00 AM,13:01:31.8601690
9151,UTA Session 2,trial,8,D,C,0,2516.491,3.25300000000016,9/19/2023 12:00:00 AM,13:01:39.6283142
9151,UTA Session 2,trial,9,C,E,0,2523.54,9.74900000000025,9/19/2023 12:00:00 AM,13:01:53.1726698
9151,UTA Session 2,trial,10,C,D,0,2536.613,6.51700000000028,9/19/2023 12:00:00 AM,13:02:03.0138658
9151,UTA Session 2,trial,11,B,E,0,2550.225,7.51900000000023,9/19/2023 12:00:00 AM,13:02:17.6284884
9151,UTA Session 2,trial,12,E,A,0,2562.321,15.2350000000001,9/19/2023 12:00:00 AM,13:02:37.4403168
9151,UTA Session 2,trial,13,B,B,1,2580.976,7.33899999999994,9/19/2023 12:00:00 AM,13:02:48.1999714
9151,UTA Session 2,trial,14,A,A,1,2600.865,9.50800000000027,9/19/2023 12:00:00 AM,13:03:10.2570847
9151,UTA Session 2,trial,15,E,D,0,2614.115,12.5140000000001,9/19/2023 12:00:00 AM,13:03:26.5129182
9151,UTA Session 2,trial,16,B,D,0,2630.902,5.05699999999979,9/19/2023 12:00:00 AM,13:03:35.8427744
9151,UTA Session 2,trial,17,A,A,1,2639.018,4.86700000000019,9/19/2023 12:00:00 AM,13:03:43.7691048
9151,UTA Session 2,trial,18,D,B,0,2647.37,9.55200000000013,9/19/2023 12:00:00 AM,13:03:56.8068984
9151,UTA Session 2,trial,19,E,B,0,2664.683,5.95200000000023,9/19/2023 12:00:00 AM,13:04:10.5182873
9151,UTA Session 2,trial,20,D,E,0,2673.871,9.69000000000005,9/19/2023 12:00:00 AM,13:04:23.4450117
9151,UTA Session 2,trial,21,A,A,1,2691.009,7.16600000000017,9/19/2023 12:00:00 AM,13:04:38.0594339
9151,UTA Session 2,trial,22,A,B,0,2701.59,7.95199999999977,9/19/2023 12:00:00 AM,13:04:49.4264533
9151,UTA Session 2,trial,23,D,D,1,2714.405,10.4939999999997,9/19/2023 12:00:00 AM,13:05:04.7825500
9151,UTA Session 2,trial,24,D,D,1,2728.339,8.74800000000005,9/19/2023 12:00:00 AM,13:05:16.9713262
9151,UTA Session 2,trial,25,E,A,0,2740.079,11.8319999999999,9/19/2023 12:00:00 AM,13:05:31.7954566
9151,UTA Session 2,trial,26,D,B,0,2755.132,8.65299999999979,9/19/2023 12:00:00 AM,13:05:43.6694436
9151,UTA Session 2,trial,27,E,E,1,2767.855,7.14899999999989,9/19/2023 12:00:00 AM,13:05:54.8889578
9151,UTA Session 2,trial,28,C,C,1,2778.023,13.348,9/19/2023 12:00:00 AM,13:06:11.2559570
9151,UTA Session 2,trial,29,C,A,0,2794.785,17.5830000000001,9/19/2023 12:00:00 AM,13:06:32.2535072
9151,UTA Session 2,trial,30,D,D,1,2815.562,7.12300000000005,9/19/2023 12:00:00 AM,13:06:42.5697690
9151,UTA Session 2,trial,31,C,A,0,2825.674,6.92900000000009,9/19/2023 12:00:00 AM,13:06:52.4881513
9151,UTA Session 2,trial,32,E,E,1,2835.617,5.78399999999965,9/19/2023 12:00:00 AM,13:07:01.2859570
9151,UTA Session 2,trial,33,A,E,0,2844.782,9.75499999999965,9/19/2023 12:00:00 AM,13:07:14.4216830
9151,UTA Session 2,trial,34,E,A,0,2857.337,3.73000000000002,9/19/2023 12:00:00 AM,13:07:20.9519066
9152,UTA Session 2,practice,1,B,A,0,2611.122,15.3310000000001,9/19/2023 12:00:00 AM,16:06:07.0942156
9152,UTA Session 2,practice,2,B,E,0,2717.567,18.2159999999999,9/19/2023 12:00:00 AM,16:07:56.4217034
9152,UTA Session 2,practice,3,C,C,1,2743.335,9.61400000000003,9/19/2023 12:00:00 AM,16:08:13.5872009
9152,UTA Session 2,practice,4,A,A,1,2754.837,3.875,9/19/2023 12:00:00 AM,16:08:19.3514263
9152,UTA Session 2,trial,1,B,B,1,2771.702,8.01299999999992,9/19/2023 12:00:00 AM,16:08:40.3583752
9152,UTA Session 2,trial,2,B,A,0,2783.453,5.63500000000022,9/19/2023 12:00:00 AM,16:08:49.7277113
9152,UTA Session 2,trial,3,C,E,0,2800.91,19.442,9/19/2023 12:00:00 AM,16:09:20.9910085
9152,UTA Session 2,trial,4,A,B,0,2823.408,25.1820000000002,9/19/2023 12:00:00 AM,16:09:49.2288741
9152,UTA Session 2,trial,5,B,D,0,2852.137,18.5009999999997,9/19/2023 12:00:00 AM,16:10:11.2771092
9152,UTA Session 2,trial,6,D,C,0,2873.785,19.0280000000002,9/19/2023 12:00:00 AM,16:10:33.4519448
9152,UTA Session 2,trial,7,B,D,0,2896.418,10.1679999999997,9/19/2023 12:00:00 AM,16:10:47.2253467
9152,UTA Session 2,trial,8,D,B,0,2909.623,10.259,9/19/2023 12:00:00 AM,16:11:00.5218212
9152,UTA Session 2,trial,9,C,C,1,2923.416,12.835,9/19/2023 12:00:00 AM,16:11:16.8902888
9152,UTA Session 2,trial,10,C,A,0,2939.492,8.78800000000001,9/19/2023 12:00:00 AM,16:11:28.9196676
9152,UTA Session 2,trial,11,B,B,1,2952.838,9.30199999999968,9/19/2023 12:00:00 AM,16:11:42.7797228
9152,UTA Session 2,trial,12,E,E,1,2965.633,7.66499999999996,9/19/2023 12:00:00 AM,16:11:53.9381362
9152,UTA Session 2,trial,13,B,D,0,2977.724,24.0859999999998,9/19/2023 12:00:00 AM,16:12:22.4501411
9152,UTA Session 2,trial,14,A,E,0,3006.072,13.3179999999998,9/19/2023 12:00:00 AM,16:12:40.0294973
9152,UTA Session 2,trial,15,E,E,1,3022.27,18.2750000000001,9/19/2023 12:00:00 AM,16:13:01.1842832
9152,UTA Session 2,trial,16,B,B,1,3043.544,59.442,9/19/2023 12:00:00 AM,16:14:03.6259912
9152,UTA Session 2,trial,17,A,A,1,3106.102,10.1980000000003,9/19/2023 12:00:00 AM,16:14:16.9392830
9152,UTA Session 2,trial,18,D,D,1,3119.44,6.625,9/19/2023 12:00:00 AM,16:14:26.7037018
9152,UTA Session 2,trial,19,E,B,0,3129.162,17.5880000000002,9/19/2023 12:00:00 AM,16:14:47.3882815
9152,UTA Session 2,trial,20,D,B,0,3149.923,9.02900000000045,9/19/2023 12:00:00 AM,16:14:59.5896976
9152,UTA Session 2,trial,21,A,E,0,3162.743,24.8980000000001,9/19/2023 12:00:00 AM,16:15:28.2762446
9152,UTA Session 2,trial,22,A,C,0,3190.472,21.3519999999999,9/19/2023 12:00:00 AM,16:15:52.4584058
9152,UTA Session 2,trial,23,D,D,1,3214.888,6.94100000000026,9/19/2023 12:00:00 AM,16:16:02.4626900
9153,UTA Session 2,practice,1,B,A,0,2140.996,3.37199999999984,9/19/2023 12:00:00 AM,16:26:13.7842829
9153,UTA Session 2,practice,2,B,A,0,2181.011,4.1579999999999,9/19/2023 12:00:00 AM,16:26:54.5846353
9153,UTA Session 2,practice,3,C,A,0,2188.026,2.68900000000031,9/19/2023 12:00:00 AM,16:27:00.1306665
9153,UTA Session 2,practice,4,A,A,1,2194.976,6.35899999999992,9/19/2023 12:00:00 AM,16:27:10.7507004
9153,UTA Session 2,trial,1,B,D,0,2210.76,8.99699999999984,9/19/2023 12:00:00 AM,16:27:29.1737322
9153,UTA Session 2,trial,2,B,B,1,2224.346,7.26499999999987,9/19/2023 12:00:00 AM,16:27:41.0265850
9153,UTA Session 2,trial,3,C,C,1,2234.553,7.37400000000025,9/19/2023 12:00:00 AM,16:27:51.3421045
9153,UTA Session 2,trial,4,A,A,1,2244.888,9.35699999999997,9/19/2023 12:00:00 AM,16:28:03.6611819
9153,UTA Session 2,trial,5,B,E,0,2257.3,5.72899999999981,9/19/2023 12:00:00 AM,16:28:12.4446520
9153,UTA Session 2,trial,6,D,E,0,2266.214,5.20100000000002,9/19/2023 12:00:00 AM,16:28:20.8305245
9153,UTA Session 2,trial,7,B,B,1,2274.297,3.20600000000013,9/19/2023 12:00:00 AM,16:28:26.9189979
9153,UTA Session 2,trial,8,D,C,0,2280.333,7.47199999999975,9/19/2023 12:00:00 AM,16:28:37.2207500
9153,UTA Session 2,trial,9,C,D,0,2291.378,11.1149999999998,9/19/2023 12:00:00 AM,16:28:51.9087603
9153,UTA Session 2,trial,10,C,A,0,2305.383,1.43700000000035,9/19/2023 12:00:00 AM,16:28:56.2341742
9153,UTA Session 2,trial,11,B,D,0,2309.811,5.24800000000005,9/19/2023 12:00:00 AM,16:29:04.4745441
9153,UTA Session 2,trial,12,E,A,0,2318.451,3.87199999999984,9/19/2023 12:00:00 AM,16:29:11.7377246
9153,UTA Session 2,trial,13,B,C,0,2326.672,9.24099999999999,9/19/2023 12:00:00 AM,16:29:25.3280096
9153,UTA Session 2,trial,14,A,B,0,2340.852,0.563000000000102,9/19/2023 12:00:00 AM,16:29:30.8297686
9153,UTA Session 2,trial,15,E,D,0,2345.582,4.9340000000002,9/19/2023 12:00:00 AM,16:29:39.9306576
9153,UTA Session 2,trial,16,B,A,0,2353.469,1.92999999999984,9/19/2023 12:00:00 AM,16:29:44.8141925
9153,UTA Session 2,trial,17,A,E,0,2358.339,3.01200000000017,9/19/2023 12:00:00 AM,16:29:50.7658226
9153,UTA Session 2,trial,18,D,A,0,2364.237,1.82099999999991,9/19/2023 12:00:00 AM,16:29:55.4722650
9153,UTA Session 2,trial,19,E,E,1,2369.046,6.45200000000023,9/19/2023 12:00:00 AM,16:30:04.9132225
9153,UTA Session 2,trial,20,D,C,0,2378.53,4.63499999999976,9/19/2023 12:00:00 AM,16:30:12.5806853
9153,UTA Session 2,trial,21,A,C,0,2391.073,16.54,9/19/2023 12:00:00 AM,16:30:37.0277736
9153,UTA Session 2,trial,22,A,B,0,2410.628,6.46699999999964,9/19/2023 12:00:00 AM,16:30:46.5103125
9153,UTA Session 2,trial,23,D,B,0,2420.268,9.07000000000016,9/19/2023 12:00:00 AM,16:30:58.7526137
9153,UTA Session 2,trial,24,D,C,0,2432.681,4.18199999999979,9/19/2023 12:00:00 AM,16:31:06.2776013
9153,UTA Session 2,trial,25,E,A,0,2439.58,1.01999999999998,9/19/2023 12:00:00 AM,16:31:10.0148005
9153,UTA Session 2,trial,26,D,E,0,2443.509,1.81800000000021,9/19/2023 12:00:00 AM,16:31:14.7418168
9153,UTA Session 2,trial,27,E,B,0,2448.167,1.2180000000003,9/19/2023 12:00:00 AM,16:31:18.7998408
9153,UTA Session 2,trial,28,C,C,1,2452.166,0.644999999999982,9/19/2023 12:00:00 AM,16:31:22.2264301
9153,UTA Session 2,trial,29,C,E,0,2455.854,5.61300000000028,9/19/2023 12:00:00 AM,16:31:30.8824759
9153,UTA Session 2,trial,30,D,A,0,2464.355,1.79799999999977,9/19/2023 12:00:00 AM,16:31:35.5683217
9153,UTA Session 2,trial,31,C,D,0,2469.078,7.29500000000007,9/19/2023 12:00:00 AM,16:31:45.7880186
9153,UTA Session 2,trial,32,E,B,0,2479.247,0.572000000000116,9/19/2023 12:00:00 AM,16:31:49.2339748
9153,UTA Session 2,trial,33,A,C,0,2482.528,0.628000000000156,9/19/2023 12:00:00 AM,16:31:52.5703145
9153,UTA Session 2,trial,34,E,A,0,2485.952,1.2529999999997,9/19/2023 12:00:00 AM,16:31:56.6199012
9153,UTA Session 2,trial,35,C,E,0,2490.002,1.34700000000021,9/19/2023 12:00:00 AM,16:32:00.7635152
9155,UTA Session 2,practice,1,B,B,1,2036.144,6.17399999999998,9/20/2023 12:00:00 AM,10:09:17.3966839
9155,UTA Session 2,practice,2,B,A,0,2066.335,8.10699999999997,9/20/2023 12:00:00 AM,10:09:49.5188194
9155,UTA Session 2,practice,3,C,C,1,2079.658,6.8420000000001,9/20/2023 12:00:00 AM,10:10:01.5762782
9155,UTA Session 2,practice,4,A,D,0,2088.379,5.84900000000016,9/20/2023 12:00:00 AM,10:10:09.3042048
9155,UTA Session 2,trial,1,B,B,1,2173.621,6.36499999999978,9/20/2023 12:00:00 AM,10:11:35.0647521
9155,UTA Session 2,trial,2,B,B,1,2183.239,6.63299999999981,9/20/2023 12:00:00 AM,10:11:44.9510424
9155,UTA Session 2,trial,3,C,E,0,2192.981,4.53899999999976,9/20/2023 12:00:00 AM,10:11:52.5981123
9155,UTA Session 2,trial,4,A,A,1,2200.704,6.60199999999986,9/20/2023 12:00:00 AM,10:12:02.3844154
9155,UTA Session 2,trial,5,B,E,0,2210.139,4.41699999999992,9/20/2023 12:00:00 AM,10:12:09.6345281
9155,UTA Session 2,trial,6,D,E,0,2217.4,4.02999999999975,9/20/2023 12:00:00 AM,10:12:16.5076648
9155,UTA Session 2,trial,7,B,E,0,2224.212,5.67399999999998,9/20/2023 12:00:00 AM,10:12:24.9632783
9155,UTA Session 2,trial,8,D,B,0,2232.666,2.00900000000001,9/20/2023 12:00:00 AM,10:12:29.7533638
9155,UTA Session 2,trial,9,C,A,0,2237.509,2.71500000000015,9/20/2023 12:00:00 AM,10:12:35.3025451
9155,UTA Session 2,trial,10,C,D,0,2245.335,5.06100000000015,9/20/2023 12:00:00 AM,10:12:45.4741383
9155,UTA Session 2,trial,11,B,A,0,2253.27,4.67999999999984,9/20/2023 12:00:00 AM,10:12:53.0285100
9155,UTA Session 2,trial,12,E,B,0,2262.304,1.64199999999983,9/20/2023 12:00:00 AM,10:12:59.0242882
9155,UTA Session 2,trial,13,B,E,0,2266.946,2.65700000000015,9/20/2023 12:00:00 AM,10:13:04.6820975
9155,UTA Session 2,trial,14,A,E,0,2272.819,5.77300000000014,9/20/2023 12:00:00 AM,10:13:13.6700929
9155,UTA Session 2,trial,15,E,E,1,2281.444,8.2829999999999,9/20/2023 12:00:00 AM,10:13:24.8063894
9155,UTA Session 2,trial,16,B,B,1,2292.635,8.64799999999968,9/20/2023 12:00:00 AM,10:13:36.3621697
9155,UTA Session 2,trial,17,A,E,0,2304.174,4.55200000000013,9/20/2023 12:00:00 AM,10:13:43.8047310
9155,UTA Session 2,trial,18,D,A,0,2311.69,4.55600000000004,9/20/2023 12:00:00 AM,10:13:51.3258663
9155,UTA Session 2,trial,19,E,E,1,2319.192,8.67900000000009,9/20/2023 12:00:00 AM,10:14:02.9502294
9155,UTA Session 2,trial,20,D,E,0,2330.572,12.7339999999999,9/20/2023 12:00:00 AM,10:14:18.3859542
9155,UTA Session 2,trial,21,A,C,0,2346.031,4.9670000000001,9/20/2023 12:00:00 AM,10:14:26.0769538
9155,UTA Session 2,trial,22,A,B,0,2353.635,8.23499999999967,9/20/2023 12:00:00 AM,10:14:36.9484005
9155,UTA Session 2,trial,23,D,C,0,2364.602,2.38900000000012,9/20/2023 12:00:00 AM,10:14:42.0695766
9155,UTA Session 2,trial,24,D,E,0,2369.753,2.92299999999977,9/20/2023 12:00:00 AM,10:14:47.7549928
9155,UTA Session 2,trial,25,E,C,0,2375.837,4.01099999999997,9/20/2023 12:00:00 AM,10:14:54.9282069
9155,UTA Session 2,trial,26,D,B,0,2382.848,3.52700000000004,9/20/2023 12:00:00 AM,10:15:01.4541346
9155,UTA Session 2,trial,27,E,E,1,2389.243,1.5329999999999,9/20/2023 12:00:00 AM,10:15:05.8563139
9155,UTA Session 2,trial,28,C,B,0,2393.411,11.6369999999997,9/20/2023 12:00:00 AM,10:15:20.1281923
9155,UTA Session 2,trial,29,C,B,0,2407.992,1.75799999999981,9/20/2023 12:00:00 AM,10:15:24.8297639
9155,UTA Session 2,trial,30,D,D,1,2412.454,1.96299999999974,9/20/2023 12:00:00 AM,10:15:29.4971052
9155,UTA Session 2,trial,31,C,B,0,2417.379,3.88599999999997,9/20/2023 12:00:00 AM,10:15:36.3447221
9155,UTA Session 2,trial,32,E,A,0,2424.299,2.32200000000012,9/20/2023 12:00:00 AM,10:15:41.6998387
9155,UTA Session 2,trial,33,A,D,0,2429.619,2.12300000000005,9/20/2023 12:00:00 AM,10:15:46.8214810
9155,UTA Session 2,trial,34,E,E,1,2435.053,4.19700000000012,9/20/2023 12:00:00 AM,10:15:54.3303381
9155,UTA Session 2,trial,35,C,E,0,2442.096,4.66499999999996,9/20/2023 12:00:00 AM,10:16:01.8415247
9154,UTA Session 2,practice,1,B,B,1,1678.559,27.402,9/20/2023 12:00:00 AM,10:30:29.2656494
9154,UTA Session 2,practice,2,B,B,1,1810.776,9.096,9/20/2023 12:00:00 AM,10:32:23.1769648
9154,UTA Session 2,practice,3,C,C,1,1821.052,8.202,9/20/2023 12:00:00 AM,10:32:32.5589530
9154,UTA Session 2,practice,4,A,A,1,1831.144,2.23399999999992,9/20/2023 12:00:00 AM,10:32:36.6827487
9154,UTA Session 2,trial,1,B,A,0,1882.733,13.153,9/20/2023 12:00:00 AM,10:33:39.1917646
9154,UTA Session 2,trial,2,B,A,0,1899.139,9.14500000000021,9/20/2023 12:00:00 AM,10:33:51.5892928
9154,UTA Session 2,trial,3,C,A,0,1911.369,3.15300000000002,9/20/2023 12:00:00 AM,10:33:57.8273817
9154,UTA Session 2,trial,4,A,A,1,1917.766,8.16200000000003,9/20/2023 12:00:00 AM,10:34:09.2341542
9154,UTA Session 2,trial,5,B,B,1,1929,11.4739999999999,9/20/2023 12:00:00 AM,10:34:23.7796658
9154,UTA Session 2,trial,6,D,C,0,1943.477,3.90099999999984,9/20/2023 12:00:00 AM,10:34:30.6835250
9154,UTA Session 2,trial,7,B,C,0,1950.287,15.463,9/20/2023 12:00:00 AM,10:34:49.0554826
9154,UTA Session 2,trial,8,D,A,0,1968.585,12.191,9/20/2023 12:00:00 AM,10:35:04.0819847
9154,UTA Session 2,trial,9,C,C,1,1983.702,4.93599999999992,9/20/2023 12:00:00 AM,10:35:11.9435887
9154,UTA Session 2,trial,10,C,A,0,1991.518,4.39400000000001,9/20/2023 12:00:00 AM,10:35:19.2179514
9154,UTA Session 2,trial,11,B,D,0,2000.081,4.10599999999999,9/20/2023 12:00:00 AM,10:35:27.4931431
9154,UTA Session 2,trial,12,E,A,0,2009.115,5.04299999999989,9/20/2023 12:00:00 AM,10:35:37.4638446
9154,UTA Session 2,trial,13,B,D,0,2017.645,11.905,9/20/2023 12:00:00 AM,10:35:52.8552548
9154,UTA Session 2,trial,14,A,A,1,2033.977,2.39699999999993,9/20/2023 12:00:00 AM,10:35:59.6801579
9154,UTA Session 2,trial,15,E,E,1,2039.205,8.02600000000007,9/20/2023 12:00:00 AM,10:36:10.5370853
9154,UTA Session 2,trial,16,B,B,1,2049.946,11.3200000000002,9/20/2023 12:00:00 AM,10:36:24.5728359
9154,UTA Session 2,trial,17,A,A,1,2064.216,11.5300000000002,9/20/2023 12:00:00 AM,10:36:39.0526598
9154,UTA Session 2,trial,18,D,B,0,2079.479,7.65300000000025,9/20/2023 12:00:00 AM,10:36:50.4384191
9154,UTA Session 2,trial,19,E,E,1,2092.742,6.3159999999998,9/20/2023 12:00:00 AM,10:37:02.3638115
9154,UTA Session 2,trial,20,D,D,1,2101.834,5.35600000000022,9/20/2023 12:00:00 AM,10:37:10.4965089
9154,UTA Session 2,trial,21,A,A,1,2110.609,5.33300000000008,9/20/2023 12:00:00 AM,10:37:19.2486761
9154,UTA Session 2,trial,22,A,A,1,2118.798,11.9860000000003,9/20/2023 12:00:00 AM,10:37:34.0907147
9154,UTA Session 2,trial,23,D,D,1,2133.682,3.221,9/20/2023 12:00:00 AM,10:37:40.2098537
9154,UTA Session 2,trial,24,D,D,1,2139.663,3.80699999999979,9/20/2023 12:00:00 AM,10:37:46.7767292
9154,UTA Session 2,trial,25,E,A,0,2146.172,3.05000000000018,9/20/2023 12:00:00 AM,10:37:52.5284102
9154,UTA Session 2,trial,26,D,B,0,2152.331,3.74699999999984,9/20/2023 12:00:00 AM,10:37:59.3850465
9154,UTA Session 2,trial,27,E,E,1,2159.722,10.7179999999998,9/20/2023 12:00:00 AM,10:38:13.7474215
9154,UTA Session 2,trial,28,C,C,1,2173.255,3.37699999999995,9/20/2023 12:00:00 AM,10:38:19.9388039
9154,UTA Session 2,trial,29,C,C,1,2179.33,8.20600000000013,9/20/2023 12:00:00 AM,10:38:30.8429063
9154,UTA Session 2,trial,30,D,D,1,2190.515,3.66300000000001,9/20/2023 12:00:00 AM,10:38:37.4849813
9154,UTA Session 2,trial,31,C,A,0,2196.819,4.60699999999997,9/20/2023 12:00:00 AM,10:38:44.7330015
9154,UTA Session 2,trial,32,E,E,1,2208.368,4.15000000000009,9/20/2023 12:00:00 AM,10:38:55.8248110
9154,UTA Session 2,trial,33,A,B,0,2215.191,14.2530000000002,9/20/2023 12:00:00 AM,10:39:12.7506648
9154,UTA Session 2,trial,34,E,B,0,2234.081,7.65299999999979,9/20/2023 12:00:00 AM,10:39:25.0413080
9154,UTA Session 2,trial,35,C,C,1,2247.118,3.31600000000026,9/20/2023 12:00:00 AM,10:39:33.7412337
9141,UTA Session 2,practice,1,B,D,0,2699.077,28.7239999999997,9/20/2023 12:00:00 AM,13:16:30.7411109
9141,UTA Session 2,practice,2,B,A,0,2817.358,5.98599999999988,9/20/2023 12:00:00 AM,13:18:06.2849958
9141,UTA Session 2,practice,3,C,D,0,2826.985,9.66899999999987,9/20/2023 12:00:00 AM,13:18:19.5947706
9141,UTA Session 2,practice,4,A,B,0,2840.431,10.5279999999998,9/20/2023 12:00:00 AM,13:18:33.8993541
9141,UTA Session 2,trial,1,B,B,1,2872.123,6.46799999999985,9/20/2023 12:00:00 AM,13:19:01.5343513
9141,UTA Session 2,trial,2,B,B,1,2881.98,4.45800000000008,9/20/2023 12:00:00 AM,13:19:09.3797150
9141,UTA Session 2,trial,3,C,A,0,2889.786,6.23799999999983,9/20/2023 12:00:00 AM,13:19:18.9660448
9141,UTA Session 2,trial,4,A,A,1,2899.395,9.00900000000001,9/20/2023 12:00:00 AM,13:19:31.3471024
9141,UTA Session 2,trial,5,B,B,1,2911.752,5.63000000000011,9/20/2023 12:00:00 AM,13:19:40.3246739
9141,UTA Session 2,trial,6,D,B,0,2920.36,6.60399999999981,9/20/2023 12:00:00 AM,13:19:49.9065735
9141,UTA Session 2,trial,7,B,D,0,2930.241,6.22800000000007,9/20/2023 12:00:00 AM,13:19:59.4109995
9141,UTA Session 2,trial,8,D,B,0,2939.884,12.8119999999999,9/20/2023 12:00:00 AM,13:20:15.6384890
9141,UTA Session 2,trial,9,C,A,0,2955.991,9.06800000000021,9/20/2023 12:00:00 AM,13:20:28.0009892
9141,UTA Session 2,trial,10,C,C,1,2968.085,5.53899999999976,9/20/2023 12:00:00 AM,13:20:36.5672897
9141,UTA Session 2,trial,11,B,B,1,2976.691,8.24500000000035,9/20/2023 12:00:00 AM,13:20:47.8789999
9141,UTA Session 2,trial,12,E,B,0,2987.942,4.69399999999996,9/20/2023 12:00:00 AM,13:20:55.5789912
9141,UTA Session 2,trial,13,B,A,0,2995.745,4.96900000000005,9/20/2023 12:00:00 AM,13:21:03.6574785
9141,UTA Session 2,trial,14,A,E,0,3003.772,6.23800000000028,9/20/2023 12:00:00 AM,13:21:12.9526895
9141,UTA Session 2,trial,15,E,A,0,3013.199,5.57099999999991,9/20/2023 12:00:00 AM,13:21:21.7122781
9141,UTA Session 2,trial,16,B,B,1,3022.249,10.9090000000001,9/20/2023 12:00:00 AM,13:21:36.1019884
9141,UTA Session 2,trial,17,A,C,0,3036.275,14.4180000000001,9/20/2023 12:00:00 AM,13:21:53.6370806
9141,UTA Session 2,trial,18,D,A,0,3053.613,7.69000000000005,9/20/2023 12:00:00 AM,13:22:04.2453754
9141,UTA Session 2,trial,19,E,C,0,3064.864,10.8339999999998,9/20/2023 12:00:00 AM,13:22:18.6416086
9141,UTA Session 2,trial,20,D,D,1,3079.017,3.24500000000035,9/20/2023 12:00:00 AM,13:22:25.2062739
9141,UTA Session 2,trial,21,A,B,0,3085.241,11.2289999999998,9/20/2023 12:00:00 AM,13:22:39.4142160
9141,UTA Session 2,trial,22,A,B,0,3099.495,7.33500000000004,9/20/2023 12:00:00 AM,13:22:49.7737853
9141,UTA Session 2,trial,23,D,D,1,3111.446,13.6100000000001,9/20/2023 12:00:00 AM,13:23:08.0004063
9141,UTA Session 2,trial,24,D,D,1,3128.246,3.3420000000001,9/20/2023 12:00:00 AM,13:23:14.5325989
9141,UTA Session 2,trial,25,E,A,0,3134.525,4.23799999999983,9/20/2023 12:00:00 AM,13:23:21.7078073
9141,UTA Session 2,trial,26,D,D,1,3142.205,12.9349999999999,9/20/2023 12:00:00 AM,13:23:38.0843508
9141,UTA Session 2,trial,27,E,B,0,3158.396,10.0299999999997,9/20/2023 12:00:00 AM,13:23:51.3707899
9141,UTA Session 2,trial,28,C,B,0,3171.655,9.36699999999973,9/20/2023 12:00:00 AM,13:24:03.9673074
9141,UTA Session 2,trial,29,C,E,0,3184.824,3.75399999999991,9/20/2023 12:00:00 AM,13:24:11.5225240
9141,UTA Session 2,trial,30,D,B,0,3191.597,5.46099999999979,9/20/2023 12:00:00 AM,13:24:20.0030760
9141,UTA Session 2,trial,31,C,A,0,3200.093,27.703,9/20/2023 12:00:00 AM,13:24:50.7401897
9141,UTA Session 2,trial,32,E,B,0,3230.795,5.69499999999971,9/20/2023 12:00:00 AM,13:24:59.4351521
9141,UTA Session 2,trial,33,A,A,1,3239.411,3.56700000000001,9/20/2023 12:00:00 AM,13:25:05.9231361
9141,UTA Session 2,trial,34,E,D,0,3245.915,5.06100000000015,9/20/2023 12:00:00 AM,13:25:13.9213681
9141,UTA Session 2,trial,35,C,A,0,3253.932,8.64200000000028,9/20/2023 12:00:00 AM,13:25:25.5188090
9157,UTA Session 2,practice,1,B,A,0,2706.176,13.8960000000002,9/20/2023 12:00:00 AM,13:15:29.9174722
9157,UTA Session 2,practice,2,B,E,0,2787.76,35.7949999999996,9/20/2023 12:00:00 AM,13:17:13.3989162
9157,UTA Session 2,practice,3,C,C,1,2829.208,42.471,9/20/2023 12:00:00 AM,13:18:01.5232470
9157,UTA Session 2,practice,4,A,A,1,2874.587,35.1880000000001,9/20/2023 12:00:00 AM,13:18:39.6199407
9157,UTA Session 2,trial,1,B,D,0,2930.61,26.953,9/20/2023 12:00:00 AM,13:19:27.4094031
9157,UTA Session 2,trial,2,B,A,0,2963.211,15.0690000000004,9/20/2023 12:00:00 AM,13:19:48.1253176
9157,UTA Session 2,trial,3,C,C,1,2981.89,28.9870000000001,9/20/2023 12:00:00 AM,13:20:20.7227650
9157,UTA Session 2,trial,4,A,A,1,3014.341,15.828,9/20/2023 12:00:00 AM,13:20:40.0152799
9157,UTA Session 2,trial,5,B,B,1,3033.475,18.8299999999999,9/20/2023 12:00:00 AM,13:21:02.1513279
9157,UTA Session 2,trial,6,D,C,0,3055.563,35.6869999999999,9/20/2023 12:00:00 AM,13:21:41.0967936
9157,UTA Session 2,trial,7,B,B,1,3094.436,11.951,9/20/2023 12:00:00 AM,13:21:56.2333797
9157,UTA Session 2,trial,8,D,D,1,3109.457,29.701,9/20/2023 12:00:00 AM,13:22:29.0052636
9157,UTA Session 2,trial,9,C,C,1,3142.217,24.6129999999998,9/20/2023 12:00:00 AM,13:22:56.6771865
9157,UTA Session 2,trial,10,C,A,0,3169.731,37.7729999999997,9/20/2023 12:00:00 AM,13:23:37.3513044
9157,UTA Session 2,trial,11,B,B,1,3210.591,7.2510000000002,9/20/2023 12:00:00 AM,13:23:47.6894354
9157,UTA Session 2,trial,12,E,E,1,3220.834,12.0410000000002,9/20/2023 12:00:00 AM,13:24:02.7220967
9157,UTA Session 2,trial,13,B,D,0,3235.619,18.2959999999998,9/20/2023 12:00:00 AM,13:24:23.7617191
9157,UTA Session 2,trial,14,A,A,1,3257.69,5.52300000000014,9/20/2023 12:00:00 AM,13:24:33.0605531
9157,UTA Session 2,trial,15,E,E,1,3266.109,9.01999999999998,9/20/2023 12:00:00 AM,13:24:44.9772052
9157,UTA Session 2,trial,16,B,A,0,3277.864,10.1109999999999,9/20/2023 12:00:00 AM,13:24:57.8231999
9157,UTA Session 2,trial,17,A,A,1,3291.119,21.502,9/20/2023 12:00:00 AM,13:25:22.4687370
9157,UTA Session 2,trial,18,D,D,1,3315.762,10.0409999999997,9/20/2023 12:00:00 AM,13:25:35.6514468
9157,UTA Session 2,trial,19,E,C,0,3328.487,7.88299999999981,9/20/2023 12:00:00 AM,13:25:46.2172222
9157,UTA Session 2,trial,20,D,D,1,3340.808,14.6329999999998,9/20/2023 12:00:00 AM,13:26:05.2890332
9157,UTA Session 2,trial,21,A,A,1,3358.094,4.84000000000015,9/20/2023 12:00:00 AM,13:26:12.7824447
9157,UTA Session 2,trial,22,A,C,0,3365.988,10.2570000000001,9/20/2023 12:00:00 AM,13:26:26.0935050
9156,UTA Session 2,practice,1,B,C,0,2815.528,11.1970000000001,9/20/2023 12:00:00 AM,13:16:20.5627834
9156,UTA Session 2,practice,2,B,A,0,2903.495,14.297,9/20/2023 12:00:00 AM,13:17:51.6284232
9156,UTA Session 2,practice,3,C,C,1,2920.891,16.0589999999997,9/20/2023 12:00:00 AM,13:18:10.7868166
9156,UTA Session 2,practice,4,A,C,0,2938.075,10.1870000000004,9/20/2023 12:00:00 AM,13:18:22.0989168
9156,UTA Session 2,trial,1,B,A,0,2981.379,33.067,9/20/2023 12:00:00 AM,13:19:28.2866404
9156,UTA Session 2,trial,2,B,B,1,3018.411,30.3009999999999,9/20/2023 12:00:00 AM,13:20:02.5501632
9156,UTA Session 2,trial,3,C,B,0,3052.129,53.203,9/20/2023 12:00:00 AM,13:20:59.1699600
9156,UTA Session 2,trial,4,A,A,1,3108.704,17.1959999999999,9/20/2023 12:00:00 AM,13:21:19.7377743
9156,UTA Session 2,trial,5,B,B,1,3128.842,29.252,9/20/2023 12:00:00 AM,13:21:51.9320389
9156,UTA Session 2,trial,6,D,E,0,3161.711,31.9270000000001,9/20/2023 12:00:00 AM,13:22:27.4761511
9156,UTA Session 2,trial,7,B,E,0,3197.898,31.7549999999997,9/20/2023 12:00:00 AM,13:23:03.4907710
9156,UTA Session 2,trial,8,D,C,0,3232.681,81.482,9/20/2023 12:00:00 AM,13:24:28.0016887
9156,UTA Session 2,trial,9,C,C,1,3317.176,43.509,9/20/2023 12:00:00 AM,13:25:14.5236679
9156,UTA Session 2,trial,10,C,A,0,3363.429,12.1689999999999,9/20/2023 12:00:00 AM,13:25:29.4355553
9156,UTA Session 2,trial,11,B,E,0,3383.151,18.163,9/20/2023 12:00:00 AM,13:25:55.1515516
9156,UTA Session 2,trial,12,E,B,0,3404.148,17.7329999999997,9/20/2023 12:00:00 AM,13:26:15.7190783
9156,UTA Session 2,trial,13,B,B,1,3425.141,12.739,9/20/2023 12:00:00 AM,13:26:31.7181649
9158,UTA Session 2,practice,1,B,C,0,2239.253,13.002,9/20/2023 12:00:00 AM,16:00:38.7446375
9158,UTA Session 2,practice,2,B,C,0,2293.443,4.47199999999975,9/20/2023 12:00:00 AM,16:01:24.4023825
9158,UTA Session 2,practice,3,C,C,1,2302.673,5.74600000000009,9/20/2023 12:00:00 AM,16:01:34.9060202
9158,UTA Session 2,practice,4,A,A,1,2309.83,4.96300000000019,9/20/2023 12:00:00 AM,16:01:41.2804868
9158,UTA Session 2,trial,1,B,B,1,2326.534,8.82600000000002,9/20/2023 12:00:00 AM,16:02:01.8490840
9158,UTA Session 2,trial,2,B,B,1,2338.19,7.46599999999989,9/20/2023 12:00:00 AM,16:02:12.1441110
9158,UTA Session 2,trial,3,C,A,0,2348.64,8.375,9/20/2023 12:00:00 AM,16:02:23.5027089
9158,UTA Session 2,trial,4,A,B,0,2360.328,5.39499999999998,9/20/2023 12:00:00 AM,16:02:32.2116656
9158,UTA Session 2,trial,5,B,C,0,2368.912,8.27200000000039,9/20/2023 12:00:00 AM,16:02:43.6718816
9158,UTA Session 2,trial,6,D,A,0,2380.286,12.4009999999998,9/20/2023 12:00:00 AM,16:02:59.1743433
9158,UTA Session 2,trial,7,B,A,0,2395.744,12.971,9/20/2023 12:00:00 AM,16:03:15.2027090
9158,UTA Session 2,trial,8,D,E,0,2411.822,19.5719999999997,9/20/2023 12:00:00 AM,16:03:37.8821738
9158,UTA Session 2,trial,9,C,D,0,2434.179,14.471,9/20/2023 12:00:00 AM,16:03:55.1380220
9158,UTA Session 2,trial,10,C,C,1,2452.526,13.3760000000002,9/20/2023 12:00:00 AM,16:04:12.3909396
9158,UTA Session 2,trial,11,B,B,1,2469.083,7.48199999999997,9/20/2023 12:00:00 AM,16:04:23.0537703
9158,UTA Session 2,trial,12,E,C,0,2479.403,9.16900000000032,9/20/2023 12:00:00 AM,16:04:35.0601407
9158,UTA Session 2,trial,13,B,B,1,2491.628,7.56799999999976,9/20/2023 12:00:00 AM,16:04:45.6844528
9158,UTA Session 2,trial,14,A,A,1,2502.469,7.07000000000016,9/20/2023 12:00:00 AM,16:04:56.0268642
9158,UTA Session 2,trial,15,E,D,0,2512.498,10.346,9/20/2023 12:00:00 AM,16:05:09.3323595
9158,UTA Session 2,trial,16,B,B,1,2525.7,15.7150000000001,9/20/2023 12:00:00 AM,16:05:27.9032931
9158,UTA Session 2,trial,17,A,A,1,2544.18,25.4200000000001,9/20/2023 12:00:00 AM,16:05:56.0884716
9158,UTA Session 2,trial,18,D,B,0,2572.581,11.683,9/20/2023 12:00:00 AM,16:06:10.7520399
9158,UTA Session 2,trial,19,E,E,1,2587.778,16.1180000000004,9/20/2023 12:00:00 AM,16:06:30.3835235
9158,UTA Session 2,trial,20,D,E,0,2606.59,19.1599999999999,9/20/2023 12:00:00 AM,16:06:52.2384277
9158,UTA Session 2,trial,21,A,A,1,2628.445,7.36099999999988,9/20/2023 12:00:00 AM,16:07:02.2944650
9158,UTA Session 2,trial,22,A,A,1,2638.769,3.54600000000028,9/20/2023 12:00:00 AM,16:07:08.8033127
9158,UTA Session 2,trial,23,D,E,0,2645.246,83.3800000000001,9/20/2023 12:00:00 AM,16:08:35.1115368
9158,UTA Session 2,trial,24,D,D,1,2731.461,5.45900000000029,9/20/2023 12:00:00 AM,16:08:43.4058702
9158,UTA Session 2,trial,25,E,E,1,2739.552,32.4580000000001,9/20/2023 12:00:00 AM,16:09:18.4951321
9158,UTA Session 2,trial,26,D,B,0,2774.574,3.48000000000002,9/20/2023 12:00:00 AM,16:09:24.5387759
9160,UTA Session 2,practice,1,B,B,1,2405.146,10.482,9/20/2023 12:00:00 AM,16:04:14.9286737
9160,UTA Session 2,practice,2,B,B,1,2471.063,10.0029999999997,9/20/2023 12:00:00 AM,16:05:20.3662618
9160,UTA Session 2,practice,3,C,C,1,2483.892,4.75800000000027,9/20/2023 12:00:00 AM,16:05:27.9508550
9160,UTA Session 2,practice,4,A,A,1,2490.516,5.32400000000007,9/20/2023 12:00:00 AM,16:05:35.1409437
9160,UTA Session 2,trial,1,B,B,1,2523.818,6.64699999999993,9/20/2023 12:00:00 AM,16:06:09.7688790
9160,UTA Session 2,trial,2,B,B,1,2533.515,9.21300000000019,9/20/2023 12:00:00 AM,16:06:22.0304005
9160,UTA Session 2,trial,3,C,C,1,2545.59,5.80999999999995,9/20/2023 12:00:00 AM,16:06:30.7025585
9160,UTA Session 2,trial,4,A,A,1,2555.237,5.16899999999987,9/20/2023 12:00:00 AM,16:06:39.7088082
9160,UTA Session 2,trial,5,B,C,0,2563.793,14.3049999999998,9/20/2023 12:00:00 AM,16:06:57.4010762
9160,UTA Session 2,trial,6,D,D,1,2585.485,10.7429999999999,9/20/2023 12:00:00 AM,16:07:15.5314795
9160,UTA Session 2,trial,7,B,D,0,2599.011,10.1309999999999,9/20/2023 12:00:00 AM,16:07:28.4459212
9160,UTA Session 2,trial,8,D,D,1,2616.935,19.6849999999999,9/20/2023 12:00:00 AM,16:07:55.9238977
9160,UTA Session 2,trial,9,C,C,1,2639.414,8.96399999999994,9/20/2023 12:00:00 AM,16:08:07.6821323
9160,UTA Session 2,trial,10,C,A,0,2651.15,10.9079999999999,9/20/2023 12:00:00 AM,16:08:21.3630983
9160,UTA Session 2,trial,11,B,B,1,2667.428,9.20800000000008,9/20/2023 12:00:00 AM,16:08:35.9407300
9160,UTA Session 2,trial,12,E,A,0,2679.444,9.41600000000017,9/20/2023 12:00:00 AM,16:08:48.1649267
9160,UTA Session 2,trial,13,B,B,1,2693.213,8.43099999999959,9/20/2023 12:00:00 AM,16:09:00.9493671
9160,UTA Session 2,trial,14,A,A,1,2704.432,8.44200000000001,9/20/2023 12:00:00 AM,16:09:12.1794406
9160,UTA Session 2,trial,15,E,D,0,2715.822,7.22199999999975,9/20/2023 12:00:00 AM,16:09:22.3491162
9160,UTA Session 2,trial,16,B,B,1,2728.29,16.9900000000002,9/20/2023 12:00:00 AM,16:09:44.5857586
9160,UTA Session 2,trial,17,A,A,1,2748.09,8.02199999999993,9/20/2023 12:00:00 AM,16:09:55.4186232
9160,UTA Session 2,trial,18,D,D,1,2758.867,7.00499999999965,9/20/2023 12:00:00 AM,16:10:05.1780654
9160,UTA Session 2,trial,19,E,C,0,2768.586,16.4260000000004,9/20/2023 12:00:00 AM,16:10:24.3183753
9160,UTA Session 2,trial,20,D,D,1,2789.208,11.1079999999997,9/20/2023 12:00:00 AM,16:10:39.6226038
9160,UTA Session 2,trial,21,A,A,1,2803.173,10.7950000000001,9/20/2023 12:00:00 AM,16:10:53.2753826
9160,UTA Session 2,trial,22,A,B,0,2816.949,5.4409999999998,9/20/2023 12:00:00 AM,16:11:01.6967828
9160,UTA Session 2,trial,23,D,D,1,2827.063,4.78699999999981,9/20/2023 12:00:00 AM,16:11:11.1571086
9160,UTA Session 2,trial,24,D,D,1,2834.549,3.09299999999985,9/20/2023 12:00:00 AM,16:11:16.9493085
9160,UTA Session 2,trial,25,E,E,1,2840.344,10.136,9/20/2023 12:00:00 AM,16:11:29.7875968
9160,UTA Session 2,trial,26,D,D,1,2853.362,6.69399999999996,9/20/2023 12:00:00 AM,16:11:39.3629922
9160,UTA Session 2,trial,27,E,E,1,2862.768,9.47800000000007,9/20/2023 12:00:00 AM,16:11:51.5536972
9160,UTA Session 2,trial,28,C,C,1,2875.08,9.67799999999988,9/20/2023 12:00:00 AM,16:12:04.0662640
9160,UTA Session 2,trial,29,C,D,0,2887.589,10.3690000000001,9/20/2023 12:00:00 AM,16:12:17.2661670
9160,UTA Session 2,trial,30,D,D,1,2901.697,4.93899999999985,9/20/2023 12:00:00 AM,16:12:25.9446380
9160,UTA Session 2,trial,31,C,B,0,2909.288,9.6840000000002,9/20/2023 12:00:00 AM,16:12:38.2799487
9160,UTA Session 2,trial,32,E,D,0,2922.641,13.6709999999998,9/20/2023 12:00:00 AM,16:12:55.6205664
9160,UTA Session 2,trial,33,A,A,1,2941.029,5.01099999999997,9/20/2023 12:00:00 AM,16:13:05.3493772
9160,UTA Session 2,trial,34,E,A,0,2949.116,3.3420000000001,9/20/2023 12:00:00 AM,16:13:11.7670768
9160,UTA Session 2,trial,35,C,E,0,2955.654,7.43600000000015,9/20/2023 12:00:00 AM,16:13:22.3989346
9159,UTA Session 2,practice,1,B,A,0,2799.85,31.6590000000001,9/20/2023 12:00:00 AM,16:10:45.6950120
9159,UTA Session 2,practice,2,B,B,1,2933.023,10.1759999999999,9/20/2023 12:00:00 AM,16:12:37.3832216
9159,UTA Session 2,practice,3,C,E,0,2944.559,23.5099999999998,9/20/2023 12:00:00 AM,16:13:02.2536114
9159,UTA Session 2,practice,4,A,A,1,2982.235,12.482,9/20/2023 12:00:00 AM,16:13:28.9019989
9159,UTA Session 2,trial,1,B,A,0,3019.139,23.7729999999997,9/20/2023 12:00:00 AM,16:14:17.0974690
9159,UTA Session 2,trial,2,B,D,0,3046.927,8.8779999999997,9/20/2023 12:00:00 AM,16:14:29.9902596
9159,UTA Session 2,trial,3,C,A,0,3065.606,26.5549999999998,9/20/2023 12:00:00 AM,16:15:06.3456836
9159,UTA Session 2,trial,4,A,A,1,3095.622,16.384,9/20/2023 12:00:00 AM,16:15:26.1919543
9159,UTA Session 2,trial,5,B,A,0,3115.481,14.8679999999999,9/20/2023 12:00:00 AM,16:15:44.5347130
9159,UTA Session 2,trial,6,D,A,0,3133.837,30.0770000000002,9/20/2023 12:00:00 AM,16:16:18.0993063
9159,UTA Session 2,trial,7,B,D,0,3167.004,13.9030000000002,9/20/2023 12:00:00 AM,16:16:35.0919429
9159,UTA Session 2,trial,8,D,C,0,3183.988,13.1990000000001,9/20/2023 12:00:00 AM,16:16:51.3723376
9159,UTA Session 2,trial,9,C,D,0,3200.509,9.54399999999987,9/20/2023 12:00:00 AM,16:17:04.2378530
9159,UTA Session 2,trial,10,C,A,0,3212.906,13.2960000000003,9/20/2023 12:00:00 AM,16:17:20.3874930
9159,UTA Session 2,trial,11,B,B,1,3229.362,10.067,9/20/2023 12:00:00 AM,16:17:33.6153775
9159,UTA Session 2,trial,12,E,B,0,3243.01,23.5919999999996,9/20/2023 12:00:00 AM,16:18:00.7884353
9159,UTA Session 2,trial,13,B,D,0,3270.302,13.4209999999998,9/20/2023 12:00:00 AM,16:18:17.9082098
9159,UTA Session 2,trial,14,A,A,1,3287.028,8.28300000000036,9/20/2023 12:00:00 AM,16:18:29.4965720
9159,UTA Session 2,trial,15,E,D,0,3298.677,7.39399999999978,9/20/2023 12:00:00 AM,16:18:40.2579579
9159,UTA Session 2,trial,16,B,D,0,3309.216,41.915,9/20/2023 12:00:00 AM,16:19:25.3164761
9159,UTA Session 2,trial,17,A,A,1,3353.806,8.28699999999981,9/20/2023 12:00:00 AM,16:19:36.2797562
9159,UTA Session 2,trial,18,D,D,1,3365.436,22.0940000000001,9/20/2023 12:00:00 AM,16:20:01.7164788
9159,UTA Session 2,trial,19,E,B,0,3391.955,13.1089999999999,9/20/2023 12:00:00 AM,16:20:19.2506756
9159,UTA Session 2,trial,20,D,E,0,3408.229,15.2580000000003,9/20/2023 12:00:00 AM,16:20:37.6742008
9159,UTA Session 2,trial,21,A,E,0,3426.476,9.03099999999995,9/20/2023 12:00:00 AM,16:20:49.6926828
9159,UTA Session 2,trial,22,A,A,1,3438.407,5.69499999999971,9/20/2023 12:00:00 AM,16:20:58.2885632
9159,UTA Session 2,trial,23,D,E,0,3447.992,36.0909999999999,9/20/2023 12:00:00 AM,16:21:38.2695708
9166,UTA Session 2,practice,1,B,B,1,2553.796,36.6770000000001,9/21/2023 12:00:00 AM,09:50:47.7848695
9166,UTA Session 2,practice,2,B,B,1,2637.128,13.3249999999998,9/21/2023 12:00:00 AM,09:51:47.7650238
9166,UTA Session 2,practice,3,C,C,1,2652.08,9.09299999999985,9/21/2023 12:00:00 AM,09:51:58.4851715
9166,UTA Session 2,practice,4,A,C,0,2662.272,17.6489999999999,9/21/2023 12:00:00 AM,09:52:17.2330143
9166,UTA Session 2,trial,1,B,B,1,2719.678,22.7850000000003,9/21/2023 12:00:00 AM,09:53:19.7764340
9166,UTA Session 2,trial,2,B,B,1,2745.679,11.9270000000001,9/21/2023 12:00:00 AM,09:53:34.9175824
9166,UTA Session 2,trial,3,C,C,1,2763.173,9.81700000000001,9/21/2023 12:00:00 AM,09:53:50.3027411
9166,UTA Session 2,trial,4,A,A,1,2775.904,13.973,9/21/2023 12:00:00 AM,09:54:07.1893350
9166,UTA Session 2,trial,5,B,A,0,2793.049,11.3339999999998,9/21/2023 12:00:00 AM,09:54:21.6949339
9166,UTA Session 2,trial,6,D,C,0,2808.659,12.6419999999998,9/21/2023 12:00:00 AM,09:54:38.6139032
9166,UTA Session 2,trial,7,B,B,1,2824.22,7.98600000000033,9/21/2023 12:00:00 AM,09:54:49.5176229
9166,UTA Session 2,trial,8,D,D,1,2835.119,7.73199999999997,9/21/2023 12:00:00 AM,09:55:00.1639728
9166,UTA Session 2,trial,9,C,C,1,2845.608,14.9849999999997,9/21/2023 12:00:00 AM,09:55:17.9060431
9166,UTA Session 2,trial,10,C,A,0,2863.446,7.33100000000013,9/21/2023 12:00:00 AM,09:55:28.0896334
9166,UTA Session 2,trial,11,B,E,0,2873.711,9.95400000000018,9/21/2023 12:00:00 AM,09:55:40.9776323
9166,UTA Session 2,trial,12,E,A,0,2891.419,4.57700000000023,9/21/2023 12:00:00 AM,09:55:53.3077147
9166,UTA Session 2,trial,13,B,C,0,2898.978,5.36900000000014,9/21/2023 12:00:00 AM,09:56:01.6598350
9166,UTA Session 2,trial,14,A,A,1,2913.45,13.373,9/21/2023 12:00:00 AM,09:56:24.1360365
9166,UTA Session 2,trial,15,E,A,0,2929.735,11.8899999999999,9/21/2023 12:00:00 AM,09:56:38.9378669
9166,UTA Session 2,trial,16,B,B,1,2944.809,10.6379999999999,9/21/2023 12:00:00 AM,09:56:52.7597923
9166,UTA Session 2,trial,17,A,A,1,2958.529,12.8440000000001,9/21/2023 12:00:00 AM,09:57:08.6861816
9166,UTA Session 2,trial,18,D,B,0,2974.608,21.6609999999996,9/21/2023 12:00:00 AM,09:57:33.5813944
9166,UTA Session 2,trial,19,E,E,1,2999.397,9.79800000000023,9/21/2023 12:00:00 AM,09:57:46.5080078
9166,UTA Session 2,trial,20,D,D,1,3012.041,10.3939999999998,9/21/2023 12:00:00 AM,09:57:59.7474534
9166,UTA Session 2,trial,21,A,A,1,3025.162,14.8530000000001,9/21/2023 12:00:00 AM,09:58:17.3280574
9166,UTA Session 2,trial,22,A,A,1,3042.841,9.3420000000001,9/21/2023 12:00:00 AM,09:58:29.4960375
9166,UTA Session 2,trial,23,D,B,0,3055.183,9.346,9/21/2023 12:00:00 AM,09:58:41.8420638
9166,UTA Session 2,trial,24,D,D,1,3067.581,3.78800000000001,9/21/2023 12:00:00 AM,09:58:48.6820634
9166,UTA Session 2,trial,25,E,D,0,3074.168,8.01699999999983,9/21/2023 12:00:00 AM,09:58:59.4982281
9166,UTA Session 2,trial,26,D,A,0,3085.016,8.14199999999983,9/21/2023 12:00:00 AM,09:59:10.4703356
9166,UTA Session 2,trial,27,E,B,0,3096.261,16.3699999999999,9/21/2023 12:00:00 AM,09:59:29.9440455
9166,UTA Session 2,trial,28,C,B,0,3115.993,30.0140000000001,9/21/2023 12:00:00 AM,10:00:03.3201961
9166,UTA Session 2,trial,29,C,D,0,3149.297,8.86999999999989,9/21/2023 12:00:00 AM,10:00:15.4803043
9166,UTA Session 2,trial,30,D,D,1,3161.053,15.0260000000003,9/21/2023 12:00:00 AM,10:00:33.3920424
9161,UTA Session 2,practice,1,B,C,0,2858.394,12.4670000000001,9/21/2023 12:00:00 AM,10:06:58.0396535
9161,UTA Session 2,practice,2,B,D,0,2946.368,9.20100000000002,9/21/2023 12:00:00 AM,10:08:22.7466597
9161,UTA Session 2,practice,3,C,A,0,2964.02,16.6410000000001,9/21/2023 12:00:00 AM,10:08:47.8397819
9161,UTA Session 2,practice,4,A,A,1,2984.158,34.0370000000003,9/21/2023 12:00:00 AM,10:09:25.3732255
9161,UTA Session 2,trial,1,B,C,0,3049.917,17.1060000000002,9/21/2023 12:00:00 AM,10:10:14.2041053
9161,UTA Session 2,trial,2,B,B,1,3070.17,30.1999999999998,9/21/2023 12:00:00 AM,10:10:47.5495649
9161,UTA Session 2,trial,3,C,B,0,3103.547,5.15200000000004,9/21/2023 12:00:00 AM,10:10:55.8786822
9161,UTA Session 2,trial,4,A,C,0,3112.434,17.0149999999999,9/21/2023 12:00:00 AM,10:11:16.6286758
9161,UTA Session 2,trial,5,B,C,0,3134.282,10.3029999999999,9/21/2023 12:00:00 AM,10:11:31.7646006
9161,UTA Session 2,trial,6,D,A,0,3148.097,75.3299999999999,9/21/2023 12:00:00 AM,10:12:50.6065356
9161,UTA Session 2,trial,7,B,C,0,3226.53,11.8109999999997,9/21/2023 12:00:00 AM,10:13:05.5203548
9161,UTA Session 2,trial,8,D,A,0,3241.376,14.2469999999998,9/21/2023 12:00:00 AM,10:13:22.8034385
9161,UTA Session 2,trial,9,C,B,0,3259.073,14.3009999999999,9/21/2023 12:00:00 AM,10:13:40.5543649
9161,UTA Session 2,trial,10,C,A,0,3277.227,25.4790000000003,9/21/2023 12:00:00 AM,10:14:09.8867423
9161,UTA Session 2,trial,11,B,D,0,3306.193,5.70499999999993,9/21/2023 12:00:00 AM,10:14:19.0784348
9161,UTA Session 2,trial,12,E,C,0,3315.093,33.7760000000003,9/21/2023 12:00:00 AM,10:14:56.0493351
9161,UTA Session 2,trial,13,B,E,0,3353.178,25.8250000000003,9/21/2023 12:00:00 AM,10:15:26.1834664
9161,UTA Session 2,trial,14,A,D,0,3382.229,7.53800000000001,9/21/2023 12:00:00 AM,10:15:36.9474964
9161,UTA Session 2,trial,15,E,A,0,3393.779,10.047,9/21/2023 12:00:00 AM,10:15:51.0066475
9161,UTA Session 2,trial,16,B,B,1,3407.658,18.8270000000002,9/21/2023 12:00:00 AM,10:16:13.6663688
9161,UTA Session 2,trial,17,A,A,1,3431.011,12.2040000000002,9/21/2023 12:00:00 AM,10:16:30.3962063
9161,UTA Session 2,trial,18,D,D,1,3447.117,10.0249999999996,9/21/2023 12:00:00 AM,10:16:44.3238465
9161,UTA Session 2,trial,19,E,B,0,3460.1,11.3510000000001,9/21/2023 12:00:00 AM,10:16:58.6318726
9161,UTA Session 2,trial,20,D,C,0,3474.588,20.1379999999999,9/21/2023 12:00:00 AM,10:17:21.9078333
9161,UTA Session 2,trial,21,A,E,0,3497.744,35.6279999999997,9/21/2023 12:00:00 AM,10:18:00.5537130
9163,UTA Session 2,practice,1,B,A,0,2857.054,25.8199999999997,9/21/2023 12:00:00 AM,10:31:28.5465412
9163,UTA Session 2,practice,2,B,A,0,2935.23,11.3800000000001,9/21/2023 12:00:00 AM,10:32:32.2809607
9163,UTA Session 2,practice,3,C,C,1,2959.727,6.97000000000025,9/21/2023 12:00:00 AM,10:32:52.3674108
9163,UTA Session 2,practice,4,A,A,1,2968.238,13.5360000000001,9/21/2023 12:00:00 AM,10:33:07.4450666
9163,UTA Session 2,trial,1,B,B,1,2993.454,7.68399999999974,9/21/2023 12:00:00 AM,10:33:26.8107041
9163,UTA Session 2,trial,2,B,E,0,3004.324,9.89199999999983,9/21/2023 12:00:00 AM,10:33:39.8878159
9163,UTA Session 2,trial,3,C,C,1,3017.525,13.6549999999997,9/21/2023 12:00:00 AM,10:33:56.8508803
9163,UTA Session 2,trial,4,A,A,1,3034.069,7.87699999999995,9/21/2023 12:00:00 AM,10:34:07.6165050
9163,UTA Session 2,trial,5,B,A,0,3044.856,7.79499999999962,9/21/2023 12:00:00 AM,10:34:18.3213295
9163,UTA Session 2,trial,6,D,D,1,3055.644,7.10600000000022,9/21/2023 12:00:00 AM,10:34:28.4207376
9163,UTA Session 2,trial,7,B,B,1,3065.532,6.12199999999984,9/21/2023 12:00:00 AM,10:34:37.3243815
9163,UTA Session 2,trial,8,D,A,0,3074.362,12.9539999999997,9/21/2023 12:00:00 AM,10:34:52.9868239
9163,UTA Session 2,trial,9,C,B,0,3090.414,5.00199999999995,9/21/2023 12:00:00 AM,10:35:01.0866801
9163,UTA Session 2,trial,10,C,D,0,3098.531,3.38400000000001,9/21/2023 12:00:00 AM,10:35:07.5852871
9163,UTA Session 2,trial,11,B,B,1,3104.91,10.9700000000003,9/21/2023 12:00:00 AM,10:35:21.5500740
9163,UTA Session 2,trial,12,E,C,0,3118.748,9.44000000000005,9/21/2023 12:00:00 AM,10:35:33.8589610
9163,UTA Session 2,trial,13,B,D,0,3130.995,12.3050000000003,9/21/2023 12:00:00 AM,10:35:48.9697556
9163,UTA Session 2,trial,14,A,A,1,3146.139,3.99699999999984,9/21/2023 12:00:00 AM,10:35:55.8068957
9163,UTA Session 2,trial,15,E,D,0,3152.955,9.93100000000004,9/21/2023 12:00:00 AM,10:36:08.5562281
9163,UTA Session 2,trial,16,B,B,1,3167.473,9.01699999999983,9/21/2023 12:00:00 AM,10:36:22.1600916
9163,UTA Session 2,trial,17,A,A,1,3179.53,9.79399999999987,9/21/2023 12:00:00 AM,10:36:34.9943331
9163,UTA Session 2,trial,18,D,D,1,3192.423,4.18900000000031,9/21/2023 12:00:00 AM,10:36:42.2822602
9163,UTA Session 2,trial,19,E,D,0,3199.234,12.7660000000001,9/21/2023 12:00:00 AM,10:36:57.6703062
9163,UTA Session 2,trial,20,D,C,0,3214.666,6.04899999999998,9/21/2023 12:00:00 AM,10:37:06.3851470
9163,UTA Session 2,trial,21,A,A,1,3223.438,6.43399999999974,9/21/2023 12:00:00 AM,10:37:15.5422324
9163,UTA Session 2,trial,22,A,A,1,3232.911,5.50700000000006,9/21/2023 12:00:00 AM,10:37:24.0876922
9163,UTA Session 2,trial,23,D,A,0,3241.224,4.32199999999966,9/21/2023 12:00:00 AM,10:37:31.2159962
9163,UTA Session 2,trial,24,D,D,1,3248.359,7.63700000000017,9/21/2023 12:00:00 AM,10:37:41.6661490
9163,UTA Session 2,trial,25,E,A,0,3258.675,8.08699999999999,9/21/2023 12:00:00 AM,10:37:52.4323216
9163,UTA Session 2,trial,26,D,D,1,3269.736,3.72200000000021,9/21/2023 12:00:00 AM,10:37:59.1283177
9163,UTA Session 2,trial,27,E,C,0,3276.241,15.0949999999998,9/21/2023 12:00:00 AM,10:38:17.0059057
9163,UTA Session 2,trial,28,C,C,1,3293.992,6.98999999999978,9/21/2023 12:00:00 AM,10:38:26.6515948
9163,UTA Session 2,trial,29,C,B,0,3303.776,8.98700000000008,9/21/2023 12:00:00 AM,10:38:38.4318557
9163,UTA Session 2,trial,30,D,D,1,3315.61,6.82199999999966,9/21/2023 12:00:00 AM,10:38:48.1009265
9163,UTA Session 2,trial,31,C,C,1,3324.903,8.48500000000013,9/21/2023 12:00:00 AM,10:38:59.0570236
9163,UTA Session 2,trial,32,E,B,0,3336.015,7.39699999999993,9/21/2023 12:00:00 AM,10:39:09.0810096
9163,UTA Session 2,trial,33,A,B,0,3346.191,4.10400000000027,9/21/2023 12:00:00 AM,10:39:15.9634807
9163,UTA Session 2,trial,34,E,A,0,3353.303,4.9970000000003,9/21/2023 12:00:00 AM,10:39:23.9684474
9163,UTA Session 2,trial,35,C,B,0,3361.117,10.6549999999997,9/21/2023 12:00:00 AM,10:39:37.4405086
9165,UTA Session 2,practice,1,B,A,0,2185.346,25.2660000000001,9/21/2023 12:00:00 AM,12:33:06.2109626
9165,UTA Session 2,practice,2,B,D,0,2342.655,25.848,9/21/2023 12:00:00 AM,12:35:44.1007050
9165,UTA Session 2,practice,3,C,C,1,2377.733,22.8319999999999,9/21/2023 12:00:00 AM,12:36:16.1624582
9165,UTA Session 2,practice,4,A,C,0,2402.568,16.2779999999998,9/21/2023 12:00:00 AM,12:36:34.4435387
9165,UTA Session 2,trial,1,B,E,0,2459.809,12.4859999999999,9/21/2023 12:00:00 AM,12:37:27.8953656
9165,UTA Session 2,trial,2,B,B,1,2476.235,13.4759999999997,9/21/2023 12:00:00 AM,12:37:45.3094973
9165,UTA Session 2,trial,3,C,A,0,2492.771,22.6089999999999,9/21/2023 12:00:00 AM,12:38:10.9784934
9165,UTA Session 2,trial,4,A,A,1,2519.939,14.1010000000001,9/21/2023 12:00:00 AM,12:38:29.6386151
9165,UTA Session 2,trial,5,B,D,0,2537.062,17.739,9/21/2023 12:00:00 AM,12:38:50.3993643
9165,UTA Session 2,trial,6,D,A,0,2558.845,17.748,9/21/2023 12:00:00 AM,12:39:12.1908296
9165,UTA Session 2,trial,7,B,D,0,2579.956,24.8969999999999,9/21/2023 12:00:00 AM,12:39:40.4508467
9165,UTA Session 2,trial,8,D,E,0,2607.793,37.5139999999997,9/21/2023 12:00:00 AM,12:40:20.9051109
9165,UTA Session 2,trial,9,C,C,1,2648.395,27.6579999999999,9/21/2023 12:00:00 AM,12:40:51.6524902
9165,UTA Session 2,trial,10,C,A,0,2679.134,8.81800000000021,9/21/2023 12:00:00 AM,12:41:03.5512303
9165,UTA Session 2,trial,11,B,E,0,2693,23.8069999999998,9/21/2023 12:00:00 AM,12:41:32.4042019
9165,UTA Session 2,trial,12,E,A,0,2720.604,10.3130000000001,9/21/2023 12:00:00 AM,12:41:46.5154969
9165,UTA Session 2,trial,13,B,D,0,2734.257,21.9299999999998,9/21/2023 12:00:00 AM,12:42:11.7848063
9165,UTA Session 2,trial,14,A,D,0,2760.943,36.5359999999996,9/21/2023 12:00:00 AM,12:42:53.0768934
9165,UTA Session 2,trial,15,E,D,0,2800.576,11.2269999999999,9/21/2023 12:00:00 AM,12:43:07.4008284
9165,UTA Session 2,trial,16,B,A,0,2814.883,22.5190000000002,9/21/2023 12:00:00 AM,12:43:33.0001739
9165,UTA Session 2,trial,17,A,A,1,2840.534,4.13899999999967,9/21/2023 12:00:00 AM,12:43:40.2713087
9165,UTA Session 2,trial,18,D,B,0,2847.682,5.95100000000002,9/21/2023 12:00:00 AM,12:43:49.2318481
9165,UTA Session 2,trial,19,E,B,0,2856.536,5.49499999999989,9/21/2023 12:00:00 AM,12:43:57.6292612
9165,UTA Session 2,trial,20,D,B,0,2865.104,7.01000000000022,9/21/2023 12:00:00 AM,12:44:07.7126053
9165,UTA Session 2,trial,21,A,A,1,2875.214,6.98300000000017,9/21/2023 12:00:00 AM,12:44:17.7958570
9165,UTA Session 2,trial,22,A,A,1,2886.068,3.36799999999994,9/21/2023 12:00:00 AM,12:44:25.0352188
9165,UTA Session 2,trial,23,D,D,1,2894.092,7.96499999999969,9/21/2023 12:00:00 AM,12:44:37.6551549
9165,UTA Session 2,trial,24,D,D,1,2905.604,4.76099999999997,9/21/2023 12:00:00 AM,12:44:45.9635422
9164,UTA Session 2,practice,1,B,A,0,2456.868,19.5480000000002,9/21/2023 12:00:00 AM,12:56:05.5476283
9164,UTA Session 2,practice,2,B,A,0,2559.986,12.2750000000001,9/21/2023 12:00:00 AM,12:57:41.3915681
9164,UTA Session 2,practice,3,C,D,0,2578.616,26.069,9/21/2023 12:00:00 AM,12:58:13.8158472
9164,UTA Session 2,practice,4,A,B,0,2609.354,26.0840000000003,9/21/2023 12:00:00 AM,12:58:44.5693760
9164,UTA Session 2,trial,1,B,A,0,2668.893,30.0799999999999,9/21/2023 12:00:00 AM,12:59:48.1054546
9164,UTA Session 2,trial,2,B,B,1,2702.724,11.5329999999999,9/21/2023 12:00:00 AM,13:00:03.3879944
9164,UTA Session 2,trial,3,C,A,0,2717.441,7.1880000000001,9/21/2023 12:00:00 AM,13:00:13.7611056
9164,UTA Session 2,trial,4,A,A,1,2727.968,13.991,9/21/2023 12:00:00 AM,13:00:31.0903650
9164,UTA Session 2,trial,5,B,A,0,2745.378,15.3709999999996,9/21/2023 12:00:00 AM,13:00:49.8800323
9164,UTA Session 2,trial,6,D,C,0,2764.43,6.24299999999994,9/21/2023 12:00:00 AM,13:00:59.8037567
9164,UTA Session 2,trial,7,B,D,0,2774.725,8.12400000000025,9/21/2023 12:00:00 AM,13:01:11.9802371
9164,UTA Session 2,trial,8,D,A,0,2785.934,11.1009999999997,9/21/2023 12:00:00 AM,13:01:26.1657087
9164,UTA Session 2,trial,9,C,E,0,2800.155,16.2599999999998,9/21/2023 12:00:00 AM,13:01:45.5458003
9164,UTA Session 2,trial,10,C,C,1,2819.348,11.3629999999998,9/21/2023 12:00:00 AM,13:01:59.8423273
9164,UTA Session 2,trial,11,B,D,0,2833.885,11.116,9/21/2023 12:00:00 AM,13:02:14.1324452
9164,UTA Session 2,trial,12,E,C,0,2848.043,12.1439999999998,9/21/2023 12:00:00 AM,13:02:29.3174354
9164,UTA Session 2,trial,13,B,D,0,2866.562,9.86900000000014,9/21/2023 12:00:00 AM,13:02:45.5625187
9164,UTA Session 2,trial,14,A,A,1,2879.603,13.3199999999997,9/21/2023 12:00:00 AM,13:03:02.0554064
9164,UTA Session 2,trial,15,E,D,0,2896.149,10.962,9/21/2023 12:00:00 AM,13:03:16.2442720
9164,UTA Session 2,trial,16,B,C,0,2910.241,18.5619999999999,9/21/2023 12:00:00 AM,13:03:37.9356989
9164,UTA Session 2,trial,17,A,C,0,2932.104,23.395,9/21/2023 12:00:00 AM,13:04:04.6329271
9164,UTA Session 2,trial,18,D,C,0,2959.488,5.36100000000033,9/21/2023 12:00:00 AM,13:04:13.9830947
9164,UTA Session 2,trial,19,E,A,0,2967.956,4.35099999999966,9/21/2023 12:00:00 AM,13:04:21.4417535
9164,UTA Session 2,trial,20,D,D,1,2975.578,8.35300000000007,9/21/2023 12:00:00 AM,13:04:33.0660757
9164,UTA Session 2,trial,21,A,E,0,2987.775,12.3739999999998,9/21/2023 12:00:00 AM,13:04:49.2858128
9164,UTA Session 2,trial,22,A,A,1,3002.798,12.143,9/21/2023 12:00:00 AM,13:05:04.0778684
9164,UTA Session 2,trial,23,D,A,0,3018.158,13.652,9/21/2023 12:00:00 AM,13:05:20.9471688
9164,UTA Session 2,trial,24,D,E,0,3034.983,7.91799999999967,9/21/2023 12:00:00 AM,13:05:32.0388122
9164,UTA Session 2,trial,25,E,B,0,3045.809,7.66399999999976,9/21/2023 12:00:00 AM,13:05:42.6104023
9164,UTA Session 2,trial,26,D,B,0,3057.167,16.444,9/21/2023 12:00:00 AM,13:06:02.7487862
9164,UTA Session 2,trial,27,E,C,0,3076.93,4.48700000000008,9/21/2023 12:00:00 AM,13:06:10.5554009
9164,UTA Session 2,trial,28,C,C,1,3084.632,16.2109999999998,9/21/2023 12:00:00 AM,13:06:29.9827748
9164,UTA Session 2,trial,29,C,B,0,3104.204,7.14300000000003,9/21/2023 12:00:00 AM,13:06:40.4868803
9164,UTA Session 2,trial,30,D,C,0,3114.664,2.87199999999984,9/21/2023 12:00:00 AM,13:06:46.6766407
9167,UTA Session 2,practice,1,B,B,1,3266.076,21.5050000000001,9/21/2023 12:00:00 AM,16:15:06.5226592
9167,UTA Session 2,practice,2,B,A,0,3339.014,14.5070000000001,9/21/2023 12:00:00 AM,16:16:12.4609954
9167,UTA Session 2,practice,3,C,C,1,3358.938,10.9670000000001,9/21/2023 12:00:00 AM,16:16:28.8450181
9167,UTA Session 2,practice,4,A,A,1,3371.973,7.87199999999984,9/21/2023 12:00:00 AM,16:16:38.7849524
9167,UTA Session 2,trial,1,B,B,1,3392.097,10.2099999999996,9/21/2023 12:00:00 AM,16:17:01.2489590
9167,UTA Session 2,trial,2,B,A,0,3406.214,8.40099999999984,9/21/2023 12:00:00 AM,16:17:13.5550100
9167,UTA Session 2,trial,3,C,B,0,3423.952,14.2449999999999,9/21/2023 12:00:00 AM,16:17:37.1365292
9167,UTA Session 2,trial,4,A,A,1,3442.43,5.89700000000039,9/21/2023 12:00:00 AM,16:17:47.2680320
9167,UTA Session 2,trial,5,B,B,1,3451.471,8.27799999999979,9/21/2023 12:00:00 AM,16:17:58.6896642
9167,UTA Session 2,trial,6,D,E,0,3462.707,14.6260000000002,9/21/2023 12:00:00 AM,16:18:16.2735231
9167,UTA Session 2,trial,7,B,B,1,3482.815,18.5879999999997,9/21/2023 12:00:00 AM,16:18:40.3439522
9167,UTA Session 2,trial,8,D,D,1,3504.531,11.3160000000003,9/21/2023 12:00:00 AM,16:18:54.7873908
9167,UTA Session 2,trial,9,C,C,1,3518.976,6.43499999999995,9/21/2023 12:00:00 AM,16:19:04.3511265
9167,UTA Session 2,trial,10,C,C,1,3528.487,8.8420000000001,9/21/2023 12:00:00 AM,16:19:16.2698517
9167,UTA Session 2,trial,11,B,B,1,3540.74,4.48700000000008,9/21/2023 12:00:00 AM,16:19:24.1684015
9167,UTA Session 2,trial,12,E,E,1,3548.433,13.1410000000001,9/21/2023 12:00:00 AM,16:19:40.5143042
9167,UTA Session 2,trial,13,B,C,0,3564.636,8.23300000000017,9/21/2023 12:00:00 AM,16:19:51.8100942
9167,UTA Session 2,trial,14,A,A,1,3581.397,6.88700000000017,9/21/2023 12:00:00 AM,16:20:07.2238593
9167,UTA Session 2,trial,15,E,E,1,3591.475,6.42200000000003,9/21/2023 12:00:00 AM,16:20:16.8375124
9167,UTA Session 2,trial,16,B,B,1,3600.718,7.52100000000019,9/21/2023 12:00:00 AM,16:20:27.1805125
9167,UTA Session 2,trial,17,A,A,1,3611.303,7.01400000000012,9/21/2023 12:00:00 AM,16:20:37.2579582
9167,UTA Session 2,trial,18,D,D,1,3621.376,7.03699999999981,9/21/2023 12:00:00 AM,16:20:47.3539996
9167,UTA Session 2,trial,19,E,E,1,3631.219,8.05400000000009,9/21/2023 12:00:00 AM,16:20:58.2139329
9167,UTA Session 2,trial,20,D,D,1,3641.98,10.8849999999998,9/21/2023 12:00:00 AM,16:21:11.8065792
9167,UTA Session 2,trial,21,A,A,1,3655.609,7.91699999999992,9/21/2023 12:00:00 AM,16:21:22.4664486
9167,UTA Session 2,trial,22,A,A,1,3667.281,19.4740000000002,9/21/2023 12:00:00 AM,16:21:45.6959082
9167,UTA Session 2,trial,23,D,D,1,3690.11,5.35899999999992,9/21/2023 12:00:00 AM,16:21:54.4099394
9167,UTA Session 2,trial,24,D,E,0,3698.855,4.23799999999983,9/21/2023 12:00:00 AM,16:22:02.0341290
9167,UTA Session 2,trial,25,E,E,1,3707.832,8.33699999999999,9/21/2023 12:00:00 AM,16:22:15.1103052
9167,UTA Session 2,trial,26,D,A,0,3718.995,11.7280000000001,9/21/2023 12:00:00 AM,16:22:29.6640171
9167,UTA Session 2,trial,27,E,A,0,3736.343,5.03400000000011,9/21/2023 12:00:00 AM,16:22:40.3185726
9167,UTA Session 2,trial,28,C,C,1,3754.037,4.87800000000016,9/21/2023 12:00:00 AM,16:22:57.8550994
9167,UTA Session 2,trial,29,C,E,0,3761.659,15.0360000000001,9/21/2023 12:00:00 AM,16:23:15.6361789
9167,UTA Session 2,trial,30,D,D,1,3780.606,8.69499999999971,9/21/2023 12:00:00 AM,16:23:28.2414870
9167,UTA Session 2,trial,31,C,A,0,3791.999,7.61000000000013,9/21/2023 12:00:00 AM,16:23:38.5497219
9167,UTA Session 2,trial,32,E,A,0,3804.953,5.75399999999991,9/21/2023 12:00:00 AM,16:23:49.6483960
9167,UTA Session 2,trial,33,A,C,0,3815.429,5.97800000000007,9/21/2023 12:00:00 AM,16:24:00.3485052
9167,UTA Session 2,trial,34,E,A,0,3825.196,8.15100000000029,9/21/2023 12:00:00 AM,16:24:12.2879058
9169,UTA Session 2,practice,1,B,B,1,3000.926,6.953,9/21/2023 0:00,10:04.0
9169,UTA Session 2,practice,2,B,E,0,3018.878,9.322,9/21/2023 0:00,10:24.3
9169,UTA Session 2,practice,3,C,D,0,3035.478,8.077,9/21/2023 0:00,10:39.7
9169,UTA Session 2,practice,4,A,A,1,3048.965,6.206,9/21/2023 0:00,10:51.3
9169,UTA Session 2,trial,1,B,B,1,3068.594,6.688,9/21/2023 0:00,11:11.4
9169,UTA Session 2,trial,2,B,A,0,3078.418,9.468,9/21/2023 0:00,11:24.0
9169,UTA Session 2,trial,3,C,A,0,3090.954,12.45,9/21/2023 0:00,11:39.5
9169,UTA Session 2,trial,4,A,A,1,3106.926,5.928,9/21/2023 0:00,11:49.0
9169,UTA Session 2,trial,5,B,B,1,3116.361,9.609,9/21/2023 0:00,12:02.1
9169,UTA Session 2,trial,6,D,D,1,3129.333,8.6,9/21/2023 0:00,12:14.0
9169,UTA Session 2,trial,7,B,C,0,3141.16,26.793,9/21/2023 0:00,12:44.1
9169,UTA Session 2,trial,8,D,D,1,3171.094,6.67,9/21/2023 0:00,12:53.9
9169,UTA Session 2,trial,9,C,B,0,3180.6,4.705,9/21/2023 0:00,13:01.4
9169,UTA Session 2,trial,10,C,C,1,3188.398,3.932,9/21/2023 0:00,13:08.4
9169,UTA Session 2,trial,11,B,D,0,3195.484,7.23,9/21/2023 0:00,13:18.8
9169,UTA Session 2,trial,12,E,A,0,3205.838,2.322,9/21/2023 0:00,13:24.3
9169,UTA Session 2,trial,13,B,D,0,3211.153,7.23,9/21/2023 0:00,13:34.5
9169,UTA Session 2,trial,14,A,A,1,3221.254,6.39,9/21/2023 0:00,13:43.8
9169,UTA Session 2,trial,15,E,A,0,3230.615,6.445,9/21/2023 0:00,13:53.2
9169,UTA Session 2,trial,16,B,D,0,3239.93,6.928,9/21/2023 0:00,14:03.0
9169,UTA Session 2,trial,17,A,A,1,3249.735,6.868,9/21/2023 0:00,14:12.7
9169,UTA Session 2,trial,18,D,D,1,3259.536,7.458,9/21/2023 0:00,14:23.1
9169,UTA Session 2,trial,19,E,E,1,3269.776,7.796,9/21/2023 0:00,14:33.7
9169,UTA Session 2,trial,20,D,D,1,3280.409,7.999,9/21/2023 0:00,14:44.5
9169,UTA Session 2,trial,21,A,E,0,3291.22,4.39,9/21/2023 0:00,14:51.7
9169,UTA Session 2,trial,22,A,B,0,3298.585,3.699,9/21/2023 0:00,14:58.4
9169,UTA Session 2,trial,23,D,D,1,3305.143,7.817,9/21/2023 0:00,15:09.1
9169,UTA Session 2,trial,24,D,D,1,3316.127,5.831,9/21/2023 0:00,15:18.1
9169,UTA Session 2,trial,25,E,A,0,3324.926,5.287,9/21/2023 0:00,15:26.3
9169,UTA Session 2,trial,26,D,B,0,3333.021,5.623,9/21/2023 0:00,15:34.8
9169,UTA Session 2,trial,27,E,E,1,3341.535,7.519,9/21/2023 0:00,15:45.2
9169,UTA Session 2,trial,28,C,C,1,3351.894,5.846,9/21/2023 0:00,15:53.8
9169,UTA Session 2,trial,29,C,E,0,3360.507,8.553,9/21/2023 0:00,16:05.2
9169,UTA Session 2,trial,30,D,D,1,3371.929,3.587,9/21/2023 0:00,16:11.6
9169,UTA Session 2,trial,31,C,A,0,3378.166,5.776,9/21/2023 0:00,16:20.1
9169,UTA Session 2,trial,32,E,C,0,3386.958,3.764,9/21/2023 0:00,16:26.8
9169,UTA Session 2,trial,33,A,A,1,3393.448,7.42,9/21/2023 0:00,16:37.0
9169,UTA Session 2,trial,34,E,A,0,3404.121,4.927,9/21/2023 0:00,16:45.2
9169,UTA Session 2,trial,35,C,C,1,3413.164,6.488,9/21/2023 0:00,16:55.8
9150,UTA Session 2,practice,1,B,B,1,2468.941,33.5710000000004,9/22/2023 12:00:00 AM,10:09:11.2304455
9150,UTA Session 2,practice,2,B,B,1,2537.517,11.748,9/22/2023 12:00:00 AM,10:09:57.9823256
9150,UTA Session 2,practice,3,C,D,0,2550.855,13.232,9/22/2023 12:00:00 AM,10:10:12.8036619
9150,UTA Session 2,practice,4,A,C,0,2569.803,21.7690000000002,9/22/2023 12:00:00 AM,10:10:40.2884335
9150,UTA Session 2,trial,1,B,A,0,2609.925,9.71799999999985,9/22/2023 12:00:00 AM,10:11:08.3613255
9150,UTA Session 2,trial,2,B,B,1,2623.909,19.625,9/22/2023 12:00:00 AM,10:11:32.2521186
9150,UTA Session 2,trial,3,C,A,0,2646.83,11.723,9/22/2023 12:00:00 AM,10:11:47.2709820
9150,UTA Session 2,trial,4,A,B,0,2662.131,13.8240000000001,9/22/2023 12:00:00 AM,10:12:04.6723062
9150,UTA Session 2,trial,5,B,D,0,2679.138,16.0520000000001,9/22/2023 12:00:00 AM,10:12:23.9077799
9150,UTA Session 2,trial,6,D,C,0,2698.213,14.7059999999997,9/22/2023 12:00:00 AM,10:12:41.6360443
9150,UTA Session 2,trial,7,B,B,1,2716.283,7.38999999999987,9/22/2023 12:00:00 AM,10:12:52.3909225
9150,UTA Session 2,trial,8,D,A,0,2726.818,11.6049999999996,9/22/2023 12:00:00 AM,10:13:07.1412888
9150,UTA Session 2,trial,9,C,C,1,2741.916,8.89300000000003,9/22/2023 12:00:00 AM,10:13:19.5269123
9150,UTA Session 2,trial,10,C,D,0,2753.669,7.86000000000013,9/22/2023 12:00:00 AM,10:13:30.2473346
9150,UTA Session 2,trial,11,B,A,0,2764.609,5.64200000000028,9/22/2023 12:00:00 AM,10:13:38.9677162
9150,UTA Session 2,trial,12,E,C,0,2776.901,9.05999999999995,9/22/2023 12:00:00 AM,10:13:54.6794392
9150,UTA Session 2,trial,13,B,B,1,2789.717,7.9079999999999,9/22/2023 12:00:00 AM,10:14:06.3432499
9150,UTA Session 2,trial,14,A,A,1,2800.963,7.26999999999998,9/22/2023 12:00:00 AM,10:14:16.9515853
9150,UTA Session 2,trial,15,E,E,1,2811.583,10.0540000000001,9/22/2023 12:00:00 AM,10:14:30.3549909
9150,UTA Session 2,trial,16,B,A,0,2824.974,8.46099999999979,9/22/2023 12:00:00 AM,10:14:42.1528109
9150,UTA Session 2,trial,17,A,D,0,2836.699,10.4580000000001,9/22/2023 12:00:00 AM,10:14:55.8746744
9150,UTA Session 2,trial,18,D,D,1,2850.476,9.04299999999967,9/22/2023 12:00:00 AM,10:15:08.2368604
9150,UTA Session 2,trial,19,E,A,0,2862.722,8.46699999999964,9/22/2023 12:00:00 AM,10:15:19.9078154
9150,UTA Session 2,trial,20,D,C,0,2874.551,10.79,9/22/2023 12:00:00 AM,10:15:34.0596529
9150,UTA Session 2,trial,21,A,C,0,2888.357,6.48799999999983,9/22/2023 12:00:00 AM,10:15:43.5625452
9150,UTA Session 2,trial,22,A,D,0,2899.083,10.6289999999999,9/22/2023 12:00:00 AM,10:15:58.4302569
9150,UTA Session 2,trial,23,D,A,0,2912.564,5.99500000000035,9/22/2023 12:00:00 AM,10:16:07.2767999
9150,UTA Session 2,trial,24,D,D,1,2921.833,4.07999999999993,9/22/2023 12:00:00 AM,10:16:14.6315598
9150,UTA Session 2,trial,25,E,C,0,2928.793,5.60199999999986,9/22/2023 12:00:00 AM,10:16:23.1130709
9150,UTA Session 2,trial,26,D,D,1,2937.402,6.02399999999989,9/22/2023 12:00:00 AM,10:16:32.1450671
9150,UTA Session 2,trial,27,E,B,0,2946.548,14.393,9/22/2023 12:00:00 AM,10:16:49.6593140
9150,UTA Session 2,trial,28,C,B,0,2964.415,4.98799999999983,9/22/2023 12:00:00 AM,10:16:58.1216088
9150,UTA Session 2,trial,29,C,B,0,2972.586,9.65200000000004,9/22/2023 12:00:00 AM,10:17:10.9570990
9150,UTA Session 2,trial,30,D,D,1,2985.177,6.38899999999967,9/22/2023 12:00:00 AM,10:17:20.2846887
9150,UTA Session 2,trial,31,C,E,0,2994.772,18.1120000000001,9/22/2023 12:00:00 AM,10:17:41.6037770
9150,UTA Session 2,trial,32,E,E,1,3016.093,5.72299999999996,9/22/2023 12:00:00 AM,10:17:50.5352227
9150,UTA Session 2,trial,33,A,E,0,3024.577,15.7439999999997,9/22/2023 12:00:00 AM,10:18:09.0392022
9150,UTA Session 2,trial,34,E,A,0,3043.683,4.5,9/22/2023 12:00:00 AM,10:18:16.9014143
9150,UTA Session 2,trial,35,C,B,0,3051.274,2.90300000000025,9/22/2023 12:00:00 AM,10:18:22.8954279
9170,UTA Session 2,practice,1,B,D,0,2669.606,18.2449999999999,9/22/2023 12:00:00 AM,10:10:57.7046060
9170,UTA Session 2,practice,2,B,B,1,2731.322,11.8789999999999,9/22/2023 12:00:00 AM,10:11:53.0525053
9170,UTA Session 2,practice,3,C,C,1,2747.148,4.51699999999983,9/22/2023 12:00:00 AM,10:12:01.5154097
9170,UTA Session 2,practice,4,A,B,0,2753.051,9.38099999999986,9/22/2023 12:00:00 AM,10:12:12.2829646
9170,UTA Session 2,trial,1,B,B,1,2782.234,10.4680000000003,9/22/2023 12:00:00 AM,10:12:42.5554274
9170,UTA Session 2,trial,2,B,E,0,2795.827,8.35999999999967,9/22/2023 12:00:00 AM,10:12:54.0380960
9170,UTA Session 2,trial,3,C,A,0,2807.328,9.9079999999999,9/22/2023 12:00:00 AM,10:13:07.0862404
9170,UTA Session 2,trial,4,A,A,1,2820.806,9.04700000000003,9/22/2023 12:00:00 AM,10:13:19.7043126
9170,UTA Session 2,trial,5,B,A,0,2832.923,7.63600000000042,9/22/2023 12:00:00 AM,10:13:30.4095460
9170,UTA Session 2,trial,6,D,E,0,2843.486,7.279,9/22/2023 12:00:00 AM,10:13:40.6148924
9170,UTA Session 2,trial,7,B,D,0,2853.621,10.6279999999997,9/22/2023 12:00:00 AM,10:13:54.0982910
9170,UTA Session 2,trial,8,D,B,0,2867.6,3.82900000000018,9/22/2023 12:00:00 AM,10:14:01.2786116
9170,UTA Session 2,trial,9,C,C,1,2875.016,11.9169999999999,9/22/2023 12:00:00 AM,10:14:16.7826315
9170,UTA Session 2,trial,10,C,C,1,2890.069,8.46599999999989,9/22/2023 12:00:00 AM,10:14:28.3839894
9170,UTA Session 2,trial,11,B,E,0,2901.942,6.76899999999978,9/22/2023 12:00:00 AM,10:14:38.5605827
9170,UTA Session 2,trial,12,E,E,1,2911.902,11.2399999999998,9/22/2023 12:00:00 AM,10:14:52.9912407
9170,UTA Session 2,trial,13,B,C,0,2926.087,10.9079999999999,9/22/2023 12:00:00 AM,10:15:06.8440841
9170,UTA Session 2,trial,14,A,A,1,2940.165,16.7159999999999,9/22/2023 12:00:00 AM,10:15:26.7309540
9170,UTA Session 2,trial,15,E,A,0,2959.82,9.48900000000003,9/22/2023 12:00:00 AM,10:15:39.1586421
9170,UTA Session 2,trial,16,B,E,0,2972.539,4.68399999999974,9/22/2023 12:00:00 AM,10:15:47.0714520
9170,UTA Session 2,trial,17,A,A,1,2980.261,11.6150000000002,9/22/2023 12:00:00 AM,10:16:01.7252926
9170,UTA Session 2,trial,18,D,B,0,2995.055,9.31400000000031,9/22/2023 12:00:00 AM,10:16:14.2184641
9170,UTA Session 2,trial,19,E,B,0,3007.767,5.86800000000039,9/22/2023 12:00:00 AM,10:16:23.4830928
9170,UTA Session 2,trial,20,D,C,0,3019.215,4.35799999999972,9/22/2023 12:00:00 AM,10:16:33.4214496
9170,UTA Session 2,trial,21,A,E,0,3028.232,8.66899999999987,9/22/2023 12:00:00 AM,10:16:46.7487166
9170,UTA Session 2,trial,22,A,D,0,3039.636,12.4470000000001,9/22/2023 12:00:00 AM,10:17:01.9315079
9170,UTA Session 2,trial,23,D,D,1,3055.426,3.45600000000013,9/22/2023 12:00:00 AM,10:17:08.7308751
9170,UTA Session 2,trial,24,D,E,0,3061.688,4.23700000000008,9/22/2023 12:00:00 AM,10:17:15.7740960
9170,UTA Session 2,trial,25,E,D,0,3068.89,7.63300000000027,9/22/2023 12:00:00 AM,10:17:26.3709359
9170,UTA Session 2,trial,26,D,C,0,3079.409,9.21199999999999,9/22/2023 12:00:00 AM,10:17:38.4684436
9170,UTA Session 2,trial,27,E,B,0,3091.519,5.52200000000039,9/22/2023 12:00:00 AM,10:17:46.8886946
9170,UTA Session 2,trial,28,C,C,1,3100.135,4.91799999999967,9/22/2023 12:00:00 AM,10:17:54.9011113
9170,UTA Session 2,trial,29,C,E,0,3108.04,6.25,9/22/2023 12:00:00 AM,10:18:04.1381352
9170,UTA Session 2,trial,30,D,D,1,3116.989,4.92399999999998,9/22/2023 12:00:00 AM,10:18:11.7610984
9170,UTA Session 2,trial,31,C,D,0,3125.086,7.14200000000028,9/22/2023 12:00:00 AM,10:18:22.0762814
9170,UTA Session 2,trial,32,E,C,0,3134.957,4.27800000000025,9/22/2023 12:00:00 AM,10:18:29.0819842
9170,UTA Session 2,trial,33,A,D,0,3142.466,3.89699999999993,9/22/2023 12:00:00 AM,10:18:36.2109982
9170,UTA Session 2,trial,34,E,A,0,3149.158,6.61700000000019,9/22/2023 12:00:00 AM,10:18:45.6226983
9170,UTA Session 2,trial,35,C,C,1,3158.874,4.279,9/22/2023 12:00:00 AM,10:18:53.0002435
9171,UTA Session 2,practice,1,B,C,0,2749.452,22.1329999999998,9/22/2023 12:00:00 AM,10:19:22.5694351
9171,UTA Session 2,practice,2,B,E,0,2829.641,7.84999999999991,9/22/2023 12:00:00 AM,10:20:28.4741267
9171,UTA Session 2,practice,3,C,E,0,2843.149,7.52600000000029,9/22/2023 12:00:00 AM,10:20:41.6583264
9171,UTA Session 2,practice,4,A,B,0,2854.154,9.11900000000014,9/22/2023 12:00:00 AM,10:20:54.2562809
9171,UTA Session 2,trial,1,B,B,1,2880.782,5.08299999999963,9/22/2023 12:00:00 AM,10:21:16.8500790
9171,UTA Session 2,trial,2,B,A,0,2889.041,5.35999999999967,9/22/2023 12:00:00 AM,10:21:25.3851658
9171,UTA Session 2,trial,3,C,C,1,2897.229,6.83699999999999,9/22/2023 12:00:00 AM,10:21:35.0494715
9171,UTA Session 2,trial,4,A,A,1,2907.192,4.38099999999986,9/22/2023 12:00:00 AM,10:21:42.5578317
9171,UTA Session 2,trial,5,B,B,1,2914.493,4.37199999999984,9/22/2023 12:00:00 AM,10:21:49.8490090
9171,UTA Session 2,trial,6,D,D,1,2921.728,9.43100000000004,9/22/2023 12:00:00 AM,10:22:02.1435219
9171,UTA Session 2,trial,7,B,C,0,2934.007,7.71399999999994,9/22/2023 12:00:00 AM,10:22:12.7055042
9171,UTA Session 2,trial,8,D,A,0,2945.176,4.971,9/22/2023 12:00:00 AM,10:22:21.1319595
9171,UTA Session 2,trial,9,C,D,0,2953.161,11.172,9/22/2023 12:00:00 AM,10:22:35.3172364
9171,UTA Session 2,trial,10,C,A,0,2966.915,2.85600000000022,9/22/2023 12:00:00 AM,10:22:40.7556894
9171,UTA Session 2,trial,11,B,D,0,2976.089,5.63799999999992,9/22/2023 12:00:00 AM,10:22:52.7110386
9171,UTA Session 2,trial,12,E,A,0,2984.407,3.64599999999973,9/22/2023 12:00:00 AM,10:22:59.0370154
9171,UTA Session 2,trial,13,B,C,0,2990.886,6.14899999999989,9/22/2023 12:00:00 AM,10:23:08.0192014
9171,UTA Session 2,trial,14,A,A,1,2999.751,8.08999999999969,9/22/2023 12:00:00 AM,10:23:18.8255273
9171,UTA Session 2,trial,15,E,E,1,3011.088,7.34099999999989,9/22/2023 12:00:00 AM,10:23:29.4134693
9171,UTA Session 2,trial,16,B,C,0,3020.941,9.05600000000004,9/22/2023 12:00:00 AM,10:23:40.9821614
9171,UTA Session 2,trial,17,A,A,1,3034.22,5.99000000000024,9/22/2023 12:00:00 AM,10:23:51.1952683
9171,UTA Session 2,trial,18,D,D,1,3043.478,4.66100000000006,9/22/2023 12:00:00 AM,10:23:59.1242912
9171,UTA Session 2,trial,19,E,B,0,3051.337,6.89199999999983,9/22/2023 12:00:00 AM,10:24:09.2143374
9171,UTA Session 2,trial,20,D,B,0,3061.233,6.32199999999966,9/22/2023 12:00:00 AM,10:24:18.5393533
9171,UTA Session 2,trial,21,A,C,0,3070.659,6.40599999999995,9/22/2023 12:00:00 AM,10:24:28.0496069
9171,UTA Session 2,trial,22,A,B,0,3079.805,5.79400000000032,9/22/2023 12:00:00 AM,10:24:36.5832099
9171,UTA Session 2,trial,23,D,D,1,3090.991,7.4699999999998,9/22/2023 12:00:00 AM,10:24:49.4463278
9171,UTA Session 2,trial,24,D,D,1,3101.522,4.41300000000001,9/22/2023 12:00:00 AM,10:24:56.9203562
9171,UTA Session 2,trial,25,E,A,0,3108.898,4.98499999999967,9/22/2023 12:00:00 AM,10:25:04.8684069
9171,UTA Session 2,trial,26,D,A,0,3117.297,5.94000000000005,9/22/2023 12:00:00 AM,10:25:14.2220043
9171,UTA Session 2,trial,27,E,B,0,3126.672,5.98000000000002,9/22/2023 12:00:00 AM,10:25:23.6358296
9171,UTA Session 2,trial,28,C,B,0,3139.725,5.74400000000014,9/22/2023 12:00:00 AM,10:25:36.4533990
9171,UTA Session 2,trial,29,C,B,0,3149.682,5.82700000000023,9/22/2023 12:00:00 AM,10:25:46.4935648
9171,UTA Session 2,trial,30,D,E,0,3159.07,10.047,9/22/2023 12:00:00 AM,10:26:00.1018422
9171,UTA Session 2,trial,31,C,B,0,3172.216,10.279,9/22/2023 12:00:00 AM,10:26:13.4801025
9171,UTA Session 2,trial,32,E,C,0,3186.569,5.41400000000021,9/22/2023 12:00:00 AM,10:26:22.9683209
9171,UTA Session 2,trial,33,A,A,1,3195.12,6.92300000000023,9/22/2023 12:00:00 AM,10:26:33.0284004
9171,UTA Session 2,trial,34,E,A,0,3204.915,5.40200000000004,9/22/2023 12:00:00 AM,10:26:41.3020226
9171,UTA Session 2,trial,35,C,B,0,3217.234,6.14899999999989,9/22/2023 12:00:00 AM,10:26:54.3684541
9173,UTA Session 2,practice,1,B,B,1,3231.507,5.93600000000015,9/22/2023 12:00:00 AM,13:35:38.4125291
9173,UTA Session 2,practice,2,B,B,1,3252.748,13.3690000000001,9/22/2023 12:00:00 AM,13:36:07.0852716
9173,UTA Session 2,practice,3,C,C,1,3266.92,6.69700000000012,9/22/2023 12:00:00 AM,13:36:14.5856488
9173,UTA Session 2,practice,4,A,A,1,3274.322,4.18899999999985,9/22/2023 12:00:00 AM,13:36:19.4789942
9173,UTA Session 2,trial,1,B,B,1,3289.743,11.962,9/22/2023 12:00:00 AM,13:36:42.6751677
9173,UTA Session 2,trial,2,B,A,0,3304.696,15.2919999999999,9/22/2023 12:00:00 AM,13:37:00.9564854
9173,UTA Session 2,trial,3,C,B,0,3325.987,7.01600000000008,9/22/2023 12:00:00 AM,13:37:13.9721831
9173,UTA Session 2,trial,4,A,A,1,3337.189,8.50800000000027,9/22/2023 12:00:00 AM,13:37:26.6669254
9173,UTA Session 2,trial,5,B,A,0,3348.733,21.7279999999996,9/22/2023 12:00:00 AM,13:37:51.4311681
9173,UTA Session 2,trial,6,D,D,1,3374.612,8.80400000000009,9/22/2023 12:00:00 AM,13:38:04.3853969
9173,UTA Session 2,trial,7,B,B,1,3386.259,6.43600000000015,9/22/2023 12:00:00 AM,13:38:13.6646423
9173,UTA Session 2,trial,8,D,B,0,3395.705,11.681,9/22/2023 12:00:00 AM,13:38:28.3556459
9173,UTA Session 2,trial,9,C,C,1,3410.268,10.1959999999999,9/22/2023 12:00:00 AM,13:38:41.4327039
9173,UTA Session 2,trial,10,C,A,0,3423.659,11.3979999999997,9/22/2023 12:00:00 AM,13:38:56.0270281
9173,UTA Session 2,trial,11,B,B,1,3440.258,6.99800000000005,9/22/2023 12:00:00 AM,13:39:08.2264100
9173,UTA Session 2,trial,12,E,A,0,3450.301,7.10800000000017,9/22/2023 12:00:00 AM,13:39:18.3789627
9173,UTA Session 2,trial,13,B,C,0,3462.874,7.17700000000013,9/22/2023 12:00:00 AM,13:39:31.0202701
9173,UTA Session 2,trial,14,A,A,1,3473.337,3.8119999999999,9/22/2023 12:00:00 AM,13:39:38.1188890
9173,UTA Session 2,trial,15,E,E,1,3480.12,7.48500000000013,9/22/2023 12:00:00 AM,13:39:48.5750877
9173,UTA Session 2,trial,16,B,A,0,3490.414,9.45899999999983,9/22/2023 12:00:00 AM,13:40:00.8429112
9173,UTA Session 2,trial,17,A,A,1,3503.403,5.84000000000015,9/22/2023 12:00:00 AM,13:40:10.2131141
9173,UTA Session 2,trial,18,D,D,1,3512.201,18.4079999999999,9/22/2023 12:00:00 AM,13:40:31.5788593
9173,UTA Session 2,trial,19,E,E,1,3533.454,9.11499999999978,9/22/2023 12:00:00 AM,13:40:43.5386959
9173,UTA Session 2,trial,20,D,C,0,3545.778,14.8250000000003,9/22/2023 12:00:00 AM,13:41:01.5729704
9173,UTA Session 2,trial,21,A,A,1,3563.3,5.00699999999961,9/22/2023 12:00:00 AM,13:41:09.2771380
9173,UTA Session 2,trial,22,A,A,1,3571.404,4.93899999999985,9/22/2023 12:00:00 AM,13:41:17.3125638
9173,UTA Session 2,trial,23,D,B,0,3579.11,5.89100000000008,9/22/2023 12:00:00 AM,13:41:25.9708813
9173,UTA Session 2,trial,24,D,B,0,3588.054,2.12599999999975,9/22/2023 12:00:00 AM,13:41:31.1489885
9173,UTA Session 2,trial,25,E,D,0,3593.406,5.42500000000018,9/22/2023 12:00:00 AM,13:41:39.8007957
9173,UTA Session 2,trial,26,D,B,0,3602.332,3.16300000000001,9/22/2023 12:00:00 AM,13:41:46.4648649
9173,UTA Session 2,trial,27,E,E,1,3608.413,3.92000000000007,9/22/2023 12:00:00 AM,13:41:53.3028856
9173,UTA Session 2,trial,28,C,C,1,3615.116,5.40999999999985,9/22/2023 12:00:00 AM,13:42:01.4960568
9173,UTA Session 2,trial,29,C,B,0,3623.212,6.63299999999981,9/22/2023 12:00:00 AM,13:42:10.8150119
9173,UTA Session 2,trial,30,D,D,1,3634.05,13.5629999999996,9/22/2023 12:00:00 AM,13:42:28.5829790
9173,UTA Session 2,trial,31,C,E,0,3650.27,5.26699999999983,9/22/2023 12:00:00 AM,13:42:36.5069388
9173,UTA Session 2,trial,32,E,A,0,3658.429,9.74199999999973,9/22/2023 12:00:00 AM,13:42:49.1404334
9173,UTA Session 2,trial,33,A,B,0,3671.329,5.16599999999971,9/22/2023 12:00:00 AM,13:42:57.4646158
9173,UTA Session 2,trial,34,E,A,0,3679.635,3.27599999999984,9/22/2023 12:00:00 AM,13:43:03.8797976
9173,UTA Session 2,trial,35,C,C,1,3689.817,7.80000000000018,9/22/2023 12:00:00 AM,13:43:18.5866313
9172,UTA Session 2,practice,1,B,C,0,2658.355,10.183,9/22/2023 12:00:00 AM,13:39:46.9574874
9172,UTA Session 2,practice,2,B,D,0,2710.73,10.7170000000001,9/22/2023 12:00:00 AM,13:40:39.8670412
9172,UTA Session 2,practice,3,C,C,1,2723.579,18.3799999999997,9/22/2023 12:00:00 AM,13:41:00.3801732
9172,UTA Session 2,practice,4,A,A,1,2744.726,6.72199999999975,9/22/2023 12:00:00 AM,13:41:09.8681140
9172,UTA Session 2,trial,1,B,D,0,2770.08,13.9360000000001,9/22/2023 12:00:00 AM,13:41:42.4384572
9172,UTA Session 2,trial,2,B,A,0,2790.867,8.90499999999975,9/22/2023 12:00:00 AM,13:41:58.1935849
9172,UTA Session 2,trial,3,C,C,1,2804.088,7.42299999999977,9/22/2023 12:00:00 AM,13:42:09.9328704
9172,UTA Session 2,trial,4,A,B,0,2814.691,5.45900000000029,9/22/2023 12:00:00 AM,13:42:18.5721993
9172,UTA Session 2,trial,5,B,E,0,2831.148,10.125,9/22/2023 12:00:00 AM,13:42:39.6955602
9172,UTA Session 2,trial,6,D,A,0,2857.653,11.48,9/22/2023 12:00:00 AM,13:43:07.5554994
9172,UTA Session 2,trial,7,B,B,1,2880.954,11.0989999999997,9/22/2023 12:00:00 AM,13:43:30.4771827
9172,UTA Session 2,trial,8,D,C,0,2895.281,2.28700000000026,9/22/2023 12:00:00 AM,13:43:35.9920212
9172,UTA Session 2,trial,9,C,B,0,2902.851,3.71199999999999,9/22/2023 12:00:00 AM,13:43:44.9867258
9172,UTA Session 2,trial,10,C,A,0,2915.879,3.11799999999994,9/22/2023 12:00:00 AM,13:43:57.4210893
9172,UTA Session 2,trial,11,B,B,1,2922.201,10.415,9/22/2023 12:00:00 AM,13:44:11.0398606
9172,UTA Session 2,trial,12,E,D,0,2948.703,6.42000000000007,9/22/2023 12:00:00 AM,13:44:33.5479634
9172,UTA Session 2,trial,13,B,D,0,2975.979,15.3320000000003,9/22/2023 12:00:00 AM,13:45:09.7358363
9172,UTA Session 2,trial,14,A,B,0,2994.719,3.654,9/22/2023 12:00:00 AM,13:45:16.7986250
9172,UTA Session 2,trial,15,E,C,0,3001.638,1.09099999999989,9/22/2023 12:00:00 AM,13:45:21.1546875
9172,UTA Session 2,trial,16,B,D,0,3006.5,1.03800000000001,9/22/2023 12:00:00 AM,13:45:25.9626830
9172,UTA Session 2,trial,17,A,C,0,3017.516,0.867999999999938,9/22/2023 12:00:00 AM,13:45:36.8084279
9172,UTA Session 2,trial,18,D,E,0,3021.211,1.2510000000002,9/22/2023 12:00:00 AM,13:45:40.8876780
9172,UTA Session 2,trial,19,E,B,0,3025.386,0.802000000000135,9/22/2023 12:00:00 AM,13:45:44.6126834
9172,UTA Session 2,trial,20,D,C,0,3029.345,0.946000000000367,9/22/2023 12:00:00 AM,13:45:48.7168434
9172,UTA Session 2,trial,21,A,D,0,3034.089,1.11300000000028,9/22/2023 12:00:00 AM,13:45:53.6275820
9172,UTA Session 2,trial,22,A,A,1,3037.86,1.14799999999968,9/22/2023 12:00:00 AM,13:45:57.4335991
9172,UTA Session 2,trial,23,D,E,0,3042.654,0.646999999999935,9/22/2023 12:00:00 AM,13:46:01.7287031
9172,UTA Session 2,trial,24,D,B,0,3045.948,8.01500000000033,9/22/2023 12:00:00 AM,13:46:12.3890511
9172,UTA Session 2,trial,25,E,D,0,3056.854,9.25,9/22/2023 12:00:00 AM,13:46:24.5300405
9172,UTA Session 2,trial,26,D,A,0,3068.972,7.78699999999981,9/22/2023 12:00:00 AM,13:46:35.1856436
9172,UTA Session 2,trial,27,E,B,0,3079.714,12.585,9/22/2023 12:00:00 AM,13:46:50.7255575
9172,UTA Session 2,trial,28,C,B,0,3095.212,0.735999999999876,9/22/2023 12:00:00 AM,13:46:54.3735419
9172,UTA Session 2,trial,29,C,E,0,3105.749,8.07800000000043,9/22/2023 12:00:00 AM,13:47:12.2541515
9172,UTA Session 2,trial,30,D,E,0,3117.342,20.3579999999997,9/22/2023 12:00:00 AM,13:47:36.1261858
9172,UTA Session 2,trial,31,C,D,0,3140.756,4.9680000000003,9/22/2023 12:00:00 AM,13:47:44.1507940
9172,UTA Session 2,trial,32,E,E,1,3148.436,6.48999999999978,9/22/2023 12:00:00 AM,13:47:53.3534427
9172,UTA Session 2,trial,33,A,D,0,3157.537,10.9460000000004,9/22/2023 12:00:00 AM,13:48:06.9113321
9172,UTA Session 2,trial,34,E,E,1,3171.285,3.60000000000036,9/22/2023 12:00:00 AM,13:48:13.3132801
9172,UTA Session 2,trial,35,C,E,0,3178.686,7.17399999999998,9/22/2023 12:00:00 AM,13:48:24.2880763
9175,UTA Session 2,practice,1,B,B,1,2655.148,7.75,9/22/2023 12:00:00 AM,16:01:10.8571946
9175,UTA Session 2,practice,2,B,A,0,2720.086,6.16000000000031,9/22/2023 12:00:00 AM,16:02:14.2031464
9175,UTA Session 2,practice,3,C,C,1,2730.681,6.80299999999988,9/22/2023 12:00:00 AM,16:02:25.4418989
9175,UTA Session 2,practice,4,A,A,1,2738.781,6.06700000000001,9/22/2023 12:00:00 AM,16:02:32.8052449
9175,UTA Session 2,trial,1,B,B,1,2758.898,6.5319999999997,9/22/2023 12:00:00 AM,16:02:53.3891083
9175,UTA Session 2,trial,2,B,A,0,2768.436,7.06799999999976,9/22/2023 12:00:00 AM,16:03:03.4622217
9175,UTA Session 2,trial,3,C,C,1,2778.594,8.50999999999976,9/22/2023 12:00:00 AM,16:03:15.0619009
9175,UTA Session 2,trial,4,A,C,0,2790.022,13.3800000000001,9/22/2023 12:00:00 AM,16:03:31.3604790
9175,UTA Session 2,trial,5,B,B,1,2806.327,24.7429999999999,9/22/2023 12:00:00 AM,16:03:59.0285565
9175,UTA Session 2,trial,6,D,E,0,2834.743,9.83500000000004,9/22/2023 12:00:00 AM,16:04:12.5366387
9175,UTA Session 2,trial,7,B,B,1,2847.484,5.21599999999989,9/22/2023 12:00:00 AM,16:04:20.6593845
9175,UTA Session 2,trial,8,D,B,0,2855.749,10.3070000000002,9/22/2023 12:00:00 AM,16:04:34.0158098
9175,UTA Session 2,trial,9,C,C,1,2872.922,11.5999999999999,9/22/2023 12:00:00 AM,16:04:52.4816769
9175,UTA Session 2,trial,10,C,C,1,2887.514,6.74600000000009,9/22/2023 12:00:00 AM,16:05:02.2205761
9175,UTA Session 2,trial,11,B,B,1,2897.219,3.75900000000001,9/22/2023 12:00:00 AM,16:05:08.9377043
9175,UTA Session 2,trial,12,E,A,0,2903.889,2.77099999999973,9/22/2023 12:00:00 AM,16:05:14.6205202
9175,UTA Session 2,trial,13,B,D,0,2909.691,6.78500000000031,9/22/2023 12:00:00 AM,16:05:24.4357965
9175,UTA Session 2,trial,14,A,D,0,2919.527,14.2640000000001,9/22/2023 12:00:00 AM,16:05:41.7518811
9175,UTA Session 2,trial,15,E,D,0,2937.576,19.5880000000002,9/22/2023 12:00:00 AM,16:06:05.1243321
9175,UTA Session 2,trial,16,B,B,1,2961.225,9.45499999999993,9/22/2023 12:00:00 AM,16:06:18.6406592
9175,UTA Session 2,trial,17,A,A,1,2973.666,6.62999999999965,9/22/2023 12:00:00 AM,16:06:28.2565164
9175,UTA Session 2,trial,18,D,D,1,2983.273,15.9490000000001,9/22/2023 12:00:00 AM,16:06:47.1836887
9175,UTA Session 2,trial,19,E,A,0,3002.062,19.7600000000002,9/22/2023 12:00:00 AM,16:07:09.7844558
9175,UTA Session 2,trial,20,D,D,1,3025.216,7.75199999999995,9/22/2023 12:00:00 AM,16:07:20.9302284
9175,UTA Session 2,trial,21,A,A,1,3035.799,13.5079999999998,9/22/2023 12:00:00 AM,16:07:37.2685080
9175,UTA Session 2,trial,22,A,B,0,3052.328,13.828,9/22/2023 12:00:00 AM,16:07:54.1184102
9175,UTA Session 2,trial,23,D,D,1,3072.087,9.45899999999983,9/22/2023 12:00:00 AM,16:08:09.5092709
9175,UTA Session 2,trial,24,D,B,0,3084.43,11.922,9/22/2023 12:00:00 AM,16:08:24.3147653
9175,UTA Session 2,trial,25,E,A,0,3100.625,7.07900000000018,9/22/2023 12:00:00 AM,16:08:35.6670506
9175,UTA Session 2,trial,26,D,A,0,3114.582,10.6980000000003,9/22/2023 12:00:00 AM,16:08:53.2424875
9175,UTA Session 2,trial,27,E,B,0,3128.771,8.48699999999963,9/22/2023 12:00:00 AM,16:09:05.2204445
9175,UTA Session 2,trial,28,C,C,1,3141.647,15.8510000000001,9/22/2023 12:00:00 AM,16:09:25.4616242
9175,UTA Session 2,trial,29,C,E,0,3160.526,20.7110000000002,9/22/2023 12:00:00 AM,16:09:49.2001030
9175,UTA Session 2,trial,30,D,E,0,3184.458,10.8879999999999,9/22/2023 12:00:00 AM,16:10:03.3095411
9175,UTA Session 2,trial,31,C,D,0,3198.564,4.87300000000005,9/22/2023 12:00:00 AM,16:10:11.4002910
9175,UTA Session 2,trial,32,E,A,0,3207.494,50.0729999999999,9/22/2023 12:00:00 AM,16:11:05.5305522
9176,UTA Session 2,practice,1,B,E,0,2564.917,28.4010000000003,9/22/2023 12:00:00 AM,16:07:30.9929353
9176,UTA Session 2,practice,2,B,B,1,2674.286,14.8130000000001,9/22/2023 12:00:00 AM,16:09:06.7739869
9176,UTA Session 2,practice,3,C,B,0,2692.79,9.09500000000025,9/22/2023 12:00:00 AM,16:09:19.5596402
9176,UTA Session 2,practice,4,A,E,0,2705.911,9.13200000000006,9/22/2023 12:00:00 AM,16:09:32.7182684
9176,UTA Session 2,trial,1,B,A,0,2749.266,18.8829999999998,9/22/2023 12:00:00 AM,16:10:25.8254823
9176,UTA Session 2,trial,2,B,B,1,2773.604,5.39700000000039,9/22/2023 12:00:00 AM,16:10:36.6772917
9176,UTA Session 2,trial,3,C,B,0,2782.643,8.90200000000004,9/22/2023 12:00:00 AM,16:10:49.2216306
9176,UTA Session 2,trial,4,A,A,1,2794.693,3.53800000000001,9/22/2023 12:00:00 AM,16:10:55.9078408
9176,UTA Session 2,trial,5,B,B,1,2801.433,5.404,9/22/2023 12:00:00 AM,16:11:04.5134210
9176,UTA Session 2,trial,6,D,C,0,2810.025,6.33500000000004,9/22/2023 12:00:00 AM,16:11:14.0359590
9176,UTA Session 2,trial,7,B,C,0,2820.947,10.616,9/22/2023 12:00:00 AM,16:11:29.2398136
9176,UTA Session 2,trial,8,D,D,1,2834.979,6.80799999999999,9/22/2023 12:00:00 AM,16:11:39.4639033
9176,UTA Session 2,trial,9,C,A,0,2844.822,9.90499999999975,9/22/2023 12:00:00 AM,16:11:52.4038364
9176,UTA Session 2,trial,10,C,B,0,2858.33,5.44000000000005,9/22/2023 12:00:00 AM,16:12:01.4457481
9176,UTA Session 2,trial,11,B,B,1,2866.869,12.5459999999998,9/22/2023 12:00:00 AM,16:12:17.0917720
9176,UTA Session 2,trial,12,E,C,0,2882.446,8.17000000000007,9/22/2023 12:00:00 AM,16:12:28.2934547
9176,UTA Session 2,trial,13,B,B,1,2893.93,8.50600000000031,9/22/2023 12:00:00 AM,16:12:40.1125857
9176,UTA Session 2,trial,14,A,C,0,2905.498,2.3449999999998,9/22/2023 12:00:00 AM,16:12:45.5210376
9176,UTA Session 2,trial,15,E,D,0,2918.904,7.21799999999985,9/22/2023 12:00:00 AM,16:13:03.7983679
9176,UTA Session 2,trial,16,B,B,1,2930.251,12.9179999999997,9/22/2023 12:00:00 AM,16:13:20.8460750
9176,UTA Session 2,trial,17,A,D,0,2946.264,20.7309999999998,9/22/2023 12:00:00 AM,16:13:44.6728738
9176,UTA Session 2,trial,18,D,D,1,2970.251,14.9639999999999,9/22/2023 12:00:00 AM,16:14:02.8930830
9176,UTA Session 2,trial,19,E,B,0,2988.158,12.145,9/22/2023 12:00:00 AM,16:14:17.9801854
9176,UTA Session 2,trial,20,D,A,0,3006.204,9.72699999999986,9/22/2023 12:00:00 AM,16:14:33.6086259
9176,UTA Session 2,trial,21,A,A,1,3019.727,7.50199999999995,9/22/2023 12:00:00 AM,16:14:44.9073496
9176,UTA Session 2,trial,22,A,A,1,3031.307,3.79400000000032,9/22/2023 12:00:00 AM,16:14:52.7796869
9176,UTA Session 2,trial,23,D,D,1,3037.941,7.8760000000002,9/22/2023 12:00:00 AM,16:15:03.4951491
9176,UTA Session 2,trial,24,D,D,1,3048.626,7.92899999999963,9/22/2023 12:00:00 AM,16:15:14.2333287
9176,UTA Session 2,trial,25,E,E,1,3059.665,12.3380000000002,9/22/2023 12:00:00 AM,16:15:29.6811912
9176,UTA Session 2,trial,26,D,D,1,3074.868,7.04500000000007,9/22/2023 12:00:00 AM,16:15:39.5911998
9176,UTA Session 2,trial,27,E,C,0,3084.786,13.5619999999999,9/22/2023 12:00:00 AM,16:15:56.0261164
9176,UTA Session 2,trial,28,C,B,0,3101.625,7.21000000000004,9/22/2023 12:00:00 AM,16:16:06.5133554
9176,UTA Session 2,trial,29,C,C,1,3111.807,6.36599999999999,9/22/2023 12:00:00 AM,16:16:15.8517016
9176,UTA Session 2,trial,30,D,C,0,3121.175,4.94699999999966,9/22/2023 12:00:00 AM,16:16:23.8004040
9176,UTA Session 2,trial,31,C,C,1,3128.929,26.2759999999998,9/22/2023 12:00:00 AM,16:16:52.8838249
9176,UTA Session 2,trial,32,E,D,0,3158.023,8.14799999999968,9/22/2023 12:00:00 AM,16:17:03.8493723
9176,UTA Session 2,trial,33,A,B,0,3169.144,8.35100000000011,9/22/2023 12:00:00 AM,16:17:15.1742536
9176,UTA Session 2,trial,34,E,E,1,3180.522,12.3310000000001,9/22/2023 12:00:00 AM,16:17:30.5317154
9176,UTA Session 2,trial,35,C,C,1,3195.654,13.348,9/22/2023 12:00:00 AM,16:17:46.6800315
9174,UTA Session 2,practice,1,B,B,1,3006.566,24.8590000000004,9/22/2023 12:00:00 AM,16:09:27.4814094
9174,UTA Session 2,practice,2,B,E,0,3127.958,13.6109999999999,9/22/2023 12:00:00 AM,16:11:17.6234463
9174,UTA Session 2,practice,3,C,B,0,3144.446,16.6700000000001,9/22/2023 12:00:00 AM,16:11:37.1706297
9174,UTA Session 2,practice,4,A,A,1,3162.661,14.6289999999999,9/22/2023 12:00:00 AM,16:11:53.3447957
9174,UTA Session 2,trial,1,B,A,0,3223.213,10.8249999999998,9/22/2023 12:00:00 AM,16:12:50.0954287
9174,UTA Session 2,trial,2,B,E,0,3237.543,18.3429999999998,9/22/2023 12:00:00 AM,16:13:11.9411546
9174,UTA Session 2,trial,3,C,B,0,3259.093,17.078,9/22/2023 12:00:00 AM,16:13:32.2254416
9174,UTA Session 2,trial,4,A,A,1,3279.249,9.11599999999999,9/22/2023 12:00:00 AM,16:13:44.4200076
9174,UTA Session 2,trial,5,B,B,1,3291.507,14.7860000000001,9/22/2023 12:00:00 AM,16:14:02.3482996
9174,UTA Session 2,trial,6,D,D,1,3309.182,11.2050000000004,9/22/2023 12:00:00 AM,16:14:16.4413593
9174,UTA Session 2,trial,7,B,D,0,3323.345,10.6770000000001,9/22/2023 12:00:00 AM,16:14:30.0775969
9174,UTA Session 2,trial,8,D,C,0,3337.232,17.8360000000002,9/22/2023 12:00:00 AM,16:14:51.1227298
9174,UTA Session 2,trial,9,C,C,1,3358.214,34.0839999999998,9/22/2023 12:00:00 AM,16:15:28.3533096
9174,UTA Session 2,trial,10,C,A,0,3395.583,22.2249999999999,9/22/2023 12:00:00 AM,16:15:53.8632889
9174,UTA Session 2,trial,11,B,B,1,3422.16,14.7440000000001,9/22/2023 12:00:00 AM,16:16:12.9594809
9174,UTA Session 2,trial,12,E,A,0,3440.032,11.7809999999999,9/22/2023 12:00:00 AM,16:16:27.8682371
9174,UTA Session 2,trial,13,B,B,1,3454.857,21.7049999999999,9/22/2023 12:00:00 AM,16:16:52.6171952
9174,UTA Session 2,trial,14,A,C,0,3479.743,11.1179999999999,9/22/2023 12:00:00 AM,16:17:06.9158392
9174,UTA Session 2,trial,15,E,A,0,3493.923,9.34100000000035,9/22/2023 12:00:00 AM,16:17:19.3187316
9174,UTA Session 2,trial,16,B,A,0,3506.259,8.82900000000018,9/22/2023 12:00:00 AM,16:17:31.1427943
9174,UTA Session 2,trial,17,A,E,0,3518.134,23.6900000000001,9/22/2023 12:00:00 AM,16:17:57.8777781
9174,UTA Session 2,trial,18,D,B,0,3544.828,3.52500000000009,9/22/2023 12:00:00 AM,16:18:04.4066255
9174,UTA Session 2,trial,19,E,C,0,3551.591,10.7249999999999,9/22/2023 12:00:00 AM,16:18:18.3707759
9174,UTA Session 2,trial,20,D,D,1,3565.329,14.7449999999999,9/22/2023 12:00:00 AM,16:18:36.1287032
9174,UTA Session 2,trial,21,A,A,1,3583.795,13.2709999999997,9/22/2023 12:00:00 AM,16:18:53.1215076
9174,UTA Session 2,trial,22,A,A,1,3601.451,15.2190000000001,9/22/2023 12:00:00 AM,16:19:12.7252131
9174,UTA Session 2,trial,23,D,B,0,3620.452,59.7949999999996,9/22/2023 12:00:00 AM,16:20:16.3007914
9168,UTA Session 2,practice,1,B,C,0,2771.643,32.1480000000001,9/26/2023 12:00:00 AM,16:07:19.5255420
9168,UTA Session 2,practice,2,B,E,0,2931.847,44.6639999999998,9/26/2023 12:00:00 AM,16:10:12.2461682
9168,UTA Session 2,practice,3,C,C,1,2978.029,37.4670000000001,9/26/2023 12:00:00 AM,16:10:51.2331455
9168,UTA Session 2,practice,4,A,A,1,3017.008,49.1420000000003,9/26/2023 12:00:00 AM,16:11:41.8867977
9168,UTA Session 2,trial,1,B,E,0,3109.507,26.9139999999998,9/26/2023 12:00:00 AM,16:12:52.1598430
9168,UTA Session 2,trial,2,B,E,0,3139.504,35.087,9/26/2023 12:00:00 AM,16:13:30.3275142
9168,UTA Session 2,trial,3,C,C,1,3180,48.9409999999998,9/26/2023 12:00:00 AM,16:14:24.6788982
9168,UTA Session 2,trial,4,A,A,1,3231.932,11.971,9/26/2023 12:00:00 AM,16:14:39.6407740
9168,UTA Session 2,trial,5,B,B,1,3247.399,51.4690000000001,9/26/2023 12:00:00 AM,16:15:34.6069600
9168,UTA Session 2,trial,6,D,D,1,3302.163,46.0360000000001,9/26/2023 12:00:00 AM,16:16:23.9371508
9168,UTA Session 2,trial,7,B,D,0,3351.093,20.8110000000001,9/26/2023 12:00:00 AM,16:16:47.6427405
9168,UTA Session 2,trial,8,D,D,1,3374.8,14.4649999999997,9/26/2023 12:00:00 AM,16:17:05.0038980
9168,UTA Session 2,trial,9,C,D,0,3392.167,22.3910000000001,9/26/2023 12:00:00 AM,16:17:30.2968700
9168,UTA Session 2,trial,10,C,E,0,3417.843,24.9500000000003,9/26/2023 12:00:00 AM,16:17:58.5311277
9168,UTA Session 2,trial,11,B,B,1,3445.693,12.5539999999996,9/26/2023 12:00:00 AM,16:18:13.9850404
9168,UTA Session 2,trial,12,E,C,0,3461.171,18.7400000000002,9/26/2023 12:00:00 AM,16:18:35.6501257
9168,UTA Session 2,trial,13,B,E,0,3483.294,10.0240000000003,9/26/2023 12:00:00 AM,16:18:49.0580919
9168,UTA Session 2,trial,14,A,D,0,3496.209,27.7460000000001,9/26/2023 12:00:00 AM,16:19:19.6949596
9168,UTA Session 2,trial,15,E,A,0,3526.987,10.8420000000001,9/26/2023 12:00:00 AM,16:19:33.5680847
9168,UTA Session 2,trial,16,B,C,0,3540.875,50.2559999999999,9/26/2023 12:00:00 AM,16:20:26.8716266
9177,UTA Session 2,practice,1,B,C,0,2556.501,15.6779999999999,9/27/2023 12:00:00 AM,10:37:51.1108525
9177,UTA Session 2,practice,2,B,A,0,2610.807,13.2140000000004,9/27/2023 12:00:00 AM,10:38:42.9506290
9177,UTA Session 2,practice,3,C,C,1,2630.04,20.7240000000002,9/27/2023 12:00:00 AM,10:39:09.6934924
9177,UTA Session 2,practice,4,A,A,1,2653.04,8.38500000000022,9/27/2023 12:00:00 AM,10:39:20.3550943
9177,UTA Session 2,trial,1,B,B,1,2754.453,9.50399999999991,9/27/2023 12:00:00 AM,10:41:02.8889613
9177,UTA Session 2,trial,2,B,C,0,2767.045,16.8359999999998,9/27/2023 12:00:00 AM,10:41:22.8116565
9177,UTA Session 2,trial,3,C,C,1,2787.697,5.54399999999987,9/27/2023 12:00:00 AM,10:41:32.1720554
9177,UTA Session 2,trial,4,A,A,1,2796.165,3.0920000000001,9/27/2023 12:00:00 AM,10:41:38.1879903
9177,UTA Session 2,trial,5,B,A,0,2802.044,17.4000000000001,9/27/2023 12:00:00 AM,10:41:58.3746100
9177,UTA Session 2,trial,6,D,A,0,2822.606,13.1949999999997,9/27/2023 12:00:00 AM,10:42:14.7321119
9177,UTA Session 2,trial,7,B,D,0,2842.365,14.384,9/27/2023 12:00:00 AM,10:42:35.6796427
9177,UTA Session 2,trial,8,D,B,0,2869.488,5.45700000000033,9/27/2023 12:00:00 AM,10:42:53.8755885
9177,UTA Session 2,trial,9,C,C,1,2878.753,4.51800000000003,9/27/2023 12:00:00 AM,10:43:02.2029268
9177,UTA Session 2,trial,10,C,A,0,2886.254,5.42399999999998,9/27/2023 12:00:00 AM,10:43:10.6086130
9177,UTA Session 2,trial,11,B,B,1,2898.684,6.54899999999998,9/27/2023 12:00:00 AM,10:43:24.1640898
9177,UTA Session 2,trial,12,E,E,1,2908.193,5.596,9/27/2023 12:00:00 AM,10:43:32.7208084
9177,UTA Session 2,trial,13,B,D,0,2916.485,5.18299999999999,9/27/2023 12:00:00 AM,10:43:40.5986705
9177,UTA Session 2,trial,14,A,A,1,2931.156,5.08199999999988,9/27/2023 12:00:00 AM,10:43:55.1698417
9177,UTA Session 2,trial,15,E,E,1,2939.148,5.79299999999967,9/27/2023 12:00:00 AM,10:44:03.8721600
9177,UTA Session 2,trial,16,B,B,1,2947.576,9.41899999999987,9/27/2023 12:00:00 AM,10:44:15.9261136
9177,UTA Session 2,trial,17,A,A,1,2959.79,10.3240000000001,9/27/2023 12:00:00 AM,10:44:29.0455618
9177,UTA Session 2,trial,18,D,D,1,2975.556,7.29899999999998,9/27/2023 12:00:00 AM,10:44:41.7867216
9177,UTA Session 2,trial,19,E,B,0,2985.484,9.26099999999997,9/27/2023 12:00:00 AM,10:44:53.6764841
9177,UTA Session 2,trial,20,D,E,0,3004.336,11.143,9/27/2023 12:00:00 AM,10:45:14.4104260
9177,UTA Session 2,trial,21,A,A,1,3018.591,3.79199999999992,9/27/2023 12:00:00 AM,10:45:21.3151135
9177,UTA Session 2,trial,22,A,A,1,3025.211,8.75200000000041,9/27/2023 12:00:00 AM,10:45:32.8943036
9177,UTA Session 2,trial,23,D,D,1,3036.897,5.79399999999987,9/27/2023 12:00:00 AM,10:45:41.6222267
9177,UTA Session 2,trial,24,D,D,1,3045.402,7.43100000000004,9/27/2023 12:00:00 AM,10:45:51.7640204
9177,UTA Session 2,trial,25,E,A,0,3055.54,4.16699999999992,9/27/2023 12:00:00 AM,10:45:58.6385009
9177,UTA Session 2,trial,26,D,D,1,3063.655,5.45599999999968,9/27/2023 12:00:00 AM,10:46:08.0432925
9177,UTA Session 2,trial,27,E,A,0,3071.857,11.3020000000001,9/27/2023 12:00:00 AM,10:46:22.0907205
9177,UTA Session 2,trial,28,C,C,1,3085.96,9.12899999999991,9/27/2023 12:00:00 AM,10:46:34.0197927
9177,UTA Session 2,trial,29,C,B,0,3097.795,11.9380000000001,9/27/2023 12:00:00 AM,10:46:48.6652544
9177,UTA Session 2,trial,30,D,D,1,3113.323,6.346,9/27/2023 12:00:00 AM,10:46:58.6012430
9177,UTA Session 2,trial,31,C,C,1,3122.438,4.9989999999998,9/27/2023 12:00:00 AM,10:47:06.3683840
9177,UTA Session 2,trial,32,E,B,0,3130.102,9.55500000000029,9/27/2023 12:00:00 AM,10:47:18.5895544
9177,UTA Session 2,trial,33,A,E,0,3142.638,3.73100000000022,9/27/2023 12:00:00 AM,10:47:25.3011331
9177,UTA Session 2,trial,34,E,A,0,3151.813,4.16599999999971,9/27/2023 12:00:00 AM,10:47:34.9107311
9177,UTA Session 2,trial,35,C,C,1,3161.203,11.2780000000002,9/27/2023 12:00:00 AM,10:47:51.4126844
9180,UTA Session 2,practice,2,B,B,1,2628.628,6.01599999999962,10/16/2023 12:00:00 AM,10:09:57.0710719
9180,UTA Session 2,practice,3,C,C,1,2636.442,5.53699999999981,10/16/2023 12:00:00 AM,10:10:04.4035886
9180,UTA Session 2,practice,4,A,A,1,2643.09,5.22499999999991,10/16/2023 12:00:00 AM,10:10:10.7403590
9180,UTA Session 2,trial,1,B,A,0,2664.533,11.7460000000001,10/16/2023 12:00:00 AM,10:10:38.7053879
9180,UTA Session 2,trial,2,B,C,0,2691.61,10.4839999999999,10/16/2023 12:00:00 AM,10:11:04.5196653
9180,UTA Session 2,trial,3,C,A,0,2705.277,3.44999999999982,10/16/2023 12:00:00 AM,10:11:11.1523089
9180,UTA Session 2,trial,4,A,E,0,2713.436,6.96099999999979,10/16/2023 12:00:00 AM,10:11:22.8222546
9180,UTA Session 2,trial,5,B,A,0,0,2729.242,10/16/2023 12:00:00 AM,10:11:31.6689228
9180,UTA Session 2,trial,6,D,D,1,2748.978,9.62899999999991,10/16/2023 12:00:00 AM,10:12:01.0342027
9180,UTA Session 2,trial,7,B,B,1,2761.627,16.4120000000003,10/16/2023 12:00:00 AM,10:12:20.4659559
9180,UTA Session 2,trial,8,D,D,1,2781.054,9.63200000000006,10/16/2023 12:00:00 AM,10:12:33.1135604
9180,UTA Session 2,trial,9,C,D,0,2793.441,8.89000000000033,10/16/2023 12:00:00 AM,10:12:44.7586162
9180,UTA Session 2,trial,10,C,D,0,2812.367,11.328,10/16/2023 12:00:00 AM,10:13:06.1222970
9180,UTA Session 2,trial,11,B,B,1,2827.274,6.5630000000001,10/16/2023 12:00:00 AM,10:13:16.2641393
9180,UTA Session 2,trial,12,E,E,1,2836.956,20.8609999999999,10/16/2023 12:00:00 AM,10:13:40.2453728
9180,UTA Session 2,trial,13,B,B,1,2860.475,7.59400000000005,10/16/2023 12:00:00 AM,10:13:50.4967292
9180,UTA Session 2,trial,14,A,E,0,2870.797,8.80299999999988,10/16/2023 12:00:00 AM,10:14:02.0272908
9180,UTA Session 2,trial,15,E,E,1,2883.466,11.8209999999999,10/16/2023 12:00:00 AM,10:14:17.7146420
9180,UTA Session 2,trial,16,B,B,1,2898.034,14.098,10/16/2023 12:00:00 AM,10:14:34.5594924
9180,UTA Session 2,trial,17,A,A,1,2915.01,14.7329999999997,10/16/2023 12:00:00 AM,10:14:52.1703386
9180,UTA Session 2,trial,18,D,D,1,2932.668,5.83699999999999,10/16/2023 12:00:00 AM,10:15:00.9326344
9180,UTA Session 2,trial,19,E,E,1,2941.303,12.0650000000001,10/16/2023 12:00:00 AM,10:15:15.7958692
9180,UTA Session 2,trial,20,D,E,0,2956.039,11.4739999999997,10/16/2023 12:00:00 AM,10:15:29.9412437
9180,UTA Session 2,trial,21,A,A,1,2970.053,11.404,10/16/2023 12:00:00 AM,10:15:43.8844479
9180,UTA Session 2,trial,22,A,A,1,2984.264,5.52700000000004,10/16/2023 12:00:00 AM,10:15:52.2190467
9180,UTA Session 2,trial,23,D,E,0,2992.791,6.76599999999962,10/16/2023 12:00:00 AM,10:16:01.9852632
9180,UTA Session 2,trial,24,D,D,1,3002.897,9.0630000000001,10/16/2023 12:00:00 AM,10:16:14.3877504
9180,UTA Session 2,trial,25,E,D,0,3014.655,13.9919999999997,10/16/2023 12:00:00 AM,10:16:31.0748266
9180,UTA Session 2,trial,26,D,D,1,3031.625,9.06800000000021,10/16/2023 12:00:00 AM,10:16:43.1208805
9180,UTA Session 2,trial,27,E,E,1,3043.372,21.7450000000003,10/16/2023 12:00:00 AM,10:17:07.5450131
9180,UTA Session 2,trial,28,C,C,1,3067.827,6.76399999999967,10/16/2023 12:00:00 AM,10:17:17.0191298
9180,UTA Session 2,trial,29,C,A,0,3077.325,7.2180000000003,10/16/2023 12:00:00 AM,10:17:26.9706321
9180,UTA Session 2,trial,30,D,D,1,3088.83,10.3009999999999,10/16/2023 12:00:00 AM,10:17:41.5588448
9180,UTA Session 2,trial,31,C,E,0,3101.758,5.93900000000031,10/16/2023 12:00:00 AM,10:17:50.1254302
9180,UTA Session 2,trial,32,E,E,1,3110.444,8.79100000000017,10/16/2023 12:00:00 AM,10:18:01.6635265
9179,UTA Session 2,practice,1,B,C,0,2201.413,12.9899999999998,10/16/2023 12:00:00 AM,10:19:48.0489686
9179,UTA Session 2,practice,2,B,C,0,2254.942,4.39100000000008,10/16/2023 12:00:00 AM,10:20:32.9775282
9179,UTA Session 2,practice,3,C,E,0,2261.919,3.60100000000011,10/16/2023 12:00:00 AM,10:20:39.1651150
9179,UTA Session 2,practice,4,A,A,1,2268.293,2.90999999999985,10/16/2023 12:00:00 AM,10:20:44.8477035
9179,UTA Session 2,trial,1,B,E,0,2292.217,9.40900000000011,10/16/2023 12:00:00 AM,10:21:15.2730605
9179,UTA Session 2,trial,2,B,A,0,2304.858,4.47599999999966,10/16/2023 12:00:00 AM,10:21:22.9800039
9179,UTA Session 2,trial,3,C,C,1,2312.824,2.83799999999974,10/16/2023 12:00:00 AM,10:21:29.3088381
9179,UTA Session 2,trial,4,A,D,0,2318.792,2.59000000000015,10/16/2023 12:00:00 AM,10:21:35.0284287
9179,UTA Session 2,trial,5,B,E,0,2324.349,6.15499999999975,10/16/2023 12:00:00 AM,10:21:44.1510808
9179,UTA Session 2,trial,6,D,A,0,2333.553,3.15100000000029,10/16/2023 12:00:00 AM,10:21:50.3501849
9179,UTA Session 2,trial,7,B,D,0,2342.229,2.46199999999999,10/16/2023 12:00:00 AM,10:21:58.3366809
9179,UTA Session 2,trial,8,D,D,1,2347.918,2.13400000000001,10/16/2023 12:00:00 AM,10:22:03.6996374
9179,UTA Session 2,trial,9,C,A,0,2353.308,3.3119999999999,10/16/2023 12:00:00 AM,10:22:10.2678150
9179,UTA Session 2,trial,10,C,C,1,2360.706,2.46000000000004,10/16/2023 12:00:00 AM,10:22:16.8138178
9179,UTA Session 2,trial,11,B,D,0,2366.378,6.73399999999992,10/16/2023 12:00:00 AM,10:22:26.7602829
9179,UTA Session 2,trial,12,E,B,0,2376.13,4.87199999999984,10/16/2023 12:00:00 AM,10:22:34.6495603
9179,UTA Session 2,trial,13,B,E,0,2385.518,2.35599999999977,10/16/2023 12:00:00 AM,10:22:41.5216202
9179,UTA Session 2,trial,14,A,A,1,2390.466,6.43200000000024,10/16/2023 12:00:00 AM,10:22:50.5463654
9179,UTA Session 2,trial,15,E,A,0,2400.153,6.83400000000029,10/16/2023 12:00:00 AM,10:23:00.6347359
9179,UTA Session 2,trial,16,B,B,1,2410.804,4.22399999999971,10/16/2023 12:00:00 AM,10:23:08.6767362
9179,UTA Session 2,trial,17,A,A,1,2418.174,7.10899999999992,10/16/2023 12:00:00 AM,10:23:18.9313865
9179,UTA Session 2,trial,18,D,E,0,2428.513,5.86300000000028,10/16/2023 12:00:00 AM,10:23:28.0251001
9179,UTA Session 2,trial,19,E,E,1,2437.557,6.69500000000016,10/16/2023 12:00:00 AM,10:23:37.9004490
9179,UTA Session 2,trial,20,D,D,1,2447.454,5.24399999999969,10/16/2023 12:00:00 AM,10:23:46.3472737
9179,UTA Session 2,trial,21,A,A,1,2455.566,4.40700000000015,10/16/2023 12:00:00 AM,10:23:53.6227153
9179,UTA Session 2,trial,22,A,C,0,2463.043,15.2570000000001,10/16/2023 12:00:00 AM,10:24:11.9502864
9179,UTA Session 2,trial,23,D,D,1,2481.299,7.35800000000017,10/16/2023 12:00:00 AM,10:24:22.3075183
9179,UTA Session 2,trial,24,D,D,1,2491.578,3.37400000000025,10/16/2023 12:00:00 AM,10:24:28.6023771
9179,UTA Session 2,trial,25,E,E,1,2497.873,6.82099999999991,10/16/2023 12:00:00 AM,10:24:38.3445733
9179,UTA Session 2,trial,26,D,B,0,2507.869,6.39499999999998,10/16/2023 12:00:00 AM,10:24:47.9151064
9179,UTA Session 2,trial,27,E,D,0,2517.327,2.19299999999976,10/16/2023 12:00:00 AM,10:24:53.1700596
9179,UTA Session 2,trial,28,C,C,1,2522.287,3.61300000000028,10/16/2023 12:00:00 AM,10:24:59.5509161
9179,UTA Session 2,trial,29,C,B,0,2528.874,7.404,10/16/2023 12:00:00 AM,10:25:09.9288073
9179,UTA Session 2,trial,30,D,A,0,2539.296,5.67800000000034,10/16/2023 12:00:00 AM,10:25:18.6252545
9179,UTA Session 2,trial,31,C,E,0,2547.966,2.904,10/16/2023 12:00:00 AM,10:25:24.5216847
9179,UTA Session 2,trial,32,E,C,0,2557.476,5.32799999999997,10/16/2023 12:00:00 AM,10:25:36.4553975
9179,UTA Session 2,trial,33,A,D,0,2566.229,5.07300000000032,10/16/2023 12:00:00 AM,10:25:44.9531860
9179,UTA Session 2,trial,34,E,A,0,2574.224,4.13200000000006,10/16/2023 12:00:00 AM,10:25:52.0064253
9179,UTA Session 2,trial,35,C,C,1,2581.418,4.6239999999998,10/16/2023 12:00:00 AM,10:25:59.6937319
9183,UTA Session 2,practice,1,B,C,0,2346.108,33.9699999999998,10/16/2023 12:00:00 AM,12:56:42.3346268
9183,UTA Session 2,practice,2,B,B,1,2399.014,12.7370000000001,10/16/2023 12:00:00 AM,12:57:14.0070747
9183,UTA Session 2,practice,3,C,E,0,2415.113,34.3240000000001,10/16/2023 12:00:00 AM,12:57:51.6928671
9183,UTA Session 2,practice,4,A,E,0,2450.291,18.8959999999997,10/16/2023 12:00:00 AM,12:58:11.4430740
9183,UTA Session 2,trial,1,B,B,1,2507.231,10.7679999999996,10/16/2023 12:00:00 AM,12:59:00.2570909
9183,UTA Session 2,trial,2,B,B,1,2521.145,10.5650000000001,10/16/2023 12:00:00 AM,12:59:13.9690206
9183,UTA Session 2,trial,3,C,C,1,2534.88,10.616,10/16/2023 12:00:00 AM,12:59:27.7544133
9183,UTA Session 2,trial,4,A,A,1,2548.56,10.7980000000002,10/16/2023 12:00:00 AM,12:59:41.6161700
9183,UTA Session 2,trial,5,B,D,0,2562.246,19.6019999999999,10/16/2023 12:00:00 AM,13:00:04.1067763
9183,UTA Session 2,trial,6,D,D,1,2585.182,19.1500000000001,10/16/2023 12:00:00 AM,13:00:26.5905007
9183,UTA Session 2,trial,7,B,B,1,2607.217,7.84799999999996,10/16/2023 12:00:00 AM,13:00:37.3239257
9183,UTA Session 2,trial,8,D,B,0,2618.705,5.721,10/16/2023 12:00:00 AM,13:00:46.6852494
9183,UTA Session 2,trial,9,C,D,0,2633.405,9.7829999999999,10/16/2023 12:00:00 AM,13:01:05.4470475
9183,UTA Session 2,trial,10,C,A,0,2645.998,4.65599999999995,10/16/2023 12:00:00 AM,13:01:12.9136592
9183,UTA Session 2,trial,11,B,B,1,2658.701,5.21900000000005,10/16/2023 12:00:00 AM,13:01:26.1797903
9183,UTA Session 2,trial,12,E,C,0,2666.801,10.895,10/16/2023 12:00:00 AM,13:01:39.9554282
9183,UTA Session 2,trial,13,B,C,0,2681.209,6.78700000000026,10/16/2023 12:00:00 AM,13:01:50.2560914
9183,UTA Session 2,trial,14,A,A,1,2690.918,5.57199999999966,10/16/2023 12:00:00 AM,13:01:58.7497098
9183,UTA Session 2,trial,15,E,A,0,2699.469,7.68299999999999,10/16/2023 12:00:00 AM,13:02:09.4117251
9183,UTA Session 2,trial,16,B,B,1,2711.113,8.77700000000004,10/16/2023 12:00:00 AM,13:02:22.1507441
9183,UTA Session 2,trial,17,A,A,1,2722.741,3.4050000000002,10/16/2023 12:00:00 AM,13:02:28.4063524
9183,UTA Session 2,trial,18,D,B,0,2728.966,12.71,10/16/2023 12:00:00 AM,13:02:43.9365684
9183,UTA Session 2,trial,19,E,C,0,2747.016,7.46599999999989,10/16/2023 12:00:00 AM,13:02:56.7423999
9183,UTA Session 2,trial,20,D,D,1,2757.339,6.16200000000026,10/16/2023 12:00:00 AM,13:03:05.7613026
9183,UTA Session 2,trial,21,A,E,0,2766.309,11.8089999999997,10/16/2023 12:00:00 AM,13:03:20.3779604
9183,UTA Session 2,trial,22,A,A,1,2780.654,2.596,10/16/2023 12:00:00 AM,13:03:25.5101559
9183,UTA Session 2,trial,23,D,D,1,2786.084,12.21,10/16/2023 12:00:00 AM,13:03:40.5534264
9183,UTA Session 2,trial,24,D,D,1,2801.129,3.971,10/16/2023 12:00:00 AM,13:03:47.3604984
9183,UTA Session 2,trial,25,E,A,0,2807.934,6.56399999999985,10/16/2023 12:00:00 AM,13:03:56.7585646
9183,UTA Session 2,trial,26,D,A,0,2817.956,9.96000000000004,10/16/2023 12:00:00 AM,13:04:10.1765538
9183,UTA Session 2,trial,27,E,A,0,2831.209,4.01700000000028,10/16/2023 12:00:00 AM,13:04:17.4861016
9183,UTA Session 2,trial,28,C,E,0,2838.166,9.05199999999968,10/16/2023 12:00:00 AM,13:04:29.4781855
9183,UTA Session 2,trial,29,C,B,0,2849.683,10.819,10/16/2023 12:00:00 AM,13:04:42.7620115
9183,UTA Session 2,trial,30,D,D,1,2863.392,4.32600000000002,10/16/2023 12:00:00 AM,13:04:49.9786643
9183,UTA Session 2,trial,31,C,A,0,2870.361,4.17500000000018,10/16/2023 12:00:00 AM,13:04:56.7966542
9183,UTA Session 2,trial,32,E,E,1,2878.259,8.7199999999998,10/16/2023 12:00:00 AM,13:05:09.2396173
9183,UTA Session 2,trial,33,A,B,0,2889.542,2.91200000000026,10/16/2023 12:00:00 AM,13:05:14.7145613
9183,UTA Session 2,trial,34,E,A,0,2894.923,3.40400000000045,10/16/2023 12:00:00 AM,13:05:20.5875717
9183,UTA Session 2,trial,35,C,C,1,2901.145,5.68899999999985,10/16/2023 12:00:00 AM,13:05:29.0948363
9182,UTA Session 2,practice,1,B,C,0,1734.073,13.9469999999999,10/16/2023 12:00:00 AM,12:59:10.4184947
9182,UTA Session 2,practice,2,B,C,0,1804.935,15.2450000000001,10/16/2023 12:00:00 AM,13:00:22.5757545
9182,UTA Session 2,practice,3,C,E,0,1826.422,18.365,10/16/2023 12:00:00 AM,13:00:47.1829490
9182,UTA Session 2,practice,4,A,A,1,1852.551,24.758,10/16/2023 12:00:00 AM,13:01:19.7048438
9182,UTA Session 2,trial,1,B,B,1,1895.223,10.4460000000001,10/16/2023 12:00:00 AM,13:01:48.0649674
9182,UTA Session 2,trial,2,B,A,0,1908.783,6.27400000000011,10/16/2023 12:00:00 AM,13:01:57.4529075
9182,UTA Session 2,trial,3,C,C,1,1918.261,4.6880000000001,10/16/2023 12:00:00 AM,13:02:05.3444977
9182,UTA Session 2,trial,4,A,A,1,1926.021,9.56500000000005,10/16/2023 12:00:00 AM,13:02:17.9813028
9182,UTA Session 2,trial,5,B,A,0,1938.611,7.58999999999992,10/16/2023 12:00:00 AM,13:02:28.5960039
9182,UTA Session 2,trial,6,D,B,0,1949.263,13.9950000000001,10/16/2023 12:00:00 AM,13:02:45.6534661
9182,UTA Session 2,trial,7,B,D,0,1967.112,10.837,10/16/2023 12:00:00 AM,13:03:00.3432733
9182,UTA Session 2,trial,8,D,E,0,1983.097,12.4169999999999,10/16/2023 12:00:00 AM,13:03:17.9081489
9182,UTA Session 2,trial,9,C,C,1,1998.837,9.92200000000003,10/16/2023 12:00:00 AM,13:03:31.1530416
9182,UTA Session 2,trial,10,C,A,0,2012.13,11.9959999999999,10/16/2023 12:00:00 AM,13:03:46.5207847
9182,UTA Session 2,trial,11,B,D,0,2030.256,6.5139999999999,10/16/2023 12:00:00 AM,13:03:59.1635966
9182,UTA Session 2,trial,12,E,A,0,2041.958,10.3809999999999,10/16/2023 12:00:00 AM,13:04:14.7327631
9182,UTA Session 2,trial,13,B,C,0,2056.348,12.4969999999998,10/16/2023 12:00:00 AM,13:04:31.2387764
9182,UTA Session 2,trial,14,A,E,0,2071.775,17.0619999999999,10/16/2023 12:00:00 AM,13:04:51.2303334
9182,UTA Session 2,trial,15,E,D,0,2094.174,14.0140000000001,10/16/2023 12:00:00 AM,13:05:10.5814342
9182,UTA Session 2,trial,16,B,B,1,2111.567,18.8620000000001,10/16/2023 12:00:00 AM,13:05:32.8230605
9182,UTA Session 2,trial,17,A,A,1,2134.441,7.88900000000012,10/16/2023 12:00:00 AM,13:05:44.7233506
9182,UTA Session 2,trial,18,D,B,0,2145.909,6.35100000000011,10/16/2023 12:00:00 AM,13:05:54.6536512
9182,UTA Session 2,trial,19,E,A,0,2156.455,14.8870000000002,10/16/2023 12:00:00 AM,13:06:13.7362989
9182,UTA Session 2,trial,20,D,A,0,2176.152,10.319,10/16/2023 12:00:00 AM,13:06:28.8636125
9182,UTA Session 2,trial,21,A,E,0,2193.835,17.6709999999998,10/16/2023 12:00:00 AM,13:06:53.8988488
9182,UTA Session 2,trial,22,A,A,1,2217.311,9.26800000000003,10/16/2023 12:00:00 AM,13:07:08.9719639
9182,UTA Session 2,trial,23,D,E,0,2229.978,13.5889999999999,10/16/2023 12:00:00 AM,13:07:25.9599807
9182,UTA Session 2,trial,24,D,D,1,2247.132,10.4180000000001,10/16/2023 12:00:00 AM,13:07:39.9426357
9182,UTA Session 2,trial,25,E,D,0,2260.8,16.634,10/16/2023 12:00:00 AM,13:07:59.8272377
9182,UTA Session 2,trial,26,D,D,1,2281.872,6.66800000000012,10/16/2023 12:00:00 AM,13:08:10.9329352
9182,UTA Session 2,trial,27,E,A,0,2291.794,10.922,10/16/2023 12:00:00 AM,13:08:25.1087461
9182,UTA Session 2,trial,28,C,C,1,2306.259,11.8519999999999,10/16/2023 12:00:00 AM,13:08:40.5038056
9182,UTA Session 2,trial,29,C,C,1,2321.346,12.1399999999999,10/16/2023 12:00:00 AM,13:08:55.8778388
9182,UTA Session 2,trial,30,D,C,0,2336.913,9.06700000000001,10/16/2023 12:00:00 AM,13:09:08.3724976
9181,UTA Session 2,practice,1,B,B,1,1816.946,11.1460000000002,10/16/2023 12:00:00 AM,12:55:16.0820696
9181,UTA Session 2,practice,2,B,E,0,1841.785,7.04399999999987,10/16/2023 12:00:00 AM,12:55:36.8181997
9181,UTA Session 2,practice,3,C,A,0,1852.55,4.83699999999999,10/16/2023 12:00:00 AM,12:55:45.3764722
9181,UTA Session 2,practice,4,A,A,1,1858.932,3.25900000000001,10/16/2023 12:00:00 AM,12:55:50.1804737
9181,UTA Session 2,trial,1,B,B,1,1872.177,8.71199999999999,10/16/2023 12:00:00 AM,12:56:08.8796527
9181,UTA Session 2,trial,2,B,A,0,1883.89,15.597,10/16/2023 12:00:00 AM,12:56:27.4775454
9181,UTA Session 2,trial,3,C,A,0,1902.842,3.45799999999986,10/16/2023 12:00:00 AM,12:56:34.2893555
9181,UTA Session 2,trial,4,A,A,1,1909.975,6.78400000000011,10/16/2023 12:00:00 AM,12:56:44.7493253
9181,UTA Session 2,trial,5,B,B,1,1919.87,9.97300000000018,10/16/2023 12:00:00 AM,12:56:57.8338879
9181,UTA Session 2,trial,6,D,D,1,1932.933,9.37799999999993,10/16/2023 12:00:00 AM,12:57:10.3018869
9181,UTA Session 2,trial,7,B,D,0,1945.426,11.7530000000002,10/16/2023 12:00:00 AM,12:57:25.1703187
9181,UTA Session 2,trial,8,D,D,1,1960.027,7.27800000000002,10/16/2023 12:00:00 AM,12:57:35.2967471
9181,UTA Session 2,trial,9,C,C,1,1970.892,4.67499999999995,10/16/2023 12:00:00 AM,12:57:43.5574018
9181,UTA Session 2,trial,10,C,C,1,1979.545,6.55700000000002,10/16/2023 12:00:00 AM,12:57:54.0931396
9181,UTA Session 2,trial,11,B,B,1,1989.306,8.99700000000007,10/16/2023 12:00:00 AM,12:58:06.2940011
9181,UTA Session 2,trial,12,E,A,0,2001.156,6.28700000000003,10/16/2023 12:00:00 AM,12:58:15.4343651
9181,UTA Session 2,trial,13,B,C,0,2010.654,6.01099999999997,10/16/2023 12:00:00 AM,12:58:24.6564182
9181,UTA Session 2,trial,14,A,A,1,2019.765,9.28599999999983,10/16/2023 12:00:00 AM,12:58:37.0422387
9181,UTA Session 2,trial,15,E,E,1,2032.108,4.62200000000007,10/16/2023 12:00:00 AM,12:58:44.7210007
9181,UTA Session 2,trial,16,B,B,1,2039.74,7.00099999999998,10/16/2023 12:00:00 AM,12:58:54.7318980
9181,UTA Session 2,trial,17,A,A,1,2049.915,7.71599999999989,10/16/2023 12:00:00 AM,12:59:05.6235437
9181,UTA Session 2,trial,18,D,D,1,2060.769,5.34700000000021,10/16/2023 12:00:00 AM,12:59:14.1079379
9181,UTA Session 2,trial,19,E,D,0,2069.231,8.596,10/16/2023 12:00:00 AM,12:59:25.8180938
9181,UTA Session 2,trial,20,D,E,0,2080.931,5.02799999999979,10/16/2023 12:00:00 AM,12:59:33.9500780
9181,UTA Session 2,trial,21,A,A,1,2088.76,7.73499999999967,10/16/2023 12:00:00 AM,12:59:44.4858281
9181,UTA Session 2,trial,22,A,C,0,2100.05,10.5729999999999,10/16/2023 12:00:00 AM,12:59:58.6138467
9181,UTA Session 2,trial,23,D,D,1,2113.922,10.6550000000002,10/16/2023 12:00:00 AM,13:00:12.5686357
9181,UTA Session 2,trial,24,D,D,1,2127.671,5.50199999999995,10/16/2023 12:00:00 AM,13:00:21.1642191
9181,UTA Session 2,trial,25,E,A,0,2136.844,9.23300000000017,10/16/2023 12:00:00 AM,13:00:34.0686605
9181,UTA Session 2,trial,26,D,B,0,2149.754,10.8560000000002,10/16/2023 12:00:00 AM,13:00:48.6018407
9181,UTA Session 2,trial,27,E,B,0,2164.281,7.50300000000016,10/16/2023 12:00:00 AM,13:00:59.7759653
9181,UTA Session 2,trial,28,C,C,1,2175.918,7.81500000000005,10/16/2023 12:00:00 AM,13:01:11.7247032
9181,UTA Session 2,trial,29,C,C,1,2187.585,5.24200000000019,10/16/2023 12:00:00 AM,13:01:20.8187483
9181,UTA Session 2,trial,30,D,C,0,2196.105,7.17599999999993,10/16/2023 12:00:00 AM,13:01:31.2725811
9181,UTA Session 2,trial,31,C,D,0,2206.509,8.03600000000006,10/16/2023 12:00:00 AM,13:01:42.5362795
9181,UTA Session 2,trial,32,E,B,0,2217.954,10.5229999999997,10/16/2023 12:00:00 AM,13:01:56.4685260
9181,UTA Session 2,trial,33,A,A,1,2231.631,12.5910000000003,10/16/2023 12:00:00 AM,13:02:12.2147857
9181,UTA Session 2,trial,34,E,A,0,2247.477,3.63100000000031,10/16/2023 12:00:00 AM,13:02:19.1006233
9181,UTA Session 2,trial,35,C,B,0,2258.782,15.7799999999997,10/16/2023 12:00:00 AM,13:02:42.5545956
9185,UTA Session 2,practice,1,B,B,1,2183.52,8.49000000000024,10/16/2023 12:00:00 AM,15:55:06.1300596
9185,UTA Session 2,practice,2,B,B,1,2204.15,5.66199999999981,10/16/2023 12:00:00 AM,15:55:23.9303887
9185,UTA Session 2,practice,3,C,A,0,2211.334,5.79899999999998,10/16/2023 12:00:00 AM,15:55:31.2515341
9185,UTA Session 2,practice,4,A,C,0,2220.755,5.49399999999969,10/16/2023 12:00:00 AM,15:55:40.3668714
9185,UTA Session 2,trial,1,B,D,0,2236.065,11.9850000000001,10/16/2023 12:00:00 AM,15:56:02.1705040
9185,UTA Session 2,trial,2,B,A,0,2253.215,4.15299999999979,10/16/2023 12:00:00 AM,15:56:11.4877498
9185,UTA Session 2,trial,3,C,C,1,2260.372,3.91600000000017,10/16/2023 12:00:00 AM,15:56:18.4080231
9185,UTA Session 2,trial,4,A,C,0,2267.937,7.39100000000008,10/16/2023 12:00:00 AM,15:56:29.4483112
9185,UTA Session 2,trial,5,B,D,0,2278.275,7.89499999999998,10/16/2023 12:00:00 AM,15:56:40.2900723
9185,UTA Session 2,trial,6,D,D,1,2288.741,5.49000000000024,10/16/2023 12:00:00 AM,15:56:48.3513129
9185,UTA Session 2,trial,7,B,A,0,2296.979,13.076,10/16/2023 12:00:00 AM,15:57:04.1756873
9185,UTA Session 2,trial,8,D,A,0,2313.319,6.68899999999985,10/16/2023 12:00:00 AM,15:57:14.1281356
9185,UTA Session 2,trial,9,C,E,0,2322.706,3.37199999999984,10/16/2023 12:00:00 AM,15:57:20.1992652
9185,UTA Session 2,trial,10,C,D,0,2328.629,4.65300000000025,10/16/2023 12:00:00 AM,15:57:27.4027171
9185,UTA Session 2,trial,11,B,E,0,2335.779,9.26899999999978,10/16/2023 12:00:00 AM,15:57:39.1693235
9185,UTA Session 2,trial,12,E,A,0,2348.258,5.02600000000029,10/16/2023 12:00:00 AM,15:57:47.4046008
9185,UTA Session 2,trial,13,B,C,0,2355.926,10.3310000000001,10/16/2023 12:00:00 AM,15:58:00.3786455
9185,UTA Session 2,trial,14,A,C,0,2369.864,6.77500000000009,10/16/2023 12:00:00 AM,15:58:10.7613268
9185,UTA Session 2,trial,15,E,E,1,2379.663,3.26099999999997,10/16/2023 12:00:00 AM,15:58:17.0462728
9185,UTA Session 2,trial,16,B,C,0,2402.923,5.89500000000044,10/16/2023 12:00:00 AM,15:58:42.9394217
9185,UTA Session 2,trial,17,A,A,1,2412.456,12.8219999999997,10/16/2023 12:00:00 AM,15:58:59.4002088
9185,UTA Session 2,trial,18,D,C,0,2428.197,12.2889999999998,10/16/2023 12:00:00 AM,15:59:14.6083585
9185,UTA Session 2,trial,19,E,D,0,2444.07,5.83599999999979,10/16/2023 12:00:00 AM,15:59:24.0276673
9185,UTA Session 2,trial,20,D,C,0,2453.15,5.55799999999999,10/16/2023 12:00:00 AM,15:59:32.8298763
9185,UTA Session 2,trial,21,A,E,0,2461.636,12.4720000000002,10/16/2023 12:00:00 AM,15:59:48.2303393
9185,UTA Session 2,trial,22,A,E,0,2476.743,7.46100000000024,10/16/2023 12:00:00 AM,15:59:58.3269841
9185,UTA Session 2,trial,23,D,D,1,2487.002,3.28800000000001,10/16/2023 12:00:00 AM,16:00:04.4126100
9185,UTA Session 2,trial,24,D,D,1,2497.152,9.3130000000001,10/16/2023 12:00:00 AM,16:00:20.5883241
9185,UTA Session 2,trial,25,E,B,0,2509.044,10.5430000000001,10/16/2023 12:00:00 AM,16:00:33.7098878
9185,UTA Session 2,trial,26,D,D,1,2522.364,5.41600000000017,10/16/2023 12:00:00 AM,16:00:41.9035967
9185,UTA Session 2,trial,27,E,E,1,2530.723,12.4389999999999,10/16/2023 12:00:00 AM,16:00:57.2863160
9185,UTA Session 2,trial,28,C,C,1,2546.701,14.645,10/16/2023 12:00:00 AM,16:01:15.4700505
9185,UTA Session 2,trial,29,C,E,0,2564.125,6.99099999999999,10/16/2023 12:00:00 AM,16:01:25.2399723
9185,UTA Session 2,trial,30,D,D,1,2573.691,11.4300000000003,10/16/2023 12:00:00 AM,16:01:39.2452720
9185,UTA Session 2,trial,31,C,A,0,2587.883,6.97900000000027,10/16/2023 12:00:00 AM,16:01:48.9860282
9185,UTA Session 2,trial,32,E,A,0,2597.544,4.35600000000022,10/16/2023 12:00:00 AM,16:01:56.0239763
9185,UTA Session 2,trial,33,A,E,0,2604.834,7.25600000000031,10/16/2023 12:00:00 AM,16:02:06.2141348
9185,UTA Session 2,trial,34,E,A,0,2614.751,5.68299999999999,10/16/2023 12:00:00 AM,16:02:14.5577660
9185,UTA Session 2,trial,35,C,A,0,2623.536,2.53800000000001,10/16/2023 12:00:00 AM,16:02:20.1979856
9186,UTA Session 2,practice,1,B,B,1,2374.993,7.27300000000014,10/16/2023 12:00:00 AM,15:58:35.3414362
9186,UTA Session 2,practice,2,B,A,0,2416.713,9.12899999999991,10/16/2023 12:00:00 AM,15:59:18.9158726
9186,UTA Session 2,practice,3,C,E,0,2431.476,15.377,10/16/2023 12:00:00 AM,15:59:39.9265171
9186,UTA Session 2,practice,4,A,E,0,2455.696,6.51299999999992,10/16/2023 12:00:00 AM,15:59:55.2824927
9186,UTA Session 2,trial,1,B,B,1,2487.96,14.2959999999998,10/16/2023 12:00:00 AM,16:00:35.3316757
9186,UTA Session 2,trial,2,B,B,1,2505.658,6.21100000000024,10/16/2023 12:00:00 AM,16:00:44.9443373
9186,UTA Session 2,trial,3,C,C,1,2514.765,8.14600000000019,10/16/2023 12:00:00 AM,16:00:55.9865885
9186,UTA Session 2,trial,4,A,A,1,2525.965,8.94599999999991,10/16/2023 12:00:00 AM,16:01:07.9858496
9186,UTA Session 2,trial,5,B,D,0,2537.947,10.1819999999998,10/16/2023 12:00:00 AM,16:01:21.2039652
9186,UTA Session 2,trial,6,D,D,1,2555.508,9.00700000000006,10/16/2023 12:00:00 AM,16:01:37.5900783
9186,UTA Session 2,trial,7,B,C,0,2567.387,13.9859999999999,10/16/2023 12:00:00 AM,16:01:54.4491229
9186,UTA Session 2,trial,8,D,C,0,2584.917,4.98100000000022,10/16/2023 12:00:00 AM,16:02:02.9717603
9186,UTA Session 2,trial,9,C,A,0,2594.727,6.16900000000032,10/16/2023 12:00:00 AM,16:02:13.9700545
9186,UTA Session 2,trial,10,C,A,0,2604.149,12.3789999999999,10/16/2023 12:00:00 AM,16:02:29.6027402
9186,UTA Session 2,trial,11,B,E,0,2619.452,10.8169999999996,10/16/2023 12:00:00 AM,16:02:43.3434223
9186,UTA Session 2,trial,12,E,C,0,2633.179,13.712,10/16/2023 12:00:00 AM,16:02:59.9660471
9186,UTA Session 2,trial,13,B,B,1,2650.232,10.8539999999998,10/16/2023 12:00:00 AM,16:03:14.1612273
9186,UTA Session 2,trial,14,A,B,0,2664.016,6.44299999999976,10/16/2023 12:00:00 AM,16:03:23.5346401
9186,UTA Session 2,trial,15,E,A,0,2673.983,5.5619999999999,10/16/2023 12:00:00 AM,16:03:32.6199596
9186,UTA Session 2,trial,16,B,D,0,2682.413,7.84799999999996,10/16/2023 12:00:00 AM,16:03:43.3362531
9186,UTA Session 2,trial,17,A,A,1,2694.139,7.00599999999986,10/16/2023 12:00:00 AM,16:03:54.2213575
9186,UTA Session 2,trial,18,D,B,0,2703.943,9.42199999999957,10/16/2023 12:00:00 AM,16:04:06.4403561
9186,UTA Session 2,trial,19,E,B,0,2717.903,6.35400000000027,10/16/2023 12:00:00 AM,16:04:17.3326859
9186,UTA Session 2,trial,20,D,D,1,2729.131,6.87800000000016,10/16/2023 12:00:00 AM,16:04:29.0848672
9186,UTA Session 2,trial,21,A,E,0,2739.223,10.902,10/16/2023 12:00:00 AM,16:04:43.2010370
9186,UTA Session 2,trial,22,A,B,0,2753.932,21.2690000000002,10/16/2023 12:00:00 AM,16:05:08.2768421
9186,UTA Session 2,trial,23,D,D,1,2778.326,8.17200000000003,10/16/2023 12:00:00 AM,16:05:19.5734407
9186,UTA Session 2,trial,24,D,E,0,2789.307,4.56400000000031,10/16/2023 12:00:00 AM,16:05:26.9470946
9186,UTA Session 2,trial,25,E,E,1,2797.226,8.25500000000011,10/16/2023 12:00:00 AM,16:05:38.5574301
9186,UTA Session 2,trial,26,D,B,0,2808.263,3.80999999999995,10/16/2023 12:00:00 AM,16:05:45.1491264
9186,UTA Session 2,trial,27,E,B,0,2815.142,15.7350000000001,10/16/2023 12:00:00 AM,16:06:03.9525983
9186,UTA Session 2,trial,28,C,E,0,2834.008,13.6510000000003,10/16/2023 12:00:00 AM,16:06:20.7348385
9186,UTA Session 2,trial,29,C,E,0,2850.527,9.00599999999986,10/16/2023 12:00:00 AM,16:06:32.6087406
9186,UTA Session 2,trial,30,D,D,1,2862.531,17.7780000000002,10/16/2023 12:00:00 AM,16:06:53.3857097
9186,UTA Session 2,trial,31,C,D,0,2883.598,15.6970000000001,10/16/2023 12:00:00 AM,16:07:12.3715728
9186,UTA Session 2,trial,32,E,E,1,2902.366,4.42700000000013,10/16/2023 12:00:00 AM,16:07:19.8693230
9186,UTA Session 2,trial,33,A,C,0,2909.663,11.5039999999999,10/16/2023 12:00:00 AM,16:07:34.2435790
9186,UTA Session 2,trial,34,E,A,0,2924.648,4.06899999999996,10/16/2023 12:00:00 AM,16:07:41.7927960
9186,UTA Session 2,trial,35,C,D,0,2935.039,5.51799999999957,10/16/2023 12:00:00 AM,16:07:53.6331885
9184,UTA Session 2,practice,1,B,B,1,2599.667,15.1500000000001,10/16/2023 12:00:00 AM,16:01:54.7185017
9184,UTA Session 2,practice,2,B,B,1,2694.42,9.49800000000005,10/16/2023 12:00:00 AM,16:03:23.8156201
9184,UTA Session 2,practice,3,C,A,0,2705.748,9.47400000000016,10/16/2023 12:00:00 AM,16:03:35.1196206
9184,UTA Session 2,practice,4,A,A,1,2721.464,7.39899999999989,10/16/2023 12:00:00 AM,16:03:48.7604037
9184,UTA Session 2,trial,1,B,A,0,2766.784,5.85399999999981,10/16/2023 12:00:00 AM,16:04:32.5367911
9184,UTA Session 2,trial,2,B,C,0,2776.539,9.154,10/16/2023 12:00:00 AM,16:04:45.5904416
9184,UTA Session 2,trial,3,C,B,0,2789.644,6.09000000000015,10/16/2023 12:00:00 AM,16:04:55.6307684
9184,UTA Session 2,trial,4,A,A,1,2803.622,7.10400000000027,10/16/2023 12:00:00 AM,16:05:10.6238371
9184,UTA Session 2,trial,5,B,E,0,2814.164,13.7719999999999,10/16/2023 12:00:00 AM,16:05:27.8332194
9184,UTA Session 2,trial,6,D,D,1,2831.266,6.80999999999995,10/16/2023 12:00:00 AM,16:05:37.9734695
9184,UTA Session 2,trial,7,B,D,0,2841.062,5.03800000000001,10/16/2023 12:00:00 AM,16:05:45.9977319
9184,UTA Session 2,trial,8,D,A,0,2849.489,13.864,10/16/2023 12:00:00 AM,16:06:03.2492710
9184,UTA Session 2,trial,9,C,D,0,2867.224,9.25199999999995,10/16/2023 12:00:00 AM,16:06:16.3729295
9184,UTA Session 2,trial,10,C,A,0,2885.806,5.9079999999999,10/16/2023 12:00:00 AM,16:06:31.6108253
9184,UTA Session 2,trial,11,B,E,0,2899.043,8.89300000000003,10/16/2023 12:00:00 AM,16:06:47.8318004
9184,UTA Session 2,trial,12,E,A,0,2911.513,5.62300000000005,10/16/2023 12:00:00 AM,16:06:57.0329038
9184,UTA Session 2,trial,13,B,C,0,2924.714,13.0880000000002,10/16/2023 12:00:00 AM,16:07:17.6983638
9184,UTA Session 2,trial,14,A,A,1,2941.483,8.85500000000002,10/16/2023 12:00:00 AM,16:07:30.2355703
9184,UTA Session 2,trial,15,E,A,0,2954.213,10.7089999999998,10/16/2023 12:00:00 AM,16:07:44.8184611
9184,UTA Session 2,trial,16,B,B,1,2968.756,17.0140000000001,10/16/2023 12:00:00 AM,16:08:05.6664430
9184,UTA Session 2,trial,17,A,A,1,2989.184,17.4179999999997,10/16/2023 12:00:00 AM,16:08:26.4989268
9184,UTA Session 2,trial,18,D,D,1,3009.717,9.63499999999976,10/16/2023 12:00:00 AM,16:08:39.2493639
9184,UTA Session 2,trial,19,E,D,0,3022.456,9.64599999999973,10/16/2023 12:00:00 AM,16:08:51.9988436
9184,UTA Session 2,trial,20,D,E,0,3035.717,18.4789999999998,10/16/2023 12:00:00 AM,16:09:14.0919922
9184,UTA Session 2,trial,21,A,A,1,3062.947,14.8040000000001,10/16/2023 12:00:00 AM,16:09:37.6477268
9184,UTA Session 2,trial,22,A,A,1,3081.098,8.25399999999991,10/16/2023 12:00:00 AM,16:09:49.2485641
9184,UTA Session 2,trial,23,D,D,1,3092.582,13.8560000000002,10/16/2023 12:00:00 AM,16:10:06.3344369
9184,UTA Session 2,trial,24,D,E,0,3109.412,9.01900000000023,10/16/2023 12:00:00 AM,16:10:18.3265432
9184,UTA Session 2,trial,25,E,D,0,3122.265,11.8099999999999,10/16/2023 12:00:00 AM,16:10:33.9709485
9184,UTA Session 2,trial,26,D,B,0,3142.651,14.5130000000004,10/16/2023 12:00:00 AM,16:10:57.0604282
9184,UTA Session 2,trial,27,E,B,0,3161.981,11.6189999999997,10/16/2023 12:00:00 AM,16:11:13.4961148
9184,UTA Session 2,trial,28,C,E,0,3176.687,8.32099999999991,10/16/2023 12:00:00 AM,16:11:24.9042439
9184,UTA Session 2,trial,29,C,A,0,3190.612,12.2930000000001,10/16/2023 12:00:00 AM,16:11:42.7997203
9184,UTA Session 2,trial,30,D,C,0,3206.38,4.24399999999969,10/16/2023 12:00:00 AM,16:11:50.5199046
9184,UTA Session 2,trial,31,C,B,0,3214.059,3.279,10/16/2023 12:00:00 AM,16:11:57.2336648
9188,UTA Session 2,practice,1,B,E,0,2037.853,10.4209999999998,10/17/2023 12:00:00 AM,10:01:17.2369640
9188,UTA Session 2,practice,2,B,C,0,2086.865,10.1610000000001,10/17/2023 12:00:00 AM,10:02:05.9882686
9188,UTA Session 2,practice,3,C,A,0,2098.395,3.67099999999982,10/17/2023 12:00:00 AM,10:02:11.0279077
9188,UTA Session 2,practice,4,A,A,1,2104.868,2.38400000000001,10/17/2023 12:00:00 AM,10:02:16.2139088
9188,UTA Session 2,trial,1,B,A,0,2115.764,3.64799999999968,10/17/2023 12:00:00 AM,10:02:28.3753489
9188,UTA Session 2,trial,2,B,A,0,2122.499,4.0930000000003,10/17/2023 12:00:00 AM,10:02:35.5541938
9188,UTA Session 2,trial,3,C,E,0,2129.596,10.3470000000002,10/17/2023 12:00:00 AM,10:02:48.9062139
9188,UTA Session 2,trial,4,A,B,0,2142.889,6.06700000000001,10/17/2023 12:00:00 AM,10:02:57.9184350
9188,UTA Session 2,trial,5,B,C,0,2151.835,1.69700000000012,10/17/2023 12:00:00 AM,10:03:02.4948696
9188,UTA Session 2,trial,6,D,C,0,2156.279,0.612999999999829,10/17/2023 12:00:00 AM,10:03:05.8547184
9188,UTA Session 2,trial,7,B,B,1,2159.679,0.478999999999814,10/17/2023 12:00:00 AM,10:03:09.1215938
9188,UTA Session 2,trial,8,D,D,1,2162.818,1.14799999999968,10/17/2023 12:00:00 AM,10:03:12.9284264
9188,UTA Session 2,trial,9,C,D,0,2166.708,1.52599999999984,10/17/2023 12:00:00 AM,10:03:17.1970058
9188,UTA Session 2,trial,10,C,B,0,2170.945,1.51899999999978,10/17/2023 12:00:00 AM,10:03:21.4270504
9188,UTA Session 2,trial,11,B,C,0,2175.652,0.615999999999985,10/17/2023 12:00:00 AM,10:03:25.2310698
9188,UTA Session 2,trial,12,E,B,0,2178.957,0.360000000000127,10/17/2023 12:00:00 AM,10:03:28.2797115
9188,UTA Session 2,trial,13,B,D,0,2181.986,0.44800000000032,10/17/2023 12:00:00 AM,10:03:31.3972894
9188,UTA Session 2,trial,14,A,E,0,2184.954,1.14399999999978,10/17/2023 12:00:00 AM,10:03:35.0602069
9188,UTA Session 2,trial,15,E,D,0,2188.587,0.581000000000131,10/17/2023 12:00:00 AM,10:03:38.1300355
9188,UTA Session 2,trial,16,B,B,1,2191.721,1.11499999999978,10/17/2023 12:00:00 AM,10:03:41.7989800
9188,UTA Session 2,trial,17,A,C,0,2195.657,4.33599999999979,10/17/2023 12:00:00 AM,10:03:48.9565763
9188,UTA Session 2,trial,18,D,D,1,2202.536,4.57799999999997,10/17/2023 12:00:00 AM,10:03:56.0779131
9188,UTA Session 2,trial,19,E,A,0,2209.851,4.31700000000001,10/17/2023 12:00:00 AM,10:04:03.1314985
9188,UTA Session 2,trial,20,D,A,0,2218.707,6.13900000000012,10/17/2023 12:00:00 AM,10:04:13.8090336
9188,UTA Session 2,trial,21,A,A,1,2227.785,6.07200000000012,10/17/2023 12:00:00 AM,10:04:22.8215441
9188,UTA Session 2,trial,22,A,A,1,2236.923,2.19700000000012,10/17/2023 12:00:00 AM,10:04:28.0839230
9188,UTA Session 2,trial,23,D,B,0,2242.152,2.72499999999991,10/17/2023 12:00:00 AM,10:04:33.8406096
9188,UTA Session 2,trial,24,D,E,0,2248.393,5.16600000000017,10/17/2023 12:00:00 AM,10:04:42.5235309
9188,UTA Session 2,trial,25,E,C,0,2256.108,5.0319999999997,10/17/2023 12:00:00 AM,10:04:50.1032002
9188,UTA Session 2,trial,26,D,E,0,2263.826,3.33500000000004,10/17/2023 12:00:00 AM,10:04:56.1246354
9188,UTA Session 2,trial,27,E,E,1,2269.73,5.08800000000019,10/17/2023 12:00:00 AM,10:05:03.7821410
9188,UTA Session 2,trial,28,C,E,0,2277.401,6.56800000000021,10/17/2023 12:00:00 AM,10:05:12.9334404
9188,UTA Session 2,trial,29,C,A,0,2286.523,1.86400000000003,10/17/2023 12:00:00 AM,10:05:17.3507436
9188,UTA Session 2,trial,30,D,C,0,2291.066,3.33100000000013,10/17/2023 12:00:00 AM,10:05:23.3612560
9188,UTA Session 2,trial,31,C,B,0,2297.199,2.23199999999997,10/17/2023 12:00:00 AM,10:05:28.3948863
9188,UTA Session 2,trial,32,E,A,0,2302.714,1.19900000000007,10/17/2023 12:00:00 AM,10:05:32.8770735
9188,UTA Session 2,trial,33,A,A,1,2308.483,3.86799999999994,10/17/2023 12:00:00 AM,10:05:41.3162559
9188,UTA Session 2,trial,34,E,C,0,2315.88,6.4989999999998,10/17/2023 12:00:00 AM,10:05:51.3433277
9188,UTA Session 2,trial,35,C,A,0,2325.222,3.61099999999988,10/17/2023 12:00:00 AM,10:05:57.7968335
9187,UTA Session 2,practice,1,B,E,0,2707.024,19.0219999999999,10/17/2023 12:00:00 AM,10:12:56.2210935
9187,UTA Session 2,practice,2,B,A,0,2744.637,6.07499999999982,10/17/2023 12:00:00 AM,10:13:20.8829927
9187,UTA Session 2,practice,3,C,C,1,2754.751,15.4469999999997,10/17/2023 12:00:00 AM,10:13:40.3688066
9187,UTA Session 2,practice,4,A,B,0,2775.965,4.71900000000005,10/17/2023 12:00:00 AM,10:13:50.8547953
9187,UTA Session 2,trial,1,B,B,1,2802.229,7.20800000000008,10/17/2023 12:00:00 AM,10:14:19.6093998
9187,UTA Session 2,trial,2,B,A,0,2813.537,8.13400000000001,10/17/2023 12:00:00 AM,10:14:31.8419181
9187,UTA Session 2,trial,3,C,B,0,2825.543,5.31799999999976,10/17/2023 12:00:00 AM,10:14:41.0314082
9187,UTA Session 2,trial,4,A,D,0,2834.33,6.94599999999991,10/17/2023 12:00:00 AM,10:14:51.4470154
9187,UTA Session 2,trial,5,B,A,0,2844.613,3.47700000000032,10/17/2023 12:00:00 AM,10:14:58.2609764
9187,UTA Session 2,trial,6,D,B,0,2859.889,5.2829999999999,10/17/2023 12:00:00 AM,10:15:15.3421617
9187,UTA Session 2,trial,7,B,C,0,2868.881,11.0410000000002,10/17/2023 12:00:00 AM,10:15:30.0916432
9187,UTA Session 2,trial,8,D,B,0,2884.813,9.35699999999997,10/17/2023 12:00:00 AM,10:15:44.3393845
9187,UTA Session 2,trial,9,C,E,0,2897.594,10.5819999999999,10/17/2023 12:00:00 AM,10:15:58.3456557
9187,UTA Session 2,trial,10,C,B,0,2911.437,7.21500000000015,10/17/2023 12:00:00 AM,10:16:08.8218021
9187,UTA Session 2,trial,11,B,E,0,2921.821,10.511,10/17/2023 12:00:00 AM,10:16:22.5007498
9187,UTA Session 2,trial,12,E,D,0,2935.284,8.18899999999985,10/17/2023 12:00:00 AM,10:16:33.6416865
9187,UTA Session 2,trial,13,B,E,0,2946.342,5.51099999999997,10/17/2023 12:00:00 AM,10:16:42.0216816
9187,UTA Session 2,trial,14,A,A,1,2954.666,17.4949999999999,10/17/2023 12:00:00 AM,10:17:02.3299735
9187,UTA Session 2,trial,15,E,A,0,2976.229,4.58500000000004,10/17/2023 12:00:00 AM,10:17:10.9838652
9187,UTA Session 2,trial,16,B,C,0,2986.529,6.48900000000003,10/17/2023 12:00:00 AM,10:17:23.1862819
9187,UTA Session 2,trial,17,A,E,0,3003.539,6.51999999999998,10/17/2023 12:00:00 AM,10:17:40.2272331
9187,UTA Session 2,trial,18,D,C,0,3012.914,7.51099999999997,10/17/2023 12:00:00 AM,10:17:50.5924195
9187,UTA Session 2,trial,19,E,A,0,3023.577,7.21799999999985,10/17/2023 12:00:00 AM,10:18:00.9620589
9187,UTA Session 2,trial,20,D,B,0,3034.026,2.4970000000003,10/17/2023 12:00:00 AM,10:18:06.6904074
9187,UTA Session 2,trial,21,A,B,0,3039.857,2.904,10/17/2023 12:00:00 AM,10:18:12.9294800
9187,UTA Session 2,trial,22,A,D,0,3045.906,4.80299999999988,10/17/2023 12:00:00 AM,10:18:20.8761023
9187,UTA Session 2,trial,23,D,B,0,3053.777,22.3519999999999,10/17/2023 12:00:00 AM,10:18:46.2967710
9187,UTA Session 2,trial,24,D,C,0,3079.421,4.7180000000003,10/17/2023 12:00:00 AM,10:18:54.3059363
9187,UTA Session 2,trial,25,E,D,0,3087.399,2.05600000000004,10/17/2023 12:00:00 AM,10:18:59.6226168
9187,UTA Session 2,trial,26,D,B,0,3092.42,4.46099999999979,10/17/2023 12:00:00 AM,10:19:07.0483124
9187,UTA Session 2,trial,27,E,A,0,3100.627,3.78900000000021,10/17/2023 12:00:00 AM,10:19:14.5838846
9187,UTA Session 2,trial,28,C,A,0,3107.474,4.01699999999983,10/17/2023 12:00:00 AM,10:19:21.6580918
9187,UTA Session 2,trial,29,C,A,0,3114.616,3.35100000000011,10/17/2023 12:00:00 AM,10:19:28.1342175
9187,UTA Session 2,trial,30,D,C,0,3121.804,6.14300000000003,10/17/2023 12:00:00 AM,10:19:38.1141982
9187,UTA Session 2,trial,31,C,B,0,3131.791,3.7489999999998,10/17/2023 12:00:00 AM,10:19:45.7080687
9187,UTA Session 2,trial,32,E,D,0,3138.989,2.43199999999979,10/17/2023 12:00:00 AM,10:19:51.5891384
9187,UTA Session 2,trial,33,A,C,0,3144.5,13.0149999999999,10/17/2023 12:00:00 AM,10:20:07.6813026
9187,UTA Session 2,trial,34,E,A,0,3161.138,9.78900000000021,10/17/2023 12:00:00 AM,10:20:21.0939167
9187,UTA Session 2,trial,35,C,B,0,3174.341,2.22900000000027,10/17/2023 12:00:00 AM,10:20:26.7372457
9189,UTA Session 2,practice,1,B,B,1,1471.81,8.47600000000011,10/17/2023 12:00:00 AM,10:15:11.1250537
9189,UTA Session 2,practice,2,B,E,0,1556.889,34.0030000000002,10/17/2023 12:00:00 AM,10:17:01.7303407
9189,UTA Session 2,practice,3,C,A,0,1607.196,4.49800000000005,10/17/2023 12:00:00 AM,10:17:22.5319858
9189,UTA Session 2,practice,4,A,A,1,1615.836,8.00199999999995,10/17/2023 12:00:00 AM,10:17:34.6767385
9189,UTA Session 2,trial,1,B,D,0,1642.283,20.1120000000001,10/17/2023 12:00:00 AM,10:18:13.2351613
9189,UTA Session 2,trial,2,B,B,1,1667.976,12.1579999999999,10/17/2023 12:00:00 AM,10:18:30.9733035
9189,UTA Session 2,trial,3,C,C,1,1683.478,6.43899999999985,10/17/2023 12:00:00 AM,10:18:40.7566355
9189,UTA Session 2,trial,4,A,C,0,1693.567,15.933,10/17/2023 12:00:00 AM,10:19:00.3395605
9189,UTA Session 2,trial,5,B,B,1,1712.891,9.46299999999997,10/17/2023 12:00:00 AM,10:19:13.1926738
9189,UTA Session 2,trial,6,D,D,1,1728.106,5.5440000000001,10/17/2023 12:00:00 AM,10:19:24.4889247
9189,UTA Session 2,trial,7,B,D,0,1736.805,9.20699999999988,10/17/2023 12:00:00 AM,10:19:36.8502186
9189,UTA Session 2,trial,8,D,B,0,1749.667,6.33600000000001,10/17/2023 12:00:00 AM,10:19:46.8410317
9189,UTA Session 2,trial,9,C,C,1,1759.713,6.26600000000008,10/17/2023 12:00:00 AM,10:19:56.8180721
9189,UTA Session 2,trial,10,C,A,0,1769.061,16.001,10/17/2023 12:00:00 AM,10:20:15.9010558
9189,UTA Session 2,trial,11,B,A,0,1788.354,7.9849999999999,10/17/2023 12:00:00 AM,10:20:27.1781695
9189,UTA Session 2,trial,12,E,B,0,1799.284,7.29399999999987,10/17/2023 12:00:00 AM,10:20:37.4164044
9189,UTA Session 2,trial,13,B,D,0,1809.668,11.229,10/17/2023 12:00:00 AM,10:20:51.7356219
9189,UTA Session 2,trial,14,A,A,1,1827.482,12.3120000000001,10/17/2023 12:00:00 AM,10:21:10.6328961
9189,UTA Session 2,trial,15,E,E,1,1843.051,17.3210000000001,10/17/2023 12:00:00 AM,10:21:31.2115045
9189,UTA Session 2,trial,16,B,A,0,1863.738,11.539,10/17/2023 12:00:00 AM,10:21:46.1168388
9189,UTA Session 2,trial,17,A,A,1,1878.399,13.2150000000001,10/17/2023 12:00:00 AM,10:22:02.4531740
9189,UTA Session 2,trial,18,D,D,1,1894.801,9.22299999999996,10/17/2023 12:00:00 AM,10:22:14.8632505
9189,UTA Session 2,trial,19,E,C,0,1907.047,5.54299999999989,10/17/2023 12:00:00 AM,10:22:23.4290539
9189,UTA Session 2,trial,20,D,C,0,1916.645,12.1970000000001,10/17/2023 12:00:00 AM,10:22:39.6807658
9189,UTA Session 2,trial,21,A,A,1,1932.479,3.87799999999993,10/17/2023 12:00:00 AM,10:22:47.1964709
9189,UTA Session 2,trial,22,A,A,1,1939.369,6.47700000000009,10/17/2023 12:00:00 AM,10:22:56.6856160
9189,UTA Session 2,trial,23,D,D,1,1952.601,4.2969999999998,10/17/2023 12:00:00 AM,10:23:07.7374891
9189,UTA Session 2,trial,24,D,D,1,1959.854,2.84999999999991,10/17/2023 12:00:00 AM,10:23:13.5437357
9189,UTA Session 2,trial,25,E,E,1,1965.716,6.56800000000021,10/17/2023 12:00:00 AM,10:23:23.1228653
9189,UTA Session 2,trial,26,D,D,1,1975.205,8.84900000000016,10/17/2023 12:00:00 AM,10:23:34.8937497
9189,UTA Session 2,trial,27,E,D,0,1986.896,7.5,10/17/2023 12:00:00 AM,10:23:45.2349507
9189,UTA Session 2,trial,28,C,E,0,1997.529,9.096,10/17/2023 12:00:00 AM,10:23:57.4644517
9189,UTA Session 2,trial,29,C,A,0,2009.638,10.8050000000001,10/17/2023 12:00:00 AM,10:24:11.2820472
9189,UTA Session 2,trial,30,D,B,0,2023.458,3.97799999999984,10/17/2023 12:00:00 AM,10:24:18.2755373
9189,UTA Session 2,trial,31,C,D,0,2030.343,2.15699999999993,10/17/2023 12:00:00 AM,10:24:23.3401213
9189,UTA Session 2,trial,32,E,D,0,2035.321,5.13100000000009,10/17/2023 12:00:00 AM,10:24:31.2920721
9189,UTA Session 2,trial,33,A,A,1,2043.229,8.49999999999977,10/17/2023 12:00:00 AM,10:24:42.5691206
9189,UTA Session 2,trial,34,E,E,1,2054.696,3.05000000000018,10/17/2023 12:00:00 AM,10:24:48.5863923
9189,UTA Session 2,trial,35,C,D,0,2060.561,4.07199999999966,10/17/2023 12:00:00 AM,10:24:55.4731533
9192,UTA Session 2,practice,1,B,B,1,2702.054,27.8220000000001,10/17/2023 12:00:00 AM,12:33:46.1022635
9192,UTA Session 2,practice,2,B,A,0,2772.25,10.431,10/17/2023 12:00:00 AM,12:34:38.9066010
9192,UTA Session 2,practice,3,C,C,1,2789.587,10.4780000000001,10/17/2023 12:00:00 AM,12:34:56.2910044
9192,UTA Session 2,practice,4,A,A,1,2801.845,13.4850000000001,10/17/2023 12:00:00 AM,12:35:11.5559623
9192,UTA Session 2,trial,1,B,B,1,2830.771,12.0479999999998,10/17/2023 12:00:00 AM,12:35:39.0469587
9192,UTA Session 2,trial,2,B,C,0,2846.212,6.39300000000003,10/17/2023 12:00:00 AM,12:35:48.8322953
9192,UTA Session 2,trial,3,C,C,1,2856.263,5.84400000000005,10/17/2023 12:00:00 AM,12:35:58.3341310
9192,UTA Session 2,trial,4,A,A,1,2865.321,15.9659999999999,10/17/2023 12:00:00 AM,12:36:17.5149806
9192,UTA Session 2,trial,5,B,D,0,2884.285,11.8520000000003,10/17/2023 12:00:00 AM,12:36:32.3645348
9192,UTA Session 2,trial,6,D,B,0,2900.709,3.67000000000007,10/17/2023 12:00:00 AM,12:36:40.6066165
9192,UTA Session 2,trial,7,B,B,1,2907.294,14.585,10/17/2023 12:00:00 AM,12:36:58.1068096
9192,UTA Session 2,trial,8,D,C,0,2924.968,8.32100000000037,10/17/2023 12:00:00 AM,12:37:09.5172244
9192,UTA Session 2,trial,9,C,D,0,2936.71,6.25700000000006,10/17/2023 12:00:00 AM,12:37:19.1948350
9192,UTA Session 2,trial,10,C,A,0,2945.935,4.09799999999996,10/17/2023 12:00:00 AM,12:37:26.2613389
9192,UTA Session 2,trial,11,B,B,1,2953.509,6.26899999999978,10/17/2023 12:00:00 AM,12:37:36.0061307
9192,UTA Session 2,trial,12,E,C,0,2962.641,7.29199999999992,10/17/2023 12:00:00 AM,12:37:46.1617426
9192,UTA Session 2,trial,13,B,C,0,2973.023,4.49199999999973,10/17/2023 12:00:00 AM,12:37:53.7430671
9192,UTA Session 2,trial,14,A,E,0,2983.252,10.3609999999999,10/17/2023 12:00:00 AM,12:38:09.8410546
9192,UTA Session 2,trial,15,E,C,0,2996.519,14.8660000000004,10/17/2023 12:00:00 AM,12:38:27.6137218
9192,UTA Session 2,trial,16,B,B,1,3014.417,17.2660000000001,10/17/2023 12:00:00 AM,12:38:47.9111412
9192,UTA Session 2,trial,17,A,A,1,3034.819,6.48799999999983,10/17/2023 12:00:00 AM,12:38:57.5366319
9192,UTA Session 2,trial,18,D,A,0,3044.37,12.7040000000002,10/17/2023 12:00:00 AM,12:39:13.3021234
9192,UTA Session 2,trial,19,E,E,1,3060.367,12.8789999999999,10/17/2023 12:00:00 AM,12:39:29.4746745
9192,UTA Session 2,trial,20,D,B,0,3076.11,4.40200000000004,10/17/2023 12:00:00 AM,12:39:36.7412220
9192,UTA Session 2,trial,21,A,A,1,3085.342,8.01299999999992,10/17/2023 12:00:00 AM,12:39:49.5847891
9192,UTA Session 2,trial,22,A,E,0,3096.547,5.44599999999991,10/17/2023 12:00:00 AM,12:39:58.2228305
9192,UTA Session 2,trial,23,D,D,1,3104.927,5.96099999999979,10/17/2023 12:00:00 AM,12:40:07.1167022
9192,UTA Session 2,trial,24,D,D,1,3113.97,5.59700000000021,10/17/2023 12:00:00 AM,12:40:15.7962210
9192,UTA Session 2,trial,25,E,E,1,3122.481,8.0359999999996,10/17/2023 12:00:00 AM,12:40:26.7465069
9192,UTA Session 2,trial,26,D,D,1,3133.29,4.46100000000024,10/17/2023 12:00:00 AM,12:40:33.9805378
9192,UTA Session 2,trial,27,E,A,0,3140.762,5.6569999999997,10/17/2023 12:00:00 AM,12:40:42.6484441
9192,UTA Session 2,trial,28,C,C,1,3151.627,3.60400000000027,10/17/2023 12:00:00 AM,12:40:51.4609503
9192,UTA Session 2,trial,29,C,C,1,3158.101,11.8319999999999,10/17/2023 12:00:00 AM,12:41:06.1624487
9192,UTA Session 2,trial,30,D,E,0,3172.775,8.67200000000003,10/17/2023 12:00:00 AM,12:41:17.6767862
9192,UTA Session 2,trial,31,C,C,1,3184.234,8.55500000000029,10/17/2023 12:00:00 AM,12:41:29.0182870
9192,UTA Session 2,trial,32,E,E,1,3195.736,6.25199999999995,10/17/2023 12:00:00 AM,12:41:38.2168824
9192,UTA Session 2,trial,33,A,D,0,3204.732,10.201,10/17/2023 12:00:00 AM,12:41:51.1626382
9192,UTA Session 2,trial,34,E,E,1,3218.188,7.19000000000005,10/17/2023 12:00:00 AM,12:42:01.6082000
9192,UTA Session 2,trial,35,C,E,0,3228.135,9.95799999999963,10/17/2023 12:00:00 AM,12:42:14.3231495
9191,UTA Session 2,practice,1,B,D,0,2238.05,15.3119999999999,10/17/2023 12:00:00 AM,13:03:07.5109826
9191,UTA Session 2,practice,2,B,B,1,2278.597,8.00099999999975,10/17/2023 12:00:00 AM,13:03:40.7447678
9191,UTA Session 2,practice,3,C,C,1,2288.14,4.74299999999994,10/17/2023 12:00:00 AM,13:03:47.0297997
9191,UTA Session 2,practice,4,A,A,1,2294.406,6.13300000000027,10/17/2023 12:00:00 AM,13:03:54.6863785
9191,UTA Session 2,trial,1,B,A,0,2313.363,8.91600000000017,10/17/2023 12:00:00 AM,13:04:16.4271878
9191,UTA Session 2,trial,2,B,B,1,2325.963,9.58899999999994,10/17/2023 12:00:00 AM,13:04:29.6998832
9191,UTA Session 2,trial,3,C,A,0,2338.335,5.4989999999998,10/17/2023 12:00:00 AM,13:04:37.9817444
9191,UTA Session 2,trial,4,A,A,1,2346.643,6.37699999999995,10/17/2023 12:00:00 AM,13:04:47.1677205
9191,UTA Session 2,trial,5,B,C,0,2355.88,12.0039999999999,10/17/2023 12:00:00 AM,13:05:02.0311126
9191,UTA Session 2,trial,6,D,D,1,2371.15,9.33699999999999,10/17/2023 12:00:00 AM,13:05:14.6347815
9191,UTA Session 2,trial,7,B,D,0,2383.158,10.2429999999999,10/17/2023 12:00:00 AM,13:05:27.5481895
9191,UTA Session 2,trial,8,D,A,0,2397.121,4.0630000000001,10/17/2023 12:00:00 AM,13:05:35.3305872
9191,UTA Session 2,trial,9,C,C,1,2404.068,6.00199999999995,10/17/2023 12:00:00 AM,13:05:44.2171237
9191,UTA Session 2,trial,10,C,C,1,2412.628,9.73399999999992,10/17/2023 12:00:00 AM,13:05:56.5091022
9191,UTA Session 2,trial,11,B,E,0,2425.234,3.98399999999992,10/17/2023 12:00:00 AM,13:06:03.3650936
9191,UTA Session 2,trial,12,E,A,0,2433.247,12.1060000000002,10/17/2023 12:00:00 AM,13:06:19.5006106
9191,UTA Session 2,trial,13,B,B,1,2448.615,12.0250000000001,10/17/2023 12:00:00 AM,13:06:34.7867876
9191,UTA Session 2,trial,14,A,A,1,2463.534,3.04799999999977,10/17/2023 12:00:00 AM,13:06:40.7290743
9191,UTA Session 2,trial,15,E,D,0,2469.348,21.1240000000003,10/17/2023 12:00:00 AM,13:07:04.6192705
9191,UTA Session 2,trial,16,B,C,0,2496.122,6.93600000000015,10/17/2023 12:00:00 AM,13:07:17.2047240
9191,UTA Session 2,trial,17,A,A,1,2515.413,3.82600000000002,10/17/2023 12:00:00 AM,13:07:33.3862931
9191,UTA Session 2,trial,18,D,D,1,2522.107,10.3560000000002,10/17/2023 12:00:00 AM,13:07:46.6099493
9191,UTA Session 2,trial,19,E,E,1,2535.236,7.89699999999993,10/17/2023 12:00:00 AM,13:07:57.2802745
9191,UTA Session 2,trial,20,D,D,1,2545.877,6.30600000000004,10/17/2023 12:00:00 AM,13:08:06.3304904
9191,UTA Session 2,trial,21,A,A,1,2555.157,7.41899999999987,10/17/2023 12:00:00 AM,13:08:16.7234041
9191,UTA Session 2,trial,22,A,A,1,2566.01,5.52999999999975,10/17/2023 12:00:00 AM,13:08:25.6874711
9191,UTA Session 2,trial,23,D,D,1,2574.638,10.0860000000002,10/17/2023 12:00:00 AM,13:08:38.8711693
9191,UTA Session 2,trial,24,D,D,1,2587.432,7.66600000000017,10/17/2023 12:00:00 AM,13:08:49.2467035
9191,UTA Session 2,trial,25,E,E,1,2598.192,12.8139999999999,10/17/2023 12:00:00 AM,13:09:05.1522652
9191,UTA Session 2,trial,26,D,B,0,2613.759,7.50799999999981,10/17/2023 12:00:00 AM,13:09:15.4138961
9191,UTA Session 2,trial,27,E,A,0,2624.808,7.87800000000016,10/17/2023 12:00:00 AM,13:09:26.8316513
9191,UTA Session 2,trial,28,C,C,1,2635.663,8.37100000000009,10/17/2023 12:00:00 AM,13:09:38.1796784
9191,UTA Session 2,trial,29,C,C,1,2646.798,12.1900000000001,10/17/2023 12:00:00 AM,13:09:53.1335437
9191,UTA Session 2,trial,30,D,D,1,2661.909,7.14499999999998,10/17/2023 12:00:00 AM,13:10:03.1987664
9191,UTA Session 2,trial,31,C,C,1,2671.75,6.05699999999979,10/17/2023 12:00:00 AM,13:10:11.9526397
9191,UTA Session 2,trial,32,E,E,1,2680.661,9.39800000000014,10/17/2023 12:00:00 AM,13:10:24.2039619
9191,UTA Session 2,trial,33,A,B,0,2692.846,3.25399999999991,10/17/2023 12:00:00 AM,13:10:30.2457784
9191,UTA Session 2,trial,34,E,A,0,2701.541,4.14999999999964,10/17/2023 12:00:00 AM,13:10:39.8359303
9191,UTA Session 2,trial,35,C,C,1,2709.888,8.47400000000016,10/17/2023 12:00:00 AM,13:10:52.5072241
9190,UTA Session 2,practice,1,B,B,1,2813.305,13.5150000000003,10/17/2023 12:00:00 AM,12:59:43.8524060
9190,UTA Session 2,practice,2,B,A,0,2851.889,8.02299999999968,10/17/2023 12:00:00 AM,13:00:16.9420989
9190,UTA Session 2,practice,3,C,C,1,2862.753,6.05099999999993,10/17/2023 12:00:00 AM,13:00:25.8348209
9190,UTA Session 2,practice,4,A,A,1,2870.127,3.99900000000025,10/17/2023 12:00:00 AM,13:00:31.1560897
9190,UTA Session 2,trial,1,B,B,1,2905.558,16.3820000000001,10/17/2023 12:00:00 AM,13:01:18.9711370
9190,UTA Session 2,trial,2,B,B,1,2925.722,11.8219999999997,10/17/2023 12:00:00 AM,13:01:34.5744559
9190,UTA Session 2,trial,3,C,B,0,2941.574,5.52599999999984,10/17/2023 12:00:00 AM,13:01:44.1306581
9190,UTA Session 2,trial,4,A,A,1,2955.33,6.33199999999988,10/17/2023 12:00:00 AM,13:01:58.6929432
9190,UTA Session 2,trial,5,B,A,0,2964.814,8.61000000000013,10/17/2023 12:00:00 AM,13:02:10.4548761
9190,UTA Session 2,trial,6,D,D,1,2990.136,9.03200000000015,10/17/2023 12:00:00 AM,13:02:36.1988483
9190,UTA Session 2,trial,7,B,C,0,3002.43,8.23600000000033,10/17/2023 12:00:00 AM,13:02:47.6976977
9190,UTA Session 2,trial,8,D,D,1,3016.531,9.16300000000001,10/17/2023 12:00:00 AM,13:03:02.7253713
9190,UTA Session 2,trial,9,C,A,0,3029.123,16.5769999999998,10/17/2023 12:00:00 AM,13:03:22.7315313
9190,UTA Session 2,trial,10,C,C,1,3049.314,8.94800000000032,10/17/2023 12:00:00 AM,13:03:35.2933668
9190,UTA Session 2,trial,11,B,B,1,3061.606,11.6899999999996,10/17/2023 12:00:00 AM,13:03:50.3276050
9190,UTA Session 2,trial,12,E,C,0,3076.452,9.79199999999992,10/17/2023 12:00:00 AM,13:04:03.2756164
9190,UTA Session 2,trial,13,B,B,1,3091.697,13.3710000000001,10/17/2023 12:00:00 AM,13:04:22.0997212
9190,UTA Session 2,trial,14,A,A,1,3108.07,10.2509999999997,10/17/2023 12:00:00 AM,13:04:35.3521842
9190,UTA Session 2,trial,15,E,E,1,3121.519,11.5130000000004,10/17/2023 12:00:00 AM,13:04:50.0635218
9190,UTA Session 2,trial,16,B,B,1,3136.126,20.7559999999999,10/17/2023 12:00:00 AM,13:05:13.9135745
9190,UTA Session 2,trial,17,A,A,1,3160.281,11.0920000000001,10/17/2023 12:00:00 AM,13:05:28.4051390
9190,UTA Session 2,trial,18,D,D,1,3174.301,12.0900000000001,10/17/2023 12:00:00 AM,13:05:43.4224895
9190,UTA Session 2,trial,19,E,E,1,3189.651,13.2490000000003,10/17/2023 12:00:00 AM,13:05:59.9313606
9190,UTA Session 2,trial,20,D,E,0,3206.148,12.2429999999999,10/17/2023 12:00:00 AM,13:06:15.4224290
9190,UTA Session 2,trial,21,A,A,1,3223.361,48.7130000000002,10/17/2023 12:00:00 AM,13:07:09.1060498
9190,UTA Session 2,trial,22,A,A,1,3275.163,9.02399999999989,10/17/2023 12:00:00 AM,13:07:21.2184915
9190,UTA Session 2,trial,23,D,D,1,3287.107,16.462,10/17/2023 12:00:00 AM,13:07:40.6005513
9190,UTA Session 2,trial,24,D,E,0,3306.367,6.69599999999991,10/17/2023 12:00:00 AM,13:07:50.0946349
9190,UTA Session 2,trial,25,E,D,0,3317.569,9.971,10/17/2023 12:00:00 AM,13:08:04.5711635
9190,UTA Session 2,trial,26,D,D,1,3330.53,11.3429999999998,10/17/2023 12:00:00 AM,13:08:18.9035911
9190,UTA Session 2,trial,27,E,E,1,3344.766,13.4560000000001,10/17/2023 12:00:00 AM,13:08:35.2533510
9195,UTA Session 2,practice,1,B,E,0,2225.868,15.6240000000003,10/17/2023 12:00:00 AM,15:59:54.3520315
9195,UTA Session 2,practice,2,B,C,0,2259.413,9.71099999999979,10/17/2023 12:00:00 AM,16:00:21.9830641
9195,UTA Session 2,practice,3,C,C,1,2279.55,9.78800000000001,10/17/2023 12:00:00 AM,16:00:42.1979990
9195,UTA Session 2,practice,4,A,B,0,2293.762,2.44599999999991,10/17/2023 12:00:00 AM,16:00:49.0682837
9195,UTA Session 2,trial,1,B,C,0,2317.845,13.145,10/17/2023 12:00:00 AM,16:01:23.8528227
9195,UTA Session 2,trial,2,B,A,0,2334.181,4.29100000000017,10/17/2023 12:00:00 AM,16:01:31.3335636
9195,UTA Session 2,trial,3,C,B,0,2341.705,6.92900000000009,10/17/2023 12:00:00 AM,16:01:41.4968486
9195,UTA Session 2,trial,4,A,C,0,2351.687,1.96900000000005,10/17/2023 12:00:00 AM,16:01:46.5184076
9195,UTA Session 2,trial,5,B,A,0,2356.796,11.4190000000003,10/17/2023 12:00:00 AM,16:02:01.0780823
9195,UTA Session 2,trial,6,D,D,1,2371.648,4.11999999999989,10/17/2023 12:00:00 AM,16:02:08.6311620
9195,UTA Session 2,trial,7,B,D,0,2379.801,4.39899999999989,10/17/2023 12:00:00 AM,16:02:17.0639404
9195,UTA Session 2,trial,8,D,C,0,2387.906,2.67999999999984,10/17/2023 12:00:00 AM,16:02:23.4486905
9195,UTA Session 2,trial,9,C,A,0,2394.317,9.81500000000005,10/17/2023 12:00:00 AM,16:02:36.9952827
9195,UTA Session 2,trial,10,C,C,1,2407.42,2.00099999999975,10/17/2023 12:00:00 AM,16:02:42.2864453
9195,UTA Session 2,trial,11,B,E,0,2412.529,5.40999999999985,10/17/2023 12:00:00 AM,16:02:50.8042172
9195,UTA Session 2,trial,12,E,D,0,2421.415,13.1590000000001,10/17/2023 12:00:00 AM,16:03:07.4387948
9195,UTA Session 2,trial,13,B,E,0,2437.335,3.81500000000005,10/17/2023 12:00:00 AM,16:03:14.0154967
9195,UTA Session 2,trial,14,A,A,1,2444.013,6.69200000000001,10/17/2023 12:00:00 AM,16:03:23.5714608
9195,UTA Session 2,trial,15,E,E,1,2453.901,10.5150000000003,10/17/2023 12:00:00 AM,16:03:37.2832823
9195,UTA Session 2,trial,16,B,A,0,2467.664,9.92399999999998,10/17/2023 12:00:00 AM,16:03:50.4544771
9195,UTA Session 2,trial,17,A,B,0,2480.828,6.22800000000007,10/17/2023 12:00:00 AM,16:03:59.9236583
9195,UTA Session 2,trial,18,D,D,1,2490.28,8.46799999999985,10/17/2023 12:00:00 AM,16:04:11.6152100
9195,UTA Session 2,trial,19,E,E,1,2501.969,7.03899999999976,10/17/2023 12:00:00 AM,16:04:21.8758042
9195,UTA Session 2,trial,20,D,B,0,2511.885,10.2709999999997,10/17/2023 12:00:00 AM,16:04:35.0244112
9195,UTA Session 2,trial,21,A,A,1,2525.445,3.23699999999963,10/17/2023 12:00:00 AM,16:04:41.5506983
9195,UTA Session 2,trial,22,A,B,0,2531.54,9.18200000000024,10/17/2023 12:00:00 AM,16:04:53.5905699
9195,UTA Session 2,trial,23,D,A,0,2544.235,2.56700000000001,10/17/2023 12:00:00 AM,16:04:59.6709157
9195,UTA Session 2,trial,24,D,E,0,2550.014,5.10599999999977,10/17/2023 12:00:00 AM,16:05:07.9877908
9195,UTA Session 2,trial,25,E,B,0,2557.935,7.24499999999989,10/17/2023 12:00:00 AM,16:05:18.0478952
9195,UTA Session 2,trial,26,D,D,1,2568.4,4.67399999999998,10/17/2023 12:00:00 AM,16:05:25.9421850
9195,UTA Session 2,trial,27,E,B,0,2576.183,4.84900000000016,10/17/2023 12:00:00 AM,16:05:33.9009482
9195,UTA Session 2,trial,28,C,A,0,2583.936,5.67999999999984,10/17/2023 12:00:00 AM,16:05:42.4840024
9195,UTA Session 2,trial,29,C,B,0,2592.588,3.9689999999996,10/17/2023 12:00:00 AM,16:05:49.4247490
9195,UTA Session 2,trial,30,D,E,0,2599.756,3.56500000000005,10/17/2023 12:00:00 AM,16:05:56.1902281
9195,UTA Session 2,trial,31,C,A,0,2606.196,9.44399999999996,10/17/2023 12:00:00 AM,16:06:08.5077878
9195,UTA Session 2,trial,32,E,B,0,2618.687,6.55099999999993,10/17/2023 12:00:00 AM,16:06:18.1070227
9195,UTA Session 2,trial,33,A,B,0,2628.139,5.53999999999996,10/17/2023 12:00:00 AM,16:06:26.5479513
9195,UTA Session 2,trial,34,E,A,0,2636.779,7.63500000000022,10/17/2023 12:00:00 AM,16:06:37.2832810
9195,UTA Session 2,trial,35,C,B,0,2647.485,2.33500000000004,10/17/2023 12:00:00 AM,16:06:42.6893225
9194,UTA Session 2,practice,1,B,B,1,2906.106,23.4359999999997,10/17/2023 12:00:00 AM,16:13:03.1415914
9194,UTA Session 2,practice,2,B,B,1,2991.061,12.2849999999999,10/17/2023 12:00:00 AM,16:14:16.9427424
9194,UTA Session 2,practice,3,C,C,1,3004.958,9.9989999999998,10/17/2023 12:00:00 AM,16:14:28.5531425
9194,UTA Session 2,practice,4,A,B,0,3016.671,7.28600000000006,10/17/2023 12:00:00 AM,16:14:37.5533249
9194,UTA Session 2,trial,1,B,B,1,3047.234,17.259,10/17/2023 12:00:00 AM,16:15:18.0907745
9194,UTA Session 2,trial,2,B,B,1,3067.583,9.47699999999986,10/17/2023 12:00:00 AM,16:15:30.6571081
9194,UTA Session 2,trial,3,C,C,1,3080.115,15.8220000000001,10/17/2023 12:00:00 AM,16:15:49.5338396
9194,UTA Session 2,trial,4,A,E,0,3101.819,14.9380000000001,10/17/2023 12:00:00 AM,16:16:10.3536194
9194,UTA Session 2,trial,5,B,D,0,3124.91,15.8800000000001,10/17/2023 12:00:00 AM,16:16:34.3862685
9194,UTA Session 2,trial,6,D,D,1,3146.183,15.6709999999998,10/17/2023 12:00:00 AM,16:16:55.4510615
9194,UTA Session 2,trial,7,B,D,0,3164.924,25.0729999999999,10/17/2023 12:00:00 AM,16:17:23.5925467
9194,UTA Session 2,trial,8,D,B,0,3194.127,24.598,10/17/2023 12:00:00 AM,16:17:52.3193948
9194,UTA Session 2,trial,9,C,D,0,3223.015,9.83800000000019,10/17/2023 12:00:00 AM,16:18:06.4475506
9194,UTA Session 2,trial,10,C,D,0,3235.992,15.2219999999998,10/17/2023 12:00:00 AM,16:18:24.8093641
9194,UTA Session 2,trial,11,B,B,1,3259.056,15.9209999999998,10/17/2023 12:00:00 AM,16:18:48.5732476
9194,UTA Session 2,trial,12,E,C,0,3278.125,8.53400000000011,10/17/2023 12:00:00 AM,16:19:00.2545365
9194,UTA Session 2,trial,13,B,D,0,3289.564,12.471,10/17/2023 12:00:00 AM,16:19:15.6293729
9194,UTA Session 2,trial,14,A,A,1,3314.316,16.7890000000002,10/17/2023 12:00:00 AM,16:19:44.7004856
9194,UTA Session 2,trial,15,E,A,0,3334.132,25.1329999999998,10/17/2023 12:00:00 AM,16:20:12.8599428
9194,UTA Session 2,trial,16,B,B,1,3362.443,28.5159999999996,10/17/2023 12:00:00 AM,16:20:44.5538725
9194,UTA Session 2,trial,17,A,A,1,3394.103,16.4560000000001,10/17/2023 12:00:00 AM,16:21:04.1538915
9194,UTA Session 2,trial,18,D,A,0,3413.4,37.3009999999999,10/17/2023 12:00:00 AM,16:21:44.2954250
9194,UTA Session 2,trial,19,E,A,0,3453.704,10.7749999999996,10/17/2023 12:00:00 AM,16:21:58.0748075
9194,UTA Session 2,trial,20,D,A,0,3467.412,6.35100000000011,10/17/2023 12:00:00 AM,16:22:07.3576591
9194,UTA Session 2,trial,21,A,A,1,3476.882,13.7370000000001,10/17/2023 12:00:00 AM,16:22:24.2139746
9194,UTA Session 2,trial,22,A,C,0,3493.65,13.5009999999997,10/17/2023 12:00:00 AM,16:22:40.7455584
9193,UTA Session 2,practice,1,B,B,1,3056.198,43.0010000000002,10/17/2023 12:00:00 AM,16:16:14.3739533
9193,UTA Session 2,practice,2,B,C,0,3124.366,16.5569999999998,10/17/2023 12:00:00 AM,16:16:56.0971525
9193,UTA Session 2,practice,3,C,E,0,3146.759,27.6179999999999,10/17/2023 12:00:00 AM,16:17:29.5519253
9193,UTA Session 2,practice,4,A,C,0,3179.37,10.7280000000001,10/17/2023 12:00:00 AM,16:17:45.2741398
9193,UTA Session 2,trial,1,B,D,0,3235.88,14.078,10/17/2023 12:00:00 AM,16:18:45.1376387
9193,UTA Session 2,trial,2,B,E,0,3253.218,14.6240000000003,10/17/2023 12:00:00 AM,16:19:03.0203893
9193,UTA Session 2,trial,3,C,B,0,3272.854,10.998,10/17/2023 12:00:00 AM,16:19:19.0304835
9193,UTA Session 2,trial,4,A,A,1,3287.243,6.03900000000021,10/17/2023 12:00:00 AM,16:19:28.4612702
9193,UTA Session 2,trial,5,B,B,1,3296.204,18.2829999999999,10/17/2023 12:00:00 AM,16:19:49.6660049
9193,UTA Session 2,trial,6,D,D,1,3317.687,5.69900000000007,10/17/2023 12:00:00 AM,16:19:58.5649144
9193,UTA Session 2,trial,7,B,B,1,3326.365,9.47400000000016,10/17/2023 12:00:00 AM,16:20:11.0183290
9193,UTA Session 2,trial,8,D,D,1,3339.1,6.92000000000007,10/17/2023 12:00:00 AM,16:20:21.1997956
9193,UTA Session 2,trial,9,C,D,0,3349.051,8.875,10/17/2023 12:00:00 AM,16:20:33.1063807
9193,UTA Session 2,trial,10,C,A,0,3362.274,12.7440000000001,10/17/2023 12:00:00 AM,16:20:50.1981571
9193,UTA Session 2,trial,11,B,B,1,3378.295,6.40900000000011,10/17/2023 12:00:00 AM,16:20:59.8840123
9193,UTA Session 2,trial,12,E,A,0,3387.682,5.60500000000002,10/17/2023 12:00:00 AM,16:21:08.4675888
9193,UTA Session 2,trial,13,B,E,0,3396.587,7.26499999999987,10/17/2023 12:00:00 AM,16:21:19.0328376
9193,UTA Session 2,trial,14,A,C,0,3407.045,6.48500000000013,10/17/2023 12:00:00 AM,16:21:28.7098320
9193,UTA Session 2,trial,15,E,C,0,3419.483,8.22699999999986,10/17/2023 12:00:00 AM,16:21:42.8895499
9193,UTA Session 2,trial,16,B,B,1,3431.552,17.0919999999996,10/17/2023 12:00:00 AM,16:22:03.8257271
9193,UTA Session 2,trial,17,A,A,1,3451.724,16.4759999999997,10/17/2023 12:00:00 AM,16:22:23.3811338
9193,UTA Session 2,trial,18,D,D,1,3471.467,13.6390000000001,10/17/2023 12:00:00 AM,16:22:40.2872583
9193,UTA Session 2,trial,19,E,E,1,3487.967,15.2190000000001,10/17/2023 12:00:00 AM,16:22:58.3669108
9193,UTA Session 2,trial,20,D,D,1,3506.176,13.8139999999999,10/17/2023 12:00:00 AM,16:23:15.1717295
9193,UTA Session 2,trial,21,A,B,0,3522.825,10.0970000000002,10/17/2023 12:00:00 AM,16:23:28.1034690
9193,UTA Session 2,trial,22,A,D,0,3537.174,8.60800000000017,10/17/2023 12:00:00 AM,16:23:40.9633796
9193,UTA Session 2,trial,23,D,E,0,3549.023,10.3489999999997,10/17/2023 12:00:00 AM,16:23:54.5541506
9193,UTA Session 2,trial,24,D,E,0,3562.373,8.56500000000005,10/17/2023 12:00:00 AM,16:24:06.1199526
9193,UTA Session 2,trial,25,E,C,0,3573.79,10.3099999999999,10/17/2023 12:00:00 AM,16:24:19.2821072
9193,UTA Session 2,trial,26,D,E,0,3587.496,13.9269999999997,10/17/2023 12:00:00 AM,16:24:36.6053480
9193,UTA Session 2,trial,27,E,E,1,3604.234,11.3980000000001,10/17/2023 12:00:00 AM,16:24:50.8134601
9193,UTA Session 2,trial,28,C,C,1,3618.537,6.93200000000024,10/17/2023 12:00:00 AM,16:25:00.6515180
9193,UTA Session 2,trial,29,C,A,0,3628.289,12.0209999999997,10/17/2023 12:00:00 AM,16:25:15.4915512
9193,UTA Session 2,trial,30,D,E,0,3646.583,7.63000000000011,10/17/2023 12:00:00 AM,16:25:29.3951619
9193,UTA Session 2,trial,31,C,A,0,3657.313,8.89300000000003,10/17/2023 12:00:00 AM,16:25:41.3872990
9193,UTA Session 2,trial,32,E,A,0,3669.379,6.41899999999987,10/17/2023 12:00:00 AM,16:25:50.9796691
9193,UTA Session 2,trial,33,A,A,1,3679.273,12.8209999999999,10/17/2023 12:00:00 AM,16:26:07.2772520
9197,UTA Session 2,practice,1,B,C,0,1886.253,10.5840000000001,10/18/2023 12:00:00 AM,09:54:55.4807917
9197,UTA Session 2,practice,2,B,E,0,1909.047,13.4880000000001,10/18/2023 12:00:00 AM,09:55:21.1782941
9197,UTA Session 2,practice,3,C,B,0,1925.379,9.875,10/18/2023 12:00:00 AM,09:55:33.8978471
9197,UTA Session 2,practice,4,A,A,1,1937.48,10.451,10/18/2023 12:00:00 AM,09:55:46.5741267
9197,UTA Session 2,trial,1,B,E,0,1958.941,13.7329999999999,10/18/2023 12:00:00 AM,09:56:11.3202128
9197,UTA Session 2,trial,2,B,C,0,1977.549,5.68100000000004,10/18/2023 12:00:00 AM,09:56:21.8737621
9197,UTA Session 2,trial,3,C,A,0,1986.343,11.9489999999998,10/18/2023 12:00:00 AM,09:56:36.9363785
9197,UTA Session 2,trial,4,A,A,1,2001.149,9.24200000000019,10/18/2023 12:00:00 AM,09:56:49.0357268
9197,UTA Session 2,trial,5,B,E,0,2013.491,5.74600000000009,10/18/2023 12:00:00 AM,09:56:57.8828992
9197,UTA Session 2,trial,6,D,D,1,2021.87,13.537,10/18/2023 12:00:00 AM,09:57:14.0525661
9197,UTA Session 2,trial,7,B,D,0,2038.32,4.12699999999995,10/18/2023 12:00:00 AM,09:57:21.0927470
9197,UTA Session 2,trial,8,D,C,0,2044.997,9.16499999999974,10/18/2023 12:00:00 AM,09:57:32.8072054
9197,UTA Session 2,trial,9,C,C,1,2057.015,3.08500000000004,10/18/2023 12:00:00 AM,09:57:38.7468981
9197,UTA Session 2,trial,10,C,A,0,2062.793,2.66199999999981,10/18/2023 12:00:00 AM,09:57:44.1014354
9197,UTA Session 2,trial,11,B,B,1,2069.428,2.94000000000005,10/18/2023 12:00:00 AM,09:57:51.0151725
9197,UTA Session 2,trial,12,E,E,1,2075.182,5.27800000000025,10/18/2023 12:00:00 AM,09:57:59.1075734
9197,UTA Session 2,trial,13,B,D,0,2082.993,4.76400000000012,10/18/2023 12:00:00 AM,09:58:06.4037160
9197,UTA Session 2,trial,14,A,A,1,2090.311,10.0839999999998,10/18/2023 12:00:00 AM,09:58:19.0426150
9197,UTA Session 2,trial,15,E,D,0,2103.474,6.25199999999995,10/18/2023 12:00:00 AM,09:58:28.3731855
9197,UTA Session 2,trial,16,B,B,1,2112.418,3.41300000000001,10/18/2023 12:00:00 AM,09:58:34.4779063
9197,UTA Session 2,trial,17,A,A,1,2118.557,5.61800000000039,10/18/2023 12:00:00 AM,09:58:42.8227686
9197,UTA Session 2,trial,18,D,B,0,2127.048,3.21600000000035,10/18/2023 12:00:00 AM,09:58:48.9119706
9197,UTA Session 2,trial,19,E,B,0,2132.933,3.50399999999991,10/18/2023 12:00:00 AM,09:58:55.0852058
9197,UTA Session 2,trial,20,D,D,1,2139.15,3.92200000000003,10/18/2023 12:00:00 AM,09:59:01.7203788
9197,UTA Session 2,trial,21,A,E,0,2145.833,3.23099999999977,10/18/2023 12:00:00 AM,09:59:07.7118251
9197,UTA Session 2,trial,22,A,A,1,2151.606,6.29799999999977,10/18/2023 12:00:00 AM,09:59:16.5518478
9197,UTA Session 2,trial,23,D,A,0,2160.561,2.54299999999967,10/18/2023 12:00:00 AM,09:59:21.7517417
9197,UTA Session 2,trial,24,D,C,0,2166.375,5.0590000000002,10/18/2023 12:00:00 AM,09:59:30.0823748
9197,UTA Session 2,trial,25,E,A,0,2174.197,2.79899999999998,10/18/2023 12:00:00 AM,09:59:35.6438382
9197,UTA Session 2,trial,26,D,B,0,2180.382,4.48000000000002,10/18/2023 12:00:00 AM,09:59:43.5094798
9197,UTA Session 2,trial,27,E,B,0,2188.157,12.5309999999999,10/18/2023 12:00:00 AM,09:59:59.3364810
9197,UTA Session 2,trial,28,C,E,0,2203.844,8.02599999999984,10/18/2023 12:00:00 AM,10:00:10.5177664
9197,UTA Session 2,trial,29,C,D,0,2214.458,6.27999999999975,10/18/2023 12:00:00 AM,10:00:19.3864642
9197,UTA Session 2,trial,30,D,D,1,2223.62,13.6179999999999,10/18/2023 12:00:00 AM,10:00:35.8872401
9197,UTA Session 2,trial,31,C,E,0,2239.86,5.8119999999999,10/18/2023 12:00:00 AM,10:00:44.3218177
9197,UTA Session 2,trial,32,E,B,0,2248.405,7.22699999999986,10/18/2023 12:00:00 AM,10:00:54.2815925
9197,UTA Session 2,trial,33,A,E,0,2259.464,5.11900000000014,10/18/2023 12:00:00 AM,10:01:03.2333224
9197,UTA Session 2,trial,34,E,A,0,2267.276,4.33800000000019,10/18/2023 12:00:00 AM,10:01:10.2630875
9197,UTA Session 2,trial,35,C,D,0,2275.639,7.12300000000005,10/18/2023 12:00:00 AM,10:01:21.4118851
9196,UTA Session 2,practice,1,B,B,1,2985.33,62.4279999999999,10/18/2023 12:00:00 AM,10:15:06.4859775
9196,UTA Session 2,practice,2,B,B,1,3178.614,13.2069999999999,10/18/2023 12:00:00 AM,10:17:30.5454531
9196,UTA Session 2,practice,3,C,C,1,3193.797,11.2269999999999,10/18/2023 12:00:00 AM,10:17:43.7479372
9196,UTA Session 2,practice,4,A,A,1,3206.297,5.99600000000009,10/18/2023 12:00:00 AM,10:17:51.0173761
9196,UTA Session 2,trial,1,B,B,1,3317.015,23.0990000000002,10/18/2023 12:00:00 AM,10:19:58.8402871
9196,UTA Session 2,trial,2,B,B,1,3343.174,6.22200000000021,10/18/2023 12:00:00 AM,10:20:08.1210562
9196,UTA Session 2,trial,3,C,C,1,3352.248,8.8420000000001,10/18/2023 12:00:00 AM,10:20:19.8138795
9196,UTA Session 2,trial,4,A,A,1,3363.821,4.3760000000002,10/18/2023 12:00:00 AM,10:20:26.9209068
9196,UTA Session 2,trial,5,B,A,0,3371.065,8.04500000000007,10/18/2023 12:00:00 AM,10:20:37.8351336
9196,UTA Session 2,trial,6,D,D,1,3393.485,16.9670000000001,10/18/2023 12:00:00 AM,10:21:09.1768003
9196,UTA Session 2,trial,7,B,B,1,3413.645,31.721,10/18/2023 12:00:00 AM,10:21:44.0903526
9196,UTA Session 2,trial,8,D,A,0,3448.498,16.29,10/18/2023 12:00:00 AM,10:22:03.5126501
9196,UTA Session 2,trial,9,C,C,1,3467.617,8.99299999999994,10/18/2023 12:00:00 AM,10:22:15.3338210
9196,UTA Session 2,trial,10,C,C,1,3479.835,13.0410000000002,10/18/2023 12:00:00 AM,10:22:31.6005477
9196,UTA Session 2,trial,11,B,D,0,3495.995,7.13000000000011,10/18/2023 12:00:00 AM,10:22:41.8495613
9196,UTA Session 2,trial,12,E,A,0,3505.813,5.3130000000001,10/18/2023 12:00:00 AM,10:22:49.8501544
9196,UTA Session 2,trial,13,B,C,0,3516.294,8.81400000000031,10/18/2023 12:00:00 AM,10:23:03.8316430
9196,UTA Session 2,trial,14,A,A,1,3529.156,2.85199999999986,10/18/2023 12:00:00 AM,10:23:10.7321008
9196,UTA Session 2,trial,15,E,D,0,3534.822,7.50900000000001,10/18/2023 12:00:00 AM,10:23:21.0554596
9196,UTA Session 2,trial,16,B,B,1,3545.284,12.5160000000001,10/18/2023 12:00:00 AM,10:23:36.5235024
9196,UTA Session 2,trial,17,A,A,1,3560.731,13.4929999999999,10/18/2023 12:00:00 AM,10:23:52.9480530
9196,UTA Session 2,trial,18,D,D,1,3577.37,8.30799999999999,10/18/2023 12:00:00 AM,10:24:04.4026402
9196,UTA Session 2,trial,19,E,A,0,3588.379,18.4360000000001,10/18/2023 12:00:00 AM,10:24:25.5386692
9196,UTA Session 2,trial,20,D,E,0,3609.776,7.65599999999995,10/18/2023 12:00:00 AM,10:24:36.1558142
9196,UTA Session 2,trial,21,A,E,0,3620.467,6.54300000000012,10/18/2023 12:00:00 AM,10:24:45.7341422
9196,UTA Session 2,trial,22,A,A,1,3630.316,5.83400000000029,10/18/2023 12:00:00 AM,10:24:54.8745753
9196,UTA Session 2,trial,23,D,D,1,3639.935,8.01200000000017,10/18/2023 12:00:00 AM,10:25:06.6707824
9196,UTA Session 2,trial,24,D,E,0,3650.797,4.08100000000013,10/18/2023 12:00:00 AM,10:25:13.6016186
9196,UTA Session 2,trial,25,E,D,0,3658.055,4.8760000000002,10/18/2023 12:00:00 AM,10:25:21.6547186
9196,UTA Session 2,trial,26,D,B,0,3666.283,8.88500000000022,10/18/2023 12:00:00 AM,10:25:33.8917208
9196,UTA Session 2,trial,27,E,E,1,3679.494,11.1120000000001,10/18/2023 12:00:00 AM,10:25:49.3296751
9196,UTA Session 2,trial,28,C,C,1,3693.422,14.607,10/18/2023 12:00:00 AM,10:26:06.7529355
9196,UTA Session 2,trial,29,C,C,1,3710.977,12.4430000000002,10/18/2023 12:00:00 AM,10:26:22.1440043
9196,UTA Session 2,trial,30,D,D,1,3726.3,8.35599999999977,10/18/2023 12:00:00 AM,10:26:33.3802451
9196,UTA Session 2,trial,31,C,E,0,3737.44,10.913,10/18/2023 12:00:00 AM,10:26:47.0762497
9196,UTA Session 2,trial,32,E,E,1,3751.496,6.78400000000011,10/18/2023 12:00:00 AM,10:26:57.0044013
9196,UTA Session 2,trial,33,A,B,0,3761.468,6.02700000000004,10/18/2023 12:00:00 AM,10:27:06.2188982
9198,UTA Session 2,practice,1,B,B,1,2933.479,11.5150000000003,10/18/2023 12:00:00 AM,11:22:19.2979877
9198,UTA Session 2,practice,2,B,B,1,2997.705,20.701,10/18/2023 12:00:00 AM,11:23:32.7084514
9198,UTA Session 2,practice,3,C,C,1,3020.885,6.62099999999964,10/18/2023 12:00:00 AM,11:23:41.8093319
9198,UTA Session 2,practice,4,A,A,1,3029.848,6.97200000000021,10/18/2023 12:00:00 AM,11:23:51.1225240
9198,UTA Session 2,trial,1,B,B,1,3048.266,5.41599999999971,10/18/2023 12:00:00 AM,11:24:07.9872441
9198,UTA Session 2,trial,2,B,C,0,3056.802,11.866,10/18/2023 12:00:00 AM,11:24:22.9717354
9198,UTA Session 2,trial,3,C,C,1,3079.119,7.54299999999967,10/18/2023 12:00:00 AM,11:24:40.9663256
9198,UTA Session 2,trial,4,A,A,1,3089.751,14.0209999999997,10/18/2023 12:00:00 AM,11:24:58.0759887
9198,UTA Session 2,trial,5,B,A,0,3106.895,9.5329999999999,10/18/2023 12:00:00 AM,11:25:10.7324317
9198,UTA Session 2,trial,6,D,B,0,3121.16,12.0420000000004,10/18/2023 12:00:00 AM,11:25:27.5061761
9198,UTA Session 2,trial,7,B,D,0,3142.038,8.95600000000013,10/18/2023 12:00:00 AM,11:25:45.2977923
9198,UTA Session 2,trial,8,D,C,0,3155.898,11.038,10/18/2023 12:00:00 AM,11:26:01.2405286
9198,UTA Session 2,trial,9,C,C,1,3170.1,5.91400000000021,10/18/2023 12:00:00 AM,11:26:10.3194174
9198,UTA Session 2,trial,10,C,A,0,3180.072,14.1559999999999,10/18/2023 12:00:00 AM,11:26:28.5326600
9198,UTA Session 2,trial,11,B,B,1,3208.279,16.1889999999999,10/18/2023 12:00:00 AM,11:26:58.7739281
9198,UTA Session 2,trial,12,E,A,0,3227.717,9.72600000000011,10/18/2023 12:00:00 AM,11:27:11.7480896
9198,UTA Session 2,trial,13,B,D,0,3242.403,16.4290000000001,10/18/2023 12:00:00 AM,11:27:33.1362764
9198,UTA Session 2,trial,14,A,A,1,3262.225,11.0010000000002,10/18/2023 12:00:00 AM,11:27:47.5303649
9198,UTA Session 2,trial,15,E,D,0,3276.761,16.2869999999998,10/18/2023 12:00:00 AM,11:28:07.3529794
9198,UTA Session 2,trial,16,B,D,0,3319.718,8.48199999999997,10/18/2023 12:00:00 AM,11:28:42.5051385
9198,UTA Session 2,trial,17,A,A,1,3335.847,10.4109999999996,10/18/2023 12:00:00 AM,11:29:00.5626942
9198,UTA Session 2,trial,18,D,B,0,3349.263,25.4430000000002,10/18/2023 12:00:00 AM,11:29:29.0116649
9198,UTA Session 2,trial,19,E,B,0,3382.941,21.1440000000002,10/18/2023 12:00:00 AM,11:29:58.3906911
9198,UTA Session 2,trial,20,D,E,0,3412.047,14.6869999999999,10/18/2023 12:00:00 AM,11:30:21.0395433
9198,UTA Session 2,trial,21,A,D,0,3429.595,0.739000000000033,10/18/2023 12:00:00 AM,11:30:24.6386308
9198,UTA Session 2,trial,22,A,D,0,3433.165,0.387000000000171,10/18/2023 12:00:00 AM,11:30:27.8568324
9198,UTA Session 2,trial,23,D,B,0,3436.496,0.692000000000007,10/18/2023 12:00:00 AM,11:30:31.4932349
9198,UTA Session 2,trial,24,D,C,0,3439.708,0.454999999999927,10/18/2023 12:00:00 AM,11:30:34.4682417
9198,UTA Session 2,trial,25,E,D,0,3442.844,0.496000000000095,10/18/2023 12:00:00 AM,11:30:37.6454234
9198,UTA Session 2,trial,26,D,B,0,3446.266,0.427999999999884,10/18/2023 12:00:00 AM,11:30:40.9994479
9198,UTA Session 2,trial,27,E,C,0,3449.466,0.441000000000258,10/18/2023 12:00:00 AM,11:30:44.2115565
9198,UTA Session 2,trial,28,C,C,1,3452.487,0.536999999999807,10/18/2023 12:00:00 AM,11:30:47.3294650
9198,UTA Session 2,trial,29,C,A,0,3456.036,0.583999999999833,10/18/2023 12:00:00 AM,11:30:50.9257746
9198,UTA Session 2,trial,30,D,D,1,3459.358,0.675999999999931,10/18/2023 12:00:00 AM,11:30:54.3399681
9198,UTA Session 2,trial,31,C,A,0,3462.527,67.0410000000002,10/18/2023 12:00:00 AM,11:32:03.8737608
9200,UTA Session 2,practice,1,B,B,1,2647.845,16.422,10/18/2023 12:00:00 AM,13:09:47.2055964
9200,UTA Session 2,practice,2,B,E,0,2739.028,7.36500000000024,10/18/2023 12:00:00 AM,13:11:09.3313417
9200,UTA Session 2,practice,3,C,C,1,2754.009,5.16800000000012,10/18/2023 12:00:00 AM,13:11:22.1151126
9200,UTA Session 2,practice,4,A,A,1,2761.968,3.54500000000007,10/18/2023 12:00:00 AM,13:11:28.4508683
9200,UTA Session 2,trial,1,B,B,1,2782.784,8.81500000000005,10/18/2023 12:00:00 AM,13:11:54.5393452
9200,UTA Session 2,trial,2,B,B,1,2794.948,5.11100000000033,10/18/2023 12:00:00 AM,13:12:02.9979168
9200,UTA Session 2,trial,3,C,B,0,2803.385,3.50199999999995,10/18/2023 12:00:00 AM,13:12:09.8259504
9200,UTA Session 2,trial,4,A,A,1,2812.742,5.86499999999978,10/18/2023 12:00:00 AM,13:12:21.5463778
9200,UTA Session 2,trial,5,B,A,0,2821.913,6.21599999999989,10/18/2023 12:00:00 AM,13:12:31.0689855
9200,UTA Session 2,trial,6,D,D,1,2837.848,7.70200000000023,10/18/2023 12:00:00 AM,13:12:48.4899501
9200,UTA Session 2,trial,7,B,E,0,2848.965,11.7309999999998,10/18/2023 12:00:00 AM,13:13:03.6364862
9200,UTA Session 2,trial,8,D,D,1,2865.068,10.3339999999998,10/18/2023 12:00:00 AM,13:13:18.3421918
9200,UTA Session 2,trial,9,C,B,0,2878.804,11.2559999999999,10/18/2023 12:00:00 AM,13:13:33.0004417
9200,UTA Session 2,trial,10,C,C,1,2893.963,7.89799999999968,10/18/2023 12:00:00 AM,13:13:44.8009588
9200,UTA Session 2,trial,11,B,B,1,2904.856,5.10799999999972,10/18/2023 12:00:00 AM,13:13:52.9048077
9200,UTA Session 2,trial,12,E,C,0,2912.774,5.0590000000002,10/18/2023 12:00:00 AM,13:14:00.7732068
9200,UTA Session 2,trial,13,B,C,0,2924.22,7.98800000000028,10/18/2023 12:00:00 AM,13:14:15.1491670
9200,UTA Session 2,trial,14,A,A,1,2936.718,10.1320000000001,10/18/2023 12:00:00 AM,13:14:29.7911170
9200,UTA Session 2,trial,15,E,E,1,2950.017,9.57600000000002,10/18/2023 12:00:00 AM,13:14:42.5337486
9200,UTA Session 2,trial,16,B,B,1,2962.591,10.4560000000001,10/18/2023 12:00:00 AM,13:14:55.9874374
9200,UTA Session 2,trial,17,A,A,1,2976.206,6.07400000000007,10/18/2023 12:00:00 AM,13:15:05.2211393
9200,UTA Session 2,trial,18,D,D,1,2985.458,4.49299999999994,10/18/2023 12:00:00 AM,13:15:12.8922572
9200,UTA Session 2,trial,19,E,E,1,2992.609,8.99900000000025,10/18/2023 12:00:00 AM,13:15:24.5483789
9200,UTA Session 2,trial,20,D,D,1,3004.31,7.18200000000024,10/18/2023 12:00:00 AM,13:15:34.4330993
9200,UTA Session 2,trial,21,A,A,1,3014.425,6.92399999999998,10/18/2023 12:00:00 AM,13:15:44.2894989
9200,UTA Session 2,trial,22,A,B,0,3024.403,8.47900000000027,10/18/2023 12:00:00 AM,13:15:55.8236067
9200,UTA Session 2,trial,23,D,D,1,3036.285,12.2330000000002,10/18/2023 12:00:00 AM,13:16:11.4597710
9200,UTA Session 2,trial,24,D,D,1,3051.43,5.97700000000032,10/18/2023 12:00:00 AM,13:16:20.3475112
9200,UTA Session 2,trial,25,E,D,0,3060.226,7.53099999999995,10/18/2023 12:00:00 AM,13:16:30.6985916
9200,UTA Session 2,trial,26,D,B,0,3071.431,7.53899999999976,10/18/2023 12:00:00 AM,13:16:41.9121882
9200,UTA Session 2,trial,27,E,C,0,3082.667,5.9380000000001,10/18/2023 12:00:00 AM,13:16:51.5463249
9200,UTA Session 2,trial,28,C,C,1,3094.666,8.61599999999999,10/18/2023 12:00:00 AM,13:17:06.2242043
9200,UTA Session 2,trial,29,C,B,0,3106.292,7.9340000000002,10/18/2023 12:00:00 AM,13:17:17.1679342
9200,UTA Session 2,trial,30,D,D,1,3119.81,26.0219999999999,10/18/2023 12:00:00 AM,13:17:48.7742935
9200,UTA Session 2,trial,31,C,A,0,3148.732,10.7060000000001,10/18/2023 12:00:00 AM,13:18:02.3796750
9200,UTA Session 2,trial,32,E,E,1,3162.921,3.84400000000005,10/18/2023 12:00:00 AM,13:18:09.7064742
9200,UTA Session 2,trial,33,A,A,1,3169.397,5.13500000000022,10/18/2023 12:00:00 AM,13:18:17.4739271
9200,UTA Session 2,trial,34,E,E,1,3177.766,5.18399999999974,10/18/2023 12:00:00 AM,13:18:25.8920515
9200,UTA Session 2,trial,35,C,C,1,3185.609,9.49499999999989,10/18/2023 12:00:00 AM,13:18:38.0455211
9201,UTA Session 2,practice,1,B,C,0,2659.582,28.317,10/18/2023 12:00:00 AM,13:33:14.1013116
9201,UTA Session 2,practice,2,B,B,1,2776.071,18.0990000000002,10/18/2023 12:00:00 AM,13:35:00.3722472
9201,UTA Session 2,practice,3,C,E,0,2796.026,16.152,10/18/2023 12:00:00 AM,13:35:18.3796174
9201,UTA Session 2,practice,4,A,E,0,2817.931,5.35899999999992,10/18/2023 12:00:00 AM,13:35:29.4918341
9201,UTA Session 2,trial,1,B,E,0,2850.883,11.703,10/18/2023 12:00:00 AM,13:36:08.7896857
9201,UTA Session 2,trial,2,B,B,1,2865.63,11.71,10/18/2023 12:00:00 AM,13:36:23.5427686
9201,UTA Session 2,trial,3,C,B,0,2880.224,8.22199999999975,10/18/2023 12:00:00 AM,13:36:34.6485609
9201,UTA Session 2,trial,4,A,A,1,2891.327,12.1849999999999,10/18/2023 12:00:00 AM,13:36:49.7146130
9201,UTA Session 2,trial,5,B,D,0,2906.739,11.8589999999999,10/18/2023 12:00:00 AM,13:37:04.8009079
9201,UTA Session 2,trial,6,D,E,0,2921.761,6.45699999999988,10/18/2023 12:00:00 AM,13:37:14.4201421
9201,UTA Session 2,trial,7,B,D,0,2932.942,4.46799999999985,10/18/2023 12:00:00 AM,13:37:23.6124294
9201,UTA Session 2,trial,8,D,C,0,2940.68,6.98500000000013,10/18/2023 12:00:00 AM,13:37:33.8664117
9201,UTA Session 2,trial,9,C,C,1,2950.798,6.60400000000027,10/18/2023 12:00:00 AM,13:37:43.6050220
9201,UTA Session 2,trial,10,C,C,1,2960.399,11.308,10/18/2023 12:00:00 AM,13:37:57.9093052
9201,UTA Session 2,trial,11,B,E,0,2974.681,7.39199999999983,10/18/2023 12:00:00 AM,13:38:08.2754688
9201,UTA Session 2,trial,12,E,E,1,2987.151,15.0460000000003,10/18/2023 12:00:00 AM,13:38:28.3994630
9201,UTA Session 2,trial,13,B,C,0,3005.194,8.12100000000009,10/18/2023 12:00:00 AM,13:38:39.5174141
9201,UTA Session 2,trial,14,A,A,1,3016.474,11.1179999999999,10/18/2023 12:00:00 AM,13:38:53.7941926
9201,UTA Session 2,trial,15,E,A,0,3030.785,12.0599999999999,10/18/2023 12:00:00 AM,13:39:09.0471407
9201,UTA Session 2,trial,16,B,D,0,3046.024,10.3150000000001,10/18/2023 12:00:00 AM,13:39:22.5415021
9201,UTA Session 2,trial,17,A,A,1,3059.293,14.3530000000001,10/18/2023 12:00:00 AM,13:39:39.8489025
9201,UTA Session 2,trial,18,D,D,1,3076.897,10.0819999999999,10/18/2023 12:00:00 AM,13:39:53.1818753
9201,UTA Session 2,trial,19,E,C,0,3089.949,9.38599999999997,10/18/2023 12:00:00 AM,13:40:05.5384501
9201,UTA Session 2,trial,20,D,D,1,3102.719,11.252,10/18/2023 12:00:00 AM,13:40:20.1740253
9201,UTA Session 2,trial,21,A,E,0,3116.663,6.64699999999993,10/18/2023 12:00:00 AM,13:40:29.5136357
9201,UTA Session 2,trial,22,A,B,0,3126.136,4.89800000000014,10/18/2023 12:00:00 AM,13:40:37.2373469
9201,UTA Session 2,trial,23,D,E,0,3133.941,13.5540000000001,10/18/2023 12:00:00 AM,13:40:53.6977418
9201,UTA Session 2,trial,24,D,E,0,3150.354,4.8100000000004,10/18/2023 12:00:00 AM,13:41:01.3675591
9201,UTA Session 2,trial,25,E,A,0,3157.832,4.25,10/18/2023 12:00:00 AM,13:41:08.2847884
9201,UTA Session 2,trial,26,D,D,1,3165.111,4.87400000000025,10/18/2023 12:00:00 AM,13:41:16.1879092
9201,UTA Session 2,trial,27,E,B,0,3173.044,2.94100000000026,10/18/2023 12:00:00 AM,13:41:22.1881284
9201,UTA Session 2,trial,28,C,C,1,3179.001,7.98099999999977,10/18/2023 12:00:00 AM,13:41:33.1854714
9201,UTA Session 2,trial,29,C,C,1,3189.831,4.94499999999971,10/18/2023 12:00:00 AM,13:41:40.9799930
9201,UTA Session 2,trial,30,D,B,0,3197.663,7.47899999999981,10/18/2023 12:00:00 AM,13:41:51.3460507
9201,UTA Session 2,trial,31,C,D,0,3208.33,5.846,10/18/2023 12:00:00 AM,13:42:00.3805548
9201,UTA Session 2,trial,32,E,E,1,3216.901,4.39900000000034,10/18/2023 12:00:00 AM,13:42:07.5043786
9201,UTA Session 2,trial,33,A,C,0,3224.116,5.95200000000023,10/18/2023 12:00:00 AM,13:42:16.2724051
9201,UTA Session 2,trial,34,E,A,0,3233.098,11.904,10/18/2023 12:00:00 AM,13:42:31.2057400
9201,UTA Session 2,trial,35,C,B,0,3248.156,4.92599999999993,10/18/2023 12:00:00 AM,13:42:39.2852960
9202,UTA Session 2,practice,1,B,E,0,2299.121,12.049,10/18/2023 12:00:00 AM,16:05:36.6872457
9202,UTA Session 2,practice,2,B,E,0,2367.376,15.4499999999998,10/18/2023 12:00:00 AM,16:06:48.3386231
9202,UTA Session 2,practice,3,C,D,0,2384.779,8.52100000000019,10/18/2023 12:00:00 AM,16:06:58.8112375
9202,UTA Session 2,practice,4,A,B,0,2398.133,10.6840000000002,10/18/2023 12:00:00 AM,16:07:14.3280590
9202,UTA Session 2,trial,1,B,B,1,2424.815,9.19999999999982,10/18/2023 12:00:00 AM,16:07:39.5285879
9202,UTA Session 2,trial,2,B,C,0,2437.177,8.10300000000007,10/18/2023 12:00:00 AM,16:07:50.7904472
9202,UTA Session 2,trial,3,C,C,1,2448.52,13.6199999999999,10/18/2023 12:00:00 AM,16:08:07.6493055
9202,UTA Session 2,trial,4,A,A,1,2465.262,5.55600000000004,10/18/2023 12:00:00 AM,16:08:16.3280406
9202,UTA Session 2,trial,5,B,A,0,2473.952,7.94999999999982,10/18/2023 12:00:00 AM,16:08:27.4111207
9202,UTA Session 2,trial,6,D,A,0,2485.435,5.34999999999991,10/18/2023 12:00:00 AM,16:08:36.2926002
9202,UTA Session 2,trial,7,B,D,0,2494.318,9.52199999999993,10/18/2023 12:00:00 AM,16:08:49.3470956
9202,UTA Session 2,trial,8,D,D,1,2507.556,3.23900000000003,10/18/2023 12:00:00 AM,16:08:56.3018929
9202,UTA Session 2,trial,9,C,B,0,2513.832,8.07400000000007,10/18/2023 12:00:00 AM,16:09:07.4119408
9202,UTA Session 2,trial,10,C,C,1,2525.215,4.68199999999979,10/18/2023 12:00:00 AM,16:09:15.4040458
9202,UTA Session 2,trial,11,B,B,1,2532.772,3.05000000000018,10/18/2023 12:00:00 AM,16:09:21.3282341
9202,UTA Session 2,trial,12,E,B,0,2539.154,8.47299999999996,10/18/2023 12:00:00 AM,16:09:33.1322436
9202,UTA Session 2,trial,13,B,A,0,2550.957,4.95700000000033,10/18/2023 12:00:00 AM,16:09:41.4192433
9202,UTA Session 2,trial,14,A,D,0,2559.464,6.91600000000017,10/18/2023 12:00:00 AM,16:09:51.8835894
9202,UTA Session 2,trial,15,E,C,0,2569.538,4.29799999999977,10/18/2023 12:00:00 AM,16:09:59.3395020
9202,UTA Session 2,trial,16,B,A,0,2576.913,5.90700000000015,10/18/2023 12:00:00 AM,16:10:08.3234928
9202,UTA Session 2,trial,17,A,A,1,2586.538,5.80699999999979,10/18/2023 12:00:00 AM,16:10:17.8490225
9202,UTA Session 2,trial,18,D,B,0,2596.202,8.51599999999962,10/18/2023 12:00:00 AM,16:10:30.2206808
9202,UTA Session 2,trial,19,E,C,0,2608.22,7.03600000000006,10/18/2023 12:00:00 AM,16:10:40.7579570
9202,UTA Session 2,trial,20,D,E,0,2619.598,15.7809999999999,10/18/2023 12:00:00 AM,16:11:00.8808802
9202,UTA Session 2,trial,21,A,C,0,2638.555,2.84100000000035,10/18/2023 12:00:00 AM,16:11:06.8976039
9202,UTA Session 2,trial,22,A,D,0,2644.512,14.3109999999997,10/18/2023 12:00:00 AM,16:11:24.3237643
9202,UTA Session 2,trial,23,D,A,0,2661.747,5.16800000000012,10/18/2023 12:00:00 AM,16:11:32.4158553
9202,UTA Session 2,trial,24,D,D,1,2670.405,3.11699999999973,10/18/2023 12:00:00 AM,16:11:39.0230413
9202,UTA Session 2,trial,25,E,D,0,2676.419,4.19100000000026,10/18/2023 12:00:00 AM,16:11:46.1121304
9202,UTA Session 2,trial,26,D,C,0,2683.526,3.22000000000025,10/18/2023 12:00:00 AM,16:11:52.2463805
9202,UTA Session 2,trial,27,E,B,0,2693.319,21.1109999999999,10/18/2023 12:00:00 AM,16:12:19.9299585
9202,UTA Session 2,trial,28,C,C,1,2717.509,2.25399999999991,10/18/2023 12:00:00 AM,16:12:25.2646170
9202,UTA Session 2,trial,29,C,C,1,2722.793,2.1869999999999,10/18/2023 12:00:00 AM,16:12:30.4804139
9202,UTA Session 2,trial,30,D,D,1,2727.879,8.13300000000027,10/18/2023 12:00:00 AM,16:12:41.5119984
9202,UTA Session 2,trial,31,C,D,0,2739.02,4.98399999999992,10/18/2023 12:00:00 AM,16:12:49.5029789
9202,UTA Session 2,trial,32,E,C,0,2746.892,1.46600000000035,10/18/2023 12:00:00 AM,16:12:53.8583762
9202,UTA Session 2,trial,33,A,A,1,2751.811,1.41899999999987,10/18/2023 12:00:00 AM,16:12:58.7288605
9202,UTA Session 2,trial,34,E,E,1,2757.67,2.24199999999973,10/18/2023 12:00:00 AM,16:13:05.4112811
9202,UTA Session 2,trial,35,C,D,0,2771.668,1.12199999999984,10/18/2023 12:00:00 AM,16:13:18.2896773
9203,UTA Session 2,practice,1,B,C,0,2834.992,17.8339999999998,10/18/2023 12:00:00 AM,16:12:21.3175414
9203,UTA Session 2,practice,2,B,D,0,2905.196,11.835,10/18/2023 12:00:00 AM,16:13:25.5223871
9203,UTA Session 2,practice,3,C,C,1,2927.744,16.3709999999996,10/18/2023 12:00:00 AM,16:13:52.6058848
9203,UTA Session 2,practice,4,A,D,0,2949.716,14.3890000000001,10/18/2023 12:00:00 AM,16:14:12.5960212
9203,UTA Session 2,trial,1,B,B,1,2991.849,16.5,10/18/2023 12:00:00 AM,16:14:56.8416949
9203,UTA Session 2,trial,2,B,A,0,3012.09,8.96299999999974,10/18/2023 12:00:00 AM,16:15:09.5442655
9203,UTA Session 2,trial,3,C,C,1,3027.123,11.5659999999998,10/18/2023 12:00:00 AM,16:15:27.1812719
9203,UTA Session 2,trial,4,A,A,1,3042.362,8.50799999999981,10/18/2023 12:00:00 AM,16:15:39.3623141
9203,UTA Session 2,trial,5,B,B,1,3054.502,12.1950000000002,10/18/2023 12:00:00 AM,16:15:55.1888229
9203,UTA Session 2,trial,6,D,A,0,3070.056,13.6120000000001,10/18/2023 12:00:00 AM,16:16:12.1607011
9203,UTA Session 2,trial,7,B,A,0,3089.804,9.97399999999971,10/18/2023 12:00:00 AM,16:16:28.2700200
9203,UTA Session 2,trial,8,D,E,0,3103.061,14.0879999999997,10/18/2023 12:00:00 AM,16:16:45.6407128
9203,UTA Session 2,trial,9,C,A,0,3120.611,9.66400000000021,10/18/2023 12:00:00 AM,16:16:58.7660449
9203,UTA Session 2,trial,10,C,A,0,3138.378,7.07400000000007,10/18/2023 12:00:00 AM,16:17:13.9446970
9203,UTA Session 2,trial,11,B,D,0,3149.562,12.2670000000003,10/18/2023 12:00:00 AM,16:17:30.3203309
9203,UTA Session 2,trial,12,E,B,0,3165.347,9.03699999999981,10/18/2023 12:00:00 AM,16:17:42.8765731
9203,UTA Session 2,trial,13,B,D,0,3178.903,26.2930000000001,10/18/2023 12:00:00 AM,16:18:13.6876256
9203,UTA Session 2,trial,14,A,A,1,3208.742,16.5409999999997,10/18/2023 12:00:00 AM,16:18:33.7759620
9203,UTA Session 2,trial,15,E,D,0,3228.929,9.01499999999987,10/18/2023 12:00:00 AM,16:18:46.4365066
9203,UTA Session 2,trial,16,B,E,0,3242.7,11.1510000000003,10/18/2023 12:00:00 AM,16:19:02.3427703
9203,UTA Session 2,trial,17,A,E,0,3257.135,7.38699999999972,10/18/2023 12:00:00 AM,16:19:13.0145014
9203,UTA Session 2,trial,18,D,C,0,3268.124,22.7950000000001,10/18/2023 12:00:00 AM,16:19:39.4108496
9203,UTA Session 2,trial,19,E,C,0,3296.244,10.9169999999999,10/18/2023 12:00:00 AM,16:19:55.6530324
9203,UTA Session 2,trial,20,D,A,0,3310.659,21.4499999999998,10/18/2023 12:00:00 AM,16:20:20.6013649
9203,UTA Session 2,trial,21,A,C,0,3336.88,14.0139999999997,10/18/2023 12:00:00 AM,16:20:39.3869876
9203,UTA Session 2,trial,22,A,A,1,3356.88,19.9780000000001,10/18/2023 12:00:00 AM,16:21:05.3526840
9203,UTA Session 2,trial,23,D,C,0,3387.264,18.0740000000001,10/18/2023 12:00:00 AM,16:21:33.8333009
9203,UTA Session 2,trial,24,D,E,0,3409.914,8.5319999999997,10/18/2023 12:00:00 AM,16:21:46.9417480
9203,UTA Session 2,trial,25,E,B,0,3426.228,5.79099999999971,10/18/2023 12:00:00 AM,16:22:00.5151099
9203,UTA Session 2,trial,26,D,B,0,3436.481,6.83899999999994,10/18/2023 12:00:00 AM,16:22:11.8168185
9204,UTA Session 2,practice,1,B,B,1,3474.879,43.5999999999999,10/18/2023 12:00:00 AM,16:24:17.4072525
9204,UTA Session 2,practice,2,B,B,1,3666.064,19.4830000000002,10/18/2023 12:00:00 AM,16:27:04.4742925
9204,UTA Session 2,practice,3,C,C,1,3687.167,11.7249999999999,10/18/2023 12:00:00 AM,16:27:17.8202584
9204,UTA Session 2,practice,4,A,A,1,3702.764,8.81799999999976,10/18/2023 12:00:00 AM,16:27:30.5100425
9204,UTA Session 2,trial,1,B,B,1,3757.027,19.0659999999998,10/18/2023 12:00:00 AM,16:28:35.0223333
9204,UTA Session 2,trial,2,B,B,1,3779.601,11.0099999999998,10/18/2023 12:00:00 AM,16:28:49.5396003
9204,UTA Session 2,trial,3,C,B,0,3793.609,14.4250000000002,10/18/2023 12:00:00 AM,16:29:06.9627128
9204,UTA Session 2,trial,4,A,A,1,3822.83,9.91400000000021,10/18/2023 12:00:00 AM,16:29:31.6727574
9204,UTA Session 2,trial,5,B,B,1,3835.72,12.5250000000001,10/18/2023 12:00:00 AM,16:29:47.1740326
9204,UTA Session 2,trial,6,D,D,1,3851.459,16.7809999999999,10/18/2023 12:00:00 AM,16:30:07.1701511
9204,UTA Session 2,trial,7,B,B,1,3871.275,16.6349999999998,10/18/2023 12:00:00 AM,16:30:26.8393088
9204,UTA Session 2,trial,8,D,D,1,3890.894,19.3800000000001,10/18/2023 12:00:00 AM,16:30:49.2035614
9204,UTA Session 2,trial,9,C,C,1,3913.262,15.8099999999999,10/18/2023 12:00:00 AM,16:31:08.0013402
9204,UTA Session 2,trial,10,C,C,1,3931.963,19.645,10/18/2023 12:00:00 AM,16:31:30.5374846
9204,UTA Session 2,trial,11,B,B,1,3954.772,8.51000000000022,10/18/2023 12:00:00 AM,16:31:42.2113083
9204,UTA Session 2,trial,12,E,A,0,3966.276,12.3099999999999,10/18/2023 12:00:00 AM,16:31:57.5148907
9204,UTA Session 2,trial,13,B,C,0,3994.455,16.1590000000001,10/18/2023 12:00:00 AM,16:32:29.5433561
9204,UTA Session 2,trial,14,A,A,1,4015.328,23.5949999999998,10/18/2023 12:00:00 AM,16:32:57.8521786
9204,UTA Session 2,trial,15,E,A,0,4042.166,11.194,10/18/2023 12:00:00 AM,16:33:12.2897092
9204,UTA Session 2,trial,16,B,B,1,4071.296,14.5480000000002,10/18/2023 12:00:00 AM,16:33:44.7738241
9204,UTA Session 2,trial,17,A,A,1,4088.917,14.5589999999997,10/18/2023 12:00:00 AM,16:34:02.4056328
9204,UTA Session 2,trial,18,D,D,1,4106.532,10.5649999999996,10/18/2023 12:00:00 AM,16:34:16.0267444
9204,UTA Session 2,trial,19,E,A,0,4120.104,14.25,10/18/2023 12:00:00 AM,16:34:33.2836430
9204,UTA Session 2,trial,20,D,D,1,4138.032,13.9880000000003,10/18/2023 12:00:00 AM,16:34:50.9500156
9204,UTA Session 2,trial,21,A,A,1,4155.335,18.1530000000002,10/18/2023 12:00:00 AM,16:35:12.4179638
9204,UTA Session 2,trial,22,A,A,1,4176.436,13.348,10/18/2023 12:00:00 AM,16:35:28.7134100
9204,UTA Session 2,trial,23,D,B,0,4192.946,14.2830000000004,10/18/2023 12:00:00 AM,16:35:46.1584612
9205,UTA Session 2,practice,1,B,B,1,2096.548,26.1010000000001,10/19/2023 12:00:00 AM,10:00:45.8874978
9205,UTA Session 2,practice,2,B,B,1,2192.61,17.4759999999997,10/19/2023 12:00:00 AM,10:02:13.3200238
9205,UTA Session 2,practice,3,C,C,1,2211.658,10.7950000000001,10/19/2023 12:00:00 AM,10:02:25.6869813
9205,UTA Session 2,practice,4,A,A,1,2224.168,9.08999999999969,10/19/2023 12:00:00 AM,10:02:36.4918927
9205,UTA Session 2,trial,1,B,E,0,2247.164,16.0639999999999,10/19/2023 12:00:00 AM,10:03:06.4635423
9205,UTA Session 2,trial,2,B,D,0,2268.187,41.3820000000001,10/19/2023 12:00:00 AM,10:03:52.8020247
9205,UTA Session 2,trial,3,C,B,0,2316.552,20.3199999999997,10/19/2023 12:00:00 AM,10:04:20.1056079
9205,UTA Session 2,trial,4,A,A,1,2342.301,7.91200000000026,10/19/2023 12:00:00 AM,10:04:33.4470071
9205,UTA Session 2,trial,5,B,B,1,2353.418,38.4299999999998,10/19/2023 12:00:00 AM,10:05:15.0827210
9205,UTA Session 2,trial,6,D,E,0,2395.136,19.5459999999998,10/19/2023 12:00:00 AM,10:05:37.9165382
9205,UTA Session 2,trial,7,B,C,0,2418.441,19.7230000000004,10/19/2023 12:00:00 AM,10:06:01.3982893
9205,UTA Session 2,trial,8,D,A,0,2441.481,32.6229999999996,10/19/2023 12:00:00 AM,10:06:37.3383412
9205,UTA Session 2,trial,9,C,C,1,2477.732,16.2579999999998,10/19/2023 12:00:00 AM,10:06:57.2250993
9205,UTA Session 2,trial,10,C,D,0,2497.241,37.5430000000001,10/19/2023 12:00:00 AM,10:07:38.0187029
9205,UTA Session 2,trial,11,B,E,0,2539.205,14.6500000000001,10/19/2023 12:00:00 AM,10:07:57.0890400
9205,UTA Session 2,trial,12,E,B,0,2561.922,33.3960000000002,10/19/2023 12:00:00 AM,10:08:38.5521808
9205,UTA Session 2,trial,13,B,D,0,2598.639,17.4929999999999,10/19/2023 12:00:00 AM,10:08:59.3661146
9205,UTA Session 2,trial,14,A,A,1,2622.36,10.614,10/19/2023 12:00:00 AM,10:09:16.2081114
9205,UTA Session 2,trial,15,E,A,0,2636.32,9.93599999999969,10/19/2023 12:00:00 AM,10:09:29.4906200
9205,UTA Session 2,trial,16,B,B,1,2650.612,15.895,10/19/2023 12:00:00 AM,10:09:49.7405613
9205,UTA Session 2,trial,17,A,A,1,2669.414,19.6199999999999,10/19/2023 12:00:00 AM,10:10:12.2688879
9205,UTA Session 2,trial,18,D,D,1,2692.112,8.94700000000012,10/19/2023 12:00:00 AM,10:10:24.2934691
9206,UTA Session 2,practice,1,B,C,0,2164.675,8.88599999999997,10/19/2023 12:00:00 AM,11:49:03.4112368
9206,UTA Session 2,practice,2,B,A,0,2179.075,1.53999999999996,10/19/2023 12:00:00 AM,11:49:10.4625927
9206,UTA Session 2,practice,3,C,D,0,2181.88,0.916999999999916,10/19/2023 12:00:00 AM,11:49:12.6452914
9206,UTA Session 2,practice,4,A,E,0,2183.513,0.634000000000015,10/19/2023 12:00:00 AM,11:49:13.9947139
9206,UTA Session 2,trial,1,B,B,1,2196.191,2.98000000000002,10/19/2023 12:00:00 AM,11:49:29.0206621
9206,UTA Session 2,trial,2,B,B,1,2202.787,0.701000000000022,10/19/2023 12:00:00 AM,11:49:33.3374604
9206,UTA Session 2,trial,3,C,B,0,2206.515,0.593000000000302,10/19/2023 12:00:00 AM,11:49:36.9579781
9206,UTA Session 2,trial,4,A,C,0,2210.367,0.423999999999978,10/19/2023 12:00:00 AM,11:49:40.6405640
9206,UTA Session 2,trial,5,B,C,0,2214.118,3.00300000000016,10/19/2023 12:00:00 AM,11:49:46.9689047
9206,UTA Session 2,trial,6,D,C,0,2220.342,3.55999999999995,10/19/2023 12:00:00 AM,11:49:53.7509196
9206,UTA Session 2,trial,7,B,B,1,2227.149,2.97200000000021,10/19/2023 12:00:00 AM,11:49:59.9704538
9206,UTA Session 2,trial,8,D,B,0,2233.412,2.74200000000019,10/19/2023 12:00:00 AM,11:50:06.0032416
9206,UTA Session 2,trial,9,C,C,1,2239.489,0.565000000000055,10/19/2023 12:00:00 AM,11:50:09.9031160
9206,UTA Session 2,trial,10,C,C,1,2242.662,0.368000000000393,10/19/2023 12:00:00 AM,11:50:12.8799863
9206,UTA Session 2,trial,11,B,D,0,2245.718,1.58899999999994,10/19/2023 12:00:00 AM,11:50:17.1556234
9206,UTA Session 2,trial,12,E,D,0,2249.929,1.18399999999974,10/19/2023 12:00:00 AM,11:50:20.9616462
9206,UTA Session 2,trial,13,B,C,0,2253.885,1.21799999999985,10/19/2023 12:00:00 AM,11:50:24.9515284
9206,UTA Session 2,trial,14,A,B,0,2257.988,1.03500000000031,10/19/2023 12:00:00 AM,11:50:28.8719573
9206,UTA Session 2,trial,15,E,A,0,2262.318,0.902999999999793,10/19/2023 12:00:00 AM,11:50:33.0692190
9206,UTA Session 2,trial,16,B,C,0,2268.385,2.87299999999959,10/19/2023 12:00:00 AM,11:50:41.1073687
9206,UTA Session 2,trial,17,A,C,0,2274.212,0.670999999999822,10/19/2023 12:00:00 AM,11:50:44.7315385
9206,UTA Session 2,trial,18,D,C,0,2281.286,1.029,10/19/2023 12:00:00 AM,11:50:52.1639492
9206,UTA Session 2,trial,19,E,D,0,2285.18,0.796000000000276,10/19/2023 12:00:00 AM,11:50:55.8252945
9206,UTA Session 2,trial,20,D,C,0,2288.911,2.50999999999976,10/19/2023 12:00:00 AM,11:51:01.2696906
9206,UTA Session 2,trial,21,A,D,0,2294.446,5.13500000000022,10/19/2023 12:00:00 AM,11:51:09.4293456
9206,UTA Session 2,trial,22,A,A,1,2302.34,4.03499999999985,10/19/2023 12:00:00 AM,11:51:16.2241800
9206,UTA Session 2,trial,23,D,D,1,2309.946,4.16800000000012,10/19/2023 12:00:00 AM,11:51:23.9631916
9206,UTA Session 2,trial,24,D,D,1,2317.082,1.91499999999996,10/19/2023 12:00:00 AM,11:51:28.8457842
9206,UTA Session 2,trial,25,E,D,0,2321.934,1.85599999999977,10/19/2023 12:00:00 AM,11:51:33.6399773
9206,UTA Session 2,trial,26,D,D,1,2326.481,2.17699999999968,10/19/2023 12:00:00 AM,11:51:38.5073226
9206,UTA Session 2,trial,27,E,C,0,2331.411,3.51800000000003,10/19/2023 12:00:00 AM,11:51:44.7785500
9206,UTA Session 2,trial,28,C,D,0,2337.529,2.36999999999989,10/19/2023 12:00:00 AM,11:51:49.7492620
9206,UTA Session 2,trial,29,C,B,0,2342.626,1.47199999999975,10/19/2023 12:00:00 AM,11:51:53.9474561
9206,UTA Session 2,trial,30,D,B,0,2349.233,2.55299999999988,10/19/2023 12:00:00 AM,11:52:01.6349309
9206,UTA Session 2,trial,31,C,B,0,2354.674,2.57799999999997,10/19/2023 12:00:00 AM,11:52:07.1007623
9206,UTA Session 2,trial,32,E,B,0,2360.226,3.50599999999986,10/19/2023 12:00:00 AM,11:52:13.5811471
9206,UTA Session 2,trial,33,A,B,0,2366.814,4.38200000000006,10/19/2023 12:00:00 AM,11:52:21.0445365
9206,UTA Session 2,trial,34,E,A,0,2374.227,3.16100000000006,10/19/2023 12:00:00 AM,11:52:27.2365434
9206,UTA Session 2,trial,35,C,C,1,2382.399,9.54899999999998,10/19/2023 12:00:00 AM,11:52:41.7970760
9207,UTA Session 2,practice,1,B,D,0,2857.367,30.529,10/19/2023 12:00:00 AM,13:06:06.6223980
9207,UTA Session 2,practice,2,B,B,1,2984.95,20.212,10/19/2023 12:00:00 AM,13:08:03.8848624
9207,UTA Session 2,practice,3,C,D,0,3007.469,20.3049999999998,10/19/2023 12:00:00 AM,13:08:26.4967265
9207,UTA Session 2,practice,4,A,A,1,3034.078,9.64600000000019,10/19/2023 12:00:00 AM,13:08:42.4468245
9207,UTA Session 2,trial,1,B,A,0,3100.77,26.3070000000002,10/19/2023 12:00:00 AM,13:10:05.7995849
9207,UTA Session 2,trial,2,B,E,0,3132.109,11.8270000000002,10/19/2023 12:00:00 AM,13:10:22.6570927
9207,UTA Session 2,trial,3,C,B,0,3148.592,13.2759999999998,10/19/2023 12:00:00 AM,13:10:40.5883497
9207,UTA Session 2,trial,4,A,A,1,3166.541,6.60099999999966,10/19/2023 12:00:00 AM,13:10:51.8636191
9207,UTA Session 2,trial,5,B,C,0,3176.356,15.5999999999999,10/19/2023 12:00:00 AM,13:11:10.6769783
9207,UTA Session 2,trial,6,D,D,1,3195.412,7.53600000000006,10/19/2023 12:00:00 AM,13:11:21.6693167
9207,UTA Session 2,trial,7,B,D,0,3205.922,11.558,10/19/2023 12:00:00 AM,13:11:36.2007649
9207,UTA Session 2,trial,8,D,A,0,3221.132,11.3939999999998,10/19/2023 12:00:00 AM,13:11:51.2453056
9207,UTA Session 2,trial,9,C,D,0,3236.195,9.08199999999988,10/19/2023 12:00:00 AM,13:12:03.9976562
9207,UTA Session 2,trial,10,C,E,0,3248.886,13.9160000000002,10/19/2023 12:00:00 AM,13:12:21.5216288
9207,UTA Session 2,trial,11,B,B,1,3266.053,7.91900000000032,10/19/2023 12:00:00 AM,13:12:32.6922129
9207,UTA Session 2,trial,12,E,B,0,3277.088,8.51599999999962,10/19/2023 12:00:00 AM,13:12:44.3240633
9207,UTA Session 2,trial,13,B,B,1,3288.706,11.7819999999997,10/19/2023 12:00:00 AM,13:12:59.2074446
9207,UTA Session 2,trial,14,A,C,0,3303.812,7.28600000000006,10/19/2023 12:00:00 AM,13:13:09.8184560
9207,UTA Session 2,trial,15,E,E,1,3315.078,6.99600000000009,10/19/2023 12:00:00 AM,13:13:20.7942377
9207,UTA Session 2,trial,16,B,B,1,3325.105,11.1849999999999,10/19/2023 12:00:00 AM,13:13:35.0101298
9207,UTA Session 2,trial,17,A,A,1,3339.514,11.9459999999999,10/19/2023 12:00:00 AM,13:13:50.1792119
9207,UTA Session 2,trial,18,D,B,0,3354.756,15.7400000000002,10/19/2023 12:00:00 AM,13:14:09.2144546
9207,UTA Session 2,trial,19,E,D,0,3373.877,18.4169999999999,10/19/2023 12:00:00 AM,13:14:31.0130858
9207,UTA Session 2,trial,20,D,E,0,3395.773,8.82499999999982,10/19/2023 12:00:00 AM,13:14:43.3159798
9207,UTA Session 2,trial,21,A,B,0,3407.749,12.0900000000001,10/19/2023 12:00:00 AM,13:14:58.5576916
9207,UTA Session 2,trial,22,A,A,1,3423.166,9.89199999999983,10/19/2023 12:00:00 AM,13:15:11.7767751
9207,UTA Session 2,trial,23,D,D,1,3435.952,8.34999999999991,10/19/2023 12:00:00 AM,13:15:23.0206892
9207,UTA Session 2,trial,24,D,D,1,3447.218,8.47800000000007,10/19/2023 12:00:00 AM,13:15:34.4147424
9207,UTA Session 2,trial,25,E,D,0,3458.504,6.77100000000019,10/19/2023 12:00:00 AM,13:15:43.9935594
9207,UTA Session 2,trial,26,D,B,0,3468.435,17.5050000000001,10/19/2023 12:00:00 AM,13:16:04.6581173
9207,UTA Session 2,trial,27,E,A,0,3489.487,8.4409999999998,10/19/2023 12:00:00 AM,13:16:16.6455462
9207,UTA Session 2,trial,28,C,C,1,3500.901,7.10100000000011,10/19/2023 12:00:00 AM,13:16:26.7200703
9207,UTA Session 2,trial,29,C,B,0,3510.94,7.51499999999987,10/19/2023 12:00:00 AM,13:16:37.1720540
9207,UTA Session 2,trial,30,D,D,1,3521.406,4.74800000000005,10/19/2023 12:00:00 AM,13:16:44.8723889
9207,UTA Session 2,trial,31,C,A,0,3529.254,7.44300000000021,10/19/2023 12:00:00 AM,13:16:55.4141820
9207,UTA Session 2,trial,32,E,B,0,3539.868,3.08500000000004,10/19/2023 12:00:00 AM,13:17:01.6704694
9207,UTA Session 2,trial,33,A,B,0,3546.09,4.98599999999988,10/19/2023 12:00:00 AM,13:17:09.7923037
9209,UTA Session 2,practice,1,B,E,0,3294.148,58.0360000000001,10/19/2023 12:00:00 AM,13:20:42.7520587
9209,UTA Session 2,practice,2,B,B,1,3400.25,16.04,10/19/2023 12:00:00 AM,13:21:46.8569891
9209,UTA Session 2,practice,3,C,A,0,3418.084,10.4840000000004,10/19/2023 12:00:00 AM,13:21:59.1360240
9209,UTA Session 2,practice,4,A,E,0,3431.533,13.239,10/19/2023 12:00:00 AM,13:22:15.3388672
9209,UTA Session 2,trial,1,B,A,0,3459.741,9.16499999999996,10/19/2023 12:00:00 AM,13:22:39.4743152
9209,UTA Session 2,trial,2,B,E,0,3472.162,10.2960000000003,10/19/2023 12:00:00 AM,13:22:53.0259570
9209,UTA Session 2,trial,3,C,B,0,3485.362,6.63999999999987,10/19/2023 12:00:00 AM,13:23:02.5698384
9209,UTA Session 2,trial,4,A,B,0,3494.967,9.11299999999983,10/19/2023 12:00:00 AM,13:23:14.6474820
9209,UTA Session 2,trial,5,B,D,0,3507.237,21.384,10/19/2023 12:00:00 AM,13:23:39.1898574
9209,UTA Session 2,trial,6,D,E,0,3532.166,14.5929999999998,10/19/2023 12:00:00 AM,13:23:57.3271100
9209,UTA Session 2,trial,7,B,A,0,3549.536,10.3579999999997,10/19/2023 12:00:00 AM,13:24:10.4625717
9209,UTA Session 2,trial,8,D,B,0,3562.941,3.39100000000008,10/19/2023 12:00:00 AM,13:24:16.8995333
9209,UTA Session 2,trial,9,C,D,0,3569.227,7.04500000000007,10/19/2023 12:00:00 AM,13:24:26.8396938
9209,UTA Session 2,trial,10,C,B,0,3579.507,4.63900000000012,10/19/2023 12:00:00 AM,13:24:34.7134797
9209,UTA Session 2,trial,11,B,A,0,3587.146,6.91799999999967,10/19/2023 12:00:00 AM,13:24:44.6313461
9209,UTA Session 2,trial,12,E,A,0,3599.901,2.279,10/19/2023 12:00:00 AM,13:24:52.7476345
9209,UTA Session 2,trial,13,B,D,0,3605.489,17.7730000000001,10/19/2023 12:00:00 AM,13:25:13.8304077
9209,UTA Session 2,trial,14,A,A,1,3626.83,9.93600000000015,10/19/2023 12:00:00 AM,13:25:27.3350043
9209,UTA Session 2,trial,15,E,E,1,3643.529,8.82000000000016,10/19/2023 12:00:00 AM,13:25:42.9180272
9209,UTA Session 2,trial,16,B,A,0,3655.129,14.9410000000003,10/19/2023 12:00:00 AM,13:26:00.6389953
9209,UTA Session 2,trial,17,A,A,1,3673.146,19.136,10/19/2023 12:00:00 AM,13:26:22.8502341
9209,UTA Session 2,trial,18,D,D,1,3695.266,11.7440000000001,10/19/2023 12:00:00 AM,13:26:37.5796230
9209,UTA Session 2,trial,19,E,D,0,3710.22,13.5520000000001,10/19/2023 12:00:00 AM,13:26:54.3417274
9209,UTA Session 2,trial,20,D,D,1,3726.658,11.0619999999999,10/19/2023 12:00:00 AM,13:27:08.2893547
9209,UTA Session 2,trial,21,A,A,1,3740.71,5.83199999999988,10/19/2023 12:00:00 AM,13:27:17.1115415
9209,UTA Session 2,trial,22,A,A,1,3752.58,8.61700000000019,10/19/2023 12:00:00 AM,13:27:31.7666950
9209,UTA Session 2,trial,23,D,D,1,3764.16,11.1700000000001,10/19/2023 12:00:00 AM,13:27:45.8994253
9209,UTA Session 2,trial,24,D,E,0,3780.26,6.77199999999993,10/19/2023 12:00:00 AM,13:27:57.6022018
9209,UTA Session 2,trial,25,E,E,1,3789.933,16.183,10/19/2023 12:00:00 AM,13:28:16.6858731
9209,UTA Session 2,trial,26,D,D,1,3811.764,5.71199999999999,10/19/2023 12:00:00 AM,13:28:28.0463181
9209,UTA Session 2,trial,27,E,B,0,3820.667,10.223,10/19/2023 12:00:00 AM,13:28:41.4594794
9209,UTA Session 2,trial,28,C,E,0,3833.937,8.96100000000024,10/19/2023 12:00:00 AM,13:28:53.4683965
9209,UTA Session 2,trial,29,C,B,0,3845.651,10.1590000000001,10/19/2023 12:00:00 AM,13:29:06.3794445
9209,UTA Session 2,trial,30,D,C,0,3858.629,4.71500000000015,10/19/2023 12:00:00 AM,13:29:13.9139650
9209,UTA Session 2,trial,31,C,B,0,3868.19,5.78999999999996,10/19/2023 12:00:00 AM,13:29:24.5502447
9209,UTA Session 2,trial,32,E,B,0,3876.758,13.5900000000001,10/19/2023 12:00:00 AM,13:29:40.9188579
9209,UTA Session 2,trial,33,A,B,0,3893.083,3.4989999999998,10/19/2023 12:00:00 AM,13:29:47.1514037
9209,UTA Session 2,trial,34,E,A,0,3899.441,4.85100000000011,10/19/2023 12:00:00 AM,13:29:54.8618522
9209,UTA Session 2,trial,35,C,B,0,3908.817,2.53600000000006,10/19/2023 12:00:00 AM,13:30:01.9227997
9210,UTA Session 2,practice,1,B,C,0,71.437,18.584,10/19/2023 12:00:00 AM,16:12:04.6430514
9210,UTA Session 2,practice,2,B,B,1,105.941,14.582,10/19/2023 12:00:00 AM,16:12:35.1408363
9210,UTA Session 2,practice,3,C,C,1,121.83,6.23100000000001,10/19/2023 12:00:00 AM,16:12:42.6781547
9210,UTA Session 2,practice,4,A,A,1,129.626,13.047,10/19/2023 12:00:00 AM,16:12:57.2900683
9210,UTA Session 2,trial,1,B,B,1,155.407,11.25,10/19/2023 12:00:00 AM,16:13:21.2740806
9210,UTA Session 2,trial,2,B,B,1,170.125,7.392,10/19/2023 12:00:00 AM,16:13:32.1327032
9210,UTA Session 2,trial,3,C,B,0,180.563,6.91000000000003,10/19/2023 12:00:00 AM,16:13:42.0886726
9210,UTA Session 2,trial,4,A,A,1,192.107,6.08600000000001,10/19/2023 12:00:00 AM,16:13:52.8080330
9210,UTA Session 2,trial,5,B,A,0,201.201,3.684,10/19/2023 12:00:00 AM,16:13:59.4997322
9210,UTA Session 2,trial,6,D,D,1,208.706,5.92100000000002,10/19/2023 12:00:00 AM,16:14:09.2418207
9210,UTA Session 2,trial,7,B,B,1,217.482,8.62299999999999,10/19/2023 12:00:00 AM,16:14:20.7204075
9210,UTA Session 2,trial,8,D,D,1,229.036,5.61699999999999,10/19/2023 12:00:00 AM,16:14:29.2679550
9210,UTA Session 2,trial,9,C,C,1,237.663,4.00799999999998,10/19/2023 12:00:00 AM,16:14:36.2874840
9210,UTA Session 2,trial,10,C,A,0,244.502,2.28,10/19/2023 12:00:00 AM,16:14:41.3981757
9210,UTA Session 2,trial,11,B,B,1,252.468,3.41500000000002,10/19/2023 12:00:00 AM,16:14:50.4980281
9210,UTA Session 2,trial,12,E,A,0,258.833,2.34599999999995,10/19/2023 12:00:00 AM,16:14:55.7935985
9210,UTA Session 2,trial,13,B,B,1,267.81,4.58499999999998,10/19/2023 12:00:00 AM,16:15:07.0108816
9210,UTA Session 2,trial,14,A,A,1,275.483,6.76299999999998,10/19/2023 12:00:00 AM,16:15:16.8614622
9210,UTA Session 2,trial,15,E,E,1,285.23,4.85499999999996,10/19/2023 12:00:00 AM,16:15:24.7001179
9210,UTA Session 2,trial,16,B,B,1,293.446,7.16399999999999,10/19/2023 12:00:00 AM,16:15:35.2260481
9210,UTA Session 2,trial,17,A,A,1,304.24,4.53499999999997,10/19/2023 12:00:00 AM,16:15:43.3898357
9210,UTA Session 2,trial,18,D,D,1,312.142,6.12299999999999,10/19/2023 12:00:00 AM,16:15:52.8805407
9210,UTA Session 2,trial,19,E,E,1,321.384,10.338,10/19/2023 12:00:00 AM,16:16:06.3376211
9210,UTA Session 2,trial,20,D,C,0,334.588,5.90999999999997,10/19/2023 12:00:00 AM,16:16:15.1128806
9210,UTA Session 2,trial,21,A,A,1,344.181,7.596,10/19/2023 12:00:00 AM,16:16:26.3920904
9210,UTA Session 2,trial,22,A,A,1,355.047,4.10399999999998,10/19/2023 12:00:00 AM,16:16:33.7673724
9210,UTA Session 2,trial,23,D,D,1,363.023,4.971,10/19/2023 12:00:00 AM,16:16:42.6099671
9210,UTA Session 2,trial,24,D,D,1,371.392,5.17200000000003,10/19/2023 12:00:00 AM,16:16:51.1789288
9210,UTA Session 2,trial,25,E,A,0,379.454,3.39400000000001,10/19/2023 12:00:00 AM,16:16:57.4639136
9210,UTA Session 2,trial,26,D,B,0,386.328,8.81400000000002,10/19/2023 12:00:00 AM,16:17:09.7580508
9210,UTA Session 2,trial,27,E,A,0,398.943,8.64699999999999,10/19/2023 12:00:00 AM,16:17:22.2059960
9210,UTA Session 2,trial,28,C,B,0,411.659,3.73200000000003,10/19/2023 12:00:00 AM,16:17:30.0061464
9210,UTA Session 2,trial,29,C,C,1,422.351,8.23899999999998,10/19/2023 12:00:00 AM,16:17:45.2054623
9210,UTA Session 2,trial,30,D,D,1,434.028,4.70400000000001,10/19/2023 12:00:00 AM,16:17:53.3473977
9210,UTA Session 2,trial,31,C,C,1,441.874,10.78,10/19/2023 12:00:00 AM,16:18:07.2696635
9210,UTA Session 2,trial,32,E,E,1,456.98,10.237,10/19/2023 12:00:00 AM,16:18:21.8323587
9210,UTA Session 2,trial,33,A,A,1,470.069,10.2,10/19/2023 12:00:00 AM,16:18:34.8851126
9210,UTA Session 2,trial,34,E,A,0,483.731,4.005,10/19/2023 12:00:00 AM,16:18:42.3511953
9210,UTA Session 2,trial,35,C,C,1,491.414,6.55799999999999,10/19/2023 12:00:00 AM,16:18:52.5874570
9211,UTA Session 2,practice,1,B,B,1,2458.108,7.31299999999965,10/19/2023 12:00:00 AM,16:08:23.2607689
9211,UTA Session 2,practice,2,B,A,0,2630.232,11.1260000000002,10/19/2023 12:00:00 AM,16:11:19.1992488
9211,UTA Session 2,practice,3,C,C,1,2651.04,6.221,10/19/2023 12:00:00 AM,16:11:35.1013844
9211,UTA Session 2,practice,4,A,A,1,2658.336,12.1880000000001,10/19/2023 12:00:00 AM,16:11:48.3651583
9211,UTA Session 2,trial,1,B,D,0,2750.853,21.3959999999997,10/19/2023 12:00:00 AM,16:13:30.0924070
9211,UTA Session 2,trial,2,B,B,1,2775.324,17.364,10/19/2023 12:00:00 AM,16:13:50.5311052
9211,UTA Session 2,trial,3,C,B,0,2795.823,16.953,10/19/2023 12:00:00 AM,16:14:10.6181423
9211,UTA Session 2,trial,4,A,A,1,2827.694,9.26999999999998,10/19/2023 12:00:00 AM,16:14:34.8068569
9211,UTA Session 2,trial,5,B,A,0,2840.028,18.9670000000001,10/19/2023 12:00:00 AM,16:14:56.8379903
9211,UTA Session 2,trial,6,D,C,0,2862.573,10.9459999999999,10/19/2023 12:00:00 AM,16:15:11.3610915
9211,UTA Session 2,trial,7,B,C,0,2876.908,9.34900000000016,10/19/2023 12:00:00 AM,16:15:24.0988032
9211,UTA Session 2,trial,8,D,B,0,2893.2,22.8650000000002,10/19/2023 12:00:00 AM,16:15:53.9069016
9211,UTA Session 2,trial,9,C,C,1,2919.556,10.989,10/19/2023 12:00:00 AM,16:16:08.3878436
9211,UTA Session 2,trial,10,C,A,0,2933.651,5.93100000000004,10/19/2023 12:00:00 AM,16:16:17.4251046
9211,UTA Session 2,trial,11,B,B,1,2946.511,7.04199999999992,10/19/2023 12:00:00 AM,16:16:31.3965501
9211,UTA Session 2,trial,12,E,C,0,2956.781,7.12199999999984,10/19/2023 12:00:00 AM,16:16:41.7464023
9211,UTA Session 2,trial,13,B,B,1,2983.004,7.70000000000027,10/19/2023 12:00:00 AM,16:17:08.5473344
9211,UTA Session 2,trial,14,A,A,1,2993.745,12.6410000000001,10/19/2023 12:00:00 AM,16:17:24.2293201
9211,UTA Session 2,trial,15,E,D,0,3009.324,9.71799999999985,10/19/2023 12:00:00 AM,16:17:36.8858236
9211,UTA Session 2,trial,16,B,C,0,3022.493,14.9630000000002,10/19/2023 12:00:00 AM,16:17:55.2998542
9211,UTA Session 2,trial,17,A,A,1,3040.874,3.95600000000013,10/19/2023 12:00:00 AM,16:18:02.6742614
9211,UTA Session 2,trial,18,D,B,0,3048.017,13.1870000000004,10/19/2023 12:00:00 AM,16:18:19.0480829
9211,UTA Session 2,trial,19,E,E,1,3064.901,16.8210000000004,10/19/2023 12:00:00 AM,16:18:39.5658925
9211,UTA Session 2,trial,20,D,D,1,3084.842,7.49199999999973,10/19/2023 12:00:00 AM,16:18:50.1781857
9211,UTA Session 2,trial,21,A,A,1,3095.207,10.567,10/19/2023 12:00:00 AM,16:19:03.6181256
9211,UTA Session 2,trial,22,A,B,0,3108.91,8.14600000000019,10/19/2023 12:00:00 AM,16:19:14.9004576
9211,UTA Session 2,trial,23,D,D,1,3124.26,5.05099999999993,10/19/2023 12:00:00 AM,16:19:27.1554033
9211,UTA Session 2,trial,24,D,E,0,3132.066,3.50800000000027,10/19/2023 12:00:00 AM,16:19:33.4186484
9211,UTA Session 2,trial,25,E,E,1,3141.52,6.25,10/19/2023 12:00:00 AM,16:19:45.6152648
9211,UTA Session 2,trial,26,D,D,1,3150.931,8.75700000000006,10/19/2023 12:00:00 AM,16:19:57.5343137
9211,UTA Session 2,trial,27,E,B,0,3163.023,7.72499999999991,10/19/2023 12:00:00 AM,16:20:08.5942513
9211,UTA Session 2,trial,28,C,C,1,3173.954,8.69399999999996,10/19/2023 12:00:00 AM,16:20:20.4944740
9211,UTA Session 2,trial,29,C,C,1,3185.967,6.49499999999989,10/19/2023 12:00:00 AM,16:20:30.3089256
9211,UTA Session 2,trial,30,D,E,0,3195.571,7.22499999999991,10/19/2023 12:00:00 AM,16:20:40.6421577
9212,UTA Session 2,practice,1,B,C,0,2125.291,5.63199999999961,10/20/2023 12:00:00 AM,10:04:40.5393196
9212,UTA Session 2,practice,2,B,B,1,2152.953,9.02199999999993,10/20/2023 12:00:00 AM,10:05:11.5907381
9212,UTA Session 2,practice,3,C,C,1,2164.362,7.48099999999977,10/20/2023 12:00:00 AM,10:05:21.4586782
9212,UTA Session 2,practice,4,A,A,1,2173.694,4.84700000000021,10/20/2023 12:00:00 AM,10:05:28.1563609
9212,UTA Session 2,trial,1,B,B,1,2189.837,5.04599999999982,10/20/2023 12:00:00 AM,10:05:44.5005198
9212,UTA Session 2,trial,2,B,B,1,2198.054,4.93299999999999,10/20/2023 12:00:00 AM,10:05:52.6032276
9212,UTA Session 2,trial,3,C,D,0,2205.993,8.16600000000017,10/20/2023 12:00:00 AM,10:06:03.7747039
9212,UTA Session 2,trial,4,A,A,1,2221.363,9.07400000000007,10/20/2023 12:00:00 AM,10:06:20.0531721
9212,UTA Session 2,trial,5,B,B,1,2233.482,4.13099999999986,10/20/2023 12:00:00 AM,10:06:27.2302803
9212,UTA Session 2,trial,6,D,D,1,2240.589,6.95600000000013,10/20/2023 12:00:00 AM,10:06:37.1611053
9212,UTA Session 2,trial,7,B,A,0,2250.464,13.6889999999999,10/20/2023 12:00:00 AM,10:06:53.7698700
9212,UTA Session 2,trial,8,D,A,0,2267.5,7.721,10/20/2023 12:00:00 AM,10:07:04.8375272
9212,UTA Session 2,trial,9,C,C,1,2278.187,5.38799999999992,10/20/2023 12:00:00 AM,10:07:13.1915256
9212,UTA Session 2,trial,10,C,A,0,2286.451,3.28699999999981,10/20/2023 12:00:00 AM,10:07:19.3548766
9212,UTA Session 2,trial,11,B,E,0,2295.055,7.20800000000008,10/20/2023 12:00:00 AM,10:07:31.8793347
9212,UTA Session 2,trial,12,E,C,0,2307.489,10.1280000000002,10/20/2023 12:00:00 AM,10:07:47.2334080
9212,UTA Session 2,trial,13,B,B,1,2321.463,4.0359999999996,10/20/2023 12:00:00 AM,10:07:55.1151259
9212,UTA Session 2,trial,14,A,A,1,2329.428,8.34900000000016,10/20/2023 12:00:00 AM,10:08:07.3927266
9212,UTA Session 2,trial,15,E,D,0,2340.755,6.19700000000012,10/20/2023 12:00:00 AM,10:08:16.5683598
9212,UTA Session 2,trial,16,B,C,0,2350.617,8.4109999999996,10/20/2023 12:00:00 AM,10:08:28.6447716
9212,UTA Session 2,trial,17,A,A,1,2362.482,6.42700000000013,10/20/2023 12:00:00 AM,10:08:38.5240958
9212,UTA Session 2,trial,18,D,B,0,2372.866,5.85199999999986,10/20/2023 12:00:00 AM,10:08:48.3345308
9212,UTA Session 2,trial,19,E,E,1,2383.911,8.38699999999972,10/20/2023 12:00:00 AM,10:09:01.9137093
9212,UTA Session 2,trial,20,D,D,1,2395.086,8.47900000000027,10/20/2023 12:00:00 AM,10:09:13.1820084
9212,UTA Session 2,trial,21,A,A,1,2406.46,4.48300000000017,10/20/2023 12:00:00 AM,10:09:20.5585066
9212,UTA Session 2,trial,22,A,A,1,2414.221,4.65599999999995,10/20/2023 12:00:00 AM,10:09:28.4929324
9212,UTA Session 2,trial,23,D,D,1,2422.038,5.19500000000016,10/20/2023 12:00:00 AM,10:09:36.8485657
9212,UTA Session 2,trial,24,D,D,1,2430.082,5.04300000000012,10/20/2023 12:00:00 AM,10:09:44.7402236
9212,UTA Session 2,trial,25,E,D,0,2437.974,3.98199999999997,10/20/2023 12:00:00 AM,10:09:51.5727025
9212,UTA Session 2,trial,26,D,B,0,2445.157,8.56799999999976,10/20/2023 12:00:00 AM,10:10:03.3414497
9212,UTA Session 2,trial,27,E,A,0,2456.946,7.8430000000003,10/20/2023 12:00:00 AM,10:10:14.4047894
9212,UTA Session 2,trial,28,C,E,0,2468.344,6.46399999999994,10/20/2023 12:00:00 AM,10:10:24.4240146
9212,UTA Session 2,trial,29,C,A,0,2477.792,7.42100000000028,10/20/2023 12:00:00 AM,10:10:34.8283499
9212,UTA Session 2,trial,30,D,D,1,2488.314,14.0480000000002,10/20/2023 12:00:00 AM,10:10:51.9785050
9212,UTA Session 2,trial,31,C,C,1,2505.231,6.87299999999959,10/20/2023 12:00:00 AM,10:11:01.7199788
9212,UTA Session 2,trial,32,E,A,0,2514.887,3.78499999999985,10/20/2023 12:00:00 AM,10:11:08.2886653
9212,UTA Session 2,trial,33,A,B,0,2521.695,4.1239999999998,10/20/2023 12:00:00 AM,10:11:15.4355309
9212,UTA Session 2,trial,34,E,A,0,2528.659,5.55199999999968,10/20/2023 12:00:00 AM,10:11:23.8270906
9212,UTA Session 2,trial,35,C,E,0,2540.408,6.16000000000031,10/20/2023 12:00:00 AM,10:11:36.1838448
9214,UTA Session 2,practice,1,B,D,0,2366.347,20.3719999999998,10/20/2023 12:00:00 AM,10:09:39.6697528
9214,UTA Session 2,practice,2,B,A,0,2419.139,9.22399999999971,10/20/2023 12:00:00 AM,10:10:21.3122648
9214,UTA Session 2,practice,3,C,C,1,2434.231,14.5079999999998,10/20/2023 12:00:00 AM,10:10:41.6878592
9214,UTA Session 2,practice,4,A,E,0,2449.933,15.1260000000002,10/20/2023 12:00:00 AM,10:10:58.0081324
9214,UTA Session 2,trial,1,B,B,1,2495.343,10.558,10/20/2023 12:00:00 AM,10:11:38.8519897
9214,UTA Session 2,trial,2,B,A,0,2508.861,9.23000000000002,10/20/2023 12:00:00 AM,10:11:51.0419666
9214,UTA Session 2,trial,3,C,E,0,2522.86,15.5830000000001,10/20/2023 12:00:00 AM,10:12:11.3930060
9214,UTA Session 2,trial,4,A,A,1,2541.526,9.33100000000013,10/20/2023 12:00:00 AM,10:12:23.8078056
9214,UTA Session 2,trial,5,B,D,0,2553.769,9.02600000000029,10/20/2023 12:00:00 AM,10:12:35.7460383
9214,UTA Session 2,trial,6,D,D,1,2566.854,6.40200000000004,10/20/2023 12:00:00 AM,10:12:46.2070850
9214,UTA Session 2,trial,7,B,B,1,2575.878,4.81799999999976,10/20/2023 12:00:00 AM,10:12:53.6467585
9214,UTA Session 2,trial,8,D,B,0,2583.551,7.50399999999991,10/20/2023 12:00:00 AM,10:13:04.0063417
9214,UTA Session 2,trial,9,C,D,0,2594.421,9.16100000000006,10/20/2023 12:00:00 AM,10:13:16.5333245
9214,UTA Session 2,trial,10,C,A,0,2606.743,13.8299999999999,10/20/2023 12:00:00 AM,10:13:33.5235148
9214,UTA Session 2,trial,11,B,D,0,2623.577,5.35599999999977,10/20/2023 12:00:00 AM,10:13:41.8839447
9214,UTA Session 2,trial,12,E,A,0,2632.973,15.5300000000002,10/20/2023 12:00:00 AM,10:14:01.4537778
9214,UTA Session 2,trial,13,B,D,0,2653.179,13.134,10/20/2023 12:00:00 AM,10:14:19.2635374
9214,UTA Session 2,trial,14,A,A,1,2670.184,9.47699999999986,10/20/2023 12:00:00 AM,10:14:32.6126032
9214,UTA Session 2,trial,15,E,E,1,2682.572,13.931,10/20/2023 12:00:00 AM,10:14:49.4542850
9214,UTA Session 2,trial,16,B,A,0,2699.185,17.433,10/20/2023 12:00:00 AM,10:15:09.5703691
9214,UTA Session 2,trial,17,A,A,1,2719.524,12.652,10/20/2023 12:00:00 AM,10:15:25.1284818
9214,UTA Session 2,trial,18,D,D,1,2735.088,10.52,10/20/2023 12:00:00 AM,10:15:38.5608506
9214,UTA Session 2,trial,19,E,C,0,2748.373,25.3499999999999,10/20/2023 12:00:00 AM,10:16:06.6753783
9214,UTA Session 2,trial,20,D,C,0,2777.142,8.94100000000026,10/20/2023 12:00:00 AM,10:16:19.0349495
9214,UTA Session 2,trial,21,A,A,1,2789.592,4.37300000000005,10/20/2023 12:00:00 AM,10:16:26.9173050
9214,UTA Session 2,trial,22,A,A,1,2796.962,7.82600000000002,10/20/2023 12:00:00 AM,10:16:37.7409395
9214,UTA Session 2,trial,23,D,D,1,2807.588,6.11899999999969,10/20/2023 12:00:00 AM,10:16:46.6591063
9214,UTA Session 2,trial,24,D,B,0,2816.563,10.4059999999999,10/20/2023 12:00:00 AM,10:16:59.9221522
9214,UTA Session 2,trial,25,E,A,0,2829.834,6.91300000000001,10/20/2023 12:00:00 AM,10:17:09.6990257
9214,UTA Session 2,trial,26,D,D,1,2840.269,12.1030000000001,10/20/2023 12:00:00 AM,10:17:25.3254899
9214,UTA Session 2,trial,27,E,E,1,2855.07,11.1569999999997,10/20/2023 12:00:00 AM,10:17:39.1799782
9214,UTA Session 2,trial,28,C,C,1,2868.955,10.9780000000001,10/20/2023 12:00:00 AM,10:17:52.8856735
9214,UTA Session 2,trial,29,C,A,0,2883.111,17.7200000000003,10/20/2023 12:00:00 AM,10:18:13.7842948
9214,UTA Session 2,trial,30,D,E,0,2904.307,8.12400000000025,10/20/2023 12:00:00 AM,10:18:25.3842557
9214,UTA Session 2,trial,31,C,A,0,2915.508,15.1700000000001,10/20/2023 12:00:00 AM,10:18:43.6322112
9214,UTA Session 2,trial,32,E,A,0,2933.941,20.549,10/20/2023 12:00:00 AM,10:19:07.4441418
9216,UTA Session 2,practice,1,B,B,1,2438.798,3.50900000000001,10/20/2023 12:00:00 AM,13:00:53.4188359
9216,UTA Session 2,practice,2,B,A,0,2519.313,11.8159999999998,10/20/2023 12:00:00 AM,13:02:22.2401365
9216,UTA Session 2,practice,3,C,C,1,2540.056,8.61499999999978,10/20/2023 12:00:00 AM,13:02:39.7809565
9216,UTA Session 2,practice,4,A,A,1,2554.794,6.15100000000029,10/20/2023 12:00:00 AM,13:02:52.0558604
9216,UTA Session 2,trial,1,B,B,1,2581.597,5.66999999999962,10/20/2023 12:00:00 AM,13:03:18.3789825
9216,UTA Session 2,trial,2,B,B,1,2590.776,7.43600000000015,10/20/2023 12:00:00 AM,13:03:29.3242750
9216,UTA Session 2,trial,3,C,C,1,2601.693,7.16399999999976,10/20/2023 12:00:00 AM,13:03:39.9686871
9216,UTA Session 2,trial,4,A,A,1,2611.889,3.48000000000002,10/20/2023 12:00:00 AM,13:03:46.4807180
9216,UTA Session 2,trial,5,B,B,1,2618.557,5.93200000000024,10/20/2023 12:00:00 AM,13:03:55.6008462
9216,UTA Session 2,trial,6,D,D,1,2627.598,16.107,10/20/2023 12:00:00 AM,13:04:14.8171793
9216,UTA Session 2,trial,7,B,B,1,2647.903,17.0540000000001,10/20/2023 12:00:00 AM,13:04:36.0691543
9216,UTA Session 2,trial,8,D,D,1,2669.036,4.44900000000007,10/20/2023 12:00:00 AM,13:04:44.5980559
9216,UTA Session 2,trial,9,C,C,1,2676.385,4.21799999999985,10/20/2023 12:00:00 AM,13:04:51.7150313
9216,UTA Session 2,trial,10,C,A,0,2683.625,2.54599999999982,10/20/2023 12:00:00 AM,13:04:57.2829098
9216,UTA Session 2,trial,11,B,E,0,2694.496,8.30899999999974,10/20/2023 12:00:00 AM,13:05:13.9175927
9216,UTA Session 2,trial,12,E,C,0,2706.969,2.34000000000015,10/20/2023 12:00:00 AM,13:05:20.4205129
9216,UTA Session 2,trial,13,B,D,0,2715.258,5.38800000000037,10/20/2023 12:00:00 AM,13:05:31.7587508
9216,UTA Session 2,trial,14,A,A,1,2728.35,3.37899999999991,10/20/2023 12:00:00 AM,13:05:42.8415709
9216,UTA Session 2,trial,15,E,A,0,2735.03,5.029,10/20/2023 12:00:00 AM,13:05:51.1711476
9216,UTA Session 2,trial,16,B,B,1,2744.167,5.45400000000018,10/20/2023 12:00:00 AM,13:06:00.7329256
9216,UTA Session 2,trial,17,A,A,1,2752.71,5.32699999999977,10/20/2023 12:00:00 AM,13:06:09.1494154
9216,UTA Session 2,trial,18,D,B,0,2761.172,5.56899999999996,10/20/2023 12:00:00 AM,13:06:17.8536592
9216,UTA Session 2,trial,19,E,E,1,2784.051,8.36900000000014,10/20/2023 12:00:00 AM,13:06:43.5334098
9216,UTA Session 2,trial,20,D,D,1,2795.661,7.31100000000015,10/20/2023 12:00:00 AM,13:06:54.0852747
9216,UTA Session 2,trial,21,A,A,1,2806.249,8.58200000000033,10/20/2023 12:00:00 AM,13:07:05.9442714
9216,UTA Session 2,trial,22,A,A,1,2817.824,10.0329999999999,10/20/2023 12:00:00 AM,13:07:18.9704473
9216,UTA Session 2,trial,23,D,D,1,2831.644,5.44800000000032,10/20/2023 12:00:00 AM,13:07:28.2054444
9216,UTA Session 2,trial,24,D,D,1,2839.867,5.1579999999999,10/20/2023 12:00:00 AM,13:07:36.1380261
9216,UTA Session 2,trial,25,E,A,0,2847.866,5.67999999999984,10/20/2023 12:00:00 AM,13:07:44.6593345
9216,UTA Session 2,trial,26,D,B,0,2857.149,7.86500000000024,10/20/2023 12:00:00 AM,13:07:56.1273731
9216,UTA Session 2,trial,27,E,E,1,2868.268,4.73399999999992,10/20/2023 12:00:00 AM,13:08:04.1154780
9216,UTA Session 2,trial,28,C,C,1,2876.103,11.7829999999999,10/20/2023 12:00:00 AM,13:08:18.9995954
9216,UTA Session 2,trial,29,C,A,0,2890.92,6.3779999999997,10/20/2023 12:00:00 AM,13:08:28.4122836
9216,UTA Session 2,trial,30,D,D,1,2908.294,4.93600000000015,10/20/2023 12:00:00 AM,13:08:44.3432765
9216,UTA Session 2,trial,31,C,C,1,2916.219,10.8589999999999,10/20/2023 12:00:00 AM,13:08:58.1919755
9216,UTA Session 2,trial,32,E,E,1,2930.149,5.07300000000032,10/20/2023 12:00:00 AM,13:09:06.3357047
9216,UTA Session 2,trial,33,A,B,0,2939.954,2.71299999999974,10/20/2023 12:00:00 AM,13:09:13.7809319
9216,UTA Session 2,trial,34,E,E,1,2947.65,9.20199999999977,10/20/2023 12:00:00 AM,13:09:27.9665626
9216,UTA Session 2,trial,35,C,D,0,2960.001,11.2159999999999,10/20/2023 12:00:00 AM,13:09:42.3305964
9217,UTA Session 2,practice,1,B,E,0,2344.262,15.384,10/20/2023 12:00:00 AM,13:01:48.8939944
9217,UTA Session 2,practice,2,B,E,0,2397.682,9.42600000000039,10/20/2023 12:00:00 AM,13:02:36.3563412
9217,UTA Session 2,practice,3,C,A,0,2408.148,19.9699999999998,10/20/2023 12:00:00 AM,13:02:57.3662796
9217,UTA Session 2,practice,4,A,B,0,2431.258,9.5310000000004,10/20/2023 12:00:00 AM,13:03:10.0362368
9217,UTA Session 2,trial,1,B,D,0,2464.868,11.3180000000002,10/20/2023 12:00:00 AM,13:03:45.4358055
9217,UTA Session 2,trial,2,B,E,0,2479.938,11.5149999999999,10/20/2023 12:00:00 AM,13:04:00.6999592
9217,UTA Session 2,trial,3,C,E,0,2498.439,9.51900000000023,10/20/2023 12:00:00 AM,13:04:17.2059624
9217,UTA Session 2,trial,4,A,A,1,2510.906,5.00399999999991,10/20/2023 12:00:00 AM,13:04:25.1582109
9217,UTA Session 2,trial,5,B,A,0,2519.026,19.788,10/20/2023 12:00:00 AM,13:04:48.0629286
9217,UTA Session 2,trial,6,D,B,0,2541.909,8.625,10/20/2023 12:00:00 AM,13:04:59.7825013
9217,UTA Session 2,trial,7,B,C,0,2554.052,12.48,10/20/2023 12:00:00 AM,13:05:15.7803331
9217,UTA Session 2,trial,8,D,D,1,2570.642,12.7780000000002,10/20/2023 12:00:00 AM,13:05:32.6688614
9217,UTA Session 2,trial,9,C,A,0,2586.548,9.28600000000006,10/20/2023 12:00:00 AM,13:05:45.0828853
9217,UTA Session 2,trial,10,C,C,1,2599.208,3.16599999999971,10/20/2023 12:00:00 AM,13:05:51.6223368
9217,UTA Session 2,trial,11,B,E,0,2605.213,8.35500000000002,10/20/2023 12:00:00 AM,13:06:02.8170063
9217,UTA Session 2,trial,12,E,C,0,2617.508,2.73199999999997,10/20/2023 12:00:00 AM,13:06:09.4879749
9217,UTA Session 2,trial,13,B,E,0,2623.698,6.64600000000019,10/20/2023 12:00:00 AM,13:06:19.5925837
9217,UTA Session 2,trial,14,A,A,1,2633.783,6.27700000000004,10/20/2023 12:00:00 AM,13:06:29.3088386
9217,UTA Session 2,trial,15,E,C,0,2643.636,6.53600000000006,10/20/2023 12:00:00 AM,13:06:39.4210479
9217,UTA Session 2,trial,16,B,B,1,2653.426,13.0540000000001,10/20/2023 12:00:00 AM,13:06:55.7293031
9217,UTA Session 2,trial,17,A,A,1,2669.598,9.44599999999991,10/20/2023 12:00:00 AM,13:07:08.2932656
9217,UTA Session 2,trial,18,D,D,1,2681.983,8.65899999999965,10/20/2023 12:00:00 AM,13:07:19.8911934
9217,UTA Session 2,trial,19,E,D,0,2693.584,13.8300000000004,10/20/2023 12:00:00 AM,13:07:36.6635794
9217,UTA Session 2,trial,20,D,E,0,2710.589,8.33899999999994,10/20/2023 12:00:00 AM,13:07:48.1775755
9217,UTA Session 2,trial,21,A,A,1,2722.15,8.48099999999977,10/20/2023 12:00:00 AM,13:07:59.8794845
9217,UTA Session 2,trial,22,A,B,0,2733.901,9.0010000000002,10/20/2023 12:00:00 AM,13:08:12.1515452
9217,UTA Session 2,trial,23,D,D,1,2745.823,5.88500000000022,10/20/2023 12:00:00 AM,13:08:20.9572905
9217,UTA Session 2,trial,24,D,E,0,2754.769,12.6990000000001,10/20/2023 12:00:00 AM,13:08:36.7168798
9217,UTA Session 2,trial,25,E,B,0,2770.308,7.77399999999989,10/20/2023 12:00:00 AM,13:08:47.3308330
9217,UTA Session 2,trial,26,D,B,0,2780.975,5.15900000000011,10/20/2023 12:00:00 AM,13:08:55.3823440
9217,UTA Session 2,trial,27,E,E,1,2789.926,6.17599999999993,10/20/2023 12:00:00 AM,13:09:05.3517436
9217,UTA Session 2,trial,28,C,B,0,2798.949,9.84899999999971,10/20/2023 12:00:00 AM,13:09:18.0480905
9217,UTA Session 2,trial,29,C,C,1,2812.141,9.32499999999982,10/20/2023 12:00:00 AM,13:09:30.7156309
9217,UTA Session 2,trial,30,D,D,1,2824.713,9.81899999999996,10/20/2023 12:00:00 AM,13:09:43.7828263
9217,UTA Session 2,trial,31,C,A,0,2837.426,7.42399999999998,10/20/2023 12:00:00 AM,13:09:54.1009641
9217,UTA Session 2,trial,32,E,C,0,2848.037,7.58500000000004,10/20/2023 12:00:00 AM,13:10:04.8726663
9217,UTA Session 2,trial,33,A,D,0,2858.465,9.1909999999998,10/20/2023 12:00:00 AM,13:10:16.9070148
9217,UTA Session 2,trial,34,E,A,0,2870.38,6.85399999999981,10/20/2023 12:00:00 AM,13:10:26.4842935
9217,UTA Session 2,trial,35,C,E,0,2880.821,11.1840000000002,10/20/2023 12:00:00 AM,13:10:41.2551578
9215,UTA Session 2,practice,1,B,D,0,3058.566,55.6120000000001,10/20/2023 12:00:00 AM,13:09:59.0503774
9215,UTA Session 2,practice,2,B,A,0,3219.034,15.5839999999998,10/20/2023 12:00:00 AM,13:11:59.4882613
9215,UTA Session 2,practice,3,C,A,0,3241.75,8.904,10/20/2023 12:00:00 AM,13:12:15.5241259
9215,UTA Session 2,practice,4,A,E,0,3259.167,21.8490000000002,10/20/2023 12:00:00 AM,13:12:45.8856102
9215,UTA Session 2,trial,1,B,A,0,3421.616,39.3969999999999,10/20/2023 12:00:00 AM,13:15:45.8858920
9215,UTA Session 2,trial,2,B,B,1,3464.456,16.1059999999998,10/20/2023 12:00:00 AM,13:16:05.4325024
9215,UTA Session 2,trial,3,C,A,0,3489.282,14.893,10/20/2023 12:00:00 AM,13:16:29.0465018
9215,UTA Session 2,trial,4,A,A,1,3507.373,9.65900000000011,10/20/2023 12:00:00 AM,13:16:41.9027166
9215,UTA Session 2,trial,5,B,E,0,3519.95,11.681,10/20/2023 12:00:00 AM,13:16:56.5020650
9215,UTA Session 2,trial,6,D,A,0,3539.984,9.21100000000024,10/20/2023 12:00:00 AM,13:17:14.0653645
9215,UTA Session 2,trial,7,B,D,0,3553.07,41.8969999999999,10/20/2023 12:00:00 AM,13:17:59.8375139
9215,UTA Session 2,trial,8,D,C,0,3601.394,22.431,10/20/2023 12:00:00 AM,13:18:28.6951123
9215,UTA Session 2,trial,9,C,B,0,3627.108,20.2919999999999,10/20/2023 12:00:00 AM,13:18:52.2710094
9215,UTA Session 2,trial,10,C,C,1,3660.703,14.2820000000002,10/20/2023 12:00:00 AM,13:19:19.8560938
9215,UTA Session 2,trial,11,B,E,0,3678.151,11.8450000000003,10/20/2023 12:00:00 AM,13:19:34.8673891
9215,UTA Session 2,trial,12,E,A,0,3701.659,60.8699999999999,10/20/2023 12:00:00 AM,13:20:47.3994785
9215,UTA Session 2,trial,13,B,D,0,3773.152,20.3009999999999,10/20/2023 12:00:00 AM,13:21:18.3243042
9215,UTA Session 2,trial,14,A,C,0,3819.063,32.547,10/20/2023 12:00:00 AM,13:22:16.4805935
9215,UTA Session 2,trial,15,E,E,1,3856.324,11.7579999999998,10/20/2023 12:00:00 AM,13:22:32.9541226
9199,UTA Session 2,practice,1,B,A,0,1733.723,17.8120000000001,10/20/2023 12:00:00 AM,15:42:57.6418538
9199,UTA Session 2,practice,2,B,A,0,1771.611,7.18199999999979,10/20/2023 12:00:00 AM,15:43:24.8991896
9199,UTA Session 2,practice,3,C,C,1,1790.163,3.73399999999992,10/20/2023 12:00:00 AM,15:43:40.0040027
9199,UTA Session 2,practice,4,A,A,1,1795.086,5.4559999999999,10/20/2023 12:00:00 AM,15:43:46.6485571
9199,UTA Session 2,trial,1,B,A,0,1825.396,8.22900000000004,10/20/2023 12:00:00 AM,15:44:19.7331001
9199,UTA Session 2,trial,2,B,A,0,1837.035,11.377,10/20/2023 12:00:00 AM,15:44:34.5193155
9199,UTA Session 2,trial,3,C,B,0,1854.704,5.34400000000005,10/20/2023 12:00:00 AM,15:44:46.1554889
9199,UTA Session 2,trial,4,A,A,1,1863.494,5.40300000000002,10/20/2023 12:00:00 AM,15:44:55.0054951
9199,UTA Session 2,trial,5,B,A,0,1872.07,13.8800000000001,10/20/2023 12:00:00 AM,15:45:12.0580075
9199,UTA Session 2,trial,6,D,A,0,1889.241,6.78700000000003,10/20/2023 12:00:00 AM,15:45:22.1352180
9199,UTA Session 2,trial,7,B,B,1,1899.732,12.152,10/20/2023 12:00:00 AM,15:45:37.9922791
9199,UTA Session 2,trial,8,D,E,0,1915.997,9.53700000000003,10/20/2023 12:00:00 AM,15:45:51.6423661
9199,UTA Session 2,trial,9,C,B,0,1928.849,15.2240000000002,10/20/2023 12:00:00 AM,15:46:10.1796364
9199,UTA Session 2,trial,10,C,A,0,1947.076,8.31600000000003,10/20/2023 12:00:00 AM,15:46:21.4994929
9199,UTA Session 2,trial,11,B,B,1,1958.273,5.66399999999999,10/20/2023 12:00:00 AM,15:46:30.0449992
9199,UTA Session 2,trial,12,E,B,0,1967.108,5.87400000000002,10/20/2023 12:00:00 AM,15:46:39.0904413
9199,UTA Session 2,trial,13,B,B,1,1975.943,14.701,10/20/2023 12:00:00 AM,15:46:56.7524826
9199,UTA Session 2,trial,14,A,C,0,1993.94,10.05,10/20/2023 12:00:00 AM,15:47:10.0988190
9199,UTA Session 2,trial,15,E,A,0,2006.849,8.74099999999999,10/20/2023 12:00:00 AM,15:47:21.6980685
9199,UTA Session 2,trial,16,B,D,0,2018.979,3.97699999999986,10/20/2023 12:00:00 AM,15:47:29.0647085
9199,UTA Session 2,trial,17,A,B,0,2026.258,5.98800000000006,10/20/2023 12:00:00 AM,15:47:38.3539280
9199,UTA Session 2,trial,18,D,A,0,2035.354,3.71599999999989,10/20/2023 12:00:00 AM,15:47:45.1781248
9199,UTA Session 2,trial,19,E,A,0,2042.216,3.05700000000002,10/20/2023 12:00:00 AM,15:47:51.3806977
9199,UTA Session 2,trial,20,D,C,0,2048.323,4.72200000000021,10/20/2023 12:00:00 AM,15:47:59.1527375
9199,UTA Session 2,trial,21,A,A,1,2056.038,8.70499999999993,10/20/2023 12:00:00 AM,15:48:10.8510063
9199,UTA Session 2,trial,22,A,A,1,2067.813,7.52099999999973,10/20/2023 12:00:00 AM,15:48:21.4421587
9199,UTA Session 2,trial,23,D,A,0,2079.096,3.35899999999992,10/20/2023 12:00:00 AM,15:48:28.5640291
9199,UTA Session 2,trial,24,D,D,1,2085.438,3.96000000000004,10/20/2023 12:00:00 AM,15:48:35.5066679
9199,UTA Session 2,trial,25,E,C,0,2092.317,2.28099999999995,10/20/2023 12:00:00 AM,15:48:40.7074259
9199,UTA Session 2,trial,26,D,B,0,2097.404,4.33599999999979,10/20/2023 12:00:00 AM,15:48:47.8489288
9199,UTA Session 2,trial,27,E,A,0,2105.335,2.67500000000018,10/20/2023 12:00:00 AM,15:48:54.1187765
9199,UTA Session 2,trial,28,C,C,1,2110.947,3.19999999999982,10/20/2023 12:00:00 AM,15:49:00.2557312
9199,UTA Session 2,trial,29,C,C,1,2116.979,4.63000000000011,10/20/2023 12:00:00 AM,15:49:07.7179387
9199,UTA Session 2,trial,30,D,B,0,2124.488,1.22000000000025,10/20/2023 12:00:00 AM,15:49:11.8172959
9199,UTA Session 2,trial,31,C,D,0,2128.695,3.22299999999996,10/20/2023 12:00:00 AM,15:49:18.0273997
9199,UTA Session 2,trial,32,E,A,0,2134.788,3.75599999999986,10/20/2023 12:00:00 AM,15:49:24.6524778
9199,UTA Session 2,trial,33,A,B,0,2141.497,1.30099999999993,10/20/2023 12:00:00 AM,15:49:28.9062875
9199,UTA Session 2,trial,34,E,D,0,2145.852,1.29800000000023,10/20/2023 12:00:00 AM,15:49:33.2589070
9199,UTA Session 2,trial,35,C,D,0,2149.842,3.26800000000003,10/20/2023 12:00:00 AM,15:49:39.2180547
9218,UTA Session 2,practice,1,B,A,0,2281.891,29.9539999999997,10/20/2023 12:00:00 AM,16:00:21.6071267
9218,UTA Session 2,practice,2,B,A,0,2392.207,15.1020000000003,10/20/2023 12:00:00 AM,16:01:57.0690778
9218,UTA Session 2,practice,3,C,B,0,2416.219,4.73900000000003,10/20/2023 12:00:00 AM,16:02:10.7184874
9218,UTA Session 2,practice,4,A,A,1,2424.992,8.81899999999996,10/20/2023 12:00:00 AM,16:02:23.5707325
9218,UTA Session 2,trial,1,B,B,1,2457.434,8.0319999999997,10/20/2023 12:00:00 AM,16:02:55.2280065
9218,UTA Session 2,trial,2,B,B,1,2468.726,7.55499999999984,10/20/2023 12:00:00 AM,16:03:06.0407246
9218,UTA Session 2,trial,3,C,A,0,2479.526,7.81800000000021,10/20/2023 12:00:00 AM,16:03:17.1051434
9218,UTA Session 2,trial,4,A,A,1,2493.667,6.91699999999992,10/20/2023 12:00:00 AM,16:03:30.3442405
9218,UTA Session 2,trial,5,B,B,1,2503.613,21.7720000000004,10/20/2023 12:00:00 AM,16:03:55.1452167
9218,UTA Session 2,trial,6,D,C,0,2528.298,9.875,10/20/2023 12:00:00 AM,16:04:07.9332916
9218,UTA Session 2,trial,7,B,D,0,2544.346,7.24499999999989,10/20/2023 12:00:00 AM,16:04:21.3503781
9218,UTA Session 2,trial,8,D,A,0,2556.843,14.4340000000002,10/20/2023 12:00:00 AM,16:04:41.0373046
9218,UTA Session 2,trial,9,C,C,1,2577.022,9.26999999999998,10/20/2023 12:00:00 AM,16:04:56.0531113
9218,UTA Session 2,trial,10,C,C,1,2589.223,7.21500000000015,10/20/2023 12:00:00 AM,16:05:06.1981535
9218,UTA Session 2,trial,11,B,B,1,2599.351,5.95899999999983,10/20/2023 12:00:00 AM,16:05:15.0703113
9218,UTA Session 2,trial,12,E,E,1,2609.007,6.80899999999974,10/20/2023 12:00:00 AM,16:05:25.5760524
9218,UTA Session 2,trial,13,B,D,0,2618.825,11.6570000000002,10/20/2023 12:00:00 AM,16:05:40.2420040
9218,UTA Session 2,trial,14,A,A,1,2636.151,9.58400000000029,10/20/2023 12:00:00 AM,16:05:55.4955791
9218,UTA Session 2,trial,15,E,E,1,2648.747,6.83699999999999,10/20/2023 12:00:00 AM,16:06:05.3447683
9218,UTA Session 2,trial,16,B,A,0,2658.411,8.12699999999995,10/20/2023 12:00:00 AM,16:06:16.2980100
9218,UTA Session 2,trial,17,A,A,1,2673.108,10.4639999999999,10/20/2023 12:00:00 AM,16:06:33.3321772
9218,UTA Session 2,trial,18,D,B,0,2686.564,20.5640000000003,10/20/2023 12:00:00 AM,16:06:56.8885615
9218,UTA Session 2,trial,19,E,E,1,2715.045,21.1929999999998,10/20/2023 12:00:00 AM,16:07:25.9979634
9218,UTA Session 2,trial,20,D,D,1,2739.127,6.76299999999992,10/20/2023 12:00:00 AM,16:07:35.6500260
9218,UTA Session 2,trial,21,A,A,1,2748.857,10.232,10/20/2023 12:00:00 AM,16:07:48.8489454
9218,UTA Session 2,trial,22,A,A,1,2762.259,7.24299999999994,10/20/2023 12:00:00 AM,16:07:59.2616232
9218,UTA Session 2,trial,23,D,D,1,2772.556,8.48399999999992,10/20/2023 12:00:00 AM,16:08:10.7999728
9218,UTA Session 2,trial,24,D,E,0,2784.031,7.17100000000028,10/20/2023 12:00:00 AM,16:08:20.9616736
9218,UTA Session 2,trial,25,E,E,1,2800.435,10.0990000000002,10/20/2023 12:00:00 AM,16:08:40.2937072
9218,UTA Session 2,trial,26,D,D,1,2813.488,6.92200000000003,10/20/2023 12:00:00 AM,16:08:50.1707511
9218,UTA Session 2,trial,27,E,E,1,2823.456,6.21599999999989,10/20/2023 12:00:00 AM,16:08:59.4321196
9218,UTA Session 2,trial,28,C,C,1,2832.535,5.37400000000025,10/20/2023 12:00:00 AM,16:09:07.6688225
9218,UTA Session 2,trial,29,C,C,1,2840.839,10.6730000000002,10/20/2023 12:00:00 AM,16:09:21.2716299
9218,UTA Session 2,trial,30,D,D,1,2854.493,16.4140000000002,10/20/2023 12:00:00 AM,16:09:40.6675185
9218,UTA Session 2,trial,31,C,A,0,2874.03,10.3089999999997,10/20/2023 12:00:00 AM,16:09:54.0990068
9218,UTA Session 2,trial,32,E,E,1,2887.574,5.13400000000001,10/20/2023 12:00:00 AM,16:10:02.4674617
9218,UTA Session 2,trial,33,A,B,0,2895.544,9.70600000000013,10/20/2023 12:00:00 AM,16:10:15.0094895
9219,UTA Session 2,practice,1,B,D,0,2465.565,58.4160000000002,10/20/2023 12:00:00 AM,16:12:48.9576162
9219,UTA Session 2,practice,2,B,A,0,2561.29,19.1620000000003,10/20/2023 12:00:00 AM,16:13:45.4293020
9219,UTA Session 2,practice,3,C,C,1,2581.374,7.63800000000037,10/20/2023 12:00:00 AM,16:13:53.9895009
9219,UTA Session 2,practice,4,A,A,1,2589.665,11.5129999999999,10/20/2023 12:00:00 AM,16:14:06.1550085
9219,UTA Session 2,trial,1,B,B,1,2616.854,15.4560000000001,10/20/2023 12:00:00 AM,16:14:37.2886787
9219,UTA Session 2,trial,2,B,B,1,2635.094,12.6619999999998,10/20/2023 12:00:00 AM,16:14:52.7346546
9219,UTA Session 2,trial,3,C,B,0,2650.622,8.92000000000007,10/20/2023 12:00:00 AM,16:15:04.5205790
9219,UTA Session 2,trial,4,A,A,1,2667.538,6.42399999999998,10/20/2023 12:00:00 AM,16:15:18.9416784
9219,UTA Session 2,trial,5,B,B,1,2678.201,7.54700000000003,10/20/2023 12:00:00 AM,16:15:30.7271226
9219,UTA Session 2,trial,6,D,D,1,2692.871,6.79099999999971,10/20/2023 12:00:00 AM,16:15:44.6414952
9219,UTA Session 2,trial,7,B,B,1,2702.489,6.81899999999996,10/20/2023 12:00:00 AM,16:15:54.2870494
9219,UTA Session 2,trial,8,D,B,0,2716.624,16.9450000000002,10/20/2023 12:00:00 AM,16:16:18.5487884
9219,UTA Session 2,trial,9,C,C,1,2736.359,7.05700000000024,10/20/2023 12:00:00 AM,16:16:28.3958024
9219,UTA Session 2,trial,10,C,A,0,2757.351,2.95100000000002,10/20/2023 12:00:00 AM,16:16:45.2823805
9219,UTA Session 2,trial,11,B,B,1,2769.203,9.03499999999985,10/20/2023 12:00:00 AM,16:17:03.2188185
9219,UTA Session 2,trial,12,E,C,0,2781.088,16.5419999999999,10/20/2023 12:00:00 AM,16:17:22.6103014
9219,UTA Session 2,trial,13,B,C,0,2800.51,10.2489999999998,10/20/2023 12:00:00 AM,16:17:35.7394251
9219,UTA Session 2,trial,14,A,A,1,2813.779,16.297,10/20/2023 12:00:00 AM,16:17:55.0574708
9219,UTA Session 2,trial,15,E,D,0,2833.093,16.0570000000002,10/20/2023 12:00:00 AM,16:18:14.1313142
9219,UTA Session 2,trial,16,B,B,1,2853.078,18.3760000000002,10/20/2023 12:00:00 AM,16:18:36.4361486
9219,UTA Session 2,trial,17,A,A,1,2874.876,8.5359999999996,10/20/2023 12:00:00 AM,16:18:48.3931113
9219,UTA Session 2,trial,18,D,D,1,2886.624,8.60400000000027,10/20/2023 12:00:00 AM,16:19:00.2096345
9219,UTA Session 2,trial,19,E,E,1,2898.011,5.11500000000024,10/20/2023 12:00:00 AM,16:19:08.1075468
9219,UTA Session 2,trial,20,D,B,0,2905.705,9.48700000000008,10/20/2023 12:00:00 AM,16:19:20.1741303
9219,UTA Session 2,trial,21,A,A,1,2918.042,6.11400000000003,10/20/2023 12:00:00 AM,16:19:29.1383031
9219,UTA Session 2,trial,22,A,C,0,2928.876,7.01299999999992,10/20/2023 12:00:00 AM,16:19:40.8714060
9219,UTA Session 2,trial,23,D,D,1,2939.549,7.81899999999996,10/20/2023 12:00:00 AM,16:19:52.3506854
9219,UTA Session 2,trial,24,D,D,1,2951.049,6.19900000000007,10/20/2023 12:00:00 AM,16:20:02.2304597
9219,UTA Session 2,trial,25,E,D,0,2960.826,10.5859999999998,10/20/2023 12:00:00 AM,16:20:16.3953819
9219,UTA Session 2,trial,26,D,D,1,2974.984,5.49800000000005,10/20/2023 12:00:00 AM,16:20:25.4643512
9219,UTA Session 2,trial,27,E,B,0,2984.216,5.30000000000018,10/20/2023 12:00:00 AM,16:20:34.4990406
9219,UTA Session 2,trial,28,C,E,0,2993.426,15.4300000000003,10/20/2023 12:00:00 AM,16:20:53.8392462
9219,UTA Session 2,trial,29,C,C,1,3013.487,16.8409999999999,10/20/2023 12:00:00 AM,16:21:15.3111691
9219,UTA Session 2,trial,30,D,D,1,3033.842,17.826,10/20/2023 12:00:00 AM,16:21:36.6514386
9219,UTA Session 2,trial,31,C,E,0,3054.837,26.2890000000002,10/20/2023 12:00:00 AM,16:22:06.1092279
9213,UTA Session 2,practice,1,B,B,1,2117.823,4.40000000000009,10/27/2023 12:00:00 AM,10:00:25.0672023
9213,UTA Session 2,practice,2,B,E,0,2179.941,25.634,10/27/2023 12:00:00 AM,10:01:48.4179495
9213,UTA Session 2,practice,3,C,D,0,2216.351,14.2739999999999,10/27/2023 12:00:00 AM,10:02:13.4678224
9213,UTA Session 2,practice,4,A,A,1,2239.898,5.18100000000004,10/27/2023 12:00:00 AM,10:02:27.9227812
9213,UTA Session 2,trial,1,B,B,1,2261.462,7.77100000000019,10/27/2023 12:00:00 AM,10:02:52.0784435
9213,UTA Session 2,trial,2,B,B,1,2272.262,7.59099999999989,10/27/2023 12:00:00 AM,10:03:02.6982016
9213,UTA Session 2,trial,3,C,C,1,2282.62,13.2470000000003,10/27/2023 12:00:00 AM,10:03:18.7113422
9213,UTA Session 2,trial,4,A,A,1,2298.589,4.50500000000011,10/27/2023 12:00:00 AM,10:03:25.9387820
9213,UTA Session 2,trial,5,B,B,1,2305.941,6.11599999999999,10/27/2023 12:00:00 AM,10:03:34.9013512
9213,UTA Session 2,trial,6,D,D,1,2314.823,7.32099999999991,10/27/2023 12:00:00 AM,10:03:44.9880113
9213,UTA Session 2,trial,7,B,A,0,2324.76,21.857,10/27/2023 12:00:00 AM,10:04:09.4623484
9213,UTA Session 2,trial,8,D,D,1,2352.145,6.79100000000017,10/27/2023 12:00:00 AM,10:04:21.7810264
9213,UTA Session 2,trial,9,C,C,1,2361.645,4.0590000000002,10/27/2023 12:00:00 AM,10:04:28.5494880
9213,UTA Session 2,trial,10,C,A,0,2371.445,7.45100000000002,10/27/2023 12:00:00 AM,10:04:41.7416319
9213,UTA Session 2,trial,11,B,B,1,2383.474,3.10699999999997,10/27/2023 12:00:00 AM,10:04:49.4263914
9213,UTA Session 2,trial,12,E,E,1,2389.389,7.77399999999989,10/27/2023 12:00:00 AM,10:05:00.0085248
9213,UTA Session 2,trial,13,B,B,1,2399.727,5.47000000000025,10/27/2023 12:00:00 AM,10:05:08.0426687
9213,UTA Session 2,trial,14,A,A,1,2407.869,7.87999999999965,10/27/2023 12:00:00 AM,10:05:18.5946510
9213,UTA Session 2,trial,15,E,D,0,2418.597,7.81899999999996,10/27/2023 12:00:00 AM,10:05:29.2614346
9213,UTA Session 2,trial,16,B,B,1,2432.711,5.62100000000009,10/27/2023 12:00:00 AM,10:05:41.1780311
9213,UTA Session 2,trial,17,A,A,1,2441.136,6.90900000000011,10/27/2023 12:00:00 AM,10:05:50.8909293
9213,UTA Session 2,trial,18,D,D,1,2450.822,4.89899999999989,10/27/2023 12:00:00 AM,10:05:58.5679116
9213,UTA Session 2,trial,19,E,E,1,2458.532,5.08299999999963,10/27/2023 12:00:00 AM,10:06:06.4611301
9213,UTA Session 2,trial,20,D,D,1,2466.272,4.44300000000021,10/27/2023 12:00:00 AM,10:06:13.5615478
9213,UTA Session 2,trial,21,A,A,1,2473.243,9.24400000000014,10/27/2023 12:00:00 AM,10:06:25.3328601
9213,UTA Session 2,trial,22,A,A,1,2485.356,4.48299999999972,10/27/2023 12:00:00 AM,10:06:32.6857298
9213,UTA Session 2,trial,23,D,D,1,2492.654,2.14100000000008,10/27/2023 12:00:00 AM,10:06:37.6421941
9213,UTA Session 2,trial,24,D,D,1,2497.276,4.221,10/27/2023 12:00:00 AM,10:06:44.3436777
9213,UTA Session 2,trial,25,E,E,1,2504.287,15.8100000000004,10/27/2023 12:00:00 AM,10:07:02.9432173
9213,UTA Session 2,trial,26,D,D,1,2522.807,3.01000000000022,10/27/2023 12:00:00 AM,10:07:08.6632869
9213,UTA Session 2,trial,27,E,D,0,2528.38,5.29500000000007,10/27/2023 12:00:00 AM,10:07:16.5217660
9213,UTA Session 2,trial,28,C,E,0,2538.005,11.384,10/27/2023 12:00:00 AM,10:07:32.2357821
9213,UTA Session 2,trial,29,C,C,1,2556.552,6.35699999999997,10/27/2023 12:00:00 AM,10:07:45.7562071
9213,UTA Session 2,trial,30,D,D,1,2565.402,4.90299999999979,10/27/2023 12:00:00 AM,10:07:53.1521965
9213,UTA Session 2,trial,31,C,C,1,2572.864,10.6129999999998,10/27/2023 12:00:00 AM,10:08:06.3239298
9213,UTA Session 2,trial,32,E,E,1,2586.182,7.67700000000013,10/27/2023 12:00:00 AM,10:08:16.7064782
9213,UTA Session 2,trial,33,A,B,0,2596.384,5.43600000000015,10/27/2023 12:00:00 AM,10:08:24.6671875
9213,UTA Session 2,trial,34,E,E,1,2609.661,2.54199999999992,10/27/2023 12:00:00 AM,10:08:35.0502099
9213,UTA Session 2,trial,35,C,C,1,2615.032,14.723,10/27/2023 12:00:00 AM,10:08:52.6026608
0,UTA Session 2,practice,1,B,B,1,1573.969,1.39799999999991,1/29/2024 12:00:00 AM,10:48:40.0768492
0,UTA Session 2,practice,2,B,C,0,1581.766,1.34899999999993,1/29/2024 12:00:00 AM,10:48:47.8180464
0,UTA Session 2,practice,3,C,D,0,1584.157,1.2940000000001,1/29/2024 12:00:00 AM,10:48:50.1552092
0,UTA Session 2,practice,4,A,E,0,1586.422,1.048,1/29/2024 12:00:00 AM,10:48:52.1665575
0,UTA Session 2,trial,1,B,C,0,1596.495,1.02200000000016,1/29/2024 12:00:00 AM,10:49:02.2234389
0,UTA Session 2,trial,2,B,C,0,1601.149,0.856000000000222,1/29/2024 12:00:00 AM,10:49:06.7029341
0,UTA Session 2,trial,3,C,C,1,1604.872,0.549999999999955,1/29/2024 12:00:00 AM,10:49:10.1274075
0,UTA Session 2,trial,4,A,C,0,1608.187,0.940000000000055,1/29/2024 12:00:00 AM,10:49:13.8330609
0,UTA Session 2,trial,5,B,C,0,1611.781,0.617999999999938,1/29/2024 12:00:00 AM,10:49:17.1010811
0,UTA Session 2,trial,6,D,C,0,1615.183,0.66800000000012,1/29/2024 12:00:00 AM,10:49:20.5580576
0,UTA Session 2,trial,7,B,C,0,1618.743,0.980999999999995,1/29/2024 12:00:00 AM,10:49:24.4238233
0,UTA Session 2,trial,8,D,C,0,1622.348,1.60300000000007,1/29/2024 12:00:00 AM,10:49:28.6507297
0,UTA Session 2,trial,9,C,C,1,1626.716,0.596000000000004,1/29/2024 12:00:00 AM,10:49:32.0128490
0,UTA Session 2,trial,10,C,C,1,1630.151,0.534999999999854,1/29/2024 12:00:00 AM,10:49:35.3909246
0,UTA Session 2,trial,11,B,C,0,1633.438,0.561999999999898,1/29/2024 12:00:00 AM,10:49:38.7072210
0,UTA Session 2,trial,12,E,C,0,1636.689,0.926999999999907,1/29/2024 12:00:00 AM,10:49:42.3210263
0,UTA Session 2,trial,13,B,C,0,1640.336,0.829999999999927,1/29/2024 12:00:00 AM,10:49:45.8602483
0,UTA Session 2,trial,14,A,C,0,1643.746,0.950999999999794,1/29/2024 12:00:00 AM,10:49:49.3940335
0,UTA Session 2,trial,15,E,C,0,1647.534,0.901999999999816,1/29/2024 12:00:00 AM,10:49:53.1360141
0,UTA Session 2,trial,16,B,C,0,1651.052,1.0010000000002,1/29/2024 12:00:00 AM,10:49:56.7587271
0,UTA Session 2,trial,17,A,C,0,1654.698,1.05199999999991,1/29/2024 12:00:00 AM,10:50:00.4559716
0,UTA Session 2,trial,18,D,C,0,1658.388,1.69000000000005,1/29/2024 12:00:00 AM,10:50:04.7756086
0,UTA Session 2,trial,19,E,C,0,1662.756,0.961999999999989,1/29/2024 12:00:00 AM,10:50:08.4173514
0,UTA Session 2,trial,20,D,C,0,1666.415,0.644999999999982,1/29/2024 12:00:00 AM,10:50:11.7617862
0,UTA Session 2,trial,21,A,D,0,1670.119,5.53500000000008,1/29/2024 12:00:00 AM,10:50:20.3559389
0,UTA Session 2,trial,22,A,D,0,1678.355,5.06099999999992,1/29/2024 12:00:00 AM,10:50:28.1245517
0,UTA Session 2,trial,23,D,C,0,1686.417,0.956000000000131,1/29/2024 12:00:00 AM,10:50:32.0668138
0,UTA Session 2,trial,24,D,C,0,1691.023,1.1110000000001,1/29/2024 12:00:00 AM,10:50:36.8425938
0,UTA Session 2,trial,25,E,C,0,1695.613,0.963999999999942,1/29/2024 12:00:00 AM,10:50:41.2786609
0,UTA Session 2,trial,26,D,C,0,1699.338,0.913000000000011,1/29/2024 12:00:00 AM,10:50:44.9570198
0,UTA Session 2,trial,27,E,C,0,1703.08,0.868000000000166,1/29/2024 12:00:00 AM,10:50:48.6498467
0,UTA Session 2,trial,28,C,C,1,1706.866,1.452,1/29/2024 12:00:00 AM,10:50:53.0181983
0,UTA Session 2,trial,29,C,C,1,1711.048,0.8900000000001,1/29/2024 12:00:00 AM,10:50:56.6334608
0,UTA Session 2,trial,30,D,C,0,1714.646,1.23700000000008,1/29/2024 12:00:00 AM,10:51:00.5874812
0,UTA Session 2,trial,31,C,C,1,1718.655,0.831000000000131,1/29/2024 12:00:00 AM,10:51:04.1954370
0,UTA Session 2,trial,32,E,C,0,1722.205,1.16700000000014,1/29/2024 12:00:00 AM,10:51:08.0742854
0,UTA Session 2,trial,33,A,C,0,1726.387,1.02700000000004,1/29/2024 12:00:00 AM,10:51:12.1131326
0,UTA Session 2,trial,34,E,C,0,1730.265,0.948999999999842,1/29/2024 12:00:00 AM,10:51:15.9211404
0,UTA Session 2,trial,35,C,C,1,1734.806,1.28999999999996,1/29/2024 12:00:00 AM,10:51:20.7988178
9220,UTA Session 2,practice,1,B,B,1,3001.006,23.567,2/12/2024 12:00:00 AM,10:15:07.9736897
9220,UTA Session 2,practice,2,B,A,0,3116.516,12.125,2/12/2024 12:00:00 AM,10:16:52.0342136
9220,UTA Session 2,practice,3,C,C,1,3135.226,8.10699999999997,2/12/2024 12:00:00 AM,10:17:06.7308868
9220,UTA Session 2,practice,4,A,B,0,3145.475,9.23500000000013,2/12/2024 12:00:00 AM,10:17:18.1123692
9220,UTA Session 2,trial,1,B,A,0,3187.958,24.453,2/12/2024 12:00:00 AM,10:18:15.8107367
9220,UTA Session 2,trial,2,B,E,0,3216.083,20.596,2/12/2024 12:00:00 AM,10:18:40.0813461
9220,UTA Session 2,trial,3,C,B,0,3239.996,9.65499999999975,2/12/2024 12:00:00 AM,10:18:53.0467182
9220,UTA Session 2,trial,4,A,A,1,3256.26,5.81099999999969,2/12/2024 12:00:00 AM,10:19:05.4623637
9220,UTA Session 2,trial,5,B,D,0,3264.969,13.348,2/12/2024 12:00:00 AM,10:19:21.7141313
9220,UTA Session 2,trial,6,D,D,1,3281.566,8.40000000000009,2/12/2024 12:00:00 AM,10:19:33.3689369
9220,UTA Session 2,trial,7,B,B,1,3292.739,30.8849999999998,2/12/2024 12:00:00 AM,10:20:07.0170679
9220,UTA Session 2,trial,8,D,C,0,3326.821,10.9749999999999,2/12/2024 12:00:00 AM,10:20:21.1969935
9220,UTA Session 2,trial,9,C,A,0,3340.776,7.00800000000027,2/12/2024 12:00:00 AM,10:20:31.1825377
9220,UTA Session 2,trial,10,C,A,0,3350.923,7.55600000000004,2/12/2024 12:00:00 AM,10:20:41.8823105
9220,UTA Session 2,trial,11,B,B,1,3361.249,6.71600000000035,2/12/2024 12:00:00 AM,10:20:51.3613987
9220,UTA Session 2,trial,12,E,B,0,3370.63,6.52299999999968,2/12/2024 12:00:00 AM,10:21:00.5530626
9220,UTA Session 2,trial,13,B,D,0,3379.889,6.36999999999989,2/12/2024 12:00:00 AM,10:21:09.6613676
9220,UTA Session 2,trial,14,A,E,0,3388.974,7.87999999999965,2/12/2024 12:00:00 AM,10:21:20.2446742
9220,UTA Session 2,trial,15,E,A,0,3399.89,9.01000000000022,2/12/2024 12:00:00 AM,10:21:32.2945572
9220,UTA Session 2,trial,16,B,A,0,3412.021,33.5769999999998,2/12/2024 12:00:00 AM,10:22:09.0015100
9220,UTA Session 2,trial,17,A,A,1,3448.444,9.38599999999997,2/12/2024 12:00:00 AM,10:22:21.2255655
9220,UTA Session 2,trial,18,D,B,0,3460.64,9.66000000000031,2/12/2024 12:00:00 AM,10:22:33.6973297
9220,UTA Session 2,trial,19,E,D,0,3473.144,18.5500000000002,2/12/2024 12:00:00 AM,10:22:55.0879611
9220,UTA Session 2,trial,20,D,D,1,3495.621,24.223,2/12/2024 12:00:00 AM,10:23:23.2378341
9220,UTA Session 2,trial,21,A,E,0,3522.869,15.5349999999999,2/12/2024 12:00:00 AM,10:23:41.7934890
9220,UTA Session 2,trial,22,A,A,1,3541.425,8.27700000000004,2/12/2024 12:00:00 AM,10:23:53.0988682
9220,UTA Session 2,trial,23,D,D,1,3552.508,27.835,2/12/2024 12:00:00 AM,10:24:23.7401617
9220,UTA Session 2,trial,24,D,E,0,3583.448,23.0050000000001,2/12/2024 12:00:00 AM,10:24:49.8433250
9220,UTA Session 2,trial,25,E,B,0,3609.35,8.19500000000016,2/12/2024 12:00:00 AM,10:25:00.9339175
9220,UTA Session 2,trial,26,D,B,0,3620.547,7.76099999999997,2/12/2024 12:00:00 AM,10:25:11.7094791
9220,UTA Session 2,trial,27,E,B,0,3630.92,13.5589999999997,2/12/2024 12:00:00 AM,10:25:27.8764830
9222,UTA Session 2,practice,1,B,B,1,2216.312,5.47600000000011,2/12/2024 12:00:00 AM,12:55:59.8289682
9222,UTA Session 2,practice,2,B,B,1,2276.584,10.0950000000003,2/12/2024 12:00:00 AM,12:57:04.7319774
9222,UTA Session 2,practice,3,C,C,1,2288.053,6.54300000000012,2/12/2024 12:00:00 AM,12:57:12.6446932
9222,UTA Session 2,practice,4,A,A,1,2295.936,3.30699999999979,2/12/2024 12:00:00 AM,12:57:17.2847331
9222,UTA Session 2,trial,1,B,A,0,2309.933,3.69900000000007,2/12/2024 12:00:00 AM,12:57:31.6772930
9222,UTA Session 2,trial,2,B,B,1,2318.215,7.5329999999999,2/12/2024 12:00:00 AM,12:57:43.7978235
9222,UTA Session 2,trial,3,C,A,0,2328.955,3.33199999999988,2/12/2024 12:00:00 AM,12:57:50.3383983
9222,UTA Session 2,trial,4,A,A,1,2337.302,9.52700000000004,2/12/2024 12:00:00 AM,12:58:04.8770952
9222,UTA Session 2,trial,5,B,A,0,2350.313,15.9000000000001,2/12/2024 12:00:00 AM,12:58:24.2553086
9222,UTA Session 2,trial,6,D,D,1,2370.036,22.076,2/12/2024 12:00:00 AM,12:58:50.1625745
9222,UTA Session 2,trial,7,B,B,1,2395.347,4.19799999999987,2/12/2024 12:00:00 AM,12:58:57.5912507
9222,UTA Session 2,trial,8,D,D,1,2402.851,11.4459999999999,2/12/2024 12:00:00 AM,12:59:12.3426969
9222,UTA Session 2,trial,9,C,D,0,2417.702,9.56299999999965,2/12/2024 12:00:00 AM,12:59:25.3086433
9222,UTA Session 2,trial,10,C,C,1,2431.433,6.51800000000003,2/12/2024 12:00:00 AM,12:59:36.0084505
9222,UTA Session 2,trial,11,B,B,1,2441.048,10.6410000000001,2/12/2024 12:00:00 AM,12:59:49.7426656
9222,UTA Session 2,trial,12,E,C,0,2455.111,6.28200000000015,2/12/2024 12:00:00 AM,12:59:59.4386441
9222,UTA Session 2,trial,13,B,B,1,2468.944,17.8699999999999,2/12/2024 12:00:00 AM,13:00:24.8603183
9222,UTA Session 2,trial,14,A,A,1,2490.042,6.35600000000022,2/12/2024 12:00:00 AM,13:00:34.4440938
9222,UTA Session 2,trial,15,E,E,1,2499.953,15,2/12/2024 12:00:00 AM,13:00:53.0031404
9222,UTA Session 2,trial,16,B,C,0,2517.961,13.7760000000003,2/12/2024 12:00:00 AM,13:01:09.7830867
9222,UTA Session 2,trial,17,A,A,1,2539.462,8.01000000000022,2/12/2024 12:00:00 AM,13:01:25.5274430
9222,UTA Session 2,trial,18,D,B,0,2550.676,18.4749999999999,2/12/2024 12:00:00 AM,13:01:47.2114171
9222,UTA Session 2,trial,19,E,E,1,2573.083,7.77099999999973,2/12/2024 12:00:00 AM,13:01:58.9020984
9222,UTA Session 2,trial,20,D,E,0,2583.516,14.8779999999997,2/12/2024 12:00:00 AM,13:02:16.4480188
9222,UTA Session 2,trial,21,A,A,1,2604.156,12.819,2/12/2024 12:00:00 AM,13:02:35.0346318
9222,UTA Session 2,trial,22,A,A,1,2620.228,4.53600000000006,2/12/2024 12:00:00 AM,13:02:42.8111359
9222,UTA Session 2,trial,23,D,D,1,2628.115,7.36300000000028,2/12/2024 12:00:00 AM,13:02:53.5274693
9222,UTA Session 2,trial,24,D,D,1,2638.468,11.4630000000002,2/12/2024 12:00:00 AM,13:03:07.9839477
9222,UTA Session 2,trial,25,E,D,0,2653.21,20.98,2/12/2024 12:00:00 AM,13:03:32.2459551
9222,UTA Session 2,trial,26,D,B,0,2677.85,3.77800000000025,2/12/2024 12:00:00 AM,13:03:39.6797049
9222,UTA Session 2,trial,27,E,E,1,2686.964,7.29899999999998,2/12/2024 12:00:00 AM,13:03:52.3107836
9222,UTA Session 2,trial,28,C,C,1,2697.424,7.26999999999998,2/12/2024 12:00:00 AM,13:04:02.7561135
9222,UTA Session 2,trial,29,C,A,0,2707.689,18.1100000000001,2/12/2024 12:00:00 AM,13:04:23.8556107
9222,UTA Session 2,trial,30,D,A,0,2729.976,8.154,2/12/2024 12:00:00 AM,13:04:36.1912569
9222,UTA Session 2,trial,31,C,B,0,2743.322,17,2/12/2024 12:00:00 AM,13:04:58.3803286
9223,UTA Session 2,practice,1,B,C,0,2719.813,13.123,2/12/2024 12:00:00 AM,16:06:34.9865830
9223,UTA Session 2,practice,2,B,E,0,2800.196,13.998,2/12/2024 12:00:00 AM,16:07:56.2444995
9223,UTA Session 2,practice,3,C,C,1,2817.389,11.2469999999998,2/12/2024 12:00:00 AM,16:08:10.6768663
9223,UTA Session 2,practice,4,A,A,1,2830.816,6.45900000000029,2/12/2024 12:00:00 AM,16:08:19.3169250
9223,UTA Session 2,trial,1,B,E,0,2851.605,21.3110000000001,2/12/2024 12:00:00 AM,16:08:54.9662807
9223,UTA Session 2,trial,2,B,A,0,2877.173,10.2860000000001,2/12/2024 12:00:00 AM,16:09:09.5037245
9223,UTA Session 2,trial,3,C,A,0,2890.846,12.808,2/12/2024 12:00:00 AM,16:09:25.7053264
9223,UTA Session 2,trial,4,A,A,1,2910.248,10.3820000000001,2/12/2024 12:00:00 AM,16:09:42.6813566
9223,UTA Session 2,trial,5,B,D,0,2924.652,18.3969999999999,2/12/2024 12:00:00 AM,16:10:05.0865559
9223,UTA Session 2,trial,6,D,A,0,2946.18,10.5370000000003,2/12/2024 12:00:00 AM,16:10:18.7644853
9223,UTA Session 2,trial,7,B,B,1,2960.011,12.9099999999999,2/12/2024 12:00:00 AM,16:10:34.9713889
9223,UTA Session 2,trial,8,D,A,0,2976.233,25.7739999999999,2/12/2024 12:00:00 AM,16:11:04.0568509
9223,UTA Session 2,trial,9,C,C,1,3005.21,6.16499999999996,2/12/2024 12:00:00 AM,16:11:13.4144973
9223,UTA Session 2,trial,10,C,C,1,3014.397,9.54600000000028,2/12/2024 12:00:00 AM,16:11:25.9950091
9223,UTA Session 2,trial,11,B,B,1,3027.697,9.00399999999991,2/12/2024 12:00:00 AM,16:11:38.7438611
9223,UTA Session 2,trial,12,E,B,0,3039.67,22.6149999999998,2/12/2024 12:00:00 AM,16:12:04.3255211
9223,UTA Session 2,trial,13,B,D,0,3065.858,10.346,2/12/2024 12:00:00 AM,16:12:18.2428094
9223,UTA Session 2,trial,14,A,A,1,3079.317,10.7179999999998,2/12/2024 12:00:00 AM,16:12:32.0782866
9223,UTA Session 2,trial,15,E,A,0,3093.17,13.136,2/12/2024 12:00:00 AM,16:12:48.3525584
9223,UTA Session 2,trial,16,B,A,0,3111.273,15.5830000000001,2/12/2024 12:00:00 AM,16:13:08.9034681
9223,UTA Session 2,trial,17,A,A,1,3129.917,6.09400000000005,2/12/2024 12:00:00 AM,16:13:18.0594483
9223,UTA Session 2,trial,18,D,D,1,3139.244,8.25499999999965,2/12/2024 12:00:00 AM,16:13:29.5391635
9223,UTA Session 2,trial,19,E,D,0,3150.645,16.7370000000001,2/12/2024 12:00:00 AM,16:13:49.4335099
9223,UTA Session 2,trial,20,D,D,1,3170.491,10.674,2/12/2024 12:00:00 AM,16:14:03.2078183
9223,UTA Session 2,trial,21,A,E,0,3185.412,35.482,2/12/2024 12:00:00 AM,16:14:42.9426746
9223,UTA Session 2,trial,22,A,A,1,3224.067,7.79700000000003,2/12/2024 12:00:00 AM,16:14:53.9154319
9223,UTA Session 2,trial,23,D,D,1,3235.078,36.9459999999999,2/12/2024 12:00:00 AM,16:15:34.0721971
9223,UTA Session 2,trial,24,D,B,0,3275.106,35.0939999999996,2/12/2024 12:00:00 AM,16:16:12.2357542
9225,UTA Session 2,practice,1,B,B,1,2464.776,14.873,2/12/2024 12:00:00 AM,16:22:50.7582656
9225,UTA Session 2,practice,2,B,B,1,2560.568,9.6279999999997,2/12/2024 12:00:00 AM,16:24:21.3083654
9225,UTA Session 2,practice,3,C,C,1,2571.298,10.1130000000003,2/12/2024 12:00:00 AM,16:24:32.5250893
9225,UTA Session 2,practice,4,A,E,0,2582.66,12.9480000000003,2/12/2024 12:00:00 AM,16:24:46.7216550
9225,UTA Session 2,trial,1,B,B,1,2625.394,10.5650000000001,2/12/2024 12:00:00 AM,16:25:27.0671184
9225,UTA Session 2,trial,2,B,B,1,2639.091,4.92100000000028,2/12/2024 12:00:00 AM,16:25:35.1241863
9225,UTA Session 2,trial,3,C,C,1,2646.851,9.04099999999971,2/12/2024 12:00:00 AM,16:25:47.0008604
9225,UTA Session 2,trial,4,A,A,1,2658.743,4.74600000000009,2/12/2024 12:00:00 AM,16:25:54.6033630
9225,UTA Session 2,trial,5,B,A,0,2666.676,10.3220000000001,2/12/2024 12:00:00 AM,16:26:08.1108177
9225,UTA Session 2,trial,6,D,C,0,2680.683,10.047,2/12/2024 12:00:00 AM,16:26:21.8356574
9225,UTA Session 2,trial,7,B,C,0,2697.972,11.2039999999997,2/12/2024 12:00:00 AM,16:26:40.2905215
9225,UTA Session 2,trial,8,D,C,0,2713.665,12.2069999999999,2/12/2024 12:00:00 AM,16:26:56.9769884
9225,UTA Session 2,trial,9,C,C,1,2728.907,9.62300000000005,2/12/2024 12:00:00 AM,16:27:09.6445519
9225,UTA Session 2,trial,10,C,A,0,2741.371,13.8269999999998,2/12/2024 12:00:00 AM,16:27:26.3142953
9225,UTA Session 2,trial,11,B,B,1,2758.312,6.31600000000026,2/12/2024 12:00:00 AM,16:27:35.7391380
9225,UTA Session 2,trial,12,E,C,0,2767.669,7.60300000000007,2/12/2024 12:00:00 AM,16:27:46.3935305
9225,UTA Session 2,trial,13,B,C,0,2781.2,9.76400000000012,2/12/2024 12:00:00 AM,16:28:02.0769809
9225,UTA Session 2,trial,14,A,D,0,2794.118,12.8049999999998,2/12/2024 12:00:00 AM,16:28:18.0365556
9225,UTA Session 2,trial,15,E,D,0,2809.857,18.5390000000002,2/12/2024 12:00:00 AM,16:28:39.5081410
9225,UTA Session 2,trial,16,B,B,1,2834.65,10.1859999999997,2/12/2024 12:00:00 AM,16:28:55.9465856
9225,UTA Session 2,trial,17,A,A,1,2847.909,11.23,2/12/2024 12:00:00 AM,16:29:10.2462887
9225,UTA Session 2,trial,18,D,B,0,2862.051,8.29600000000028,2/12/2024 12:00:00 AM,16:29:21.4672150
9225,UTA Session 2,trial,19,E,E,1,2881.266,12.355,2/12/2024 12:00:00 AM,16:29:44.7348357
9225,UTA Session 2,trial,20,D,A,0,2896.416,7.72299999999996,2/12/2024 12:00:00 AM,16:29:55.2544190
9225,UTA Session 2,trial,21,A,C,0,2914.976,12.6569999999997,2/12/2024 12:00:00 AM,16:30:18.7396262
9225,UTA Session 2,trial,22,A,A,1,2930.92,9.01299999999992,2/12/2024 12:00:00 AM,16:30:31.0435533
9225,UTA Session 2,trial,23,D,D,1,2942.847,7.95899999999983,2/12/2024 12:00:00 AM,16:30:41.9160774
9225,UTA Session 2,trial,24,D,D,1,2953.581,3.51499999999987,2/12/2024 12:00:00 AM,16:30:48.2179793
9225,UTA Session 2,trial,25,E,D,0,2959.927,9.41199999999981,2/12/2024 12:00:00 AM,16:31:00.4535348
9225,UTA Session 2,trial,26,D,D,1,2972.164,10.8249999999998,2/12/2024 12:00:00 AM,16:31:14.1090349
9225,UTA Session 2,trial,27,E,A,0,2986.223,13.4090000000001,2/12/2024 12:00:00 AM,16:31:30.7507022
9225,UTA Session 2,trial,28,C,C,1,3002.739,8.61799999999994,2/12/2024 12:00:00 AM,16:31:42.4702990
9225,UTA Session 2,trial,29,C,A,0,3014.16,7.10100000000011,2/12/2024 12:00:00 AM,16:31:52.3678690
9225,UTA Session 2,trial,30,D,D,1,3024.156,4.41699999999992,2/12/2024 12:00:00 AM,16:31:59.6911270
9225,UTA Session 2,trial,31,C,A,0,3031.283,4.97499999999991,2/12/2024 12:00:00 AM,16:32:07.3762797
9225,UTA Session 2,trial,32,E,A,0,3039.512,5.10199999999986,2/12/2024 12:00:00 AM,16:32:15.7323969
9225,UTA Session 2,trial,33,A,B,0,3047.473,2.89199999999983,2/12/2024 12:00:00 AM,16:32:21.4830299
9225,UTA Session 2,trial,34,E,A,0,3054.087,3.63700000000017,2/12/2024 12:00:00 AM,16:32:28.8349271
9225,UTA Session 2,trial,35,C,C,1,3062.855,6.49699999999984,2/12/2024 12:00:00 AM,16:32:40.4663086
9226,UTA Session 2,practice,1,B,B,1,2339.146,9.05899999999974,2/13/2024 12:00:00 AM,10:00:56.3164570
9226,UTA Session 2,practice,2,B,A,0,2382.398,5.8159999999998,2/13/2024 12:00:00 AM,10:01:36.3159468
9226,UTA Session 2,practice,3,C,C,1,2392.518,2.96199999999999,2/13/2024 12:00:00 AM,10:01:43.5767957
9226,UTA Session 2,practice,4,A,C,0,2396.926,5.57600000000002,2/13/2024 12:00:00 AM,10:01:50.5980413
9226,UTA Session 2,trial,1,B,A,0,2421.09,10.308,2/13/2024 12:00:00 AM,10:02:19.5033999
9226,UTA Session 2,trial,2,B,A,0,2434.87,13.4630000000002,2/13/2024 12:00:00 AM,10:02:36.4375360
9226,UTA Session 2,trial,3,C,A,0,2451.782,12.8879999999999,2/13/2024 12:00:00 AM,10:02:52.7739223
9226,UTA Session 2,trial,4,A,A,1,2472.506,3.63400000000001,2/13/2024 12:00:00 AM,10:03:04.2412337
9226,UTA Session 2,trial,5,B,D,0,2479.635,34.8629999999998,2/13/2024 12:00:00 AM,10:03:42.6044128
9226,UTA Session 2,trial,6,D,C,0,2518.143,14.4589999999998,2/13/2024 12:00:00 AM,10:04:00.7063626
9226,UTA Session 2,trial,7,B,C,0,2537.156,8.99299999999994,2/13/2024 12:00:00 AM,10:04:14.2500713
9226,UTA Session 2,trial,8,D,B,0,2550.398,14.181,2/13/2024 12:00:00 AM,10:04:32.6821755
9226,UTA Session 2,trial,9,C,D,0,2572.507,13.6010000000001,2/13/2024 12:00:00 AM,10:04:54.2175258
9226,UTA Session 2,trial,10,C,A,0,2592.992,4.88899999999967,2/13/2024 12:00:00 AM,10:05:05.9830814
9226,UTA Session 2,trial,11,B,B,1,2607.431,6.13799999999992,2/13/2024 12:00:00 AM,10:05:21.6721007
9226,UTA Session 2,trial,12,E,A,0,2616.891,9.16599999999971,2/13/2024 12:00:00 AM,10:05:34.1564200
9226,UTA Session 2,trial,13,B,D,0,2634.129,14.7840000000001,2/13/2024 12:00:00 AM,10:05:57.0091717
9226,UTA Session 2,trial,14,A,A,1,2653.318,2.51599999999962,2/13/2024 12:00:00 AM,10:06:03.9379630
9226,UTA Session 2,trial,15,E,A,0,2658.644,21.1150000000002,2/13/2024 12:00:00 AM,10:06:27.8588883
9226,UTA Session 2,trial,16,B,B,1,2683.035,12.8120000000004,2/13/2024 12:00:00 AM,10:06:43.9462681
9226,UTA Session 2,trial,17,A,A,1,2698.949,13.8240000000001,2/13/2024 12:00:00 AM,10:07:00.8784632
9226,UTA Session 2,trial,18,D,D,1,2716.486,11.7200000000003,2/13/2024 12:00:00 AM,10:07:16.3032632
9226,UTA Session 2,trial,19,E,E,1,2731.479,14.4170000000004,2/13/2024 12:00:00 AM,10:07:33.9919630
9226,UTA Session 2,trial,20,D,D,1,2748.793,12.4009999999998,2/13/2024 12:00:00 AM,10:07:49.2974538
9226,UTA Session 2,trial,21,A,A,1,2764.362,20.5319999999997,2/13/2024 12:00:00 AM,10:08:12.9951429
9226,UTA Session 2,trial,22,A,A,1,2788.518,3.51200000000017,2/13/2024 12:00:00 AM,10:08:20.1264715
9226,UTA Session 2,trial,23,D,D,1,2795.006,9.029,2/13/2024 12:00:00 AM,10:08:32.1291845
9226,UTA Session 2,trial,24,D,E,0,2807.31,9.35100000000011,2/13/2024 12:00:00 AM,10:08:44.7600053
9226,UTA Session 2,trial,25,E,D,0,2820.378,8.55099999999993,2/13/2024 12:00:00 AM,10:08:57.0256151
9226,UTA Session 2,trial,26,D,A,0,2838.271,10.2919999999999,2/13/2024 12:00:00 AM,10:09:16.6655426
9226,UTA Session 2,trial,27,E,E,1,2851.608,13.8049999999998,2/13/2024 12:00:00 AM,10:09:33.5191492
9226,UTA Session 2,trial,28,C,B,0,2868.375,7.57900000000018,2/13/2024 12:00:00 AM,10:09:44.0484800
9228,UTA Session 2,practice,1,B,E,0,2197.493,8.53099999999995,2/13/2024 12:00:00 AM,13:08:42.2819276
9228,UTA Session 2,practice,2,B,A,0,2238.395,11.2260000000001,2/13/2024 12:00:00 AM,13:09:25.8650196
9228,UTA Session 2,practice,3,C,A,0,2252.842,24.8559999999998,2/13/2024 12:00:00 AM,13:09:53.9450605
9228,UTA Session 2,practice,4,A,A,1,2283.074,10.386,2/13/2024 12:00:00 AM,13:10:09.7035728
9228,UTA Session 2,trial,1,B,B,1,2303.43,14.1559999999999,2/13/2024 12:00:00 AM,13:10:33.8455248
9228,UTA Session 2,trial,2,B,B,1,2321.111,6.12899999999991,2/13/2024 12:00:00 AM,13:10:43.4980033
9228,UTA Session 2,trial,3,C,A,0,2330.83,7.93499999999995,2/13/2024 12:00:00 AM,13:10:55.0168300
9228,UTA Session 2,trial,4,A,A,1,2342.329,5.49399999999969,2/13/2024 12:00:00 AM,13:11:04.0689551
9228,UTA Session 2,trial,5,B,B,1,2350.846,9.18299999999999,2/13/2024 12:00:00 AM,13:11:16.2735084
9228,UTA Session 2,trial,6,D,C,0,2363.254,13.1199999999999,2/13/2024 12:00:00 AM,13:11:32.6278594
9228,UTA Session 2,trial,7,B,C,0,2380.333,8.97399999999971,2/13/2024 12:00:00 AM,13:11:45.5612315
9228,UTA Session 2,trial,8,D,D,1,2392.906,13.096,2/13/2024 12:00:00 AM,13:12:02.2454572
9228,UTA Session 2,trial,9,C,C,1,2409.117,5.65599999999995,2/13/2024 12:00:00 AM,13:12:11.0265077
9228,UTA Session 2,trial,10,C,D,0,2417.9,13.4029999999998,2/13/2024 12:00:00 AM,13:12:27.5548280
9228,UTA Session 2,trial,11,B,D,0,2434.376,5.6279999999997,2/13/2024 12:00:00 AM,13:12:36.2608095
9228,UTA Session 2,trial,12,E,C,0,2446.757,13.9409999999998,2/13/2024 12:00:00 AM,13:12:56.9471945
9228,UTA Session 2,trial,13,B,D,0,2464.496,5.91199999999981,2/13/2024 12:00:00 AM,13:13:06.6604746
9228,UTA Session 2,trial,14,A,A,1,2473.17,5.82999999999993,2/13/2024 12:00:00 AM,13:13:15.2508969
9228,UTA Session 2,trial,15,E,D,0,2482.168,9.4699999999998,2/13/2024 12:00:00 AM,13:13:27.8931130
9228,UTA Session 2,trial,16,B,E,0,2494.473,16.4059999999999,2/13/2024 12:00:00 AM,13:13:47.1292334
9228,UTA Session 2,trial,17,A,A,1,2513.592,5.69900000000007,2/13/2024 12:00:00 AM,13:13:55.5335809
9228,UTA Session 2,trial,18,D,D,1,2522.093,3.9970000000003,2/13/2024 12:00:00 AM,13:14:02.3427988
9228,UTA Session 2,trial,19,E,D,0,2528.821,17.4120000000003,2/13/2024 12:00:00 AM,13:14:22.4822804
9228,UTA Session 2,trial,20,D,C,0,2549.436,8.42299999999977,2/13/2024 12:00:00 AM,13:14:34.1051405
9228,UTA Session 2,trial,21,A,B,0,2560.601,2.61799999999994,2/13/2024 12:00:00 AM,13:14:39.4622869
9228,UTA Session 2,trial,22,A,B,0,2566.022,6.74400000000014,2/13/2024 12:00:00 AM,13:14:49.0176002
9228,UTA Session 2,trial,23,D,E,0,2580.214,5.79899999999998,2/13/2024 12:00:00 AM,13:15:02.2667257
9228,UTA Session 2,trial,24,D,C,0,2588.752,8.28900000000021,2/13/2024 12:00:00 AM,13:15:13.2870527
9228,UTA Session 2,trial,25,E,D,0,2599.973,6.83300000000008,2/13/2024 12:00:00 AM,13:15:23.0491201
9228,UTA Session 2,trial,26,D,A,0,2610.994,12.6610000000001,2/13/2024 12:00:00 AM,13:15:39.9111579
9228,UTA Session 2,trial,27,E,C,0,2626.976,7.78999999999996,2/13/2024 12:00:00 AM,13:15:51.0066480
9228,UTA Session 2,trial,28,C,B,0,2637.69,5.26800000000003,2/13/2024 12:00:00 AM,13:15:59.2063261
9228,UTA Session 2,trial,29,C,E,0,2648.408,11.8820000000001,2/13/2024 12:00:00 AM,13:16:16.5440803
9228,UTA Session 2,trial,30,D,B,0,2662.915,2.05200000000013,2/13/2024 12:00:00 AM,13:16:21.2192623
9228,UTA Session 2,trial,31,C,B,0,2667.675,6.99399999999969,2/13/2024 12:00:00 AM,13:16:30.9186120
9228,UTA Session 2,trial,32,E,C,0,2678.547,6.27500000000009,2/13/2024 12:00:00 AM,13:16:41.0703576
9228,UTA Session 2,trial,33,A,A,1,2687.836,1.76000000000022,2/13/2024 12:00:00 AM,13:16:45.8481703
9228,UTA Session 2,trial,34,E,A,0,2692.785,4.56700000000001,2/13/2024 12:00:00 AM,13:16:53.5950743
9228,UTA Session 2,trial,35,C,E,0,2702.949,12.79,2/13/2024 12:00:00 AM,13:17:11.9843994
9229,UTA Session 2,practice,1,B,A,0,3895.564,11.5030000000002,2/13/2024 12:00:00 AM,13:38:42.8095157
9229,UTA Session 2,practice,2,B,B,1,4009.963,8.05499999999984,2/13/2024 12:00:00 AM,13:40:33.7503402
9229,UTA Session 2,practice,3,C,A,0,4019.383,8.03700000000026,2/13/2024 12:00:00 AM,13:40:43.1636329
9229,UTA Session 2,practice,4,A,C,0,4032.125,9.01800000000003,2/13/2024 12:00:00 AM,13:40:56.8777986
9229,UTA Session 2,trial,1,B,B,1,4115.022,6.35699999999997,2/13/2024 12:00:00 AM,13:42:17.1265968
9229,UTA Session 2,trial,2,B,E,0,4124.884,11.0060000000003,2/13/2024 12:00:00 AM,13:42:31.6243594
9229,UTA Session 2,trial,3,C,C,1,4139.859,10.4029999999993,2/13/2024 12:00:00 AM,13:42:46.0048002
9229,UTA Session 2,trial,4,A,A,1,4154.802,12.9830000000002,2/13/2024 12:00:00 AM,13:43:03.5304274
9229,UTA Session 2,trial,5,B,D,0,4173.04,5.98300000000017,2/13/2024 12:00:00 AM,13:43:14.7632020
9229,UTA Session 2,trial,6,D,D,1,4206.292,8.07199999999921,2/13/2024 12:00:00 AM,13:43:50.1114091
9229,UTA Session 2,trial,7,B,E,0,4217.526,5.86300000000028,2/13/2024 12:00:00 AM,13:43:59.1356260
9229,UTA Session 2,trial,8,D,D,1,4227.605,9.9980000000005,2/13/2024 12:00:00 AM,13:44:13.3408114
9229,UTA Session 2,trial,9,C,C,1,4242.076,8.91799999999967,2/13/2024 12:00:00 AM,13:44:26.7278942
9229,UTA Session 2,trial,10,C,A,0,4256.028,10.6019999999999,2/13/2024 12:00:00 AM,13:44:42.3684748
9229,UTA Session 2,trial,11,B,A,0,4271.34,20.4359999999997,2/13/2024 12:00:00 AM,13:45:07.5132446
9229,UTA Session 2,trial,12,E,A,0,4302.139,19.5329999999994,2/13/2024 12:00:00 AM,13:45:37.4081661
9229,UTA Session 2,trial,13,B,E,0,4325.859,7.9389999999994,2/13/2024 12:00:00 AM,13:45:49.5419891
9229,UTA Session 2,trial,14,A,E,0,4339.608,18.5729999999994,2/13/2024 12:00:00 AM,13:46:13.9168934
9229,UTA Session 2,trial,15,E,A,0,4361.911,30.5789999999997,2/13/2024 12:00:00 AM,13:46:48.2315649
9229,UTA Session 2,trial,16,B,B,1,4396.756,24.6880000000001,2/13/2024 12:00:00 AM,13:47:17.1918591
9229,UTA Session 2,trial,17,A,D,0,4425.71,23.9089999999997,2/13/2024 12:00:00 AM,13:47:45.3712597
9229,UTA Session 2,trial,18,D,D,1,4457.261,35.4549999999999,2/13/2024 12:00:00 AM,13:48:28.4592991
9229,UTA Session 2,trial,19,E,B,0,4495.647,25.7939999999999,2/13/2024 12:00:00 AM,13:48:57.1880105
9229,UTA Session 2,trial,20,D,E,0,4525.606,7.19500000000062,2/13/2024 12:00:00 AM,13:49:08.5438224
9229,UTA Session 2,trial,21,A,D,0,4536.563,6.27999999999975,2/13/2024 12:00:00 AM,13:49:18.5850240
9229,UTA Session 2,trial,22,A,E,0,4546.48,5.95100000000002,2/13/2024 12:00:00 AM,13:49:28.1734903
9229,UTA Session 2,trial,23,D,E,0,4556.197,9.35400000000027,2/13/2024 12:00:00 AM,13:49:41.2907746
9230,UTA Session 2,practice,1,B,A,0,3169.663,1.9699999999998,2/14/2024 12:00:00 AM,09:57:01.7160327
9230,UTA Session 2,practice,2,B,B,1,3176.024,2.30300000000034,2/14/2024 12:00:00 AM,09:57:08.3961237
9230,UTA Session 2,practice,3,C,C,1,3180.307,5.09000000000015,2/14/2024 12:00:00 AM,09:57:15.4751288
9230,UTA Session 2,practice,4,A,C,0,3186.393,0.885999999999967,2/14/2024 12:00:00 AM,09:57:17.3599110
9230,UTA Session 2,trial,1,B,B,1,3201.722,2.01099999999997,2/14/2024 12:00:00 AM,09:57:33.8117740
9230,UTA Session 2,trial,2,B,A,0,3216.856,18.2349999999997,2/14/2024 12:00:00 AM,09:58:05.1604445
9230,UTA Session 2,trial,3,C,D,0,3240.058,11.0889999999999,2/14/2024 12:00:00 AM,09:58:21.2203719
9230,UTA Session 2,trial,4,A,A,1,3253.763,4.34999999999991,2/14/2024 12:00:00 AM,09:58:28.1906723
9230,UTA Session 2,trial,5,B,A,0,3261.017,9.79300000000012,2/14/2024 12:00:00 AM,09:58:40.8924877
9230,UTA Session 2,trial,6,D,E,0,3273.999,7.21199999999999,2/14/2024 12:00:00 AM,09:58:51.2829908
9230,UTA Session 2,trial,7,B,A,0,3284.138,7.24800000000005,2/14/2024 12:00:00 AM,09:59:01.4535052
9230,UTA Session 2,trial,8,D,C,0,3294.561,3.73699999999963,2/14/2024 12:00:00 AM,09:59:08.3753263
9230,UTA Session 2,trial,9,C,D,0,3301.311,1.71199999999999,2/14/2024 12:00:00 AM,09:59:13.1011169
9230,UTA Session 2,trial,10,C,D,0,3305.847,0.66399999999976,2/14/2024 12:00:00 AM,09:59:16.5858076
9230,UTA Session 2,trial,11,B,C,0,3309.459,0.747000000000298,2/14/2024 12:00:00 AM,09:59:20.2762221
9230,UTA Session 2,trial,12,E,B,0,3313.007,0.467000000000098,2/14/2024 12:00:00 AM,09:59:23.5415644
9230,UTA Session 2,trial,13,B,C,0,3316.57,0.403999999999996,2/14/2024 12:00:00 AM,09:59:27.0419090
9230,UTA Session 2,trial,14,A,A,1,3319.55,2.61799999999994,2/14/2024 12:00:00 AM,09:59:32.2361305
9230,UTA Session 2,trial,15,E,C,0,3324.826,2.846,2/14/2024 12:00:00 AM,09:59:37.7476828
9230,UTA Session 2,trial,16,B,E,0,3335.611,1.20499999999993,2/14/2024 12:00:00 AM,09:59:46.8830743
9230,UTA Session 2,trial,17,A,D,0,3339.881,3.75700000000006,2/14/2024 12:00:00 AM,09:59:53.7121016
9230,UTA Session 2,trial,18,D,D,1,3347.368,3.86200000000008,2/14/2024 12:00:00 AM,10:00:01.3102527
9230,UTA Session 2,trial,19,E,E,1,3357.887,5.34099999999989,2/14/2024 12:00:00 AM,10:00:13.3027484
9230,UTA Session 2,trial,20,D,B,0,3366.299,5.12899999999991,2/14/2024 12:00:00 AM,10:00:21.5086225
9230,UTA Session 2,trial,21,A,C,0,3374.523,0.940999999999804,2/14/2024 12:00:00 AM,10:00:25.5307407
9230,UTA Session 2,trial,22,A,D,0,3385.296,12.8340000000003,2/14/2024 12:00:00 AM,10:00:48.2024388
9230,UTA Session 2,trial,23,D,D,1,3406.93,3.95400000000018,2/14/2024 12:00:00 AM,10:01:00.9660798
9230,UTA Session 2,trial,24,D,E,0,3413.759,28.4809999999998,2/14/2024 12:00:00 AM,10:01:32.3115658
9230,UTA Session 2,trial,25,E,E,1,3446.329,7.54099999999971,2/14/2024 12:00:00 AM,10:01:43.9429260
9230,UTA Session 2,trial,26,D,D,1,3456.94,7.5659999999998,2/14/2024 12:00:00 AM,10:01:54.5828492
9230,UTA Session 2,trial,27,E,C,0,3467.755,18.2889999999998,2/14/2024 12:00:00 AM,10:02:16.1227748
9230,UTA Session 2,trial,28,C,C,1,3490.848,7.67999999999984,2/14/2024 12:00:00 AM,10:02:28.6040947
9230,UTA Session 2,trial,29,C,B,0,3502.261,7.12199999999984,2/14/2024 12:00:00 AM,10:02:39.4525479
9230,UTA Session 2,trial,30,D,E,0,3519.434,5.90499999999975,2/14/2024 12:00:00 AM,10:02:55.4165894
9230,UTA Session 2,trial,31,C,B,0,3528.885,9.5,2/14/2024 12:00:00 AM,10:03:08.4606312
9230,UTA Session 2,trial,32,E,C,0,3541.333,8.3779999999997,2/14/2024 12:00:00 AM,10:03:19.7821439
9230,UTA Session 2,trial,33,A,D,0,3553.438,7.61099999999988,2/14/2024 12:00:00 AM,10:03:31.1299289
9230,UTA Session 2,trial,34,E,A,0,3564.253,4.40999999999985,2/14/2024 12:00:00 AM,10:03:38.7298522
9230,UTA Session 2,trial,35,C,D,0,3577.065,5.32600000000002,2/14/2024 12:00:00 AM,10:03:52.4654573
9231,UTA Session 2,practice,1,B,E,0,2285.699,27.623,2/14/2024 12:00:00 AM,10:06:20.3939364
9231,UTA Session 2,practice,2,B,A,0,2367.726,19.8240000000001,2/14/2024 12:00:00 AM,10:07:34.6127289
9231,UTA Session 2,practice,3,C,A,0,2399.244,6.04399999999987,2/14/2024 12:00:00 AM,10:07:52.3615376
9231,UTA Session 2,practice,4,A,A,1,2413.437,9.45100000000002,2/14/2024 12:00:00 AM,10:08:09.9521630
9231,UTA Session 2,trial,1,B,A,0,2457.297,17.502,2/14/2024 12:00:00 AM,10:09:01.8684162
9231,UTA Session 2,trial,2,B,A,0,2478.627,11.8919999999998,2/14/2024 12:00:00 AM,10:09:17.5910883
9231,UTA Session 2,trial,3,C,A,0,2493.741,31.2739999999999,2/14/2024 12:00:00 AM,10:09:52.0737406
9231,UTA Session 2,trial,4,A,B,0,2534.429,6.98399999999992,2/14/2024 12:00:00 AM,10:10:08.4745262
9231,UTA Session 2,trial,5,B,A,0,2544.543,20.4200000000001,2/14/2024 12:00:00 AM,10:10:32.0278464
9231,UTA Session 2,trial,6,D,E,0,2568.287,18.3780000000002,2/14/2024 12:00:00 AM,10:10:53.7385756
9231,UTA Session 2,trial,7,B,A,0,2590.845,5.02500000000009,2/14/2024 12:00:00 AM,10:11:02.9410526
9231,UTA Session 2,trial,8,D,B,0,2601.145,25,2/14/2024 12:00:00 AM,10:11:33.2078546
9231,UTA Session 2,trial,9,C,C,1,2629.418,17.3299999999999,2/14/2024 12:00:00 AM,10:11:53.8145165
9231,UTA Session 2,trial,10,C,D,0,2655.616,5.02100000000019,2/14/2024 12:00:00 AM,10:12:07.7111408
9231,UTA Session 2,trial,11,B,A,0,2663.843,7.09700000000021,2/14/2024 12:00:00 AM,10:12:18.0142432
9231,UTA Session 2,trial,12,E,B,0,2676.879,8.26900000000023,2/14/2024 12:00:00 AM,10:12:32.2229699
9231,UTA Session 2,trial,13,B,E,0,2688.494,14.357,2/14/2024 12:00:00 AM,10:12:49.9214820
9231,UTA Session 2,trial,14,A,A,1,2705.956,6.78399999999965,2/14/2024 12:00:00 AM,10:12:59.8006489
9231,UTA Session 2,trial,15,E,A,0,2716.574,4.51800000000003,2/14/2024 12:00:00 AM,10:13:08.1529941
9231,UTA Session 2,trial,16,B,E,0,2728.505,18.0149999999999,2/14/2024 12:00:00 AM,10:13:33.5867203
9231,UTA Session 2,trial,17,A,B,0,2750.155,12.3299999999999,2/14/2024 12:00:00 AM,10:13:49.5562255
9231,UTA Session 2,trial,18,D,A,0,2766.187,5.85800000000017,2/14/2024 12:00:00 AM,10:13:59.1207011
9231,UTA Session 2,trial,19,E,B,0,2775.266,11.7719999999999,2/14/2024 12:00:00 AM,10:14:14.1038828
9231,UTA Session 2,trial,20,D,A,0,2791.644,11.7570000000001,2/14/2024 12:00:00 AM,10:14:30.4711550
9231,UTA Session 2,trial,21,A,A,1,2808.172,11.1489999999999,2/14/2024 12:00:00 AM,10:14:46.3898917
9231,UTA Session 2,trial,22,A,E,0,2822.688,5.01199999999972,2/14/2024 12:00:00 AM,10:14:54.7735289
9231,UTA Session 2,trial,23,D,D,1,2830.932,11.1730000000002,2/14/2024 12:00:00 AM,10:15:09.1775357
9231,UTA Session 2,trial,24,D,D,1,2844.867,7.08500000000004,2/14/2024 12:00:00 AM,10:15:19.0246544
9231,UTA Session 2,trial,25,E,D,0,2854.904,18.6129999999998,2/14/2024 12:00:00 AM,10:15:40.5967329
9231,UTA Session 2,trial,26,D,A,0,2876.684,12.663,2/14/2024 12:00:00 AM,10:15:56.4268585
9231,UTA Session 2,trial,27,E,C,0,2892.276,10.8500000000004,2/14/2024 12:00:00 AM,10:16:10.2039572
9231,UTA Session 2,trial,28,C,B,0,2906.077,0.881999999999607,2/14/2024 12:00:00 AM,10:16:14.0344867
9232,UTA Session 2,practice,1,B,C,0,3317.627,25.4780000000001,2/14/2024 12:00:00 AM,13:17:40.4842600
9232,UTA Session 2,practice,2,B,B,1,3406.324,19.933,2/14/2024 12:00:00 AM,13:19:03.6377972
9232,UTA Session 2,practice,3,C,C,1,3431.216,6.6550000000002,2/14/2024 12:00:00 AM,13:19:15.2633086
9232,UTA Session 2,practice,4,A,A,1,3439.838,7.03899999999976,2/14/2024 12:00:00 AM,13:19:24.2605085
9232,UTA Session 2,trial,1,B,B,1,3463.207,15.5920000000001,2/14/2024 12:00:00 AM,13:19:56.1784264
9232,UTA Session 2,trial,2,B,B,1,3482.322,3.26800000000003,2/14/2024 12:00:00 AM,13:20:02.9803776
9232,UTA Session 2,trial,3,C,A,0,3488.876,13.9609999999998,2/14/2024 12:00:00 AM,13:20:20.2147320
9232,UTA Session 2,trial,4,A,A,1,3506.28,6.69699999999966,2/14/2024 12:00:00 AM,13:20:30.3628114
9232,UTA Session 2,trial,5,B,B,1,3516.242,13.0189999999998,2/14/2024 12:00:00 AM,13:20:46.6469750
9232,UTA Session 2,trial,6,D,C,0,3532.528,5.33699999999999,2/14/2024 12:00:00 AM,13:20:55.2566756
9232,UTA Session 2,trial,7,B,D,0,3541.178,11.9749999999999,2/14/2024 12:00:00 AM,13:21:10.5417571
9232,UTA Session 2,trial,8,D,A,0,3556.497,5.53999999999996,2/14/2024 12:00:00 AM,13:21:19.4172649
9232,UTA Session 2,trial,9,C,C,1,3565.488,14.3070000000002,2/14/2024 12:00:00 AM,13:21:37.1843910
9232,UTA Session 2,trial,10,C,A,0,3582.891,4.33899999999994,2/14/2024 12:00:00 AM,13:21:44.6151623
9232,UTA Session 2,trial,11,B,B,1,3590.806,5.7489999999998,2/14/2024 12:00:00 AM,13:21:53.9347037
9232,UTA Session 2,trial,12,E,A,0,3599.577,5.17199999999957,2/14/2024 12:00:00 AM,13:22:02.1344069
9232,UTA Session 2,trial,13,B,B,1,3608.23,11.366,2/14/2024 12:00:00 AM,13:22:16.9807016
9232,UTA Session 2,trial,14,A,A,1,3622.795,17.2979999999998,2/14/2024 12:00:00 AM,13:22:37.4799282
9232,UTA Session 2,trial,15,E,E,1,3643.372,18.0630000000001,2/14/2024 12:00:00 AM,13:22:58.8168046
9232,UTA Session 2,trial,16,B,A,0,3664.913,23.6779999999999,2/14/2024 12:00:00 AM,13:23:25.9706629
9232,UTA Session 2,trial,17,A,A,1,3692.069,13.6469999999999,2/14/2024 12:00:00 AM,13:23:43.0995726
9232,UTA Session 2,trial,18,D,B,0,3709.055,7.90100000000029,2/14/2024 12:00:00 AM,13:23:54.3479286
9232,UTA Session 2,trial,19,E,E,1,3720.272,9.14300000000003,2/14/2024 12:00:00 AM,13:24:06.8044446
9232,UTA Session 2,trial,20,D,B,0,3732.385,21.0249999999996,2/14/2024 12:00:00 AM,13:24:30.7980855
9232,UTA Session 2,trial,21,A,A,1,3756.737,10.105,2/14/2024 12:00:00 AM,13:24:44.2308808
9232,UTA Session 2,trial,22,A,A,1,3770.137,14.7239999999997,2/14/2024 12:00:00 AM,13:25:02.2520514
9232,UTA Session 2,trial,23,D,E,0,3788.272,8.75,2/14/2024 12:00:00 AM,13:25:14.4147420
9232,UTA Session 2,trial,24,D,E,0,3800.324,7.65999999999985,2/14/2024 12:00:00 AM,13:25:25.3653073
9232,UTA Session 2,trial,25,E,D,0,3811.104,18.5630000000001,2/14/2024 12:00:00 AM,13:25:47.0595637
9232,UTA Session 2,trial,26,D,D,1,3832.812,12.067,2/14/2024 12:00:00 AM,13:26:02.2611496
9232,UTA Session 2,trial,27,E,C,0,3848.028,18.9250000000002,2/14/2024 12:00:00 AM,13:26:24.3405528
9232,UTA Session 2,trial,28,C,C,1,3870.137,12.1009999999997,2/14/2024 12:00:00 AM,13:26:39.6192126
9232,UTA Session 2,trial,29,C,A,0,3885.417,9.63000000000011,2/14/2024 12:00:00 AM,13:26:52.4286499
9232,UTA Session 2,trial,30,D,E,0,3898.574,11.8339999999998,2/14/2024 12:00:00 AM,13:27:07.7968477
9233,UTA Session 2,practice,1,B,E,0,3480.64,42.8470000000002,2/14/2024 12:00:00 AM,13:17:21.8172049
9233,UTA Session 2,practice,2,B,B,1,3640.766,7.71799999999985,2/14/2024 12:00:00 AM,13:19:26.8130952
9233,UTA Session 2,practice,3,C,C,1,3650.908,7.57600000000002,2/14/2024 12:00:00 AM,13:19:36.8224189
9233,UTA Session 2,practice,4,A,A,1,3659.934,5.75,2/14/2024 12:00:00 AM,13:19:44.0184292
9233,UTA Session 2,trial,1,B,A,0,3706.293,18.8229999999999,2/14/2024 12:00:00 AM,13:20:43.4569785
9233,UTA Session 2,trial,2,B,E,0,3729.549,10.9569999999999,2/14/2024 12:00:00 AM,13:20:58.8380477
9233,UTA Session 2,trial,3,C,C,1,3744.522,10.819,2/14/2024 12:00:00 AM,13:21:13.6684489
9233,UTA Session 2,trial,4,A,A,1,3758.707,7.82799999999997,2/14/2024 12:00:00 AM,13:21:24.8694591
9233,UTA Session 2,trial,5,B,C,0,3770.38,13.8620000000001,2/14/2024 12:00:00 AM,13:21:42.5784616
9233,UTA Session 2,trial,6,D,D,1,3788.611,7.79400000000032,2/14/2024 12:00:00 AM,13:21:54.7433395
9233,UTA Session 2,trial,7,B,D,0,3800.194,9.77199999999993,2/14/2024 12:00:00 AM,13:22:08.2925269
9233,UTA Session 2,trial,8,D,B,0,3814.48,4.95299999999997,2/14/2024 12:00:00 AM,13:22:17.7669671
9233,UTA Session 2,trial,9,C,C,1,3830.177,13.723,2/14/2024 12:00:00 AM,13:22:42.2311151
9233,UTA Session 2,trial,10,C,A,0,3847.634,5.65599999999995,2/14/2024 12:00:00 AM,13:22:51.6265958
9233,UTA Session 2,trial,11,B,E,0,3858.118,8.25599999999986,2/14/2024 12:00:00 AM,13:23:04.7072779
9233,UTA Session 2,trial,12,E,A,0,3869.564,2.70900000000029,2/14/2024 12:00:00 AM,13:23:10.6000574
9233,UTA Session 2,trial,13,B,E,0,3880.692,8.33199999999988,2/14/2024 12:00:00 AM,13:23:27.3578500
9233,UTA Session 2,trial,14,A,C,0,3896.029,15.4949999999999,2/14/2024 12:00:00 AM,13:23:49.8599073
9233,UTA Session 2,trial,15,E,C,0,3917.053,7.04199999999992,2/14/2024 12:00:00 AM,13:24:02.4274157
9233,UTA Session 2,trial,16,B,A,0,3930.987,3.16399999999976,2/14/2024 12:00:00 AM,13:24:12.4821407
9233,UTA Session 2,trial,17,A,E,0,3937.76,9.53899999999976,2/14/2024 12:00:00 AM,13:24:25.6257198
9233,UTA Session 2,trial,18,D,A,0,3950.511,2.67300000000023,2/14/2024 12:00:00 AM,13:24:31.5176855
9233,UTA Session 2,trial,19,E,B,0,3959.638,19.8850000000002,2/14/2024 12:00:00 AM,13:24:57.8509448
9233,UTA Session 2,trial,20,D,D,1,3983.084,12.5120000000002,2/14/2024 12:00:00 AM,13:25:13.9334316
9233,UTA Session 2,trial,21,A,E,0,4003.297,11.4639999999999,2/14/2024 12:00:00 AM,13:25:33.0888147
9233,UTA Session 2,trial,22,A,A,1,4018.223,6.80600000000004,2/14/2024 12:00:00 AM,13:25:43.3638867
9233,UTA Session 2,trial,23,D,D,1,4028.609,6.97800000000007,2/14/2024 12:00:00 AM,13:25:53.9261302
9233,UTA Session 2,trial,24,D,D,1,4039.004,12.5750000000003,2/14/2024 12:00:00 AM,13:26:09.9144395
9233,UTA Session 2,trial,25,E,A,0,4054.631,6.30600000000004,2/14/2024 12:00:00 AM,13:26:19.2645645
9233,UTA Session 2,trial,26,D,B,0,4066.27,8.98599999999988,2/14/2024 12:00:00 AM,13:26:33.5897236
9233,UTA Session 2,trial,27,E,B,0,4080.69,7.80299999999988,2/14/2024 12:00:00 AM,13:26:46.8315223
9233,UTA Session 2,trial,28,C,D,0,4092.674,5.91399999999976,2/14/2024 12:00:00 AM,13:26:56.9136931
9233,UTA Session 2,trial,29,C,A,0,4102.894,9.56899999999951,2/14/2024 12:00:00 AM,13:27:10.7975564
9233,UTA Session 2,trial,30,D,A,0,4115.745,8.09100000000035,2/14/2024 12:00:00 AM,13:27:22.1697719
9233,UTA Session 2,trial,31,C,C,1,4127.036,9.22299999999996,2/14/2024 12:00:00 AM,13:27:34.5955143
9233,UTA Session 2,trial,32,E,D,0,4139.444,5.29999999999927,2/14/2024 12:00:00 AM,13:27:43.0716929
9233,UTA Session 2,trial,33,A,E,0,4148.213,3.19599999999991,2/14/2024 12:00:00 AM,13:27:49.7371741
9233,UTA Session 2,trial,34,E,A,0,4155.318,8.06800000000021,2/14/2024 12:00:00 AM,13:28:01.7094269
9234,UTA Session 2,practice,1,B,E,0,1874.748,39.299,2/14/2024 12:00:00 AM,13:25:03.9570460
9234,UTA Session 2,practice,2,B,C,0,1930.981,15.546,2/14/2024 12:00:00 AM,13:25:36.4392705
9234,UTA Session 2,practice,3,C,B,0,1948.872,16.8049999999998,2/14/2024 12:00:00 AM,13:25:55.5868022
9234,UTA Session 2,practice,4,A,A,1,1967.428,9.4699999999998,2/14/2024 12:00:00 AM,13:26:06.8143083
9234,UTA Session 2,trial,1,B,A,0,1992.431,9.94000000000005,2/14/2024 12:00:00 AM,13:26:32.2911003
9234,UTA Session 2,trial,2,B,E,0,2008.601,4.15699999999993,2/14/2024 12:00:00 AM,13:26:42.6648210
9234,UTA Session 2,trial,3,C,A,0,2016.077,6.22900000000004,2/14/2024 12:00:00 AM,13:26:52.2152924
9234,UTA Session 2,trial,4,A,C,0,2025.608,12.1980000000001,2/14/2024 12:00:00 AM,13:27:07.7153466
9234,UTA Session 2,trial,5,B,E,0,2040.892,4.44799999999987,2/14/2024 12:00:00 AM,13:27:15.2529661
9234,UTA Session 2,trial,6,D,B,0,2048.24,11.9720000000002,2/14/2024 12:00:00 AM,13:27:30.1287321
9234,UTA Session 2,trial,7,B,B,1,2063.379,9.51800000000003,2/14/2024 12:00:00 AM,13:27:42.8170219
9234,UTA Session 2,trial,8,D,E,0,2076.023,19.105,2/14/2024 12:00:00 AM,13:28:05.0509707
9234,UTA Session 2,trial,9,C,E,0,2097.956,15.067,2/14/2024 12:00:00 AM,13:28:22.9358423
9234,UTA Session 2,trial,10,C,A,0,2116.034,4.42799999999988,2/14/2024 12:00:00 AM,13:28:30.3859818
9234,UTA Session 2,trial,11,B,B,1,2124.031,9.67300000000023,2/14/2024 12:00:00 AM,13:28:43.6226921
9234,UTA Session 2,trial,12,E,C,0,2137.001,13.0419999999999,2/14/2024 12:00:00 AM,13:28:59.9609102
9234,UTA Session 2,trial,13,B,D,0,2152.923,11.7340000000004,2/14/2024 12:00:00 AM,13:29:14.5720565
9234,UTA Session 2,trial,14,A,A,1,2167.871,16.5079999999998,2/14/2024 12:00:00 AM,13:29:34.2996841
9234,UTA Session 2,trial,15,E,D,0,2187.44,13.5859999999998,2/14/2024 12:00:00 AM,13:29:50.9480416
9234,UTA Session 2,trial,16,B,C,0,2204.134,8.04100000000017,2/14/2024 12:00:00 AM,13:30:02.0962542
9234,UTA Session 2,trial,17,A,B,0,2215.579,17.4139999999998,2/14/2024 12:00:00 AM,13:30:22.9163684
9234,UTA Session 2,trial,18,D,D,1,2236.118,8.53600000000006,2/14/2024 12:00:00 AM,13:30:34.5699292
9234,UTA Session 2,trial,19,E,B,0,2247.755,3.47499999999991,2/14/2024 12:00:00 AM,13:30:41.1481064
9234,UTA Session 2,trial,20,D,D,1,2254.134,4.69500000000016,2/14/2024 12:00:00 AM,13:30:48.7508774
9234,UTA Session 2,trial,21,A,E,0,2261.781,17.6440000000002,2/14/2024 12:00:00 AM,13:31:09.3371897
9234,UTA Session 2,trial,22,A,B,0,2282.76,8.33899999999994,2/14/2024 12:00:00 AM,13:31:21.0221962
9234,UTA Session 2,trial,23,D,D,1,2294.367,8.93799999999965,2/14/2024 12:00:00 AM,13:31:33.2273362
9234,UTA Session 2,trial,24,D,D,1,2306.506,15.2510000000002,2/14/2024 12:00:00 AM,13:31:51.6822188
9234,UTA Session 2,trial,25,E,A,0,2324.933,18.1689999999999,2/14/2024 12:00:00 AM,13:32:13.0247062
9234,UTA Session 2,trial,26,D,D,1,2346.333,9.86200000000008,2/14/2024 12:00:00 AM,13:32:26.1205089
9234,UTA Session 2,trial,27,E,E,1,2359.271,9.53899999999976,2/14/2024 12:00:00 AM,13:32:38.7312535
9234,UTA Session 2,trial,28,C,B,0,2371.698,22.643,2/14/2024 12:00:00 AM,13:33:04.2539584
9234,UTA Session 2,trial,29,C,B,0,2397.393,5.52100000000019,2/14/2024 12:00:00 AM,13:33:12.8315279
9234,UTA Session 2,trial,30,D,D,1,2405.907,17.1219999999998,2/14/2024 12:00:00 AM,13:33:32.9486795
9234,UTA Session 2,trial,31,C,A,0,2426.732,22.6900000000001,2/14/2024 12:00:00 AM,13:33:59.3460336
9236,UTA Session 2,practice,1,B,C,0,2261.173,22.3010000000004,2/14/2024 12:00:00 AM,15:57:42.2053339
9236,UTA Session 2,practice,2,B,A,0,2331.128,11.8999999999996,2/14/2024 12:00:00 AM,15:58:41.7678150
9236,UTA Session 2,practice,3,C,C,1,2349.631,5.41300000000001,2/14/2024 12:00:00 AM,15:58:53.7844254
9236,UTA Session 2,practice,4,A,C,0,2356.464,12.8040000000001,2/14/2024 12:00:00 AM,15:59:07.9969742
9236,UTA Session 2,trial,1,B,A,0,2392.653,11.2520000000004,2/14/2024 12:00:00 AM,15:59:42.6437090
9236,UTA Session 2,trial,2,B,A,0,2407.958,10.319,2/14/2024 12:00:00 AM,15:59:57.0061059
9236,UTA Session 2,trial,3,C,B,0,2422.37,5.07000000000016,2/14/2024 12:00:00 AM,16:00:06.1755116
9236,UTA Session 2,trial,4,A,A,1,2432.63,3.6569999999997,2/14/2024 12:00:00 AM,16:00:15.0162475
9236,UTA Session 2,trial,5,B,A,0,2439.67,9.36999999999989,2/14/2024 12:00:00 AM,16:00:27.7726156
9236,UTA Session 2,trial,6,D,C,0,2455.286,21.3429999999998,2/14/2024 12:00:00 AM,16:00:55.3609095
9236,UTA Session 2,trial,7,B,C,0,2479.768,10.3539999999998,2/14/2024 12:00:00 AM,16:01:08.8613371
9236,UTA Session 2,trial,8,D,D,1,2494.818,8.59999999999991,2/14/2024 12:00:00 AM,16:01:22.1504853
9236,UTA Session 2,trial,9,C,D,0,2506.619,20.1459999999997,2/14/2024 12:00:00 AM,16:01:45.4929445
9236,UTA Session 2,trial,10,C,A,0,2529.942,3.62899999999991,2/14/2024 12:00:00 AM,16:01:52.3090792
9236,UTA Session 2,trial,11,B,B,1,2540.653,10.9200000000001,2/14/2024 12:00:00 AM,16:02:10.2997627
9236,UTA Session 2,trial,12,E,B,0,2554.922,25.7930000000001,2/14/2024 12:00:00 AM,16:02:39.4439521
9236,UTA Session 2,trial,13,B,C,0,2584.712,12.7289999999998,2/14/2024 12:00:00 AM,16:02:56.1804438
9236,UTA Session 2,trial,14,A,E,0,2604.796,7.97900000000027,2/14/2024 12:00:00 AM,16:03:11.5025698
9236,UTA Session 2,trial,15,E,A,0,2616.048,13.1190000000001,2/14/2024 12:00:00 AM,16:03:27.8957138
9236,UTA Session 2,trial,16,B,A,0,2636.014,12.5740000000001,2/14/2024 12:00:00 AM,16:03:47.3186805
9236,UTA Session 2,trial,17,A,A,1,2654.989,5.92999999999984,2/14/2024 12:00:00 AM,16:03:59.6559109
9236,UTA Session 2,trial,18,D,A,0,2663.949,18.085,2/14/2024 12:00:00 AM,16:04:20.7630122
9236,UTA Session 2,trial,19,E,E,1,2685.543,8.23099999999977,2/14/2024 12:00:00 AM,16:04:32.5033523
9236,UTA Session 2,trial,20,D,E,0,2696.835,15.203,2/14/2024 12:00:00 AM,16:04:50.7673781
9236,UTA Session 2,trial,21,A,C,0,2715.485,13.3429999999998,2/14/2024 12:00:00 AM,16:05:07.5623835
9236,UTA Session 2,trial,22,A,E,0,2732.012,5.4069999999997,2/14/2024 12:00:00 AM,16:05:16.1595456
9236,UTA Session 2,trial,23,D,D,1,2741.521,10.1489999999999,2/14/2024 12:00:00 AM,16:05:30.4018267
9236,UTA Session 2,trial,24,D,E,0,2755.856,8.00199999999995,2/14/2024 12:00:00 AM,16:05:42.5968395
9236,UTA Session 2,trial,25,E,E,1,2768.743,5.54500000000007,2/14/2024 12:00:00 AM,16:05:53.0291939
9236,UTA Session 2,trial,26,D,D,1,2777.634,12.5140000000001,2/14/2024 12:00:00 AM,16:06:08.8832227
9236,UTA Session 2,trial,27,E,E,1,2793.423,13.8150000000001,2/14/2024 12:00:00 AM,16:06:25.9783512
9236,UTA Session 2,trial,28,C,B,0,2810.488,11.4700000000003,2/14/2024 12:00:00 AM,16:06:40.6894062
9236,UTA Session 2,trial,29,C,C,1,2825.858,16.5940000000001,2/14/2024 12:00:00 AM,16:07:01.1932469
9235,UTA Session 2,practice,1,B,B,1,2898.382,15.049,2/14/2024 12:00:00 AM,16:07:36.3793662
9235,UTA Session 2,practice,2,B,E,0,2998.014,11.2069999999999,2/14/2024 12:00:00 AM,16:09:12.1581708
9235,UTA Session 2,practice,3,C,E,0,3020.424,12.8180000000002,2/14/2024 12:00:00 AM,16:09:36.1841417
9235,UTA Session 2,practice,4,A,B,0,3036.135,27.4199999999996,2/14/2024 12:00:00 AM,16:10:06.5005723
9235,UTA Session 2,trial,1,B,B,1,3095.369,12.9879999999998,2/14/2024 12:00:00 AM,16:10:51.2950527
9235,UTA Session 2,trial,2,B,C,0,3111.647,6.46900000000005,2/14/2024 12:00:00 AM,16:11:01.0655592
9235,UTA Session 2,trial,3,C,C,1,3122.737,9.64699999999993,2/14/2024 12:00:00 AM,16:11:15.3283451
9235,UTA Session 2,trial,4,A,A,1,3135.522,9.1880000000001,2/14/2024 12:00:00 AM,16:11:27.6606234
9235,UTA Session 2,trial,5,B,B,1,3147.921,15.538,2/14/2024 12:00:00 AM,16:11:46.3954541
9235,UTA Session 2,trial,6,D,D,1,3166.56,9.66800000000012,2/14/2024 12:00:00 AM,16:11:59.1730526
9235,UTA Session 2,trial,7,B,C,0,3179.199,10.4400000000001,2/14/2024 12:00:00 AM,16:12:12.5884723
9235,UTA Session 2,trial,8,D,B,0,3193.993,10.087,2/14/2024 12:00:00 AM,16:12:27.0264558
9235,UTA Session 2,trial,9,C,C,1,3207.394,10.3230000000003,2/14/2024 12:00:00 AM,16:12:40.6525251
9235,UTA Session 2,trial,10,C,C,1,3220.753,15.2419999999997,2/14/2024 12:00:00 AM,16:12:58.9342824
9235,UTA Session 2,trial,11,B,E,0,3239.161,14.4339999999997,2/14/2024 12:00:00 AM,16:13:16.5331548
9235,UTA Session 2,trial,12,E,C,0,3257.436,18.998,2/14/2024 12:00:00 AM,16:13:39.3802579
9235,UTA Session 2,trial,13,B,C,0,3279.951,14.8209999999999,2/14/2024 12:00:00 AM,16:13:57.7170516
9235,UTA Session 2,trial,14,A,A,1,3299.217,13.6849999999999,2/14/2024 12:00:00 AM,16:14:15.8450792
9235,UTA Session 2,trial,15,E,D,0,3316.168,5.18199999999979,2/14/2024 12:00:00 AM,16:14:24.2860804
9235,UTA Session 2,trial,16,B,B,1,3326.982,11.7359999999999,2/14/2024 12:00:00 AM,16:14:41.6532956
9235,UTA Session 2,trial,17,A,A,1,3341.88,10.136,2/14/2024 12:00:00 AM,16:14:54.9599299
9235,UTA Session 2,trial,18,D,E,0,3355.093,17.587,2/14/2024 12:00:00 AM,16:15:15.6240907
9235,UTA Session 2,trial,19,E,E,1,3375.805,14.143,2/14/2024 12:00:00 AM,16:15:32.8872354
9235,UTA Session 2,trial,20,D,B,0,3392.93,11.3980000000001,2/14/2024 12:00:00 AM,16:15:47.2658938
9235,UTA Session 2,trial,21,A,E,0,3407.452,16.3919999999998,2/14/2024 12:00:00 AM,16:16:06.7858227
9235,UTA Session 2,trial,22,A,C,0,3426.886,10.864,2/14/2024 12:00:00 AM,16:16:20.6972433
9235,UTA Session 2,trial,23,D,D,1,3440.98,6.40000000000009,2/14/2024 12:00:00 AM,16:16:30.3200319
9235,UTA Session 2,trial,24,D,E,0,3450.434,9.26699999999983,2/14/2024 12:00:00 AM,16:16:42.6497817
9235,UTA Session 2,trial,25,E,D,0,3462.62,5.63000000000011,2/14/2024 12:00:00 AM,16:16:51.1893220
9235,UTA Session 2,trial,26,D,D,1,3471.086,3.34100000000035,2/14/2024 12:00:00 AM,16:16:57.3643320
9235,UTA Session 2,trial,27,E,A,0,3477.166,13.893,2/14/2024 12:00:00 AM,16:17:13.9959816
9235,UTA Session 2,trial,28,C,C,1,3494.567,7.67299999999977,2/14/2024 12:00:00 AM,16:17:25.1762533
9235,UTA Session 2,trial,29,C,C,1,3505.403,25.3120000000004,2/14/2024 12:00:00 AM,16:17:53.6544479
9235,UTA Session 2,trial,30,D,C,0,3533.524,10.241,2/14/2024 12:00:00 AM,16:18:06.7081313
9237,UTA Session 2,practice,1,B,E,0,1789.767,11.912,2/15/2024 12:00:00 AM,15:49:08.2525099
9237,UTA Session 2,practice,2,B,A,0,1807.895,2.327,2/15/2024 12:00:00 AM,15:49:16.7937468
9237,UTA Session 2,practice,3,C,B,0,1811.276,1.29399999999987,2/15/2024 12:00:00 AM,15:49:19.1277205
9237,UTA Session 2,practice,4,A,B,0,1813.788,0.602000000000089,2/15/2024 12:00:00 AM,15:49:20.9522784
9237,UTA Session 2,trial,1,B,A,0,1820.934,1.30500000000006,2/15/2024 12:00:00 AM,15:49:28.8088887
9237,UTA Session 2,trial,2,B,C,0,1825.051,0.72400000000016,2/15/2024 12:00:00 AM,15:49:32.3440224
9237,UTA Session 2,trial,3,C,D,0,1828.413,0.7650000000001,2/15/2024 12:00:00 AM,15:49:35.7427094
9237,UTA Session 2,trial,4,A,E,0,1831.812,1.31800000000021,2/15/2024 12:00:00 AM,15:49:39.6949029
9237,UTA Session 2,trial,5,B,B,1,1836.19,1.33999999999992,2/15/2024 12:00:00 AM,15:49:44.0952299
9237,UTA Session 2,trial,6,D,C,0,1840.368,0.403999999999996,2/15/2024 12:00:00 AM,15:49:47.3321359
9237,UTA Session 2,trial,7,B,E,0,1843.858,1.05600000000004,2/15/2024 12:00:00 AM,15:49:51.4786606
9237,UTA Session 2,trial,8,D,A,0,1847.673,0.909000000000106,2/15/2024 12:00:00 AM,15:49:55.1544515
9237,UTA Session 2,trial,9,C,B,0,1851.507,0.432999999999993,2/15/2024 12:00:00 AM,15:49:58.5032072
9237,UTA Session 2,trial,10,C,C,1,1854.793,0.363000000000056,2/15/2024 12:00:00 AM,15:50:01.7264245
9237,UTA Session 2,trial,11,B,C,0,1857.921,0.4849999999999,2/15/2024 12:00:00 AM,15:50:04.9789663
9237,UTA Session 2,trial,12,E,D,0,1861.134,0.336000000000013,2/15/2024 12:00:00 AM,15:50:08.0306223
9237,UTA Session 2,trial,13,B,E,0,1864.1,0.386000000000195,2/15/2024 12:00:00 AM,15:50:11.0485330
9237,UTA Session 2,trial,14,A,B,0,1867.057,2.84899999999993,2/15/2024 12:00:00 AM,15:50:16.4725616
9237,UTA Session 2,trial,15,E,C,0,1872.92,0.460000000000036,2/15/2024 12:00:00 AM,15:50:19.9455492
9237,UTA Session 2,trial,16,B,D,0,1876.049,0.76299999999992,2/15/2024 12:00:00 AM,15:50:23.3744355
9237,UTA Session 2,trial,17,A,B,0,1879.522,0.526000000000067,2/15/2024 12:00:00 AM,15:50:26.6131046
9237,UTA Session 2,trial,18,D,E,0,1882.821,0.394000000000005,2/15/2024 12:00:00 AM,15:50:29.7850195
9237,UTA Session 2,trial,19,E,A,0,1885.901,0.554999999999836,2/15/2024 12:00:00 AM,15:50:33.0217125
9237,UTA Session 2,trial,20,D,B,0,1889.278,0.389999999999873,2/15/2024 12:00:00 AM,15:50:36.2276603
9237,UTA Session 2,trial,21,A,C,0,1892.533,0.855000000000018,2/15/2024 12:00:00 AM,15:50:39.9526071
9237,UTA Session 2,trial,22,A,C,0,1896.271,2.19299999999998,2/15/2024 12:00:00 AM,15:50:45.0280363
9237,UTA Session 2,trial,23,D,C,0,1901.41,0.451000000000022,2/15/2024 12:00:00 AM,15:50:48.4217331
9237,UTA Session 2,trial,24,D,D,1,1904.568,0.557000000000016,2/15/2024 12:00:00 AM,15:50:51.6951623
9237,UTA Session 2,trial,25,E,A,0,1908.623,0.826000000000022,2/15/2024 12:00:00 AM,15:50:56.0129270
9237,UTA Session 2,trial,26,D,B,0,1915.255,0.536999999999807,2/15/2024 12:00:00 AM,15:51:02.3623611
9237,UTA Session 2,trial,27,E,C,0,1918.793,0.504000000000133,2/15/2024 12:00:00 AM,15:51:05.8684919
9237,UTA Session 2,trial,28,C,D,0,1922.474,0.730999999999995,2/15/2024 12:00:00 AM,15:51:09.7666349
9237,UTA Session 2,trial,29,C,C,1,1925.944,0.744000000000142,2/15/2024 12:00:00 AM,15:51:13.2551981
9237,UTA Session 2,trial,30,D,A,0,1929.479,1.40699999999993,2/15/2024 12:00:00 AM,15:51:17.4498822
9237,UTA Session 2,trial,31,C,D,0,1933.658,0.436000000000149,2/15/2024 12:00:00 AM,15:51:20.6546957
9237,UTA Session 2,trial,32,E,C,0,1936.771,0.392000000000053,2/15/2024 12:00:00 AM,15:51:23.7361068
9237,UTA Session 2,trial,33,A,B,0,1940.008,0.465999999999894,2/15/2024 12:00:00 AM,15:51:27.0361566
9237,UTA Session 2,trial,34,E,B,0,1943.325,0.769999999999982,2/15/2024 12:00:00 AM,15:51:30.6666342
9237,UTA Session 2,trial,35,C,D,0,1946.734,0.375999999999976,2/15/2024 12:00:00 AM,15:51:33.6836092
9238,UTA Session 2,practice,1,B,C,0,2269.589,7.40599999999995,2/15/2024 12:00:00 AM,15:58:55.7276439
9238,UTA Session 2,practice,2,B,E,0,2336.296,13.328,2/15/2024 12:00:00 AM,16:00:08.3449541
9238,UTA Session 2,practice,3,C,C,1,2354.145,14.1399999999999,2/15/2024 12:00:00 AM,16:00:27.0030804
9238,UTA Session 2,practice,4,A,C,0,2372.161,16.654,2/15/2024 12:00:00 AM,16:00:47.5375222
9238,UTA Session 2,trial,1,B,B,1,2413.154,14.1970000000001,2/15/2024 12:00:00 AM,16:01:26.0829618
9238,UTA Session 2,trial,2,B,A,0,2430.921,14.2140000000004,2/15/2024 12:00:00 AM,16:01:43.8529794
9238,UTA Session 2,trial,3,C,A,0,2448.678,8.5630000000001,2/15/2024 12:00:00 AM,16:01:55.9622448
9238,UTA Session 2,trial,4,A,A,1,2465.443,9.05799999999999,2/15/2024 12:00:00 AM,16:02:13.2299755
9238,UTA Session 2,trial,5,B,A,0,2477.816,10.1080000000002,2/15/2024 12:00:00 AM,16:02:26.6407134
9238,UTA Session 2,trial,6,D,A,0,2494.293,14.0909999999999,2/15/2024 12:00:00 AM,16:02:47.1108844
9238,UTA Session 2,trial,7,B,E,0,2511.682,12.5730000000003,2/15/2024 12:00:00 AM,16:03:02.9761369
9238,UTA Session 2,trial,8,D,E,0,2527.379,17.2580000000003,2/15/2024 12:00:00 AM,16:03:23.3585944
9238,UTA Session 2,trial,9,C,A,0,2547.647,10.7870000000003,2/15/2024 12:00:00 AM,16:03:37.1624156
9238,UTA Session 2,trial,10,C,C,1,2561.802,7.76899999999978,2/15/2024 12:00:00 AM,16:03:48.2919979
9238,UTA Session 2,trial,11,B,E,0,2572.805,11.48,2/15/2024 12:00:00 AM,16:04:03.0020902
9238,UTA Session 2,trial,12,E,C,0,2588.707,10.3070000000002,2/15/2024 12:00:00 AM,16:04:17.7412458
9238,UTA Session 2,trial,13,B,A,0,2602.142,17.989,2/15/2024 12:00:00 AM,16:04:38.8547781
9238,UTA Session 2,trial,14,A,A,1,2623.318,6.90299999999979,2/15/2024 12:00:00 AM,16:04:48.9420347
9238,UTA Session 2,trial,15,E,C,0,2633.404,10.9699999999998,2/15/2024 12:00:00 AM,16:05:03.0949707
9238,UTA Session 2,trial,16,B,A,0,2647.526,13.9520000000002,2/15/2024 12:00:00 AM,16:05:20.1931108
9238,UTA Session 2,trial,17,A,C,0,2665.224,16.9869999999996,2/15/2024 12:00:00 AM,16:05:40.9355107
9238,UTA Session 2,trial,18,D,B,0,2685.886,3.49400000000014,2/15/2024 12:00:00 AM,16:05:48.1046843
9238,UTA Session 2,trial,19,E,A,0,2695.161,15.8389999999999,2/15/2024 12:00:00 AM,16:06:09.7267795
9238,UTA Session 2,trial,20,D,B,0,2715.196,13.0819999999999,2/15/2024 12:00:00 AM,16:06:26.9952126
9238,UTA Session 2,trial,21,A,C,0,2731.852,11.2270000000003,2/15/2024 12:00:00 AM,16:06:41.7995750
9238,UTA Session 2,trial,22,A,A,1,2746.304,5.98199999999997,2/15/2024 12:00:00 AM,16:06:51.0111278
9238,UTA Session 2,trial,23,D,D,1,2755.63,15.0479999999998,2/15/2024 12:00:00 AM,16:07:09.4039183
9238,UTA Session 2,trial,24,D,D,1,2773.769,8.14900000000034,2/15/2024 12:00:00 AM,16:07:20.6334448
9238,UTA Session 2,trial,25,E,E,1,2784.813,12.4029999999998,2/15/2024 12:00:00 AM,16:07:35.9367396
9238,UTA Session 2,trial,26,D,D,1,2800.115,14.2530000000002,2/15/2024 12:00:00 AM,16:07:53.0944556
9238,UTA Session 2,trial,27,E,B,0,2817.318,5.61599999999999,2/15/2024 12:00:00 AM,16:08:01.6543721
9238,UTA Session 2,trial,28,C,D,0,2827.581,11.6089999999999,2/15/2024 12:00:00 AM,16:08:17.9130235
9238,UTA Session 2,trial,29,C,A,0,2842.47,13.9230000000002,2/15/2024 12:00:00 AM,16:08:35.1068240
9238,UTA Session 2,trial,30,D,B,0,2859.948,8.73199999999997,2/15/2024 12:00:00 AM,16:08:47.3986658
9240,UTA Session 2,practice,1,B,A,0,2084.977,15.5770000000002,2/16/2024 12:00:00 AM,09:59:25.9710364
9240,UTA Session 2,practice,2,B,E,0,2159.686,9.61199999999963,2/16/2024 12:00:00 AM,10:00:34.7237645
9240,UTA Session 2,practice,3,C,E,0,2173.095,8.29000000000042,2/16/2024 12:00:00 AM,10:00:46.8082328
9240,UTA Session 2,practice,4,A,C,0,2191.587,5.46599999999989,2/16/2024 12:00:00 AM,10:01:02.4796186
9240,UTA Session 2,trial,1,B,B,1,2205.336,8.99100000000044,2/16/2024 12:00:00 AM,10:01:19.7467830
9240,UTA Session 2,trial,2,B,B,1,2217.416,3.14499999999998,2/16/2024 12:00:00 AM,10:01:25.9826588
9240,UTA Session 2,trial,3,C,B,0,2223.386,4.9369999999999,2/16/2024 12:00:00 AM,10:01:33.7445558
9240,UTA Session 2,trial,4,A,E,0,2231.264,8.30199999999968,2/16/2024 12:00:00 AM,10:01:44.9932364
9240,UTA Session 2,trial,5,B,D,0,2242.489,4.95600000000013,2/16/2024 12:00:00 AM,10:01:52.8625161
9240,UTA Session 2,trial,6,D,B,0,2250.406,6.10500000000002,2/16/2024 12:00:00 AM,10:02:01.9264670
9240,UTA Session 2,trial,7,B,E,0,2259.499,4.37000000000035,2/16/2024 12:00:00 AM,10:02:09.2912629
9240,UTA Session 2,trial,8,D,C,0,2266.631,8.33400000000029,2/16/2024 12:00:00 AM,10:02:20.3847418
9240,UTA Session 2,trial,9,C,D,0,2278.323,3.72499999999991,2/16/2024 12:00:00 AM,10:02:27.4729420
9240,UTA Session 2,trial,10,C,D,0,2286.071,5.41800000000012,2/16/2024 12:00:00 AM,10:02:36.9021720
9240,UTA Session 2,trial,11,B,B,1,2300.261,15.7350000000001,2/16/2024 12:00:00 AM,10:03:01.4154586
9240,UTA Session 2,trial,12,E,E,1,2319.128,8.28800000000001,2/16/2024 12:00:00 AM,10:03:12.8348117
9240,UTA Session 2,trial,13,B,C,0,2330.111,11.6530000000002,2/16/2024 12:00:00 AM,10:03:27.1819889
9240,UTA Session 2,trial,14,A,A,1,2344.605,4.27599999999984,2/16/2024 12:00:00 AM,10:03:34.2980412
9240,UTA Session 2,trial,15,E,D,0,2351.889,10.0519999999997,2/16/2024 12:00:00 AM,10:03:47.3688550
9240,UTA Session 2,trial,16,B,C,0,2364.895,12.5720000000001,2/16/2024 12:00:00 AM,10:04:02.8914752
9240,UTA Session 2,trial,17,A,A,1,2380.405,6.28899999999976,2/16/2024 12:00:00 AM,10:04:12.1111770
9240,UTA Session 2,trial,18,D,D,1,2389.736,8.46199999999999,2/16/2024 12:00:00 AM,10:04:23.6149712
9240,UTA Session 2,trial,19,E,E,1,2400.765,13.1610000000001,2/16/2024 12:00:00 AM,10:04:39.3528111
9240,UTA Session 2,trial,20,D,E,0,2416.77,9.55200000000013,2/16/2024 12:00:00 AM,10:04:51.7453254
9240,UTA Session 2,trial,21,A,B,0,2428.894,6.27200000000039,2/16/2024 12:00:00 AM,10:05:00.5923188
9240,UTA Session 2,trial,22,A,C,0,2438.033,0.413000000000011,2/16/2024 12:00:00 AM,10:05:03.8677107
9240,UTA Session 2,trial,23,D,D,1,2441.255,10.0929999999998,2/16/2024 12:00:00 AM,10:05:16.7702574
9240,UTA Session 2,trial,24,D,E,0,2453.953,6.02500000000009,2/16/2024 12:00:00 AM,10:05:25.4006321
9240,UTA Session 2,trial,25,E,E,1,2462.645,10.5169999999998,2/16/2024 12:00:00 AM,10:05:38.5849313
9240,UTA Session 2,trial,26,D,D,1,2475.813,8.67499999999973,2/16/2024 12:00:00 AM,10:05:49.9162009
9240,UTA Session 2,trial,27,E,E,1,2487.088,8.1869999999999,2/16/2024 12:00:00 AM,10:06:00.6985696
9240,UTA Session 2,trial,28,C,C,1,2497.909,8.4699999999998,2/16/2024 12:00:00 AM,10:06:11.8047365
9240,UTA Session 2,trial,29,C,A,0,2510.809,7.82699999999977,2/16/2024 12:00:00 AM,10:06:24.0618131
9240,UTA Session 2,trial,30,D,E,0,2521.67,8.69200000000001,2/16/2024 12:00:00 AM,10:06:35.7855739
9240,UTA Session 2,trial,31,C,C,1,2533.36,9.91199999999981,2/16/2024 12:00:00 AM,10:06:48.6867085
9240,UTA Session 2,trial,32,E,C,0,2546.121,7.73299999999972,2/16/2024 12:00:00 AM,10:06:59.2751278
9240,UTA Session 2,trial,33,A,B,0,2556.866,4.97499999999991,2/16/2024 12:00:00 AM,10:07:07.2573159
9240,UTA Session 2,trial,34,E,A,0,2564.627,3.05099999999993,2/16/2024 12:00:00 AM,10:07:13.0998737
9240,UTA Session 2,trial,35,C,E,0,2573.008,11.6490000000003,2/16/2024 12:00:00 AM,10:07:30.0719493
9239,UTA Session 2,practice,1,B,C,0,2258.837,14.4589999999998,2/16/2024 12:00:00 AM,10:02:48.2109759
9239,UTA Session 2,practice,2,B,E,0,2307.063,10.886,2/16/2024 12:00:00 AM,10:03:32.8516207
9239,UTA Session 2,practice,3,C,C,1,2323.714,4.26400000000012,2/16/2024 12:00:00 AM,10:03:42.8909515
9239,UTA Session 2,practice,4,A,A,1,2329.413,5.8760000000002,2/16/2024 12:00:00 AM,10:03:50.1964935
9239,UTA Session 2,trial,1,B,B,1,2344.852,9.4970000000003,2/16/2024 12:00:00 AM,10:04:09.2611981
9239,UTA Session 2,trial,2,B,B,1,2357.379,5.75399999999991,2/16/2024 12:00:00 AM,10:04:18.0436065
9239,UTA Session 2,trial,3,C,B,0,2366.146,6.19899999999961,2/16/2024 12:00:00 AM,10:04:27.2551276
9239,UTA Session 2,trial,4,A,A,1,2375.706,4.80999999999995,2/16/2024 12:00:00 AM,10:04:35.4251776
9239,UTA Session 2,trial,5,B,B,1,2383.431,11.1019999999999,2/16/2024 12:00:00 AM,10:04:49.4461220
9239,UTA Session 2,trial,6,D,D,1,2397.664,7.75899999999956,2/16/2024 12:00:00 AM,10:05:00.3394869
9239,UTA Session 2,trial,7,B,C,0,2408.361,5.47299999999996,2/16/2024 12:00:00 AM,10:05:08.7469618
9239,UTA Session 2,trial,8,D,C,0,2418.595,10.0240000000003,2/16/2024 12:00:00 AM,10:05:23.5222864
9239,UTA Session 2,trial,9,C,C,1,2431.891,9.36000000000013,2/16/2024 12:00:00 AM,10:05:36.1555776
9239,UTA Session 2,trial,10,C,C,1,2444.075,8.37100000000009,2/16/2024 12:00:00 AM,10:05:47.3585850
9239,UTA Session 2,trial,11,B,B,1,2455.366,5.84099999999989,2/16/2024 12:00:00 AM,10:05:56.1133203
9239,UTA Session 2,trial,12,E,E,1,2463.996,10.3530000000001,2/16/2024 12:00:00 AM,10:06:09.2647887
9239,UTA Session 2,trial,13,B,C,0,2477.055,11.0510000000004,2/16/2024 12:00:00 AM,10:06:23.0179999
9239,UTA Session 2,trial,14,A,A,1,2490.943,7.76799999999957,2/16/2024 12:00:00 AM,10:06:33.6240986
9239,UTA Session 2,trial,15,E,D,0,2501.655,4.61599999999999,2/16/2024 12:00:00 AM,10:06:41.1826331
9239,UTA Session 2,trial,16,B,B,1,2512.4,7.69900000000007,2/16/2024 12:00:00 AM,10:06:55.0147423
9239,UTA Session 2,trial,17,A,A,1,2523.001,8.94899999999961,2/16/2024 12:00:00 AM,10:07:06.8597235
9239,UTA Session 2,trial,18,D,B,0,2534.835,16.48,2/16/2024 12:00:00 AM,10:07:26.2321662
9239,UTA Session 2,trial,19,E,E,1,2555.909,9.70299999999997,2/16/2024 12:00:00 AM,10:07:40.5153727
9239,UTA Session 2,trial,20,D,C,0,2568.493,11.3250000000003,2/16/2024 12:00:00 AM,10:07:54.7258675
9239,UTA Session 2,trial,21,A,A,1,2582.89,4.48000000000002,2/16/2024 12:00:00 AM,10:08:02.2830386
9239,UTA Session 2,trial,22,A,A,1,2590.261,5.74299999999994,2/16/2024 12:00:00 AM,10:08:10.9119719
9239,UTA Session 2,trial,23,D,D,1,2598.795,13.4049999999997,2/16/2024 12:00:00 AM,10:08:27.1164599
9239,UTA Session 2,trial,24,D,E,0,2614.955,9.61900000000014,2/16/2024 12:00:00 AM,10:08:39.4808756
9239,UTA Session 2,trial,25,E,D,0,2628.261,13.085,2/16/2024 12:00:00 AM,10:08:56.2496530
9239,UTA Session 2,trial,26,D,D,1,2644.698,15.3589999999999,2/16/2024 12:00:00 AM,10:09:14.9642853
9239,UTA Session 2,trial,27,E,B,0,2663.126,8.8439999999996,2/16/2024 12:00:00 AM,10:09:26.8742240
9239,UTA Session 2,trial,28,C,E,0,2676.946,13.5550000000003,2/16/2024 12:00:00 AM,10:09:45.4156778
9239,UTA Session 2,trial,29,C,C,1,2693.593,11.0309999999999,2/16/2024 12:00:00 AM,10:09:59.5432555
9239,UTA Session 2,trial,30,D,D,1,2707.407,6.29700000000003,2/16/2024 12:00:00 AM,10:10:08.6112135
9239,UTA Session 2,trial,31,C,A,0,2716.714,8.28499999999985,2/16/2024 12:00:00 AM,10:10:19.9102379
9239,UTA Session 2,trial,32,E,E,1,2729.72,7.06200000000035,2/16/2024 12:00:00 AM,10:10:31.6934257
9239,UTA Session 2,trial,33,A,A,1,2739.578,4.22299999999996,2/16/2024 12:00:00 AM,10:10:38.7207941
9239,UTA Session 2,trial,34,E,E,1,2746.662,5.6550000000002,2/16/2024 12:00:00 AM,10:10:47.2230390
9239,UTA Session 2,trial,35,C,C,1,2754.847,9.8119999999999,2/16/2024 12:00:00 AM,10:10:59.5755331
9241,UTA Session 2,practice,1,B,A,0,2772.081,8.59400000000005,2/16/2024 12:00:00 AM,10:28:08.1544582
9241,UTA Session 2,practice,2,B,A,0,2891.137,11.788,2/16/2024 12:00:00 AM,10:30:10.3963359
9241,UTA Session 2,practice,3,C,B,0,2909.176,16.3360000000002,2/16/2024 12:00:00 AM,10:30:32.9910109
9241,UTA Session 2,practice,4,A,A,1,2927.613,23.2670000000003,2/16/2024 12:00:00 AM,10:30:58.3564949
9241,UTA Session 2,trial,1,B,A,0,2991.689,6.07400000000007,2/16/2024 12:00:00 AM,10:31:45.2321496
9241,UTA Session 2,trial,2,B,B,1,3002.799,15.6309999999999,2/16/2024 12:00:00 AM,10:32:05.9013748
9241,UTA Session 2,trial,3,C,A,0,3021.505,7.86200000000008,2/16/2024 12:00:00 AM,10:32:16.8369567
9241,UTA Session 2,trial,4,A,A,1,3038.884,6.7510000000002,2/16/2024 12:00:00 AM,10:32:33.1026422
9241,UTA Session 2,trial,5,B,E,0,3048.865,14.4940000000001,2/16/2024 12:00:00 AM,10:32:50.8355767
9241,UTA Session 2,trial,6,D,D,1,3072.552,22.902,2/16/2024 12:00:00 AM,10:33:22.9243905
9241,UTA Session 2,trial,7,B,E,0,3098.5,13.2109999999998,2/16/2024 12:00:00 AM,10:33:39.1786651
9241,UTA Session 2,trial,8,D,A,0,3115.507,10.8469999999998,2/16/2024 12:00:00 AM,10:33:53.8197354
9241,UTA Session 2,trial,9,C,C,1,3132.615,18.6980000000003,2/16/2024 12:00:00 AM,10:34:18.7812213
9241,UTA Session 2,trial,10,C,E,0,3154.588,21.3069999999998,2/16/2024 12:00:00 AM,10:34:43.3625246
9241,UTA Session 2,trial,11,B,D,0,3179.077,16.3899999999999,2/16/2024 12:00:00 AM,10:35:02.9320627
9241,UTA Session 2,trial,12,E,A,0,3198.488,3.8130000000001,2/16/2024 12:00:00 AM,10:35:09.7787789
9241,UTA Session 2,trial,13,B,C,0,3205.384,11.491,2/16/2024 12:00:00 AM,10:35:24.3507881
9241,UTA Session 2,trial,14,A,A,1,3221.89,11.8090000000002,2/16/2024 12:00:00 AM,10:35:41.1694495
9241,UTA Session 2,trial,15,E,A,0,3237.467,8.38599999999997,2/16/2024 12:00:00 AM,10:35:53.3309200
9241,UTA Session 2,trial,16,B,B,1,3255.034,18.6990000000001,2/16/2024 12:00:00 AM,10:36:21.1976261
9241,UTA Session 2,trial,17,A,A,1,3277.231,8.57699999999977,2/16/2024 12:00:00 AM,10:36:33.2851467
9241,UTA Session 2,trial,18,D,D,1,3289.036,13.9549999999999,2/16/2024 12:00:00 AM,10:36:50.4600853
9241,UTA Session 2,trial,19,E,C,0,3306.252,12.3440000000001,2/16/2024 12:00:00 AM,10:37:06.0660767
9241,UTA Session 2,trial,20,D,C,0,3322.017,19.5600000000004,2/16/2024 12:00:00 AM,10:37:29.0468056
9241,UTA Session 2,trial,21,A,C,0,3349.537,15.0600000000004,2/16/2024 12:00:00 AM,10:37:52.0628169
9241,UTA Session 2,trial,22,A,A,1,3368.044,21.163,2/16/2024 12:00:00 AM,10:38:16.6768504
9241,UTA Session 2,trial,23,D,B,0,3392.611,15.1780000000003,2/16/2024 12:00:00 AM,10:38:35.2632889
9241,UTA Session 2,trial,24,D,A,0,3413.036,2.41199999999981,2/16/2024 12:00:00 AM,10:38:42.9131828
9241,UTA Session 2,trial,25,E,B,0,3418.86,0.561999999999898,2/16/2024 12:00:00 AM,10:38:46.8862265
9241,UTA Session 2,trial,26,D,C,0,3422.567,0.777000000000044,2/16/2024 12:00:00 AM,10:38:50.8206897
9241,UTA Session 2,trial,27,E,E,1,3426.841,2.22299999999996,2/16/2024 12:00:00 AM,10:38:56.5306894
9241,UTA Session 2,trial,28,C,C,1,3432.215,9.23399999999992,2/16/2024 12:00:00 AM,10:39:08.9147154
9242,UTA Session 2,practice,1,B,A,0,1825.505,20.1079999999999,2/16/2024 12:00:00 AM,12:57:04.0176808
9242,UTA Session 2,practice,2,B,B,1,1889.519,2.01800000000003,2/16/2024 12:00:00 AM,12:57:49.9404359
9242,UTA Session 2,practice,3,C,C,1,1893.221,0.560999999999922,2/16/2024 12:00:00 AM,12:57:52.1861616
9242,UTA Session 2,practice,4,A,D,0,1894.722,0.606999999999971,2/16/2024 12:00:00 AM,12:57:53.7325503
9242,UTA Session 2,trial,1,B,C,0,1908.971,2.90900000000011,2/16/2024 12:00:00 AM,12:58:10.2848576
9242,UTA Session 2,trial,2,B,D,0,1914.894,1.06799999999998,2/16/2024 12:00:00 AM,12:58:14.3662680
9242,UTA Session 2,trial,3,C,B,0,1920.384,0.6099999999999,2/16/2024 12:00:00 AM,12:58:19.3987307
9242,UTA Session 2,trial,4,A,D,0,1924.096,5.22199999999998,2/16/2024 12:00:00 AM,12:58:27.7227439
9242,UTA Session 2,trial,5,B,A,0,1932.224,9.06400000000008,2/16/2024 12:00:00 AM,12:58:39.6914811
9242,UTA Session 2,trial,6,D,D,1,1944.305,5.64599999999996,2/16/2024 12:00:00 AM,12:58:48.3549624
9242,UTA Session 2,trial,7,B,A,0,1952.738,11.759,2/16/2024 12:00:00 AM,12:59:02.9009940
9242,UTA Session 2,trial,8,D,D,1,1967.644,2.62899999999991,2/16/2024 12:00:00 AM,12:59:08.6775655
9242,UTA Session 2,trial,9,C,B,0,1973.739,10.223,2/16/2024 12:00:00 AM,12:59:22.3674321
9242,UTA Session 2,trial,10,C,D,0,1987.049,1.00800000000004,2/16/2024 12:00:00 AM,12:59:26.4613656
9242,UTA Session 2,trial,11,B,C,0,1990.815,0.614000000000033,2/16/2024 12:00:00 AM,12:59:29.8329237
9242,UTA Session 2,trial,12,E,D,0,1994.229,0.595000000000027,2/16/2024 12:00:00 AM,12:59:33.2277745
9242,UTA Session 2,trial,13,B,C,0,1997.547,0.657999999999902,2/16/2024 12:00:00 AM,12:59:36.6087939
9242,UTA Session 2,trial,14,A,C,0,2000.874,0.713999999999942,2/16/2024 12:00:00 AM,12:59:39.9918730
9242,UTA Session 2,trial,15,E,D,0,2004.409,0.509999999999991,2/16/2024 12:00:00 AM,12:59:43.3221618
9242,UTA Session 2,trial,16,B,B,1,2008.167,1.44200000000001,2/16/2024 12:00:00 AM,12:59:48.0137963
9242,UTA Session 2,trial,17,A,B,0,2012.335,1.83999999999992,2/16/2024 12:00:00 AM,12:59:52.5790909
9242,UTA Session 2,trial,18,D,D,1,2016.874,0.63799999999992,2/16/2024 12:00:00 AM,12:59:55.9158967
9242,UTA Session 2,trial,19,E,D,0,2020.706,1.31000000000017,2/16/2024 12:00:00 AM,13:00:00.4202591
9242,UTA Session 2,trial,20,D,C,0,2024.833,0.531999999999925,2/16/2024 12:00:00 AM,13:00:03.7688052
9242,UTA Session 2,trial,21,A,A,1,2028.182,0.402000000000044,2/16/2024 12:00:00 AM,13:00:06.9886077
9242,UTA Session 2,trial,22,A,E,0,2031.544,0.507999999999811,2/16/2024 12:00:00 AM,13:00:10.4564631
9242,UTA Session 2,trial,23,D,D,1,2034.607,0.871000000000095,2/16/2024 12:00:00 AM,13:00:13.8813999
9242,UTA Session 2,trial,24,D,C,0,2038.361,1.37899999999991,2/16/2024 12:00:00 AM,13:00:18.1440266
9242,UTA Session 2,trial,25,E,B,0,2042.463,1.27500000000009,2/16/2024 12:00:00 AM,13:00:22.1412702
9242,UTA Session 2,trial,26,D,D,1,2046.517,0.686999999999898,2/16/2024 12:00:00 AM,13:00:25.6076297
9242,UTA Session 2,trial,27,E,C,0,2049.82,0.813999999999851,2/16/2024 12:00:00 AM,13:00:29.0383016
9242,UTA Session 2,trial,28,C,D,0,2053.518,0.697000000000116,2/16/2024 12:00:00 AM,13:00:32.6187568
9242,UTA Session 2,trial,29,C,B,0,2056.963,0.916999999999916,2/16/2024 12:00:00 AM,13:00:36.2827986
9242,UTA Session 2,trial,30,D,D,1,2060.92,0.70699999999988,2/16/2024 12:00:00 AM,13:00:40.0307941
9242,UTA Session 2,trial,31,C,D,0,2064.812,1.40000000000009,2/16/2024 12:00:00 AM,13:00:44.6162086
9242,UTA Session 2,trial,32,E,B,0,2069.081,0.665999999999713,2/16/2024 12:00:00 AM,13:00:48.1497357
9242,UTA Session 2,trial,33,A,C,0,2072.714,0.525000000000091,2/16/2024 12:00:00 AM,13:00:51.6417761
9242,UTA Session 2,trial,34,E,C,0,2076.075,0.701000000000022,2/16/2024 12:00:00 AM,13:00:55.1786296
9242,UTA Session 2,trial,35,C,C,1,2079.588,0.997999999999593,2/16/2024 12:00:00 AM,13:00:58.9900918
9243,UTA Session 2,practice,1,B,B,1,1243.983,10.1860000000001,2/16/2024 12:00:00 AM,12:48:54.0654623
9243,UTA Session 2,practice,2,B,B,1,1265.288,9.34699999999998,2/16/2024 12:00:00 AM,12:49:14.5305974
9243,UTA Session 2,practice,3,C,E,0,1275.651,9.43799999999987,2/16/2024 12:00:00 AM,12:49:24.9849345
9243,UTA Session 2,practice,4,A,A,1,1289.455,3.87599999999998,2/16/2024 12:00:00 AM,12:49:33.2263361
9243,UTA Session 2,trial,1,B,B,1,1307.09,9.15100000000007,2/16/2024 12:00:00 AM,12:49:56.1377207
9243,UTA Session 2,trial,2,B,E,0,1319.238,6.66899999999987,2/16/2024 12:00:00 AM,12:50:05.8039394
9243,UTA Session 2,trial,3,C,B,0,1328.76,1.95499999999993,2/16/2024 12:00:00 AM,12:50:10.6106614
9243,UTA Session 2,trial,4,A,B,0,1336.236,5.37899999999991,2/16/2024 12:00:00 AM,12:50:21.5105055
9243,UTA Session 2,trial,5,B,B,1,1344.65,8.404,2/16/2024 12:00:00 AM,12:50:32.9504983
9243,UTA Session 2,trial,6,D,C,0,1356.236,3.33999999999992,2/16/2024 12:00:00 AM,12:50:39.4724136
9243,UTA Session 2,trial,7,B,D,0,1363.315,5.53800000000001,2/16/2024 12:00:00 AM,12:50:48.7491359
9243,UTA Session 2,trial,8,D,B,0,1371.718,4.51900000000001,2/16/2024 12:00:00 AM,12:50:56.1319121
9243,UTA Session 2,trial,9,C,E,0,1380.256,6.49399999999991,2/16/2024 12:00:00 AM,12:51:06.6462116
9243,UTA Session 2,trial,10,C,B,0,1389.84,2.69400000000019,2/16/2024 12:00:00 AM,12:51:12.4300178
9243,UTA Session 2,trial,11,B,B,1,1395.662,8.28399999999988,2/16/2024 12:00:00 AM,12:51:23.8425906
9243,UTA Session 2,trial,12,E,B,0,1407.107,1.51199999999994,2/16/2024 12:00:00 AM,12:51:28.5153635
9243,UTA Session 2,trial,13,B,C,0,1411.467,2.16699999999992,2/16/2024 12:00:00 AM,12:51:33.5295892
9243,UTA Session 2,trial,14,A,E,0,1416.438,5.38299999999981,2/16/2024 12:00:00 AM,12:51:41.7163625
9243,UTA Session 2,trial,15,E,A,0,1424.697,4.96400000000017,2/16/2024 12:00:00 AM,12:51:49.5571953
9243,UTA Session 2,trial,16,B,C,0,1432.584,6.12799999999993,2/16/2024 12:00:00 AM,12:51:58.6086081
9243,UTA Session 2,trial,17,A,B,0,1442.364,3.48000000000002,2/16/2024 12:00:00 AM,12:52:05.7414583
9243,UTA Session 2,trial,18,D,E,0,1448.662,4.74099999999999,2/16/2024 12:00:00 AM,12:52:13.2998095
9243,UTA Session 2,trial,19,E,C,0,1456.198,2.55199999999991,2/16/2024 12:00:00 AM,12:52:18.6475532
9243,UTA Session 2,trial,20,D,B,0,1461.584,1.08600000000001,2/16/2024 12:00:00 AM,12:52:22.5671612
9243,UTA Session 2,trial,21,A,A,1,1465.631,13.221,2/16/2024 12:00:00 AM,12:52:38.7498823
9243,UTA Session 2,trial,22,A,B,0,1482.001,161.327,2/16/2024 12:00:00 AM,12:55:23.2296585
9243,UTA Session 2,trial,23,D,C,0,1646.797,0.536000000000058,2/16/2024 12:00:00 AM,12:55:27.2344017
9243,UTA Session 2,trial,24,D,D,1,1650.068,0.478000000000065,2/16/2024 12:00:00 AM,12:55:30.4487119
9243,UTA Session 2,trial,25,E,B,0,1653.129,1085.992,2/16/2024 12:00:00 AM,13:13:39.0370072
9244,UTA Session 2,practice,1,B,B,1,2872.717,45.2379999999998,2/16/2024 12:00:00 AM,13:23:31.6945011
9244,UTA Session 2,practice,2,B,E,0,3117.756,11.1300000000001,2/16/2024 12:00:00 AM,13:27:02.6257760
9244,UTA Session 2,practice,3,C,A,0,3151.119,13.1399999999999,2/16/2024 12:00:00 AM,13:27:38.0036017
9244,UTA Session 2,practice,4,A,C,0,3170.168,18.3739999999998,2/16/2024 12:00:00 AM,13:28:02.2784117
9244,UTA Session 2,trial,1,B,B,1,3240.723,12.0660000000003,2/16/2024 12:00:00 AM,13:29:06.5269491
9244,UTA Session 2,trial,2,B,B,1,3256.744,18.0219999999999,2/16/2024 12:00:00 AM,13:29:28.5136521
9244,UTA Session 2,trial,3,C,B,0,3277.894,14.2530000000002,2/16/2024 12:00:00 AM,13:29:45.8866683
9244,UTA Session 2,trial,4,A,A,1,3298.144,11.817,2/16/2024 12:00:00 AM,13:30:03.7084773
9244,UTA Session 2,trial,5,B,D,0,3313.091,10.8960000000002,2/16/2024 12:00:00 AM,13:30:17.7353494
9244,UTA Session 2,trial,6,D,A,0,3327.952,16.5189999999998,2/16/2024 12:00:00 AM,13:30:38.2147268
9244,UTA Session 2,trial,7,B,B,1,3347.781,13.0140000000001,2/16/2024 12:00:00 AM,13:30:54.5295541
9244,UTA Session 2,trial,8,D,C,0,3364.005,8.54700000000003,2/16/2024 12:00:00 AM,13:31:06.2974347
9244,UTA Session 2,trial,9,C,B,0,3375.558,14.0190000000002,2/16/2024 12:00:00 AM,13:31:23.3214335
9244,UTA Session 2,trial,10,C,D,0,3393.125,7.96599999999989,2/16/2024 12:00:00 AM,13:31:34.8300581
9244,UTA Session 2,trial,11,B,B,1,3404.17,6.70800000000008,2/16/2024 12:00:00 AM,13:31:44.6128607
9244,UTA Session 2,trial,12,E,B,0,3414.056,15.98,2/16/2024 12:00:00 AM,13:32:03.7747022
9244,UTA Session 2,trial,13,B,C,0,3433.887,12.1989999999996,2/16/2024 12:00:00 AM,13:32:19.8289997
9244,UTA Session 2,trial,14,A,A,1,3449.319,9.27399999999989,2/16/2024 12:00:00 AM,13:32:32.3324491
9244,UTA Session 2,trial,15,E,E,1,3461.666,10.2929999999997,2/16/2024 12:00:00 AM,13:32:45.7077822
9244,UTA Session 2,trial,16,B,C,0,3474.843,8.029,2/16/2024 12:00:00 AM,13:32:56.6167371
9244,UTA Session 2,trial,17,A,A,1,3485.888,8.88000000000011,2/16/2024 12:00:00 AM,13:33:08.5094116
9244,UTA Session 2,trial,18,D,D,1,3497.701,9.07499999999982,2/16/2024 12:00:00 AM,13:33:20.5246631
9244,UTA Session 2,trial,19,E,E,1,3509.639,9.29700000000003,2/16/2024 12:00:00 AM,13:33:32.6705363
9244,UTA Session 2,trial,20,D,D,1,3521.754,11.7110000000002,2/16/2024 12:00:00 AM,13:33:47.2075523
9244,UTA Session 2,trial,21,A,B,0,3536.536,11.6300000000001,2/16/2024 12:00:00 AM,13:34:01.9079014
9244,UTA Session 2,trial,22,A,A,1,3551.213,7.0649999999996,2/16/2024 12:00:00 AM,13:34:12.0229922
9244,UTA Session 2,trial,23,D,D,1,3561.198,6.97499999999991,2/16/2024 12:00:00 AM,13:34:21.9169954
9244,UTA Session 2,trial,24,D,E,0,3571.86,8.61999999999989,2/16/2024 12:00:00 AM,13:34:34.2274958
9244,UTA Session 2,trial,25,E,E,1,3587.02,10.136,2/16/2024 12:00:00 AM,13:34:50.8963797
9244,UTA Session 2,trial,26,D,D,1,3600.026,8.28400000000011,2/16/2024 12:00:00 AM,13:35:02.0514063
9244,UTA Session 2,trial,27,E,E,1,3611.272,18.5750000000003,2/16/2024 12:00:00 AM,13:35:23.5856683
9244,UTA Session 2,trial,28,C,B,0,3632.591,12.2539999999999,2/16/2024 12:00:00 AM,13:35:38.5828505
9244,UTA Session 2,trial,29,C,A,0,3647.996,8.82099999999991,2/16/2024 12:00:00 AM,13:35:50.5557541
9244,UTA Session 2,trial,30,D,D,1,3660.293,13.2909999999997,2/16/2024 12:00:00 AM,13:36:07.3364326
9244,UTA Session 2,trial,31,C,C,1,3676.501,7.18399999999974,2/16/2024 12:00:00 AM,13:36:17.4382545
9244,UTA Session 2,trial,32,E,E,1,3686.563,5.596,2/16/2024 12:00:00 AM,13:36:25.9047938
9245,UTA Session 2,practice,1,B,A,0,2511.214,10.4650000000001,2/16/2024 12:00:00 AM,15:58:53.6408394
9245,UTA Session 2,practice,2,B,E,0,2529.851,7.43199999999979,2/16/2024 12:00:00 AM,15:59:09.2449510
9245,UTA Session 2,practice,3,C,E,0,2538.137,0.786999999999807,2/16/2024 12:00:00 AM,15:59:10.8793891
9245,UTA Session 2,practice,4,A,A,1,2543.387,3.99499999999989,2/16/2024 12:00:00 AM,15:59:19.3449436
9245,UTA Session 2,trial,1,B,C,0,2559.379,5.98500000000013,2/16/2024 12:00:00 AM,15:59:37.3303338
9245,UTA Session 2,trial,2,B,A,0,2568.095,4.38400000000001,2/16/2024 12:00:00 AM,15:59:44.4434518
9245,UTA Session 2,trial,3,C,C,1,2575.436,7.41399999999976,2/16/2024 12:00:00 AM,15:59:54.8126069
9245,UTA Session 2,trial,4,A,D,0,2585.751,7.88299999999981,2/16/2024 12:00:00 AM,16:00:05.6037037
9245,UTA Session 2,trial,5,B,B,1,2596.575,8.25900000000001,2/16/2024 12:00:00 AM,16:00:16.8040219
9245,UTA Session 2,trial,6,D,D,1,2608.339,9.14400000000023,2/16/2024 12:00:00 AM,16:00:29.4495726
9245,UTA Session 2,trial,7,B,E,0,2620.731,14.9479999999999,2/16/2024 12:00:00 AM,16:00:47.6418113
9245,UTA Session 2,trial,8,D,D,1,2638.688,14.9519999999998,2/16/2024 12:00:00 AM,16:01:05.6031954
9245,UTA Session 2,trial,9,C,D,0,2656.367,5.279,2/16/2024 12:00:00 AM,16:01:13.6156909
9245,UTA Session 2,trial,10,C,A,0,2664.334,8.625,2/16/2024 12:00:00 AM,16:01:24.9278792
9245,UTA Session 2,trial,11,B,D,0,2676.178,8.37400000000025,2/16/2024 12:00:00 AM,16:01:36.5184249
9245,UTA Session 2,trial,12,E,D,0,2696.309,8.63499999999976,2/16/2024 12:00:00 AM,16:01:56.9037061
9245,UTA Session 2,trial,13,B,D,0,2707.774,3.45800000000008,2/16/2024 12:00:00 AM,16:02:03.2004505
9245,UTA Session 2,trial,14,A,A,1,2714.058,3.34299999999985,2/16/2024 12:00:00 AM,16:02:09.3589563
9245,UTA Session 2,trial,15,E,B,0,2728.398,4.13400000000001,2/16/2024 12:00:00 AM,16:02:24.5004641
9245,UTA Session 2,trial,16,B,B,1,2774.703,2.19000000000005,2/16/2024 12:00:00 AM,16:03:08.8581791
9245,UTA Session 2,trial,17,A,C,0,2780.418,1.46900000000005,2/16/2024 12:00:00 AM,16:03:13.8519788
9245,UTA Session 2,trial,18,D,C,0,2795.785,5.21399999999994,2/16/2024 12:00:00 AM,16:03:32.9728738
9245,UTA Session 2,trial,19,E,C,0,2808.345,12.9680000000003,2/16/2024 12:00:00 AM,16:03:53.2833299
9245,UTA Session 2,trial,20,D,A,0,2827.283,6.45699999999988,2/16/2024 12:00:00 AM,16:04:05.7111526
9245,UTA Session 2,trial,21,A,A,1,2844.296,6.64900000000034,2/16/2024 12:00:00 AM,16:04:22.9146811
9245,UTA Session 2,trial,22,A,A,1,2854.301,6.35300000000007,2/16/2024 12:00:00 AM,16:04:32.6208425
9245,UTA Session 2,trial,23,D,D,1,2874.402,5.91600000000017,2/16/2024 12:00:00 AM,16:04:52.2799124
9245,UTA Session 2,trial,24,D,D,1,2886.9,4.77700000000004,2/16/2024 12:00:00 AM,16:05:03.6535348
9245,UTA Session 2,trial,25,E,B,0,2900.021,0.455999999999676,2/16/2024 12:00:00 AM,16:05:12.4519118
9245,UTA Session 2,trial,26,D,D,1,2903.727,0.548999999999978,2/16/2024 12:00:00 AM,16:05:16.2530097
9245,UTA Session 2,trial,27,E,C,0,2909.211,0.570000000000164,2/16/2024 12:00:00 AM,16:05:21.7504145
9245,UTA Session 2,trial,28,C,B,0,2913.451,0.989999999999782,2/16/2024 12:00:00 AM,16:05:26.4158880
9245,UTA Session 2,trial,29,C,E,0,2917.407,4.26999999999998,2/16/2024 12:00:00 AM,16:05:33.6410223
9245,UTA Session 2,trial,30,D,A,0,2925.765,4.57400000000007,2/16/2024 12:00:00 AM,16:05:42.3115476
9245,UTA Session 2,trial,31,C,D,0,2933.51,5.7189999999996,2/16/2024 12:00:00 AM,16:05:51.2040616
9245,UTA Session 2,trial,32,E,B,0,2942.292,3.33300000000008,2/16/2024 12:00:00 AM,16:05:57.5963883
9245,UTA Session 2,trial,33,A,D,0,2954.971,4.47200000000021,2/16/2024 12:00:00 AM,16:06:11.4107029
9245,UTA Session 2,trial,34,E,A,0,2962.388,8.52300000000014,2/16/2024 12:00:00 AM,16:06:22.8804316
9245,UTA Session 2,trial,35,C,E,0,2975.774,5.34099999999989,2/16/2024 12:00:00 AM,16:06:33.0918026
9246,UTA Session 2,practice,1,B,D,0,3363.233,62.5169999999998,2/16/2024 12:00:00 AM,16:16:51.7569042
9246,UTA Session 2,practice,2,B,E,0,3489.234,18.1959999999999,2/16/2024 12:00:00 AM,16:18:13.4342209
9246,UTA Session 2,practice,3,C,E,0,3511.378,11.8240000000001,2/16/2024 12:00:00 AM,16:18:29.2138552
9246,UTA Session 2,practice,4,A,B,0,3526.143,14.2910000000002,2/16/2024 12:00:00 AM,16:18:46.4366427
9246,UTA Session 2,trial,1,B,B,1,3553.193,12.7749999999996,2/16/2024 12:00:00 AM,16:19:11.9768147
9246,UTA Session 2,trial,2,B,E,0,3569.577,14.5819999999999,2/16/2024 12:00:00 AM,16:19:30.1701621
9246,UTA Session 2,trial,3,C,A,0,3587.46,13.1950000000002,2/16/2024 12:00:00 AM,16:19:46.6631553
9246,UTA Session 2,trial,4,A,E,0,3604.481,25.9629999999997,2/16/2024 12:00:00 AM,16:20:16.4517652
9246,UTA Session 2,trial,5,B,A,0,3633.896,11.4019999999996,2/16/2024 12:00:00 AM,16:20:31.3056126
9246,UTA Session 2,trial,6,D,D,1,3649.521,12.4649999999997,2/16/2024 12:00:00 AM,16:20:47.9947094
9246,UTA Session 2,trial,7,B,D,0,3665.267,6.125,2/16/2024 12:00:00 AM,16:20:57.3923802
9246,UTA Session 2,trial,8,D,B,0,3674.543,14.6859999999997,2/16/2024 12:00:00 AM,16:21:15.2298359
9246,UTA Session 2,trial,9,C,B,0,3692.285,18.7220000000002,2/16/2024 12:00:00 AM,16:21:37.0162326
9246,UTA Session 2,trial,10,C,A,0,3713.989,28.6700000000001,2/16/2024 12:00:00 AM,16:22:08.6696523
9246,UTA Session 2,trial,11,B,B,1,3745.786,33.1709999999998,2/16/2024 12:00:00 AM,16:22:44.9628374
9246,UTA Session 2,trial,12,E,A,0,3783.068,4.3449999999998,2/16/2024 12:00:00 AM,16:22:53.4189242
9246,UTA Session 2,trial,13,B,B,1,3791.544,18.0810000000001,2/16/2024 12:00:00 AM,16:23:15.6359662
9246,UTA Session 2,trial,14,A,E,0,3812.623,7.29199999999992,2/16/2024 12:00:00 AM,16:23:25.9267045
9246,UTA Session 2,trial,15,E,A,0,3822.713,7.53800000000001,2/16/2024 12:00:00 AM,16:23:36.2553182
9246,UTA Session 2,trial,16,B,C,0,3833.666,6.52799999999979,2/16/2024 12:00:00 AM,16:23:46.1968771
9246,UTA Session 2,trial,17,A,A,1,3843.096,12.4090000000001,2/16/2024 12:00:00 AM,16:24:01.5087613
9246,UTA Session 2,trial,18,D,D,1,3858.577,9.05399999999963,2/16/2024 12:00:00 AM,16:24:13.6422053
9246,UTA Session 2,trial,19,E,B,0,3870.349,7.02099999999973,2/16/2024 12:00:00 AM,16:24:23.3678749
9246,UTA Session 2,trial,20,D,C,0,3880.362,21.4780000000001,2/16/2024 12:00:00 AM,16:24:47.8425598
9246,UTA Session 2,trial,21,A,A,1,3904.676,7.07600000000002,2/16/2024 12:00:00 AM,16:24:57.7609054
9246,UTA Session 2,trial,22,A,B,0,3915.193,10.6999999999998,2/16/2024 12:00:00 AM,16:25:11.9022547
9246,UTA Session 2,trial,23,D,D,1,3928.892,5.49900000000025,2/16/2024 12:00:00 AM,16:25:20.3990626
9246,UTA Session 2,trial,24,D,D,1,3937.236,13.8009999999999,2/16/2024 12:00:00 AM,16:25:37.0401670
9246,UTA Session 2,trial,25,E,A,0,3954.052,4.37099999999964,2/16/2024 12:00:00 AM,16:25:44.4310912
9246,UTA Session 2,trial,26,D,B,0,3961.234,3.9670000000001,2/16/2024 12:00:00 AM,16:25:51.2030219
9246,UTA Session 2,trial,27,E,E,1,3968.526,12.3330000000001,2/16/2024 12:00:00 AM,16:26:06.8688855
9246,UTA Session 2,trial,28,C,C,1,3983.753,5.66799999999967,2/16/2024 12:00:00 AM,16:26:15.4192177
9246,UTA Session 2,trial,29,C,B,0,3992.271,3.875,2/16/2024 12:00:00 AM,16:26:22.1449943
9246,UTA Session 2,trial,30,D,D,1,3998.981,2.03999999999996,2/16/2024 12:00:00 AM,16:26:27.0330521
9221,UTA Session 2,practice,1,B,E,0,2509.802,35.0749999999998,2/22/2024 12:00:00 AM,10:12:18.6594691
9221,UTA Session 2,practice,2,B,A,0,2556.097,4.75999999999976,2/22/2024 12:00:00 AM,10:12:34.6326624
9221,UTA Session 2,practice,3,C,D,0,2562.802,3.60300000000007,2/22/2024 12:00:00 AM,10:12:40.1799986
9221,UTA Session 2,practice,4,A,D,0,2567.484,7.45800000000008,2/22/2024 12:00:00 AM,10:12:48.7289238
9221,UTA Session 2,trial,1,B,B,1,2681.293,1.23099999999977,2/22/2024 12:00:00 AM,10:14:36.3073184
9221,UTA Session 2,trial,2,B,B,1,2686.012,57.6859999999997,2/22/2024 12:00:00 AM,10:15:37.4758515
9221,UTA Session 2,trial,3,C,C,1,2747.416,0.897999999999683,2/22/2024 12:00:00 AM,10:15:42.0944476
9221,UTA Session 2,trial,4,A,D,0,2752.724,0.93100000000004,2/22/2024 12:00:00 AM,10:15:47.4342796
9221,UTA Session 2,trial,5,B,B,1,2756.573,1.28200000000015,2/22/2024 12:00:00 AM,10:15:51.6308162
9221,UTA Session 2,trial,6,D,D,1,2762.233,0.169999999999618,2/22/2024 12:00:00 AM,10:15:56.1925865
9221,UTA Session 2,trial,7,B,A,0,2766.696,1.69300000000021,2/22/2024 12:00:00 AM,10:16:02.1664575
9221,UTA Session 2,trial,8,D,C,0,2775.658,4.17000000000007,2/22/2024 12:00:00 AM,10:16:13.6071172
9221,UTA Session 2,trial,9,C,D,0,2783.01,2.28699999999981,2/22/2024 12:00:00 AM,10:16:19.0799392
9221,UTA Session 2,trial,10,C,C,1,2810.941,0.864000000000033,2/22/2024 12:00:00 AM,10:16:45.5906450
9221,UTA Session 2,trial,11,B,E,0,2815.089,1.32700000000023,2/22/2024 12:00:00 AM,10:16:50.1927593
9221,UTA Session 2,trial,12,E,E,1,2818.922,1.50799999999981,2/22/2024 12:00:00 AM,10:16:54.2180165
9221,UTA Session 2,trial,13,B,B,1,2822.896,1.72699999999986,2/22/2024 12:00:00 AM,10:16:58.4103083
9221,UTA Session 2,trial,14,A,A,1,2829.304,1.45600000000013,2/22/2024 12:00:00 AM,10:17:04.5411276
9221,UTA Session 2,trial,15,E,C,0,2834.347,1.86099999999988,2/22/2024 12:00:00 AM,10:17:09.9875413
9221,UTA Session 2,trial,16,B,D,0,2839.96,0.563000000000102,2/22/2024 12:00:00 AM,10:17:14.3118246
9221,UTA Session 2,trial,17,A,B,0,2843.371,0.960999999999785,2/22/2024 12:00:00 AM,10:17:18.1146518
9221,UTA Session 2,trial,18,D,A,0,2847.329,0.436999999999898,2/22/2024 12:00:00 AM,10:17:21.5542385
9221,UTA Session 2,trial,19,E,A,0,2850.987,0.936999999999898,2/22/2024 12:00:00 AM,10:17:25.7016701
9221,UTA Session 2,trial,20,D,D,1,2854.994,0.632000000000062,2/22/2024 12:00:00 AM,10:17:29.4098165
9221,UTA Session 2,trial,21,A,B,0,2860.448,0.79300000000012,2/22/2024 12:00:00 AM,10:17:35.0196703
9221,UTA Session 2,trial,22,A,E,0,2864.769,1.779,2/22/2024 12:00:00 AM,10:17:40.3327495
9221,UTA Session 2,trial,23,D,B,0,2870.571,2.0920000000001,2/22/2024 12:00:00 AM,10:17:46.4452066
9221,UTA Session 2,trial,24,D,C,0,2876.337,0.757000000000062,2/22/2024 12:00:00 AM,10:17:50.8767803
9221,UTA Session 2,trial,25,E,B,0,2906.688,2.11599999999999,2/22/2024 12:00:00 AM,10:18:22.5806925
9221,UTA Session 2,trial,26,D,E,0,2912.016,1.26400000000012,2/22/2024 12:00:00 AM,10:18:27.0580581
9221,UTA Session 2,trial,27,E,A,0,2916.274,0.686000000000149,2/22/2024 12:00:00 AM,10:18:30.7359124
9221,UTA Session 2,trial,28,C,C,1,2920.141,0.331000000000131,2/22/2024 12:00:00 AM,10:18:34.2536060
9221,UTA Session 2,trial,29,C,B,0,2923.404,0.434000000000196,2/22/2024 12:00:00 AM,10:18:37.6249733
9221,UTA Session 2,trial,30,D,A,0,2926.679,0.967000000000098,2/22/2024 12:00:00 AM,10:18:41.4317933
9221,UTA Session 2,trial,31,C,A,0,2930.96,1.53200000000015,2/22/2024 12:00:00 AM,10:18:46.2692328
9221,UTA Session 2,trial,32,E,E,1,2935.72,0.768000000000029,2/22/2024 12:00:00 AM,10:18:50.2744493
9221,UTA Session 2,trial,33,A,E,0,2939.129,1.20900000000029,2/22/2024 12:00:00 AM,10:18:54.1251890
9221,UTA Session 2,trial,34,E,D,0,2944.255,24.7809999999999,2/22/2024 12:00:00 AM,10:19:22.8151315
9221,UTA Session 2,trial,35,C,A,0,2971.904,3.74800000000005,2/22/2024 12:00:00 AM,10:19:29.4305601
9247,UTA Session 2,practice,1,B,E,0,2376.503,24.8739999999998,3/25/2024 12:00:00 AM,09:59:53.7403275
9247,UTA Session 2,practice,2,B,B,1,2431.048,10.4650000000001,3/25/2024 12:00:00 AM,10:00:33.8845211
9247,UTA Session 2,practice,3,C,B,0,2443.421,4.8090000000002,3/25/2024 12:00:00 AM,10:00:40.5922756
9247,UTA Session 2,practice,4,A,E,0,2451.261,4.58500000000004,3/25/2024 12:00:00 AM,10:00:48.2074269
9247,UTA Session 2,trial,1,B,A,0,2475.556,10.5129999999999,3/25/2024 12:00:00 AM,10:01:18.4409026
9247,UTA Session 2,trial,2,B,C,0,2489.522,6.79600000000028,3/25/2024 12:00:00 AM,10:01:28.6795074
9247,UTA Session 2,trial,3,C,A,0,2499.573,7.83200000000033,3/25/2024 12:00:00 AM,10:01:39.7703648
9247,UTA Session 2,trial,4,A,E,0,2510.759,4.01400000000012,3/25/2024 12:00:00 AM,10:01:47.1359146
9247,UTA Session 2,trial,5,B,A,0,2518.08,6.80000000000018,3/25/2024 12:00:00 AM,10:01:57.2505704
9247,UTA Session 2,trial,6,D,B,0,2529.008,2.54800000000023,3/25/2024 12:00:00 AM,10:02:03.9274847
9247,UTA Session 2,trial,7,B,E,0,2534.901,5.13400000000001,3/25/2024 12:00:00 AM,10:02:12.4107161
9247,UTA Session 2,trial,8,D,C,0,2543.761,2.39800000000014,3/25/2024 12:00:00 AM,10:02:18.5203227
9247,UTA Session 2,trial,9,C,A,0,2549.668,3.49299999999994,3/25/2024 12:00:00 AM,10:02:25.5269081
9247,UTA Session 2,trial,10,C,B,0,2556.377,2.34900000000016,3/25/2024 12:00:00 AM,10:02:31.0891856
9247,UTA Session 2,trial,11,B,A,0,2562.064,2.51999999999998,3/25/2024 12:00:00 AM,10:02:36.9516212
9247,UTA Session 2,trial,12,E,C,0,2568.163,2.35899999999992,3/25/2024 12:00:00 AM,10:02:42.8889346
9247,UTA Session 2,trial,13,B,C,0,2573.613,2.89900000000034,3/25/2024 12:00:00 AM,10:02:48.8754840
9247,UTA Session 2,trial,14,A,D,0,2579.571,2.05999999999995,3/25/2024 12:00:00 AM,10:02:54.0008865
9247,UTA Session 2,trial,15,E,D,0,2584.691,1.78900000000021,3/25/2024 12:00:00 AM,10:02:58.8390318
9247,UTA Session 2,trial,16,B,C,0,2589.843,6.49299999999994,3/25/2024 12:00:00 AM,10:03:08.7051393
9247,UTA Session 2,trial,17,A,C,0,2602.256,21.0410000000002,3/25/2024 12:00:00 AM,10:03:35.6662235
9247,UTA Session 2,trial,18,D,D,1,2626.612,2.33199999999988,3/25/2024 12:00:00 AM,10:03:41.3095703
9247,UTA Session 2,trial,19,E,A,0,2634.747,2.93100000000004,3/25/2024 12:00:00 AM,10:03:50.0527789
9247,UTA Session 2,trial,20,D,B,0,2641.987,2.52999999999975,3/25/2024 12:00:00 AM,10:03:56.8863602
9247,UTA Session 2,trial,21,A,B,0,2647.93,16.1500000000001,3/25/2024 12:00:00 AM,10:04:16.4439374
9247,UTA Session 2,trial,22,A,C,0,2667.604,2.92500000000018,3/25/2024 12:00:00 AM,10:04:22.8973551
9247,UTA Session 2,trial,23,D,D,1,2673.785,9.64499999999998,3/25/2024 12:00:00 AM,10:04:35.8015593
9247,UTA Session 2,trial,24,D,D,1,2686.747,5.04899999999998,3/25/2024 12:00:00 AM,10:04:44.1603354
9247,UTA Session 2,trial,25,E,A,0,2695.129,3.11500000000024,3/25/2024 12:00:00 AM,10:04:50.6030043
9247,UTA Session 2,trial,26,D,C,0,2702.13,4.88999999999987,3/25/2024 12:00:00 AM,10:04:59.3893559
9247,UTA Session 2,trial,27,E,B,0,2710.429,2.18599999999969,3/25/2024 12:00:00 AM,10:05:04.9822903
9247,UTA Session 2,trial,28,C,C,1,2715.739,1.91699999999992,3/25/2024 12:00:00 AM,10:05:10.0236997
9247,UTA Session 2,trial,29,C,B,0,2721.142,3.19600000000037,3/25/2024 12:00:00 AM,10:05:16.7083498
9247,UTA Session 2,trial,30,D,C,0,2727.911,5.82299999999987,3/25/2024 12:00:00 AM,10:05:26.0927924
9247,UTA Session 2,trial,31,C,E,0,2736.773,4.28600000000006,3/25/2024 12:00:00 AM,10:05:33.4285599
9247,UTA Session 2,trial,32,E,C,0,2744.374,2.28400000000011,3/25/2024 12:00:00 AM,10:05:39.0224159
9247,UTA Session 2,trial,33,A,B,0,2750.052,1.79700000000003,3/25/2024 12:00:00 AM,10:05:44.2087748
9247,UTA Session 2,trial,34,E,C,0,2754.635,0.8149999999996,3/25/2024 12:00:00 AM,10:05:47.8071577
9247,UTA Session 2,trial,35,C,C,1,2759.601,4.40000000000009,3/25/2024 12:00:00 AM,10:05:56.3707687
9251,UTA Session 2,practice,1,B,D,0,2082.95,20.652,3/25/2024 12:00:00 AM,13:04:42.2873482
9251,UTA Session 2,practice,2,B,E,0,2129.611,13.9570000000003,3/25/2024 12:00:00 AM,13:05:22.2542390
9251,UTA Session 2,practice,3,C,C,1,2147.22,5.67800000000034,3/25/2024 12:00:00 AM,13:05:31.5884963
9251,UTA Session 2,practice,4,A,E,0,2154.099,5.08099999999968,3/25/2024 12:00:00 AM,13:05:37.8718439
9251,UTA Session 2,trial,1,B,D,0,2171.972,7.95799999999963,3/25/2024 12:00:00 AM,13:05:58.6174317
9251,UTA Session 2,trial,2,B,A,0,2183.184,3.12199999999984,3/25/2024 12:00:00 AM,13:06:04.9912050
9251,UTA Session 2,trial,3,C,A,0,2191.951,5.90099999999984,3/25/2024 12:00:00 AM,13:06:16.5357186
9251,UTA Session 2,trial,4,A,A,1,2200.94,8.78999999999996,3/25/2024 12:00:00 AM,13:06:28.4165979
9251,UTA Session 2,trial,5,B,B,1,2212.777,4.9409999999998,3/25/2024 12:00:00 AM,13:06:36.3992752
9251,UTA Session 2,trial,6,D,D,1,2220.709,2.98600000000033,3/25/2024 12:00:00 AM,13:06:42.3848555
9251,UTA Session 2,trial,7,B,C,0,2226.414,3.60699999999997,3/25/2024 12:00:00 AM,13:06:48.7035280
9251,UTA Session 2,trial,8,D,C,0,2237.495,4.34900000000016,3/25/2024 12:00:00 AM,13:07:00.5231543
9251,UTA Session 2,trial,9,C,C,1,2245.075,6.95100000000002,3/25/2024 12:00:00 AM,13:07:10.7091816
9251,UTA Session 2,trial,10,C,A,0,2254.753,1.904,3/25/2024 12:00:00 AM,13:07:15.3461389
9251,UTA Session 2,trial,11,B,B,1,2259.656,3.83399999999983,3/25/2024 12:00:00 AM,13:07:22.1824723
9251,UTA Session 2,trial,12,E,A,0,2266.354,3.34700000000021,3/25/2024 12:00:00 AM,13:07:28.3905749
9251,UTA Session 2,trial,13,B,B,1,2273.204,7.14799999999968,3/25/2024 12:00:00 AM,13:07:39.0322649
9251,UTA Session 2,trial,14,A,A,1,2283.183,4.94399999999996,3/25/2024 12:00:00 AM,13:07:46.8138047
9251,UTA Session 2,trial,15,E,E,1,2291.077,5.17699999999968,3/25/2024 12:00:00 AM,13:07:54.9389452
9251,UTA Session 2,trial,16,B,A,0,2299.076,4.27799999999979,3/25/2024 12:00:00 AM,13:08:02.0396441
9251,UTA Session 2,trial,17,A,A,1,2306.43,8.89200000000028,3/25/2024 12:00:00 AM,13:08:14.0145257
9251,UTA Session 2,trial,18,D,B,0,2318.182,7.45200000000023,3/25/2024 12:00:00 AM,13:08:24.3215456
9251,UTA Session 2,trial,19,E,D,0,2329.644,5.40100000000029,3/25/2024 12:00:00 AM,13:08:33.7364971
9251,UTA Session 2,trial,20,D,C,0,2339.95,5.54600000000028,3/25/2024 12:00:00 AM,13:08:44.1878413
9251,UTA Session 2,trial,21,A,A,1,2348.434,4.79499999999962,3/25/2024 12:00:00 AM,13:08:51.9200274
9251,UTA Session 2,trial,22,A,B,0,2356.44,4.404,3/25/2024 12:00:00 AM,13:08:59.5307017
9251,UTA Session 2,trial,23,D,E,0,2364.029,4.35300000000007,3/25/2024 12:00:00 AM,13:09:07.0737086
9251,UTA Session 2,trial,24,D,D,1,2371.117,3.98299999999972,3/25/2024 12:00:00 AM,13:09:13.7823506
9251,UTA Session 2,trial,25,E,A,0,2377.797,10.4479999999999,3/25/2024 12:00:00 AM,13:09:26.9346331
9251,UTA Session 2,trial,26,D,C,0,2391.263,3.0010000000002,3/25/2024 12:00:00 AM,13:09:32.9535695
9251,UTA Session 2,trial,27,E,A,0,2397.169,3.13100000000031,3/25/2024 12:00:00 AM,13:09:38.9873925
9251,UTA Session 2,trial,28,C,C,1,2403.285,5.36400000000003,3/25/2024 12:00:00 AM,13:09:47.3300787
9251,UTA Session 2,trial,29,C,B,0,2411.487,5.49099999999999,3/25/2024 12:00:00 AM,13:09:55.6661531
9251,UTA Session 2,trial,30,D,D,1,2419.909,6.04799999999977,3/25/2024 12:00:00 AM,13:10:04.6480127
9251,UTA Session 2,trial,31,C,D,0,2428.708,6.03499999999985,3/25/2024 12:00:00 AM,13:10:13.4322997
9251,UTA Session 2,trial,32,E,A,0,2437.444,2.42900000000009,3/25/2024 12:00:00 AM,13:10:18.5517508
9251,UTA Session 2,trial,33,A,A,1,2442.661,4.92599999999993,3/25/2024 12:00:00 AM,13:10:26.2716662
9251,UTA Session 2,trial,34,E,B,0,2450.462,4.14300000000003,3/25/2024 12:00:00 AM,13:10:33.2963317
9251,UTA Session 2,trial,35,C,B,0,2457.513,10.6620000000003,3/25/2024 12:00:00 AM,13:10:46.8599263
9249,UTA Session 2,practice,1,B,D,0,3007.634,29.4580000000001,3/25/2024 12:00:00 AM,13:19:53.1517108
9249,UTA Session 2,practice,2,B,A,0,3151.615,8.33800000000019,3/25/2024 12:00:00 AM,13:21:56.0147898
9249,UTA Session 2,practice,3,C,C,1,3166.029,12.0279999999998,3/25/2024 12:00:00 AM,13:22:14.1072023
9249,UTA Session 2,practice,4,A,A,1,3181.251,8.93499999999995,3/25/2024 12:00:00 AM,13:22:26.2388284
9249,UTA Session 2,trial,1,B,B,1,3217.989,9.95699999999988,3/25/2024 12:00:00 AM,13:23:04.0013939
9249,UTA Session 2,trial,2,B,C,0,3231.461,6.27400000000034,3/25/2024 12:00:00 AM,13:23:13.7945369
9249,UTA Session 2,trial,3,C,A,0,3245.937,10.6289999999999,3/25/2024 12:00:00 AM,13:23:32.6273564
9249,UTA Session 2,trial,4,A,A,1,3262.065,18.7640000000001,3/25/2024 12:00:00 AM,13:23:56.8850150
9249,UTA Session 2,trial,5,B,D,0,3284.281,10.5320000000002,3/25/2024 12:00:00 AM,13:24:10.8691283
9249,UTA Session 2,trial,6,D,B,0,3298.601,17.6759999999999,3/25/2024 12:00:00 AM,13:24:32.3351556
9249,UTA Session 2,trial,7,B,C,0,3319.324,8.20899999999983,3/25/2024 12:00:00 AM,13:24:43.5938129
9249,UTA Session 2,trial,8,D,A,0,3330.813,11.6579999999999,3/25/2024 12:00:00 AM,13:24:58.5331346
9249,UTA Session 2,trial,9,C,C,1,3347.109,21.4900000000002,3/25/2024 12:00:00 AM,13:25:24.6590127
9249,UTA Session 2,trial,10,C,C,1,3371.676,7.36099999999988,3/25/2024 12:00:00 AM,13:25:35.0965712
9249,UTA Session 2,trial,11,B,E,0,3382.007,8.83799999999974,3/25/2024 12:00:00 AM,13:25:46.8997628
9249,UTA Session 2,trial,12,E,A,0,3394.998,5.31500000000005,3/25/2024 12:00:00 AM,13:25:56.3709207
9249,UTA Session 2,trial,13,B,D,0,3403.486,13.3740000000003,3/25/2024 12:00:00 AM,13:26:12.9212931
9249,UTA Session 2,trial,14,A,A,1,3421.025,6.85300000000007,3/25/2024 12:00:00 AM,13:26:23.9377153
9249,UTA Session 2,trial,15,E,E,1,3431.032,9.16899999999987,3/25/2024 12:00:00 AM,13:26:36.2550072
9249,UTA Session 2,trial,16,B,D,0,3443.117,7.80499999999984,3/25/2024 12:00:00 AM,13:26:46.9846892
9249,UTA Session 2,trial,17,A,A,1,3453.831,13.779,3/25/2024 12:00:00 AM,13:27:03.6738623
9249,UTA Session 2,trial,18,D,D,1,3470.878,8.63799999999992,3/25/2024 12:00:00 AM,13:27:15.5801141
9249,UTA Session 2,trial,19,E,E,1,3482.302,10.6349999999998,3/25/2024 12:00:00 AM,13:27:29.0010787
9249,UTA Session 2,trial,20,D,B,0,3496.052,10.3289999999997,3/25/2024 12:00:00 AM,13:27:42.4336735
9249,UTA Session 2,trial,21,A,E,0,3509.402,15.078,3/25/2024 12:00:00 AM,13:28:00.5439117
9249,UTA Session 2,trial,22,A,A,1,3529.369,9.16399999999976,3/25/2024 12:00:00 AM,13:28:14.5947408
9249,UTA Session 2,trial,23,D,D,1,3541.739,13.2370000000001,3/25/2024 12:00:00 AM,13:28:31.0415050
9249,UTA Session 2,trial,24,D,E,0,3557.962,11.7579999999998,3/25/2024 12:00:00 AM,13:28:45.7826528
9249,UTA Session 2,trial,25,E,D,0,3576.444,5.84099999999989,3/25/2024 12:00:00 AM,13:28:58.3392547
9249,UTA Session 2,trial,26,D,A,0,3585.089,11.585,3/25/2024 12:00:00 AM,13:29:12.7258928
9249,UTA Session 2,trial,27,E,C,0,3599.66,3.84700000000021,3/25/2024 12:00:00 AM,13:29:19.5713426
9249,UTA Session 2,trial,28,C,C,1,3606.601,3.42499999999973,3/25/2024 12:00:00 AM,13:29:26.0874966
9249,UTA Session 2,trial,29,C,A,0,3612.974,11.998,3/25/2024 12:00:00 AM,13:29:41.0344155
9249,UTA Session 2,trial,30,D,A,0,3627.983,5.93499999999995,3/25/2024 12:00:00 AM,13:29:49.9700982
9249,UTA Session 2,trial,31,C,C,1,3636.857,9.92500000000018,3/25/2024 12:00:00 AM,13:30:02.8471014
9249,UTA Session 2,trial,32,E,D,0,3650.02,23.6239999999998,3/25/2024 12:00:00 AM,13:30:29.7119481
9253,UTA Session 2,practice,1,B,A,0,1611.448,41.4469999999999,3/25/2024 12:00:00 AM,16:10:42.0614497
9253,UTA Session 2,practice,2,B,A,0,1663.435,11.8410000000001,3/25/2024 12:00:00 AM,16:11:04.4320380
9253,UTA Session 2,practice,3,C,C,1,1678.898,2.49300000000017,3/25/2024 12:00:00 AM,16:11:10.5440347
9253,UTA Session 2,practice,4,A,A,1,1683.742,2.19000000000005,3/25/2024 12:00:00 AM,16:11:15.0881752
9253,UTA Session 2,trial,1,B,B,1,1698.396,7.73000000000002,3/25/2024 12:00:00 AM,16:11:35.2796758
9253,UTA Session 2,trial,2,B,A,0,1709.177,3.23500000000013,3/25/2024 12:00:00 AM,16:11:41.5767362
9253,UTA Session 2,trial,3,C,C,1,1716.092,3.51299999999992,3/25/2024 12:00:00 AM,16:11:48.7578169
9253,UTA Session 2,trial,4,A,D,0,1722.501,3.04899999999998,3/25/2024 12:00:00 AM,16:11:54.7141522
9253,UTA Session 2,trial,5,B,D,0,1728.475,12.9440000000002,3/25/2024 12:00:00 AM,16:12:10.5792866
9253,UTA Session 2,trial,6,D,B,0,1744.166,0.495000000000118,3/25/2024 12:00:00 AM,16:12:13.8174771
9253,UTA Session 2,trial,7,B,D,0,1747.653,1.71900000000005,3/25/2024 12:00:00 AM,16:12:18.5301392
9253,UTA Session 2,trial,8,D,C,0,1753.564,5.89199999999983,3/25/2024 12:00:00 AM,16:12:28.6187711
9253,UTA Session 2,trial,9,C,A,0,1762.391,5.45799999999986,3/25/2024 12:00:00 AM,16:12:37.0085869
9253,UTA Session 2,trial,10,C,C,1,1771.71,7.39200000000005,3/25/2024 12:00:00 AM,16:12:48.2562365
9253,UTA Session 2,trial,11,B,C,0,1782.345,8.65300000000002,3/25/2024 12:00:00 AM,16:13:00.1545279
9253,UTA Session 2,trial,12,E,B,0,1794.735,5.60300000000007,3/25/2024 12:00:00 AM,16:13:09.4892551
9253,UTA Session 2,trial,13,B,E,0,1805.558,5.23900000000003,3/25/2024 12:00:00 AM,16:13:19.9529983
9253,UTA Session 2,trial,14,A,C,0,1813.884,6.75999999999999,3/25/2024 12:00:00 AM,16:13:29.8035387
9253,UTA Session 2,trial,15,E,D,0,1823.786,7.24599999999987,3/25/2024 12:00:00 AM,16:13:40.1930797
9253,UTA Session 2,trial,16,B,A,0,1835.822,9.09800000000018,3/25/2024 12:00:00 AM,16:13:54.0744078
9253,UTA Session 2,trial,17,A,C,0,1847.819,3.64400000000001,3/25/2024 12:00:00 AM,16:14:00.6292114
9253,UTA Session 2,trial,18,D,B,0,1855.542,6.48500000000013,3/25/2024 12:00:00 AM,16:14:11.1901842
9253,UTA Session 2,trial,19,E,C,0,1865.041,3.88300000000004,3/25/2024 12:00:00 AM,16:14:18.0889266
9253,UTA Session 2,trial,20,D,C,0,1872.053,7.80899999999997,3/25/2024 12:00:00 AM,16:14:29.0181589
9253,UTA Session 2,trial,21,A,A,1,1882.682,6.93100000000004,3/25/2024 12:00:00 AM,16:14:38.7735453
9253,UTA Session 2,trial,22,A,B,0,1893.132,8.82500000000005,3/25/2024 12:00:00 AM,16:14:51.1129176
9253,UTA Session 2,trial,23,D,A,0,1906.535,3.98899999999981,3/25/2024 12:00:00 AM,16:14:59.6868335
9253,UTA Session 2,trial,24,D,C,0,1913.775,1.41699999999992,3/25/2024 12:00:00 AM,16:15:04.3517827
9253,UTA Session 2,trial,25,E,B,0,1918.409,1.87199999999984,3/25/2024 12:00:00 AM,16:15:09.4402072
9253,UTA Session 2,trial,26,D,D,1,1923.185,0.72400000000016,3/25/2024 12:00:00 AM,16:15:13.0710803
9253,UTA Session 2,trial,27,E,C,0,1926.849,1.84000000000015,3/25/2024 12:00:00 AM,16:15:17.8507702
9253,UTA Session 2,trial,28,C,E,0,1931.737,2.51499999999987,3/25/2024 12:00:00 AM,16:15:23.4132900
9253,UTA Session 2,trial,29,C,D,0,1937.228,2.40899999999988,3/25/2024 12:00:00 AM,16:15:28.7889140
9253,UTA Session 2,trial,30,D,D,1,1942.566,6.31299999999987,3/25/2024 12:00:00 AM,16:15:38.0324790
9253,UTA Session 2,trial,31,C,B,0,1951.904,4.73900000000003,3/25/2024 12:00:00 AM,16:15:45.7939929
9253,UTA Session 2,trial,32,E,C,0,1959.632,6.69699999999989,3/25/2024 12:00:00 AM,16:15:55.4857567
9253,UTA Session 2,trial,33,A,D,0,1969.058,0.651000000000067,3/25/2024 12:00:00 AM,16:15:58.8645413
9253,UTA Session 2,trial,34,E,A,0,1974.307,5.58400000000006,3/25/2024 12:00:00 AM,16:16:09.0504449
9253,UTA Session 2,trial,35,C,C,1,1984.113,1.43200000000002,3/25/2024 12:00:00 AM,16:16:14.7045938
9255,UTA Session 2,practice,1,B,B,1,3085.032,60.0509999999999,3/26/2024 12:00:00 AM,10:15:46.3015299
9255,UTA Session 2,practice,2,B,B,1,3158.514,2.36099999999988,3/26/2024 12:00:00 AM,10:16:02.0855726
9255,UTA Session 2,practice,3,C,A,0,3162.646,3.346,3/26/2024 12:00:00 AM,10:16:07.2048386
9255,UTA Session 2,practice,4,A,D,0,3171.867,4.98599999999988,3/26/2024 12:00:00 AM,10:16:18.0661236
9255,UTA Session 2,trial,1,B,D,0,3220.743,4.85899999999992,3/26/2024 12:00:00 AM,10:17:06.8182858
9255,UTA Session 2,trial,2,B,C,0,3229.22,6.01300000000037,3/26/2024 12:00:00 AM,10:17:16.4488031
9255,UTA Session 2,trial,3,C,D,0,3239.344,9.14899999999989,3/26/2024 12:00:00 AM,10:17:29.7093960
9255,UTA Session 2,trial,4,A,A,1,3251.82,2.47699999999986,3/26/2024 12:00:00 AM,10:17:35.5051769
9255,UTA Session 2,trial,5,B,A,0,3257.9,9.97699999999986,3/26/2024 12:00:00 AM,10:17:49.0969348
9255,UTA Session 2,trial,6,D,D,1,3271.711,15.0340000000001,3/26/2024 12:00:00 AM,10:18:07.9531804
9255,UTA Session 2,trial,7,B,C,0,3289.75,6.17299999999977,3/26/2024 12:00:00 AM,10:18:17.1440297
9255,UTA Session 2,trial,8,D,E,0,3298.892,5.05100000000039,3/26/2024 12:00:00 AM,10:18:25.1541578
9255,UTA Session 2,trial,9,C,D,0,3307.016,2.63699999999972,3/26/2024 12:00:00 AM,10:18:30.8601998
9255,UTA Session 2,trial,10,C,E,0,3318.443,5.76399999999967,3/26/2024 12:00:00 AM,10:18:45.4147259
9255,UTA Session 2,trial,11,B,E,0,3331.293,5.43899999999985,3/26/2024 12:00:00 AM,10:18:57.9482547
9255,UTA Session 2,trial,12,E,E,1,3339.589,6.62199999999984,3/26/2024 12:00:00 AM,10:19:07.4199245
9255,UTA Session 2,trial,13,B,A,0,3349.285,3.14400000000023,3/26/2024 12:00:00 AM,10:19:13.6436091
9255,UTA Session 2,trial,14,A,C,0,3355.786,1.93100000000004,3/26/2024 12:00:00 AM,10:19:18.9369797
9255,UTA Session 2,trial,15,E,C,0,3362.413,5.4380000000001,3/26/2024 12:00:00 AM,10:19:29.0719595
9255,UTA Session 2,trial,16,B,E,0,3370.915,5.05400000000009,3/26/2024 12:00:00 AM,10:19:37.1763571
9255,UTA Session 2,trial,17,A,A,1,3379.082,10.2200000000003,3/26/2024 12:00:00 AM,10:19:50.5182375
9255,UTA Session 2,trial,18,D,C,0,3392.836,2.52400000000034,3/26/2024 12:00:00 AM,10:19:56.5674143
9255,UTA Session 2,trial,19,E,D,0,3398.753,5.17200000000003,3/26/2024 12:00:00 AM,10:20:05.1446723
9255,UTA Session 2,trial,20,D,B,0,3406.925,6.59199999999964,3/26/2024 12:00:00 AM,10:20:14.7248346
9255,UTA Session 2,trial,21,A,A,1,3417.181,1.39800000000014,3/26/2024 12:00:00 AM,10:20:19.7986650
9255,UTA Session 2,trial,22,A,C,0,3423.228,2.24499999999989,3/26/2024 12:00:00 AM,10:20:26.6932183
9255,UTA Session 2,trial,23,D,B,0,3429.027,7.875,3/26/2024 12:00:00 AM,10:20:38.1164111
9255,UTA Session 2,trial,24,D,B,0,3440.478,3.22699999999986,3/26/2024 12:00:00 AM,10:20:44.9180519
9255,UTA Session 2,trial,25,E,B,0,3448.164,4.86599999999999,3/26/2024 12:00:00 AM,10:20:54.2364292
9255,UTA Session 2,trial,26,D,A,0,3455.941,6.48800000000028,3/26/2024 12:00:00 AM,10:21:03.6481702
9255,UTA Session 2,trial,27,E,C,0,3465.556,4.69900000000007,3/26/2024 12:00:00 AM,10:21:11.4686029
9255,UTA Session 2,trial,28,C,E,0,3473.404,6.20499999999993,3/26/2024 12:00:00 AM,10:21:20.8236721
9255,UTA Session 2,trial,29,C,E,0,3482.605,5.10699999999997,3/26/2024 12:00:00 AM,10:21:28.9319499
9255,UTA Session 2,trial,30,D,B,0,3490.815,6.56399999999985,3/26/2024 12:00:00 AM,10:21:38.5966068
9255,UTA Session 2,trial,31,C,B,0,3502.562,2.29899999999998,3/26/2024 12:00:00 AM,10:21:46.0750849
9255,UTA Session 2,trial,32,E,A,0,3508.325,1.875,3/26/2024 12:00:00 AM,10:21:51.4132252
9255,UTA Session 2,trial,33,A,D,0,3515.083,5.154,3/26/2024 12:00:00 AM,10:22:01.4516639
9255,UTA Session 2,trial,34,E,D,0,3523.611,39.038,3/26/2024 12:00:00 AM,10:22:43.8698957
9255,UTA Session 2,trial,35,C,A,0,3571.056,12.1059999999998,3/26/2024 12:00:00 AM,10:23:04.3711076
9254,UTA Session 2,practice,1,B,A,0,3371.474,24.0949999999998,3/26/2024 12:00:00 AM,10:21:47.5614927
9254,UTA Session 2,practice,2,B,B,1,3445.489,19.8780000000002,3/26/2024 12:00:00 AM,10:22:57.3546355
9254,UTA Session 2,practice,3,C,A,0,3467.127,10.3229999999999,3/26/2024 12:00:00 AM,10:23:09.4464772
9254,UTA Session 2,practice,4,A,C,0,3481.128,28.6419999999998,3/26/2024 12:00:00 AM,10:23:41.7667192
9254,UTA Session 2,trial,1,B,E,0,3531.798,26.0640000000003,3/26/2024 12:00:00 AM,10:24:29.8567657
9254,UTA Session 2,trial,2,B,C,0,3561.428,16.3679999999999,3/26/2024 12:00:00 AM,10:24:49.7906355
9254,UTA Session 2,trial,3,C,B,0,3581.698,15.779,3/26/2024 12:00:00 AM,10:25:09.4642291
9254,UTA Session 2,trial,4,A,A,1,3600.719,10.4870000000001,3/26/2024 12:00:00 AM,10:25:23.1918189
9254,UTA Session 2,trial,5,B,C,0,3614.401,28.5650000000001,3/26/2024 12:00:00 AM,10:25:54.9576451
9254,UTA Session 2,trial,6,D,D,1,3646.041,23.2860000000001,3/26/2024 12:00:00 AM,10:26:21.3208098
9254,UTA Session 2,trial,7,B,D,0,3672.219,14.9539999999997,3/26/2024 12:00:00 AM,10:26:39.1662229
9254,UTA Session 2,trial,8,D,D,1,3690.046,19.5350000000003,3/26/2024 12:00:00 AM,10:27:01.5653509
9254,UTA Session 2,trial,9,C,A,0,3712.46,14.4940000000001,3/26/2024 12:00:00 AM,10:27:18.9408405
9254,UTA Session 2,trial,10,C,A,0,3730.237,12.0219999999999,3/26/2024 12:00:00 AM,10:27:34.2479962
9254,UTA Session 2,trial,11,B,D,0,3745.291,8.25699999999961,3/26/2024 12:00:00 AM,10:27:45.5330038
9254,UTA Session 2,trial,12,E,A,0,3759.701,16.6399999999999,3/26/2024 12:00:00 AM,10:28:08.3272753
9254,UTA Session 2,trial,13,B,C,0,3781.831,9.01600000000008,3/26/2024 12:00:00 AM,10:28:22.8342134
9254,UTA Session 2,trial,14,A,A,1,3797.335,10.1300000000001,3/26/2024 12:00:00 AM,10:28:39.4472128
9254,UTA Session 2,trial,15,E,D,0,3810.454,33.0789999999997,3/26/2024 12:00:00 AM,10:29:15.5286717
9254,UTA Session 2,trial,16,B,C,0,3846.521,20.4499999999998,3/26/2024 12:00:00 AM,10:29:38.9514154
9254,UTA Session 2,trial,17,A,E,0,3870.714,24.9569999999999,3/26/2024 12:00:00 AM,10:30:07.6629526
9254,UTA Session 2,trial,18,D,D,1,3898.885,13.5219999999999,3/26/2024 12:00:00 AM,10:30:24.4008495
9254,UTA Session 2,trial,19,E,E,1,3915.41,17.165,3/26/2024 12:00:00 AM,10:30:44.5667580
9254,UTA Session 2,trial,20,D,C,0,3935.451,10.8899999999999,3/26/2024 12:00:00 AM,10:30:58.3350871
9254,UTA Session 2,trial,21,A,A,1,3953.701,14.433,3/26/2024 12:00:00 AM,10:31:20.1297739
9254,UTA Session 2,trial,22,A,A,1,3971.093,12.268,3/26/2024 12:00:00 AM,10:31:35.3487710
9257,UTA Session 2,practice,1,B,B,1,2357.062,24.1559999999999,3/26/2024 12:00:00 AM,12:58:26.3670156
9257,UTA Session 2,practice,2,B,A,0,2481.455,8.25700000000006,3/26/2024 12:00:00 AM,13:00:14.8632687
9257,UTA Session 2,practice,3,C,C,1,2494.598,9.96399999999994,3/26/2024 12:00:00 AM,13:00:29.7160667
9257,UTA Session 2,practice,4,A,A,1,2508.706,11.846,3/26/2024 12:00:00 AM,13:00:45.6988548
9257,UTA Session 2,trial,1,B,A,0,2554.239,11.4229999999998,3/26/2024 12:00:00 AM,13:01:30.8172527
9257,UTA Session 2,trial,2,B,E,0,2568.959,13.9470000000001,3/26/2024 12:00:00 AM,13:01:48.0571931
9257,UTA Session 2,trial,3,C,B,0,2586.576,10.6300000000001,3/26/2024 12:00:00 AM,13:02:02.3555786
9257,UTA Session 2,trial,4,A,B,0,2600.934,18.9389999999999,3/26/2024 12:00:00 AM,13:02:25.0231069
9257,UTA Session 2,trial,5,B,B,1,2623.073,13.6710000000003,3/26/2024 12:00:00 AM,13:02:41.8991652
9257,UTA Session 2,trial,6,D,E,0,2640.105,17.2869999999998,3/26/2024 12:00:00 AM,13:03:02.5432285
9257,UTA Session 2,trial,7,B,B,1,2660.373,20.5790000000002,3/26/2024 12:00:00 AM,13:03:26.1051058
9257,UTA Session 2,trial,8,D,D,1,2684.37,15.6440000000002,3/26/2024 12:00:00 AM,13:03:45.1637905
9257,UTA Session 2,trial,9,C,C,1,2703.526,14.174,3/26/2024 12:00:00 AM,13:04:02.8539086
9257,UTA Session 2,trial,10,C,C,1,2720.995,12.4749999999999,3/26/2024 12:00:00 AM,13:04:18.6292082
9257,UTA Session 2,trial,11,B,B,1,2736.646,11.3689999999997,3/26/2024 12:00:00 AM,13:04:33.1614574
9257,UTA Session 2,trial,12,E,B,0,2751.727,9.31600000000026,3/26/2024 12:00:00 AM,13:04:46.1893978
9257,UTA Session 2,trial,13,B,B,1,2764.597,19.2139999999999,3/26/2024 12:00:00 AM,13:05:08.9661116
9257,UTA Session 2,trial,14,A,A,1,2787.154,6.07400000000007,3/26/2024 12:00:00 AM,13:05:18.3796031
9257,UTA Session 2,trial,15,E,A,0,2796.483,12.1439999999998,3/26/2024 12:00:00 AM,13:05:33.7871703
9257,UTA Session 2,trial,16,B,A,0,2811.944,8.15000000000009,3/26/2024 12:00:00 AM,13:05:45.2548418
9257,UTA Session 2,trial,17,A,A,1,2823.367,12.1079999999997,3/26/2024 12:00:00 AM,13:06:00.6352325
9257,UTA Session 2,trial,18,D,D,1,2838.602,7.20200000000023,3/26/2024 12:00:00 AM,13:06:10.9559116
9257,UTA Session 2,trial,19,E,E,1,2848.956,8.38099999999986,3/26/2024 12:00:00 AM,13:06:22.4886498
9257,UTA Session 2,trial,20,D,B,0,2860.504,10.8380000000002,3/26/2024 12:00:00 AM,13:06:36.4909174
9257,UTA Session 2,trial,21,A,C,0,2874.489,19.8229999999999,3/26/2024 12:00:00 AM,13:06:59.4733301
9257,UTA Session 2,trial,22,A,A,1,2897.285,9.42300000000023,3/26/2024 12:00:00 AM,13:07:11.8544607
9257,UTA Session 2,trial,23,D,A,0,2910.078,7.09999999999991,3/26/2024 12:00:00 AM,13:07:22.3348382
9257,UTA Session 2,trial,24,D,D,1,2920.679,7.48999999999978,3/26/2024 12:00:00 AM,13:07:33.3198065
9257,UTA Session 2,trial,25,E,D,0,2931.911,14.7640000000001,3/26/2024 12:00:00 AM,13:07:51.8316329
9257,UTA Session 2,trial,26,D,B,0,2950.522,8.41899999999987,3/26/2024 12:00:00 AM,13:08:04.0984219
9257,UTA Session 2,trial,27,E,C,0,2962.966,11.723,3/26/2024 12:00:00 AM,13:08:19.8386672
9257,UTA Session 2,trial,28,C,B,0,2977.726,5.89300000000003,3/26/2024 12:00:00 AM,13:08:28.7801160
9257,UTA Session 2,trial,29,C,A,0,2987.026,5.49299999999994,3/26/2024 12:00:00 AM,13:08:37.6676631
9257,UTA Session 2,trial,30,D,B,0,2996.251,11.4979999999996,3/26/2024 12:00:00 AM,13:08:52.8960652
9256,UTA Session 2,practice,1,B,B,1,2562.924,49.1680000000001,3/26/2024 12:00:00 AM,13:09:01.1368707
9256,UTA Session 2,practice,2,B,E,0,2707.72,22.8980000000001,3/26/2024 12:00:00 AM,13:10:59.6548339
9256,UTA Session 2,practice,3,C,C,1,2739.319,6.53200000000015,3/26/2024 12:00:00 AM,13:11:14.8912595
9256,UTA Session 2,practice,4,A,A,1,2747.241,8.26200000000017,3/26/2024 12:00:00 AM,13:11:24.5408299
9256,UTA Session 2,trial,1,B,B,1,2782.673,11.3280000000004,3/26/2024 12:00:00 AM,13:12:03.0395811
9256,UTA Session 2,trial,2,B,B,1,2797.396,7.47199999999975,3/26/2024 12:00:00 AM,13:12:13.8969364
9256,UTA Session 2,trial,3,C,A,0,2807.955,8.63599999999997,3/26/2024 12:00:00 AM,13:12:25.6236099
9256,UTA Session 2,trial,4,A,A,1,2819.963,7.64999999999964,3/26/2024 12:00:00 AM,13:12:36.6418772
9256,UTA Session 2,trial,5,B,C,0,2831.091,10.9680000000003,3/26/2024 12:00:00 AM,13:12:51.0983509
9256,UTA Session 2,trial,6,D,E,0,2845.08,18.9850000000001,3/26/2024 12:00:00 AM,13:13:13.0991984
9256,UTA Session 2,trial,7,B,C,0,2867.203,8.4699999999998,3/26/2024 12:00:00 AM,13:13:24.7003119
9256,UTA Session 2,trial,8,D,A,0,2879.403,12.0450000000001,3/26/2024 12:00:00 AM,13:13:40.4791209
9256,UTA Session 2,trial,9,C,D,0,2894.711,13.2190000000001,3/26/2024 12:00:00 AM,13:13:56.9633063
9256,UTA Session 2,trial,10,C,C,1,2910.863,12.808,3/26/2024 12:00:00 AM,13:14:12.7109111
9256,UTA Session 2,trial,11,B,B,1,2926.783,8.375,3/26/2024 12:00:00 AM,13:14:24.1925035
9256,UTA Session 2,trial,12,E,E,1,2938.107,12.866,3/26/2024 12:00:00 AM,13:14:40.0019809
9256,UTA Session 2,trial,13,B,C,0,2953.858,9.51599999999962,3/26/2024 12:00:00 AM,13:14:52.4088632
9256,UTA Session 2,trial,14,A,A,1,2967.003,9.4989999999998,3/26/2024 12:00:00 AM,13:15:05.5363065
9256,UTA Session 2,trial,15,E,D,0,2979.796,16.3970000000004,3/26/2024 12:00:00 AM,13:15:25.2253888
9256,UTA Session 2,trial,16,B,A,0,2999.408,13.0860000000002,3/26/2024 12:00:00 AM,13:15:41.5274089
9256,UTA Session 2,trial,17,A,A,1,3015.865,8.74900000000025,3/26/2024 12:00:00 AM,13:15:53.6559437
9256,UTA Session 2,trial,18,D,D,1,3027.808,7.19000000000005,3/26/2024 12:00:00 AM,13:16:04.0290195
9256,UTA Session 2,trial,19,E,C,0,3037.936,8.88299999999981,3/26/2024 12:00:00 AM,13:16:15.8600150
9256,UTA Session 2,trial,20,D,C,0,3049.904,10.1819999999998,3/26/2024 12:00:00 AM,13:16:29.1246803
9256,UTA Session 2,trial,21,A,B,0,3063.369,12.7109999999998,3/26/2024 12:00:00 AM,13:16:45.1089656
9256,UTA Session 2,trial,22,A,A,1,3079.386,4.26499999999987,3/26/2024 12:00:00 AM,13:16:52.6787425
9256,UTA Session 2,trial,23,D,D,1,3086.925,12.0349999999999,3/26/2024 12:00:00 AM,13:17:07.9996198
9256,UTA Session 2,trial,24,D,D,1,3102.172,8.59999999999991,3/26/2024 12:00:00 AM,13:17:19.8112475
9256,UTA Session 2,trial,25,E,D,0,3113.715,16.5919999999996,3/26/2024 12:00:00 AM,13:17:39.3367663
9256,UTA Session 2,trial,26,D,B,0,3134.369,4.01699999999983,3/26/2024 12:00:00 AM,13:17:47.4280201
9256,UTA Session 2,trial,27,E,E,1,3141.552,8.9699999999998,3/26/2024 12:00:00 AM,13:17:59.5607601
9256,UTA Session 2,trial,28,C,B,0,3153.524,5.15200000000004,3/26/2024 12:00:00 AM,13:18:07.7125824
9256,UTA Session 2,trial,29,C,E,0,3161.818,9.73899999999958,3/26/2024 12:00:00 AM,13:18:20.5965181
9256,UTA Session 2,trial,30,D,D,1,3174.354,6.37800000000016,3/26/2024 12:00:00 AM,13:18:29.7725365
9256,UTA Session 2,trial,31,C,A,0,3183.611,8.70100000000002,3/26/2024 12:00:00 AM,13:18:41.3393387
9256,UTA Session 2,trial,32,E,E,1,3195.49,5.69200000000001,3/26/2024 12:00:00 AM,13:18:50.2195812
9256,UTA Session 2,trial,33,A,D,0,3203.902,9.96399999999994,3/26/2024 12:00:00 AM,13:19:02.8944322
9256,UTA Session 2,trial,34,E,E,1,3218.366,9.48900000000003,3/26/2024 12:00:00 AM,13:19:16.8906138
9256,UTA Session 2,trial,35,C,D,0,3230.634,5.20499999999993,3/26/2024 12:00:00 AM,13:19:24.8715540
9258,UTA Session 2,practice,1,B,B,1,2959.835,9.42799999999988,3/26/2024 12:00:00 AM,13:12:38.2919890
9258,UTA Session 2,practice,2,B,A,0,3026.748,15.567,3/26/2024 12:00:00 AM,13:13:51.3399103
9258,UTA Session 2,practice,3,C,C,1,3048.885,11.0119999999997,3/26/2024 12:00:00 AM,13:14:08.9228811
9258,UTA Session 2,practice,4,A,A,1,3061.584,7.66000000000031,3/26/2024 12:00:00 AM,13:14:18.2769474
9258,UTA Session 2,trial,1,B,B,1,3103.558,8.88299999999981,3/26/2024 12:00:00 AM,13:15:01.4710004
9258,UTA Session 2,trial,2,B,A,0,3116.145,21.2710000000002,3/26/2024 12:00:00 AM,13:15:26.4526542
9258,UTA Session 2,trial,3,C,A,0,3141.771,16.9779999999996,3/26/2024 12:00:00 AM,13:15:47.7839518
9258,UTA Session 2,trial,4,A,A,1,3169.309,13.5969999999998,3/26/2024 12:00:00 AM,13:16:11.9415768
9258,UTA Session 2,trial,5,B,E,0,3186.076,12.453,3/26/2024 12:00:00 AM,13:16:27.5621234
9258,UTA Session 2,trial,6,D,B,0,3201.589,24.0070000000001,3/26/2024 12:00:00 AM,13:16:54.6340439
9258,UTA Session 2,trial,7,B,D,0,3228.895,21.0210000000002,3/26/2024 12:00:00 AM,13:17:18.9483184
9258,UTA Session 2,trial,8,D,B,0,3253.593,14.6120000000001,3/26/2024 12:00:00 AM,13:17:37.2412494
9258,UTA Session 2,trial,9,C,C,1,3271.392,16.2060000000001,3/26/2024 12:00:00 AM,13:17:56.6264252
9258,UTA Session 2,trial,10,C,A,0,3290.497,7.33600000000024,3/26/2024 12:00:00 AM,13:18:06.8608555
9258,UTA Session 2,trial,11,B,B,1,3307.27,14.1610000000001,3/26/2024 12:00:00 AM,13:18:30.4710920
9258,UTA Session 2,trial,12,E,B,0,3324.282,6.26399999999967,3/26/2024 12:00:00 AM,13:18:39.5855391
9258,UTA Session 2,trial,13,B,D,0,3333.551,16.8940000000002,3/26/2024 12:00:00 AM,13:18:59.4861897
9258,UTA Session 2,trial,14,A,E,0,3353.342,13.5740000000001,3/26/2024 12:00:00 AM,13:19:15.9542549
9258,UTA Session 2,trial,15,E,A,0,3373.953,14.9290000000001,3/26/2024 12:00:00 AM,13:19:37.9231186
9258,UTA Session 2,trial,16,B,D,0,3398.791,48.7539999999999,3/26/2024 12:00:00 AM,13:20:36.5797153
9258,UTA Session 2,trial,17,A,D,0,3451.25,10.4009999999998,3/26/2024 12:00:00 AM,13:20:50.6904332
9258,UTA Session 2,trial,18,D,B,0,3464.702,18.6229999999996,3/26/2024 12:00:00 AM,13:21:12.3645046
9258,UTA Session 2,trial,19,E,C,0,3486.084,9.28900000000021,3/26/2024 12:00:00 AM,13:21:24.4107235
9258,UTA Session 2,trial,20,D,D,1,3498.503,5.53600000000006,3/26/2024 12:00:00 AM,13:21:33.0665188
9258,UTA Session 2,trial,21,A,A,1,3506.744,4.76899999999978,3/26/2024 12:00:00 AM,13:21:40.5438140
9258,UTA Session 2,trial,22,A,B,0,3514.358,5.74699999999984,3/26/2024 12:00:00 AM,13:21:49.1333016
9258,UTA Session 2,trial,23,D,A,0,3522.876,4.79099999999971,3/26/2024 12:00:00 AM,13:21:56.7009644
9258,UTA Session 2,trial,24,D,D,1,3530.533,4.24099999999999,3/26/2024 12:00:00 AM,13:22:03.8128857
9258,UTA Session 2,trial,25,E,C,0,3537.553,3.35500000000002,3/26/2024 12:00:00 AM,13:22:09.9394687
9258,UTA Session 2,trial,26,D,B,0,3543.823,6.04899999999998,3/26/2024 12:00:00 AM,13:22:18.9114058
9258,UTA Session 2,trial,27,E,B,0,3552.591,5.7829999999999,3/26/2024 12:00:00 AM,13:22:27.4084813
9259,UTA Session 2,practice,1,B,B,1,2612.567,14.9319999999998,3/26/2024 12:00:00 AM,16:04:19.1509309
9259,UTA Session 2,practice,2,B,B,1,2745.697,12.2149999999997,3/26/2024 12:00:00 AM,16:06:29.5511954
9259,UTA Session 2,practice,3,C,C,1,2760.039,14.3549999999996,3/26/2024 12:00:00 AM,16:06:46.0324758
9259,UTA Session 2,practice,4,A,A,1,2776.457,8.4369999999999,3/26/2024 12:00:00 AM,16:06:56.5440034
9259,UTA Session 2,trial,1,B,B,1,2797.095,7.00500000000011,3/26/2024 12:00:00 AM,16:07:15.7526343
9259,UTA Session 2,trial,2,B,B,1,2807.292,4.48399999999992,3/26/2024 12:00:00 AM,16:07:23.4146893
9259,UTA Session 2,trial,3,C,A,0,2814.767,9.62900000000036,3/26/2024 12:00:00 AM,16:07:36.0488382
9259,UTA Session 2,trial,4,A,B,0,2827.777,11.0969999999998,3/26/2024 12:00:00 AM,16:07:50.5166905
9259,UTA Session 2,trial,5,B,B,1,2844.383,7.39499999999998,3/26/2024 12:00:00 AM,16:08:03.4217849
9259,UTA Session 2,trial,6,D,D,1,2854.727,10.924,3/26/2024 12:00:00 AM,16:08:17.2991703
9259,UTA Session 2,trial,7,B,C,0,2868.683,36.1109999999999,3/26/2024 12:00:00 AM,16:08:56.4445152
9259,UTA Session 2,trial,8,D,D,1,2907.738,7.64400000000023,3/26/2024 12:00:00 AM,16:09:07.0196267
9259,UTA Session 2,trial,9,C,D,0,2918.228,12.8049999999998,3/26/2024 12:00:00 AM,16:09:22.6733452
9259,UTA Session 2,trial,10,C,C,1,2935.799,16.672,3/26/2024 12:00:00 AM,16:09:44.1187089
9259,UTA Session 2,trial,11,B,B,1,2955.83,8.95699999999988,3/26/2024 12:00:00 AM,16:09:56.4239335
9259,UTA Session 2,trial,12,E,A,0,2967.73,4.32099999999991,3/26/2024 12:00:00 AM,16:10:03.6996649
9259,UTA Session 2,trial,13,B,D,0,2975.837,6.68199999999979,3/26/2024 12:00:00 AM,16:10:14.1642550
9259,UTA Session 2,trial,14,A,A,1,2985.437,2.76400000000012,3/26/2024 12:00:00 AM,16:10:19.8521014
9259,UTA Session 2,trial,15,E,E,1,2991.775,9.69399999999996,3/26/2024 12:00:00 AM,16:10:33.1125483
9259,UTA Session 2,trial,16,B,B,1,3004.055,12.1060000000002,3/26/2024 12:00:00 AM,16:10:47.8049546
9259,UTA Session 2,trial,17,A,A,1,3019.17,6.05699999999979,3/26/2024 12:00:00 AM,16:10:56.8673567
9259,UTA Session 2,trial,18,D,A,0,3028.237,14.884,3/26/2024 12:00:00 AM,16:11:14.7600260
9259,UTA Session 2,trial,19,E,E,1,3046.223,5.82200000000012,3/26/2024 12:00:00 AM,16:11:23.6850894
9259,UTA Session 2,trial,20,D,D,1,3054.74,11.0490000000004,3/26/2024 12:00:00 AM,16:11:37.4271895
9259,UTA Session 2,trial,21,A,A,1,3068.607,8.5659999999998,3/26/2024 12:00:00 AM,16:11:48.8168871
9259,UTA Session 2,trial,22,A,B,0,3080.638,25.4000000000001,3/26/2024 12:00:00 AM,16:12:17.6878480
9259,UTA Session 2,trial,23,D,D,1,3109.03,4.88499999999976,3/26/2024 12:00:00 AM,16:12:25.5637127
9259,UTA Session 2,trial,24,D,E,0,3116.71,15.6900000000001,3/26/2024 12:00:00 AM,16:12:44.0401555
9259,UTA Session 2,trial,25,E,E,1,3135.172,11.0509999999999,3/26/2024 12:00:00 AM,16:12:57.8712630
9259,UTA Session 2,trial,26,D,D,1,3148.989,6.49600000000009,3/26/2024 12:00:00 AM,16:13:07.1273194
9259,UTA Session 2,trial,27,E,A,0,3158.342,8.91699999999992,3/26/2024 12:00:00 AM,16:13:18.9047049
9259,UTA Session 2,trial,28,C,C,1,3170.188,6.29199999999992,3/26/2024 12:00:00 AM,16:13:28.1249206
9259,UTA Session 2,trial,29,C,C,1,3179.366,7.1260000000002,3/26/2024 12:00:00 AM,16:13:38.1402520
9259,UTA Session 2,trial,30,D,D,1,3189.34,22.4049999999997,3/26/2024 12:00:00 AM,16:14:03.3899028
9259,UTA Session 2,trial,31,C,A,0,3214.57,8.15999999999985,3/26/2024 12:00:00 AM,16:14:14.3692350
9259,UTA Session 2,trial,32,E,B,0,3225.642,8.13599999999997,3/26/2024 12:00:00 AM,16:14:25.4244742
9259,UTA Session 2,trial,33,A,A,1,3236.698,9.01700000000028,3/26/2024 12:00:00 AM,16:14:37.3627670
9261,UTA Session 2,practice,1,B,A,0,2580.504,18.5660000000003,3/27/2024 12:00:00 AM,10:00:24.3169080
9261,UTA Session 2,practice,2,B,A,0,2650.036,11.8879999999999,3/27/2024 12:00:00 AM,10:01:27.1719878
9261,UTA Session 2,practice,3,C,C,1,2665.718,11.1100000000001,3/27/2024 12:00:00 AM,10:01:42.0673161
9261,UTA Session 2,practice,4,A,C,0,2678.768,8.34000000000015,3/27/2024 12:00:00 AM,10:01:52.3438189
9261,UTA Session 2,trial,1,B,D,0,2706.757,12.4049999999997,3/27/2024 12:00:00 AM,10:02:24.4048625
9261,UTA Session 2,trial,2,B,A,0,2723.195,8.50799999999981,3/27/2024 12:00:00 AM,10:02:36.9465387
9261,UTA Session 2,trial,3,C,A,0,2735.451,6.43199999999979,3/27/2024 12:00:00 AM,10:02:47.1228876
9261,UTA Session 2,trial,4,A,A,1,2746.273,4.3159999999998,3/27/2024 12:00:00 AM,10:02:55.8305339
9261,UTA Session 2,trial,5,B,A,0,2754.898,11.6959999999999,3/27/2024 12:00:00 AM,10:03:11.8375951
9261,UTA Session 2,trial,6,D,B,0,2770.786,28.21,3/27/2024 12:00:00 AM,10:03:44.2462431
9261,UTA Session 2,trial,7,B,C,0,2802.662,10.8850000000002,3/27/2024 12:00:00 AM,10:03:58.7963483
9261,UTA Session 2,trial,8,D,E,0,2818.276,7.48300000000017,3/27/2024 12:00:00 AM,10:04:11.0056603
9261,UTA Session 2,trial,9,C,C,1,2828.913,9.97699999999986,3/27/2024 12:00:00 AM,10:04:24.1277026
9261,UTA Session 2,trial,10,C,A,0,2842.15,12.5679999999998,3/27/2024 12:00:00 AM,10:04:39.9680081
9261,UTA Session 2,trial,11,B,B,1,2858.563,12.413,3/27/2024 12:00:00 AM,10:04:56.2123319
9261,UTA Session 2,trial,12,E,B,0,2875.284,8.75799999999981,3/27/2024 12:00:00 AM,10:05:09.2826007
9261,UTA Session 2,trial,13,B,E,0,2887.648,5.76199999999972,3/27/2024 12:00:00 AM,10:05:18.6610452
9261,UTA Session 2,trial,14,A,A,1,2896.59,7.08999999999969,3/27/2024 12:00:00 AM,10:05:28.9254803
9261,UTA Session 2,trial,15,E,E,1,2907.432,5.99600000000009,3/27/2024 12:00:00 AM,10:05:38.6646517
9261,UTA Session 2,trial,16,B,B,1,2916.715,10.2549999999997,3/27/2024 12:00:00 AM,10:05:52.2073547
9261,UTA Session 2,trial,17,A,B,0,2930.273,8.26399999999967,3/27/2024 12:00:00 AM,10:06:03.7867884
9261,UTA Session 2,trial,18,D,D,1,2942.417,11.491,3/27/2024 12:00:00 AM,10:06:19.1577775
9261,UTA Session 2,trial,19,E,C,0,2957.017,9.05400000000009,3/27/2024 12:00:00 AM,10:06:31.3185002
9261,UTA Session 2,trial,20,D,D,1,2969.569,9.78600000000006,3/27/2024 12:00:00 AM,10:06:44.5985486
9261,UTA Session 2,trial,21,A,A,1,2983.495,9.64800000000014,3/27/2024 12:00:00 AM,10:06:58.3842137
9261,UTA Session 2,trial,22,A,E,0,2996.638,4.19799999999987,3/27/2024 12:00:00 AM,10:07:06.0848777
9261,UTA Session 2,trial,23,D,D,1,3006.27,9.00500000000011,3/27/2024 12:00:00 AM,10:07:20.5245631
9261,UTA Session 2,trial,24,D,C,0,3018.73,9.95899999999983,3/27/2024 12:00:00 AM,10:07:33.9373603
9261,UTA Session 2,trial,25,E,C,0,3032.463,6.33999999999969,3/27/2024 12:00:00 AM,10:07:44.0595891
9261,UTA Session 2,trial,26,D,D,1,3041.949,7.41599999999971,3/27/2024 12:00:00 AM,10:07:54.6140442
9261,UTA Session 2,trial,27,E,C,0,3052.725,5.94900000000007,3/27/2024 12:00:00 AM,10:08:03.9183072
9261,UTA Session 2,trial,28,C,E,0,3062.436,14.2419999999997,3/27/2024 12:00:00 AM,10:08:21.9230645
9261,UTA Session 2,trial,29,C,A,0,3080.283,5.61500000000024,3/27/2024 12:00:00 AM,10:08:31.1456718
9261,UTA Session 2,trial,30,D,D,1,3089.805,5.85100000000011,3/27/2024 12:00:00 AM,10:08:40.9088904
9261,UTA Session 2,trial,31,C,D,0,3099.426,11.5439999999999,3/27/2024 12:00:00 AM,10:08:56.2246039
9261,UTA Session 2,trial,32,E,A,0,3114.128,12.174,3/27/2024 12:00:00 AM,10:09:11.5483502
9261,UTA Session 2,trial,33,A,B,0,3130.107,4.57600000000002,3/27/2024 12:00:00 AM,10:09:19.9372051
9261,UTA Session 2,trial,34,E,A,0,3139.663,4.50700000000006,3/27/2024 12:00:00 AM,10:09:29.4168075
9261,UTA Session 2,trial,35,C,D,0,3148.623,4.47199999999975,3/27/2024 12:00:00 AM,10:09:38.3422869
9262,UTA Session 2,practice,1,B,A,0,2099.881,6.67700000000013,3/27/2024 12:00:00 AM,13:11:56.4606449
9262,UTA Session 2,practice,2,B,A,0,2116.185,2.76800000000003,3/27/2024 12:00:00 AM,13:12:08.8543590
9262,UTA Session 2,practice,3,C,C,1,2120.321,1.19300000000021,3/27/2024 12:00:00 AM,13:12:11.4151337
9262,UTA Session 2,practice,4,A,D,0,2122.346,0.614000000000033,3/27/2024 12:00:00 AM,13:12:12.8605330
9262,UTA Session 2,trial,1,B,B,1,2142.164,14.6409999999996,3/27/2024 12:00:00 AM,13:12:46.7080087
9262,UTA Session 2,trial,2,B,A,0,2160.409,3.33500000000004,3/27/2024 12:00:00 AM,13:12:53.6459347
9262,UTA Session 2,trial,3,C,D,0,2166.986,2.17700000000013,3/27/2024 12:00:00 AM,13:12:59.0648620
9262,UTA Session 2,trial,4,A,A,1,2172.016,2.23199999999997,3/27/2024 12:00:00 AM,13:13:04.1497049
9262,UTA Session 2,trial,5,B,B,1,2177.506,1.67100000000028,3/27/2024 12:00:00 AM,13:13:09.0786078
9262,UTA Session 2,trial,6,D,C,0,2182.77,14.511,3/27/2024 12:00:00 AM,13:13:27.1830486
9262,UTA Session 2,trial,7,B,D,0,2200.777,0.576999999999771,3/27/2024 12:00:00 AM,13:13:31.2557263
9262,UTA Session 2,trial,8,D,E,0,2204.31,0.52599999999984,3/27/2024 12:00:00 AM,13:13:34.7369990
9262,UTA Session 2,trial,9,C,A,0,2207.558,0.581000000000131,3/27/2024 12:00:00 AM,13:13:38.0392860
9262,UTA Session 2,trial,10,C,B,0,2211.214,0.878000000000156,3/27/2024 12:00:00 AM,13:13:41.9921521
9262,UTA Session 2,trial,11,B,C,0,2215.141,0.692999999999756,3/27/2024 12:00:00 AM,13:13:45.7350330
9262,UTA Session 2,trial,12,E,B,0,2220.524,18.9010000000003,3/27/2024 12:00:00 AM,13:14:09.3263353
9262,UTA Session 2,trial,13,B,D,0,2242.437,1.40300000000025,3/27/2024 12:00:00 AM,13:14:13.7409337
9262,UTA Session 2,trial,14,A,A,1,2246.596,2.52399999999989,3/27/2024 12:00:00 AM,13:14:19.0211277
9262,UTA Session 2,trial,15,E,A,0,2252.605,3.9079999999999,3/27/2024 12:00:00 AM,13:14:26.4144187
9262,UTA Session 2,trial,16,B,C,0,2259.582,2.375,3/27/2024 12:00:00 AM,13:14:31.8571862
9262,UTA Session 2,trial,17,A,E,0,2264.762,29.2329999999997,3/27/2024 12:00:00 AM,13:15:03.8957482
9262,UTA Session 2,trial,18,D,D,1,2296.56,0.492000000000189,3/27/2024 12:00:00 AM,13:15:06.9535907
9262,UTA Session 2,trial,19,E,C,0,2299.668,0.572999999999865,3/27/2024 12:00:00 AM,13:15:10.1414339
9262,UTA Session 2,trial,20,D,A,0,2303.022,33.0419999999999,3/27/2024 12:00:00 AM,13:15:45.9639263
9262,UTA Session 2,trial,21,A,D,0,2339.114,0.521000000000186,3/27/2024 12:00:00 AM,13:15:49.5352027
9262,UTA Session 2,trial,22,A,B,0,2342.34,0.422999999999774,3/27/2024 12:00:00 AM,13:15:52.6633295
9262,UTA Session 2,trial,23,D,E,0,2345.779,0.394999999999982,3/27/2024 12:00:00 AM,13:15:56.0745112
9262,UTA Session 2,trial,24,D,B,0,2348.624,0.515000000000327,3/27/2024 12:00:00 AM,13:15:59.0389460
9262,UTA Session 2,trial,25,E,A,0,2352.272,2.25300000000016,3/27/2024 12:00:00 AM,13:16:04.4254353
9262,UTA Session 2,trial,26,D,D,1,2357.855,3.50999999999976,3/27/2024 12:00:00 AM,13:16:11.2654893
9262,UTA Session 2,trial,27,E,E,1,2364.129,2.48800000000028,3/27/2024 12:00:00 AM,13:16:16.5174664
9262,UTA Session 2,trial,28,C,B,0,2369.065,2.92999999999984,3/27/2024 12:00:00 AM,13:16:21.8949719
9262,UTA Session 2,trial,29,C,D,0,2375.113,0.64200000000028,3/27/2024 12:00:00 AM,13:16:25.6562010
9262,UTA Session 2,trial,30,D,D,1,2378.453,0.550999999999931,3/27/2024 12:00:00 AM,13:16:28.9041403
9262,UTA Session 2,trial,31,C,E,0,2381.741,0.652000000000044,3/27/2024 12:00:00 AM,13:16:32.2931239
9262,UTA Session 2,trial,32,E,C,0,2384.957,0.695999999999913,3/27/2024 12:00:00 AM,13:16:35.5530908
9262,UTA Session 2,trial,33,A,B,0,2388.446,0.593000000000302,3/27/2024 12:00:00 AM,13:16:38.9378671
9262,UTA Session 2,trial,34,E,D,0,2392.325,0.475000000000364,3/27/2024 12:00:00 AM,13:16:42.6996655
9262,UTA Session 2,trial,35,C,D,0,2395.354,3.096,3/27/2024 12:00:00 AM,13:16:48.3504571
9263,UTA Session 2,practice,1,B,A,0,2389.488,3.66300000000001,3/27/2024 12:00:00 AM,15:55:02.7488528
9263,UTA Session 2,practice,2,B,B,1,2417.857,11.8180000000002,3/27/2024 12:00:00 AM,15:55:39.2583270
9263,UTA Session 2,practice,3,C,B,0,2434.167,4.45600000000013,3/27/2024 12:00:00 AM,15:55:48.2061799
9263,UTA Session 2,practice,4,A,B,0,2440.936,4.03399999999965,3/27/2024 12:00:00 AM,15:55:54.5544173
9263,UTA Session 2,trial,1,B,A,0,2456.349,3.96199999999999,3/27/2024 12:00:00 AM,15:56:09.9065716
9263,UTA Session 2,trial,2,B,B,1,2467.79,6.40599999999995,3/27/2024 12:00:00 AM,15:56:23.7807385
9263,UTA Session 2,trial,3,C,B,0,2478.321,12.2950000000001,3/27/2024 12:00:00 AM,15:56:40.2084998
9263,UTA Session 2,trial,4,A,A,1,2497.606,8.16199999999981,3/27/2024 12:00:00 AM,15:56:55.3572089
9263,UTA Session 2,trial,5,B,D,0,2508.717,2.48799999999983,3/27/2024 12:00:00 AM,15:57:00.7928692
9263,UTA Session 2,trial,6,D,C,0,2514.154,2.79500000000007,3/27/2024 12:00:00 AM,15:57:06.5440869
9263,UTA Session 2,trial,7,B,A,0,2519.856,1.52999999999975,3/27/2024 12:00:00 AM,15:57:10.9752969
9263,UTA Session 2,trial,8,D,E,0,2524.469,3.38799999999992,3/27/2024 12:00:00 AM,15:57:17.4520736
9263,UTA Session 2,trial,9,C,A,0,2531.131,1.56600000000026,3/27/2024 12:00:00 AM,15:57:22.2790543
9263,UTA Session 2,trial,10,C,C,1,2535.546,4.19399999999996,3/27/2024 12:00:00 AM,15:57:29.3355926
9263,UTA Session 2,trial,11,B,D,0,2542.699,11.1100000000001,3/27/2024 12:00:00 AM,15:57:43.3972618
9263,UTA Session 2,trial,12,E,C,0,2556.545,5.71500000000015,3/27/2024 12:00:00 AM,15:57:51.8495651
9263,UTA Session 2,trial,13,B,D,0,2565.81,3.52300000000014,3/27/2024 12:00:00 AM,15:57:58.9228353
9263,UTA Session 2,trial,14,A,C,0,2572.209,7.43900000000031,3/27/2024 12:00:00 AM,15:58:09.2322800
9263,UTA Session 2,trial,15,E,A,0,2584.43,8.42000000000007,3/27/2024 12:00:00 AM,15:58:22.4406575
9263,UTA Session 2,trial,16,B,C,0,2598.528,4.19500000000016,3/27/2024 12:00:00 AM,15:58:32.3178429
9263,UTA Session 2,trial,17,A,C,0,2606.482,4.28400000000011,3/27/2024 12:00:00 AM,15:58:40.3480311
9263,UTA Session 2,trial,18,D,B,0,2613.804,1.66800000000012,3/27/2024 12:00:00 AM,15:58:45.0651899
9263,UTA Session 2,trial,19,E,C,0,2618.693,0.846000000000004,3/27/2024 12:00:00 AM,15:58:49.1206339
9263,UTA Session 2,trial,20,D,D,1,2625.939,10.643,3/27/2024 12:00:00 AM,15:59:06.1742948
9263,UTA Session 2,trial,21,A,A,1,2639.394,4.64900000000034,3/27/2024 12:00:00 AM,15:59:13.6383800
9263,UTA Session 2,trial,22,A,A,1,2647.032,5.17299999999977,3/27/2024 12:00:00 AM,15:59:21.7986959
9263,UTA Session 2,trial,23,D,B,0,2655.225,2.9670000000001,3/27/2024 12:00:00 AM,15:59:27.7752045
9263,UTA Session 2,trial,24,D,D,1,2661.119,12.5129999999999,3/27/2024 12:00:00 AM,15:59:43.2261006
9263,UTA Session 2,trial,25,E,A,0,2676.775,3.76999999999998,3/27/2024 12:00:00 AM,15:59:50.1396903
9263,UTA Session 2,trial,26,D,B,0,2684.269,4.71300000000019,3/27/2024 12:00:00 AM,15:59:58.5762873
9263,UTA Session 2,trial,27,E,B,0,2692.407,8.15999999999985,3/27/2024 12:00:00 AM,16:00:10.1535239
9263,UTA Session 2,trial,28,C,C,1,2703.752,5.13500000000022,3/27/2024 12:00:00 AM,16:00:18.4726525
9263,UTA Session 2,trial,29,C,D,0,2711.79,4.76499999999987,3/27/2024 12:00:00 AM,16:00:26.1478040
9263,UTA Session 2,trial,30,D,C,0,2719.192,4.26299999999992,3/27/2024 12:00:00 AM,16:00:33.0426372
9263,UTA Session 2,trial,31,C,E,0,2726.369,4.25499999999965,3/27/2024 12:00:00 AM,16:00:40.2061920
9263,UTA Session 2,trial,32,E,C,0,2733.337,10.7779999999998,3/27/2024 12:00:00 AM,16:00:53.7080035
9263,UTA Session 2,trial,33,A,A,1,2748.122,12.0040000000004,3/27/2024 12:00:00 AM,16:01:09.7131868
9263,UTA Session 2,trial,34,E,A,0,2763.197,3.51099999999997,3/27/2024 12:00:00 AM,16:01:16.2914020
9263,UTA Session 2,trial,35,C,C,1,2771.392,4.99900000000025,3/27/2024 12:00:00 AM,16:01:25.9800983
9264,UTA Session 2,practice,1,B,B,1,2820.045,5.86699999999973,3/27/2024 12:00:00 AM,16:28:19.3045418
9264,UTA Session 2,practice,2,B,B,1,2981.33,6.82700000000023,3/27/2024 12:00:00 AM,16:31:01.5463891
9264,UTA Session 2,practice,3,C,C,1,2990.377,5.74800000000005,3/27/2024 12:00:00 AM,16:31:09.5077445
9264,UTA Session 2,practice,4,A,A,1,2999.415,6.31800000000021,3/27/2024 12:00:00 AM,16:31:19.1175383
9264,UTA Session 2,trial,1,B,B,1,3035.157,8.23900000000003,3/27/2024 12:00:00 AM,16:31:56.7838569
9264,UTA Session 2,trial,2,B,A,0,3046.348,10.491,3/27/2024 12:00:00 AM,16:32:10.2253093
9264,UTA Session 2,trial,3,C,C,1,3060.015,8.27800000000025,3/27/2024 12:00:00 AM,16:32:21.6842836
9264,UTA Session 2,trial,4,A,A,1,3071.258,5.44900000000007,3/27/2024 12:00:00 AM,16:32:30.0989792
9264,UTA Session 2,trial,5,B,B,1,3079.766,6.61699999999973,3/27/2024 12:00:00 AM,16:32:39.7659445
9264,UTA Session 2,trial,6,D,D,1,3089.297,11.7930000000001,3/27/2024 12:00:00 AM,16:32:54.4717003
9264,UTA Session 2,trial,7,B,B,1,3104.186,12.2669999999998,3/27/2024 12:00:00 AM,16:33:09.8439678
9264,UTA Session 2,trial,8,D,D,1,3119.419,13.2860000000001,3/27/2024 12:00:00 AM,16:33:26.0992170
9264,UTA Session 2,trial,9,C,C,1,3135.769,6.92800000000034,3/27/2024 12:00:00 AM,16:33:36.0803248
9264,UTA Session 2,trial,10,C,A,0,3145.42,7.09099999999989,3/27/2024 12:00:00 AM,16:33:45.9034096
9264,UTA Session 2,trial,11,B,B,1,3155.668,9.91499999999996,3/27/2024 12:00:00 AM,16:33:58.9747831
9264,UTA Session 2,trial,12,E,C,0,3168.694,2.70600000000013,3/27/2024 12:00:00 AM,16:34:04.7893428
9264,UTA Session 2,trial,13,B,C,0,3176.414,10.1149999999998,3/27/2024 12:00:00 AM,16:34:19.9233920
9264,UTA Session 2,trial,14,A,A,1,3189.487,4.43899999999985,3/27/2024 12:00:00 AM,16:34:27.3097367
9264,UTA Session 2,trial,15,E,A,0,3198.633,5.62800000000016,3/27/2024 12:00:00 AM,16:34:37.6498636
9264,UTA Session 2,trial,16,B,B,1,3208.504,5.98599999999988,3/27/2024 12:00:00 AM,16:34:47.8849594
9264,UTA Session 2,trial,17,A,A,1,3217.478,5.86799999999994,3/27/2024 12:00:00 AM,16:34:56.7277648
9264,UTA Session 2,trial,18,D,D,1,3226.693,8.62699999999995,3/27/2024 12:00:00 AM,16:35:08.7038241
9264,UTA Session 2,trial,19,E,E,1,3238.239,9.76299999999992,3/27/2024 12:00:00 AM,16:35:21.3892549
9264,UTA Session 2,trial,20,D,D,1,3250.618,3.76999999999998,3/27/2024 12:00:00 AM,16:35:27.7835296
9264,UTA Session 2,trial,21,A,D,0,3256.982,4.52800000000025,3/27/2024 12:00:00 AM,16:35:34.9009757
9264,UTA Session 2,trial,22,A,A,1,3264.397,2.67700000000013,3/27/2024 12:00:00 AM,16:35:40.4609031
9264,UTA Session 2,trial,23,D,E,0,3269.849,6.42599999999993,3/27/2024 12:00:00 AM,16:35:49.6689697
9264,UTA Session 2,trial,24,D,D,1,3279.525,9.01699999999983,3/27/2024 12:00:00 AM,16:36:01.9385313
9264,UTA Session 2,trial,25,E,E,1,3291.24,9.95300000000043,3/27/2024 12:00:00 AM,16:36:14.5753607
9264,UTA Session 2,trial,26,D,B,0,3303.947,4.76899999999978,3/27/2024 12:00:00 AM,16:36:22.1041946
9264,UTA Session 2,trial,27,E,D,0,3311.744,9.14999999999964,3/27/2024 12:00:00 AM,16:36:34.2856608
9264,UTA Session 2,trial,28,C,E,0,3323.892,8.19300000000021,3/27/2024 12:00:00 AM,16:36:45.4744583
9264,UTA Session 2,trial,29,C,C,1,3335.101,5.07899999999972,3/27/2024 12:00:00 AM,16:36:53.5728755
9264,UTA Session 2,trial,30,D,D,1,3343.291,14.8809999999999,3/27/2024 12:00:00 AM,16:37:11.5626027
9264,UTA Session 2,trial,31,C,C,1,3361.278,13.3200000000002,3/27/2024 12:00:00 AM,16:37:27.9943532
9264,UTA Session 2,trial,32,E,E,1,3378.243,9.58800000000019,3/27/2024 12:00:00 AM,16:37:41.2157638
9264,UTA Session 2,trial,33,A,B,0,3390.945,8.09199999999964,3/27/2024 12:00:00 AM,16:37:52.4280042
9264,UTA Session 2,trial,34,E,A,0,3402.062,8.10300000000007,3/27/2024 12:00:00 AM,16:38:03.5499295
9264,UTA Session 2,trial,35,C,C,1,3413.422,7.00700000000006,3/27/2024 12:00:00 AM,16:38:13.8221827
9265,UTA Session 2,practice,1,B,E,0,2341.686,24.1039999999998,3/28/2024 12:00:00 AM,12:59:23.9497615
9265,UTA Session 2,practice,2,B,C,0,2413.665,10.866,3/28/2024 12:00:00 AM,13:00:22.6820813
9265,UTA Session 2,practice,3,C,C,1,2430.575,15.0220000000004,3/28/2024 12:00:00 AM,13:00:43.7443423
9265,UTA Session 2,practice,4,A,A,1,2446.917,8.13000000000011,3/28/2024 12:00:00 AM,13:00:53.2043987
9265,UTA Session 2,trial,1,B,A,0,2466.32,15.7509999999997,3/28/2024 12:00:00 AM,13:01:20.2184478
9265,UTA Session 2,trial,2,B,A,0,2486.79,9.82700000000023,3/28/2024 12:00:00 AM,13:01:34.7693876
9265,UTA Session 2,trial,3,C,A,0,2499.723,8.81399999999985,3/28/2024 12:00:00 AM,13:01:46.6823585
9265,UTA Session 2,trial,4,A,A,1,2511.746,6.02299999999968,3/28/2024 12:00:00 AM,13:01:55.9233724
9265,UTA Session 2,trial,5,B,B,1,2520.751,10.759,3/28/2024 12:00:00 AM,13:02:09.6625509
9265,UTA Session 2,trial,6,D,C,0,2535.199,7.73599999999988,3/28/2024 12:00:00 AM,13:02:21.0911582
9265,UTA Session 2,trial,7,B,A,0,2546.11,9.35599999999977,3/28/2024 12:00:00 AM,13:02:33.6257708
9265,UTA Session 2,trial,8,D,D,1,2558.751,12.0619999999999,3/28/2024 12:00:00 AM,13:02:48.9595689
9265,UTA Session 2,trial,9,C,C,1,2573.692,11.7620000000002,3/28/2024 12:00:00 AM,13:03:03.6135149
9265,UTA Session 2,trial,10,C,C,1,2588.626,7.26299999999992,3/28/2024 12:00:00 AM,13:03:14.0414718
9265,UTA Session 2,trial,11,B,E,0,2598.743,13.0999999999999,3/28/2024 12:00:00 AM,13:03:29.9911116
9265,UTA Session 2,trial,12,E,B,0,2615.261,10.9180000000001,3/28/2024 12:00:00 AM,13:03:44.3248840
9265,UTA Session 2,trial,13,B,B,1,2632.012,16.2839999999997,3/28/2024 12:00:00 AM,13:04:06.4474916
9265,UTA Session 2,trial,14,A,A,1,2651.512,9.12599999999975,3/28/2024 12:00:00 AM,13:04:18.7857765
9265,UTA Session 2,trial,15,E,A,0,2664.071,7.11900000000014,3/28/2024 12:00:00 AM,13:04:29.3460578
9265,UTA Session 2,trial,16,B,B,1,2674.381,9.51700000000028,3/28/2024 12:00:00 AM,13:04:42.0427083
9265,UTA Session 2,trial,17,A,A,1,2686.95,9.08500000000004,3/28/2024 12:00:00 AM,13:04:54.1925650
9265,UTA Session 2,trial,18,D,B,0,2699.589,6.80400000000009,3/28/2024 12:00:00 AM,13:05:04.5504281
9265,UTA Session 2,trial,19,E,E,1,2709.599,10.0349999999999,3/28/2024 12:00:00 AM,13:05:17.7899939
9265,UTA Session 2,trial,20,D,E,0,2722.896,10.3939999999998,3/28/2024 12:00:00 AM,13:05:31.4469369
9265,UTA Session 2,trial,21,A,A,1,2740.762,14.5119999999997,3/28/2024 12:00:00 AM,13:05:53.4249290
9265,UTA Session 2,trial,22,A,A,1,2758.271,13.6489999999999,3/28/2024 12:00:00 AM,13:06:10.0688592
9265,UTA Session 2,trial,23,D,D,1,2775.04,4.15700000000015,3/28/2024 12:00:00 AM,13:06:17.3459467
9265,UTA Session 2,trial,24,D,D,1,2782.081,4.83899999999994,3/28/2024 12:00:00 AM,13:06:25.0773506
9265,UTA Session 2,trial,25,E,D,0,2789.75,5.86400000000003,3/28/2024 12:00:00 AM,13:06:33.7692663
9265,UTA Session 2,trial,26,D,B,0,2799.02,3.17700000000013,3/28/2024 12:00:00 AM,13:06:40.3449991
9265,UTA Session 2,trial,27,E,B,0,2811.509,7.49499999999989,3/28/2024 12:00:00 AM,13:06:57.1621468
9265,UTA Session 2,trial,28,C,C,1,2824.507,7.7199999999998,3/28/2024 12:00:00 AM,13:07:10.3824571
9265,UTA Session 2,trial,29,C,D,0,2837.777,8.55000000000018,3/28/2024 12:00:00 AM,13:07:24.4756934
9265,UTA Session 2,trial,30,D,D,1,2851.55,7.43499999999995,3/28/2024 12:00:00 AM,13:07:37.1325199
9265,UTA Session 2,trial,31,C,E,0,2865.682,8.65300000000025,3/28/2024 12:00:00 AM,13:07:52.4906899
9265,UTA Session 2,trial,32,E,E,1,2877.332,17.569,3/28/2024 12:00:00 AM,13:08:13.0589859
9265,UTA Session 2,trial,33,A,A,1,2900.116,8.18600000000015,3/28/2024 12:00:00 AM,13:08:26.4585318
9265,UTA Session 2,trial,34,E,A,0,2912.372,5.01700000000028,3/28/2024 12:00:00 AM,13:08:35.5412501
9266,UTA Session 2,practice,1,B,A,0,2722.241,22.1489999999999,3/29/2024 12:00:00 AM,10:13:48.2531364
9266,UTA Session 2,practice,2,B,E,0,2756.956,13.7979999999998,3/29/2024 12:00:00 AM,10:14:14.6064918
9266,UTA Session 2,practice,3,C,D,0,2777.813,27.77,3/29/2024 12:00:00 AM,10:14:49.4504323
9266,UTA Session 2,practice,4,A,A,1,2809.524,13.5010000000002,3/29/2024 12:00:00 AM,10:15:06.8797792
9266,UTA Session 2,trial,1,B,A,0,2881.441,27.0990000000002,3/29/2024 12:00:00 AM,10:16:32.3987949
9266,UTA Session 2,trial,2,B,B,1,2912.163,6.94599999999991,3/29/2024 12:00:00 AM,10:16:42.9764716
9266,UTA Session 2,trial,3,C,C,1,2922.267,6.92300000000023,3/29/2024 12:00:00 AM,10:16:53.0481139
9266,UTA Session 2,trial,4,A,A,1,2932.313,3.62300000000005,3/29/2024 12:00:00 AM,10:16:59.8034565
9266,UTA Session 2,trial,5,B,B,1,2939.032,15.3669999999997,3/29/2024 12:00:00 AM,10:17:18.2550717
9266,UTA Session 2,trial,6,D,D,1,2957.637,8.72399999999971,3/29/2024 12:00:00 AM,10:17:30.2302585
9266,UTA Session 2,trial,7,B,C,0,2969.269,8.81100000000015,3/29/2024 12:00:00 AM,10:17:41.9487288
9266,UTA Session 2,trial,8,D,B,0,2981.825,7.89800000000014,3/29/2024 12:00:00 AM,10:17:53.5840476
9266,UTA Session 2,trial,9,C,C,1,2993.407,8.16199999999981,3/29/2024 12:00:00 AM,10:18:05.4350673
9266,UTA Session 2,trial,10,C,C,1,3004.66,8.80999999999995,3/29/2024 12:00:00 AM,10:18:17.3327619
9266,UTA Session 2,trial,11,B,D,0,3016.526,6.43600000000015,3/29/2024 12:00:00 AM,10:18:26.8212520
9266,UTA Session 2,trial,12,E,C,0,3026.063,9.42099999999982,3/29/2024 12:00:00 AM,10:18:39.3555743
9266,UTA Session 2,trial,13,B,C,0,3038.693,14.6129999999998,3/29/2024 12:00:00 AM,10:18:57.1728415
9266,UTA Session 2,trial,14,A,E,0,3057.628,10,3/29/2024 12:00:00 AM,10:19:11.4880918
9266,UTA Session 2,trial,15,E,A,0,3070.577,7.88899999999967,3/29/2024 12:00:00 AM,10:19:22.3297032
9266,UTA Session 2,trial,16,B,B,1,3081.621,7.81799999999976,3/29/2024 12:00:00 AM,10:19:33.2994933
9266,UTA Session 2,trial,17,A,A,1,3093.074,7.24099999999999,3/29/2024 12:00:00 AM,10:19:44.1761423
9266,UTA Session 2,trial,18,D,D,1,3103.481,7.83199999999988,3/29/2024 12:00:00 AM,10:19:55.1793286
9266,UTA Session 2,trial,19,E,C,0,3114.027,6.29899999999998,3/29/2024 12:00:00 AM,10:20:04.1876026
9266,UTA Session 2,trial,20,D,D,1,3125.384,11.8530000000001,3/29/2024 12:00:00 AM,10:20:21.0975497
9266,UTA Session 2,trial,21,A,A,1,3140.195,7.4699999999998,3/29/2024 12:00:00 AM,10:20:31.5275630
9266,UTA Session 2,trial,22,A,A,1,3150.833,5.02500000000009,3/29/2024 12:00:00 AM,10:20:39.7316615
9266,UTA Session 2,trial,23,D,E,0,3159.036,9.654,3/29/2024 12:00:00 AM,10:20:52.5552525
9266,UTA Session 2,trial,24,D,D,1,3171.984,5.47900000000027,3/29/2024 12:00:00 AM,10:21:01.3234536
9266,UTA Session 2,trial,25,E,D,0,3180.2,5.75400000000036,3/29/2024 12:00:00 AM,10:21:09.8229740
9266,UTA Session 2,trial,26,D,D,1,3189.43,8.68600000000015,3/29/2024 12:00:00 AM,10:21:21.9885612
9266,UTA Session 2,trial,27,E,C,0,3201.168,16.0749999999998,3/29/2024 12:00:00 AM,10:21:41.1035937
9266,UTA Session 2,trial,28,C,C,1,3220.235,7.26399999999967,3/29/2024 12:00:00 AM,10:21:51.3619620
9266,UTA Session 2,trial,29,C,B,0,3231.056,0.722999999999956,3/29/2024 12:00:00 AM,10:21:55.6524867
9266,UTA Session 2,trial,30,D,D,1,3234.655,9.46199999999999,3/29/2024 12:00:00 AM,10:22:07.9907466
9266,UTA Session 2,trial,31,C,C,1,3247.423,8.79100000000017,3/29/2024 12:00:00 AM,10:22:20.0780752
9266,UTA Session 2,trial,32,E,C,0,3259.116,6.93299999999999,3/29/2024 12:00:00 AM,10:22:29.9107998
9266,UTA Session 2,trial,33,A,B,0,3269.031,14.8160000000003,3/29/2024 12:00:00 AM,10:22:47.7169670
9266,UTA Session 2,trial,34,E,A,0,3287.041,4.67599999999993,3/29/2024 12:00:00 AM,10:22:55.5915914
9266,UTA Session 2,trial,35,C,A,0,3295.254,6.09700000000021,3/29/2024 12:00:00 AM,10:23:05.2153494
9252,UTA Session 2,practice,1,B,B,1,2746.168,20.4479999999999,3/29/2024 12:00:00 AM,10:14:56.6619051
9252,UTA Session 2,practice,2,B,C,0,2773.122,12.7980000000002,3/29/2024 12:00:00 AM,10:15:15.9669237
9252,UTA Session 2,practice,3,C,B,0,2793.982,8.75900000000001,3/29/2024 12:00:00 AM,10:15:32.7815202
9252,UTA Session 2,practice,4,A,B,0,2804.418,8.03600000000006,3/29/2024 12:00:00 AM,10:15:42.4895676
9252,UTA Session 2,trial,1,B,A,0,2848.686,15.8939999999998,3/29/2024 12:00:00 AM,10:16:34.6309966
9252,UTA Session 2,trial,2,B,A,0,2867.823,6.88200000000006,3/29/2024 12:00:00 AM,10:16:44.7489933
9252,UTA Session 2,trial,3,C,B,0,2878.804,12.9359999999997,3/29/2024 12:00:00 AM,10:17:01.7801416
9252,UTA Session 2,trial,4,A,A,1,2896.448,5.20600000000013,3/29/2024 12:00:00 AM,10:17:11.6928485
9252,UTA Session 2,trial,5,B,A,0,2904.716,23.0100000000002,3/29/2024 12:00:00 AM,10:17:37.7672273
9252,UTA Session 2,trial,6,D,A,0,2930.942,17.2950000000001,3/29/2024 12:00:00 AM,10:17:58.2768359
9252,UTA Session 2,trial,7,B,E,0,2951.39,3.8090000000002,3/29/2024 12:00:00 AM,10:18:05.2426996
9252,UTA Session 2,trial,8,D,A,0,2958.349,4.85999999999967,3/29/2024 12:00:00 AM,10:18:13.2496483
9252,UTA Session 2,trial,9,C,C,1,2966.613,12.145,3/29/2024 12:00:00 AM,10:18:28.8065725
9252,UTA Session 2,trial,10,C,A,0,2982.471,28.5419999999999,3/29/2024 12:00:00 AM,10:19:01.0593418
9252,UTA Session 2,trial,11,B,B,1,3014.462,13.5169999999998,3/29/2024 12:00:00 AM,10:19:18.0186279
9252,UTA Session 2,trial,12,E,E,1,3031.166,24.9989999999998,3/29/2024 12:00:00 AM,10:19:46.1991451
9252,UTA Session 2,trial,13,B,E,0,3059.295,16.2260000000001,3/29/2024 12:00:00 AM,10:20:05.5574546
9252,UTA Session 2,trial,14,A,A,1,3078.575,10.674,3/29/2024 12:00:00 AM,10:20:19.2905273
9252,UTA Session 2,trial,15,E,C,0,3093.585,15.866,3/29/2024 12:00:00 AM,10:20:39.4960560
9252,UTA Session 2,trial,16,B,A,0,3114.751,7.3119999999999,3/29/2024 12:00:00 AM,10:20:52.0990407
9252,UTA Session 2,trial,17,A,A,1,3126.688,16.0729999999999,3/29/2024 12:00:00 AM,10:21:12.7968593
9252,UTA Session 2,trial,18,D,C,0,3145.784,1.52700000000004,3/29/2024 12:00:00 AM,10:21:17.3534323
9252,UTA Session 2,trial,19,E,D,0,3150.763,0.867000000000189,3/29/2024 12:00:00 AM,10:21:21.6738481
9252,UTA Session 2,trial,20,D,E,0,3154.709,28.451,3/29/2024 12:00:00 AM,10:21:53.2086566
9252,UTA Session 2,trial,21,A,C,0,3186.985,18.5999999999999,3/29/2024 12:00:00 AM,10:22:15.6225251
9252,UTA Session 2,trial,22,A,C,0,3208.608,11.2749999999996,3/29/2024 12:00:00 AM,10:22:29.9188490
9252,UTA Session 2,trial,23,D,D,1,3222.906,15.9569999999999,3/29/2024 12:00:00 AM,10:22:48.8997305
9252,UTA Session 2,trial,24,D,A,0,3241.81,4.03099999999995,3/29/2024 12:00:00 AM,10:22:55.8880648
9252,UTA Session 2,trial,25,E,E,1,3248.955,16.2960000000003,3/29/2024 12:00:00 AM,10:23:15.2954675
9252,UTA Session 2,trial,26,D,E,0,3267.987,4.24600000000009,3/29/2024 12:00:00 AM,10:23:22.2695042
9252,UTA Session 2,trial,27,E,B,0,3274.945,7.72499999999991,3/29/2024 12:00:00 AM,10:23:32.7124537
9252,UTA Session 2,trial,28,C,C,1,3285.584,4.98400000000038,3/29/2024 12:00:00 AM,10:23:40.6069092
9252,UTA Session 2,trial,29,C,D,0,3293.58,21.6930000000002,3/29/2024 12:00:00 AM,10:24:05.3079443
9268,UTA Session 2,practice,1,B,B,1,2705.929,11.0160000000001,3/29/2024 12:00:00 AM,13:10:13.1758198
9268,UTA Session 2,practice,2,B,B,1,2798.197,6.30999999999995,3/29/2024 12:00:00 AM,13:11:40.7347142
9268,UTA Session 2,practice,3,C,C,1,2807.733,5.85199999999986,3/29/2024 12:00:00 AM,13:11:49.8006920
9268,UTA Session 2,practice,4,A,A,1,2815.721,5.71599999999989,3/29/2024 12:00:00 AM,13:11:57.6595162
9268,UTA Session 2,trial,1,B,A,0,2864.981,18.7919999999999,3/29/2024 12:00:00 AM,13:12:59.9912236
9268,UTA Session 2,trial,2,B,E,0,2888.776,8.70900000000029,3/29/2024 12:00:00 AM,13:13:13.7080089
9268,UTA Session 2,trial,3,C,C,1,2908.63,6.69900000000007,3/29/2024 12:00:00 AM,13:13:31.5469592
9268,UTA Session 2,trial,4,A,A,1,2918.289,4.78999999999996,3/29/2024 12:00:00 AM,13:13:39.2945219
9268,UTA Session 2,trial,5,B,C,0,2926.083,24.4059999999999,3/29/2024 12:00:00 AM,13:14:06.7165888
9268,UTA Session 2,trial,6,D,D,1,2953.489,12.5160000000001,3/29/2024 12:00:00 AM,13:14:22.2245951
9268,UTA Session 2,trial,7,B,B,1,2968.934,4.45699999999988,3/29/2024 12:00:00 AM,13:14:29.6071636
9268,UTA Session 2,trial,8,D,B,0,2976.236,11.355,3/29/2024 12:00:00 AM,13:14:43.8140767
9268,UTA Session 2,trial,9,C,C,1,2990.621,8.89399999999978,3/29/2024 12:00:00 AM,13:14:55.7426885
9268,UTA Session 2,trial,10,C,C,1,3002.379,9.14899999999989,3/29/2024 12:00:00 AM,13:15:07.7459583
9268,UTA Session 2,trial,11,B,D,0,3014.455,14.9160000000002,3/29/2024 12:00:00 AM,13:15:25.5946904
9268,UTA Session 2,trial,12,E,C,0,3032.481,7.86499999999978,3/29/2024 12:00:00 AM,13:15:36.5634245
9268,UTA Session 2,trial,13,B,B,1,3043.194,11.9870000000001,3/29/2024 12:00:00 AM,13:15:51.3986056
9268,UTA Session 2,trial,14,A,A,1,3058.17,7.29799999999977,3/29/2024 12:00:00 AM,13:16:01.6992527
9268,UTA Session 2,trial,15,E,E,1,3069.25,22.5520000000001,3/29/2024 12:00:00 AM,13:16:28.0218661
9268,UTA Session 2,trial,16,B,C,0,3094.637,21.6709999999998,3/29/2024 12:00:00 AM,13:16:52.5310283
9268,UTA Session 2,trial,17,A,C,0,3119.497,22.8389999999999,3/29/2024 12:00:00 AM,13:17:18.5588707
9268,UTA Session 2,trial,18,D,A,0,3145.424,8.3159999999998,3/29/2024 12:00:00 AM,13:17:29.9635992
9268,UTA Session 2,trial,19,E,E,1,3157.036,50.9699999999998,3/29/2024 12:00:00 AM,13:18:24.2262369
9268,UTA Session 2,trial,20,D,D,1,3210.885,12.4369999999999,3/29/2024 12:00:00 AM,13:18:39.5533109
9268,UTA Session 2,trial,21,A,A,1,3226.023,14.4290000000001,3/29/2024 12:00:00 AM,13:18:56.6832173
9268,UTA Session 2,trial,22,A,A,1,3243.501,6.83999999999969,3/29/2024 12:00:00 AM,13:19:06.5619525
9268,UTA Session 2,trial,23,D,D,1,3253.351,8.80899999999974,3/29/2024 12:00:00 AM,13:19:18.3876964
9268,UTA Session 2,trial,24,D,E,0,3264.857,12.5419999999999,3/29/2024 12:00:00 AM,13:19:33.6253011
9268,UTA Session 2,trial,25,E,D,0,3280.362,14.6129999999998,3/29/2024 12:00:00 AM,13:19:51.1970973
9268,UTA Session 2,trial,26,D,B,0,3297.716,8.39200000000028,3/29/2024 12:00:00 AM,13:20:02.3335373
9268,UTA Session 2,trial,27,E,B,0,3309.103,21.7370000000001,3/29/2024 12:00:00 AM,13:20:27.0670160
9267,UTA Session 2,practice,1,B,B,1,2686.936,31.2939999999999,3/29/2024 12:00:00 AM,13:10:40.3919985
9267,UTA Session 2,practice,2,B,B,1,2834.118,18.1860000000001,3/29/2024 12:00:00 AM,13:12:54.4639524
9267,UTA Session 2,practice,3,C,C,1,2863.168,8.61200000000008,3/29/2024 12:00:00 AM,13:13:13.9302264
9267,UTA Session 2,practice,4,A,A,1,2874.001,7.16300000000001,3/29/2024 12:00:00 AM,13:13:23.3188486
9267,UTA Session 2,trial,1,B,A,0,2917.156,11.7660000000001,3/29/2024 12:00:00 AM,13:14:11.0704891
9267,UTA Session 2,trial,2,B,B,1,2933.341,13.9400000000001,3/29/2024 12:00:00 AM,13:14:29.4395328
9267,UTA Session 2,trial,3,C,B,0,2950.658,19.1590000000001,3/29/2024 12:00:00 AM,13:14:51.9683231
9267,UTA Session 2,trial,4,A,C,0,2973.463,15.221,3/29/2024 12:00:00 AM,13:15:10.8401466
9267,UTA Session 2,trial,5,B,B,1,2991.932,11.2870000000003,3/29/2024 12:00:00 AM,13:15:25.3646896
9267,UTA Session 2,trial,6,D,C,0,3006.209,19.9780000000001,3/29/2024 12:00:00 AM,13:15:48.3444725
9267,UTA Session 2,trial,7,B,C,0,3029.002,14.694,3/29/2024 12:00:00 AM,13:16:05.8510462
9267,UTA Session 2,trial,8,D,D,1,3047.053,13.2139999999999,3/29/2024 12:00:00 AM,13:16:22.4124474
9267,UTA Session 2,trial,9,C,A,0,3063.144,13.8770000000004,3/29/2024 12:00:00 AM,13:16:39.1782088
9267,UTA Session 2,trial,10,C,C,1,3080.161,13.3519999999999,3/29/2024 12:00:00 AM,13:16:55.6633452
9267,UTA Session 2,trial,11,B,B,1,3097.414,16.9969999999998,3/29/2024 12:00:00 AM,13:17:16.5587808
9267,UTA Session 2,trial,12,E,C,0,3117.342,9.43899999999985,3/29/2024 12:00:00 AM,13:17:28.9329931
9267,UTA Session 2,trial,13,B,B,1,3129.526,22.1469999999999,3/29/2024 12:00:00 AM,13:17:53.8187066
9267,UTA Session 2,trial,14,A,A,1,3154.771,12.7019999999998,3/29/2024 12:00:00 AM,13:18:09.6275130
9267,UTA Session 2,trial,15,E,A,0,3170.611,6.64000000000033,3/29/2024 12:00:00 AM,13:18:19.4095776
9267,UTA Session 2,trial,16,B,B,1,3181.915,28.848,3/29/2024 12:00:00 AM,13:18:52.9099862
9267,UTA Session 2,trial,17,A,A,1,3213.741,9.05200000000013,3/29/2024 12:00:00 AM,13:19:04.9516991
9267,UTA Session 2,trial,18,D,D,1,3226.031,11.9720000000002,3/29/2024 12:00:00 AM,13:19:20.1527349
9267,UTA Session 2,trial,19,E,E,1,3241.183,12.9639999999999,3/29/2024 12:00:00 AM,13:19:36.2936649
9267,UTA Session 2,trial,20,D,D,1,3256.984,19.578,3/29/2024 12:00:00 AM,13:19:58.7159045
9267,UTA Session 2,trial,21,A,A,1,3279.606,13.8059999999996,3/29/2024 12:00:00 AM,13:20:15.5638864
9267,UTA Session 2,trial,22,A,A,1,3296.502,8.57200000000012,3/29/2024 12:00:00 AM,13:20:27.2294768
9267,UTA Session 2,trial,23,D,D,1,3308.229,4.45500000000038,3/29/2024 12:00:00 AM,13:20:34.8290246
9267,UTA Session 2,trial,24,D,D,1,3315.388,11.9120000000003,3/29/2024 12:00:00 AM,13:20:49.4514947
9267,UTA Session 2,trial,25,E,E,1,3330.197,8.6909999999998,3/29/2024 12:00:00 AM,13:21:01.0345995
9267,UTA Session 2,trial,26,D,D,1,3341.705,8.73500000000013,3/29/2024 12:00:00 AM,13:21:12.5906920
9267,UTA Session 2,trial,27,E,B,0,3353.063,5.76899999999978,3/29/2024 12:00:00 AM,13:21:20.9762535
9267,UTA Session 2,trial,28,C,C,1,3361.727,5.49900000000025,3/29/2024 12:00:00 AM,13:21:29.3788618
9269,UTA Session 2,practice,1,B,B,1,2386.743,13.6370000000002,3/29/2024 12:00:00 AM,15:59:46.4089783
9269,UTA Session 2,practice,2,B,A,0,2445.694,13.5010000000002,3/29/2024 12:00:00 AM,16:00:45.2180976
9269,UTA Session 2,practice,3,C,C,1,2462.571,5.89400000000023,3/29/2024 12:00:00 AM,16:00:54.4895303
9269,UTA Session 2,practice,4,A,A,1,2470.567,10.6819999999998,3/29/2024 12:00:00 AM,16:01:07.2771315
9269,UTA Session 2,trial,1,B,B,1,2501.223,10.0280000000002,3/29/2024 12:00:00 AM,16:01:37.2714283
9269,UTA Session 2,trial,2,B,B,1,2514.526,8.31400000000031,3/29/2024 12:00:00 AM,16:01:48.8601560
9269,UTA Session 2,trial,3,C,A,0,2526.917,4.58400000000029,3/29/2024 12:00:00 AM,16:01:57.5303458
9269,UTA Session 2,trial,4,A,A,1,2534.426,9.63999999999987,3/29/2024 12:00:00 AM,16:02:10.0912139
9269,UTA Session 2,trial,5,B,B,1,2547.365,11.8560000000002,3/29/2024 12:00:00 AM,16:02:25.2505868
9269,UTA Session 2,trial,6,D,D,1,2562.766,10.3150000000001,3/29/2024 12:00:00 AM,16:02:39.1072922
9269,UTA Session 2,trial,7,B,B,1,2576.033,4.61200000000008,3/29/2024 12:00:00 AM,16:02:46.6637159
9269,UTA Session 2,trial,8,D,D,1,2583.811,5.72399999999971,3/29/2024 12:00:00 AM,16:02:55.5552638
9269,UTA Session 2,trial,9,C,C,1,2592.375,6.79300000000012,3/29/2024 12:00:00 AM,16:03:05.1887204
9269,UTA Session 2,trial,10,C,C,1,2602.15,7.61299999999983,3/29/2024 12:00:00 AM,16:03:15.7820465
9269,UTA Session 2,trial,11,B,B,1,2613.199,6.31500000000005,3/29/2024 12:00:00 AM,16:03:25.5399344
9269,UTA Session 2,trial,12,E,A,0,2622.61,5.346,3/29/2024 12:00:00 AM,16:03:33.9776721
9269,UTA Session 2,trial,13,B,C,0,2633.172,10.0929999999998,3/29/2024 12:00:00 AM,16:03:49.2869091
9269,UTA Session 2,trial,14,A,A,1,2650.825,6.01900000000023,3/29/2024 12:00:00 AM,16:04:02.8687544
9269,UTA Session 2,trial,15,E,E,1,2659.986,7.78400000000011,3/29/2024 12:00:00 AM,16:04:13.7910334
9269,UTA Session 2,trial,16,B,A,0,2670.815,7.27399999999989,3/29/2024 12:00:00 AM,16:04:24.1147349
9269,UTA Session 2,trial,17,A,A,1,2681.154,7.07799999999997,3/29/2024 12:00:00 AM,16:04:34.2573044
9269,UTA Session 2,trial,18,D,E,0,2691.377,7.92500000000018,3/29/2024 12:00:00 AM,16:04:45.3291893
9269,UTA Session 2,trial,19,E,E,1,2708.474,6.82899999999972,3/29/2024 12:00:00 AM,16:05:01.3205598
9269,UTA Session 2,trial,20,D,D,1,2718.014,5.78399999999965,3/29/2024 12:00:00 AM,16:05:09.8239336
9269,UTA Session 2,trial,21,A,A,1,2726.851,5.06799999999976,3/29/2024 12:00:00 AM,16:05:17.9352185
9269,UTA Session 2,trial,22,A,A,1,2735.035,6.2800000000002,3/29/2024 12:00:00 AM,16:05:27.3318931
9269,UTA Session 2,trial,23,D,D,1,2744.405,12.4469999999997,3/29/2024 12:00:00 AM,16:05:42.8769009
9269,UTA Session 2,trial,24,D,D,1,2759.774,2.85100000000011,3/29/2024 12:00:00 AM,16:05:48.6484668
9269,UTA Session 2,trial,25,E,E,1,2765.402,9.154,3/29/2024 12:00:00 AM,16:06:00.5757742
9269,UTA Session 2,trial,26,D,B,0,2777.68,5.78999999999996,3/29/2024 12:00:00 AM,16:06:09.4966469
9269,UTA Session 2,trial,27,E,E,1,2791.258,9.42600000000039,3/29/2024 12:00:00 AM,16:06:26.6965922
9269,UTA Session 2,trial,28,C,C,1,2803.549,5.59099999999989,3/29/2024 12:00:00 AM,16:06:35.1531589
9269,UTA Session 2,trial,29,C,E,0,2812.035,8.16000000000031,3/29/2024 12:00:00 AM,16:06:46.2132331
9269,UTA Session 2,trial,30,D,D,1,2823.221,5.51800000000003,3/29/2024 12:00:00 AM,16:06:54.7608504
9269,UTA Session 2,trial,31,C,A,0,2831.942,9.13400000000001,3/29/2024 12:00:00 AM,16:07:07.0990235
9269,UTA Session 2,trial,32,E,E,1,2844.419,11.5889999999999,3/29/2024 12:00:00 AM,16:07:22.0233125
9269,UTA Session 2,trial,33,A,A,1,2858.906,11.8209999999999,3/29/2024 12:00:00 AM,16:07:36.7518520
9269,UTA Session 2,trial,34,E,A,0,2874.012,5.1279999999997,3/29/2024 12:00:00 AM,16:07:45.1597506
9269,UTA Session 2,trial,35,C,C,1,2885.07,8.75900000000001,3/29/2024 12:00:00 AM,16:07:59.8474820
9270,UTA Session 2,practice,1,B,E,0,2263.49,10.797,3/29/2024 12:00:00 AM,16:04:43.3891159
9270,UTA Session 2,practice,2,B,A,0,2305.387,2.43799999999965,3/29/2024 12:00:00 AM,16:05:16.9130938
9270,UTA Session 2,practice,3,C,E,0,2310.568,5.19999999999982,3/29/2024 12:00:00 AM,16:05:24.8640852
9270,UTA Session 2,practice,4,A,A,1,2318.125,2.654,3/29/2024 12:00:00 AM,16:05:29.8770279
9270,UTA Session 2,trial,1,B,D,0,2333.781,10.7840000000001,3/29/2024 12:00:00 AM,16:05:53.6587087
9270,UTA Session 2,trial,2,B,A,0,2348.739,3.90099999999984,3/29/2024 12:00:00 AM,16:06:01.7360439
9270,UTA Session 2,trial,3,C,A,0,2356.304,3.13999999999987,3/29/2024 12:00:00 AM,16:06:08.5404567
9270,UTA Session 2,trial,4,A,E,0,2362.972,4.93399999999974,3/29/2024 12:00:00 AM,16:06:17.0040115
9270,UTA Session 2,trial,5,B,D,0,2371.015,11.7429999999999,3/29/2024 12:00:00 AM,16:06:31.8473280
9270,UTA Session 2,trial,6,D,C,0,2385.832,3.10800000000017,3/29/2024 12:00:00 AM,16:06:38.0371327
9270,UTA Session 2,trial,7,B,A,0,2391.955,5.85699999999997,3/29/2024 12:00:00 AM,16:06:46.9001875
9270,UTA Session 2,trial,8,D,D,1,2400.868,6.19200000000001,3/29/2024 12:00:00 AM,16:06:56.1563954
9270,UTA Session 2,trial,9,C,D,0,2410.231,5.96699999999964,3/29/2024 12:00:00 AM,16:07:05.2853395
9270,UTA Session 2,trial,10,C,D,0,2419.422,8.23300000000017,3/29/2024 12:00:00 AM,16:07:16.7500685
9270,UTA Session 2,trial,11,B,B,1,2430.556,18.2719999999999,3/29/2024 12:00:00 AM,16:07:37.9280196
9270,UTA Session 2,trial,12,E,B,0,2452.191,5.71199999999999,3/29/2024 12:00:00 AM,16:07:46.9952830
9270,UTA Session 2,trial,13,B,C,0,2461.225,7.47400000000016,3/29/2024 12:00:00 AM,16:07:57.7983328
9270,UTA Session 2,trial,14,A,A,1,2472.751,16.9899999999998,3/29/2024 12:00:00 AM,16:08:18.8340052
9270,UTA Session 2,trial,15,E,A,0,2493.155,6.5939999999996,3/29/2024 12:00:00 AM,16:08:28.8420414
9270,UTA Session 2,trial,16,B,C,0,2503.276,3.94900000000007,3/29/2024 12:00:00 AM,16:08:36.3175532
9270,UTA Session 2,trial,17,A,A,1,2510.279,6.18299999999999,3/29/2024 12:00:00 AM,16:08:45.5635942
9270,UTA Session 2,trial,18,D,A,0,2519.87,6.43900000000031,3/29/2024 12:00:00 AM,16:08:55.3986187
9270,UTA Session 2,trial,19,E,B,0,2530.086,12.8290000000002,3/29/2024 12:00:00 AM,16:09:12.0158819
9270,UTA Session 2,trial,20,D,D,1,2546.01,5.66599999999971,3/29/2024 12:00:00 AM,16:09:20.7646741
9270,UTA Session 2,trial,21,A,D,0,2554.6,12.0160000000001,3/29/2024 12:00:00 AM,16:09:35.7074028
9270,UTA Session 2,trial,22,A,D,0,2569.578,5.24000000000024,3/29/2024 12:00:00 AM,16:09:43.9082905
9270,UTA Session 2,trial,23,D,E,0,2577.685,7.95299999999997,3/29/2024 12:00:00 AM,16:09:54.7337888
9270,UTA Session 2,trial,24,D,B,0,2589.496,10.2080000000001,3/29/2024 12:00:00 AM,16:10:08.8055155
9270,UTA Session 2,trial,25,E,A,0,2603.142,3.69800000000032,3/29/2024 12:00:00 AM,16:10:15.9351935
9270,UTA Session 2,trial,26,D,C,0,2611.292,20.7600000000002,3/29/2024 12:00:00 AM,16:10:41.1509017
9270,UTA Session 2,trial,27,E,D,0,2635.02,7.20299999999997,3/29/2024 12:00:00 AM,16:10:51.3138482
9270,UTA Session 2,trial,28,C,E,0,2645.23,8.05999999999995,3/29/2024 12:00:00 AM,16:11:02.3875932
9270,UTA Session 2,trial,29,C,E,0,2656.273,5.72800000000007,3/29/2024 12:00:00 AM,16:11:11.0916708
9270,UTA Session 2,trial,30,D,C,0,2665.353,4.96900000000005,3/29/2024 12:00:00 AM,16:11:19.4153818
9270,UTA Session 2,trial,31,C,D,0,2673.477,11.6550000000002,3/29/2024 12:00:00 AM,16:11:34.2246879
9270,UTA Session 2,trial,32,E,D,0,2688.125,7.43299999999999,3/29/2024 12:00:00 AM,16:11:44.6563571
9270,UTA Session 2,trial,33,A,D,0,2698.651,5.7800000000002,3/29/2024 12:00:00 AM,16:11:53.5320767
9270,UTA Session 2,trial,34,E,A,0,2707.415,6.64199999999983,3/29/2024 12:00:00 AM,16:12:03.1510002
9270,UTA Session 2,trial,35,C,C,1,2722.64,1.60300000000007,3/29/2024 12:00:00 AM,16:12:13.3402551
9260,UTA Session 2,practice,1,B,B,1,2260.25,11.759,4/3/2024 12:00:00 AM,09:55:42.6079293
9260,UTA Session 2,practice,2,B,A,0,2289.511,4.81399999999985,4/3/2024 12:00:00 AM,09:56:04.9321207
9260,UTA Session 2,practice,3,C,D,0,2296.664,4.27699999999959,4/3/2024 12:00:00 AM,09:56:11.5440220
9260,UTA Session 2,practice,4,A,B,0,2306.282,2.77499999999964,4/3/2024 12:00:00 AM,09:56:19.6615006
9260,UTA Session 2,trial,1,B,A,0,2328.213,6.33499999999958,4/3/2024 12:00:00 AM,09:56:45.1430772
9260,UTA Session 2,trial,2,B,B,1,2338.508,4.84400000000005,4/3/2024 12:00:00 AM,09:56:53.9461820
9260,UTA Session 2,trial,3,C,A,0,2346.652,5.51299999999992,4/3/2024 12:00:00 AM,09:57:02.7655706
9260,UTA Session 2,trial,4,A,A,1,2355.708,4.84999999999991,4/3/2024 12:00:00 AM,09:57:11.1600682
9260,UTA Session 2,trial,5,B,E,0,2364.665,6.05700000000024,4/3/2024 12:00:00 AM,09:57:21.3263295
9260,UTA Session 2,trial,6,D,D,1,2378.991,7.98900000000003,4/3/2024 12:00:00 AM,09:57:37.5814779
9260,UTA Session 2,trial,7,B,B,1,2390.243,3.86700000000019,4/3/2024 12:00:00 AM,09:57:44.7096117
9260,UTA Session 2,trial,8,D,A,0,2397.337,8.61200000000008,4/3/2024 12:00:00 AM,09:57:56.5447415
9260,UTA Session 2,trial,9,C,C,1,2409.126,14.9309999999996,4/3/2024 12:00:00 AM,09:58:14.6588122
9260,UTA Session 2,trial,10,C,E,0,2427.054,10.6279999999997,4/3/2024 12:00:00 AM,09:58:28.2823401
9260,UTA Session 2,trial,11,B,A,0,2440.784,4.17699999999968,4/3/2024 12:00:00 AM,09:58:35.5658143
9260,UTA Session 2,trial,12,E,D,0,2448.194,6.50300000000016,4/3/2024 12:00:00 AM,09:58:45.2968207
9260,UTA Session 2,trial,13,B,D,0,2457.61,18.3789999999999,4/3/2024 12:00:00 AM,09:59:06.5865792
9260,UTA Session 2,trial,14,A,A,1,2479.154,1.86200000000008,4/3/2024 12:00:00 AM,09:59:11.6198171
9260,UTA Session 2,trial,15,E,D,0,2484.34,5.78999999999996,4/3/2024 12:00:00 AM,09:59:20.7323582
9260,UTA Session 2,trial,16,B,B,1,2493.222,3.88799999999992,4/3/2024 12:00:00 AM,09:59:27.7038722
9260,UTA Session 2,trial,17,A,C,0,2500.05,7.69499999999971,4/3/2024 12:00:00 AM,09:59:38.3470758
9260,UTA Session 2,trial,18,D,C,0,2511.292,7.01400000000012,4/3/2024 12:00:00 AM,09:59:48.9133325
9260,UTA Session 2,trial,19,E,A,0,2521.274,1.83699999999999,4/3/2024 12:00:00 AM,09:59:53.7155971
9260,UTA Session 2,trial,20,D,C,0,2526.456,0.674999999999727,4/3/2024 12:00:00 AM,09:59:57.7334525
9260,UTA Session 2,trial,21,A,D,0,2530.287,1.01300000000037,4/3/2024 12:00:00 AM,10:00:01.8950280
9260,UTA Session 2,trial,22,A,B,0,2534.272,0.619000000000142,4/3/2024 12:00:00 AM,10:00:05.4899324
9260,UTA Session 2,trial,23,D,B,0,2541.29,5.1579999999999,4/3/2024 12:00:00 AM,10:00:17.0434623
9260,UTA Session 2,trial,24,D,D,1,2549.846,2.53699999999981,4/3/2024 12:00:00 AM,10:00:22.9785558
9260,UTA Session 2,trial,25,E,A,0,2555.215,3.99299999999994,4/3/2024 12:00:00 AM,10:00:29.8076310
9260,UTA Session 2,trial,26,D,A,0,2564.539,2.44999999999982,4/3/2024 12:00:00 AM,10:00:37.5928595
9260,UTA Session 2,trial,27,E,C,0,2571.023,11.8150000000001,4/3/2024 12:00:00 AM,10:00:53.4415615
9260,UTA Session 2,trial,28,C,A,0,2586.608,2.6239999999998,4/3/2024 12:00:00 AM,10:00:59.8344524
9260,UTA Session 2,trial,29,C,E,0,2592.416,21.5299999999997,4/3/2024 12:00:00 AM,10:01:24.5444405
9260,UTA Session 2,trial,30,D,B,0,2617.016,6.60599999999977,4/3/2024 12:00:00 AM,10:01:34.2139688
9260,UTA Session 2,trial,31,C,C,1,2627.063,2.22199999999975,4/3/2024 12:00:00 AM,10:01:39.8803467
9260,UTA Session 2,trial,32,E,A,0,2632.544,3.36200000000008,4/3/2024 12:00:00 AM,10:01:46.5066625
9260,UTA Session 2,trial,33,A,A,1,2638.947,4.98299999999972,4/3/2024 12:00:00 AM,10:01:54.5271914
9260,UTA Session 2,trial,34,E,A,0,2647.158,2.16400000000021,4/3/2024 12:00:00 AM,10:01:59.9262246
9260,UTA Session 2,trial,35,C,A,0,2654.109,3.94100000000026,4/3/2024 12:00:00 AM,10:02:08.6536081
9271,UTA Session 2,practice,1,B,B,1,2320.456,19.4089999999997,4/3/2024 12:00:00 AM,15:53:25.2664446
9271,UTA Session 2,practice,2,B,A,0,2394.26,6.22999999999956,4/3/2024 12:00:00 AM,15:54:25.8964673
9271,UTA Session 2,practice,3,C,C,1,2406.223,3.10600000000022,4/3/2024 12:00:00 AM,15:54:34.7372210
9271,UTA Session 2,practice,4,A,A,1,2410.815,2.70699999999988,4/3/2024 12:00:00 AM,15:54:38.9188308
9271,UTA Session 2,trial,1,B,A,0,2440.708,7.41199999999981,4/3/2024 12:00:00 AM,15:55:13.5306417
9271,UTA Session 2,trial,2,B,A,0,2453.377,5.23000000000002,4/3/2024 12:00:00 AM,15:55:24.0133953
9271,UTA Session 2,trial,3,C,B,0,2462.062,8.62300000000005,4/3/2024 12:00:00 AM,15:55:36.0813325
9271,UTA Session 2,trial,4,A,A,1,2474.16,3.32200000000012,4/3/2024 12:00:00 AM,15:55:42.8840935
9271,UTA Session 2,trial,5,B,C,0,2481.013,4.05799999999999,4/3/2024 12:00:00 AM,15:55:50.4760749
9271,UTA Session 2,trial,6,D,C,0,2488.403,16.1970000000001,4/3/2024 12:00:00 AM,15:56:09.9966323
9271,UTA Session 2,trial,7,B,C,0,2507.857,2.84400000000005,4/3/2024 12:00:00 AM,15:56:16.1114260
9271,UTA Session 2,trial,8,D,A,0,2514.403,8.48900000000003,4/3/2024 12:00:00 AM,15:56:28.2967165
9271,UTA Session 2,trial,9,C,C,1,2526.785,7.2180000000003,4/3/2024 12:00:00 AM,15:56:39.4062235
9271,UTA Session 2,trial,10,C,C,1,2537.233,13.6799999999998,4/3/2024 12:00:00 AM,15:56:56.3157899
9271,UTA Session 2,trial,11,B,A,0,2554.35,13.6959999999999,4/3/2024 12:00:00 AM,15:57:13.4559151
9271,UTA Session 2,trial,12,E,B,0,2572.105,12.489,4/3/2024 12:00:00 AM,15:57:30.0003615
9271,UTA Session 2,trial,13,B,D,0,2587.889,4.48799999999983,4/3/2024 12:00:00 AM,15:57:37.7776079
9271,UTA Session 2,trial,14,A,C,0,2595.268,2.66899999999987,4/3/2024 12:00:00 AM,15:57:43.3365975
9271,UTA Session 2,trial,15,E,A,0,2604.351,6.04399999999987,4/3/2024 12:00:00 AM,15:57:55.8064508
9271,UTA Session 2,trial,16,B,D,0,2614.244,5.43100000000004,4/3/2024 12:00:00 AM,15:58:05.0765611
9271,UTA Session 2,trial,17,A,C,0,2625.121,11.3849999999998,4/3/2024 12:00:00 AM,15:58:21.9170802
9271,UTA Session 2,trial,18,D,B,0,2639.603,16.328,4/3/2024 12:00:00 AM,15:58:41.3414551
9271,UTA Session 2,trial,19,E,E,1,2659.296,6.61000000000013,4/3/2024 12:00:00 AM,15:58:51.3046677
9271,UTA Session 2,trial,20,D,E,0,2669.036,7.46099999999979,4/3/2024 12:00:00 AM,15:59:01.8972207
9271,UTA Session 2,trial,21,A,A,1,2679.615,8.69900000000007,4/3/2024 12:00:00 AM,15:59:13.7138053
9271,UTA Session 2,trial,22,A,A,1,2691.855,10.915,4/3/2024 12:00:00 AM,15:59:28.1704610
9271,UTA Session 2,trial,23,D,D,1,2706.167,5.00800000000027,4/3/2024 12:00:00 AM,15:59:36.5775802
9271,UTA Session 2,trial,24,D,D,1,2714.096,2.73199999999997,4/3/2024 12:00:00 AM,15:59:42.2337536
9271,UTA Session 2,trial,25,E,A,0,2719.776,4.9670000000001,4/3/2024 12:00:00 AM,15:59:50.1528598
9271,UTA Session 2,trial,26,D,B,0,2728.058,3.82600000000002,4/3/2024 12:00:00 AM,15:59:57.2866807
9271,UTA Session 2,trial,27,E,D,0,2736.494,7.16899999999987,4/3/2024 12:00:00 AM,16:00:09.0743836
9271,UTA Session 2,trial,28,C,C,1,2747.16,4.14400000000023,4/3/2024 12:00:00 AM,16:00:16.7053125
9271,UTA Session 2,trial,29,C,B,0,2754.469,10.4940000000001,4/3/2024 12:00:00 AM,16:00:30.3734077
9271,UTA Session 2,trial,30,D,E,0,2768.136,3.50399999999991,4/3/2024 12:00:00 AM,16:00:37.0497188
9271,UTA Session 2,trial,31,C,D,0,2774.594,2.50999999999976,4/3/2024 12:00:00 AM,16:00:42.5161107
9271,UTA Session 2,trial,32,E,A,0,2780.104,1.83400000000029,4/3/2024 12:00:00 AM,16:00:47.3475992
9271,UTA Session 2,trial,33,A,B,0,2785.899,2.47900000000027,4/3/2024 12:00:00 AM,16:00:53.7769750
9271,UTA Session 2,trial,34,E,A,0,2793.303,2.25,4/3/2024 12:00:00 AM,16:01:00.9558368
9271,UTA Session 2,trial,35,C,D,0,2803.01,18.723,4/3/2024 12:00:00 AM,16:01:27.1446520
