SubID,compName,taskType,Mode,TrialNum,Grade,refMapName,viewMapName,ImageOritentation,TheirResponse,TimeToRespond,ISIEnd,InitiResp,NextClicked,trueScore,zeroFloorScore,lastPositiveScore,Difficulty,itemLabel,EntryDTS
9001,PSYC-132589,TOTDay1,Training, 1,0, 2.jpg,2.jpg,90,270,6.208, 104.587,110.788,104.586,-1,0,0,1,PE2_90,2022-10-24 09:24:53.979
9001,PSYC-132589,TOTDay1,Training, 2,1, 2.jpg,2.jpg,180,180,5.601, 117.275,122.876,117.274,0,0,0,1,PE2_180,2022-10-24 09:25:06.060
9001,PSYC-132589,TOTDay1,Training, 3,0, 2.jpg,2.jpg,60,30,6.903, 125.22,132.123,125.219,-1,0,0,2,PM2_60,2022-10-24 09:25:15.306
9001,PSYC-132589,TOTDay1,Training, 4,0, 2.jpg,2.jpg,30,60,5.475, 136.494,141.969,136.493,-2,0,0,2,PM2_30,2022-10-24 09:25:25.153
9001,PSYC-132589,TOTDay1,Training, 5,0, 2.jpg,2.jpg,210,300,8.523, 144.452,152.975,144.451,-3,0,0,3,PH2_210,2022-10-24 09:25:36.159
9001,PSYC-132589,TOTDay1,Training, 6,1, 2.jpg,2.jpg,120,120,9.519, 163.412,172.931,163.411,-2,0,0,3,PH2_120,2022-10-24 09:25:56.115
9001,PSYC-132589,TOTDay1,Training, 7,1, 2.jpg,2.jpg,0,0,8.366, 174.43,182.795,174.429,-1,0,0,1,PE2_0,2022-10-24 09:26:05.979
9001,PSYC-132589,TOTDay1,Training, 8,0, 2.jpg,2.jpg,240,300,13.681, 183.77,197.451,183.769,-2,0,0,3,PH2_240,2022-10-24 09:26:20.635
9001,PSYC-132589,TOTDay1,Training, 9,0, 2.jpg,2.jpg,330,300,4.171, 200.018,204.189,200.018,-3,0,0,2,PM2_330,2022-10-24 09:26:27.373
9001,PSYC-132589,TOTDay1,Training, 10,0, 2.jpg,2.jpg,150,120,12.826, 205.657,218.483,205.656,-4,0,0,3,PH2_150,2022-10-24 09:26:41.667
9001,PSYC-132589,TOTDay1,Training, 11,1, 2.jpg,2.jpg,300,300,5.783, 220.753,226.536,220.753,-3,0,0,2,PM2_300,2022-10-24 09:26:49.720
9001,PSYC-132589,TOTDay1,Training, 12,1, 2.jpg,2.jpg,270,270,4.157, 228.582,232.739,228.582,-2,0,0,1,PE2_270,2022-10-24 09:26:55.923
9001,PSYC-132589,TOTDay1,Experiment, 1,1, 8.jpg,8.jpg,330,330,22.715, 236.432,259.147,233.71,1,0,0,2,BM8_330,2022-10-24 09:27:22.331
9001,PSYC-132589,TOTDay1,Experiment, 2,1, 6.jpg,6.jpg,90,90,14.883, 260.944,275.827,260.943,2,0,0,1,BE6_90,2022-10-24 09:27:39.011
9001,PSYC-132589,TOTDay1,Experiment, 3,0, 8.jpg,8.jpg,210,60,25.213, 277.083,302.297,277.083,1,0,0,3,AH8_210,2022-10-24 09:28:05.480
9001,PSYC-132589,TOTDay1,Experiment, 4,1, 6.jpg,6.jpg,30,30,14.251, 305.244,319.495,305.243,2,0,0,2,AM6_30,2022-10-24 09:28:22.678
9001,PSYC-132589,TOTDay1,Experiment, 5,1, 4.jpg,4.jpg,180,180,33.001, 320.784,353.786,320.784,3,0,0,1,AE4_180,2022-10-24 09:28:56.970
9001,PSYC-132589,TOTDay1,Experiment, 6,0, 10.jpg,10.jpg,150,30,29.973, 354.612,384.585,354.611,2,0,0,3,AH10_150,2022-10-24 09:29:27.770
9001,PSYC-132589,TOTDay1,Experiment, 7,0, 1.jpg,1.jpg,150,210,20.7, 385.754,406.454,385.753,1,0,0,3,BH1_150,2022-10-24 09:29:49.638
9001,PSYC-132589,TOTDay1,Experiment, 8,1, 3.jpg,3.jpg,90,90,11.691, 407.615,419.307,407.615,2,0,0,1,AE3_90,2022-10-24 09:30:02.490
9001,PSYC-132589,TOTDay1,Experiment, 9,1, 7.jpg,7.jpg,330,330,10.305, 420.126,430.431,420.126,3,0,0,2,AM7_330,2022-10-24 09:30:13.615
9001,PSYC-132589,TOTDay1,Experiment, 10,0, 9.jpg,9.jpg,240,300,24.743, 431.274,456.016,431.273,2,0,0,3,AH9_240,2022-10-24 09:30:39.200
9001,PSYC-132589,TOTDay1,Experiment, 11,0, 7.jpg,7.jpg,270,90,4.739, 459.296,464.035,459.295,1,0,0,1,BE7_270,2022-10-24 09:30:47.219
9001,PSYC-132589,TOTDay1,Experiment, 12,1, 11.jpg,11.jpg,60,60,22.454, 471.147,493.601,471.146,2,0,0,2,AM11_60,2022-10-24 09:31:16.784
9001,PSYC-132589,TOTDay1,Experiment, 13,0, 3.jpg,3.jpg,240,300,29.402, 494.479,523.881,494.478,1,0,0,3,BH3_240,2022-10-24 09:31:47.065
9001,PSYC-132589,TOTDay1,Experiment, 14,0, 9.jpg,9.jpg,30,150,22.916, 524.945,547.861,524.944,0,0,0,2,BM9_30,2022-10-24 09:32:11.045
9001,PSYC-132589,TOTDay1,Experiment, 15,1, 1.jpg,1.jpg,270,270,9.544, 548.894,558.438,548.893,1,0,0,1,AE1_270,2022-10-24 09:32:21.621
9001,PSYC-132589,TOTDay1,Experiment, 16,1, 4.jpg,4.jpg,210,210,30.519, 559.174,589.693,559.174,2,0,0,3,BH4_210,2022-10-24 09:32:52.877
9001,PSYC-132589,TOTDay1,Experiment, 17,1, 11.jpg,11.jpg,180,180,19.957, 590.479,610.437,590.479,3,0,0,1,BE11_180,2022-10-24 09:33:13.620
9001,PSYC-132589,TOTDay1,Experiment, 18,0, 10.jpg,10.jpg,60,120,13.907, 611.192,625.099,611.191,2,0,0,2,BM10_60,2022-10-24 09:33:28.283
9002,PSYC-134128,TOTDay1,Training, 1,0, 2.jpg,2.jpg,90,270,5.197, 21.823,27.014,21.822,-1,0,0,1,PE2_90,2022-10-24 09:38:39.604
9002,PSYC-134128,TOTDay1,Training, 2,1, 2.jpg,2.jpg,180,180,4.283, 32.118,36.4,32.118,0,0,0,1,PE2_180,2022-10-24 09:38:48.986
9002,PSYC-134128,TOTDay1,Training, 3,0, 2.jpg,2.jpg,60,120,10.3, 37.662,47.962,37.662,-1,0,0,2,PM2_60,2022-10-24 09:39:00.546
9002,PSYC-134128,TOTDay1,Training, 4,1, 2.jpg,2.jpg,30,30,7.067, 51.197,58.264,51.196,0,0,0,2,PM2_30,2022-10-24 09:39:10.849
9002,PSYC-134128,TOTDay1,Training, 5,0, 2.jpg,2.jpg,210,150,12.478, 59.143,71.622,59.143,-1,0,0,3,PH2_210,2022-10-24 09:39:24.206
9002,PSYC-134128,TOTDay1,Training, 6,0, 2.jpg,2.jpg,120,30,13.121, 79.196,92.318,79.196,-2,0,0,3,PH2_120,2022-10-24 09:39:44.902
9002,PSYC-134128,TOTDay1,Training, 7,1, 2.jpg,2.jpg,0,0,5.92, 100.255,106.175,100.254,-1,0,0,1,PE2_0,2022-10-24 09:39:58.759
9002,PSYC-134128,TOTDay1,Training, 8,0, 2.jpg,2.jpg,240,60,14.478, 108.546,123.024,108.546,-2,0,0,3,PH2_240,2022-10-24 09:40:15.608
9002,PSYC-134128,TOTDay1,Training, 9,0, 2.jpg,2.jpg,330,30,5.083, 125.834,130.918,125.834,-3,0,0,2,PM2_330,2022-10-24 09:40:23.502
9002,PSYC-134128,TOTDay1,Training, 10,1, 2.jpg,2.jpg,150,150,13.291, 136.565,149.856,136.564,-2,0,0,3,PH2_150,2022-10-24 09:40:42.440
9002,PSYC-134128,TOTDay1,Training, 11,0, 2.jpg,2.jpg,300,210,13.454, 151.968,165.422,151.968,-3,0,0,2,PM2_300,2022-10-24 09:40:58.006
9002,PSYC-134128,TOTDay1,Training, 12,1, 2.jpg,2.jpg,270,270,8.661, 166.283,174.944,166.282,-2,0,0,1,PE2_270,2022-10-24 09:41:07.528
9002,PSYC-134128,TOTDay1,Experiment, 1,0, 10.jpg,10.jpg,60,30,10.272, 177.93,188.202,176.046,-1,0,0,2,BM10_60,2022-10-24 09:41:20.786
9002,PSYC-134128,TOTDay1,Experiment, 2,0, 9.jpg,9.jpg,240,270,10.714, 189.961,200.676,189.961,-2,0,0,3,AH9_240,2022-10-24 09:41:33.259
9002,PSYC-134128,TOTDay1,Experiment, 3,0, 4.jpg,4.jpg,180,210,9.397, 201.446,210.844,201.446,-3,0,0,1,AE4_180,2022-10-24 09:41:43.428
9002,PSYC-134128,TOTDay1,Experiment, 4,1, 11.jpg,11.jpg,60,60,9.896, 211.668,221.564,211.668,-2,0,0,2,AM11_60,2022-10-24 09:41:54.148
9002,PSYC-134128,TOTDay1,Experiment, 5,1, 11.jpg,11.jpg,180,180,7.343, 222.776,230.12,222.776,-1,0,0,1,BE11_180,2022-10-24 09:42:02.703
9002,PSYC-134128,TOTDay1,Experiment, 6,0, 10.jpg,10.jpg,150,240,16.697, 231.476,248.174,231.476,-2,0,0,3,AH10_150,2022-10-24 09:42:20.757
9002,PSYC-134128,TOTDay1,Experiment, 7,1, 9.jpg,9.jpg,30,30,4.956, 248.889,253.846,248.888,-1,0,0,2,BM9_30,2022-10-24 09:42:26.429
9002,PSYC-134128,TOTDay1,Experiment, 8,1, 7.jpg,7.jpg,270,270,13.673, 254.521,268.195,254.521,0,0,0,1,BE7_270,2022-10-24 09:42:40.778
9002,PSYC-134128,TOTDay1,Experiment, 9,1, 4.jpg,4.jpg,210,210,13.316, 268.962,282.278,268.962,1,0,0,3,BH4_210,2022-10-24 09:42:54.862
9002,PSYC-134128,TOTDay1,Experiment, 10,1, 8.jpg,8.jpg,210,210,17.491, 283.005,300.496,283.004,2,0,0,3,AH8_210,2022-10-24 09:43:13.079
9002,PSYC-134128,TOTDay1,Experiment, 11,0, 1.jpg,1.jpg,270,300,16.771, 301.242,318.014,301.242,1,0,0,1,AE1_270,2022-10-24 09:43:30.597
9002,PSYC-134128,TOTDay1,Experiment, 12,1, 8.jpg,8.jpg,330,330,6.639, 318.67,325.31,318.67,2,0,0,2,BM8_330,2022-10-24 09:43:37.894
9002,PSYC-134128,TOTDay1,Experiment, 13,0, 6.jpg,6.jpg,30,300,10.855, 325.779,336.634,325.778,1,0,0,2,AM6_30,2022-10-24 09:43:49.218
9002,PSYC-134128,TOTDay1,Experiment, 14,0, 1.jpg,1.jpg,150,330,25.686, 337.191,362.877,337.19,0,0,0,3,BH1_150,2022-10-24 09:44:15.460
9002,PSYC-134128,TOTDay1,Experiment, 15,0, 3.jpg,3.jpg,90,60,31.851, 363.413,395.264,363.412,-1,0,0,1,AE3_90,2022-10-24 09:44:47.848
9002,PSYC-134128,TOTDay1,Experiment, 16,0, 6.jpg,6.jpg,90,300,9.079, 395.911,404.99,395.91,-2,0,0,1,BE6_90,2022-10-24 09:44:57.574
9002,PSYC-134128,TOTDay1,Experiment, 17,1, 7.jpg,7.jpg,330,330,4.087, 405.474,409.562,405.474,-1,0,0,2,AM7_330,2022-10-24 09:45:02.145
9002,PSYC-134128,TOTDay1,Experiment, 18,1, 3.jpg,3.jpg,240,240,8.145, 410.226,418.371,410.226,0,0,0,3,BH3_240,2022-10-24 09:45:10.954
9003,PSYC-134130,TOTDay1,Training, 1,0, 2.jpg,2.jpg,90,60,9.205, 48.378,57.576,48.371,-1,0,0,1,PE2_90,2022-10-24 10:14:11.791
9003,PSYC-134130,TOTDay1,Training, 2,0, 2.jpg,2.jpg,180,240,8.71, 61.548,70.257,61.547,-2,0,0,1,PE2_180,2022-10-24 10:14:24.466
9003,PSYC-134130,TOTDay1,Training, 3,0, 2.jpg,2.jpg,60,150,9.769, 78.548,88.317,78.547,-3,0,0,2,PM2_60,2022-10-24 10:14:42.525
9003,PSYC-134130,TOTDay1,Training, 4,1, 2.jpg,2.jpg,30,30,4.076, 93.615,97.692,93.615,-2,0,0,2,PM2_30,2022-10-24 10:14:51.900
9003,PSYC-134130,TOTDay1,Training, 5,0, 2.jpg,2.jpg,210,240,6.367, 99.7,106.067,99.699,-3,0,0,3,PH2_210,2022-10-24 10:15:00.276
9003,PSYC-134130,TOTDay1,Training, 6,0, 2.jpg,2.jpg,120,90,4.043, 114.482,118.525,114.481,-4,0,0,3,PH2_120,2022-10-24 10:15:12.734
9003,PSYC-134130,TOTDay1,Training, 7,1, 2.jpg,2.jpg,0,0,1.973, 125.38,127.353,125.379,-3,0,0,1,PE2_0,2022-10-24 10:15:21.562
9003,PSYC-134130,TOTDay1,Training, 8,1, 2.jpg,2.jpg,240,240,6.126, 129.938,136.064,129.937,-2,0,0,3,PH2_240,2022-10-24 10:15:30.273
9003,PSYC-134130,TOTDay1,Training, 9,0, 2.jpg,2.jpg,330,30,9.735, 139.976,149.712,139.976,-3,0,0,2,PM2_330,2022-10-24 10:15:43.921
9003,PSYC-134130,TOTDay1,Training, 10,0, 2.jpg,2.jpg,150,300,4.853, 151.28,156.133,151.28,-4,0,0,3,PH2_150,2022-10-24 10:15:50.342
9003,PSYC-134130,TOTDay1,Training, 11,0, 2.jpg,2.jpg,300,330,3.662, 157.557,161.219,157.557,-5,0,0,2,PM2_300,2022-10-24 10:15:55.428
9003,PSYC-134130,TOTDay1,Training, 12,0, 2.jpg,2.jpg,270,90,5.591, 162.392,167.983,162.392,-6,0,0,1,PE2_270,2022-10-24 10:16:02.193
9003,PSYC-134130,TOTDay1,Experiment, 1,0, 8.jpg,8.jpg,210,150,9.609, 171.444,181.053,169.259,-1,0,0,3,AH8_210,2022-10-24 10:16:15.262
9003,PSYC-134130,TOTDay1,Experiment, 2,0, 4.jpg,4.jpg,180,210,7.163, 182.682,189.845,182.681,-2,0,0,1,AE4_180,2022-10-24 10:16:24.054
9003,PSYC-134130,TOTDay1,Experiment, 3,0, 10.jpg,10.jpg,60,240,2.327, 192.288,194.615,192.287,-3,0,0,2,BM10_60,2022-10-24 10:16:28.825
9003,PSYC-134130,TOTDay1,Experiment, 4,0, 4.jpg,4.jpg,210,180,4.651, 197.542,202.193,197.542,-4,0,0,3,BH4_210,2022-10-24 10:16:36.402
9003,PSYC-134130,TOTDay1,Experiment, 5,0, 11.jpg,11.jpg,60,270,3.476, 203.011,206.488,203.011,-5,0,0,2,AM11_60,2022-10-24 10:16:40.697
9003,PSYC-134130,TOTDay1,Experiment, 6,0, 6.jpg,6.jpg,90,120,4.807, 206.98,211.787,206.98,-6,0,0,1,BE6_90,2022-10-24 10:16:45.996
9003,PSYC-134130,TOTDay1,Experiment, 7,0, 3.jpg,3.jpg,240,300,8.022, 212.303,220.325,212.303,-7,0,0,3,BH3_240,2022-10-24 10:16:54.535
9003,PSYC-134130,TOTDay1,Experiment, 8,0, 6.jpg,6.jpg,30,60,2.498, 221.013,223.511,221.013,-8,0,0,2,AM6_30,2022-10-24 10:16:57.721
9003,PSYC-134130,TOTDay1,Experiment, 9,0, 11.jpg,11.jpg,180,150,2.607, 226.75,229.357,226.749,-9,0,0,1,BE11_180,2022-10-24 10:17:03.567
9003,PSYC-134130,TOTDay1,Experiment, 10,0, 7.jpg,7.jpg,330,150,2.557, 232.852,235.409,232.851,-10,0,0,2,AM7_330,2022-10-24 10:17:09.619
9003,PSYC-134130,TOTDay1,Experiment, 11,0, 3.jpg,3.jpg,90,120,2.237, 236.162,238.399,236.161,-11,0,0,1,AE3_90,2022-10-24 10:17:12.609
9003,PSYC-134130,TOTDay1,Experiment, 12,0, 1.jpg,1.jpg,150,0,0.339, 238.592,238.931,238.591,-12,0,0,3,BH1_150,2022-10-24 10:17:13.141
9003,PSYC-134130,TOTDay1,Experiment, 13,0, 9.jpg,9.jpg,240,90,1.789, 239.726,241.516,239.726,-13,0,0,3,AH9_240,2022-10-24 10:17:15.725
9003,PSYC-134130,TOTDay1,Experiment, 14,0, 8.jpg,8.jpg,330,210,2.533, 241.894,244.427,241.893,-14,0,0,2,BM8_330,2022-10-24 10:17:18.637
9003,PSYC-134130,TOTDay1,Experiment, 15,0, 1.jpg,1.jpg,270,150,2.891, 244.792,247.683,244.792,-15,0,0,1,AE1_270,2022-10-24 10:17:21.893
9003,PSYC-134130,TOTDay1,Experiment, 16,0, 9.jpg,9.jpg,30,0,0.425, 248.078,248.503,248.077,-16,0,0,2,BM9_30,2022-10-24 10:17:22.714
9003,PSYC-134130,TOTDay1,Experiment, 17,0, 7.jpg,7.jpg,270,60,3.673, 249.216,252.889,249.215,-17,0,0,1,BE7_270,2022-10-24 10:17:27.099
9003,PSYC-134130,TOTDay1,Experiment, 18,0, 10.jpg,10.jpg,150,120,2.382, 253.264,255.645,253.263,-18,0,0,3,AH10_150,2022-10-24 10:17:29.856
9005,PSYC-132589,TOTDay1,Training, 1,1, 2.jpg,2.jpg,90,90,4.288, 68.271,72.557,68.27,1,0,0,1,PE2_90,2022-10-24 12:18:17.620
9005,PSYC-132589,TOTDay1,Training, 2,1, 2.jpg,2.jpg,180,180,5.211, 76.095,81.307,76.095,2,0,0,1,PE2_180,2022-10-24 12:18:26.368
9005,PSYC-132589,TOTDay1,Training, 3,0, 2.jpg,2.jpg,60,120,4.323, 82.15,86.473,82.149,1,0,0,2,PM2_60,2022-10-24 12:18:31.533
9005,PSYC-132589,TOTDay1,Training, 4,1, 2.jpg,2.jpg,30,30,5.603, 91.469,97.073,91.469,2,0,0,2,PM2_30,2022-10-24 12:18:42.134
9005,PSYC-132589,TOTDay1,Training, 5,0, 2.jpg,2.jpg,210,330,4.077, 98.197,102.275,98.197,1,0,0,3,PH2_210,2022-10-24 12:18:47.335
9005,PSYC-132589,TOTDay1,Training, 6,1, 2.jpg,2.jpg,120,120,7.605, 108.735,116.341,108.735,2,0,0,3,PH2_120,2022-10-24 12:19:01.402
9005,PSYC-132589,TOTDay1,Training, 7,1, 2.jpg,2.jpg,0,0,3.76, 117.445,121.205,117.445,3,0,0,1,PE2_0,2022-10-24 12:19:06.266
9005,PSYC-132589,TOTDay1,Training, 8,0, 2.jpg,2.jpg,240,60,12.151, 121.981,134.133,121.981,2,0,0,3,PH2_240,2022-10-24 12:19:19.194
9005,PSYC-132589,TOTDay1,Training, 9,0, 2.jpg,2.jpg,330,210,4.667, 135.679,140.347,135.679,1,0,0,2,PM2_330,2022-10-24 12:19:25.407
9005,PSYC-132589,TOTDay1,Training, 10,0, 2.jpg,2.jpg,150,210,6.603, 141.154,147.757,141.153,0,0,0,3,PH2_150,2022-10-24 12:19:32.817
9005,PSYC-132589,TOTDay1,Training, 11,0, 2.jpg,2.jpg,300,210,8.567, 148.47,157.037,148.47,-1,0,0,2,PM2_300,2022-10-24 12:19:42.098
9005,PSYC-132589,TOTDay1,Training, 12,1, 2.jpg,2.jpg,270,270,4.999, 158.269,163.269,158.269,0,0,0,1,PE2_270,2022-10-24 12:19:48.330
9005,PSYC-132589,TOTDay1,Experiment, 1,0, 3.jpg,3.jpg,240,60,10.653, 165.964,176.617,163.915,-1,0,0,3,BH3_240,2022-10-24 12:20:01.678
9005,PSYC-132589,TOTDay1,Experiment, 2,0, 11.jpg,11.jpg,60,210,8.929, 177.975,186.904,177.975,-2,0,0,2,AM11_60,2022-10-24 12:20:11.965
9005,PSYC-132589,TOTDay1,Experiment, 3,1, 6.jpg,6.jpg,90,90,6.598, 187.725,194.323,187.725,-1,0,0,1,BE6_90,2022-10-24 12:20:19.384
9005,PSYC-132589,TOTDay1,Experiment, 4,1, 7.jpg,7.jpg,330,330,9.879, 195.173,205.052,195.173,0,0,0,2,AM7_330,2022-10-24 12:20:30.113
9005,PSYC-132589,TOTDay1,Experiment, 5,1, 4.jpg,4.jpg,180,180,5.628, 206.005,211.633,206.005,1,0,0,1,AE4_180,2022-10-24 12:20:36.694
9005,PSYC-132589,TOTDay1,Experiment, 6,0, 4.jpg,4.jpg,210,150,8.402, 214.399,222.801,214.399,0,0,0,3,BH4_210,2022-10-24 12:20:47.862
9005,PSYC-132589,TOTDay1,Experiment, 7,0, 10.jpg,10.jpg,60,120,11.065, 223.498,234.563,223.497,-1,0,0,2,BM10_60,2022-10-24 12:20:59.623
9005,PSYC-132589,TOTDay1,Experiment, 8,0, 3.jpg,3.jpg,90,180,4.224, 235.143,239.367,235.143,-2,0,0,1,AE3_90,2022-10-24 12:21:04.427
9005,PSYC-132589,TOTDay1,Experiment, 9,0, 9.jpg,9.jpg,240,210,16.587, 240.169,256.757,240.169,-3,0,0,3,AH9_240,2022-10-24 12:21:21.817
9005,PSYC-132589,TOTDay1,Experiment, 10,0, 8.jpg,8.jpg,210,120,11.955, 257.409,269.365,257.409,-4,0,0,3,AH8_210,2022-10-24 12:21:34.425
9005,PSYC-132589,TOTDay1,Experiment, 11,0, 8.jpg,8.jpg,330,300,9.13, 269.945,279.075,269.945,-5,0,0,2,BM8_330,2022-10-24 12:21:44.136
9005,PSYC-132589,TOTDay1,Experiment, 12,1, 1.jpg,1.jpg,270,270,9.963, 279.636,289.599,279.635,-4,0,0,1,AE1_270,2022-10-24 12:21:54.660
9005,PSYC-132589,TOTDay1,Experiment, 13,0, 7.jpg,7.jpg,270,90,5.805, 290.393,296.199,290.393,-5,0,0,1,BE7_270,2022-10-24 12:22:01.259
9005,PSYC-132589,TOTDay1,Experiment, 14,0, 10.jpg,10.jpg,150,120,17.299, 300.314,317.613,300.313,-6,0,0,3,AH10_150,2022-10-24 12:22:22.674
9005,PSYC-132589,TOTDay1,Experiment, 15,0, 9.jpg,9.jpg,30,0,10.232, 318.239,328.471,318.239,-7,0,0,2,BM9_30,2022-10-24 12:22:33.533
9005,PSYC-132589,TOTDay1,Experiment, 16,0, 6.jpg,6.jpg,30,330,9.519, 329.023,338.543,329.023,-8,0,0,2,AM6_30,2022-10-24 12:22:43.604
9005,PSYC-132589,TOTDay1,Experiment, 17,0, 1.jpg,1.jpg,150,90,7.953, 339.188,347.141,339.187,-9,0,0,3,BH1_150,2022-10-24 12:22:52.202
9005,PSYC-132589,TOTDay1,Experiment, 18,0, 11.jpg,11.jpg,180,330,22.804, 347.699,370.503,347.698,-10,0,0,1,BE11_180,2022-10-24 12:23:15.564
9004,PSYC-134128,TOTDay1,Training, 1,0, 2.jpg,2.jpg,90,180,8.614, 44.26,52.872,44.259,-1,0,0,1,PE2_90,2022-10-24 12:41:46.130
9004,PSYC-134128,TOTDay1,Training, 2,0, 2.jpg,2.jpg,180,0,3.927, 62.11,66.037,62.109,-2,0,0,1,PE2_180,2022-10-24 12:41:59.293
9004,PSYC-134128,TOTDay1,Training, 3,0, 2.jpg,2.jpg,60,120,8.263, 73.262,81.525,73.261,-3,0,0,2,PM2_60,2022-10-24 12:42:14.782
9004,PSYC-134128,TOTDay1,Training, 4,1, 2.jpg,2.jpg,30,30,6.068, 84.374,90.442,84.373,-2,0,0,2,PM2_30,2022-10-24 12:42:23.698
9004,PSYC-134128,TOTDay1,Training, 5,0, 2.jpg,2.jpg,210,240,6.851, 92.668,99.519,92.667,-3,0,0,3,PH2_210,2022-10-24 12:42:32.775
9004,PSYC-134128,TOTDay1,Training, 6,0, 2.jpg,2.jpg,120,0,0.155, 106.664,106.818,106.663,-4,0,0,3,PH2_120,2022-10-24 12:42:40.074
9004,PSYC-134128,TOTDay1,Training, 7,1, 2.jpg,2.jpg,0,0,4.413, 120.374,124.787,120.373,-3,0,0,1,PE2_0,2022-10-24 12:42:58.043
9004,PSYC-134128,TOTDay1,Training, 8,0, 2.jpg,2.jpg,240,210,6.311, 126.027,132.339,126.027,-4,0,0,3,PH2_240,2022-10-24 12:43:05.595
9004,PSYC-134128,TOTDay1,Training, 9,1, 2.jpg,2.jpg,330,330,4.627, 134.509,139.137,134.509,-3,0,0,2,PM2_330,2022-10-24 12:43:12.393
9004,PSYC-134128,TOTDay1,Training, 10,1, 2.jpg,2.jpg,150,150,4.219, 140.936,145.155,140.935,-2,0,0,3,PH2_150,2022-10-24 12:43:18.411
9004,PSYC-134128,TOTDay1,Training, 11,1, 2.jpg,2.jpg,300,300,5.447, 146.003,151.451,146.003,-1,0,0,2,PM2_300,2022-10-24 12:43:24.706
9004,PSYC-134128,TOTDay1,Training, 12,0, 2.jpg,2.jpg,270,90,3.969, 152.652,156.621,152.651,-2,0,0,1,PE2_270,2022-10-24 12:43:29.877
9004,PSYC-134128,TOTDay1,Experiment, 1,0, 6.jpg,6.jpg,90,300,30.145, 159.486,189.631,157.605,-1,0,0,1,BE6_90,2022-10-24 12:44:02.887
9004,PSYC-134128,TOTDay1,Experiment, 2,0, 1.jpg,1.jpg,150,240,13.861, 190.416,204.277,190.415,-2,0,0,3,BH1_150,2022-10-24 12:44:17.533
9004,PSYC-134128,TOTDay1,Experiment, 3,1, 10.jpg,10.jpg,60,60,6.641, 205.413,212.055,205.413,-1,0,0,2,BM10_60,2022-10-24 12:44:25.311
9004,PSYC-134128,TOTDay1,Experiment, 4,0, 11.jpg,11.jpg,60,240,11.684, 212.756,224.441,212.755,-2,0,0,2,AM11_60,2022-10-24 12:44:37.696
9004,PSYC-134128,TOTDay1,Experiment, 5,0, 4.jpg,4.jpg,210,150,7.119, 225.264,232.383,225.263,-3,0,0,3,BH4_210,2022-10-24 12:44:45.639
9004,PSYC-134128,TOTDay1,Experiment, 6,0, 11.jpg,11.jpg,180,30,5.883, 233.732,239.615,233.731,-4,0,0,1,BE11_180,2022-10-24 12:44:52.871
9004,PSYC-134128,TOTDay1,Experiment, 7,0, 6.jpg,6.jpg,30,60,3.642, 240.17,243.812,240.169,-5,0,0,2,AM6_30,2022-10-24 12:44:57.068
9004,PSYC-134128,TOTDay1,Experiment, 8,0, 3.jpg,3.jpg,90,120,3.832, 244.771,248.603,244.771,-6,0,0,1,AE3_90,2022-10-24 12:45:01.859
9004,PSYC-134128,TOTDay1,Experiment, 9,0, 3.jpg,3.jpg,240,0,0.757, 249.112,249.869,249.111,-7,0,0,3,BH3_240,2022-10-24 12:45:03.125
9004,PSYC-134128,TOTDay1,Experiment, 10,0, 1.jpg,1.jpg,270,180,4.765, 252.808,257.573,252.807,-8,0,0,1,AE1_270,2022-10-24 12:45:10.829
9004,PSYC-134128,TOTDay1,Experiment, 11,0, 8.jpg,8.jpg,330,150,10.082, 258.635,268.717,258.635,-9,0,0,2,BM8_330,2022-10-24 12:45:21.973
9004,PSYC-134128,TOTDay1,Experiment, 12,1, 10.jpg,10.jpg,150,150,6.214, 269.181,275.395,269.181,-8,0,0,3,AH10_150,2022-10-24 12:45:28.651
9004,PSYC-134128,TOTDay1,Experiment, 13,0, 8.jpg,8.jpg,210,30,6.123, 275.894,282.017,275.893,-9,0,0,3,AH8_210,2022-10-24 12:45:35.273
9004,PSYC-134128,TOTDay1,Experiment, 14,0, 4.jpg,4.jpg,180,330,7.348, 282.53,289.879,282.53,-10,0,0,1,AE4_180,2022-10-24 12:45:43.136
9004,PSYC-134128,TOTDay1,Experiment, 15,0, 7.jpg,7.jpg,330,300,11.961, 290.31,302.271,290.31,-11,0,0,2,AM7_330,2022-10-24 12:45:55.527
9004,PSYC-134128,TOTDay1,Experiment, 16,0, 7.jpg,7.jpg,270,60,10.278, 302.728,313.005,302.727,-12,0,0,1,BE7_270,2022-10-24 12:46:06.263
9004,PSYC-134128,TOTDay1,Experiment, 17,0, 9.jpg,9.jpg,30,0,0.883, 313.441,314.325,313.441,-13,0,0,2,BM9_30,2022-10-24 12:46:07.581
9004,PSYC-134128,TOTDay1,Experiment, 18,0, 9.jpg,9.jpg,240,0,0.757, 315.949,316.707,315.949,-14,0,0,3,AH9_240,2022-10-24 12:46:09.963
9006,PSYC-132589,TOTDay1,Training, 1,0, 2.jpg,2.jpg,90,270,7.361, 16.1,23.458,16.099,-1,0,0,1,PE2_90,2022-10-25 09:25:46.044
9006,PSYC-132589,TOTDay1,Training, 2,1, 2.jpg,2.jpg,180,180,10.094, 29.978,40.072,29.978,0,0,0,1,PE2_180,2022-10-25 09:26:02.655
9006,PSYC-132589,TOTDay1,Training, 3,0, 2.jpg,2.jpg,60,210,6.624, 41.382,48.006,41.382,-1,0,0,2,PM2_60,2022-10-25 09:26:10.590
9006,PSYC-132589,TOTDay1,Training, 4,0, 2.jpg,2.jpg,30,60,9.525, 52.286,61.811,52.285,-2,0,0,2,PM2_30,2022-10-25 09:26:24.395
9006,PSYC-132589,TOTDay1,Training, 5,1, 2.jpg,2.jpg,210,210,7.493, 64.639,72.133,64.639,-1,0,0,3,PH2_210,2022-10-25 09:26:34.716
9006,PSYC-132589,TOTDay1,Training, 6,0, 2.jpg,2.jpg,120,60,8.82, 73.044,81.863,73.043,-2,0,0,3,PH2_120,2022-10-25 09:26:44.447
9006,PSYC-132589,TOTDay1,Training, 7,1, 2.jpg,2.jpg,0,0,7.87, 86.992,94.862,86.991,-1,0,0,1,PE2_0,2022-10-25 09:26:57.446
9006,PSYC-132589,TOTDay1,Training, 8,0, 2.jpg,2.jpg,240,210,12.325, 96.722,109.047,96.721,-2,0,0,3,PH2_240,2022-10-25 09:27:11.630
9006,PSYC-132589,TOTDay1,Training, 9,0, 2.jpg,2.jpg,330,300,20.521, 110.286,130.807,110.286,-3,0,0,2,PM2_330,2022-10-25 09:27:33.391
9006,PSYC-132589,TOTDay1,Training, 10,0, 2.jpg,2.jpg,150,120,16.543, 132.266,148.809,132.265,-4,0,0,3,PH2_150,2022-10-25 09:27:51.392
9006,PSYC-132589,TOTDay1,Training, 11,0, 2.jpg,2.jpg,300,330,7.458, 149.859,157.317,149.858,-5,0,0,2,PM2_300,2022-10-25 09:27:59.901
9006,PSYC-132589,TOTDay1,Training, 12,1, 2.jpg,2.jpg,270,270,6.789, 158.464,165.254,158.463,-4,0,0,1,PE2_270,2022-10-25 09:28:07.836
9006,PSYC-132589,TOTDay1,Experiment, 1,0, 9.jpg,9.jpg,30,90,5.481, 169.878,175.359,166.527,-1,0,0,2,BM9_30,2022-10-25 09:28:17.942
9006,PSYC-132589,TOTDay1,Experiment, 2,0, 4.jpg,4.jpg,180,210,3.637, 176.669,180.307,176.669,-2,0,0,1,AE4_180,2022-10-25 09:28:22.890
9006,PSYC-132589,TOTDay1,Experiment, 3,0, 3.jpg,3.jpg,240,30,5.545, 181.343,186.889,181.343,-3,0,0,3,BH3_240,2022-10-25 09:28:29.472
9006,PSYC-132589,TOTDay1,Experiment, 4,0, 1.jpg,1.jpg,150,60,7.609, 188.032,195.641,188.031,-4,0,0,3,BH1_150,2022-10-25 09:28:38.224
9006,PSYC-132589,TOTDay1,Experiment, 5,0, 6.jpg,6.jpg,90,300,8.249, 196.612,204.861,196.611,-5,0,0,1,BE6_90,2022-10-25 09:28:47.444
9006,PSYC-132589,TOTDay1,Experiment, 6,0, 10.jpg,10.jpg,60,210,12.657, 205.792,218.449,205.791,-6,0,0,2,BM10_60,2022-10-25 09:29:01.033
9006,PSYC-132589,TOTDay1,Experiment, 7,0, 9.jpg,9.jpg,240,150,5.134, 219.298,224.433,219.298,-7,0,0,3,AH9_240,2022-10-25 09:29:07.016
9006,PSYC-132589,TOTDay1,Experiment, 8,0, 1.jpg,1.jpg,270,120,2.221, 225.371,227.593,225.371,-8,0,0,1,AE1_270,2022-10-25 09:29:10.176
9006,PSYC-132589,TOTDay1,Experiment, 9,0, 7.jpg,7.jpg,330,30,4.77, 231.552,236.321,231.551,-9,0,0,2,AM7_330,2022-10-25 09:29:18.904
9006,PSYC-132589,TOTDay1,Experiment, 10,0, 7.jpg,7.jpg,270,180,10.312, 237.52,247.832,237.519,-10,0,0,1,BE7_270,2022-10-25 09:29:30.414
9006,PSYC-132589,TOTDay1,Experiment, 11,0, 11.jpg,11.jpg,60,300,13.274, 254.699,267.973,254.699,-11,0,0,2,AM11_60,2022-10-25 09:29:50.556
9006,PSYC-132589,TOTDay1,Experiment, 12,0, 8.jpg,8.jpg,210,120,16.538, 269.033,285.572,269.033,-12,0,0,3,AH8_210,2022-10-25 09:30:08.154
9006,PSYC-132589,TOTDay1,Experiment, 13,0, 6.jpg,6.jpg,30,300,15.505, 286.359,301.865,286.359,-13,0,0,2,AM6_30,2022-10-25 09:30:24.448
9006,PSYC-132589,TOTDay1,Experiment, 14,0, 4.jpg,4.jpg,210,180,9.954, 302.672,312.625,302.671,-14,0,0,3,BH4_210,2022-10-25 09:30:35.208
9006,PSYC-132589,TOTDay1,Experiment, 15,0, 3.jpg,3.jpg,90,270,10.899, 313.357,324.257,313.357,-15,0,0,1,AE3_90,2022-10-25 09:30:46.840
9006,PSYC-132589,TOTDay1,Experiment, 16,0, 10.jpg,10.jpg,150,60,5.829, 325.15,330.979,325.149,-16,0,0,3,AH10_150,2022-10-25 09:30:53.562
9006,PSYC-132589,TOTDay1,Experiment, 17,0, 11.jpg,11.jpg,180,150,2.847, 331.807,334.655,331.807,-17,0,0,1,BE11_180,2022-10-25 09:30:57.238
9006,PSYC-132589,TOTDay1,Experiment, 18,0, 8.jpg,8.jpg,330,60,6.311, 335.515,341.826,335.514,-18,0,0,2,BM8_330,2022-10-25 09:31:04.408
9007,PSYC-134128,TOTDay1,Training, 1,1, 2.jpg,2.jpg,90,90,11.655, 140.883,152.536,140.882,1,0,0,1,PE2_90,2022-10-25 09:26:25.950
9007,PSYC-134128,TOTDay1,Training, 2,1, 2.jpg,2.jpg,180,180,3.986, 153.773,157.76,153.773,2,0,0,1,PE2_180,2022-10-25 09:26:31.172
9007,PSYC-134128,TOTDay1,Training, 3,0, 2.jpg,2.jpg,60,30,7.587, 159.346,166.934,159.346,1,0,0,2,PM2_60,2022-10-25 09:26:40.345
9007,PSYC-134128,TOTDay1,Training, 4,0, 2.jpg,2.jpg,30,300,9.493, 170.042,179.536,170.042,0,0,0,2,PM2_30,2022-10-25 09:26:52.947
9007,PSYC-134128,TOTDay1,Training, 5,1, 2.jpg,2.jpg,210,210,18.323, 181.612,199.934,181.611,1,0,0,3,PH2_210,2022-10-25 09:27:13.346
9007,PSYC-134128,TOTDay1,Training, 6,1, 2.jpg,2.jpg,120,120,8.375, 200.97,209.346,200.969,2,0,0,3,PH2_120,2022-10-25 09:27:22.757
9007,PSYC-134128,TOTDay1,Training, 7,1, 2.jpg,2.jpg,0,0,6.238, 210.082,216.32,210.081,3,0,0,1,PE2_0,2022-10-25 09:27:29.731
9007,PSYC-134128,TOTDay1,Training, 8,0, 2.jpg,2.jpg,240,210,18.942, 217.298,236.241,217.298,2,0,0,3,PH2_240,2022-10-25 09:27:49.652
9007,PSYC-134128,TOTDay1,Training, 9,1, 2.jpg,2.jpg,330,330,11.622, 236.708,248.33,236.708,3,0,0,2,PM2_330,2022-10-25 09:28:01.742
9007,PSYC-134128,TOTDay1,Training, 10,1, 2.jpg,2.jpg,150,150,10.48, 248.808,259.288,248.807,4,0,0,3,PH2_150,2022-10-25 09:28:12.699
9007,PSYC-134128,TOTDay1,Training, 11,1, 2.jpg,2.jpg,300,300,8.914, 260.054,268.968,260.054,5,0,0,2,PM2_300,2022-10-25 09:28:22.380
9007,PSYC-134128,TOTDay1,Training, 12,0, 2.jpg,2.jpg,270,90,5.926, 269.812,275.738,269.812,4,0,0,1,PE2_270,2022-10-25 09:28:29.149
9007,PSYC-134128,TOTDay1,Experiment, 1,1, 4.jpg,4.jpg,180,180,8.18, 278.768,286.948,276.628,1,0,0,1,AE4_180,2022-10-25 09:28:40.359
9007,PSYC-134128,TOTDay1,Experiment, 2,1, 7.jpg,7.jpg,330,330,9.605, 287.691,297.296,287.69,2,0,0,2,AM7_330,2022-10-25 09:28:50.707
9007,PSYC-134128,TOTDay1,Experiment, 3,1, 4.jpg,4.jpg,210,210,16.523, 297.773,314.296,297.772,3,0,0,3,BH4_210,2022-10-25 09:29:07.707
9007,PSYC-134128,TOTDay1,Experiment, 4,0, 8.jpg,8.jpg,210,30,7.637, 314.794,322.432,314.794,2,0,0,3,AH8_210,2022-10-25 09:29:15.843
9007,PSYC-134128,TOTDay1,Experiment, 5,1, 1.jpg,1.jpg,270,270,9.561, 323.712,333.274,323.712,3,0,0,1,AE1_270,2022-10-25 09:29:26.686
9007,PSYC-134128,TOTDay1,Experiment, 6,1, 8.jpg,8.jpg,330,330,6.713, 333.934,340.648,333.934,4,0,0,2,BM8_330,2022-10-25 09:29:34.060
9007,PSYC-134128,TOTDay1,Experiment, 7,1, 11.jpg,11.jpg,60,60,11.447, 341.362,352.81,341.362,5,0,0,2,AM11_60,2022-10-25 09:29:46.221
9007,PSYC-134128,TOTDay1,Experiment, 8,1, 3.jpg,3.jpg,90,90,11.613, 353.294,364.908,353.294,6,0,0,1,AE3_90,2022-10-25 09:29:58.320
9007,PSYC-134128,TOTDay1,Experiment, 9,1, 9.jpg,9.jpg,240,240,18.625, 365.388,384.014,365.388,7,0,0,3,AH9_240,2022-10-25 09:30:17.426
9007,PSYC-134128,TOTDay1,Experiment, 10,0, 3.jpg,3.jpg,240,210,25.681, 384.514,410.196,384.514,6,0,0,3,BH3_240,2022-10-25 09:30:43.607
9007,PSYC-134128,TOTDay1,Experiment, 11,1, 7.jpg,7.jpg,270,270,10.921, 410.723,421.644,410.722,7,0,0,1,BE7_270,2022-10-25 09:30:55.057
9007,PSYC-134128,TOTDay1,Experiment, 12,1, 6.jpg,6.jpg,30,30,8.938, 422.116,431.055,422.116,8,0,0,2,AM6_30,2022-10-25 09:31:04.466
9007,PSYC-134128,TOTDay1,Experiment, 13,1, 1.jpg,1.jpg,150,150,14.595, 431.488,446.084,431.488,9,0,0,3,BH1_150,2022-10-25 09:31:19.496
9007,PSYC-134128,TOTDay1,Experiment, 14,1, 10.jpg,10.jpg,60,60,18.787, 446.556,465.344,446.556,10,0,0,2,BM10_60,2022-10-25 09:31:38.755
9007,PSYC-134128,TOTDay1,Experiment, 15,1, 11.jpg,11.jpg,180,180,4.819, 465.82,470.64,465.82,11,0,0,1,BE11_180,2022-10-25 09:31:44.052
9007,PSYC-134128,TOTDay1,Experiment, 16,0, 10.jpg,10.jpg,150,120,9.579, 471.428,481.008,471.428,10,0,0,3,AH10_150,2022-10-25 09:31:54.419
9007,PSYC-134128,TOTDay1,Experiment, 17,1, 9.jpg,9.jpg,30,30,10.961, 481.566,492.528,481.566,11,0,0,2,BM9_30,2022-10-25 09:32:05.940
9007,PSYC-134128,TOTDay1,Experiment, 18,1, 6.jpg,6.jpg,90,90,17.495, 492.996,510.491,492.996,12,0,0,1,BE6_90,2022-10-25 09:32:23.904
9009,PSYC-132589,TOTDay1,Training, 1,1, 2.jpg,2.jpg,90,90,9.711, 61.452,71.161,61.451,1,0,0,1,PE2_90,2022-10-25 12:08:47.096
9009,PSYC-132589,TOTDay1,Training, 2,1, 2.jpg,2.jpg,180,180,3.129, 72.859,75.988,72.859,2,0,0,1,PE2_180,2022-10-25 12:08:51.921
9009,PSYC-132589,TOTDay1,Training, 3,1, 2.jpg,2.jpg,60,60,9.001, 79.576,88.577,79.575,3,0,0,2,PM2_60,2022-10-25 12:09:04.509
9009,PSYC-132589,TOTDay1,Training, 4,1, 2.jpg,2.jpg,30,30,3.457, 89.764,93.221,89.763,4,0,0,2,PM2_30,2022-10-25 12:09:09.153
9009,PSYC-132589,TOTDay1,Training, 5,1, 2.jpg,2.jpg,210,210,12.035, 94.048,106.083,94.047,5,0,0,3,PH2_210,2022-10-25 12:09:22.015
9009,PSYC-132589,TOTDay1,Training, 6,0, 2.jpg,2.jpg,120,150,3.384, 106.787,110.171,106.787,4,0,0,3,PH2_120,2022-10-25 12:09:26.104
9009,PSYC-132589,TOTDay1,Training, 7,1, 2.jpg,2.jpg,0,0,5.915, 115.389,121.304,115.389,5,0,0,1,PE2_0,2022-10-25 12:09:37.238
9009,PSYC-132589,TOTDay1,Training, 8,1, 2.jpg,2.jpg,240,240,8.992, 121.775,130.767,121.774,6,0,0,3,PH2_240,2022-10-25 12:09:46.700
9009,PSYC-132589,TOTDay1,Training, 9,1, 2.jpg,2.jpg,330,330,5.144, 131.409,136.553,131.409,7,0,0,2,PM2_330,2022-10-25 12:09:52.486
9009,PSYC-132589,TOTDay1,Training, 10,1, 2.jpg,2.jpg,150,150,4.91, 137.103,142.013,137.103,8,0,0,3,PH2_150,2022-10-25 12:09:57.946
9009,PSYC-132589,TOTDay1,Training, 11,1, 2.jpg,2.jpg,300,300,6.281, 142.517,148.798,142.517,9,0,0,2,PM2_300,2022-10-25 12:10:04.731
9009,PSYC-132589,TOTDay1,Training, 12,1, 2.jpg,2.jpg,270,270,3.114, 149.292,152.405,149.291,10,0,0,1,PE2_270,2022-10-25 12:10:08.339
9009,PSYC-132589,TOTDay1,Experiment, 1,1, 9.jpg,9.jpg,30,30,6.32, 156.285,162.605,154.203,1,0,0,2,BM9_30,2022-10-25 12:10:18.538
9009,PSYC-132589,TOTDay1,Experiment, 2,1, 1.jpg,1.jpg,150,150,18.319, 163.057,181.377,163.057,2,0,0,3,BH1_150,2022-10-25 12:10:37.310
9009,PSYC-132589,TOTDay1,Experiment, 3,1, 6.jpg,6.jpg,90,90,6.764, 181.87,188.634,181.869,3,0,0,1,BE6_90,2022-10-25 12:10:44.567
9009,PSYC-132589,TOTDay1,Experiment, 4,1, 10.jpg,10.jpg,60,60,6.722, 188.995,195.717,188.995,4,0,0,2,BM10_60,2022-10-25 12:10:51.649
9009,PSYC-132589,TOTDay1,Experiment, 5,1, 4.jpg,4.jpg,180,180,5.299, 196.105,201.404,196.105,5,0,0,1,AE4_180,2022-10-25 12:10:57.336
9009,PSYC-132589,TOTDay1,Experiment, 6,1, 9.jpg,9.jpg,240,240,17.764, 201.783,219.547,201.782,6,0,0,3,AH9_240,2022-10-25 12:11:15.479
9009,PSYC-132589,TOTDay1,Experiment, 7,1, 3.jpg,3.jpg,90,90,6.385, 220.072,226.457,220.071,7,0,0,1,AE3_90,2022-10-25 12:11:22.390
9009,PSYC-132589,TOTDay1,Experiment, 8,0, 8.jpg,8.jpg,210,240,20.125, 226.907,247.033,226.907,6,0,0,3,AH8_210,2022-10-25 12:11:42.965
9009,PSYC-132589,TOTDay1,Experiment, 9,1, 6.jpg,6.jpg,30,30,6.611, 247.683,254.295,247.683,7,0,0,2,AM6_30,2022-10-25 12:11:50.226
9009,PSYC-132589,TOTDay1,Experiment, 10,0, 4.jpg,4.jpg,210,150,10.415, 254.823,265.239,254.823,6,0,0,3,BH4_210,2022-10-25 12:12:01.171
9009,PSYC-132589,TOTDay1,Experiment, 11,1, 1.jpg,1.jpg,270,270,7.656, 265.697,273.353,265.696,7,0,0,1,AE1_270,2022-10-25 12:12:09.285
9009,PSYC-132589,TOTDay1,Experiment, 12,1, 11.jpg,11.jpg,60,60,10.573, 273.78,284.353,273.779,8,0,0,2,AM11_60,2022-10-25 12:12:20.285
9009,PSYC-132589,TOTDay1,Experiment, 13,1, 11.jpg,11.jpg,180,180,9.023, 284.747,293.771,284.746,9,0,0,1,BE11_180,2022-10-25 12:12:29.703
9009,PSYC-132589,TOTDay1,Experiment, 14,0, 3.jpg,3.jpg,240,150,12.408, 294.176,306.585,294.176,8,0,0,3,BH3_240,2022-10-25 12:12:42.516
9009,PSYC-132589,TOTDay1,Experiment, 15,1, 7.jpg,7.jpg,330,330,12.932, 306.925,319.857,306.924,9,0,0,2,AM7_330,2022-10-25 12:12:55.788
9009,PSYC-132589,TOTDay1,Experiment, 16,1, 7.jpg,7.jpg,270,270,4.233, 320.413,324.647,320.412,10,0,0,1,BE7_270,2022-10-25 12:13:00.579
9009,PSYC-132589,TOTDay1,Experiment, 17,1, 10.jpg,10.jpg,150,150,9.525, 325.065,334.591,325.065,11,0,0,3,AH10_150,2022-10-25 12:13:10.522
9009,PSYC-132589,TOTDay1,Experiment, 18,1, 8.jpg,8.jpg,330,330,8.079, 334.963,343.042,334.963,12,0,0,2,BM8_330,2022-10-25 12:13:18.974
9024,PSYC-134128,TOTDay1,Training, 1,1, 2.jpg,2.jpg,90,90,6.502, 104.324,110.818,104.323,1,0,0,1,PE2_90,2022-10-25 12:21:28.821
9024,PSYC-134128,TOTDay1,Training, 2,1, 2.jpg,2.jpg,180,180,3.937, 113.418,117.356,113.418,2,0,0,1,PE2_180,2022-10-25 12:21:35.351
9024,PSYC-134128,TOTDay1,Training, 3,0, 2.jpg,2.jpg,60,240,4.805, 118.488,123.294,118.488,1,0,0,2,PM2_60,2022-10-25 12:21:41.289
9024,PSYC-134128,TOTDay1,Training, 4,0, 2.jpg,2.jpg,30,0,0.812, 127.446,128.258,127.446,0,0,0,2,PM2_30,2022-10-25 12:21:46.253
9024,PSYC-134128,TOTDay1,Training, 5,0, 2.jpg,2.jpg,210,30,4.399, 130.844,135.244,130.844,-1,0,0,3,PH2_210,2022-10-25 12:21:53.239
9024,PSYC-134128,TOTDay1,Training, 6,0, 2.jpg,2.jpg,120,0,0.151, 141.197,141.348,141.196,-2,0,0,3,PH2_120,2022-10-25 12:21:59.344
9024,PSYC-134128,TOTDay1,Training, 7,1, 2.jpg,2.jpg,0,0,3.385, 148.45,151.836,148.449,-1,0,0,1,PE2_0,2022-10-25 12:22:09.832
9024,PSYC-134128,TOTDay1,Training, 8,0, 2.jpg,2.jpg,240,300,3.978, 152.5,156.478,152.5,-2,0,0,3,PH2_240,2022-10-25 12:22:14.475
9024,PSYC-134128,TOTDay1,Training, 9,0, 2.jpg,2.jpg,330,30,4.552, 158.092,162.644,158.092,-3,0,0,2,PM2_330,2022-10-25 12:22:20.640
9024,PSYC-134128,TOTDay1,Training, 10,1, 2.jpg,2.jpg,150,150,3.735, 163.944,167.68,163.944,-2,0,0,3,PH2_150,2022-10-25 12:22:25.675
9024,PSYC-134128,TOTDay1,Training, 11,0, 2.jpg,2.jpg,300,240,3.776, 168.386,172.162,168.386,-3,0,0,2,PM2_300,2022-10-25 12:22:30.158
9024,PSYC-134128,TOTDay1,Training, 12,1, 2.jpg,2.jpg,270,270,6.403, 173.017,179.419,173.016,-2,0,0,1,PE2_270,2022-10-25 12:22:37.415
9024,PSYC-134128,TOTDay1,Experiment, 1,0, 11.jpg,11.jpg,60,90,5.345, 181.685,187.029,179.996,-1,0,0,2,AM11_60,2022-10-25 12:22:45.025
9024,PSYC-134128,TOTDay1,Experiment, 2,0, 3.jpg,3.jpg,90,270,5.537, 188.492,194.029,188.492,-2,0,0,1,AE3_90,2022-10-25 12:22:52.026
9024,PSYC-134128,TOTDay1,Experiment, 3,1, 8.jpg,8.jpg,210,210,7.313, 194.742,202.055,194.742,-1,0,0,3,AH8_210,2022-10-25 12:23:00.050
9024,PSYC-134128,TOTDay1,Experiment, 4,1, 1.jpg,1.jpg,150,150,5.961, 202.726,208.688,202.726,0,0,0,3,BH1_150,2022-10-25 12:23:06.683
9024,PSYC-134128,TOTDay1,Experiment, 5,0, 7.jpg,7.jpg,270,90,10.974, 209.539,220.514,209.538,-1,0,0,1,BE7_270,2022-10-25 12:23:18.510
9024,PSYC-134128,TOTDay1,Experiment, 6,0, 7.jpg,7.jpg,330,30,5.853, 221.186,227.04,221.186,-2,0,0,2,AM7_330,2022-10-25 12:23:25.035
9024,PSYC-134128,TOTDay1,Experiment, 7,1, 4.jpg,4.jpg,180,180,3.845, 227.724,231.569,227.724,-1,0,0,1,AE4_180,2022-10-25 12:23:29.565
9024,PSYC-134128,TOTDay1,Experiment, 8,1, 8.jpg,8.jpg,330,330,4.367, 232.153,236.52,232.152,0,0,0,2,BM8_330,2022-10-25 12:23:34.516
9024,PSYC-134128,TOTDay1,Experiment, 9,0, 9.jpg,9.jpg,240,150,5.047, 237.074,242.122,237.073,-1,0,0,3,AH9_240,2022-10-25 12:23:40.117
9024,PSYC-134128,TOTDay1,Experiment, 10,0, 10.jpg,10.jpg,60,300,6.507, 242.766,249.274,242.766,-2,0,0,2,BM10_60,2022-10-25 12:23:47.269
9024,PSYC-134128,TOTDay1,Experiment, 11,0, 4.jpg,4.jpg,210,180,3.107, 249.884,252.992,249.884,-3,0,0,3,BH4_210,2022-10-25 12:23:50.988
9024,PSYC-134128,TOTDay1,Experiment, 12,1, 11.jpg,11.jpg,180,180,4.489, 253.744,258.234,253.744,-2,0,0,1,BE11_180,2022-10-25 12:23:56.230
9024,PSYC-134128,TOTDay1,Experiment, 13,1, 6.jpg,6.jpg,90,90,3.806, 258.73,262.536,258.73,-1,0,0,1,BE6_90,2022-10-25 12:24:00.531
9024,PSYC-134128,TOTDay1,Experiment, 14,0, 10.jpg,10.jpg,150,300,4.481, 263.076,267.557,263.076,-2,0,0,3,AH10_150,2022-10-25 12:24:05.554
9024,PSYC-134128,TOTDay1,Experiment, 15,1, 6.jpg,6.jpg,30,30,3.392, 268.086,271.478,268.084,-1,0,0,2,AM6_30,2022-10-25 12:24:09.474
9024,PSYC-134128,TOTDay1,Experiment, 16,0, 9.jpg,9.jpg,30,330,3.502, 272.027,275.529,272.025,-2,0,0,2,BM9_30,2022-10-25 12:24:13.526
9024,PSYC-134128,TOTDay1,Experiment, 17,1, 1.jpg,1.jpg,270,270,4.012, 276.108,280.12,276.107,-1,0,0,1,AE1_270,2022-10-25 12:24:18.116
9024,PSYC-134128,TOTDay1,Experiment, 18,0, 3.jpg,3.jpg,240,60,2.785, 280.664,283.45,280.663,-2,0,0,3,BH3_240,2022-10-25 12:24:21.445
9010,PSYC-134128,TOTDay1,Training, 1,0, 2.jpg,2.jpg,90,180,12.586, 78.143,90.727,78.142,-1,0,0,1,PE2_90,2022-10-25 15:18:48.679
9010,PSYC-134128,TOTDay1,Training, 2,1, 2.jpg,2.jpg,180,180,6.496, 101.393,107.889,101.393,0,0,0,1,PE2_180,2022-10-25 15:19:05.840
9010,PSYC-134128,TOTDay1,Training, 3,0, 2.jpg,2.jpg,60,210,15.705, 110.141,125.847,110.141,-1,0,0,2,PM2_60,2022-10-25 15:19:23.797
9010,PSYC-134128,TOTDay1,Training, 4,0, 2.jpg,2.jpg,30,150,13.184, 129.733,142.917,129.733,-2,0,0,2,PM2_30,2022-10-25 15:19:40.867
9010,PSYC-134128,TOTDay1,Training, 5,0, 2.jpg,2.jpg,210,120,14.739, 149.138,163.877,149.137,-3,0,0,3,PH2_210,2022-10-25 15:20:01.828
9010,PSYC-134128,TOTDay1,Training, 6,1, 2.jpg,2.jpg,120,120,18.855, 176.137,194.993,176.137,-2,0,0,3,PH2_120,2022-10-25 15:20:32.943
9010,PSYC-134128,TOTDay1,Training, 7,1, 2.jpg,2.jpg,0,0,3.629, 196.345,199.975,196.345,-1,0,0,1,PE2_0,2022-10-25 15:20:37.925
9010,PSYC-134128,TOTDay1,Training, 8,1, 2.jpg,2.jpg,240,240,13.942, 200.767,214.709,200.767,0,0,0,3,PH2_240,2022-10-25 15:20:52.660
9010,PSYC-134128,TOTDay1,Training, 9,1, 2.jpg,2.jpg,330,330,17.373, 215.571,232.945,215.571,1,0,0,2,PM2_330,2022-10-25 15:21:10.895
9010,PSYC-134128,TOTDay1,Training, 10,0, 2.jpg,2.jpg,150,210,21.334, 233.593,254.927,233.593,0,0,0,3,PH2_150,2022-10-25 15:21:32.878
9010,PSYC-134128,TOTDay1,Training, 11,0, 2.jpg,2.jpg,300,120,12.168, 256.003,268.171,256.003,-1,0,0,2,PM2_300,2022-10-25 15:21:46.122
9010,PSYC-134128,TOTDay1,Training, 12,1, 2.jpg,2.jpg,270,270,12.345, 273.629,285.975,273.629,0,0,0,1,PE2_270,2022-10-25 15:22:03.925
9010,PSYC-134128,TOTDay1,Experiment, 1,1, 3.jpg,3.jpg,240,240,11.904, 288.3,300.205,286.475,1,0,0,3,BH3_240,2022-10-25 15:22:18.155
9010,PSYC-134128,TOTDay1,Experiment, 2,0, 9.jpg,9.jpg,30,150,17.174, 301.065,318.239,301.065,0,0,0,2,BM9_30,2022-10-25 15:22:36.189
9010,PSYC-134128,TOTDay1,Experiment, 3,1, 7.jpg,7.jpg,270,270,15.439, 319.317,334.757,319.317,1,0,0,1,BE7_270,2022-10-25 15:22:52.707
9010,PSYC-134128,TOTDay1,Experiment, 4,0, 10.jpg,10.jpg,60,210,15.006, 335.367,350.373,335.367,0,0,0,2,BM10_60,2022-10-25 15:23:08.323
9010,PSYC-134128,TOTDay1,Experiment, 5,1, 11.jpg,11.jpg,180,180,3.937, 353.035,356.973,353.035,1,0,0,1,BE11_180,2022-10-25 15:23:14.923
9010,PSYC-134128,TOTDay1,Experiment, 6,0, 9.jpg,9.jpg,240,210,8.417, 357.501,365.919,357.501,0,0,0,3,AH9_240,2022-10-25 15:23:23.869
9010,PSYC-134128,TOTDay1,Experiment, 7,0, 6.jpg,6.jpg,30,120,8.177, 366.845,375.023,366.845,-1,0,0,2,AM6_30,2022-10-25 15:23:32.973
9010,PSYC-134128,TOTDay1,Experiment, 8,0, 8.jpg,8.jpg,210,240,11.069, 375.639,386.709,375.639,-2,0,0,3,AH8_210,2022-10-25 15:23:44.659
9010,PSYC-134128,TOTDay1,Experiment, 9,0, 3.jpg,3.jpg,90,180,12.809, 387.331,400.141,387.331,-3,0,0,1,AE3_90,2022-10-25 15:23:58.091
9010,PSYC-134128,TOTDay1,Experiment, 10,0, 8.jpg,8.jpg,330,120,10.286, 400.673,410.959,400.673,-4,0,0,2,BM8_330,2022-10-25 15:24:08.909
9010,PSYC-134128,TOTDay1,Experiment, 11,0, 1.jpg,1.jpg,150,90,11.753, 411.381,423.135,411.381,-5,0,0,3,BH1_150,2022-10-25 15:24:21.084
9010,PSYC-134128,TOTDay1,Experiment, 12,1, 6.jpg,6.jpg,90,90,9.331, 424.485,433.817,424.485,-4,0,0,1,BE6_90,2022-10-25 15:24:31.767
9010,PSYC-134128,TOTDay1,Experiment, 13,0, 11.jpg,11.jpg,60,300,11.237, 434.347,445.585,434.347,-5,0,0,2,AM11_60,2022-10-25 15:24:43.535
9010,PSYC-134128,TOTDay1,Experiment, 14,0, 10.jpg,10.jpg,150,210,11.063, 446.153,457.217,446.153,-6,0,0,3,AH10_150,2022-10-25 15:24:55.167
9010,PSYC-134128,TOTDay1,Experiment, 15,0, 4.jpg,4.jpg,180,210,7.025, 457.821,464.847,457.821,-7,0,0,1,AE4_180,2022-10-25 15:25:02.797
9010,PSYC-134128,TOTDay1,Experiment, 16,0, 7.jpg,7.jpg,330,30,7.025, 465.396,472.421,465.395,-8,0,0,2,AM7_330,2022-10-25 15:25:10.371
9010,PSYC-134128,TOTDay1,Experiment, 17,1, 1.jpg,1.jpg,270,270,9.666, 473.051,482.717,473.051,-7,0,0,1,AE1_270,2022-10-25 15:25:20.668
9010,PSYC-134128,TOTDay1,Experiment, 18,1, 4.jpg,4.jpg,210,210,5.646, 483.198,488.845,483.198,-6,0,0,3,BH4_210,2022-10-25 15:25:26.796
9011,PSYC-134130,TOTDay1,Training, 1,1, 2.jpg,2.jpg,90,90,16.154, 117.16,133.312,117.159,1,0,0,1,PE2_90,2022-10-25 15:21:24.314
9011,PSYC-134130,TOTDay1,Training, 2,0, 2.jpg,2.jpg,180,0,6.016, 136.72,142.736,136.72,0,0,0,1,PE2_180,2022-10-25 15:21:33.735
9011,PSYC-134130,TOTDay1,Training, 3,0, 2.jpg,2.jpg,60,330,9.51, 164.465,173.975,164.464,-1,0,0,2,PM2_60,2022-10-25 15:22:04.974
9011,PSYC-134130,TOTDay1,Training, 4,0, 2.jpg,2.jpg,30,60,5.851, 182.405,188.256,182.404,-2,0,0,2,PM2_30,2022-10-25 15:22:19.256
9011,PSYC-134130,TOTDay1,Training, 5,0, 2.jpg,2.jpg,210,150,9.063, 192.184,201.248,192.184,-3,0,0,3,PH2_210,2022-10-25 15:22:32.247
9011,PSYC-134130,TOTDay1,Training, 6,0, 2.jpg,2.jpg,120,210,12.819, 209.312,222.132,209.312,-4,0,0,3,PH2_120,2022-10-25 15:22:53.132
9011,PSYC-134130,TOTDay1,Training, 7,1, 2.jpg,2.jpg,0,0,10.197, 227.482,237.68,227.482,-3,0,0,1,PE2_0,2022-10-25 15:23:08.679
9011,PSYC-134130,TOTDay1,Training, 8,1, 2.jpg,2.jpg,240,240,10.828, 241.018,251.846,241.018,-2,0,0,3,PH2_240,2022-10-25 15:23:22.845
9011,PSYC-134130,TOTDay1,Training, 9,1, 2.jpg,2.jpg,330,330,8.61, 253.53,262.14,253.53,-1,0,0,2,PM2_330,2022-10-25 15:23:33.140
9011,PSYC-134130,TOTDay1,Training, 10,0, 2.jpg,2.jpg,150,300,6.914, 263.384,270.298,263.384,-2,0,0,3,PH2_150,2022-10-25 15:23:41.297
9011,PSYC-134130,TOTDay1,Training, 11,1, 2.jpg,2.jpg,300,300,12.529, 272.701,285.23,272.7,-1,0,0,2,PM2_300,2022-10-25 15:23:56.229
9011,PSYC-134130,TOTDay1,Training, 12,0, 2.jpg,2.jpg,270,90,4.494, 286.182,290.676,286.182,-2,0,0,1,PE2_270,2022-10-25 15:24:01.676
9011,PSYC-134130,TOTDay1,Experiment, 1,0, 6.jpg,6.jpg,30,330,10.685, 299.996,310.681,293.457,-1,0,0,2,AM6_30,2022-10-25 15:24:21.680
9011,PSYC-134130,TOTDay1,Experiment, 2,0, 3.jpg,3.jpg,90,300,8.836, 311.791,320.627,311.79,-2,0,0,1,AE3_90,2022-10-25 15:24:31.626
9011,PSYC-134130,TOTDay1,Experiment, 3,0, 9.jpg,9.jpg,240,90,6.991, 323.339,330.33,323.338,-3,0,0,3,AH9_240,2022-10-25 15:24:41.329
9011,PSYC-134130,TOTDay1,Experiment, 4,0, 7.jpg,7.jpg,330,0,1.458, 331.53,332.988,331.53,-4,0,0,2,AM7_330,2022-10-25 15:24:43.987
9011,PSYC-134130,TOTDay1,Experiment, 5,0, 3.jpg,3.jpg,240,0,0.501, 333.305,333.806,333.304,-5,0,0,3,BH3_240,2022-10-25 15:24:44.806
9011,PSYC-134130,TOTDay1,Experiment, 6,0, 11.jpg,11.jpg,180,0,0.179, 334.115,334.294,334.115,-6,0,0,1,BE11_180,2022-10-25 15:24:45.293
9011,PSYC-134130,TOTDay1,Experiment, 7,0, 6.jpg,6.jpg,90,0,0.194, 334.618,334.812,334.618,-7,0,0,1,BE6_90,2022-10-25 15:24:45.811
9011,PSYC-134130,TOTDay1,Experiment, 8,0, 4.jpg,4.jpg,210,0,0.205, 335.005,335.21,335.005,-8,0,0,3,BH4_210,2022-10-25 15:24:46.209
9011,PSYC-134130,TOTDay1,Experiment, 9,0, 8.jpg,8.jpg,330,0,0.193, 335.39,335.584,335.39,-9,0,0,2,BM8_330,2022-10-25 15:24:46.583
9011,PSYC-134130,TOTDay1,Experiment, 10,0, 11.jpg,11.jpg,60,150,2.7, 340.55,343.25,340.55,-10,0,0,2,AM11_60,2022-10-25 15:24:54.249
9011,PSYC-134130,TOTDay1,Experiment, 11,1, 1.jpg,1.jpg,270,270,2.111, 344.902,347.014,344.902,-9,0,0,1,AE1_270,2022-10-25 15:24:58.013
9011,PSYC-134130,TOTDay1,Experiment, 12,0, 8.jpg,8.jpg,210,60,6.273, 352.651,358.924,352.65,-10,0,0,3,AH8_210,2022-10-25 15:25:09.924
9011,PSYC-134130,TOTDay1,Experiment, 13,0, 10.jpg,10.jpg,60,180,2.83, 359.575,362.405,359.574,-11,0,0,2,BM10_60,2022-10-25 15:25:13.404
9011,PSYC-134130,TOTDay1,Experiment, 14,0, 4.jpg,4.jpg,180,240,4.823, 363.086,367.91,363.086,-12,0,0,1,AE4_180,2022-10-25 15:25:18.909
9011,PSYC-134130,TOTDay1,Experiment, 15,0, 10.jpg,10.jpg,150,0,5.775, 368.402,374.178,368.402,-13,0,0,3,AH10_150,2022-10-25 15:25:25.178
9011,PSYC-134130,TOTDay1,Experiment, 16,0, 9.jpg,9.jpg,30,90,3.767, 375.41,379.178,375.41,-14,0,0,2,BM9_30,2022-10-25 15:25:30.178
9011,PSYC-134130,TOTDay1,Experiment, 17,0, 7.jpg,7.jpg,270,120,1.794, 381.11,382.904,381.11,-15,0,0,1,BE7_270,2022-10-25 15:25:33.903
9011,PSYC-134130,TOTDay1,Experiment, 18,1, 1.jpg,1.jpg,150,150,2.746, 383.637,386.382,383.636,-14,0,0,3,BH1_150,2022-10-25 15:25:37.382
9012,PSYC-132589,TOTDay1,Training, 1,0, 2.jpg,2.jpg,90,270,11.116, 197.748,208.862,197.747,-1,0,0,1,PE2_90,2022-10-25 15:19:04.618
9012,PSYC-132589,TOTDay1,Training, 2,1, 2.jpg,2.jpg,180,180,12.152, 213.838,225.991,213.838,0,0,0,1,PE2_180,2022-10-25 15:19:21.744
9012,PSYC-132589,TOTDay1,Training, 3,0, 2.jpg,2.jpg,60,210,13.371, 227.631,241.002,227.63,-1,0,0,2,PM2_60,2022-10-25 15:19:36.755
9012,PSYC-132589,TOTDay1,Training, 4,1, 2.jpg,2.jpg,30,30,6.589, 247.35,253.939,247.35,0,0,0,2,PM2_30,2022-10-25 15:19:49.693
9012,PSYC-132589,TOTDay1,Training, 5,0, 2.jpg,2.jpg,210,150,10.425, 255.994,266.42,255.994,-1,0,0,3,PH2_210,2022-10-25 15:20:02.174
9012,PSYC-132589,TOTDay1,Training, 6,1, 2.jpg,2.jpg,120,120,8.653, 273.654,282.307,273.654,0,0,0,3,PH2_120,2022-10-25 15:20:18.062
9012,PSYC-132589,TOTDay1,Training, 7,1, 2.jpg,2.jpg,0,0,4.839, 284.178,289.017,284.177,1,0,0,1,PE2_0,2022-10-25 15:20:24.771
9012,PSYC-132589,TOTDay1,Training, 8,0, 2.jpg,2.jpg,240,300,13.687, 290.573,304.26,290.572,0,0,0,3,PH2_240,2022-10-25 15:20:40.013
9012,PSYC-132589,TOTDay1,Training, 9,0, 2.jpg,2.jpg,330,60,10.183, 307.892,318.075,307.892,-1,0,0,2,PM2_330,2022-10-25 15:20:53.829
9012,PSYC-132589,TOTDay1,Training, 10,0, 2.jpg,2.jpg,150,300,17.848, 321.396,339.244,321.395,-2,0,0,3,PH2_150,2022-10-25 15:21:14.997
9012,PSYC-132589,TOTDay1,Training, 11,0, 2.jpg,2.jpg,300,60,11.735, 342.58,354.315,342.579,-3,0,0,2,PM2_300,2022-10-25 15:21:30.069
9012,PSYC-132589,TOTDay1,Training, 12,0, 2.jpg,2.jpg,270,90,4.918, 357.292,362.21,357.291,-4,0,0,1,PE2_270,2022-10-25 15:21:37.964
9012,PSYC-132589,TOTDay1,Experiment, 1,1, 10.jpg,10.jpg,150,150,15.34, 366.415,381.755,364.49,1,0,0,3,AH10_150,2022-10-25 15:21:57.508
9012,PSYC-132589,TOTDay1,Experiment, 2,0, 6.jpg,6.jpg,90,300,27.895, 383.95,411.845,383.949,0,0,0,1,BE6_90,2022-10-25 15:22:27.599
9012,PSYC-132589,TOTDay1,Experiment, 3,0, 11.jpg,11.jpg,60,150,14.155, 415.388,429.543,415.388,-1,0,0,2,AM11_60,2022-10-25 15:22:45.297
9012,PSYC-132589,TOTDay1,Experiment, 4,0, 9.jpg,9.jpg,240,300,14.941, 432.794,447.736,432.794,-2,0,0,3,AH9_240,2022-10-25 15:23:03.489
9012,PSYC-132589,TOTDay1,Experiment, 5,0, 1.jpg,1.jpg,270,180,15.053, 450.102,465.155,450.102,-3,0,0,1,AE1_270,2022-10-25 15:23:20.908
9012,PSYC-132589,TOTDay1,Experiment, 6,0, 6.jpg,6.jpg,30,330,18.782, 467.522,486.304,467.521,-4,0,0,2,AM6_30,2022-10-25 15:23:42.057
9012,PSYC-132589,TOTDay1,Experiment, 7,0, 7.jpg,7.jpg,270,300,27.761, 488.056,515.817,488.055,-5,0,0,1,BE7_270,2022-10-25 15:24:11.570
9012,PSYC-132589,TOTDay1,Experiment, 8,0, 7.jpg,7.jpg,330,30,7.232, 516.898,524.13,516.898,-6,0,0,2,AM7_330,2022-10-25 15:24:19.884
9012,PSYC-132589,TOTDay1,Experiment, 9,0, 1.jpg,1.jpg,150,300,10.86, 526.132,536.992,526.131,-7,0,0,3,BH1_150,2022-10-25 15:24:32.745
9012,PSYC-132589,TOTDay1,Experiment, 10,0, 4.jpg,4.jpg,180,240,23.976, 538.225,562.201,538.224,-8,0,0,1,AE4_180,2022-10-25 15:24:57.954
9012,PSYC-132589,TOTDay1,Experiment, 11,1, 4.jpg,4.jpg,210,210,4.49, 563.042,567.532,563.041,-7,0,0,3,BH4_210,2022-10-25 15:25:03.286
9012,PSYC-132589,TOTDay1,Experiment, 12,0, 10.jpg,10.jpg,60,120,6.987, 570,576.987,569.999,-8,0,0,2,BM10_60,2022-10-25 15:25:12.740
9012,PSYC-132589,TOTDay1,Experiment, 13,0, 8.jpg,8.jpg,330,300,6.708, 577.892,584.601,577.891,-9,0,0,2,BM8_330,2022-10-25 15:25:20.354
9012,PSYC-132589,TOTDay1,Experiment, 14,0, 3.jpg,3.jpg,90,300,11.029, 585.212,596.241,585.212,-10,0,0,1,AE3_90,2022-10-25 15:25:31.995
9012,PSYC-132589,TOTDay1,Experiment, 15,0, 8.jpg,8.jpg,210,120,18.609, 596.958,615.567,596.957,-11,0,0,3,AH8_210,2022-10-25 15:25:51.320
9012,PSYC-132589,TOTDay1,Experiment, 16,1, 3.jpg,3.jpg,240,240,16.291, 616.197,632.489,616.197,-10,0,0,3,BH3_240,2022-10-25 15:26:08.242
9012,PSYC-132589,TOTDay1,Experiment, 17,0, 9.jpg,9.jpg,30,330,25.705, 633.894,659.599,633.893,-11,0,0,2,BM9_30,2022-10-25 15:26:35.353
9012,PSYC-132589,TOTDay1,Experiment, 18,0, 11.jpg,11.jpg,180,210,14.119, 660.304,674.423,660.303,-12,0,0,1,BE11_180,2022-10-25 15:26:50.177
9013,PSYC-132589,TOTDay1,Training, 1,0, 2.jpg,2.jpg,90,210,18.022, 53.017,71.031,53.016,-1,0,0,1,PE2_90,2022-10-26 09:26:07.783
9013,PSYC-132589,TOTDay1,Training, 2,1, 2.jpg,2.jpg,180,180,10.94, 79.833,90.772,79.832,0,0,0,1,PE2_180,2022-10-26 09:26:27.516
9013,PSYC-132589,TOTDay1,Training, 3,0, 2.jpg,2.jpg,60,30,10.505, 92.397,102.902,92.396,-1,0,0,2,PM2_60,2022-10-26 09:26:39.646
9013,PSYC-132589,TOTDay1,Training, 4,1, 2.jpg,2.jpg,30,30,5.207, 106.467,111.674,106.466,0,0,0,2,PM2_30,2022-10-26 09:26:48.418
9013,PSYC-132589,TOTDay1,Training, 5,1, 2.jpg,2.jpg,210,210,15.195, 112.849,128.044,112.848,1,0,0,3,PH2_210,2022-10-26 09:27:04.789
9013,PSYC-132589,TOTDay1,Training, 6,0, 2.jpg,2.jpg,120,60,16.177, 128.917,145.094,128.917,0,0,0,3,PH2_120,2022-10-26 09:27:21.839
9013,PSYC-132589,TOTDay1,Training, 7,1, 2.jpg,2.jpg,0,0,6.911, 152.037,158.948,152.036,1,0,0,1,PE2_0,2022-10-26 09:27:35.692
9013,PSYC-132589,TOTDay1,Training, 8,0, 2.jpg,2.jpg,240,300,10.451, 159.875,170.326,159.875,0,0,0,3,PH2_240,2022-10-26 09:27:47.071
9013,PSYC-132589,TOTDay1,Training, 9,0, 2.jpg,2.jpg,330,150,8.842, 171.709,180.551,171.709,-1,0,0,2,PM2_330,2022-10-26 09:27:57.296
9013,PSYC-132589,TOTDay1,Training, 10,1, 2.jpg,2.jpg,150,150,4.449, 181.651,186.099,181.651,0,0,0,3,PH2_150,2022-10-26 09:28:02.844
9013,PSYC-132589,TOTDay1,Training, 11,0, 2.jpg,2.jpg,300,240,4.245, 188.595,192.84,188.595,-1,0,0,2,PM2_300,2022-10-26 09:28:09.585
9013,PSYC-132589,TOTDay1,Training, 12,0, 2.jpg,2.jpg,270,90,4.564, 194.387,198.951,194.386,-2,0,0,1,PE2_270,2022-10-26 09:28:15.695
9013,PSYC-132589,TOTDay1,Experiment, 1,0, 10.jpg,10.jpg,150,210,8.18, 203.564,211.745,200.833,-1,0,0,3,AH10_150,2022-10-26 09:28:28.489
9013,PSYC-132589,TOTDay1,Experiment, 2,0, 9.jpg,9.jpg,30,330,10.452, 214.941,225.393,214.94,-2,0,0,2,BM9_30,2022-10-26 09:28:42.136
9013,PSYC-132589,TOTDay1,Experiment, 3,1, 1.jpg,1.jpg,270,270,13.579, 228.63,242.209,228.629,-1,0,0,1,AE1_270,2022-10-26 09:28:58.953
9013,PSYC-132589,TOTDay1,Experiment, 4,0, 10.jpg,10.jpg,60,300,15.878, 243.924,259.803,243.924,-2,0,0,2,BM10_60,2022-10-26 09:29:16.546
9013,PSYC-132589,TOTDay1,Experiment, 5,0, 7.jpg,7.jpg,270,90,6.478, 261.614,268.092,261.614,-3,0,0,1,BE7_270,2022-10-26 09:29:24.836
9013,PSYC-132589,TOTDay1,Experiment, 6,1, 1.jpg,1.jpg,150,150,5.883, 270.957,276.84,270.956,-2,0,0,3,BH1_150,2022-10-26 09:29:33.584
9013,PSYC-132589,TOTDay1,Experiment, 7,0, 6.jpg,6.jpg,90,180,10.058, 277.902,287.96,277.901,-3,0,0,1,BE6_90,2022-10-26 09:29:44.703
9013,PSYC-132589,TOTDay1,Experiment, 8,1, 6.jpg,6.jpg,30,30,6.453, 288.939,295.392,288.939,-2,0,0,2,AM6_30,2022-10-26 09:29:52.135
9013,PSYC-132589,TOTDay1,Experiment, 9,0, 8.jpg,8.jpg,210,300,5.676, 296.211,301.887,296.21,-3,0,0,3,AH8_210,2022-10-26 09:29:58.630
9013,PSYC-132589,TOTDay1,Experiment, 10,0, 11.jpg,11.jpg,60,90,18.971, 302.631,321.602,302.63,-4,0,0,2,AM11_60,2022-10-26 09:30:18.346
9013,PSYC-132589,TOTDay1,Experiment, 11,1, 4.jpg,4.jpg,180,180,4.751, 322.479,327.23,322.478,-3,0,0,1,AE4_180,2022-10-26 09:30:23.974
9013,PSYC-132589,TOTDay1,Experiment, 12,0, 4.jpg,4.jpg,210,270,3.34, 327.993,331.332,327.992,-4,0,0,3,BH4_210,2022-10-26 09:30:28.075
9013,PSYC-132589,TOTDay1,Experiment, 13,0, 7.jpg,7.jpg,330,30,5.791, 332.112,337.904,332.112,-5,0,0,2,AM7_330,2022-10-26 09:30:34.647
9013,PSYC-132589,TOTDay1,Experiment, 14,1, 11.jpg,11.jpg,180,180,5.049, 338.629,343.678,338.628,-4,0,0,1,BE11_180,2022-10-26 09:30:40.422
9013,PSYC-132589,TOTDay1,Experiment, 15,0, 9.jpg,9.jpg,240,90,4.541, 344.429,348.97,344.428,-5,0,0,3,AH9_240,2022-10-26 09:30:45.713
9013,PSYC-132589,TOTDay1,Experiment, 16,1, 8.jpg,8.jpg,330,330,5.05, 349.685,354.735,349.684,-4,0,0,2,BM8_330,2022-10-26 09:30:51.478
9013,PSYC-132589,TOTDay1,Experiment, 17,0, 3.jpg,3.jpg,90,150,8.605, 355.525,364.13,355.524,-5,0,0,1,AE3_90,2022-10-26 09:31:00.873
9013,PSYC-132589,TOTDay1,Experiment, 18,0, 3.jpg,3.jpg,240,150,4.361, 364.803,369.164,364.802,-6,0,0,3,BH3_240,2022-10-26 09:31:05.907
9014,PSYC-134130,TOTDay1,Training, 1,0, 2.jpg,2.jpg,90,270,14.09, 203.438,217.526,203.437,-1,0,0,1,PE2_90,2022-10-26 09:58:27.421
9014,PSYC-134130,TOTDay1,Training, 2,1, 2.jpg,2.jpg,180,180,7.647, 224.02,231.668,224.02,0,0,0,1,PE2_180,2022-10-26 09:58:41.561
9014,PSYC-134130,TOTDay1,Training, 3,0, 2.jpg,2.jpg,60,120,12.787, 237.23,250.018,237.23,-1,0,0,2,PM2_60,2022-10-26 09:58:59.911
9014,PSYC-134130,TOTDay1,Training, 4,0, 2.jpg,2.jpg,30,60,8.423, 258.529,266.952,258.528,-2,0,0,2,PM2_30,2022-10-26 09:59:16.845
9014,PSYC-134130,TOTDay1,Training, 5,0, 2.jpg,2.jpg,210,120,14.58, 272.282,286.862,272.282,-3,0,0,3,PH2_210,2022-10-26 09:59:36.756
9014,PSYC-134130,TOTDay1,Training, 6,0, 2.jpg,2.jpg,120,270,17.643, 295.049,312.692,295.048,-4,0,0,3,PH2_120,2022-10-26 10:00:02.586
9014,PSYC-134130,TOTDay1,Training, 7,1, 2.jpg,2.jpg,0,0,11.791, 318.79,330.582,318.784,-3,0,0,1,PE2_0,2022-10-26 10:00:20.476
9014,PSYC-134130,TOTDay1,Training, 8,1, 2.jpg,2.jpg,240,240,23.529, 335.821,359.35,335.82,-2,0,0,3,PH2_240,2022-10-26 10:00:49.244
9014,PSYC-134130,TOTDay1,Training, 9,0, 2.jpg,2.jpg,330,30,8.179, 364.842,373.022,364.842,-3,0,0,2,PM2_330,2022-10-26 10:01:02.916
9014,PSYC-134130,TOTDay1,Training, 10,1, 2.jpg,2.jpg,150,150,16.655, 379.401,396.056,379.4,-2,0,0,3,PH2_150,2022-10-26 10:01:25.951
9014,PSYC-134130,TOTDay1,Training, 11,0, 2.jpg,2.jpg,300,240,11.381, 401.461,412.842,401.46,-3,0,0,2,PM2_300,2022-10-26 10:01:42.737
9014,PSYC-134130,TOTDay1,Training, 12,0, 2.jpg,2.jpg,270,90,15.712, 415.482,431.194,415.482,-4,0,0,1,PE2_270,2022-10-26 10:02:01.090
9014,PSYC-134130,TOTDay1,Experiment, 1,0, 1.jpg,1.jpg,270,300,16.611, 439.614,456.226,436.378,-1,0,0,1,AE1_270,2022-10-26 10:02:26.121
9014,PSYC-134130,TOTDay1,Experiment, 2,0, 9.jpg,9.jpg,240,180,11.016, 460.574,471.59,460.574,-2,0,0,3,AH9_240,2022-10-26 10:02:41.485
9014,PSYC-134130,TOTDay1,Experiment, 3,1, 9.jpg,9.jpg,30,30,7.042, 473.276,480.318,473.276,-1,0,0,2,BM9_30,2022-10-26 10:02:50.214
9014,PSYC-134130,TOTDay1,Experiment, 4,0, 6.jpg,6.jpg,30,180,8.544, 481.918,490.462,481.918,-2,0,0,2,AM6_30,2022-10-26 10:03:00.358
9014,PSYC-134130,TOTDay1,Experiment, 5,0, 7.jpg,7.jpg,270,300,21.092, 494.198,515.29,494.198,-3,0,0,1,BE7_270,2022-10-26 10:03:25.187
9014,PSYC-134130,TOTDay1,Experiment, 6,0, 3.jpg,3.jpg,240,120,5.654, 516.794,522.448,516.794,-4,0,0,3,BH3_240,2022-10-26 10:03:32.344
9014,PSYC-134130,TOTDay1,Experiment, 7,0, 4.jpg,4.jpg,210,270,28.205, 523.947,552.153,523.947,-5,0,0,3,BH4_210,2022-10-26 10:04:02.049
9014,PSYC-134130,TOTDay1,Experiment, 8,0, 6.jpg,6.jpg,90,60,10.225, 553.371,563.596,553.37,-6,0,0,1,BE6_90,2022-10-26 10:04:13.492
9014,PSYC-134130,TOTDay1,Experiment, 9,0, 11.jpg,11.jpg,60,300,11.117, 564.975,576.092,564.974,-7,0,0,2,AM11_60,2022-10-26 10:04:25.988
9014,PSYC-134130,TOTDay1,Experiment, 10,0, 3.jpg,3.jpg,90,60,12.065, 577.833,589.898,577.832,-8,0,0,1,AE3_90,2022-10-26 10:04:39.794
9014,PSYC-134130,TOTDay1,Experiment, 11,1, 8.jpg,8.jpg,330,330,11.133, 593.406,604.54,593.406,-7,0,0,2,BM8_330,2022-10-26 10:04:54.436
9014,PSYC-134130,TOTDay1,Experiment, 12,0, 10.jpg,10.jpg,150,180,6.942, 607.97,614.912,607.97,-8,0,0,3,AH10_150,2022-10-26 10:05:04.809
9014,PSYC-134130,TOTDay1,Experiment, 13,0, 8.jpg,8.jpg,210,60,8.627, 617.44,626.068,617.44,-9,0,0,3,AH8_210,2022-10-26 10:05:15.965
9014,PSYC-134130,TOTDay1,Experiment, 14,0, 4.jpg,4.jpg,180,270,15.095, 628.152,643.248,628.152,-10,0,0,1,AE4_180,2022-10-26 10:05:33.146
9014,PSYC-134130,TOTDay1,Experiment, 15,0, 7.jpg,7.jpg,330,30,10.903, 644.642,655.546,644.642,-11,0,0,2,AM7_330,2022-10-26 10:05:45.444
9014,PSYC-134130,TOTDay1,Experiment, 16,1, 11.jpg,11.jpg,180,180,24.102, 656.928,681.03,656.928,-10,0,0,1,BE11_180,2022-10-26 10:06:10.928
9014,PSYC-134130,TOTDay1,Experiment, 17,0, 1.jpg,1.jpg,150,180,6.801, 683.568,690.37,683.568,-11,0,0,3,BH1_150,2022-10-26 10:06:20.268
9014,PSYC-134130,TOTDay1,Experiment, 18,0, 10.jpg,10.jpg,60,120,8.373, 692.13,700.504,692.13,-12,0,0,2,BM10_60,2022-10-26 10:06:30.401
9016,PSYC-134128,TOTDay1,Training, 1,1, 2.jpg,2.jpg,90,90,3.894, 15.839,19.731,15.838,1,0,0,1,PE2_90,2022-10-26 12:11:16.769
9016,PSYC-134128,TOTDay1,Training, 2,1, 2.jpg,2.jpg,180,180,2.919, 23.507,26.426,23.507,2,0,0,1,PE2_180,2022-10-26 12:11:23.463
9016,PSYC-134128,TOTDay1,Training, 3,0, 2.jpg,2.jpg,60,120,3.069, 30.321,33.39,30.32,1,0,0,2,PM2_60,2022-10-26 12:11:30.427
9016,PSYC-134128,TOTDay1,Training, 4,0, 2.jpg,2.jpg,30,300,5.365, 38.185,43.551,38.185,0,0,0,2,PM2_30,2022-10-26 12:11:40.587
9016,PSYC-134128,TOTDay1,Training, 5,0, 2.jpg,2.jpg,210,150,6.191, 48.167,54.359,48.167,-1,0,0,3,PH2_210,2022-10-26 12:11:51.396
9016,PSYC-134128,TOTDay1,Training, 6,0, 2.jpg,2.jpg,120,60,2.754, 61.383,64.137,61.382,-2,0,0,3,PH2_120,2022-10-26 12:12:01.174
9016,PSYC-134128,TOTDay1,Training, 7,1, 2.jpg,2.jpg,0,0,0.491, 69.225,69.717,69.225,-1,0,0,1,PE2_0,2022-10-26 12:12:06.753
9016,PSYC-134128,TOTDay1,Training, 8,0, 2.jpg,2.jpg,240,120,4.579, 71.419,75.998,71.419,-2,0,0,3,PH2_240,2022-10-26 12:12:13.035
9016,PSYC-134128,TOTDay1,Training, 9,0, 2.jpg,2.jpg,330,150,7.621, 78.192,85.813,78.191,-3,0,0,2,PM2_330,2022-10-26 12:12:22.850
9016,PSYC-134128,TOTDay1,Training, 10,0, 2.jpg,2.jpg,150,240,5.403, 91.055,96.458,91.055,-4,0,0,3,PH2_150,2022-10-26 12:12:33.496
9016,PSYC-134128,TOTDay1,Training, 11,0, 2.jpg,2.jpg,300,240,10.067, 101.721,111.788,101.721,-5,0,0,2,PM2_300,2022-10-26 12:12:48.825
9016,PSYC-134128,TOTDay1,Training, 12,1, 2.jpg,2.jpg,270,270,2.373, 113.105,115.478,113.105,-4,0,0,1,PE2_270,2022-10-26 12:12:52.516
9016,PSYC-134128,TOTDay1,Experiment, 1,1, 1.jpg,1.jpg,270,270,1.456, 118.68,120.136,115.989,1,0,0,1,AE1_270,2022-10-26 12:12:57.174
9016,PSYC-134128,TOTDay1,Experiment, 2,0, 3.jpg,3.jpg,240,120,4.588, 120.727,125.315,120.726,0,0,0,3,BH3_240,2022-10-26 12:13:02.352
9016,PSYC-134128,TOTDay1,Experiment, 3,0, 7.jpg,7.jpg,330,30,2.728, 126.423,129.15,126.422,-1,0,0,2,AM7_330,2022-10-26 12:13:06.188
9016,PSYC-134128,TOTDay1,Experiment, 4,0, 1.jpg,1.jpg,150,90,9.361, 131.733,141.094,131.732,-2,0,0,3,BH1_150,2022-10-26 12:13:18.132
9016,PSYC-134128,TOTDay1,Experiment, 5,0, 9.jpg,9.jpg,30,60,2.484, 145.113,147.597,145.112,-3,0,0,2,BM9_30,2022-10-26 12:13:24.634
9016,PSYC-134128,TOTDay1,Experiment, 6,0, 6.jpg,6.jpg,90,210,5.403, 148.591,153.995,148.591,-4,0,0,1,BE6_90,2022-10-26 12:13:31.032
9016,PSYC-134128,TOTDay1,Experiment, 7,0, 4.jpg,4.jpg,180,0,0.381, 154.541,154.922,154.541,-5,0,0,1,AE4_180,2022-10-26 12:13:31.960
9016,PSYC-134128,TOTDay1,Experiment, 8,0, 11.jpg,11.jpg,60,0,0.488, 155.477,155.965,155.477,-6,0,0,2,AM11_60,2022-10-26 12:13:33.003
9016,PSYC-134128,TOTDay1,Experiment, 9,1, 4.jpg,4.jpg,210,210,7.385, 160.081,167.466,160.081,-5,0,0,3,BH4_210,2022-10-26 12:13:44.504
9016,PSYC-134128,TOTDay1,Experiment, 10,0, 6.jpg,6.jpg,30,60,4.018, 168.655,172.672,168.654,-6,0,0,2,AM6_30,2022-10-26 12:13:49.710
9016,PSYC-134128,TOTDay1,Experiment, 11,0, 9.jpg,9.jpg,240,90,5.272, 173.343,178.615,173.343,-7,0,0,3,AH9_240,2022-10-26 12:13:55.653
9016,PSYC-134128,TOTDay1,Experiment, 12,1, 7.jpg,7.jpg,270,270,3.503, 179.091,182.594,179.091,-6,0,0,1,BE7_270,2022-10-26 12:13:59.632
9016,PSYC-134128,TOTDay1,Experiment, 13,1, 11.jpg,11.jpg,180,180,3.583, 184.255,187.838,184.254,-5,0,0,1,BE11_180,2022-10-26 12:14:04.877
9016,PSYC-134128,TOTDay1,Experiment, 14,0, 10.jpg,10.jpg,60,120,3.15, 188.553,191.703,188.553,-6,0,0,2,BM10_60,2022-10-26 12:14:08.741
9016,PSYC-134128,TOTDay1,Experiment, 15,0, 8.jpg,8.jpg,210,60,4.391, 192.605,196.996,192.604,-7,0,0,3,AH8_210,2022-10-26 12:14:14.034
9016,PSYC-134128,TOTDay1,Experiment, 16,0, 3.jpg,3.jpg,90,330,3.658, 197.472,201.13,197.471,-8,0,0,1,AE3_90,2022-10-26 12:14:18.169
9016,PSYC-134128,TOTDay1,Experiment, 17,0, 10.jpg,10.jpg,150,0,11.065, 206.779,217.844,206.779,-9,0,0,3,AH10_150,2022-10-26 12:14:34.883
9016,PSYC-134128,TOTDay1,Experiment, 18,0, 8.jpg,8.jpg,330,60,2.339, 221.691,224.03,221.691,-10,0,0,2,BM8_330,2022-10-26 12:14:41.069
9015,PSYC-132589,TOTDay1,Training, 1,0, 2.jpg,2.jpg,90,270,9.329, 146.733,156.06,146.732,-1,0,0,1,PE2_90,2022-10-26 12:13:21.698
9015,PSYC-132589,TOTDay1,Training, 2,1, 2.jpg,2.jpg,180,180,4.549, 161.597,166.146,161.597,0,0,0,1,PE2_180,2022-10-26 12:13:31.782
9015,PSYC-132589,TOTDay1,Training, 3,0, 2.jpg,2.jpg,60,120,8.663, 167.453,176.116,167.452,-1,0,0,2,PM2_60,2022-10-26 12:13:41.752
9015,PSYC-132589,TOTDay1,Training, 4,0, 2.jpg,2.jpg,30,330,7.509, 179.789,187.298,179.789,-2,0,0,2,PM2_30,2022-10-26 12:13:52.934
9015,PSYC-132589,TOTDay1,Training, 5,0, 2.jpg,2.jpg,210,120,15.275, 190.143,205.418,190.142,-3,0,0,3,PH2_210,2022-10-26 12:14:11.053
9015,PSYC-132589,TOTDay1,Training, 6,1, 2.jpg,2.jpg,120,120,16.752, 212.6,229.352,212.599,-2,0,0,3,PH2_120,2022-10-26 12:14:34.987
9015,PSYC-132589,TOTDay1,Training, 7,1, 2.jpg,2.jpg,0,0,2.277, 230.199,232.476,230.199,-1,0,0,1,PE2_0,2022-10-26 12:14:38.112
9015,PSYC-132589,TOTDay1,Training, 8,0, 2.jpg,2.jpg,240,210,16.693, 232.989,249.682,232.988,-2,0,0,3,PH2_240,2022-10-26 12:14:55.317
9015,PSYC-132589,TOTDay1,Training, 9,1, 2.jpg,2.jpg,330,330,5.16, 251.196,256.357,251.195,-1,0,0,2,PM2_330,2022-10-26 12:15:01.991
9015,PSYC-132589,TOTDay1,Training, 10,1, 2.jpg,2.jpg,150,150,6.238, 256.882,263.12,256.881,0,0,0,3,PH2_150,2022-10-26 12:15:08.755
9015,PSYC-132589,TOTDay1,Training, 11,1, 2.jpg,2.jpg,300,300,9.631, 263.594,273.225,263.593,1,0,0,2,PM2_300,2022-10-26 12:15:18.860
9015,PSYC-132589,TOTDay1,Training, 12,1, 2.jpg,2.jpg,270,270,2.925, 273.701,276.626,273.7,2,0,0,1,PE2_270,2022-10-26 12:15:22.262
9015,PSYC-132589,TOTDay1,Experiment, 1,1, 11.jpg,11.jpg,60,60,18.006, 278.47,296.476,277.056,1,0,0,2,AM11_60,2022-10-26 12:15:42.111
9015,PSYC-132589,TOTDay1,Experiment, 2,1, 7.jpg,7.jpg,270,270,25.231, 297.041,322.273,297.041,2,0,0,1,BE7_270,2022-10-26 12:16:07.907
9015,PSYC-132589,TOTDay1,Experiment, 3,1, 3.jpg,3.jpg,240,240,26.446, 322.759,349.206,322.759,3,0,0,3,BH3_240,2022-10-26 12:16:34.841
9015,PSYC-132589,TOTDay1,Experiment, 4,1, 7.jpg,7.jpg,330,330,5.556, 349.751,355.307,349.75,4,0,0,2,AM7_330,2022-10-26 12:16:40.941
9015,PSYC-132589,TOTDay1,Experiment, 5,1, 4.jpg,4.jpg,210,210,28.896, 355.883,384.779,355.883,5,0,0,3,BH4_210,2022-10-26 12:17:10.413
9015,PSYC-132589,TOTDay1,Experiment, 6,1, 11.jpg,11.jpg,180,180,5.846, 385.377,391.223,385.376,6,0,0,1,BE11_180,2022-10-26 12:17:16.857
9015,PSYC-132589,TOTDay1,Experiment, 7,0, 1.jpg,1.jpg,150,210,15.068, 391.707,406.775,391.707,5,0,0,3,BH1_150,2022-10-26 12:17:32.410
9015,PSYC-132589,TOTDay1,Experiment, 8,1, 6.jpg,6.jpg,30,30,8.612, 407.461,416.073,407.46,6,0,0,2,AM6_30,2022-10-26 12:17:41.708
9015,PSYC-132589,TOTDay1,Experiment, 9,1, 4.jpg,4.jpg,180,180,7.362, 416.555,423.917,416.554,7,0,0,1,AE4_180,2022-10-26 12:17:49.551
9015,PSYC-132589,TOTDay1,Experiment, 10,0, 9.jpg,9.jpg,240,210,18.365, 424.359,442.724,424.358,6,0,0,3,AH9_240,2022-10-26 12:18:08.359
9015,PSYC-132589,TOTDay1,Experiment, 11,1, 1.jpg,1.jpg,270,270,8.132, 443.241,451.374,443.241,7,0,0,1,AE1_270,2022-10-26 12:18:17.008
9015,PSYC-132589,TOTDay1,Experiment, 12,1, 10.jpg,10.jpg,60,60,21.397, 451.841,473.238,451.841,8,0,0,2,BM10_60,2022-10-26 12:18:38.873
9015,PSYC-132589,TOTDay1,Experiment, 13,1, 6.jpg,6.jpg,90,90,12.445, 473.899,486.344,473.898,9,0,0,1,BE6_90,2022-10-26 12:18:51.979
9015,PSYC-132589,TOTDay1,Experiment, 14,0, 8.jpg,8.jpg,210,120,28.483, 486.823,515.306,486.822,8,0,0,3,AH8_210,2022-10-26 12:19:20.940
9015,PSYC-132589,TOTDay1,Experiment, 15,0, 9.jpg,9.jpg,30,60,8.9, 515.835,524.735,515.835,7,0,0,2,BM9_30,2022-10-26 12:19:30.370
9015,PSYC-132589,TOTDay1,Experiment, 16,1, 8.jpg,8.jpg,330,330,4.649, 525.251,529.901,525.251,8,0,0,2,BM8_330,2022-10-26 12:19:35.535
9015,PSYC-132589,TOTDay1,Experiment, 17,1, 10.jpg,10.jpg,150,150,7.407, 530.365,537.772,530.365,9,0,0,3,AH10_150,2022-10-26 12:19:43.406
9015,PSYC-132589,TOTDay1,Experiment, 18,0, 3.jpg,3.jpg,90,270,8.725, 538.217,546.942,538.217,8,0,0,1,AE3_90,2022-10-26 12:19:52.576
9017,PSYC-134130,TOTDay1,Training, 1,0, 2.jpg,2.jpg,90,270,6.23, 11.43,17.658,11.429,-1,0,0,1,PE2_90,2022-10-26 12:19:04.154
9017,PSYC-134130,TOTDay1,Training, 2,1, 2.jpg,2.jpg,180,180,4.002, 26.335,30.337,26.335,0,0,0,1,PE2_180,2022-10-26 12:19:16.831
9017,PSYC-134130,TOTDay1,Training, 3,0, 2.jpg,2.jpg,60,330,4.75, 31.524,36.273,31.523,-1,0,0,2,PM2_60,2022-10-26 12:19:22.768
9017,PSYC-134130,TOTDay1,Training, 4,0, 2.jpg,2.jpg,30,300,6.737, 39.129,45.867,39.129,-2,0,0,2,PM2_30,2022-10-26 12:19:32.360
9017,PSYC-134130,TOTDay1,Training, 5,0, 2.jpg,2.jpg,210,60,6.931, 49.305,56.237,49.305,-3,0,0,3,PH2_210,2022-10-26 12:19:42.730
9017,PSYC-134130,TOTDay1,Training, 6,0, 2.jpg,2.jpg,120,330,4.156, 62.699,66.855,62.698,-4,0,0,3,PH2_120,2022-10-26 12:19:53.348
9017,PSYC-134130,TOTDay1,Training, 7,1, 2.jpg,2.jpg,0,0,7.117, 72.075,79.193,72.075,-3,0,0,1,PE2_0,2022-10-26 12:20:05.687
9017,PSYC-134130,TOTDay1,Training, 8,0, 2.jpg,2.jpg,240,90,13.695, 80.035,93.731,80.035,-4,0,0,3,PH2_240,2022-10-26 12:20:20.225
9017,PSYC-134130,TOTDay1,Training, 9,0, 2.jpg,2.jpg,330,30,5.22, 97.471,102.691,97.471,-5,0,0,2,PM2_330,2022-10-26 12:20:29.185
9017,PSYC-134130,TOTDay1,Training, 10,0, 2.jpg,2.jpg,150,240,8.833, 104.215,113.049,104.215,-6,0,0,3,PH2_150,2022-10-26 12:20:39.543
9017,PSYC-134130,TOTDay1,Training, 11,0, 2.jpg,2.jpg,300,240,5.529, 114.145,119.675,114.145,-7,0,0,2,PM2_300,2022-10-26 12:20:46.169
9017,PSYC-134130,TOTDay1,Training, 12,1, 2.jpg,2.jpg,270,270,5.979, 121.491,127.471,121.491,-6,0,0,1,PE2_270,2022-10-26 12:20:53.965
9017,PSYC-134130,TOTDay1,Experiment, 1,0, 6.jpg,6.jpg,90,180,9.179, 130.464,139.643,128.297,-1,0,0,1,BE6_90,2022-10-26 12:21:06.137
9017,PSYC-134130,TOTDay1,Experiment, 2,0, 8.jpg,8.jpg,210,330,4.3, 140.867,145.168,140.867,-2,0,0,3,AH8_210,2022-10-26 12:21:11.662
9017,PSYC-134130,TOTDay1,Experiment, 3,0, 11.jpg,11.jpg,60,90,2.893, 145.463,148.357,145.463,-3,0,0,2,AM11_60,2022-10-26 12:21:14.851
9017,PSYC-134130,TOTDay1,Experiment, 4,0, 4.jpg,4.jpg,180,300,2.643, 148.887,151.531,148.887,-4,0,0,1,AE4_180,2022-10-26 12:21:18.026
9017,PSYC-134130,TOTDay1,Experiment, 5,0, 3.jpg,3.jpg,240,180,5.274, 151.893,157.167,151.893,-5,0,0,3,BH3_240,2022-10-26 12:21:23.663
9017,PSYC-134130,TOTDay1,Experiment, 6,0, 9.jpg,9.jpg,30,0,4.679, 157.715,162.395,157.715,-6,0,0,2,BM9_30,2022-10-26 12:21:28.890
9017,PSYC-134130,TOTDay1,Experiment, 7,0, 7.jpg,7.jpg,270,180,4.003, 162.987,166.991,162.987,-7,0,0,1,BE7_270,2022-10-26 12:21:33.486
9017,PSYC-134130,TOTDay1,Experiment, 8,0, 6.jpg,6.jpg,30,0,3.663, 167.591,171.255,167.591,-8,0,0,2,AM6_30,2022-10-26 12:21:37.749
9017,PSYC-134130,TOTDay1,Experiment, 9,0, 1.jpg,1.jpg,150,270,3.341, 171.712,175.053,171.712,-9,0,0,3,BH1_150,2022-10-26 12:21:41.548
9017,PSYC-134130,TOTDay1,Experiment, 10,1, 10.jpg,10.jpg,60,60,3.061, 175.813,178.875,175.813,-8,0,0,2,BM10_60,2022-10-26 12:21:45.370
9017,PSYC-134130,TOTDay1,Experiment, 11,1, 4.jpg,4.jpg,210,210,3.168, 179.489,182.657,179.489,-7,0,0,3,BH4_210,2022-10-26 12:21:49.153
9017,PSYC-134130,TOTDay1,Experiment, 12,0, 1.jpg,1.jpg,270,120,4.845, 183.476,188.321,183.475,-8,0,0,1,AE1_270,2022-10-26 12:21:54.816
9017,PSYC-134130,TOTDay1,Experiment, 13,1, 7.jpg,7.jpg,330,330,3.205, 189.329,192.535,189.329,-7,0,0,2,AM7_330,2022-10-26 12:21:59.030
9017,PSYC-134130,TOTDay1,Experiment, 14,0, 9.jpg,9.jpg,240,60,3.249, 193.071,196.321,193.071,-8,0,0,3,AH9_240,2022-10-26 12:22:02.816
9017,PSYC-134130,TOTDay1,Experiment, 15,0, 11.jpg,11.jpg,180,330,3.778, 196.775,200.553,196.775,-9,0,0,1,BE11_180,2022-10-26 12:22:07.048
9017,PSYC-134130,TOTDay1,Experiment, 16,0, 3.jpg,3.jpg,90,180,3.641, 201.56,205.201,201.559,-10,0,0,1,AE3_90,2022-10-26 12:22:11.696
9017,PSYC-134130,TOTDay1,Experiment, 17,1, 8.jpg,8.jpg,330,330,5.377, 205.583,210.961,205.583,-9,0,0,2,BM8_330,2022-10-26 12:22:17.456
9017,PSYC-134130,TOTDay1,Experiment, 18,0, 10.jpg,10.jpg,150,120,5.781, 211.402,217.183,211.401,-10,0,0,3,AH10_150,2022-10-26 12:22:23.680
9018,PSYC-132589,TOTDay1,Training, 1,1, 2.jpg,2.jpg,90,90,13.877, 24.48,38.355,24.479,1,0,0,1,PE2_90,2022-10-26 15:11:53.093
9018,PSYC-132589,TOTDay1,Training, 2,1, 2.jpg,2.jpg,180,180,7.299, 40.067,47.366,40.066,2,0,0,1,PE2_180,2022-10-26 15:12:02.102
9018,PSYC-132589,TOTDay1,Training, 3,1, 2.jpg,2.jpg,60,60,10.16, 47.883,58.043,47.883,3,0,0,2,PM2_60,2022-10-26 15:12:12.778
9018,PSYC-132589,TOTDay1,Training, 4,1, 2.jpg,2.jpg,30,30,3.998, 58.779,62.777,58.778,4,0,0,2,PM2_30,2022-10-26 15:12:17.512
9018,PSYC-132589,TOTDay1,Training, 5,1, 2.jpg,2.jpg,210,210,10.865, 63.383,74.248,63.382,5,0,0,3,PH2_210,2022-10-26 15:12:28.984
9018,PSYC-132589,TOTDay1,Training, 6,1, 2.jpg,2.jpg,120,120,9.397, 74.781,84.179,74.78,6,0,0,3,PH2_120,2022-10-26 15:12:38.913
9018,PSYC-132589,TOTDay1,Training, 7,1, 2.jpg,2.jpg,0,0,5.561, 84.657,90.218,84.656,7,0,0,1,PE2_0,2022-10-26 15:12:44.953
9018,PSYC-132589,TOTDay1,Training, 8,1, 2.jpg,2.jpg,240,240,5.558, 90.651,96.209,90.65,8,0,0,3,PH2_240,2022-10-26 15:12:50.943
9018,PSYC-132589,TOTDay1,Training, 9,1, 2.jpg,2.jpg,330,330,10.547, 96.741,107.288,96.741,9,0,0,2,PM2_330,2022-10-26 15:13:02.023
9018,PSYC-132589,TOTDay1,Training, 10,1, 2.jpg,2.jpg,150,150,11.041, 107.795,118.836,107.795,10,0,0,3,PH2_150,2022-10-26 15:13:13.571
9018,PSYC-132589,TOTDay1,Training, 11,1, 2.jpg,2.jpg,300,300,7.975, 119.329,127.304,119.329,11,0,0,2,PM2_300,2022-10-26 15:13:22.039
9018,PSYC-132589,TOTDay1,Training, 12,1, 2.jpg,2.jpg,270,270,6.05, 127.775,133.824,127.774,12,0,0,1,PE2_270,2022-10-26 15:13:28.558
9018,PSYC-132589,TOTDay1,Experiment, 1,0, 11.jpg,11.jpg,60,30,16.447, 135.815,152.262,134.274,-1,0,0,2,AM11_60,2022-10-26 15:13:46.995
9018,PSYC-132589,TOTDay1,Experiment, 2,1, 4.jpg,4.jpg,180,180,12.337, 156.141,168.478,156.14,0,0,0,1,AE4_180,2022-10-26 15:14:03.212
9018,PSYC-132589,TOTDay1,Experiment, 3,1, 3.jpg,3.jpg,240,240,10.221, 168.995,179.216,168.995,1,0,0,3,BH3_240,2022-10-26 15:14:13.950
9018,PSYC-132589,TOTDay1,Experiment, 4,0, 10.jpg,10.jpg,60,30,8.675, 179.757,188.433,179.757,0,0,0,2,BM10_60,2022-10-26 15:14:23.166
9018,PSYC-132589,TOTDay1,Experiment, 5,1, 6.jpg,6.jpg,90,90,6.041, 189.019,195.06,189.018,1,0,0,1,BE6_90,2022-10-26 15:14:29.794
9018,PSYC-132589,TOTDay1,Experiment, 6,0, 4.jpg,4.jpg,210,240,6.393, 195.527,201.92,195.527,0,0,0,3,BH4_210,2022-10-26 15:14:36.653
9018,PSYC-132589,TOTDay1,Experiment, 7,1, 7.jpg,7.jpg,330,330,9.929, 202.277,212.206,202.276,1,0,0,2,AM7_330,2022-10-26 15:14:46.939
9018,PSYC-132589,TOTDay1,Experiment, 8,1, 8.jpg,8.jpg,210,210,24.472, 212.633,237.105,212.632,2,0,0,3,AH8_210,2022-10-26 15:15:11.837
9018,PSYC-132589,TOTDay1,Experiment, 9,1, 7.jpg,7.jpg,270,270,10.132, 237.605,247.736,237.604,3,0,0,1,BE7_270,2022-10-26 15:15:22.469
9018,PSYC-132589,TOTDay1,Experiment, 10,1, 11.jpg,11.jpg,180,180,6.829, 248.179,255.008,248.178,4,0,0,1,BE11_180,2022-10-26 15:15:29.741
9018,PSYC-132589,TOTDay1,Experiment, 11,0, 9.jpg,9.jpg,240,120,14.748, 255.485,270.233,255.485,3,0,0,3,AH9_240,2022-10-26 15:15:44.965
9018,PSYC-132589,TOTDay1,Experiment, 12,1, 8.jpg,8.jpg,330,330,12.803, 270.793,283.597,270.792,4,0,0,2,BM8_330,2022-10-26 15:15:58.328
9018,PSYC-132589,TOTDay1,Experiment, 13,0, 10.jpg,10.jpg,150,240,9.141, 283.983,293.124,283.982,3,0,0,3,AH10_150,2022-10-26 15:16:07.856
9018,PSYC-132589,TOTDay1,Experiment, 14,1, 9.jpg,9.jpg,30,30,16.383, 293.469,309.852,293.469,4,0,0,2,BM9_30,2022-10-26 15:16:24.584
9018,PSYC-132589,TOTDay1,Experiment, 15,1, 1.jpg,1.jpg,270,270,8.749, 310.111,318.86,310.11,5,0,0,1,AE1_270,2022-10-26 15:16:33.591
9018,PSYC-132589,TOTDay1,Experiment, 16,0, 6.jpg,6.jpg,30,150,7.119, 319.171,326.29,319.17,4,0,0,2,AM6_30,2022-10-26 15:16:41.021
9018,PSYC-132589,TOTDay1,Experiment, 17,1, 3.jpg,3.jpg,90,90,11.824, 326.575,338.399,326.574,5,0,0,1,AE3_90,2022-10-26 15:16:53.130
9018,PSYC-132589,TOTDay1,Experiment, 18,1, 1.jpg,1.jpg,150,150,18.658, 338.829,357.487,338.829,6,0,0,3,BH1_150,2022-10-26 15:17:12.218
9020,PSYC-134130,TOTDay1,Training, 1,0, 2.jpg,2.jpg,90,0,8.085, 11.825,19.909,11.824,-1,0,0,1,PE2_90,2022-10-26 15:17:37.544
9020,PSYC-134130,TOTDay1,Training, 2,1, 2.jpg,2.jpg,180,180,5.62, 23.878,29.498,23.878,0,0,0,1,PE2_180,2022-10-26 15:17:47.132
9020,PSYC-134130,TOTDay1,Training, 3,0, 2.jpg,2.jpg,60,330,6.441, 34.138,40.58,34.138,-1,0,0,2,PM2_60,2022-10-26 15:17:58.214
9020,PSYC-134130,TOTDay1,Training, 4,0, 2.jpg,2.jpg,30,-1,36.053, 48.755,84.807,48.754,-2,0,0,2,PM2_30,2022-10-26 15:18:42.441
9020,PSYC-134130,TOTDay1,Training, 5,0, 2.jpg,2.jpg,210,300,6.363, 133.205,139.568,133.205,-3,0,0,3,PH2_210,2022-10-26 15:19:37.202
9020,PSYC-134130,TOTDay1,Training, 6,0, 2.jpg,2.jpg,120,60,7.919, 151.643,159.562,151.643,-4,0,0,3,PH2_120,2022-10-26 15:19:57.195
9020,PSYC-134130,TOTDay1,Training, 7,1, 2.jpg,2.jpg,0,0,6.103, 164.763,170.866,164.762,-3,0,0,1,PE2_0,2022-10-26 15:20:08.500
9020,PSYC-134130,TOTDay1,Training, 8,0, 2.jpg,2.jpg,240,150,13.909, 173.069,186.978,173.068,-4,0,0,3,PH2_240,2022-10-26 15:20:24.612
9020,PSYC-134130,TOTDay1,Training, 9,0, 2.jpg,2.jpg,330,210,10.249, 188.341,198.59,188.341,-5,0,0,2,PM2_330,2022-10-26 15:20:36.224
9020,PSYC-134130,TOTDay1,Training, 10,0, 2.jpg,2.jpg,150,120,5.669, 199.671,205.34,199.67,-6,0,0,3,PH2_150,2022-10-26 15:20:42.974
9020,PSYC-134130,TOTDay1,Training, 11,0, 2.jpg,2.jpg,300,210,3.823, 206.167,209.99,206.166,-7,0,0,2,PM2_300,2022-10-26 15:20:47.624
9020,PSYC-134130,TOTDay1,Training, 12,1, 2.jpg,2.jpg,270,270,5.019, 210.985,216.004,210.984,-6,0,0,1,PE2_270,2022-10-26 15:20:53.638
9020,PSYC-134130,TOTDay1,Experiment, 1,0, 11.jpg,11.jpg,180,270,8.304, 219.976,228.28,216.748,-1,0,0,1,BE11_180,2022-10-26 15:21:05.914
9020,PSYC-134130,TOTDay1,Experiment, 2,0, 7.jpg,7.jpg,330,30,5.591, 229.485,235.077,229.485,-2,0,0,2,AM7_330,2022-10-26 15:21:12.711
9020,PSYC-134130,TOTDay1,Experiment, 3,0, 1.jpg,1.jpg,150,330,9.507, 235.79,245.298,235.79,-3,0,0,3,BH1_150,2022-10-26 15:21:22.931
9020,PSYC-134130,TOTDay1,Experiment, 4,0, 10.jpg,10.jpg,150,30,4.629, 246.113,250.742,246.113,-4,0,0,3,AH10_150,2022-10-26 15:21:28.376
9020,PSYC-134130,TOTDay1,Experiment, 5,1, 10.jpg,10.jpg,60,60,1.483, 253.06,254.544,253.06,-3,0,0,2,BM10_60,2022-10-26 15:21:32.178
9020,PSYC-134130,TOTDay1,Experiment, 6,0, 3.jpg,3.jpg,90,240,4.383, 255.633,260.016,255.633,-4,0,0,1,AE3_90,2022-10-26 15:21:37.650
9020,PSYC-134130,TOTDay1,Experiment, 7,0, 7.jpg,7.jpg,270,240,2.909, 260.784,263.694,260.784,-5,0,0,1,BE7_270,2022-10-26 15:21:41.328
9020,PSYC-134130,TOTDay1,Experiment, 8,0, 8.jpg,8.jpg,210,120,6.649, 264.014,270.664,264.014,-6,0,0,3,AH8_210,2022-10-26 15:21:48.298
9020,PSYC-134130,TOTDay1,Experiment, 9,0, 6.jpg,6.jpg,30,300,2.806, 271.327,274.133,271.326,-7,0,0,2,AM6_30,2022-10-26 15:21:51.767
9020,PSYC-134130,TOTDay1,Experiment, 10,0, 3.jpg,3.jpg,240,120,2.875, 276.689,279.564,276.688,-8,0,0,3,BH3_240,2022-10-26 15:21:57.199
9020,PSYC-134130,TOTDay1,Experiment, 11,0, 11.jpg,11.jpg,60,120,5.481, 282.579,288.06,282.579,-9,0,0,2,AM11_60,2022-10-26 15:22:05.694
9020,PSYC-134130,TOTDay1,Experiment, 12,0, 1.jpg,1.jpg,270,120,2.773, 289.584,292.358,289.584,-10,0,0,1,AE1_270,2022-10-26 15:22:09.991
9020,PSYC-134130,TOTDay1,Experiment, 13,0, 9.jpg,9.jpg,240,60,2.326, 315.504,317.83,315.504,-11,0,0,3,AH9_240,2022-10-26 15:22:35.464
9020,PSYC-134130,TOTDay1,Experiment, 14,0, 9.jpg,9.jpg,30,90,2.219, 322.253,324.472,322.252,-12,0,0,2,BM9_30,2022-10-26 15:22:42.106
9020,PSYC-134130,TOTDay1,Experiment, 15,1, 6.jpg,6.jpg,90,90,2.281, 328.419,330.7,328.418,-11,0,0,1,BE6_90,2022-10-26 15:22:48.334
9020,PSYC-134130,TOTDay1,Experiment, 16,0, 8.jpg,8.jpg,330,90,2.996, 332.53,335.526,332.53,-12,0,0,2,BM8_330,2022-10-26 15:22:53.160
9020,PSYC-134130,TOTDay1,Experiment, 17,0, 4.jpg,4.jpg,210,120,3.366, 337.888,341.254,337.888,-13,0,0,3,BH4_210,2022-10-26 15:22:58.888
9020,PSYC-134130,TOTDay1,Experiment, 18,0, 4.jpg,4.jpg,180,210,3.855, 347.639,351.494,347.638,-14,0,0,1,AE4_180,2022-10-26 15:23:09.129
9019,PSYC-134128,TOTDay1,Training, 1,0, 2.jpg,2.jpg,90,270,9.053, 61.288,70.339,61.287,-1,0,0,1,PE2_90,2022-10-26 15:22:29.822
9019,PSYC-134128,TOTDay1,Training, 2,1, 2.jpg,2.jpg,180,180,6.462, 76.389,82.851,76.389,0,0,0,1,PE2_180,2022-10-26 15:22:42.333
9019,PSYC-134128,TOTDay1,Training, 3,0, 2.jpg,2.jpg,60,120,13.009, 85.195,98.205,85.195,-1,0,0,2,PM2_60,2022-10-26 15:22:57.687
9019,PSYC-134128,TOTDay1,Training, 4,0, 2.jpg,2.jpg,30,60,5.02, 102.465,107.485,102.465,-2,0,0,2,PM2_30,2022-10-26 15:23:06.967
9019,PSYC-134128,TOTDay1,Training, 5,1, 2.jpg,2.jpg,210,210,7.423, 110.044,117.467,110.043,-1,0,0,3,PH2_210,2022-10-26 15:23:16.948
9019,PSYC-134128,TOTDay1,Training, 6,0, 2.jpg,2.jpg,120,240,3.394, 118.641,122.035,118.641,-2,0,0,3,PH2_120,2022-10-26 15:23:21.517
9019,PSYC-134128,TOTDay1,Training, 7,1, 2.jpg,2.jpg,0,0,3.733, 126.947,130.681,126.947,-1,0,0,1,PE2_0,2022-10-26 15:23:30.163
9019,PSYC-134128,TOTDay1,Training, 8,0, 2.jpg,2.jpg,240,330,7.181, 131.555,138.737,131.555,-2,0,0,3,PH2_240,2022-10-26 15:23:38.218
9019,PSYC-134128,TOTDay1,Training, 9,1, 2.jpg,2.jpg,330,330,4.454, 141.69,146.144,141.689,-1,0,0,2,PM2_330,2022-10-26 15:23:45.625
9019,PSYC-134128,TOTDay1,Training, 10,1, 2.jpg,2.jpg,150,150,8.392, 147.031,155.423,147.031,0,0,0,3,PH2_150,2022-10-26 15:23:54.905
9019,PSYC-134128,TOTDay1,Training, 11,1, 2.jpg,2.jpg,300,300,10.93, 156.833,167.763,156.833,1,0,0,2,PM2_300,2022-10-26 15:24:07.245
9019,PSYC-134128,TOTDay1,Training, 12,1, 2.jpg,2.jpg,270,270,3.854, 168.775,172.629,168.775,2,0,0,1,PE2_270,2022-10-26 15:24:12.110
9019,PSYC-134128,TOTDay1,Experiment, 1,1, 11.jpg,11.jpg,180,180,13.415, 177.032,190.447,174.711,1,0,0,1,BE11_180,2022-10-26 15:24:29.929
9019,PSYC-134128,TOTDay1,Experiment, 2,0, 11.jpg,11.jpg,60,30,11.819, 191.744,203.563,191.742,0,0,0,2,AM11_60,2022-10-26 15:24:43.045
9019,PSYC-134128,TOTDay1,Experiment, 3,0, 4.jpg,4.jpg,210,150,29.223, 206.129,235.353,206.129,-1,0,0,3,BH4_210,2022-10-26 15:25:14.834
9019,PSYC-134128,TOTDay1,Experiment, 4,1, 6.jpg,6.jpg,30,30,11.06, 237.141,248.202,237.141,0,0,0,2,AM6_30,2022-10-26 15:25:27.683
9019,PSYC-134128,TOTDay1,Experiment, 5,1, 3.jpg,3.jpg,90,90,15.703, 248.824,264.527,248.823,1,0,0,1,AE3_90,2022-10-26 15:25:44.009
9019,PSYC-134128,TOTDay1,Experiment, 6,0, 3.jpg,3.jpg,240,180,13.255, 265.045,278.301,265.045,0,0,0,3,BH3_240,2022-10-26 15:25:57.783
9019,PSYC-134128,TOTDay1,Experiment, 7,1, 4.jpg,4.jpg,180,180,17.065, 279.821,296.887,279.821,1,0,0,1,AE4_180,2022-10-26 15:26:16.369
9019,PSYC-134128,TOTDay1,Experiment, 8,1, 8.jpg,8.jpg,210,210,16.392, 297.499,313.891,297.499,2,0,0,3,AH8_210,2022-10-26 15:26:33.373
9019,PSYC-134128,TOTDay1,Experiment, 9,1, 9.jpg,9.jpg,30,30,13.4, 314.507,327.908,314.507,3,0,0,2,BM9_30,2022-10-26 15:26:47.389
9019,PSYC-134128,TOTDay1,Experiment, 10,0, 10.jpg,10.jpg,150,210,28.377, 328.434,356.811,328.433,2,0,0,3,AH10_150,2022-10-26 15:27:16.294
9019,PSYC-134128,TOTDay1,Experiment, 11,0, 7.jpg,7.jpg,270,90,13.485, 358.973,372.459,358.973,1,0,0,1,BE7_270,2022-10-26 15:27:31.941
9019,PSYC-134128,TOTDay1,Experiment, 12,0, 10.jpg,10.jpg,60,120,9.231, 373.756,382.987,373.755,0,0,0,2,BM10_60,2022-10-26 15:27:42.469
9019,PSYC-134128,TOTDay1,Experiment, 13,0, 9.jpg,9.jpg,240,60,16.855, 385.907,402.763,385.907,-1,0,0,3,AH9_240,2022-10-26 15:28:02.246
9019,PSYC-134128,TOTDay1,Experiment, 14,1, 8.jpg,8.jpg,330,330,12.523, 404.587,417.111,404.587,0,0,0,2,BM8_330,2022-10-26 15:28:16.593
9019,PSYC-134128,TOTDay1,Experiment, 15,0, 1.jpg,1.jpg,270,90,19.381, 418.116,437.497,418.115,-1,0,0,1,AE1_270,2022-10-26 15:28:36.980
9019,PSYC-134128,TOTDay1,Experiment, 16,0, 6.jpg,6.jpg,90,300,23.181, 439.293,462.475,439.293,-2,0,0,1,BE6_90,2022-10-26 15:29:01.957
9019,PSYC-134128,TOTDay1,Experiment, 17,0, 1.jpg,1.jpg,150,180,12.575, 463.757,476.333,463.757,-3,0,0,3,BH1_150,2022-10-26 15:29:15.815
9019,PSYC-134128,TOTDay1,Experiment, 18,1, 7.jpg,7.jpg,330,330,27.721, 477.085,504.807,477.085,-2,0,0,2,AM7_330,2022-10-26 15:29:44.290
9022,PSYC-132589,TOTDay1,Training, 1,1, 2.jpg,2.jpg,90,90,4.388, 14.596,18.981,14.594,1,0,0,1,PE2_90,2022-10-27 12:24:16.746
9022,PSYC-132589,TOTDay1,Training, 2,1, 2.jpg,2.jpg,180,180,4.41, 20.122,24.531,20.121,2,0,0,1,PE2_180,2022-10-27 12:24:22.294
9022,PSYC-132589,TOTDay1,Training, 3,0, 2.jpg,2.jpg,60,300,3.289, 25.718,29.006,25.717,1,0,0,2,PM2_60,2022-10-27 12:24:26.769
9022,PSYC-132589,TOTDay1,Training, 4,0, 2.jpg,2.jpg,30,330,2.961, 33.324,36.286,33.324,0,0,0,2,PM2_30,2022-10-27 12:24:34.049
9022,PSYC-132589,TOTDay1,Training, 5,0, 2.jpg,2.jpg,210,330,4.282, 38.348,42.63,38.347,-1,0,0,3,PH2_210,2022-10-27 12:24:40.393
9022,PSYC-132589,TOTDay1,Training, 6,1, 2.jpg,2.jpg,120,120,4.569, 50.039,54.608,50.038,0,0,0,3,PH2_120,2022-10-27 12:24:52.370
9022,PSYC-132589,TOTDay1,Training, 7,1, 2.jpg,2.jpg,0,0,2.47, 55.21,57.681,55.209,1,0,0,1,PE2_0,2022-10-27 12:24:55.443
9022,PSYC-132589,TOTDay1,Training, 8,1, 2.jpg,2.jpg,240,240,3.56, 58.203,61.763,58.202,2,0,0,3,PH2_240,2022-10-27 12:24:59.526
9022,PSYC-132589,TOTDay1,Training, 9,1, 2.jpg,2.jpg,330,330,4.328, 62.229,66.557,62.228,3,0,0,2,PM2_330,2022-10-27 12:25:04.319
9022,PSYC-132589,TOTDay1,Training, 10,0, 2.jpg,2.jpg,150,120,4.871, 67.176,72.047,67.176,2,0,0,3,PH2_150,2022-10-27 12:25:09.809
9022,PSYC-132589,TOTDay1,Training, 11,0, 2.jpg,2.jpg,300,330,5.365, 72.755,78.12,72.754,1,0,0,2,PM2_300,2022-10-27 12:25:15.882
9022,PSYC-132589,TOTDay1,Training, 12,0, 2.jpg,2.jpg,270,90,3.715, 78.787,82.502,78.786,0,0,0,1,PE2_270,2022-10-27 12:25:20.264
9022,PSYC-132589,TOTDay1,Experiment, 1,1, 6.jpg,6.jpg,90,90,5.27, 84.516,89.787,83.12,1,0,0,1,BE6_90,2022-10-27 12:25:27.549
9022,PSYC-132589,TOTDay1,Experiment, 2,0, 7.jpg,7.jpg,330,210,4.838, 90.507,95.346,90.507,0,0,0,2,AM7_330,2022-10-27 12:25:33.108
9022,PSYC-132589,TOTDay1,Experiment, 3,0, 8.jpg,8.jpg,210,330,4.484, 96.281,100.765,96.28,-1,0,0,3,AH8_210,2022-10-27 12:25:38.527
9022,PSYC-132589,TOTDay1,Experiment, 4,0, 11.jpg,11.jpg,60,90,2.556, 101.296,103.852,101.296,-2,0,0,2,AM11_60,2022-10-27 12:25:41.615
9022,PSYC-132589,TOTDay1,Experiment, 5,0, 7.jpg,7.jpg,270,90,4.651, 104.365,109.016,104.364,-3,0,0,1,BE7_270,2022-10-27 12:25:46.778
9022,PSYC-132589,TOTDay1,Experiment, 6,0, 9.jpg,9.jpg,240,30,2.491, 109.436,111.928,109.436,-4,0,0,3,AH9_240,2022-10-27 12:25:49.690
9022,PSYC-132589,TOTDay1,Experiment, 7,0, 9.jpg,9.jpg,30,150,3.967, 112.339,116.306,112.338,-5,0,0,2,BM9_30,2022-10-27 12:25:54.069
9022,PSYC-132589,TOTDay1,Experiment, 8,0, 1.jpg,1.jpg,270,180,6.238, 116.765,123.004,116.765,-6,0,0,1,AE1_270,2022-10-27 12:26:00.766
9022,PSYC-132589,TOTDay1,Experiment, 9,0, 10.jpg,10.jpg,150,300,2.855, 123.52,126.376,123.52,-7,0,0,3,AH10_150,2022-10-27 12:26:04.138
9022,PSYC-132589,TOTDay1,Experiment, 10,0, 4.jpg,4.jpg,180,90,8.011, 126.835,134.846,126.834,-8,0,0,1,AE4_180,2022-10-27 12:26:12.608
9022,PSYC-132589,TOTDay1,Experiment, 11,0, 8.jpg,8.jpg,330,120,2.259, 135.251,137.51,135.25,-9,0,0,2,BM8_330,2022-10-27 12:26:15.272
9022,PSYC-132589,TOTDay1,Experiment, 12,0, 1.jpg,1.jpg,150,180,4.705, 138.028,142.733,138.027,-10,0,0,3,BH1_150,2022-10-27 12:26:20.495
9022,PSYC-132589,TOTDay1,Experiment, 13,0, 4.jpg,4.jpg,210,150,4.035, 143.476,147.512,143.476,-11,0,0,3,BH4_210,2022-10-27 12:26:25.274
9022,PSYC-132589,TOTDay1,Experiment, 14,1, 11.jpg,11.jpg,180,180,5.129, 148.01,153.139,148.01,-10,0,0,1,BE11_180,2022-10-27 12:26:30.901
9022,PSYC-132589,TOTDay1,Experiment, 15,0, 10.jpg,10.jpg,60,30,3.383, 153.8,157.184,153.8,-11,0,0,2,BM10_60,2022-10-27 12:26:34.945
9022,PSYC-132589,TOTDay1,Experiment, 16,0, 3.jpg,3.jpg,240,120,5.709, 157.667,163.376,157.666,-12,0,0,3,BH3_240,2022-10-27 12:26:41.137
9022,PSYC-132589,TOTDay1,Experiment, 17,0, 3.jpg,3.jpg,90,270,5.065, 163.768,168.834,163.768,-13,0,0,1,AE3_90,2022-10-27 12:26:46.596
9022,PSYC-132589,TOTDay1,Experiment, 18,1, 6.jpg,6.jpg,30,30,5.944, 169.269,175.214,169.268,-12,0,0,2,AM6_30,2022-10-27 12:26:52.975
9021,PSYC-134130,TOTDay1,Training, 1,1, 2.jpg,2.jpg,90,90,9.443, 78.99,88.431,78.989,1,0,0,1,PE2_90,2022-10-27 12:23:22.970
9021,PSYC-134130,TOTDay1,Training, 2,1, 2.jpg,2.jpg,180,180,4.793, 91.223,96.016,91.223,2,0,0,1,PE2_180,2022-10-27 12:23:30.554
9021,PSYC-134130,TOTDay1,Training, 3,1, 2.jpg,2.jpg,60,60,6.913, 98.647,105.561,98.646,3,0,0,2,PM2_60,2022-10-27 12:23:40.098
9021,PSYC-134130,TOTDay1,Training, 4,1, 2.jpg,2.jpg,30,30,10.271, 108.737,119.009,108.737,4,0,0,2,PM2_30,2022-10-27 12:23:53.546
9021,PSYC-134130,TOTDay1,Training, 5,0, 2.jpg,2.jpg,210,240,8.513, 120.037,128.55,120.036,3,0,0,3,PH2_210,2022-10-27 12:24:03.089
9021,PSYC-134130,TOTDay1,Training, 6,0, 2.jpg,2.jpg,120,150,5.402, 134.954,140.357,134.954,2,0,0,3,PH2_120,2022-10-27 12:24:14.895
9021,PSYC-134130,TOTDay1,Training, 7,1, 2.jpg,2.jpg,0,0,0.523, 145.293,145.816,145.293,3,0,0,1,PE2_0,2022-10-27 12:24:20.355
9021,PSYC-134130,TOTDay1,Training, 8,1, 2.jpg,2.jpg,240,240,11.755, 148.875,160.631,148.874,4,0,0,3,PH2_240,2022-10-27 12:24:35.169
9021,PSYC-134130,TOTDay1,Training, 9,0, 2.jpg,2.jpg,330,150,7.187, 161.131,168.318,161.131,3,0,0,2,PM2_330,2022-10-27 12:24:42.857
9021,PSYC-134130,TOTDay1,Training, 10,1, 2.jpg,2.jpg,150,150,3.903, 169.807,173.71,169.806,4,0,0,3,PH2_150,2022-10-27 12:24:48.248
9021,PSYC-134130,TOTDay1,Training, 11,0, 2.jpg,2.jpg,300,330,8.125, 174.449,182.574,174.449,3,0,0,2,PM2_300,2022-10-27 12:24:57.113
9021,PSYC-134130,TOTDay1,Training, 12,1, 2.jpg,2.jpg,270,270,5.36, 183.523,188.883,183.523,4,0,0,1,PE2_270,2022-10-27 12:25:03.421
9021,PSYC-134130,TOTDay1,Experiment, 1,1, 4.jpg,4.jpg,180,180,10.422, 191.388,201.81,189.606,1,0,0,1,AE4_180,2022-10-27 12:25:16.349
9021,PSYC-134130,TOTDay1,Experiment, 2,1, 1.jpg,1.jpg,150,150,11.421, 202.723,214.145,202.722,2,0,0,3,BH1_150,2022-10-27 12:25:28.683
9021,PSYC-134130,TOTDay1,Experiment, 3,0, 10.jpg,10.jpg,60,30,14.285, 214.823,229.109,214.823,1,0,0,2,BM10_60,2022-10-27 12:25:43.647
9021,PSYC-134130,TOTDay1,Experiment, 4,1, 10.jpg,10.jpg,150,150,11.401, 230.083,241.485,230.083,2,0,0,3,AH10_150,2022-10-27 12:25:56.023
9021,PSYC-134130,TOTDay1,Experiment, 5,1, 7.jpg,7.jpg,330,330,8.115, 241.983,250.098,241.983,3,0,0,2,AM7_330,2022-10-27 12:26:04.638
9021,PSYC-134130,TOTDay1,Experiment, 6,1, 7.jpg,7.jpg,270,270,7.129, 250.585,257.715,250.585,4,0,0,1,BE7_270,2022-10-27 12:26:12.253
9021,PSYC-134130,TOTDay1,Experiment, 7,1, 3.jpg,3.jpg,90,90,12.321, 258.167,270.488,258.167,5,0,0,1,AE3_90,2022-10-27 12:26:25.027
9021,PSYC-134130,TOTDay1,Experiment, 8,0, 8.jpg,8.jpg,210,240,12.575, 271.031,283.606,271.03,4,0,0,3,AH8_210,2022-10-27 12:26:38.145
9021,PSYC-134130,TOTDay1,Experiment, 9,1, 9.jpg,9.jpg,30,30,8.581, 284.293,292.874,284.293,5,0,0,2,BM9_30,2022-10-27 12:26:47.414
9021,PSYC-134130,TOTDay1,Experiment, 10,1, 9.jpg,9.jpg,240,240,8.123, 293.776,301.899,293.775,6,0,0,3,AH9_240,2022-10-27 12:26:56.438
9021,PSYC-134130,TOTDay1,Experiment, 11,0, 6.jpg,6.jpg,30,60,7.355, 302.383,309.738,302.383,5,0,0,2,AM6_30,2022-10-27 12:27:04.278
9021,PSYC-134130,TOTDay1,Experiment, 12,0, 6.jpg,6.jpg,90,0,21.307, 310.251,331.559,310.25,4,0,0,1,BE6_90,2022-10-27 12:27:26.098
9021,PSYC-134130,TOTDay1,Experiment, 13,1, 11.jpg,11.jpg,180,180,8.706, 332.271,340.977,332.27,5,0,0,1,BE11_180,2022-10-27 12:27:35.517
9021,PSYC-134130,TOTDay1,Experiment, 14,1, 3.jpg,3.jpg,240,240,7.325, 341.655,348.981,341.655,6,0,0,3,BH3_240,2022-10-27 12:27:43.520
9021,PSYC-134130,TOTDay1,Experiment, 15,0, 11.jpg,11.jpg,60,120,18.467, 349.919,368.386,349.918,5,0,0,2,AM11_60,2022-10-27 12:28:02.926
9021,PSYC-134130,TOTDay1,Experiment, 16,0, 1.jpg,1.jpg,270,90,7.785, 369.037,376.822,369.036,4,0,0,1,AE1_270,2022-10-27 12:28:11.362
9021,PSYC-134130,TOTDay1,Experiment, 17,1, 8.jpg,8.jpg,330,330,4.771, 380.531,385.302,380.531,5,0,0,2,BM8_330,2022-10-27 12:28:19.842
9021,PSYC-134130,TOTDay1,Experiment, 18,1, 4.jpg,4.jpg,210,210,6.749, 385.723,392.472,385.722,6,0,0,3,BH4_210,2022-10-27 12:28:27.012
9023,PSYC-134128,TOTDay1,Training, 1,1, 2.jpg,2.jpg,90,90,3.317, 82.883,86.194,82.882,1,0,0,1,PE2_90,2022-10-27 12:24:21.209
9023,PSYC-134128,TOTDay1,Training, 2,0, 2.jpg,2.jpg,180,0,3.275, 88.322,91.597,88.322,0,0,0,1,PE2_180,2022-10-27 12:24:26.607
9023,PSYC-134128,TOTDay1,Training, 3,0, 2.jpg,2.jpg,60,300,7.611, 104.417,112.027,104.416,-1,0,0,2,PM2_60,2022-10-27 12:24:47.037
9023,PSYC-134128,TOTDay1,Training, 4,0, 2.jpg,2.jpg,30,330,4.807, 116.336,121.144,116.336,-2,0,0,2,PM2_30,2022-10-27 12:24:56.153
9023,PSYC-134128,TOTDay1,Training, 5,0, 2.jpg,2.jpg,210,300,9.503, 123.464,132.967,123.463,-3,0,0,3,PH2_210,2022-10-27 12:25:07.976
9023,PSYC-134128,TOTDay1,Training, 6,1, 2.jpg,2.jpg,120,120,12.98, 142.196,155.175,142.195,-2,0,0,3,PH2_120,2022-10-27 12:25:30.185
9023,PSYC-134128,TOTDay1,Training, 7,1, 2.jpg,2.jpg,0,0,5.71, 156.152,161.862,156.151,-1,0,0,1,PE2_0,2022-10-27 12:25:36.871
9023,PSYC-134128,TOTDay1,Training, 8,0, 2.jpg,2.jpg,240,60,5.534, 162.342,167.876,162.342,-2,0,0,3,PH2_240,2022-10-27 12:25:42.885
9023,PSYC-134128,TOTDay1,Training, 9,0, 2.jpg,2.jpg,330,30,4.991, 171.091,176.082,171.09,-3,0,0,2,PM2_330,2022-10-27 12:25:51.092
9023,PSYC-134128,TOTDay1,Training, 10,1, 2.jpg,2.jpg,150,150,5.301, 179.196,184.498,179.196,-2,0,0,3,PH2_150,2022-10-27 12:25:59.507
9023,PSYC-134128,TOTDay1,Training, 11,0, 2.jpg,2.jpg,300,60,16.303, 184.998,201.301,184.997,-3,0,0,2,PM2_300,2022-10-27 12:26:16.311
9023,PSYC-134128,TOTDay1,Training, 12,0, 2.jpg,2.jpg,270,90,3.267, 202.388,205.656,202.388,-4,0,0,1,PE2_270,2022-10-27 12:26:20.665
9023,PSYC-134128,TOTDay1,Experiment, 1,1, 9.jpg,9.jpg,30,30,6.946, 213.757,220.704,210.819,1,0,0,2,BM9_30,2022-10-27 12:26:35.713
9023,PSYC-134128,TOTDay1,Experiment, 2,1, 4.jpg,4.jpg,180,180,9.316, 221.376,230.691,221.375,2,0,0,1,AE4_180,2022-10-27 12:26:45.702
9023,PSYC-134128,TOTDay1,Experiment, 3,1, 10.jpg,10.jpg,150,150,13.566, 231.192,244.758,231.192,3,0,0,3,AH10_150,2022-10-27 12:26:59.768
9023,PSYC-134128,TOTDay1,Experiment, 4,1, 10.jpg,10.jpg,60,60,10.175, 245.304,255.479,245.303,4,0,0,2,BM10_60,2022-10-27 12:27:10.489
9023,PSYC-134128,TOTDay1,Experiment, 5,0, 9.jpg,9.jpg,240,150,13.437, 255.936,269.373,255.936,3,0,0,3,AH9_240,2022-10-27 12:27:24.383
9023,PSYC-134128,TOTDay1,Experiment, 6,1, 1.jpg,1.jpg,270,270,8.031, 270.798,278.829,270.798,4,0,0,1,AE1_270,2022-10-27 12:27:33.840
9023,PSYC-134128,TOTDay1,Experiment, 7,1, 6.jpg,6.jpg,90,90,9.283, 279.58,288.863,279.579,5,0,0,1,BE6_90,2022-10-27 12:27:43.873
9023,PSYC-134128,TOTDay1,Experiment, 8,1, 8.jpg,8.jpg,330,330,6.784, 289.33,296.114,289.329,6,0,0,2,BM8_330,2022-10-27 12:27:51.125
9023,PSYC-134128,TOTDay1,Experiment, 9,1, 1.jpg,1.jpg,150,150,15.299, 296.58,311.879,296.58,7,0,0,3,BH1_150,2022-10-27 12:28:06.889
9023,PSYC-134128,TOTDay1,Experiment, 10,0, 3.jpg,3.jpg,240,150,11.581, 312.408,323.989,312.408,6,0,0,3,BH3_240,2022-10-27 12:28:19.000
9023,PSYC-134128,TOTDay1,Experiment, 11,1, 7.jpg,7.jpg,330,330,5.089, 324.596,329.686,324.596,7,0,0,2,AM7_330,2022-10-27 12:28:24.696
9023,PSYC-134128,TOTDay1,Experiment, 12,1, 11.jpg,11.jpg,180,180,5.67, 330.145,335.815,330.144,8,0,0,1,BE11_180,2022-10-27 12:28:30.826
9023,PSYC-134128,TOTDay1,Experiment, 13,1, 7.jpg,7.jpg,270,270,13.673, 336.19,349.863,336.19,9,0,0,1,BE7_270,2022-10-27 12:28:44.873
9023,PSYC-134128,TOTDay1,Experiment, 14,1, 8.jpg,8.jpg,210,210,16.007, 350.312,366.32,350.312,10,0,0,3,AH8_210,2022-10-27 12:29:01.331
9023,PSYC-134128,TOTDay1,Experiment, 15,1, 6.jpg,6.jpg,30,30,3.916, 366.786,370.702,366.785,11,0,0,2,AM6_30,2022-10-27 12:29:05.713
9023,PSYC-134128,TOTDay1,Experiment, 16,0, 3.jpg,3.jpg,90,270,5.742, 371.096,376.838,371.096,10,0,0,1,AE3_90,2022-10-27 12:29:11.849
9023,PSYC-134128,TOTDay1,Experiment, 17,1, 11.jpg,11.jpg,60,60,15.045, 379.112,394.158,379.111,11,0,0,2,AM11_60,2022-10-27 12:29:29.169
9023,PSYC-134128,TOTDay1,Experiment, 18,1, 4.jpg,4.jpg,210,210,7.112, 394.666,401.779,394.666,12,0,0,3,BH4_210,2022-10-27 12:29:36.790
9026,PSYC-134130,TOTDay1,Training, 1,1, 2.jpg,2.jpg,90,90,8.549, 108.226,116.773,108.225,1,0,0,1,PE2_90,2022-10-27 15:29:33.988
9026,PSYC-134130,TOTDay1,Training, 2,1, 2.jpg,2.jpg,180,180,7.29, 122.392,129.682,122.391,2,0,0,1,PE2_180,2022-10-27 15:29:46.895
9026,PSYC-134130,TOTDay1,Training, 3,0, 2.jpg,2.jpg,60,210,22.048, 133.146,155.194,133.146,1,0,0,2,PM2_60,2022-10-27 15:30:12.407
9026,PSYC-134130,TOTDay1,Training, 4,1, 2.jpg,2.jpg,30,30,11.717, 162.14,173.858,162.14,2,0,0,2,PM2_30,2022-10-27 15:30:31.071
9026,PSYC-134130,TOTDay1,Training, 5,1, 2.jpg,2.jpg,210,210,14.433, 175.856,190.29,175.856,3,0,0,3,PH2_210,2022-10-27 15:30:47.503
9026,PSYC-134130,TOTDay1,Training, 6,1, 2.jpg,2.jpg,120,120,5.843, 192.523,198.366,192.522,4,0,0,3,PH2_120,2022-10-27 15:30:55.579
9026,PSYC-134130,TOTDay1,Training, 7,1, 2.jpg,2.jpg,0,0,2.937, 199.382,202.32,199.382,5,0,0,1,PE2_0,2022-10-27 15:30:59.533
9026,PSYC-134130,TOTDay1,Training, 8,0, 2.jpg,2.jpg,240,210,12.979, 203.115,216.094,203.114,4,0,0,3,PH2_240,2022-10-27 15:31:13.308
9026,PSYC-134130,TOTDay1,Training, 9,1, 2.jpg,2.jpg,330,330,9.569, 218.072,227.642,218.072,5,0,0,2,PM2_330,2022-10-27 15:31:24.855
9026,PSYC-134130,TOTDay1,Training, 10,0, 2.jpg,2.jpg,150,120,9.332, 228.64,237.972,228.64,4,0,0,3,PH2_150,2022-10-27 15:31:35.186
9026,PSYC-134130,TOTDay1,Training, 11,1, 2.jpg,2.jpg,300,300,6.786, 239.456,246.242,239.456,5,0,0,2,PM2_300,2022-10-27 15:31:43.455
9026,PSYC-134130,TOTDay1,Training, 12,1, 2.jpg,2.jpg,270,270,4.7, 247.376,252.076,247.376,6,0,0,1,PE2_270,2022-10-27 15:31:49.289
9026,PSYC-134130,TOTDay1,Experiment, 1,1, 11.jpg,11.jpg,180,180,10.848, 255.915,266.764,252.536,1,0,0,1,BE11_180,2022-10-27 15:32:03.977
9026,PSYC-134130,TOTDay1,Experiment, 2,1, 9.jpg,9.jpg,240,240,18.309, 267.665,285.974,267.664,2,0,0,3,AH9_240,2022-10-27 15:32:23.187
9026,PSYC-134130,TOTDay1,Experiment, 3,1, 7.jpg,7.jpg,330,330,7.633, 286.889,294.522,286.888,3,0,0,2,AM7_330,2022-10-27 15:32:31.735
9026,PSYC-134130,TOTDay1,Experiment, 4,1, 1.jpg,1.jpg,150,150,24.519, 295.36,319.88,295.36,4,0,0,3,BH1_150,2022-10-27 15:32:57.093
9026,PSYC-134130,TOTDay1,Experiment, 5,1, 1.jpg,1.jpg,270,270,10.233, 320.742,330.976,320.742,5,0,0,1,AE1_270,2022-10-27 15:33:08.189
9026,PSYC-134130,TOTDay1,Experiment, 6,1, 9.jpg,9.jpg,30,30,20.042, 331.776,351.818,331.776,6,0,0,2,BM9_30,2022-10-27 15:33:29.032
9026,PSYC-134130,TOTDay1,Experiment, 7,0, 4.jpg,4.jpg,180,210,24.935, 352.562,377.498,352.562,5,0,0,1,AE4_180,2022-10-27 15:33:54.712
9026,PSYC-134130,TOTDay1,Experiment, 8,1, 8.jpg,8.jpg,210,210,13.619, 379.566,393.186,379.565,6,0,0,3,AH8_210,2022-10-27 15:34:10.400
9026,PSYC-134130,TOTDay1,Experiment, 9,1, 6.jpg,6.jpg,30,30,15.448, 393.885,409.334,393.884,7,0,0,2,AM6_30,2022-10-27 15:34:26.547
9026,PSYC-134130,TOTDay1,Experiment, 10,1, 4.jpg,4.jpg,210,210,18.297, 409.946,428.244,409.946,8,0,0,3,BH4_210,2022-10-27 15:34:45.457
9026,PSYC-134130,TOTDay1,Experiment, 11,0, 10.jpg,10.jpg,60,30,15.572, 428.88,444.452,428.88,7,0,0,2,BM10_60,2022-10-27 15:35:01.666
9026,PSYC-134130,TOTDay1,Experiment, 12,1, 6.jpg,6.jpg,90,90,8.054, 446.384,454.438,446.384,8,0,0,1,BE6_90,2022-10-27 15:35:11.652
9026,PSYC-134130,TOTDay1,Experiment, 13,0, 11.jpg,11.jpg,60,30,13.637, 455.852,469.49,455.852,7,0,0,2,AM11_60,2022-10-27 15:35:26.704
9026,PSYC-134130,TOTDay1,Experiment, 14,1, 7.jpg,7.jpg,270,270,18.215, 471.518,489.734,471.518,8,0,0,1,BE7_270,2022-10-27 15:35:46.947
9026,PSYC-134130,TOTDay1,Experiment, 15,0, 10.jpg,10.jpg,150,120,12.002, 490.284,502.286,490.284,7,0,0,3,AH10_150,2022-10-27 15:35:59.500
9026,PSYC-134130,TOTDay1,Experiment, 16,0, 3.jpg,3.jpg,240,210,11.341, 503.693,515.034,503.692,6,0,0,3,BH3_240,2022-10-27 15:36:12.248
9026,PSYC-134130,TOTDay1,Experiment, 17,1, 8.jpg,8.jpg,330,330,8.289, 515.7,523.99,515.7,7,0,0,2,BM8_330,2022-10-27 15:36:21.204
9026,PSYC-134130,TOTDay1,Experiment, 18,1, 3.jpg,3.jpg,90,90,8.783, 524.754,533.538,524.754,8,0,0,1,AE3_90,2022-10-27 15:36:30.752
9028,PSYC-134128,TOTDay1,Training, 1,1, 2.jpg,2.jpg,90,90,13.944, 138.901,152.843,138.9,1,0,0,1,PE2_90,2022-10-28 09:21:32.089
9028,PSYC-134128,TOTDay1,Training, 2,1, 2.jpg,2.jpg,180,180,6.212, 153.921,160.133,153.921,2,0,0,1,PE2_180,2022-10-28 09:21:39.378
9028,PSYC-134128,TOTDay1,Training, 3,1, 2.jpg,2.jpg,60,60,17.983, 161.732,179.715,161.731,3,0,0,2,PM2_60,2022-10-28 09:21:58.960
9028,PSYC-134128,TOTDay1,Training, 4,1, 2.jpg,2.jpg,30,30,13.216, 180.701,193.917,180.701,4,0,0,2,PM2_30,2022-10-28 09:22:13.162
9028,PSYC-134128,TOTDay1,Training, 5,1, 2.jpg,2.jpg,210,210,10.755, 194.57,205.325,194.569,5,0,0,3,PH2_210,2022-10-28 09:22:24.570
9028,PSYC-134128,TOTDay1,Training, 6,1, 2.jpg,2.jpg,120,120,7.044, 205.959,213.003,205.958,6,0,0,3,PH2_120,2022-10-28 09:22:32.247
9028,PSYC-134128,TOTDay1,Training, 7,1, 2.jpg,2.jpg,0,0,4.127, 213.68,217.807,213.679,7,0,0,1,PE2_0,2022-10-28 09:22:37.052
9028,PSYC-134128,TOTDay1,Training, 8,0, 2.jpg,2.jpg,240,150,5.584, 218.341,223.925,218.341,6,0,0,3,PH2_240,2022-10-28 09:22:43.170
9028,PSYC-134128,TOTDay1,Training, 9,1, 2.jpg,2.jpg,330,330,8.86, 227.004,235.864,227.003,7,0,0,2,PM2_330,2022-10-28 09:22:55.108
9028,PSYC-134128,TOTDay1,Training, 10,1, 2.jpg,2.jpg,150,150,7.559, 236.642,244.201,236.635,8,0,0,3,PH2_150,2022-10-28 09:23:03.446
9028,PSYC-134128,TOTDay1,Training, 11,0, 2.jpg,2.jpg,300,330,8.775, 245.031,253.807,245.031,7,0,0,2,PM2_300,2022-10-28 09:23:13.052
9028,PSYC-134128,TOTDay1,Training, 12,1, 2.jpg,2.jpg,270,270,3.497, 255.19,258.687,255.189,8,0,0,1,PE2_270,2022-10-28 09:23:17.932
9028,PSYC-134128,TOTDay1,Experiment, 1,1, 10.jpg,10.jpg,150,150,11.104, 262.727,273.831,260.483,1,0,0,3,AH10_150,2022-10-28 09:23:33.076
9028,PSYC-134128,TOTDay1,Experiment, 2,1, 6.jpg,6.jpg,30,30,12.575, 274.869,287.445,274.869,2,0,0,2,AM6_30,2022-10-28 09:23:46.690
9028,PSYC-134128,TOTDay1,Experiment, 3,1, 11.jpg,11.jpg,180,180,8.046, 287.969,296.015,287.969,3,0,0,1,BE11_180,2022-10-28 09:23:55.259
9028,PSYC-134128,TOTDay1,Experiment, 4,0, 8.jpg,8.jpg,210,240,24.984, 296.641,321.625,296.641,2,0,0,3,AH8_210,2022-10-28 09:24:20.870
9028,PSYC-134128,TOTDay1,Experiment, 5,1, 6.jpg,6.jpg,90,90,5.754, 324.363,330.117,324.363,3,0,0,1,BE6_90,2022-10-28 09:24:29.362
9028,PSYC-134128,TOTDay1,Experiment, 6,0, 9.jpg,9.jpg,30,60,11.033, 330.614,341.647,330.613,2,0,0,2,BM9_30,2022-10-28 09:24:40.892
9028,PSYC-134128,TOTDay1,Experiment, 7,0, 8.jpg,8.jpg,330,30,10.021, 342.328,352.349,342.327,1,0,0,2,BM8_330,2022-10-28 09:24:51.594
9028,PSYC-134128,TOTDay1,Experiment, 8,0, 4.jpg,4.jpg,210,150,26.415, 354.192,380.607,354.191,0,0,0,3,BH4_210,2022-10-28 09:25:19.852
9028,PSYC-134128,TOTDay1,Experiment, 9,1, 3.jpg,3.jpg,90,90,11.132, 381.221,392.354,381.221,1,0,0,1,AE3_90,2022-10-28 09:25:31.598
9028,PSYC-134128,TOTDay1,Experiment, 10,1, 4.jpg,4.jpg,180,180,8.264, 393.065,401.329,393.064,2,0,0,1,AE4_180,2022-10-28 09:25:40.574
9028,PSYC-134128,TOTDay1,Experiment, 11,0, 3.jpg,3.jpg,240,120,31.293, 401.85,433.143,401.849,1,0,0,3,BH3_240,2022-10-28 09:26:12.388
9028,PSYC-134128,TOTDay1,Experiment, 12,0, 10.jpg,10.jpg,60,120,11.111, 433.8,444.911,433.799,0,0,0,2,BM10_60,2022-10-28 09:26:24.156
9028,PSYC-134128,TOTDay1,Experiment, 13,0, 1.jpg,1.jpg,150,30,25.53, 445.698,471.228,445.697,-1,0,0,3,BH1_150,2022-10-28 09:26:50.473
9028,PSYC-134128,TOTDay1,Experiment, 14,1, 1.jpg,1.jpg,270,270,10.217, 471.711,481.929,471.711,0,0,0,1,AE1_270,2022-10-28 09:27:01.174
9028,PSYC-134128,TOTDay1,Experiment, 15,0, 11.jpg,11.jpg,60,300,30.199, 482.558,512.758,482.558,-1,0,0,2,AM11_60,2022-10-28 09:27:32.002
9028,PSYC-134128,TOTDay1,Experiment, 16,1, 7.jpg,7.jpg,270,270,28.708, 513.259,541.968,513.258,0,0,0,1,BE7_270,2022-10-28 09:28:01.213
9028,PSYC-134128,TOTDay1,Experiment, 17,1, 7.jpg,7.jpg,330,330,8.619, 542.688,551.307,542.687,1,0,0,2,AM7_330,2022-10-28 09:28:10.552
9028,PSYC-134128,TOTDay1,Experiment, 18,0, 9.jpg,9.jpg,240,120,23.575, 551.962,575.537,551.962,0,0,0,3,AH9_240,2022-10-28 09:28:34.782
9027,PSYC-134130,TOTDay1,Training, 1,1, 2.jpg,2.jpg,90,90,17.679, 207.884,225.555,207.883,1,0,0,1,PE2_90,2022-10-28 09:25:00.089
9027,PSYC-134130,TOTDay1,Training, 2,1, 2.jpg,2.jpg,180,180,5.787, 228.516,234.303,228.515,2,0,0,1,PE2_180,2022-10-28 09:25:08.830
9027,PSYC-134130,TOTDay1,Training, 3,0, 2.jpg,2.jpg,60,90,18.961, 235.642,254.603,235.641,1,0,0,2,PM2_60,2022-10-28 09:25:29.131
9027,PSYC-134130,TOTDay1,Training, 4,0, 2.jpg,2.jpg,30,60,19.454, 262.384,281.838,262.383,0,0,0,2,PM2_30,2022-10-28 09:25:56.365
9027,PSYC-134130,TOTDay1,Training, 5,1, 2.jpg,2.jpg,210,210,14.683, 287.12,301.803,287.119,1,0,0,3,PH2_210,2022-10-28 09:26:16.330
9027,PSYC-134130,TOTDay1,Training, 6,1, 2.jpg,2.jpg,120,120,12.322, 304.271,316.594,304.271,2,0,0,3,PH2_120,2022-10-28 09:26:31.121
9027,PSYC-134130,TOTDay1,Training, 7,0, 2.jpg,2.jpg,0,180,4.802, 317.788,322.589,317.787,1,0,0,1,PE2_0,2022-10-28 09:26:37.117
9027,PSYC-134130,TOTDay1,Training, 8,1, 2.jpg,2.jpg,240,240,18.699, 329.326,348.025,329.326,2,0,0,3,PH2_240,2022-10-28 09:27:02.553
9027,PSYC-134130,TOTDay1,Training, 9,1, 2.jpg,2.jpg,330,330,15.784, 348.989,364.773,348.989,3,0,0,2,PM2_330,2022-10-28 09:27:19.301
9027,PSYC-134130,TOTDay1,Training, 10,1, 2.jpg,2.jpg,150,150,10.545, 365.604,376.149,365.603,4,0,0,3,PH2_150,2022-10-28 09:27:30.677
9027,PSYC-134130,TOTDay1,Training, 11,0, 2.jpg,2.jpg,300,60,17.759, 376.926,394.685,376.925,3,0,0,2,PM2_300,2022-10-28 09:27:49.212
9027,PSYC-134130,TOTDay1,Training, 12,1, 2.jpg,2.jpg,270,270,16.37, 399.616,415.986,399.615,4,0,0,1,PE2_270,2022-10-28 09:28:10.513
9027,PSYC-134130,TOTDay1,Experiment, 1,1, 7.jpg,7.jpg,330,330,8.131, 420.95,429.082,417.038,1,0,0,2,AM7_330,2022-10-28 09:28:23.610
9027,PSYC-134130,TOTDay1,Experiment, 2,1, 4.jpg,4.jpg,180,180,18.499, 431.344,449.843,431.344,2,0,0,1,AE4_180,2022-10-28 09:28:44.371
9027,PSYC-134130,TOTDay1,Experiment, 3,0, 3.jpg,3.jpg,240,-1,36.048, 450.874,486.922,450.873,1,0,0,3,BH3_240,2022-10-28 09:29:21.450
9027,PSYC-134130,TOTDay1,Experiment, 4,0, 6.jpg,6.jpg,30,330,19.118, 486.975,506.093,486.974,0,0,0,2,AM6_30,2022-10-28 09:29:40.621
9027,PSYC-134130,TOTDay1,Experiment, 5,1, 6.jpg,6.jpg,90,90,19.295, 509.7,528.995,509.699,1,0,0,1,BE6_90,2022-10-28 09:30:03.524
9027,PSYC-134130,TOTDay1,Experiment, 6,0, 1.jpg,1.jpg,150,30,26.187, 529.768,555.956,529.768,0,0,0,3,BH1_150,2022-10-28 09:30:30.483
9027,PSYC-134130,TOTDay1,Experiment, 7,1, 10.jpg,10.jpg,150,150,25.699, 557.296,582.995,557.295,1,0,0,3,AH10_150,2022-10-28 09:30:57.523
9027,PSYC-134130,TOTDay1,Experiment, 8,1, 7.jpg,7.jpg,270,270,30.676, 585.619,616.295,585.619,2,0,0,1,BE7_270,2022-10-28 09:31:30.824
9027,PSYC-134130,TOTDay1,Experiment, 9,1, 10.jpg,10.jpg,60,60,16.001, 617.668,633.669,617.667,3,0,0,2,BM10_60,2022-10-28 09:31:48.198
9027,PSYC-134130,TOTDay1,Experiment, 10,0, 9.jpg,9.jpg,240,180,16.083, 634.426,650.509,634.426,2,0,0,3,AH9_240,2022-10-28 09:32:05.038
9027,PSYC-134130,TOTDay1,Experiment, 11,1, 8.jpg,8.jpg,330,330,11.245, 652.466,663.711,652.466,3,0,0,2,BM8_330,2022-10-28 09:32:18.240
9027,PSYC-134130,TOTDay1,Experiment, 12,0, 11.jpg,11.jpg,180,270,12.241, 664.33,676.571,664.33,2,0,0,1,BE11_180,2022-10-28 09:32:31.100
9027,PSYC-134130,TOTDay1,Experiment, 13,0, 8.jpg,8.jpg,210,150,12.723, 678.79,691.513,678.789,1,0,0,3,AH8_210,2022-10-28 09:32:46.042
9027,PSYC-134130,TOTDay1,Experiment, 14,1, 11.jpg,11.jpg,60,60,16.019, 692.126,708.145,692.126,2,0,0,2,AM11_60,2022-10-28 09:33:02.674
9027,PSYC-134130,TOTDay1,Experiment, 15,0, 1.jpg,1.jpg,270,90,11.065, 708.91,719.975,708.91,1,0,0,1,AE1_270,2022-10-28 09:33:14.504
9027,PSYC-134130,TOTDay1,Experiment, 16,0, 9.jpg,9.jpg,30,210,22.205, 722.766,744.972,722.766,0,0,0,2,BM9_30,2022-10-28 09:33:39.500
9027,PSYC-134130,TOTDay1,Experiment, 17,0, 3.jpg,3.jpg,90,150,17.454, 746.097,763.552,746.097,-1,0,0,1,AE3_90,2022-10-28 09:33:58.081
9027,PSYC-134130,TOTDay1,Experiment, 18,0, 4.jpg,4.jpg,210,180,25.126, 764.074,789.2,764.073,-2,0,0,3,BH4_210,2022-10-28 09:34:23.729
9030,PSYC-134128,TOTDay1,Training, 1,1, 2.jpg,2.jpg,90,90,6.856, 89.375,96.229,89.374,1,0,0,1,PE2_90,2022-10-28 12:23:57.011
9030,PSYC-134128,TOTDay1,Training, 2,1, 2.jpg,2.jpg,180,180,5.111, 98.945,104.057,98.945,2,0,0,1,PE2_180,2022-10-28 12:24:04.837
9030,PSYC-134128,TOTDay1,Training, 3,0, 2.jpg,2.jpg,60,90,2.707, 105.081,107.788,105.081,1,0,0,2,PM2_60,2022-10-28 12:24:08.568
9030,PSYC-134128,TOTDay1,Training, 4,0, 2.jpg,2.jpg,30,150,3.41, 110.951,114.361,110.951,0,0,0,2,PM2_30,2022-10-28 12:24:15.141
9030,PSYC-134128,TOTDay1,Training, 5,0, 2.jpg,2.jpg,210,330,3.38, 116.673,120.053,116.673,-1,0,0,3,PH2_210,2022-10-28 12:24:20.833
9030,PSYC-134128,TOTDay1,Training, 6,0, 2.jpg,2.jpg,120,0,0.183, 126.158,126.341,126.157,-2,0,0,3,PH2_120,2022-10-28 12:24:27.120
9030,PSYC-134128,TOTDay1,Training, 7,0, 2.jpg,2.jpg,0,180,8.879, 133.047,141.927,133.047,-3,0,0,1,PE2_0,2022-10-28 12:24:42.707
9030,PSYC-134128,TOTDay1,Training, 8,0, 2.jpg,2.jpg,240,300,2.877, 142.874,145.751,142.873,-4,0,0,3,PH2_240,2022-10-28 12:24:46.531
9030,PSYC-134128,TOTDay1,Training, 9,0, 2.jpg,2.jpg,330,120,2.897, 146.744,149.641,146.743,-5,0,0,2,PM2_330,2022-10-28 12:24:50.420
9030,PSYC-134128,TOTDay1,Training, 10,0, 2.jpg,2.jpg,150,60,2.436, 151.099,153.535,151.099,-6,0,0,3,PH2_150,2022-10-28 12:24:54.315
9030,PSYC-134128,TOTDay1,Training, 11,0, 2.jpg,2.jpg,300,210,7.725, 155.023,162.749,155.023,-7,0,0,2,PM2_300,2022-10-28 12:25:03.528
9030,PSYC-134128,TOTDay1,Training, 12,1, 2.jpg,2.jpg,270,270,11.649, 165.027,176.677,165.027,-6,0,0,1,PE2_270,2022-10-28 12:25:17.457
9030,PSYC-134128,TOTDay1,Experiment, 1,1, 6.jpg,6.jpg,90,90,7.647, 179.465,187.113,177.595,1,0,0,1,BE6_90,2022-10-28 12:25:27.893
9030,PSYC-134128,TOTDay1,Experiment, 2,0, 9.jpg,9.jpg,30,60,7.329, 187.75,195.079,187.749,0,0,0,2,BM9_30,2022-10-28 12:25:35.859
9030,PSYC-134128,TOTDay1,Experiment, 3,0, 9.jpg,9.jpg,240,180,3.991, 196.805,200.797,196.805,-1,0,0,3,AH9_240,2022-10-28 12:25:41.576
9030,PSYC-134128,TOTDay1,Experiment, 4,0, 10.jpg,10.jpg,60,120,11.187, 201.614,212.801,201.613,-2,0,0,2,BM10_60,2022-10-28 12:25:53.581
9030,PSYC-134128,TOTDay1,Experiment, 5,0, 8.jpg,8.jpg,210,180,6.679, 213.535,220.215,213.535,-3,0,0,3,AH8_210,2022-10-28 12:26:00.995
9030,PSYC-134128,TOTDay1,Experiment, 6,1, 1.jpg,1.jpg,270,270,7.983, 220.965,228.949,220.965,-2,0,0,1,AE1_270,2022-10-28 12:26:09.729
9030,PSYC-134128,TOTDay1,Experiment, 7,0, 3.jpg,3.jpg,240,180,7.407, 229.675,237.083,229.675,-3,0,0,3,BH3_240,2022-10-28 12:26:17.863
9030,PSYC-134128,TOTDay1,Experiment, 8,0, 7.jpg,7.jpg,270,180,10.721, 237.534,248.255,237.533,-4,0,0,1,BE7_270,2022-10-28 12:26:29.035
9030,PSYC-134128,TOTDay1,Experiment, 9,0, 11.jpg,11.jpg,60,240,9.175, 248.717,257.893,248.717,-5,0,0,2,AM11_60,2022-10-28 12:26:38.673
9030,PSYC-134128,TOTDay1,Experiment, 10,0, 6.jpg,6.jpg,30,60,6.392, 258.377,264.769,258.377,-6,0,0,2,AM6_30,2022-10-28 12:26:45.549
9030,PSYC-134128,TOTDay1,Experiment, 11,0, 10.jpg,10.jpg,150,180,9.125, 265.236,274.361,265.235,-7,0,0,3,AH10_150,2022-10-28 12:26:55.141
9030,PSYC-134128,TOTDay1,Experiment, 12,1, 4.jpg,4.jpg,180,180,3.809, 274.815,278.625,274.815,-6,0,0,1,AE4_180,2022-10-28 12:26:59.405
9030,PSYC-134128,TOTDay1,Experiment, 13,0, 4.jpg,4.jpg,210,150,2.258, 280.158,282.416,280.157,-7,0,0,3,BH4_210,2022-10-28 12:27:03.196
9030,PSYC-134128,TOTDay1,Experiment, 14,0, 11.jpg,11.jpg,180,90,13.568, 283.052,296.621,283.052,-8,0,0,1,BE11_180,2022-10-28 12:27:17.401
9030,PSYC-134128,TOTDay1,Experiment, 15,0, 7.jpg,7.jpg,330,60,7.967, 297.097,305.065,297.097,-9,0,0,2,AM7_330,2022-10-28 12:27:25.845
9030,PSYC-134128,TOTDay1,Experiment, 16,0, 8.jpg,8.jpg,330,270,4.054, 305.537,309.591,305.537,-10,0,0,2,BM8_330,2022-10-28 12:27:30.372
9030,PSYC-134128,TOTDay1,Experiment, 17,0, 3.jpg,3.jpg,90,180,4.877, 310.102,314.979,310.101,-11,0,0,1,AE3_90,2022-10-28 12:27:35.759
9030,PSYC-134128,TOTDay1,Experiment, 18,0, 1.jpg,1.jpg,150,270,2.721, 315.419,318.141,315.419,-12,0,0,3,BH1_150,2022-10-28 12:27:38.921
9031,PSYC-134130,TOTDay1,Training, 1,1, 2.jpg,2.jpg,90,90,19.52, 52.335,71.853,52.334,1,0,0,1,PE2_90,2022-10-28 12:24:25.780
9031,PSYC-134130,TOTDay1,Training, 2,1, 2.jpg,2.jpg,180,180,4.031, 75.215,79.247,75.215,2,0,0,1,PE2_180,2022-10-28 12:24:33.172
9031,PSYC-134130,TOTDay1,Training, 3,0, 2.jpg,2.jpg,60,120,3.675, 79.708,83.383,79.707,1,0,0,2,PM2_60,2022-10-28 12:24:37.308
9031,PSYC-134130,TOTDay1,Training, 4,0, 2.jpg,2.jpg,30,330,5.265, 91.07,96.335,91.069,0,0,0,2,PM2_30,2022-10-28 12:24:50.260
9031,PSYC-134130,TOTDay1,Training, 5,1, 2.jpg,2.jpg,210,210,7.942, 98.709,106.651,98.709,1,0,0,3,PH2_210,2022-10-28 12:25:00.576
9031,PSYC-134130,TOTDay1,Training, 6,0, 2.jpg,2.jpg,120,240,3.643, 108.266,111.909,108.265,0,0,0,3,PH2_120,2022-10-28 12:25:05.834
9031,PSYC-134130,TOTDay1,Training, 7,1, 2.jpg,2.jpg,0,0,5.949, 117.299,123.249,117.299,1,0,0,1,PE2_0,2022-10-28 12:25:17.174
9031,PSYC-134130,TOTDay1,Training, 8,0, 2.jpg,2.jpg,240,150,9.901, 126.921,136.823,126.921,0,0,0,3,PH2_240,2022-10-28 12:25:30.748
9031,PSYC-134130,TOTDay1,Training, 9,0, 2.jpg,2.jpg,330,210,8.87, 141.103,149.973,141.103,-1,0,0,2,PM2_330,2022-10-28 12:25:43.898
9031,PSYC-134130,TOTDay1,Training, 10,1, 2.jpg,2.jpg,150,150,13.576, 152.837,166.413,152.837,0,0,0,3,PH2_150,2022-10-28 12:26:00.339
9031,PSYC-134130,TOTDay1,Training, 11,0, 2.jpg,2.jpg,300,120,3.477, 168.776,172.253,168.775,-1,0,0,2,PM2_300,2022-10-28 12:26:06.178
9031,PSYC-134130,TOTDay1,Training, 12,0, 2.jpg,2.jpg,270,60,6.476, 175.063,181.539,175.063,-2,0,0,1,PE2_270,2022-10-28 12:26:15.465
9031,PSYC-134130,TOTDay1,Experiment, 1,0, 3.jpg,3.jpg,90,270,11.326, 187.403,198.729,185.091,-1,0,0,1,AE3_90,2022-10-28 12:26:32.654
9031,PSYC-134130,TOTDay1,Experiment, 2,0, 10.jpg,10.jpg,60,300,9.801, 201.887,211.689,201.887,-2,0,0,2,BM10_60,2022-10-28 12:26:45.614
9031,PSYC-134130,TOTDay1,Experiment, 3,0, 3.jpg,3.jpg,240,60,15.399, 213.053,228.453,213.053,-3,0,0,3,BH3_240,2022-10-28 12:27:02.378
9031,PSYC-134130,TOTDay1,Experiment, 4,1, 9.jpg,9.jpg,240,240,7.863, 229.093,236.957,229.093,-2,0,0,3,AH9_240,2022-10-28 12:27:10.882
9031,PSYC-134130,TOTDay1,Experiment, 5,1, 6.jpg,6.jpg,90,90,11.281, 237.771,249.053,237.771,-1,0,0,1,BE6_90,2022-10-28 12:27:22.978
9031,PSYC-134130,TOTDay1,Experiment, 6,0, 6.jpg,6.jpg,30,240,5.201, 249.377,254.579,249.377,-2,0,0,2,AM6_30,2022-10-28 12:27:28.505
9031,PSYC-134130,TOTDay1,Experiment, 7,1, 7.jpg,7.jpg,270,270,7.159, 254.989,262.149,254.989,-1,0,0,1,BE7_270,2022-10-28 12:27:36.075
9031,PSYC-134130,TOTDay1,Experiment, 8,0, 1.jpg,1.jpg,150,210,8.729, 262.51,271.239,262.509,-2,0,0,3,BH1_150,2022-10-28 12:27:45.164
9031,PSYC-134130,TOTDay1,Experiment, 9,0, 7.jpg,7.jpg,330,300,4.832, 271.625,276.457,271.625,-3,0,0,2,AM7_330,2022-10-28 12:27:50.382
9031,PSYC-134130,TOTDay1,Experiment, 10,0, 9.jpg,9.jpg,30,300,7.154, 276.793,283.947,276.793,-4,0,0,2,BM9_30,2022-10-28 12:27:57.873
9031,PSYC-134130,TOTDay1,Experiment, 11,1, 1.jpg,1.jpg,270,270,5.043, 284.26,289.303,284.259,-3,0,0,1,AE1_270,2022-10-28 12:28:03.228
9031,PSYC-134130,TOTDay1,Experiment, 12,1, 10.jpg,10.jpg,150,150,9.547, 289.711,299.259,289.711,-2,0,0,3,AH10_150,2022-10-28 12:28:13.184
9031,PSYC-134130,TOTDay1,Experiment, 13,0, 4.jpg,4.jpg,210,180,5.558, 299.511,305.069,299.511,-3,0,0,3,BH4_210,2022-10-28 12:28:18.995
9031,PSYC-134130,TOTDay1,Experiment, 14,0, 11.jpg,11.jpg,60,90,5.552, 305.279,310.831,305.279,-4,0,0,2,AM11_60,2022-10-28 12:28:24.757
9031,PSYC-134130,TOTDay1,Experiment, 15,1, 4.jpg,4.jpg,180,180,9.847, 311.094,320.941,311.093,-3,0,0,1,AE4_180,2022-10-28 12:28:34.866
9031,PSYC-134130,TOTDay1,Experiment, 16,1, 11.jpg,11.jpg,180,180,18.621, 321.32,339.941,321.319,-2,0,0,1,BE11_180,2022-10-28 12:28:53.866
9031,PSYC-134130,TOTDay1,Experiment, 17,0, 8.jpg,8.jpg,210,180,7.597, 340.45,348.047,340.45,-3,0,0,3,AH8_210,2022-10-28 12:29:01.973
9031,PSYC-134130,TOTDay1,Experiment, 18,0, 8.jpg,8.jpg,330,150,8.587, 348.599,357.187,348.599,-4,0,0,2,BM8_330,2022-10-28 12:29:11.112
9029,PSYC-132589,TOTDay1,Training, 1,0, 2.jpg,2.jpg,90,180,9.432, 169.913,179.342,169.911,-1,0,0,1,PE2_90,2022-10-28 12:30:39.944
9029,PSYC-132589,TOTDay1,Training, 2,1, 2.jpg,2.jpg,180,180,6.316, 197.838,204.154,197.837,0,0,0,1,PE2_180,2022-10-28 12:31:04.753
9029,PSYC-132589,TOTDay1,Training, 3,1, 2.jpg,2.jpg,60,60,8.677, 205.406,214.083,205.405,1,0,0,2,PM2_60,2022-10-28 12:31:14.683
9029,PSYC-132589,TOTDay1,Training, 4,0, 2.jpg,2.jpg,30,90,6.232, 215.462,221.694,215.461,0,0,0,2,PM2_30,2022-10-28 12:31:22.294
9029,PSYC-132589,TOTDay1,Training, 5,0, 2.jpg,2.jpg,210,270,16.293, 225.377,241.671,225.376,-1,0,0,3,PH2_210,2022-10-28 12:31:42.270
9029,PSYC-132589,TOTDay1,Training, 6,0, 2.jpg,2.jpg,120,240,7.893, 249.621,257.515,249.621,-2,0,0,3,PH2_120,2022-10-28 12:31:58.114
9029,PSYC-132589,TOTDay1,Training, 7,1, 2.jpg,2.jpg,0,0,9.346, 262.808,272.155,262.807,-1,0,0,1,PE2_0,2022-10-28 12:32:12.753
9029,PSYC-132589,TOTDay1,Training, 8,0, 2.jpg,2.jpg,240,300,15.623, 272.911,288.534,272.91,-2,0,0,3,PH2_240,2022-10-28 12:32:29.133
9029,PSYC-132589,TOTDay1,Training, 9,0, 2.jpg,2.jpg,330,30,12.423, 291.318,303.741,291.317,-3,0,0,2,PM2_330,2022-10-28 12:32:44.340
9029,PSYC-132589,TOTDay1,Training, 10,0, 2.jpg,2.jpg,150,330,9.143, 307.429,316.572,307.429,-4,0,0,3,PH2_150,2022-10-28 12:32:57.170
9029,PSYC-132589,TOTDay1,Training, 11,0, 2.jpg,2.jpg,300,120,12.739, 317.933,330.672,317.933,-5,0,0,2,PM2_300,2022-10-28 12:33:11.271
9029,PSYC-132589,TOTDay1,Training, 12,1, 2.jpg,2.jpg,270,270,9.579, 333.193,342.772,333.192,-4,0,0,1,PE2_270,2022-10-28 12:33:23.371
9029,PSYC-132589,TOTDay1,Experiment, 1,1, 10.jpg,10.jpg,150,150,12.996, 346.258,359.255,344.075,1,0,0,3,AH10_150,2022-10-28 12:33:39.853
9029,PSYC-132589,TOTDay1,Experiment, 2,0, 11.jpg,11.jpg,60,30,8.533, 360.143,368.677,360.143,0,0,0,2,AM11_60,2022-10-28 12:33:49.274
9029,PSYC-132589,TOTDay1,Experiment, 3,1, 4.jpg,4.jpg,180,180,22.522, 372.496,395.018,372.495,1,0,0,1,AE4_180,2022-10-28 12:34:15.616
9029,PSYC-132589,TOTDay1,Experiment, 4,0, 4.jpg,4.jpg,210,150,5.706, 395.743,401.449,395.742,0,0,0,3,BH4_210,2022-10-28 12:34:22.047
9029,PSYC-132589,TOTDay1,Experiment, 5,0, 6.jpg,6.jpg,90,270,22.422, 402.193,424.616,402.193,-1,0,0,1,BE6_90,2022-10-28 12:34:45.213
9029,PSYC-132589,TOTDay1,Experiment, 6,0, 7.jpg,7.jpg,330,30,7.581, 426.344,433.925,426.343,-2,0,0,2,AM7_330,2022-10-28 12:34:54.522
9029,PSYC-132589,TOTDay1,Experiment, 7,0, 1.jpg,1.jpg,270,180,17.916, 434.919,452.835,434.918,-3,0,0,1,AE1_270,2022-10-28 12:35:13.432
9029,PSYC-132589,TOTDay1,Experiment, 8,0, 8.jpg,8.jpg,330,60,7.314, 453.289,460.602,453.288,-4,0,0,2,BM8_330,2022-10-28 12:35:21.199
9029,PSYC-132589,TOTDay1,Experiment, 9,0, 8.jpg,8.jpg,210,60,11.743, 461.197,472.94,461.196,-5,0,0,3,AH8_210,2022-10-28 12:35:33.536
9029,PSYC-132589,TOTDay1,Experiment, 10,0, 7.jpg,7.jpg,270,90,11.019, 473.449,484.468,473.448,-6,0,0,1,BE7_270,2022-10-28 12:35:45.064
9029,PSYC-132589,TOTDay1,Experiment, 11,0, 3.jpg,3.jpg,240,90,11.333, 484.92,496.253,484.92,-7,0,0,3,BH3_240,2022-10-28 12:35:56.850
9029,PSYC-132589,TOTDay1,Experiment, 12,0, 6.jpg,6.jpg,30,150,8.105, 496.686,504.791,496.686,-8,0,0,2,AM6_30,2022-10-28 12:36:05.388
9029,PSYC-132589,TOTDay1,Experiment, 13,0, 10.jpg,10.jpg,60,120,7.963, 505.243,513.207,505.242,-9,0,0,2,BM10_60,2022-10-28 12:36:13.803
9029,PSYC-132589,TOTDay1,Experiment, 14,0, 9.jpg,9.jpg,240,270,15.762, 513.657,529.42,513.656,-10,0,0,3,AH9_240,2022-10-28 12:36:30.015
9029,PSYC-132589,TOTDay1,Experiment, 15,0, 11.jpg,11.jpg,180,0,9.537, 529.83,539.367,529.829,-11,0,0,1,BE11_180,2022-10-28 12:36:39.963
9029,PSYC-132589,TOTDay1,Experiment, 16,0, 1.jpg,1.jpg,150,270,5.075, 542.261,547.337,542.261,-12,0,0,3,BH1_150,2022-10-28 12:36:47.933
9029,PSYC-132589,TOTDay1,Experiment, 17,1, 3.jpg,3.jpg,90,90,8.877, 547.896,556.774,547.896,-11,0,0,1,AE3_90,2022-10-28 12:36:57.369
9029,PSYC-132589,TOTDay1,Experiment, 18,1, 9.jpg,9.jpg,30,30,10.339, 557.361,567.7,557.36,-10,0,0,2,BM9_30,2022-10-28 12:37:08.296
9033,PSYC-134128,TOTDay1,Training, 1,0, 2.jpg,2.jpg,90,270,10.684, 19.269,29.952,19.268,-1,0,0,1,PE2_90,2022-10-28 15:19:12.040
9033,PSYC-134128,TOTDay1,Training, 2,1, 2.jpg,2.jpg,180,180,5.42, 36.02,41.44,36.02,0,0,0,1,PE2_180,2022-10-28 15:19:23.527
9033,PSYC-134128,TOTDay1,Training, 3,0, 2.jpg,2.jpg,60,90,5.296, 43.982,49.278,43.982,-1,0,0,2,PM2_60,2022-10-28 15:19:31.365
9033,PSYC-134128,TOTDay1,Training, 4,1, 2.jpg,2.jpg,30,30,3.27, 52.243,55.512,52.242,0,0,0,2,PM2_30,2022-10-28 15:19:37.599
9033,PSYC-134128,TOTDay1,Training, 5,1, 2.jpg,2.jpg,210,210,3.611, 57.256,60.868,57.256,1,0,0,3,PH2_210,2022-10-28 15:19:42.955
9033,PSYC-134128,TOTDay1,Training, 6,1, 2.jpg,2.jpg,120,120,13.212, 63.01,76.222,63.01,2,0,0,3,PH2_120,2022-10-28 15:19:58.310
9033,PSYC-134128,TOTDay1,Training, 7,1, 2.jpg,2.jpg,0,0,6.76, 76.761,83.52,76.76,3,0,0,1,PE2_0,2022-10-28 15:20:05.607
9033,PSYC-134128,TOTDay1,Training, 8,1, 2.jpg,2.jpg,240,240,6.689, 86.261,92.95,86.261,4,0,0,3,PH2_240,2022-10-28 15:20:15.037
9033,PSYC-134128,TOTDay1,Training, 9,1, 2.jpg,2.jpg,330,330,5.685, 93.579,99.264,93.578,5,0,0,2,PM2_330,2022-10-28 15:20:21.351
9033,PSYC-134128,TOTDay1,Training, 10,1, 2.jpg,2.jpg,150,150,7.683, 100.359,108.042,100.358,6,0,0,3,PH2_150,2022-10-28 15:20:30.129
9033,PSYC-134128,TOTDay1,Training, 11,1, 2.jpg,2.jpg,300,300,6.473, 108.6,115.074,108.6,7,0,0,2,PM2_300,2022-10-28 15:20:37.161
9033,PSYC-134128,TOTDay1,Training, 12,1, 2.jpg,2.jpg,270,270,5.842, 115.545,121.386,115.544,8,0,0,1,PE2_270,2022-10-28 15:20:43.474
9033,PSYC-134128,TOTDay1,Experiment, 1,0, 3.jpg,3.jpg,240,300,8.425, 124.993,133.418,122.946,-1,0,0,3,BH3_240,2022-10-28 15:20:55.506
9033,PSYC-134128,TOTDay1,Experiment, 2,1, 9.jpg,9.jpg,30,30,11.054, 138.823,149.877,138.822,0,0,0,2,BM9_30,2022-10-28 15:21:11.964
9033,PSYC-134128,TOTDay1,Experiment, 3,1, 7.jpg,7.jpg,270,270,10.131, 150.337,160.468,150.336,1,0,0,1,BE7_270,2022-10-28 15:21:22.556
9033,PSYC-134128,TOTDay1,Experiment, 4,1, 10.jpg,10.jpg,60,60,7.814, 160.85,168.665,160.85,2,0,0,2,BM10_60,2022-10-28 15:21:30.752
9033,PSYC-134128,TOTDay1,Experiment, 5,1, 6.jpg,6.jpg,90,90,9.572, 169.012,178.584,169.012,3,0,0,1,BE6_90,2022-10-28 15:21:40.672
9033,PSYC-134128,TOTDay1,Experiment, 6,0, 9.jpg,9.jpg,240,210,15.073, 181.139,196.212,181.138,2,0,0,3,AH9_240,2022-10-28 15:21:58.299
9033,PSYC-134128,TOTDay1,Experiment, 7,0, 1.jpg,1.jpg,150,180,5.33, 198.114,203.444,198.114,1,0,0,3,BH1_150,2022-10-28 15:22:05.532
9033,PSYC-134128,TOTDay1,Experiment, 8,0, 3.jpg,3.jpg,90,150,9.812, 205.298,215.111,205.298,0,0,0,1,AE3_90,2022-10-28 15:22:17.198
9033,PSYC-134128,TOTDay1,Experiment, 9,1, 7.jpg,7.jpg,330,330,5.151, 215.885,221.036,215.885,1,0,0,2,AM7_330,2022-10-28 15:22:23.123
9033,PSYC-134128,TOTDay1,Experiment, 10,0, 4.jpg,4.jpg,180,210,15.127, 221.619,236.746,221.618,0,0,0,1,AE4_180,2022-10-28 15:22:38.834
9033,PSYC-134128,TOTDay1,Experiment, 11,1, 4.jpg,4.jpg,210,210,16.841, 237.203,254.044,237.203,1,0,0,3,BH4_210,2022-10-28 15:22:56.132
9033,PSYC-134128,TOTDay1,Experiment, 12,1, 8.jpg,8.jpg,330,330,9.601, 254.869,264.47,254.869,2,0,0,2,BM8_330,2022-10-28 15:23:06.559
9033,PSYC-134128,TOTDay1,Experiment, 13,1, 10.jpg,10.jpg,150,150,7.363, 264.893,272.256,264.892,3,0,0,3,AH10_150,2022-10-28 15:23:14.344
9033,PSYC-134128,TOTDay1,Experiment, 14,1, 11.jpg,11.jpg,60,60,9.017, 272.705,281.723,272.704,4,0,0,2,AM11_60,2022-10-28 15:23:23.811
9033,PSYC-134128,TOTDay1,Experiment, 15,1, 1.jpg,1.jpg,270,270,5.928, 282.312,288.24,282.311,5,0,0,1,AE1_270,2022-10-28 15:23:30.329
9033,PSYC-134128,TOTDay1,Experiment, 16,1, 8.jpg,8.jpg,210,210,33.001, 288.737,321.738,288.737,6,0,0,3,AH8_210,2022-10-28 15:24:03.826
9033,PSYC-134128,TOTDay1,Experiment, 17,1, 11.jpg,11.jpg,180,180,15.463, 322.431,337.894,322.43,7,0,0,1,BE11_180,2022-10-28 15:24:19.982
9033,PSYC-134128,TOTDay1,Experiment, 18,0, 6.jpg,6.jpg,30,240,7.474, 338.253,345.726,338.252,6,0,0,2,AM6_30,2022-10-28 15:24:27.815
9032,PSYC-132589,TOTDay1,Training, 1,0, 2.jpg,2.jpg,90,60,25.865, 21.461,47.323,21.46,-1,0,0,1,PE2_90,2022-10-28 15:54:14.065
9032,PSYC-132589,TOTDay1,Training, 2,1, 2.jpg,2.jpg,180,180,17.189, 56.151,73.34,56.151,0,0,0,1,PE2_180,2022-10-28 15:54:40.079
9032,PSYC-132589,TOTDay1,Training, 3,0, 2.jpg,2.jpg,60,240,5.348, 87.679,93.026,87.678,-1,0,0,2,PM2_60,2022-10-28 15:54:59.765
9032,PSYC-132589,TOTDay1,Training, 4,0, 2.jpg,2.jpg,30,60,9.593, 96.277,105.87,96.276,-2,0,0,2,PM2_30,2022-10-28 15:55:12.608
9032,PSYC-132589,TOTDay1,Training, 5,1, 2.jpg,2.jpg,210,210,12.506, 109.418,121.925,109.418,-1,0,0,3,PH2_210,2022-10-28 15:55:28.663
9032,PSYC-132589,TOTDay1,Training, 6,0, 2.jpg,2.jpg,120,0,2.951, 123.567,126.518,123.567,-2,0,0,3,PH2_120,2022-10-28 15:55:33.257
9032,PSYC-132589,TOTDay1,Training, 7,1, 2.jpg,2.jpg,0,0,6.263, 136.516,142.779,136.515,-1,0,0,1,PE2_0,2022-10-28 15:55:49.517
9032,PSYC-132589,TOTDay1,Training, 8,1, 2.jpg,2.jpg,240,240,8.059, 145.559,153.618,145.558,0,0,0,3,PH2_240,2022-10-28 15:56:00.355
9032,PSYC-132589,TOTDay1,Training, 9,0, 2.jpg,2.jpg,330,210,6.908, 155.783,162.691,155.783,-1,0,0,2,PM2_330,2022-10-28 15:56:09.428
9032,PSYC-132589,TOTDay1,Training, 10,1, 2.jpg,2.jpg,150,150,16.759, 168.849,185.608,168.848,0,0,0,3,PH2_150,2022-10-28 15:56:32.345
9032,PSYC-132589,TOTDay1,Training, 11,0, 2.jpg,2.jpg,300,120,16.397, 186.985,203.382,186.984,-1,0,0,2,PM2_300,2022-10-28 15:56:50.119
9032,PSYC-132589,TOTDay1,Training, 12,0, 2.jpg,2.jpg,270,90,4.275, 205.256,209.531,205.255,-2,0,0,1,PE2_270,2022-10-28 15:56:56.268
9032,PSYC-132589,TOTDay1,Experiment, 1,0, 7.jpg,7.jpg,270,90,17.074, 217.924,234.998,213.339,-1,0,0,1,BE7_270,2022-10-28 15:57:21.734
9032,PSYC-132589,TOTDay1,Experiment, 2,0, 8.jpg,8.jpg,210,90,12.189, 238.738,250.926,238.736,-2,0,0,3,AH8_210,2022-10-28 15:57:37.662
9032,PSYC-132589,TOTDay1,Experiment, 3,0, 8.jpg,8.jpg,330,60,11.334, 254.442,265.776,254.441,-3,0,0,2,BM8_330,2022-10-28 15:57:52.512
9032,PSYC-132589,TOTDay1,Experiment, 4,0, 6.jpg,6.jpg,90,120,1.966, 268.216,270.182,268.216,-4,0,0,1,BE6_90,2022-10-28 15:57:56.917
9032,PSYC-132589,TOTDay1,Experiment, 5,0, 1.jpg,1.jpg,150,300,32.788, 273.931,306.72,273.93,-5,0,0,3,BH1_150,2022-10-28 15:58:33.455
9032,PSYC-132589,TOTDay1,Experiment, 6,0, 6.jpg,6.jpg,30,120,1.637, 308.565,310.202,308.564,-6,0,0,2,AM6_30,2022-10-28 15:58:36.936
9032,PSYC-132589,TOTDay1,Experiment, 7,1, 11.jpg,11.jpg,60,60,3.895, 312.512,316.408,312.512,-5,0,0,2,AM11_60,2022-10-28 15:58:43.142
9032,PSYC-132589,TOTDay1,Experiment, 8,0, 3.jpg,3.jpg,90,240,3.269, 316.99,320.26,316.99,-6,0,0,1,AE3_90,2022-10-28 15:58:46.995
9032,PSYC-132589,TOTDay1,Experiment, 9,0, 4.jpg,4.jpg,210,300,4.352, 320.681,325.033,320.68,-7,0,0,3,BH4_210,2022-10-28 15:58:51.768
9032,PSYC-132589,TOTDay1,Experiment, 10,0, 1.jpg,1.jpg,270,90,3.99, 325.516,329.507,325.516,-8,0,0,1,AE1_270,2022-10-28 15:58:56.242
9032,PSYC-132589,TOTDay1,Experiment, 11,1, 10.jpg,10.jpg,60,60,12.039, 330.019,342.058,330.018,-7,0,0,2,BM10_60,2022-10-28 15:59:08.792
9032,PSYC-132589,TOTDay1,Experiment, 12,1, 10.jpg,10.jpg,150,150,3.805, 342.723,346.528,342.722,-6,0,0,3,AH10_150,2022-10-28 15:59:13.262
9032,PSYC-132589,TOTDay1,Experiment, 13,1, 4.jpg,4.jpg,180,180,4.607, 346.881,351.488,346.88,-5,0,0,1,AE4_180,2022-10-28 15:59:18.223
9032,PSYC-132589,TOTDay1,Experiment, 14,0, 9.jpg,9.jpg,30,240,4.285, 352.03,356.316,352.03,-6,0,0,2,BM9_30,2022-10-28 15:59:23.049
9032,PSYC-132589,TOTDay1,Experiment, 15,0, 3.jpg,3.jpg,240,150,3.931, 356.931,360.862,356.93,-7,0,0,3,BH3_240,2022-10-28 15:59:27.596
9032,PSYC-132589,TOTDay1,Experiment, 16,0, 7.jpg,7.jpg,330,30,8.894, 361.46,370.354,361.46,-8,0,0,2,AM7_330,2022-10-28 15:59:37.088
9032,PSYC-132589,TOTDay1,Experiment, 17,0, 11.jpg,11.jpg,180,0,3.739, 370.982,374.722,370.982,-9,0,0,1,BE11_180,2022-10-28 15:59:41.456
9032,PSYC-132589,TOTDay1,Experiment, 18,0, 9.jpg,9.jpg,240,60,4.641, 375.621,380.262,375.62,-10,0,0,3,AH9_240,2022-10-28 15:59:46.995
9034,PSYC-134130,TOTDay1,Training, 1,1, 2.jpg,2.jpg,90,90,21.019, 15.833,36.849,15.832,1,0,0,1,PE2_90,2022-10-28 15:54:46.529
9034,PSYC-134130,TOTDay1,Training, 2,1, 2.jpg,2.jpg,180,180,5.739, 37.672,43.411,37.671,2,0,0,1,PE2_180,2022-10-28 15:54:53.089
9034,PSYC-134130,TOTDay1,Training, 3,0, 2.jpg,2.jpg,60,210,9.015, 44.261,53.277,44.261,1,0,0,2,PM2_60,2022-10-28 15:55:02.954
9034,PSYC-134130,TOTDay1,Training, 4,0, 2.jpg,2.jpg,30,210,8.034, 56.709,64.743,56.709,0,0,0,2,PM2_30,2022-10-28 15:55:14.421
9034,PSYC-134130,TOTDay1,Training, 5,0, 2.jpg,2.jpg,210,150,15.815, 72.603,88.419,72.603,-1,0,0,3,PH2_210,2022-10-28 15:55:38.097
9034,PSYC-134130,TOTDay1,Training, 6,0, 2.jpg,2.jpg,120,30,8.23, 95.175,103.405,95.175,-2,0,0,3,PH2_120,2022-10-28 15:55:53.083
9034,PSYC-134130,TOTDay1,Training, 7,1, 2.jpg,2.jpg,0,0,5.857, 108.835,114.693,108.835,-1,0,0,1,PE2_0,2022-10-28 15:56:04.371
9034,PSYC-134130,TOTDay1,Training, 8,0, 2.jpg,2.jpg,240,150,16.787, 115.269,132.057,115.269,-2,0,0,3,PH2_240,2022-10-28 15:56:21.735
9034,PSYC-134130,TOTDay1,Training, 9,0, 2.jpg,2.jpg,330,30,15.821, 132.97,148.791,132.969,-3,0,0,2,PM2_330,2022-10-28 15:56:38.469
9034,PSYC-134130,TOTDay1,Training, 10,0, 2.jpg,2.jpg,150,210,11.862, 158.545,170.407,158.545,-4,0,0,3,PH2_150,2022-10-28 15:57:00.085
9034,PSYC-134130,TOTDay1,Training, 11,0, 2.jpg,2.jpg,300,240,28.595, 174.811,203.407,174.811,-5,0,0,2,PM2_300,2022-10-28 15:57:33.085
9034,PSYC-134130,TOTDay1,Training, 12,1, 2.jpg,2.jpg,270,270,33.867, 206.315,240.183,206.315,-4,0,0,1,PE2_270,2022-10-28 15:58:09.862
9034,PSYC-134130,TOTDay1,Training, 13,0, 2.jpg,2.jpg,270,-1,36.074, 206.315,242.388,241.251,-5,0,0,1,PE2_270,2022-10-28 15:58:12.068
9034,PSYC-134130,TOTDay1,Experiment, 1,0, 3.jpg,3.jpg,240,330,18.756, 246.875,265.631,241.251,-1,0,0,3,BH3_240,2022-10-28 15:58:35.310
9034,PSYC-134130,TOTDay1,Experiment, 2,1, 4.jpg,4.jpg,180,180,10.639, 266.384,277.023,266.383,0,0,0,1,AE4_180,2022-10-28 15:58:46.702
9034,PSYC-134130,TOTDay1,Experiment, 3,0, 11.jpg,11.jpg,60,90,12.254, 277.543,289.797,277.543,-1,0,0,2,AM11_60,2022-10-28 15:58:59.477
9034,PSYC-134130,TOTDay1,Experiment, 4,0, 10.jpg,10.jpg,60,30,17.009, 290.347,307.357,290.347,-2,0,0,2,BM10_60,2022-10-28 15:59:17.036
9034,PSYC-134130,TOTDay1,Experiment, 5,0, 1.jpg,1.jpg,150,180,4.061, 308.359,312.421,308.359,-3,0,0,3,BH1_150,2022-10-28 15:59:22.101
9034,PSYC-134130,TOTDay1,Experiment, 6,0, 11.jpg,11.jpg,180,0,6.691, 315.137,321.829,315.137,-4,0,0,1,BE11_180,2022-10-28 15:59:31.509
9034,PSYC-134130,TOTDay1,Experiment, 7,0, 7.jpg,7.jpg,330,30,4.911, 322.365,327.277,322.365,-5,0,0,2,AM7_330,2022-10-28 15:59:36.957
9034,PSYC-134130,TOTDay1,Experiment, 8,1, 8.jpg,8.jpg,210,210,5.038, 327.799,332.837,327.798,-4,0,0,3,AH8_210,2022-10-28 15:59:42.517
9034,PSYC-134130,TOTDay1,Experiment, 9,0, 3.jpg,3.jpg,90,240,14.407, 333.449,347.857,333.449,-5,0,0,1,AE3_90,2022-10-28 15:59:57.537
9034,PSYC-134130,TOTDay1,Experiment, 10,0, 9.jpg,9.jpg,240,180,18.139, 348.337,366.477,348.337,-6,0,0,3,AH9_240,2022-10-28 16:00:16.157
9034,PSYC-134130,TOTDay1,Experiment, 11,0, 9.jpg,9.jpg,30,330,8.097, 366.924,375.021,366.923,-7,0,0,2,BM9_30,2022-10-28 16:00:24.702
9034,PSYC-134130,TOTDay1,Experiment, 12,0, 7.jpg,7.jpg,270,180,15.383, 375.549,390.933,375.549,-8,0,0,1,BE7_270,2022-10-28 16:00:40.614
9034,PSYC-134130,TOTDay1,Experiment, 13,1, 6.jpg,6.jpg,30,30,5.391, 391.567,396.959,391.567,-7,0,0,2,AM6_30,2022-10-28 16:00:46.640
9034,PSYC-134130,TOTDay1,Experiment, 14,1, 10.jpg,10.jpg,150,150,6.887, 397.581,404.469,397.581,-6,0,0,3,AH10_150,2022-10-28 16:00:54.150
9034,PSYC-134130,TOTDay1,Experiment, 15,0, 6.jpg,6.jpg,90,330,13.951, 405.003,418.955,405.003,-7,0,0,1,BE6_90,2022-10-28 16:01:08.636
9034,PSYC-134130,TOTDay1,Experiment, 16,0, 1.jpg,1.jpg,270,90,9.086, 419.737,428.823,419.737,-8,0,0,1,AE1_270,2022-10-28 16:01:18.505
9034,PSYC-134130,TOTDay1,Experiment, 17,0, 8.jpg,8.jpg,330,0,3.163, 429.345,432.509,429.345,-9,0,0,2,BM8_330,2022-10-28 16:01:22.190
9034,PSYC-134130,TOTDay1,Experiment, 18,0, 4.jpg,4.jpg,210,180,7.355, 438.371,445.727,438.371,-10,0,0,3,BH4_210,2022-10-28 16:01:35.408
9025,PSYC-134128,TOTDay1,Training, 1,1, 2.jpg,2.jpg,90,90,7.729, 94.284,102.012,94.282,1,0,0,1,PE2_90,2022-11-03 15:18:57.721
9025,PSYC-134128,TOTDay1,Training, 2,1, 2.jpg,2.jpg,180,180,9.183, 105.222,114.405,105.221,2,0,0,1,PE2_180,2022-11-03 15:19:10.113
9025,PSYC-134128,TOTDay1,Training, 3,0, 2.jpg,2.jpg,60,300,8.247, 115.53,123.776,115.529,1,0,0,2,PM2_60,2022-11-03 15:19:19.485
9025,PSYC-134128,TOTDay1,Training, 4,0, 2.jpg,2.jpg,30,60,3.767, 128.002,131.769,128.002,0,0,0,2,PM2_30,2022-11-03 15:19:27.477
9025,PSYC-134128,TOTDay1,Training, 5,1, 2.jpg,2.jpg,210,210,6.976, 134.328,141.304,134.327,1,0,0,3,PH2_210,2022-11-03 15:19:37.012
9025,PSYC-134128,TOTDay1,Training, 6,0, 2.jpg,2.jpg,120,240,3.498, 143.674,147.172,143.674,0,0,0,3,PH2_120,2022-11-03 15:19:42.880
9025,PSYC-134128,TOTDay1,Training, 7,1, 2.jpg,2.jpg,0,0,2.648, 156.325,158.973,156.324,1,0,0,1,PE2_0,2022-11-03 15:19:54.682
9025,PSYC-134128,TOTDay1,Training, 8,1, 2.jpg,2.jpg,240,240,3.85, 160,163.85,159.999,2,0,0,3,PH2_240,2022-11-03 15:19:59.557
9025,PSYC-134128,TOTDay1,Training, 9,0, 2.jpg,2.jpg,330,30,5.696, 165.093,170.79,165.092,1,0,0,2,PM2_330,2022-11-03 15:20:06.498
9025,PSYC-134128,TOTDay1,Training, 10,0, 2.jpg,2.jpg,150,210,6.502, 174.129,180.631,174.128,0,0,0,3,PH2_150,2022-11-03 15:20:16.340
9025,PSYC-134128,TOTDay1,Training, 11,1, 2.jpg,2.jpg,300,300,7.192, 182.231,189.423,182.231,1,0,0,2,PM2_300,2022-11-03 15:20:25.132
9025,PSYC-134128,TOTDay1,Training, 12,1, 2.jpg,2.jpg,270,270,6.387, 190.794,197.181,190.794,2,0,0,1,PE2_270,2022-11-03 15:20:32.890
9025,PSYC-134128,TOTDay1,Experiment, 1,0, 3.jpg,3.jpg,240,60,16.002, 200.157,216.16,198.104,-1,0,0,3,BH3_240,2022-11-03 15:20:51.868
9025,PSYC-134128,TOTDay1,Experiment, 2,0, 9.jpg,9.jpg,30,120,12.771, 221.681,234.453,221.68,-2,0,0,2,BM9_30,2022-11-03 15:21:10.162
9025,PSYC-134128,TOTDay1,Experiment, 3,1, 7.jpg,7.jpg,270,270,5.988, 237.508,243.495,237.507,-1,0,0,1,BE7_270,2022-11-03 15:21:19.204
9025,PSYC-134128,TOTDay1,Experiment, 4,1, 8.jpg,8.jpg,330,330,14.342, 244.982,259.324,244.981,0,0,0,2,BM8_330,2022-11-03 15:21:35.032
9025,PSYC-134128,TOTDay1,Experiment, 5,1, 4.jpg,4.jpg,180,180,4.911, 261.085,265.995,261.084,1,0,0,1,AE4_180,2022-11-03 15:21:41.704
9025,PSYC-134128,TOTDay1,Experiment, 6,0, 8.jpg,8.jpg,210,150,14.871, 267.748,282.619,267.747,0,0,0,3,AH8_210,2022-11-03 15:21:58.328
9025,PSYC-134128,TOTDay1,Experiment, 7,1, 3.jpg,3.jpg,90,90,14.728, 284.721,299.449,284.72,1,0,0,1,AE3_90,2022-11-03 15:22:15.158
9025,PSYC-134128,TOTDay1,Experiment, 8,0, 11.jpg,11.jpg,60,300,8.592, 302.448,311.041,302.447,0,0,0,2,AM11_60,2022-11-03 15:22:26.750
9025,PSYC-134128,TOTDay1,Experiment, 9,1, 10.jpg,10.jpg,150,150,7.983, 313.084,321.067,313.083,1,0,0,3,AH10_150,2022-11-03 15:22:36.776
9025,PSYC-134128,TOTDay1,Experiment, 10,1, 6.jpg,6.jpg,30,30,7.292, 322.323,329.615,322.322,2,0,0,2,AM6_30,2022-11-03 15:22:45.324
9025,PSYC-134128,TOTDay1,Experiment, 11,1, 6.jpg,6.jpg,90,90,7.565, 330.917,338.483,330.916,3,0,0,1,BE6_90,2022-11-03 15:22:54.192
9025,PSYC-134128,TOTDay1,Experiment, 12,0, 1.jpg,1.jpg,150,120,18.851, 340.4,359.251,340.399,2,0,0,3,BH1_150,2022-11-03 15:23:14.960
9025,PSYC-134128,TOTDay1,Experiment, 13,1, 7.jpg,7.jpg,330,330,9.281, 360.772,370.053,360.771,3,0,0,2,AM7_330,2022-11-03 15:23:25.762
9025,PSYC-134128,TOTDay1,Experiment, 14,0, 4.jpg,4.jpg,210,150,10.232, 371.409,381.641,371.408,2,0,0,3,BH4_210,2022-11-03 15:23:37.350
9025,PSYC-134128,TOTDay1,Experiment, 15,1, 1.jpg,1.jpg,270,270,13.835, 383.902,397.737,383.901,3,0,0,1,AE1_270,2022-11-03 15:23:53.446
9025,PSYC-134128,TOTDay1,Experiment, 16,0, 10.jpg,10.jpg,60,30,11.115, 398.504,409.619,398.503,2,0,0,2,BM10_60,2022-11-03 15:24:05.328
9025,PSYC-134128,TOTDay1,Experiment, 17,1, 9.jpg,9.jpg,240,240,19.949, 412.519,432.469,412.519,3,0,0,3,AH9_240,2022-11-03 15:24:28.179
9025,PSYC-134128,TOTDay1,Experiment, 18,1, 11.jpg,11.jpg,180,180,5.396, 433.536,438.932,433.535,4,0,0,1,BE11_180,2022-11-03 15:24:34.641
9048,PSYC-132589,TOTDay1,Training, 1,1, 2.jpg,2.jpg,90,90,5.557, 13.537,19.091,13.536,1,0,0,1,PE2_90,2022-11-21 09:24:53.881
9048,PSYC-132589,TOTDay1,Training, 2,1, 2.jpg,2.jpg,180,180,8.902, 22.678,31.58,22.678,2,0,0,1,PE2_180,2022-11-21 09:25:06.368
9048,PSYC-132589,TOTDay1,Training, 3,0, 2.jpg,2.jpg,60,210,9.147, 32.724,41.871,32.723,1,0,0,2,PM2_60,2022-11-21 09:25:16.659
9048,PSYC-132589,TOTDay1,Training, 4,1, 2.jpg,2.jpg,30,30,5.919, 46.843,52.762,46.842,2,0,0,2,PM2_30,2022-11-21 09:25:27.549
9048,PSYC-132589,TOTDay1,Training, 5,0, 2.jpg,2.jpg,210,150,8.435, 53.772,62.207,53.771,1,0,0,3,PH2_210,2022-11-21 09:25:36.994
9048,PSYC-132589,TOTDay1,Training, 6,0, 2.jpg,2.jpg,120,0,0.78, 69.162,69.942,69.161,0,0,0,3,PH2_120,2022-11-21 09:25:44.729
9048,PSYC-132589,TOTDay1,Training, 7,1, 2.jpg,2.jpg,0,0,4.45, 75.245,79.695,75.244,1,0,0,1,PE2_0,2022-11-21 09:25:54.482
9048,PSYC-132589,TOTDay1,Training, 8,1, 2.jpg,2.jpg,240,240,5.746, 80.523,86.269,80.522,2,0,0,3,PH2_240,2022-11-21 09:26:01.057
9048,PSYC-132589,TOTDay1,Training, 9,0, 2.jpg,2.jpg,330,30,13.256, 86.861,100.117,86.86,1,0,0,2,PM2_330,2022-11-21 09:26:14.904
9048,PSYC-132589,TOTDay1,Training, 10,1, 2.jpg,2.jpg,150,150,5.616, 101.261,106.877,101.26,2,0,0,3,PH2_150,2022-11-21 09:26:21.663
9048,PSYC-132589,TOTDay1,Training, 11,0, 2.jpg,2.jpg,300,60,6.316, 107.417,113.734,107.417,1,0,0,2,PM2_300,2022-11-21 09:26:28.521
9048,PSYC-132589,TOTDay1,Training, 12,1, 2.jpg,2.jpg,270,270,2.349, 114.512,116.861,114.511,2,0,0,1,PE2_270,2022-11-21 09:26:31.648
9048,PSYC-132589,TOTDay1,Experiment, 1,1, 9.jpg,9.jpg,240,240,8.88, 120.356,129.237,117.359,1,0,0,3,AH9_240,2022-11-21 09:26:44.023
9048,PSYC-132589,TOTDay1,Experiment, 2,1, 4.jpg,4.jpg,180,180,19.234, 129.916,149.15,129.915,2,0,0,1,AE4_180,2022-11-21 09:27:03.937
9048,PSYC-132589,TOTDay1,Experiment, 3,0, 8.jpg,8.jpg,330,30,6.595, 149.678,156.273,149.677,1,0,0,2,BM8_330,2022-11-21 09:27:11.060
9048,PSYC-132589,TOTDay1,Experiment, 4,0, 10.jpg,10.jpg,60,300,5.246, 157.151,162.397,157.15,0,0,0,2,BM10_60,2022-11-21 09:27:17.185
9048,PSYC-132589,TOTDay1,Experiment, 5,0, 6.jpg,6.jpg,90,270,3.663, 163.005,166.669,163.005,-1,0,0,1,BE6_90,2022-11-21 09:27:21.456
9048,PSYC-132589,TOTDay1,Experiment, 6,0, 4.jpg,4.jpg,210,90,3.454, 167.033,170.488,167.033,-2,0,0,3,BH4_210,2022-11-21 09:27:25.274
9048,PSYC-132589,TOTDay1,Experiment, 7,0, 1.jpg,1.jpg,270,90,2.618, 170.928,173.546,170.927,-3,0,0,1,AE1_270,2022-11-21 09:27:28.333
9048,PSYC-132589,TOTDay1,Experiment, 8,1, 3.jpg,3.jpg,240,240,2.436, 173.759,176.196,173.759,-2,0,0,3,BH3_240,2022-11-21 09:27:30.983
9048,PSYC-132589,TOTDay1,Experiment, 9,0, 6.jpg,6.jpg,30,330,2.581, 176.446,179.027,176.445,-3,0,0,2,AM6_30,2022-11-21 09:27:33.814
9048,PSYC-132589,TOTDay1,Experiment, 10,0, 11.jpg,11.jpg,60,150,2.734, 179.171,181.905,179.171,-4,0,0,2,AM11_60,2022-11-21 09:27:36.692
9048,PSYC-132589,TOTDay1,Experiment, 11,0, 11.jpg,11.jpg,180,0,2.079, 182.306,184.385,182.305,-5,0,0,1,BE11_180,2022-11-21 09:27:39.172
9048,PSYC-132589,TOTDay1,Experiment, 12,0, 1.jpg,1.jpg,150,30,2.574, 184.643,187.218,184.643,-6,0,0,3,BH1_150,2022-11-21 09:27:42.005
9048,PSYC-132589,TOTDay1,Experiment, 13,0, 3.jpg,3.jpg,90,180,3.068, 187.73,190.799,187.73,-7,0,0,1,AE3_90,2022-11-21 09:27:45.585
9048,PSYC-132589,TOTDay1,Experiment, 14,0, 8.jpg,8.jpg,210,60,2.511, 191.107,193.619,191.107,-8,0,0,3,AH8_210,2022-11-21 09:27:48.406
9048,PSYC-132589,TOTDay1,Experiment, 15,0, 7.jpg,7.jpg,330,30,2.284, 193.87,196.154,193.869,-9,0,0,2,AM7_330,2022-11-21 09:27:50.941
9048,PSYC-132589,TOTDay1,Experiment, 16,0, 10.jpg,10.jpg,150,60,2.78, 196.459,199.239,196.459,-10,0,0,3,AH10_150,2022-11-21 09:27:54.026
9048,PSYC-132589,TOTDay1,Experiment, 17,0, 7.jpg,7.jpg,270,180,2.854, 199.771,202.625,199.771,-11,0,0,1,BE7_270,2022-11-21 09:27:57.412
9048,PSYC-132589,TOTDay1,Experiment, 18,0, 9.jpg,9.jpg,30,150,1.969, 203.053,205.023,203.053,-12,0,0,2,BM9_30,2022-11-21 09:27:59.810
9037,PSYC-134130,TOTDay1,Training, 1,1, 2.jpg,2.jpg,90,90,9.689, 253.968,263.651,253.967,1,0,0,1,PE2_90,2022-11-21 12:15:43.410
9037,PSYC-134130,TOTDay1,Training, 2,1, 2.jpg,2.jpg,180,180,6.538, 264.797,271.335,264.797,2,0,0,1,PE2_180,2022-11-21 12:15:51.089
9037,PSYC-134130,TOTDay1,Training, 3,1, 2.jpg,2.jpg,60,60,10.484, 272.023,282.507,272.023,3,0,0,2,PM2_60,2022-11-21 12:16:02.261
9037,PSYC-134130,TOTDay1,Training, 4,1, 2.jpg,2.jpg,30,30,12.326, 283.366,295.693,283.365,4,0,0,2,PM2_30,2022-11-21 12:16:15.447
9037,PSYC-134130,TOTDay1,Training, 5,0, 2.jpg,2.jpg,210,150,11.278, 296.301,307.579,296.301,3,0,0,3,PH2_210,2022-11-21 12:16:27.333
9037,PSYC-134130,TOTDay1,Training, 6,0, 2.jpg,2.jpg,120,150,13.855, 315.357,329.213,315.357,2,0,0,3,PH2_120,2022-11-21 12:16:48.967
9037,PSYC-134130,TOTDay1,Training, 7,1, 2.jpg,2.jpg,0,0,4.963, 334.735,339.699,334.735,3,0,0,1,PE2_0,2022-11-21 12:16:59.452
9037,PSYC-134130,TOTDay1,Training, 8,1, 2.jpg,2.jpg,240,240,9.839, 340.327,350.167,340.327,4,0,0,3,PH2_240,2022-11-21 12:17:09.921
9037,PSYC-134130,TOTDay1,Training, 9,1, 2.jpg,2.jpg,330,330,5.569, 350.883,356.453,350.883,5,0,0,2,PM2_330,2022-11-21 12:17:16.207
9037,PSYC-134130,TOTDay1,Training, 10,1, 2.jpg,2.jpg,150,150,8.508, 356.991,365.499,356.991,6,0,0,3,PH2_150,2022-11-21 12:17:25.253
9037,PSYC-134130,TOTDay1,Training, 11,0, 2.jpg,2.jpg,300,330,7.238, 366.12,373.357,366.119,5,0,0,2,PM2_300,2022-11-21 12:17:33.111
9037,PSYC-134130,TOTDay1,Training, 12,1, 2.jpg,2.jpg,270,270,3.785, 374.857,378.643,374.857,6,0,0,1,PE2_270,2022-11-21 12:17:38.397
9037,PSYC-134130,TOTDay1,Experiment, 1,0, 4.jpg,4.jpg,210,240,10.012, 381.413,391.425,379.237,-1,0,0,3,BH4_210,2022-11-21 12:17:51.179
9037,PSYC-134130,TOTDay1,Experiment, 2,1, 10.jpg,10.jpg,60,60,8.24, 392.779,401.019,392.779,0,0,0,2,BM10_60,2022-11-21 12:18:00.773
9037,PSYC-134130,TOTDay1,Experiment, 3,1, 3.jpg,3.jpg,90,90,16.559, 401.664,418.223,401.663,1,0,0,1,AE3_90,2022-11-21 12:18:17.976
9037,PSYC-134130,TOTDay1,Experiment, 4,1, 9.jpg,9.jpg,30,30,8.632, 418.887,427.519,418.887,2,0,0,2,BM9_30,2022-11-21 12:18:27.273
9037,PSYC-134130,TOTDay1,Experiment, 5,1, 11.jpg,11.jpg,180,180,6.343, 428.105,434.449,428.105,3,0,0,1,BE11_180,2022-11-21 12:18:34.203
9037,PSYC-134130,TOTDay1,Experiment, 6,0, 10.jpg,10.jpg,150,210,11.673, 434.933,446.607,434.933,2,0,0,3,AH10_150,2022-11-21 12:18:46.361
9037,PSYC-134130,TOTDay1,Experiment, 7,0, 1.jpg,1.jpg,150,210,11.979, 447.45,459.429,447.449,1,0,0,3,BH1_150,2022-11-21 12:18:59.183
9037,PSYC-134130,TOTDay1,Experiment, 8,1, 6.jpg,6.jpg,90,90,18.656, 460.143,478.799,460.143,2,0,0,1,BE6_90,2022-11-21 12:19:18.553
9037,PSYC-134130,TOTDay1,Experiment, 9,0, 8.jpg,8.jpg,330,30,8.899, 479.378,488.277,479.377,1,0,0,2,BM8_330,2022-11-21 12:19:28.031
9037,PSYC-134130,TOTDay1,Experiment, 10,0, 3.jpg,3.jpg,240,300,15.512, 489.031,504.543,489.031,0,0,0,3,BH3_240,2022-11-21 12:19:44.297
9037,PSYC-134130,TOTDay1,Experiment, 11,1, 6.jpg,6.jpg,30,30,8.751, 505.242,513.993,505.241,1,0,0,2,AM6_30,2022-11-21 12:19:53.746
9037,PSYC-134130,TOTDay1,Experiment, 12,0, 1.jpg,1.jpg,270,90,11.289, 514.497,525.787,514.497,0,0,0,1,AE1_270,2022-11-21 12:20:05.541
9037,PSYC-134130,TOTDay1,Experiment, 13,0, 8.jpg,8.jpg,210,150,16.602, 526.735,543.338,526.735,-1,0,0,3,AH8_210,2022-11-21 12:20:23.091
9037,PSYC-134130,TOTDay1,Experiment, 14,0, 11.jpg,11.jpg,60,30,11.174, 544.019,555.193,544.019,-2,0,0,2,AM11_60,2022-11-21 12:20:34.947
9037,PSYC-134130,TOTDay1,Experiment, 15,1, 7.jpg,7.jpg,270,270,8.527, 556.204,564.731,556.203,-1,0,0,1,BE7_270,2022-11-21 12:20:44.485
9037,PSYC-134130,TOTDay1,Experiment, 16,1, 7.jpg,7.jpg,330,330,10.187, 565.176,575.363,565.175,0,0,0,2,AM7_330,2022-11-21 12:20:55.118
9037,PSYC-134130,TOTDay1,Experiment, 17,1, 4.jpg,4.jpg,180,180,12.335, 575.885,588.221,575.885,1,0,0,1,AE4_180,2022-11-21 12:21:07.976
9037,PSYC-134130,TOTDay1,Experiment, 18,1, 9.jpg,9.jpg,240,240,14.004, 588.747,602.751,588.747,2,0,0,3,AH9_240,2022-11-21 12:21:22.505
9035,PSYC-134128,TOTDay1,Training, 1,0, 2.jpg,2.jpg,90,180,4.791, 158.186,162.975,158.185,-1,0,0,1,PE2_90,2022-11-21 12:16:09.405
9035,PSYC-134128,TOTDay1,Training, 2,0, 2.jpg,2.jpg,180,270,14.851, 171.291,186.142,171.291,-2,0,0,1,PE2_180,2022-11-21 12:16:32.570
9035,PSYC-134128,TOTDay1,Training, 3,0, 2.jpg,2.jpg,60,120,11.085, 194.297,205.382,194.297,-3,0,0,2,PM2_60,2022-11-21 12:16:51.810
9035,PSYC-134128,TOTDay1,Training, 4,0, 2.jpg,2.jpg,30,240,17.629, 209.949,227.578,209.949,-4,0,0,2,PM2_30,2022-11-21 12:17:14.007
9035,PSYC-134128,TOTDay1,Training, 5,0, 2.jpg,2.jpg,210,240,9.641, 235.373,245.014,235.372,-5,0,0,3,PH2_210,2022-11-21 12:17:31.442
9035,PSYC-134128,TOTDay1,Training, 6,0, 2.jpg,2.jpg,120,330,18.703, 253.175,271.878,253.175,-6,0,0,3,PH2_120,2022-11-21 12:17:58.307
9035,PSYC-134128,TOTDay1,Training, 7,1, 2.jpg,2.jpg,0,0,6.231, 284.253,290.484,284.252,-5,0,0,1,PE2_0,2022-11-21 12:18:16.913
9035,PSYC-134128,TOTDay1,Training, 8,0, 2.jpg,2.jpg,240,300,16.367, 294.451,310.818,294.45,-6,0,0,3,PH2_240,2022-11-21 12:18:37.246
9035,PSYC-134128,TOTDay1,Training, 9,0, 2.jpg,2.jpg,330,120,15.231, 312.847,328.078,312.847,-7,0,0,2,PM2_330,2022-11-21 12:18:54.507
9035,PSYC-134128,TOTDay1,Training, 10,0, 2.jpg,2.jpg,150,300,14.638, 330.505,345.143,330.498,-8,0,0,3,PH2_150,2022-11-21 12:19:11.571
9035,PSYC-134128,TOTDay1,Training, 11,1, 2.jpg,2.jpg,300,300,5.695, 351.231,356.926,351.23,-7,0,0,2,PM2_300,2022-11-21 12:19:23.354
9035,PSYC-134128,TOTDay1,Training, 12,1, 2.jpg,2.jpg,270,270,3.134, 361.735,364.869,361.734,-6,0,0,1,PE2_270,2022-11-21 12:19:31.297
9035,PSYC-134128,TOTDay1,Experiment, 1,0, 4.jpg,4.jpg,180,210,11.212, 372.619,383.832,369.124,-1,0,0,1,AE4_180,2022-11-21 12:19:50.261
9035,PSYC-134128,TOTDay1,Experiment, 2,0, 7.jpg,7.jpg,330,30,7.763, 387.355,395.118,387.354,-2,0,0,2,AM7_330,2022-11-21 12:20:01.547
9035,PSYC-134128,TOTDay1,Experiment, 3,0, 10.jpg,10.jpg,150,330,10.677, 396.173,406.851,396.172,-3,0,0,3,AH10_150,2022-11-21 12:20:13.279
9035,PSYC-134128,TOTDay1,Experiment, 4,0, 6.jpg,6.jpg,30,210,8.733, 408.105,416.838,408.105,-4,0,0,2,AM6_30,2022-11-21 12:20:23.267
9035,PSYC-134128,TOTDay1,Experiment, 5,0, 6.jpg,6.jpg,90,330,6.187, 419.631,425.818,419.631,-5,0,0,1,BE6_90,2022-11-21 12:20:32.247
9035,PSYC-134128,TOTDay1,Experiment, 6,0, 4.jpg,4.jpg,210,180,4.161, 428.297,432.458,428.297,-6,0,0,3,BH4_210,2022-11-21 12:20:38.887
9035,PSYC-134128,TOTDay1,Experiment, 7,0, 1.jpg,1.jpg,150,90,4.558, 433.471,438.03,433.471,-7,0,0,3,BH1_150,2022-11-21 12:20:44.459
9035,PSYC-134128,TOTDay1,Experiment, 8,0, 9.jpg,9.jpg,30,60,9.441, 439.167,448.608,439.166,-8,0,0,2,BM9_30,2022-11-21 12:20:55.037
9035,PSYC-134128,TOTDay1,Experiment, 9,0, 1.jpg,1.jpg,270,330,2.837, 452.903,455.74,452.902,-9,0,0,1,AE1_270,2022-11-21 12:21:02.169
9035,PSYC-134128,TOTDay1,Experiment, 10,0, 10.jpg,10.jpg,60,120,6.104, 460.04,466.144,460.04,-10,0,0,2,BM10_60,2022-11-21 12:21:12.573
9035,PSYC-134128,TOTDay1,Experiment, 11,0, 3.jpg,3.jpg,90,270,10.889, 467.979,478.868,467.979,-11,0,0,1,AE3_90,2022-11-21 12:21:25.297
9035,PSYC-134128,TOTDay1,Experiment, 12,0, 3.jpg,3.jpg,240,60,4.251, 479.565,483.816,479.564,-12,0,0,3,BH3_240,2022-11-21 12:21:30.244
9035,PSYC-134128,TOTDay1,Experiment, 13,0, 8.jpg,8.jpg,210,30,4.91, 487.486,492.396,487.486,-13,0,0,3,AH8_210,2022-11-21 12:21:38.826
9035,PSYC-134128,TOTDay1,Experiment, 14,1, 8.jpg,8.jpg,330,330,8.123, 493.431,501.554,493.431,-12,0,0,2,BM8_330,2022-11-21 12:21:47.983
9035,PSYC-134128,TOTDay1,Experiment, 15,1, 11.jpg,11.jpg,180,180,10.716, 505.119,515.835,505.118,-11,0,0,1,BE11_180,2022-11-21 12:22:02.264
9035,PSYC-134128,TOTDay1,Experiment, 16,0, 7.jpg,7.jpg,270,90,6.781, 517.569,524.35,517.568,-12,0,0,1,BE7_270,2022-11-21 12:22:10.779
9035,PSYC-134128,TOTDay1,Experiment, 17,0, 11.jpg,11.jpg,60,30,3.684, 525.977,529.661,525.976,-13,0,0,2,AM11_60,2022-11-21 12:22:16.090
9035,PSYC-134128,TOTDay1,Experiment, 18,0, 9.jpg,9.jpg,240,210,10.917, 530.993,541.91,530.992,-14,0,0,3,AH9_240,2022-11-21 12:22:28.339
9036,PSYC-132589,TOTDay1,Training, 1,0, 2.jpg,2.jpg,90,180,8.295, 14.284,22.577,14.283,-1,0,0,1,PE2_90,2022-11-21 12:24:48.765
9036,PSYC-132589,TOTDay1,Training, 2,1, 2.jpg,2.jpg,180,180,5.207, 35.538,40.745,35.538,0,0,0,1,PE2_180,2022-11-21 12:25:06.931
9036,PSYC-132589,TOTDay1,Training, 3,0, 2.jpg,2.jpg,60,120,11.799, 41.814,53.613,41.813,-1,0,0,2,PM2_60,2022-11-21 12:25:19.799
9036,PSYC-132589,TOTDay1,Training, 4,0, 2.jpg,2.jpg,30,300,6.788, 63.645,70.433,63.644,-2,0,0,2,PM2_30,2022-11-21 12:25:36.619
9036,PSYC-132589,TOTDay1,Training, 5,0, 2.jpg,2.jpg,210,120,5.872, 73.21,79.082,73.209,-3,0,0,3,PH2_210,2022-11-21 12:25:45.268
9036,PSYC-132589,TOTDay1,Training, 6,0, 2.jpg,2.jpg,120,0,0.223, 85.159,85.382,85.159,-4,0,0,3,PH2_120,2022-11-21 12:25:51.568
9036,PSYC-132589,TOTDay1,Training, 7,0, 2.jpg,2.jpg,0,30,6.642, 91.411,98.054,91.411,-5,0,0,1,PE2_0,2022-11-21 12:26:04.240
9036,PSYC-132589,TOTDay1,Training, 8,1, 2.jpg,2.jpg,240,240,11.71, 99.228,110.939,99.228,-4,0,0,3,PH2_240,2022-11-21 12:26:17.125
9036,PSYC-132589,TOTDay1,Training, 9,1, 2.jpg,2.jpg,330,330,5.497, 112.224,117.721,112.223,-3,0,0,2,PM2_330,2022-11-21 12:26:23.907
9036,PSYC-132589,TOTDay1,Training, 10,0, 2.jpg,2.jpg,150,210,9.574, 118.721,128.295,118.72,-4,0,0,3,PH2_150,2022-11-21 12:26:34.481
9036,PSYC-132589,TOTDay1,Training, 11,1, 2.jpg,2.jpg,300,300,7.109, 129.044,136.154,129.044,-3,0,0,2,PM2_300,2022-11-21 12:26:42.340
9036,PSYC-132589,TOTDay1,Training, 12,1, 2.jpg,2.jpg,270,270,5.446, 136.867,142.313,136.866,-2,0,0,1,PE2_270,2022-11-21 12:26:48.499
9036,PSYC-132589,TOTDay1,Experiment, 1,0, 4.jpg,4.jpg,180,90,6.793, 146.63,153.423,144.554,-1,0,0,1,AE4_180,2022-11-21 12:26:59.609
9036,PSYC-132589,TOTDay1,Experiment, 2,0, 10.jpg,10.jpg,150,210,4.045, 155.814,159.859,155.813,-2,0,0,3,AH10_150,2022-11-21 12:27:06.045
9036,PSYC-132589,TOTDay1,Experiment, 3,0, 11.jpg,11.jpg,60,270,3.581, 160.884,164.465,160.883,-3,0,0,2,AM11_60,2022-11-21 12:27:10.652
9036,PSYC-132589,TOTDay1,Experiment, 4,1, 7.jpg,7.jpg,330,330,3.768, 165.335,169.103,165.335,-2,0,0,2,AM7_330,2022-11-21 12:27:15.289
9036,PSYC-132589,TOTDay1,Experiment, 5,1, 11.jpg,11.jpg,180,180,6.013, 169.832,175.846,169.831,-1,0,0,1,BE11_180,2022-11-21 12:27:22.032
9036,PSYC-132589,TOTDay1,Experiment, 6,0, 9.jpg,9.jpg,240,60,6.497, 176.865,183.362,176.865,-2,0,0,3,AH9_240,2022-11-21 12:27:29.548
9036,PSYC-132589,TOTDay1,Experiment, 7,1, 7.jpg,7.jpg,270,270,11.018, 183.988,195.007,183.988,-1,0,0,1,BE7_270,2022-11-21 12:27:41.193
9036,PSYC-132589,TOTDay1,Experiment, 8,0, 8.jpg,8.jpg,330,120,9.438, 195.547,204.985,195.547,-2,0,0,2,BM8_330,2022-11-21 12:27:51.172
9036,PSYC-132589,TOTDay1,Experiment, 9,0, 1.jpg,1.jpg,150,270,6.072, 205.542,211.614,205.541,-3,0,0,3,BH1_150,2022-11-21 12:27:57.800
9036,PSYC-132589,TOTDay1,Experiment, 10,0, 3.jpg,3.jpg,240,300,8.955, 212.038,220.993,212.037,-4,0,0,3,BH3_240,2022-11-21 12:28:07.180
9036,PSYC-132589,TOTDay1,Experiment, 11,0, 3.jpg,3.jpg,90,330,3.125, 221.566,224.69,221.565,-5,0,0,1,AE3_90,2022-11-21 12:28:10.877
9036,PSYC-132589,TOTDay1,Experiment, 12,0, 10.jpg,10.jpg,60,120,8.022, 225.185,233.207,225.185,-6,0,0,2,BM10_60,2022-11-21 12:28:19.393
9036,PSYC-132589,TOTDay1,Experiment, 13,0, 9.jpg,9.jpg,30,120,5.077, 233.77,238.847,233.769,-7,0,0,2,BM9_30,2022-11-21 12:28:25.034
9036,PSYC-132589,TOTDay1,Experiment, 14,0, 4.jpg,4.jpg,210,180,7.399, 239.374,246.773,239.373,-8,0,0,3,BH4_210,2022-11-21 12:28:32.959
9036,PSYC-132589,TOTDay1,Experiment, 15,1, 6.jpg,6.jpg,90,90,7.439, 247.822,255.261,247.821,-7,0,0,1,BE6_90,2022-11-21 12:28:41.447
9036,PSYC-132589,TOTDay1,Experiment, 16,0, 6.jpg,6.jpg,30,60,7.454, 255.774,263.229,255.774,-8,0,0,2,AM6_30,2022-11-21 12:28:49.416
9036,PSYC-132589,TOTDay1,Experiment, 17,1, 1.jpg,1.jpg,270,270,6.437, 263.836,270.273,263.836,-7,0,0,1,AE1_270,2022-11-21 12:28:56.459
9036,PSYC-132589,TOTDay1,Experiment, 18,0, 8.jpg,8.jpg,210,300,6.391, 270.855,277.247,270.855,-8,0,0,3,AH8_210,2022-11-21 12:29:03.433
9038,PSYC-132589,TOTDay1,Training, 1,0, 2.jpg,2.jpg,90,270,18.505, 25.204,43.708,25.203,-1,0,0,1,PE2_90,2022-11-21 15:23:22.900
9038,PSYC-132589,TOTDay1,Training, 2,1, 2.jpg,2.jpg,180,180,10.027, 53.292,63.319,53.291,0,0,0,1,PE2_180,2022-11-21 15:23:42.510
9038,PSYC-132589,TOTDay1,Training, 3,0, 2.jpg,2.jpg,60,90,4.335, 71.47,75.805,71.469,-1,0,0,2,PM2_60,2022-11-21 15:23:54.995
9038,PSYC-132589,TOTDay1,Training, 4,0, 2.jpg,2.jpg,30,0,0.899, 82.078,82.977,82.078,-2,0,0,2,PM2_30,2022-11-21 15:24:02.168
9038,PSYC-132589,TOTDay1,Training, 5,0, 2.jpg,2.jpg,210,0,0.29, 84.825,85.115,84.825,-3,0,0,3,PH2_210,2022-11-21 15:24:04.306
9038,PSYC-132589,TOTDay1,Training, 6,0, 2.jpg,2.jpg,120,0,0.386, 97.221,97.607,97.221,-4,0,0,3,PH2_120,2022-11-21 15:24:16.798
9038,PSYC-132589,TOTDay1,Training, 7,1, 2.jpg,2.jpg,0,0,0.261, 102.65,102.911,102.649,-3,0,0,1,PE2_0,2022-11-21 15:24:22.102
9038,PSYC-132589,TOTDay1,Training, 8,0, 2.jpg,2.jpg,240,0,0.216, 103.129,103.345,103.129,-4,0,0,3,PH2_240,2022-11-21 15:24:22.536
9038,PSYC-132589,TOTDay1,Training, 9,0, 2.jpg,2.jpg,330,0,0.211, 103.58,103.791,103.579,-5,0,0,2,PM2_330,2022-11-21 15:24:22.982
9038,PSYC-132589,TOTDay1,Training, 10,0, 2.jpg,2.jpg,150,0,0.238, 104.066,104.303,104.065,-6,0,0,3,PH2_150,2022-11-21 15:24:23.494
9038,PSYC-132589,TOTDay1,Training, 11,0, 2.jpg,2.jpg,300,0,0.243, 104.57,104.813,104.569,-7,0,0,2,PM2_300,2022-11-21 15:24:24.004
9038,PSYC-132589,TOTDay1,Training, 12,0, 2.jpg,2.jpg,270,0,0.217, 105.055,105.273,105.055,-8,0,0,1,PE2_270,2022-11-21 15:24:24.464
9038,PSYC-132589,TOTDay1,Experiment, 1,0, 11.jpg,11.jpg,180,0,3.941, 107.917,111.858,105.505,-1,0,0,1,BE11_180,2022-11-21 15:24:31.049
9038,PSYC-132589,TOTDay1,Experiment, 2,0, 4.jpg,4.jpg,210,0,0.325, 112.54,112.865,112.539,-2,0,0,3,BH4_210,2022-11-21 15:24:32.056
9038,PSYC-132589,TOTDay1,Experiment, 3,0, 8.jpg,8.jpg,330,0,0.646, 113.177,113.824,113.177,-3,0,0,2,BM8_330,2022-11-21 15:24:33.014
9038,PSYC-132589,TOTDay1,Experiment, 4,0, 9.jpg,9.jpg,240,0,0.297, 114.148,114.445,114.147,-4,0,0,3,AH9_240,2022-11-21 15:24:33.635
9038,PSYC-132589,TOTDay1,Experiment, 5,0, 4.jpg,4.jpg,180,0,1.568, 115.429,116.997,115.429,-5,0,0,1,AE4_180,2022-11-21 15:24:36.188
9038,PSYC-132589,TOTDay1,Experiment, 6,0, 6.jpg,6.jpg,30,0,0.209, 117.245,117.455,117.245,-6,0,0,2,AM6_30,2022-11-21 15:24:36.645
9038,PSYC-132589,TOTDay1,Experiment, 7,0, 1.jpg,1.jpg,270,0,0.217, 117.664,117.881,117.663,-7,0,0,1,AE1_270,2022-11-21 15:24:37.072
9038,PSYC-132589,TOTDay1,Experiment, 8,0, 11.jpg,11.jpg,60,0,0.219, 118.097,118.317,118.097,-8,0,0,2,AM11_60,2022-11-21 15:24:37.508
9038,PSYC-132589,TOTDay1,Experiment, 9,0, 8.jpg,8.jpg,210,0,0.273, 118.556,118.829,118.555,-9,0,0,3,AH8_210,2022-11-21 15:24:38.020
9038,PSYC-132589,TOTDay1,Experiment, 10,0, 7.jpg,7.jpg,270,0,0.273, 119.081,119.353,119.08,-10,0,0,1,BE7_270,2022-11-21 15:24:38.544
9038,PSYC-132589,TOTDay1,Experiment, 11,0, 7.jpg,7.jpg,330,0,0.223, 119.568,119.791,119.567,-11,0,0,2,AM7_330,2022-11-21 15:24:38.981
9038,PSYC-132589,TOTDay1,Experiment, 12,0, 1.jpg,1.jpg,150,0,0.258, 120.033,120.292,120.033,-12,0,0,3,BH1_150,2022-11-21 15:24:39.482
9038,PSYC-132589,TOTDay1,Experiment, 13,0, 9.jpg,9.jpg,30,0,0.211, 120.514,120.725,120.513,-13,0,0,2,BM9_30,2022-11-21 15:24:39.915
9038,PSYC-132589,TOTDay1,Experiment, 14,0, 6.jpg,6.jpg,90,0,0.247, 120.944,121.191,120.943,-14,0,0,1,BE6_90,2022-11-21 15:24:40.382
9038,PSYC-132589,TOTDay1,Experiment, 15,0, 3.jpg,3.jpg,240,0,0.217, 121.442,121.659,121.441,-15,0,0,3,BH3_240,2022-11-21 15:24:40.849
9038,PSYC-132589,TOTDay1,Experiment, 16,0, 3.jpg,3.jpg,90,0,3.192, 122.334,125.527,122.333,-16,0,0,1,AE3_90,2022-11-21 15:24:44.718
9038,PSYC-132589,TOTDay1,Experiment, 17,0, 10.jpg,10.jpg,150,0,0.239, 125.754,125.993,125.753,-17,0,0,3,AH10_150,2022-11-21 15:24:45.183
9038,PSYC-132589,TOTDay1,Experiment, 18,0, 10.jpg,10.jpg,60,0,0.569, 126.228,126.797,126.227,-18,0,0,2,BM10_60,2022-11-21 15:24:45.988
9039,PSYC-134128,TOTDay1,Training, 1,0, 2.jpg,2.jpg,90,0,11.986, 270.209,282.193,270.208,-1,0,0,1,PE2_90,2022-11-21 15:30:01.586
9039,PSYC-134128,TOTDay1,Training, 2,0, 2.jpg,2.jpg,180,270,19.055, 296.937,315.993,296.937,-2,0,0,1,PE2_180,2022-11-21 15:30:35.385
9039,PSYC-134128,TOTDay1,Training, 3,0, 2.jpg,2.jpg,60,90,15.371, 337.416,352.787,337.415,-3,0,0,2,PM2_60,2022-11-21 15:31:12.179
9039,PSYC-134128,TOTDay1,Training, 4,0, 2.jpg,2.jpg,30,300,12.396, 356.851,369.247,356.85,-4,0,0,2,PM2_30,2022-11-21 15:31:28.640
9039,PSYC-134128,TOTDay1,Training, 5,0, 2.jpg,2.jpg,210,270,11.478, 373.917,385.394,373.916,-5,0,0,3,PH2_210,2022-11-21 15:31:44.788
9039,PSYC-134128,TOTDay1,Training, 6,0, 2.jpg,2.jpg,120,150,10.289, 394.819,405.108,394.818,-6,0,0,3,PH2_120,2022-11-21 15:32:04.501
9039,PSYC-134128,TOTDay1,Training, 7,0, 2.jpg,2.jpg,0,90,12.709, 411.093,423.803,411.093,-7,0,0,1,PE2_0,2022-11-21 15:32:23.196
9039,PSYC-134128,TOTDay1,Training, 8,1, 2.jpg,2.jpg,240,240,11.627, 427.727,439.354,427.726,-6,0,0,3,PH2_240,2022-11-21 15:32:38.748
9039,PSYC-134128,TOTDay1,Training, 9,0, 2.jpg,2.jpg,330,0,3.89, 444.186,448.076,444.185,-7,0,0,2,PM2_330,2022-11-21 15:32:47.470
9039,PSYC-134128,TOTDay1,Training, 10,0, 2.jpg,2.jpg,150,120,9.599, 449.951,459.55,449.95,-8,0,0,3,PH2_150,2022-11-21 15:32:58.944
9039,PSYC-134128,TOTDay1,Training, 11,0, 2.jpg,2.jpg,300,210,14.503, 460.588,475.09,460.587,-9,0,0,2,PM2_300,2022-11-21 15:33:14.484
9039,PSYC-134128,TOTDay1,Training, 12,0, 2.jpg,2.jpg,270,90,10.124, 477.273,487.396,477.272,-10,0,0,1,PE2_270,2022-11-21 15:33:26.790
9039,PSYC-134128,TOTDay1,Experiment, 1,1, 6.jpg,6.jpg,90,90,17.987, 490.96,508.947,488.43,1,0,0,1,BE6_90,2022-11-21 15:33:48.342
9039,PSYC-134128,TOTDay1,Experiment, 2,0, 6.jpg,6.jpg,30,210,14.909, 510.357,525.266,510.356,0,0,0,2,AM6_30,2022-11-21 15:34:04.661
9039,PSYC-134128,TOTDay1,Experiment, 3,0, 4.jpg,4.jpg,210,150,11.321, 527.091,538.412,527.09,-1,0,0,3,BH4_210,2022-11-21 15:34:17.807
9039,PSYC-134128,TOTDay1,Experiment, 4,0, 7.jpg,7.jpg,270,240,10.677, 540.177,550.854,540.176,-2,0,0,1,BE7_270,2022-11-21 15:34:30.249
9039,PSYC-134128,TOTDay1,Experiment, 5,0, 11.jpg,11.jpg,60,90,7.285, 552.819,560.104,552.818,-3,0,0,2,AM11_60,2022-11-21 15:34:39.499
9039,PSYC-134128,TOTDay1,Experiment, 6,1, 9.jpg,9.jpg,240,240,3.385, 562.62,566.006,562.619,-2,0,0,3,AH9_240,2022-11-21 15:34:45.401
9039,PSYC-134128,TOTDay1,Experiment, 7,0, 10.jpg,10.jpg,60,210,2.539, 567.646,570.186,567.646,-3,0,0,2,BM10_60,2022-11-21 15:34:49.581
9039,PSYC-134128,TOTDay1,Experiment, 8,0, 3.jpg,3.jpg,240,270,3.125, 571.063,574.188,571.062,-4,0,0,3,BH3_240,2022-11-21 15:34:53.583
9039,PSYC-134128,TOTDay1,Experiment, 9,0, 4.jpg,4.jpg,180,150,2.793, 575.059,577.852,575.058,-5,0,0,1,AE4_180,2022-11-21 15:34:57.247
9039,PSYC-134128,TOTDay1,Experiment, 10,0, 8.jpg,8.jpg,330,270,8.567, 579.104,587.672,579.104,-6,0,0,2,BM8_330,2022-11-21 15:35:07.068
9039,PSYC-134128,TOTDay1,Experiment, 11,0, 1.jpg,1.jpg,270,240,9.977, 588.604,598.582,588.604,-7,0,0,1,AE1_270,2022-11-21 15:35:17.978
9039,PSYC-134128,TOTDay1,Experiment, 12,0, 1.jpg,1.jpg,150,270,15.921, 599.265,615.186,599.264,-8,0,0,3,BH1_150,2022-11-21 15:35:34.582
9039,PSYC-134128,TOTDay1,Experiment, 13,0, 3.jpg,3.jpg,90,270,7.115, 616.27,623.385,616.27,-9,0,0,1,AE3_90,2022-11-21 15:35:42.781
9039,PSYC-134128,TOTDay1,Experiment, 14,0, 10.jpg,10.jpg,150,90,9.479, 624.212,633.692,624.212,-10,0,0,3,AH10_150,2022-11-21 15:35:53.088
9039,PSYC-134128,TOTDay1,Experiment, 15,0, 7.jpg,7.jpg,330,180,4.229, 634.866,639.096,634.866,-11,0,0,2,AM7_330,2022-11-21 15:35:58.492
9039,PSYC-134128,TOTDay1,Experiment, 16,0, 11.jpg,11.jpg,180,240,6.137, 640.294,646.432,640.294,-12,0,0,1,BE11_180,2022-11-21 15:36:05.828
9039,PSYC-134128,TOTDay1,Experiment, 17,0, 9.jpg,9.jpg,30,120,11.093, 647.397,658.49,647.396,-13,0,0,2,BM9_30,2022-11-21 15:36:17.886
9039,PSYC-134128,TOTDay1,Experiment, 18,0, 8.jpg,8.jpg,210,120,5.701, 659.811,665.512,659.81,-14,0,0,3,AH8_210,2022-11-21 15:36:24.908
9042,PSYC-134130,TOTDay1,Training, 1,1, 2.jpg,2.jpg,90,90,4.67, 25.204,29.872,25.203,1,0,0,1,PE2_90,2022-11-22 09:16:01.608
9042,PSYC-134130,TOTDay1,Training, 2,1, 2.jpg,2.jpg,180,180,3.807, 31.706,35.514,31.706,2,0,0,1,PE2_180,2022-11-22 09:16:07.248
9042,PSYC-134130,TOTDay1,Training, 3,0, 2.jpg,2.jpg,60,150,8.519, 36.548,45.068,36.548,1,0,0,2,PM2_60,2022-11-22 09:16:16.803
9042,PSYC-134130,TOTDay1,Training, 4,0, 2.jpg,2.jpg,30,90,5.866, 49.216,55.082,49.216,0,0,0,2,PM2_30,2022-11-22 09:16:26.816
9042,PSYC-134130,TOTDay1,Training, 5,1, 2.jpg,2.jpg,210,210,7.195, 57.821,65.016,57.82,1,0,0,3,PH2_210,2022-11-22 09:16:36.750
9042,PSYC-134130,TOTDay1,Training, 6,0, 2.jpg,2.jpg,120,150,9.406, 66.326,75.732,66.326,0,0,0,3,PH2_120,2022-11-22 09:16:47.466
9042,PSYC-134130,TOTDay1,Training, 7,0, 2.jpg,2.jpg,0,180,3.575, 80.557,84.132,80.556,-1,0,0,1,PE2_0,2022-11-22 09:16:55.866
9042,PSYC-134130,TOTDay1,Training, 8,1, 2.jpg,2.jpg,240,240,6.202, 86.56,92.762,86.56,0,0,0,3,PH2_240,2022-11-22 09:17:04.496
9042,PSYC-134130,TOTDay1,Training, 9,0, 2.jpg,2.jpg,330,150,6.107, 93.365,99.472,93.364,-1,0,0,2,PM2_330,2022-11-22 09:17:11.206
9042,PSYC-134130,TOTDay1,Training, 10,1, 2.jpg,2.jpg,150,150,4.981, 100.29,105.272,100.29,0,0,0,3,PH2_150,2022-11-22 09:17:17.006
9042,PSYC-134130,TOTDay1,Training, 11,0, 2.jpg,2.jpg,300,330,4.211, 105.929,110.14,105.928,-1,0,0,2,PM2_300,2022-11-22 09:17:21.874
9042,PSYC-134130,TOTDay1,Training, 12,1, 2.jpg,2.jpg,270,270,4.305, 110.887,115.192,110.886,0,0,0,1,PE2_270,2022-11-22 09:17:26.926
9042,PSYC-134130,TOTDay1,Experiment, 1,0, 7.jpg,7.jpg,330,300,18.166, 119.343,137.51,115.984,-1,0,0,2,AM7_330,2022-11-22 09:17:49.244
9042,PSYC-134130,TOTDay1,Experiment, 2,1, 4.jpg,4.jpg,210,210,7.453, 138.466,145.92,138.466,0,0,0,3,BH4_210,2022-11-22 09:17:57.654
9042,PSYC-134130,TOTDay1,Experiment, 3,1, 11.jpg,11.jpg,180,180,6.162, 146.716,152.879,146.716,1,0,0,1,BE11_180,2022-11-22 09:18:04.613
9042,PSYC-134130,TOTDay1,Experiment, 4,0, 11.jpg,11.jpg,60,270,3.813, 153.486,157.3,153.486,0,0,0,2,AM11_60,2022-11-22 09:18:09.034
9042,PSYC-134130,TOTDay1,Experiment, 5,1, 3.jpg,3.jpg,90,90,8.813, 158.024,166.838,158.024,1,0,0,1,AE3_90,2022-11-22 09:18:18.573
9042,PSYC-134130,TOTDay1,Experiment, 6,1, 9.jpg,9.jpg,240,240,8.177, 167.484,175.662,167.484,2,0,0,3,AH9_240,2022-11-22 09:18:27.396
9042,PSYC-134130,TOTDay1,Experiment, 7,0, 8.jpg,8.jpg,330,0,5.227, 176.212,181.44,176.212,1,0,0,2,BM8_330,2022-11-22 09:18:33.174
9042,PSYC-134130,TOTDay1,Experiment, 8,0, 6.jpg,6.jpg,90,270,9.405, 181.986,191.392,181.986,0,0,0,1,BE6_90,2022-11-22 09:18:43.126
9042,PSYC-134130,TOTDay1,Experiment, 9,0, 3.jpg,3.jpg,240,120,10.981, 191.955,202.936,191.954,-1,0,0,3,BH3_240,2022-11-22 09:18:54.670
9042,PSYC-134130,TOTDay1,Experiment, 10,0, 1.jpg,1.jpg,150,180,8.271, 203.408,211.68,203.408,-2,0,0,3,BH1_150,2022-11-22 09:19:03.414
9042,PSYC-134130,TOTDay1,Experiment, 11,0, 10.jpg,10.jpg,60,150,5.279, 212.2,217.48,212.2,-3,0,0,2,BM10_60,2022-11-22 09:19:09.213
9042,PSYC-134130,TOTDay1,Experiment, 12,1, 1.jpg,1.jpg,270,270,11.736, 217.994,229.73,217.994,-2,0,0,1,AE1_270,2022-11-22 09:19:21.464
9042,PSYC-134130,TOTDay1,Experiment, 13,1, 9.jpg,9.jpg,30,30,19.681, 230.686,250.368,230.686,-1,0,0,2,BM9_30,2022-11-22 09:19:42.102
9042,PSYC-134130,TOTDay1,Experiment, 14,1, 10.jpg,10.jpg,150,150,9.749, 250.91,260.66,250.91,0,0,0,3,AH10_150,2022-11-22 09:19:52.393
9042,PSYC-134130,TOTDay1,Experiment, 15,1, 4.jpg,4.jpg,180,180,5.687, 261.27,266.958,261.27,1,0,0,1,AE4_180,2022-11-22 09:19:58.692
9042,PSYC-134130,TOTDay1,Experiment, 16,1, 8.jpg,8.jpg,210,210,6.461, 267.673,274.134,267.672,2,0,0,3,AH8_210,2022-11-22 09:20:05.868
9042,PSYC-134130,TOTDay1,Experiment, 17,1, 7.jpg,7.jpg,270,270,11.241, 274.961,286.202,274.96,3,0,0,1,BE7_270,2022-11-22 09:20:17.936
9042,PSYC-134130,TOTDay1,Experiment, 18,1, 6.jpg,6.jpg,30,30,6.625, 286.826,293.452,286.826,4,0,0,2,AM6_30,2022-11-22 09:20:25.186
9041,PSYC-134128,TOTDay1,Training, 1,1, 2.jpg,2.jpg,90,90,6.439, 90.25,96.687,90.249,1,0,0,1,PE2_90,2022-11-22 09:24:36.827
9041,PSYC-134128,TOTDay1,Training, 2,1, 2.jpg,2.jpg,180,180,6.272, 101.617,107.89,101.617,2,0,0,1,PE2_180,2022-11-22 09:24:48.028
9041,PSYC-134128,TOTDay1,Training, 3,0, 2.jpg,2.jpg,60,330,5.361, 109.179,114.54,109.179,1,0,0,2,PM2_60,2022-11-22 09:24:54.679
9041,PSYC-134128,TOTDay1,Training, 4,0, 2.jpg,2.jpg,30,150,5.031, 121.013,126.045,121.013,0,0,0,2,PM2_30,2022-11-22 09:25:06.183
9041,PSYC-134128,TOTDay1,Training, 5,0, 2.jpg,2.jpg,210,330,12.944, 128.791,141.735,128.791,-1,0,0,3,PH2_210,2022-11-22 09:25:21.873
9041,PSYC-134128,TOTDay1,Training, 6,0, 2.jpg,2.jpg,120,210,7.431, 148.238,155.669,148.237,-2,0,0,3,PH2_120,2022-11-22 09:25:35.808
9041,PSYC-134128,TOTDay1,Training, 7,0, 2.jpg,2.jpg,0,180,8.124, 163.539,171.663,163.539,-3,0,0,1,PE2_0,2022-11-22 09:25:51.801
9041,PSYC-134128,TOTDay1,Training, 8,0, 2.jpg,2.jpg,240,150,7.034, 173.287,180.321,173.287,-4,0,0,3,PH2_240,2022-11-22 09:26:00.459
9041,PSYC-134128,TOTDay1,Training, 9,0, 2.jpg,2.jpg,330,30,7.425, 181.521,188.946,181.521,-5,0,0,2,PM2_330,2022-11-22 09:26:09.085
9041,PSYC-134128,TOTDay1,Training, 10,0, 2.jpg,2.jpg,150,210,8.661, 190.255,198.916,190.255,-6,0,0,3,PH2_150,2022-11-22 09:26:19.055
9041,PSYC-134128,TOTDay1,Training, 11,0, 2.jpg,2.jpg,300,330,5.579, 200.003,205.582,200.002,-7,0,0,2,PM2_300,2022-11-22 09:26:25.720
9041,PSYC-134128,TOTDay1,Training, 12,1, 2.jpg,2.jpg,270,270,5.439, 206.321,211.761,206.321,-6,0,0,1,PE2_270,2022-11-22 09:26:31.899
9041,PSYC-134128,TOTDay1,Experiment, 1,0, 3.jpg,3.jpg,240,150,5.86, 218.588,224.448,212.617,-1,0,0,3,BH3_240,2022-11-22 09:26:44.587
9041,PSYC-134128,TOTDay1,Experiment, 2,0, 6.jpg,6.jpg,90,30,8.038, 226.995,235.033,226.995,-2,0,0,1,BE6_90,2022-11-22 09:26:55.171
9041,PSYC-134128,TOTDay1,Experiment, 3,0, 8.jpg,8.jpg,330,210,7.947, 235.849,243.797,235.848,-3,0,0,2,BM8_330,2022-11-22 09:27:03.935
9041,PSYC-134128,TOTDay1,Experiment, 4,0, 3.jpg,3.jpg,90,270,6.952, 244.454,251.406,244.454,-4,0,0,1,AE3_90,2022-11-22 09:27:11.545
9041,PSYC-134128,TOTDay1,Experiment, 5,0, 10.jpg,10.jpg,150,210,5.467, 252.199,257.667,252.199,-5,0,0,3,AH10_150,2022-11-22 09:27:17.804
9041,PSYC-134128,TOTDay1,Experiment, 6,0, 9.jpg,9.jpg,30,210,6.456, 258.258,264.714,258.257,-6,0,0,2,BM9_30,2022-11-22 09:27:24.853
9041,PSYC-134128,TOTDay1,Experiment, 7,0, 8.jpg,8.jpg,210,330,7.418, 265.329,272.747,265.328,-7,0,0,3,AH8_210,2022-11-22 09:27:32.886
9041,PSYC-134128,TOTDay1,Experiment, 8,0, 11.jpg,11.jpg,60,150,11.495, 273.313,284.809,273.313,-8,0,0,2,AM11_60,2022-11-22 09:27:44.947
9041,PSYC-134128,TOTDay1,Experiment, 9,0, 7.jpg,7.jpg,270,210,13, 285.579,298.579,285.579,-9,0,0,1,BE7_270,2022-11-22 09:27:58.718
9041,PSYC-134128,TOTDay1,Experiment, 10,0, 4.jpg,4.jpg,210,180,4.685, 299.051,303.736,299.051,-10,0,0,3,BH4_210,2022-11-22 09:28:03.875
9041,PSYC-134128,TOTDay1,Experiment, 11,0, 1.jpg,1.jpg,270,150,21.938, 304.312,326.25,304.311,-11,0,0,1,AE1_270,2022-11-22 09:28:26.389
9041,PSYC-134128,TOTDay1,Experiment, 12,0, 10.jpg,10.jpg,60,330,5.505, 326.721,332.227,326.721,-12,0,0,2,BM10_60,2022-11-22 09:28:32.366
9041,PSYC-134128,TOTDay1,Experiment, 13,1, 11.jpg,11.jpg,180,180,5.635, 332.683,338.318,332.682,-11,0,0,1,BE11_180,2022-11-22 09:28:38.457
9041,PSYC-134128,TOTDay1,Experiment, 14,0, 1.jpg,1.jpg,150,330,10.539, 339.733,350.273,339.733,-12,0,0,3,BH1_150,2022-11-22 09:28:50.413
9041,PSYC-134128,TOTDay1,Experiment, 15,1, 7.jpg,7.jpg,330,330,10.817, 350.723,361.54,350.723,-11,0,0,2,AM7_330,2022-11-22 09:29:01.680
9041,PSYC-134128,TOTDay1,Experiment, 16,1, 4.jpg,4.jpg,180,180,10.116, 362.472,372.588,362.471,-10,0,0,1,AE4_180,2022-11-22 09:29:12.728
9041,PSYC-134128,TOTDay1,Experiment, 17,0, 6.jpg,6.jpg,30,120,8.477, 373.26,381.737,373.259,-11,0,0,2,AM6_30,2022-11-22 09:29:21.877
9041,PSYC-134128,TOTDay1,Experiment, 18,0, 9.jpg,9.jpg,240,150,13.403, 382.393,395.796,382.392,-12,0,0,3,AH9_240,2022-11-22 09:29:35.937
9045,PSYC-134128,TOTDay1,Training, 1,0, 2.jpg,2.jpg,90,30,6.802, 17.609,24.41,17.608,-1,0,0,1,PE2_90,2022-11-22 12:18:42.194
9045,PSYC-134128,TOTDay1,Training, 2,1, 2.jpg,2.jpg,180,180,5.444, 30.988,36.432,30.987,0,0,0,1,PE2_180,2022-11-22 12:18:54.214
9045,PSYC-134128,TOTDay1,Training, 3,0, 2.jpg,2.jpg,60,30,4.929, 37.876,42.805,37.875,-1,0,0,2,PM2_60,2022-11-22 12:19:00.587
9045,PSYC-134128,TOTDay1,Training, 4,0, 2.jpg,2.jpg,30,330,5.469, 48.13,53.6,48.13,-2,0,0,2,PM2_30,2022-11-22 12:19:11.382
9045,PSYC-134128,TOTDay1,Training, 5,0, 2.jpg,2.jpg,210,240,4.724, 56.226,60.95,56.225,-3,0,0,3,PH2_210,2022-11-22 12:19:18.732
9045,PSYC-134128,TOTDay1,Training, 6,0, 2.jpg,2.jpg,120,150,8.089, 67.444,75.533,67.443,-4,0,0,3,PH2_120,2022-11-22 12:19:33.315
9045,PSYC-134128,TOTDay1,Training, 7,0, 2.jpg,2.jpg,0,60,5.469, 82.286,87.756,82.286,-5,0,0,1,PE2_0,2022-11-22 12:19:45.538
9045,PSYC-134128,TOTDay1,Training, 8,0, 2.jpg,2.jpg,240,120,5.182, 92.584,97.766,92.583,-6,0,0,3,PH2_240,2022-11-22 12:19:55.549
9045,PSYC-134128,TOTDay1,Training, 9,0, 2.jpg,2.jpg,330,60,6.521, 101.146,107.668,101.146,-7,0,0,2,PM2_330,2022-11-22 12:20:05.450
9045,PSYC-134128,TOTDay1,Training, 10,0, 2.jpg,2.jpg,150,300,5.389, 108.839,114.229,108.839,-8,0,0,3,PH2_150,2022-11-22 12:20:12.012
9045,PSYC-134128,TOTDay1,Training, 11,0, 2.jpg,2.jpg,300,150,3.489, 115.861,119.35,115.86,-9,0,0,2,PM2_300,2022-11-22 12:20:17.132
9045,PSYC-134128,TOTDay1,Training, 12,1, 2.jpg,2.jpg,270,270,3.482, 120.397,123.879,120.396,-8,0,0,1,PE2_270,2022-11-22 12:20:21.661
9045,PSYC-134128,TOTDay1,Experiment, 1,0, 3.jpg,3.jpg,240,90,8.747, 130.05,138.797,126.981,-1,0,0,3,BH3_240,2022-11-22 12:20:36.580
9045,PSYC-134128,TOTDay1,Experiment, 2,0, 4.jpg,4.jpg,180,240,3.767, 140.682,144.449,140.681,-2,0,0,1,AE4_180,2022-11-22 12:20:42.231
9045,PSYC-134128,TOTDay1,Experiment, 3,0, 10.jpg,10.jpg,60,0,8.356, 147.98,156.336,147.979,-3,0,0,2,BM10_60,2022-11-22 12:20:54.118
9045,PSYC-134128,TOTDay1,Experiment, 4,0, 8.jpg,8.jpg,330,30,5.617, 157.71,163.327,157.709,-4,0,0,2,BM8_330,2022-11-22 12:21:01.109
9045,PSYC-134128,TOTDay1,Experiment, 5,0, 11.jpg,11.jpg,180,120,5.495, 164.954,170.449,164.953,-5,0,0,1,BE11_180,2022-11-22 12:21:08.232
9045,PSYC-134128,TOTDay1,Experiment, 6,0, 10.jpg,10.jpg,150,300,7.077, 172.875,179.953,172.875,-6,0,0,3,AH10_150,2022-11-22 12:21:17.735
9045,PSYC-134128,TOTDay1,Experiment, 7,0, 4.jpg,4.jpg,210,180,6.437, 181.318,187.756,181.317,-7,0,0,3,BH4_210,2022-11-22 12:21:25.538
9045,PSYC-134128,TOTDay1,Experiment, 8,0, 3.jpg,3.jpg,90,60,3.394, 190.541,193.935,190.54,-8,0,0,1,AE3_90,2022-11-22 12:21:31.717
9045,PSYC-134128,TOTDay1,Experiment, 9,0, 9.jpg,9.jpg,30,270,4.133, 195.264,199.397,195.263,-9,0,0,2,BM9_30,2022-11-22 12:21:37.180
9045,PSYC-134128,TOTDay1,Experiment, 10,0, 6.jpg,6.jpg,30,60,5.516, 202.282,207.798,202.281,-10,0,0,2,AM6_30,2022-11-22 12:21:45.580
9045,PSYC-134128,TOTDay1,Experiment, 11,0, 7.jpg,7.jpg,270,330,10.395, 210.218,220.613,210.217,-11,0,0,1,BE7_270,2022-11-22 12:21:58.395
9045,PSYC-134128,TOTDay1,Experiment, 12,0, 8.jpg,8.jpg,210,150,10.621, 222.418,233.039,222.417,-12,0,0,3,AH8_210,2022-11-22 12:22:10.822
9045,PSYC-134128,TOTDay1,Experiment, 13,0, 6.jpg,6.jpg,90,60,6.003, 234.238,240.241,234.237,-13,0,0,1,BE6_90,2022-11-22 12:22:18.024
9045,PSYC-134128,TOTDay1,Experiment, 14,0, 7.jpg,7.jpg,330,30,7.013, 241.028,248.041,241.027,-14,0,0,2,AM7_330,2022-11-22 12:22:25.823
9045,PSYC-134128,TOTDay1,Experiment, 15,0, 1.jpg,1.jpg,150,90,7.069, 248.694,255.763,248.694,-15,0,0,3,BH1_150,2022-11-22 12:22:33.546
9045,PSYC-134128,TOTDay1,Experiment, 16,0, 1.jpg,1.jpg,270,0,3.313, 256.378,259.691,256.377,-16,0,0,1,AE1_270,2022-11-22 12:22:37.473
9045,PSYC-134128,TOTDay1,Experiment, 17,0, 9.jpg,9.jpg,240,180,6.436, 260.586,267.022,260.585,-17,0,0,3,AH9_240,2022-11-22 12:22:44.804
9045,PSYC-134128,TOTDay1,Experiment, 18,0, 11.jpg,11.jpg,60,0,1.303, 267.96,269.263,267.959,-18,0,0,2,AM11_60,2022-11-22 12:22:47.046
9044,PSYC-132589,TOTDay1,Training, 1,0, 2.jpg,2.jpg,90,30,8.543, 37.259,45.799,37.258,-1,0,0,1,PE2_90,2022-11-22 12:49:18.187
9044,PSYC-132589,TOTDay1,Training, 2,1, 2.jpg,2.jpg,180,180,4.992, 52.227,57.219,52.227,0,0,0,1,PE2_180,2022-11-22 12:49:29.604
9044,PSYC-132589,TOTDay1,Training, 3,0, 2.jpg,2.jpg,60,330,4.337, 60.631,64.969,60.631,-1,0,0,2,PM2_60,2022-11-22 12:49:37.353
9044,PSYC-132589,TOTDay1,Training, 4,1, 2.jpg,2.jpg,30,30,3.904, 69.602,73.506,69.601,0,0,0,2,PM2_30,2022-11-22 12:49:45.891
9044,PSYC-132589,TOTDay1,Training, 5,1, 2.jpg,2.jpg,210,210,4.631, 74.226,78.857,74.225,1,0,0,3,PH2_210,2022-11-22 12:49:51.241
9044,PSYC-132589,TOTDay1,Training, 6,0, 2.jpg,2.jpg,120,150,5.585, 79.463,85.048,79.463,0,0,0,3,PH2_120,2022-11-22 12:49:57.433
9044,PSYC-132589,TOTDay1,Training, 7,0, 2.jpg,2.jpg,0,90,5.822, 91.169,96.991,91.169,-1,0,0,1,PE2_0,2022-11-22 12:50:09.375
9044,PSYC-132589,TOTDay1,Training, 8,0, 2.jpg,2.jpg,240,300,7.295, 97.762,105.057,97.761,-2,0,0,3,PH2_240,2022-11-22 12:50:17.441
9044,PSYC-132589,TOTDay1,Training, 9,1, 2.jpg,2.jpg,330,330,4.381, 105.819,110.2,105.818,-1,0,0,2,PM2_330,2022-11-22 12:50:22.585
9044,PSYC-132589,TOTDay1,Training, 10,1, 2.jpg,2.jpg,150,150,4.437, 110.883,115.32,110.883,0,0,0,3,PH2_150,2022-11-22 12:50:27.705
9044,PSYC-132589,TOTDay1,Training, 11,0, 2.jpg,2.jpg,300,330,3.641, 116.045,119.687,116.045,-1,0,0,2,PM2_300,2022-11-22 12:50:32.071
9044,PSYC-132589,TOTDay1,Training, 12,0, 2.jpg,2.jpg,270,90,4.293, 120.334,124.627,120.334,-2,0,0,1,PE2_270,2022-11-22 12:50:37.011
9044,PSYC-132589,TOTDay1,Experiment, 1,0, 8.jpg,8.jpg,210,150,10.048, 129.186,139.235,126.966,-1,0,0,3,AH8_210,2022-11-22 12:50:51.618
9044,PSYC-132589,TOTDay1,Experiment, 2,0, 3.jpg,3.jpg,90,180,6.292, 143.254,149.546,143.253,-2,0,0,1,AE3_90,2022-11-22 12:51:01.930
9044,PSYC-132589,TOTDay1,Experiment, 3,1, 9.jpg,9.jpg,30,30,3.006, 150.32,153.326,150.319,-1,0,0,2,BM9_30,2022-11-22 12:51:05.710
9044,PSYC-132589,TOTDay1,Experiment, 4,0, 8.jpg,8.jpg,330,60,4.324, 154.052,158.377,154.052,-2,0,0,2,BM8_330,2022-11-22 12:51:10.761
9044,PSYC-132589,TOTDay1,Experiment, 5,0, 1.jpg,1.jpg,150,270,4.53, 159.007,163.537,159.007,-3,0,0,3,BH1_150,2022-11-22 12:51:15.921
9044,PSYC-132589,TOTDay1,Experiment, 6,0, 7.jpg,7.jpg,270,180,7.041, 164.017,171.059,164.017,-4,0,0,1,BE7_270,2022-11-22 12:51:23.443
9044,PSYC-132589,TOTDay1,Experiment, 7,0, 3.jpg,3.jpg,240,300,15.603, 171.512,187.115,171.511,-5,0,0,3,BH3_240,2022-11-22 12:51:39.498
9044,PSYC-132589,TOTDay1,Experiment, 8,1, 1.jpg,1.jpg,270,270,7.445, 187.729,195.175,187.728,-4,0,0,1,AE1_270,2022-11-22 12:51:47.559
9044,PSYC-132589,TOTDay1,Experiment, 9,0, 11.jpg,11.jpg,60,210,6.781, 195.965,202.746,195.964,-5,0,0,2,AM11_60,2022-11-22 12:51:55.130
9044,PSYC-132589,TOTDay1,Experiment, 10,0, 7.jpg,7.jpg,330,300,5.725, 203.381,209.107,203.381,-6,0,0,2,AM7_330,2022-11-22 12:52:01.490
9044,PSYC-132589,TOTDay1,Experiment, 11,0, 10.jpg,10.jpg,150,270,5.061, 209.579,214.64,209.579,-7,0,0,3,AH10_150,2022-11-22 12:52:07.025
9044,PSYC-132589,TOTDay1,Experiment, 12,0, 4.jpg,4.jpg,180,210,3.232, 215.269,218.501,215.269,-8,0,0,1,AE4_180,2022-11-22 12:52:10.885
9044,PSYC-132589,TOTDay1,Experiment, 13,1, 6.jpg,6.jpg,30,30,3.751, 218.954,222.705,218.954,-7,0,0,2,AM6_30,2022-11-22 12:52:15.089
9044,PSYC-132589,TOTDay1,Experiment, 14,0, 4.jpg,4.jpg,210,150,2.808, 224.367,227.175,224.366,-8,0,0,3,BH4_210,2022-11-22 12:52:19.558
9044,PSYC-132589,TOTDay1,Experiment, 15,0, 11.jpg,11.jpg,180,270,4.778, 227.637,232.415,227.637,-9,0,0,1,BE11_180,2022-11-22 12:52:24.799
9044,PSYC-132589,TOTDay1,Experiment, 16,0, 6.jpg,6.jpg,90,120,4.032, 233.081,237.113,233.081,-10,0,0,1,BE6_90,2022-11-22 12:52:29.496
9044,PSYC-132589,TOTDay1,Experiment, 17,0, 9.jpg,9.jpg,240,300,3.671, 237.579,241.25,237.578,-11,0,0,3,AH9_240,2022-11-22 12:52:33.634
9044,PSYC-132589,TOTDay1,Experiment, 18,0, 10.jpg,10.jpg,60,30,1.829, 241.743,243.573,241.743,-12,0,0,2,BM10_60,2022-11-22 12:52:35.956
9046,PSYC-132589,TOTDay1,Training, 1,0, 2.jpg,2.jpg,90,0,14.85, 14.856,29.703,14.855,-1,0,0,1,PE2_90,2022-11-22 15:19:09.776
9046,PSYC-132589,TOTDay1,Training, 2,0, 2.jpg,2.jpg,180,90,4.631, 37.429,42.061,37.429,-2,0,0,1,PE2_180,2022-11-22 15:19:22.131
9046,PSYC-132589,TOTDay1,Training, 3,0, 2.jpg,2.jpg,60,330,3.378, 51.453,54.831,51.453,-3,0,0,2,PM2_60,2022-11-22 15:19:34.902
9046,PSYC-132589,TOTDay1,Training, 4,0, 2.jpg,2.jpg,30,150,3.491, 58.971,62.463,58.971,-4,0,0,2,PM2_30,2022-11-22 15:19:42.533
9046,PSYC-132589,TOTDay1,Training, 5,0, 2.jpg,2.jpg,210,270,2.291, 65.582,67.873,65.581,-5,0,0,3,PH2_210,2022-11-22 15:19:47.943
9046,PSYC-132589,TOTDay1,Training, 6,0, 2.jpg,2.jpg,120,180,2.508, 74.404,76.911,74.403,-6,0,0,3,PH2_120,2022-11-22 15:19:56.981
9046,PSYC-132589,TOTDay1,Training, 7,1, 2.jpg,2.jpg,0,0,0.724, 82.197,82.921,82.197,-5,0,0,1,PE2_0,2022-11-22 15:20:02.992
9046,PSYC-132589,TOTDay1,Training, 8,0, 2.jpg,2.jpg,240,300,2.879, 84.583,87.463,84.583,-6,0,0,3,PH2_240,2022-11-22 15:20:07.533
9046,PSYC-132589,TOTDay1,Training, 9,0, 2.jpg,2.jpg,330,0,0.653, 88.364,89.017,88.363,-7,0,0,2,PM2_330,2022-11-22 15:20:09.087
9046,PSYC-132589,TOTDay1,Training, 10,0, 2.jpg,2.jpg,150,30,3.502, 90.783,94.285,90.783,-8,0,0,3,PH2_150,2022-11-22 15:20:14.355
9046,PSYC-132589,TOTDay1,Training, 11,0, 2.jpg,2.jpg,300,240,2.745, 95.121,97.867,95.121,-9,0,0,2,PM2_300,2022-11-22 15:20:17.937
9046,PSYC-132589,TOTDay1,Training, 12,0, 2.jpg,2.jpg,270,90,3.151, 98.667,101.819,98.667,-10,0,0,1,PE2_270,2022-11-22 15:20:21.888
9046,PSYC-132589,TOTDay1,Experiment, 1,0, 10.jpg,10.jpg,150,90,2.685, 106.667,109.353,102.765,-1,0,0,3,AH10_150,2022-11-22 15:20:29.423
9046,PSYC-132589,TOTDay1,Experiment, 2,0, 8.jpg,8.jpg,330,0,0.735, 113.423,114.159,113.423,-2,0,0,2,BM8_330,2022-11-22 15:20:34.229
9046,PSYC-132589,TOTDay1,Experiment, 3,0, 4.jpg,4.jpg,180,0,0.556, 114.889,115.445,114.889,-3,0,0,1,AE4_180,2022-11-22 15:20:35.515
9046,PSYC-132589,TOTDay1,Experiment, 4,0, 9.jpg,9.jpg,30,0,0.368, 115.969,116.337,115.969,-4,0,0,2,BM9_30,2022-11-22 15:20:36.408
9046,PSYC-132589,TOTDay1,Experiment, 5,0, 9.jpg,9.jpg,240,0,0.393, 116.697,117.091,116.697,-5,0,0,3,AH9_240,2022-11-22 15:20:37.161
9046,PSYC-132589,TOTDay1,Experiment, 6,0, 7.jpg,7.jpg,270,90,1.931, 117.537,119.469,117.537,-6,0,0,1,BE7_270,2022-11-22 15:20:39.539
9046,PSYC-132589,TOTDay1,Experiment, 7,0, 7.jpg,7.jpg,330,120,1.576, 119.925,121.501,119.925,-7,0,0,2,AM7_330,2022-11-22 15:20:41.572
9046,PSYC-132589,TOTDay1,Experiment, 8,0, 8.jpg,8.jpg,210,150,1.769, 123.601,125.371,123.601,-8,0,0,3,AH8_210,2022-11-22 15:20:45.441
9046,PSYC-132589,TOTDay1,Experiment, 9,0, 1.jpg,1.jpg,270,330,3.124, 128.526,131.65,128.525,-9,0,0,1,AE1_270,2022-11-22 15:20:51.721
9046,PSYC-132589,TOTDay1,Experiment, 10,0, 4.jpg,4.jpg,210,270,1.83, 132.361,134.191,132.361,-10,0,0,3,BH4_210,2022-11-22 15:20:54.261
9046,PSYC-132589,TOTDay1,Experiment, 11,0, 10.jpg,10.jpg,60,210,2.165, 134.953,137.119,134.953,-11,0,0,2,BM10_60,2022-11-22 15:20:57.189
9046,PSYC-132589,TOTDay1,Experiment, 12,0, 11.jpg,11.jpg,180,0,1.322, 137.611,138.934,137.611,-12,0,0,1,BE11_180,2022-11-22 15:20:59.004
9046,PSYC-132589,TOTDay1,Experiment, 13,0, 6.jpg,6.jpg,90,120,2.139, 139.422,141.561,139.421,-13,0,0,1,BE6_90,2022-11-22 15:21:01.632
9046,PSYC-132589,TOTDay1,Experiment, 14,1, 11.jpg,11.jpg,60,60,2.787, 142.033,144.821,142.033,-12,0,0,2,AM11_60,2022-11-22 15:21:04.891
9046,PSYC-132589,TOTDay1,Experiment, 15,0, 3.jpg,3.jpg,240,210,4.727, 145.477,150.205,145.477,-13,0,0,3,BH3_240,2022-11-22 15:21:10.275
9046,PSYC-132589,TOTDay1,Experiment, 16,0, 3.jpg,3.jpg,90,150,2.326, 150.643,152.969,150.643,-14,0,0,1,AE3_90,2022-11-22 15:21:13.039
9046,PSYC-132589,TOTDay1,Experiment, 17,0, 6.jpg,6.jpg,30,330,1.87, 153.408,155.278,153.407,-15,0,0,2,AM6_30,2022-11-22 15:21:15.349
9046,PSYC-132589,TOTDay1,Experiment, 18,0, 1.jpg,1.jpg,150,300,2.133, 156.109,158.243,156.109,-16,0,0,3,BH1_150,2022-11-22 15:21:18.313
9047,PSYC-134128,TOTDay1,Training, 1,1, 2.jpg,2.jpg,90,90,5.234, 12.29,17.523,12.289,1,0,0,1,PE2_90,2022-11-22 15:24:44.604
9047,PSYC-134128,TOTDay1,Training, 2,1, 2.jpg,2.jpg,180,180,3.606, 18.348,21.953,18.347,2,0,0,1,PE2_180,2022-11-22 15:24:49.032
9047,PSYC-134128,TOTDay1,Training, 3,1, 2.jpg,2.jpg,60,60,2.728, 22.409,25.137,22.409,3,0,0,2,PM2_60,2022-11-22 15:24:52.217
9047,PSYC-134128,TOTDay1,Training, 4,1, 2.jpg,2.jpg,30,30,3.527, 25.736,29.263,25.735,4,0,0,2,PM2_30,2022-11-22 15:24:56.342
9047,PSYC-134128,TOTDay1,Training, 5,1, 2.jpg,2.jpg,210,210,2.743, 29.626,32.369,29.625,5,0,0,3,PH2_210,2022-11-22 15:24:59.448
9047,PSYC-134128,TOTDay1,Training, 6,0, 2.jpg,2.jpg,120,150,4.385, 32.592,36.977,32.591,4,0,0,3,PH2_120,2022-11-22 15:25:04.056
9047,PSYC-134128,TOTDay1,Training, 7,1, 2.jpg,2.jpg,0,0,2.999, 42.83,45.829,42.829,5,0,0,1,PE2_0,2022-11-22 15:25:12.908
9047,PSYC-134128,TOTDay1,Training, 8,1, 2.jpg,2.jpg,240,240,4.028, 46.186,50.214,46.186,6,0,0,3,PH2_240,2022-11-22 15:25:17.293
9047,PSYC-134128,TOTDay1,Training, 9,1, 2.jpg,2.jpg,330,330,2.529, 50.67,53.199,50.67,7,0,0,2,PM2_330,2022-11-22 15:25:20.278
9047,PSYC-134128,TOTDay1,Training, 10,0, 2.jpg,2.jpg,150,210,3.989, 53.57,57.559,53.57,6,0,0,3,PH2_150,2022-11-22 15:25:24.638
9047,PSYC-134128,TOTDay1,Training, 11,0, 2.jpg,2.jpg,300,210,2.879, 58.073,60.953,58.073,5,0,0,2,PM2_300,2022-11-22 15:25:28.032
9047,PSYC-134128,TOTDay1,Training, 12,1, 2.jpg,2.jpg,270,270,2.79, 61.379,64.169,61.379,6,0,0,1,PE2_270,2022-11-22 15:25:31.249
9047,PSYC-134128,TOTDay1,Experiment, 1,1, 9.jpg,9.jpg,30,30,4.826, 66.789,71.616,64.575,1,0,0,2,BM9_30,2022-11-22 15:25:38.695
9047,PSYC-134128,TOTDay1,Experiment, 2,0, 6.jpg,6.jpg,90,180,3.849, 72.05,75.899,72.049,0,0,0,1,BE6_90,2022-11-22 15:25:42.978
9047,PSYC-134128,TOTDay1,Experiment, 3,0, 4.jpg,4.jpg,210,180,6.531, 76.342,82.873,76.342,-1,0,0,3,BH4_210,2022-11-22 15:25:49.953
9047,PSYC-134128,TOTDay1,Experiment, 4,0, 8.jpg,8.jpg,210,150,3.32, 83.439,86.759,83.439,-2,0,0,3,AH8_210,2022-11-22 15:25:53.838
9047,PSYC-134128,TOTDay1,Experiment, 5,0, 3.jpg,3.jpg,90,270,5.887, 87.148,93.035,87.147,-3,0,0,1,AE3_90,2022-11-22 15:26:00.114
9047,PSYC-134128,TOTDay1,Experiment, 6,1, 8.jpg,8.jpg,330,330,3.269, 93.426,96.695,93.425,-2,0,0,2,BM8_330,2022-11-22 15:26:03.774
9047,PSYC-134128,TOTDay1,Experiment, 7,0, 7.jpg,7.jpg,330,300,4.443, 97.078,101.521,97.077,-3,0,0,2,AM7_330,2022-11-22 15:26:08.601
9047,PSYC-134128,TOTDay1,Experiment, 8,1, 4.jpg,4.jpg,180,180,2.961, 101.895,104.857,101.895,-2,0,0,1,AE4_180,2022-11-22 15:26:11.937
9047,PSYC-134128,TOTDay1,Experiment, 9,0, 3.jpg,3.jpg,240,120,8.976, 105.252,114.228,105.251,-3,0,0,3,BH3_240,2022-11-22 15:26:21.307
9047,PSYC-134128,TOTDay1,Experiment, 10,1, 10.jpg,10.jpg,60,60,2.929, 114.614,117.543,114.613,-2,0,0,2,BM10_60,2022-11-22 15:26:24.622
9047,PSYC-134128,TOTDay1,Experiment, 11,0, 10.jpg,10.jpg,150,210,2.228, 118.13,120.357,118.129,-3,0,0,3,AH10_150,2022-11-22 15:26:27.436
9047,PSYC-134128,TOTDay1,Experiment, 12,0, 7.jpg,7.jpg,270,180,2.725, 120.768,123.494,120.768,-4,0,0,1,BE7_270,2022-11-22 15:26:30.573
9047,PSYC-134128,TOTDay1,Experiment, 13,1, 11.jpg,11.jpg,180,180,4.374, 123.978,128.352,123.977,-3,0,0,1,BE11_180,2022-11-22 15:26:35.431
9047,PSYC-134128,TOTDay1,Experiment, 14,1, 11.jpg,11.jpg,60,60,3.241, 128.615,131.856,128.614,-2,0,0,2,AM11_60,2022-11-22 15:26:38.935
9047,PSYC-134128,TOTDay1,Experiment, 15,0, 1.jpg,1.jpg,150,180,4.473, 132.312,136.785,132.311,-3,0,0,3,BH1_150,2022-11-22 15:26:43.864
9047,PSYC-134128,TOTDay1,Experiment, 16,0, 9.jpg,9.jpg,240,210,4.467, 137.188,141.656,137.187,-4,0,0,3,AH9_240,2022-11-22 15:26:48.734
9047,PSYC-134128,TOTDay1,Experiment, 17,0, 6.jpg,6.jpg,30,180,2.859, 142.038,144.897,142.038,-5,0,0,2,AM6_30,2022-11-22 15:26:51.977
9047,PSYC-134128,TOTDay1,Experiment, 18,0, 1.jpg,1.jpg,270,180,3.415, 147.238,150.653,147.237,-6,0,0,1,AE1_270,2022-11-22 15:26:57.732
9050,PSYC-134128,TOTDay1,Training, 1,0, 2.jpg,2.jpg,90,270,10.666, 191.623,202.287,191.621,-1,0,0,1,PE2_90,2022-11-23 09:29:24.743
9050,PSYC-134128,TOTDay1,Training, 2,1, 2.jpg,2.jpg,180,180,7.738, 208.533,216.271,208.533,0,0,0,1,PE2_180,2022-11-23 09:29:38.726
9050,PSYC-134128,TOTDay1,Training, 3,0, 2.jpg,2.jpg,60,90,9.115, 218.638,227.753,218.637,-1,0,0,2,PM2_60,2022-11-23 09:29:50.207
9050,PSYC-134128,TOTDay1,Training, 4,0, 2.jpg,2.jpg,30,210,7.519, 231.439,238.958,231.439,-2,0,0,2,PM2_30,2022-11-23 09:30:01.413
9050,PSYC-134128,TOTDay1,Training, 5,0, 2.jpg,2.jpg,210,150,12.449, 244.805,257.255,244.805,-3,0,0,3,PH2_210,2022-11-23 09:30:19.709
9050,PSYC-134128,TOTDay1,Training, 6,0, 2.jpg,2.jpg,120,210,6.606, 264.731,271.337,264.731,-4,0,0,3,PH2_120,2022-11-23 09:30:33.792
9050,PSYC-134128,TOTDay1,Training, 7,1, 2.jpg,2.jpg,0,0,5.358, 277.336,282.695,277.336,-3,0,0,1,PE2_0,2022-11-23 09:30:45.150
9050,PSYC-134128,TOTDay1,Training, 8,0, 2.jpg,2.jpg,240,330,33.477, 286.475,319.953,286.475,-4,0,0,3,PH2_240,2022-11-23 09:31:22.408
9050,PSYC-134128,TOTDay1,Training, 9,0, 2.jpg,2.jpg,330,30,7.473, 323.537,331.011,323.537,-5,0,0,2,PM2_330,2022-11-23 09:31:33.465
9050,PSYC-134128,TOTDay1,Training, 10,0, 2.jpg,2.jpg,150,210,9.537, 336.755,346.293,336.755,-6,0,0,3,PH2_150,2022-11-23 09:31:48.747
9050,PSYC-134128,TOTDay1,Training, 11,0, 2.jpg,2.jpg,300,120,11.139, 349.061,360.201,349.06,-7,0,0,2,PM2_300,2022-11-23 09:32:02.656
9050,PSYC-134128,TOTDay1,Training, 12,1, 2.jpg,2.jpg,270,270,9.979, 362.999,372.979,362.999,-6,0,0,1,PE2_270,2022-11-23 09:32:15.433
9050,PSYC-134128,TOTDay1,Experiment, 1,0, 9.jpg,9.jpg,240,90,16.393, 379.246,395.639,376.981,-1,0,0,3,AH9_240,2022-11-23 09:32:38.093
9050,PSYC-134128,TOTDay1,Experiment, 2,0, 6.jpg,6.jpg,30,330,13.953, 397.386,411.339,397.385,-2,0,0,2,AM6_30,2022-11-23 09:32:53.793
9050,PSYC-134128,TOTDay1,Experiment, 3,0, 1.jpg,1.jpg,270,90,7.435, 412.483,419.919,412.483,-3,0,0,1,AE1_270,2022-11-23 09:33:02.373
9050,PSYC-134128,TOTDay1,Experiment, 4,1, 7.jpg,7.jpg,270,270,14.885, 425.45,440.335,425.449,-2,0,0,1,BE7_270,2022-11-23 09:33:22.790
9050,PSYC-134128,TOTDay1,Experiment, 5,0, 8.jpg,8.jpg,330,90,12.185, 441.709,453.894,441.709,-3,0,0,2,BM8_330,2022-11-23 09:33:36.348
9050,PSYC-134128,TOTDay1,Experiment, 6,0, 8.jpg,8.jpg,210,30,12.995, 454.657,467.652,454.657,-4,0,0,3,AH8_210,2022-11-23 09:33:50.108
9050,PSYC-134128,TOTDay1,Experiment, 7,0, 10.jpg,10.jpg,150,120,14.187, 468.348,482.535,468.347,-5,0,0,3,AH10_150,2022-11-23 09:34:04.990
9050,PSYC-134128,TOTDay1,Experiment, 8,0, 11.jpg,11.jpg,60,90,5.507, 483.229,488.737,483.229,-6,0,0,2,AM11_60,2022-11-23 09:34:11.191
9050,PSYC-134128,TOTDay1,Experiment, 9,1, 11.jpg,11.jpg,180,180,4.229, 489.691,493.921,489.691,-5,0,0,1,BE11_180,2022-11-23 09:34:16.375
9050,PSYC-134128,TOTDay1,Experiment, 10,0, 3.jpg,3.jpg,240,120,10.55, 495.417,505.967,495.417,-6,0,0,3,BH3_240,2022-11-23 09:34:28.422
9050,PSYC-134128,TOTDay1,Experiment, 11,1, 7.jpg,7.jpg,330,330,11.083, 506.581,517.665,506.58,-5,0,0,2,AM7_330,2022-11-23 09:34:40.119
9050,PSYC-134128,TOTDay1,Experiment, 12,1, 4.jpg,4.jpg,180,180,12.877, 518.331,531.209,518.331,-4,0,0,1,AE4_180,2022-11-23 09:34:53.663
9050,PSYC-134128,TOTDay1,Experiment, 13,0, 1.jpg,1.jpg,150,180,14.079, 531.809,545.889,531.809,-5,0,0,3,BH1_150,2022-11-23 09:35:08.343
9050,PSYC-134128,TOTDay1,Experiment, 14,1, 9.jpg,9.jpg,30,30,5.857, 549.692,555.549,549.691,-4,0,0,2,BM9_30,2022-11-23 09:35:18.003
9050,PSYC-134128,TOTDay1,Experiment, 15,0, 3.jpg,3.jpg,90,270,13.701, 556.169,569.871,556.169,-5,0,0,1,AE3_90,2022-11-23 09:35:32.326
9050,PSYC-134128,TOTDay1,Experiment, 16,0, 4.jpg,4.jpg,210,90,3.885, 570.609,574.495,570.609,-6,0,0,3,BH4_210,2022-11-23 09:35:36.949
9050,PSYC-134128,TOTDay1,Experiment, 17,1, 6.jpg,6.jpg,90,90,3.979, 575.121,579.101,575.121,-5,0,0,1,BE6_90,2022-11-23 09:35:41.556
9050,PSYC-134128,TOTDay1,Experiment, 18,0, 10.jpg,10.jpg,60,30,5.398, 580.05,585.449,580.05,-6,0,0,2,BM10_60,2022-11-23 09:35:47.903
9051,PSYC-134130,TOTDay1,Training, 1,1, 2.jpg,2.jpg,90,90,19.475, 26.349,45.822,26.348,1,0,0,1,PE2_90,2022-11-23 09:38:39.677
9051,PSYC-134130,TOTDay1,Training, 2,0, 2.jpg,2.jpg,180,0,2.444, 48.136,50.58,48.136,0,0,0,1,PE2_180,2022-11-23 09:38:44.433
9051,PSYC-134130,TOTDay1,Training, 3,1, 2.jpg,2.jpg,60,60,6.641, 63.866,70.508,63.866,1,0,0,2,PM2_60,2022-11-23 09:39:04.361
9051,PSYC-134130,TOTDay1,Training, 4,0, 2.jpg,2.jpg,30,300,8.047, 72.994,81.042,72.994,0,0,0,2,PM2_30,2022-11-23 09:39:14.895
9051,PSYC-134130,TOTDay1,Training, 5,0, 2.jpg,2.jpg,210,0,1.607, 83.138,84.746,83.138,-1,0,0,3,PH2_210,2022-11-23 09:39:18.600
9051,PSYC-134130,TOTDay1,Training, 6,0, 2.jpg,2.jpg,120,330,3.269, 90.833,94.102,90.832,-2,0,0,3,PH2_120,2022-11-23 09:39:27.955
9051,PSYC-134130,TOTDay1,Training, 7,1, 2.jpg,2.jpg,0,0,5.508, 102.014,107.522,102.014,-1,0,0,1,PE2_0,2022-11-23 09:39:41.376
9051,PSYC-134130,TOTDay1,Training, 8,0, 2.jpg,2.jpg,240,120,5.893, 108.183,114.076,108.182,-2,0,0,3,PH2_240,2022-11-23 09:39:47.928
9051,PSYC-134130,TOTDay1,Training, 9,1, 2.jpg,2.jpg,330,330,5.587, 118.257,123.844,118.256,-1,0,0,2,PM2_330,2022-11-23 09:39:57.697
9051,PSYC-134130,TOTDay1,Training, 10,0, 2.jpg,2.jpg,150,210,3.54, 124.773,128.314,124.772,-2,0,0,3,PH2_150,2022-11-23 09:40:02.166
9051,PSYC-134130,TOTDay1,Training, 11,0, 2.jpg,2.jpg,300,330,4.175, 129.684,133.86,129.684,-3,0,0,2,PM2_300,2022-11-23 09:40:07.713
9051,PSYC-134130,TOTDay1,Training, 12,1, 2.jpg,2.jpg,270,270,5.265, 134.731,139.996,134.73,-2,0,0,1,PE2_270,2022-11-23 09:40:13.849
9051,PSYC-134130,TOTDay1,Experiment, 1,0, 11.jpg,11.jpg,60,270,7.765, 142.277,150.042,140.746,-1,0,0,2,AM11_60,2022-11-23 09:40:23.895
9051,PSYC-134130,TOTDay1,Experiment, 2,0, 10.jpg,10.jpg,150,60,8.056, 151.48,159.536,151.48,-2,0,0,3,AH10_150,2022-11-23 09:40:33.389
9051,PSYC-134130,TOTDay1,Experiment, 3,0, 7.jpg,7.jpg,270,180,10.768, 165.942,176.71,165.942,-3,0,0,1,BE7_270,2022-11-23 09:40:50.563
9051,PSYC-134130,TOTDay1,Experiment, 4,0, 9.jpg,9.jpg,240,300,13.32, 180.184,193.504,180.184,-4,0,0,3,AH9_240,2022-11-23 09:41:07.357
9051,PSYC-134130,TOTDay1,Experiment, 5,1, 7.jpg,7.jpg,330,330,10.747, 196.133,206.88,196.132,-3,0,0,2,AM7_330,2022-11-23 09:41:20.733
9051,PSYC-134130,TOTDay1,Experiment, 6,0, 11.jpg,11.jpg,180,0,29.586, 209.534,239.12,209.534,-4,0,0,1,BE11_180,2022-11-23 09:41:52.974
9051,PSYC-134130,TOTDay1,Experiment, 7,0, 6.jpg,6.jpg,90,300,2.803, 239.825,242.628,239.824,-5,0,0,1,BE6_90,2022-11-23 09:41:56.482
9051,PSYC-134130,TOTDay1,Experiment, 8,0, 9.jpg,9.jpg,30,210,9.973, 243.273,253.246,243.272,-6,0,0,2,BM9_30,2022-11-23 09:42:07.099
9051,PSYC-134130,TOTDay1,Experiment, 9,0, 1.jpg,1.jpg,150,210,10.675, 253.931,264.606,253.93,-7,0,0,3,BH1_150,2022-11-23 09:42:18.459
9051,PSYC-134130,TOTDay1,Experiment, 10,1, 10.jpg,10.jpg,60,60,4.983, 265.16,270.144,265.16,-6,0,0,2,BM10_60,2022-11-23 09:42:23.997
9051,PSYC-134130,TOTDay1,Experiment, 11,0, 4.jpg,4.jpg,210,180,12.371, 270.789,283.161,270.788,-7,0,0,3,BH4_210,2022-11-23 09:42:37.014
9051,PSYC-134130,TOTDay1,Experiment, 12,0, 3.jpg,3.jpg,90,300,7.791, 283.648,291.44,283.648,-8,0,0,1,AE3_90,2022-11-23 09:42:45.293
9051,PSYC-134130,TOTDay1,Experiment, 13,0, 1.jpg,1.jpg,270,60,3.565, 292.517,296.082,292.516,-9,0,0,1,AE1_270,2022-11-23 09:42:49.936
9051,PSYC-134130,TOTDay1,Experiment, 14,0, 8.jpg,8.jpg,210,30,4.871, 296.453,301.325,296.452,-10,0,0,3,AH8_210,2022-11-23 09:42:55.177
9051,PSYC-134130,TOTDay1,Experiment, 15,0, 8.jpg,8.jpg,330,240,4.29, 301.858,306.149,301.858,-11,0,0,2,BM8_330,2022-11-23 09:43:00.001
9051,PSYC-134130,TOTDay1,Experiment, 16,0, 3.jpg,3.jpg,240,330,10.633, 306.74,317.374,306.74,-12,0,0,3,BH3_240,2022-11-23 09:43:11.227
9051,PSYC-134130,TOTDay1,Experiment, 17,0, 4.jpg,4.jpg,180,210,6.829, 318.155,324.984,318.155,-13,0,0,1,AE4_180,2022-11-23 09:43:18.838
9051,PSYC-134130,TOTDay1,Experiment, 18,0, 6.jpg,6.jpg,30,150,9.919, 328.433,338.352,328.432,-14,0,0,2,AM6_30,2022-11-23 09:43:32.205
9049,PSYC-132589,TOTDay1,Training, 1,0, 2.jpg,2.jpg,90,120,14.17, 15.263,29.426,15.262,-1,0,0,1,PE2_90,2022-11-23 10:02:44.737
9049,PSYC-132589,TOTDay1,Training, 2,1, 2.jpg,2.jpg,180,180,5.591, 38.16,43.751,38.16,0,0,0,1,PE2_180,2022-11-23 10:02:59.055
9049,PSYC-132589,TOTDay1,Training, 3,1, 2.jpg,2.jpg,60,60,9.112, 48.086,57.197,48.085,1,0,0,2,PM2_60,2022-11-23 10:03:12.502
9049,PSYC-132589,TOTDay1,Training, 4,1, 2.jpg,2.jpg,30,30,5.855, 58.634,64.49,58.634,2,0,0,2,PM2_30,2022-11-23 10:03:19.793
9049,PSYC-132589,TOTDay1,Training, 5,0, 2.jpg,2.jpg,210,240,30.517, 65.521,96.038,65.52,1,0,0,3,PH2_210,2022-11-23 10:03:51.341
9049,PSYC-132589,TOTDay1,Training, 6,0, 2.jpg,2.jpg,120,150,13.561, 109.074,122.635,109.073,0,0,0,3,PH2_120,2022-11-23 10:04:17.938
9049,PSYC-132589,TOTDay1,Training, 7,1, 2.jpg,2.jpg,0,0,5.978, 130.747,136.725,130.747,1,0,0,1,PE2_0,2022-11-23 10:04:32.028
9049,PSYC-132589,TOTDay1,Training, 8,0, 2.jpg,2.jpg,240,300,14.484, 140.518,155.002,140.517,0,0,0,3,PH2_240,2022-11-23 10:04:50.304
9049,PSYC-132589,TOTDay1,Training, 9,1, 2.jpg,2.jpg,330,330,10.364, 159.156,169.519,159.155,1,0,0,2,PM2_330,2022-11-23 10:05:04.822
9049,PSYC-132589,TOTDay1,Training, 10,1, 2.jpg,2.jpg,150,150,18.514, 171.467,189.981,171.467,2,0,0,3,PH2_150,2022-11-23 10:05:25.284
9049,PSYC-132589,TOTDay1,Training, 11,0, 2.jpg,2.jpg,300,330,21.434, 193.359,214.793,193.359,1,0,0,2,PM2_300,2022-11-23 10:05:50.095
9049,PSYC-132589,TOTDay1,Training, 12,1, 2.jpg,2.jpg,270,270,8.232, 216.425,224.657,216.425,2,0,0,1,PE2_270,2022-11-23 10:05:59.959
9049,PSYC-132589,TOTDay1,Experiment, 1,0, 6.jpg,6.jpg,90,240,27.271, 230.927,258.199,229.317,-1,0,0,1,BE6_90,2022-11-23 10:06:33.501
9049,PSYC-132589,TOTDay1,Experiment, 2,1, 8.jpg,8.jpg,330,330,28.775, 262.361,291.137,262.36,0,0,0,2,BM8_330,2022-11-23 10:07:06.438
9049,PSYC-132589,TOTDay1,Experiment, 3,1, 3.jpg,3.jpg,240,240,20.563, 292.328,312.891,292.327,1,0,0,3,BH3_240,2022-11-23 10:07:28.193
9049,PSYC-132589,TOTDay1,Experiment, 4,1, 1.jpg,1.jpg,270,270,5.278, 315.766,321.044,315.765,2,0,0,1,AE1_270,2022-11-23 10:07:36.345
9049,PSYC-132589,TOTDay1,Experiment, 5,0, 9.jpg,9.jpg,240,150,12.237, 322.133,334.371,322.133,1,0,0,3,AH9_240,2022-11-23 10:07:49.672
9049,PSYC-132589,TOTDay1,Experiment, 6,0, 6.jpg,6.jpg,30,-1,36.072, 337.669,373.741,337.668,0,0,0,2,AM6_30,2022-11-23 10:08:29.042
9049,PSYC-132589,TOTDay1,Experiment, 7,1, 4.jpg,4.jpg,210,210,11.366, 376.268,387.634,376.267,1,0,0,3,BH4_210,2022-11-23 10:08:42.935
9049,PSYC-132589,TOTDay1,Experiment, 8,1, 10.jpg,10.jpg,60,60,9.751, 388.182,397.932,388.181,2,0,0,2,BM10_60,2022-11-23 10:08:53.233
9049,PSYC-132589,TOTDay1,Experiment, 9,1, 11.jpg,11.jpg,180,180,6.56, 399,405.56,398.999,3,0,0,1,BE11_180,2022-11-23 10:09:00.861
9049,PSYC-132589,TOTDay1,Experiment, 10,0, 7.jpg,7.jpg,330,300,6.228, 406.338,412.567,406.338,2,0,0,2,AM7_330,2022-11-23 10:09:07.867
9049,PSYC-132589,TOTDay1,Experiment, 11,1, 10.jpg,10.jpg,150,150,12.028, 413.226,425.254,413.226,3,0,0,3,AH10_150,2022-11-23 10:09:20.555
9049,PSYC-132589,TOTDay1,Experiment, 12,1, 3.jpg,3.jpg,90,90,28.801, 426.181,454.982,426.18,4,0,0,1,AE3_90,2022-11-23 10:09:50.283
9049,PSYC-132589,TOTDay1,Experiment, 13,0, 11.jpg,11.jpg,60,30,10.47, 457.73,468.201,457.73,3,0,0,2,AM11_60,2022-11-23 10:10:03.501
9049,PSYC-132589,TOTDay1,Experiment, 14,0, 1.jpg,1.jpg,150,240,34.176, 477.314,511.49,477.314,2,0,0,3,BH1_150,2022-11-23 10:10:46.791
9049,PSYC-132589,TOTDay1,Experiment, 15,1, 4.jpg,4.jpg,180,180,16.212, 512.444,528.656,512.444,3,0,0,1,AE4_180,2022-11-23 10:11:03.956
9049,PSYC-132589,TOTDay1,Experiment, 16,0, 7.jpg,7.jpg,270,-1,36.037, 531.166,567.203,531.166,2,0,0,1,BE7_270,2022-11-23 10:11:42.504
9049,PSYC-132589,TOTDay1,Experiment, 17,0, 9.jpg,9.jpg,30,60,10.189, 567.601,577.79,567.6,1,0,0,2,BM9_30,2022-11-23 10:11:53.089
9049,PSYC-132589,TOTDay1,Experiment, 18,0, 8.jpg,8.jpg,210,330,18.696, 583.377,602.074,583.376,0,0,0,3,AH8_210,2022-11-23 10:12:17.373
9053,PSYC-134128,TOTDay1,Training, 1,0, 2.jpg,2.jpg,90,300,8.52, 94.982,103.5,94.981,-1,0,0,1,PE2_90,2022-11-23 12:13:52.844
9053,PSYC-134128,TOTDay1,Training, 2,1, 2.jpg,2.jpg,180,180,4.244, 108.352,112.596,108.351,0,0,0,1,PE2_180,2022-11-23 12:14:01.938
9053,PSYC-134128,TOTDay1,Training, 3,0, 2.jpg,2.jpg,60,270,5.677, 113.841,119.518,113.84,-1,0,0,2,PM2_60,2022-11-23 12:14:08.860
9053,PSYC-134128,TOTDay1,Training, 4,0, 2.jpg,2.jpg,30,330,5.641, 122.808,128.45,122.808,-2,0,0,2,PM2_30,2022-11-23 12:14:17.791
9053,PSYC-134128,TOTDay1,Training, 5,1, 2.jpg,2.jpg,210,210,7.137, 130.546,137.684,130.546,-1,0,0,3,PH2_210,2022-11-23 12:14:27.026
9053,PSYC-134128,TOTDay1,Training, 6,0, 2.jpg,2.jpg,120,150,9.911, 138.483,148.394,138.482,-2,0,0,3,PH2_120,2022-11-23 12:14:37.736
9053,PSYC-134128,TOTDay1,Training, 7,1, 2.jpg,2.jpg,0,0,5.761, 154.843,160.604,154.842,-1,0,0,1,PE2_0,2022-11-23 12:14:49.946
9053,PSYC-134128,TOTDay1,Training, 8,0, 2.jpg,2.jpg,240,150,9.702, 161.118,170.82,161.118,-2,0,0,3,PH2_240,2022-11-23 12:15:00.162
9053,PSYC-134128,TOTDay1,Training, 9,0, 2.jpg,2.jpg,330,240,5.261, 171.574,176.836,171.574,-3,0,0,2,PM2_330,2022-11-23 12:15:06.177
9053,PSYC-134128,TOTDay1,Training, 10,0, 2.jpg,2.jpg,150,120,8.275, 178.02,186.296,178.02,-4,0,0,3,PH2_150,2022-11-23 12:15:15.637
9053,PSYC-134128,TOTDay1,Training, 11,0, 2.jpg,2.jpg,300,210,7.003, 187.128,194.132,187.128,-5,0,0,2,PM2_300,2022-11-23 12:15:23.474
9053,PSYC-134128,TOTDay1,Training, 12,0, 2.jpg,2.jpg,270,90,5.433, 194.913,200.346,194.913,-6,0,0,1,PE2_270,2022-11-23 12:15:29.687
9053,PSYC-134128,TOTDay1,Experiment, 1,1, 7.jpg,7.jpg,330,330,9.75, 204.306,214.056,201.008,1,0,0,2,AM7_330,2022-11-23 12:15:43.398
9053,PSYC-134128,TOTDay1,Experiment, 2,1, 4.jpg,4.jpg,180,180,14.409, 214.724,229.134,214.724,2,0,0,1,AE4_180,2022-11-23 12:15:58.476
9053,PSYC-134128,TOTDay1,Experiment, 3,0, 3.jpg,3.jpg,240,210,28.181, 229.672,257.854,229.672,1,0,0,3,BH3_240,2022-11-23 12:16:27.195
9053,PSYC-134128,TOTDay1,Experiment, 4,0, 1.jpg,1.jpg,150,180,9.355, 258.913,268.268,258.912,0,0,0,3,BH1_150,2022-11-23 12:16:37.609
9053,PSYC-134128,TOTDay1,Experiment, 5,0, 8.jpg,8.jpg,330,30,17.749, 268.842,286.592,268.842,-1,0,0,2,BM8_330,2022-11-23 12:16:55.934
9053,PSYC-134128,TOTDay1,Experiment, 6,0, 3.jpg,3.jpg,90,270,11.715, 287.187,298.902,287.187,-2,0,0,1,AE3_90,2022-11-23 12:17:08.244
9053,PSYC-134128,TOTDay1,Experiment, 7,0, 9.jpg,9.jpg,240,120,11.717, 299.386,311.104,299.386,-3,0,0,3,AH9_240,2022-11-23 12:17:20.446
9053,PSYC-134128,TOTDay1,Experiment, 8,0, 6.jpg,6.jpg,30,150,6.893, 311.768,318.662,311.768,-4,0,0,2,AM6_30,2022-11-23 12:17:28.004
9053,PSYC-134128,TOTDay1,Experiment, 9,1, 11.jpg,11.jpg,180,180,5.823, 319.154,324.978,319.154,-3,0,0,1,BE11_180,2022-11-23 12:17:34.320
9053,PSYC-134128,TOTDay1,Experiment, 10,0, 4.jpg,4.jpg,210,180,4.488, 325.506,329.994,325.506,-4,0,0,3,BH4_210,2022-11-23 12:17:39.336
9053,PSYC-134128,TOTDay1,Experiment, 11,0, 7.jpg,7.jpg,270,90,6.027, 330.594,336.622,330.594,-5,0,0,1,BE7_270,2022-11-23 12:17:45.964
9053,PSYC-134128,TOTDay1,Experiment, 12,1, 11.jpg,11.jpg,60,60,7.669, 337.363,345.032,337.362,-4,0,0,2,AM11_60,2022-11-23 12:17:54.374
9053,PSYC-134128,TOTDay1,Experiment, 13,1, 8.jpg,8.jpg,210,210,7.207, 345.638,352.846,345.638,-3,0,0,3,AH8_210,2022-11-23 12:18:02.187
9053,PSYC-134128,TOTDay1,Experiment, 14,0, 6.jpg,6.jpg,90,270,10.845, 353.4,364.246,353.4,-4,0,0,1,BE6_90,2022-11-23 12:18:13.588
9053,PSYC-134128,TOTDay1,Experiment, 15,0, 10.jpg,10.jpg,60,300,8.856, 364.832,373.689,364.832,-5,0,0,2,BM10_60,2022-11-23 12:18:23.031
9053,PSYC-134128,TOTDay1,Experiment, 16,1, 1.jpg,1.jpg,270,270,6.873, 374.23,381.104,374.23,-4,0,0,1,AE1_270,2022-11-23 12:18:30.445
9053,PSYC-134128,TOTDay1,Experiment, 17,0, 10.jpg,10.jpg,150,210,9.495, 381.725,391.22,381.724,-5,0,0,3,AH10_150,2022-11-23 12:18:40.562
9053,PSYC-134128,TOTDay1,Experiment, 18,0, 9.jpg,9.jpg,30,210,15.941, 391.803,407.744,391.802,-6,0,0,2,BM9_30,2022-11-23 12:18:57.086
9052,PSYC-132589,TOTDay1,Training, 1,0, 2.jpg,2.jpg,90,60,2.646, 26.945,29.589,26.943,-1,0,0,1,PE2_90,2022-11-23 12:37:07.821
9052,PSYC-132589,TOTDay1,Training, 2,0, 2.jpg,2.jpg,180,0,2.237, 35.58,37.818,35.579,-2,0,0,1,PE2_180,2022-11-23 12:37:16.048
9052,PSYC-132589,TOTDay1,Training, 3,0, 2.jpg,2.jpg,60,30,3.016, 49.324,52.34,49.323,-3,0,0,2,PM2_60,2022-11-23 12:37:30.569
9052,PSYC-132589,TOTDay1,Training, 4,0, 2.jpg,2.jpg,30,240,2.295, 57.414,59.709,57.413,-4,0,0,2,PM2_30,2022-11-23 12:37:37.940
9052,PSYC-132589,TOTDay1,Training, 5,0, 2.jpg,2.jpg,210,0,4.077, 63.504,67.581,63.503,-5,0,0,3,PH2_210,2022-11-23 12:37:45.811
9052,PSYC-132589,TOTDay1,Training, 6,0, 2.jpg,2.jpg,120,180,11.171, 75.768,86.939,75.767,-6,0,0,3,PH2_120,2022-11-23 12:38:05.169
9052,PSYC-132589,TOTDay1,Training, 7,0, 2.jpg,2.jpg,0,60,2.349, 91.878,94.227,91.877,-7,0,0,1,PE2_0,2022-11-23 12:38:12.457
9052,PSYC-132589,TOTDay1,Training, 8,0, 2.jpg,2.jpg,240,150,2.357, 96.817,99.175,96.817,-8,0,0,3,PH2_240,2022-11-23 12:38:17.405
9052,PSYC-132589,TOTDay1,Training, 9,0, 2.jpg,2.jpg,330,210,3.172, 103.177,106.349,103.177,-9,0,0,2,PM2_330,2022-11-23 12:38:24.579
9052,PSYC-132589,TOTDay1,Training, 10,0, 2.jpg,2.jpg,150,0,1.623, 108.642,110.265,108.641,-10,0,0,3,PH2_150,2022-11-23 12:38:28.494
9052,PSYC-132589,TOTDay1,Training, 11,0, 2.jpg,2.jpg,300,90,2.819, 113.023,115.843,113.023,-11,0,0,2,PM2_300,2022-11-23 12:38:34.072
9052,PSYC-132589,TOTDay1,Training, 12,0, 2.jpg,2.jpg,270,0,2.251, 118.089,120.341,118.089,-12,0,0,1,PE2_270,2022-11-23 12:38:38.570
9052,PSYC-132589,TOTDay1,Experiment, 1,0, 4.jpg,4.jpg,180,30,1.868, 125.932,127.801,123.197,-1,0,0,1,AE4_180,2022-11-23 12:38:46.031
9052,PSYC-132589,TOTDay1,Experiment, 2,0, 11.jpg,11.jpg,60,270,4.17, 131.807,135.977,131.807,-2,0,0,2,AM11_60,2022-11-23 12:38:54.206
9052,PSYC-132589,TOTDay1,Experiment, 3,1, 1.jpg,1.jpg,150,150,2.413, 140.805,143.219,140.805,-1,0,0,3,BH1_150,2022-11-23 12:39:01.448
9052,PSYC-132589,TOTDay1,Experiment, 4,0, 3.jpg,3.jpg,240,180,1.67, 145.265,146.935,145.265,-2,0,0,3,BH3_240,2022-11-23 12:39:05.165
9052,PSYC-132589,TOTDay1,Experiment, 5,0, 6.jpg,6.jpg,90,270,10.289, 150.66,160.949,150.66,-3,0,0,1,BE6_90,2022-11-23 12:39:19.178
9052,PSYC-132589,TOTDay1,Experiment, 6,0, 8.jpg,8.jpg,330,90,2.422, 161.986,164.408,161.985,-4,0,0,2,BM8_330,2022-11-23 12:39:22.636
9052,PSYC-132589,TOTDay1,Experiment, 7,1, 8.jpg,8.jpg,210,210,2.074, 165.795,167.869,165.795,-3,0,0,3,AH8_210,2022-11-23 12:39:26.098
9052,PSYC-132589,TOTDay1,Experiment, 8,0, 7.jpg,7.jpg,330,120,2.281, 172.454,174.735,172.454,-4,0,0,2,AM7_330,2022-11-23 12:39:32.964
9052,PSYC-132589,TOTDay1,Experiment, 9,0, 7.jpg,7.jpg,270,0,1.457, 178.005,179.463,178.005,-5,0,0,1,BE7_270,2022-11-23 12:39:37.692
9052,PSYC-132589,TOTDay1,Experiment, 10,0, 11.jpg,11.jpg,180,60,2.041, 182.382,184.423,182.381,-6,0,0,1,BE11_180,2022-11-23 12:39:42.652
9052,PSYC-132589,TOTDay1,Experiment, 11,0, 10.jpg,10.jpg,150,270,2.16, 186.559,188.72,186.559,-7,0,0,3,AH10_150,2022-11-23 12:39:46.948
9052,PSYC-132589,TOTDay1,Experiment, 12,0, 9.jpg,9.jpg,30,210,1.71, 190.529,192.239,190.529,-8,0,0,2,BM9_30,2022-11-23 12:39:50.468
9052,PSYC-132589,TOTDay1,Experiment, 13,1, 3.jpg,3.jpg,90,90,1.556, 194.035,195.591,194.035,-7,0,0,1,AE3_90,2022-11-23 12:39:53.820
9052,PSYC-132589,TOTDay1,Experiment, 14,0, 6.jpg,6.jpg,30,240,1.858, 198.509,200.367,198.509,-8,0,0,2,AM6_30,2022-11-23 12:39:58.596
9052,PSYC-132589,TOTDay1,Experiment, 15,0, 4.jpg,4.jpg,210,120,2.647, 204.913,207.561,204.913,-9,0,0,3,BH4_210,2022-11-23 12:40:05.789
9052,PSYC-132589,TOTDay1,Experiment, 16,0, 1.jpg,1.jpg,270,0,16.813, 212.277,229.091,212.277,-10,0,0,1,AE1_270,2022-11-23 12:40:27.319
9052,PSYC-132589,TOTDay1,Experiment, 17,0, 9.jpg,9.jpg,240,90,2.648, 230.089,232.737,230.089,-11,0,0,3,AH9_240,2022-11-23 12:40:30.966
9052,PSYC-132589,TOTDay1,Experiment, 18,0, 10.jpg,10.jpg,60,270,2.116, 234.673,236.789,234.673,-12,0,0,2,BM10_60,2022-11-23 12:40:35.018
9054,PSYC-134130,TOTDay1,Training, 1,1, 2.jpg,2.jpg,90,90,26.692, 38.744,65.435,38.743,1,0,0,1,PE2_90,2022-11-23 12:38:39.624
9054,PSYC-134130,TOTDay1,Training, 2,1, 2.jpg,2.jpg,180,180,7.554, 68.121,75.675,68.121,2,0,0,1,PE2_180,2022-11-23 12:38:49.863
9054,PSYC-134130,TOTDay1,Training, 3,0, 2.jpg,2.jpg,60,120,6.203, 76.97,83.172,76.969,1,0,0,2,PM2_60,2022-11-23 12:38:57.360
9054,PSYC-134130,TOTDay1,Training, 4,1, 2.jpg,2.jpg,30,30,10.707, 86.769,97.476,86.768,2,0,0,2,PM2_30,2022-11-23 12:39:11.664
9054,PSYC-134130,TOTDay1,Training, 5,0, 2.jpg,2.jpg,210,240,16.169, 98.753,114.923,98.753,1,0,0,3,PH2_210,2022-11-23 12:39:29.111
9054,PSYC-134130,TOTDay1,Training, 6,0, 2.jpg,2.jpg,120,150,19.793, 120.898,140.69,120.897,0,0,0,3,PH2_120,2022-11-23 12:39:54.879
9054,PSYC-134130,TOTDay1,Training, 7,1, 2.jpg,2.jpg,0,0,10.202, 146.837,157.039,146.836,1,0,0,1,PE2_0,2022-11-23 12:40:11.228
9054,PSYC-134130,TOTDay1,Training, 8,1, 2.jpg,2.jpg,240,240,11.759, 158.529,170.288,158.529,2,0,0,3,PH2_240,2022-11-23 12:40:24.477
9054,PSYC-134130,TOTDay1,Training, 9,0, 2.jpg,2.jpg,330,30,21.839, 171.069,192.909,171.069,1,0,0,2,PM2_330,2022-11-23 12:40:47.097
9054,PSYC-134130,TOTDay1,Training, 10,1, 2.jpg,2.jpg,150,150,12.093, 194.547,206.641,194.547,2,0,0,3,PH2_150,2022-11-23 12:41:00.830
9054,PSYC-134130,TOTDay1,Training, 11,0, 2.jpg,2.jpg,300,330,12.006, 207.371,219.377,207.371,1,0,0,2,PM2_300,2022-11-23 12:41:13.566
9054,PSYC-134130,TOTDay1,Training, 12,1, 2.jpg,2.jpg,270,270,10.952, 220.507,231.459,220.507,2,0,0,1,PE2_270,2022-11-23 12:41:25.648
9054,PSYC-134130,TOTDay1,Experiment, 1,1, 8.jpg,8.jpg,210,210,31.212, 234.232,265.445,232.309,1,0,0,3,AH8_210,2022-11-23 12:41:59.634
9054,PSYC-134130,TOTDay1,Experiment, 2,1, 3.jpg,3.jpg,90,90,10.775, 266.721,277.497,266.721,2,0,0,1,AE3_90,2022-11-23 12:42:11.687
9054,PSYC-134130,TOTDay1,Experiment, 3,0, 11.jpg,11.jpg,60,90,19.348, 278.275,297.623,278.275,1,0,0,2,AM11_60,2022-11-23 12:42:31.813
9054,PSYC-134130,TOTDay1,Experiment, 4,1, 6.jpg,6.jpg,30,30,8.303, 299.105,307.409,299.105,2,0,0,2,AM6_30,2022-11-23 12:42:41.598
9054,PSYC-134130,TOTDay1,Experiment, 5,1, 1.jpg,1.jpg,270,270,12.13, 308.291,320.421,308.291,3,0,0,1,AE1_270,2022-11-23 12:42:54.611
9054,PSYC-134130,TOTDay1,Experiment, 6,1, 10.jpg,10.jpg,150,150,21.064, 321.169,342.233,321.169,4,0,0,3,AH10_150,2022-11-23 12:43:16.423
9054,PSYC-134130,TOTDay1,Experiment, 7,1, 6.jpg,6.jpg,90,90,9.62, 343.098,352.718,343.097,5,0,0,1,BE6_90,2022-11-23 12:43:26.908
9054,PSYC-134130,TOTDay1,Experiment, 8,1, 10.jpg,10.jpg,60,60,11.607, 353.3,364.907,353.299,6,0,0,2,BM10_60,2022-11-23 12:43:39.097
9054,PSYC-134130,TOTDay1,Experiment, 9,1, 4.jpg,4.jpg,210,210,12.094, 365.539,377.633,365.539,7,0,0,3,BH4_210,2022-11-23 12:43:51.824
9054,PSYC-134130,TOTDay1,Experiment, 10,1, 7.jpg,7.jpg,330,330,19.406, 378.401,397.807,378.401,8,0,0,2,AM7_330,2022-11-23 12:44:11.998
9054,PSYC-134130,TOTDay1,Experiment, 11,0, 4.jpg,4.jpg,180,240,20.88, 398.543,419.423,398.543,7,0,0,1,AE4_180,2022-11-23 12:44:33.614
9054,PSYC-134130,TOTDay1,Experiment, 12,1, 9.jpg,9.jpg,240,240,7.644, 420.359,428.003,420.359,8,0,0,3,AH9_240,2022-11-23 12:44:42.194
9054,PSYC-134130,TOTDay1,Experiment, 13,0, 3.jpg,3.jpg,240,270,24.589, 428.58,453.169,428.579,7,0,0,3,BH3_240,2022-11-23 12:45:07.361
9054,PSYC-134130,TOTDay1,Experiment, 14,1, 7.jpg,7.jpg,270,270,9.644, 454.525,464.169,454.525,8,0,0,1,BE7_270,2022-11-23 12:45:18.361
9054,PSYC-134130,TOTDay1,Experiment, 15,1, 9.jpg,9.jpg,30,30,22.25, 465.489,487.74,465.489,9,0,0,2,BM9_30,2022-11-23 12:45:41.931
9054,PSYC-134130,TOTDay1,Experiment, 16,1, 11.jpg,11.jpg,180,180,7.528, 488.483,496.012,488.483,10,0,0,1,BE11_180,2022-11-23 12:45:50.203
9054,PSYC-134130,TOTDay1,Experiment, 17,1, 1.jpg,1.jpg,150,150,21.341, 496.532,517.873,496.531,11,0,0,3,BH1_150,2022-11-23 12:46:12.065
9054,PSYC-134130,TOTDay1,Experiment, 18,1, 8.jpg,8.jpg,330,330,25.077, 518.512,543.589,518.511,12,0,0,2,BM8_330,2022-11-23 12:46:37.780
9055,PSYC-132589,TOTDay1,Training, 1,1, 2.jpg,2.jpg,90,90,6.02, 51.73,57.747,51.727,1,0,0,1,PE2_90,2022-11-23 15:13:39.547
9055,PSYC-132589,TOTDay1,Training, 2,1, 2.jpg,2.jpg,180,180,3.941, 58.293,62.234,58.292,2,0,0,1,PE2_180,2022-11-23 15:13:44.030
9055,PSYC-132589,TOTDay1,Training, 3,1, 2.jpg,2.jpg,60,60,6.724, 62.83,69.554,62.829,3,0,0,2,PM2_60,2022-11-23 15:13:51.350
9055,PSYC-132589,TOTDay1,Training, 4,1, 2.jpg,2.jpg,30,30,5.966, 69.998,75.964,69.997,4,0,0,2,PM2_30,2022-11-23 15:13:57.760
9055,PSYC-132589,TOTDay1,Training, 5,1, 2.jpg,2.jpg,210,210,4.144, 76.368,80.512,76.367,5,0,0,3,PH2_210,2022-11-23 15:14:02.308
9055,PSYC-132589,TOTDay1,Training, 6,0, 2.jpg,2.jpg,120,150,5.916, 80.882,86.798,80.882,4,0,0,3,PH2_120,2022-11-23 15:14:08.594
9055,PSYC-132589,TOTDay1,Training, 7,1, 2.jpg,2.jpg,0,0,4.44, 91.792,96.232,91.792,5,0,0,1,PE2_0,2022-11-23 15:14:18.029
9055,PSYC-132589,TOTDay1,Training, 8,1, 2.jpg,2.jpg,240,240,4.353, 97.789,102.142,97.788,6,0,0,3,PH2_240,2022-11-23 15:14:23.938
9055,PSYC-132589,TOTDay1,Training, 9,1, 2.jpg,2.jpg,330,330,2.907, 102.589,105.496,102.588,7,0,0,2,PM2_330,2022-11-23 15:14:27.291
9055,PSYC-132589,TOTDay1,Training, 10,1, 2.jpg,2.jpg,150,150,3.279, 105.831,109.111,105.83,8,0,0,3,PH2_150,2022-11-23 15:14:30.907
9055,PSYC-132589,TOTDay1,Training, 11,1, 2.jpg,2.jpg,300,300,2.869, 109.505,112.374,109.504,9,0,0,2,PM2_300,2022-11-23 15:14:34.170
9055,PSYC-132589,TOTDay1,Training, 12,1, 2.jpg,2.jpg,270,270,3.293, 112.723,116.016,112.722,10,0,0,1,PE2_270,2022-11-23 15:14:37.811
9055,PSYC-132589,TOTDay1,Experiment, 1,1, 11.jpg,11.jpg,60,60,7.214, 119.458,126.671,116.328,1,0,0,2,AM11_60,2022-11-23 15:14:48.468
9055,PSYC-132589,TOTDay1,Experiment, 2,1, 10.jpg,10.jpg,150,150,3.966, 127.086,131.053,127.086,2,0,0,3,AH10_150,2022-11-23 15:14:52.849
9055,PSYC-132589,TOTDay1,Experiment, 3,1, 11.jpg,11.jpg,180,180,3.749, 131.424,135.174,131.424,3,0,0,1,BE11_180,2022-11-23 15:14:56.970
9055,PSYC-132589,TOTDay1,Experiment, 4,1, 7.jpg,7.jpg,270,270,3.855, 135.525,139.38,135.524,4,0,0,1,BE7_270,2022-11-23 15:15:01.176
9055,PSYC-132589,TOTDay1,Experiment, 5,0, 8.jpg,8.jpg,210,240,9.964, 139.738,149.702,139.737,3,0,0,3,AH8_210,2022-11-23 15:15:11.498
9055,PSYC-132589,TOTDay1,Experiment, 6,0, 6.jpg,6.jpg,30,60,4.249, 151.383,155.632,151.382,2,0,0,2,AM6_30,2022-11-23 15:15:17.428
9055,PSYC-132589,TOTDay1,Experiment, 7,1, 3.jpg,3.jpg,90,90,5.929, 155.871,161.801,155.871,3,0,0,1,AE3_90,2022-11-23 15:15:23.596
9055,PSYC-132589,TOTDay1,Experiment, 8,1, 1.jpg,1.jpg,150,150,7.014, 162.209,169.224,162.209,4,0,0,3,BH1_150,2022-11-23 15:15:31.019
9055,PSYC-132589,TOTDay1,Experiment, 9,1, 9.jpg,9.jpg,30,30,6.323, 169.661,175.984,169.66,5,0,0,2,BM9_30,2022-11-23 15:15:37.780
9055,PSYC-132589,TOTDay1,Experiment, 10,1, 3.jpg,3.jpg,240,240,5.915, 176.329,182.244,176.328,6,0,0,3,BH3_240,2022-11-23 15:15:44.039
9055,PSYC-132589,TOTDay1,Experiment, 11,1, 8.jpg,8.jpg,330,330,3.115, 182.58,185.696,182.58,7,0,0,2,BM8_330,2022-11-23 15:15:47.492
9055,PSYC-132589,TOTDay1,Experiment, 12,1, 6.jpg,6.jpg,90,90,6.203, 185.988,192.192,185.988,8,0,0,1,BE6_90,2022-11-23 15:15:53.987
9055,PSYC-132589,TOTDay1,Experiment, 13,1, 9.jpg,9.jpg,240,240,4.835, 192.573,197.408,192.572,9,0,0,3,AH9_240,2022-11-23 15:15:59.203
9055,PSYC-132589,TOTDay1,Experiment, 14,0, 1.jpg,1.jpg,270,300,4.031, 197.721,201.752,197.72,8,0,0,1,AE1_270,2022-11-23 15:16:03.547
9055,PSYC-132589,TOTDay1,Experiment, 15,1, 10.jpg,10.jpg,60,60,4.523, 202.065,206.588,202.064,9,0,0,2,BM10_60,2022-11-23 15:16:08.383
9055,PSYC-132589,TOTDay1,Experiment, 16,0, 4.jpg,4.jpg,210,240,6.006, 206.894,212.9,206.893,8,0,0,3,BH4_210,2022-11-23 15:16:14.696
9055,PSYC-132589,TOTDay1,Experiment, 17,1, 7.jpg,7.jpg,330,330,4.923, 213.284,218.208,213.284,9,0,0,2,AM7_330,2022-11-23 15:16:20.003
9055,PSYC-132589,TOTDay1,Experiment, 18,1, 4.jpg,4.jpg,180,180,3.938, 218.542,222.48,218.541,10,0,0,1,AE4_180,2022-11-23 15:16:24.275
9057,PSYC-134128,TOTDay1,Training, 1,0, 2.jpg,2.jpg,90,270,8.999, 29.243,38.24,29.241,-1,0,0,1,PE2_90,2022-11-23 15:20:59.420
9057,PSYC-134128,TOTDay1,Training, 2,1, 2.jpg,2.jpg,180,180,3.298, 43.37,46.668,43.369,0,0,0,1,PE2_180,2022-11-23 15:21:07.847
9057,PSYC-134128,TOTDay1,Training, 3,0, 2.jpg,2.jpg,60,150,5.683, 48.836,54.519,48.836,-1,0,0,2,PM2_60,2022-11-23 15:21:15.699
9057,PSYC-134128,TOTDay1,Training, 4,0, 2.jpg,2.jpg,30,300,6.684, 58.112,64.795,58.111,-2,0,0,2,PM2_30,2022-11-23 15:21:25.975
9057,PSYC-134128,TOTDay1,Training, 5,0, 2.jpg,2.jpg,210,330,5.547, 66.642,72.189,66.641,-3,0,0,3,PH2_210,2022-11-23 15:21:33.368
9057,PSYC-134128,TOTDay1,Training, 6,1, 2.jpg,2.jpg,120,120,5.282, 81.038,86.32,81.038,-2,0,0,3,PH2_120,2022-11-23 15:21:47.499
9057,PSYC-134128,TOTDay1,Training, 7,1, 2.jpg,2.jpg,0,0,3.375, 88.148,91.523,88.148,-1,0,0,1,PE2_0,2022-11-23 15:21:52.703
9057,PSYC-134128,TOTDay1,Training, 8,1, 2.jpg,2.jpg,240,240,4.23, 93.32,97.549,93.319,0,0,0,3,PH2_240,2022-11-23 15:21:58.730
9057,PSYC-134128,TOTDay1,Training, 9,0, 2.jpg,2.jpg,330,210,4.793, 103.484,108.278,103.484,-1,0,0,2,PM2_330,2022-11-23 15:22:09.457
9057,PSYC-134128,TOTDay1,Training, 10,0, 2.jpg,2.jpg,150,210,5.638, 109.298,114.936,109.297,-2,0,0,3,PH2_150,2022-11-23 15:22:16.115
9057,PSYC-134128,TOTDay1,Training, 11,0, 2.jpg,2.jpg,300,330,6.974, 116.77,123.744,116.769,-3,0,0,2,PM2_300,2022-11-23 15:22:24.924
9057,PSYC-134128,TOTDay1,Training, 12,1, 2.jpg,2.jpg,270,270,3.977, 124.558,128.535,124.558,-2,0,0,1,PE2_270,2022-11-23 15:22:29.716
9057,PSYC-134128,TOTDay1,Experiment, 1,0, 7.jpg,7.jpg,330,30,4.213, 131.638,135.851,129.623,-1,0,0,2,AM7_330,2022-11-23 15:22:37.032
9057,PSYC-134128,TOTDay1,Experiment, 2,0, 7.jpg,7.jpg,270,120,5.64, 138.018,143.658,138.017,-2,0,0,1,BE7_270,2022-11-23 15:22:44.838
9057,PSYC-134128,TOTDay1,Experiment, 3,0, 4.jpg,4.jpg,210,30,3.263, 145.49,148.753,145.489,-3,0,0,3,BH4_210,2022-11-23 15:22:49.934
9057,PSYC-134128,TOTDay1,Experiment, 4,0, 1.jpg,1.jpg,270,150,5.323, 152.154,157.477,152.153,-4,0,0,1,AE1_270,2022-11-23 15:22:58.658
9057,PSYC-134128,TOTDay1,Experiment, 5,0, 10.jpg,10.jpg,150,30,3.475, 158.166,161.641,158.166,-5,0,0,3,AH10_150,2022-11-23 15:23:02.822
9057,PSYC-134128,TOTDay1,Experiment, 6,0, 6.jpg,6.jpg,30,120,2.151, 162.16,164.312,162.16,-6,0,0,2,AM6_30,2022-11-23 15:23:05.492
9057,PSYC-134128,TOTDay1,Experiment, 7,0, 3.jpg,3.jpg,90,30,2.277, 164.773,167.051,164.773,-7,0,0,1,AE3_90,2022-11-23 15:23:08.232
9057,PSYC-134128,TOTDay1,Experiment, 8,0, 9.jpg,9.jpg,240,30,4.423, 169.94,174.363,169.939,-8,0,0,3,AH9_240,2022-11-23 15:23:15.544
9057,PSYC-134128,TOTDay1,Experiment, 9,0, 11.jpg,11.jpg,60,150,4.747, 175.51,180.257,175.509,-9,0,0,2,AM11_60,2022-11-23 15:23:21.438
9057,PSYC-134128,TOTDay1,Experiment, 10,0, 6.jpg,6.jpg,90,0,6.233, 181.022,187.255,181.021,-10,0,0,1,BE6_90,2022-11-23 15:23:28.436
9057,PSYC-134128,TOTDay1,Experiment, 11,0, 9.jpg,9.jpg,30,0,1.97, 188.03,190,188.029,-11,0,0,2,BM9_30,2022-11-23 15:23:31.180
9057,PSYC-134128,TOTDay1,Experiment, 12,0, 1.jpg,1.jpg,150,270,4.292, 191.234,195.526,191.233,-12,0,0,3,BH1_150,2022-11-23 15:23:36.707
9057,PSYC-134128,TOTDay1,Experiment, 13,0, 4.jpg,4.jpg,180,330,2.671, 196.162,198.833,196.161,-13,0,0,1,AE4_180,2022-11-23 15:23:40.015
9057,PSYC-134128,TOTDay1,Experiment, 14,0, 10.jpg,10.jpg,60,150,2.459, 199.269,201.728,199.268,-14,0,0,2,BM10_60,2022-11-23 15:23:42.910
9057,PSYC-134128,TOTDay1,Experiment, 15,0, 3.jpg,3.jpg,240,120,2.134, 202.224,204.358,202.223,-15,0,0,3,BH3_240,2022-11-23 15:23:45.540
9057,PSYC-134128,TOTDay1,Experiment, 16,0, 11.jpg,11.jpg,180,60,1.755, 204.812,206.567,204.812,-16,0,0,1,BE11_180,2022-11-23 15:23:47.748
9057,PSYC-134128,TOTDay1,Experiment, 17,0, 8.jpg,8.jpg,330,240,2.466, 208.016,210.483,208.016,-17,0,0,2,BM8_330,2022-11-23 15:23:51.664
9057,PSYC-134128,TOTDay1,Experiment, 18,0, 8.jpg,8.jpg,210,150,2.792, 211.162,213.953,211.161,-18,0,0,3,AH8_210,2022-11-23 15:23:55.135
9056,PSYC-134130,TOTDay1,Training, 1,1, 2.jpg,2.jpg,90,90,4.502, 27.031,31.532,27.03,1,0,0,1,PE2_90,2022-11-23 15:21:53.167
9056,PSYC-134130,TOTDay1,Training, 2,1, 2.jpg,2.jpg,180,180,4.827, 34.794,39.621,34.794,2,0,0,1,PE2_180,2022-11-23 15:22:01.255
9056,PSYC-134130,TOTDay1,Training, 3,0, 2.jpg,2.jpg,60,330,6.937, 41.298,48.235,41.298,1,0,0,2,PM2_60,2022-11-23 15:22:09.869
9056,PSYC-134130,TOTDay1,Training, 4,1, 2.jpg,2.jpg,30,30,4.661, 52.51,57.172,52.51,2,0,0,2,PM2_30,2022-11-23 15:22:18.806
9056,PSYC-134130,TOTDay1,Training, 5,0, 2.jpg,2.jpg,210,150,9.543, 57.776,67.32,57.776,1,0,0,3,PH2_210,2022-11-23 15:22:28.954
9056,PSYC-134130,TOTDay1,Training, 6,0, 2.jpg,2.jpg,120,240,6.759, 73.876,80.636,73.876,0,0,0,3,PH2_120,2022-11-23 15:22:42.269
9056,PSYC-134130,TOTDay1,Training, 7,1, 2.jpg,2.jpg,0,0,0.739, 85.838,86.577,85.838,1,0,0,1,PE2_0,2022-11-23 15:22:48.212
9056,PSYC-134130,TOTDay1,Training, 8,1, 2.jpg,2.jpg,240,240,16.541, 87.468,104.009,87.468,2,0,0,3,PH2_240,2022-11-23 15:23:05.643
9056,PSYC-134130,TOTDay1,Training, 9,1, 2.jpg,2.jpg,330,330,7.698, 104.682,112.38,104.682,3,0,0,2,PM2_330,2022-11-23 15:23:14.013
9056,PSYC-134130,TOTDay1,Training, 10,1, 2.jpg,2.jpg,150,150,4.438, 112.894,117.332,112.893,4,0,0,3,PH2_150,2022-11-23 15:23:18.966
9056,PSYC-134130,TOTDay1,Training, 11,0, 2.jpg,2.jpg,300,120,3.723, 117.874,121.598,117.874,3,0,0,2,PM2_300,2022-11-23 15:23:23.231
9056,PSYC-134130,TOTDay1,Training, 12,1, 2.jpg,2.jpg,270,270,6.187, 122.974,129.161,122.973,4,0,0,1,PE2_270,2022-11-23 15:23:30.796
9056,PSYC-134130,TOTDay1,Experiment, 1,0, 10.jpg,10.jpg,60,30,5.388, 131.187,136.576,129.7,-1,0,0,2,BM10_60,2022-11-23 15:23:38.209
9056,PSYC-134130,TOTDay1,Experiment, 2,1, 6.jpg,6.jpg,90,90,4.163, 137.632,141.796,137.631,0,0,0,1,BE6_90,2022-11-23 15:23:43.429
9056,PSYC-134130,TOTDay1,Experiment, 3,1, 1.jpg,1.jpg,150,150,18.793, 142.322,161.115,142.322,1,0,0,3,BH1_150,2022-11-23 15:24:02.750
9056,PSYC-134130,TOTDay1,Experiment, 4,1, 9.jpg,9.jpg,30,30,7.651, 161.56,169.211,161.56,2,0,0,2,BM9_30,2022-11-23 15:24:10.845
9056,PSYC-134130,TOTDay1,Experiment, 5,1, 10.jpg,10.jpg,150,150,4.817, 169.71,174.527,169.71,3,0,0,3,AH10_150,2022-11-23 15:24:16.161
9056,PSYC-134130,TOTDay1,Experiment, 6,1, 4.jpg,4.jpg,180,180,9.025, 175.034,184.06,175.033,4,0,0,1,AE4_180,2022-11-23 15:24:25.694
9056,PSYC-134130,TOTDay1,Experiment, 7,1, 3.jpg,3.jpg,90,90,12.709, 184.45,197.16,184.45,5,0,0,1,AE3_90,2022-11-23 15:24:38.793
9056,PSYC-134130,TOTDay1,Experiment, 8,1, 6.jpg,6.jpg,30,30,5.496, 197.938,203.434,197.937,6,0,0,2,AM6_30,2022-11-23 15:24:45.068
9056,PSYC-134130,TOTDay1,Experiment, 9,0, 8.jpg,8.jpg,210,30,4.001, 203.792,207.793,203.791,5,0,0,3,AH8_210,2022-11-23 15:24:49.427
9056,PSYC-134130,TOTDay1,Experiment, 10,0, 9.jpg,9.jpg,240,300,5.279, 208.338,213.618,208.337,4,0,0,3,AH9_240,2022-11-23 15:24:55.252
9056,PSYC-134130,TOTDay1,Experiment, 11,1, 1.jpg,1.jpg,270,270,3.007, 214.132,217.14,214.132,5,0,0,1,AE1_270,2022-11-23 15:24:58.774
9056,PSYC-134130,TOTDay1,Experiment, 12,1, 7.jpg,7.jpg,330,330,3.829, 217.532,221.361,217.532,6,0,0,2,AM7_330,2022-11-23 15:25:02.996
9056,PSYC-134130,TOTDay1,Experiment, 13,0, 4.jpg,4.jpg,210,150,16.013, 221.764,237.777,221.763,5,0,0,3,BH4_210,2022-11-23 15:25:19.411
9056,PSYC-134130,TOTDay1,Experiment, 14,0, 8.jpg,8.jpg,330,30,4.949, 238.262,243.211,238.261,4,0,0,2,BM8_330,2022-11-23 15:25:24.846
9056,PSYC-134130,TOTDay1,Experiment, 15,0, 11.jpg,11.jpg,180,0,2.863, 243.574,246.438,243.574,3,0,0,1,BE11_180,2022-11-23 15:25:28.072
9056,PSYC-134130,TOTDay1,Experiment, 16,0, 3.jpg,3.jpg,240,120,7.047, 248.374,255.421,248.373,2,0,0,3,BH3_240,2022-11-23 15:25:37.055
9056,PSYC-134130,TOTDay1,Experiment, 17,0, 11.jpg,11.jpg,60,300,10.813, 255.884,266.698,255.883,1,0,0,2,AM11_60,2022-11-23 15:25:48.332
9056,PSYC-134130,TOTDay1,Experiment, 18,1, 7.jpg,7.jpg,270,270,4.837, 267.026,271.863,267.025,2,0,0,1,BE7_270,2022-11-23 15:25:53.497
9058,PSYC-134130,TOTDay1,Training, 1,1, 2.jpg,2.jpg,90,90,10.517, 164.187,174.697,164.186,1,0,0,1,PE2_90,2022-11-28 09:44:02.377
9058,PSYC-134130,TOTDay1,Training, 2,1, 2.jpg,2.jpg,180,180,4.531, 177.112,181.643,177.111,2,0,0,1,PE2_180,2022-11-28 09:44:09.317
9058,PSYC-134130,TOTDay1,Training, 3,0, 2.jpg,2.jpg,60,300,11.399, 182.467,193.867,182.467,1,0,0,2,PM2_60,2022-11-28 09:44:21.540
9058,PSYC-134130,TOTDay1,Training, 4,0, 2.jpg,2.jpg,30,60,6.115, 198.267,204.383,198.267,0,0,0,2,PM2_30,2022-11-28 09:44:32.056
9058,PSYC-134130,TOTDay1,Training, 5,0, 2.jpg,2.jpg,210,150,4.503, 206.724,211.227,206.723,-1,0,0,3,PH2_210,2022-11-28 09:44:38.900
9058,PSYC-134130,TOTDay1,Training, 6,0, 2.jpg,2.jpg,120,240,17.935, 217.382,235.317,217.382,-2,0,0,3,PH2_120,2022-11-28 09:45:02.991
9058,PSYC-134130,TOTDay1,Training, 7,1, 2.jpg,2.jpg,0,0,3.209, 240.506,243.715,240.506,-1,0,0,1,PE2_0,2022-11-28 09:45:11.389
9058,PSYC-134130,TOTDay1,Training, 8,0, 2.jpg,2.jpg,240,300,5.087, 244.544,249.631,244.543,-2,0,0,3,PH2_240,2022-11-28 09:45:17.305
9058,PSYC-134130,TOTDay1,Training, 9,0, 2.jpg,2.jpg,330,0,0.775, 251.724,252.499,251.724,-3,0,0,2,PM2_330,2022-11-28 09:45:20.173
9058,PSYC-134130,TOTDay1,Training, 10,1, 2.jpg,2.jpg,150,150,4.68, 255.654,260.334,255.653,-2,0,0,3,PH2_150,2022-11-28 09:45:28.007
9058,PSYC-134130,TOTDay1,Training, 11,0, 2.jpg,2.jpg,300,210,2.921, 261.16,264.081,261.159,-3,0,0,2,PM2_300,2022-11-28 09:45:31.755
9058,PSYC-134130,TOTDay1,Training, 12,1, 2.jpg,2.jpg,270,270,4.869, 266.982,271.851,266.981,-2,0,0,1,PE2_270,2022-11-28 09:45:39.524
9058,PSYC-134130,TOTDay1,Experiment, 1,0, 10.jpg,10.jpg,150,30,3.807, 276.311,280.119,273.077,-1,0,0,3,AH10_150,2022-11-28 09:45:47.793
9058,PSYC-134130,TOTDay1,Experiment, 2,1, 7.jpg,7.jpg,330,330,15.336, 284.023,299.359,284.023,0,0,0,2,AM7_330,2022-11-28 09:46:07.032
9058,PSYC-134130,TOTDay1,Experiment, 3,0, 6.jpg,6.jpg,90,300,5.167, 301.898,307.065,301.897,-1,0,0,1,BE6_90,2022-11-28 09:46:14.738
9058,PSYC-134130,TOTDay1,Experiment, 4,0, 10.jpg,10.jpg,60,30,9.595, 307.87,317.465,307.869,-2,0,0,2,BM10_60,2022-11-28 09:46:25.138
9058,PSYC-134130,TOTDay1,Experiment, 5,1, 1.jpg,1.jpg,270,270,8.063, 318.219,326.283,318.219,-1,0,0,1,AE1_270,2022-11-28 09:46:33.957
9058,PSYC-134130,TOTDay1,Experiment, 6,0, 1.jpg,1.jpg,150,180,3.875, 327.075,330.951,327.075,-2,0,0,3,BH1_150,2022-11-28 09:46:38.624
9058,PSYC-134130,TOTDay1,Experiment, 7,0, 3.jpg,3.jpg,240,210,23.939, 333.884,357.823,333.883,-3,0,0,3,BH3_240,2022-11-28 09:47:05.497
9058,PSYC-134130,TOTDay1,Experiment, 8,0, 11.jpg,11.jpg,60,120,11.393, 358.634,370.027,358.633,-4,0,0,2,AM11_60,2022-11-28 09:47:17.701
9058,PSYC-134130,TOTDay1,Experiment, 9,0, 3.jpg,3.jpg,90,270,11.391, 371.486,382.877,371.486,-5,0,0,1,AE3_90,2022-11-28 09:47:30.551
9058,PSYC-134130,TOTDay1,Experiment, 10,1, 11.jpg,11.jpg,180,180,5.727, 383.898,389.625,383.897,-4,0,0,1,BE11_180,2022-11-28 09:47:37.299
9058,PSYC-134130,TOTDay1,Experiment, 11,0, 8.jpg,8.jpg,210,120,25.187, 390.471,415.659,390.471,-5,0,0,3,AH8_210,2022-11-28 09:48:03.333
9058,PSYC-134130,TOTDay1,Experiment, 12,0, 9.jpg,9.jpg,30,330,6.013, 416.233,422.247,416.233,-6,0,0,2,BM9_30,2022-11-28 09:48:09.921
9058,PSYC-134130,TOTDay1,Experiment, 13,0, 8.jpg,8.jpg,330,60,6.842, 422.933,429.775,422.933,-7,0,0,2,BM8_330,2022-11-28 09:48:17.449
9058,PSYC-134130,TOTDay1,Experiment, 14,0, 7.jpg,7.jpg,270,90,5.707, 430.424,436.131,430.423,-8,0,0,1,BE7_270,2022-11-28 09:48:23.805
9058,PSYC-134130,TOTDay1,Experiment, 15,0, 4.jpg,4.jpg,210,270,14.396, 439.475,453.871,439.475,-9,0,0,3,BH4_210,2022-11-28 09:48:41.545
9058,PSYC-134130,TOTDay1,Experiment, 16,0, 9.jpg,9.jpg,240,150,11.31, 454.585,465.895,454.585,-10,0,0,3,AH9_240,2022-11-28 09:48:53.569
9058,PSYC-134130,TOTDay1,Experiment, 17,1, 6.jpg,6.jpg,30,30,14.587, 466.544,481.131,466.544,-9,0,0,2,AM6_30,2022-11-28 09:49:08.805
9058,PSYC-134130,TOTDay1,Experiment, 18,0, 4.jpg,4.jpg,180,150,13.335, 481.81,495.145,481.809,-10,0,0,1,AE4_180,2022-11-28 09:49:22.819
9059,PSYC-132589,TOTDay1,Training, 1,1, 2.jpg,2.jpg,90,90,3.913, 40.492,44.403,40.491,1,0,0,1,PE2_90,2023-02-27 12:32:10.749
9059,PSYC-132589,TOTDay1,Training, 2,1, 2.jpg,2.jpg,180,180,2.709, 47.612,50.321,47.611,2,0,0,1,PE2_180,2023-02-27 12:32:16.665
9059,PSYC-132589,TOTDay1,Training, 3,1, 2.jpg,2.jpg,60,60,4.734, 51.491,56.225,51.491,3,0,0,2,PM2_60,2023-02-27 12:32:22.570
9059,PSYC-132589,TOTDay1,Training, 4,1, 2.jpg,2.jpg,30,30,5.203, 57.09,62.293,57.089,4,0,0,2,PM2_30,2023-02-27 12:32:28.637
9059,PSYC-132589,TOTDay1,Training, 5,0, 2.jpg,2.jpg,210,300,5.067, 62.749,67.817,62.749,3,0,0,3,PH2_210,2023-02-27 12:32:34.161
9059,PSYC-132589,TOTDay1,Training, 6,0, 2.jpg,2.jpg,120,30,6.599, 78.675,85.275,78.675,2,0,0,3,PH2_120,2023-02-27 12:32:51.619
9059,PSYC-132589,TOTDay1,Training, 7,1, 2.jpg,2.jpg,0,0,3.677, 90.893,94.571,90.893,3,0,0,1,PE2_0,2023-02-27 12:33:00.915
9059,PSYC-132589,TOTDay1,Training, 8,0, 2.jpg,2.jpg,240,300,6.893, 95.044,101.937,95.043,2,0,0,3,PH2_240,2023-02-27 12:33:08.280
9059,PSYC-132589,TOTDay1,Training, 9,1, 2.jpg,2.jpg,330,330,5.323, 102.735,108.059,102.735,3,0,0,2,PM2_330,2023-02-27 12:33:14.403
9059,PSYC-132589,TOTDay1,Training, 10,0, 2.jpg,2.jpg,150,30,4.18, 108.589,112.769,108.588,2,0,0,3,PH2_150,2023-02-27 12:33:19.112
9059,PSYC-132589,TOTDay1,Training, 11,0, 2.jpg,2.jpg,300,60,2.356, 115.311,117.667,115.31,1,0,0,2,PM2_300,2023-02-27 12:33:24.010
9059,PSYC-132589,TOTDay1,Training, 12,0, 2.jpg,2.jpg,270,0,0.531, 118.38,118.911,118.38,0,0,0,1,PE2_270,2023-02-27 12:33:25.255
9059,PSYC-132589,TOTDay1,Experiment, 1,0, 3.jpg,3.jpg,90,180,6.652, 125.136,131.789,121.677,-1,0,0,1,AE3_90,2023-02-27 12:33:38.133
9059,PSYC-132589,TOTDay1,Experiment, 2,0, 3.jpg,3.jpg,240,60,6.13, 132.483,138.613,132.483,-2,0,0,3,BH3_240,2023-02-27 12:33:44.957
9059,PSYC-132589,TOTDay1,Experiment, 3,0, 6.jpg,6.jpg,30,300,11.582, 139.313,150.896,139.313,-3,0,0,2,AM6_30,2023-02-27 12:33:57.240
9059,PSYC-132589,TOTDay1,Experiment, 4,0, 11.jpg,11.jpg,60,210,9.258, 153.879,163.137,153.878,-4,0,0,2,AM11_60,2023-02-27 12:34:09.481
9059,PSYC-132589,TOTDay1,Experiment, 5,1, 7.jpg,7.jpg,270,270,13.193, 163.908,177.101,163.907,-3,0,0,1,BE7_270,2023-02-27 12:34:23.445
9059,PSYC-132589,TOTDay1,Experiment, 6,0, 1.jpg,1.jpg,150,30,8.254, 178.109,186.363,178.109,-4,0,0,3,BH1_150,2023-02-27 12:34:32.707
9059,PSYC-132589,TOTDay1,Experiment, 7,0, 4.jpg,4.jpg,210,180,4.075, 186.903,190.979,186.903,-5,0,0,3,BH4_210,2023-02-27 12:34:37.323
9059,PSYC-132589,TOTDay1,Experiment, 8,0, 4.jpg,4.jpg,180,210,16.714, 191.472,208.186,191.471,-6,0,0,1,AE4_180,2023-02-27 12:34:54.530
9059,PSYC-132589,TOTDay1,Experiment, 9,0, 10.jpg,10.jpg,60,120,10.111, 208.693,218.805,208.693,-7,0,0,2,BM10_60,2023-02-27 12:35:05.148
9059,PSYC-132589,TOTDay1,Experiment, 10,0, 10.jpg,10.jpg,150,30,5.995, 220.011,226.007,220.011,-8,0,0,3,AH10_150,2023-02-27 12:35:12.350
9059,PSYC-132589,TOTDay1,Experiment, 11,0, 8.jpg,8.jpg,330,90,6.121, 226.555,232.677,226.555,-9,0,0,2,BM8_330,2023-02-27 12:35:19.021
9059,PSYC-132589,TOTDay1,Experiment, 12,1, 1.jpg,1.jpg,270,270,7.955, 233.288,241.243,233.287,-8,0,0,1,AE1_270,2023-02-27 12:35:27.587
9059,PSYC-132589,TOTDay1,Experiment, 13,0, 11.jpg,11.jpg,180,0,6.794, 241.849,248.643,241.849,-9,0,0,1,BE11_180,2023-02-27 12:35:34.986
9059,PSYC-132589,TOTDay1,Experiment, 14,0, 8.jpg,8.jpg,210,120,5.665, 249.142,254.807,249.142,-10,0,0,3,AH8_210,2023-02-27 12:35:41.150
9059,PSYC-132589,TOTDay1,Experiment, 15,1, 9.jpg,9.jpg,30,30,5.771, 255.555,261.327,255.555,-9,0,0,2,BM9_30,2023-02-27 12:35:47.670
9059,PSYC-132589,TOTDay1,Experiment, 16,1, 7.jpg,7.jpg,330,330,4.471, 262.147,266.619,262.147,-8,0,0,2,AM7_330,2023-02-27 12:35:52.962
9059,PSYC-132589,TOTDay1,Experiment, 17,1, 6.jpg,6.jpg,90,90,4.723, 267.291,272.015,267.291,-7,0,0,1,BE6_90,2023-02-27 12:35:58.358
9059,PSYC-132589,TOTDay1,Experiment, 18,0, 9.jpg,9.jpg,240,150,4.069, 272.633,276.703,272.633,-8,0,0,3,AH9_240,2023-02-27 12:36:03.046
9060,PSYC-134128,TOTDay1,Training, 1,1, 2.jpg,2.jpg,90,90,7.569, 15.112,22.679,15.11,1,0,0,1,PE2_90,2023-02-27 12:33:08.062
9060,PSYC-134128,TOTDay1,Training, 2,1, 2.jpg,2.jpg,180,180,3.252, 26.477,29.729,26.477,2,0,0,1,PE2_180,2023-02-27 12:33:15.111
9060,PSYC-134128,TOTDay1,Training, 3,0, 2.jpg,2.jpg,60,300,19.871, 32.709,52.581,32.709,1,0,0,2,PM2_60,2023-02-27 12:33:37.963
9060,PSYC-134128,TOTDay1,Training, 4,0, 2.jpg,2.jpg,30,60,9.424, 57.163,66.587,57.163,0,0,0,2,PM2_30,2023-02-27 12:33:51.970
9060,PSYC-134128,TOTDay1,Training, 5,1, 2.jpg,2.jpg,210,210,10.014, 69.212,79.227,69.212,1,0,0,3,PH2_210,2023-02-27 12:34:04.610
9060,PSYC-134128,TOTDay1,Training, 6,0, 2.jpg,2.jpg,120,150,11.397, 80.092,91.489,80.091,0,0,0,3,PH2_120,2023-02-27 12:34:16.872
9060,PSYC-134128,TOTDay1,Training, 7,1, 2.jpg,2.jpg,0,0,3.979, 96.422,100.401,96.421,1,0,0,1,PE2_0,2023-02-27 12:34:25.784
9060,PSYC-134128,TOTDay1,Training, 8,0, 2.jpg,2.jpg,240,300,18.469, 101.399,119.869,101.399,0,0,0,3,PH2_240,2023-02-27 12:34:45.252
9060,PSYC-134128,TOTDay1,Training, 9,0, 2.jpg,2.jpg,330,30,9.412, 121.773,131.185,121.773,-1,0,0,2,PM2_330,2023-02-27 12:34:56.569
9060,PSYC-134128,TOTDay1,Training, 10,1, 2.jpg,2.jpg,150,150,7.936, 132.185,140.121,132.185,0,0,0,3,PH2_150,2023-02-27 12:35:05.504
9060,PSYC-134128,TOTDay1,Training, 11,1, 2.jpg,2.jpg,300,300,17.668, 140.401,158.069,140.401,1,0,0,2,PM2_300,2023-02-27 12:35:23.452
9060,PSYC-134128,TOTDay1,Training, 12,1, 2.jpg,2.jpg,270,270,8.34, 159.289,167.63,159.289,2,0,0,1,PE2_270,2023-02-27 12:35:33.012
9060,PSYC-134128,TOTDay1,Experiment, 1,0, 1.jpg,1.jpg,150,90,7.353, 169.842,177.195,168.051,-1,0,0,3,BH1_150,2023-02-27 12:35:42.578
9060,PSYC-134128,TOTDay1,Experiment, 2,1, 11.jpg,11.jpg,180,180,4.727, 179.56,184.287,179.559,0,0,0,1,BE11_180,2023-02-27 12:35:49.671
9060,PSYC-134128,TOTDay1,Experiment, 3,1, 10.jpg,10.jpg,60,60,10.483, 184.724,195.207,184.723,1,0,0,2,BM10_60,2023-02-27 12:36:00.590
9060,PSYC-134128,TOTDay1,Experiment, 4,0, 7.jpg,7.jpg,330,30,9.108, 195.896,205.005,195.896,0,0,0,2,AM7_330,2023-02-27 12:36:10.388
9060,PSYC-134128,TOTDay1,Experiment, 5,1, 7.jpg,7.jpg,270,270,9.185, 205.506,214.691,205.505,1,0,0,1,BE7_270,2023-02-27 12:36:20.074
9060,PSYC-134128,TOTDay1,Experiment, 6,1, 10.jpg,10.jpg,150,150,16.21, 215.144,231.354,215.143,2,0,0,3,AH10_150,2023-02-27 12:36:36.737
9060,PSYC-134128,TOTDay1,Experiment, 7,0, 4.jpg,4.jpg,210,180,5.66, 231.743,237.403,231.743,1,0,0,3,BH4_210,2023-02-27 12:36:42.787
9060,PSYC-134128,TOTDay1,Experiment, 8,0, 9.jpg,9.jpg,30,60,13.388, 237.979,251.367,237.978,0,0,0,2,BM9_30,2023-02-27 12:36:56.750
9060,PSYC-134128,TOTDay1,Experiment, 9,1, 6.jpg,6.jpg,90,90,22.345, 251.816,274.161,251.815,1,0,0,1,BE6_90,2023-02-27 12:37:19.544
9060,PSYC-134128,TOTDay1,Experiment, 10,1, 3.jpg,3.jpg,90,90,10.559, 274.564,285.123,274.563,2,0,0,1,AE3_90,2023-02-27 12:37:30.506
9060,PSYC-134128,TOTDay1,Experiment, 11,1, 3.jpg,3.jpg,240,240,25.151, 285.498,310.649,285.497,3,0,0,3,BH3_240,2023-02-27 12:37:56.032
9060,PSYC-134128,TOTDay1,Experiment, 12,0, 11.jpg,11.jpg,60,150,11.887, 311.023,322.911,311.023,2,0,0,2,AM11_60,2023-02-27 12:38:08.294
9060,PSYC-134128,TOTDay1,Experiment, 13,1, 8.jpg,8.jpg,210,210,22.933, 323.526,346.459,323.525,3,0,0,3,AH8_210,2023-02-27 12:38:31.842
9060,PSYC-134128,TOTDay1,Experiment, 14,1, 4.jpg,4.jpg,180,180,6.111, 346.82,352.931,346.819,4,0,0,1,AE4_180,2023-02-27 12:38:38.314
9060,PSYC-134128,TOTDay1,Experiment, 15,0, 8.jpg,8.jpg,330,30,12.927, 353.245,366.173,353.245,3,0,0,2,BM8_330,2023-02-27 12:38:51.556
9060,PSYC-134128,TOTDay1,Experiment, 16,1, 1.jpg,1.jpg,270,270,9.923, 366.654,376.578,366.654,4,0,0,1,AE1_270,2023-02-27 12:39:01.960
9060,PSYC-134128,TOTDay1,Experiment, 17,0, 9.jpg,9.jpg,240,210,16.529, 376.886,393.415,376.885,3,0,0,3,AH9_240,2023-02-27 12:39:18.799
9060,PSYC-134128,TOTDay1,Experiment, 18,0, 6.jpg,6.jpg,30,330,9.154, 393.844,402.998,393.843,2,0,0,2,AM6_30,2023-02-27 12:39:28.380
9061,PSYC-134130,TOTDay1,Training, 1,1, 2.jpg,2.jpg,90,90,6.188, 80.358,86.545,80.357,1,0,0,1,PE2_90,2023-02-27 12:36:07.553
9061,PSYC-134130,TOTDay1,Training, 2,1, 2.jpg,2.jpg,180,180,4.031, 89.506,93.537,89.505,2,0,0,1,PE2_180,2023-02-27 12:36:14.543
9061,PSYC-134130,TOTDay1,Training, 3,0, 2.jpg,2.jpg,60,30,6.703, 94.001,100.705,94.001,1,0,0,2,PM2_60,2023-02-27 12:36:21.712
9061,PSYC-134130,TOTDay1,Training, 4,1, 2.jpg,2.jpg,30,30,3.599, 104.139,107.739,104.139,2,0,0,2,PM2_30,2023-02-27 12:36:28.745
9061,PSYC-134130,TOTDay1,Training, 5,1, 2.jpg,2.jpg,210,210,5.645, 108.831,114.477,108.831,3,0,0,3,PH2_210,2023-02-27 12:36:35.483
9061,PSYC-134130,TOTDay1,Training, 6,0, 2.jpg,2.jpg,120,150,6.933, 115.205,122.139,115.205,2,0,0,3,PH2_120,2023-02-27 12:36:43.145
9061,PSYC-134130,TOTDay1,Training, 7,1, 2.jpg,2.jpg,0,0,3.844, 127.953,131.797,127.953,3,0,0,1,PE2_0,2023-02-27 12:36:52.803
9061,PSYC-134130,TOTDay1,Training, 8,0, 2.jpg,2.jpg,240,120,10.14, 132.605,142.745,132.605,2,0,0,3,PH2_240,2023-02-27 12:37:03.751
9061,PSYC-134130,TOTDay1,Training, 9,1, 2.jpg,2.jpg,330,330,4.417, 144.256,148.673,144.255,3,0,0,2,PM2_330,2023-02-27 12:37:09.679
9061,PSYC-134130,TOTDay1,Training, 10,1, 2.jpg,2.jpg,150,150,6.74, 149.286,156.027,149.286,4,0,0,3,PH2_150,2023-02-27 12:37:17.033
9061,PSYC-134130,TOTDay1,Training, 11,1, 2.jpg,2.jpg,300,300,4.807, 156.725,161.533,156.725,5,0,0,2,PM2_300,2023-02-27 12:37:22.539
9061,PSYC-134130,TOTDay1,Training, 12,1, 2.jpg,2.jpg,270,270,3.166, 162.095,165.261,162.095,6,0,0,1,PE2_270,2023-02-27 12:37:26.267
9061,PSYC-134130,TOTDay1,Experiment, 1,1, 10.jpg,10.jpg,60,60,6.279, 168.317,174.597,165.869,1,0,0,2,BM10_60,2023-02-27 12:37:35.603
9061,PSYC-134130,TOTDay1,Experiment, 2,0, 3.jpg,3.jpg,240,210,8.413, 175.347,183.761,175.347,0,0,0,3,BH3_240,2023-02-27 12:37:44.767
9061,PSYC-134130,TOTDay1,Experiment, 3,1, 1.jpg,1.jpg,270,270,7.479, 184.398,191.877,184.396,1,0,0,1,AE1_270,2023-02-27 12:37:52.883
9061,PSYC-134130,TOTDay1,Experiment, 4,1, 9.jpg,9.jpg,30,30,6.829, 192.42,199.249,192.419,2,0,0,2,BM9_30,2023-02-27 12:38:00.255
9061,PSYC-134130,TOTDay1,Experiment, 5,0, 1.jpg,1.jpg,150,210,18.503, 199.843,218.347,199.843,1,0,0,3,BH1_150,2023-02-27 12:38:19.353
9061,PSYC-134130,TOTDay1,Experiment, 6,1, 11.jpg,11.jpg,180,180,9.06, 218.923,227.983,218.923,2,0,0,1,BE11_180,2023-02-27 12:38:28.990
9061,PSYC-134130,TOTDay1,Experiment, 7,1, 3.jpg,3.jpg,90,90,7.019, 228.495,235.515,228.495,3,0,0,1,AE3_90,2023-02-27 12:38:36.521
9061,PSYC-134130,TOTDay1,Experiment, 8,1, 7.jpg,7.jpg,330,330,6.849, 236.014,242.863,236.013,4,0,0,2,AM7_330,2023-02-27 12:38:43.869
9061,PSYC-134130,TOTDay1,Experiment, 9,1, 8.jpg,8.jpg,210,210,17.876, 243.611,261.488,243.611,5,0,0,3,AH8_210,2023-02-27 12:39:02.494
9061,PSYC-134130,TOTDay1,Experiment, 10,1, 8.jpg,8.jpg,330,330,6.834, 262.021,268.855,262.021,6,0,0,2,BM8_330,2023-02-27 12:39:09.861
9061,PSYC-134130,TOTDay1,Experiment, 11,1, 10.jpg,10.jpg,150,150,11.307, 269.383,280.69,269.383,7,0,0,3,AH10_150,2023-02-27 12:39:21.697
9061,PSYC-134130,TOTDay1,Experiment, 12,1, 7.jpg,7.jpg,270,270,6.428, 281.187,287.615,281.187,8,0,0,1,BE7_270,2023-02-27 12:39:28.621
9061,PSYC-134130,TOTDay1,Experiment, 13,1, 11.jpg,11.jpg,60,60,7.058, 288.067,295.125,288.066,9,0,0,2,AM11_60,2023-02-27 12:39:36.131
9061,PSYC-134130,TOTDay1,Experiment, 14,0, 4.jpg,4.jpg,210,270,7.86, 295.593,303.453,295.593,8,0,0,3,BH4_210,2023-02-27 12:39:44.459
9061,PSYC-134130,TOTDay1,Experiment, 15,1, 4.jpg,4.jpg,180,180,7.883, 304.283,312.166,304.283,9,0,0,1,AE4_180,2023-02-27 12:39:53.173
9061,PSYC-134130,TOTDay1,Experiment, 16,1, 6.jpg,6.jpg,90,90,10.005, 312.727,322.732,312.726,10,0,0,1,BE6_90,2023-02-27 12:40:03.739
9061,PSYC-134130,TOTDay1,Experiment, 17,1, 6.jpg,6.jpg,30,30,8.913, 323.147,332.06,323.146,11,0,0,2,AM6_30,2023-02-27 12:40:13.067
9061,PSYC-134130,TOTDay1,Experiment, 18,0, 9.jpg,9.jpg,240,60,8.34, 332.538,340.878,332.537,10,0,0,3,AH9_240,2023-02-27 12:40:21.885
9063,PSYC-134128,TOTDay1,Training, 1,1, 2.jpg,2.jpg,90,90,7.066, 68.158,75.223,68.157,1,0,0,1,PE2_90,2023-02-27 15:26:23.529
9063,PSYC-134128,TOTDay1,Training, 2,1, 2.jpg,2.jpg,180,180,4.716, 77.929,82.644,77.929,2,0,0,1,PE2_180,2023-02-27 15:26:30.949
9063,PSYC-134128,TOTDay1,Training, 3,0, 2.jpg,2.jpg,60,30,8.425, 85.825,94.25,85.824,1,0,0,2,PM2_60,2023-02-27 15:26:42.554
9063,PSYC-134128,TOTDay1,Training, 4,0, 2.jpg,2.jpg,30,150,4.261, 99.203,103.464,99.202,0,0,0,2,PM2_30,2023-02-27 15:26:51.768
9063,PSYC-134128,TOTDay1,Training, 5,0, 2.jpg,2.jpg,210,300,5.877, 108.409,114.286,108.409,-1,0,0,3,PH2_210,2023-02-27 15:27:02.590
9063,PSYC-134128,TOTDay1,Training, 6,1, 2.jpg,2.jpg,120,120,6.797, 121.499,128.296,121.498,0,0,0,3,PH2_120,2023-02-27 15:27:16.601
9063,PSYC-134128,TOTDay1,Training, 7,1, 2.jpg,2.jpg,0,0,10.287, 131.311,141.598,131.31,1,0,0,1,PE2_0,2023-02-27 15:27:29.903
9063,PSYC-134128,TOTDay1,Training, 8,0, 2.jpg,2.jpg,240,300,9.915, 145.197,155.112,145.197,0,0,0,3,PH2_240,2023-02-27 15:27:43.417
9063,PSYC-134128,TOTDay1,Training, 9,0, 2.jpg,2.jpg,330,30,3.407, 156.261,159.668,156.261,-1,0,0,2,PM2_330,2023-02-27 15:27:47.972
9063,PSYC-134128,TOTDay1,Training, 10,1, 2.jpg,2.jpg,150,150,7.272, 161.667,168.938,161.666,0,0,0,3,PH2_150,2023-02-27 15:27:57.243
9063,PSYC-134128,TOTDay1,Training, 11,0, 2.jpg,2.jpg,300,60,4.531, 172.557,177.089,172.557,-1,0,0,2,PM2_300,2023-02-27 15:28:05.393
9063,PSYC-134128,TOTDay1,Training, 12,0, 2.jpg,2.jpg,270,0,5.581, 178.979,184.561,178.978,-2,0,0,1,PE2_270,2023-02-27 15:28:12.865
9063,PSYC-134128,TOTDay1,Experiment, 1,0, 7.jpg,7.jpg,270,180,8.06, 187.781,195.841,185.863,-1,0,0,1,BE7_270,2023-02-27 15:28:24.145
9063,PSYC-134128,TOTDay1,Experiment, 2,0, 10.jpg,10.jpg,150,60,4.697, 199.315,204.012,199.315,-2,0,0,3,AH10_150,2023-02-27 15:28:32.317
9063,PSYC-134128,TOTDay1,Experiment, 3,0, 8.jpg,8.jpg,330,30,7.275, 207.405,214.68,207.405,-3,0,0,2,BM8_330,2023-02-27 15:28:42.985
9063,PSYC-134128,TOTDay1,Experiment, 4,1, 11.jpg,11.jpg,180,180,4.594, 217.745,222.339,217.744,-2,0,0,1,BE11_180,2023-02-27 15:28:50.643
9063,PSYC-134128,TOTDay1,Experiment, 5,1, 3.jpg,3.jpg,240,240,8.989, 224.305,233.294,224.304,-1,0,0,3,BH3_240,2023-02-27 15:29:01.599
9063,PSYC-134128,TOTDay1,Experiment, 6,1, 10.jpg,10.jpg,60,60,10.394, 235.875,246.269,235.875,0,0,0,2,BM10_60,2023-02-27 15:29:14.574
9063,PSYC-134128,TOTDay1,Experiment, 7,0, 8.jpg,8.jpg,210,300,6.35, 247.932,254.282,247.931,-1,0,0,3,AH8_210,2023-02-27 15:29:22.587
9063,PSYC-134128,TOTDay1,Experiment, 8,0, 1.jpg,1.jpg,270,120,5.447, 255.493,260.94,255.493,-2,0,0,1,AE1_270,2023-02-27 15:29:29.245
9063,PSYC-134128,TOTDay1,Experiment, 9,1, 9.jpg,9.jpg,30,30,4.12, 262.049,266.169,262.048,-1,0,0,2,BM9_30,2023-02-27 15:29:34.474
9063,PSYC-134128,TOTDay1,Experiment, 10,0, 9.jpg,9.jpg,240,210,3.481, 267.242,270.723,267.241,-2,0,0,3,AH9_240,2023-02-27 15:29:39.027
9063,PSYC-134128,TOTDay1,Experiment, 11,1, 3.jpg,3.jpg,90,90,5.819, 271.903,277.722,271.902,-1,0,0,1,AE3_90,2023-02-27 15:29:46.026
9063,PSYC-134128,TOTDay1,Experiment, 12,0, 6.jpg,6.jpg,30,330,4.134, 278.453,282.587,278.452,-2,0,0,2,AM6_30,2023-02-27 15:29:50.891
9063,PSYC-134128,TOTDay1,Experiment, 13,1, 4.jpg,4.jpg,180,180,5.15, 284.274,289.424,284.273,-1,0,0,1,AE4_180,2023-02-27 15:29:57.729
9063,PSYC-134128,TOTDay1,Experiment, 14,0, 11.jpg,11.jpg,60,210,3.93, 290.397,294.327,290.397,-2,0,0,2,AM11_60,2023-02-27 15:30:02.632
9063,PSYC-134128,TOTDay1,Experiment, 15,0, 4.jpg,4.jpg,210,150,6.266, 295.12,301.387,295.119,-3,0,0,3,BH4_210,2023-02-27 15:30:09.691
9063,PSYC-134128,TOTDay1,Experiment, 16,0, 7.jpg,7.jpg,330,240,6.037, 302.117,308.155,302.117,-4,0,0,2,AM7_330,2023-02-27 15:30:16.459
9063,PSYC-134128,TOTDay1,Experiment, 17,1, 6.jpg,6.jpg,90,90,5.824, 308.937,314.761,308.936,-3,0,0,1,BE6_90,2023-02-27 15:30:23.066
9063,PSYC-134128,TOTDay1,Experiment, 18,1, 1.jpg,1.jpg,150,150,5.393, 315.491,320.885,315.491,-2,0,0,3,BH1_150,2023-02-27 15:30:29.189
9066,PSYC-134128,TOTDay1,Training, 1,0, 2.jpg,2.jpg,90,180,4.474, 17.131,21.604,17.13,-1,0,0,1,PE2_90,2023-02-28 09:15:51.121
9066,PSYC-134128,TOTDay1,Training, 2,1, 2.jpg,2.jpg,180,180,4.34, 31.525,35.865,31.525,0,0,0,1,PE2_180,2023-02-28 09:16:05.380
9066,PSYC-134128,TOTDay1,Training, 3,0, 2.jpg,2.jpg,60,120,5.034, 37.545,42.579,37.545,-1,0,0,2,PM2_60,2023-02-28 09:16:12.094
9066,PSYC-134128,TOTDay1,Training, 4,1, 2.jpg,2.jpg,30,30,6.184, 46.583,52.767,46.583,0,0,0,2,PM2_30,2023-02-28 09:16:22.283
9066,PSYC-134128,TOTDay1,Training, 5,1, 2.jpg,2.jpg,210,210,6.618, 53.547,60.165,53.547,1,0,0,3,PH2_210,2023-02-28 09:16:29.681
9066,PSYC-134128,TOTDay1,Training, 6,1, 2.jpg,2.jpg,120,120,10.229, 60.677,70.907,60.677,2,0,0,3,PH2_120,2023-02-28 09:16:40.422
9066,PSYC-134128,TOTDay1,Training, 7,1, 2.jpg,2.jpg,0,0,3.938, 71.519,75.457,71.519,3,0,0,1,PE2_0,2023-02-28 09:16:44.973
9066,PSYC-134128,TOTDay1,Training, 8,1, 2.jpg,2.jpg,240,240,5.6, 76.003,81.603,76.003,4,0,0,3,PH2_240,2023-02-28 09:16:51.119
9066,PSYC-134128,TOTDay1,Training, 9,1, 2.jpg,2.jpg,330,330,6.484, 82.045,88.529,82.045,5,0,0,2,PM2_330,2023-02-28 09:16:58.045
9066,PSYC-134128,TOTDay1,Training, 10,0, 2.jpg,2.jpg,150,120,5.103, 89.089,94.193,89.089,4,0,0,3,PH2_150,2023-02-28 09:17:03.708
9066,PSYC-134128,TOTDay1,Training, 11,1, 2.jpg,2.jpg,300,300,8.413, 95.71,104.123,95.709,5,0,0,2,PM2_300,2023-02-28 09:17:13.639
9066,PSYC-134128,TOTDay1,Training, 12,1, 2.jpg,2.jpg,270,270,5.594, 104.649,110.243,104.649,6,0,0,1,PE2_270,2023-02-28 09:17:19.759
9066,PSYC-134128,TOTDay1,Experiment, 1,1, 8.jpg,8.jpg,330,330,5.383, 113.812,119.195,110.785,1,0,0,2,BM8_330,2023-02-28 09:17:28.711
9066,PSYC-134128,TOTDay1,Experiment, 2,0, 4.jpg,4.jpg,210,240,9.712, 119.855,129.568,119.855,0,0,0,3,BH4_210,2023-02-28 09:17:39.083
9066,PSYC-134128,TOTDay1,Experiment, 3,1, 7.jpg,7.jpg,270,270,8.703, 130.691,139.395,130.691,1,0,0,1,BE7_270,2023-02-28 09:17:48.911
9066,PSYC-134128,TOTDay1,Experiment, 4,1, 6.jpg,6.jpg,90,90,14.855, 139.858,154.713,139.857,2,0,0,1,BE6_90,2023-02-28 09:18:04.229
9066,PSYC-134128,TOTDay1,Experiment, 5,0, 10.jpg,10.jpg,150,120,18.302, 155.265,173.567,155.264,1,0,0,3,AH10_150,2023-02-28 09:18:23.083
9066,PSYC-134128,TOTDay1,Experiment, 6,0, 6.jpg,6.jpg,30,60,7.177, 174.395,181.573,174.395,0,0,0,2,AM6_30,2023-02-28 09:18:31.089
9066,PSYC-134128,TOTDay1,Experiment, 7,1, 3.jpg,3.jpg,90,90,10.788, 182.643,193.431,182.643,1,0,0,1,AE3_90,2023-02-28 09:18:42.947
9066,PSYC-134128,TOTDay1,Experiment, 8,0, 1.jpg,1.jpg,150,210,17.014, 194.017,211.031,194.017,0,0,0,3,BH1_150,2023-02-28 09:19:00.547
9066,PSYC-134128,TOTDay1,Experiment, 9,1, 9.jpg,9.jpg,30,30,5.841, 211.961,217.803,211.961,1,0,0,2,BM9_30,2023-02-28 09:19:07.319
9066,PSYC-134128,TOTDay1,Experiment, 10,1, 4.jpg,4.jpg,180,180,8.989, 218.312,227.301,218.311,2,0,0,1,AE4_180,2023-02-28 09:19:16.816
9066,PSYC-134128,TOTDay1,Experiment, 11,1, 9.jpg,9.jpg,240,240,18.117, 227.861,245.979,227.861,3,0,0,3,AH9_240,2023-02-28 09:19:35.495
9066,PSYC-134128,TOTDay1,Experiment, 12,1, 7.jpg,7.jpg,330,330,7.267, 246.459,253.727,246.459,4,0,0,2,AM7_330,2023-02-28 09:19:43.243
9066,PSYC-134128,TOTDay1,Experiment, 13,1, 11.jpg,11.jpg,60,60,11.045, 254.211,265.257,254.211,5,0,0,2,AM11_60,2023-02-28 09:19:54.773
9066,PSYC-134128,TOTDay1,Experiment, 14,1, 1.jpg,1.jpg,270,270,18.139, 265.691,283.831,265.691,6,0,0,1,AE1_270,2023-02-28 09:20:13.346
9066,PSYC-134128,TOTDay1,Experiment, 15,0, 8.jpg,8.jpg,210,120,8.716, 284.289,293.005,284.288,5,0,0,3,AH8_210,2023-02-28 09:20:22.520
9066,PSYC-134128,TOTDay1,Experiment, 16,1, 11.jpg,11.jpg,180,180,3.773, 293.788,297.561,293.788,6,0,0,1,BE11_180,2023-02-28 09:20:27.077
9066,PSYC-134128,TOTDay1,Experiment, 17,1, 10.jpg,10.jpg,60,60,16.565, 297.994,314.559,297.993,7,0,0,2,BM10_60,2023-02-28 09:20:44.074
9066,PSYC-134128,TOTDay1,Experiment, 18,1, 3.jpg,3.jpg,240,240,17.621, 314.986,332.607,314.985,8,0,0,3,BH3_240,2023-02-28 09:21:02.123
9065,PSYC-132589,TOTDay1,Training, 1,1, 2.jpg,2.jpg,90,90,9.423, 16.584,26.003,16.583,1,0,0,1,PE2_90,2023-02-28 09:18:23.006
9065,PSYC-132589,TOTDay1,Training, 2,1, 2.jpg,2.jpg,180,180,3.525, 29.933,33.459,29.933,2,0,0,1,PE2_180,2023-02-28 09:18:30.458
9065,PSYC-132589,TOTDay1,Training, 3,0, 2.jpg,2.jpg,60,30,5.768, 35.93,41.698,35.929,1,0,0,2,PM2_60,2023-02-28 09:18:38.697
9065,PSYC-132589,TOTDay1,Training, 4,1, 2.jpg,2.jpg,30,30,2.968, 46.776,49.744,46.776,2,0,0,2,PM2_30,2023-02-28 09:18:46.743
9065,PSYC-132589,TOTDay1,Training, 5,1, 2.jpg,2.jpg,210,210,5.623, 50.457,56.08,50.456,3,0,0,3,PH2_210,2023-02-28 09:18:53.079
9065,PSYC-132589,TOTDay1,Training, 6,1, 2.jpg,2.jpg,120,120,6.779, 56.575,63.354,56.574,4,0,0,3,PH2_120,2023-02-28 09:19:00.353
9065,PSYC-132589,TOTDay1,Training, 7,1, 2.jpg,2.jpg,0,0,3.041, 63.878,66.92,63.878,5,0,0,1,PE2_0,2023-02-28 09:19:03.919
9065,PSYC-132589,TOTDay1,Training, 8,0, 2.jpg,2.jpg,240,150,3.91, 67.362,71.272,67.362,4,0,0,3,PH2_240,2023-02-28 09:19:08.271
9065,PSYC-132589,TOTDay1,Training, 9,1, 2.jpg,2.jpg,330,330,4.065, 71.677,75.742,71.676,5,0,0,2,PM2_330,2023-02-28 09:19:12.742
9065,PSYC-132589,TOTDay1,Training, 10,1, 2.jpg,2.jpg,150,150,6.899, 76.205,83.104,76.204,6,0,0,3,PH2_150,2023-02-28 09:19:20.103
9065,PSYC-132589,TOTDay1,Training, 11,0, 2.jpg,2.jpg,300,330,3.991, 83.494,87.485,83.493,5,0,0,2,PM2_300,2023-02-28 09:19:24.484
9065,PSYC-132589,TOTDay1,Training, 12,1, 2.jpg,2.jpg,270,270,2.79, 87.857,90.648,87.857,6,0,0,1,PE2_270,2023-02-28 09:19:27.647
9065,PSYC-132589,TOTDay1,Experiment, 1,1, 10.jpg,10.jpg,150,150,6.819, 93.383,100.202,90.98,1,0,0,3,AH10_150,2023-02-28 09:19:37.201
9065,PSYC-132589,TOTDay1,Experiment, 2,1, 7.jpg,7.jpg,330,330,4.203, 100.525,104.728,100.524,2,0,0,2,AM7_330,2023-02-28 09:19:41.727
9065,PSYC-132589,TOTDay1,Experiment, 3,1, 11.jpg,11.jpg,180,180,4.519, 105.044,109.564,105.044,3,0,0,1,BE11_180,2023-02-28 09:19:46.563
9065,PSYC-132589,TOTDay1,Experiment, 4,1, 7.jpg,7.jpg,270,270,15.439, 109.907,125.346,109.906,4,0,0,1,BE7_270,2023-02-28 09:20:02.346
9065,PSYC-132589,TOTDay1,Experiment, 5,0, 4.jpg,4.jpg,210,60,13.803, 125.758,139.561,125.758,3,0,0,3,BH4_210,2023-02-28 09:20:16.561
9065,PSYC-132589,TOTDay1,Experiment, 6,1, 9.jpg,9.jpg,30,30,6.479, 140.195,146.674,140.195,4,0,0,2,BM9_30,2023-02-28 09:20:23.673
9065,PSYC-132589,TOTDay1,Experiment, 7,0, 3.jpg,3.jpg,240,300,8.182, 146.96,155.142,146.96,3,0,0,3,BH3_240,2023-02-28 09:20:32.141
9065,PSYC-132589,TOTDay1,Experiment, 8,1, 4.jpg,4.jpg,180,180,4.42, 155.566,159.986,155.565,4,0,0,1,AE4_180,2023-02-28 09:20:36.985
9065,PSYC-132589,TOTDay1,Experiment, 9,0, 10.jpg,10.jpg,60,30,11.821, 160.351,172.172,160.35,3,0,0,2,BM10_60,2023-02-28 09:20:49.171
9065,PSYC-132589,TOTDay1,Experiment, 10,1, 9.jpg,9.jpg,240,240,12.807, 175.311,188.118,175.31,4,0,0,3,AH9_240,2023-02-28 09:21:05.117
9065,PSYC-132589,TOTDay1,Experiment, 11,1, 6.jpg,6.jpg,90,90,6.511, 188.554,195.065,188.553,5,0,0,1,BE6_90,2023-02-28 09:21:12.064
9065,PSYC-132589,TOTDay1,Experiment, 12,0, 6.jpg,6.jpg,30,60,4.748, 195.492,200.24,195.491,4,0,0,2,AM6_30,2023-02-28 09:21:17.239
9065,PSYC-132589,TOTDay1,Experiment, 13,0, 1.jpg,1.jpg,150,120,20.37, 200.548,220.918,200.547,3,0,0,3,BH1_150,2023-02-28 09:21:37.917
9065,PSYC-132589,TOTDay1,Experiment, 14,0, 11.jpg,11.jpg,60,90,4.211, 222.264,226.476,222.264,2,0,0,2,AM11_60,2023-02-28 09:21:43.475
9065,PSYC-132589,TOTDay1,Experiment, 15,0, 3.jpg,3.jpg,90,30,2.758, 227.028,229.786,227.028,1,0,0,1,AE3_90,2023-02-28 09:21:46.786
9065,PSYC-132589,TOTDay1,Experiment, 16,0, 8.jpg,8.jpg,330,150,3.94, 230.194,234.134,230.194,0,0,0,2,BM8_330,2023-02-28 09:21:51.133
9065,PSYC-132589,TOTDay1,Experiment, 17,1, 8.jpg,8.jpg,210,210,3.018, 234.553,237.572,234.553,1,0,0,3,AH8_210,2023-02-28 09:21:54.571
9065,PSYC-132589,TOTDay1,Experiment, 18,1, 1.jpg,1.jpg,270,270,7.378, 238.023,245.402,238.022,2,0,0,1,AE1_270,2023-02-28 09:22:02.401
9067,PSYC-134130,TOTDay1,Training, 1,1, 2.jpg,2.jpg,90,90,5.291, 11.797,17.082,11.797,1,0,0,1,PE2_90,2023-02-28 09:20:49.104
9067,PSYC-134130,TOTDay1,Training, 2,1, 2.jpg,2.jpg,180,180,3.633, 18.076,21.71,18.076,2,0,0,1,PE2_180,2023-02-28 09:20:53.727
9067,PSYC-134130,TOTDay1,Training, 3,0, 2.jpg,2.jpg,60,210,7.659, 22.158,29.818,22.158,1,0,0,2,PM2_60,2023-02-28 09:21:01.834
9067,PSYC-134130,TOTDay1,Training, 4,1, 2.jpg,2.jpg,30,30,4.221, 35.012,39.234,35.012,2,0,0,2,PM2_30,2023-02-28 09:21:11.250
9067,PSYC-134130,TOTDay1,Training, 5,1, 2.jpg,2.jpg,210,210,2.177, 41.502,43.68,41.502,3,0,0,3,PH2_210,2023-02-28 09:21:15.697
9067,PSYC-134130,TOTDay1,Training, 6,0, 2.jpg,2.jpg,120,150,2.639, 44.157,46.796,44.156,2,0,0,3,PH2_120,2023-02-28 09:21:18.812
9067,PSYC-134130,TOTDay1,Training, 7,0, 2.jpg,2.jpg,0,180,2.485, 53.423,55.908,53.422,1,0,0,1,PE2_0,2023-02-28 09:21:27.924
9067,PSYC-134130,TOTDay1,Training, 8,1, 2.jpg,2.jpg,240,240,6.244, 56.971,63.216,56.971,2,0,0,3,PH2_240,2023-02-28 09:21:35.232
9067,PSYC-134130,TOTDay1,Training, 9,0, 2.jpg,2.jpg,330,60,3.721, 63.672,67.394,63.672,1,0,0,2,PM2_330,2023-02-28 09:21:39.410
9067,PSYC-134130,TOTDay1,Training, 10,1, 2.jpg,2.jpg,150,150,2.905, 68.334,71.24,68.334,2,0,0,3,PH2_150,2023-02-28 09:21:43.256
9067,PSYC-134130,TOTDay1,Training, 11,1, 2.jpg,2.jpg,300,300,2.462, 71.666,74.128,71.666,3,0,0,2,PM2_300,2023-02-28 09:21:46.144
9067,PSYC-134130,TOTDay1,Training, 12,1, 2.jpg,2.jpg,270,270,1.899, 74.708,76.608,74.708,4,0,0,1,PE2_270,2023-02-28 09:21:48.624
9067,PSYC-134130,TOTDay1,Experiment, 1,1, 9.jpg,9.jpg,30,30,4.576, 79.37,83.946,77.084,1,0,0,2,BM9_30,2023-02-28 09:21:55.962
9067,PSYC-134130,TOTDay1,Experiment, 2,1, 3.jpg,3.jpg,90,90,6.34, 84.458,90.798,84.458,2,0,0,1,AE3_90,2023-02-28 09:22:02.814
9067,PSYC-134130,TOTDay1,Experiment, 3,0, 1.jpg,1.jpg,150,300,3.588, 91.25,94.838,91.25,1,0,0,3,BH1_150,2023-02-28 09:22:06.854
9067,PSYC-134130,TOTDay1,Experiment, 4,0, 11.jpg,11.jpg,180,0,7.571, 95.428,103,95.428,0,0,0,1,BE11_180,2023-02-28 09:22:15.016
9067,PSYC-134130,TOTDay1,Experiment, 5,0, 8.jpg,8.jpg,330,120,2.807, 103.668,106.476,103.668,-1,0,0,2,BM8_330,2023-02-28 09:22:18.491
9067,PSYC-134130,TOTDay1,Experiment, 6,0, 9.jpg,9.jpg,240,30,4.247, 106.94,111.188,106.94,-2,0,0,3,AH9_240,2023-02-28 09:22:23.204
9067,PSYC-134130,TOTDay1,Experiment, 7,1, 1.jpg,1.jpg,270,270,3.878, 111.536,115.414,111.536,-1,0,0,1,AE1_270,2023-02-28 09:22:27.431
9067,PSYC-134130,TOTDay1,Experiment, 8,0, 4.jpg,4.jpg,210,150,5.651, 115.832,121.484,115.832,-2,0,0,3,BH4_210,2023-02-28 09:22:33.500
9067,PSYC-134130,TOTDay1,Experiment, 9,1, 11.jpg,11.jpg,60,60,6.26, 122.122,128.382,122.122,-1,0,0,2,AM11_60,2023-02-28 09:22:40.398
9067,PSYC-134130,TOTDay1,Experiment, 10,0, 6.jpg,6.jpg,90,0,6.702, 128.824,135.526,128.824,-2,0,0,1,BE6_90,2023-02-28 09:22:47.542
9067,PSYC-134130,TOTDay1,Experiment, 11,1, 7.jpg,7.jpg,330,330,3.771, 135.986,139.758,135.986,-1,0,0,2,AM7_330,2023-02-28 09:22:51.774
9067,PSYC-134130,TOTDay1,Experiment, 12,0, 8.jpg,8.jpg,210,60,3.717, 140.23,143.948,140.23,-2,0,0,3,AH8_210,2023-02-28 09:22:55.964
9067,PSYC-134130,TOTDay1,Experiment, 13,1, 10.jpg,10.jpg,60,60,5.185, 145.586,150.772,145.586,-1,0,0,2,BM10_60,2023-02-28 09:23:02.787
9067,PSYC-134130,TOTDay1,Experiment, 14,1, 7.jpg,7.jpg,270,270,5.72, 151.262,156.982,151.262,0,0,0,1,BE7_270,2023-02-28 09:23:08.998
9067,PSYC-134130,TOTDay1,Experiment, 15,0, 3.jpg,3.jpg,240,300,4.625, 157.373,161.998,157.372,-1,0,0,3,BH3_240,2023-02-28 09:23:14.014
9067,PSYC-134130,TOTDay1,Experiment, 16,1, 4.jpg,4.jpg,180,180,5.319, 162.408,167.728,162.408,0,0,0,1,AE4_180,2023-02-28 09:23:19.743
9067,PSYC-134130,TOTDay1,Experiment, 17,1, 10.jpg,10.jpg,150,150,3.417, 168.082,171.5,168.082,1,0,0,3,AH10_150,2023-02-28 09:23:23.516
9067,PSYC-134130,TOTDay1,Experiment, 18,0, 6.jpg,6.jpg,30,120,2.195, 171.96,174.156,171.96,0,0,0,2,AM6_30,2023-02-28 09:23:26.172
9068,PSYC-132589,TOTDay1,Training, 1,1, 2.jpg,2.jpg,90,90,12.97, 98.606,111.574,98.604,1,0,0,1,PE2_90,2023-02-28 12:14:11.327
9068,PSYC-132589,TOTDay1,Training, 2,1, 2.jpg,2.jpg,180,180,5.557, 115.47,121.027,115.469,2,0,0,1,PE2_180,2023-02-28 12:14:20.779
9068,PSYC-132589,TOTDay1,Training, 3,0, 2.jpg,2.jpg,60,120,13.997, 125.592,139.589,125.591,1,0,0,2,PM2_60,2023-02-28 12:14:39.340
9068,PSYC-132589,TOTDay1,Training, 4,0, 2.jpg,2.jpg,30,60,2.835, 152.28,155.115,152.28,0,0,0,2,PM2_30,2023-02-28 12:14:54.867
9068,PSYC-132589,TOTDay1,Training, 5,0, 2.jpg,2.jpg,210,120,13.08, 157.924,171.003,157.923,-1,0,0,3,PH2_210,2023-02-28 12:15:10.755
9068,PSYC-132589,TOTDay1,Training, 6,0, 2.jpg,2.jpg,120,150,5.063, 178.358,183.421,178.358,-2,0,0,3,PH2_120,2023-02-28 12:15:23.173
9068,PSYC-132589,TOTDay1,Training, 7,1, 2.jpg,2.jpg,0,0,6.756, 188.848,195.604,188.848,-1,0,0,1,PE2_0,2023-02-28 12:15:35.355
9068,PSYC-132589,TOTDay1,Training, 8,0, 2.jpg,2.jpg,240,300,6.015, 198.56,204.575,198.559,-2,0,0,3,PH2_240,2023-02-28 12:15:44.327
9068,PSYC-132589,TOTDay1,Training, 9,0, 2.jpg,2.jpg,330,240,5.414, 205.634,211.047,205.633,-3,0,0,2,PM2_330,2023-02-28 12:15:50.799
9068,PSYC-132589,TOTDay1,Training, 10,0, 2.jpg,2.jpg,150,30,3.065, 212.415,215.481,212.415,-4,0,0,3,PH2_150,2023-02-28 12:15:55.232
9068,PSYC-132589,TOTDay1,Training, 11,0, 2.jpg,2.jpg,300,330,3.171, 216.93,220.101,216.93,-5,0,0,2,PM2_300,2023-02-28 12:15:59.852
9068,PSYC-132589,TOTDay1,Training, 12,1, 2.jpg,2.jpg,270,270,4.689, 221.94,226.629,221.939,-4,0,0,1,PE2_270,2023-02-28 12:16:06.380
9068,PSYC-132589,TOTDay1,Experiment, 1,0, 9.jpg,9.jpg,240,330,12.102, 231.481,243.583,229.331,-1,0,0,3,AH9_240,2023-02-28 12:16:23.335
9068,PSYC-132589,TOTDay1,Experiment, 2,1, 7.jpg,7.jpg,270,270,7.938, 246.274,254.212,246.273,0,0,0,1,BE7_270,2023-02-28 12:16:33.963
9068,PSYC-132589,TOTDay1,Experiment, 3,0, 8.jpg,8.jpg,330,90,9.375, 256.816,266.191,256.815,-1,0,0,2,BM8_330,2023-02-28 12:16:45.942
9068,PSYC-132589,TOTDay1,Experiment, 4,0, 3.jpg,3.jpg,90,300,9.539, 269.544,279.083,269.543,-2,0,0,1,AE3_90,2023-02-28 12:16:58.834
9068,PSYC-132589,TOTDay1,Experiment, 5,0, 10.jpg,10.jpg,150,240,16.135, 281.658,297.793,281.657,-3,0,0,3,AH10_150,2023-02-28 12:17:17.544
9068,PSYC-132589,TOTDay1,Experiment, 6,0, 9.jpg,9.jpg,30,240,5.94, 299.93,305.869,299.929,-4,0,0,2,BM9_30,2023-02-28 12:17:25.620
9068,PSYC-132589,TOTDay1,Experiment, 7,0, 3.jpg,3.jpg,240,0,0.364, 308.226,308.59,308.225,-5,0,0,3,BH3_240,2023-02-28 12:17:28.340
9068,PSYC-132589,TOTDay1,Experiment, 8,1, 11.jpg,11.jpg,180,180,10.845, 312.662,323.507,312.661,-4,0,0,1,BE11_180,2023-02-28 12:17:43.259
9068,PSYC-132589,TOTDay1,Experiment, 9,0, 11.jpg,11.jpg,60,300,8.771, 325.374,334.145,325.374,-5,0,0,2,AM11_60,2023-02-28 12:17:53.896
9068,PSYC-132589,TOTDay1,Experiment, 10,0, 10.jpg,10.jpg,60,240,9.12, 336.648,345.768,336.647,-6,0,0,2,BM10_60,2023-02-28 12:18:05.519
9068,PSYC-132589,TOTDay1,Experiment, 11,0, 1.jpg,1.jpg,150,210,8.031, 347.415,355.447,347.415,-7,0,0,3,BH1_150,2023-02-28 12:18:15.198
9068,PSYC-132589,TOTDay1,Experiment, 12,1, 4.jpg,4.jpg,180,180,7.045, 356.7,363.745,356.699,-6,0,0,1,AE4_180,2023-02-28 12:18:23.496
9068,PSYC-132589,TOTDay1,Experiment, 13,0, 8.jpg,8.jpg,210,270,12.301, 365.174,377.475,365.173,-7,0,0,3,AH8_210,2023-02-28 12:18:37.226
9068,PSYC-132589,TOTDay1,Experiment, 14,0, 7.jpg,7.jpg,330,30,7.551, 378.842,386.393,378.841,-8,0,0,2,AM7_330,2023-02-28 12:18:46.143
9068,PSYC-132589,TOTDay1,Experiment, 15,0, 1.jpg,1.jpg,270,90,4.513, 387.901,392.415,387.901,-9,0,0,1,AE1_270,2023-02-28 12:18:52.165
9068,PSYC-132589,TOTDay1,Experiment, 16,0, 6.jpg,6.jpg,90,180,7.981, 393.71,401.691,393.71,-10,0,0,1,BE6_90,2023-02-28 12:19:01.441
9068,PSYC-132589,TOTDay1,Experiment, 17,0, 4.jpg,4.jpg,210,270,8.667, 402.768,411.435,402.767,-11,0,0,3,BH4_210,2023-02-28 12:19:11.186
9068,PSYC-132589,TOTDay1,Experiment, 18,0, 6.jpg,6.jpg,30,330,5.882, 412.774,418.656,412.773,-12,0,0,2,AM6_30,2023-02-28 12:19:18.407
9070,PSYC-134130,TOTDay1,Training, 1,1, 2.jpg,2.jpg,90,90,9.151, 26.696,35.846,26.688,1,0,0,1,PE2_90,2023-02-28 12:22:21.438
9070,PSYC-134130,TOTDay1,Training, 2,1, 2.jpg,2.jpg,180,180,5.465, 38.884,44.349,38.883,2,0,0,1,PE2_180,2023-02-28 12:22:29.940
9070,PSYC-134130,TOTDay1,Training, 3,0, 2.jpg,2.jpg,60,300,5.463, 45.382,50.845,45.381,1,0,0,2,PM2_60,2023-02-28 12:22:36.436
9070,PSYC-134130,TOTDay1,Training, 4,0, 2.jpg,2.jpg,30,300,7.905, 53.83,61.735,53.829,0,0,0,2,PM2_30,2023-02-28 12:22:47.326
9070,PSYC-134130,TOTDay1,Training, 5,1, 2.jpg,2.jpg,210,210,6.825, 64.31,71.135,64.31,1,0,0,3,PH2_210,2023-02-28 12:22:56.726
9070,PSYC-134130,TOTDay1,Training, 6,0, 2.jpg,2.jpg,120,240,5.438, 72.142,77.58,72.141,0,0,0,3,PH2_120,2023-02-28 12:23:03.170
9070,PSYC-134130,TOTDay1,Training, 7,1, 2.jpg,2.jpg,0,0,4.533, 84.262,88.795,84.261,1,0,0,1,PE2_0,2023-02-28 12:23:14.386
9070,PSYC-134130,TOTDay1,Training, 8,0, 2.jpg,2.jpg,240,210,6.075, 90.092,96.167,90.091,0,0,0,3,PH2_240,2023-02-28 12:23:21.757
9070,PSYC-134130,TOTDay1,Training, 9,0, 2.jpg,2.jpg,330,30,8.567, 97.38,105.947,97.379,-1,0,0,2,PM2_330,2023-02-28 12:23:31.538
9070,PSYC-134130,TOTDay1,Training, 10,0, 2.jpg,2.jpg,150,210,5.345, 106.768,112.113,106.768,-2,0,0,3,PH2_150,2023-02-28 12:23:37.704
9070,PSYC-134130,TOTDay1,Training, 11,0, 2.jpg,2.jpg,300,120,6.374, 112.859,119.233,112.858,-3,0,0,2,PM2_300,2023-02-28 12:23:44.824
9070,PSYC-134130,TOTDay1,Training, 12,0, 2.jpg,2.jpg,270,90,4.777, 121.542,126.319,121.541,-4,0,0,1,PE2_270,2023-02-28 12:23:51.909
9070,PSYC-134130,TOTDay1,Experiment, 1,0, 6.jpg,6.jpg,90,180,13.35, 129.307,142.658,127.157,-1,0,0,1,BE6_90,2023-02-28 12:24:08.248
9070,PSYC-134130,TOTDay1,Experiment, 2,0, 1.jpg,1.jpg,150,180,9.047, 143.754,152.801,143.753,-2,0,0,3,BH1_150,2023-02-28 12:24:18.392
9070,PSYC-134130,TOTDay1,Experiment, 3,0, 11.jpg,11.jpg,60,150,4.008, 153.656,157.664,153.655,-3,0,0,2,AM11_60,2023-02-28 12:24:23.254
9070,PSYC-134130,TOTDay1,Experiment, 4,0, 8.jpg,8.jpg,210,60,2.889, 159.174,162.063,159.173,-4,0,0,3,AH8_210,2023-02-28 12:24:27.654
9070,PSYC-134130,TOTDay1,Experiment, 5,1, 1.jpg,1.jpg,270,270,3.791, 162.93,166.721,162.929,-3,0,0,1,AE1_270,2023-02-28 12:24:32.311
9070,PSYC-134130,TOTDay1,Experiment, 6,0, 8.jpg,8.jpg,330,210,5.469, 167.584,173.053,167.583,-4,0,0,2,BM8_330,2023-02-28 12:24:38.644
9070,PSYC-134130,TOTDay1,Experiment, 7,0, 9.jpg,9.jpg,240,60,2.607, 173.726,176.334,173.725,-5,0,0,3,AH9_240,2023-02-28 12:24:41.924
9070,PSYC-134130,TOTDay1,Experiment, 8,0, 7.jpg,7.jpg,270,90,6.488, 176.997,183.485,176.997,-6,0,0,1,BE7_270,2023-02-28 12:24:49.076
9070,PSYC-134130,TOTDay1,Experiment, 9,0, 7.jpg,7.jpg,330,150,3.927, 184.086,188.013,184.085,-7,0,0,2,AM7_330,2023-02-28 12:24:53.604
9070,PSYC-134130,TOTDay1,Experiment, 10,1, 3.jpg,3.jpg,240,240,3.141, 188.524,191.665,188.523,-6,0,0,3,BH3_240,2023-02-28 12:24:57.256
9070,PSYC-134130,TOTDay1,Experiment, 11,0, 4.jpg,4.jpg,180,210,3.787, 192.668,196.455,192.667,-7,0,0,1,AE4_180,2023-02-28 12:25:02.045
9070,PSYC-134130,TOTDay1,Experiment, 12,0, 6.jpg,6.jpg,30,300,2.613, 197.098,199.711,197.097,-8,0,0,2,AM6_30,2023-02-28 12:25:05.301
9070,PSYC-134130,TOTDay1,Experiment, 13,0, 3.jpg,3.jpg,90,180,6.708, 201.293,208.001,201.293,-9,0,0,1,AE3_90,2023-02-28 12:25:13.592
9070,PSYC-134130,TOTDay1,Experiment, 14,0, 10.jpg,10.jpg,150,120,2.631, 208.548,211.179,208.547,-10,0,0,3,AH10_150,2023-02-28 12:25:16.770
9070,PSYC-134130,TOTDay1,Experiment, 15,0, 9.jpg,9.jpg,30,330,4.067, 211.834,215.901,211.833,-11,0,0,2,BM9_30,2023-02-28 12:25:21.492
9070,PSYC-134130,TOTDay1,Experiment, 16,0, 4.jpg,4.jpg,210,240,3.363, 216.408,219.771,216.408,-12,0,0,3,BH4_210,2023-02-28 12:25:25.362
9070,PSYC-134130,TOTDay1,Experiment, 17,1, 10.jpg,10.jpg,60,60,2.341, 221.216,223.557,221.215,-11,0,0,2,BM10_60,2023-02-28 12:25:29.147
9070,PSYC-134130,TOTDay1,Experiment, 18,0, 11.jpg,11.jpg,180,0,2.709, 224.584,227.293,224.584,-12,0,0,1,BE11_180,2023-02-28 12:25:32.884
9073,PSYC-134130,TOTDay1,Training, 1,0, 2.jpg,2.jpg,90,60,9.623, 41.622,51.244,41.621,-1,0,0,1,PE2_90,2023-02-28 15:27:08.755
9073,PSYC-134130,TOTDay1,Training, 2,0, 2.jpg,2.jpg,180,210,5.893, 56.822,62.715,56.822,-2,0,0,1,PE2_180,2023-02-28 15:27:20.225
9073,PSYC-134130,TOTDay1,Training, 3,0, 2.jpg,2.jpg,60,300,8.091, 74.146,82.237,74.145,-3,0,0,2,PM2_60,2023-02-28 15:27:39.746
9073,PSYC-134130,TOTDay1,Training, 4,0, 2.jpg,2.jpg,30,0,3.419, 87.364,90.783,87.363,-4,0,0,2,PM2_30,2023-02-28 15:27:48.293
9073,PSYC-134130,TOTDay1,Training, 5,0, 2.jpg,2.jpg,210,300,15.302, 95.08,110.382,95.079,-5,0,0,3,PH2_210,2023-02-28 15:28:07.891
9073,PSYC-134130,TOTDay1,Training, 6,0, 2.jpg,2.jpg,120,60,4.697, 117.36,122.057,117.36,-6,0,0,3,PH2_120,2023-02-28 15:28:19.567
9073,PSYC-134130,TOTDay1,Training, 7,1, 2.jpg,2.jpg,0,0,5.455, 129.118,134.573,129.117,-5,0,0,1,PE2_0,2023-02-28 15:28:32.082
9073,PSYC-134130,TOTDay1,Training, 8,0, 2.jpg,2.jpg,240,120,8.074, 136.164,144.238,136.163,-6,0,0,3,PH2_240,2023-02-28 15:28:41.747
9073,PSYC-134130,TOTDay1,Training, 9,0, 2.jpg,2.jpg,330,300,8.778, 146.662,155.44,146.661,-7,0,0,2,PM2_330,2023-02-28 15:28:52.949
9073,PSYC-134130,TOTDay1,Training, 10,1, 2.jpg,2.jpg,150,150,6.922, 157.058,163.979,157.057,-6,0,0,3,PH2_150,2023-02-28 15:29:01.489
9073,PSYC-134130,TOTDay1,Training, 11,0, 2.jpg,2.jpg,300,240,9.534, 164.924,174.457,164.923,-7,0,0,2,PM2_300,2023-02-28 15:29:11.967
9073,PSYC-134130,TOTDay1,Training, 12,0, 2.jpg,2.jpg,270,180,4.257, 175.738,179.995,175.737,-8,0,0,1,PE2_270,2023-02-28 15:29:17.505
9073,PSYC-134130,TOTDay1,Experiment, 1,0, 8.jpg,8.jpg,210,150,9.079, 183.848,192.927,181.259,-1,0,0,3,AH8_210,2023-02-28 15:29:30.437
9073,PSYC-134130,TOTDay1,Experiment, 2,1, 10.jpg,10.jpg,60,60,11.129, 194.744,205.873,194.743,0,0,0,2,BM10_60,2023-02-28 15:29:43.383
9073,PSYC-134130,TOTDay1,Experiment, 3,0, 1.jpg,1.jpg,270,210,3.805, 207.144,210.949,207.143,-1,0,0,1,AE1_270,2023-02-28 15:29:48.459
9073,PSYC-134130,TOTDay1,Experiment, 4,1, 10.jpg,10.jpg,150,150,18.941, 212.986,231.927,212.985,0,0,0,3,AH10_150,2023-02-28 15:30:09.436
9073,PSYC-134130,TOTDay1,Experiment, 5,0, 6.jpg,6.jpg,90,180,7.21, 233.214,240.424,233.213,-1,0,0,1,BE6_90,2023-02-28 15:30:17.933
9073,PSYC-134130,TOTDay1,Experiment, 6,0, 9.jpg,9.jpg,30,60,8.995, 241.422,250.417,241.421,-2,0,0,2,BM9_30,2023-02-28 15:30:27.927
9073,PSYC-134130,TOTDay1,Experiment, 7,0, 7.jpg,7.jpg,330,300,3.591, 251.548,255.139,251.547,-3,0,0,2,AM7_330,2023-02-28 15:30:32.649
9073,PSYC-134130,TOTDay1,Experiment, 8,0, 11.jpg,11.jpg,180,0,9.071, 256.864,265.935,256.863,-4,0,0,1,BE11_180,2023-02-28 15:30:43.445
9073,PSYC-134130,TOTDay1,Experiment, 9,0, 1.jpg,1.jpg,150,30,5.632, 269.804,275.435,269.803,-5,0,0,3,BH1_150,2023-02-28 15:30:52.945
9073,PSYC-134130,TOTDay1,Experiment, 10,0, 11.jpg,11.jpg,60,300,3.522, 278.565,282.087,278.565,-6,0,0,2,AM11_60,2023-02-28 15:30:59.596
9073,PSYC-134130,TOTDay1,Experiment, 11,1, 4.jpg,4.jpg,180,180,7.011, 289.988,296.999,289.988,-5,0,0,1,AE4_180,2023-02-28 15:31:14.509
9073,PSYC-134130,TOTDay1,Experiment, 12,0, 4.jpg,4.jpg,210,150,4.41, 298.633,303.043,298.633,-6,0,0,3,BH4_210,2023-02-28 15:31:20.552
9073,PSYC-134130,TOTDay1,Experiment, 13,0, 7.jpg,7.jpg,270,90,6.399, 305.031,311.431,305.031,-7,0,0,1,BE7_270,2023-02-28 15:31:28.940
9073,PSYC-134130,TOTDay1,Experiment, 14,0, 3.jpg,3.jpg,240,90,12.532, 319.006,331.537,319.005,-8,0,0,3,BH3_240,2023-02-28 15:31:49.047
9073,PSYC-134130,TOTDay1,Experiment, 15,0, 8.jpg,8.jpg,330,60,4.463, 333.193,337.657,333.193,-9,0,0,2,BM8_330,2023-02-28 15:31:55.167
9073,PSYC-134130,TOTDay1,Experiment, 16,0, 6.jpg,6.jpg,30,0,3.667, 338.766,342.433,338.765,-10,0,0,2,AM6_30,2023-02-28 15:31:59.943
9073,PSYC-134130,TOTDay1,Experiment, 17,0, 9.jpg,9.jpg,240,120,5.543, 345.83,351.373,345.829,-11,0,0,3,AH9_240,2023-02-28 15:32:08.883
9073,PSYC-134130,TOTDay1,Experiment, 18,0, 3.jpg,3.jpg,90,300,4.927, 352.528,357.455,352.527,-12,0,0,1,AE3_90,2023-02-28 15:32:14.964
9071,PSYC-132589,TOTDay1,Training, 1,0, 2.jpg,2.jpg,90,180,12.603, 91.189,103.789,91.188,-1,0,0,1,PE2_90,2023-02-28 15:26:18.051
9071,PSYC-132589,TOTDay1,Training, 2,1, 2.jpg,2.jpg,180,180,4.972, 108.384,113.356,108.384,0,0,0,1,PE2_180,2023-02-28 15:26:27.615
9071,PSYC-132589,TOTDay1,Training, 3,0, 2.jpg,2.jpg,60,150,6.063, 114.584,120.646,114.584,-1,0,0,2,PM2_60,2023-02-28 15:26:34.906
9071,PSYC-132589,TOTDay1,Training, 4,1, 2.jpg,2.jpg,30,30,6.436, 124.37,130.806,124.37,0,0,0,2,PM2_30,2023-02-28 15:26:45.064
9071,PSYC-132589,TOTDay1,Training, 5,0, 2.jpg,2.jpg,210,240,7.36, 131.686,139.046,131.686,-1,0,0,3,PH2_210,2023-02-28 15:26:53.305
9071,PSYC-132589,TOTDay1,Training, 6,0, 2.jpg,2.jpg,120,150,8.36, 145.148,153.508,145.148,-2,0,0,3,PH2_120,2023-02-28 15:27:07.767
9071,PSYC-132589,TOTDay1,Training, 7,1, 2.jpg,2.jpg,0,0,4.769, 158.601,163.37,158.6,-1,0,0,1,PE2_0,2023-02-28 15:27:17.629
9071,PSYC-132589,TOTDay1,Training, 8,1, 2.jpg,2.jpg,240,240,12.266, 164,176.266,164,0,0,0,3,PH2_240,2023-02-28 15:27:30.525
9071,PSYC-132589,TOTDay1,Training, 9,1, 2.jpg,2.jpg,330,330,4.914, 177.093,182.006,177.092,1,0,0,2,PM2_330,2023-02-28 15:27:36.265
9071,PSYC-132589,TOTDay1,Training, 10,1, 2.jpg,2.jpg,150,150,7.671, 182.757,190.429,182.757,2,0,0,3,PH2_150,2023-02-28 15:27:44.686
9071,PSYC-132589,TOTDay1,Training, 11,1, 2.jpg,2.jpg,300,300,5.768, 191.087,196.855,191.086,3,0,0,2,PM2_300,2023-02-28 15:27:51.113
9071,PSYC-132589,TOTDay1,Training, 12,1, 2.jpg,2.jpg,270,270,2.404, 197.355,199.759,197.354,4,0,0,1,PE2_270,2023-02-28 15:27:54.017
9071,PSYC-132589,TOTDay1,Experiment, 1,1, 3.jpg,3.jpg,90,90,5.77, 203.383,209.154,200.396,1,0,0,1,AE3_90,2023-02-28 15:28:03.412
9071,PSYC-132589,TOTDay1,Experiment, 2,1, 3.jpg,3.jpg,240,240,24.318, 210.1,234.418,210.099,2,0,0,3,BH3_240,2023-02-28 15:28:28.676
9071,PSYC-132589,TOTDay1,Experiment, 3,0, 9.jpg,9.jpg,30,150,20.185, 234.973,255.158,234.972,1,0,0,2,BM9_30,2023-02-28 15:28:49.416
9071,PSYC-132589,TOTDay1,Experiment, 4,0, 6.jpg,6.jpg,90,180,18.627, 256.441,275.068,256.44,0,0,0,1,BE6_90,2023-02-28 15:29:09.326
9071,PSYC-132589,TOTDay1,Experiment, 5,0, 4.jpg,4.jpg,210,30,15.19, 276.292,291.482,276.291,-1,0,0,3,BH4_210,2023-02-28 15:29:25.740
9071,PSYC-132589,TOTDay1,Experiment, 6,1, 11.jpg,11.jpg,60,60,15.271, 292.111,307.382,292.11,0,0,0,2,AM11_60,2023-02-28 15:29:41.640
9071,PSYC-132589,TOTDay1,Experiment, 7,1, 8.jpg,8.jpg,330,330,14.742, 308.001,322.743,308,1,0,0,2,BM8_330,2023-02-28 15:29:57.001
9071,PSYC-132589,TOTDay1,Experiment, 8,1, 8.jpg,8.jpg,210,210,26.365, 323.271,349.636,323.27,2,0,0,3,AH8_210,2023-02-28 15:30:23.893
9071,PSYC-132589,TOTDay1,Experiment, 9,1, 4.jpg,4.jpg,180,180,6.037, 350.267,356.305,350.266,3,0,0,1,AE4_180,2023-02-28 15:30:30.562
9071,PSYC-132589,TOTDay1,Experiment, 10,1, 6.jpg,6.jpg,30,30,18.029, 356.793,374.822,356.793,4,0,0,2,AM6_30,2023-02-28 15:30:49.080
9071,PSYC-132589,TOTDay1,Experiment, 11,1, 7.jpg,7.jpg,270,270,7.456, 375.408,382.864,375.407,5,0,0,1,BE7_270,2023-02-28 15:30:57.121
9071,PSYC-132589,TOTDay1,Experiment, 12,0, 1.jpg,1.jpg,150,120,24.872, 383.322,408.194,383.322,4,0,0,3,BH1_150,2023-02-28 15:31:22.452
9071,PSYC-132589,TOTDay1,Experiment, 13,1, 7.jpg,7.jpg,330,330,9.32, 408.885,418.205,408.884,5,0,0,2,AM7_330,2023-02-28 15:31:32.462
9071,PSYC-132589,TOTDay1,Experiment, 14,0, 10.jpg,10.jpg,150,330,24.414, 418.779,443.193,418.778,4,0,0,3,AH10_150,2023-02-28 15:31:57.450
9071,PSYC-132589,TOTDay1,Experiment, 15,0, 1.jpg,1.jpg,270,90,7.265, 443.815,451.08,443.814,3,0,0,1,AE1_270,2023-02-28 15:32:05.337
9071,PSYC-132589,TOTDay1,Experiment, 16,1, 10.jpg,10.jpg,60,60,9.158, 453.537,462.695,453.536,4,0,0,2,BM10_60,2023-02-28 15:32:16.951
9071,PSYC-132589,TOTDay1,Experiment, 17,0, 9.jpg,9.jpg,240,210,24.527, 463.232,487.759,463.231,3,0,0,3,AH9_240,2023-02-28 15:32:42.015
9071,PSYC-132589,TOTDay1,Experiment, 18,0, 11.jpg,11.jpg,180,0,3.083, 488.319,491.403,488.319,2,0,0,1,BE11_180,2023-02-28 15:32:45.659
9072,PSYC-134128,TOTDay1,Training, 1,0, 2.jpg,2.jpg,90,240,12.26, 124.665,136.924,124.664,-1,0,0,1,PE2_90,2023-02-28 15:37:14.372
9072,PSYC-134128,TOTDay1,Training, 2,1, 2.jpg,2.jpg,180,180,7.545, 144.59,152.136,144.59,0,0,0,1,PE2_180,2023-02-28 15:37:29.581
9072,PSYC-134128,TOTDay1,Training, 3,0, 2.jpg,2.jpg,60,330,4.428, 156.295,160.722,156.294,-1,0,0,2,PM2_60,2023-02-28 15:37:38.168
9072,PSYC-134128,TOTDay1,Training, 4,1, 2.jpg,2.jpg,30,30,3.664, 164.87,168.534,164.87,0,0,0,2,PM2_30,2023-02-28 15:37:45.981
9072,PSYC-134128,TOTDay1,Training, 5,0, 2.jpg,2.jpg,210,240,5.79, 172.228,178.018,172.228,-1,0,0,3,PH2_210,2023-02-28 15:37:55.464
9072,PSYC-134128,TOTDay1,Training, 6,0, 2.jpg,2.jpg,120,60,4.412, 184.142,188.554,184.14,-2,0,0,3,PH2_120,2023-02-28 15:38:06.001
9072,PSYC-134128,TOTDay1,Training, 7,0, 2.jpg,2.jpg,0,120,7.102, 197.194,204.297,197.194,-3,0,0,1,PE2_0,2023-02-28 15:38:21.743
9072,PSYC-134128,TOTDay1,Training, 8,0, 2.jpg,2.jpg,240,0,0.876, 205.553,206.429,205.552,-4,0,0,3,PH2_240,2023-02-28 15:38:23.875
9072,PSYC-134128,TOTDay1,Training, 9,0, 2.jpg,2.jpg,330,150,4.187, 209.602,213.79,209.602,-5,0,0,2,PM2_330,2023-02-28 15:38:31.236
9072,PSYC-134128,TOTDay1,Training, 10,0, 2.jpg,2.jpg,150,0,0.671, 214.614,215.286,214.614,-6,0,0,3,PH2_150,2023-02-28 15:38:32.732
9072,PSYC-134128,TOTDay1,Training, 11,0, 2.jpg,2.jpg,300,0,0.602, 216.344,216.946,216.344,-7,0,0,2,PM2_300,2023-02-28 15:38:34.392
9072,PSYC-134128,TOTDay1,Training, 12,0, 2.jpg,2.jpg,270,0,0.491, 217.423,217.914,217.422,-8,0,0,1,PE2_270,2023-02-28 15:38:35.360
9072,PSYC-134128,TOTDay1,Experiment, 1,0, 8.jpg,8.jpg,210,270,10.071, 219.977,230.048,218.312,-1,0,0,3,AH8_210,2023-02-28 15:38:47.494
9072,PSYC-134128,TOTDay1,Experiment, 2,0, 6.jpg,6.jpg,30,180,3.513, 234.028,237.542,234.028,-2,0,0,2,AM6_30,2023-02-28 15:38:54.988
9072,PSYC-134128,TOTDay1,Experiment, 3,0, 7.jpg,7.jpg,270,150,4.079, 238.179,242.258,238.179,-3,0,0,1,BE7_270,2023-02-28 15:38:59.705
9072,PSYC-134128,TOTDay1,Experiment, 4,0, 3.jpg,3.jpg,240,120,9.934, 243.03,252.964,243.03,-4,0,0,3,BH3_240,2023-02-28 15:39:10.411
9072,PSYC-134128,TOTDay1,Experiment, 5,0, 10.jpg,10.jpg,60,210,13.719, 253.883,267.602,253.882,-5,0,0,2,BM10_60,2023-02-28 15:39:25.049
9072,PSYC-134128,TOTDay1,Experiment, 6,1, 4.jpg,4.jpg,180,180,4.698, 268.484,273.182,268.484,-4,0,0,1,AE4_180,2023-02-28 15:39:30.629
9072,PSYC-134128,TOTDay1,Experiment, 7,0, 6.jpg,6.jpg,90,210,11.351, 276.619,287.97,276.618,-5,0,0,1,BE6_90,2023-02-28 15:39:45.416
9072,PSYC-134128,TOTDay1,Experiment, 8,0, 11.jpg,11.jpg,60,120,3.376, 288.904,292.28,288.904,-6,0,0,2,AM11_60,2023-02-28 15:39:49.727
9072,PSYC-134128,TOTDay1,Experiment, 9,0, 10.jpg,10.jpg,150,180,3.356, 292.844,296.2,292.843,-7,0,0,3,AH10_150,2023-02-28 15:39:53.647
9072,PSYC-134128,TOTDay1,Experiment, 10,0, 1.jpg,1.jpg,270,150,6.416, 296.958,303.374,296.957,-8,0,0,1,AE1_270,2023-02-28 15:40:00.820
9072,PSYC-134128,TOTDay1,Experiment, 11,1, 9.jpg,9.jpg,240,240,3.055, 304.058,307.114,304.058,-7,0,0,3,AH9_240,2023-02-28 15:40:04.561
9072,PSYC-134128,TOTDay1,Experiment, 12,0, 7.jpg,7.jpg,330,270,2.213, 308.832,311.046,308.832,-8,0,0,2,AM7_330,2023-02-28 15:40:08.493
9072,PSYC-134128,TOTDay1,Experiment, 13,0, 4.jpg,4.jpg,210,150,2.702, 311.507,314.209,311.506,-9,0,0,3,BH4_210,2023-02-28 15:40:11.655
9072,PSYC-134128,TOTDay1,Experiment, 14,0, 8.jpg,8.jpg,330,90,2.993, 314.876,317.87,314.876,-10,0,0,2,BM8_330,2023-02-28 15:40:15.317
9072,PSYC-134128,TOTDay1,Experiment, 15,0, 11.jpg,11.jpg,180,0,2.621, 318.584,321.206,318.584,-11,0,0,1,BE11_180,2023-02-28 15:40:18.653
9072,PSYC-134128,TOTDay1,Experiment, 16,0, 1.jpg,1.jpg,150,210,3.477, 321.964,325.442,321.964,-12,0,0,3,BH1_150,2023-02-28 15:40:22.888
9072,PSYC-134128,TOTDay1,Experiment, 17,0, 9.jpg,9.jpg,30,150,2.768, 326.04,328.808,326.04,-13,0,0,2,BM9_30,2023-02-28 15:40:26.255
9072,PSYC-134128,TOTDay1,Experiment, 18,1, 3.jpg,3.jpg,90,90,2.107, 329.285,331.392,329.284,-12,0,0,1,AE3_90,2023-02-28 15:40:28.839
9076,PSYC-134128,TOTDay1,Training, 1,1, 2.jpg,2.jpg,90,90,7.083, 57.149,64.225,57.147,1,0,0,1,PE2_90,2023-03-01 09:29:27.056
9076,PSYC-134128,TOTDay1,Training, 2,1, 2.jpg,2.jpg,180,180,7.55, 66.56,74.11,66.558,2,0,0,1,PE2_180,2023-03-01 09:29:36.935
9076,PSYC-134128,TOTDay1,Training, 3,0, 2.jpg,2.jpg,60,270,4.672, 77.569,82.242,77.568,1,0,0,2,PM2_60,2023-03-01 09:29:45.067
9076,PSYC-134128,TOTDay1,Training, 4,0, 2.jpg,2.jpg,30,300,6.796, 96.305,103.102,96.305,0,0,0,2,PM2_30,2023-03-01 09:30:05.927
9076,PSYC-134128,TOTDay1,Training, 5,0, 2.jpg,2.jpg,210,0,5.52, 105.25,110.77,105.25,-1,0,0,3,PH2_210,2023-03-01 09:30:13.595
9076,PSYC-134128,TOTDay1,Training, 6,0, 2.jpg,2.jpg,120,270,7.65, 125.927,133.576,125.926,-2,0,0,3,PH2_120,2023-03-01 09:30:36.401
9076,PSYC-134128,TOTDay1,Training, 7,1, 2.jpg,2.jpg,0,0,6.267, 139.297,145.564,139.296,-1,0,0,1,PE2_0,2023-03-01 09:30:48.389
9076,PSYC-134128,TOTDay1,Training, 8,0, 2.jpg,2.jpg,240,90,6.315, 147.76,154.076,147.76,-2,0,0,3,PH2_240,2023-03-01 09:30:56.900
9076,PSYC-134128,TOTDay1,Training, 9,0, 2.jpg,2.jpg,330,300,8.034, 159.234,167.269,159.234,-3,0,0,2,PM2_330,2023-03-01 09:31:10.094
9076,PSYC-134128,TOTDay1,Training, 10,0, 2.jpg,2.jpg,150,240,6.656, 169.51,176.166,169.509,-4,0,0,3,PH2_150,2023-03-01 09:31:18.990
9076,PSYC-134128,TOTDay1,Training, 11,1, 2.jpg,2.jpg,300,300,6.603, 178.175,184.778,178.174,-3,0,0,2,PM2_300,2023-03-01 09:31:27.602
9076,PSYC-134128,TOTDay1,Training, 12,1, 2.jpg,2.jpg,270,270,5.868, 186.379,192.248,186.378,-2,0,0,1,PE2_270,2023-03-01 09:31:35.072
9076,PSYC-134128,TOTDay1,Experiment, 1,0, 7.jpg,7.jpg,270,300,15.937, 199.545,215.482,195.224,-1,0,0,1,BE7_270,2023-03-01 09:31:58.306
9076,PSYC-134128,TOTDay1,Experiment, 2,1, 6.jpg,6.jpg,30,30,8.355, 217.179,225.533,217.179,0,0,0,2,AM6_30,2023-03-01 09:32:08.359
9076,PSYC-134128,TOTDay1,Experiment, 3,0, 9.jpg,9.jpg,240,210,7.827, 226.802,234.629,226.802,-1,0,0,3,AH9_240,2023-03-01 09:32:17.455
9076,PSYC-134128,TOTDay1,Experiment, 4,0, 10.jpg,10.jpg,60,120,11.086, 235.429,246.516,235.429,-2,0,0,2,BM10_60,2023-03-01 09:32:29.341
9076,PSYC-134128,TOTDay1,Experiment, 5,0, 1.jpg,1.jpg,270,180,7.709, 247.436,255.146,247.436,-3,0,0,1,AE1_270,2023-03-01 09:32:37.971
9076,PSYC-134128,TOTDay1,Experiment, 6,0, 4.jpg,4.jpg,210,30,7.941, 255.697,263.638,255.697,-4,0,0,3,BH4_210,2023-03-01 09:32:46.463
9076,PSYC-134128,TOTDay1,Experiment, 7,0, 11.jpg,11.jpg,60,210,15.315, 264.271,279.586,264.27,-5,0,0,2,AM11_60,2023-03-01 09:33:02.411
9076,PSYC-134128,TOTDay1,Experiment, 8,1, 6.jpg,6.jpg,90,90,15.064, 280.271,295.336,280.271,-4,0,0,1,BE6_90,2023-03-01 09:33:18.161
9076,PSYC-134128,TOTDay1,Experiment, 9,0, 8.jpg,8.jpg,210,120,6.829, 296.258,303.088,296.258,-5,0,0,3,AH8_210,2023-03-01 09:33:25.912
9076,PSYC-134128,TOTDay1,Experiment, 10,0, 3.jpg,3.jpg,240,60,10.487, 303.839,314.326,303.839,-6,0,0,3,BH3_240,2023-03-01 09:33:37.151
9076,PSYC-134128,TOTDay1,Experiment, 11,0, 8.jpg,8.jpg,330,60,11.721, 314.971,326.692,314.97,-7,0,0,2,BM8_330,2023-03-01 09:33:49.517
9076,PSYC-134128,TOTDay1,Experiment, 12,0, 11.jpg,11.jpg,180,270,11.826, 327.44,339.266,327.439,-8,0,0,1,BE11_180,2023-03-01 09:34:02.091
9076,PSYC-134128,TOTDay1,Experiment, 13,0, 10.jpg,10.jpg,150,270,12.015, 339.894,351.91,339.894,-9,0,0,3,AH10_150,2023-03-01 09:34:14.734
9076,PSYC-134128,TOTDay1,Experiment, 14,0, 7.jpg,7.jpg,330,150,11.085, 352.657,363.742,352.656,-10,0,0,2,AM7_330,2023-03-01 09:34:26.567
9076,PSYC-134128,TOTDay1,Experiment, 15,0, 3.jpg,3.jpg,90,60,11.352, 364.628,375.98,364.628,-11,0,0,1,AE3_90,2023-03-01 09:34:38.805
9076,PSYC-134128,TOTDay1,Experiment, 16,0, 4.jpg,4.jpg,180,120,12.291, 376.673,388.964,376.672,-12,0,0,1,AE4_180,2023-03-01 09:34:51.788
9076,PSYC-134128,TOTDay1,Experiment, 17,0, 1.jpg,1.jpg,150,90,7.901, 389.8,397.702,389.8,-13,0,0,3,BH1_150,2023-03-01 09:35:00.526
9076,PSYC-134128,TOTDay1,Experiment, 18,0, 9.jpg,9.jpg,30,210,4.478, 398.302,402.78,398.302,-14,0,0,2,BM9_30,2023-03-01 09:35:05.604
9074,PSYC-132589,TOTDay1,Training, 1,1, 2.jpg,2.jpg,90,90,5.562, 38.734,44.294,38.732,1,0,0,1,PE2_90,2023-03-01 09:30:16.058
9074,PSYC-132589,TOTDay1,Training, 2,0, 2.jpg,2.jpg,180,0,4.535, 47.871,52.406,47.871,0,0,0,1,PE2_180,2023-03-01 09:30:24.169
9074,PSYC-132589,TOTDay1,Training, 3,0, 2.jpg,2.jpg,60,150,10.758, 60.453,71.21,60.452,-1,0,0,2,PM2_60,2023-03-01 09:30:42.973
9074,PSYC-132589,TOTDay1,Training, 4,1, 2.jpg,2.jpg,30,30,8.26, 83.508,91.768,83.508,0,0,0,2,PM2_30,2023-03-01 09:31:03.530
9074,PSYC-132589,TOTDay1,Training, 5,1, 2.jpg,2.jpg,210,210,11.196, 92.604,103.8,92.604,1,0,0,3,PH2_210,2023-03-01 09:31:15.563
9074,PSYC-132589,TOTDay1,Training, 6,0, 2.jpg,2.jpg,120,150,11.862, 104.392,116.254,104.392,0,0,0,3,PH2_120,2023-03-01 09:31:28.016
9074,PSYC-132589,TOTDay1,Training, 7,1, 2.jpg,2.jpg,0,0,0.236, 121.139,121.376,121.138,1,0,0,1,PE2_0,2023-03-01 09:31:33.138
9074,PSYC-132589,TOTDay1,Training, 8,1, 2.jpg,2.jpg,240,240,14.657, 124.884,139.542,124.884,2,0,0,3,PH2_240,2023-03-01 09:31:51.304
9074,PSYC-132589,TOTDay1,Training, 9,1, 2.jpg,2.jpg,330,330,27.403, 141.921,169.324,141.92,3,0,0,2,PM2_330,2023-03-01 09:32:21.087
9074,PSYC-132589,TOTDay1,Training, 10,1, 2.jpg,2.jpg,150,150,11.587, 170.168,181.756,170.168,4,0,0,3,PH2_150,2023-03-01 09:32:33.519
9074,PSYC-132589,TOTDay1,Training, 11,0, 2.jpg,2.jpg,300,120,8.512, 182.202,190.714,182.202,3,0,0,2,PM2_300,2023-03-01 09:32:42.476
9074,PSYC-132589,TOTDay1,Training, 12,1, 2.jpg,2.jpg,270,270,2.799, 199.39,202.19,199.39,4,0,0,1,PE2_270,2023-03-01 09:32:53.952
9074,PSYC-132589,TOTDay1,Experiment, 1,1, 10.jpg,10.jpg,60,60,18.921, 206.725,225.646,204.086,1,0,0,2,BM10_60,2023-03-01 09:33:17.408
9074,PSYC-132589,TOTDay1,Experiment, 2,0, 3.jpg,3.jpg,240,150,19.117, 227.992,247.11,227.992,0,0,0,3,BH3_240,2023-03-01 09:33:38.872
9074,PSYC-132589,TOTDay1,Experiment, 3,1, 6.jpg,6.jpg,90,90,9.297, 249.759,259.056,249.757,1,0,0,1,BE6_90,2023-03-01 09:33:50.818
9074,PSYC-132589,TOTDay1,Experiment, 4,1, 4.jpg,4.jpg,180,180,5.749, 259.5,265.249,259.499,2,0,0,1,AE4_180,2023-03-01 09:33:57.011
9074,PSYC-132589,TOTDay1,Experiment, 5,0, 9.jpg,9.jpg,240,210,24.99, 265.652,290.642,265.652,1,0,0,3,AH9_240,2023-03-01 09:34:22.404
9074,PSYC-132589,TOTDay1,Experiment, 6,1, 11.jpg,11.jpg,60,60,12.15, 294.794,306.945,294.794,2,0,0,2,AM11_60,2023-03-01 09:34:38.707
9074,PSYC-132589,TOTDay1,Experiment, 7,0, 8.jpg,8.jpg,210,240,21.309, 307.775,329.084,307.774,1,0,0,3,AH8_210,2023-03-01 09:35:00.847
9074,PSYC-132589,TOTDay1,Experiment, 8,1, 6.jpg,6.jpg,30,30,8.13, 329.665,337.796,329.665,2,0,0,2,AM6_30,2023-03-01 09:35:09.558
9074,PSYC-132589,TOTDay1,Experiment, 9,1, 11.jpg,11.jpg,180,180,3.641, 338.296,341.938,338.296,3,0,0,1,BE11_180,2023-03-01 09:35:13.700
9074,PSYC-132589,TOTDay1,Experiment, 10,1, 10.jpg,10.jpg,150,150,14.147, 342.472,356.62,342.472,4,0,0,3,AH10_150,2023-03-01 09:35:28.382
9074,PSYC-132589,TOTDay1,Experiment, 11,1, 7.jpg,7.jpg,330,330,7.016, 357.355,364.371,357.355,5,0,0,2,AM7_330,2023-03-01 09:35:36.134
9074,PSYC-132589,TOTDay1,Experiment, 12,1, 1.jpg,1.jpg,270,270,10.17, 364.812,374.982,364.812,6,0,0,1,AE1_270,2023-03-01 09:35:46.745
9074,PSYC-132589,TOTDay1,Experiment, 13,1, 3.jpg,3.jpg,90,90,8.761, 375.713,384.473,375.712,7,0,0,1,AE3_90,2023-03-01 09:35:56.236
9074,PSYC-132589,TOTDay1,Experiment, 14,1, 1.jpg,1.jpg,150,150,17.464, 384.927,402.391,384.926,8,0,0,3,BH1_150,2023-03-01 09:36:14.154
9074,PSYC-132589,TOTDay1,Experiment, 15,1, 9.jpg,9.jpg,30,30,7.853, 402.989,410.842,402.988,9,0,0,2,BM9_30,2023-03-01 09:36:22.604
9074,PSYC-132589,TOTDay1,Experiment, 16,1, 7.jpg,7.jpg,270,270,4.343, 411.28,415.624,411.28,10,0,0,1,BE7_270,2023-03-01 09:36:27.386
9074,PSYC-132589,TOTDay1,Experiment, 17,1, 8.jpg,8.jpg,330,330,6.264, 415.984,422.249,415.984,11,0,0,2,BM8_330,2023-03-01 09:36:34.011
9074,PSYC-132589,TOTDay1,Experiment, 18,1, 4.jpg,4.jpg,210,210,15.421, 422.728,438.15,422.728,12,0,0,3,BH4_210,2023-03-01 09:36:49.912
9079,PSYC-132589,TOTDay1,Training, 1,0, 2.jpg,2.jpg,90,270,8.61, 61.086,69.694,61.085,-1,0,0,1,PE2_90,2023-03-01 12:22:05.502
9079,PSYC-132589,TOTDay1,Training, 2,1, 2.jpg,2.jpg,180,180,5.366, 75.106,80.472,75.106,0,0,0,1,PE2_180,2023-03-01 12:22:16.279
9079,PSYC-132589,TOTDay1,Training, 3,0, 2.jpg,2.jpg,60,120,9.969, 81.086,91.055,81.085,-1,0,0,2,PM2_60,2023-03-01 12:22:26.861
9079,PSYC-132589,TOTDay1,Training, 4,1, 2.jpg,2.jpg,30,30,6.268, 97.812,104.08,97.811,0,0,0,2,PM2_30,2023-03-01 12:22:39.886
9079,PSYC-132589,TOTDay1,Training, 5,0, 2.jpg,2.jpg,210,300,19.791, 104.73,124.52,104.73,-1,0,0,3,PH2_210,2023-03-01 12:23:00.327
9079,PSYC-132589,TOTDay1,Training, 6,0, 2.jpg,2.jpg,120,210,13.45, 131.699,145.15,131.699,-2,0,0,3,PH2_120,2023-03-01 12:23:20.955
9079,PSYC-132589,TOTDay1,Training, 7,1, 2.jpg,2.jpg,0,0,4.549, 155.194,159.744,155.193,-1,0,0,1,PE2_0,2023-03-01 12:23:35.549
9079,PSYC-132589,TOTDay1,Training, 8,1, 2.jpg,2.jpg,240,240,13.856, 160.581,174.438,160.58,0,0,0,3,PH2_240,2023-03-01 12:23:50.243
9079,PSYC-132589,TOTDay1,Training, 9,1, 2.jpg,2.jpg,330,330,9.734, 175.095,184.83,175.095,1,0,0,2,PM2_330,2023-03-01 12:24:00.635
9079,PSYC-132589,TOTDay1,Training, 10,0, 2.jpg,2.jpg,150,210,8.073, 185.695,193.768,185.694,0,0,0,3,PH2_150,2023-03-01 12:24:09.574
9079,PSYC-132589,TOTDay1,Training, 11,1, 2.jpg,2.jpg,300,300,12.827, 194.798,207.626,194.798,1,0,0,2,PM2_300,2023-03-01 12:24:23.432
9079,PSYC-132589,TOTDay1,Training, 12,1, 2.jpg,2.jpg,270,270,4.967, 208.396,213.364,208.396,2,0,0,1,PE2_270,2023-03-01 12:24:29.170
9079,PSYC-132589,TOTDay1,Experiment, 1,0, 3.jpg,3.jpg,90,180,9.888, 216.383,226.272,213.984,-1,0,0,1,AE3_90,2023-03-01 12:24:42.078
9079,PSYC-132589,TOTDay1,Experiment, 2,0, 8.jpg,8.jpg,330,30,12.27, 226.962,239.232,226.962,-2,0,0,2,BM8_330,2023-03-01 12:24:55.039
9079,PSYC-132589,TOTDay1,Experiment, 3,0, 9.jpg,9.jpg,240,210,14.033, 242.204,256.238,242.204,-3,0,0,3,AH9_240,2023-03-01 12:25:12.044
9079,PSYC-132589,TOTDay1,Experiment, 4,1, 6.jpg,6.jpg,30,30,8.711, 257.066,265.778,257.066,-2,0,0,2,AM6_30,2023-03-01 12:25:21.583
9079,PSYC-132589,TOTDay1,Experiment, 5,1, 11.jpg,11.jpg,180,180,9.52, 266.532,276.053,266.532,-1,0,0,1,BE11_180,2023-03-01 12:25:31.858
9079,PSYC-132589,TOTDay1,Experiment, 6,0, 1.jpg,1.jpg,150,210,6.511, 276.718,283.23,276.718,-2,0,0,3,BH1_150,2023-03-01 12:25:39.036
9079,PSYC-132589,TOTDay1,Experiment, 7,1, 6.jpg,6.jpg,90,90,6.139, 283.799,289.938,283.798,-1,0,0,1,BE6_90,2023-03-01 12:25:45.744
9079,PSYC-132589,TOTDay1,Experiment, 8,1, 10.jpg,10.jpg,150,150,11.029, 290.47,301.499,290.47,0,0,0,3,AH10_150,2023-03-01 12:25:57.305
9079,PSYC-132589,TOTDay1,Experiment, 9,0, 11.jpg,11.jpg,60,240,11.433, 302.036,313.468,302.034,-1,0,0,2,AM11_60,2023-03-01 12:26:09.275
9079,PSYC-132589,TOTDay1,Experiment, 10,0, 10.jpg,10.jpg,60,120,4.44, 314.202,318.642,314.202,-2,0,0,2,BM10_60,2023-03-01 12:26:14.449
9079,PSYC-132589,TOTDay1,Experiment, 11,1, 8.jpg,8.jpg,210,210,6.018, 319.313,325.332,319.312,-1,0,0,3,AH8_210,2023-03-01 12:26:21.137
9079,PSYC-132589,TOTDay1,Experiment, 12,0, 1.jpg,1.jpg,270,180,10.952, 326.066,337.018,326.066,-2,0,0,1,AE1_270,2023-03-01 12:26:32.824
9079,PSYC-132589,TOTDay1,Experiment, 13,0, 4.jpg,4.jpg,180,210,5.522, 337.968,343.49,337.968,-3,0,0,1,AE4_180,2023-03-01 12:26:39.296
9079,PSYC-132589,TOTDay1,Experiment, 14,0, 3.jpg,3.jpg,240,150,9.156, 344.058,353.214,344.058,-4,0,0,3,BH3_240,2023-03-01 12:26:49.020
9079,PSYC-132589,TOTDay1,Experiment, 15,0, 9.jpg,9.jpg,30,330,6.951, 353.841,360.793,353.841,-5,0,0,2,BM9_30,2023-03-01 12:26:56.599
9079,PSYC-132589,TOTDay1,Experiment, 16,0, 4.jpg,4.jpg,210,180,8.467, 361.378,369.845,361.378,-6,0,0,3,BH4_210,2023-03-01 12:27:05.651
9079,PSYC-132589,TOTDay1,Experiment, 17,0, 7.jpg,7.jpg,330,300,9.354, 371.334,380.689,371.334,-7,0,0,2,AM7_330,2023-03-01 12:27:16.495
9079,PSYC-132589,TOTDay1,Experiment, 18,1, 7.jpg,7.jpg,270,270,6.479, 381.257,387.736,381.256,-6,0,0,1,BE7_270,2023-03-01 12:27:23.541
9077,PSYC-134130,TOTDay1,Training, 1,0, 2.jpg,2.jpg,90,180,11.481, 110.157,121.631,110.156,-1,0,0,1,PE2_90,2023-03-01 12:26:35.654
9077,PSYC-134130,TOTDay1,Training, 2,0, 2.jpg,2.jpg,180,270,7.593, 128.868,136.461,128.867,-2,0,0,1,PE2_180,2023-03-01 12:26:50.476
9077,PSYC-134130,TOTDay1,Training, 3,0, 2.jpg,2.jpg,60,90,3.639, 144.378,148.017,144.377,-3,0,0,2,PM2_60,2023-03-01 12:27:02.034
9077,PSYC-134130,TOTDay1,Training, 4,0, 2.jpg,2.jpg,30,150,6.703, 152.348,159.051,152.347,-4,0,0,2,PM2_30,2023-03-01 12:27:13.066
9077,PSYC-134130,TOTDay1,Training, 5,0, 2.jpg,2.jpg,210,240,6.237, 161.907,168.145,161.907,-5,0,0,3,PH2_210,2023-03-01 12:27:22.161
9077,PSYC-134130,TOTDay1,Training, 6,0, 2.jpg,2.jpg,120,0,0.797, 175.663,176.461,175.663,-6,0,0,3,PH2_120,2023-03-01 12:27:30.476
9077,PSYC-134130,TOTDay1,Training, 7,1, 2.jpg,2.jpg,0,0,5.229, 184.138,189.367,184.137,-5,0,0,1,PE2_0,2023-03-01 12:27:43.383
9077,PSYC-134130,TOTDay1,Training, 8,0, 2.jpg,2.jpg,240,270,5.535, 190.745,196.281,190.745,-6,0,0,3,PH2_240,2023-03-01 12:27:50.297
9077,PSYC-134130,TOTDay1,Training, 9,0, 2.jpg,2.jpg,330,240,7.567, 197.57,205.137,197.569,-7,0,0,2,PM2_330,2023-03-01 12:27:59.152
9077,PSYC-134130,TOTDay1,Training, 10,0, 2.jpg,2.jpg,150,30,6.515, 208.001,214.517,208.001,-8,0,0,3,PH2_150,2023-03-01 12:28:08.532
9077,PSYC-134130,TOTDay1,Training, 11,0, 2.jpg,2.jpg,300,240,6.9, 215.687,222.587,215.687,-9,0,0,2,PM2_300,2023-03-01 12:28:16.603
9077,PSYC-134130,TOTDay1,Training, 12,0, 2.jpg,2.jpg,270,240,5.873, 223.685,229.559,223.685,-10,0,0,1,PE2_270,2023-03-01 12:28:23.575
9077,PSYC-134130,TOTDay1,Experiment, 1,0, 4.jpg,4.jpg,180,300,6.435, 233.233,239.669,230.929,-1,0,0,1,AE4_180,2023-03-01 12:28:33.685
9077,PSYC-134130,TOTDay1,Experiment, 2,0, 3.jpg,3.jpg,240,60,7.289, 241.977,249.267,241.977,-2,0,0,3,BH3_240,2023-03-01 12:28:43.284
9077,PSYC-134130,TOTDay1,Experiment, 3,0, 6.jpg,6.jpg,30,240,5.159, 250.338,255.497,250.337,-3,0,0,2,AM6_30,2023-03-01 12:28:49.513
9077,PSYC-134130,TOTDay1,Experiment, 4,0, 11.jpg,11.jpg,60,300,9.565, 256.693,266.259,256.693,-4,0,0,2,AM11_60,2023-03-01 12:29:00.274
9077,PSYC-134130,TOTDay1,Experiment, 5,0, 11.jpg,11.jpg,180,0,5.617, 267.347,272.965,267.347,-5,0,0,1,BE11_180,2023-03-01 12:29:06.981
9077,PSYC-134130,TOTDay1,Experiment, 6,0, 10.jpg,10.jpg,150,60,7.579, 274.827,282.407,274.827,-6,0,0,3,AH10_150,2023-03-01 12:29:16.423
9077,PSYC-134130,TOTDay1,Experiment, 7,0, 10.jpg,10.jpg,60,120,12.599, 283.285,295.885,283.285,-7,0,0,2,BM10_60,2023-03-01 12:29:29.901
9077,PSYC-134130,TOTDay1,Experiment, 8,0, 1.jpg,1.jpg,150,270,4.213, 297.174,301.387,297.173,-8,0,0,3,BH1_150,2023-03-01 12:29:35.403
9077,PSYC-134130,TOTDay1,Experiment, 9,0, 3.jpg,3.jpg,90,30,1.815, 302.101,303.917,302.101,-9,0,0,1,AE3_90,2023-03-01 12:29:37.932
9077,PSYC-134130,TOTDay1,Experiment, 10,0, 8.jpg,8.jpg,330,300,4.459, 304.732,309.191,304.731,-10,0,0,2,BM8_330,2023-03-01 12:29:43.206
9077,PSYC-134130,TOTDay1,Experiment, 11,0, 6.jpg,6.jpg,90,30,2.455, 310.58,313.035,310.579,-11,0,0,1,BE6_90,2023-03-01 12:29:47.051
9077,PSYC-134130,TOTDay1,Experiment, 12,0, 9.jpg,9.jpg,240,150,1.897, 314.365,316.263,314.365,-12,0,0,3,AH9_240,2023-03-01 12:29:50.279
9077,PSYC-134130,TOTDay1,Experiment, 13,0, 7.jpg,7.jpg,270,240,1.933, 317.531,319.465,317.531,-13,0,0,1,BE7_270,2023-03-01 12:29:53.481
9077,PSYC-134130,TOTDay1,Experiment, 14,0, 8.jpg,8.jpg,210,90,3.896, 320.649,324.545,320.649,-14,0,0,3,AH8_210,2023-03-01 12:29:58.561
9077,PSYC-134130,TOTDay1,Experiment, 15,0, 7.jpg,7.jpg,330,300,3.309, 325.586,328.895,325.585,-15,0,0,2,AM7_330,2023-03-01 12:30:02.911
9077,PSYC-134130,TOTDay1,Experiment, 16,0, 4.jpg,4.jpg,210,120,1.91, 330.143,332.053,330.143,-16,0,0,3,BH4_210,2023-03-01 12:30:06.069
9077,PSYC-134130,TOTDay1,Experiment, 17,0, 9.jpg,9.jpg,30,180,4.566, 332.591,337.157,332.591,-17,0,0,2,BM9_30,2023-03-01 12:30:11.173
9077,PSYC-134130,TOTDay1,Experiment, 18,0, 1.jpg,1.jpg,270,30,2.751, 338.393,341.145,338.393,-18,0,0,1,AE1_270,2023-03-01 12:30:15.161
9078,PSYC-134128,TOTDay1,Training, 1,0, 2.jpg,2.jpg,90,270,9.36, 78.212,87.571,78.211,-1,0,0,1,PE2_90,2023-03-01 12:37:16.102
9078,PSYC-134128,TOTDay1,Training, 2,1, 2.jpg,2.jpg,180,180,9.969, 93.157,103.126,93.157,0,0,0,1,PE2_180,2023-03-01 12:37:31.655
9078,PSYC-134128,TOTDay1,Training, 3,0, 2.jpg,2.jpg,60,300,15.415, 106.549,121.965,106.549,-1,0,0,2,PM2_60,2023-03-01 12:37:50.494
9078,PSYC-134128,TOTDay1,Training, 4,1, 2.jpg,2.jpg,30,30,5.579, 128.065,133.644,128.064,0,0,0,2,PM2_30,2023-03-01 12:38:02.174
9078,PSYC-134128,TOTDay1,Training, 5,1, 2.jpg,2.jpg,210,210,11.621, 134.933,146.554,134.933,1,0,0,3,PH2_210,2023-03-01 12:38:15.083
9078,PSYC-134128,TOTDay1,Training, 6,0, 2.jpg,2.jpg,120,150,6.661, 147.751,154.413,147.75,0,0,0,3,PH2_120,2023-03-01 12:38:22.941
9078,PSYC-134128,TOTDay1,Training, 7,1, 2.jpg,2.jpg,0,0,8.995, 159.847,168.842,159.846,1,0,0,1,PE2_0,2023-03-01 12:38:37.372
9078,PSYC-134128,TOTDay1,Training, 8,0, 2.jpg,2.jpg,240,210,17.047, 170.725,187.772,170.724,0,0,0,3,PH2_240,2023-03-01 12:38:56.302
9078,PSYC-134128,TOTDay1,Training, 9,0, 2.jpg,2.jpg,330,300,5.464, 188.677,194.141,188.676,-1,0,0,2,PM2_330,2023-03-01 12:39:02.670
9078,PSYC-134128,TOTDay1,Training, 10,1, 2.jpg,2.jpg,150,150,7.008, 195.503,202.51,195.502,0,0,0,3,PH2_150,2023-03-01 12:39:11.040
9078,PSYC-134128,TOTDay1,Training, 11,0, 2.jpg,2.jpg,300,60,4.755, 205.037,209.792,205.036,-1,0,0,2,PM2_300,2023-03-01 12:39:18.322
9078,PSYC-134128,TOTDay1,Training, 12,1, 2.jpg,2.jpg,270,270,6.558, 213.345,219.902,213.344,0,0,0,1,PE2_270,2023-03-01 12:39:28.432
9078,PSYC-134128,TOTDay1,Experiment, 1,0, 8.jpg,8.jpg,210,150,12.953, 224.827,237.78,222.637,-1,0,0,3,AH8_210,2023-03-01 12:39:46.309
9078,PSYC-134128,TOTDay1,Experiment, 2,0, 8.jpg,8.jpg,330,300,10.165, 239.447,249.612,239.446,-2,0,0,2,BM8_330,2023-03-01 12:39:58.141
9078,PSYC-134128,TOTDay1,Experiment, 3,1, 1.jpg,1.jpg,270,270,8.234, 251.807,260.041,251.807,-1,0,0,1,AE1_270,2023-03-01 12:40:08.570
9078,PSYC-134128,TOTDay1,Experiment, 4,1, 4.jpg,4.jpg,210,210,19.029, 262.217,281.246,262.217,0,0,0,3,BH4_210,2023-03-01 12:40:29.776
9078,PSYC-134128,TOTDay1,Experiment, 5,1, 6.jpg,6.jpg,30,30,11.275, 284.663,295.938,284.663,1,0,0,2,AM6_30,2023-03-01 12:40:44.468
9078,PSYC-134128,TOTDay1,Experiment, 6,1, 7.jpg,7.jpg,270,270,8.547, 299.629,308.176,299.628,2,0,0,1,BE7_270,2023-03-01 12:40:56.706
9078,PSYC-134128,TOTDay1,Experiment, 7,0, 9.jpg,9.jpg,30,60,8.807, 310.545,319.352,310.544,1,0,0,2,BM9_30,2023-03-01 12:41:07.882
9078,PSYC-134128,TOTDay1,Experiment, 8,1, 6.jpg,6.jpg,90,90,9.496, 321.285,330.781,321.284,2,0,0,1,BE6_90,2023-03-01 12:41:19.310
9078,PSYC-134128,TOTDay1,Experiment, 9,1, 10.jpg,10.jpg,150,150,10.771, 332.577,343.349,332.577,3,0,0,3,AH10_150,2023-03-01 12:41:31.878
9078,PSYC-134128,TOTDay1,Experiment, 10,0, 11.jpg,11.jpg,60,120,6.775, 346.581,353.356,346.58,2,0,0,2,AM11_60,2023-03-01 12:41:41.886
9078,PSYC-134128,TOTDay1,Experiment, 11,1, 4.jpg,4.jpg,180,180,7.055, 355.681,362.736,355.68,3,0,0,1,AE4_180,2023-03-01 12:41:51.266
9078,PSYC-134128,TOTDay1,Experiment, 12,0, 9.jpg,9.jpg,240,210,10.355, 365.129,375.484,365.128,2,0,0,3,AH9_240,2023-03-01 12:42:04.014
9078,PSYC-134128,TOTDay1,Experiment, 13,1, 11.jpg,11.jpg,180,180,4.386, 376.875,381.261,376.874,3,0,0,1,BE11_180,2023-03-01 12:42:09.791
9078,PSYC-134128,TOTDay1,Experiment, 14,0, 10.jpg,10.jpg,60,240,10.285, 382.639,392.924,382.639,2,0,0,2,BM10_60,2023-03-01 12:42:21.455
9078,PSYC-134128,TOTDay1,Experiment, 15,0, 1.jpg,1.jpg,150,180,6.981, 394.553,401.534,394.552,1,0,0,3,BH1_150,2023-03-01 12:42:30.064
9078,PSYC-134128,TOTDay1,Experiment, 16,1, 7.jpg,7.jpg,330,330,5.939, 406.125,412.064,406.124,2,0,0,2,AM7_330,2023-03-01 12:42:40.594
9078,PSYC-134128,TOTDay1,Experiment, 17,1, 3.jpg,3.jpg,90,90,6.813, 413.649,420.462,413.648,3,0,0,1,AE3_90,2023-03-01 12:42:48.993
9078,PSYC-134128,TOTDay1,Experiment, 18,0, 3.jpg,3.jpg,240,150,12.829, 423.547,436.377,423.546,2,0,0,3,BH3_240,2023-03-01 12:43:04.907
9081,PSYC-132589,TOTDay1,Training, 1,1, 2.jpg,2.jpg,90,90,7.172, 22.156,29.326,22.155,1,0,0,1,PE2_90,2023-03-01 15:19:23.184
9081,PSYC-132589,TOTDay1,Training, 2,1, 2.jpg,2.jpg,180,180,3.809, 32.049,35.858,32.048,2,0,0,1,PE2_180,2023-03-01 15:19:29.713
9081,PSYC-132589,TOTDay1,Training, 3,0, 2.jpg,2.jpg,60,30,5.403, 38.097,43.5,38.097,1,0,0,2,PM2_60,2023-03-01 15:19:37.355
9081,PSYC-132589,TOTDay1,Training, 4,1, 2.jpg,2.jpg,30,30,5.318, 50.032,55.35,50.032,2,0,0,2,PM2_30,2023-03-01 15:19:49.205
9081,PSYC-132589,TOTDay1,Training, 5,1, 2.jpg,2.jpg,210,210,9.235, 56.265,65.5,56.264,3,0,0,3,PH2_210,2023-03-01 15:19:59.355
9081,PSYC-132589,TOTDay1,Training, 6,0, 2.jpg,2.jpg,120,60,5.397, 66.339,71.736,66.338,2,0,0,3,PH2_120,2023-03-01 15:20:05.590
9081,PSYC-132589,TOTDay1,Training, 7,1, 2.jpg,2.jpg,0,0,4.08, 77.682,81.762,77.682,3,0,0,1,PE2_0,2023-03-01 15:20:15.617
9081,PSYC-132589,TOTDay1,Training, 8,1, 2.jpg,2.jpg,240,240,11.11, 83.237,94.348,83.236,4,0,0,3,PH2_240,2023-03-01 15:20:28.202
9081,PSYC-132589,TOTDay1,Training, 9,1, 2.jpg,2.jpg,330,330,3.707, 95.885,99.593,95.884,5,0,0,2,PM2_330,2023-03-01 15:20:33.447
9081,PSYC-132589,TOTDay1,Training, 10,1, 2.jpg,2.jpg,150,150,3.113, 100.512,103.626,100.512,6,0,0,3,PH2_150,2023-03-01 15:20:37.480
9081,PSYC-132589,TOTDay1,Training, 11,1, 2.jpg,2.jpg,300,300,5.174, 104.449,109.624,104.449,7,0,0,2,PM2_300,2023-03-01 15:20:43.478
9081,PSYC-132589,TOTDay1,Training, 12,1, 2.jpg,2.jpg,270,270,3.805, 110.942,114.748,110.942,8,0,0,1,PE2_270,2023-03-01 15:20:48.602
9081,PSYC-132589,TOTDay1,Experiment, 1,1, 7.jpg,7.jpg,270,270,10.493, 118.533,129.026,116.682,1,0,0,1,BE7_270,2023-03-01 15:21:02.881
9081,PSYC-132589,TOTDay1,Experiment, 2,0, 1.jpg,1.jpg,150,270,11.833, 130.197,142.03,130.196,0,0,0,3,BH1_150,2023-03-01 15:21:15.884
9081,PSYC-132589,TOTDay1,Experiment, 3,1, 7.jpg,7.jpg,330,330,6.341, 143.521,149.862,143.521,1,0,0,2,AM7_330,2023-03-01 15:21:23.717
9081,PSYC-132589,TOTDay1,Experiment, 4,0, 8.jpg,8.jpg,210,240,8.805, 150.685,159.49,150.684,0,0,0,3,AH8_210,2023-03-01 15:21:33.345
9081,PSYC-132589,TOTDay1,Experiment, 5,1, 10.jpg,10.jpg,60,60,7.214, 160.801,168.015,160.8,1,0,0,2,BM10_60,2023-03-01 15:21:41.869
9081,PSYC-132589,TOTDay1,Experiment, 6,1, 4.jpg,4.jpg,180,180,4.906, 168.988,173.894,168.988,2,0,0,1,AE4_180,2023-03-01 15:21:47.748
9081,PSYC-132589,TOTDay1,Experiment, 7,1, 11.jpg,11.jpg,180,180,9.107, 174.79,183.897,174.79,3,0,0,1,BE11_180,2023-03-01 15:21:57.752
9081,PSYC-132589,TOTDay1,Experiment, 8,0, 6.jpg,6.jpg,30,210,8.011, 184.597,192.608,184.596,2,0,0,2,AM6_30,2023-03-01 15:22:06.463
9081,PSYC-132589,TOTDay1,Experiment, 9,1, 10.jpg,10.jpg,150,150,8.22, 193.533,201.752,193.532,3,0,0,3,AH10_150,2023-03-01 15:22:15.607
9081,PSYC-132589,TOTDay1,Experiment, 10,0, 4.jpg,4.jpg,210,180,11.699, 202.534,214.234,202.534,2,0,0,3,BH4_210,2023-03-01 15:22:28.088
9081,PSYC-132589,TOTDay1,Experiment, 11,1, 8.jpg,8.jpg,330,330,5.871, 214.889,220.76,214.888,3,0,0,2,BM8_330,2023-03-01 15:22:34.615
9081,PSYC-132589,TOTDay1,Experiment, 12,0, 3.jpg,3.jpg,90,180,7.166, 221.64,228.806,221.64,2,0,0,1,AE3_90,2023-03-01 15:22:42.661
9081,PSYC-132589,TOTDay1,Experiment, 13,1, 11.jpg,11.jpg,60,60,8.715, 229.441,238.156,229.441,3,0,0,2,AM11_60,2023-03-01 15:22:52.011
9081,PSYC-132589,TOTDay1,Experiment, 14,1, 6.jpg,6.jpg,90,90,12.945, 239.201,252.147,239.201,4,0,0,1,BE6_90,2023-03-01 15:23:06.001
9081,PSYC-132589,TOTDay1,Experiment, 15,0, 9.jpg,9.jpg,240,210,9.133, 253.022,262.155,253.022,3,0,0,3,AH9_240,2023-03-01 15:23:16.010
9081,PSYC-132589,TOTDay1,Experiment, 16,0, 9.jpg,9.jpg,30,60,6.49, 262.831,269.321,262.831,2,0,0,2,BM9_30,2023-03-01 15:23:23.176
9081,PSYC-132589,TOTDay1,Experiment, 17,1, 1.jpg,1.jpg,270,270,4.897, 270.008,274.906,270.008,3,0,0,1,AE1_270,2023-03-01 15:23:28.760
9081,PSYC-132589,TOTDay1,Experiment, 18,0, 3.jpg,3.jpg,240,90,8.476, 275.475,283.951,275.475,2,0,0,3,BH3_240,2023-03-01 15:23:37.806
9080,PSYC-134128,TOTDay1,Training, 1,1, 2.jpg,2.jpg,90,90,7.621, 62.107,69.727,62.106,1,0,0,1,PE2_90,2023-03-01 15:25:59.059
9080,PSYC-134128,TOTDay1,Training, 2,1, 2.jpg,2.jpg,180,180,3.471, 72.567,76.038,72.566,2,0,0,1,PE2_180,2023-03-01 15:26:05.369
9080,PSYC-134128,TOTDay1,Training, 3,0, 2.jpg,2.jpg,60,30,7.329, 77.35,84.679,77.35,1,0,0,2,PM2_60,2023-03-01 15:26:14.010
9080,PSYC-134128,TOTDay1,Training, 4,0, 2.jpg,2.jpg,30,60,4.579, 88.379,92.958,88.378,0,0,0,2,PM2_30,2023-03-01 15:26:22.290
9080,PSYC-134128,TOTDay1,Training, 5,1, 2.jpg,2.jpg,210,210,6.034, 98.73,104.765,98.73,1,0,0,3,PH2_210,2023-03-01 15:26:34.096
9080,PSYC-134128,TOTDay1,Training, 6,1, 2.jpg,2.jpg,120,120,5.779, 106.285,112.064,106.284,2,0,0,3,PH2_120,2023-03-01 15:26:41.394
9080,PSYC-134128,TOTDay1,Training, 7,1, 2.jpg,2.jpg,0,0,9.676, 113.487,123.164,113.486,3,0,0,1,PE2_0,2023-03-01 15:26:52.494
9080,PSYC-134128,TOTDay1,Training, 8,1, 2.jpg,2.jpg,240,240,5.795, 124.165,129.96,124.164,4,0,0,3,PH2_240,2023-03-01 15:26:59.290
9080,PSYC-134128,TOTDay1,Training, 9,1, 2.jpg,2.jpg,330,330,5.881, 130.89,136.772,130.89,5,0,0,2,PM2_330,2023-03-01 15:27:06.103
9080,PSYC-134128,TOTDay1,Training, 10,1, 2.jpg,2.jpg,150,150,5.635, 137.409,143.044,137.408,6,0,0,3,PH2_150,2023-03-01 15:27:12.375
9080,PSYC-134128,TOTDay1,Training, 11,1, 2.jpg,2.jpg,300,300,3.944, 143.537,147.481,143.536,7,0,0,2,PM2_300,2023-03-01 15:27:16.812
9080,PSYC-134128,TOTDay1,Training, 12,1, 2.jpg,2.jpg,270,270,3.529, 148.239,151.768,148.239,8,0,0,1,PE2_270,2023-03-01 15:27:21.098
9080,PSYC-134128,TOTDay1,Experiment, 1,1, 4.jpg,4.jpg,180,180,6.343, 155.35,161.693,152.374,1,0,0,1,AE4_180,2023-03-01 15:27:31.024
9080,PSYC-134128,TOTDay1,Experiment, 2,1, 10.jpg,10.jpg,60,60,9.201, 162.911,172.112,162.91,2,0,0,2,BM10_60,2023-03-01 15:27:41.443
9080,PSYC-134128,TOTDay1,Experiment, 3,0, 3.jpg,3.jpg,240,60,12.722, 172.645,185.368,172.645,1,0,0,3,BH3_240,2023-03-01 15:27:54.699
9080,PSYC-134128,TOTDay1,Experiment, 4,1, 6.jpg,6.jpg,90,90,15.423, 186.197,201.62,186.196,2,0,0,1,BE6_90,2023-03-01 15:28:10.950
9080,PSYC-134128,TOTDay1,Experiment, 5,0, 8.jpg,8.jpg,210,330,4.981, 202.183,207.164,202.182,1,0,0,3,AH8_210,2023-03-01 15:28:16.495
9080,PSYC-134128,TOTDay1,Experiment, 6,0, 8.jpg,8.jpg,330,150,7.999, 208.021,216.02,208.02,0,0,0,2,BM8_330,2023-03-01 15:28:25.351
9080,PSYC-134128,TOTDay1,Experiment, 7,0, 11.jpg,11.jpg,60,270,7.57, 216.709,224.28,216.708,-1,0,0,2,AM11_60,2023-03-01 15:28:33.610
9080,PSYC-134128,TOTDay1,Experiment, 8,0, 1.jpg,1.jpg,270,90,6.555, 224.994,231.55,224.994,-2,0,0,1,AE1_270,2023-03-01 15:28:40.880
9080,PSYC-134128,TOTDay1,Experiment, 9,0, 1.jpg,1.jpg,150,180,3.085, 232.058,235.143,232.058,-3,0,0,3,BH1_150,2023-03-01 15:28:44.474
9080,PSYC-134128,TOTDay1,Experiment, 10,0, 9.jpg,9.jpg,30,60,14.003, 238.431,252.434,238.43,-4,0,0,2,BM9_30,2023-03-01 15:29:01.765
9080,PSYC-134128,TOTDay1,Experiment, 11,0, 9.jpg,9.jpg,240,90,7.261, 252.987,260.248,252.986,-5,0,0,3,AH9_240,2023-03-01 15:29:09.578
9080,PSYC-134128,TOTDay1,Experiment, 12,0, 3.jpg,3.jpg,90,240,5.295, 260.744,266.04,260.744,-6,0,0,1,AE3_90,2023-03-01 15:29:15.370
9080,PSYC-134128,TOTDay1,Experiment, 13,0, 6.jpg,6.jpg,30,330,4.407, 266.61,271.018,266.61,-7,0,0,2,AM6_30,2023-03-01 15:29:20.349
9080,PSYC-134128,TOTDay1,Experiment, 14,0, 11.jpg,11.jpg,180,0,2.763, 271.484,274.248,271.484,-8,0,0,1,BE11_180,2023-03-01 15:29:23.579
9080,PSYC-134128,TOTDay1,Experiment, 15,0, 4.jpg,4.jpg,210,150,9.773, 276.006,285.779,276.006,-9,0,0,3,BH4_210,2023-03-01 15:29:35.110
9080,PSYC-134128,TOTDay1,Experiment, 16,0, 10.jpg,10.jpg,150,120,9.381, 286.272,295.654,286.272,-10,0,0,3,AH10_150,2023-03-01 15:29:44.985
9080,PSYC-134128,TOTDay1,Experiment, 17,0, 7.jpg,7.jpg,330,30,4.99, 296.366,301.356,296.366,-11,0,0,2,AM7_330,2023-03-01 15:29:50.687
9080,PSYC-134128,TOTDay1,Experiment, 18,1, 7.jpg,7.jpg,270,270,3.789, 301.946,305.736,301.946,-10,0,0,1,BE7_270,2023-03-01 15:29:55.066
9082,PSYC-132589,TOTDay1,Training, 1,0, 2.jpg,2.jpg,90,180,6.375, 33.777,40.144,33.776,-1,0,0,1,PE2_90,2023-03-02 09:19:29.648
9082,PSYC-132589,TOTDay1,Training, 2,0, 2.jpg,2.jpg,180,0,8.67, 51.173,59.843,51.173,-2,0,0,1,PE2_180,2023-03-02 09:19:49.341
9082,PSYC-132589,TOTDay1,Training, 3,0, 2.jpg,2.jpg,60,120,7.069, 71.042,78.112,71.042,-3,0,0,2,PM2_60,2023-03-02 09:20:07.609
9082,PSYC-132589,TOTDay1,Training, 4,1, 2.jpg,2.jpg,30,30,12.827, 86.515,99.342,86.514,-2,0,0,2,PM2_30,2023-03-02 09:20:28.839
9082,PSYC-132589,TOTDay1,Training, 5,0, 2.jpg,2.jpg,210,150,11.524, 101.308,112.832,101.308,-3,0,0,3,PH2_210,2023-03-02 09:20:42.330
9082,PSYC-132589,TOTDay1,Training, 6,0, 2.jpg,2.jpg,120,150,8.945, 121.416,130.361,121.416,-4,0,0,3,PH2_120,2023-03-02 09:20:59.858
9082,PSYC-132589,TOTDay1,Training, 7,1, 2.jpg,2.jpg,0,0,6.488, 137.308,143.796,137.307,-3,0,0,1,PE2_0,2023-03-02 09:21:13.293
9082,PSYC-132589,TOTDay1,Training, 8,1, 2.jpg,2.jpg,240,240,14.339, 144.964,159.304,144.964,-2,0,0,3,PH2_240,2023-03-02 09:21:28.801
9082,PSYC-132589,TOTDay1,Training, 9,0, 2.jpg,2.jpg,330,300,10.738, 159.89,170.628,159.889,-3,0,0,2,PM2_330,2023-03-02 09:21:40.124
9082,PSYC-132589,TOTDay1,Training, 10,1, 2.jpg,2.jpg,150,150,8.342, 171.552,179.895,171.552,-2,0,0,3,PH2_150,2023-03-02 09:21:49.391
9082,PSYC-132589,TOTDay1,Training, 11,0, 2.jpg,2.jpg,300,330,6.104, 180.306,186.41,180.306,-3,0,0,2,PM2_300,2023-03-02 09:21:55.907
9082,PSYC-132589,TOTDay1,Training, 12,1, 2.jpg,2.jpg,270,270,3.615, 187.488,191.103,187.487,-2,0,0,1,PE2_270,2023-03-02 09:22:00.599
9082,PSYC-132589,TOTDay1,Experiment, 1,0, 1.jpg,1.jpg,150,180,8.923, 193.063,201.987,191.54,-1,0,0,3,BH1_150,2023-03-02 09:22:11.483
9082,PSYC-132589,TOTDay1,Experiment, 2,1, 3.jpg,3.jpg,90,90,11.68, 202.85,214.53,202.85,0,0,0,1,AE3_90,2023-03-02 09:22:24.027
9082,PSYC-132589,TOTDay1,Experiment, 3,1, 8.jpg,8.jpg,330,330,9.958, 215.02,224.978,215.019,1,0,0,2,BM8_330,2023-03-02 09:22:34.474
9082,PSYC-132589,TOTDay1,Experiment, 4,1, 7.jpg,7.jpg,330,330,12.575, 225.392,237.967,225.392,2,0,0,2,AM7_330,2023-03-02 09:22:47.465
9082,PSYC-132589,TOTDay1,Experiment, 5,1, 11.jpg,11.jpg,180,180,9.619, 238.388,248.008,238.388,3,0,0,1,BE11_180,2023-03-02 09:22:57.505
9082,PSYC-132589,TOTDay1,Experiment, 6,0, 10.jpg,10.jpg,150,120,5.377, 248.429,253.806,248.429,2,0,0,3,AH10_150,2023-03-02 09:23:03.304
9082,PSYC-132589,TOTDay1,Experiment, 7,1, 10.jpg,10.jpg,60,60,7.854, 254.763,262.618,254.762,3,0,0,2,BM10_60,2023-03-02 09:23:12.114
9082,PSYC-132589,TOTDay1,Experiment, 8,1, 3.jpg,3.jpg,240,240,7.229, 263.186,270.416,263.186,4,0,0,3,BH3_240,2023-03-02 09:23:19.913
9082,PSYC-132589,TOTDay1,Experiment, 9,1, 1.jpg,1.jpg,270,270,15.797, 270.842,286.64,270.841,5,0,0,1,AE1_270,2023-03-02 09:23:36.136
9082,PSYC-132589,TOTDay1,Experiment, 10,1, 4.jpg,4.jpg,210,210,6.453, 287.164,293.618,287.164,6,0,0,3,BH4_210,2023-03-02 09:23:43.114
9082,PSYC-132589,TOTDay1,Experiment, 11,1, 7.jpg,7.jpg,270,270,7.023, 294.116,301.14,294.116,7,0,0,1,BE7_270,2023-03-02 09:23:50.636
9082,PSYC-132589,TOTDay1,Experiment, 12,1, 11.jpg,11.jpg,60,60,6.926, 301.476,308.403,301.476,8,0,0,2,AM11_60,2023-03-02 09:23:57.899
9082,PSYC-132589,TOTDay1,Experiment, 13,1, 4.jpg,4.jpg,180,180,6.477, 308.84,315.318,308.84,9,0,0,1,AE4_180,2023-03-02 09:24:04.814
9082,PSYC-132589,TOTDay1,Experiment, 14,0, 8.jpg,8.jpg,210,180,5.675, 315.702,321.378,315.702,8,0,0,3,AH8_210,2023-03-02 09:24:10.874
9082,PSYC-132589,TOTDay1,Experiment, 15,1, 6.jpg,6.jpg,30,30,7.437, 321.742,329.18,321.742,9,0,0,2,AM6_30,2023-03-02 09:24:18.677
9082,PSYC-132589,TOTDay1,Experiment, 16,1, 9.jpg,9.jpg,240,240,5.723, 329.664,335.388,329.664,10,0,0,3,AH9_240,2023-03-02 09:24:24.885
9082,PSYC-132589,TOTDay1,Experiment, 17,0, 9.jpg,9.jpg,30,210,8.41, 335.906,344.316,335.906,9,0,0,2,BM9_30,2023-03-02 09:24:33.813
9082,PSYC-132589,TOTDay1,Experiment, 18,1, 6.jpg,6.jpg,90,90,8.662, 344.664,353.326,344.664,10,0,0,1,BE6_90,2023-03-02 09:24:42.823
9083,PSYC-132589,TOTDay1,Training, 1,1, 2.jpg,2.jpg,90,90,12.019, 40.177,52.193,40.176,1,0,0,1,PE2_90,2023-03-02 12:23:53.279
9083,PSYC-132589,TOTDay1,Training, 2,1, 2.jpg,2.jpg,180,180,3.007, 56.513,59.52,56.512,2,0,0,1,PE2_180,2023-03-02 12:24:00.603
9083,PSYC-132589,TOTDay1,Training, 3,0, 2.jpg,2.jpg,60,30,8.142, 60.037,68.179,60.036,1,0,0,2,PM2_60,2023-03-02 12:24:09.261
9083,PSYC-132589,TOTDay1,Training, 4,1, 2.jpg,2.jpg,30,30,6.195, 71.387,77.582,71.386,2,0,0,2,PM2_30,2023-03-02 12:24:18.664
9083,PSYC-132589,TOTDay1,Training, 5,1, 2.jpg,2.jpg,210,210,10.01, 78.881,88.89,78.88,3,0,0,3,PH2_210,2023-03-02 12:24:29.973
9083,PSYC-132589,TOTDay1,Training, 6,1, 2.jpg,2.jpg,120,120,6.337, 89.865,96.202,89.864,4,0,0,3,PH2_120,2023-03-02 12:24:37.285
9083,PSYC-132589,TOTDay1,Training, 7,1, 2.jpg,2.jpg,0,0,2.959, 96.619,99.579,96.619,5,0,0,1,PE2_0,2023-03-02 12:24:40.661
9083,PSYC-132589,TOTDay1,Training, 8,1, 2.jpg,2.jpg,240,240,8.16, 100.491,108.65,100.49,6,0,0,3,PH2_240,2023-03-02 12:24:49.732
9083,PSYC-132589,TOTDay1,Training, 9,1, 2.jpg,2.jpg,330,330,4.91, 109.093,114.003,109.092,7,0,0,2,PM2_330,2023-03-02 12:24:55.085
9083,PSYC-132589,TOTDay1,Training, 10,0, 2.jpg,2.jpg,150,120,5.186, 114.449,119.635,114.448,6,0,0,3,PH2_150,2023-03-02 12:25:00.717
9083,PSYC-132589,TOTDay1,Training, 11,1, 2.jpg,2.jpg,300,300,4.765, 120.059,124.824,120.058,7,0,0,2,PM2_300,2023-03-02 12:25:05.906
9083,PSYC-132589,TOTDay1,Training, 12,1, 2.jpg,2.jpg,270,270,2.907, 125.116,128.023,125.116,8,0,0,1,PE2_270,2023-03-02 12:25:09.105
9083,PSYC-132589,TOTDay1,Experiment, 1,1, 7.jpg,7.jpg,330,330,9.572, 130.642,140.214,128.349,1,0,0,2,AM7_330,2023-03-02 12:25:21.296
9083,PSYC-132589,TOTDay1,Experiment, 2,1, 6.jpg,6.jpg,90,90,9.327, 140.673,150,140.673,2,0,0,1,BE6_90,2023-03-02 12:25:31.082
9083,PSYC-132589,TOTDay1,Experiment, 3,1, 1.jpg,1.jpg,150,150,9.741, 150.385,160.126,150.384,3,0,0,3,BH1_150,2023-03-02 12:25:41.208
9083,PSYC-132589,TOTDay1,Experiment, 4,0, 9.jpg,9.jpg,240,210,21.227, 160.531,181.758,160.53,2,0,0,3,AH9_240,2023-03-02 12:26:02.840
9083,PSYC-132589,TOTDay1,Experiment, 5,1, 3.jpg,3.jpg,90,90,10.985, 182.579,193.564,182.578,3,0,0,1,AE3_90,2023-03-02 12:26:14.646
9083,PSYC-132589,TOTDay1,Experiment, 6,0, 10.jpg,10.jpg,60,330,9.25, 193.995,203.245,193.995,2,0,0,2,BM10_60,2023-03-02 12:26:24.326
9083,PSYC-132589,TOTDay1,Experiment, 7,1, 8.jpg,8.jpg,330,330,7.552, 203.735,211.287,203.734,3,0,0,2,BM8_330,2023-03-02 12:26:32.368
9083,PSYC-132589,TOTDay1,Experiment, 8,1, 11.jpg,11.jpg,180,180,6.583, 211.779,218.361,211.778,4,0,0,1,BE11_180,2023-03-02 12:26:39.443
9083,PSYC-132589,TOTDay1,Experiment, 9,1, 3.jpg,3.jpg,240,240,21.214, 218.757,239.97,218.756,5,0,0,3,BH3_240,2023-03-02 12:27:01.052
9083,PSYC-132589,TOTDay1,Experiment, 10,0, 4.jpg,4.jpg,180,120,24.224, 240.565,264.789,240.564,4,0,0,1,AE4_180,2023-03-02 12:27:25.869
9083,PSYC-132589,TOTDay1,Experiment, 11,1, 9.jpg,9.jpg,30,30,6.047, 265.305,271.352,265.304,5,0,0,2,BM9_30,2023-03-02 12:27:32.433
9083,PSYC-132589,TOTDay1,Experiment, 12,1, 8.jpg,8.jpg,210,210,20.796, 272.461,293.257,272.46,6,0,0,3,AH8_210,2023-03-02 12:27:54.337
9083,PSYC-132589,TOTDay1,Experiment, 13,1, 7.jpg,7.jpg,270,270,7.323, 293.651,300.974,293.65,7,0,0,1,BE7_270,2023-03-02 12:28:02.054
9083,PSYC-132589,TOTDay1,Experiment, 14,1, 11.jpg,11.jpg,60,60,17.034, 301.363,318.397,301.363,8,0,0,2,AM11_60,2023-03-02 12:28:19.477
9083,PSYC-132589,TOTDay1,Experiment, 15,1, 4.jpg,4.jpg,210,210,5.863, 318.807,324.67,318.806,9,0,0,3,BH4_210,2023-03-02 12:28:25.750
9083,PSYC-132589,TOTDay1,Experiment, 16,1, 1.jpg,1.jpg,270,270,9.077, 325.099,334.177,325.099,10,0,0,1,AE1_270,2023-03-02 12:28:35.257
9083,PSYC-132589,TOTDay1,Experiment, 17,0, 6.jpg,6.jpg,30,210,2.993, 334.601,337.594,334.6,9,0,0,2,AM6_30,2023-03-02 12:28:38.674
9083,PSYC-132589,TOTDay1,Experiment, 18,1, 10.jpg,10.jpg,150,150,8.911, 338.041,346.953,338.041,10,0,0,3,AH10_150,2023-03-02 12:28:48.033
9085,PSYC-134130,TOTDay1,Training, 1,0, 2.jpg,2.jpg,90,180,8.466, 119.962,128.422,119.961,-1,0,0,1,PE2_90,2023-03-02 12:29:27.105
9085,PSYC-134130,TOTDay1,Training, 2,1, 2.jpg,2.jpg,180,180,5.702, 138.744,144.446,138.744,0,0,0,1,PE2_180,2023-03-02 12:29:43.123
9085,PSYC-134130,TOTDay1,Training, 3,0, 2.jpg,2.jpg,60,150,8.325, 145.496,153.821,145.496,-1,0,0,2,PM2_60,2023-03-02 12:29:52.498
9085,PSYC-134130,TOTDay1,Training, 4,1, 2.jpg,2.jpg,30,30,9.377, 159.086,168.463,159.086,0,0,0,2,PM2_30,2023-03-02 12:30:07.140
9085,PSYC-134130,TOTDay1,Training, 5,0, 2.jpg,2.jpg,210,150,11.381, 169.638,181.02,169.638,-1,0,0,3,PH2_210,2023-03-02 12:30:19.696
9085,PSYC-134130,TOTDay1,Training, 6,0, 2.jpg,2.jpg,120,150,9.463, 191.446,200.909,191.446,-2,0,0,3,PH2_120,2023-03-02 12:30:39.585
9085,PSYC-134130,TOTDay1,Training, 7,1, 2.jpg,2.jpg,0,0,7.443, 207.164,214.608,207.164,-1,0,0,1,PE2_0,2023-03-02 12:30:53.284
9085,PSYC-134130,TOTDay1,Training, 8,1, 2.jpg,2.jpg,240,240,6.881, 216.038,222.919,216.038,0,0,0,3,PH2_240,2023-03-02 12:31:01.596
9085,PSYC-134130,TOTDay1,Training, 9,0, 2.jpg,2.jpg,330,210,5.95, 223.88,229.829,223.879,-1,0,0,2,PM2_330,2023-03-02 12:31:08.506
9085,PSYC-134130,TOTDay1,Training, 10,1, 2.jpg,2.jpg,150,150,7.012, 232.646,239.657,232.645,0,0,0,3,PH2_150,2023-03-02 12:31:18.334
9085,PSYC-134130,TOTDay1,Training, 11,0, 2.jpg,2.jpg,300,330,7.18, 240.434,247.613,240.433,-1,0,0,2,PM2_300,2023-03-02 12:31:26.290
9085,PSYC-134130,TOTDay1,Training, 12,1, 2.jpg,2.jpg,270,270,3.911, 248.62,252.531,248.619,0,0,0,1,PE2_270,2023-03-02 12:31:31.208
9085,PSYC-134130,TOTDay1,Experiment, 1,0, 6.jpg,6.jpg,90,210,15.858, 254.882,270.74,253.147,-1,0,0,1,BE6_90,2023-03-02 12:31:49.417
9085,PSYC-134130,TOTDay1,Experiment, 2,0, 10.jpg,10.jpg,60,120,10.643, 271.936,282.579,271.936,-2,0,0,2,BM10_60,2023-03-02 12:32:01.256
9085,PSYC-134130,TOTDay1,Experiment, 3,0, 8.jpg,8.jpg,210,150,5.727, 283.546,289.273,283.545,-3,0,0,3,AH8_210,2023-03-02 12:32:07.949
9085,PSYC-134130,TOTDay1,Experiment, 4,1, 9.jpg,9.jpg,240,240,5.918, 290.166,296.084,290.165,-2,0,0,3,AH9_240,2023-03-02 12:32:14.760
9085,PSYC-134130,TOTDay1,Experiment, 5,0, 1.jpg,1.jpg,270,210,18.828, 297.418,316.246,297.417,-3,0,0,1,AE1_270,2023-03-02 12:32:34.922
9085,PSYC-134130,TOTDay1,Experiment, 6,0, 7.jpg,7.jpg,330,30,10.973, 316.948,327.921,316.948,-4,0,0,2,AM7_330,2023-03-02 12:32:46.598
9085,PSYC-134130,TOTDay1,Experiment, 7,1, 4.jpg,4.jpg,180,180,12.905, 329.782,342.688,329.782,-3,0,0,1,AE4_180,2023-03-02 12:33:01.364
9085,PSYC-134130,TOTDay1,Experiment, 8,1, 9.jpg,9.jpg,30,30,7.981, 343.82,351.801,343.82,-2,0,0,2,BM9_30,2023-03-02 12:33:10.477
9085,PSYC-134130,TOTDay1,Experiment, 9,0, 4.jpg,4.jpg,210,240,5.469, 353.268,358.737,353.268,-3,0,0,3,BH4_210,2023-03-02 12:33:17.414
9085,PSYC-134130,TOTDay1,Experiment, 10,1, 8.jpg,8.jpg,330,330,7.622, 359.479,367.102,359.479,-2,0,0,2,BM8_330,2023-03-02 12:33:25.778
9085,PSYC-134130,TOTDay1,Experiment, 11,0, 10.jpg,10.jpg,150,120,10.18, 368.182,378.362,368.181,-3,0,0,3,AH10_150,2023-03-02 12:33:37.038
9085,PSYC-134130,TOTDay1,Experiment, 12,1, 7.jpg,7.jpg,270,270,10.384, 379.232,389.616,379.231,-2,0,0,1,BE7_270,2023-03-02 12:33:48.292
9085,PSYC-134130,TOTDay1,Experiment, 13,0, 1.jpg,1.jpg,150,240,17.516, 390.458,407.973,390.457,-3,0,0,3,BH1_150,2023-03-02 12:34:06.650
9085,PSYC-134130,TOTDay1,Experiment, 14,0, 11.jpg,11.jpg,60,330,7.017, 408.798,415.815,408.797,-4,0,0,2,AM11_60,2023-03-02 12:34:14.491
9085,PSYC-134130,TOTDay1,Experiment, 15,0, 3.jpg,3.jpg,90,270,5.706, 416.622,422.329,416.622,-5,0,0,1,AE3_90,2023-03-02 12:34:21.005
9085,PSYC-134130,TOTDay1,Experiment, 16,1, 11.jpg,11.jpg,180,180,4.501, 422.938,427.439,422.938,-4,0,0,1,BE11_180,2023-03-02 12:34:26.116
9085,PSYC-134130,TOTDay1,Experiment, 17,0, 3.jpg,3.jpg,240,60,14.156, 428.212,442.368,428.211,-5,0,0,3,BH3_240,2023-03-02 12:34:41.044
9085,PSYC-134130,TOTDay1,Experiment, 18,0, 6.jpg,6.jpg,30,180,6.033, 442.944,448.977,442.943,-6,0,0,2,AM6_30,2023-03-02 12:34:47.653
9084,PSYC-134128,TOTDay1,Training, 1,1, 2.jpg,2.jpg,90,90,19.158, 116.795,135.951,116.794,1,0,0,1,PE2_90,2023-03-02 12:36:52.658
9084,PSYC-134128,TOTDay1,Training, 2,1, 2.jpg,2.jpg,180,180,7.34, 137.849,145.189,137.849,2,0,0,1,PE2_180,2023-03-02 12:37:01.894
9084,PSYC-134128,TOTDay1,Training, 3,0, 2.jpg,2.jpg,60,30,17.125, 146.529,163.655,146.529,1,0,0,2,PM2_60,2023-03-02 12:37:20.359
9084,PSYC-134128,TOTDay1,Training, 4,1, 2.jpg,2.jpg,30,30,8.501, 167.829,176.331,167.829,2,0,0,2,PM2_30,2023-03-02 12:37:33.035
9084,PSYC-134128,TOTDay1,Training, 5,0, 2.jpg,2.jpg,210,150,9.199, 177.698,186.897,177.697,1,0,0,3,PH2_210,2023-03-02 12:37:43.602
9084,PSYC-134128,TOTDay1,Training, 6,0, 2.jpg,2.jpg,120,210,14.341, 207.257,221.599,207.257,0,0,0,3,PH2_120,2023-03-02 12:38:18.303
9084,PSYC-134128,TOTDay1,Training, 7,1, 2.jpg,2.jpg,0,0,5.475, 226.979,232.454,226.979,1,0,0,1,PE2_0,2023-03-02 12:38:29.160
9084,PSYC-134128,TOTDay1,Training, 8,1, 2.jpg,2.jpg,240,240,24.08, 232.997,257.077,232.996,2,0,0,3,PH2_240,2023-03-02 12:38:53.782
9084,PSYC-134128,TOTDay1,Training, 9,0, 2.jpg,2.jpg,330,210,8.533, 258.516,267.049,258.515,1,0,0,2,PM2_330,2023-03-02 12:39:03.753
9084,PSYC-134128,TOTDay1,Training, 10,1, 2.jpg,2.jpg,150,150,4.294, 269.499,273.793,269.498,2,0,0,3,PH2_150,2023-03-02 12:39:10.497
9084,PSYC-134128,TOTDay1,Training, 11,1, 2.jpg,2.jpg,300,300,9.914, 274.953,284.868,274.952,3,0,0,2,PM2_300,2023-03-02 12:39:21.572
9084,PSYC-134128,TOTDay1,Training, 12,1, 2.jpg,2.jpg,270,270,5.021, 285.757,290.778,285.756,4,0,0,1,PE2_270,2023-03-02 12:39:27.482
9084,PSYC-134128,TOTDay1,Experiment, 1,1, 7.jpg,7.jpg,330,330,15.925, 293.357,309.282,291.663,1,0,0,2,AM7_330,2023-03-02 12:39:45.987
9084,PSYC-134128,TOTDay1,Experiment, 2,0, 1.jpg,1.jpg,150,120,25.305, 311.407,336.712,311.406,0,0,0,3,BH1_150,2023-03-02 12:40:13.417
9084,PSYC-134128,TOTDay1,Experiment, 3,0, 6.jpg,6.jpg,90,240,24.083, 337.755,361.838,337.754,-1,0,0,1,BE6_90,2023-03-02 12:40:38.542
9084,PSYC-134128,TOTDay1,Experiment, 4,0, 3.jpg,3.jpg,240,90,16.901, 362.818,379.719,362.818,-2,0,0,3,BH3_240,2023-03-02 12:40:56.424
9084,PSYC-134128,TOTDay1,Experiment, 5,1, 11.jpg,11.jpg,60,60,28.549, 380.399,408.948,380.398,-1,0,0,2,AM11_60,2023-03-02 12:41:25.652
9084,PSYC-134128,TOTDay1,Experiment, 6,0, 3.jpg,3.jpg,90,270,27.743, 410.072,437.816,410.071,-2,0,0,1,AE3_90,2023-03-02 12:41:54.519
9084,PSYC-134128,TOTDay1,Experiment, 7,0, 8.jpg,8.jpg,330,30,9.417, 438.341,447.758,438.34,-3,0,0,2,BM8_330,2023-03-02 12:42:04.462
9084,PSYC-134128,TOTDay1,Experiment, 8,1, 11.jpg,11.jpg,180,180,7.575, 449.288,456.864,449.288,-2,0,0,1,BE11_180,2023-03-02 12:42:13.568
9084,PSYC-134128,TOTDay1,Experiment, 9,0, 10.jpg,10.jpg,150,210,16.75, 457.684,474.434,457.681,-3,0,0,3,AH10_150,2023-03-02 12:42:31.138
9084,PSYC-134128,TOTDay1,Experiment, 10,0, 9.jpg,9.jpg,240,120,20.488, 475.122,495.61,475.122,-4,0,0,3,AH9_240,2023-03-02 12:42:52.314
9084,PSYC-134128,TOTDay1,Experiment, 11,0, 7.jpg,7.jpg,270,90,20.275, 496.251,516.526,496.25,-5,0,0,1,BE7_270,2023-03-02 12:43:13.230
9084,PSYC-134128,TOTDay1,Experiment, 12,0, 6.jpg,6.jpg,30,180,9.805, 517.363,527.168,517.362,-6,0,0,2,AM6_30,2023-03-02 12:43:23.871
9084,PSYC-134128,TOTDay1,Experiment, 13,0, 10.jpg,10.jpg,60,300,29.407, 527.985,557.392,527.984,-7,0,0,2,BM10_60,2023-03-02 12:43:54.096
9084,PSYC-134128,TOTDay1,Experiment, 14,0, 4.jpg,4.jpg,180,120,21.161, 557.974,579.136,557.974,-8,0,0,1,AE4_180,2023-03-02 12:44:15.839
9084,PSYC-134128,TOTDay1,Experiment, 15,1, 8.jpg,8.jpg,210,210,26.996, 579.793,606.79,579.792,-7,0,0,3,AH8_210,2023-03-02 12:44:43.494
9084,PSYC-134128,TOTDay1,Experiment, 16,1, 1.jpg,1.jpg,270,270,15.803, 607.91,623.713,607.909,-6,0,0,1,AE1_270,2023-03-02 12:45:00.417
9084,PSYC-134128,TOTDay1,Experiment, 17,0, 9.jpg,9.jpg,30,330,6.613, 624.302,630.915,624.302,-7,0,0,2,BM9_30,2023-03-02 12:45:07.619
9084,PSYC-134128,TOTDay1,Experiment, 18,0, 4.jpg,4.jpg,210,120,21.109, 631.776,652.885,631.776,-8,0,0,3,BH4_210,2023-03-02 12:45:29.590
9084,PSYC-134128,TOTDay1,Experiment, 19,0, 4.jpg,4.jpg,210,-1,36.03, 631.776,667.807,653.549,-9,0,0,3,BH4_210,2023-03-02 12:45:44.510
9087,PSYC-134128,TOTDay1,Training, 1,1, 2.jpg,2.jpg,90,90,15.952, 42.888,58.838,42.887,1,0,0,1,PE2_90,2023-03-02 15:11:19.880
9087,PSYC-134128,TOTDay1,Training, 2,1, 2.jpg,2.jpg,180,180,5.801, 60.936,66.738,60.936,2,0,0,1,PE2_180,2023-03-02 15:11:27.777
9087,PSYC-134128,TOTDay1,Training, 3,0, 2.jpg,2.jpg,60,30,5.437, 67.612,73.05,67.612,1,0,0,2,PM2_60,2023-03-02 15:11:34.090
9087,PSYC-134128,TOTDay1,Training, 4,1, 2.jpg,2.jpg,30,30,4.787, 77.052,81.84,77.052,2,0,0,2,PM2_30,2023-03-02 15:11:42.879
9087,PSYC-134128,TOTDay1,Training, 5,0, 2.jpg,2.jpg,210,150,6.103, 82.324,88.428,82.324,1,0,0,3,PH2_210,2023-03-02 15:11:49.468
9087,PSYC-134128,TOTDay1,Training, 6,0, 2.jpg,2.jpg,120,60,12.636, 95.908,108.544,95.908,0,0,0,3,PH2_120,2023-03-02 15:12:09.584
9087,PSYC-134128,TOTDay1,Training, 7,1, 2.jpg,2.jpg,0,0,4.351, 115.957,120.308,115.956,1,0,0,1,PE2_0,2023-03-02 15:12:21.348
9087,PSYC-134128,TOTDay1,Training, 8,1, 2.jpg,2.jpg,240,240,14.416, 121.386,135.802,121.386,2,0,0,3,PH2_240,2023-03-02 15:12:36.842
9087,PSYC-134128,TOTDay1,Training, 9,1, 2.jpg,2.jpg,330,330,12.341, 137.2,149.542,137.2,3,0,0,2,PM2_330,2023-03-02 15:12:50.581
9087,PSYC-134128,TOTDay1,Training, 10,1, 2.jpg,2.jpg,150,150,12.729, 150.166,162.896,150.166,4,0,0,3,PH2_150,2023-03-02 15:13:03.935
9087,PSYC-134128,TOTDay1,Training, 11,1, 2.jpg,2.jpg,300,300,12.757, 163.438,176.196,163.438,5,0,0,2,PM2_300,2023-03-02 15:13:17.235
9087,PSYC-134128,TOTDay1,Training, 12,1, 2.jpg,2.jpg,270,270,5.595, 176.768,182.364,176.768,6,0,0,1,PE2_270,2023-03-02 15:13:23.403
9087,PSYC-134128,TOTDay1,Experiment, 1,1, 3.jpg,3.jpg,90,90,12.563, 187.021,199.584,182.852,1,0,0,1,AE3_90,2023-03-02 15:13:40.623
9087,PSYC-134128,TOTDay1,Experiment, 2,0, 6.jpg,6.jpg,30,60,13.415, 200.482,213.897,200.481,0,0,0,2,AM6_30,2023-03-02 15:13:54.937
9087,PSYC-134128,TOTDay1,Experiment, 3,0, 3.jpg,3.jpg,240,150,26.149, 217.794,243.943,217.794,-1,0,0,3,BH3_240,2023-03-02 15:14:24.983
9087,PSYC-134128,TOTDay1,Experiment, 4,1, 4.jpg,4.jpg,180,180,11.705, 244.973,256.678,244.972,0,0,0,1,AE4_180,2023-03-02 15:14:37.717
9087,PSYC-134128,TOTDay1,Experiment, 5,1, 4.jpg,4.jpg,210,210,22.431, 257.26,279.691,257.259,1,0,0,3,BH4_210,2023-03-02 15:15:00.731
9087,PSYC-134128,TOTDay1,Experiment, 6,1, 11.jpg,11.jpg,60,60,10.521, 280.586,291.107,280.586,2,0,0,2,AM11_60,2023-03-02 15:15:12.147
9087,PSYC-134128,TOTDay1,Experiment, 7,1, 11.jpg,11.jpg,180,180,13.187, 291.546,304.733,291.545,3,0,0,1,BE11_180,2023-03-02 15:15:25.773
9087,PSYC-134128,TOTDay1,Experiment, 8,0, 9.jpg,9.jpg,30,60,13.959, 305.33,319.289,305.33,2,0,0,2,BM9_30,2023-03-02 15:15:40.329
9087,PSYC-134128,TOTDay1,Experiment, 9,1, 8.jpg,8.jpg,210,210,31.861, 321.682,353.543,321.681,3,0,0,3,AH8_210,2023-03-02 15:16:14.583
9087,PSYC-134128,TOTDay1,Experiment, 10,1, 7.jpg,7.jpg,270,270,21.644, 354.418,376.062,354.418,4,0,0,1,BE7_270,2023-03-02 15:16:37.102
9087,PSYC-134128,TOTDay1,Experiment, 11,1, 9.jpg,9.jpg,240,240,10.465, 376.614,387.079,376.613,5,0,0,3,AH9_240,2023-03-02 15:16:48.118
9087,PSYC-134128,TOTDay1,Experiment, 12,1, 8.jpg,8.jpg,330,330,12.866, 387.49,400.356,387.489,6,0,0,2,BM8_330,2023-03-02 15:17:01.395
9087,PSYC-134128,TOTDay1,Experiment, 13,0, 1.jpg,1.jpg,270,240,8.273, 400.757,409.031,400.757,5,0,0,1,AE1_270,2023-03-02 15:17:10.070
9087,PSYC-134128,TOTDay1,Experiment, 14,0, 1.jpg,1.jpg,150,210,15.691, 410.124,425.816,410.123,4,0,0,3,BH1_150,2023-03-02 15:17:26.855
9087,PSYC-134128,TOTDay1,Experiment, 15,1, 7.jpg,7.jpg,330,330,13.015, 427.674,440.69,427.674,5,0,0,2,AM7_330,2023-03-02 15:17:41.729
9087,PSYC-134128,TOTDay1,Experiment, 16,1, 10.jpg,10.jpg,60,60,12.889, 441.17,454.059,441.169,6,0,0,2,BM10_60,2023-03-02 15:17:55.099
9087,PSYC-134128,TOTDay1,Experiment, 17,1, 6.jpg,6.jpg,90,90,13.751, 454.574,468.325,454.573,7,0,0,1,BE6_90,2023-03-02 15:18:09.365
9087,PSYC-134128,TOTDay1,Experiment, 18,1, 10.jpg,10.jpg,150,150,13.411, 468.872,482.283,468.871,8,0,0,3,AH10_150,2023-03-02 15:18:23.323
9086,PSYC-132589,TOTDay1,Training, 1,1, 2.jpg,2.jpg,90,90,11.897, 171.684,183.58,171.683,1,0,0,1,PE2_90,2023-03-02 15:22:53.018
9086,PSYC-132589,TOTDay1,Training, 2,1, 2.jpg,2.jpg,180,180,7.604, 187.868,195.472,187.868,2,0,0,1,PE2_180,2023-03-02 15:23:04.909
9086,PSYC-132589,TOTDay1,Training, 3,0, 2.jpg,2.jpg,60,240,13.941, 197.078,211.019,197.078,1,0,0,2,PM2_60,2023-03-02 15:23:20.456
9086,PSYC-132589,TOTDay1,Training, 4,1, 2.jpg,2.jpg,30,30,6.995, 224.418,231.414,224.418,2,0,0,2,PM2_30,2023-03-02 15:23:40.850
9086,PSYC-132589,TOTDay1,Training, 5,0, 2.jpg,2.jpg,210,150,11.253, 233.58,244.833,233.58,1,0,0,3,PH2_210,2023-03-02 15:23:54.270
9086,PSYC-132589,TOTDay1,Training, 6,0, 2.jpg,2.jpg,120,240,6.481, 250.986,257.467,250.986,0,0,0,3,PH2_120,2023-03-02 15:24:06.904
9086,PSYC-132589,TOTDay1,Training, 7,1, 2.jpg,2.jpg,0,0,4.715, 263.744,268.46,263.744,1,0,0,1,PE2_0,2023-03-02 15:24:17.896
9086,PSYC-132589,TOTDay1,Training, 8,0, 2.jpg,2.jpg,240,300,14.733, 269.518,284.252,269.518,0,0,0,3,PH2_240,2023-03-02 15:24:33.688
9086,PSYC-132589,TOTDay1,Training, 9,0, 2.jpg,2.jpg,330,300,8.831, 287.09,295.921,287.09,-1,0,0,2,PM2_330,2023-03-02 15:24:45.359
9086,PSYC-132589,TOTDay1,Training, 10,0, 2.jpg,2.jpg,150,210,3.924, 297.242,301.166,297.241,-2,0,0,3,PH2_150,2023-03-02 15:24:50.603
9086,PSYC-132589,TOTDay1,Training, 11,1, 2.jpg,2.jpg,300,300,13.683, 301.992,315.676,301.992,-1,0,0,2,PM2_300,2023-03-02 15:25:05.112
9086,PSYC-132589,TOTDay1,Training, 12,1, 2.jpg,2.jpg,270,270,15.79, 317.192,332.982,317.191,0,0,0,1,PE2_270,2023-03-02 15:25:22.418
9086,PSYC-132589,TOTDay1,Experiment, 1,1, 8.jpg,8.jpg,330,330,15.019, 346.332,361.351,344.34,1,0,0,2,BM8_330,2023-03-02 15:25:50.788
9086,PSYC-132589,TOTDay1,Experiment, 2,1, 7.jpg,7.jpg,270,270,11.657, 363.36,375.017,363.359,2,0,0,1,BE7_270,2023-03-02 15:26:04.454
9086,PSYC-132589,TOTDay1,Experiment, 3,0, 4.jpg,4.jpg,210,240,17.136, 377.246,394.382,377.246,1,0,0,3,BH4_210,2023-03-02 15:26:23.819
9086,PSYC-132589,TOTDay1,Experiment, 4,0, 10.jpg,10.jpg,150,120,15.374, 398.492,413.866,398.491,0,0,0,3,AH10_150,2023-03-02 15:26:43.302
9086,PSYC-132589,TOTDay1,Experiment, 5,1, 7.jpg,7.jpg,330,330,12.652, 414.988,427.64,414.988,1,0,0,2,AM7_330,2023-03-02 15:26:57.076
9086,PSYC-132589,TOTDay1,Experiment, 6,0, 6.jpg,6.jpg,90,30,17.333, 428.738,446.072,428.738,0,0,0,1,BE6_90,2023-03-02 15:27:15.508
9086,PSYC-132589,TOTDay1,Experiment, 7,0, 9.jpg,9.jpg,240,210,13.707, 446.982,460.689,446.981,-1,0,0,3,AH9_240,2023-03-02 15:27:30.126
9086,PSYC-132589,TOTDay1,Experiment, 8,1, 1.jpg,1.jpg,270,270,11.503, 461.66,473.164,461.66,0,0,0,1,AE1_270,2023-03-02 15:27:42.600
9086,PSYC-132589,TOTDay1,Experiment, 9,0, 6.jpg,6.jpg,30,150,5.424, 473.892,479.315,473.891,-1,0,0,2,AM6_30,2023-03-02 15:27:48.752
9086,PSYC-132589,TOTDay1,Experiment, 10,0, 4.jpg,4.jpg,180,210,11.721, 480.086,491.807,480.086,-2,0,0,1,AE4_180,2023-03-02 15:28:01.244
9086,PSYC-132589,TOTDay1,Experiment, 11,0, 9.jpg,9.jpg,30,330,9.816, 493.3,503.116,493.299,-3,0,0,2,BM9_30,2023-03-02 15:28:12.552
9086,PSYC-132589,TOTDay1,Experiment, 12,0, 8.jpg,8.jpg,210,150,5.019, 503.8,508.819,503.799,-4,0,0,3,AH8_210,2023-03-02 15:28:18.255
9086,PSYC-132589,TOTDay1,Experiment, 13,0, 11.jpg,11.jpg,60,240,3.766, 509.306,513.072,509.305,-5,0,0,2,AM11_60,2023-03-02 15:28:22.508
9086,PSYC-132589,TOTDay1,Experiment, 14,0, 1.jpg,1.jpg,150,90,8.41, 513.732,522.142,513.732,-6,0,0,3,BH1_150,2023-03-02 15:28:31.578
9086,PSYC-132589,TOTDay1,Experiment, 15,0, 3.jpg,3.jpg,90,240,5.773, 522.654,528.427,522.653,-7,0,0,1,AE3_90,2023-03-02 15:28:37.864
9086,PSYC-132589,TOTDay1,Experiment, 16,0, 3.jpg,3.jpg,240,90,3.705, 529.024,532.729,529.023,-8,0,0,3,BH3_240,2023-03-02 15:28:42.165
9086,PSYC-132589,TOTDay1,Experiment, 17,1, 11.jpg,11.jpg,180,180,6.859, 533.272,540.131,533.271,-7,0,0,1,BE11_180,2023-03-02 15:28:49.568
9086,PSYC-132589,TOTDay1,Experiment, 18,0, 10.jpg,10.jpg,60,240,12.902, 540.701,553.603,540.701,-8,0,0,2,BM10_60,2023-03-02 15:29:03.040
9088,PSYC-134130,TOTDay1,Training, 1,0, 2.jpg,2.jpg,90,0,8.547, 143.242,151.788,143.241,-1,0,0,1,PE2_90,2023-03-02 15:22:37.517
9088,PSYC-134130,TOTDay1,Training, 2,1, 2.jpg,2.jpg,180,180,6.759, 167.24,174,167.24,0,0,0,1,PE2_180,2023-03-02 15:22:59.728
9088,PSYC-134130,TOTDay1,Training, 3,0, 2.jpg,2.jpg,60,150,22.835, 175.122,197.958,175.122,-1,0,0,2,PM2_60,2023-03-02 15:23:23.685
9088,PSYC-134130,TOTDay1,Training, 4,0, 2.jpg,2.jpg,30,120,24.776, 200.829,225.605,200.828,-2,0,0,2,PM2_30,2023-03-02 15:23:51.334
9088,PSYC-134130,TOTDay1,Training, 5,1, 2.jpg,2.jpg,210,210,21.99, 233.394,255.384,233.394,-1,0,0,3,PH2_210,2023-03-02 15:24:21.111
9088,PSYC-134130,TOTDay1,Training, 6,0, 2.jpg,2.jpg,120,150,18.57, 256.198,274.768,256.198,-2,0,0,3,PH2_120,2023-03-02 15:24:40.496
9088,PSYC-134130,TOTDay1,Training, 7,1, 2.jpg,2.jpg,0,0,6.279, 284.846,291.126,284.846,-1,0,0,1,PE2_0,2023-03-02 15:24:56.853
9088,PSYC-134130,TOTDay1,Training, 8,1, 2.jpg,2.jpg,240,240,22.771, 291.94,314.712,291.94,0,0,0,3,PH2_240,2023-03-02 15:25:20.440
9088,PSYC-134130,TOTDay1,Training, 9,1, 2.jpg,2.jpg,330,330,15.713, 315.746,331.46,315.746,1,0,0,2,PM2_330,2023-03-02 15:25:37.187
9088,PSYC-134130,TOTDay1,Training, 10,1, 2.jpg,2.jpg,150,150,13.085, 332.341,345.426,332.34,2,0,0,3,PH2_150,2023-03-02 15:25:51.154
9088,PSYC-134130,TOTDay1,Training, 11,0, 2.jpg,2.jpg,300,210,14.712, 346.004,360.715,346.003,1,0,0,2,PM2_300,2023-03-02 15:26:06.443
9088,PSYC-134130,TOTDay1,Training, 12,1, 2.jpg,2.jpg,270,270,9.831, 362.122,371.953,362.122,2,0,0,1,PE2_270,2023-03-02 15:26:17.681
9088,PSYC-134130,TOTDay1,Experiment, 1,0, 11.jpg,11.jpg,60,30,13.443, 374.967,388.41,372.674,-1,0,0,2,AM11_60,2023-03-02 15:26:34.137
9088,PSYC-134130,TOTDay1,Experiment, 2,0, 9.jpg,9.jpg,240,210,15.66, 389.368,405.028,389.368,-2,0,0,3,AH9_240,2023-03-02 15:26:50.757
9088,PSYC-134130,TOTDay1,Experiment, 3,1, 7.jpg,7.jpg,270,270,11.656, 405.836,417.493,405.836,-1,0,0,1,BE7_270,2023-03-02 15:27:03.221
9088,PSYC-134130,TOTDay1,Experiment, 4,1, 9.jpg,9.jpg,30,30,10.712, 418.259,428.971,418.258,0,0,0,2,BM9_30,2023-03-02 15:27:14.699
9088,PSYC-134130,TOTDay1,Experiment, 5,0, 8.jpg,8.jpg,210,330,26.231, 429.576,455.807,429.575,-1,0,0,3,AH8_210,2023-03-02 15:27:41.536
9088,PSYC-134130,TOTDay1,Experiment, 6,1, 1.jpg,1.jpg,270,270,23.379, 456.424,479.803,456.424,0,0,0,1,AE1_270,2023-03-02 15:28:05.531
9088,PSYC-134130,TOTDay1,Experiment, 7,0, 3.jpg,3.jpg,240,330,22.925, 480.358,503.283,480.358,-1,0,0,3,BH3_240,2023-03-02 15:28:29.011
9088,PSYC-134130,TOTDay1,Experiment, 8,0, 6.jpg,6.jpg,90,270,23.337, 504.252,527.589,504.252,-2,0,0,1,BE6_90,2023-03-02 15:28:53.318
9088,PSYC-134130,TOTDay1,Experiment, 9,0, 10.jpg,10.jpg,60,180,19.741, 528.432,548.174,528.432,-3,0,0,2,BM10_60,2023-03-02 15:29:13.903
9088,PSYC-134130,TOTDay1,Experiment, 10,1, 7.jpg,7.jpg,330,330,17.916, 548.934,566.85,548.933,-2,0,0,2,AM7_330,2023-03-02 15:29:32.579
9088,PSYC-134130,TOTDay1,Experiment, 11,0, 4.jpg,4.jpg,210,30,12.145, 567.388,579.533,567.388,-3,0,0,3,BH4_210,2023-03-02 15:29:45.263
9088,PSYC-134130,TOTDay1,Experiment, 12,0, 3.jpg,3.jpg,90,330,9.885, 581.058,590.943,581.058,-4,0,0,1,AE3_90,2023-03-02 15:29:56.673
9088,PSYC-134130,TOTDay1,Experiment, 13,1, 8.jpg,8.jpg,330,330,16.459, 591.752,608.211,591.751,-3,0,0,2,BM8_330,2023-03-02 15:30:13.941
9088,PSYC-134130,TOTDay1,Experiment, 14,0, 11.jpg,11.jpg,180,0,8.824, 609.01,617.834,609.009,-4,0,0,1,BE11_180,2023-03-02 15:30:23.571
9088,PSYC-134130,TOTDay1,Experiment, 15,1, 10.jpg,10.jpg,150,150,20.069, 618.52,638.589,618.519,-3,0,0,3,AH10_150,2023-03-02 15:30:44.320
9088,PSYC-134130,TOTDay1,Experiment, 16,0, 1.jpg,1.jpg,150,270,10.868, 639.259,650.127,639.259,-4,0,0,3,BH1_150,2023-03-02 15:30:55.858
9088,PSYC-134130,TOTDay1,Experiment, 17,0, 4.jpg,4.jpg,180,0,8.095, 651.216,659.312,651.216,-5,0,0,1,AE4_180,2023-03-02 15:31:05.043
9088,PSYC-134130,TOTDay1,Experiment, 18,0, 6.jpg,6.jpg,30,60,14.261, 660.006,674.268,660.006,-6,0,0,2,AM6_30,2023-03-02 15:31:19.999
9089,PSYC-134128,TOTDay1,Training, 1,1, 2.jpg,2.jpg,90,90,6.03, 15.882,21.906,15.88,1,0,0,1,PE2_90,2023-03-03 09:28:40.702
9089,PSYC-134128,TOTDay1,Training, 2,0, 2.jpg,2.jpg,180,0,0.856, 24.118,24.973,24.117,0,0,0,1,PE2_180,2023-03-03 09:28:43.764
9089,PSYC-134128,TOTDay1,Training, 3,0, 2.jpg,2.jpg,60,90,4.814, 35.778,40.591,35.777,-1,0,0,2,PM2_60,2023-03-03 09:28:59.382
9089,PSYC-134128,TOTDay1,Training, 4,0, 2.jpg,2.jpg,30,300,8.664, 43.652,52.316,43.651,-2,0,0,2,PM2_30,2023-03-03 09:29:11.106
9089,PSYC-134128,TOTDay1,Training, 5,0, 2.jpg,2.jpg,210,150,5.325, 55.886,61.211,55.885,-3,0,0,3,PH2_210,2023-03-03 09:29:20.001
9089,PSYC-134128,TOTDay1,Training, 6,0, 2.jpg,2.jpg,120,330,5.879, 74.699,80.578,74.698,-4,0,0,3,PH2_120,2023-03-03 09:29:39.369
9089,PSYC-134128,TOTDay1,Training, 7,0, 2.jpg,2.jpg,0,60,7.688, 86.77,94.457,86.769,-5,0,0,1,PE2_0,2023-03-03 09:29:53.248
9089,PSYC-134128,TOTDay1,Training, 8,0, 2.jpg,2.jpg,240,120,3.323, 95.682,99.005,95.681,-6,0,0,3,PH2_240,2023-03-03 09:29:57.796
9089,PSYC-134128,TOTDay1,Training, 9,0, 2.jpg,2.jpg,330,30,5.518, 102.554,108.073,102.554,-7,0,0,2,PM2_330,2023-03-03 09:30:06.863
9089,PSYC-134128,TOTDay1,Training, 10,0, 2.jpg,2.jpg,150,30,4.81, 110.622,115.432,110.622,-8,0,0,3,PH2_150,2023-03-03 09:30:14.223
9089,PSYC-134128,TOTDay1,Training, 11,0, 2.jpg,2.jpg,300,240,2.814, 118.113,120.927,118.112,-9,0,0,2,PM2_300,2023-03-03 09:30:19.717
9089,PSYC-134128,TOTDay1,Training, 12,0, 2.jpg,2.jpg,270,90,5.707, 122.362,128.069,122.362,-10,0,0,1,PE2_270,2023-03-03 09:30:26.860
9089,PSYC-134128,TOTDay1,Experiment, 1,0, 10.jpg,10.jpg,60,300,4.294, 134.414,138.708,131.163,-1,0,0,2,BM10_60,2023-03-03 09:30:37.498
9089,PSYC-134128,TOTDay1,Experiment, 2,0, 10.jpg,10.jpg,150,60,3.433, 141.372,144.805,141.372,-2,0,0,3,AH10_150,2023-03-03 09:30:43.596
9089,PSYC-134128,TOTDay1,Experiment, 3,0, 6.jpg,6.jpg,90,240,3.609, 147.029,150.639,147.029,-3,0,0,1,BE6_90,2023-03-03 09:30:49.429
9089,PSYC-134128,TOTDay1,Experiment, 4,0, 8.jpg,8.jpg,210,0,3.961, 153.89,157.851,153.889,-4,0,0,3,AH8_210,2023-03-03 09:30:56.642
9089,PSYC-134128,TOTDay1,Experiment, 5,0, 7.jpg,7.jpg,330,180,3.187, 158.868,162.056,158.867,-5,0,0,2,AM7_330,2023-03-03 09:31:00.846
9089,PSYC-134128,TOTDay1,Experiment, 6,0, 3.jpg,3.jpg,90,120,2.311, 163.45,165.761,163.449,-6,0,0,1,AE3_90,2023-03-03 09:31:04.551
9089,PSYC-134128,TOTDay1,Experiment, 7,0, 11.jpg,11.jpg,180,270,3.221, 166.446,169.667,166.445,-7,0,0,1,BE11_180,2023-03-03 09:31:08.458
9089,PSYC-134128,TOTDay1,Experiment, 8,0, 6.jpg,6.jpg,30,120,3.019, 170.266,173.285,170.265,-8,0,0,2,AM6_30,2023-03-03 09:31:12.076
9089,PSYC-134128,TOTDay1,Experiment, 9,0, 3.jpg,3.jpg,240,330,3.034, 174.258,177.293,174.258,-9,0,0,3,BH3_240,2023-03-03 09:31:16.084
9089,PSYC-134128,TOTDay1,Experiment, 10,0, 1.jpg,1.jpg,270,60,2.253, 177.854,180.108,177.854,-10,0,0,1,AE1_270,2023-03-03 09:31:18.898
9089,PSYC-134128,TOTDay1,Experiment, 11,0, 4.jpg,4.jpg,210,240,5.668, 180.611,186.279,180.611,-11,0,0,3,BH4_210,2023-03-03 09:31:25.069
9089,PSYC-134128,TOTDay1,Experiment, 12,0, 8.jpg,8.jpg,330,150,2.609, 187.542,190.152,187.541,-12,0,0,2,BM8_330,2023-03-03 09:31:28.942
9089,PSYC-134128,TOTDay1,Experiment, 13,0, 9.jpg,9.jpg,30,120,2.818, 191.448,194.266,191.447,-13,0,0,2,BM9_30,2023-03-03 09:31:33.057
9089,PSYC-134128,TOTDay1,Experiment, 14,1, 9.jpg,9.jpg,240,240,3.315, 195.278,198.593,195.278,-12,0,0,3,AH9_240,2023-03-03 09:31:37.384
9089,PSYC-134128,TOTDay1,Experiment, 15,0, 7.jpg,7.jpg,270,60,3.663, 200.37,204.033,200.369,-13,0,0,1,BE7_270,2023-03-03 09:31:42.823
9089,PSYC-134128,TOTDay1,Experiment, 16,0, 4.jpg,4.jpg,180,300,2.765, 205.494,208.259,205.494,-14,0,0,1,AE4_180,2023-03-03 09:31:47.049
9089,PSYC-134128,TOTDay1,Experiment, 17,0, 1.jpg,1.jpg,150,120,2.456, 208.808,211.263,208.807,-15,0,0,3,BH1_150,2023-03-03 09:31:50.054
9089,PSYC-134128,TOTDay1,Experiment, 18,0, 11.jpg,11.jpg,60,180,2.204, 211.744,213.948,211.743,-16,0,0,2,AM11_60,2023-03-03 09:31:52.738
9090,PSYC-132589,TOTDay1,Training, 1,1, 2.jpg,2.jpg,90,90,11.142, 47.474,58.614,47.473,1,0,0,1,PE2_90,2023-03-03 09:30:07.084
9090,PSYC-132589,TOTDay1,Training, 2,1, 2.jpg,2.jpg,180,180,2.861, 59.747,62.608,59.746,2,0,0,1,PE2_180,2023-03-03 09:30:11.077
9090,PSYC-132589,TOTDay1,Training, 3,0, 2.jpg,2.jpg,60,240,9.521, 65.066,74.588,65.066,1,0,0,2,PM2_60,2023-03-03 09:30:23.057
9090,PSYC-132589,TOTDay1,Training, 4,1, 2.jpg,2.jpg,30,30,4.298, 79.585,83.883,79.584,2,0,0,2,PM2_30,2023-03-03 09:30:32.353
9090,PSYC-132589,TOTDay1,Training, 5,1, 2.jpg,2.jpg,210,210,15.532, 85.739,101.271,85.738,3,0,0,3,PH2_210,2023-03-03 09:30:49.740
9090,PSYC-132589,TOTDay1,Training, 6,0, 2.jpg,2.jpg,120,240,13.341, 102.217,115.558,102.216,2,0,0,3,PH2_120,2023-03-03 09:31:04.026
9090,PSYC-132589,TOTDay1,Training, 7,1, 2.jpg,2.jpg,0,0,6.159, 120.865,127.024,120.865,3,0,0,1,PE2_0,2023-03-03 09:31:15.493
9090,PSYC-132589,TOTDay1,Training, 8,0, 2.jpg,2.jpg,240,210,9.858, 127.488,137.346,127.487,2,0,0,3,PH2_240,2023-03-03 09:31:25.814
9090,PSYC-132589,TOTDay1,Training, 9,0, 2.jpg,2.jpg,330,30,10.106, 138.354,148.46,138.354,1,0,0,2,PM2_330,2023-03-03 09:31:36.929
9090,PSYC-132589,TOTDay1,Training, 10,1, 2.jpg,2.jpg,150,150,3.673, 149.178,152.851,149.178,2,0,0,3,PH2_150,2023-03-03 09:31:41.319
9090,PSYC-132589,TOTDay1,Training, 11,0, 2.jpg,2.jpg,300,240,8.464, 153.471,161.936,153.471,1,0,0,2,PM2_300,2023-03-03 09:31:50.404
9090,PSYC-132589,TOTDay1,Training, 12,1, 2.jpg,2.jpg,270,270,3.103, 162.616,165.719,162.616,2,0,0,1,PE2_270,2023-03-03 09:31:54.188
9090,PSYC-132589,TOTDay1,Experiment, 1,1, 9.jpg,9.jpg,30,30,8.472, 167.733,176.206,166.196,1,0,0,2,BM9_30,2023-03-03 09:32:04.674
9090,PSYC-132589,TOTDay1,Experiment, 2,0, 6.jpg,6.jpg,90,270,11.899, 176.71,188.609,176.709,0,0,0,1,BE6_90,2023-03-03 09:32:17.077
9090,PSYC-132589,TOTDay1,Experiment, 3,0, 8.jpg,8.jpg,210,240,12.291, 189.434,201.725,189.434,-1,0,0,3,AH8_210,2023-03-03 09:32:30.194
9090,PSYC-132589,TOTDay1,Experiment, 4,0, 8.jpg,8.jpg,330,30,17.583, 202.176,219.759,202.176,-2,0,0,2,BM8_330,2023-03-03 09:32:48.228
9090,PSYC-132589,TOTDay1,Experiment, 5,0, 10.jpg,10.jpg,150,210,7.997, 220.23,228.227,220.229,-3,0,0,3,AH10_150,2023-03-03 09:32:56.696
9090,PSYC-132589,TOTDay1,Experiment, 6,0, 7.jpg,7.jpg,270,90,6.453, 228.726,235.18,228.726,-4,0,0,1,BE7_270,2023-03-03 09:33:03.648
9090,PSYC-132589,TOTDay1,Experiment, 7,1, 11.jpg,11.jpg,180,180,3.166, 236.596,239.762,236.596,-3,0,0,1,BE11_180,2023-03-03 09:33:08.230
9090,PSYC-132589,TOTDay1,Experiment, 8,0, 11.jpg,11.jpg,60,210,19.677, 240.216,259.893,240.216,-4,0,0,2,AM11_60,2023-03-03 09:33:28.362
9090,PSYC-132589,TOTDay1,Experiment, 9,0, 4.jpg,4.jpg,210,150,11.497, 260.4,271.897,260.399,-5,0,0,3,BH4_210,2023-03-03 09:33:40.365
9090,PSYC-132589,TOTDay1,Experiment, 10,0, 1.jpg,1.jpg,270,90,8.745, 272.386,281.132,272.385,-6,0,0,1,AE1_270,2023-03-03 09:33:49.599
9090,PSYC-132589,TOTDay1,Experiment, 11,1, 7.jpg,7.jpg,330,330,5.125, 281.896,287.021,281.896,-5,0,0,2,AM7_330,2023-03-03 09:33:55.490
9090,PSYC-132589,TOTDay1,Experiment, 12,0, 1.jpg,1.jpg,150,210,6.748, 287.476,294.224,287.475,-6,0,0,3,BH1_150,2023-03-03 09:34:02.691
9090,PSYC-132589,TOTDay1,Experiment, 13,0, 10.jpg,10.jpg,60,120,8.163, 294.729,302.892,294.729,-7,0,0,2,BM10_60,2023-03-03 09:34:11.360
9090,PSYC-132589,TOTDay1,Experiment, 14,0, 9.jpg,9.jpg,240,210,14.809, 303.556,318.365,303.556,-8,0,0,3,AH9_240,2023-03-03 09:34:26.834
9090,PSYC-132589,TOTDay1,Experiment, 15,1, 4.jpg,4.jpg,180,180,3.813, 318.81,322.623,318.809,-7,0,0,1,AE4_180,2023-03-03 09:34:31.091
9090,PSYC-132589,TOTDay1,Experiment, 16,1, 3.jpg,3.jpg,240,240,6.589, 323.074,329.664,323.074,-6,0,0,3,BH3_240,2023-03-03 09:34:38.131
9090,PSYC-132589,TOTDay1,Experiment, 17,0, 6.jpg,6.jpg,30,60,12.584, 330.404,342.987,330.403,-7,0,0,2,AM6_30,2023-03-03 09:34:51.456
9090,PSYC-132589,TOTDay1,Experiment, 18,0, 3.jpg,3.jpg,90,270,15.615, 343.528,359.143,343.527,-8,0,0,1,AE3_90,2023-03-03 09:35:07.611
9093,PSYC-134130,TOTDay1,Training, 1,1, 2.jpg,2.jpg,90,90,9.948, 8.11,18.057,8.109,1,0,0,1,PE2_90,2023-03-03 12:26:24.910
9093,PSYC-134130,TOTDay1,Training, 2,1, 2.jpg,2.jpg,180,180,4.575, 23.495,28.07,23.494,2,0,0,1,PE2_180,2023-03-03 12:26:34.922
9093,PSYC-134130,TOTDay1,Training, 3,1, 2.jpg,2.jpg,60,60,12.089, 28.95,41.04,28.95,3,0,0,2,PM2_60,2023-03-03 12:26:47.891
9093,PSYC-134130,TOTDay1,Training, 4,1, 2.jpg,2.jpg,30,30,12.169, 41.424,53.594,41.424,4,0,0,2,PM2_30,2023-03-03 12:27:00.446
9093,PSYC-134130,TOTDay1,Training, 5,1, 2.jpg,2.jpg,210,210,13.069, 54.18,67.249,54.18,5,0,0,3,PH2_210,2023-03-03 12:27:14.102
9093,PSYC-134130,TOTDay1,Training, 6,1, 2.jpg,2.jpg,120,120,9.335, 68.383,77.718,68.382,6,0,0,3,PH2_120,2023-03-03 12:27:24.571
9093,PSYC-134130,TOTDay1,Training, 7,1, 2.jpg,2.jpg,0,0,7.855, 78.837,86.692,78.836,7,0,0,1,PE2_0,2023-03-03 12:27:33.545
9093,PSYC-134130,TOTDay1,Training, 8,1, 2.jpg,2.jpg,240,240,8.481, 88.158,96.64,88.157,8,0,0,3,PH2_240,2023-03-03 12:27:43.491
9093,PSYC-134130,TOTDay1,Training, 9,1, 2.jpg,2.jpg,330,330,14.497, 97.572,112.07,97.572,9,0,0,2,PM2_330,2023-03-03 12:27:58.922
9093,PSYC-134130,TOTDay1,Training, 10,1, 2.jpg,2.jpg,150,150,9.498, 114.634,124.132,114.634,10,0,0,3,PH2_150,2023-03-03 12:28:10.985
9093,PSYC-134130,TOTDay1,Training, 11,1, 2.jpg,2.jpg,300,300,11.127, 125.322,136.45,125.322,11,0,0,2,PM2_300,2023-03-03 12:28:23.302
9093,PSYC-134130,TOTDay1,Training, 12,1, 2.jpg,2.jpg,270,270,6.122, 137.402,143.524,137.401,12,0,0,1,PE2_270,2023-03-03 12:28:30.376
9093,PSYC-134130,TOTDay1,Experiment, 1,1, 7.jpg,7.jpg,330,330,13.117, 147.3,160.417,144.8,1,0,0,2,AM7_330,2023-03-03 12:28:47.270
9093,PSYC-134130,TOTDay1,Experiment, 2,0, 3.jpg,3.jpg,90,270,11.887, 162.19,174.078,162.189,0,0,0,1,AE3_90,2023-03-03 12:29:00.930
9093,PSYC-134130,TOTDay1,Experiment, 3,0, 1.jpg,1.jpg,150,90,18.773, 179.112,197.885,179.112,-1,0,0,3,BH1_150,2023-03-03 12:29:24.738
9093,PSYC-134130,TOTDay1,Experiment, 4,1, 4.jpg,4.jpg,210,210,7.098, 200.478,207.576,200.477,0,0,0,3,BH4_210,2023-03-03 12:29:34.428
9093,PSYC-134130,TOTDay1,Experiment, 5,0, 6.jpg,6.jpg,30,210,11.345, 208.44,219.786,208.44,-1,0,0,2,AM6_30,2023-03-03 12:29:46.639
9093,PSYC-134130,TOTDay1,Experiment, 6,1, 6.jpg,6.jpg,90,90,7.951, 220.828,228.779,220.828,0,0,0,1,BE6_90,2023-03-03 12:29:55.633
9093,PSYC-134130,TOTDay1,Experiment, 7,1, 10.jpg,10.jpg,150,150,12.213, 230.192,242.405,230.191,1,0,0,3,AH10_150,2023-03-03 12:30:09.259
9093,PSYC-134130,TOTDay1,Experiment, 8,1, 8.jpg,8.jpg,330,330,9.919, 243.166,253.086,243.166,2,0,0,2,BM8_330,2023-03-03 12:30:19.939
9093,PSYC-134130,TOTDay1,Experiment, 9,1, 11.jpg,11.jpg,180,180,9.099, 253.744,262.843,253.744,3,0,0,1,BE11_180,2023-03-03 12:30:29.697
9093,PSYC-134130,TOTDay1,Experiment, 10,1, 10.jpg,10.jpg,60,60,16.927, 263.352,280.279,263.351,4,0,0,2,BM10_60,2023-03-03 12:30:47.133
9093,PSYC-134130,TOTDay1,Experiment, 11,1, 8.jpg,8.jpg,210,210,12.716, 280.878,293.595,280.878,5,0,0,3,AH8_210,2023-03-03 12:31:00.449
9093,PSYC-134130,TOTDay1,Experiment, 12,0, 4.jpg,4.jpg,180,150,16.277, 294.344,310.621,294.343,4,0,0,1,AE4_180,2023-03-03 12:31:17.475
9093,PSYC-134130,TOTDay1,Experiment, 13,1, 7.jpg,7.jpg,270,270,8.463, 311.46,319.923,311.46,5,0,0,1,BE7_270,2023-03-03 12:31:26.777
9093,PSYC-134130,TOTDay1,Experiment, 14,0, 9.jpg,9.jpg,30,60,16.592, 321.377,337.969,321.376,4,0,0,2,BM9_30,2023-03-03 12:31:44.823
9093,PSYC-134130,TOTDay1,Experiment, 15,0, 3.jpg,3.jpg,240,270,8.857, 351.654,360.511,351.653,3,0,0,3,BH3_240,2023-03-03 12:32:07.365
9093,PSYC-134130,TOTDay1,Experiment, 16,0, 11.jpg,11.jpg,60,30,23.36, 361.251,384.612,361.251,2,0,0,2,AM11_60,2023-03-03 12:32:31.466
9093,PSYC-134130,TOTDay1,Experiment, 17,0, 9.jpg,9.jpg,240,210,15.519, 387.186,402.705,387.185,1,0,0,3,AH9_240,2023-03-03 12:32:49.560
9093,PSYC-134130,TOTDay1,Experiment, 18,0, 1.jpg,1.jpg,270,0,0.639, 403.28,403.919,403.279,0,0,0,1,AE1_270,2023-03-03 12:32:50.773
9062,PSYC-134128,TOTDay1,Training, 1,1, 2.jpg,2.jpg,90,90,9.028, 13.471,22.497,13.47,1,0,0,1,PE2_90,2023-03-03 11:58:19.539
9062,PSYC-134128,TOTDay1,Training, 2,1, 2.jpg,2.jpg,180,180,5.466, 23.216,28.683,23.215,2,0,0,1,PE2_180,2023-03-03 11:58:25.724
9062,PSYC-134128,TOTDay1,Training, 3,0, 2.jpg,2.jpg,60,30,5.285, 29.381,34.667,29.381,1,0,0,2,PM2_60,2023-03-03 11:58:31.708
9062,PSYC-134128,TOTDay1,Training, 4,0, 2.jpg,2.jpg,30,0,0.389, 38.762,39.151,38.761,0,0,0,2,PM2_30,2023-03-03 11:58:36.192
9062,PSYC-134128,TOTDay1,Training, 5,0, 2.jpg,2.jpg,210,0,0.43, 42.921,43.351,42.921,-1,0,0,3,PH2_210,2023-03-03 11:58:40.393
9062,PSYC-134128,TOTDay1,Training, 6,0, 2.jpg,2.jpg,120,0,0.495, 51.735,52.231,51.735,-2,0,0,3,PH2_120,2023-03-03 11:58:49.272
9062,PSYC-134128,TOTDay1,Training, 7,1, 2.jpg,2.jpg,0,0,7.385, 64.249,71.635,64.249,-1,0,0,1,PE2_0,2023-03-03 11:59:08.677
9062,PSYC-134128,TOTDay1,Training, 8,0, 2.jpg,2.jpg,240,0,1.273, 72.596,73.869,72.595,-2,0,0,3,PH2_240,2023-03-03 11:59:10.911
9062,PSYC-134128,TOTDay1,Training, 9,0, 2.jpg,2.jpg,330,150,4.991, 77.926,82.917,77.925,-3,0,0,2,PM2_330,2023-03-03 11:59:19.959
9062,PSYC-134128,TOTDay1,Training, 10,0, 2.jpg,2.jpg,150,0,2.573, 84.539,87.113,84.539,-4,0,0,3,PH2_150,2023-03-03 11:59:24.155
9062,PSYC-134128,TOTDay1,Training, 11,0, 2.jpg,2.jpg,300,0,0.672, 87.659,88.331,87.659,-5,0,0,2,PM2_300,2023-03-03 11:59:25.374
9062,PSYC-134128,TOTDay1,Training, 12,0, 2.jpg,2.jpg,270,0,0.248, 88.639,88.887,88.639,-6,0,0,1,PE2_270,2023-03-03 11:59:25.930
9062,PSYC-134128,TOTDay1,Experiment, 1,0, 10.jpg,10.jpg,150,0,2.285, 91.326,93.611,89.139,-1,0,0,3,AH10_150,2023-03-03 11:59:30.653
9062,PSYC-134128,TOTDay1,Experiment, 2,0, 10.jpg,10.jpg,60,0,0.741, 95.685,96.427,95.685,-2,0,0,2,BM10_60,2023-03-03 11:59:33.470
9062,PSYC-134128,TOTDay1,Experiment, 3,0, 3.jpg,3.jpg,90,0,0.517, 97.026,97.544,97.025,-3,0,0,1,AE3_90,2023-03-03 11:59:34.586
9062,PSYC-134128,TOTDay1,Experiment, 4,0, 8.jpg,8.jpg,330,0,0.369, 97.94,98.309,97.939,-4,0,0,2,BM8_330,2023-03-03 11:59:35.351
9062,PSYC-134128,TOTDay1,Experiment, 5,0, 4.jpg,4.jpg,210,0,0.237, 98.542,98.779,98.541,-5,0,0,3,BH4_210,2023-03-03 11:59:35.821
9062,PSYC-134128,TOTDay1,Experiment, 6,0, 1.jpg,1.jpg,270,0,0.233, 99.005,99.239,99.005,-6,0,0,1,AE1_270,2023-03-03 11:59:36.282
9062,PSYC-134128,TOTDay1,Experiment, 7,0, 9.jpg,9.jpg,30,0,0.241, 99.457,99.699,99.457,-7,0,0,2,BM9_30,2023-03-03 11:59:36.741
9062,PSYC-134128,TOTDay1,Experiment, 8,0, 8.jpg,8.jpg,210,0,0.233, 99.931,100.165,99.931,-8,0,0,3,AH8_210,2023-03-03 11:59:37.208
9062,PSYC-134128,TOTDay1,Experiment, 9,0, 4.jpg,4.jpg,180,0,0.235, 100.38,100.615,100.38,-9,0,0,1,AE4_180,2023-03-03 11:59:37.658
9062,PSYC-134128,TOTDay1,Experiment, 10,0, 7.jpg,7.jpg,270,0,0.229, 100.842,101.071,100.841,-10,0,0,1,BE7_270,2023-03-03 11:59:38.114
9062,PSYC-134128,TOTDay1,Experiment, 11,0, 11.jpg,11.jpg,60,0,0.227, 101.286,101.513,101.286,-11,0,0,2,AM11_60,2023-03-03 11:59:38.555
9062,PSYC-134128,TOTDay1,Experiment, 12,0, 1.jpg,1.jpg,150,0,0.2, 101.736,101.935,101.735,-12,0,0,3,BH1_150,2023-03-03 11:59:38.978
9062,PSYC-134128,TOTDay1,Experiment, 13,0, 6.jpg,6.jpg,90,0,0.214, 102.17,102.383,102.169,-13,0,0,1,BE6_90,2023-03-03 11:59:39.426
9062,PSYC-134128,TOTDay1,Experiment, 14,0, 9.jpg,9.jpg,240,0,0.221, 102.771,102.993,102.771,-14,0,0,3,AH9_240,2023-03-03 11:59:40.036
9062,PSYC-134128,TOTDay1,Experiment, 15,0, 6.jpg,6.jpg,30,0,0.549, 103.26,103.809,103.259,-15,0,0,2,AM6_30,2023-03-03 11:59:40.852
9062,PSYC-134128,TOTDay1,Experiment, 16,0, 11.jpg,11.jpg,180,0,0.221, 104.251,104.473,104.251,-16,0,0,1,BE11_180,2023-03-03 11:59:41.516
9062,PSYC-134128,TOTDay1,Experiment, 17,0, 7.jpg,7.jpg,330,0,0.267, 104.751,105.019,104.751,-17,0,0,2,AM7_330,2023-03-03 11:59:42.062
9062,PSYC-134128,TOTDay1,Experiment, 18,0, 3.jpg,3.jpg,240,0,0.413, 105.352,105.765,105.351,-18,0,0,3,BH3_240,2023-03-03 11:59:42.808
9062,PSYC-134128,TOTDay1,Training, 1,1, 2.jpg,2.jpg,90,90,2.597, 6.534,9.129,6.533,1,0,0,1,PE2_90,2023-03-03 13:19:52.829
9062,PSYC-134128,TOTDay1,Training, 2,0, 2.jpg,2.jpg,180,90,1.905, 11.978,13.883,11.977,0,0,0,1,PE2_180,2023-03-03 13:19:57.582
9062,PSYC-134128,TOTDay1,Training, 3,0, 2.jpg,2.jpg,60,90,1.869, 21.884,23.753,21.883,-1,0,0,2,PM2_60,2023-03-03 13:20:07.451
9062,PSYC-134128,TOTDay1,Training, 4,0, 2.jpg,2.jpg,30,60,1.559, 30.211,31.77,30.211,-2,0,0,2,PM2_30,2023-03-03 13:20:15.469
9062,PSYC-134128,TOTDay1,Training, 5,0, 2.jpg,2.jpg,210,180,5.711, 34.909,40.621,34.909,-3,0,0,3,PH2_210,2023-03-03 13:20:24.319
9062,PSYC-134128,TOTDay1,Training, 6,0, 2.jpg,2.jpg,120,30,8.238, 56.184,64.421,56.183,-4,0,0,3,PH2_120,2023-03-03 13:20:48.119
9062,PSYC-134128,TOTDay1,Training, 7,1, 2.jpg,2.jpg,0,0,2.842, 70.582,73.424,70.581,-3,0,0,1,PE2_0,2023-03-03 13:20:57.122
9062,PSYC-134128,TOTDay1,Training, 8,0, 2.jpg,2.jpg,240,0,0.529, 74.884,75.413,74.883,-4,0,0,3,PH2_240,2023-03-03 13:20:59.111
9062,PSYC-134128,TOTDay1,Training, 9,0, 2.jpg,2.jpg,330,0,0.289, 75.738,76.027,75.738,-5,0,0,2,PM2_330,2023-03-03 13:20:59.725
9062,PSYC-134128,TOTDay1,Training, 10,0, 2.jpg,2.jpg,150,0,0.221, 76.27,76.491,76.269,-6,0,0,3,PH2_150,2023-03-03 13:21:00.189
9062,PSYC-134128,TOTDay1,Training, 11,0, 2.jpg,2.jpg,300,0,0.315, 76.758,77.073,76.757,-7,0,0,2,PM2_300,2023-03-03 13:21:00.771
9062,PSYC-134128,TOTDay1,Training, 12,0, 2.jpg,2.jpg,270,0,0.304, 77.558,77.863,77.558,-8,0,0,1,PE2_270,2023-03-03 13:21:01.561
9062,PSYC-134128,TOTDay1,Experiment, 1,0, 8.jpg,8.jpg,210,0,2.858, 81.127,83.985,78.147,-1,0,0,3,AH8_210,2023-03-03 13:21:07.683
9062,PSYC-134128,TOTDay1,Experiment, 2,0, 7.jpg,7.jpg,270,0,0.16, 84.175,84.335,84.175,-2,0,0,1,BE7_270,2023-03-03 13:21:08.034
9062,PSYC-134128,TOTDay1,Experiment, 3,0, 11.jpg,11.jpg,60,0,0.172, 84.527,84.7,84.527,-3,0,0,2,AM11_60,2023-03-03 13:21:08.398
9062,PSYC-134128,TOTDay1,Experiment, 4,0, 7.jpg,7.jpg,330,60,1.533, 84.868,86.401,84.867,-4,0,0,2,AM7_330,2023-03-03 13:21:10.099
9062,PSYC-134128,TOTDay1,Experiment, 5,0, 3.jpg,3.jpg,90,300,2.79, 89.267,92.057,89.267,-5,0,0,1,AE3_90,2023-03-03 13:21:15.755
9062,PSYC-134128,TOTDay1,Experiment, 6,0, 3.jpg,3.jpg,240,0,1.775, 94.62,96.395,94.619,-6,0,0,3,BH3_240,2023-03-03 13:21:20.094
9062,PSYC-134128,TOTDay1,Experiment, 7,0, 10.jpg,10.jpg,150,210,2.96, 98.701,101.661,98.701,-7,0,0,3,AH10_150,2023-03-03 13:21:25.359
9062,PSYC-134128,TOTDay1,Experiment, 8,0, 6.jpg,6.jpg,30,90,1.627, 104.815,106.443,104.815,-8,0,0,2,AM6_30,2023-03-03 13:21:30.141
9062,PSYC-134128,TOTDay1,Experiment, 9,0, 1.jpg,1.jpg,270,300,1.705, 114.338,116.043,114.337,-9,0,0,1,AE1_270,2023-03-03 13:21:39.741
9062,PSYC-134128,TOTDay1,Experiment, 10,0, 4.jpg,4.jpg,210,180,7.953, 119.449,127.403,119.449,-10,0,0,3,BH4_210,2023-03-03 13:21:51.101
9062,PSYC-134128,TOTDay1,Experiment, 11,0, 4.jpg,4.jpg,180,0,0.62, 128.525,129.145,128.525,-11,0,0,1,AE4_180,2023-03-03 13:21:52.843
9062,PSYC-134128,TOTDay1,Experiment, 12,0, 9.jpg,9.jpg,30,0,0.319, 129.404,129.723,129.403,-12,0,0,2,BM9_30,2023-03-03 13:21:53.422
9062,PSYC-134128,TOTDay1,Experiment, 13,0, 9.jpg,9.jpg,240,0,0.218, 129.957,130.175,129.957,-13,0,0,3,AH9_240,2023-03-03 13:21:53.873
9062,PSYC-134128,TOTDay1,Experiment, 14,0, 8.jpg,8.jpg,330,0,0.211, 130.684,130.895,130.683,-14,0,0,2,BM8_330,2023-03-03 13:21:54.593
9062,PSYC-134128,TOTDay1,Experiment, 15,0, 6.jpg,6.jpg,90,120,2.042, 133.615,135.657,133.615,-15,0,0,1,BE6_90,2023-03-03 13:21:59.356
9062,PSYC-134128,TOTDay1,Experiment, 16,0, 11.jpg,11.jpg,180,270,2.283, 136.094,138.377,136.094,-16,0,0,1,BE11_180,2023-03-03 13:22:02.075
9062,PSYC-134128,TOTDay1,Experiment, 17,0, 10.jpg,10.jpg,60,330,1.987, 139.986,141.973,139.985,-17,0,0,2,BM10_60,2023-03-03 13:22:05.671
9062,PSYC-134128,TOTDay1,Experiment, 18,0, 1.jpg,1.jpg,150,90,3.98, 144.721,148.701,144.721,-18,0,0,3,BH1_150,2023-03-03 13:22:12.399
9092,PSYC-132589,TOTDay1,Training, 1,1, 2.jpg,2.jpg,90,90,8.762, 36.832,45.593,36.831,1,0,0,1,PE2_90,2023-03-03 11:58:13.805
9092,PSYC-132589,TOTDay1,Training, 2,1, 2.jpg,2.jpg,180,180,9.075, 47.951,57.026,47.95,2,0,0,1,PE2_180,2023-03-03 11:58:25.236
9092,PSYC-132589,TOTDay1,Training, 3,0, 2.jpg,2.jpg,60,120,7.246, 58.319,65.565,58.318,1,0,0,2,PM2_60,2023-03-03 11:58:33.774
9092,PSYC-132589,TOTDay1,Training, 4,0, 2.jpg,2.jpg,30,120,11.624, 68.349,79.973,68.349,0,0,0,2,PM2_30,2023-03-03 11:58:48.182
9092,PSYC-132589,TOTDay1,Training, 5,0, 2.jpg,2.jpg,210,180,4.173, 81.73,85.903,81.729,-1,0,0,3,PH2_210,2023-03-03 11:58:54.113
9092,PSYC-132589,TOTDay1,Training, 6,1, 2.jpg,2.jpg,120,120,6.33, 91.917,98.247,91.916,0,0,0,3,PH2_120,2023-03-03 11:59:06.456
9092,PSYC-132589,TOTDay1,Training, 7,0, 2.jpg,2.jpg,0,180,4.519, 99.19,103.709,99.189,-1,0,0,1,PE2_0,2023-03-03 11:59:11.919
9092,PSYC-132589,TOTDay1,Training, 8,0, 2.jpg,2.jpg,240,120,8.354, 106.12,114.474,106.119,-2,0,0,3,PH2_240,2023-03-03 11:59:22.682
9092,PSYC-132589,TOTDay1,Training, 9,0, 2.jpg,2.jpg,330,300,7.457, 115.391,122.848,115.39,-3,0,0,2,PM2_330,2023-03-03 11:59:31.057
9092,PSYC-132589,TOTDay1,Training, 10,1, 2.jpg,2.jpg,150,150,12.147, 123.651,135.798,123.65,-2,0,0,3,PH2_150,2023-03-03 11:59:44.006
9092,PSYC-132589,TOTDay1,Training, 11,0, 2.jpg,2.jpg,300,330,10.943, 136.319,147.262,136.318,-3,0,0,2,PM2_300,2023-03-03 11:59:55.470
9092,PSYC-132589,TOTDay1,Training, 12,1, 2.jpg,2.jpg,270,270,7.314, 148.085,155.399,148.084,-2,0,0,1,PE2_270,2023-03-03 12:00:03.606
9092,PSYC-132589,TOTDay1,Experiment, 1,0, 10.jpg,10.jpg,150,240,16.544, 157.717,174.261,155.968,-1,0,0,3,AH10_150,2023-03-03 12:00:22.468
9092,PSYC-132589,TOTDay1,Experiment, 2,1, 6.jpg,6.jpg,90,90,15.233, 175.001,190.234,175,0,0,0,1,BE6_90,2023-03-03 12:00:38.440
9092,PSYC-132589,TOTDay1,Experiment, 3,1, 9.jpg,9.jpg,30,30,12.785, 191.149,203.934,191.148,1,0,0,2,BM9_30,2023-03-03 12:00:52.140
9092,PSYC-132589,TOTDay1,Experiment, 4,1, 11.jpg,11.jpg,180,180,18.151, 204.871,223.022,204.87,2,0,0,1,BE11_180,2023-03-03 12:01:11.227
9092,PSYC-132589,TOTDay1,Experiment, 5,0, 9.jpg,9.jpg,240,30,18.375, 225.007,243.382,225.006,1,0,0,3,AH9_240,2023-03-03 12:01:31.587
9092,PSYC-132589,TOTDay1,Experiment, 6,0, 6.jpg,6.jpg,30,0,9.461, 244.003,253.464,244.002,0,0,0,2,AM6_30,2023-03-03 12:01:41.668
9092,PSYC-132589,TOTDay1,Experiment, 7,0, 8.jpg,8.jpg,210,120,13.818, 253.982,267.8,253.981,-1,0,0,3,AH8_210,2023-03-03 12:01:56.004
9092,PSYC-132589,TOTDay1,Experiment, 8,0, 10.jpg,10.jpg,60,210,16.351, 268.435,284.787,268.435,-2,0,0,2,BM10_60,2023-03-03 12:02:12.990
9092,PSYC-132589,TOTDay1,Experiment, 9,1, 1.jpg,1.jpg,270,270,5.308, 285.449,290.757,285.448,-1,0,0,1,AE1_270,2023-03-03 12:02:18.961
9092,PSYC-132589,TOTDay1,Experiment, 10,0, 3.jpg,3.jpg,240,270,7.443, 291.265,298.708,291.264,-2,0,0,3,BH3_240,2023-03-03 12:02:26.912
9092,PSYC-132589,TOTDay1,Experiment, 11,0, 7.jpg,7.jpg,330,150,11.069, 299.311,310.381,299.311,-3,0,0,2,AM7_330,2023-03-03 12:02:38.584
9092,PSYC-132589,TOTDay1,Experiment, 12,0, 3.jpg,3.jpg,90,270,19.084, 310.91,329.994,310.909,-4,0,0,1,AE3_90,2023-03-03 12:02:58.197
9092,PSYC-132589,TOTDay1,Experiment, 13,0, 4.jpg,4.jpg,210,270,11.513, 330.555,342.068,330.554,-5,0,0,3,BH4_210,2023-03-03 12:03:10.271
9092,PSYC-132589,TOTDay1,Experiment, 14,0, 4.jpg,4.jpg,180,30,14.783, 342.58,357.363,342.579,-6,0,0,1,AE4_180,2023-03-03 12:03:25.566
9092,PSYC-132589,TOTDay1,Experiment, 15,0, 11.jpg,11.jpg,60,270,11.494, 358.816,370.31,358.816,-7,0,0,2,AM11_60,2023-03-03 12:03:38.512
9092,PSYC-132589,TOTDay1,Experiment, 16,0, 1.jpg,1.jpg,150,240,5.071, 370.833,375.905,370.832,-8,0,0,3,BH1_150,2023-03-03 12:03:44.107
9092,PSYC-132589,TOTDay1,Experiment, 17,0, 7.jpg,7.jpg,270,90,6.887, 376.445,383.332,376.444,-9,0,0,1,BE7_270,2023-03-03 12:03:51.534
9092,PSYC-132589,TOTDay1,Experiment, 18,0, 8.jpg,8.jpg,330,60,5.221, 383.809,389.03,383.808,-10,0,0,2,BM8_330,2023-03-03 12:03:57.232
9092,PSYC-132589,TOTDay1,Training, 1,1, 2.jpg,2.jpg,90,90,9.454, 12.595,22.048,12.594,1,0,0,1,PE2_90,2023-03-03 13:17:45.396
9092,PSYC-132589,TOTDay1,Training, 2,1, 2.jpg,2.jpg,180,180,4.28, 24.426,28.707,24.426,2,0,0,1,PE2_180,2023-03-03 13:17:52.054
9092,PSYC-132589,TOTDay1,Training, 3,0, 2.jpg,2.jpg,60,150,7.204, 29.894,37.098,29.894,1,0,0,2,PM2_60,2023-03-03 13:18:00.445
9092,PSYC-132589,TOTDay1,Training, 4,0, 2.jpg,2.jpg,30,60,7.326, 40.033,47.359,40.032,0,0,0,2,PM2_30,2023-03-03 13:18:10.706
9092,PSYC-132589,TOTDay1,Training, 5,0, 2.jpg,2.jpg,210,0,0.577, 49.205,49.782,49.204,-1,0,0,3,PH2_210,2023-03-03 13:18:13.128
9092,PSYC-132589,TOTDay1,Training, 6,1, 2.jpg,2.jpg,120,120,8.196, 57.512,65.708,57.512,0,0,0,3,PH2_120,2023-03-03 13:18:29.055
9092,PSYC-132589,TOTDay1,Training, 7,1, 2.jpg,2.jpg,0,0,0.739, 66.166,66.906,66.166,1,0,0,1,PE2_0,2023-03-03 13:18:30.252
9092,PSYC-132589,TOTDay1,Training, 8,0, 2.jpg,2.jpg,240,210,9.13, 68.874,78.004,68.873,0,0,0,3,PH2_240,2023-03-03 13:18:41.350
9092,PSYC-132589,TOTDay1,Training, 9,0, 2.jpg,2.jpg,330,0,0.559, 78.575,79.134,78.574,-1,0,0,2,PM2_330,2023-03-03 13:18:42.480
9092,PSYC-132589,TOTDay1,Training, 10,0, 2.jpg,2.jpg,150,0,0.205, 79.45,79.655,79.45,-2,0,0,3,PH2_150,2023-03-03 13:18:43.002
9092,PSYC-132589,TOTDay1,Training, 11,0, 2.jpg,2.jpg,300,0,1.568, 79.94,81.508,79.94,-3,0,0,2,PM2_300,2023-03-03 13:18:44.854
9092,PSYC-132589,TOTDay1,Training, 12,0, 2.jpg,2.jpg,270,0,0.672, 81.986,82.659,81.985,-4,0,0,1,PE2_270,2023-03-03 13:18:46.005
9092,PSYC-132589,TOTDay1,Experiment, 1,0, 6.jpg,6.jpg,90,180,21.9, 86.276,108.176,83.55,-1,0,0,1,BE6_90,2023-03-03 13:19:11.522
9092,PSYC-132589,TOTDay1,Experiment, 2,0, 8.jpg,8.jpg,330,60,8.79, 109.03,117.82,109.029,-2,0,0,2,BM8_330,2023-03-03 13:19:21.166
9092,PSYC-132589,TOTDay1,Experiment, 3,1, 8.jpg,8.jpg,210,210,16.397, 118.378,134.776,118.378,-1,0,0,3,AH8_210,2023-03-03 13:19:38.122
9092,PSYC-132589,TOTDay1,Experiment, 4,1, 11.jpg,11.jpg,180,180,20.878, 135.742,156.62,135.742,0,0,0,1,BE11_180,2023-03-03 13:19:59.966
9092,PSYC-132589,TOTDay1,Experiment, 5,0, 1.jpg,1.jpg,150,210,10.37, 157.186,167.556,157.186,-1,0,0,3,BH1_150,2023-03-03 13:20:10.902
9092,PSYC-132589,TOTDay1,Experiment, 6,0, 9.jpg,9.jpg,30,90,7.09, 168.028,175.118,168.028,-2,0,0,2,BM9_30,2023-03-03 13:20:18.464
9092,PSYC-132589,TOTDay1,Experiment, 7,1, 7.jpg,7.jpg,270,270,14.901, 175.562,190.464,175.561,-1,0,0,1,BE7_270,2023-03-03 13:20:33.810
9092,PSYC-132589,TOTDay1,Experiment, 8,0, 10.jpg,10.jpg,150,240,22.271, 190.966,213.238,190.966,-2,0,0,3,AH10_150,2023-03-03 13:20:56.584
9092,PSYC-132589,TOTDay1,Experiment, 9,0, 10.jpg,10.jpg,60,120,8.884, 213.742,222.626,213.742,-3,0,0,2,BM10_60,2023-03-03 13:21:05.973
9092,PSYC-132589,TOTDay1,Experiment, 10,0, 4.jpg,4.jpg,210,270,11.06, 224.37,235.43,224.37,-4,0,0,3,BH4_210,2023-03-03 13:21:18.776
9092,PSYC-132589,TOTDay1,Experiment, 11,1, 1.jpg,1.jpg,270,270,6.895, 235.962,242.858,235.962,-3,0,0,1,AE1_270,2023-03-03 13:21:26.204
9092,PSYC-132589,TOTDay1,Experiment, 12,0, 7.jpg,7.jpg,330,300,6.799, 244.77,251.569,244.769,-4,0,0,2,AM7_330,2023-03-03 13:21:34.915
9092,PSYC-132589,TOTDay1,Experiment, 13,1, 9.jpg,9.jpg,240,240,7.995, 252.032,260.028,252.031,-3,0,0,3,AH9_240,2023-03-03 13:21:43.374
9092,PSYC-132589,TOTDay1,Experiment, 14,0, 6.jpg,6.jpg,30,60,10.902, 260.689,271.591,260.688,-4,0,0,2,AM6_30,2023-03-03 13:21:54.937
9092,PSYC-132589,TOTDay1,Experiment, 15,0, 3.jpg,3.jpg,90,0,8.624, 272.066,280.69,272.065,-5,0,0,1,AE3_90,2023-03-03 13:22:04.036
9092,PSYC-132589,TOTDay1,Experiment, 16,0, 4.jpg,4.jpg,180,210,12.869, 281.18,294.05,281.179,-6,0,0,1,AE4_180,2023-03-03 13:22:17.396
9092,PSYC-132589,TOTDay1,Experiment, 17,0, 11.jpg,11.jpg,60,90,9.129, 294.516,303.645,294.515,-7,0,0,2,AM11_60,2023-03-03 13:22:26.991
9092,PSYC-132589,TOTDay1,Experiment, 18,0, 3.jpg,3.jpg,240,270,12.22, 304.085,316.305,304.085,-8,0,0,3,BH3_240,2023-03-03 13:22:39.652
9097,PSYC-134130,TOTDay1,Training, 1,1, 2.jpg,2.jpg,90,90,26.923, 183.537,210.459,183.536,1,0,0,1,PE2_90,2023-03-03 15:19:50.414
9097,PSYC-134130,TOTDay1,Training, 2,1, 2.jpg,2.jpg,180,180,14.452, 222.682,237.134,222.681,2,0,0,1,PE2_180,2023-03-03 15:20:17.087
9097,PSYC-134130,TOTDay1,Training, 3,0, 2.jpg,2.jpg,60,30,10.103, 239.883,249.987,239.883,1,0,0,2,PM2_60,2023-03-03 15:20:29.939
9097,PSYC-134130,TOTDay1,Training, 4,1, 2.jpg,2.jpg,30,30,11.545, 259.731,271.277,259.731,2,0,0,2,PM2_30,2023-03-03 15:20:51.230
9097,PSYC-134130,TOTDay1,Training, 5,1, 2.jpg,2.jpg,210,210,12.3, 273.925,286.225,273.924,3,0,0,3,PH2_210,2023-03-03 15:21:06.178
9097,PSYC-134130,TOTDay1,Training, 6,0, 2.jpg,2.jpg,120,60,9.496, 287.647,297.143,287.646,2,0,0,3,PH2_120,2023-03-03 15:21:17.097
9097,PSYC-134130,TOTDay1,Training, 7,1, 2.jpg,2.jpg,0,0,4.733, 304.853,309.587,304.853,3,0,0,1,PE2_0,2023-03-03 15:21:29.540
9097,PSYC-134130,TOTDay1,Training, 8,0, 2.jpg,2.jpg,240,210,16.822, 310.579,327.401,310.579,2,0,0,3,PH2_240,2023-03-03 15:21:47.355
9097,PSYC-134130,TOTDay1,Training, 9,0, 2.jpg,2.jpg,330,300,8.657, 329.429,338.086,329.428,1,0,0,2,PM2_330,2023-03-03 15:21:58.039
9097,PSYC-134130,TOTDay1,Training, 10,0, 2.jpg,2.jpg,150,60,12.62, 339.7,352.32,339.699,0,0,0,3,PH2_150,2023-03-03 15:22:12.274
9097,PSYC-134130,TOTDay1,Training, 11,0, 2.jpg,2.jpg,300,210,7.318, 354.715,362.033,354.715,-1,0,0,2,PM2_300,2023-03-03 15:22:21.986
9097,PSYC-134130,TOTDay1,Training, 12,1, 2.jpg,2.jpg,270,270,6.757, 364.249,371.006,364.249,0,0,0,1,PE2_270,2023-03-03 15:22:30.960
9097,PSYC-134130,TOTDay1,Experiment, 1,1, 7.jpg,7.jpg,330,330,12.963, 377.286,390.249,372.423,1,0,0,2,AM7_330,2023-03-03 15:22:50.202
9097,PSYC-134130,TOTDay1,Experiment, 2,0, 3.jpg,3.jpg,240,120,11.701, 392.059,403.76,392.058,0,0,0,3,BH3_240,2023-03-03 15:23:03.714
9097,PSYC-134130,TOTDay1,Experiment, 3,0, 7.jpg,7.jpg,270,150,10.175, 404.989,415.165,404.989,-1,0,0,1,BE7_270,2023-03-03 15:23:15.118
9097,PSYC-134130,TOTDay1,Experiment, 4,1, 11.jpg,11.jpg,180,180,8.289, 416.345,424.634,416.345,0,0,0,1,BE11_180,2023-03-03 15:23:24.588
9097,PSYC-134130,TOTDay1,Experiment, 5,1, 9.jpg,9.jpg,30,30,14.655, 425.751,440.407,425.751,1,0,0,2,BM9_30,2023-03-03 15:23:40.360
9097,PSYC-134130,TOTDay1,Experiment, 6,1, 8.jpg,8.jpg,210,210,18.704, 441.877,460.581,441.877,2,0,0,3,AH8_210,2023-03-03 15:24:00.535
9097,PSYC-134130,TOTDay1,Experiment, 7,0, 9.jpg,9.jpg,240,150,10.242, 462.207,472.449,462.206,1,0,0,3,AH9_240,2023-03-03 15:24:12.402
9097,PSYC-134130,TOTDay1,Experiment, 8,1, 1.jpg,1.jpg,270,270,13.175, 473.353,486.528,473.352,2,0,0,1,AE1_270,2023-03-03 15:24:26.482
9097,PSYC-134130,TOTDay1,Experiment, 9,0, 6.jpg,6.jpg,30,300,10.809, 487.805,498.614,487.805,1,0,0,2,AM6_30,2023-03-03 15:24:38.568
9097,PSYC-134130,TOTDay1,Experiment, 10,0, 10.jpg,10.jpg,150,60,11.253, 499.945,511.198,499.944,0,0,0,3,AH10_150,2023-03-03 15:24:51.152
9097,PSYC-134130,TOTDay1,Experiment, 11,0, 3.jpg,3.jpg,90,270,7.563, 512.193,519.756,512.193,-1,0,0,1,AE3_90,2023-03-03 15:24:59.710
9097,PSYC-134130,TOTDay1,Experiment, 12,0, 8.jpg,8.jpg,330,120,4.337, 521.703,526.041,521.703,-2,0,0,2,BM8_330,2023-03-03 15:25:05.994
9097,PSYC-134130,TOTDay1,Experiment, 13,0, 1.jpg,1.jpg,150,210,11.849, 527.227,539.076,527.226,-3,0,0,3,BH1_150,2023-03-03 15:25:19.030
9097,PSYC-134130,TOTDay1,Experiment, 14,0, 6.jpg,6.jpg,90,150,8.053, 539.979,548.032,539.978,-4,0,0,1,BE6_90,2023-03-03 15:25:27.986
9097,PSYC-134130,TOTDay1,Experiment, 15,0, 11.jpg,11.jpg,60,30,4.739, 549.331,554.07,549.331,-5,0,0,2,AM11_60,2023-03-03 15:25:34.024
9097,PSYC-134130,TOTDay1,Experiment, 16,0, 4.jpg,4.jpg,210,330,5.327, 554.933,560.26,554.932,-6,0,0,3,BH4_210,2023-03-03 15:25:40.214
9097,PSYC-134130,TOTDay1,Experiment, 17,1, 4.jpg,4.jpg,180,180,6.155, 561.271,567.426,561.27,-5,0,0,1,AE4_180,2023-03-03 15:25:47.380
9097,PSYC-134130,TOTDay1,Experiment, 18,1, 10.jpg,10.jpg,60,60,9.755, 568.56,578.316,568.56,-4,0,0,2,BM10_60,2023-03-03 15:25:58.270
9096,PSYC-134128,TOTDay1,Training, 1,1, 2.jpg,2.jpg,90,90,4.899, 65.411,70.308,65.41,1,0,0,1,PE2_90,2023-03-03 15:23:34.832
9096,PSYC-134128,TOTDay1,Training, 2,0, 2.jpg,2.jpg,180,0,6.567, 70.91,77.478,70.91,0,0,0,1,PE2_180,2023-03-03 15:23:42.000
9096,PSYC-134128,TOTDay1,Training, 3,0, 2.jpg,2.jpg,60,120,6.65, 84.534,91.184,84.533,-1,0,0,2,PM2_60,2023-03-03 15:23:55.706
9096,PSYC-134128,TOTDay1,Training, 4,1, 2.jpg,2.jpg,30,30,10.847, 97.962,108.809,97.961,0,0,0,2,PM2_30,2023-03-03 15:24:13.332
9096,PSYC-134128,TOTDay1,Training, 5,1, 2.jpg,2.jpg,210,210,10.039, 109.597,119.637,109.597,1,0,0,3,PH2_210,2023-03-03 15:24:24.159
9096,PSYC-134128,TOTDay1,Training, 6,1, 2.jpg,2.jpg,120,120,8.253, 120.31,128.563,120.309,2,0,0,3,PH2_120,2023-03-03 15:24:33.085
9096,PSYC-134128,TOTDay1,Training, 7,1, 2.jpg,2.jpg,0,0,4.447, 129.178,133.625,129.177,3,0,0,1,PE2_0,2023-03-03 15:24:38.148
9096,PSYC-134128,TOTDay1,Training, 8,0, 2.jpg,2.jpg,240,30,9.313, 134.192,143.505,134.191,2,0,0,3,PH2_240,2023-03-03 15:24:48.028
9096,PSYC-134128,TOTDay1,Training, 9,0, 2.jpg,2.jpg,330,300,7.371, 144.626,151.997,144.625,1,0,0,2,PM2_330,2023-03-03 15:24:56.520
9096,PSYC-134128,TOTDay1,Training, 10,0, 2.jpg,2.jpg,150,0,6.79, 153.08,159.87,153.079,0,0,0,3,PH2_150,2023-03-03 15:25:04.392
9096,PSYC-134128,TOTDay1,Training, 11,0, 2.jpg,2.jpg,300,240,5.564, 162.056,167.62,162.055,-1,0,0,2,PM2_300,2023-03-03 15:25:12.143
9096,PSYC-134128,TOTDay1,Training, 12,0, 2.jpg,2.jpg,270,90,7.13, 168.424,175.554,168.423,-2,0,0,1,PE2_270,2023-03-03 15:25:20.077
9096,PSYC-134128,TOTDay1,Experiment, 1,0, 3.jpg,3.jpg,240,30,5.139, 185.306,190.445,177.721,-1,0,0,3,BH3_240,2023-03-03 15:25:34.968
9096,PSYC-134128,TOTDay1,Experiment, 2,1, 11.jpg,11.jpg,180,180,4.571, 191.634,196.205,191.633,0,0,0,1,BE11_180,2023-03-03 15:25:40.727
9096,PSYC-134128,TOTDay1,Experiment, 3,0, 6.jpg,6.jpg,30,240,2.915, 196.91,199.825,196.91,-1,0,0,2,AM6_30,2023-03-03 15:25:44.347
9096,PSYC-134128,TOTDay1,Experiment, 4,0, 3.jpg,3.jpg,90,150,6.513, 200.358,206.871,200.357,-2,0,0,1,AE3_90,2023-03-03 15:25:51.394
9096,PSYC-134128,TOTDay1,Experiment, 5,0, 7.jpg,7.jpg,330,90,2.755, 207.552,210.308,207.552,-3,0,0,2,AM7_330,2023-03-03 15:25:54.830
9096,PSYC-134128,TOTDay1,Experiment, 6,0, 1.jpg,1.jpg,150,330,2.179, 211.362,213.542,211.361,-4,0,0,3,BH1_150,2023-03-03 15:25:58.064
9096,PSYC-134128,TOTDay1,Experiment, 7,0, 7.jpg,7.jpg,270,240,3.623, 214.202,217.825,214.201,-5,0,0,1,BE7_270,2023-03-03 15:26:02.348
9096,PSYC-134128,TOTDay1,Experiment, 8,0, 4.jpg,4.jpg,210,120,5.843, 218.344,224.188,218.344,-6,0,0,3,BH4_210,2023-03-03 15:26:08.710
9096,PSYC-134128,TOTDay1,Experiment, 9,1, 9.jpg,9.jpg,30,30,6.459, 224.714,231.173,224.713,-5,0,0,2,BM9_30,2023-03-03 15:26:15.696
9096,PSYC-134128,TOTDay1,Experiment, 10,0, 6.jpg,6.jpg,90,150,9.223, 231.866,241.089,231.865,-6,0,0,1,BE6_90,2023-03-03 15:26:25.612
9096,PSYC-134128,TOTDay1,Experiment, 11,1, 8.jpg,8.jpg,210,210,4.196, 241.672,245.868,241.671,-5,0,0,3,AH8_210,2023-03-03 15:26:30.390
9096,PSYC-134128,TOTDay1,Experiment, 12,0, 10.jpg,10.jpg,60,30,13.169, 246.868,260.038,246.868,-6,0,0,2,BM10_60,2023-03-03 15:26:44.560
9096,PSYC-134128,TOTDay1,Experiment, 13,1, 8.jpg,8.jpg,330,330,3.037, 260.74,263.777,260.739,-5,0,0,2,BM8_330,2023-03-03 15:26:48.300
9096,PSYC-134128,TOTDay1,Experiment, 14,0, 9.jpg,9.jpg,240,150,3.725, 264.562,268.287,264.562,-6,0,0,3,AH9_240,2023-03-03 15:26:52.810
9096,PSYC-134128,TOTDay1,Experiment, 15,0, 1.jpg,1.jpg,270,300,3.365, 269.74,273.105,269.74,-7,0,0,1,AE1_270,2023-03-03 15:26:57.628
9096,PSYC-134128,TOTDay1,Experiment, 16,0, 11.jpg,11.jpg,60,30,2.973, 273.924,276.897,273.924,-8,0,0,2,AM11_60,2023-03-03 15:27:01.420
9096,PSYC-134128,TOTDay1,Experiment, 17,0, 10.jpg,10.jpg,150,330,5.985, 280.43,286.415,280.43,-9,0,0,3,AH10_150,2023-03-03 15:27:10.938
9096,PSYC-134128,TOTDay1,Experiment, 18,1, 4.jpg,4.jpg,180,180,2.717, 287.254,289.971,287.254,-8,0,0,1,AE4_180,2023-03-03 15:27:14.494
9095,PSYC-132589,TOTDay1,Training, 1,0, 2.jpg,2.jpg,90,180,8.475, 41.406,49.879,41.405,-1,0,0,1,PE2_90,2023-03-03 15:22:18.468
9095,PSYC-132589,TOTDay1,Training, 2,1, 2.jpg,2.jpg,180,180,6.143, 56.116,62.259,56.116,0,0,0,1,PE2_180,2023-03-03 15:22:30.845
9095,PSYC-132589,TOTDay1,Training, 3,1, 2.jpg,2.jpg,60,60,5.793, 63.967,69.76,63.966,1,0,0,2,PM2_60,2023-03-03 15:22:38.346
9095,PSYC-132589,TOTDay1,Training, 4,0, 2.jpg,2.jpg,30,120,19.521, 70.792,90.313,70.792,0,0,0,2,PM2_30,2023-03-03 15:22:58.899
9095,PSYC-132589,TOTDay1,Training, 5,1, 2.jpg,2.jpg,210,210,14.238, 93.31,107.547,93.309,1,0,0,3,PH2_210,2023-03-03 15:23:16.134
9095,PSYC-132589,TOTDay1,Training, 6,0, 2.jpg,2.jpg,120,150,14.053, 108.772,122.825,108.771,0,0,0,3,PH2_120,2023-03-03 15:23:31.412
9095,PSYC-132589,TOTDay1,Training, 7,1, 2.jpg,2.jpg,0,0,8.537, 129.984,138.52,129.983,1,0,0,1,PE2_0,2023-03-03 15:23:47.107
9095,PSYC-132589,TOTDay1,Training, 8,0, 2.jpg,2.jpg,240,90,9.757, 141.947,151.705,141.947,0,0,0,3,PH2_240,2023-03-03 15:24:00.292
9095,PSYC-132589,TOTDay1,Training, 9,0, 2.jpg,2.jpg,330,210,5.842, 155.049,160.891,155.049,-1,0,0,2,PM2_330,2023-03-03 15:24:09.477
9095,PSYC-132589,TOTDay1,Training, 10,0, 2.jpg,2.jpg,150,210,6.173, 162.492,168.665,162.491,-2,0,0,3,PH2_150,2023-03-03 15:24:17.252
9095,PSYC-132589,TOTDay1,Training, 11,0, 2.jpg,2.jpg,300,60,15.297, 169.948,185.245,169.947,-3,0,0,2,PM2_300,2023-03-03 15:24:33.830
9095,PSYC-132589,TOTDay1,Training, 12,1, 2.jpg,2.jpg,270,270,7.73, 193.445,201.175,193.445,-2,0,0,1,PE2_270,2023-03-03 15:24:49.761
9095,PSYC-132589,TOTDay1,Experiment, 1,1, 7.jpg,7.jpg,270,270,9.004, 206.952,215.956,204.169,1,0,0,1,BE7_270,2023-03-03 15:25:04.542
9095,PSYC-132589,TOTDay1,Experiment, 2,0, 3.jpg,3.jpg,240,210,13.793, 219.506,233.299,219.506,0,0,0,3,BH3_240,2023-03-03 15:25:21.885
9095,PSYC-132589,TOTDay1,Experiment, 3,0, 8.jpg,8.jpg,330,60,7.792, 234.47,242.263,234.47,-1,0,0,2,BM8_330,2023-03-03 15:25:30.849
9095,PSYC-132589,TOTDay1,Experiment, 4,0, 10.jpg,10.jpg,60,120,7.511, 243.078,250.589,243.077,-2,0,0,2,BM10_60,2023-03-03 15:25:39.175
9095,PSYC-132589,TOTDay1,Experiment, 5,0, 8.jpg,8.jpg,210,330,8.33, 251.305,259.636,251.305,-3,0,0,3,AH8_210,2023-03-03 15:25:48.222
9095,PSYC-132589,TOTDay1,Experiment, 6,0, 6.jpg,6.jpg,90,0,7.762, 260.281,268.043,260.281,-4,0,0,1,BE6_90,2023-03-03 15:25:56.629
9095,PSYC-132589,TOTDay1,Experiment, 7,0, 10.jpg,10.jpg,150,180,6.527, 270.101,276.629,270.101,-5,0,0,3,AH10_150,2023-03-03 15:26:05.215
9095,PSYC-132589,TOTDay1,Experiment, 8,0, 11.jpg,11.jpg,180,270,4.788, 278.277,283.065,278.277,-6,0,0,1,BE11_180,2023-03-03 15:26:11.651
9095,PSYC-132589,TOTDay1,Experiment, 9,0, 6.jpg,6.jpg,30,120,4.262, 283.741,288.004,283.741,-7,0,0,2,AM6_30,2023-03-03 15:26:16.589
9095,PSYC-132589,TOTDay1,Experiment, 10,0, 4.jpg,4.jpg,180,270,15.285, 288.622,303.907,288.621,-8,0,0,1,AE4_180,2023-03-03 15:26:32.493
9095,PSYC-132589,TOTDay1,Experiment, 11,0, 4.jpg,4.jpg,210,180,8.372, 304.455,312.827,304.455,-9,0,0,3,BH4_210,2023-03-03 15:26:41.413
9095,PSYC-132589,TOTDay1,Experiment, 12,0, 7.jpg,7.jpg,330,60,6.637, 314.017,320.655,314.017,-10,0,0,2,AM7_330,2023-03-03 15:26:49.241
9095,PSYC-132589,TOTDay1,Experiment, 13,0, 3.jpg,3.jpg,90,270,11.345, 321.379,332.725,321.379,-11,0,0,1,AE3_90,2023-03-03 15:27:01.311
9095,PSYC-132589,TOTDay1,Experiment, 14,0, 1.jpg,1.jpg,150,90,8.919, 333.871,342.791,333.871,-12,0,0,3,BH1_150,2023-03-03 15:27:11.377
9095,PSYC-132589,TOTDay1,Experiment, 15,0, 11.jpg,11.jpg,60,210,3.612, 343.323,346.935,343.323,-13,0,0,2,AM11_60,2023-03-03 15:27:15.521
9095,PSYC-132589,TOTDay1,Experiment, 16,0, 1.jpg,1.jpg,270,60,5.009, 348.253,353.263,348.253,-14,0,0,1,AE1_270,2023-03-03 15:27:21.849
9095,PSYC-132589,TOTDay1,Experiment, 17,0, 9.jpg,9.jpg,240,150,5.017, 354.445,359.463,354.445,-15,0,0,3,AH9_240,2023-03-03 15:27:28.049
9095,PSYC-132589,TOTDay1,Experiment, 18,0, 9.jpg,9.jpg,30,90,5.368, 360.585,365.953,360.585,-16,0,0,2,BM9_30,2023-03-03 15:27:34.539
9100,PSYC-134128,TOTDay1,Training, 1,0, 2.jpg,2.jpg,90,180,16.739, 63.791,80.528,63.79,-1,0,0,1,PE2_90,2023-04-17 12:37:36.430
9100,PSYC-134128,TOTDay1,Training, 2,0, 2.jpg,2.jpg,180,270,9.218, 105.772,114.99,105.772,-2,0,0,1,PE2_180,2023-04-17 12:38:10.891
9100,PSYC-134128,TOTDay1,Training, 3,0, 2.jpg,2.jpg,60,150,13.748, 126.448,140.196,126.447,-3,0,0,2,PM2_60,2023-04-17 12:38:36.097
9100,PSYC-134128,TOTDay1,Training, 4,0, 2.jpg,2.jpg,30,60,10.801, 155.932,166.733,155.932,-4,0,0,2,PM2_30,2023-04-17 12:39:02.635
9100,PSYC-134128,TOTDay1,Training, 5,1, 2.jpg,2.jpg,210,210,9.587, 169.288,178.875,169.288,-3,0,0,3,PH2_210,2023-04-17 12:39:14.777
9100,PSYC-134128,TOTDay1,Training, 6,1, 2.jpg,2.jpg,120,120,19.256, 180.902,200.158,180.901,-2,0,0,3,PH2_120,2023-04-17 12:39:36.060
9100,PSYC-134128,TOTDay1,Training, 7,1, 2.jpg,2.jpg,0,0,10.205, 201.334,211.539,201.334,-1,0,0,1,PE2_0,2023-04-17 12:39:47.440
9100,PSYC-134128,TOTDay1,Training, 8,1, 2.jpg,2.jpg,240,240,22.159, 212.134,234.293,212.134,0,0,0,3,PH2_240,2023-04-17 12:40:10.195
9100,PSYC-134128,TOTDay1,Training, 9,0, 2.jpg,2.jpg,330,150,12.958, 235.138,248.095,235.137,-1,0,0,2,PM2_330,2023-04-17 12:40:23.997
9100,PSYC-134128,TOTDay1,Training, 10,0, 2.jpg,2.jpg,150,180,18.44, 249.079,267.52,249.078,-2,0,0,3,PH2_150,2023-04-17 12:40:43.421
9100,PSYC-134128,TOTDay1,Training, 11,0, 2.jpg,2.jpg,300,60,14.263, 268.278,282.541,268.277,-3,0,0,2,PM2_300,2023-04-17 12:40:58.443
9100,PSYC-134128,TOTDay1,Training, 12,0, 2.jpg,2.jpg,270,180,7.035, 295.302,302.337,295.301,-4,0,0,1,PE2_270,2023-04-17 12:41:18.239
9100,PSYC-134128,TOTDay1,Experiment, 1,1, 9.jpg,9.jpg,30,30,5.899, 308.332,314.231,304.425,1,0,0,2,BM9_30,2023-04-17 12:41:30.133
9100,PSYC-134128,TOTDay1,Experiment, 2,0, 9.jpg,9.jpg,240,210,7.083, 315.498,322.581,315.498,0,0,0,3,AH9_240,2023-04-17 12:41:38.482
9100,PSYC-134128,TOTDay1,Experiment, 3,0, 3.jpg,3.jpg,90,0,10.039, 323.902,333.941,323.901,-1,0,0,1,AE3_90,2023-04-17 12:41:49.843
9100,PSYC-134128,TOTDay1,Experiment, 4,0, 7.jpg,7.jpg,330,0,11.295, 335.07,346.365,335.069,-2,0,0,2,AM7_330,2023-04-17 12:42:02.266
9100,PSYC-134128,TOTDay1,Experiment, 5,0, 3.jpg,3.jpg,240,60,6.981, 356.246,363.227,356.245,-3,0,0,3,BH3_240,2023-04-17 12:42:19.129
9100,PSYC-134128,TOTDay1,Experiment, 6,1, 1.jpg,1.jpg,270,270,6.333, 364.47,370.803,364.469,-2,0,0,1,AE1_270,2023-04-17 12:42:26.705
9100,PSYC-134128,TOTDay1,Experiment, 7,0, 11.jpg,11.jpg,60,150,4.404, 374.836,379.24,374.835,-3,0,0,2,AM11_60,2023-04-17 12:42:35.142
9100,PSYC-134128,TOTDay1,Experiment, 8,0, 4.jpg,4.jpg,180,120,8.315, 382.99,391.305,382.989,-4,0,0,1,AE4_180,2023-04-17 12:42:47.207
9100,PSYC-134128,TOTDay1,Experiment, 9,0, 10.jpg,10.jpg,150,210,15.01, 398.151,413.161,398.151,-5,0,0,3,AH10_150,2023-04-17 12:43:09.063
9100,PSYC-134128,TOTDay1,Experiment, 10,1, 11.jpg,11.jpg,180,180,8.253, 413.845,422.099,413.845,-4,0,0,1,BE11_180,2023-04-17 12:43:18.000
9100,PSYC-134128,TOTDay1,Experiment, 11,0, 4.jpg,4.jpg,210,0,19.395, 422.888,442.283,422.887,-5,0,0,3,BH4_210,2023-04-17 12:43:38.184
9100,PSYC-134128,TOTDay1,Experiment, 12,0, 8.jpg,8.jpg,330,30,8.501, 443.046,451.547,443.045,-6,0,0,2,BM8_330,2023-04-17 12:43:47.449
9100,PSYC-134128,TOTDay1,Experiment, 13,0, 6.jpg,6.jpg,30,210,5.603, 453.008,458.611,453.007,-7,0,0,2,AM6_30,2023-04-17 12:43:54.513
9100,PSYC-134128,TOTDay1,Experiment, 14,0, 7.jpg,7.jpg,270,0,1.065, 464.474,465.539,464.473,-8,0,0,1,BE7_270,2023-04-17 12:44:01.441
9100,PSYC-134128,TOTDay1,Experiment, 15,0, 1.jpg,1.jpg,150,60,3.945, 471.674,475.619,471.673,-9,0,0,3,BH1_150,2023-04-17 12:44:11.521
9100,PSYC-134128,TOTDay1,Experiment, 16,0, 6.jpg,6.jpg,90,150,4.698, 477.721,482.419,477.721,-10,0,0,1,BE6_90,2023-04-17 12:44:18.321
9100,PSYC-134128,TOTDay1,Experiment, 17,0, 8.jpg,8.jpg,210,90,3.001, 494.906,497.907,494.905,-11,0,0,3,AH8_210,2023-04-17 12:44:33.809
9100,PSYC-134128,TOTDay1,Experiment, 18,0, 10.jpg,10.jpg,60,150,5.049, 500.157,505.207,500.157,-12,0,0,2,BM10_60,2023-04-17 12:44:41.109
9101,PSYC-134128,TOTDay1,Training, 1,0, 2.jpg,2.jpg,90,240,6.78, 13.232,20.01,13.231,-1,0,0,1,PE2_90,2023-04-17 15:20:26.687
9101,PSYC-134128,TOTDay1,Training, 2,0, 2.jpg,2.jpg,180,210,13.718, 25.523,39.241,25.522,-2,0,0,1,PE2_180,2023-04-17 15:20:45.916
9101,PSYC-134128,TOTDay1,Training, 3,1, 2.jpg,2.jpg,60,60,20.243, 47.582,67.826,47.582,-1,0,0,2,PM2_60,2023-04-17 15:21:14.501
9101,PSYC-134128,TOTDay1,Training, 4,0, 2.jpg,2.jpg,30,300,7.81, 69.078,76.888,69.077,-2,0,0,2,PM2_30,2023-04-17 15:21:23.562
9101,PSYC-134128,TOTDay1,Training, 5,0, 2.jpg,2.jpg,210,240,8.906, 79.32,88.226,79.319,-3,0,0,3,PH2_210,2023-04-17 15:21:34.901
9101,PSYC-134128,TOTDay1,Training, 6,0, 2.jpg,2.jpg,120,90,7.814, 94.76,102.574,94.76,-4,0,0,3,PH2_120,2023-04-17 15:21:49.249
9101,PSYC-134128,TOTDay1,Training, 7,0, 2.jpg,2.jpg,0,150,15.918, 108.347,124.266,108.346,-5,0,0,1,PE2_0,2023-04-17 15:22:10.941
9101,PSYC-134128,TOTDay1,Training, 8,0, 2.jpg,2.jpg,240,210,16.37, 126.628,142.998,126.627,-6,0,0,3,PH2_240,2023-04-17 15:22:29.674
9101,PSYC-134128,TOTDay1,Training, 9,0, 2.jpg,2.jpg,330,120,7.068, 144.61,151.678,144.609,-7,0,0,2,PM2_330,2023-04-17 15:22:38.354
9101,PSYC-134128,TOTDay1,Training, 10,0, 2.jpg,2.jpg,150,330,7.034, 152.889,159.924,152.888,-8,0,0,3,PH2_150,2023-04-17 15:22:46.600
9101,PSYC-134128,TOTDay1,Training, 11,0, 2.jpg,2.jpg,300,210,6.625, 161.168,167.793,161.167,-9,0,0,2,PM2_300,2023-04-17 15:22:54.469
9101,PSYC-134128,TOTDay1,Training, 12,0, 2.jpg,2.jpg,270,90,6.269, 168.581,174.85,168.58,-10,0,0,1,PE2_270,2023-04-17 15:23:01.526
9101,PSYC-134128,TOTDay1,Experiment, 1,0, 1.jpg,1.jpg,150,120,14.059, 178.957,193.016,176.093,-1,0,0,3,BH1_150,2023-04-17 15:23:19.692
9101,PSYC-134128,TOTDay1,Experiment, 2,0, 6.jpg,6.jpg,30,300,7.626, 194.172,201.798,194.171,-2,0,0,2,AM6_30,2023-04-17 15:23:28.474
9101,PSYC-134128,TOTDay1,Experiment, 3,0, 11.jpg,11.jpg,180,210,7.63, 202.41,210.04,202.41,-3,0,0,1,BE11_180,2023-04-17 15:23:36.717
9101,PSYC-134128,TOTDay1,Experiment, 4,0, 8.jpg,8.jpg,330,30,3.919, 210.749,214.669,210.749,-4,0,0,2,BM8_330,2023-04-17 15:23:41.346
9101,PSYC-134128,TOTDay1,Experiment, 5,0, 1.jpg,1.jpg,270,90,2.525, 215.181,217.706,215.18,-5,0,0,1,AE1_270,2023-04-17 15:23:44.382
9101,PSYC-134128,TOTDay1,Experiment, 6,0, 10.jpg,10.jpg,150,210,9.905, 218.498,228.403,218.497,-6,0,0,3,AH10_150,2023-04-17 15:23:55.080
9101,PSYC-134128,TOTDay1,Experiment, 7,0, 10.jpg,10.jpg,60,30,4.834, 229.937,234.771,229.937,-7,0,0,2,BM10_60,2023-04-17 15:24:01.448
9101,PSYC-134128,TOTDay1,Experiment, 8,0, 4.jpg,4.jpg,210,120,9.263, 235.428,244.691,235.427,-8,0,0,3,BH4_210,2023-04-17 15:24:11.369
9101,PSYC-134128,TOTDay1,Experiment, 9,0, 3.jpg,3.jpg,90,240,7.115, 245.388,252.503,245.387,-9,0,0,1,AE3_90,2023-04-17 15:24:19.179
9101,PSYC-134128,TOTDay1,Experiment, 10,0, 8.jpg,8.jpg,210,60,4.029, 253.064,257.093,253.063,-10,0,0,3,AH8_210,2023-04-17 15:24:23.771
9101,PSYC-134128,TOTDay1,Experiment, 11,0, 7.jpg,7.jpg,330,240,4.328, 257.689,262.017,257.688,-11,0,0,2,AM7_330,2023-04-17 15:24:28.694
9101,PSYC-134128,TOTDay1,Experiment, 12,0, 7.jpg,7.jpg,270,330,3.086, 262.961,266.048,262.961,-12,0,0,1,BE7_270,2023-04-17 15:24:32.725
9101,PSYC-134128,TOTDay1,Experiment, 13,1, 9.jpg,9.jpg,30,30,4.233, 266.77,271.004,266.77,-11,0,0,2,BM9_30,2023-04-17 15:24:37.681
9101,PSYC-134128,TOTDay1,Experiment, 14,0, 4.jpg,4.jpg,180,120,3.952, 274.105,278.057,274.105,-12,0,0,1,AE4_180,2023-04-17 15:24:44.734
9101,PSYC-134128,TOTDay1,Experiment, 15,0, 3.jpg,3.jpg,240,300,3.951, 279.046,282.997,279.045,-13,0,0,3,BH3_240,2023-04-17 15:24:49.675
9101,PSYC-134128,TOTDay1,Experiment, 16,0, 11.jpg,11.jpg,60,330,3.399, 283.946,287.345,283.945,-14,0,0,2,AM11_60,2023-04-17 15:24:54.023
9101,PSYC-134128,TOTDay1,Experiment, 17,1, 9.jpg,9.jpg,240,240,3.027, 287.918,290.945,287.918,-13,0,0,3,AH9_240,2023-04-17 15:24:57.622
9101,PSYC-134128,TOTDay1,Experiment, 18,0, 6.jpg,6.jpg,90,60,4.089, 293.108,297.197,293.107,-14,0,0,1,BE6_90,2023-04-17 15:25:03.875
9102,PSYC-134130,TOTDay1,Training, 1,0, 2.jpg,2.jpg,90,270,12.093, 210.73,222.816,210.729,-1,0,0,1,PE2_90,2023-04-17 15:38:03.455
9102,PSYC-134130,TOTDay1,Training, 2,1, 2.jpg,2.jpg,180,180,10.288, 230.203,240.492,230.203,0,0,0,1,PE2_180,2023-04-17 15:38:21.124
9102,PSYC-134130,TOTDay1,Training, 3,0, 2.jpg,2.jpg,60,300,9.339, 242.957,252.296,242.957,-1,0,0,2,PM2_60,2023-04-17 15:38:32.929
9102,PSYC-134130,TOTDay1,Training, 4,0, 2.jpg,2.jpg,30,60,7.455, 265.307,272.762,265.306,-2,0,0,2,PM2_30,2023-04-17 15:38:53.395
9102,PSYC-134130,TOTDay1,Training, 5,0, 2.jpg,2.jpg,210,150,23.205, 274.901,298.106,274.9,-3,0,0,3,PH2_210,2023-04-17 15:39:18.739
9102,PSYC-134130,TOTDay1,Training, 6,0, 2.jpg,2.jpg,120,150,13.931, 306.157,320.088,306.156,-4,0,0,3,PH2_120,2023-04-17 15:39:40.721
9102,PSYC-134130,TOTDay1,Training, 7,1, 2.jpg,2.jpg,0,0,4.722, 325.563,330.285,325.562,-3,0,0,1,PE2_0,2023-04-17 15:39:50.917
9102,PSYC-134130,TOTDay1,Training, 8,1, 2.jpg,2.jpg,240,240,22.113, 330.995,353.108,330.994,-2,0,0,3,PH2_240,2023-04-17 15:40:13.740
9102,PSYC-134130,TOTDay1,Training, 9,0, 2.jpg,2.jpg,330,30,6.471, 354.259,360.73,354.258,-3,0,0,2,PM2_330,2023-04-17 15:40:21.363
9102,PSYC-134130,TOTDay1,Training, 10,1, 2.jpg,2.jpg,150,150,22.724, 362.928,385.653,362.928,-2,0,0,3,PH2_150,2023-04-17 15:40:46.286
9102,PSYC-134130,TOTDay1,Training, 11,0, 2.jpg,2.jpg,300,60,16.564, 386.902,403.467,386.902,-3,0,0,2,PM2_300,2023-04-17 15:41:04.100
9102,PSYC-134130,TOTDay1,Training, 12,1, 2.jpg,2.jpg,270,270,4.649, 407.101,411.75,407.1,-2,0,0,1,PE2_270,2023-04-17 15:41:12.382
9102,PSYC-134130,TOTDay1,Experiment, 1,1, 3.jpg,3.jpg,90,90,24.572, 415.208,439.78,413.434,1,0,0,1,AE3_90,2023-04-17 15:41:40.412
9102,PSYC-134130,TOTDay1,Experiment, 2,0, 1.jpg,1.jpg,150,300,13.873, 442.477,456.35,442.476,0,0,0,3,BH1_150,2023-04-17 15:41:56.983
9102,PSYC-134130,TOTDay1,Experiment, 3,1, 11.jpg,11.jpg,60,60,21.402, 459.994,481.397,459.994,1,0,0,2,AM11_60,2023-04-17 15:42:22.030
9102,PSYC-134130,TOTDay1,Experiment, 4,1, 11.jpg,11.jpg,180,180,3.959, 482.827,486.787,482.827,2,0,0,1,BE11_180,2023-04-17 15:42:27.420
9102,PSYC-134130,TOTDay1,Experiment, 5,1, 8.jpg,8.jpg,210,210,20.091, 488.263,508.354,488.262,3,0,0,3,AH8_210,2023-04-17 15:42:48.987
9102,PSYC-134130,TOTDay1,Experiment, 6,0, 6.jpg,6.jpg,30,60,33.721, 509.351,543.072,509.351,2,0,0,2,AM6_30,2023-04-17 15:43:23.705
9102,PSYC-134130,TOTDay1,Experiment, 7,1, 8.jpg,8.jpg,330,330,12.451, 544.519,556.97,544.519,3,0,0,2,BM8_330,2023-04-17 15:43:37.604
9102,PSYC-134130,TOTDay1,Experiment, 8,1, 9.jpg,9.jpg,240,240,28.865, 557.629,586.494,557.628,4,0,0,3,AH9_240,2023-04-17 15:44:07.128
9102,PSYC-134130,TOTDay1,Experiment, 9,1, 6.jpg,6.jpg,90,90,31.609, 587.187,618.796,587.187,5,0,0,1,BE6_90,2023-04-17 15:44:39.430
9102,PSYC-134130,TOTDay1,Experiment, 10,1, 7.jpg,7.jpg,330,330,14.929, 619.419,634.348,619.418,6,0,0,2,AM7_330,2023-04-17 15:44:54.982
9102,PSYC-134130,TOTDay1,Experiment, 11,1, 7.jpg,7.jpg,270,270,9.145, 634.875,644.02,634.874,7,0,0,1,BE7_270,2023-04-17 15:45:04.654
9102,PSYC-134130,TOTDay1,Experiment, 12,0, 4.jpg,4.jpg,210,180,24.566, 644.508,669.074,644.508,6,0,0,3,BH4_210,2023-04-17 15:45:29.708
9102,PSYC-134130,TOTDay1,Experiment, 13,1, 9.jpg,9.jpg,30,30,15.734, 670.459,686.193,670.458,7,0,0,2,BM9_30,2023-04-17 15:45:46.827
9102,PSYC-134130,TOTDay1,Experiment, 14,1, 3.jpg,3.jpg,240,240,24.697, 686.667,711.365,686.667,8,0,0,3,BH3_240,2023-04-17 15:46:11.999
9102,PSYC-134130,TOTDay1,Experiment, 15,1, 1.jpg,1.jpg,270,270,17.444, 712.312,729.756,712.311,9,0,0,1,AE1_270,2023-04-17 15:46:30.390
9102,PSYC-134130,TOTDay1,Experiment, 16,1, 10.jpg,10.jpg,150,150,23.049, 730.563,753.612,730.562,10,0,0,3,AH10_150,2023-04-17 15:46:54.247
9102,PSYC-134130,TOTDay1,Experiment, 17,1, 10.jpg,10.jpg,60,60,15.517, 754.157,769.675,754.157,11,0,0,2,BM10_60,2023-04-17 15:47:10.309
9102,PSYC-134130,TOTDay1,Experiment, 18,1, 4.jpg,4.jpg,180,180,22.49, 770.143,792.633,770.142,12,0,0,1,AE4_180,2023-04-17 15:47:33.268
9098,PSYC-134130,TOTDay1,Training, 1,0, 2.jpg,2.jpg,90,0,4.21, 39.332,43.54,39.331,-1,0,0,1,PE2_90,2023-04-18 09:19:29.497
9098,PSYC-134130,TOTDay1,Training, 2,0, 2.jpg,2.jpg,180,270,2.895, 47.932,50.827,47.931,-2,0,0,1,PE2_180,2023-04-18 09:19:36.783
9098,PSYC-134130,TOTDay1,Training, 3,0, 2.jpg,2.jpg,60,30,4.825, 59.442,64.267,59.442,-3,0,0,2,PM2_60,2023-04-18 09:19:50.222
9098,PSYC-134130,TOTDay1,Training, 4,1, 2.jpg,2.jpg,30,30,5.121, 69.018,74.139,69.017,-2,0,0,2,PM2_30,2023-04-18 09:20:00.094
9098,PSYC-134130,TOTDay1,Training, 5,0, 2.jpg,2.jpg,210,300,3.07, 75.07,78.14,75.07,-3,0,0,3,PH2_210,2023-04-18 09:20:04.095
9098,PSYC-134130,TOTDay1,Training, 6,0, 2.jpg,2.jpg,120,30,4.915, 84.27,89.185,84.269,-4,0,0,3,PH2_120,2023-04-18 09:20:15.140
9098,PSYC-134130,TOTDay1,Training, 7,1, 2.jpg,2.jpg,0,0,3.368, 97.008,100.376,97.008,-3,0,0,1,PE2_0,2023-04-18 09:20:26.331
9098,PSYC-134130,TOTDay1,Training, 8,0, 2.jpg,2.jpg,240,60,5.945, 101.246,107.192,101.245,-4,0,0,3,PH2_240,2023-04-18 09:20:33.146
9098,PSYC-134130,TOTDay1,Training, 9,1, 2.jpg,2.jpg,330,330,4.553, 108.494,113.047,108.493,-3,0,0,2,PM2_330,2023-04-18 09:20:39.002
9098,PSYC-134130,TOTDay1,Training, 10,0, 2.jpg,2.jpg,150,180,5.305, 113.824,119.129,113.823,-4,0,0,3,PH2_150,2023-04-18 09:20:45.084
9098,PSYC-134130,TOTDay1,Training, 11,0, 2.jpg,2.jpg,300,210,3.257, 120.3,123.557,120.299,-5,0,0,2,PM2_300,2023-04-18 09:20:49.512
9098,PSYC-134130,TOTDay1,Training, 12,0, 2.jpg,2.jpg,270,0,1.287, 124.342,125.629,124.342,-6,0,0,1,PE2_270,2023-04-18 09:20:51.585
9098,PSYC-134130,TOTDay1,Experiment, 1,1, 9.jpg,9.jpg,240,240,4.973, 129.42,134.393,126.245,1,0,0,3,AH9_240,2023-04-18 09:21:00.348
9098,PSYC-134130,TOTDay1,Experiment, 2,0, 6.jpg,6.jpg,30,150,6.591, 134.89,141.481,134.889,0,0,0,2,AM6_30,2023-04-18 09:21:07.437
9098,PSYC-134130,TOTDay1,Experiment, 3,0, 7.jpg,7.jpg,270,300,3.435, 142.49,145.925,142.489,-1,0,0,1,BE7_270,2023-04-18 09:21:11.880
9098,PSYC-134130,TOTDay1,Experiment, 4,0, 11.jpg,11.jpg,180,330,2.73, 146.574,149.304,146.573,-2,0,0,1,BE11_180,2023-04-18 09:21:15.259
9098,PSYC-134130,TOTDay1,Experiment, 5,0, 10.jpg,10.jpg,60,240,2.868, 149.871,152.74,149.87,-3,0,0,2,BM10_60,2023-04-18 09:21:18.695
9098,PSYC-134130,TOTDay1,Experiment, 6,0, 4.jpg,4.jpg,210,90,2.124, 153.417,155.541,153.416,-4,0,0,3,BH4_210,2023-04-18 09:21:21.497
9098,PSYC-134130,TOTDay1,Experiment, 7,0, 11.jpg,11.jpg,60,180,2.267, 156.056,158.323,156.056,-5,0,0,2,AM11_60,2023-04-18 09:21:24.279
9098,PSYC-134130,TOTDay1,Experiment, 8,0, 1.jpg,1.jpg,150,270,5.879, 158.9,164.779,158.9,-6,0,0,3,BH1_150,2023-04-18 09:21:30.734
9098,PSYC-134130,TOTDay1,Experiment, 9,0, 4.jpg,4.jpg,180,90,2.553, 165.334,167.887,165.333,-7,0,0,1,AE4_180,2023-04-18 09:21:33.842
9098,PSYC-134130,TOTDay1,Experiment, 10,0, 7.jpg,7.jpg,330,180,2.011, 168.438,170.449,168.437,-8,0,0,2,AM7_330,2023-04-18 09:21:36.404
9098,PSYC-134130,TOTDay1,Experiment, 11,0, 1.jpg,1.jpg,270,150,2.009, 170.926,172.935,170.925,-9,0,0,1,AE1_270,2023-04-18 09:21:38.890
9098,PSYC-134130,TOTDay1,Experiment, 12,0, 3.jpg,3.jpg,240,60,3.526, 173.688,177.214,173.687,-10,0,0,3,BH3_240,2023-04-18 09:21:43.168
9098,PSYC-134130,TOTDay1,Experiment, 13,0, 10.jpg,10.jpg,150,240,1.821, 177.744,179.565,177.743,-11,0,0,3,AH10_150,2023-04-18 09:21:45.520
9098,PSYC-134130,TOTDay1,Experiment, 14,0, 6.jpg,6.jpg,90,300,2.348, 180.076,182.424,180.075,-12,0,0,1,BE6_90,2023-04-18 09:21:48.379
9098,PSYC-134130,TOTDay1,Experiment, 15,0, 9.jpg,9.jpg,30,210,1.719, 182.86,184.58,182.86,-13,0,0,2,BM9_30,2023-04-18 09:21:50.535
9098,PSYC-134130,TOTDay1,Experiment, 16,0, 8.jpg,8.jpg,330,150,2.375, 185.036,187.411,185.035,-14,0,0,2,BM8_330,2023-04-18 09:21:53.366
9098,PSYC-134130,TOTDay1,Experiment, 17,0, 8.jpg,8.jpg,210,120,3.837, 190.052,193.889,190.051,-15,0,0,3,AH8_210,2023-04-18 09:21:59.844
9098,PSYC-134130,TOTDay1,Experiment, 18,0, 3.jpg,3.jpg,90,210,6.097, 194.408,200.506,194.408,-16,0,0,1,AE3_90,2023-04-18 09:22:06.460
9103,PSYC-134128,TOTDay1,Training, 1,0, 2.jpg,2.jpg,90,330,5.243, 33.301,38.542,33.3,-1,0,0,1,PE2_90,2023-04-18 09:24:10.354
9103,PSYC-134128,TOTDay1,Training, 2,0, 2.jpg,2.jpg,180,0,0.34, 44.18,44.521,44.18,-2,0,0,1,PE2_180,2023-04-18 09:24:16.330
9103,PSYC-134128,TOTDay1,Training, 3,0, 2.jpg,2.jpg,60,0,1.65, 53.922,55.572,53.921,-3,0,0,2,PM2_60,2023-04-18 09:24:27.382
9103,PSYC-134128,TOTDay1,Training, 4,0, 2.jpg,2.jpg,30,300,3.635, 58.904,62.539,58.903,-4,0,0,2,PM2_30,2023-04-18 09:24:34.349
9103,PSYC-134128,TOTDay1,Training, 5,0, 2.jpg,2.jpg,210,330,2.175, 64.383,66.559,64.383,-5,0,0,3,PH2_210,2023-04-18 09:24:38.369
9103,PSYC-134128,TOTDay1,Training, 6,0, 2.jpg,2.jpg,120,30,2.551, 72.896,75.447,72.895,-6,0,0,3,PH2_120,2023-04-18 09:24:47.257
9103,PSYC-134128,TOTDay1,Training, 7,0, 2.jpg,2.jpg,0,180,4.615, 82.796,87.411,82.796,-7,0,0,1,PE2_0,2023-04-18 09:24:59.221
9103,PSYC-134128,TOTDay1,Training, 8,0, 2.jpg,2.jpg,240,300,3.238, 88.198,91.435,88.197,-8,0,0,3,PH2_240,2023-04-18 09:25:03.245
9103,PSYC-134128,TOTDay1,Training, 9,0, 2.jpg,2.jpg,330,90,4.248, 91.733,95.981,91.733,-9,0,0,2,PM2_330,2023-04-18 09:25:07.791
9103,PSYC-134128,TOTDay1,Training, 10,0, 2.jpg,2.jpg,150,30,5.044, 96.626,101.67,96.625,-10,0,0,3,PH2_150,2023-04-18 09:25:13.480
9103,PSYC-134128,TOTDay1,Training, 11,1, 2.jpg,2.jpg,300,300,8.96, 102.203,111.163,102.203,-9,0,0,2,PM2_300,2023-04-18 09:25:22.974
9103,PSYC-134128,TOTDay1,Training, 12,0, 2.jpg,2.jpg,270,330,4.061, 112.09,116.151,112.089,-10,0,0,1,PE2_270,2023-04-18 09:25:27.961
9103,PSYC-134128,TOTDay1,Experiment, 1,0, 6.jpg,6.jpg,30,0,5.636, 118.515,124.152,116.507,-1,0,0,2,AM6_30,2023-04-18 09:25:35.962
9103,PSYC-134128,TOTDay1,Experiment, 2,1, 10.jpg,10.jpg,150,150,3.89, 125.602,129.491,125.601,0,0,0,3,AH10_150,2023-04-18 09:25:41.301
9103,PSYC-134128,TOTDay1,Experiment, 3,0, 11.jpg,11.jpg,180,270,6.727, 130.291,137.019,130.291,-1,0,0,1,BE11_180,2023-04-18 09:25:48.829
9103,PSYC-134128,TOTDay1,Experiment, 4,0, 4.jpg,4.jpg,210,60,2.436, 137.718,140.155,137.717,-2,0,0,3,BH4_210,2023-04-18 09:25:51.965
9103,PSYC-134128,TOTDay1,Experiment, 5,0, 9.jpg,9.jpg,30,120,2.413, 140.589,143.003,140.589,-3,0,0,2,BM9_30,2023-04-18 09:25:54.812
9103,PSYC-134128,TOTDay1,Experiment, 6,0, 7.jpg,7.jpg,270,300,3.507, 143.167,146.675,143.167,-4,0,0,1,BE7_270,2023-04-18 09:25:58.484
9103,PSYC-134128,TOTDay1,Experiment, 7,0, 7.jpg,7.jpg,330,150,2.351, 146.889,149.241,146.889,-5,0,0,2,AM7_330,2023-04-18 09:26:01.051
9103,PSYC-134128,TOTDay1,Experiment, 8,1, 9.jpg,9.jpg,240,240,10.855, 149.487,160.343,149.487,-4,0,0,3,AH9_240,2023-04-18 09:26:12.152
9103,PSYC-134128,TOTDay1,Experiment, 9,0, 1.jpg,1.jpg,270,60,4.433, 160.89,165.323,160.889,-5,0,0,1,AE1_270,2023-04-18 09:26:17.133
9103,PSYC-134128,TOTDay1,Experiment, 10,0, 8.jpg,8.jpg,330,300,5.611, 166.425,172.037,166.425,-6,0,0,2,BM8_330,2023-04-18 09:26:23.847
9103,PSYC-134128,TOTDay1,Experiment, 11,0, 4.jpg,4.jpg,180,120,2.971, 172.467,175.439,172.467,-7,0,0,1,AE4_180,2023-04-18 09:26:27.248
9103,PSYC-134128,TOTDay1,Experiment, 12,0, 3.jpg,3.jpg,240,90,2.661, 175.709,178.371,175.709,-8,0,0,3,BH3_240,2023-04-18 09:26:30.180
9103,PSYC-134128,TOTDay1,Experiment, 13,1, 8.jpg,8.jpg,210,210,3.694, 178.575,182.269,178.575,-7,0,0,3,AH8_210,2023-04-18 09:26:34.078
9103,PSYC-134128,TOTDay1,Experiment, 14,0, 3.jpg,3.jpg,90,330,2.629, 182.93,185.559,182.929,-8,0,0,1,AE3_90,2023-04-18 09:26:37.369
9103,PSYC-134128,TOTDay1,Experiment, 15,0, 10.jpg,10.jpg,60,120,3.151, 186.015,189.167,186.015,-9,0,0,2,BM10_60,2023-04-18 09:26:40.977
9103,PSYC-134128,TOTDay1,Experiment, 16,0, 1.jpg,1.jpg,150,180,2.885, 189.445,192.331,189.445,-10,0,0,3,BH1_150,2023-04-18 09:26:44.140
9103,PSYC-134128,TOTDay1,Experiment, 17,1, 11.jpg,11.jpg,60,60,2.253, 192.613,194.867,192.613,-9,0,0,2,AM11_60,2023-04-18 09:26:46.676
9103,PSYC-134128,TOTDay1,Experiment, 18,0, 6.jpg,6.jpg,90,240,3.437, 195.053,198.491,195.052,-10,0,0,1,BE6_90,2023-04-18 09:26:50.301
9104,PSYC-132589,TOTDay1,Training, 1,0, 2.jpg,2.jpg,90,150,11.769, 285.648,297.415,285.646,-1,0,0,1,PE2_90,2023-04-18 09:45:34.772
9104,PSYC-132589,TOTDay1,Training, 2,1, 2.jpg,2.jpg,180,180,11.265, 303.693,314.958,303.693,0,0,0,1,PE2_180,2023-04-18 09:45:52.314
9104,PSYC-132589,TOTDay1,Training, 3,0, 2.jpg,2.jpg,60,240,5.189, 317.903,323.093,317.903,-1,0,0,2,PM2_60,2023-04-18 09:46:00.448
9104,PSYC-132589,TOTDay1,Training, 4,0, 2.jpg,2.jpg,30,210,8.179, 328.503,336.683,328.503,-2,0,0,2,PM2_30,2023-04-18 09:46:14.037
9104,PSYC-132589,TOTDay1,Training, 5,1, 2.jpg,2.jpg,210,210,3.737, 338.443,342.18,338.443,-1,0,0,3,PH2_210,2023-04-18 09:46:19.535
9104,PSYC-132589,TOTDay1,Training, 6,0, 2.jpg,2.jpg,120,60,6.582, 343.681,350.263,343.68,-2,0,0,3,PH2_120,2023-04-18 09:46:27.616
9104,PSYC-132589,TOTDay1,Training, 7,0, 2.jpg,2.jpg,0,240,7.604, 356.04,363.644,356.039,-3,0,0,1,PE2_0,2023-04-18 09:46:40.997
9104,PSYC-132589,TOTDay1,Training, 8,0, 2.jpg,2.jpg,240,60,5.662, 364.935,370.597,364.935,-4,0,0,3,PH2_240,2023-04-18 09:46:47.949
9104,PSYC-132589,TOTDay1,Training, 9,0, 2.jpg,2.jpg,330,60,3.1, 373.901,377.001,373.9,-5,0,0,2,PM2_330,2023-04-18 09:46:54.353
9104,PSYC-132589,TOTDay1,Training, 10,0, 2.jpg,2.jpg,150,60,2.873, 378.631,381.504,378.631,-6,0,0,3,PH2_150,2023-04-18 09:46:58.856
9104,PSYC-132589,TOTDay1,Training, 11,0, 2.jpg,2.jpg,300,120,5.67, 382.773,388.443,382.772,-7,0,0,2,PM2_300,2023-04-18 09:47:05.794
9104,PSYC-132589,TOTDay1,Training, 12,0, 2.jpg,2.jpg,270,120,2.69, 389.415,392.105,389.414,-8,0,0,1,PE2_270,2023-04-18 09:47:09.455
9104,PSYC-132589,TOTDay1,Experiment, 1,0, 11.jpg,11.jpg,180,60,3.95, 403.367,407.317,393.997,-1,0,0,1,BE11_180,2023-04-18 09:47:24.666
9104,PSYC-132589,TOTDay1,Experiment, 2,0, 10.jpg,10.jpg,150,300,2.975, 408.713,411.689,408.713,-2,0,0,3,AH10_150,2023-04-18 09:47:29.037
9104,PSYC-132589,TOTDay1,Experiment, 3,0, 7.jpg,7.jpg,330,210,2.245, 412.951,415.196,412.951,-3,0,0,2,AM7_330,2023-04-18 09:47:32.545
9104,PSYC-132589,TOTDay1,Experiment, 4,0, 3.jpg,3.jpg,90,0,2.267, 418.497,420.765,418.497,-4,0,0,1,AE3_90,2023-04-18 09:47:38.113
9104,PSYC-132589,TOTDay1,Experiment, 5,0, 8.jpg,8.jpg,330,90,3.922, 422.477,426.399,422.476,-5,0,0,2,BM8_330,2023-04-18 09:47:43.747
9104,PSYC-132589,TOTDay1,Experiment, 6,1, 1.jpg,1.jpg,150,150,2.53, 428.335,430.865,428.334,-4,0,0,3,BH1_150,2023-04-18 09:47:48.212
9104,PSYC-132589,TOTDay1,Experiment, 7,0, 10.jpg,10.jpg,60,300,3.909, 436.691,440.601,436.691,-5,0,0,2,BM10_60,2023-04-18 09:47:57.948
9104,PSYC-132589,TOTDay1,Experiment, 8,0, 1.jpg,1.jpg,270,60,2.939, 441.642,444.581,441.641,-6,0,0,1,AE1_270,2023-04-18 09:48:01.927
9104,PSYC-132589,TOTDay1,Experiment, 9,0, 9.jpg,9.jpg,240,120,2.433, 445.515,447.949,445.515,-7,0,0,3,AH9_240,2023-04-18 09:48:05.295
9104,PSYC-132589,TOTDay1,Experiment, 10,0, 11.jpg,11.jpg,60,120,2.668, 449.918,452.587,449.918,-8,0,0,2,AM11_60,2023-04-18 09:48:09.933
9104,PSYC-132589,TOTDay1,Experiment, 11,0, 4.jpg,4.jpg,180,150,3.185, 454.139,457.325,454.139,-9,0,0,1,AE4_180,2023-04-18 09:48:14.671
9104,PSYC-132589,TOTDay1,Experiment, 12,0, 3.jpg,3.jpg,240,150,3.473, 458.123,461.597,458.122,-10,0,0,3,BH3_240,2023-04-18 09:48:18.942
9104,PSYC-132589,TOTDay1,Experiment, 13,0, 6.jpg,6.jpg,30,300,2.549, 462.245,464.795,462.245,-11,0,0,2,AM6_30,2023-04-18 09:48:22.140
9104,PSYC-132589,TOTDay1,Experiment, 14,0, 7.jpg,7.jpg,270,30,1.985, 467.309,469.294,467.309,-12,0,0,1,BE7_270,2023-04-18 09:48:26.639
9104,PSYC-132589,TOTDay1,Experiment, 15,0, 4.jpg,4.jpg,210,60,2.158, 471.563,473.721,471.562,-13,0,0,3,BH4_210,2023-04-18 09:48:31.065
9104,PSYC-132589,TOTDay1,Experiment, 16,0, 6.jpg,6.jpg,90,330,3.009, 475.347,478.356,475.347,-14,0,0,1,BE6_90,2023-04-18 09:48:35.701
9104,PSYC-132589,TOTDay1,Experiment, 17,0, 8.jpg,8.jpg,210,330,4.071, 479.097,483.169,479.097,-15,0,0,3,AH8_210,2023-04-18 09:48:40.512
9104,PSYC-132589,TOTDay1,Experiment, 18,0, 9.jpg,9.jpg,30,240,5.58, 483.947,489.527,483.946,-16,0,0,2,BM9_30,2023-04-18 09:48:46.871
9106,PSYC-134130,TOTDay1,Training, 1,1, 2.jpg,2.jpg,90,90,7.098, 166.84,173.937,166.839,1,0,0,1,PE2_90,2023-04-18 12:12:31.365
9106,PSYC-134130,TOTDay1,Training, 2,1, 2.jpg,2.jpg,180,180,8.885, 181.445,190.33,181.444,2,0,0,1,PE2_180,2023-04-18 12:12:47.758
9106,PSYC-134130,TOTDay1,Training, 3,0, 2.jpg,2.jpg,60,30,7.862, 191.985,199.846,191.984,1,0,0,2,PM2_60,2023-04-18 12:12:57.273
9106,PSYC-134130,TOTDay1,Training, 4,1, 2.jpg,2.jpg,30,30,6.907, 206.687,213.594,206.686,2,0,0,2,PM2_30,2023-04-18 12:13:11.022
9106,PSYC-134130,TOTDay1,Training, 5,1, 2.jpg,2.jpg,210,210,12.531, 215.689,228.22,215.688,3,0,0,3,PH2_210,2023-04-18 12:13:25.648
9106,PSYC-134130,TOTDay1,Training, 6,1, 2.jpg,2.jpg,120,120,11.076, 232.588,243.664,232.588,4,0,0,3,PH2_120,2023-04-18 12:13:41.091
9106,PSYC-134130,TOTDay1,Training, 7,1, 2.jpg,2.jpg,0,0,6.673, 246.977,253.65,246.976,5,0,0,1,PE2_0,2023-04-18 12:13:51.077
9106,PSYC-134130,TOTDay1,Training, 8,0, 2.jpg,2.jpg,240,150,7.959, 254.809,262.768,254.808,4,0,0,3,PH2_240,2023-04-18 12:14:00.195
9106,PSYC-134130,TOTDay1,Training, 9,1, 2.jpg,2.jpg,330,330,9.713, 267.368,277.082,267.368,5,0,0,2,PM2_330,2023-04-18 12:14:14.509
9106,PSYC-134130,TOTDay1,Training, 10,1, 2.jpg,2.jpg,150,150,9.566, 277.904,287.47,277.904,6,0,0,3,PH2_150,2023-04-18 12:14:24.897
9106,PSYC-134130,TOTDay1,Training, 11,0, 2.jpg,2.jpg,300,30,6.057, 288.641,294.698,288.64,5,0,0,2,PM2_300,2023-04-18 12:14:32.125
9106,PSYC-134130,TOTDay1,Training, 12,0, 2.jpg,2.jpg,270,90,5.379, 296.718,302.098,296.718,4,0,0,1,PE2_270,2023-04-18 12:14:39.525
9106,PSYC-134130,TOTDay1,Experiment, 1,0, 10.jpg,10.jpg,150,210,9.817, 306.835,316.652,304.718,-1,0,0,3,AH10_150,2023-04-18 12:14:54.080
9106,PSYC-134130,TOTDay1,Experiment, 2,1, 7.jpg,7.jpg,270,270,10.486, 318.444,328.93,318.444,0,0,0,1,BE7_270,2023-04-18 12:15:06.358
9106,PSYC-134130,TOTDay1,Experiment, 3,0, 11.jpg,11.jpg,60,210,11.281, 330.028,341.31,330.028,-1,0,0,2,AM11_60,2023-04-18 12:15:18.738
9106,PSYC-134130,TOTDay1,Experiment, 4,0, 9.jpg,9.jpg,30,210,7.815, 342.539,350.354,342.538,-2,0,0,2,BM9_30,2023-04-18 12:15:27.781
9106,PSYC-134130,TOTDay1,Experiment, 5,0, 3.jpg,3.jpg,240,270,9.29, 353.67,362.96,353.67,-3,0,0,3,BH3_240,2023-04-18 12:15:40.387
9106,PSYC-134130,TOTDay1,Experiment, 6,1, 6.jpg,6.jpg,90,90,8.931, 365.549,374.48,365.549,-2,0,0,1,BE6_90,2023-04-18 12:15:51.907
9106,PSYC-134130,TOTDay1,Experiment, 7,0, 1.jpg,1.jpg,150,270,6.951, 377.726,384.678,377.726,-3,0,0,3,BH1_150,2023-04-18 12:16:02.106
9106,PSYC-134130,TOTDay1,Experiment, 8,0, 10.jpg,10.jpg,60,300,7.901, 386.753,394.654,386.752,-4,0,0,2,BM10_60,2023-04-18 12:16:12.081
9106,PSYC-134130,TOTDay1,Experiment, 9,1, 11.jpg,11.jpg,180,180,6.996, 397.515,404.511,397.514,-3,0,0,1,BE11_180,2023-04-18 12:16:21.939
9106,PSYC-134130,TOTDay1,Experiment, 10,1, 7.jpg,7.jpg,330,330,8.955, 405.34,414.296,405.34,-2,0,0,2,AM7_330,2023-04-18 12:16:31.723
9106,PSYC-134130,TOTDay1,Experiment, 11,1, 4.jpg,4.jpg,180,180,5.233, 415.087,420.32,415.086,-1,0,0,1,AE4_180,2023-04-18 12:16:37.748
9106,PSYC-134130,TOTDay1,Experiment, 12,0, 8.jpg,8.jpg,210,300,6.261, 421.155,427.416,421.154,-2,0,0,3,AH8_210,2023-04-18 12:16:44.844
9106,PSYC-134130,TOTDay1,Experiment, 13,0, 3.jpg,3.jpg,90,150,13.583, 427.975,441.558,427.974,-3,0,0,1,AE3_90,2023-04-18 12:16:58.986
9106,PSYC-134130,TOTDay1,Experiment, 14,0, 4.jpg,4.jpg,210,240,12.243, 442.269,454.512,442.268,-4,0,0,3,BH4_210,2023-04-18 12:17:11.940
9106,PSYC-134130,TOTDay1,Experiment, 15,0, 6.jpg,6.jpg,30,300,10.482, 455.173,465.655,455.172,-5,0,0,2,AM6_30,2023-04-18 12:17:23.082
9106,PSYC-134130,TOTDay1,Experiment, 16,0, 9.jpg,9.jpg,240,210,11.808, 466.243,478.05,466.242,-6,0,0,3,AH9_240,2023-04-18 12:17:35.478
9106,PSYC-134130,TOTDay1,Experiment, 17,1, 1.jpg,1.jpg,270,270,7.675, 478.499,486.174,478.498,-5,0,0,1,AE1_270,2023-04-18 12:17:43.602
9106,PSYC-134130,TOTDay1,Experiment, 18,1, 8.jpg,8.jpg,330,330,6.895, 486.817,493.712,486.816,-4,0,0,2,BM8_330,2023-04-18 12:17:51.140
9105,PSYC-134128,TOTDay1,Training, 1,1, 2.jpg,2.jpg,90,90,7.584, 20.362,27.945,20.361,1,0,0,1,PE2_90,2023-04-18 12:25:26.577
9105,PSYC-134128,TOTDay1,Training, 2,0, 2.jpg,2.jpg,180,60,5.44, 30.895,36.335,30.895,0,0,0,1,PE2_180,2023-04-18 12:25:34.966
9105,PSYC-134128,TOTDay1,Training, 3,0, 2.jpg,2.jpg,60,0,1.753, 43.528,45.281,43.527,-1,0,0,2,PM2_60,2023-04-18 12:25:43.912
9105,PSYC-134128,TOTDay1,Training, 4,0, 2.jpg,2.jpg,30,210,5.045, 50.007,55.053,50.007,-2,0,0,2,PM2_30,2023-04-18 12:25:53.684
9105,PSYC-134128,TOTDay1,Training, 5,0, 2.jpg,2.jpg,210,0,1.055, 56.799,57.855,56.799,-3,0,0,3,PH2_210,2023-04-18 12:25:56.486
9105,PSYC-134128,TOTDay1,Training, 6,0, 2.jpg,2.jpg,120,210,4.659, 64.283,68.942,64.283,-4,0,0,3,PH2_120,2023-04-18 12:26:07.573
9105,PSYC-134128,TOTDay1,Training, 7,0, 2.jpg,2.jpg,0,300,10.084, 74.265,84.349,74.264,-5,0,0,1,PE2_0,2023-04-18 12:26:22.980
9105,PSYC-134128,TOTDay1,Training, 8,0, 2.jpg,2.jpg,240,330,4.516, 85.599,90.115,85.598,-6,0,0,3,PH2_240,2023-04-18 12:26:28.746
9105,PSYC-134128,TOTDay1,Training, 9,0, 2.jpg,2.jpg,330,60,4.882, 90.985,95.867,90.984,-7,0,0,2,PM2_330,2023-04-18 12:26:34.498
9105,PSYC-134128,TOTDay1,Training, 10,0, 2.jpg,2.jpg,150,120,3.82, 96.453,100.273,96.452,-8,0,0,3,PH2_150,2023-04-18 12:26:38.903
9105,PSYC-134128,TOTDay1,Training, 11,1, 2.jpg,2.jpg,300,300,12.297, 100.893,113.191,100.893,-7,0,0,2,PM2_300,2023-04-18 12:26:51.822
9105,PSYC-134128,TOTDay1,Training, 12,0, 2.jpg,2.jpg,270,30,13.781, 116.133,129.914,116.133,-8,0,0,1,PE2_270,2023-04-18 12:27:08.545
9105,PSYC-134128,TOTDay1,Experiment, 1,0, 6.jpg,6.jpg,30,300,17.126, 137.788,154.915,131.089,-1,0,0,2,AM6_30,2023-04-18 12:27:33.546
9105,PSYC-134128,TOTDay1,Experiment, 2,0, 7.jpg,7.jpg,270,90,5.733, 157.063,162.796,157.063,-2,0,0,1,BE7_270,2023-04-18 12:27:41.428
9105,PSYC-134128,TOTDay1,Experiment, 3,0, 9.jpg,9.jpg,240,150,2.363, 163.327,165.691,163.326,-3,0,0,3,AH9_240,2023-04-18 12:27:44.322
9105,PSYC-134128,TOTDay1,Experiment, 4,1, 8.jpg,8.jpg,330,330,2.053, 166.161,168.215,166.161,-2,0,0,2,BM8_330,2023-04-18 12:27:46.846
9105,PSYC-134128,TOTDay1,Experiment, 5,0, 8.jpg,8.jpg,210,60,4.177, 169.589,173.766,169.588,-3,0,0,3,AH8_210,2023-04-18 12:27:52.398
9105,PSYC-134128,TOTDay1,Experiment, 6,0, 11.jpg,11.jpg,180,30,2.723, 174.241,176.964,174.241,-4,0,0,1,BE11_180,2023-04-18 12:27:55.596
9105,PSYC-134128,TOTDay1,Experiment, 7,0, 7.jpg,7.jpg,330,0,0.576, 177.408,177.984,177.407,-5,0,0,2,AM7_330,2023-04-18 12:27:56.616
9105,PSYC-134128,TOTDay1,Experiment, 8,1, 4.jpg,4.jpg,210,210,2.897, 179.723,182.62,179.722,-4,0,0,3,BH4_210,2023-04-18 12:28:01.252
9105,PSYC-134128,TOTDay1,Experiment, 9,0, 3.jpg,3.jpg,90,180,2.197, 183.711,185.908,183.71,-5,0,0,1,AE3_90,2023-04-18 12:28:04.540
9105,PSYC-134128,TOTDay1,Experiment, 10,0, 4.jpg,4.jpg,180,120,2.438, 186.519,188.958,186.519,-6,0,0,1,AE4_180,2023-04-18 12:28:07.590
9105,PSYC-134128,TOTDay1,Experiment, 11,0, 3.jpg,3.jpg,240,300,1.968, 189.561,191.529,189.56,-7,0,0,3,BH3_240,2023-04-18 12:28:10.161
9105,PSYC-134128,TOTDay1,Experiment, 12,1, 10.jpg,10.jpg,60,60,1.936, 191.999,193.935,191.998,-6,0,0,2,BM10_60,2023-04-18 12:28:12.567
9105,PSYC-134128,TOTDay1,Experiment, 13,1, 9.jpg,9.jpg,30,30,3.021, 194.287,197.309,194.287,-5,0,0,2,BM9_30,2023-04-18 12:28:15.941
9105,PSYC-134128,TOTDay1,Experiment, 14,0, 6.jpg,6.jpg,90,240,5.628, 197.883,203.511,197.882,-6,0,0,1,BE6_90,2023-04-18 12:28:22.143
9105,PSYC-134128,TOTDay1,Experiment, 15,0, 10.jpg,10.jpg,150,60,3.846, 204.085,207.931,204.084,-7,0,0,3,AH10_150,2023-04-18 12:28:26.562
9105,PSYC-134128,TOTDay1,Experiment, 16,0, 11.jpg,11.jpg,60,330,2.195, 208.602,210.798,208.602,-8,0,0,2,AM11_60,2023-04-18 12:28:29.430
9105,PSYC-134128,TOTDay1,Experiment, 17,0, 1.jpg,1.jpg,150,120,2.081, 212.033,214.114,212.032,-9,0,0,3,BH1_150,2023-04-18 12:28:32.746
9105,PSYC-134128,TOTDay1,Experiment, 18,0, 1.jpg,1.jpg,270,240,2.099, 214.842,216.941,214.841,-10,0,0,1,AE1_270,2023-04-18 12:28:35.573
9105,PSYC-134128,TOTDay1,Experiment, 19,0, 1.jpg,1.jpg,270,-1,36.121, 214.842,250.963,217.518,-11,0,0,1,AE1_270,2023-04-18 12:29:09.595
9107,PSYC-134128,TOTDay1,Training, 1,1, 2.jpg,2.jpg,90,90,4.632, 64.342,68.973,64.341,1,0,0,1,PE2_90,2023-04-18 15:31:42.275
9107,PSYC-134128,TOTDay1,Training, 2,1, 2.jpg,2.jpg,180,180,3.201, 72.276,75.478,72.276,2,0,0,1,PE2_180,2023-04-18 15:31:48.779
9107,PSYC-134128,TOTDay1,Training, 3,1, 2.jpg,2.jpg,60,60,12.809, 76.389,89.198,76.388,3,0,0,2,PM2_60,2023-04-18 15:32:02.499
9107,PSYC-134128,TOTDay1,Training, 4,0, 2.jpg,2.jpg,30,120,7.321, 90.088,97.41,90.088,2,0,0,2,PM2_30,2023-04-18 15:32:10.711
9107,PSYC-134128,TOTDay1,Training, 5,1, 2.jpg,2.jpg,210,210,9.999, 100.243,110.242,100.242,3,0,0,3,PH2_210,2023-04-18 15:32:23.543
9107,PSYC-134128,TOTDay1,Training, 6,1, 2.jpg,2.jpg,120,120,6.739, 111.032,117.772,111.032,4,0,0,3,PH2_120,2023-04-18 15:32:31.073
9107,PSYC-134128,TOTDay1,Training, 7,1, 2.jpg,2.jpg,0,0,4.634, 118.444,123.079,118.444,5,0,0,1,PE2_0,2023-04-18 15:32:36.380
9107,PSYC-134128,TOTDay1,Training, 8,0, 2.jpg,2.jpg,240,210,9.013, 123.754,132.768,123.754,4,0,0,3,PH2_240,2023-04-18 15:32:46.069
9107,PSYC-134128,TOTDay1,Training, 9,0, 2.jpg,2.jpg,330,150,5.907, 133.498,139.406,133.498,3,0,0,2,PM2_330,2023-04-18 15:32:52.707
9107,PSYC-134128,TOTDay1,Training, 10,1, 2.jpg,2.jpg,150,150,4.71, 141.646,146.356,141.646,4,0,0,3,PH2_150,2023-04-18 15:32:59.658
9107,PSYC-134128,TOTDay1,Training, 11,1, 2.jpg,2.jpg,300,300,11.046, 146.942,157.988,146.942,5,0,0,2,PM2_300,2023-04-18 15:33:11.290
9107,PSYC-134128,TOTDay1,Training, 12,1, 2.jpg,2.jpg,270,270,6.388, 158.536,164.925,158.536,6,0,0,1,PE2_270,2023-04-18 15:33:18.227
9107,PSYC-134128,TOTDay1,Experiment, 1,1, 4.jpg,4.jpg,180,180,21.896, 167.3,189.196,165.43,1,0,0,1,AE4_180,2023-04-18 15:33:42.498
9107,PSYC-134128,TOTDay1,Experiment, 2,1, 9.jpg,9.jpg,30,30,14.814, 189.893,204.708,189.893,2,0,0,2,BM9_30,2023-04-18 15:33:58.010
9107,PSYC-134128,TOTDay1,Experiment, 3,0, 4.jpg,4.jpg,210,150,16.876, 205.24,222.116,205.24,1,0,0,3,BH4_210,2023-04-18 15:34:15.418
9107,PSYC-134128,TOTDay1,Experiment, 4,1, 1.jpg,1.jpg,270,270,6.547, 223.234,229.782,223.234,2,0,0,1,AE1_270,2023-04-18 15:34:23.084
9107,PSYC-134128,TOTDay1,Experiment, 5,0, 9.jpg,9.jpg,240,210,12.278, 230.324,242.602,230.324,1,0,0,3,AH9_240,2023-04-18 15:34:35.904
9107,PSYC-134128,TOTDay1,Experiment, 6,0, 8.jpg,8.jpg,330,300,17.531, 243.296,260.828,243.296,0,0,0,2,BM8_330,2023-04-18 15:34:54.131
9107,PSYC-134128,TOTDay1,Experiment, 7,1, 11.jpg,11.jpg,180,180,4.987, 261.492,266.48,261.492,1,0,0,1,BE11_180,2023-04-18 15:34:59.783
9107,PSYC-134128,TOTDay1,Experiment, 8,1, 7.jpg,7.jpg,330,330,8.599, 267.26,275.86,267.26,2,0,0,2,AM7_330,2023-04-18 15:35:09.162
9107,PSYC-134128,TOTDay1,Experiment, 9,1, 1.jpg,1.jpg,150,150,6.983, 276.34,283.324,276.34,3,0,0,3,BH1_150,2023-04-18 15:35:16.626
9107,PSYC-134128,TOTDay1,Experiment, 10,1, 6.jpg,6.jpg,90,90,31.772, 283.944,315.716,283.944,4,0,0,1,BE6_90,2023-04-18 15:35:49.019
9107,PSYC-134128,TOTDay1,Experiment, 11,1, 6.jpg,6.jpg,30,30,11.017, 316.198,327.215,316.198,5,0,0,2,AM6_30,2023-04-18 15:36:00.518
9107,PSYC-134128,TOTDay1,Experiment, 12,0, 8.jpg,8.jpg,210,240,33.211, 327.806,361.018,327.806,4,0,0,3,AH8_210,2023-04-18 15:36:34.320
9107,PSYC-134128,TOTDay1,Experiment, 13,1, 3.jpg,3.jpg,240,240,19.845, 361.666,381.512,361.666,5,0,0,3,BH3_240,2023-04-18 15:36:54.815
9107,PSYC-134128,TOTDay1,Experiment, 14,1, 3.jpg,3.jpg,90,90,9.353, 382.07,391.423,382.07,6,0,0,1,AE3_90,2023-04-18 15:37:04.727
9107,PSYC-134128,TOTDay1,Experiment, 15,0, 11.jpg,11.jpg,60,30,15.542, 391.867,407.409,391.866,5,0,0,2,AM11_60,2023-04-18 15:37:20.713
9107,PSYC-134128,TOTDay1,Experiment, 16,1, 10.jpg,10.jpg,150,150,30.039, 411.162,441.201,411.161,6,0,0,3,AH10_150,2023-04-18 15:37:54.505
9107,PSYC-134128,TOTDay1,Experiment, 17,1, 10.jpg,10.jpg,60,60,17.925, 441.726,459.651,441.726,7,0,0,2,BM10_60,2023-04-18 15:38:12.955
9107,PSYC-134128,TOTDay1,Experiment, 18,1, 7.jpg,7.jpg,270,270,8.671, 460.199,468.87,460.198,8,0,0,1,BE7_270,2023-04-18 15:38:22.174
9126,PSYC-132589,TOTDay1,Training, 1,0, 2.jpg,2.jpg,90,270,8.115, 148.278,156.389,148.277,-1,0,0,1,PE2_90,2023-04-18 15:37:10.196
9126,PSYC-132589,TOTDay1,Training, 2,1, 2.jpg,2.jpg,180,180,3.077, 165.196,168.273,165.196,0,0,0,1,PE2_180,2023-04-18 15:37:22.076
9126,PSYC-132589,TOTDay1,Training, 3,0, 2.jpg,2.jpg,60,120,5.92, 168.872,174.793,168.871,-1,0,0,2,PM2_60,2023-04-18 15:37:28.595
9126,PSYC-132589,TOTDay1,Training, 4,1, 2.jpg,2.jpg,30,30,6.586, 183.178,189.764,183.177,0,0,0,2,PM2_30,2023-04-18 15:37:43.567
9126,PSYC-132589,TOTDay1,Training, 5,1, 2.jpg,2.jpg,210,210,7.753, 190.313,198.067,190.313,1,0,0,3,PH2_210,2023-04-18 15:37:51.869
9126,PSYC-132589,TOTDay1,Training, 6,1, 2.jpg,2.jpg,120,120,9.403, 198.796,208.199,198.795,2,0,0,3,PH2_120,2023-04-18 15:38:02.001
9126,PSYC-132589,TOTDay1,Training, 7,1, 2.jpg,2.jpg,0,0,4.853, 208.677,213.53,208.677,3,0,0,1,PE2_0,2023-04-18 15:38:07.333
9126,PSYC-132589,TOTDay1,Training, 8,1, 2.jpg,2.jpg,240,240,6.269, 213.977,220.247,213.977,4,0,0,3,PH2_240,2023-04-18 15:38:14.049
9126,PSYC-132589,TOTDay1,Training, 9,1, 2.jpg,2.jpg,330,330,4.289, 220.694,224.983,220.693,5,0,0,2,PM2_330,2023-04-18 15:38:18.785
9126,PSYC-132589,TOTDay1,Training, 10,1, 2.jpg,2.jpg,150,150,5.949, 225.417,231.367,225.416,6,0,0,3,PH2_150,2023-04-18 15:38:25.169
9126,PSYC-132589,TOTDay1,Training, 11,1, 2.jpg,2.jpg,300,300,5.108, 231.938,237.047,231.938,7,0,0,2,PM2_300,2023-04-18 15:38:30.850
9126,PSYC-132589,TOTDay1,Training, 12,1, 2.jpg,2.jpg,270,270,3.385, 237.435,240.821,237.435,8,0,0,1,PE2_270,2023-04-18 15:38:34.623
9126,PSYC-132589,TOTDay1,Experiment, 1,0, 9.jpg,9.jpg,240,120,17.055, 243.15,260.205,241.329,-1,0,0,3,AH9_240,2023-04-18 15:38:54.006
9126,PSYC-132589,TOTDay1,Experiment, 2,0, 6.jpg,6.jpg,30,300,14.556, 262.177,276.733,262.177,-2,0,0,2,AM6_30,2023-04-18 15:39:10.535
9126,PSYC-132589,TOTDay1,Experiment, 3,0, 6.jpg,6.jpg,90,270,6.067, 277.311,283.379,277.31,-3,0,0,1,BE6_90,2023-04-18 15:39:17.181
9126,PSYC-132589,TOTDay1,Experiment, 4,1, 4.jpg,4.jpg,180,180,5.749, 285.186,290.935,285.185,-2,0,0,1,AE4_180,2023-04-18 15:39:24.737
9126,PSYC-132589,TOTDay1,Experiment, 5,1, 11.jpg,11.jpg,60,60,27.437, 291.413,318.85,291.413,-1,0,0,2,AM11_60,2023-04-18 15:39:52.653
9126,PSYC-132589,TOTDay1,Experiment, 6,0, 1.jpg,1.jpg,150,210,18.334, 319.409,337.743,319.408,-2,0,0,3,BH1_150,2023-04-18 15:40:11.545
9126,PSYC-132589,TOTDay1,Experiment, 7,1, 7.jpg,7.jpg,270,270,21.319, 339.237,360.556,339.236,-1,0,0,1,BE7_270,2023-04-18 15:40:34.358
9126,PSYC-132589,TOTDay1,Experiment, 8,0, 9.jpg,9.jpg,30,240,19.766, 361.207,380.973,361.207,-2,0,0,2,BM9_30,2023-04-18 15:40:54.775
9126,PSYC-132589,TOTDay1,Experiment, 9,0, 8.jpg,8.jpg,210,330,27.711, 382.423,410.134,382.422,-3,0,0,3,AH8_210,2023-04-18 15:41:23.936
9126,PSYC-132589,TOTDay1,Experiment, 10,0, 3.jpg,3.jpg,240,150,26.245, 410.699,436.945,410.699,-4,0,0,3,BH3_240,2023-04-18 15:41:50.746
9126,PSYC-132589,TOTDay1,Experiment, 11,1, 11.jpg,11.jpg,180,180,5.658, 437.575,443.233,437.574,-3,0,0,1,BE11_180,2023-04-18 15:41:57.035
9126,PSYC-132589,TOTDay1,Experiment, 12,1, 7.jpg,7.jpg,330,330,13.307, 443.711,457.019,443.711,-2,0,0,2,AM7_330,2023-04-18 15:42:10.820
9126,PSYC-132589,TOTDay1,Experiment, 13,1, 1.jpg,1.jpg,270,270,8.283, 457.559,465.842,457.558,-1,0,0,1,AE1_270,2023-04-18 15:42:19.643
9126,PSYC-132589,TOTDay1,Experiment, 14,0, 4.jpg,4.jpg,210,240,30.387, 466.281,496.668,466.28,-2,0,0,3,BH4_210,2023-04-18 15:42:50.469
9126,PSYC-132589,TOTDay1,Experiment, 15,0, 10.jpg,10.jpg,60,30,14.283, 497.435,511.719,497.435,-3,0,0,2,BM10_60,2023-04-18 15:43:05.520
9126,PSYC-132589,TOTDay1,Experiment, 16,0, 10.jpg,10.jpg,150,120,13.059, 512.285,525.344,512.284,-4,0,0,3,AH10_150,2023-04-18 15:43:19.145
9126,PSYC-132589,TOTDay1,Experiment, 17,1, 8.jpg,8.jpg,330,330,8.949, 528.199,537.148,528.198,-3,0,0,2,BM8_330,2023-04-18 15:43:30.950
9126,PSYC-132589,TOTDay1,Experiment, 18,0, 3.jpg,3.jpg,90,270,13.824, 537.739,551.564,537.739,-4,0,0,1,AE3_90,2023-04-18 15:43:45.365
9109,PSYC-132589,TOTDay1,Training, 1,0, 2.jpg,2.jpg,90,180,7.376, 17.208,24.576,17.207,-1,0,0,1,PE2_90,2023-04-19 09:25:57.506
9109,PSYC-132589,TOTDay1,Training, 2,0, 2.jpg,2.jpg,180,270,14.605, 31.156,45.76,31.155,-2,0,0,1,PE2_180,2023-04-19 09:26:18.680
9109,PSYC-132589,TOTDay1,Training, 3,0, 2.jpg,2.jpg,60,270,6.511, 54.191,60.702,54.19,-3,0,0,2,PM2_60,2023-04-19 09:26:33.622
9109,PSYC-132589,TOTDay1,Training, 4,0, 2.jpg,2.jpg,30,0,1.455, 74.238,75.693,74.238,-4,0,0,2,PM2_30,2023-04-19 09:26:48.613
9109,PSYC-132589,TOTDay1,Training, 5,0, 2.jpg,2.jpg,210,0,4.965, 79.137,84.103,79.137,-5,0,0,3,PH2_210,2023-04-19 09:26:57.022
9109,PSYC-132589,TOTDay1,Training, 6,0, 2.jpg,2.jpg,120,180,5.354, 90.359,95.713,90.359,-6,0,0,3,PH2_120,2023-04-19 09:27:08.631
9109,PSYC-132589,TOTDay1,Training, 7,1, 2.jpg,2.jpg,0,0,1.111, 101.249,102.36,101.248,-5,0,0,1,PE2_0,2023-04-19 09:27:15.279
9109,PSYC-132589,TOTDay1,Training, 8,0, 2.jpg,2.jpg,240,0,0.226, 102.841,103.067,102.84,-6,0,0,3,PH2_240,2023-04-19 09:27:15.985
9109,PSYC-132589,TOTDay1,Training, 9,0, 2.jpg,2.jpg,330,0,0.544, 103.412,103.956,103.411,-7,0,0,2,PM2_330,2023-04-19 09:27:16.874
9109,PSYC-132589,TOTDay1,Training, 10,0, 2.jpg,2.jpg,150,0,0.2, 104.68,104.88,104.679,-8,0,0,3,PH2_150,2023-04-19 09:27:17.798
9109,PSYC-132589,TOTDay1,Training, 11,0, 2.jpg,2.jpg,300,0,0.312, 105.092,105.404,105.092,-9,0,0,2,PM2_300,2023-04-19 09:27:18.322
9109,PSYC-132589,TOTDay1,Training, 12,0, 2.jpg,2.jpg,270,0,0.498, 105.882,106.379,105.881,-10,0,0,1,PE2_270,2023-04-19 09:27:19.298
9109,PSYC-132589,TOTDay1,Experiment, 1,0, 10.jpg,10.jpg,60,120,10.913, 110.292,121.205,106.842,-1,0,0,2,BM10_60,2023-04-19 09:27:34.123
9109,PSYC-132589,TOTDay1,Experiment, 2,0, 7.jpg,7.jpg,270,180,10.957, 123.204,134.161,123.203,-2,0,0,1,BE7_270,2023-04-19 09:27:47.078
9109,PSYC-132589,TOTDay1,Experiment, 3,0, 3.jpg,3.jpg,240,180,6.761, 135.226,141.987,135.225,-3,0,0,3,BH3_240,2023-04-19 09:27:54.904
9109,PSYC-132589,TOTDay1,Experiment, 4,0, 6.jpg,6.jpg,30,90,1.967, 149.532,151.5,149.532,-4,0,0,2,AM6_30,2023-04-19 09:28:04.415
9109,PSYC-132589,TOTDay1,Experiment, 5,0, 4.jpg,4.jpg,210,90,2.279, 156.164,158.443,156.163,-5,0,0,3,BH4_210,2023-04-19 09:28:11.359
9109,PSYC-132589,TOTDay1,Experiment, 6,0, 6.jpg,6.jpg,90,0,0.869, 158.8,159.669,158.8,-6,0,0,1,BE6_90,2023-04-19 09:28:12.584
9109,PSYC-132589,TOTDay1,Experiment, 7,0, 10.jpg,10.jpg,150,0,1.023, 160.657,161.68,160.656,-7,0,0,3,AH10_150,2023-04-19 09:28:14.596
9109,PSYC-132589,TOTDay1,Experiment, 8,0, 8.jpg,8.jpg,330,0,0.656, 162.409,163.065,162.407,-8,0,0,2,BM8_330,2023-04-19 09:28:15.980
9109,PSYC-132589,TOTDay1,Experiment, 9,0, 11.jpg,11.jpg,180,0,0.715, 163.74,164.455,163.739,-9,0,0,1,BE11_180,2023-04-19 09:28:17.371
9109,PSYC-132589,TOTDay1,Experiment, 10,0, 1.jpg,1.jpg,270,0,0.543, 165.262,165.805,165.261,-10,0,0,1,AE1_270,2023-04-19 09:28:18.720
9109,PSYC-132589,TOTDay1,Experiment, 11,0, 1.jpg,1.jpg,150,0,0.459, 166.333,166.792,166.333,-11,0,0,3,BH1_150,2023-04-19 09:28:19.708
9109,PSYC-132589,TOTDay1,Experiment, 12,0, 7.jpg,7.jpg,330,0,0.495, 167.231,167.726,167.23,-12,0,0,2,AM7_330,2023-04-19 09:28:20.642
9109,PSYC-132589,TOTDay1,Experiment, 13,0, 9.jpg,9.jpg,240,0,0.406, 168.153,168.559,168.153,-13,0,0,3,AH9_240,2023-04-19 09:28:21.475
9109,PSYC-132589,TOTDay1,Experiment, 14,0, 11.jpg,11.jpg,60,0,0.462, 168.994,169.456,168.993,-14,0,0,2,AM11_60,2023-04-19 09:28:22.372
9109,PSYC-132589,TOTDay1,Experiment, 15,0, 4.jpg,4.jpg,180,0,0.504, 169.929,170.434,169.929,-15,0,0,1,AE4_180,2023-04-19 09:28:23.349
9109,PSYC-132589,TOTDay1,Experiment, 16,0, 3.jpg,3.jpg,90,0,0.484, 170.936,171.42,170.935,-16,0,0,1,AE3_90,2023-04-19 09:28:24.336
9109,PSYC-132589,TOTDay1,Experiment, 17,0, 9.jpg,9.jpg,30,0,0.616, 172.009,172.626,172.008,-17,0,0,2,BM9_30,2023-04-19 09:28:25.541
9109,PSYC-132589,TOTDay1,Experiment, 18,0, 8.jpg,8.jpg,210,0,1.907, 173.064,174.971,173.064,-18,0,0,3,AH8_210,2023-04-19 09:28:27.886
9112,PSYC-134128,TOTDay1,Training, 1,1, 2.jpg,2.jpg,90,90,17.394, 89.508,106.896,89.507,1,0,0,1,PE2_90,2023-04-19 12:13:10.187
9112,PSYC-134128,TOTDay1,Training, 2,0, 2.jpg,2.jpg,180,270,6.636, 109.022,115.658,109.021,0,0,0,1,PE2_180,2023-04-19 12:13:18.942
9112,PSYC-134128,TOTDay1,Training, 3,0, 2.jpg,2.jpg,60,30,13.122, 125.372,138.493,125.371,-1,0,0,2,PM2_60,2023-04-19 12:13:41.779
9112,PSYC-134128,TOTDay1,Training, 4,0, 2.jpg,2.jpg,30,60,8.119, 143.15,151.27,143.15,-2,0,0,2,PM2_30,2023-04-19 12:13:54.554
9112,PSYC-134128,TOTDay1,Training, 5,1, 2.jpg,2.jpg,210,210,27.154, 154.952,182.106,154.952,-1,0,0,3,PH2_210,2023-04-19 12:14:25.391
9112,PSYC-134128,TOTDay1,Training, 6,0, 2.jpg,2.jpg,120,150,12.86, 183.132,195.992,183.132,-2,0,0,3,PH2_120,2023-04-19 12:14:39.278
9112,PSYC-134128,TOTDay1,Training, 7,1, 2.jpg,2.jpg,0,0,6.332, 202.182,208.514,202.182,-1,0,0,1,PE2_0,2023-04-19 12:14:51.798
9112,PSYC-134128,TOTDay1,Training, 8,0, 2.jpg,2.jpg,240,0,1.051, 209.466,210.518,209.466,-2,0,0,3,PH2_240,2023-04-19 12:14:53.802
9112,PSYC-134128,TOTDay1,Training, 9,0, 2.jpg,2.jpg,330,150,2.979, 212.482,215.461,212.482,-3,0,0,2,PM2_330,2023-04-19 12:14:58.746
9112,PSYC-134128,TOTDay1,Training, 10,1, 2.jpg,2.jpg,150,150,4.808, 218.832,223.64,218.831,-2,0,0,3,PH2_150,2023-04-19 12:15:06.925
9112,PSYC-134128,TOTDay1,Training, 11,0, 2.jpg,2.jpg,300,330,6.438, 224.984,231.422,224.983,-3,0,0,2,PM2_300,2023-04-19 12:15:14.707
9112,PSYC-134128,TOTDay1,Training, 12,1, 2.jpg,2.jpg,270,270,4.196, 232.364,236.56,232.363,-2,0,0,1,PE2_270,2023-04-19 12:15:19.845
9112,PSYC-134128,TOTDay1,Experiment, 1,0, 3.jpg,3.jpg,240,300,8.894, 241.173,250.067,237.526,-1,0,0,3,BH3_240,2023-04-19 12:15:33.352
9112,PSYC-134128,TOTDay1,Experiment, 2,1, 1.jpg,1.jpg,270,270,4.509, 252.438,256.947,252.437,0,0,0,1,AE1_270,2023-04-19 12:15:40.232
9112,PSYC-134128,TOTDay1,Experiment, 3,1, 8.jpg,8.jpg,330,330,8.074, 257.924,265.998,257.923,1,0,0,2,BM8_330,2023-04-19 12:15:49.282
9112,PSYC-134128,TOTDay1,Experiment, 4,1, 10.jpg,10.jpg,60,60,10.667, 266.628,277.295,266.627,2,0,0,2,BM10_60,2023-04-19 12:16:00.580
9112,PSYC-134128,TOTDay1,Experiment, 5,1, 7.jpg,7.jpg,270,270,8.311, 277.984,286.295,277.984,3,0,0,1,BE7_270,2023-04-19 12:16:09.580
9112,PSYC-134128,TOTDay1,Experiment, 6,0, 8.jpg,8.jpg,210,150,8.365, 287.484,295.849,287.483,2,0,0,3,AH8_210,2023-04-19 12:16:19.134
9112,PSYC-134128,TOTDay1,Experiment, 7,1, 10.jpg,10.jpg,150,150,12.79, 297.562,310.352,297.561,3,0,0,3,AH10_150,2023-04-19 12:16:33.636
9112,PSYC-134128,TOTDay1,Experiment, 8,0, 4.jpg,4.jpg,180,0,6.821, 311.676,318.497,311.676,2,0,0,1,AE4_180,2023-04-19 12:16:41.782
9112,PSYC-134128,TOTDay1,Experiment, 9,0, 9.jpg,9.jpg,30,60,9.149, 325.688,334.837,325.687,1,0,0,2,BM9_30,2023-04-19 12:16:58.122
9112,PSYC-134128,TOTDay1,Experiment, 10,1, 3.jpg,3.jpg,90,90,9.173, 337.022,346.195,337.021,2,0,0,1,AE3_90,2023-04-19 12:17:09.480
9112,PSYC-134128,TOTDay1,Experiment, 11,0, 6.jpg,6.jpg,30,60,10.253, 347.012,357.265,347.011,1,0,0,2,AM6_30,2023-04-19 12:17:20.550
9112,PSYC-134128,TOTDay1,Experiment, 12,1, 9.jpg,9.jpg,240,240,9.909, 359.292,369.201,359.291,2,0,0,3,AH9_240,2023-04-19 12:17:32.486
9112,PSYC-134128,TOTDay1,Experiment, 13,1, 6.jpg,6.jpg,90,90,11.679, 370.236,381.915,370.235,3,0,0,1,BE6_90,2023-04-19 12:17:45.199
9112,PSYC-134128,TOTDay1,Experiment, 14,1, 4.jpg,4.jpg,210,210,13.911, 383.294,397.205,383.294,4,0,0,3,BH4_210,2023-04-19 12:18:00.489
9112,PSYC-134128,TOTDay1,Experiment, 15,1, 7.jpg,7.jpg,330,330,12.483, 398.116,410.599,398.115,5,0,0,2,AM7_330,2023-04-19 12:18:13.883
9112,PSYC-134128,TOTDay1,Experiment, 16,1, 11.jpg,11.jpg,180,180,7.995, 411.446,419.441,411.445,6,0,0,1,BE11_180,2023-04-19 12:18:22.725
9112,PSYC-134128,TOTDay1,Experiment, 17,1, 1.jpg,1.jpg,150,150,9.806, 420.208,430.015,420.208,7,0,0,3,BH1_150,2023-04-19 12:18:33.298
9112,PSYC-134128,TOTDay1,Experiment, 18,0, 11.jpg,11.jpg,60,30,24.855, 430.766,455.621,430.765,6,0,0,2,AM11_60,2023-04-19 12:18:58.904
9114,PSYC-134128,TOTDay1,Training, 1,1, 2.jpg,2.jpg,90,90,2.997, 69.919,72.914,69.918,1,0,0,1,PE2_90,2023-04-19 15:26:30.641
9114,PSYC-134128,TOTDay1,Training, 2,1, 2.jpg,2.jpg,180,180,5.405, 75.236,80.641,75.235,2,0,0,1,PE2_180,2023-04-19 15:26:38.366
9114,PSYC-134128,TOTDay1,Training, 3,0, 2.jpg,2.jpg,60,240,5.857, 81.182,87.039,81.182,1,0,0,2,PM2_60,2023-04-19 15:26:44.764
9114,PSYC-134128,TOTDay1,Training, 4,0, 2.jpg,2.jpg,30,300,5.709, 90.574,96.283,90.573,0,0,0,2,PM2_30,2023-04-19 15:26:54.008
9114,PSYC-134128,TOTDay1,Training, 5,0, 2.jpg,2.jpg,210,120,6.806, 102.259,109.065,102.259,-1,0,0,3,PH2_210,2023-04-19 15:27:06.790
9114,PSYC-134128,TOTDay1,Training, 6,1, 2.jpg,2.jpg,120,120,4.313, 115.67,119.983,115.67,0,0,0,3,PH2_120,2023-04-19 15:27:17.709
9114,PSYC-134128,TOTDay1,Training, 7,1, 2.jpg,2.jpg,0,0,4.925, 121.256,126.181,121.255,1,0,0,1,PE2_0,2023-04-19 15:27:23.906
9114,PSYC-134128,TOTDay1,Training, 8,0, 2.jpg,2.jpg,240,60,4.449, 127.06,131.509,127.06,0,0,0,3,PH2_240,2023-04-19 15:27:29.235
9114,PSYC-134128,TOTDay1,Training, 9,0, 2.jpg,2.jpg,330,0,1.787, 133.022,134.809,133.022,-1,0,0,2,PM2_330,2023-04-19 15:27:32.535
9114,PSYC-134128,TOTDay1,Training, 10,0, 2.jpg,2.jpg,150,240,7.09, 136.324,143.414,136.323,-2,0,0,3,PH2_150,2023-04-19 15:27:41.139
9114,PSYC-134128,TOTDay1,Training, 11,0, 2.jpg,2.jpg,300,330,11.224, 145.751,156.975,145.75,-3,0,0,2,PM2_300,2023-04-19 15:27:54.700
9114,PSYC-134128,TOTDay1,Training, 12,0, 2.jpg,2.jpg,270,90,3.311, 158.366,161.677,158.365,-4,0,0,1,PE2_270,2023-04-19 15:27:59.402
9114,PSYC-134128,TOTDay1,Experiment, 1,0, 1.jpg,1.jpg,270,0,6.623, 163.802,170.425,162.543,-1,0,0,1,AE1_270,2023-04-19 15:28:08.151
9114,PSYC-134128,TOTDay1,Experiment, 2,0, 9.jpg,9.jpg,30,0,2.149, 171.48,173.629,171.479,-2,0,0,2,BM9_30,2023-04-19 15:28:11.354
9114,PSYC-134128,TOTDay1,Experiment, 3,0, 8.jpg,8.jpg,210,300,3.907, 175.48,179.387,175.479,-3,0,0,3,AH8_210,2023-04-19 15:28:17.112
9114,PSYC-134128,TOTDay1,Experiment, 4,1, 4.jpg,4.jpg,180,180,6.923, 183.432,190.355,183.431,-2,0,0,1,AE4_180,2023-04-19 15:28:28.080
9114,PSYC-134128,TOTDay1,Experiment, 5,0, 3.jpg,3.jpg,240,90,4.802, 191.208,196.01,191.207,-3,0,0,3,BH3_240,2023-04-19 15:28:33.735
9114,PSYC-134128,TOTDay1,Experiment, 6,0, 8.jpg,8.jpg,330,180,3.522, 196.704,200.226,196.703,-4,0,0,2,BM8_330,2023-04-19 15:28:37.951
9114,PSYC-134128,TOTDay1,Experiment, 7,0, 6.jpg,6.jpg,90,180,8.085, 200.922,209.007,200.921,-5,0,0,1,BE6_90,2023-04-19 15:28:46.732
9114,PSYC-134128,TOTDay1,Experiment, 8,0, 6.jpg,6.jpg,30,60,3.746, 210.526,214.272,210.525,-6,0,0,2,AM6_30,2023-04-19 15:28:51.997
9114,PSYC-134128,TOTDay1,Experiment, 9,0, 1.jpg,1.jpg,150,270,2.981, 214.924,217.905,214.923,-7,0,0,3,BH1_150,2023-04-19 15:28:55.630
9114,PSYC-134128,TOTDay1,Experiment, 10,0, 7.jpg,7.jpg,270,90,5.007, 219.51,224.517,219.509,-8,0,0,1,BE7_270,2023-04-19 15:29:02.243
9114,PSYC-134128,TOTDay1,Experiment, 11,0, 11.jpg,11.jpg,60,120,1.962, 225.141,227.103,225.14,-9,0,0,2,AM11_60,2023-04-19 15:29:04.828
9114,PSYC-134128,TOTDay1,Experiment, 12,0, 4.jpg,4.jpg,210,120,7.141, 227.78,234.922,227.779,-10,0,0,3,BH4_210,2023-04-19 15:29:12.647
9114,PSYC-134128,TOTDay1,Experiment, 13,0, 10.jpg,10.jpg,150,240,3.967, 235.508,239.475,235.508,-11,0,0,3,AH10_150,2023-04-19 15:29:17.201
9114,PSYC-134128,TOTDay1,Experiment, 14,0, 11.jpg,11.jpg,180,0,2.835, 242.744,245.579,242.743,-12,0,0,1,BE11_180,2023-04-19 15:29:23.305
9114,PSYC-134128,TOTDay1,Experiment, 15,0, 7.jpg,7.jpg,330,60,5.327, 246.048,251.375,246.047,-13,0,0,2,AM7_330,2023-04-19 15:29:29.101
9114,PSYC-134128,TOTDay1,Experiment, 16,0, 9.jpg,9.jpg,240,90,7.123, 251.986,259.109,251.985,-14,0,0,3,AH9_240,2023-04-19 15:29:36.834
9114,PSYC-134128,TOTDay1,Experiment, 17,0, 3.jpg,3.jpg,90,270,2.286, 259.844,262.13,259.843,-15,0,0,1,AE3_90,2023-04-19 15:29:39.855
9114,PSYC-134128,TOTDay1,Experiment, 18,0, 10.jpg,10.jpg,60,150,2.911, 262.59,265.501,262.589,-16,0,0,2,BM10_60,2023-04-19 15:29:43.227
9115,PSYC-132589,TOTDay1,Training, 1,0, 2.jpg,2.jpg,90,180,9.901, 19.475,29.369,19.474,-1,0,0,1,PE2_90,2023-04-20 12:27:56.197
9115,PSYC-132589,TOTDay1,Training, 2,0, 2.jpg,2.jpg,180,0,3.076, 35.322,38.398,35.321,-2,0,0,1,PE2_180,2023-04-20 12:28:05.220
9115,PSYC-132589,TOTDay1,Training, 3,0, 2.jpg,2.jpg,60,90,13.909, 46.987,60.896,46.986,-3,0,0,2,PM2_60,2023-04-20 12:28:27.718
9115,PSYC-132589,TOTDay1,Training, 4,0, 2.jpg,2.jpg,30,120,2.727, 65.623,68.35,65.623,-4,0,0,2,PM2_30,2023-04-20 12:28:35.172
9115,PSYC-132589,TOTDay1,Training, 5,0, 2.jpg,2.jpg,210,330,8.256, 72.566,80.821,72.565,-5,0,0,3,PH2_210,2023-04-20 12:28:47.643
9115,PSYC-132589,TOTDay1,Training, 6,1, 2.jpg,2.jpg,120,120,4.986, 87.939,92.926,87.939,-4,0,0,3,PH2_120,2023-04-20 12:28:59.748
9115,PSYC-132589,TOTDay1,Training, 7,0, 2.jpg,2.jpg,0,180,4.08, 96.991,101.071,96.99,-5,0,0,1,PE2_0,2023-04-20 12:29:07.892
9115,PSYC-132589,TOTDay1,Training, 8,0, 2.jpg,2.jpg,240,330,5.511, 101.941,107.452,101.941,-6,0,0,3,PH2_240,2023-04-20 12:29:14.274
9115,PSYC-132589,TOTDay1,Training, 9,1, 2.jpg,2.jpg,330,330,5.845, 107.957,113.802,107.957,-5,0,0,2,PM2_330,2023-04-20 12:29:20.624
9115,PSYC-132589,TOTDay1,Training, 10,0, 2.jpg,2.jpg,150,210,5.28, 114.793,120.073,114.793,-6,0,0,3,PH2_150,2023-04-20 12:29:26.895
9115,PSYC-132589,TOTDay1,Training, 11,0, 2.jpg,2.jpg,300,120,5.609, 120.75,126.36,120.75,-7,0,0,2,PM2_300,2023-04-20 12:29:33.182
9115,PSYC-132589,TOTDay1,Training, 12,0, 2.jpg,2.jpg,270,90,5.551, 127.642,133.193,127.641,-8,0,0,1,PE2_270,2023-04-20 12:29:40.014
9115,PSYC-132589,TOTDay1,Experiment, 1,0, 1.jpg,1.jpg,150,90,5.14, 136.742,141.882,133.901,-1,0,0,3,BH1_150,2023-04-20 12:29:48.704
9115,PSYC-132589,TOTDay1,Experiment, 2,0, 11.jpg,11.jpg,60,330,5.584, 143.238,148.822,143.237,-2,0,0,2,AM11_60,2023-04-20 12:29:55.645
9115,PSYC-132589,TOTDay1,Experiment, 3,0, 1.jpg,1.jpg,270,60,4.149, 149.247,153.396,149.246,-3,0,0,1,AE1_270,2023-04-20 12:30:00.218
9115,PSYC-132589,TOTDay1,Experiment, 4,0, 6.jpg,6.jpg,30,90,2.463, 153.941,156.405,153.941,-4,0,0,2,AM6_30,2023-04-20 12:30:03.227
9115,PSYC-132589,TOTDay1,Experiment, 5,1, 4.jpg,4.jpg,180,180,5.72, 156.814,162.535,156.814,-3,0,0,1,AE4_180,2023-04-20 12:30:09.357
9115,PSYC-132589,TOTDay1,Experiment, 6,0, 3.jpg,3.jpg,240,120,4.135, 163.015,167.15,163.014,-4,0,0,3,BH3_240,2023-04-20 12:30:13.972
9115,PSYC-132589,TOTDay1,Experiment, 7,0, 10.jpg,10.jpg,150,120,8.557, 167.613,176.17,167.612,-5,0,0,3,AH10_150,2023-04-20 12:30:22.992
9115,PSYC-132589,TOTDay1,Experiment, 8,0, 3.jpg,3.jpg,90,240,2.78, 176.624,179.404,176.624,-6,0,0,1,AE3_90,2023-04-20 12:30:26.226
9115,PSYC-132589,TOTDay1,Experiment, 9,0, 9.jpg,9.jpg,30,210,2.725, 179.841,182.566,179.84,-7,0,0,2,BM9_30,2023-04-20 12:30:29.388
9115,PSYC-132589,TOTDay1,Experiment, 10,0, 7.jpg,7.jpg,330,60,4.378, 182.899,187.277,182.898,-8,0,0,2,AM7_330,2023-04-20 12:30:34.098
9115,PSYC-132589,TOTDay1,Experiment, 11,0, 7.jpg,7.jpg,270,30,2.827, 188.215,191.043,188.214,-9,0,0,1,BE7_270,2023-04-20 12:30:37.864
9115,PSYC-132589,TOTDay1,Experiment, 12,0, 4.jpg,4.jpg,210,330,3.169, 191.39,194.56,191.39,-10,0,0,3,BH4_210,2023-04-20 12:30:41.382
9115,PSYC-132589,TOTDay1,Experiment, 13,0, 11.jpg,11.jpg,180,270,6.466, 194.978,201.444,194.978,-11,0,0,1,BE11_180,2023-04-20 12:30:48.266
9115,PSYC-132589,TOTDay1,Experiment, 14,0, 8.jpg,8.jpg,330,90,4.407, 201.91,206.317,201.91,-12,0,0,2,BM8_330,2023-04-20 12:30:53.139
9115,PSYC-132589,TOTDay1,Experiment, 15,0, 9.jpg,9.jpg,240,150,3.296, 206.568,209.864,206.568,-13,0,0,3,AH9_240,2023-04-20 12:30:56.686
9115,PSYC-132589,TOTDay1,Experiment, 16,0, 6.jpg,6.jpg,90,180,2.859, 210.22,213.08,210.22,-14,0,0,1,BE6_90,2023-04-20 12:30:59.902
9115,PSYC-132589,TOTDay1,Experiment, 17,0, 8.jpg,8.jpg,210,90,3.949, 213.543,217.492,213.543,-15,0,0,3,AH8_210,2023-04-20 12:31:04.315
9115,PSYC-132589,TOTDay1,Experiment, 18,0, 10.jpg,10.jpg,60,30,3.429, 217.809,221.238,217.808,-16,0,0,2,BM10_60,2023-04-20 12:31:08.060
9116,PSYC-134130,TOTDay1,Training, 1,1, 2.jpg,2.jpg,90,90,13.957, 34.799,48.749,34.798,1,0,0,1,PE2_90,2023-04-20 12:39:47.000
9116,PSYC-134130,TOTDay1,Training, 2,1, 2.jpg,2.jpg,180,180,11.019, 50.094,61.114,50.094,2,0,0,1,PE2_180,2023-04-20 12:39:59.358
9116,PSYC-134130,TOTDay1,Training, 3,0, 2.jpg,2.jpg,60,210,17.618, 61.695,79.313,61.695,1,0,0,2,PM2_60,2023-04-20 12:40:17.557
9116,PSYC-134130,TOTDay1,Training, 4,0, 2.jpg,2.jpg,30,120,14.116, 86.367,100.483,86.367,0,0,0,2,PM2_30,2023-04-20 12:40:38.727
9116,PSYC-134130,TOTDay1,Training, 5,0, 2.jpg,2.jpg,210,300,3.519, 106.878,110.397,106.878,-1,0,0,3,PH2_210,2023-04-20 12:40:48.641
9116,PSYC-134130,TOTDay1,Training, 6,1, 2.jpg,2.jpg,120,120,20.698, 117.398,138.096,117.397,0,0,0,3,PH2_120,2023-04-20 12:41:16.340
9116,PSYC-134130,TOTDay1,Training, 7,1, 2.jpg,2.jpg,0,0,5.177, 138.838,144.015,138.837,1,0,0,1,PE2_0,2023-04-20 12:41:22.259
9116,PSYC-134130,TOTDay1,Training, 8,0, 2.jpg,2.jpg,240,330,12.183, 144.672,156.855,144.671,0,0,0,3,PH2_240,2023-04-20 12:41:35.099
9116,PSYC-134130,TOTDay1,Training, 9,0, 2.jpg,2.jpg,330,300,18.155, 158.48,176.635,158.479,-1,0,0,2,PM2_330,2023-04-20 12:41:54.879
9116,PSYC-134130,TOTDay1,Training, 10,1, 2.jpg,2.jpg,150,150,4.471, 177.717,182.189,177.717,0,0,0,3,PH2_150,2023-04-20 12:42:00.433
9116,PSYC-134130,TOTDay1,Training, 11,0, 2.jpg,2.jpg,300,120,8.705, 182.79,191.495,182.789,-1,0,0,2,PM2_300,2023-04-20 12:42:09.739
9116,PSYC-134130,TOTDay1,Training, 12,0, 2.jpg,2.jpg,270,60,7.11, 192.354,199.463,192.353,-2,0,0,1,PE2_270,2023-04-20 12:42:17.708
9116,PSYC-134130,TOTDay1,Experiment, 1,0, 1.jpg,1.jpg,270,180,10.56, 201.991,212.551,200.287,-1,0,0,1,AE1_270,2023-04-20 12:42:30.795
9116,PSYC-134130,TOTDay1,Experiment, 2,0, 9.jpg,9.jpg,240,180,8.507, 214.029,222.537,214.029,-2,0,0,3,AH9_240,2023-04-20 12:42:40.781
9116,PSYC-134130,TOTDay1,Experiment, 3,0, 6.jpg,6.jpg,30,330,2.799, 223.212,226.011,223.211,-3,0,0,2,AM6_30,2023-04-20 12:42:44.255
9116,PSYC-134130,TOTDay1,Experiment, 4,0, 9.jpg,9.jpg,30,60,2.961, 227.068,230.029,227.067,-4,0,0,2,BM9_30,2023-04-20 12:42:48.274
9116,PSYC-134130,TOTDay1,Experiment, 5,0, 6.jpg,6.jpg,90,210,2.378, 232.017,234.396,232.017,-5,0,0,1,BE6_90,2023-04-20 12:42:52.639
9116,PSYC-134130,TOTDay1,Experiment, 6,0, 8.jpg,8.jpg,210,30,5.713, 235.324,241.037,235.323,-6,0,0,3,AH8_210,2023-04-20 12:42:59.281
9116,PSYC-134130,TOTDay1,Experiment, 7,0, 10.jpg,10.jpg,150,300,3.264, 241.711,244.975,241.711,-7,0,0,3,AH10_150,2023-04-20 12:43:03.219
9116,PSYC-134130,TOTDay1,Experiment, 8,0, 10.jpg,10.jpg,60,300,5.502, 245.462,250.965,245.462,-8,0,0,2,BM10_60,2023-04-20 12:43:09.208
9116,PSYC-134130,TOTDay1,Experiment, 9,0, 3.jpg,3.jpg,90,240,4.47, 251.547,256.017,251.547,-9,0,0,1,AE3_90,2023-04-20 12:43:14.261
9116,PSYC-134130,TOTDay1,Experiment, 10,0, 1.jpg,1.jpg,150,60,2.718, 256.547,259.265,256.547,-10,0,0,3,BH1_150,2023-04-20 12:43:17.510
9116,PSYC-134130,TOTDay1,Experiment, 11,0, 7.jpg,7.jpg,330,180,3.102, 259.849,262.951,259.849,-11,0,0,2,AM7_330,2023-04-20 12:43:21.195
9116,PSYC-134130,TOTDay1,Experiment, 12,1, 4.jpg,4.jpg,180,180,4.238, 263.378,267.617,263.377,-10,0,0,1,AE4_180,2023-04-20 12:43:25.860
9116,PSYC-134130,TOTDay1,Experiment, 13,0, 4.jpg,4.jpg,210,180,6.083, 268.657,274.741,268.657,-11,0,0,3,BH4_210,2023-04-20 12:43:32.984
9116,PSYC-134130,TOTDay1,Experiment, 14,0, 8.jpg,8.jpg,330,0,0.896, 275.147,276.043,275.147,-12,0,0,2,BM8_330,2023-04-20 12:43:34.288
9116,PSYC-134130,TOTDay1,Experiment, 15,0, 11.jpg,11.jpg,180,0,0.518, 276.801,277.319,276.801,-13,0,0,1,BE11_180,2023-04-20 12:43:35.563
9116,PSYC-134130,TOTDay1,Experiment, 16,0, 7.jpg,7.jpg,270,0,0.423, 277.624,278.047,277.623,-14,0,0,1,BE7_270,2023-04-20 12:43:36.291
9116,PSYC-134130,TOTDay1,Experiment, 17,0, 11.jpg,11.jpg,60,0,0.397, 278.413,278.811,278.413,-15,0,0,2,AM11_60,2023-04-20 12:43:37.055
9116,PSYC-134130,TOTDay1,Experiment, 18,0, 3.jpg,3.jpg,240,0,0.419, 279.41,279.829,279.409,-16,0,0,3,BH3_240,2023-04-20 12:43:38.073
9117,PSYC-132589,TOTDay1,Training, 1,0, 2.jpg,2.jpg,90,180,9.244, 171.73,180.973,171.729,-1,0,0,1,PE2_90,2023-04-20 15:19:48.743
9117,PSYC-132589,TOTDay1,Training, 2,1, 2.jpg,2.jpg,180,180,11.018, 187.085,198.103,187.084,0,0,0,1,PE2_180,2023-04-20 15:20:05.871
9117,PSYC-132589,TOTDay1,Training, 3,0, 2.jpg,2.jpg,60,150,5.716, 199.119,204.834,199.118,-1,0,0,2,PM2_60,2023-04-20 15:20:12.602
9117,PSYC-132589,TOTDay1,Training, 4,1, 2.jpg,2.jpg,30,30,9.852, 210.479,220.331,210.478,0,0,0,2,PM2_30,2023-04-20 15:20:28.098
9117,PSYC-132589,TOTDay1,Training, 5,0, 2.jpg,2.jpg,210,240,14.203, 221.709,235.912,221.709,-1,0,0,3,PH2_210,2023-04-20 15:20:43.680
9117,PSYC-132589,TOTDay1,Training, 6,1, 2.jpg,2.jpg,120,120,24.914, 244.328,269.242,244.328,0,0,0,3,PH2_120,2023-04-20 15:21:17.010
9117,PSYC-132589,TOTDay1,Training, 7,1, 2.jpg,2.jpg,0,0,3.665, 270.127,273.792,270.126,1,0,0,1,PE2_0,2023-04-20 15:21:21.560
9117,PSYC-132589,TOTDay1,Training, 8,0, 2.jpg,2.jpg,240,330,7.482, 274.403,281.885,274.402,0,0,0,3,PH2_240,2023-04-20 15:21:29.653
9117,PSYC-132589,TOTDay1,Training, 9,1, 2.jpg,2.jpg,330,330,3.761, 284.549,288.31,284.548,1,0,0,2,PM2_330,2023-04-20 15:21:36.077
9117,PSYC-132589,TOTDay1,Training, 10,1, 2.jpg,2.jpg,150,150,13.364, 289.641,303.005,289.64,2,0,0,3,PH2_150,2023-04-20 15:21:50.772
9117,PSYC-132589,TOTDay1,Training, 11,0, 2.jpg,2.jpg,300,330,10.418, 304.421,314.839,304.42,1,0,0,2,PM2_300,2023-04-20 15:22:02.607
9117,PSYC-132589,TOTDay1,Training, 12,1, 2.jpg,2.jpg,270,270,5.419, 316.873,322.292,316.872,2,0,0,1,PE2_270,2023-04-20 15:22:10.059
9117,PSYC-132589,TOTDay1,Experiment, 1,0, 8.jpg,8.jpg,210,120,33.826, 325.946,359.772,323.562,-1,0,0,3,AH8_210,2023-04-20 15:22:47.539
9117,PSYC-132589,TOTDay1,Experiment, 2,0, 6.jpg,6.jpg,90,300,32.577, 362.151,394.728,362.151,-2,0,0,1,BE6_90,2023-04-20 15:23:22.496
9117,PSYC-132589,TOTDay1,Experiment, 3,0, 6.jpg,6.jpg,30,60,10.97, 396.686,407.657,396.686,-3,0,0,2,AM6_30,2023-04-20 15:23:35.424
9117,PSYC-132589,TOTDay1,Experiment, 4,0, 3.jpg,3.jpg,240,300,21.571, 409.847,431.418,409.846,-4,0,0,3,BH3_240,2023-04-20 15:23:59.186
9117,PSYC-132589,TOTDay1,Experiment, 5,1, 11.jpg,11.jpg,180,180,9.417, 433.343,442.76,433.342,-3,0,0,1,BE11_180,2023-04-20 15:24:10.527
9117,PSYC-132589,TOTDay1,Experiment, 6,1, 7.jpg,7.jpg,330,330,7.631, 443.947,451.578,443.946,-2,0,0,2,AM7_330,2023-04-20 15:24:19.345
9117,PSYC-132589,TOTDay1,Experiment, 7,0, 1.jpg,1.jpg,150,210,13.346, 452.725,466.07,452.724,-3,0,0,3,BH1_150,2023-04-20 15:24:33.838
9117,PSYC-132589,TOTDay1,Experiment, 8,1, 11.jpg,11.jpg,60,60,14.571, 468.025,482.596,468.024,-2,0,0,2,AM11_60,2023-04-20 15:24:50.364
9117,PSYC-132589,TOTDay1,Experiment, 9,1, 1.jpg,1.jpg,270,270,8.362, 484.064,492.427,484.064,-1,0,0,1,AE1_270,2023-04-20 15:25:00.193
9117,PSYC-132589,TOTDay1,Experiment, 10,0, 10.jpg,10.jpg,150,120,10.243, 493.512,503.756,493.512,-2,0,0,3,AH10_150,2023-04-20 15:25:11.523
9117,PSYC-132589,TOTDay1,Experiment, 11,1, 7.jpg,7.jpg,270,270,15.837, 505.701,521.539,505.701,-1,0,0,1,BE7_270,2023-04-20 15:25:29.306
9117,PSYC-132589,TOTDay1,Experiment, 12,1, 10.jpg,10.jpg,60,60,12.213, 522.083,534.296,522.082,0,0,0,2,BM10_60,2023-04-20 15:25:42.063
9117,PSYC-132589,TOTDay1,Experiment, 13,0, 3.jpg,3.jpg,90,270,22.1, 535.395,557.496,535.395,-1,0,0,1,AE3_90,2023-04-20 15:26:05.264
9117,PSYC-132589,TOTDay1,Experiment, 14,0, 9.jpg,9.jpg,240,60,19.779, 558.287,578.067,558.286,-2,0,0,3,AH9_240,2023-04-20 15:26:25.834
9117,PSYC-132589,TOTDay1,Experiment, 15,0, 8.jpg,8.jpg,330,60,12.396, 578.819,591.216,578.819,-3,0,0,2,BM8_330,2023-04-20 15:26:38.983
9117,PSYC-132589,TOTDay1,Experiment, 16,0, 4.jpg,4.jpg,210,240,11.588, 592.191,603.779,592.19,-4,0,0,3,BH4_210,2023-04-20 15:26:51.546
9117,PSYC-132589,TOTDay1,Experiment, 17,0, 9.jpg,9.jpg,30,60,13.249, 604.463,617.712,604.462,-5,0,0,2,BM9_30,2023-04-20 15:27:05.479
9117,PSYC-132589,TOTDay1,Experiment, 18,1, 4.jpg,4.jpg,180,180,17.84, 618.242,636.082,618.241,-4,0,0,1,AE4_180,2023-04-20 15:27:23.849
9118,PSYC-134128,TOTDay1,Training, 1,1, 2.jpg,2.jpg,90,90,9.65, 69.718,79.361,69.717,1,0,0,1,PE2_90,2023-04-20 15:26:04.043
9118,PSYC-134128,TOTDay1,Training, 2,1, 2.jpg,2.jpg,180,180,5.967, 80.72,86.688,80.72,2,0,0,1,PE2_180,2023-04-20 15:26:11.363
9118,PSYC-134128,TOTDay1,Training, 3,0, 2.jpg,2.jpg,60,210,13.723, 88.403,102.126,88.403,1,0,0,2,PM2_60,2023-04-20 15:26:26.802
9118,PSYC-134128,TOTDay1,Training, 4,0, 2.jpg,2.jpg,30,330,10.263, 107.569,117.832,107.569,0,0,0,2,PM2_30,2023-04-20 15:26:42.507
9118,PSYC-134128,TOTDay1,Training, 5,0, 2.jpg,2.jpg,210,330,5.981, 119.846,125.828,119.846,-1,0,0,3,PH2_210,2023-04-20 15:26:50.503
9118,PSYC-134128,TOTDay1,Training, 6,0, 2.jpg,2.jpg,120,150,10.751, 132.637,143.388,132.636,-2,0,0,3,PH2_120,2023-04-20 15:27:08.063
9118,PSYC-134128,TOTDay1,Training, 7,1, 2.jpg,2.jpg,0,0,3.555, 149.655,153.21,149.654,-1,0,0,1,PE2_0,2023-04-20 15:27:17.886
9118,PSYC-134128,TOTDay1,Training, 8,1, 2.jpg,2.jpg,240,240,11.485, 154.632,166.118,154.632,0,0,0,3,PH2_240,2023-04-20 15:27:30.793
9118,PSYC-134128,TOTDay1,Training, 9,1, 2.jpg,2.jpg,330,330,12.641, 167.234,179.876,167.234,1,0,0,2,PM2_330,2023-04-20 15:27:44.552
9118,PSYC-134128,TOTDay1,Training, 10,1, 2.jpg,2.jpg,150,150,15.763, 180.911,196.674,180.911,2,0,0,3,PH2_150,2023-04-20 15:28:01.350
9118,PSYC-134128,TOTDay1,Training, 11,0, 2.jpg,2.jpg,300,240,8.621, 197.546,206.168,197.546,1,0,0,2,PM2_300,2023-04-20 15:28:10.843
9118,PSYC-134128,TOTDay1,Training, 12,1, 2.jpg,2.jpg,270,270,9.251, 207.054,216.306,207.054,2,0,0,1,PE2_270,2023-04-20 15:28:20.982
9118,PSYC-134128,TOTDay1,Experiment, 1,1, 11.jpg,11.jpg,180,180,6.255, 219.103,225.358,216.881,1,0,0,1,BE11_180,2023-04-20 15:28:30.034
9118,PSYC-134128,TOTDay1,Experiment, 2,1, 10.jpg,10.jpg,60,60,9.067, 226.253,235.32,226.253,2,0,0,2,BM10_60,2023-04-20 15:28:39.996
9118,PSYC-134128,TOTDay1,Experiment, 3,1, 8.jpg,8.jpg,210,210,15.038, 236.8,251.838,236.8,3,0,0,3,AH8_210,2023-04-20 15:28:56.515
9118,PSYC-134128,TOTDay1,Experiment, 4,1, 6.jpg,6.jpg,90,90,21.201, 252.561,273.762,252.561,4,0,0,1,BE6_90,2023-04-20 15:29:18.438
9118,PSYC-134128,TOTDay1,Experiment, 5,1, 11.jpg,11.jpg,60,60,18.035, 274.473,292.508,274.472,5,0,0,2,AM11_60,2023-04-20 15:29:37.184
9118,PSYC-134128,TOTDay1,Experiment, 6,1, 1.jpg,1.jpg,150,150,18.4, 293.276,311.676,293.276,6,0,0,3,BH1_150,2023-04-20 15:29:56.352
9118,PSYC-134128,TOTDay1,Experiment, 7,1, 1.jpg,1.jpg,270,270,4.89, 312.242,317.132,312.242,7,0,0,1,AE1_270,2023-04-20 15:30:01.809
9118,PSYC-134128,TOTDay1,Experiment, 8,1, 6.jpg,6.jpg,30,30,5.725, 317.539,323.264,317.538,8,0,0,2,AM6_30,2023-04-20 15:30:07.940
9118,PSYC-134128,TOTDay1,Experiment, 9,0, 10.jpg,10.jpg,150,240,27.014, 323.776,350.79,323.776,7,0,0,3,AH10_150,2023-04-20 15:30:35.467
9118,PSYC-134128,TOTDay1,Experiment, 10,1, 7.jpg,7.jpg,330,330,5.913, 351.341,357.254,351.34,8,0,0,2,AM7_330,2023-04-20 15:30:41.930
9118,PSYC-134128,TOTDay1,Experiment, 11,1, 3.jpg,3.jpg,90,90,8.08, 357.844,365.924,357.844,9,0,0,1,AE3_90,2023-04-20 15:30:50.601
9118,PSYC-134128,TOTDay1,Experiment, 12,1, 9.jpg,9.jpg,240,240,10.318, 366.37,376.688,366.37,10,0,0,3,AH9_240,2023-04-20 15:31:01.365
9118,PSYC-134128,TOTDay1,Experiment, 13,0, 3.jpg,3.jpg,240,210,15.145, 377.231,392.376,377.23,9,0,0,3,BH3_240,2023-04-20 15:31:17.052
9118,PSYC-134128,TOTDay1,Experiment, 14,1, 8.jpg,8.jpg,330,330,9.915, 392.918,402.834,392.918,10,0,0,2,BM8_330,2023-04-20 15:31:27.511
9118,PSYC-134128,TOTDay1,Experiment, 15,1, 4.jpg,4.jpg,180,180,6.655, 403.448,410.104,403.448,11,0,0,1,AE4_180,2023-04-20 15:31:34.781
9118,PSYC-134128,TOTDay1,Experiment, 16,1, 7.jpg,7.jpg,270,270,9.923, 410.614,420.538,410.614,12,0,0,1,BE7_270,2023-04-20 15:31:45.214
9118,PSYC-134128,TOTDay1,Experiment, 17,1, 4.jpg,4.jpg,210,210,8.583, 421.026,429.61,421.026,13,0,0,3,BH4_210,2023-04-20 15:31:54.287
9118,PSYC-134128,TOTDay1,Experiment, 18,0, 9.jpg,9.jpg,30,150,7.645, 430.175,437.82,430.175,12,0,0,2,BM9_30,2023-04-20 15:32:02.497
9123,PSYC-134128,TOTDay1,Training, 1,1, 2.jpg,2.jpg,90,90,5.601, 16.741,22.34,16.74,1,0,0,1,PE2_90,2023-04-21 12:19:58.345
9123,PSYC-134128,TOTDay1,Training, 2,1, 2.jpg,2.jpg,180,180,5.448, 26.295,31.743,26.295,2,0,0,1,PE2_180,2023-04-21 12:20:07.746
9123,PSYC-134128,TOTDay1,Training, 3,0, 2.jpg,2.jpg,60,120,4.341, 35.755,40.097,35.755,1,0,0,2,PM2_60,2023-04-21 12:20:16.100
9123,PSYC-134128,TOTDay1,Training, 4,1, 2.jpg,2.jpg,30,30,3.239, 43.883,47.123,43.883,2,0,0,2,PM2_30,2023-04-21 12:20:23.126
9123,PSYC-134128,TOTDay1,Training, 5,0, 2.jpg,2.jpg,210,330,3.526, 50.283,53.809,50.283,1,0,0,3,PH2_210,2023-04-21 12:20:29.812
9123,PSYC-134128,TOTDay1,Training, 6,0, 2.jpg,2.jpg,120,60,5.89, 60.765,66.655,60.764,0,0,0,3,PH2_120,2023-04-21 12:20:42.658
9123,PSYC-134128,TOTDay1,Training, 7,1, 2.jpg,2.jpg,0,0,3.421, 72.661,76.083,72.661,1,0,0,1,PE2_0,2023-04-21 12:20:52.085
9123,PSYC-134128,TOTDay1,Training, 8,1, 2.jpg,2.jpg,240,240,7.791, 76.723,84.515,76.723,2,0,0,3,PH2_240,2023-04-21 12:21:00.517
9123,PSYC-134128,TOTDay1,Training, 9,0, 2.jpg,2.jpg,330,30,7.784, 87.566,95.351,87.566,1,0,0,2,PM2_330,2023-04-21 12:21:11.354
9123,PSYC-134128,TOTDay1,Training, 10,1, 2.jpg,2.jpg,150,150,11.219, 97.3,108.519,97.299,2,0,0,3,PH2_150,2023-04-21 12:21:24.522
9123,PSYC-134128,TOTDay1,Training, 11,0, 2.jpg,2.jpg,300,330,6.852, 109.548,116.4,109.547,1,0,0,2,PM2_300,2023-04-21 12:21:32.403
9123,PSYC-134128,TOTDay1,Training, 12,1, 2.jpg,2.jpg,270,270,2.861, 117.279,120.14,117.278,2,0,0,1,PE2_270,2023-04-21 12:21:36.144
9123,PSYC-134128,TOTDay1,Experiment, 1,0, 1.jpg,1.jpg,150,30,6.114, 122.988,129.103,120.871,-1,0,0,3,BH1_150,2023-04-21 12:21:45.106
9123,PSYC-134128,TOTDay1,Experiment, 2,0, 11.jpg,11.jpg,60,240,11.86, 129.979,141.839,129.978,-2,0,0,2,AM11_60,2023-04-21 12:21:57.842
9123,PSYC-134128,TOTDay1,Experiment, 3,0, 7.jpg,7.jpg,270,180,7.287, 142.385,149.673,142.385,-3,0,0,1,BE7_270,2023-04-21 12:22:05.676
9123,PSYC-134128,TOTDay1,Experiment, 4,0, 8.jpg,8.jpg,210,30,10.613, 150.153,160.767,150.153,-4,0,0,3,AH8_210,2023-04-21 12:22:16.770
9123,PSYC-134128,TOTDay1,Experiment, 5,1, 4.jpg,4.jpg,180,180,4.976, 161.271,166.247,161.27,-3,0,0,1,AE4_180,2023-04-21 12:22:22.250
9123,PSYC-134128,TOTDay1,Experiment, 6,0, 8.jpg,8.jpg,330,270,3.115, 166.965,170.08,166.965,-4,0,0,2,BM8_330,2023-04-21 12:22:26.083
9123,PSYC-134128,TOTDay1,Experiment, 7,0, 10.jpg,10.jpg,150,60,8.928, 170.552,179.48,170.551,-5,0,0,3,AH10_150,2023-04-21 12:22:35.484
9123,PSYC-134128,TOTDay1,Experiment, 8,0, 10.jpg,10.jpg,60,30,9.645, 179.973,189.619,179.973,-6,0,0,2,BM10_60,2023-04-21 12:22:45.622
9123,PSYC-134128,TOTDay1,Experiment, 9,0, 3.jpg,3.jpg,90,180,5.16, 190.078,195.239,190.078,-7,0,0,1,AE3_90,2023-04-21 12:22:51.242
9123,PSYC-134128,TOTDay1,Experiment, 10,1, 11.jpg,11.jpg,180,180,5.988, 195.674,201.662,195.673,-6,0,0,1,BE11_180,2023-04-21 12:22:57.665
9123,PSYC-134128,TOTDay1,Experiment, 11,0, 3.jpg,3.jpg,240,330,4.647, 202.155,206.803,202.155,-7,0,0,3,BH3_240,2023-04-21 12:23:02.806
9123,PSYC-134128,TOTDay1,Experiment, 12,0, 6.jpg,6.jpg,30,150,2.515, 207.255,209.77,207.254,-8,0,0,2,AM6_30,2023-04-21 12:23:05.773
9123,PSYC-134128,TOTDay1,Experiment, 13,0, 6.jpg,6.jpg,90,60,6.337, 210.325,216.662,210.325,-9,0,0,1,BE6_90,2023-04-21 12:23:12.665
9123,PSYC-134128,TOTDay1,Experiment, 14,0, 9.jpg,9.jpg,240,330,5.05, 217.115,222.165,217.115,-10,0,0,3,AH9_240,2023-04-21 12:23:18.169
9123,PSYC-134128,TOTDay1,Experiment, 15,1, 7.jpg,7.jpg,330,330,9.318, 222.608,231.927,222.607,-9,0,0,2,AM7_330,2023-04-21 12:23:27.930
9123,PSYC-134128,TOTDay1,Experiment, 16,0, 4.jpg,4.jpg,210,150,4.522, 232.455,236.977,232.455,-10,0,0,3,BH4_210,2023-04-21 12:23:32.980
9123,PSYC-134128,TOTDay1,Experiment, 17,1, 1.jpg,1.jpg,270,270,6.094, 237.403,243.497,237.403,-9,0,0,1,AE1_270,2023-04-21 12:23:39.500
9123,PSYC-134128,TOTDay1,Experiment, 18,1, 9.jpg,9.jpg,30,30,4.467, 243.907,248.374,243.906,-8,0,0,2,BM9_30,2023-04-21 12:23:44.377
9124,PSYC-134128,TOTDay1,Training, 1,0, 2.jpg,2.jpg,90,270,20.549, 194.698,215.246,194.697,-1,0,0,1,PE2_90,2023-04-21 15:25:15.099
9124,PSYC-134128,TOTDay1,Training, 2,1, 2.jpg,2.jpg,180,180,14.084, 220.89,234.974,220.89,0,0,0,1,PE2_180,2023-04-21 15:25:34.825
9124,PSYC-134128,TOTDay1,Training, 3,0, 2.jpg,2.jpg,60,90,21.205, 236.778,257.983,236.778,-1,0,0,2,PM2_60,2023-04-21 15:25:57.835
9124,PSYC-134128,TOTDay1,Training, 4,0, 2.jpg,2.jpg,30,150,11.862, 263.548,275.41,263.548,-2,0,0,2,PM2_30,2023-04-21 15:26:15.261
9124,PSYC-134128,TOTDay1,Training, 5,1, 2.jpg,2.jpg,210,210,26.746, 283.812,310.558,283.811,-1,0,0,3,PH2_210,2023-04-21 15:26:50.408
9124,PSYC-134128,TOTDay1,Training, 6,0, 2.jpg,2.jpg,120,30,28.479, 312.912,341.391,312.912,-2,0,0,3,PH2_120,2023-04-21 15:27:21.242
9124,PSYC-134128,TOTDay1,Training, 7,1, 2.jpg,2.jpg,0,0,8.045, 348.724,356.769,348.724,-1,0,0,1,PE2_0,2023-04-21 15:27:36.619
9124,PSYC-134128,TOTDay1,Training, 8,0, 2.jpg,2.jpg,240,300,16.555, 359.382,375.938,359.381,-2,0,0,3,PH2_240,2023-04-21 15:27:55.788
9124,PSYC-134128,TOTDay1,Training, 9,0, 2.jpg,2.jpg,330,210,13.751, 378.012,391.763,378.011,-3,0,0,2,PM2_330,2023-04-21 15:28:11.614
9124,PSYC-134128,TOTDay1,Training, 10,0, 2.jpg,2.jpg,150,30,8.737, 396.186,404.924,396.186,-4,0,0,3,PH2_150,2023-04-21 15:28:24.773
9124,PSYC-134128,TOTDay1,Training, 11,1, 2.jpg,2.jpg,300,300,8.695, 411.4,420.095,411.399,-3,0,0,2,PM2_300,2023-04-21 15:28:39.946
9124,PSYC-134128,TOTDay1,Training, 12,1, 2.jpg,2.jpg,270,270,4.711, 421.573,426.284,421.572,-2,0,0,1,PE2_270,2023-04-21 15:28:46.134
9124,PSYC-134128,TOTDay1,Experiment, 1,0, 1.jpg,1.jpg,270,300,4.861, 430.564,435.425,426.983,-1,0,0,1,AE1_270,2023-04-21 15:28:55.275
9124,PSYC-134128,TOTDay1,Experiment, 2,0, 10.jpg,10.jpg,150,120,6.255, 438.444,444.699,438.444,-2,0,0,3,AH10_150,2023-04-21 15:29:04.549
9124,PSYC-134128,TOTDay1,Experiment, 3,1, 10.jpg,10.jpg,60,60,12.809, 451.356,464.165,451.355,-1,0,0,2,BM10_60,2023-04-21 15:29:24.016
9124,PSYC-134128,TOTDay1,Experiment, 4,0, 1.jpg,1.jpg,150,90,5.356, 465.508,470.864,465.507,-2,0,0,3,BH1_150,2023-04-21 15:29:30.714
9124,PSYC-134128,TOTDay1,Experiment, 5,1, 4.jpg,4.jpg,180,180,20.2, 471.867,492.068,471.867,-1,0,0,1,AE4_180,2023-04-21 15:29:51.918
9124,PSYC-134128,TOTDay1,Experiment, 6,0, 11.jpg,11.jpg,60,90,10.331, 492.843,503.175,492.843,-2,0,0,2,AM11_60,2023-04-21 15:30:03.025
9124,PSYC-134128,TOTDay1,Experiment, 7,0, 3.jpg,3.jpg,240,60,6.815, 503.742,510.557,503.742,-3,0,0,3,BH3_240,2023-04-21 15:30:10.407
9124,PSYC-134128,TOTDay1,Experiment, 8,0, 7.jpg,7.jpg,270,60,8.883, 511.226,520.109,511.225,-4,0,0,1,BE7_270,2023-04-21 15:30:19.959
9124,PSYC-134128,TOTDay1,Experiment, 9,0, 7.jpg,7.jpg,330,90,6.315, 520.618,526.933,520.617,-5,0,0,2,AM7_330,2023-04-21 15:30:26.783
9124,PSYC-134128,TOTDay1,Experiment, 10,0, 6.jpg,6.jpg,90,210,14.497, 527.402,541.899,527.401,-6,0,0,1,BE6_90,2023-04-21 15:30:41.748
9124,PSYC-134128,TOTDay1,Experiment, 11,0, 4.jpg,4.jpg,210,240,8.628, 542.47,551.098,542.469,-7,0,0,3,BH4_210,2023-04-21 15:30:50.948
9124,PSYC-134128,TOTDay1,Experiment, 12,0, 8.jpg,8.jpg,330,30,8.399, 551.618,560.017,551.617,-8,0,0,2,BM8_330,2023-04-21 15:30:59.866
9124,PSYC-134128,TOTDay1,Experiment, 13,0, 11.jpg,11.jpg,180,90,7.508, 560.541,568.049,560.541,-9,0,0,1,BE11_180,2023-04-21 15:31:07.899
9124,PSYC-134128,TOTDay1,Experiment, 14,0, 9.jpg,9.jpg,30,300,14.031, 568.6,582.631,568.599,-10,0,0,2,BM9_30,2023-04-21 15:31:22.481
9124,PSYC-134128,TOTDay1,Experiment, 15,1, 9.jpg,9.jpg,240,240,14.095, 583.108,597.203,583.107,-9,0,0,3,AH9_240,2023-04-21 15:31:37.053
9124,PSYC-134128,TOTDay1,Experiment, 16,0, 3.jpg,3.jpg,90,180,22.717, 597.57,620.288,597.57,-10,0,0,1,AE3_90,2023-04-21 15:32:00.136
9124,PSYC-134128,TOTDay1,Experiment, 17,0, 6.jpg,6.jpg,30,300,3.33, 620.76,624.09,620.76,-11,0,0,2,AM6_30,2023-04-21 15:32:03.939
9124,PSYC-134128,TOTDay1,Experiment, 18,0, 8.jpg,8.jpg,210,60,3.856, 624.571,628.428,624.571,-12,0,0,3,AH8_210,2023-04-21 15:32:08.277
9128,PSYC-134128,TOTDay1,Training, 1,1, 2.jpg,2.jpg,90,90,11.001, 125.855,136.849,125.853,1,0,0,1,PE2_90,2023-07-05 15:50:08.346
9128,PSYC-134128,TOTDay1,Training, 2,1, 2.jpg,2.jpg,180,180,4.068, 139.654,143.721,139.653,2,0,0,1,PE2_180,2023-07-05 15:50:15.212
9128,PSYC-134128,TOTDay1,Training, 3,1, 2.jpg,2.jpg,60,60,4.781, 147.761,152.542,147.76,3,0,0,2,PM2_60,2023-07-05 15:50:24.033
9128,PSYC-134128,TOTDay1,Training, 4,0, 2.jpg,2.jpg,30,330,5.038, 157.005,162.044,157.005,2,0,0,2,PM2_30,2023-07-05 15:50:33.534
9128,PSYC-134128,TOTDay1,Training, 5,1, 2.jpg,2.jpg,210,210,5.833, 169.275,175.109,169.275,3,0,0,3,PH2_210,2023-07-05 15:50:46.599
9128,PSYC-134128,TOTDay1,Training, 6,0, 2.jpg,2.jpg,120,150,6.536, 178.061,184.597,178.06,2,0,0,3,PH2_120,2023-07-05 15:50:56.088
9128,PSYC-134128,TOTDay1,Training, 7,1, 2.jpg,2.jpg,0,0,6.68, 190.249,196.928,190.248,3,0,0,1,PE2_0,2023-07-05 15:51:08.419
9128,PSYC-134128,TOTDay1,Training, 8,0, 2.jpg,2.jpg,240,210,5.915, 197.723,203.638,197.722,2,0,0,3,PH2_240,2023-07-05 15:51:15.129
9128,PSYC-134128,TOTDay1,Training, 9,0, 2.jpg,2.jpg,330,30,4.788, 204.577,209.365,204.576,1,0,0,2,PM2_330,2023-07-05 15:51:20.856
9128,PSYC-134128,TOTDay1,Training, 10,0, 2.jpg,2.jpg,150,210,4.325, 210.619,214.945,210.619,0,0,0,3,PH2_150,2023-07-05 15:51:26.435
9128,PSYC-134128,TOTDay1,Training, 11,0, 2.jpg,2.jpg,300,30,7.334, 216.089,223.422,216.089,-1,0,0,2,PM2_300,2023-07-05 15:51:34.913
9128,PSYC-134128,TOTDay1,Training, 12,1, 2.jpg,2.jpg,270,270,7.535, 225.638,233.173,225.637,0,0,0,1,PE2_270,2023-07-05 15:51:44.663
9128,PSYC-134128,TOTDay1,Experiment, 1,0, 8.jpg,8.jpg,210,240,11.696, 236.64,248.336,234.435,-1,0,0,3,AH8_210,2023-07-05 15:51:59.827
9128,PSYC-134128,TOTDay1,Experiment, 2,0, 7.jpg,7.jpg,330,60,11.248, 250.275,261.523,250.274,-2,0,0,2,AM7_330,2023-07-05 15:52:13.013
9128,PSYC-134128,TOTDay1,Experiment, 3,0, 4.jpg,4.jpg,180,0,7.046, 262.04,269.087,262.039,-3,0,0,1,AE4_180,2023-07-05 15:52:20.577
9128,PSYC-134128,TOTDay1,Experiment, 4,0, 9.jpg,9.jpg,240,60,4.27, 269.677,273.947,269.677,-4,0,0,3,AH9_240,2023-07-05 15:52:25.438
9128,PSYC-134128,TOTDay1,Experiment, 5,0, 8.jpg,8.jpg,330,180,5.667, 275.241,280.908,275.24,-5,0,0,2,BM8_330,2023-07-05 15:52:32.399
9128,PSYC-134128,TOTDay1,Experiment, 6,0, 6.jpg,6.jpg,90,330,3.926, 281.409,285.335,281.408,-6,0,0,1,BE6_90,2023-07-05 15:52:36.825
9128,PSYC-134128,TOTDay1,Experiment, 7,0, 4.jpg,4.jpg,210,300,9.819, 286.487,296.306,286.486,-7,0,0,3,BH4_210,2023-07-05 15:52:47.797
9128,PSYC-134128,TOTDay1,Experiment, 8,0, 11.jpg,11.jpg,60,90,2.445, 296.913,299.359,296.913,-8,0,0,2,AM11_60,2023-07-05 15:52:50.849
9128,PSYC-134128,TOTDay1,Experiment, 9,0, 3.jpg,3.jpg,90,150,2.875, 299.808,302.683,299.807,-9,0,0,1,AE3_90,2023-07-05 15:52:54.173
9128,PSYC-134128,TOTDay1,Experiment, 10,0, 3.jpg,3.jpg,240,330,4.096, 303.144,307.24,303.143,-10,0,0,3,BH3_240,2023-07-05 15:52:58.730
9128,PSYC-134128,TOTDay1,Experiment, 11,0, 7.jpg,7.jpg,270,60,1.762, 307.701,309.463,307.701,-11,0,0,1,BE7_270,2023-07-05 15:53:00.954
9128,PSYC-134128,TOTDay1,Experiment, 12,0, 9.jpg,9.jpg,30,210,2.74, 310.222,312.963,310.221,-12,0,0,2,BM9_30,2023-07-05 15:53:04.453
9128,PSYC-134128,TOTDay1,Experiment, 13,0, 1.jpg,1.jpg,270,180,6.527, 313.866,320.394,313.865,-13,0,0,1,AE1_270,2023-07-05 15:53:11.884
9128,PSYC-134128,TOTDay1,Experiment, 14,1, 10.jpg,10.jpg,60,60,3.225, 320.927,324.152,320.926,-12,0,0,2,BM10_60,2023-07-05 15:53:15.642
9128,PSYC-134128,TOTDay1,Experiment, 15,0, 10.jpg,10.jpg,150,210,6.133, 325.31,331.443,325.309,-13,0,0,3,AH10_150,2023-07-05 15:53:22.933
9128,PSYC-134128,TOTDay1,Experiment, 16,0, 1.jpg,1.jpg,150,0,4.077, 331.958,336.035,331.957,-14,0,0,3,BH1_150,2023-07-05 15:53:27.525
9128,PSYC-134128,TOTDay1,Experiment, 17,0, 6.jpg,6.jpg,30,150,7.963, 336.547,344.51,336.547,-15,0,0,2,AM6_30,2023-07-05 15:53:36.000
9128,PSYC-134128,TOTDay1,Experiment, 18,0, 11.jpg,11.jpg,180,270,2.983, 344.969,347.952,344.968,-16,0,0,1,BE11_180,2023-07-05 15:53:39.442
9132,PSYC-134128,TOTDay1,Training, 1,1, 2.jpg,2.jpg,90,90,17.077, 398.595,415.67,398.594,1,0,0,1,PE2_90,2023-07-07 15:34:00.164
9132,PSYC-134128,TOTDay1,Training, 2,1, 2.jpg,2.jpg,180,180,11.603, 418.287,429.89,418.286,2,0,0,1,PE2_180,2023-07-07 15:34:14.382
9132,PSYC-134128,TOTDay1,Training, 3,0, 2.jpg,2.jpg,60,270,15.834, 431.391,447.224,431.39,1,0,0,2,PM2_60,2023-07-07 15:34:31.716
9132,PSYC-134128,TOTDay1,Training, 4,0, 2.jpg,2.jpg,30,210,31.287, 459.745,491.032,459.745,0,0,0,2,PM2_30,2023-07-07 15:35:15.524
9132,PSYC-134128,TOTDay1,Training, 5,1, 2.jpg,2.jpg,210,210,29.154, 502.852,532.006,502.852,1,0,0,3,PH2_210,2023-07-07 15:35:56.498
9132,PSYC-134128,TOTDay1,Training, 6,0, 2.jpg,2.jpg,120,60,26.197, 535.153,561.35,535.152,0,0,0,3,PH2_120,2023-07-07 15:36:25.842
9132,PSYC-134128,TOTDay1,Training, 7,1, 2.jpg,2.jpg,0,0,8.321, 572.545,580.866,572.544,1,0,0,1,PE2_0,2023-07-07 15:36:45.358
9132,PSYC-134128,TOTDay1,Training, 8,0, 2.jpg,2.jpg,240,120,26.661, 581.691,608.352,581.69,0,0,0,3,PH2_240,2023-07-07 15:37:12.844
9132,PSYC-134128,TOTDay1,Training, 9,0, 2.jpg,2.jpg,330,30,13.993, 613.121,627.114,613.121,-1,0,0,2,PM2_330,2023-07-07 15:37:31.607
9132,PSYC-134128,TOTDay1,Training, 10,0, 2.jpg,2.jpg,150,-1,36.107, 640.184,676.292,640.184,-2,0,0,3,PH2_150,2023-07-07 15:38:20.787
9132,PSYC-134128,TOTDay1,Training, 11,0, 2.jpg,2.jpg,300,60,23.621, 676.918,700.54,676.918,-3,0,0,2,PM2_300,2023-07-07 15:38:45.036
9132,PSYC-134128,TOTDay1,Training, 12,1, 2.jpg,2.jpg,270,270,15.639, 708.68,724.32,708.68,-2,0,0,1,PE2_270,2023-07-07 15:39:08.818
9132,PSYC-134128,TOTDay1,Experiment, 1,1, 7.jpg,7.jpg,270,270,13.795, 727.969,741.764,725.554,1,0,0,1,BE7_270,2023-07-07 15:39:26.263
9132,PSYC-134128,TOTDay1,Experiment, 2,0, 10.jpg,10.jpg,150,210,31.669, 742.565,774.234,742.564,0,0,0,3,AH10_150,2023-07-07 15:39:58.736
9132,PSYC-134128,TOTDay1,Experiment, 3,1, 9.jpg,9.jpg,30,30,10.281, 777.275,787.556,777.274,1,0,0,2,BM9_30,2023-07-07 15:40:12.059
9132,PSYC-134128,TOTDay1,Experiment, 4,0, 6.jpg,6.jpg,30,60,35.156, 788.396,823.552,788.396,0,0,0,2,AM6_30,2023-07-07 15:40:48.057
9132,PSYC-134128,TOTDay1,Experiment, 5,0, 3.jpg,3.jpg,90,-1,36.11, 824.583,860.694,824.582,-1,0,0,1,AE3_90,2023-07-07 15:41:25.201
9132,PSYC-134128,TOTDay1,Experiment, 6,0, 1.jpg,1.jpg,150,90,4.285, 862.66,866.945,862.659,-2,0,0,3,BH1_150,2023-07-07 15:41:31.454
9132,PSYC-134128,TOTDay1,Experiment, 7,0, 8.jpg,8.jpg,330,30,2.841, 869.724,872.565,869.724,-3,0,0,2,BM8_330,2023-07-07 15:41:37.074
9132,PSYC-134128,TOTDay1,Experiment, 8,1, 11.jpg,11.jpg,180,180,6.346, 873.006,879.352,873.006,-2,0,0,1,BE11_180,2023-07-07 15:41:43.862
9132,PSYC-134128,TOTDay1,Experiment, 9,1, 3.jpg,3.jpg,240,240,29.093, 880.07,909.164,880.07,-1,0,0,3,BH3_240,2023-07-07 15:42:13.675
9132,PSYC-134128,TOTDay1,Experiment, 10,1, 7.jpg,7.jpg,330,330,20.211, 910.15,930.362,910.15,0,0,0,2,AM7_330,2023-07-07 15:42:34.875
9132,PSYC-134128,TOTDay1,Experiment, 11,0, 6.jpg,6.jpg,90,150,24.593, 930.954,955.548,930.954,-1,0,0,1,BE6_90,2023-07-07 15:43:00.062
9132,PSYC-134128,TOTDay1,Experiment, 12,0, 8.jpg,8.jpg,210,240,34.105, 956.251,990.356,956.25,-2,0,0,3,AH8_210,2023-07-07 15:43:34.870
9132,PSYC-134128,TOTDay1,Experiment, 13,0, 9.jpg,9.jpg,240,90,3.043, 991.106,994.15,991.106,-3,0,0,3,AH9_240,2023-07-07 15:43:38.663
9132,PSYC-134128,TOTDay1,Experiment, 14,1, 1.jpg,1.jpg,270,270,13.339, 996.377,1009.716,996.376,-2,0,0,1,AE1_270,2023-07-07 15:43:54.229
9132,PSYC-134128,TOTDay1,Experiment, 15,0, 10.jpg,10.jpg,60,240,29.672, 1010.561,1040.234,1010.561,-3,0,0,2,BM10_60,2023-07-07 15:44:24.748
9132,PSYC-134128,TOTDay1,Experiment, 16,0, 4.jpg,4.jpg,180,210,13.678, 1040.908,1054.586,1040.908,-4,0,0,1,AE4_180,2023-07-07 15:44:39.100
9132,PSYC-134128,TOTDay1,Experiment, 17,1, 4.jpg,4.jpg,210,210,20.972, 1055.242,1076.214,1055.242,-3,0,0,3,BH4_210,2023-07-07 15:45:00.728
9132,PSYC-134128,TOTDay1,Experiment, 18,0, 11.jpg,11.jpg,60,-1,36.069, 1076.832,1112.901,1076.832,-4,0,0,2,AM11_60,2023-07-07 15:45:37.415
9133,PSYC-132589,TOTDay1,Training, 1,0, 2.jpg,2.jpg,90,270,7.842, 61.993,69.828,61.991,-1,0,0,1,PE2_90,2023-07-12 12:23:52.016
9133,PSYC-132589,TOTDay1,Training, 2,1, 2.jpg,2.jpg,180,180,6.599, 76.056,82.655,76.055,0,0,0,1,PE2_180,2023-07-12 12:24:04.836
9133,PSYC-132589,TOTDay1,Training, 3,1, 2.jpg,2.jpg,60,60,13.881, 85.4,99.281,85.399,1,0,0,2,PM2_60,2023-07-12 12:24:21.463
9133,PSYC-132589,TOTDay1,Training, 4,1, 2.jpg,2.jpg,30,30,7.247, 100.058,107.306,100.058,2,0,0,2,PM2_30,2023-07-12 12:24:29.487
9133,PSYC-132589,TOTDay1,Training, 5,1, 2.jpg,2.jpg,210,210,9.409, 107.908,117.317,107.907,3,0,0,3,PH2_210,2023-07-12 12:24:39.498
9133,PSYC-132589,TOTDay1,Training, 6,0, 2.jpg,2.jpg,120,150,5.652, 118.088,123.74,118.088,2,0,0,3,PH2_120,2023-07-12 12:24:45.921
9133,PSYC-132589,TOTDay1,Training, 7,1, 2.jpg,2.jpg,0,0,2.742, 131.921,134.662,131.92,3,0,0,1,PE2_0,2023-07-12 12:24:56.843
9133,PSYC-132589,TOTDay1,Training, 8,1, 2.jpg,2.jpg,240,240,5.083, 135.856,140.94,135.856,4,0,0,3,PH2_240,2023-07-12 12:25:03.121
9133,PSYC-132589,TOTDay1,Training, 9,1, 2.jpg,2.jpg,330,330,5.481, 141.77,147.251,141.77,5,0,0,2,PM2_330,2023-07-12 12:25:09.432
9133,PSYC-132589,TOTDay1,Training, 10,1, 2.jpg,2.jpg,150,150,4.269, 148.194,152.463,148.193,6,0,0,3,PH2_150,2023-07-12 12:25:14.644
9133,PSYC-132589,TOTDay1,Training, 11,1, 2.jpg,2.jpg,300,300,4.471, 153.38,157.852,153.38,7,0,0,2,PM2_300,2023-07-12 12:25:20.032
9133,PSYC-132589,TOTDay1,Training, 12,1, 2.jpg,2.jpg,270,270,4.193, 158.502,162.695,158.501,8,0,0,1,PE2_270,2023-07-12 12:25:24.876
9133,PSYC-132589,TOTDay1,Experiment, 1,1, 7.jpg,7.jpg,330,330,12.165, 166.785,178.949,163.356,1,0,0,2,AM7_330,2023-07-12 12:25:41.130
9133,PSYC-132589,TOTDay1,Experiment, 2,1, 7.jpg,7.jpg,270,270,4.319, 179.498,183.818,179.498,2,0,0,1,BE7_270,2023-07-12 12:25:45.998
9133,PSYC-132589,TOTDay1,Experiment, 3,1, 8.jpg,8.jpg,210,210,13.757, 184.772,198.53,184.772,3,0,0,3,AH8_210,2023-07-12 12:26:00.711
9133,PSYC-132589,TOTDay1,Experiment, 4,1, 9.jpg,9.jpg,30,30,4.726, 199.847,204.574,199.84,4,0,0,2,BM9_30,2023-07-12 12:26:06.753
9133,PSYC-132589,TOTDay1,Experiment, 5,1, 11.jpg,11.jpg,180,180,5.885, 205.078,210.964,205.078,5,0,0,1,BE11_180,2023-07-12 12:26:13.144
9133,PSYC-132589,TOTDay1,Experiment, 6,1, 3.jpg,3.jpg,240,240,7.556, 211.506,219.062,211.506,6,0,0,3,BH3_240,2023-07-12 12:26:21.242
9133,PSYC-132589,TOTDay1,Experiment, 7,1, 10.jpg,10.jpg,150,150,8.311, 219.966,228.277,219.966,7,0,0,3,AH10_150,2023-07-12 12:26:30.457
9133,PSYC-132589,TOTDay1,Experiment, 8,1, 10.jpg,10.jpg,60,60,7.287, 228.88,236.168,228.88,8,0,0,2,BM10_60,2023-07-12 12:26:38.348
9133,PSYC-132589,TOTDay1,Experiment, 9,1, 6.jpg,6.jpg,90,90,11.208, 237.085,248.294,237.084,9,0,0,1,BE6_90,2023-07-12 12:26:50.474
9133,PSYC-132589,TOTDay1,Experiment, 10,1, 4.jpg,4.jpg,210,210,7.554, 248.818,256.372,248.818,10,0,0,3,BH4_210,2023-07-12 12:26:58.553
9133,PSYC-132589,TOTDay1,Experiment, 11,1, 4.jpg,4.jpg,180,180,8.528, 257.39,265.918,257.39,11,0,0,1,AE4_180,2023-07-12 12:27:08.098
9133,PSYC-132589,TOTDay1,Experiment, 12,1, 11.jpg,11.jpg,60,60,16.937, 266.605,283.542,266.604,12,0,0,2,AM11_60,2023-07-12 12:27:25.722
9133,PSYC-132589,TOTDay1,Experiment, 13,1, 1.jpg,1.jpg,150,150,20.385, 284.43,304.816,284.43,13,0,0,3,BH1_150,2023-07-12 12:27:46.995
9133,PSYC-132589,TOTDay1,Experiment, 14,1, 6.jpg,6.jpg,30,30,6.619, 305.48,312.099,305.48,14,0,0,2,AM6_30,2023-07-12 12:27:54.279
9133,PSYC-132589,TOTDay1,Experiment, 15,1, 3.jpg,3.jpg,90,90,6.295, 312.682,318.977,312.681,15,0,0,1,AE3_90,2023-07-12 12:28:01.157
9133,PSYC-132589,TOTDay1,Experiment, 16,1, 8.jpg,8.jpg,330,330,4.72, 320.587,325.307,320.586,16,0,0,2,BM8_330,2023-07-12 12:28:07.487
9133,PSYC-132589,TOTDay1,Experiment, 17,1, 9.jpg,9.jpg,240,240,18.458, 325.962,344.42,325.961,17,0,0,3,AH9_240,2023-07-12 12:28:26.600
9133,PSYC-132589,TOTDay1,Experiment, 18,1, 1.jpg,1.jpg,270,270,6.449, 345.144,351.594,345.144,18,0,0,1,AE1_270,2023-07-12 12:28:33.773
9134,PSYC-134128,TOTDay1,Training, 1,1, 2.jpg,2.jpg,90,90,6.703, 35.711,42.413,35.71,1,0,0,1,PE2_90,2023-07-13 14:24:20.244
9134,PSYC-134128,TOTDay1,Training, 2,0, 2.jpg,2.jpg,180,0,5.679, 45.339,51.019,45.339,0,0,0,1,PE2_180,2023-07-13 14:24:28.848
9134,PSYC-134128,TOTDay1,Training, 3,0, 2.jpg,2.jpg,60,150,12.759, 64.952,77.711,64.951,-1,0,0,2,PM2_60,2023-07-13 14:24:55.541
9134,PSYC-134128,TOTDay1,Training, 4,1, 2.jpg,2.jpg,30,30,4.332, 81.671,86.002,81.67,0,0,0,2,PM2_30,2023-07-13 14:25:03.833
9134,PSYC-134128,TOTDay1,Training, 5,0, 2.jpg,2.jpg,210,330,7.699, 87.531,95.23,87.531,-1,0,0,3,PH2_210,2023-07-13 14:25:13.060
9134,PSYC-134128,TOTDay1,Training, 6,0, 2.jpg,2.jpg,120,330,6.931, 102.721,109.652,102.72,-2,0,0,3,PH2_120,2023-07-13 14:25:27.482
9134,PSYC-134128,TOTDay1,Training, 7,0, 2.jpg,2.jpg,0,180,5.883, 116.377,122.26,116.377,-3,0,0,1,PE2_0,2023-07-13 14:25:40.090
9134,PSYC-134128,TOTDay1,Training, 8,0, 2.jpg,2.jpg,240,210,26.204, 125.131,151.335,125.13,-4,0,0,3,PH2_240,2023-07-13 14:26:09.165
9134,PSYC-134128,TOTDay1,Training, 9,1, 2.jpg,2.jpg,330,330,9.241, 153.367,162.608,153.366,-3,0,0,2,PM2_330,2023-07-13 14:26:20.439
9134,PSYC-134128,TOTDay1,Training, 10,0, 2.jpg,2.jpg,150,210,6.167, 164.203,170.37,164.202,-4,0,0,3,PH2_150,2023-07-13 14:26:28.200
9134,PSYC-134128,TOTDay1,Training, 11,0, 2.jpg,2.jpg,300,330,9.153, 172.879,182.032,172.878,-5,0,0,2,PM2_300,2023-07-13 14:26:39.862
9134,PSYC-134128,TOTDay1,Training, 12,1, 2.jpg,2.jpg,270,270,5.959, 183.819,189.778,183.818,-4,0,0,1,PE2_270,2023-07-13 14:26:47.609
9134,PSYC-134128,TOTDay1,Experiment, 1,0, 1.jpg,1.jpg,270,180,11.874, 193.731,205.605,191.254,-1,0,0,1,AE1_270,2023-07-13 14:27:03.435
9134,PSYC-134128,TOTDay1,Experiment, 2,0, 7.jpg,7.jpg,330,30,4.46, 206.969,211.429,206.968,-2,0,0,2,AM7_330,2023-07-13 14:27:09.259
9134,PSYC-134128,TOTDay1,Experiment, 3,0, 1.jpg,1.jpg,150,90,7.035, 214.745,221.78,214.745,-3,0,0,3,BH1_150,2023-07-13 14:27:19.610
9134,PSYC-134128,TOTDay1,Experiment, 4,0, 3.jpg,3.jpg,240,30,5.114, 223,228.114,222.999,-4,0,0,3,BH3_240,2023-07-13 14:27:25.944
9134,PSYC-134128,TOTDay1,Experiment, 5,0, 6.jpg,6.jpg,30,210,5.183, 231.373,236.556,231.372,-5,0,0,2,AM6_30,2023-07-13 14:27:34.386
9134,PSYC-134128,TOTDay1,Experiment, 6,0, 3.jpg,3.jpg,90,30,9.795, 238.849,248.644,238.848,-6,0,0,1,AE3_90,2023-07-13 14:27:46.474
9134,PSYC-134128,TOTDay1,Experiment, 7,0, 4.jpg,4.jpg,180,210,7.853, 249.587,257.44,249.587,-7,0,0,1,AE4_180,2023-07-13 14:27:55.270
9134,PSYC-134128,TOTDay1,Experiment, 8,0, 8.jpg,8.jpg,330,120,5.491, 258.703,264.194,258.702,-8,0,0,2,BM8_330,2023-07-13 14:28:02.024
9134,PSYC-134128,TOTDay1,Experiment, 9,0, 4.jpg,4.jpg,210,0,7.955, 266.339,274.294,266.339,-9,0,0,3,BH4_210,2023-07-13 14:28:12.125
9134,PSYC-134128,TOTDay1,Experiment, 10,0, 10.jpg,10.jpg,60,120,3.155, 278.141,281.296,278.14,-10,0,0,2,BM10_60,2023-07-13 14:28:19.127
9134,PSYC-134128,TOTDay1,Experiment, 11,0, 8.jpg,8.jpg,210,150,5.275, 283.375,288.65,283.374,-11,0,0,3,AH8_210,2023-07-13 14:28:26.481
9134,PSYC-134128,TOTDay1,Experiment, 12,1, 6.jpg,6.jpg,90,90,6.903, 290.139,297.042,290.138,-10,0,0,1,BE6_90,2023-07-13 14:28:34.872
9134,PSYC-134128,TOTDay1,Experiment, 13,0, 7.jpg,7.jpg,270,90,14.457, 298.945,313.402,298.944,-11,0,0,1,BE7_270,2023-07-13 14:28:51.233
9134,PSYC-134128,TOTDay1,Experiment, 14,0, 9.jpg,9.jpg,240,330,7.682, 314.884,322.566,314.883,-12,0,0,3,AH9_240,2023-07-13 14:29:00.397
9134,PSYC-134128,TOTDay1,Experiment, 15,0, 11.jpg,11.jpg,60,210,8.94, 326.493,335.433,326.492,-13,0,0,2,AM11_60,2023-07-13 14:29:13.264
9134,PSYC-134128,TOTDay1,Experiment, 16,0, 9.jpg,9.jpg,30,210,7.979, 337.665,345.644,337.664,-14,0,0,2,BM9_30,2023-07-13 14:29:23.475
9134,PSYC-134128,TOTDay1,Experiment, 17,0, 11.jpg,11.jpg,180,90,7.665, 346.531,354.196,346.53,-15,0,0,1,BE11_180,2023-07-13 14:29:32.027
9134,PSYC-134128,TOTDay1,Experiment, 18,0, 10.jpg,10.jpg,150,30,5.637, 356.493,362.13,356.492,-16,0,0,3,AH10_150,2023-07-13 14:29:39.960
9130,PSYC-134128,TOTDay1,Training, 1,1, 2.jpg,2.jpg,90,90,8.985, 15.644,24.626,15.643,1,0,0,1,PE2_90,2023-07-14 09:26:56.804
9130,PSYC-134128,TOTDay1,Training, 2,1, 2.jpg,2.jpg,180,180,3.909, 27.61,31.519,27.609,2,0,0,1,PE2_180,2023-07-14 09:27:03.695
9130,PSYC-134128,TOTDay1,Training, 3,0, 2.jpg,2.jpg,60,240,11.291, 33.318,44.609,33.318,1,0,0,2,PM2_60,2023-07-14 09:27:16.786
9130,PSYC-134128,TOTDay1,Training, 4,0, 2.jpg,2.jpg,30,210,11.407, 50.126,61.533,50.126,0,0,0,2,PM2_30,2023-07-14 09:27:33.710
9130,PSYC-134128,TOTDay1,Training, 5,0, 2.jpg,2.jpg,210,0,3.901, 64.088,67.99,64.088,-1,0,0,3,PH2_210,2023-07-14 09:27:40.167
9130,PSYC-134128,TOTDay1,Training, 6,0, 2.jpg,2.jpg,120,270,3.529, 76.202,79.731,76.201,-2,0,0,3,PH2_120,2023-07-14 09:27:51.908
9130,PSYC-134128,TOTDay1,Training, 7,1, 2.jpg,2.jpg,0,0,5.919, 87.352,93.272,87.351,-1,0,0,1,PE2_0,2023-07-14 09:28:05.447
9130,PSYC-134128,TOTDay1,Training, 8,0, 2.jpg,2.jpg,240,90,14.488, 95.026,109.514,95.026,-2,0,0,3,PH2_240,2023-07-14 09:28:21.690
9130,PSYC-134128,TOTDay1,Training, 9,0, 2.jpg,2.jpg,330,300,6.512, 111.274,117.786,111.273,-3,0,0,2,PM2_330,2023-07-14 09:28:29.963
9130,PSYC-134128,TOTDay1,Training, 10,0, 2.jpg,2.jpg,150,30,7.137, 119.614,126.752,119.614,-4,0,0,3,PH2_150,2023-07-14 09:28:38.928
9130,PSYC-134128,TOTDay1,Training, 11,0, 2.jpg,2.jpg,300,270,4.143, 127.896,132.039,127.896,-5,0,0,2,PM2_300,2023-07-14 09:28:44.216
9130,PSYC-134128,TOTDay1,Training, 12,0, 2.jpg,2.jpg,270,300,4.583, 132.643,137.226,132.642,-6,0,0,1,PE2_270,2023-07-14 09:28:49.403
9130,PSYC-134128,TOTDay1,Experiment, 1,1, 10.jpg,10.jpg,60,60,9.842, 139.999,149.841,137.897,1,0,0,2,BM10_60,2023-07-14 09:29:02.018
9130,PSYC-134128,TOTDay1,Experiment, 2,0, 6.jpg,6.jpg,90,180,14.777, 151.584,166.361,151.583,0,0,0,1,BE6_90,2023-07-14 09:29:18.538
9130,PSYC-134128,TOTDay1,Experiment, 3,0, 9.jpg,9.jpg,240,90,23.038, 167.706,190.743,167.705,-1,0,0,3,AH9_240,2023-07-14 09:29:42.920
9130,PSYC-134128,TOTDay1,Experiment, 4,0, 3.jpg,3.jpg,240,150,4.127, 193.556,197.683,193.555,-2,0,0,3,BH3_240,2023-07-14 09:29:49.860
9130,PSYC-134128,TOTDay1,Experiment, 5,0, 3.jpg,3.jpg,90,30,4.869, 198.742,203.611,198.741,-3,0,0,1,AE3_90,2023-07-14 09:29:55.789
9130,PSYC-134128,TOTDay1,Experiment, 6,0, 7.jpg,7.jpg,330,60,3.046, 204.624,207.67,204.624,-4,0,0,2,AM7_330,2023-07-14 09:29:59.847
9130,PSYC-134128,TOTDay1,Experiment, 7,0, 10.jpg,10.jpg,150,210,5.595, 208.404,213.999,208.404,-5,0,0,3,AH10_150,2023-07-14 09:30:06.177
9130,PSYC-134128,TOTDay1,Experiment, 8,0, 1.jpg,1.jpg,270,90,14.684, 215.98,230.664,215.979,-6,0,0,1,AE1_270,2023-07-14 09:30:22.840
9130,PSYC-134128,TOTDay1,Experiment, 9,0, 9.jpg,9.jpg,30,330,7.805, 231.534,239.339,231.533,-7,0,0,2,BM9_30,2023-07-14 09:30:31.516
9130,PSYC-134128,TOTDay1,Experiment, 10,1, 6.jpg,6.jpg,30,30,8.967, 240.644,249.611,240.644,-6,0,0,2,AM6_30,2023-07-14 09:30:41.789
9130,PSYC-134128,TOTDay1,Experiment, 11,0, 7.jpg,7.jpg,270,180,11.264, 250.74,262.004,250.739,-7,0,0,1,BE7_270,2023-07-14 09:30:54.181
9130,PSYC-134128,TOTDay1,Experiment, 12,0, 1.jpg,1.jpg,150,0,15.681, 263.238,278.92,263.238,-8,0,0,3,BH1_150,2023-07-14 09:31:11.097
9130,PSYC-134128,TOTDay1,Experiment, 13,0, 8.jpg,8.jpg,330,60,8.945, 279.482,288.427,279.481,-9,0,0,2,BM8_330,2023-07-14 09:31:20.604
9130,PSYC-134128,TOTDay1,Experiment, 14,0, 8.jpg,8.jpg,210,330,2.837, 288.986,291.824,288.986,-10,0,0,3,AH8_210,2023-07-14 09:31:24.000
9130,PSYC-134128,TOTDay1,Experiment, 15,0, 4.jpg,4.jpg,180,150,2.503, 292.698,295.201,292.697,-11,0,0,1,AE4_180,2023-07-14 09:31:27.379
9130,PSYC-134128,TOTDay1,Experiment, 16,1, 4.jpg,4.jpg,210,210,1.803, 296.712,298.515,296.711,-10,0,0,3,BH4_210,2023-07-14 09:31:30.693
9130,PSYC-134128,TOTDay1,Experiment, 17,0, 11.jpg,11.jpg,180,270,4.55, 301.164,305.714,301.163,-11,0,0,1,BE11_180,2023-07-14 09:31:37.891
9130,PSYC-134128,TOTDay1,Experiment, 18,1, 11.jpg,11.jpg,60,60,2.58, 306.436,309.016,306.436,-10,0,0,2,AM11_60,2023-07-14 09:31:41.193
9127,PSYC-134128,TOTDay1,Training, 1,0, 2.jpg,2.jpg,90,30,3.508, 13.017,16.523,13.016,-1,0,0,1,PE2_90,2023-07-19 12:35:42.116
9127,PSYC-134128,TOTDay1,Training, 2,0, 2.jpg,2.jpg,180,0,0.286, 20.369,20.655,20.368,-2,0,0,1,PE2_180,2023-07-19 12:35:46.244
9127,PSYC-134128,TOTDay1,Training, 3,0, 2.jpg,2.jpg,60,0,0.265, 28.711,28.976,28.711,-3,0,0,2,PM2_60,2023-07-19 12:35:54.566
9127,PSYC-134128,TOTDay1,Training, 4,0, 2.jpg,2.jpg,30,0,0.228, 31.914,32.142,31.914,-4,0,0,2,PM2_30,2023-07-19 12:35:57.732
9127,PSYC-134128,TOTDay1,Training, 5,0, 2.jpg,2.jpg,210,0,0.437, 34.079,34.517,34.079,-5,0,0,3,PH2_210,2023-07-19 12:36:00.107
9127,PSYC-134128,TOTDay1,Training, 6,0, 2.jpg,2.jpg,120,0,1.059, 42.961,44.021,42.96,-6,0,0,3,PH2_120,2023-07-19 12:36:09.610
9127,PSYC-134128,TOTDay1,Training, 7,1, 2.jpg,2.jpg,0,0,1.814, 49.767,51.58,49.766,-5,0,0,1,PE2_0,2023-07-19 12:36:17.170
9127,PSYC-134128,TOTDay1,Training, 8,0, 2.jpg,2.jpg,240,0,3.768, 57.513,61.281,57.512,-6,0,0,3,PH2_240,2023-07-19 12:36:26.870
9127,PSYC-134128,TOTDay1,Training, 9,0, 2.jpg,2.jpg,330,0,0.473, 61.789,62.262,61.788,-7,0,0,2,PM2_330,2023-07-19 12:36:27.852
9127,PSYC-134128,TOTDay1,Training, 10,0, 2.jpg,2.jpg,150,0,0.511, 62.767,63.278,62.766,-8,0,0,3,PH2_150,2023-07-19 12:36:28.868
9127,PSYC-134128,TOTDay1,Training, 11,0, 2.jpg,2.jpg,300,0,0.539, 63.713,64.252,63.713,-9,0,0,2,PM2_300,2023-07-19 12:36:29.841
9127,PSYC-134128,TOTDay1,Training, 12,0, 2.jpg,2.jpg,270,0,0.516, 64.658,65.175,64.658,-10,0,0,1,PE2_270,2023-07-19 12:36:30.765
9127,PSYC-134128,TOTDay1,Experiment, 1,0, 1.jpg,1.jpg,270,0,7.482, 67.716,75.199,65.676,-1,0,0,1,AE1_270,2023-07-19 12:36:40.788
9127,PSYC-134128,TOTDay1,Experiment, 2,0, 7.jpg,7.jpg,330,0,0.465, 75.851,76.316,75.85,-2,0,0,2,AM7_330,2023-07-19 12:36:41.906
9127,PSYC-134128,TOTDay1,Experiment, 3,0, 10.jpg,10.jpg,150,0,0.417, 76.785,77.203,76.784,-3,0,0,3,AH10_150,2023-07-19 12:36:42.792
9127,PSYC-134128,TOTDay1,Experiment, 4,0, 9.jpg,9.jpg,240,0,0.219, 77.477,77.696,77.476,-4,0,0,3,AH9_240,2023-07-19 12:36:43.286
9127,PSYC-134128,TOTDay1,Experiment, 5,0, 3.jpg,3.jpg,90,0,0.208, 77.939,78.146,77.938,-5,0,0,1,AE3_90,2023-07-19 12:36:43.735
9127,PSYC-134128,TOTDay1,Experiment, 6,0, 6.jpg,6.jpg,30,0,0.199, 78.349,78.548,78.348,-6,0,0,2,AM6_30,2023-07-19 12:36:44.138
9127,PSYC-134128,TOTDay1,Experiment, 7,0, 11.jpg,11.jpg,60,0,0.445, 78.951,79.396,78.951,-7,0,0,2,AM11_60,2023-07-19 12:36:44.986
9127,PSYC-134128,TOTDay1,Experiment, 8,0, 4.jpg,4.jpg,210,0,0.456, 79.611,80.067,79.61,-8,0,0,3,BH4_210,2023-07-19 12:36:45.656
9127,PSYC-134128,TOTDay1,Experiment, 9,0, 7.jpg,7.jpg,270,0,0.471, 80.309,80.781,80.309,-9,0,0,1,BE7_270,2023-07-19 12:36:46.370
9127,PSYC-134128,TOTDay1,Experiment, 10,0, 6.jpg,6.jpg,90,0,0.269, 86.305,86.574,86.305,-10,0,0,1,BE6_90,2023-07-19 12:36:52.164
9127,PSYC-134128,TOTDay1,Experiment, 11,0, 8.jpg,8.jpg,210,0,0.214, 86.829,87.043,86.828,-11,0,0,3,AH8_210,2023-07-19 12:36:52.632
9127,PSYC-134128,TOTDay1,Experiment, 12,0, 9.jpg,9.jpg,30,0,0.2, 87.239,87.439,87.238,-12,0,0,2,BM9_30,2023-07-19 12:36:53.028
9127,PSYC-134128,TOTDay1,Experiment, 13,0, 8.jpg,8.jpg,330,0,0.207, 87.645,87.852,87.644,-13,0,0,2,BM8_330,2023-07-19 12:36:53.442
9127,PSYC-134128,TOTDay1,Experiment, 14,0, 1.jpg,1.jpg,150,0,0.181, 88.053,88.234,88.053,-14,0,0,3,BH1_150,2023-07-19 12:36:53.824
9127,PSYC-134128,TOTDay1,Experiment, 15,0, 11.jpg,11.jpg,180,0,0.196, 88.423,88.619,88.422,-15,0,0,1,BE11_180,2023-07-19 12:36:54.208
9127,PSYC-134128,TOTDay1,Experiment, 16,0, 3.jpg,3.jpg,240,0,0.368, 88.804,89.172,88.803,-16,0,0,3,BH3_240,2023-07-19 12:36:54.761
9127,PSYC-134128,TOTDay1,Experiment, 17,0, 4.jpg,4.jpg,180,0,0.238, 89.389,89.626,89.388,-17,0,0,1,AE4_180,2023-07-19 12:36:55.216
9127,PSYC-134128,TOTDay1,Experiment, 18,0, 10.jpg,10.jpg,60,0,0.253, 89.803,90.057,89.803,-18,0,0,2,BM10_60,2023-07-19 12:36:55.647
9135,PSYC-134128,TOTDay1,Training, 1,1, 2.jpg,2.jpg,90,90,9.852, 82.806,92.656,82.805,1,0,0,1,PE2_90,2023-07-27 12:31:35.022
9135,PSYC-134128,TOTDay1,Training, 2,1, 2.jpg,2.jpg,180,180,4.939, 96.017,100.956,96.016,2,0,0,1,PE2_180,2023-07-27 12:31:43.320
9135,PSYC-134128,TOTDay1,Training, 3,0, 2.jpg,2.jpg,60,30,8.011, 101.772,109.784,101.772,1,0,0,2,PM2_60,2023-07-27 12:31:52.148
9135,PSYC-134128,TOTDay1,Training, 4,0, 2.jpg,2.jpg,30,60,13.412, 114.012,127.424,114.012,0,0,0,2,PM2_30,2023-07-27 12:32:09.788
9135,PSYC-134128,TOTDay1,Training, 5,1, 2.jpg,2.jpg,210,210,12.731, 129.918,142.65,129.918,1,0,0,3,PH2_210,2023-07-27 12:32:25.014
9135,PSYC-134128,TOTDay1,Training, 6,0, 2.jpg,2.jpg,120,-1,36.06, 143.232,179.293,143.232,0,0,0,3,PH2_120,2023-07-27 12:33:01.656
9135,PSYC-134128,TOTDay1,Training, 7,1, 2.jpg,2.jpg,0,0,4.682, 186.81,191.492,186.81,1,0,0,1,PE2_0,2023-07-27 12:33:13.856
9135,PSYC-134128,TOTDay1,Training, 8,0, 2.jpg,2.jpg,240,210,12.496, 192.75,205.246,192.75,0,0,0,3,PH2_240,2023-07-27 12:33:27.611
9135,PSYC-134128,TOTDay1,Training, 9,0, 2.jpg,2.jpg,330,210,7.568, 207.645,215.212,207.644,-1,0,0,2,PM2_330,2023-07-27 12:33:37.577
9135,PSYC-134128,TOTDay1,Training, 10,0, 2.jpg,2.jpg,150,210,5.075, 232.398,237.474,232.398,-2,0,0,3,PH2_150,2023-07-27 12:33:59.838
9135,PSYC-134128,TOTDay1,Training, 11,1, 2.jpg,2.jpg,300,300,12.195, 265.67,277.866,265.67,-1,0,0,2,PM2_300,2023-07-27 12:34:40.230
9135,PSYC-134128,TOTDay1,Training, 12,1, 2.jpg,2.jpg,270,270,4.556, 279.008,283.564,279.008,0,0,0,1,PE2_270,2023-07-27 12:34:45.928
9135,PSYC-134128,TOTDay1,Experiment, 1,0, 7.jpg,7.jpg,270,-1,36.084, 288.539,324.624,286.578,-1,0,0,1,BE7_270,2023-07-27 12:35:26.988
9135,PSYC-134128,TOTDay1,Experiment, 2,1, 10.jpg,10.jpg,150,150,14.762, 327.234,341.996,327.234,0,0,0,3,AH10_150,2023-07-27 12:35:44.360
9135,PSYC-134128,TOTDay1,Experiment, 3,0, 10.jpg,10.jpg,60,150,14.894, 343.774,358.668,343.774,-1,0,0,2,BM10_60,2023-07-27 12:36:01.033
9135,PSYC-134128,TOTDay1,Experiment, 4,0, 4.jpg,4.jpg,210,180,17.329, 359.786,377.116,359.786,-2,0,0,3,BH4_210,2023-07-27 12:36:19.480
9135,PSYC-134128,TOTDay1,Experiment, 5,0, 3.jpg,3.jpg,90,150,15.607, 378.127,393.734,378.126,-3,0,0,1,AE3_90,2023-07-27 12:36:36.098
9135,PSYC-134128,TOTDay1,Experiment, 6,0, 8.jpg,8.jpg,330,0,4.341, 394.535,398.876,394.534,-4,0,0,2,BM8_330,2023-07-27 12:36:41.240
9135,PSYC-134128,TOTDay1,Experiment, 7,0, 11.jpg,11.jpg,60,210,13.674, 402.78,416.454,402.78,-5,0,0,2,AM11_60,2023-07-27 12:36:58.819
9135,PSYC-134128,TOTDay1,Experiment, 8,0, 3.jpg,3.jpg,240,-1,36.043, 417.208,453.252,417.208,-6,0,0,3,BH3_240,2023-07-27 12:37:35.616
9135,PSYC-134128,TOTDay1,Experiment, 9,1, 4.jpg,4.jpg,180,180,13.931, 458.148,472.08,458.148,-5,0,0,1,AE4_180,2023-07-27 12:37:54.444
9135,PSYC-134128,TOTDay1,Experiment, 10,0, 9.jpg,9.jpg,240,-1,36.102, 474.393,510.495,474.392,-6,0,0,3,AH9_240,2023-07-27 12:38:32.859
9135,PSYC-134128,TOTDay1,Experiment, 11,0, 1.jpg,1.jpg,270,90,6.949, 512.189,519.138,512.188,-7,0,0,1,AE1_270,2023-07-27 12:38:41.502
9135,PSYC-134128,TOTDay1,Experiment, 12,1, 6.jpg,6.jpg,30,30,6.617, 519.923,526.54,519.922,-6,0,0,2,AM6_30,2023-07-27 12:38:48.905
9135,PSYC-134128,TOTDay1,Experiment, 13,1, 11.jpg,11.jpg,180,180,6.125, 527.443,533.568,527.442,-5,0,0,1,BE11_180,2023-07-27 12:38:55.932
9135,PSYC-134128,TOTDay1,Experiment, 14,0, 1.jpg,1.jpg,150,90,17.878, 534.314,552.192,534.314,-6,0,0,3,BH1_150,2023-07-27 12:39:14.556
9135,PSYC-134128,TOTDay1,Experiment, 15,1, 7.jpg,7.jpg,330,330,4.469, 553.148,557.618,553.148,-5,0,0,2,AM7_330,2023-07-27 12:39:19.982
9135,PSYC-134128,TOTDay1,Experiment, 16,1, 6.jpg,6.jpg,90,90,9.237, 558.146,567.384,558.146,-4,0,0,1,BE6_90,2023-07-27 12:39:29.748
9135,PSYC-134128,TOTDay1,Experiment, 17,0, 8.jpg,8.jpg,210,180,5.377, 567.852,573.23,567.852,-5,0,0,3,AH8_210,2023-07-27 12:39:35.595
9135,PSYC-134128,TOTDay1,Experiment, 18,0, 9.jpg,9.jpg,30,330,14.125, 574.783,588.908,574.782,-6,0,0,2,BM9_30,2023-07-27 12:39:51.273
9136,PSYC-134128,TOTDay1,Training, 1,1, 2.jpg,2.jpg,90,90,10.205, 15.125,25.328,15.124,1,0,0,1,PE2_90,2023-07-28 16:09:15.302
9136,PSYC-134128,TOTDay1,Training, 2,1, 2.jpg,2.jpg,180,180,4.085, 26.56,30.646,26.56,2,0,0,1,PE2_180,2023-07-28 16:09:20.617
9136,PSYC-134128,TOTDay1,Training, 3,0, 2.jpg,2.jpg,60,120,6.664, 32.043,38.707,32.042,1,0,0,2,PM2_60,2023-07-28 16:09:28.678
9136,PSYC-134128,TOTDay1,Training, 4,0, 2.jpg,2.jpg,30,60,9.312, 44.506,53.818,44.506,0,0,0,2,PM2_30,2023-07-28 16:09:43.790
9136,PSYC-134128,TOTDay1,Training, 5,1, 2.jpg,2.jpg,210,210,8.68, 56.141,64.821,56.14,1,0,0,3,PH2_210,2023-07-28 16:09:54.792
9136,PSYC-134128,TOTDay1,Training, 6,1, 2.jpg,2.jpg,120,120,7.136, 65.855,72.99,65.854,2,0,0,3,PH2_120,2023-07-28 16:10:02.962
9136,PSYC-134128,TOTDay1,Training, 7,1, 2.jpg,2.jpg,0,0,16.661, 73.87,90.531,73.863,3,0,0,1,PE2_0,2023-07-28 16:10:20.502
9136,PSYC-134128,TOTDay1,Training, 8,1, 2.jpg,2.jpg,240,240,7.177, 91.239,98.416,91.239,4,0,0,3,PH2_240,2023-07-28 16:10:28.388
9136,PSYC-134128,TOTDay1,Training, 9,1, 2.jpg,2.jpg,330,330,20.807, 99.469,120.276,99.468,5,0,0,2,PM2_330,2023-07-28 16:10:50.248
9136,PSYC-134128,TOTDay1,Training, 10,1, 2.jpg,2.jpg,150,150,6.899, 134.199,141.098,134.199,6,0,0,3,PH2_150,2023-07-28 16:11:11.070
9136,PSYC-134128,TOTDay1,Training, 11,1, 2.jpg,2.jpg,300,300,5.353, 144.101,149.454,144.101,7,0,0,2,PM2_300,2023-07-28 16:11:19.426
9136,PSYC-134128,TOTDay1,Training, 12,1, 2.jpg,2.jpg,270,270,6.034, 150.237,156.271,150.236,8,0,0,1,PE2_270,2023-07-28 16:11:26.243
9136,PSYC-134128,TOTDay1,Experiment, 1,1, 9.jpg,9.jpg,30,30,6.514, 158.888,165.402,156.922,1,0,0,2,BM9_30,2023-07-28 16:11:35.374
9136,PSYC-134128,TOTDay1,Experiment, 2,1, 10.jpg,10.jpg,150,150,5.071, 166.115,171.187,166.115,2,0,0,3,AH10_150,2023-07-28 16:11:41.158
9136,PSYC-134128,TOTDay1,Experiment, 3,1, 1.jpg,1.jpg,270,270,17.249, 171.761,189.01,171.76,3,0,0,1,AE1_270,2023-07-28 16:11:58.982
9136,PSYC-134128,TOTDay1,Experiment, 4,0, 10.jpg,10.jpg,60,90,7.853, 189.737,197.59,189.737,2,0,0,2,BM10_60,2023-07-28 16:12:07.562
9136,PSYC-134128,TOTDay1,Experiment, 5,1, 3.jpg,3.jpg,90,90,8.039, 199.537,207.576,199.536,3,0,0,1,AE3_90,2023-07-28 16:12:17.548
9136,PSYC-134128,TOTDay1,Experiment, 6,0, 9.jpg,9.jpg,240,210,6.865, 208.279,215.145,208.279,2,0,0,3,AH9_240,2023-07-28 16:12:25.117
9136,PSYC-134128,TOTDay1,Experiment, 7,1, 3.jpg,3.jpg,240,240,34.52, 217.215,251.735,217.214,3,0,0,3,BH3_240,2023-07-28 16:13:01.706
9136,PSYC-134128,TOTDay1,Experiment, 8,0, 11.jpg,11.jpg,60,30,5.364, 252.423,257.787,252.423,2,0,0,2,AM11_60,2023-07-28 16:13:07.759
9136,PSYC-134128,TOTDay1,Experiment, 9,1, 7.jpg,7.jpg,270,270,9.091, 259.691,268.782,259.69,3,0,0,1,BE7_270,2023-07-28 16:13:18.754
9136,PSYC-134128,TOTDay1,Experiment, 10,1, 7.jpg,7.jpg,330,330,11.165, 269.491,280.656,269.49,4,0,0,2,AM7_330,2023-07-28 16:13:30.629
9136,PSYC-134128,TOTDay1,Experiment, 11,0, 1.jpg,1.jpg,150,210,11.255, 281.478,292.733,281.477,3,0,0,3,BH1_150,2023-07-28 16:13:42.705
9136,PSYC-134128,TOTDay1,Experiment, 12,1, 11.jpg,11.jpg,180,180,12.206, 293.796,306.003,293.796,4,0,0,1,BE11_180,2023-07-28 16:13:55.975
9136,PSYC-134128,TOTDay1,Experiment, 13,1, 6.jpg,6.jpg,90,90,18.501, 306.761,325.262,306.76,5,0,0,1,BE6_90,2023-07-28 16:14:15.234
9136,PSYC-134128,TOTDay1,Experiment, 14,1, 8.jpg,8.jpg,330,330,5.601, 325.815,331.417,325.815,6,0,0,2,BM8_330,2023-07-28 16:14:21.389
9136,PSYC-134128,TOTDay1,Experiment, 15,1, 4.jpg,4.jpg,210,210,4.889, 332.093,336.982,332.092,7,0,0,3,BH4_210,2023-07-28 16:14:26.955
9136,PSYC-134128,TOTDay1,Experiment, 16,1, 4.jpg,4.jpg,180,180,5.835, 337.577,343.412,337.576,8,0,0,1,AE4_180,2023-07-28 16:14:33.384
9136,PSYC-134128,TOTDay1,Experiment, 17,0, 6.jpg,6.jpg,30,60,7.511, 344.109,351.621,344.109,7,0,0,2,AM6_30,2023-07-28 16:14:41.593
9136,PSYC-134128,TOTDay1,Experiment, 18,0, 8.jpg,8.jpg,210,120,9.629, 352.231,361.86,352.231,6,0,0,3,AH8_210,2023-07-28 16:14:51.833
9138,PSYC-134130,TOTDay1,Training, 1,0, 2.jpg,2.jpg,90,270,16.918, 118.922,135.834,118.921,-1,0,0,1,PE2_90,2023-10-02 09:25:55.386
9138,PSYC-134130,TOTDay1,Training, 2,0, 2.jpg,2.jpg,180,0,9.261, 145.35,154.611,145.349,-2,0,0,1,PE2_180,2023-10-02 09:26:14.157
9138,PSYC-134130,TOTDay1,Training, 3,0, 2.jpg,2.jpg,60,180,6.293, 170.614,176.907,170.614,-3,0,0,2,PM2_60,2023-10-02 09:26:36.454
9138,PSYC-134130,TOTDay1,Training, 4,0, 2.jpg,2.jpg,30,300,14.471, 181.002,195.473,181.001,-4,0,0,2,PM2_30,2023-10-02 09:26:55.019
9138,PSYC-134130,TOTDay1,Training, 5,0, 2.jpg,2.jpg,210,330,7.718, 201.114,208.831,201.113,-5,0,0,3,PH2_210,2023-10-02 09:27:08.378
9138,PSYC-134130,TOTDay1,Training, 6,0, 2.jpg,2.jpg,120,180,4.575, 217.139,221.715,217.139,-6,0,0,3,PH2_120,2023-10-02 09:27:21.262
9138,PSYC-134130,TOTDay1,Training, 7,0, 2.jpg,2.jpg,0,120,8.614, 238.741,247.355,238.741,-7,0,0,1,PE2_0,2023-10-02 09:27:46.901
9138,PSYC-134130,TOTDay1,Training, 8,0, 2.jpg,2.jpg,240,300,11.914, 252.902,264.817,252.902,-8,0,0,3,PH2_240,2023-10-02 09:28:04.363
9138,PSYC-134130,TOTDay1,Training, 9,0, 2.jpg,2.jpg,330,150,9.949, 270.046,279.995,270.045,-9,0,0,2,PM2_330,2023-10-02 09:28:19.541
9138,PSYC-134130,TOTDay1,Training, 10,0, 2.jpg,2.jpg,150,0,6.59, 282.677,289.267,282.677,-10,0,0,3,PH2_150,2023-10-02 09:28:28.814
9138,PSYC-134130,TOTDay1,Training, 11,1, 2.jpg,2.jpg,300,300,13.197, 290.33,303.527,290.329,-9,0,0,2,PM2_300,2023-10-02 09:28:43.073
9138,PSYC-134130,TOTDay1,Training, 12,1, 2.jpg,2.jpg,270,270,6.515, 304.951,311.467,304.951,-8,0,0,1,PE2_270,2023-10-02 09:28:51.014
9138,PSYC-134130,TOTDay1,Experiment, 1,0, 3.jpg,3.jpg,240,30,9.95, 314.595,324.545,312.381,-1,0,0,3,BH3_240,2023-10-02 09:29:04.093
9138,PSYC-134130,TOTDay1,Experiment, 2,0, 4.jpg,4.jpg,180,240,8.929, 326.26,335.189,326.259,-2,0,0,1,AE4_180,2023-10-02 09:29:14.736
9138,PSYC-134130,TOTDay1,Experiment, 3,0, 8.jpg,8.jpg,330,30,8.249, 336.079,344.329,336.079,-3,0,0,2,BM8_330,2023-10-02 09:29:23.877
9138,PSYC-134130,TOTDay1,Experiment, 4,0, 8.jpg,8.jpg,210,150,9.321, 345.075,354.397,345.075,-4,0,0,3,AH8_210,2023-10-02 09:29:33.944
9138,PSYC-134130,TOTDay1,Experiment, 5,0, 9.jpg,9.jpg,30,0,8.521, 355.391,363.913,355.391,-5,0,0,2,BM9_30,2023-10-02 09:29:43.461
9138,PSYC-134130,TOTDay1,Experiment, 6,0, 7.jpg,7.jpg,270,300,12.283, 364.705,376.989,364.705,-6,0,0,1,BE7_270,2023-10-02 09:29:56.537
9138,PSYC-134130,TOTDay1,Experiment, 7,0, 1.jpg,1.jpg,270,0,4.532, 377.591,382.123,377.591,-7,0,0,1,AE1_270,2023-10-02 09:30:01.671
9138,PSYC-134130,TOTDay1,Experiment, 8,0, 7.jpg,7.jpg,330,150,9.732, 383.247,392.98,383.247,-8,0,0,2,AM7_330,2023-10-02 09:30:12.528
9138,PSYC-134130,TOTDay1,Experiment, 9,0, 10.jpg,10.jpg,150,30,8.06, 394.341,402.401,394.341,-9,0,0,3,AH10_150,2023-10-02 09:30:21.950
9138,PSYC-134130,TOTDay1,Experiment, 10,0, 3.jpg,3.jpg,90,0,6.433, 403.001,409.435,403.001,-10,0,0,1,AE3_90,2023-10-02 09:30:28.983
9138,PSYC-134130,TOTDay1,Experiment, 11,0, 1.jpg,1.jpg,150,120,9.461, 410.036,419.497,410.035,-11,0,0,3,BH1_150,2023-10-02 09:30:39.046
9138,PSYC-134130,TOTDay1,Experiment, 12,0, 10.jpg,10.jpg,60,30,9.351, 420.239,429.591,420.239,-12,0,0,2,BM10_60,2023-10-02 09:30:49.140
9138,PSYC-134130,TOTDay1,Experiment, 13,0, 6.jpg,6.jpg,90,180,6.741, 430.347,437.089,430.347,-13,0,0,1,BE6_90,2023-10-02 09:30:56.637
9138,PSYC-134130,TOTDay1,Experiment, 14,0, 6.jpg,6.jpg,30,180,5.356, 438.021,443.377,438.021,-14,0,0,2,AM6_30,2023-10-02 09:31:02.927
9138,PSYC-134130,TOTDay1,Experiment, 15,0, 4.jpg,4.jpg,210,180,4.817, 444.154,448.971,444.153,-15,0,0,3,BH4_210,2023-10-02 09:31:08.520
9138,PSYC-134130,TOTDay1,Experiment, 16,0, 11.jpg,11.jpg,180,270,9.693, 449.909,459.603,449.909,-16,0,0,1,BE11_180,2023-10-02 09:31:19.152
9138,PSYC-134130,TOTDay1,Experiment, 17,0, 9.jpg,9.jpg,240,270,6.587, 460.524,467.111,460.523,-17,0,0,3,AH9_240,2023-10-02 09:31:26.660
9138,PSYC-134130,TOTDay1,Experiment, 18,0, 11.jpg,11.jpg,60,180,7.547, 468.827,476.375,468.827,-18,0,0,2,AM11_60,2023-10-02 09:31:35.924
9139,PSYC-134128,TOTDay1,Training, 1,0, 2.jpg,2.jpg,90,270,5.416, 65.001,70.411,65,-1,0,0,1,PE2_90,2023-10-02 09:30:27.167
9139,PSYC-134128,TOTDay1,Training, 2,1, 2.jpg,2.jpg,180,180,7.617, 77.341,84.959,77.341,0,0,0,1,PE2_180,2023-10-02 09:30:41.708
9139,PSYC-134128,TOTDay1,Training, 3,0, 2.jpg,2.jpg,60,90,5.327, 87.44,92.767,87.439,-1,0,0,2,PM2_60,2023-10-02 09:30:49.517
9139,PSYC-134128,TOTDay1,Training, 4,0, 2.jpg,2.jpg,30,0,1.195, 96.071,97.266,96.07,-2,0,0,2,PM2_30,2023-10-02 09:30:54.016
9139,PSYC-134128,TOTDay1,Training, 5,0, 2.jpg,2.jpg,210,330,4.662, 106.245,110.907,106.244,-3,0,0,3,PH2_210,2023-10-02 09:31:07.656
9139,PSYC-134128,TOTDay1,Training, 6,0, 2.jpg,2.jpg,120,240,9.555, 118.619,128.175,118.619,-4,0,0,3,PH2_120,2023-10-02 09:31:24.925
9139,PSYC-134128,TOTDay1,Training, 7,0, 2.jpg,2.jpg,0,180,5.641, 135.083,140.725,135.083,-5,0,0,1,PE2_0,2023-10-02 09:31:37.475
9139,PSYC-134128,TOTDay1,Training, 8,1, 2.jpg,2.jpg,240,240,7.606, 142.497,150.103,142.497,-4,0,0,3,PH2_240,2023-10-02 09:31:46.852
9139,PSYC-134128,TOTDay1,Training, 9,0, 2.jpg,2.jpg,330,120,10.309, 153.953,164.263,153.953,-5,0,0,2,PM2_330,2023-10-02 09:32:01.012
9139,PSYC-134128,TOTDay1,Training, 10,0, 2.jpg,2.jpg,150,300,7.815, 166.098,173.912,166.096,-6,0,0,3,PH2_150,2023-10-02 09:32:10.663
9139,PSYC-134128,TOTDay1,Training, 11,0, 2.jpg,2.jpg,300,240,7.111, 174.995,182.107,174.995,-7,0,0,2,PM2_300,2023-10-02 09:32:18.856
9139,PSYC-134128,TOTDay1,Training, 12,0, 2.jpg,2.jpg,270,60,7.35, 182.983,190.333,182.983,-8,0,0,1,PE2_270,2023-10-02 09:32:27.084
9139,PSYC-134128,TOTDay1,Experiment, 1,0, 1.jpg,1.jpg,150,270,8.638, 193.75,202.389,191.607,-1,0,0,3,BH1_150,2023-10-02 09:32:39.139
9139,PSYC-134128,TOTDay1,Experiment, 2,0, 11.jpg,11.jpg,60,0,6.169, 205.413,211.583,205.413,-2,0,0,2,AM11_60,2023-10-02 09:32:48.333
9139,PSYC-134128,TOTDay1,Experiment, 3,0, 6.jpg,6.jpg,90,240,4.894, 214.827,219.721,214.827,-3,0,0,1,BE6_90,2023-10-02 09:32:56.470
9139,PSYC-134128,TOTDay1,Experiment, 4,1, 4.jpg,4.jpg,180,180,4.458, 221.381,225.839,221.38,-2,0,0,1,AE4_180,2023-10-02 09:33:02.589
9139,PSYC-134128,TOTDay1,Experiment, 5,0, 9.jpg,9.jpg,240,60,5.29, 228.513,233.803,228.512,-3,0,0,3,AH9_240,2023-10-02 09:33:10.553
9139,PSYC-134128,TOTDay1,Experiment, 6,0, 6.jpg,6.jpg,30,330,2.511, 234.957,237.468,234.957,-4,0,0,2,AM6_30,2023-10-02 09:33:14.219
9139,PSYC-134128,TOTDay1,Experiment, 7,0, 3.jpg,3.jpg,90,180,5.384, 240.53,245.914,240.53,-5,0,0,1,AE3_90,2023-10-02 09:33:22.665
9139,PSYC-134128,TOTDay1,Experiment, 8,0, 3.jpg,3.jpg,240,90,3.551, 248.795,252.347,248.795,-6,0,0,3,BH3_240,2023-10-02 09:33:29.096
9139,PSYC-134128,TOTDay1,Experiment, 9,0, 7.jpg,7.jpg,330,270,3.712, 255.141,258.853,255.14,-7,0,0,2,AM7_330,2023-10-02 09:33:35.602
9139,PSYC-134128,TOTDay1,Experiment, 10,0, 8.jpg,8.jpg,330,0,3.628, 261.55,265.179,261.549,-8,0,0,2,BM8_330,2023-10-02 09:33:41.928
9139,PSYC-134128,TOTDay1,Experiment, 11,0, 11.jpg,11.jpg,180,330,6.912, 271.696,278.608,271.695,-9,0,0,1,BE11_180,2023-10-02 09:33:55.358
9139,PSYC-134128,TOTDay1,Experiment, 12,0, 8.jpg,8.jpg,210,30,4.069, 284.931,289,284.93,-10,0,0,3,AH8_210,2023-10-02 09:34:05.750
9139,PSYC-134128,TOTDay1,Experiment, 13,0, 7.jpg,7.jpg,270,300,2.434, 291.255,293.689,291.254,-11,0,0,1,BE7_270,2023-10-02 09:34:10.439
9139,PSYC-134128,TOTDay1,Experiment, 14,0, 10.jpg,10.jpg,150,240,3.489, 295.837,299.327,295.837,-12,0,0,3,AH10_150,2023-10-02 09:34:16.076
9139,PSYC-134128,TOTDay1,Experiment, 15,0, 9.jpg,9.jpg,30,0,3.776, 302.823,306.599,302.822,-13,0,0,2,BM9_30,2023-10-02 09:34:23.348
9139,PSYC-134128,TOTDay1,Experiment, 16,0, 10.jpg,10.jpg,60,150,2.617, 308.985,311.601,308.985,-14,0,0,2,BM10_60,2023-10-02 09:34:28.352
9139,PSYC-134128,TOTDay1,Experiment, 17,0, 1.jpg,1.jpg,270,240,3.833, 314.693,318.526,314.693,-15,0,0,1,AE1_270,2023-10-02 09:34:35.276
9139,PSYC-134128,TOTDay1,Experiment, 18,0, 4.jpg,4.jpg,210,0,3.313, 320.579,323.893,320.578,-16,0,0,3,BH4_210,2023-10-02 09:34:40.642
9137,PSYC-132589,TOTDay1,Training, 1,1, 2.jpg,2.jpg,90,90,12.01, 47.436,59.443,47.434,1,0,0,1,PE2_90,2023-10-02 09:33:33.224
9137,PSYC-132589,TOTDay1,Training, 2,1, 2.jpg,2.jpg,180,180,5.453, 61.131,66.584,61.131,2,0,0,1,PE2_180,2023-10-02 09:33:40.363
9137,PSYC-132589,TOTDay1,Training, 3,0, 2.jpg,2.jpg,60,120,3.667, 67.096,70.763,67.095,1,0,0,2,PM2_60,2023-10-02 09:33:44.541
9137,PSYC-132589,TOTDay1,Training, 4,0, 2.jpg,2.jpg,30,330,12.737, 73.927,86.664,73.926,0,0,0,2,PM2_30,2023-10-02 09:34:00.442
9137,PSYC-132589,TOTDay1,Training, 5,0, 2.jpg,2.jpg,210,120,7.471, 90.683,98.154,90.682,-1,0,0,3,PH2_210,2023-10-02 09:34:11.931
9137,PSYC-132589,TOTDay1,Training, 6,0, 2.jpg,2.jpg,120,240,10.84, 105.054,115.894,105.053,-2,0,0,3,PH2_120,2023-10-02 09:34:29.673
9137,PSYC-132589,TOTDay1,Training, 7,1, 2.jpg,2.jpg,0,0,3.804, 120.905,124.71,120.905,-1,0,0,1,PE2_0,2023-10-02 09:34:38.488
9137,PSYC-132589,TOTDay1,Training, 8,0, 2.jpg,2.jpg,240,120,9.574, 125.289,134.864,125.289,-2,0,0,3,PH2_240,2023-10-02 09:34:48.641
9137,PSYC-132589,TOTDay1,Training, 9,0, 2.jpg,2.jpg,330,30,5.276, 141.113,146.389,141.113,-3,0,0,2,PM2_330,2023-10-02 09:35:00.166
9137,PSYC-132589,TOTDay1,Training, 10,0, 2.jpg,2.jpg,150,210,5.499, 151.194,156.694,151.194,-4,0,0,3,PH2_150,2023-10-02 09:35:10.471
9137,PSYC-132589,TOTDay1,Training, 11,0, 2.jpg,2.jpg,300,60,3.568, 160.323,163.892,160.323,-5,0,0,2,PM2_300,2023-10-02 09:35:17.670
9137,PSYC-132589,TOTDay1,Training, 12,0, 2.jpg,2.jpg,270,90,2.354, 168.58,170.934,168.58,-6,0,0,1,PE2_270,2023-10-02 09:35:24.712
9137,PSYC-132589,TOTDay1,Experiment, 1,0, 9.jpg,9.jpg,240,210,13.832, 180.331,194.162,177.117,-1,0,0,3,AH9_240,2023-10-02 09:35:47.940
9137,PSYC-132589,TOTDay1,Experiment, 2,0, 8.jpg,8.jpg,330,30,6.073, 195.097,201.17,195.096,-2,0,0,2,BM8_330,2023-10-02 09:35:54.948
9137,PSYC-132589,TOTDay1,Experiment, 3,1, 4.jpg,4.jpg,180,180,5.842, 203.492,209.334,203.491,-1,0,0,1,AE4_180,2023-10-02 09:36:03.112
9137,PSYC-132589,TOTDay1,Experiment, 4,0, 9.jpg,9.jpg,30,330,4.081, 209.827,213.908,209.826,-2,0,0,2,BM9_30,2023-10-02 09:36:07.686
9137,PSYC-132589,TOTDay1,Experiment, 5,0, 6.jpg,6.jpg,90,270,6.374, 214.576,220.95,214.575,-3,0,0,1,BE6_90,2023-10-02 09:36:14.728
9137,PSYC-132589,TOTDay1,Experiment, 6,0, 1.jpg,1.jpg,150,30,4.424, 227.108,231.532,227.108,-4,0,0,3,BH1_150,2023-10-02 09:36:25.310
9137,PSYC-132589,TOTDay1,Experiment, 7,0, 1.jpg,1.jpg,270,90,8.152, 232.959,241.112,232.959,-5,0,0,1,AE1_270,2023-10-02 09:36:34.890
9137,PSYC-132589,TOTDay1,Experiment, 8,0, 6.jpg,6.jpg,30,330,4.378, 252.504,256.882,252.503,-6,0,0,2,AM6_30,2023-10-02 09:36:50.659
9137,PSYC-132589,TOTDay1,Experiment, 9,0, 3.jpg,3.jpg,240,120,10.54, 257.34,267.88,257.34,-7,0,0,3,BH3_240,2023-10-02 09:37:01.658
9137,PSYC-132589,TOTDay1,Experiment, 10,0, 10.jpg,10.jpg,150,210,4.137, 268.622,272.76,268.622,-8,0,0,3,AH10_150,2023-10-02 09:37:06.538
9137,PSYC-132589,TOTDay1,Experiment, 11,0, 10.jpg,10.jpg,60,0,10.84, 273.418,284.258,273.417,-9,0,0,2,BM10_60,2023-10-02 09:37:18.036
9137,PSYC-132589,TOTDay1,Experiment, 12,0, 7.jpg,7.jpg,270,180,4.751, 284.802,289.554,284.802,-10,0,0,1,BE7_270,2023-10-02 09:37:23.331
9137,PSYC-132589,TOTDay1,Experiment, 13,0, 8.jpg,8.jpg,210,150,7.598, 290.001,297.6,290.001,-11,0,0,3,AH8_210,2023-10-02 09:37:31.378
9137,PSYC-132589,TOTDay1,Experiment, 14,0, 11.jpg,11.jpg,60,300,12.634, 298.235,310.869,298.234,-12,0,0,2,AM11_60,2023-10-02 09:37:44.646
9137,PSYC-132589,TOTDay1,Experiment, 15,1, 11.jpg,11.jpg,180,180,6.251, 311.392,317.644,311.392,-11,0,0,1,BE11_180,2023-10-02 09:37:51.421
9137,PSYC-132589,TOTDay1,Experiment, 16,0, 4.jpg,4.jpg,210,90,6.698, 318.232,324.93,318.231,-12,0,0,3,BH4_210,2023-10-02 09:37:58.707
9137,PSYC-132589,TOTDay1,Experiment, 17,0, 7.jpg,7.jpg,330,30,5.944, 325.374,331.318,325.374,-13,0,0,2,AM7_330,2023-10-02 09:38:05.096
9137,PSYC-132589,TOTDay1,Experiment, 18,0, 3.jpg,3.jpg,90,270,6.917, 332.591,339.508,332.591,-14,0,0,1,AE3_90,2023-10-02 09:38:13.286
9140,PSYC-132589,TOTDay1,Training, 1,0, 2.jpg,2.jpg,90,120,3.257, 29.398,32.653,29.397,-1,0,0,1,PE2_90,2023-10-02 12:23:42.736
9140,PSYC-132589,TOTDay1,Training, 2,0, 2.jpg,2.jpg,180,270,4.016, 38.091,42.107,38.091,-2,0,0,1,PE2_180,2023-10-02 12:23:52.188
9140,PSYC-132589,TOTDay1,Training, 3,0, 2.jpg,2.jpg,60,120,5.641, 49.517,55.159,49.517,-3,0,0,2,PM2_60,2023-10-02 12:24:05.240
9140,PSYC-132589,TOTDay1,Training, 4,0, 2.jpg,2.jpg,30,0,3.241, 58.681,61.922,58.681,-4,0,0,2,PM2_30,2023-10-02 12:24:12.003
9140,PSYC-132589,TOTDay1,Training, 5,0, 2.jpg,2.jpg,210,0,3.117, 72.311,75.429,72.311,-5,0,0,3,PH2_210,2023-10-02 12:24:25.509
9140,PSYC-132589,TOTDay1,Training, 6,0, 2.jpg,2.jpg,120,180,5.189, 81.79,86.979,81.789,-6,0,0,3,PH2_120,2023-10-02 12:24:37.060
9140,PSYC-132589,TOTDay1,Training, 7,0, 2.jpg,2.jpg,0,60,3.311, 92.941,96.253,92.941,-7,0,0,1,PE2_0,2023-10-02 12:24:46.333
9140,PSYC-132589,TOTDay1,Training, 8,0, 2.jpg,2.jpg,240,0,4.743, 97.914,102.657,97.913,-8,0,0,3,PH2_240,2023-10-02 12:24:52.737
9140,PSYC-132589,TOTDay1,Training, 9,0, 2.jpg,2.jpg,330,270,5.09, 103.721,108.812,103.721,-9,0,0,2,PM2_330,2023-10-02 12:24:58.892
9140,PSYC-132589,TOTDay1,Training, 10,0, 2.jpg,2.jpg,150,0,1.987, 110.087,112.075,110.087,-10,0,0,3,PH2_150,2023-10-02 12:25:02.155
9140,PSYC-132589,TOTDay1,Training, 11,0, 2.jpg,2.jpg,300,0,3.991, 112.93,116.921,112.929,-11,0,0,2,PM2_300,2023-10-02 12:25:07.002
9140,PSYC-132589,TOTDay1,Training, 12,0, 2.jpg,2.jpg,270,120,3.222, 119.04,122.263,119.04,-12,0,0,1,PE2_270,2023-10-02 12:25:12.343
9140,PSYC-132589,TOTDay1,Experiment, 1,0, 10.jpg,10.jpg,150,120,1.708, 126.309,128.017,123.469,-1,0,0,3,AH10_150,2023-10-02 12:25:18.098
9140,PSYC-132589,TOTDay1,Experiment, 2,0, 7.jpg,7.jpg,330,270,4.915, 130.004,134.919,130.003,-2,0,0,2,AM7_330,2023-10-02 12:25:24.999
9140,PSYC-132589,TOTDay1,Experiment, 3,0, 7.jpg,7.jpg,270,120,5.203, 141.741,146.944,141.741,-3,0,0,1,BE7_270,2023-10-02 12:25:37.024
9140,PSYC-132589,TOTDay1,Experiment, 4,0, 11.jpg,11.jpg,60,0,4.167, 148.232,152.399,148.232,-4,0,0,2,AM11_60,2023-10-02 12:25:42.479
9140,PSYC-132589,TOTDay1,Experiment, 5,0, 1.jpg,1.jpg,270,210,4.053, 153.282,157.335,153.281,-5,0,0,1,AE1_270,2023-10-02 12:25:47.414
9140,PSYC-132589,TOTDay1,Experiment, 6,0, 8.jpg,8.jpg,210,0,4.5, 158.28,162.779,158.279,-6,0,0,3,AH8_210,2023-10-02 12:25:52.859
9140,PSYC-132589,TOTDay1,Experiment, 7,0, 9.jpg,9.jpg,30,270,6.421, 164.302,170.724,164.302,-7,0,0,2,BM9_30,2023-10-02 12:26:00.804
9140,PSYC-132589,TOTDay1,Experiment, 8,0, 4.jpg,4.jpg,210,0,0.998, 171.346,172.344,171.345,-8,0,0,3,BH4_210,2023-10-02 12:26:02.424
9140,PSYC-132589,TOTDay1,Experiment, 9,0, 11.jpg,11.jpg,180,0,1.045, 172.888,173.933,172.887,-9,0,0,1,BE11_180,2023-10-02 12:26:04.013
9140,PSYC-132589,TOTDay1,Experiment, 10,0, 8.jpg,8.jpg,330,0,0.915, 174.54,175.455,174.54,-10,0,0,2,BM8_330,2023-10-02 12:26:05.535
9140,PSYC-132589,TOTDay1,Experiment, 11,0, 9.jpg,9.jpg,240,0,0.903, 176.024,176.928,176.024,-11,0,0,3,AH9_240,2023-10-02 12:26:07.007
9140,PSYC-132589,TOTDay1,Experiment, 12,0, 4.jpg,4.jpg,180,120,4.107, 177.595,181.701,177.594,-12,0,0,1,AE4_180,2023-10-02 12:26:11.781
9140,PSYC-132589,TOTDay1,Experiment, 13,0, 6.jpg,6.jpg,90,210,3.964, 182.347,186.311,182.347,-13,0,0,1,BE6_90,2023-10-02 12:26:16.391
9140,PSYC-132589,TOTDay1,Experiment, 14,0, 6.jpg,6.jpg,30,0,2.221, 187.298,189.519,187.297,-14,0,0,2,AM6_30,2023-10-02 12:26:19.598
9140,PSYC-132589,TOTDay1,Experiment, 15,0, 1.jpg,1.jpg,150,180,5.69, 190.347,196.038,190.347,-15,0,0,3,BH1_150,2023-10-02 12:26:26.118
9140,PSYC-132589,TOTDay1,Experiment, 16,0, 3.jpg,3.jpg,90,30,7.613, 197.004,204.618,197.004,-16,0,0,1,AE3_90,2023-10-02 12:26:34.697
9140,PSYC-132589,TOTDay1,Experiment, 17,0, 10.jpg,10.jpg,60,0,1.137, 205.362,206.499,205.361,-17,0,0,2,BM10_60,2023-10-02 12:26:36.579
9140,PSYC-132589,TOTDay1,Experiment, 18,0, 3.jpg,3.jpg,240,0,6.721, 207.268,213.989,207.267,-18,0,0,3,BH3_240,2023-10-02 12:26:44.069
9142,PSYC-134130,TOTDay1,Training, 1,1, 2.jpg,2.jpg,90,90,7.61, 127.124,134.733,127.123,1,0,0,1,PE2_90,2023-10-02 12:24:39.539
9142,PSYC-134130,TOTDay1,Training, 2,1, 2.jpg,2.jpg,180,180,13.863, 137.085,150.949,137.085,2,0,0,1,PE2_180,2023-10-02 12:24:55.753
9142,PSYC-134130,TOTDay1,Training, 3,0, 2.jpg,2.jpg,60,120,8.37, 153.201,161.571,153.201,1,0,0,2,PM2_60,2023-10-02 12:25:06.375
9142,PSYC-134130,TOTDay1,Training, 4,0, 2.jpg,2.jpg,30,120,5.347, 176.758,182.105,176.757,0,0,0,2,PM2_30,2023-10-02 12:25:26.910
9142,PSYC-134130,TOTDay1,Training, 5,0, 2.jpg,2.jpg,210,300,16.364, 185.639,202.003,185.639,-1,0,0,3,PH2_210,2023-10-02 12:25:46.808
9142,PSYC-134130,TOTDay1,Training, 6,0, 2.jpg,2.jpg,120,330,18.582, 209.589,228.171,209.589,-2,0,0,3,PH2_120,2023-10-02 12:26:12.977
9142,PSYC-134130,TOTDay1,Training, 7,1, 2.jpg,2.jpg,0,0,8.577, 233.105,241.683,233.105,-1,0,0,1,PE2_0,2023-10-02 12:26:26.489
9142,PSYC-134130,TOTDay1,Training, 8,1, 2.jpg,2.jpg,240,240,10.079, 246.203,256.283,246.203,0,0,0,3,PH2_240,2023-10-02 12:26:41.089
9142,PSYC-134130,TOTDay1,Training, 9,0, 2.jpg,2.jpg,330,120,20.751, 259.293,280.045,259.293,-1,0,0,2,PM2_330,2023-10-02 12:27:04.851
9142,PSYC-134130,TOTDay1,Training, 10,1, 2.jpg,2.jpg,150,150,10.89, 282.061,292.951,282.061,0,0,0,3,PH2_150,2023-10-02 12:27:17.757
9142,PSYC-134130,TOTDay1,Training, 11,0, 2.jpg,2.jpg,300,60,13.576, 304.48,318.057,304.48,-1,0,0,2,PM2_300,2023-10-02 12:27:42.863
9142,PSYC-134130,TOTDay1,Training, 12,0, 2.jpg,2.jpg,270,90,10.483, 319.051,329.535,319.051,-2,0,0,1,PE2_270,2023-10-02 12:27:54.341
9142,PSYC-134130,TOTDay1,Experiment, 1,0, 6.jpg,6.jpg,30,240,6.352, 333.856,340.209,331.647,-1,0,0,2,AM6_30,2023-10-02 12:28:05.014
9142,PSYC-134130,TOTDay1,Experiment, 2,0, 1.jpg,1.jpg,150,240,8.736, 342.197,350.933,342.197,-2,0,0,3,BH1_150,2023-10-02 12:28:15.740
9142,PSYC-134130,TOTDay1,Experiment, 3,0, 3.jpg,3.jpg,90,180,24.003, 352.186,376.189,352.185,-3,0,0,1,AE3_90,2023-10-02 12:28:40.996
9142,PSYC-134130,TOTDay1,Experiment, 4,0, 10.jpg,10.jpg,150,240,15.026, 378.097,393.124,378.097,-4,0,0,3,AH10_150,2023-10-02 12:28:57.930
9142,PSYC-134130,TOTDay1,Experiment, 5,0, 11.jpg,11.jpg,60,330,17.153, 395.525,412.679,395.525,-5,0,0,2,AM11_60,2023-10-02 12:29:17.485
9142,PSYC-134130,TOTDay1,Experiment, 6,0, 1.jpg,1.jpg,270,30,11.195, 414.352,425.547,414.351,-6,0,0,1,AE1_270,2023-10-02 12:29:30.354
9142,PSYC-134130,TOTDay1,Experiment, 7,0, 4.jpg,4.jpg,210,150,6.348, 428.443,434.791,428.443,-7,0,0,3,BH4_210,2023-10-02 12:29:39.597
9142,PSYC-134130,TOTDay1,Experiment, 8,0, 8.jpg,8.jpg,330,300,4.554, 436.023,440.577,436.023,-8,0,0,2,BM8_330,2023-10-02 12:29:45.384
9142,PSYC-134130,TOTDay1,Experiment, 9,1, 4.jpg,4.jpg,180,180,6.702, 442.077,448.779,442.077,-7,0,0,1,AE4_180,2023-10-02 12:29:53.586
9142,PSYC-134130,TOTDay1,Experiment, 10,0, 7.jpg,7.jpg,330,120,12.846, 456.444,469.29,456.443,-8,0,0,2,AM7_330,2023-10-02 12:30:14.096
9142,PSYC-134130,TOTDay1,Experiment, 11,1, 3.jpg,3.jpg,240,240,15.598, 472.836,488.434,472.835,-7,0,0,3,BH3_240,2023-10-02 12:30:33.241
9142,PSYC-134130,TOTDay1,Experiment, 12,1, 11.jpg,11.jpg,180,180,9.51, 491.111,500.622,491.111,-6,0,0,1,BE11_180,2023-10-02 12:30:45.428
9142,PSYC-134130,TOTDay1,Experiment, 13,0, 10.jpg,10.jpg,60,120,9.319, 504.006,513.325,504.005,-7,0,0,2,BM10_60,2023-10-02 12:30:58.132
9142,PSYC-134130,TOTDay1,Experiment, 14,0, 9.jpg,9.jpg,240,150,26.032, 516.064,542.096,516.063,-8,0,0,3,AH9_240,2023-10-02 12:31:26.903
9142,PSYC-134130,TOTDay1,Experiment, 15,0, 7.jpg,7.jpg,270,300,11.466, 543.893,555.36,543.893,-9,0,0,1,BE7_270,2023-10-02 12:31:40.166
9142,PSYC-134130,TOTDay1,Experiment, 16,0, 6.jpg,6.jpg,90,210,6.803, 556.528,563.331,556.528,-10,0,0,1,BE6_90,2023-10-02 12:31:48.139
9142,PSYC-134130,TOTDay1,Experiment, 17,1, 9.jpg,9.jpg,30,30,10.009, 564.375,574.385,564.375,-9,0,0,2,BM9_30,2023-10-02 12:31:59.192
9142,PSYC-134130,TOTDay1,Experiment, 18,0, 8.jpg,8.jpg,210,330,30.205, 575.44,605.645,575.44,-10,0,0,3,AH8_210,2023-10-02 12:32:30.452
9141,PSYC-134128,TOTDay1,Training, 1,1, 2.jpg,2.jpg,90,90,10.688, 112.639,123.326,112.638,1,0,0,1,PE2_90,2023-10-02 12:31:25.038
9141,PSYC-134128,TOTDay1,Training, 2,0, 2.jpg,2.jpg,180,0,8.918, 126.831,135.749,126.83,0,0,0,1,PE2_180,2023-10-02 12:31:37.459
9141,PSYC-134128,TOTDay1,Training, 3,0, 2.jpg,2.jpg,60,300,4.939, 143.26,148.199,143.26,-1,0,0,2,PM2_60,2023-10-02 12:31:49.910
9141,PSYC-134128,TOTDay1,Training, 4,0, 2.jpg,2.jpg,30,120,7.171, 151.204,158.375,151.203,-2,0,0,2,PM2_30,2023-10-02 12:32:00.085
9141,PSYC-134128,TOTDay1,Training, 5,0, 2.jpg,2.jpg,210,330,4.687, 163.878,168.566,163.878,-3,0,0,3,PH2_210,2023-10-02 12:32:10.276
9141,PSYC-134128,TOTDay1,Training, 6,0, 2.jpg,2.jpg,120,240,6.385, 175.724,182.109,175.724,-4,0,0,3,PH2_120,2023-10-02 12:32:23.820
9141,PSYC-134128,TOTDay1,Training, 7,1, 2.jpg,2.jpg,0,0,6.313, 188.49,194.803,188.489,-3,0,0,1,PE2_0,2023-10-02 12:32:36.513
9141,PSYC-134128,TOTDay1,Training, 8,0, 2.jpg,2.jpg,240,300,6.167, 195.826,201.993,195.825,-4,0,0,3,PH2_240,2023-10-02 12:32:43.703
9141,PSYC-134128,TOTDay1,Training, 9,0, 2.jpg,2.jpg,330,0,3.955, 203.656,207.612,203.656,-5,0,0,2,PM2_330,2023-10-02 12:32:49.322
9141,PSYC-134128,TOTDay1,Training, 10,0, 2.jpg,2.jpg,150,30,5.308, 209.195,214.503,209.194,-6,0,0,3,PH2_150,2023-10-02 12:32:56.214
9141,PSYC-134128,TOTDay1,Training, 11,0, 2.jpg,2.jpg,300,240,7.631, 216.18,223.811,216.179,-7,0,0,2,PM2_300,2023-10-02 12:33:05.521
9141,PSYC-134128,TOTDay1,Training, 12,0, 2.jpg,2.jpg,270,90,6.987, 224.988,231.975,224.987,-8,0,0,1,PE2_270,2023-10-02 12:33:13.685
9141,PSYC-134128,TOTDay1,Experiment, 1,0, 4.jpg,4.jpg,210,90,5.746, 236.663,242.409,233.262,-1,0,0,3,BH4_210,2023-10-02 12:33:24.120
9141,PSYC-134128,TOTDay1,Experiment, 2,1, 7.jpg,7.jpg,270,270,11.259, 244.602,255.862,244.602,0,0,0,1,BE7_270,2023-10-02 12:33:37.572
9141,PSYC-134128,TOTDay1,Experiment, 3,1, 9.jpg,9.jpg,30,30,14.668, 258.224,272.892,258.223,1,0,0,2,BM9_30,2023-10-02 12:33:54.602
9141,PSYC-134128,TOTDay1,Experiment, 4,0, 11.jpg,11.jpg,60,120,10.064, 274.084,284.148,274.083,0,0,0,2,AM11_60,2023-10-02 12:34:05.858
9141,PSYC-134128,TOTDay1,Experiment, 5,1, 11.jpg,11.jpg,180,180,9.217, 295.506,304.723,295.505,1,0,0,1,BE11_180,2023-10-02 12:34:26.434
9141,PSYC-134128,TOTDay1,Experiment, 6,0, 8.jpg,8.jpg,210,90,4.063, 306.11,310.173,306.11,0,0,0,3,AH8_210,2023-10-02 12:34:31.883
9141,PSYC-134128,TOTDay1,Experiment, 7,0, 6.jpg,6.jpg,30,330,6.101, 311.218,317.319,311.218,-1,0,0,2,AM6_30,2023-10-02 12:34:39.029
9141,PSYC-134128,TOTDay1,Experiment, 8,0, 9.jpg,9.jpg,240,210,12.738, 318.571,331.309,318.57,-2,0,0,3,AH9_240,2023-10-02 12:34:53.020
9141,PSYC-134128,TOTDay1,Experiment, 9,0, 6.jpg,6.jpg,90,30,9.539, 332.32,341.859,332.32,-3,0,0,1,BE6_90,2023-10-02 12:35:03.570
9141,PSYC-134128,TOTDay1,Experiment, 10,0, 10.jpg,10.jpg,60,150,15.342, 342.557,357.899,342.557,-4,0,0,2,BM10_60,2023-10-02 12:35:19.609
9141,PSYC-134128,TOTDay1,Experiment, 11,0, 10.jpg,10.jpg,150,30,13.414, 360.256,373.671,360.256,-5,0,0,3,AH10_150,2023-10-02 12:35:35.382
9141,PSYC-134128,TOTDay1,Experiment, 12,0, 3.jpg,3.jpg,90,330,4.109, 376.592,380.701,376.592,-6,0,0,1,AE3_90,2023-10-02 12:35:42.411
9141,PSYC-134128,TOTDay1,Experiment, 13,0, 7.jpg,7.jpg,330,300,6.743, 381.534,388.277,381.534,-7,0,0,2,AM7_330,2023-10-02 12:35:49.988
9141,PSYC-134128,TOTDay1,Experiment, 14,0, 1.jpg,1.jpg,150,0,5.795, 388.926,394.721,388.925,-8,0,0,3,BH1_150,2023-10-02 12:35:56.432
9141,PSYC-134128,TOTDay1,Experiment, 15,0, 1.jpg,1.jpg,270,90,13.556, 395.444,409,395.443,-9,0,0,1,AE1_270,2023-10-02 12:36:10.710
9141,PSYC-134128,TOTDay1,Experiment, 16,0, 8.jpg,8.jpg,330,270,13.953, 409.578,423.531,409.577,-10,0,0,2,BM8_330,2023-10-02 12:36:25.242
9141,PSYC-134128,TOTDay1,Experiment, 17,0, 4.jpg,4.jpg,180,30,20.533, 424.082,444.615,424.081,-11,0,0,1,AE4_180,2023-10-02 12:36:46.326
9141,PSYC-134128,TOTDay1,Experiment, 18,0, 3.jpg,3.jpg,240,30,15.305, 445.302,460.607,445.301,-12,0,0,3,BH3_240,2023-10-02 12:37:02.318
9145,PSYC-134128,TOTDay1,Training, 1,1, 2.jpg,2.jpg,90,90,8.908, 83.061,91.967,83.059,1,0,0,1,PE2_90,2023-10-02 15:17:03.573
9145,PSYC-134128,TOTDay1,Training, 2,1, 2.jpg,2.jpg,180,180,4.038, 93.805,97.843,93.805,2,0,0,1,PE2_180,2023-10-02 15:17:09.448
9145,PSYC-134128,TOTDay1,Training, 3,0, 2.jpg,2.jpg,60,150,10.037, 98.465,108.502,98.465,1,0,0,2,PM2_60,2023-10-02 15:17:20.108
9145,PSYC-134128,TOTDay1,Training, 4,1, 2.jpg,2.jpg,30,30,9.905, 112.574,122.479,112.573,2,0,0,2,PM2_30,2023-10-02 15:17:34.084
9145,PSYC-134128,TOTDay1,Training, 5,1, 2.jpg,2.jpg,210,210,5.143, 123.417,128.561,123.417,3,0,0,3,PH2_210,2023-10-02 15:17:40.165
9145,PSYC-134128,TOTDay1,Training, 6,1, 2.jpg,2.jpg,120,120,5.452, 129.32,134.772,129.319,4,0,0,3,PH2_120,2023-10-02 15:17:46.377
9145,PSYC-134128,TOTDay1,Training, 7,1, 2.jpg,2.jpg,0,0,8.437, 135.585,144.022,135.585,5,0,0,1,PE2_0,2023-10-02 15:17:55.628
9145,PSYC-134128,TOTDay1,Training, 8,1, 2.jpg,2.jpg,240,240,7.553, 144.625,152.178,144.624,6,0,0,3,PH2_240,2023-10-02 15:18:03.784
9145,PSYC-134128,TOTDay1,Training, 9,0, 2.jpg,2.jpg,330,300,6.853, 152.659,159.513,152.659,5,0,0,2,PM2_330,2023-10-02 15:18:11.118
9145,PSYC-134128,TOTDay1,Training, 10,0, 2.jpg,2.jpg,150,210,8.734, 160.354,169.088,160.353,4,0,0,3,PH2_150,2023-10-02 15:18:20.693
9145,PSYC-134128,TOTDay1,Training, 11,0, 2.jpg,2.jpg,300,210,5.505, 169.953,175.458,169.952,3,0,0,2,PM2_300,2023-10-02 15:18:27.063
9145,PSYC-134128,TOTDay1,Training, 12,1, 2.jpg,2.jpg,270,270,7.098, 178.077,185.175,178.076,4,0,0,1,PE2_270,2023-10-02 15:18:36.779
9145,PSYC-134128,TOTDay1,Experiment, 1,1, 1.jpg,1.jpg,270,270,8.34, 188.414,196.754,185.853,1,0,0,1,AE1_270,2023-10-02 15:18:48.359
9145,PSYC-134128,TOTDay1,Experiment, 2,1, 6.jpg,6.jpg,30,30,8.953, 197.313,206.266,197.313,2,0,0,2,AM6_30,2023-10-02 15:18:57.871
9145,PSYC-134128,TOTDay1,Experiment, 3,1, 9.jpg,9.jpg,240,240,8.451, 206.819,215.271,206.819,3,0,0,3,AH9_240,2023-10-02 15:19:06.876
9145,PSYC-134128,TOTDay1,Experiment, 4,0, 7.jpg,7.jpg,330,300,6.416, 215.799,222.215,215.798,2,0,0,2,AM7_330,2023-10-02 15:19:13.820
9145,PSYC-134128,TOTDay1,Experiment, 5,0, 10.jpg,10.jpg,150,30,14.687, 224.027,238.714,224.026,1,0,0,3,AH10_150,2023-10-02 15:19:30.320
9145,PSYC-134128,TOTDay1,Experiment, 6,0, 7.jpg,7.jpg,270,180,7.078, 239.372,246.45,239.371,0,0,0,1,BE7_270,2023-10-02 15:19:38.056
9145,PSYC-134128,TOTDay1,Experiment, 7,1, 8.jpg,8.jpg,210,210,11.979, 248.029,260.009,248.029,1,0,0,3,AH8_210,2023-10-02 15:19:51.615
9145,PSYC-134128,TOTDay1,Experiment, 8,0, 9.jpg,9.jpg,30,330,8.891, 260.318,269.209,260.317,0,0,0,2,BM9_30,2023-10-02 15:20:00.814
9145,PSYC-134128,TOTDay1,Experiment, 9,1, 4.jpg,4.jpg,180,180,7.904, 269.935,277.839,269.935,1,0,0,1,AE4_180,2023-10-02 15:20:09.445
9145,PSYC-134128,TOTDay1,Experiment, 10,0, 6.jpg,6.jpg,90,270,12.924, 278.37,291.295,278.369,0,0,0,1,BE6_90,2023-10-02 15:20:22.901
9145,PSYC-134128,TOTDay1,Experiment, 11,1, 11.jpg,11.jpg,60,60,13.557, 292.639,306.196,292.639,1,0,0,2,AM11_60,2023-10-02 15:20:37.803
9145,PSYC-134128,TOTDay1,Experiment, 12,0, 3.jpg,3.jpg,240,210,15.54, 306.83,322.37,306.83,0,0,0,3,BH3_240,2023-10-02 15:20:53.977
9145,PSYC-134128,TOTDay1,Experiment, 13,1, 4.jpg,4.jpg,210,210,7.315, 322.945,330.26,322.944,1,0,0,3,BH4_210,2023-10-02 15:21:01.868
9145,PSYC-134128,TOTDay1,Experiment, 14,0, 8.jpg,8.jpg,330,210,20.238, 330.805,351.043,330.804,0,0,0,2,BM8_330,2023-10-02 15:21:22.650
9145,PSYC-134128,TOTDay1,Experiment, 15,1, 3.jpg,3.jpg,90,90,8.22, 351.703,359.923,351.702,1,0,0,1,AE3_90,2023-10-02 15:21:31.531
9145,PSYC-134128,TOTDay1,Experiment, 16,1, 1.jpg,1.jpg,150,150,6.22, 360.469,366.689,360.468,2,0,0,3,BH1_150,2023-10-02 15:21:38.296
9145,PSYC-134128,TOTDay1,Experiment, 17,1, 11.jpg,11.jpg,180,180,5.437, 367.145,372.583,367.145,3,0,0,1,BE11_180,2023-10-02 15:21:44.190
9145,PSYC-134128,TOTDay1,Experiment, 18,0, 10.jpg,10.jpg,60,210,21.571, 373.111,394.683,373.111,2,0,0,2,BM10_60,2023-10-02 15:22:06.291
9143,PSYC-134130,TOTDay1,Training, 1,1, 2.jpg,2.jpg,90,90,4.719, 23.79,28.506,23.789,1,0,0,1,PE2_90,2023-10-02 15:24:24.362
9143,PSYC-134130,TOTDay1,Training, 2,1, 2.jpg,2.jpg,180,180,3.85, 30.134,33.984,30.133,2,0,0,1,PE2_180,2023-10-02 15:24:29.838
9143,PSYC-134130,TOTDay1,Training, 3,1, 2.jpg,2.jpg,60,60,10.323, 34.6,44.923,34.6,3,0,0,2,PM2_60,2023-10-02 15:24:40.777
9143,PSYC-134130,TOTDay1,Training, 4,1, 2.jpg,2.jpg,30,30,2.749, 45.696,48.445,45.695,4,0,0,2,PM2_30,2023-10-02 15:24:44.299
9143,PSYC-134130,TOTDay1,Training, 5,1, 2.jpg,2.jpg,210,210,9.787, 49.17,58.957,49.169,5,0,0,3,PH2_210,2023-10-02 15:24:54.811
9143,PSYC-134130,TOTDay1,Training, 6,1, 2.jpg,2.jpg,120,120,4.493, 59.976,64.469,59.975,6,0,0,3,PH2_120,2023-10-02 15:25:00.324
9143,PSYC-134130,TOTDay1,Training, 7,1, 2.jpg,2.jpg,0,0,3.771, 65.258,69.029,65.258,7,0,0,1,PE2_0,2023-10-02 15:25:04.883
9143,PSYC-134130,TOTDay1,Training, 8,0, 2.jpg,2.jpg,240,0,0.693, 69.49,70.184,69.49,6,0,0,3,PH2_240,2023-10-02 15:25:06.038
9143,PSYC-134130,TOTDay1,Training, 9,0, 2.jpg,2.jpg,330,0,0.165, 70.344,70.509,70.344,5,0,0,2,PM2_330,2023-10-02 15:25:06.363
9143,PSYC-134130,TOTDay1,Training, 10,0, 2.jpg,2.jpg,150,0,0.175, 70.694,70.869,70.694,4,0,0,3,PH2_150,2023-10-02 15:25:06.723
9143,PSYC-134130,TOTDay1,Training, 11,0, 2.jpg,2.jpg,300,0,0.167, 71.03,71.197,71.029,3,0,0,2,PM2_300,2023-10-02 15:25:07.051
9143,PSYC-134130,TOTDay1,Training, 12,0, 2.jpg,2.jpg,270,0,0.167, 71.364,71.531,71.363,2,0,0,1,PE2_270,2023-10-02 15:25:07.386
9143,PSYC-134130,TOTDay1,Experiment, 1,1, 10.jpg,10.jpg,60,60,4.802, 75.335,80.137,73.158,1,0,0,2,BM10_60,2023-10-02 15:25:15.992
9143,PSYC-134130,TOTDay1,Experiment, 2,0, 3.jpg,3.jpg,240,150,5.115, 91.399,96.515,91.399,0,0,0,3,BH3_240,2023-10-02 15:25:32.369
9143,PSYC-134130,TOTDay1,Experiment, 3,1, 1.jpg,1.jpg,270,270,7.445, 119.81,127.255,119.809,1,0,0,1,AE1_270,2023-10-02 15:26:03.110
9143,PSYC-134130,TOTDay1,Experiment, 4,1, 7.jpg,7.jpg,330,330,5.307, 128.55,133.857,128.549,2,0,0,2,AM7_330,2023-10-02 15:26:09.712
9143,PSYC-134130,TOTDay1,Experiment, 5,1, 3.jpg,3.jpg,90,90,4.229, 134.392,138.622,134.392,3,0,0,1,AE3_90,2023-10-02 15:26:14.476
9143,PSYC-134130,TOTDay1,Experiment, 6,1, 10.jpg,10.jpg,150,150,4.965, 139.082,144.048,139.081,4,0,0,3,AH10_150,2023-10-02 15:26:19.902
9143,PSYC-134130,TOTDay1,Experiment, 7,0, 1.jpg,1.jpg,150,180,3.699, 144.528,148.227,144.528,3,0,0,3,BH1_150,2023-10-02 15:26:24.081
9143,PSYC-134130,TOTDay1,Experiment, 8,1, 9.jpg,9.jpg,30,30,11.294, 150.866,162.16,150.865,4,0,0,2,BM9_30,2023-10-02 15:26:38.014
9143,PSYC-134130,TOTDay1,Experiment, 9,1, 4.jpg,4.jpg,180,180,4.346, 162.624,166.97,162.623,5,0,0,1,AE4_180,2023-10-02 15:26:42.823
9143,PSYC-134130,TOTDay1,Experiment, 10,1, 6.jpg,6.jpg,90,90,8.084, 167.552,175.636,167.551,6,0,0,1,BE6_90,2023-10-02 15:26:51.490
9143,PSYC-134130,TOTDay1,Experiment, 11,1, 8.jpg,8.jpg,330,330,5.273, 176.642,181.915,176.641,7,0,0,2,BM8_330,2023-10-02 15:26:57.769
9143,PSYC-134130,TOTDay1,Experiment, 12,0, 9.jpg,9.jpg,240,210,9.157, 182.338,191.495,182.337,6,0,0,3,AH9_240,2023-10-02 15:27:07.350
9143,PSYC-134130,TOTDay1,Experiment, 13,0, 8.jpg,8.jpg,210,180,18.983, 195.054,214.037,195.053,5,0,0,3,AH8_210,2023-10-02 15:27:29.892
9143,PSYC-134130,TOTDay1,Experiment, 14,1, 6.jpg,6.jpg,30,30,3.668, 214.646,218.314,214.645,6,0,0,2,AM6_30,2023-10-02 15:27:34.168
9143,PSYC-134130,TOTDay1,Experiment, 15,1, 7.jpg,7.jpg,270,270,6.349, 218.794,225.143,218.794,7,0,0,1,BE7_270,2023-10-02 15:27:40.998
9143,PSYC-134130,TOTDay1,Experiment, 16,1, 11.jpg,11.jpg,180,180,5.508, 225.58,231.088,225.579,8,0,0,1,BE11_180,2023-10-02 15:27:46.942
9143,PSYC-134130,TOTDay1,Experiment, 17,1, 4.jpg,4.jpg,210,210,13.56, 231.708,245.268,231.707,9,0,0,3,BH4_210,2023-10-02 15:28:01.122
9143,PSYC-134130,TOTDay1,Experiment, 18,1, 11.jpg,11.jpg,60,60,8.375, 245.744,254.12,245.744,10,0,0,2,AM11_60,2023-10-02 15:28:09.974
9144,PSYC-132589,TOTDay1,Training, 1,1, 2.jpg,2.jpg,90,90,7.624, 52.258,59.88,52.257,1,0,0,1,PE2_90,2023-10-02 15:23:38.408
9144,PSYC-132589,TOTDay1,Training, 2,1, 2.jpg,2.jpg,180,180,4.057, 62.427,66.485,62.427,2,0,0,1,PE2_180,2023-10-02 15:23:45.011
9144,PSYC-132589,TOTDay1,Training, 3,0, 2.jpg,2.jpg,60,120,29.452, 66.999,96.451,66.999,1,0,0,2,PM2_60,2023-10-02 15:24:14.977
9144,PSYC-132589,TOTDay1,Training, 4,0, 2.jpg,2.jpg,30,90,7.241, 102.083,109.325,102.083,0,0,0,2,PM2_30,2023-10-02 15:24:27.851
9144,PSYC-132589,TOTDay1,Training, 5,0, 2.jpg,2.jpg,210,150,29.983, 112.561,142.545,112.561,-1,0,0,3,PH2_210,2023-10-02 15:25:01.070
9144,PSYC-132589,TOTDay1,Training, 6,0, 2.jpg,2.jpg,120,240,17.467, 150.436,167.903,150.435,-2,0,0,3,PH2_120,2023-10-02 15:25:26.428
9144,PSYC-132589,TOTDay1,Training, 7,0, 2.jpg,2.jpg,0,180,4.145, 173.145,177.291,173.145,-3,0,0,1,PE2_0,2023-10-02 15:25:35.816
9144,PSYC-132589,TOTDay1,Training, 8,1, 2.jpg,2.jpg,240,240,20.003, 180.58,200.583,180.579,-2,0,0,3,PH2_240,2023-10-02 15:25:59.108
9144,PSYC-132589,TOTDay1,Training, 9,0, 2.jpg,2.jpg,330,150,9.969, 201.527,211.497,201.527,-3,0,0,2,PM2_330,2023-10-02 15:26:10.021
9144,PSYC-132589,TOTDay1,Training, 10,1, 2.jpg,2.jpg,150,150,25.927, 216.09,242.017,216.089,-2,0,0,3,PH2_150,2023-10-02 15:26:40.541
9144,PSYC-132589,TOTDay1,Training, 11,0, 2.jpg,2.jpg,300,60,15.579, 242.922,258.501,242.921,-3,0,0,2,PM2_300,2023-10-02 15:26:57.025
9144,PSYC-132589,TOTDay1,Training, 12,1, 2.jpg,2.jpg,270,270,14.583, 260.413,274.997,260.413,-2,0,0,1,PE2_270,2023-10-02 15:27:13.521
9144,PSYC-132589,TOTDay1,Experiment, 1,1, 4.jpg,4.jpg,180,180,15.006, 279.998,295.005,275.835,1,0,0,1,AE4_180,2023-10-02 15:27:33.529
9144,PSYC-132589,TOTDay1,Experiment, 2,0, 6.jpg,6.jpg,30,60,13.115, 295.877,308.993,295.877,0,0,0,2,AM6_30,2023-10-02 15:27:47.517
9144,PSYC-132589,TOTDay1,Experiment, 3,0, 1.jpg,1.jpg,150,180,22.157, 310.597,332.755,310.597,-1,0,0,3,BH1_150,2023-10-02 15:28:11.279
9144,PSYC-132589,TOTDay1,Experiment, 4,0, 10.jpg,10.jpg,150,120,19.931, 334.717,354.649,334.717,-2,0,0,3,AH10_150,2023-10-02 15:28:33.172
9144,PSYC-132589,TOTDay1,Experiment, 5,1, 3.jpg,3.jpg,90,90,8.227, 355.637,363.865,355.637,-1,0,0,1,AE3_90,2023-10-02 15:28:42.388
9144,PSYC-132589,TOTDay1,Experiment, 6,1, 9.jpg,9.jpg,30,30,8.187, 366.119,374.307,366.118,0,0,0,2,BM9_30,2023-10-02 15:28:52.830
9144,PSYC-132589,TOTDay1,Experiment, 7,1, 4.jpg,4.jpg,210,210,11.801, 374.862,386.663,374.861,1,0,0,3,BH4_210,2023-10-02 15:29:05.187
9144,PSYC-132589,TOTDay1,Experiment, 8,1, 6.jpg,6.jpg,90,90,14.323, 387.807,402.131,387.807,2,0,0,1,BE6_90,2023-10-02 15:29:20.654
9144,PSYC-132589,TOTDay1,Experiment, 9,1, 7.jpg,7.jpg,330,330,10.796, 403.09,413.887,403.089,3,0,0,2,AM7_330,2023-10-02 15:29:32.409
9144,PSYC-132589,TOTDay1,Experiment, 10,1, 11.jpg,11.jpg,60,60,10.198, 414.685,424.883,414.685,4,0,0,2,AM11_60,2023-10-02 15:29:43.407
9144,PSYC-132589,TOTDay1,Experiment, 11,0, 3.jpg,3.jpg,240,120,17.847, 425.701,443.549,425.701,3,0,0,3,BH3_240,2023-10-02 15:30:02.072
9144,PSYC-132589,TOTDay1,Experiment, 12,0, 1.jpg,1.jpg,270,90,15.024, 445.436,460.46,445.436,2,0,0,1,AE1_270,2023-10-02 15:30:18.984
9144,PSYC-132589,TOTDay1,Experiment, 13,1, 10.jpg,10.jpg,60,60,15.079, 462.887,477.966,462.886,3,0,0,2,BM10_60,2023-10-02 15:30:36.489
9144,PSYC-132589,TOTDay1,Experiment, 14,1, 7.jpg,7.jpg,270,270,11.191, 479.573,490.765,479.573,4,0,0,1,BE7_270,2023-10-02 15:30:49.288
9144,PSYC-132589,TOTDay1,Experiment, 15,0, 8.jpg,8.jpg,210,240,17.301, 491.81,509.111,491.809,3,0,0,3,AH8_210,2023-10-02 15:31:07.634
9144,PSYC-132589,TOTDay1,Experiment, 16,0, 11.jpg,11.jpg,180,270,9.696, 511.18,520.876,511.179,2,0,0,1,BE11_180,2023-10-02 15:31:19.399
9144,PSYC-132589,TOTDay1,Experiment, 17,0, 9.jpg,9.jpg,240,210,13.022, 523.389,536.411,523.389,1,0,0,3,AH9_240,2023-10-02 15:31:34.934
9144,PSYC-132589,TOTDay1,Experiment, 18,1, 8.jpg,8.jpg,330,330,8.249, 536.997,545.246,536.997,2,0,0,2,BM8_330,2023-10-02 15:31:43.769
9148,PSYC-132589,TOTDay1,Training, 1,1, 2.jpg,2.jpg,90,90,3.719, 22.078,25.79,22.077,1,0,0,1,PE2_90,2023-10-03 09:28:03.549
9148,PSYC-132589,TOTDay1,Training, 2,0, 2.jpg,2.jpg,180,270,5.586, 30.225,35.812,30.224,0,0,0,1,PE2_180,2023-10-03 09:28:13.564
9148,PSYC-132589,TOTDay1,Training, 3,0, 2.jpg,2.jpg,60,0,0.254, 42.853,43.107,42.852,-1,0,0,2,PM2_60,2023-10-03 09:28:20.859
9148,PSYC-132589,TOTDay1,Training, 4,0, 2.jpg,2.jpg,30,240,3.276, 54.448,57.724,54.448,-2,0,0,2,PM2_30,2023-10-03 09:28:35.476
9148,PSYC-132589,TOTDay1,Training, 5,0, 2.jpg,2.jpg,210,150,4.1, 61.363,65.464,61.363,-3,0,0,3,PH2_210,2023-10-03 09:28:43.216
9148,PSYC-132589,TOTDay1,Training, 6,0, 2.jpg,2.jpg,120,0,0.593, 72.234,72.828,72.233,-4,0,0,3,PH2_120,2023-10-03 09:28:50.579
9148,PSYC-132589,TOTDay1,Training, 7,0, 2.jpg,2.jpg,0,30,2.819, 78.292,81.112,78.292,-5,0,0,1,PE2_0,2023-10-03 09:28:58.864
9148,PSYC-132589,TOTDay1,Training, 8,0, 2.jpg,2.jpg,240,30,2.295, 82.527,84.822,82.526,-6,0,0,3,PH2_240,2023-10-03 09:29:02.574
9148,PSYC-132589,TOTDay1,Training, 9,0, 2.jpg,2.jpg,330,30,2.662, 87.448,90.11,87.448,-7,0,0,2,PM2_330,2023-10-03 09:29:07.862
9148,PSYC-132589,TOTDay1,Training, 10,0, 2.jpg,2.jpg,150,30,2.709, 92.23,94.94,92.23,-8,0,0,3,PH2_150,2023-10-03 09:29:12.691
9148,PSYC-132589,TOTDay1,Training, 11,0, 2.jpg,2.jpg,300,30,1.989, 96.027,98.016,96.027,-9,0,0,2,PM2_300,2023-10-03 09:29:15.768
9148,PSYC-132589,TOTDay1,Training, 12,0, 2.jpg,2.jpg,270,120,2.598, 98.905,101.503,98.904,-10,0,0,1,PE2_270,2023-10-03 09:29:19.254
9148,PSYC-132589,TOTDay1,Experiment, 1,0, 6.jpg,6.jpg,30,60,4.668, 105.552,110.22,102.606,-1,0,0,2,AM6_30,2023-10-03 09:29:27.972
9148,PSYC-132589,TOTDay1,Experiment, 2,0, 1.jpg,1.jpg,150,180,3.076, 113.722,116.798,113.721,-2,0,0,3,BH1_150,2023-10-03 09:29:34.550
9148,PSYC-132589,TOTDay1,Experiment, 3,0, 3.jpg,3.jpg,90,270,2.511, 117.914,120.426,117.914,-3,0,0,1,AE3_90,2023-10-03 09:29:38.178
9148,PSYC-132589,TOTDay1,Experiment, 4,0, 7.jpg,7.jpg,270,210,2.461, 122.202,124.664,122.202,-4,0,0,1,BE7_270,2023-10-03 09:29:42.415
9148,PSYC-132589,TOTDay1,Experiment, 5,0, 10.jpg,10.jpg,150,210,2.015, 125.347,127.362,125.346,-5,0,0,3,AH10_150,2023-10-03 09:29:45.114
9148,PSYC-132589,TOTDay1,Experiment, 6,0, 11.jpg,11.jpg,60,240,1.669, 128.712,130.381,128.712,-6,0,0,2,AM11_60,2023-10-03 09:29:48.133
9148,PSYC-132589,TOTDay1,Experiment, 7,0, 8.jpg,8.jpg,330,60,1.461, 130.912,132.373,130.911,-7,0,0,2,BM8_330,2023-10-03 09:29:50.125
9148,PSYC-132589,TOTDay1,Experiment, 8,0, 4.jpg,4.jpg,210,120,8.839, 132.836,141.676,132.836,-8,0,0,3,BH4_210,2023-10-03 09:29:59.428
9148,PSYC-132589,TOTDay1,Experiment, 9,0, 1.jpg,1.jpg,270,150,2.989, 141.974,144.963,141.974,-9,0,0,1,AE1_270,2023-10-03 09:30:02.715
9148,PSYC-132589,TOTDay1,Experiment, 10,0, 9.jpg,9.jpg,30,150,2.363, 148.667,151.031,148.667,-10,0,0,2,BM9_30,2023-10-03 09:30:08.783
9148,PSYC-132589,TOTDay1,Experiment, 11,0, 11.jpg,11.jpg,180,270,3.724, 152.556,156.28,152.555,-11,0,0,1,BE11_180,2023-10-03 09:30:14.031
9148,PSYC-132589,TOTDay1,Experiment, 12,1, 8.jpg,8.jpg,210,210,2.95, 157.13,160.08,157.129,-10,0,0,3,AH8_210,2023-10-03 09:30:17.831
9148,PSYC-132589,TOTDay1,Experiment, 13,0, 7.jpg,7.jpg,330,60,3.125, 161.028,164.154,161.028,-11,0,0,2,AM7_330,2023-10-03 09:30:21.905
9148,PSYC-132589,TOTDay1,Experiment, 14,0, 6.jpg,6.jpg,90,330,4.334, 167.282,171.616,167.281,-12,0,0,1,BE6_90,2023-10-03 09:30:29.368
9148,PSYC-132589,TOTDay1,Experiment, 15,0, 3.jpg,3.jpg,240,90,2.429, 172.082,174.512,172.082,-13,0,0,3,BH3_240,2023-10-03 09:30:32.263
9148,PSYC-132589,TOTDay1,Experiment, 16,0, 4.jpg,4.jpg,180,90,4.2, 175.179,179.38,175.178,-14,0,0,1,AE4_180,2023-10-03 09:30:37.131
9148,PSYC-132589,TOTDay1,Experiment, 17,0, 9.jpg,9.jpg,240,90,1.698, 183.017,184.715,183.016,-15,0,0,3,AH9_240,2023-10-03 09:30:42.466
9148,PSYC-132589,TOTDay1,Experiment, 18,0, 10.jpg,10.jpg,60,90,3.308, 187.345,190.653,187.345,-16,0,0,2,BM10_60,2023-10-03 09:30:48.405
9146,PSYC-134130,TOTDay1,Training, 1,1, 2.jpg,2.jpg,90,90,9.365, 68.568,77.926,68.567,1,0,0,1,PE2_90,2023-10-03 09:26:18.674
9146,PSYC-134130,TOTDay1,Training, 2,1, 2.jpg,2.jpg,180,180,8.882, 79.424,88.306,79.423,2,0,0,1,PE2_180,2023-10-03 09:26:29.046
9146,PSYC-134130,TOTDay1,Training, 3,0, 2.jpg,2.jpg,60,150,18.056, 88.834,106.89,88.833,1,0,0,2,PM2_60,2023-10-03 09:26:47.630
9146,PSYC-134130,TOTDay1,Training, 4,0, 2.jpg,2.jpg,30,210,5.573, 110.768,116.341,110.768,0,0,0,2,PM2_30,2023-10-03 09:26:57.083
9146,PSYC-134130,TOTDay1,Training, 5,1, 2.jpg,2.jpg,210,210,10.73, 119.002,129.732,119.001,1,0,0,3,PH2_210,2023-10-03 09:27:10.473
9146,PSYC-134130,TOTDay1,Training, 6,0, 2.jpg,2.jpg,120,240,13.499, 130.428,143.927,130.427,0,0,0,3,PH2_120,2023-10-03 09:27:24.668
9146,PSYC-134130,TOTDay1,Training, 7,1, 2.jpg,2.jpg,0,0,5.003, 150.326,155.329,150.325,1,0,0,1,PE2_0,2023-10-03 09:27:36.070
9146,PSYC-134130,TOTDay1,Training, 8,0, 2.jpg,2.jpg,240,210,13.862, 155.978,169.839,155.977,0,0,0,3,PH2_240,2023-10-03 09:27:50.581
9146,PSYC-134130,TOTDay1,Training, 9,0, 2.jpg,2.jpg,330,120,4.158, 170.76,174.918,170.76,-1,0,0,2,PM2_330,2023-10-03 09:27:55.659
9146,PSYC-134130,TOTDay1,Training, 10,1, 2.jpg,2.jpg,150,150,18.624, 176.014,194.638,176.014,0,0,0,3,PH2_150,2023-10-03 09:28:15.379
9146,PSYC-134130,TOTDay1,Training, 11,1, 2.jpg,2.jpg,300,300,13.89, 195.447,209.337,195.447,1,0,0,2,PM2_300,2023-10-03 09:28:30.078
9146,PSYC-134130,TOTDay1,Training, 12,1, 2.jpg,2.jpg,270,270,9.491, 210.08,219.571,210.079,2,0,0,1,PE2_270,2023-10-03 09:28:40.313
9146,PSYC-134130,TOTDay1,Experiment, 1,0, 10.jpg,10.jpg,60,30,13.969, 221.763,235.732,220.187,-1,0,0,2,BM10_60,2023-10-03 09:28:56.473
9146,PSYC-134130,TOTDay1,Experiment, 2,1, 4.jpg,4.jpg,180,180,10.407, 236.704,247.112,236.704,0,0,0,1,AE4_180,2023-10-03 09:29:07.853
9146,PSYC-134130,TOTDay1,Experiment, 3,0, 3.jpg,3.jpg,240,210,28.342, 247.752,276.094,247.751,-1,0,0,3,BH3_240,2023-10-03 09:29:36.835
9146,PSYC-134130,TOTDay1,Experiment, 4,1, 7.jpg,7.jpg,270,270,14.718, 276.846,291.563,276.845,0,0,0,1,BE7_270,2023-10-03 09:29:52.305
9146,PSYC-134130,TOTDay1,Experiment, 5,1, 6.jpg,6.jpg,30,30,10.935, 292.146,303.081,292.145,1,0,0,2,AM6_30,2023-10-03 09:30:03.822
9146,PSYC-134130,TOTDay1,Experiment, 6,0, 1.jpg,1.jpg,150,120,30.561, 303.62,334.182,303.62,0,0,0,3,BH1_150,2023-10-03 09:30:34.923
9146,PSYC-134130,TOTDay1,Experiment, 7,1, 3.jpg,3.jpg,90,90,19.964, 335.045,355.009,335.044,1,0,0,1,AE3_90,2023-10-03 09:30:55.750
9146,PSYC-134130,TOTDay1,Experiment, 8,1, 7.jpg,7.jpg,330,330,9.286, 355.598,364.884,355.597,2,0,0,2,AM7_330,2023-10-03 09:31:05.625
9146,PSYC-134130,TOTDay1,Experiment, 9,1, 8.jpg,8.jpg,210,210,24.214, 365.462,389.676,365.462,3,0,0,3,AH8_210,2023-10-03 09:31:30.417
9146,PSYC-134130,TOTDay1,Experiment, 10,1, 9.jpg,9.jpg,30,30,12.456, 390.292,402.748,390.292,4,0,0,2,BM9_30,2023-10-03 09:31:43.489
9146,PSYC-134130,TOTDay1,Experiment, 11,0, 10.jpg,10.jpg,150,120,17.67, 403.278,420.948,403.278,3,0,0,3,AH10_150,2023-10-03 09:32:01.690
9146,PSYC-134130,TOTDay1,Experiment, 12,1, 11.jpg,11.jpg,180,180,9.687, 421.592,431.28,421.592,4,0,0,1,BE11_180,2023-10-03 09:32:12.021
9146,PSYC-134130,TOTDay1,Experiment, 13,0, 9.jpg,9.jpg,240,120,23.866, 431.768,455.634,431.768,3,0,0,3,AH9_240,2023-10-03 09:32:36.375
9146,PSYC-134130,TOTDay1,Experiment, 14,1, 1.jpg,1.jpg,270,270,17.551, 456.247,473.798,456.246,4,0,0,1,AE1_270,2023-10-03 09:32:54.539
9146,PSYC-134130,TOTDay1,Experiment, 15,1, 8.jpg,8.jpg,330,330,7.047, 474.302,481.35,474.302,5,0,0,2,BM8_330,2023-10-03 09:33:02.090
9146,PSYC-134130,TOTDay1,Experiment, 16,0, 11.jpg,11.jpg,60,30,17.862, 481.978,499.84,481.978,4,0,0,2,AM11_60,2023-10-03 09:33:20.581
9146,PSYC-134130,TOTDay1,Experiment, 17,0, 4.jpg,4.jpg,210,270,11.008, 500.362,511.37,500.362,3,0,0,3,BH4_210,2023-10-03 09:33:32.111
9146,PSYC-134130,TOTDay1,Experiment, 18,1, 6.jpg,6.jpg,90,90,13.817, 512.343,526.16,512.342,4,0,0,1,BE6_90,2023-10-03 09:33:46.901
9147,PSYC-134128,TOTDay1,Training, 1,1, 2.jpg,2.jpg,90,90,7.427, 16.694,24.114,16.692,1,0,0,1,PE2_90,2023-10-03 09:43:52.979
9147,PSYC-134128,TOTDay1,Training, 2,1, 2.jpg,2.jpg,180,180,4.583, 26.756,31.339,26.755,2,0,0,1,PE2_180,2023-10-03 09:44:00.198
9147,PSYC-134128,TOTDay1,Training, 3,1, 2.jpg,2.jpg,60,60,16.252, 31.987,48.239,31.986,3,0,0,2,PM2_60,2023-10-03 09:44:17.098
9147,PSYC-134128,TOTDay1,Training, 4,1, 2.jpg,2.jpg,30,30,8.245, 48.78,57.025,48.78,4,0,0,2,PM2_30,2023-10-03 09:44:25.884
9147,PSYC-134128,TOTDay1,Training, 5,1, 2.jpg,2.jpg,210,210,7.357, 57.452,64.809,57.451,5,0,0,3,PH2_210,2023-10-03 09:44:33.668
9147,PSYC-134128,TOTDay1,Training, 6,1, 2.jpg,2.jpg,120,120,7.745, 65.24,72.985,65.239,6,0,0,3,PH2_120,2023-10-03 09:44:41.844
9147,PSYC-134128,TOTDay1,Training, 7,1, 2.jpg,2.jpg,0,0,3.609, 73.956,77.565,73.955,7,0,0,1,PE2_0,2023-10-03 09:44:46.424
9147,PSYC-134128,TOTDay1,Training, 8,1, 2.jpg,2.jpg,240,240,8.889, 78.074,86.963,78.073,8,0,0,3,PH2_240,2023-10-03 09:44:55.822
9147,PSYC-134128,TOTDay1,Training, 9,1, 2.jpg,2.jpg,330,330,14.561, 87.336,101.898,87.336,9,0,0,2,PM2_330,2023-10-03 09:45:10.756
9147,PSYC-134128,TOTDay1,Training, 10,1, 2.jpg,2.jpg,150,150,19.572, 102.286,121.857,102.285,10,0,0,3,PH2_150,2023-10-03 09:45:30.716
9147,PSYC-134128,TOTDay1,Training, 11,1, 2.jpg,2.jpg,300,300,16.624, 122.266,138.889,122.265,11,0,0,2,PM2_300,2023-10-03 09:45:47.748
9147,PSYC-134128,TOTDay1,Training, 12,1, 2.jpg,2.jpg,270,270,3.832, 139.368,143.199,139.367,12,0,0,1,PE2_270,2023-10-03 09:45:52.058
9147,PSYC-134128,TOTDay1,Experiment, 1,1, 8.jpg,8.jpg,330,330,15.865, 145.464,161.33,143.778,1,0,0,2,BM8_330,2023-10-03 09:46:10.189
9147,PSYC-134128,TOTDay1,Experiment, 2,1, 8.jpg,8.jpg,210,210,11.468, 161.854,173.322,161.853,2,0,0,3,AH8_210,2023-10-03 09:46:22.181
9147,PSYC-134128,TOTDay1,Experiment, 3,1, 6.jpg,6.jpg,90,90,13.403, 173.731,187.135,173.731,3,0,0,1,BE6_90,2023-10-03 09:46:35.994
9147,PSYC-134128,TOTDay1,Experiment, 4,1, 4.jpg,4.jpg,210,210,10.769, 187.48,198.249,187.48,4,0,0,3,BH4_210,2023-10-03 09:46:47.108
9147,PSYC-134128,TOTDay1,Experiment, 5,1, 3.jpg,3.jpg,90,90,10.352, 198.726,209.079,198.726,5,0,0,1,AE3_90,2023-10-03 09:46:57.938
9147,PSYC-134128,TOTDay1,Experiment, 6,1, 7.jpg,7.jpg,330,330,14.908, 209.44,224.348,209.439,6,0,0,2,AM7_330,2023-10-03 09:47:13.206
9147,PSYC-134128,TOTDay1,Experiment, 7,0, 9.jpg,9.jpg,30,60,17.125, 224.668,241.793,224.668,5,0,0,2,BM9_30,2023-10-03 09:47:30.652
9147,PSYC-134128,TOTDay1,Experiment, 8,0, 10.jpg,10.jpg,150,120,16.367, 243.247,259.615,243.247,4,0,0,3,AH10_150,2023-10-03 09:47:48.474
9147,PSYC-134128,TOTDay1,Experiment, 9,1, 1.jpg,1.jpg,270,270,10.937, 260.36,271.297,260.359,5,0,0,1,AE1_270,2023-10-03 09:48:00.157
9147,PSYC-134128,TOTDay1,Experiment, 10,0, 1.jpg,1.jpg,150,180,20.312, 271.795,292.108,271.795,4,0,0,3,BH1_150,2023-10-03 09:48:20.967
9147,PSYC-134128,TOTDay1,Experiment, 11,1, 7.jpg,7.jpg,270,270,18.599, 293.328,311.927,293.327,5,0,0,1,BE7_270,2023-10-03 09:48:40.786
9147,PSYC-134128,TOTDay1,Experiment, 12,1, 10.jpg,10.jpg,60,60,17.185, 312.55,329.735,312.549,6,0,0,2,BM10_60,2023-10-03 09:48:58.594
9147,PSYC-134128,TOTDay1,Experiment, 13,0, 11.jpg,11.jpg,60,30,26.353, 330.228,356.581,330.227,5,0,0,2,AM11_60,2023-10-03 09:49:25.440
9147,PSYC-134128,TOTDay1,Experiment, 14,1, 4.jpg,4.jpg,180,180,6.05, 357.333,363.383,357.332,6,0,0,1,AE4_180,2023-10-03 09:49:32.242
9147,PSYC-134128,TOTDay1,Experiment, 15,0, 9.jpg,9.jpg,240,210,18.207, 363.817,382.025,363.817,5,0,0,3,AH9_240,2023-10-03 09:49:50.884
9147,PSYC-134128,TOTDay1,Experiment, 16,1, 11.jpg,11.jpg,180,180,8.649, 382.956,391.605,382.956,6,0,0,1,BE11_180,2023-10-03 09:50:00.465
9147,PSYC-134128,TOTDay1,Experiment, 17,1, 6.jpg,6.jpg,30,30,13.223, 392.058,405.282,392.058,7,0,0,2,AM6_30,2023-10-03 09:50:14.141
9147,PSYC-134128,TOTDay1,Experiment, 18,0, 3.jpg,3.jpg,240,210,17.547, 405.798,423.345,405.797,6,0,0,3,BH3_240,2023-10-03 09:50:32.205
9149,PSYC-132589,TOTDay1,Training, 1,0, 2.jpg,2.jpg,90,30,5.822, 33.13,38.949,33.129,-1,0,0,1,PE2_90,2023-10-03 12:15:48.094
9149,PSYC-132589,TOTDay1,Training, 2,1, 2.jpg,2.jpg,180,180,5.371, 49.996,55.367,49.995,0,0,0,1,PE2_180,2023-10-03 12:16:04.510
9149,PSYC-132589,TOTDay1,Training, 3,0, 2.jpg,2.jpg,60,150,4.229, 56.157,60.386,56.156,-1,0,0,2,PM2_60,2023-10-03 12:16:09.530
9149,PSYC-132589,TOTDay1,Training, 4,1, 2.jpg,2.jpg,30,30,6.029, 65.008,71.037,65.008,0,0,0,2,PM2_30,2023-10-03 12:16:20.181
9149,PSYC-132589,TOTDay1,Training, 5,1, 2.jpg,2.jpg,210,210,4.633, 73.052,77.684,73.051,1,0,0,3,PH2_210,2023-10-03 12:16:26.827
9149,PSYC-132589,TOTDay1,Training, 6,0, 2.jpg,2.jpg,120,330,11.042, 78.451,89.493,78.45,0,0,0,3,PH2_120,2023-10-03 12:16:38.635
9149,PSYC-132589,TOTDay1,Training, 7,0, 2.jpg,2.jpg,0,180,6.999, 99.278,106.277,99.278,-1,0,0,1,PE2_0,2023-10-03 12:16:55.421
9149,PSYC-132589,TOTDay1,Training, 8,0, 2.jpg,2.jpg,240,30,6.229, 109.552,115.781,109.551,-2,0,0,3,PH2_240,2023-10-03 12:17:04.924
9149,PSYC-132589,TOTDay1,Training, 9,0, 2.jpg,2.jpg,330,210,4.798, 120.102,124.901,120.101,-3,0,0,2,PM2_330,2023-10-03 12:17:14.044
9149,PSYC-132589,TOTDay1,Training, 10,0, 2.jpg,2.jpg,150,300,3.728, 127.753,131.481,127.752,-4,0,0,3,PH2_150,2023-10-03 12:17:20.624
9149,PSYC-132589,TOTDay1,Training, 11,0, 2.jpg,2.jpg,300,60,3.61, 132.131,135.741,132.131,-5,0,0,2,PM2_300,2023-10-03 12:17:24.884
9149,PSYC-132589,TOTDay1,Training, 12,0, 2.jpg,2.jpg,270,90,3.043, 136.228,139.271,136.227,-6,0,0,1,PE2_270,2023-10-03 12:17:28.414
9149,PSYC-132589,TOTDay1,Experiment, 1,0, 10.jpg,10.jpg,60,120,4.195, 143.197,147.392,140.041,-1,0,0,2,BM10_60,2023-10-03 12:17:36.535
9149,PSYC-132589,TOTDay1,Experiment, 2,0, 10.jpg,10.jpg,150,60,2.478, 151.275,153.753,151.273,-2,0,0,3,AH10_150,2023-10-03 12:17:42.897
9149,PSYC-132589,TOTDay1,Experiment, 3,0, 6.jpg,6.jpg,90,60,1.904, 154.192,156.096,154.191,-3,0,0,1,BE6_90,2023-10-03 12:17:45.239
9149,PSYC-132589,TOTDay1,Experiment, 4,0, 6.jpg,6.jpg,30,60,1.98, 156.46,158.44,156.459,-4,0,0,2,AM6_30,2023-10-03 12:17:47.583
9149,PSYC-132589,TOTDay1,Experiment, 5,0, 11.jpg,11.jpg,180,60,1.844, 158.873,160.716,158.872,-5,0,0,1,BE11_180,2023-10-03 12:17:49.859
9149,PSYC-132589,TOTDay1,Experiment, 6,0, 1.jpg,1.jpg,150,120,2.55, 161.107,163.656,161.106,-6,0,0,3,BH1_150,2023-10-03 12:17:52.799
9149,PSYC-132589,TOTDay1,Experiment, 7,0, 8.jpg,8.jpg,210,150,2.78, 164.152,166.932,164.151,-7,0,0,3,AH8_210,2023-10-03 12:17:56.075
9149,PSYC-132589,TOTDay1,Experiment, 8,0, 7.jpg,7.jpg,270,150,1.722, 167.411,169.133,167.41,-8,0,0,1,BE7_270,2023-10-03 12:17:58.276
9149,PSYC-132589,TOTDay1,Experiment, 9,0, 11.jpg,11.jpg,60,120,1.826, 169.592,171.419,169.592,-9,0,0,2,AM11_60,2023-10-03 12:18:00.561
9149,PSYC-132589,TOTDay1,Experiment, 10,0, 1.jpg,1.jpg,270,120,2.081, 171.826,173.907,171.826,-10,0,0,1,AE1_270,2023-10-03 12:18:03.050
9149,PSYC-132589,TOTDay1,Experiment, 11,0, 7.jpg,7.jpg,330,120,4.593, 174.252,178.844,174.251,-11,0,0,2,AM7_330,2023-10-03 12:18:07.987
9149,PSYC-132589,TOTDay1,Experiment, 12,0, 4.jpg,4.jpg,210,60,2.687, 179.554,182.241,179.553,-12,0,0,3,BH4_210,2023-10-03 12:18:11.384
9149,PSYC-132589,TOTDay1,Experiment, 13,0, 3.jpg,3.jpg,240,330,2.908, 182.737,185.645,182.736,-13,0,0,3,BH3_240,2023-10-03 12:18:14.787
9149,PSYC-132589,TOTDay1,Experiment, 14,0, 8.jpg,8.jpg,330,210,3.336, 186.146,189.482,186.145,-14,0,0,2,BM8_330,2023-10-03 12:18:18.625
9149,PSYC-132589,TOTDay1,Experiment, 15,0, 4.jpg,4.jpg,180,60,2.559, 189.902,192.461,189.901,-15,0,0,1,AE4_180,2023-10-03 12:18:21.603
9149,PSYC-132589,TOTDay1,Experiment, 16,0, 3.jpg,3.jpg,90,120,2.887, 192.852,195.739,192.851,-16,0,0,1,AE3_90,2023-10-03 12:18:24.881
9149,PSYC-132589,TOTDay1,Experiment, 17,1, 9.jpg,9.jpg,30,30,4.234, 196.205,200.439,196.204,-15,0,0,2,BM9_30,2023-10-03 12:18:29.582
9149,PSYC-132589,TOTDay1,Experiment, 18,0, 9.jpg,9.jpg,240,90,2.718, 200.945,203.663,200.944,-16,0,0,3,AH9_240,2023-10-03 12:18:32.806
9151,PSYC-134130,TOTDay1,Training, 1,0, 2.jpg,2.jpg,90,180,6.408, 63.389,69.796,63.388,-1,0,0,1,PE2_90,2023-10-03 12:14:31.568
9151,PSYC-134130,TOTDay1,Training, 2,0, 2.jpg,2.jpg,180,0,8.88, 82.19,91.07,82.19,-2,0,0,1,PE2_180,2023-10-03 12:14:52.841
9151,PSYC-134130,TOTDay1,Training, 3,0, 2.jpg,2.jpg,60,90,9.789, 101.536,111.326,101.536,-3,0,0,2,PM2_60,2023-10-03 12:15:13.097
9151,PSYC-134130,TOTDay1,Training, 4,0, 2.jpg,2.jpg,30,120,9.157, 118.421,127.578,118.42,-4,0,0,2,PM2_30,2023-10-03 12:15:29.349
9151,PSYC-134130,TOTDay1,Training, 5,0, 2.jpg,2.jpg,210,330,6.071, 130.482,136.554,130.482,-5,0,0,3,PH2_210,2023-10-03 12:15:38.324
9151,PSYC-134130,TOTDay1,Training, 6,0, 2.jpg,2.jpg,120,240,3.91, 143.406,147.316,143.406,-6,0,0,3,PH2_120,2023-10-03 12:15:49.087
9151,PSYC-134130,TOTDay1,Training, 7,1, 2.jpg,2.jpg,0,0,3.671, 152.91,156.582,152.91,-5,0,0,1,PE2_0,2023-10-03 12:15:58.353
9151,PSYC-134130,TOTDay1,Training, 8,1, 2.jpg,2.jpg,240,240,8.387, 158.89,167.278,158.89,-4,0,0,3,PH2_240,2023-10-03 12:16:09.049
9151,PSYC-134130,TOTDay1,Training, 9,1, 2.jpg,2.jpg,330,330,7.236, 170.654,177.89,170.654,-3,0,0,2,PM2_330,2023-10-03 12:16:19.661
9151,PSYC-134130,TOTDay1,Training, 10,0, 2.jpg,2.jpg,150,30,10.631, 180.512,191.144,180.512,-4,0,0,3,PH2_150,2023-10-03 12:16:32.914
9151,PSYC-134130,TOTDay1,Training, 11,0, 2.jpg,2.jpg,300,150,6.759, 194.094,200.854,194.094,-5,0,0,2,PM2_300,2023-10-03 12:16:42.625
9151,PSYC-134130,TOTDay1,Training, 12,0, 2.jpg,2.jpg,270,90,5.913, 202.956,208.87,202.956,-6,0,0,1,PE2_270,2023-10-03 12:16:50.641
9151,PSYC-134130,TOTDay1,Experiment, 1,0, 6.jpg,6.jpg,30,240,5.465, 212.378,217.844,210.776,-1,0,0,2,AM6_30,2023-10-03 12:16:59.614
9151,PSYC-134130,TOTDay1,Experiment, 2,0, 4.jpg,4.jpg,180,60,6.553, 220.962,227.516,220.962,-2,0,0,1,AE4_180,2023-10-03 12:17:09.287
9151,PSYC-134130,TOTDay1,Experiment, 3,0, 4.jpg,4.jpg,210,30,6.127, 228.996,235.124,228.996,-3,0,0,3,BH4_210,2023-10-03 12:17:16.895
9151,PSYC-134130,TOTDay1,Experiment, 4,0, 11.jpg,11.jpg,180,0,3.441, 236.328,239.77,236.328,-4,0,0,1,BE11_180,2023-10-03 12:17:21.541
9151,PSYC-134130,TOTDay1,Experiment, 5,1, 9.jpg,9.jpg,30,30,6.119, 243.974,250.094,243.974,-3,0,0,2,BM9_30,2023-10-03 12:17:31.865
9151,PSYC-134130,TOTDay1,Experiment, 6,0, 10.jpg,10.jpg,150,120,5.485, 251.342,256.828,251.342,-4,0,0,3,AH10_150,2023-10-03 12:17:38.599
9151,PSYC-134130,TOTDay1,Experiment, 7,0, 11.jpg,11.jpg,60,300,6.613, 260.58,267.194,260.58,-5,0,0,2,AM11_60,2023-10-03 12:17:48.965
9151,PSYC-134130,TOTDay1,Experiment, 8,0, 1.jpg,1.jpg,270,30,7.155, 269.798,276.954,269.798,-6,0,0,1,AE1_270,2023-10-03 12:17:58.724
9151,PSYC-134130,TOTDay1,Experiment, 9,0, 3.jpg,3.jpg,240,120,9.572, 277.84,287.412,277.84,-7,0,0,3,BH3_240,2023-10-03 12:18:09.183
9151,PSYC-134130,TOTDay1,Experiment, 10,0, 8.jpg,8.jpg,210,330,7.585, 288.497,296.082,288.496,-8,0,0,3,AH8_210,2023-10-03 12:18:17.854
9151,PSYC-134130,TOTDay1,Experiment, 11,1, 10.jpg,10.jpg,60,60,7.806, 296.912,304.718,296.912,-7,0,0,2,BM10_60,2023-10-03 12:18:26.489
9151,PSYC-134130,TOTDay1,Experiment, 12,0, 6.jpg,6.jpg,90,120,6.095, 314.514,320.61,314.514,-8,0,0,1,BE6_90,2023-10-03 12:18:42.380
9151,PSYC-134130,TOTDay1,Experiment, 13,0, 1.jpg,1.jpg,150,90,5.794, 321.86,327.654,321.86,-9,0,0,3,BH1_150,2023-10-03 12:18:49.425
9151,PSYC-134130,TOTDay1,Experiment, 14,0, 7.jpg,7.jpg,270,300,5.881, 328.828,334.71,328.828,-10,0,0,1,BE7_270,2023-10-03 12:18:56.481
9151,PSYC-134130,TOTDay1,Experiment, 15,0, 7.jpg,7.jpg,330,120,6.91, 335.992,342.902,335.992,-11,0,0,2,AM7_330,2023-10-03 12:19:04.673
9151,PSYC-134130,TOTDay1,Experiment, 16,0, 8.jpg,8.jpg,330,0,3.032, 343.585,346.616,343.584,-12,0,0,2,BM8_330,2023-10-03 12:19:08.388
9151,PSYC-134130,TOTDay1,Experiment, 17,0, 3.jpg,3.jpg,90,210,4.667, 347.607,352.274,347.606,-13,0,0,1,AE3_90,2023-10-03 12:19:14.046
9151,PSYC-134130,TOTDay1,Experiment, 18,0, 9.jpg,9.jpg,240,150,6.885, 353.938,360.822,353.937,-14,0,0,3,AH9_240,2023-10-03 12:19:22.593
9150,PSYC-134128,TOTDay1,Training, 1,1, 2.jpg,2.jpg,90,90,5.561, 140.105,145.664,140.104,1,0,0,1,PE2_90,2023-10-03 12:19:33.463
9150,PSYC-134128,TOTDay1,Training, 2,1, 2.jpg,2.jpg,180,180,7.81, 149.924,157.734,149.923,2,0,0,1,PE2_180,2023-10-03 12:19:45.532
9150,PSYC-134128,TOTDay1,Training, 3,0, 2.jpg,2.jpg,60,180,4.243, 159.096,163.339,159.095,1,0,0,2,PM2_60,2023-10-03 12:19:51.137
9150,PSYC-134128,TOTDay1,Training, 4,0, 2.jpg,2.jpg,30,60,6.666, 170.84,177.506,170.839,0,0,0,2,PM2_30,2023-10-03 12:20:05.306
9150,PSYC-134128,TOTDay1,Training, 5,0, 2.jpg,2.jpg,210,330,9.064, 184.056,193.12,184.056,-1,0,0,3,PH2_210,2023-10-03 12:20:20.920
9150,PSYC-134128,TOTDay1,Training, 6,0, 2.jpg,2.jpg,120,240,6.441, 200.13,206.571,200.129,-2,0,0,3,PH2_120,2023-10-03 12:20:34.372
9150,PSYC-134128,TOTDay1,Training, 7,1, 2.jpg,2.jpg,0,0,8.937, 214.471,223.409,214.471,-1,0,0,1,PE2_0,2023-10-03 12:20:51.211
9150,PSYC-134128,TOTDay1,Training, 8,1, 2.jpg,2.jpg,240,240,23.245, 226.248,249.493,226.247,0,0,0,3,PH2_240,2023-10-03 12:21:17.296
9150,PSYC-134128,TOTDay1,Training, 9,0, 2.jpg,2.jpg,330,60,9.777, 252.082,261.86,252.082,-1,0,0,2,PM2_330,2023-10-03 12:21:29.664
9150,PSYC-134128,TOTDay1,Training, 10,1, 2.jpg,2.jpg,150,150,4.406, 271.637,276.043,271.636,0,0,0,3,PH2_150,2023-10-03 12:21:43.847
9150,PSYC-134128,TOTDay1,Training, 11,0, 2.jpg,2.jpg,300,240,12.657, 277.454,290.111,277.453,-1,0,0,2,PM2_300,2023-10-03 12:21:57.914
9150,PSYC-134128,TOTDay1,Training, 12,0, 2.jpg,2.jpg,270,90,6.22, 294.183,300.403,294.182,-2,0,0,1,PE2_270,2023-10-03 12:22:08.207
9150,PSYC-134128,TOTDay1,Experiment, 1,0, 11.jpg,11.jpg,180,210,14.051, 309.477,323.529,307.791,-1,0,0,1,BE11_180,2023-10-03 12:22:31.332
9150,PSYC-134128,TOTDay1,Experiment, 2,0, 10.jpg,10.jpg,150,300,12.636, 324.894,337.53,324.893,-2,0,0,3,AH10_150,2023-10-03 12:22:45.334
9150,PSYC-134128,TOTDay1,Experiment, 3,0, 10.jpg,10.jpg,60,150,8.857, 338.49,347.346,338.489,-3,0,0,2,BM10_60,2023-10-03 12:22:55.150
9150,PSYC-134128,TOTDay1,Experiment, 4,0, 3.jpg,3.jpg,90,210,7.827, 348.471,356.299,348.471,-4,0,0,1,AE3_90,2023-10-03 12:23:04.103
9150,PSYC-134128,TOTDay1,Experiment, 5,0, 8.jpg,8.jpg,330,210,6.707, 357.104,363.811,357.103,-5,0,0,2,BM8_330,2023-10-03 12:23:11.615
9150,PSYC-134128,TOTDay1,Experiment, 6,0, 1.jpg,1.jpg,150,60,3.559, 364.432,367.991,364.431,-6,0,0,3,BH1_150,2023-10-03 12:23:15.795
9150,PSYC-134128,TOTDay1,Experiment, 7,0, 4.jpg,4.jpg,180,240,3.891, 368.653,372.545,368.653,-7,0,0,1,AE4_180,2023-10-03 12:23:20.349
9150,PSYC-134128,TOTDay1,Experiment, 8,0, 4.jpg,4.jpg,210,90,4.494, 374.593,379.087,374.593,-8,0,0,3,BH4_210,2023-10-03 12:23:26.891
9150,PSYC-134128,TOTDay1,Experiment, 9,0, 7.jpg,7.jpg,330,300,3.744, 379.891,383.635,379.891,-9,0,0,2,AM7_330,2023-10-03 12:23:31.439
9150,PSYC-134128,TOTDay1,Experiment, 10,0, 9.jpg,9.jpg,240,120,2.637, 384.718,387.355,384.717,-10,0,0,3,AH9_240,2023-10-03 12:23:35.158
9150,PSYC-134128,TOTDay1,Experiment, 11,0, 11.jpg,11.jpg,60,30,2.381, 388.015,390.397,388.015,-11,0,0,2,AM11_60,2023-10-03 12:23:38.200
9150,PSYC-134128,TOTDay1,Experiment, 12,0, 7.jpg,7.jpg,270,150,4.059, 391.422,395.481,391.421,-12,0,0,1,BE7_270,2023-10-03 12:23:43.285
9150,PSYC-134128,TOTDay1,Experiment, 13,0, 8.jpg,8.jpg,210,30,4.58, 395.993,400.574,395.993,-13,0,0,3,AH8_210,2023-10-03 12:23:48.377
9150,PSYC-134128,TOTDay1,Experiment, 14,0, 6.jpg,6.jpg,90,300,2.618, 401.231,403.849,401.23,-14,0,0,1,BE6_90,2023-10-03 12:23:51.653
9150,PSYC-134128,TOTDay1,Experiment, 15,0, 9.jpg,9.jpg,30,0,7.633, 404.723,412.357,404.723,-15,0,0,2,BM9_30,2023-10-03 12:24:00.160
9150,PSYC-134128,TOTDay1,Experiment, 16,0, 1.jpg,1.jpg,270,210,7.051, 412.901,419.953,412.901,-16,0,0,1,AE1_270,2023-10-03 12:24:07.756
9150,PSYC-134128,TOTDay1,Experiment, 17,0, 3.jpg,3.jpg,240,60,2.771, 420.516,423.287,420.515,-17,0,0,3,BH3_240,2023-10-03 12:24:11.090
9150,PSYC-134128,TOTDay1,Experiment, 18,1, 6.jpg,6.jpg,30,30,4.822, 423.939,428.762,423.939,-16,0,0,2,AM6_30,2023-10-03 12:24:16.565
9153,PSYC-134128,TOTDay1,Training, 1,0, 2.jpg,2.jpg,90,180,10.562, 96.292,106.852,96.291,-1,0,0,1,PE2_90,2023-10-03 15:22:52.292
9153,PSYC-134128,TOTDay1,Training, 2,0, 2.jpg,2.jpg,180,270,4.965, 114.902,119.868,114.902,-2,0,0,1,PE2_180,2023-10-03 15:23:05.305
9153,PSYC-134128,TOTDay1,Training, 3,0, 2.jpg,2.jpg,60,120,11.592, 127.867,139.46,127.866,-3,0,0,2,PM2_60,2023-10-03 15:23:24.898
9153,PSYC-134128,TOTDay1,Training, 4,0, 2.jpg,2.jpg,30,330,6.906, 145.071,151.976,145.07,-4,0,0,2,PM2_30,2023-10-03 15:23:37.415
9153,PSYC-134128,TOTDay1,Training, 5,0, 2.jpg,2.jpg,210,0,3.602, 155.327,158.93,155.326,-5,0,0,3,PH2_210,2023-10-03 15:23:44.368
9153,PSYC-134128,TOTDay1,Training, 6,0, 2.jpg,2.jpg,120,60,5.694, 167.592,173.286,167.592,-6,0,0,3,PH2_120,2023-10-03 15:23:58.725
9153,PSYC-134128,TOTDay1,Training, 7,0, 2.jpg,2.jpg,0,180,2.737, 178.489,181.226,178.489,-7,0,0,1,PE2_0,2023-10-03 15:24:06.665
9153,PSYC-134128,TOTDay1,Training, 8,0, 2.jpg,2.jpg,240,0,2.803, 183.333,186.136,183.332,-8,0,0,3,PH2_240,2023-10-03 15:24:11.574
9153,PSYC-134128,TOTDay1,Training, 9,0, 2.jpg,2.jpg,330,90,1.909, 187.847,189.756,187.847,-9,0,0,2,PM2_330,2023-10-03 15:24:15.195
9153,PSYC-134128,TOTDay1,Training, 10,0, 2.jpg,2.jpg,150,30,2.848, 191.1,193.948,191.1,-10,0,0,3,PH2_150,2023-10-03 15:24:19.387
9153,PSYC-134128,TOTDay1,Training, 11,0, 2.jpg,2.jpg,300,180,3.684, 195.044,198.728,195.044,-11,0,0,2,PM2_300,2023-10-03 15:24:24.166
9153,PSYC-134128,TOTDay1,Training, 12,0, 2.jpg,2.jpg,270,0,1.927, 201.52,203.448,201.52,-12,0,0,1,PE2_270,2023-10-03 15:24:28.886
9153,PSYC-134128,TOTDay1,Experiment, 1,0, 7.jpg,7.jpg,330,30,16.412, 209.979,226.391,208.158,-1,0,0,2,AM7_330,2023-10-03 15:24:51.830
9153,PSYC-134128,TOTDay1,Experiment, 2,0, 10.jpg,10.jpg,150,210,5.494, 229.114,234.608,229.113,-2,0,0,3,AH10_150,2023-10-03 15:25:00.046
9153,PSYC-134128,TOTDay1,Experiment, 3,0, 1.jpg,1.jpg,270,330,13.379, 237.678,251.058,237.678,-3,0,0,1,AE1_270,2023-10-03 15:25:16.497
9153,PSYC-134128,TOTDay1,Experiment, 4,0, 6.jpg,6.jpg,90,0,8.335, 253.581,261.916,253.58,-4,0,0,1,BE6_90,2023-10-03 15:25:27.355
9153,PSYC-134128,TOTDay1,Experiment, 5,0, 10.jpg,10.jpg,60,330,8.193, 268.714,276.907,268.714,-5,0,0,2,BM10_60,2023-10-03 15:25:42.346
9153,PSYC-134128,TOTDay1,Experiment, 6,0, 3.jpg,3.jpg,240,90,5.659, 278.404,284.063,278.404,-6,0,0,3,BH3_240,2023-10-03 15:25:49.502
9153,PSYC-134128,TOTDay1,Experiment, 7,0, 8.jpg,8.jpg,210,270,2.259, 286.006,288.266,286.006,-7,0,0,3,AH8_210,2023-10-03 15:25:53.704
9153,PSYC-134128,TOTDay1,Experiment, 8,0, 11.jpg,11.jpg,60,0,10.057, 290.584,300.642,290.584,-8,0,0,2,AM11_60,2023-10-03 15:26:06.081
9153,PSYC-134128,TOTDay1,Experiment, 9,0, 3.jpg,3.jpg,90,120,5.194, 302.804,307.998,302.804,-9,0,0,1,AE3_90,2023-10-03 15:26:13.437
9153,PSYC-134128,TOTDay1,Experiment, 10,0, 4.jpg,4.jpg,180,0,6.194, 310.107,316.301,310.106,-10,0,0,1,AE4_180,2023-10-03 15:26:21.740
9153,PSYC-134128,TOTDay1,Experiment, 11,0, 9.jpg,9.jpg,30,270,2.525, 316.638,319.163,316.638,-11,0,0,2,BM9_30,2023-10-03 15:26:24.602
9153,PSYC-134128,TOTDay1,Experiment, 12,0, 1.jpg,1.jpg,150,210,2.245, 319.486,321.731,319.485,-12,0,0,3,BH1_150,2023-10-03 15:26:27.170
9153,PSYC-134128,TOTDay1,Experiment, 13,0, 9.jpg,9.jpg,240,180,2.137, 325.38,327.517,325.379,-13,0,0,3,AH9_240,2023-10-03 15:26:32.956
9153,PSYC-134128,TOTDay1,Experiment, 14,0, 7.jpg,7.jpg,270,0,1.752, 330.19,331.942,330.189,-14,0,0,1,BE7_270,2023-10-03 15:26:37.380
9153,PSYC-134128,TOTDay1,Experiment, 15,0, 8.jpg,8.jpg,330,270,4.357, 335.12,339.477,335.119,-15,0,0,2,BM8_330,2023-10-03 15:26:44.917
9153,PSYC-134128,TOTDay1,Experiment, 16,1, 11.jpg,11.jpg,180,180,3.615, 342.246,345.861,342.245,-14,0,0,1,BE11_180,2023-10-03 15:26:51.300
9153,PSYC-134128,TOTDay1,Experiment, 17,0, 4.jpg,4.jpg,210,0,7.621, 349.632,357.253,349.632,-15,0,0,3,BH4_210,2023-10-03 15:27:02.692
9153,PSYC-134128,TOTDay1,Experiment, 18,0, 6.jpg,6.jpg,30,60,2.436, 360.21,362.646,360.209,-16,0,0,2,AM6_30,2023-10-03 15:27:08.084
9152,PSYC-132589,TOTDay1,Training, 1,1, 2.jpg,2.jpg,90,90,8.929, 15.078,24.005,15.075,1,0,0,1,PE2_90,2023-10-03 15:23:12.644
9152,PSYC-132589,TOTDay1,Training, 2,0, 2.jpg,2.jpg,180,90,8.581, 28.984,37.565,28.983,0,0,0,1,PE2_180,2023-10-03 15:23:26.203
9152,PSYC-132589,TOTDay1,Training, 3,0, 2.jpg,2.jpg,60,120,13.622, 44.728,58.351,44.728,-1,0,0,2,PM2_60,2023-10-03 15:23:46.989
9152,PSYC-132589,TOTDay1,Training, 4,0, 2.jpg,2.jpg,30,0,1.305, 62.179,63.485,62.179,-2,0,0,2,PM2_30,2023-10-03 15:23:52.122
9152,PSYC-132589,TOTDay1,Training, 5,1, 2.jpg,2.jpg,210,210,17.639, 65.824,83.463,65.823,-1,0,0,3,PH2_210,2023-10-03 15:24:12.101
9152,PSYC-132589,TOTDay1,Training, 6,0, 2.jpg,2.jpg,120,150,14.966, 84.289,99.255,84.289,-2,0,0,3,PH2_120,2023-10-03 15:24:27.893
9152,PSYC-132589,TOTDay1,Training, 7,1, 2.jpg,2.jpg,0,0,7.95, 104.447,112.397,104.447,-1,0,0,1,PE2_0,2023-10-03 15:24:41.035
9152,PSYC-132589,TOTDay1,Training, 8,1, 2.jpg,2.jpg,240,240,13.269, 112.961,126.231,112.961,0,0,0,3,PH2_240,2023-10-03 15:24:54.868
9152,PSYC-132589,TOTDay1,Training, 9,0, 2.jpg,2.jpg,330,300,10.935, 127.276,138.211,127.276,-1,0,0,2,PM2_330,2023-10-03 15:25:06.849
9152,PSYC-132589,TOTDay1,Training, 10,0, 2.jpg,2.jpg,150,210,6.365, 139.955,146.321,139.955,-2,0,0,3,PH2_150,2023-10-03 15:25:14.958
9152,PSYC-132589,TOTDay1,Training, 11,0, 2.jpg,2.jpg,300,210,5.748, 147.451,153.199,147.451,-3,0,0,2,PM2_300,2023-10-03 15:25:21.837
9152,PSYC-132589,TOTDay1,Training, 12,1, 2.jpg,2.jpg,270,270,7.117, 154.384,161.501,154.383,-2,0,0,1,PE2_270,2023-10-03 15:25:30.138
9152,PSYC-132589,TOTDay1,Experiment, 1,0, 4.jpg,4.jpg,210,180,8.392, 164.62,173.013,162.081,-1,0,0,3,BH4_210,2023-10-03 15:25:41.650
9152,PSYC-132589,TOTDay1,Experiment, 2,0, 8.jpg,8.jpg,330,60,17.724, 173.776,191.5,173.775,-2,0,0,2,BM8_330,2023-10-03 15:26:00.137
9152,PSYC-132589,TOTDay1,Experiment, 3,1, 6.jpg,6.jpg,90,90,20.101, 192.643,212.745,192.643,-1,0,0,1,BE6_90,2023-10-03 15:26:21.382
9152,PSYC-132589,TOTDay1,Experiment, 4,1, 4.jpg,4.jpg,180,180,10.473, 213.357,223.831,213.357,0,0,0,1,AE4_180,2023-10-03 15:26:32.467
9152,PSYC-132589,TOTDay1,Experiment, 5,0, 1.jpg,1.jpg,150,120,31.451, 225.064,256.515,225.063,-1,0,0,3,BH1_150,2023-10-03 15:27:05.152
9152,PSYC-132589,TOTDay1,Experiment, 6,0, 6.jpg,6.jpg,30,60,11.527, 257.145,268.672,257.145,-2,0,0,2,AM6_30,2023-10-03 15:27:17.310
9152,PSYC-132589,TOTDay1,Experiment, 7,0, 7.jpg,7.jpg,270,90,7.139, 269.348,276.487,269.347,-3,0,0,1,BE7_270,2023-10-03 15:27:25.124
9152,PSYC-132589,TOTDay1,Experiment, 8,0, 8.jpg,8.jpg,210,240,6.379, 279.035,285.415,279.035,-4,0,0,3,AH8_210,2023-10-03 15:27:34.052
9152,PSYC-132589,TOTDay1,Experiment, 9,0, 11.jpg,11.jpg,60,120,14.332, 286.103,300.435,286.103,-5,0,0,2,AM11_60,2023-10-03 15:27:49.072
9152,PSYC-132589,TOTDay1,Experiment, 10,1, 11.jpg,11.jpg,180,180,6.571, 300.739,307.311,300.739,-4,0,0,1,BE11_180,2023-10-03 15:27:55.947
9152,PSYC-132589,TOTDay1,Experiment, 11,0, 10.jpg,10.jpg,60,300,8.215, 307.949,316.165,307.949,-5,0,0,2,BM10_60,2023-10-03 15:28:04.802
9152,PSYC-132589,TOTDay1,Experiment, 12,0, 3.jpg,3.jpg,240,120,10.332, 316.927,327.259,316.927,-6,0,0,3,BH3_240,2023-10-03 15:28:15.896
9152,PSYC-132589,TOTDay1,Experiment, 13,0, 10.jpg,10.jpg,150,210,11.371, 327.889,339.26,327.888,-7,0,0,3,AH10_150,2023-10-03 15:28:27.897
9152,PSYC-132589,TOTDay1,Experiment, 14,0, 7.jpg,7.jpg,330,60,6.093, 339.869,345.962,339.868,-8,0,0,2,AM7_330,2023-10-03 15:28:34.600
9152,PSYC-132589,TOTDay1,Experiment, 15,0, 3.jpg,3.jpg,90,180,13.79, 346.642,360.433,346.642,-9,0,0,1,AE3_90,2023-10-03 15:28:49.070
9152,PSYC-132589,TOTDay1,Experiment, 16,0, 9.jpg,9.jpg,240,300,11.302, 361.054,372.356,361.054,-10,0,0,3,AH9_240,2023-10-03 15:29:00.993
9152,PSYC-132589,TOTDay1,Experiment, 17,0, 9.jpg,9.jpg,30,60,12.036, 372.916,384.952,372.916,-11,0,0,2,BM9_30,2023-10-03 15:29:13.590
9152,PSYC-132589,TOTDay1,Experiment, 18,0, 1.jpg,1.jpg,270,90,7.115, 385.594,392.71,385.594,-12,0,0,1,AE1_270,2023-10-03 15:29:21.346
9154,PSYC-134128,TOTDay1,Training, 1,0, 2.jpg,2.jpg,90,270,8.101, 136.64,144.739,136.638,-1,0,0,1,PE2_90,2023-10-04 09:26:48.562
9154,PSYC-134128,TOTDay1,Training, 2,1, 2.jpg,2.jpg,180,180,9.203, 151.722,160.925,151.721,0,0,0,1,PE2_180,2023-10-04 09:27:04.747
9154,PSYC-134128,TOTDay1,Training, 3,0, 2.jpg,2.jpg,60,330,4.045, 161.859,165.904,161.859,-1,0,0,2,PM2_60,2023-10-04 09:27:09.725
9154,PSYC-134128,TOTDay1,Training, 4,1, 2.jpg,2.jpg,30,30,4.014, 170.09,174.104,170.089,0,0,0,2,PM2_30,2023-10-04 09:27:17.926
9154,PSYC-134128,TOTDay1,Training, 5,1, 2.jpg,2.jpg,210,210,16.146, 174.777,190.923,174.777,1,0,0,3,PH2_210,2023-10-04 09:27:34.744
9154,PSYC-134128,TOTDay1,Training, 6,1, 2.jpg,2.jpg,120,120,7.687, 191.928,199.615,191.927,2,0,0,3,PH2_120,2023-10-04 09:27:43.436
9154,PSYC-134128,TOTDay1,Training, 7,1, 2.jpg,2.jpg,0,0,4.033, 201.024,205.057,201.023,3,0,0,1,PE2_0,2023-10-04 09:27:48.877
9154,PSYC-134128,TOTDay1,Training, 8,0, 2.jpg,2.jpg,240,150,5.611, 205.621,211.232,205.62,2,0,0,3,PH2_240,2023-10-04 09:27:55.053
9154,PSYC-134128,TOTDay1,Training, 9,1, 2.jpg,2.jpg,330,330,7.602, 211.781,219.383,211.781,3,0,0,2,PM2_330,2023-10-04 09:28:03.204
9154,PSYC-134128,TOTDay1,Training, 10,0, 2.jpg,2.jpg,150,240,8.199, 220.059,228.259,220.058,2,0,0,3,PH2_150,2023-10-04 09:28:12.079
9154,PSYC-134128,TOTDay1,Training, 11,1, 2.jpg,2.jpg,300,300,2.467, 228.798,231.265,228.797,3,0,0,2,PM2_300,2023-10-04 09:28:15.086
9154,PSYC-134128,TOTDay1,Training, 12,1, 2.jpg,2.jpg,270,270,4.343, 231.679,236.022,231.678,4,0,0,1,PE2_270,2023-10-04 09:28:19.843
9154,PSYC-134128,TOTDay1,Experiment, 1,0, 9.jpg,9.jpg,30,60,5.198, 238.444,243.643,236.461,-1,0,0,2,BM9_30,2023-10-04 09:28:27.464
9154,PSYC-134128,TOTDay1,Experiment, 2,1, 1.jpg,1.jpg,270,270,4.101, 244.311,248.413,244.311,0,0,0,1,AE1_270,2023-10-04 09:28:32.234
9154,PSYC-134128,TOTDay1,Experiment, 3,0, 3.jpg,3.jpg,240,300,5.76, 248.835,254.595,248.834,-1,0,0,3,BH3_240,2023-10-04 09:28:38.415
9154,PSYC-134128,TOTDay1,Experiment, 4,0, 1.jpg,1.jpg,150,300,11.063, 255.162,266.225,255.161,-2,0,0,3,BH1_150,2023-10-04 09:28:50.045
9154,PSYC-134128,TOTDay1,Experiment, 5,1, 8.jpg,8.jpg,330,330,4.106, 266.745,270.851,266.745,-1,0,0,2,BM8_330,2023-10-04 09:28:54.673
9154,PSYC-134128,TOTDay1,Experiment, 6,0, 6.jpg,6.jpg,90,180,5.489, 271.464,276.953,271.463,-2,0,0,1,BE6_90,2023-10-04 09:29:00.773
9154,PSYC-134128,TOTDay1,Experiment, 7,1, 4.jpg,4.jpg,180,180,6.023, 277.421,283.444,277.421,-1,0,0,1,AE4_180,2023-10-04 09:29:07.265
9154,PSYC-134128,TOTDay1,Experiment, 8,0, 4.jpg,4.jpg,210,120,2.706, 283.902,286.608,283.901,-2,0,0,3,BH4_210,2023-10-04 09:29:10.429
9154,PSYC-134128,TOTDay1,Experiment, 9,1, 6.jpg,6.jpg,30,30,7.397, 286.969,294.366,286.968,-1,0,0,2,AM6_30,2023-10-04 09:29:18.187
9154,PSYC-134128,TOTDay1,Experiment, 10,1, 7.jpg,7.jpg,330,330,6.967, 294.953,301.92,294.953,0,0,0,2,AM7_330,2023-10-04 09:29:25.741
9154,PSYC-134128,TOTDay1,Experiment, 11,0, 10.jpg,10.jpg,150,120,12.016, 302.429,314.445,302.429,-1,0,0,3,AH10_150,2023-10-04 09:29:38.266
9154,PSYC-134128,TOTDay1,Experiment, 12,1, 3.jpg,3.jpg,90,90,8.205, 315.039,323.244,315.038,0,0,0,1,AE3_90,2023-10-04 09:29:47.065
9154,PSYC-134128,TOTDay1,Experiment, 13,1, 10.jpg,10.jpg,60,60,6.536, 323.683,330.219,323.682,1,0,0,2,BM10_60,2023-10-04 09:29:54.040
9154,PSYC-134128,TOTDay1,Experiment, 14,0, 9.jpg,9.jpg,240,210,7.283, 330.735,338.018,330.735,0,0,0,3,AH9_240,2023-10-04 09:30:01.839
9154,PSYC-134128,TOTDay1,Experiment, 15,0, 7.jpg,7.jpg,270,180,3.959, 338.536,342.495,338.535,-1,0,0,1,BE7_270,2023-10-04 09:30:06.317
9154,PSYC-134128,TOTDay1,Experiment, 16,1, 11.jpg,11.jpg,180,180,5.661, 343.297,348.959,343.297,0,0,0,1,BE11_180,2023-10-04 09:30:12.779
9154,PSYC-134128,TOTDay1,Experiment, 17,1, 8.jpg,8.jpg,210,210,5.077, 349.327,354.404,349.327,1,0,0,3,AH8_210,2023-10-04 09:30:18.225
9154,PSYC-134128,TOTDay1,Experiment, 18,0, 11.jpg,11.jpg,60,330,4.085, 354.811,358.896,354.81,0,0,0,2,AM11_60,2023-10-04 09:30:22.717
9156,PSYC-132589,TOTDay1,Training, 1,0, 2.jpg,2.jpg,90,0,11.685, 44.818,56.501,44.817,-1,0,0,1,PE2_90,2023-10-04 12:17:46.680
9156,PSYC-132589,TOTDay1,Training, 2,1, 2.jpg,2.jpg,180,180,5.604, 63.855,69.459,63.855,0,0,0,1,PE2_180,2023-10-04 12:17:59.634
9156,PSYC-132589,TOTDay1,Training, 3,0, 2.jpg,2.jpg,60,150,5.707, 72.31,78.017,72.31,-1,0,0,2,PM2_60,2023-10-04 12:18:08.193
9156,PSYC-132589,TOTDay1,Training, 4,0, 2.jpg,2.jpg,30,330,15.527, 81.861,97.389,81.861,-2,0,0,2,PM2_30,2023-10-04 12:18:27.564
9156,PSYC-132589,TOTDay1,Training, 5,1, 2.jpg,2.jpg,210,210,11.043, 103.476,114.519,103.475,-1,0,0,3,PH2_210,2023-10-04 12:18:44.694
9156,PSYC-132589,TOTDay1,Training, 6,0, 2.jpg,2.jpg,120,330,9.653, 115.877,125.531,115.877,-2,0,0,3,PH2_120,2023-10-04 12:18:55.705
9156,PSYC-132589,TOTDay1,Training, 7,1, 2.jpg,2.jpg,0,0,4.41, 133.555,137.965,133.555,-1,0,0,1,PE2_0,2023-10-04 12:19:08.140
9156,PSYC-132589,TOTDay1,Training, 8,0, 2.jpg,2.jpg,240,210,10.559, 139.977,150.537,139.977,-2,0,0,3,PH2_240,2023-10-04 12:19:20.711
9156,PSYC-132589,TOTDay1,Training, 9,0, 2.jpg,2.jpg,330,120,5.479, 151.707,157.187,151.707,-3,0,0,2,PM2_330,2023-10-04 12:19:27.361
9156,PSYC-132589,TOTDay1,Training, 10,0, 2.jpg,2.jpg,150,300,3.427, 160.783,164.211,160.783,-4,0,0,3,PH2_150,2023-10-04 12:19:34.385
9156,PSYC-132589,TOTDay1,Training, 11,0, 2.jpg,2.jpg,300,60,3.183, 165.621,168.805,165.621,-5,0,0,2,PM2_300,2023-10-04 12:19:38.978
9156,PSYC-132589,TOTDay1,Training, 12,0, 2.jpg,2.jpg,270,90,3.246, 173.026,176.273,173.025,-6,0,0,1,PE2_270,2023-10-04 12:19:46.446
9156,PSYC-132589,TOTDay1,Experiment, 1,0, 4.jpg,4.jpg,180,30,3.273, 180.78,184.053,178.865,-1,0,0,1,AE4_180,2023-10-04 12:19:54.226
9156,PSYC-132589,TOTDay1,Experiment, 2,0, 9.jpg,9.jpg,30,60,3.388, 186.73,190.119,186.729,-2,0,0,2,BM9_30,2023-10-04 12:20:00.292
9156,PSYC-132589,TOTDay1,Experiment, 3,0, 3.jpg,3.jpg,240,210,4.838, 190.938,195.777,190.938,-3,0,0,3,BH3_240,2023-10-04 12:20:05.950
9156,PSYC-132589,TOTDay1,Experiment, 4,0, 9.jpg,9.jpg,240,30,8.061, 197.827,205.889,197.827,-4,0,0,3,AH9_240,2023-10-04 12:20:16.062
9156,PSYC-132589,TOTDay1,Experiment, 5,1, 11.jpg,11.jpg,180,180,6.961, 207.461,214.423,207.461,-3,0,0,1,BE11_180,2023-10-04 12:20:24.595
9156,PSYC-132589,TOTDay1,Experiment, 6,0, 7.jpg,7.jpg,330,30,16.519, 215.183,231.702,215.183,-4,0,0,2,AM7_330,2023-10-04 12:20:41.874
9156,PSYC-132589,TOTDay1,Experiment, 7,1, 6.jpg,6.jpg,30,30,9.67, 235.737,245.407,235.736,-3,0,0,2,AM6_30,2023-10-04 12:20:55.578
9156,PSYC-132589,TOTDay1,Experiment, 8,0, 8.jpg,8.jpg,210,330,5.61, 250.779,256.389,250.779,-4,0,0,3,AH8_210,2023-10-04 12:21:06.561
9156,PSYC-132589,TOTDay1,Experiment, 9,0, 6.jpg,6.jpg,90,210,9.358, 258.323,267.681,258.323,-5,0,0,1,BE6_90,2023-10-04 12:21:17.852
9156,PSYC-132589,TOTDay1,Experiment, 10,0, 4.jpg,4.jpg,210,30,12.528, 272.927,285.455,272.926,-6,0,0,3,BH4_210,2023-10-04 12:21:35.626
9156,PSYC-132589,TOTDay1,Experiment, 11,1, 8.jpg,8.jpg,330,330,21.292, 286.333,307.625,286.332,-5,0,0,2,BM8_330,2023-10-04 12:21:57.795
9156,PSYC-132589,TOTDay1,Experiment, 12,1, 1.jpg,1.jpg,270,270,11.171, 310.451,321.623,310.451,-4,0,0,1,AE1_270,2023-10-04 12:22:11.793
9156,PSYC-132589,TOTDay1,Experiment, 13,0, 11.jpg,11.jpg,60,300,12.519, 322.723,335.242,322.722,-5,0,0,2,AM11_60,2023-10-04 12:22:25.413
9156,PSYC-132589,TOTDay1,Experiment, 14,1, 3.jpg,3.jpg,90,90,23.297, 336.221,359.518,336.22,-4,0,0,1,AE3_90,2023-10-04 12:22:49.688
9156,PSYC-132589,TOTDay1,Experiment, 15,0, 1.jpg,1.jpg,150,240,10.786, 360.975,371.761,360.974,-5,0,0,3,BH1_150,2023-10-04 12:23:01.930
9156,PSYC-132589,TOTDay1,Experiment, 16,0, 7.jpg,7.jpg,270,30,6.921, 376.613,383.535,376.613,-6,0,0,1,BE7_270,2023-10-04 12:23:13.704
9156,PSYC-132589,TOTDay1,Experiment, 17,1, 10.jpg,10.jpg,150,150,9.511, 384.529,394.04,384.528,-5,0,0,3,AH10_150,2023-10-04 12:23:24.209
9156,PSYC-132589,TOTDay1,Experiment, 18,0, 10.jpg,10.jpg,60,120,6.015, 395.035,401.05,395.034,-6,0,0,2,BM10_60,2023-10-04 12:23:31.220
9157,PSYC-134128,TOTDay1,Training, 1,0, 2.jpg,2.jpg,90,180,15.239, 50.392,65.629,50.39,-1,0,0,1,PE2_90,2023-10-04 12:18:22.881
9157,PSYC-134128,TOTDay1,Training, 2,1, 2.jpg,2.jpg,180,180,11.325, 76.115,87.44,76.115,0,0,0,1,PE2_180,2023-10-04 12:18:44.692
9157,PSYC-134128,TOTDay1,Training, 3,0, 2.jpg,2.jpg,60,210,10.694, 89.748,100.442,89.747,-1,0,0,2,PM2_60,2023-10-04 12:18:57.694
9157,PSYC-134128,TOTDay1,Training, 4,0, 2.jpg,2.jpg,30,90,11.768, 112.751,124.519,112.75,-2,0,0,2,PM2_30,2023-10-04 12:19:21.772
9157,PSYC-134128,TOTDay1,Training, 5,0, 2.jpg,2.jpg,210,150,11.237, 128.265,139.502,128.264,-3,0,0,3,PH2_210,2023-10-04 12:19:36.754
9157,PSYC-134128,TOTDay1,Training, 6,1, 2.jpg,2.jpg,120,120,13.543, 145.677,159.22,145.676,-2,0,0,3,PH2_120,2023-10-04 12:19:56.473
9157,PSYC-134128,TOTDay1,Training, 7,1, 2.jpg,2.jpg,0,0,8.151, 160.241,168.392,160.241,-1,0,0,1,PE2_0,2023-10-04 12:20:05.644
9157,PSYC-134128,TOTDay1,Training, 8,0, 2.jpg,2.jpg,240,210,17.141, 168.992,186.133,168.991,-2,0,0,3,PH2_240,2023-10-04 12:20:23.386
9157,PSYC-134128,TOTDay1,Training, 9,0, 2.jpg,2.jpg,330,150,14.687, 188.277,202.964,188.277,-3,0,0,2,PM2_330,2023-10-04 12:20:40.217
9157,PSYC-134128,TOTDay1,Training, 10,0, 2.jpg,2.jpg,150,330,30.95, 203.981,234.932,203.981,-4,0,0,3,PH2_150,2023-10-04 12:21:12.185
9157,PSYC-134128,TOTDay1,Training, 11,0, 2.jpg,2.jpg,300,60,6.807, 236.116,242.924,236.116,-5,0,0,2,PM2_300,2023-10-04 12:21:20.178
9157,PSYC-134128,TOTDay1,Training, 12,0, 2.jpg,2.jpg,270,90,22.786, 245.526,268.312,245.526,-6,0,0,1,PE2_270,2023-10-04 12:21:45.566
9157,PSYC-134128,TOTDay1,Experiment, 1,1, 1.jpg,1.jpg,270,270,18.238, 274.108,292.346,269.255,1,0,0,1,AE1_270,2023-10-04 12:22:09.601
9157,PSYC-134128,TOTDay1,Experiment, 2,0, 10.jpg,10.jpg,60,30,20.821, 293.299,314.12,293.298,0,0,0,2,BM10_60,2023-10-04 12:22:31.374
9157,PSYC-134128,TOTDay1,Experiment, 3,1, 10.jpg,10.jpg,150,150,25.718, 315.325,341.044,315.325,1,0,0,3,AH10_150,2023-10-04 12:22:58.299
9157,PSYC-134128,TOTDay1,Experiment, 4,0, 6.jpg,6.jpg,30,330,29.62, 342.083,371.704,342.083,0,0,0,2,AM6_30,2023-10-04 12:23:28.959
9157,PSYC-134128,TOTDay1,Experiment, 5,0, 9.jpg,9.jpg,240,150,18.156, 372.712,390.868,372.712,-1,0,0,3,AH9_240,2023-10-04 12:23:48.124
9157,PSYC-134128,TOTDay1,Experiment, 6,0, 6.jpg,6.jpg,90,210,25.894, 391.566,417.46,391.565,-2,0,0,1,BE6_90,2023-10-04 12:24:14.716
9157,PSYC-134128,TOTDay1,Experiment, 7,1, 7.jpg,7.jpg,270,270,15.961, 418.575,434.536,418.574,-1,0,0,1,BE7_270,2023-10-04 12:24:31.791
9157,PSYC-134128,TOTDay1,Experiment, 8,0, 8.jpg,8.jpg,210,60,24.814, 435.384,460.198,435.384,-2,0,0,3,AH8_210,2023-10-04 12:24:57.454
9157,PSYC-134128,TOTDay1,Experiment, 9,0, 11.jpg,11.jpg,60,300,28.64, 461.21,489.85,461.21,-3,0,0,2,AM11_60,2023-10-04 12:25:27.107
9157,PSYC-134128,TOTDay1,Experiment, 10,0, 7.jpg,7.jpg,330,60,18.469, 490.756,509.226,490.756,-4,0,0,2,AM7_330,2023-10-04 12:25:46.483
9157,PSYC-134128,TOTDay1,Experiment, 11,0, 4.jpg,4.jpg,210,150,10.465, 510.901,521.366,510.9,-5,0,0,3,BH4_210,2023-10-04 12:25:58.623
9157,PSYC-134128,TOTDay1,Experiment, 12,1, 11.jpg,11.jpg,180,180,22.982, 522.198,545.18,522.198,-4,0,0,1,BE11_180,2023-10-04 12:26:22.438
9157,PSYC-134128,TOTDay1,Experiment, 13,0, 1.jpg,1.jpg,150,210,13.721, 545.796,559.518,545.796,-5,0,0,3,BH1_150,2023-10-04 12:26:36.774
9157,PSYC-134128,TOTDay1,Experiment, 14,0, 9.jpg,9.jpg,30,330,9.401, 560.068,569.47,560.068,-6,0,0,2,BM9_30,2023-10-04 12:26:46.727
9157,PSYC-134128,TOTDay1,Experiment, 15,0, 3.jpg,3.jpg,90,30,16.016, 570.029,586.046,570.029,-7,0,0,1,AE3_90,2023-10-04 12:27:03.303
9157,PSYC-134128,TOTDay1,Experiment, 16,0, 4.jpg,4.jpg,180,210,7.78, 586.796,594.576,586.796,-8,0,0,1,AE4_180,2023-10-04 12:27:11.833
9157,PSYC-134128,TOTDay1,Experiment, 17,0, 8.jpg,8.jpg,330,30,6.276, 595.122,601.398,595.122,-9,0,0,2,BM8_330,2023-10-04 12:27:18.656
9157,PSYC-134128,TOTDay1,Experiment, 18,0, 3.jpg,3.jpg,240,300,10.949, 601.952,612.902,601.952,-10,0,0,3,BH3_240,2023-10-04 12:27:30.159
9157,PSYC-134128,TOTDay1,Experiment, 19,0, 3.jpg,3.jpg,240,-1,36.059, 601.952,638.011,614.874,-11,0,0,3,BH3_240,2023-10-04 12:27:55.269
9160,PSYC-134130,TOTDay1,Training, 1,1, 2.jpg,2.jpg,90,90,6.259, 92.128,98.38,92.121,1,0,0,1,PE2_90,2023-10-04 15:14:01.413
9160,PSYC-134130,TOTDay1,Training, 2,1, 2.jpg,2.jpg,180,180,4.419, 100.408,104.828,100.408,2,0,0,1,PE2_180,2023-10-04 15:14:07.853
9160,PSYC-134130,TOTDay1,Training, 3,0, 2.jpg,2.jpg,60,30,10.846, 105.666,116.512,105.666,1,0,0,2,PM2_60,2023-10-04 15:14:19.538
9160,PSYC-134130,TOTDay1,Training, 4,1, 2.jpg,2.jpg,30,30,3.127, 120.773,123.9,120.772,2,0,0,2,PM2_30,2023-10-04 15:14:26.926
9160,PSYC-134130,TOTDay1,Training, 5,1, 2.jpg,2.jpg,210,210,5.194, 125.024,130.218,125.024,3,0,0,3,PH2_210,2023-10-04 15:14:33.244
9160,PSYC-134130,TOTDay1,Training, 6,1, 2.jpg,2.jpg,120,120,13.054, 131.494,144.548,131.494,4,0,0,3,PH2_120,2023-10-04 15:14:47.574
9160,PSYC-134130,TOTDay1,Training, 7,1, 2.jpg,2.jpg,0,0,5.351, 145.273,150.624,145.272,5,0,0,1,PE2_0,2023-10-04 15:14:53.650
9160,PSYC-134130,TOTDay1,Training, 8,1, 2.jpg,2.jpg,240,240,7.348, 151.678,159.026,151.678,6,0,0,3,PH2_240,2023-10-04 15:15:02.052
9160,PSYC-134130,TOTDay1,Training, 9,1, 2.jpg,2.jpg,330,330,6.727, 159.901,166.628,159.9,7,0,0,2,PM2_330,2023-10-04 15:15:09.654
9160,PSYC-134130,TOTDay1,Training, 10,1, 2.jpg,2.jpg,150,150,5.896, 167.186,173.082,167.186,8,0,0,3,PH2_150,2023-10-04 15:15:16.108
9160,PSYC-134130,TOTDay1,Training, 11,1, 2.jpg,2.jpg,300,300,7.402, 173.644,181.046,173.644,9,0,0,2,PM2_300,2023-10-04 15:15:24.073
9160,PSYC-134130,TOTDay1,Training, 12,1, 2.jpg,2.jpg,270,270,4.093, 181.658,185.75,181.658,10,0,0,1,PE2_270,2023-10-04 15:15:28.777
9160,PSYC-134130,TOTDay1,Experiment, 1,1, 4.jpg,4.jpg,180,180,7.787, 191.27,199.058,186.552,1,0,0,1,AE4_180,2023-10-04 15:15:42.084
9160,PSYC-134130,TOTDay1,Experiment, 2,1, 6.jpg,6.jpg,30,30,7.708, 200.635,208.344,200.634,2,0,0,2,AM6_30,2023-10-04 15:15:51.370
9160,PSYC-134130,TOTDay1,Experiment, 3,0, 9.jpg,9.jpg,240,210,10.963, 208.963,219.926,208.962,1,0,0,3,AH9_240,2023-10-04 15:16:02.953
9160,PSYC-134130,TOTDay1,Experiment, 4,1, 7.jpg,7.jpg,330,330,6.501, 220.87,227.372,220.87,2,0,0,2,AM7_330,2023-10-04 15:16:10.398
9160,PSYC-134130,TOTDay1,Experiment, 5,1, 7.jpg,7.jpg,270,270,8.423, 227.968,236.392,227.968,3,0,0,1,BE7_270,2023-10-04 15:16:19.418
9160,PSYC-134130,TOTDay1,Experiment, 6,1, 1.jpg,1.jpg,150,150,6.744, 237.197,243.942,237.196,4,0,0,3,BH1_150,2023-10-04 15:16:26.968
9160,PSYC-134130,TOTDay1,Experiment, 7,1, 6.jpg,6.jpg,90,90,10.486, 244.738,255.224,244.738,5,0,0,1,BE6_90,2023-10-04 15:16:38.251
9160,PSYC-134130,TOTDay1,Experiment, 8,1, 11.jpg,11.jpg,60,60,8.317, 255.832,264.15,255.832,6,0,0,2,AM11_60,2023-10-04 15:16:47.176
9160,PSYC-134130,TOTDay1,Experiment, 9,1, 3.jpg,3.jpg,240,240,10.457, 264.759,275.216,264.758,7,0,0,3,BH3_240,2023-10-04 15:16:58.242
9160,PSYC-134130,TOTDay1,Experiment, 10,1, 8.jpg,8.jpg,210,210,11.682, 275.786,287.468,275.786,8,0,0,3,AH8_210,2023-10-04 15:17:10.495
9160,PSYC-134130,TOTDay1,Experiment, 11,1, 3.jpg,3.jpg,90,90,6.885, 287.941,294.826,287.94,9,0,0,1,AE3_90,2023-10-04 15:17:17.853
9160,PSYC-134130,TOTDay1,Experiment, 12,0, 10.jpg,10.jpg,60,90,12.548, 295.342,307.89,295.342,8,0,0,2,BM10_60,2023-10-04 15:17:30.917
9160,PSYC-134130,TOTDay1,Experiment, 13,1, 11.jpg,11.jpg,180,180,4.666, 308.566,313.232,308.566,9,0,0,1,BE11_180,2023-10-04 15:17:36.259
9160,PSYC-134130,TOTDay1,Experiment, 14,1, 10.jpg,10.jpg,150,150,11.882, 313.708,325.59,313.708,10,0,0,3,AH10_150,2023-10-04 15:17:48.617
9160,PSYC-134130,TOTDay1,Experiment, 15,1, 9.jpg,9.jpg,30,30,4.292, 326.229,330.522,326.228,11,0,0,2,BM9_30,2023-10-04 15:17:53.548
9160,PSYC-134130,TOTDay1,Experiment, 16,1, 8.jpg,8.jpg,330,330,7.971, 331.13,339.102,331.13,12,0,0,2,BM8_330,2023-10-04 15:18:02.127
9160,PSYC-134130,TOTDay1,Experiment, 17,0, 4.jpg,4.jpg,210,30,4.577, 339.574,344.152,339.574,11,0,0,3,BH4_210,2023-10-04 15:18:07.179
9160,PSYC-134130,TOTDay1,Experiment, 18,0, 1.jpg,1.jpg,270,90,11.23, 345.672,356.902,345.672,10,0,0,1,AE1_270,2023-10-04 15:18:19.928
9158,PSYC-132589,TOTDay1,Training, 1,1, 2.jpg,2.jpg,90,90,6.041, 15.604,21.642,15.603,1,0,0,1,PE2_90,2023-10-04 15:16:54.458
9158,PSYC-132589,TOTDay1,Training, 2,1, 2.jpg,2.jpg,180,180,2.66, 22.436,25.096,22.436,2,0,0,1,PE2_180,2023-10-04 15:16:57.909
9158,PSYC-132589,TOTDay1,Training, 3,1, 2.jpg,2.jpg,60,60,5.406, 25.662,31.068,25.662,3,0,0,2,PM2_60,2023-10-04 15:17:03.881
9158,PSYC-132589,TOTDay1,Training, 4,1, 2.jpg,2.jpg,30,30,2.405, 31.583,33.988,31.582,4,0,0,2,PM2_30,2023-10-04 15:17:06.801
9158,PSYC-132589,TOTDay1,Training, 5,1, 2.jpg,2.jpg,210,210,6.093, 34.247,40.34,34.246,5,0,0,3,PH2_210,2023-10-04 15:17:13.153
9158,PSYC-132589,TOTDay1,Training, 6,1, 2.jpg,2.jpg,120,120,4.284, 40.832,45.116,40.832,6,0,0,3,PH2_120,2023-10-04 15:17:17.930
9158,PSYC-132589,TOTDay1,Training, 7,1, 2.jpg,2.jpg,0,0,3.908, 45.66,49.568,45.66,7,0,0,1,PE2_0,2023-10-04 15:17:22.381
9158,PSYC-132589,TOTDay1,Training, 8,1, 2.jpg,2.jpg,240,240,5.791, 49.765,55.556,49.764,8,0,0,3,PH2_240,2023-10-04 15:17:28.369
9158,PSYC-132589,TOTDay1,Training, 9,1, 2.jpg,2.jpg,330,330,3.641, 55.952,59.594,55.952,9,0,0,2,PM2_330,2023-10-04 15:17:32.407
9158,PSYC-132589,TOTDay1,Training, 10,1, 2.jpg,2.jpg,150,150,5.435, 59.967,65.402,59.966,10,0,0,3,PH2_150,2023-10-04 15:17:38.217
9158,PSYC-132589,TOTDay1,Training, 11,1, 2.jpg,2.jpg,300,300,4.286, 65.806,70.093,65.806,11,0,0,2,PM2_300,2023-10-04 15:17:42.905
9158,PSYC-132589,TOTDay1,Training, 12,1, 2.jpg,2.jpg,270,270,2.565, 70.391,72.956,70.39,12,0,0,1,PE2_270,2023-10-04 15:17:45.769
9158,PSYC-132589,TOTDay1,Experiment, 1,1, 1.jpg,1.jpg,270,270,12.508, 74.934,87.442,73.28,1,0,0,1,AE1_270,2023-10-04 15:18:00.254
9158,PSYC-132589,TOTDay1,Experiment, 2,1, 6.jpg,6.jpg,30,30,6.391, 87.837,94.227,87.836,2,0,0,2,AM6_30,2023-10-04 15:18:07.040
9158,PSYC-132589,TOTDay1,Experiment, 3,0, 1.jpg,1.jpg,150,210,8.024, 94.445,102.47,94.445,1,0,0,3,BH1_150,2023-10-04 15:18:15.282
9158,PSYC-132589,TOTDay1,Experiment, 4,0, 3.jpg,3.jpg,90,270,5.312, 102.986,108.298,102.985,0,0,0,1,AE3_90,2023-10-04 15:18:21.110
9158,PSYC-132589,TOTDay1,Experiment, 5,1, 11.jpg,11.jpg,60,60,7.175, 108.671,115.846,108.67,1,0,0,2,AM11_60,2023-10-04 15:18:28.659
9158,PSYC-132589,TOTDay1,Experiment, 6,1, 4.jpg,4.jpg,210,210,8.187, 116.178,124.365,116.177,2,0,0,3,BH4_210,2023-10-04 15:18:37.178
9158,PSYC-132589,TOTDay1,Experiment, 7,1, 8.jpg,8.jpg,330,330,5.992, 124.747,130.739,124.746,3,0,0,2,BM8_330,2023-10-04 15:18:43.551
9158,PSYC-132589,TOTDay1,Experiment, 8,1, 3.jpg,3.jpg,240,240,4.166, 131.03,135.196,131.029,4,0,0,3,BH3_240,2023-10-04 15:18:48.007
9158,PSYC-132589,TOTDay1,Experiment, 9,1, 7.jpg,7.jpg,270,270,6.075, 135.688,141.764,135.688,5,0,0,1,BE7_270,2023-10-04 15:18:54.575
9158,PSYC-132589,TOTDay1,Experiment, 10,1, 11.jpg,11.jpg,180,180,5.057, 141.94,146.997,141.939,6,0,0,1,BE11_180,2023-10-04 15:18:59.809
9158,PSYC-132589,TOTDay1,Experiment, 11,1, 9.jpg,9.jpg,30,30,5.495, 147.155,152.65,147.154,7,0,0,2,BM9_30,2023-10-04 15:19:05.461
9158,PSYC-132589,TOTDay1,Experiment, 12,0, 8.jpg,8.jpg,210,150,6.51, 152.821,159.332,152.82,6,0,0,3,AH8_210,2023-10-04 15:19:12.143
9158,PSYC-132589,TOTDay1,Experiment, 13,1, 10.jpg,10.jpg,150,150,7.884, 159.509,167.393,159.509,7,0,0,3,AH10_150,2023-10-04 15:19:20.204
9158,PSYC-132589,TOTDay1,Experiment, 14,1, 6.jpg,6.jpg,90,90,3.411, 167.656,171.068,167.656,8,0,0,1,BE6_90,2023-10-04 15:19:23.879
9158,PSYC-132589,TOTDay1,Experiment, 15,1, 10.jpg,10.jpg,60,60,2.895, 171.299,174.194,171.298,9,0,0,2,BM10_60,2023-10-04 15:19:27.005
9158,PSYC-132589,TOTDay1,Experiment, 16,1, 4.jpg,4.jpg,180,180,3.101, 174.404,177.506,174.404,10,0,0,1,AE4_180,2023-10-04 15:19:30.316
9158,PSYC-132589,TOTDay1,Experiment, 17,1, 7.jpg,7.jpg,330,330,5.634, 177.83,183.464,177.829,11,0,0,2,AM7_330,2023-10-04 15:19:36.275
9158,PSYC-132589,TOTDay1,Experiment, 18,0, 9.jpg,9.jpg,240,210,6.232, 183.732,189.964,183.731,10,0,0,3,AH9_240,2023-10-04 15:19:42.775
9159,PSYC-134128,TOTDay1,Training, 1,1, 2.jpg,2.jpg,90,90,14.631, 363.701,378.33,363.699,1,0,0,1,PE2_90,2023-10-04 15:25:29.863
9159,PSYC-134128,TOTDay1,Training, 2,0, 2.jpg,2.jpg,180,0,22.805, 382.778,405.583,382.778,0,0,0,1,PE2_180,2023-10-04 15:25:57.115
9159,PSYC-134128,TOTDay1,Training, 3,1, 2.jpg,2.jpg,60,60,9.653, 419.905,429.558,419.904,1,0,0,2,PM2_60,2023-10-04 15:26:21.089
9159,PSYC-134128,TOTDay1,Training, 4,1, 2.jpg,2.jpg,30,30,8.431, 432.184,440.615,432.184,2,0,0,2,PM2_30,2023-10-04 15:26:32.147
9159,PSYC-134128,TOTDay1,Training, 5,0, 2.jpg,2.jpg,210,150,8.841, 442.35,451.191,442.349,1,0,0,3,PH2_210,2023-10-04 15:26:42.723
9159,PSYC-134128,TOTDay1,Training, 6,0, 2.jpg,2.jpg,120,150,6.529, 458.126,464.655,458.126,0,0,0,3,PH2_120,2023-10-04 15:26:56.188
9159,PSYC-134128,TOTDay1,Training, 7,1, 2.jpg,2.jpg,0,0,9.286, 470.046,479.332,470.045,1,0,0,1,PE2_0,2023-10-04 15:27:10.863
9159,PSYC-134128,TOTDay1,Training, 8,1, 2.jpg,2.jpg,240,240,8.761, 481.53,490.291,481.53,2,0,0,3,PH2_240,2023-10-04 15:27:21.823
9159,PSYC-134128,TOTDay1,Training, 9,0, 2.jpg,2.jpg,330,60,13.359, 493.056,506.416,493.056,1,0,0,2,PM2_330,2023-10-04 15:27:37.948
9159,PSYC-134128,TOTDay1,Training, 10,0, 2.jpg,2.jpg,150,240,9.486, 509.919,519.405,509.918,0,0,0,3,PH2_150,2023-10-04 15:27:50.937
9159,PSYC-134128,TOTDay1,Training, 11,0, 2.jpg,2.jpg,300,330,8.161, 521.628,529.789,521.628,-1,0,0,2,PM2_300,2023-10-04 15:28:01.322
9159,PSYC-134128,TOTDay1,Training, 12,1, 2.jpg,2.jpg,270,270,10.311, 538.815,549.125,538.814,0,0,0,1,PE2_270,2023-10-04 15:28:20.657
9159,PSYC-134128,TOTDay1,Experiment, 1,0, 1.jpg,1.jpg,270,180,12.127, 552.559,564.686,549.954,-1,0,0,1,AE1_270,2023-10-04 15:28:36.217
9159,PSYC-134128,TOTDay1,Experiment, 2,0, 4.jpg,4.jpg,210,180,5.729, 566.815,572.544,566.814,-2,0,0,3,BH4_210,2023-10-04 15:28:44.076
9159,PSYC-134128,TOTDay1,Experiment, 3,0, 9.jpg,9.jpg,30,120,6.703, 580.998,587.701,580.998,-3,0,0,2,BM9_30,2023-10-04 15:28:59.234
9159,PSYC-134128,TOTDay1,Experiment, 4,0, 6.jpg,6.jpg,30,60,8.445, 588.678,597.123,588.677,-4,0,0,2,AM6_30,2023-10-04 15:29:08.656
9159,PSYC-134128,TOTDay1,Experiment, 5,0, 1.jpg,1.jpg,150,90,11.278, 598.058,609.336,598.057,-5,0,0,3,BH1_150,2023-10-04 15:29:20.868
9159,PSYC-134128,TOTDay1,Experiment, 6,0, 11.jpg,11.jpg,180,0,8.559, 610.2,618.76,610.2,-6,0,0,1,BE11_180,2023-10-04 15:29:30.292
9159,PSYC-134128,TOTDay1,Experiment, 7,0, 8.jpg,8.jpg,330,300,10.082, 622.786,632.868,622.785,-7,0,0,2,BM8_330,2023-10-04 15:29:44.399
9159,PSYC-134128,TOTDay1,Experiment, 8,0, 3.jpg,3.jpg,240,60,16.604, 634.093,650.697,634.093,-8,0,0,3,BH3_240,2023-10-04 15:30:02.229
9159,PSYC-134128,TOTDay1,Experiment, 9,0, 3.jpg,3.jpg,90,0,6.265, 652.178,658.443,652.177,-9,0,0,1,AE3_90,2023-10-04 15:30:09.975
9159,PSYC-134128,TOTDay1,Experiment, 10,0, 10.jpg,10.jpg,150,180,7.592, 662.364,669.956,662.363,-10,0,0,3,AH10_150,2023-10-04 15:30:21.488
9159,PSYC-134128,TOTDay1,Experiment, 11,1, 7.jpg,7.jpg,330,330,5.559, 671.37,676.929,671.369,-9,0,0,2,AM7_330,2023-10-04 15:30:28.461
9159,PSYC-134128,TOTDay1,Experiment, 12,0, 6.jpg,6.jpg,90,300,5.925, 679.508,685.433,679.508,-10,0,0,1,BE6_90,2023-10-04 15:30:36.965
9159,PSYC-134128,TOTDay1,Experiment, 13,0, 10.jpg,10.jpg,60,300,6.456, 686.137,692.593,686.136,-11,0,0,2,BM10_60,2023-10-04 15:30:44.125
9159,PSYC-134128,TOTDay1,Experiment, 14,0, 9.jpg,9.jpg,240,330,3.643, 693.062,696.706,693.062,-12,0,0,3,AH9_240,2023-10-04 15:30:48.237
9159,PSYC-134128,TOTDay1,Experiment, 15,0, 4.jpg,4.jpg,180,60,4.496, 697.15,701.646,697.15,-13,0,0,1,AE4_180,2023-10-04 15:30:53.178
9159,PSYC-134128,TOTDay1,Experiment, 16,0, 7.jpg,7.jpg,270,0,5.152, 702.066,707.218,702.066,-14,0,0,1,BE7_270,2023-10-04 15:30:58.751
9159,PSYC-134128,TOTDay1,Experiment, 17,0, 11.jpg,11.jpg,60,90,2.842, 707.648,710.49,707.648,-15,0,0,2,AM11_60,2023-10-04 15:31:02.023
9159,PSYC-134128,TOTDay1,Experiment, 18,0, 8.jpg,8.jpg,210,300,3.007, 710.975,713.982,710.974,-16,0,0,3,AH8_210,2023-10-04 15:31:05.514
9161,PSYC-132589,TOTDay1,Training, 1,1, 2.jpg,2.jpg,90,90,6.276, 72.011,78.28,72.01,1,0,0,1,PE2_90,2023-10-05 09:35:37.864
9161,PSYC-132589,TOTDay1,Training, 2,1, 2.jpg,2.jpg,180,180,8.575, 81.781,90.356,81.78,2,0,0,1,PE2_180,2023-10-05 09:35:49.933
9161,PSYC-132589,TOTDay1,Training, 3,0, 2.jpg,2.jpg,60,150,9.758, 94.937,104.696,94.937,1,0,0,2,PM2_60,2023-10-05 09:36:04.273
9161,PSYC-132589,TOTDay1,Training, 4,0, 2.jpg,2.jpg,30,60,18.867, 108.102,126.969,108.101,0,0,0,2,PM2_30,2023-10-05 09:36:26.546
9161,PSYC-132589,TOTDay1,Training, 5,1, 2.jpg,2.jpg,210,210,10.498, 129.32,139.818,129.319,1,0,0,3,PH2_210,2023-10-05 09:36:39.395
9161,PSYC-132589,TOTDay1,Training, 6,0, 2.jpg,2.jpg,120,210,8.121, 142.728,150.849,142.728,0,0,0,3,PH2_120,2023-10-05 09:36:50.427
9161,PSYC-132589,TOTDay1,Training, 7,1, 2.jpg,2.jpg,0,0,3.614, 158.021,161.635,158.021,1,0,0,1,PE2_0,2023-10-05 09:37:01.213
9161,PSYC-132589,TOTDay1,Training, 8,0, 2.jpg,2.jpg,240,210,6.744, 163.119,169.863,163.119,0,0,0,3,PH2_240,2023-10-05 09:37:09.440
9161,PSYC-132589,TOTDay1,Training, 9,0, 2.jpg,2.jpg,330,30,3.623, 171.884,175.507,171.883,-1,0,0,2,PM2_330,2023-10-05 09:37:15.085
9161,PSYC-132589,TOTDay1,Training, 10,1, 2.jpg,2.jpg,150,150,4.212, 177.664,181.876,177.663,0,0,0,3,PH2_150,2023-10-05 09:37:21.453
9161,PSYC-132589,TOTDay1,Training, 11,1, 2.jpg,2.jpg,300,300,5.733, 182.976,188.709,182.975,1,0,0,2,PM2_300,2023-10-05 09:37:28.287
9161,PSYC-132589,TOTDay1,Training, 12,0, 2.jpg,2.jpg,270,90,9.26, 189.32,198.581,189.32,0,0,0,1,PE2_270,2023-10-05 09:37:38.158
9161,PSYC-132589,TOTDay1,Experiment, 1,1, 7.jpg,7.jpg,270,270,8.483, 201.57,210.053,200.127,1,0,0,1,BE7_270,2023-10-05 09:37:49.630
9161,PSYC-132589,TOTDay1,Experiment, 2,0, 10.jpg,10.jpg,150,30,9.581, 210.553,220.135,210.553,0,0,0,3,AH10_150,2023-10-05 09:37:59.712
9161,PSYC-132589,TOTDay1,Experiment, 3,0, 9.jpg,9.jpg,30,210,10.271, 221.502,231.773,221.501,-1,0,0,2,BM9_30,2023-10-05 09:38:11.350
9161,PSYC-132589,TOTDay1,Experiment, 4,1, 4.jpg,4.jpg,180,180,10.262, 232.878,243.14,232.877,0,0,0,1,AE4_180,2023-10-05 09:38:22.717
9161,PSYC-132589,TOTDay1,Experiment, 5,1, 10.jpg,10.jpg,60,60,12.645, 243.951,256.597,243.951,1,0,0,2,BM10_60,2023-10-05 09:38:36.174
9161,PSYC-132589,TOTDay1,Experiment, 6,1, 4.jpg,4.jpg,210,210,14.128, 257.523,271.652,257.523,2,0,0,3,BH4_210,2023-10-05 09:38:51.228
9161,PSYC-132589,TOTDay1,Experiment, 7,0, 8.jpg,8.jpg,330,210,7.549, 272.708,280.257,272.707,1,0,0,2,BM8_330,2023-10-05 09:38:59.833
9161,PSYC-132589,TOTDay1,Experiment, 8,1, 8.jpg,8.jpg,210,210,10.671, 281.747,292.419,281.747,2,0,0,3,AH8_210,2023-10-05 09:39:11.996
9161,PSYC-132589,TOTDay1,Experiment, 9,1, 6.jpg,6.jpg,90,90,10.445, 293.351,303.797,293.351,3,0,0,1,BE6_90,2023-10-05 09:39:23.373
9161,PSYC-132589,TOTDay1,Experiment, 10,1, 1.jpg,1.jpg,270,270,8.023, 304.303,312.326,304.303,4,0,0,1,AE1_270,2023-10-05 09:39:31.903
9161,PSYC-132589,TOTDay1,Experiment, 11,0, 1.jpg,1.jpg,150,90,10.094, 312.87,322.965,312.87,3,0,0,3,BH1_150,2023-10-05 09:39:42.542
9161,PSYC-132589,TOTDay1,Experiment, 12,0, 11.jpg,11.jpg,60,30,13.639, 325.771,339.411,325.771,2,0,0,2,AM11_60,2023-10-05 09:39:58.988
9161,PSYC-132589,TOTDay1,Experiment, 13,1, 11.jpg,11.jpg,180,180,12.159, 340.135,352.295,340.135,3,0,0,1,BE11_180,2023-10-05 09:40:11.872
9161,PSYC-132589,TOTDay1,Experiment, 14,1, 7.jpg,7.jpg,330,330,5.962, 352.868,358.831,352.867,4,0,0,2,AM7_330,2023-10-05 09:40:18.407
9161,PSYC-132589,TOTDay1,Experiment, 15,0, 3.jpg,3.jpg,240,30,24.641, 359.806,384.447,359.805,3,0,0,3,BH3_240,2023-10-05 09:40:44.024
9161,PSYC-132589,TOTDay1,Experiment, 16,1, 6.jpg,6.jpg,30,30,6.381, 385.031,391.413,385.031,4,0,0,2,AM6_30,2023-10-05 09:40:50.989
9161,PSYC-132589,TOTDay1,Experiment, 17,0, 3.jpg,3.jpg,90,270,10.495, 392.165,402.66,392.164,3,0,0,1,AE3_90,2023-10-05 09:41:02.237
9161,PSYC-132589,TOTDay1,Experiment, 18,1, 9.jpg,9.jpg,240,240,6.116, 403.733,409.849,403.732,4,0,0,3,AH9_240,2023-10-05 09:41:09.427
9163,PSYC-134128,TOTDay1,Training, 1,1, 2.jpg,2.jpg,90,90,13.134, 165.295,178.421,165.294,1,0,0,1,PE2_90,2023-10-05 09:36:16.121
9163,PSYC-134128,TOTDay1,Training, 2,1, 2.jpg,2.jpg,180,180,8.323, 182.705,191.028,182.704,2,0,0,1,PE2_180,2023-10-05 09:36:28.719
9163,PSYC-134128,TOTDay1,Training, 3,0, 2.jpg,2.jpg,60,330,14.959, 191.65,206.61,191.65,1,0,0,2,PM2_60,2023-10-05 09:36:44.301
9163,PSYC-134128,TOTDay1,Training, 4,1, 2.jpg,2.jpg,30,30,9.368, 222.502,231.871,222.502,2,0,0,2,PM2_30,2023-10-05 09:37:09.563
9163,PSYC-134128,TOTDay1,Training, 5,0, 2.jpg,2.jpg,210,150,12.972, 234.317,247.289,234.316,1,0,0,3,PH2_210,2023-10-05 09:37:24.980
9163,PSYC-134128,TOTDay1,Training, 6,0, 2.jpg,2.jpg,120,150,12.225, 270.545,282.77,270.543,0,0,0,3,PH2_120,2023-10-05 09:38:00.462
9163,PSYC-134128,TOTDay1,Training, 7,1, 2.jpg,2.jpg,0,0,7.296, 292.324,299.62,292.324,1,0,0,1,PE2_0,2023-10-05 09:38:17.312
9163,PSYC-134128,TOTDay1,Training, 8,0, 2.jpg,2.jpg,240,210,12.35, 300.177,312.526,300.176,0,0,0,3,PH2_240,2023-10-05 09:38:30.218
9163,PSYC-134128,TOTDay1,Training, 9,1, 2.jpg,2.jpg,330,330,11.267, 313.401,324.668,313.4,1,0,0,2,PM2_330,2023-10-05 09:38:42.360
9163,PSYC-134128,TOTDay1,Training, 10,1, 2.jpg,2.jpg,150,150,9.732, 325.149,334.881,325.149,2,0,0,3,PH2_150,2023-10-05 09:38:52.573
9163,PSYC-134128,TOTDay1,Training, 11,0, 2.jpg,2.jpg,300,240,13.456, 335.535,348.992,335.534,1,0,0,2,PM2_300,2023-10-05 09:39:06.684
9163,PSYC-134128,TOTDay1,Training, 12,1, 2.jpg,2.jpg,270,270,20.18, 350.091,370.271,350.09,2,0,0,1,PE2_270,2023-10-05 09:39:27.963
9163,PSYC-134128,TOTDay1,Experiment, 1,0, 10.jpg,10.jpg,60,30,9.882, 374.916,384.798,371.184,-1,0,0,2,BM10_60,2023-10-05 09:39:42.490
9163,PSYC-134128,TOTDay1,Experiment, 2,0, 8.jpg,8.jpg,210,270,32.005, 385.963,417.968,385.962,-2,0,0,3,AH8_210,2023-10-05 09:40:15.660
9163,PSYC-134128,TOTDay1,Experiment, 3,0, 1.jpg,1.jpg,270,180,8.717, 418.813,427.53,418.812,-3,0,0,1,AE1_270,2023-10-05 09:40:25.222
9163,PSYC-134128,TOTDay1,Experiment, 4,1, 7.jpg,7.jpg,330,330,9.249, 428.059,437.308,428.058,-2,0,0,2,AM7_330,2023-10-05 09:40:35.000
9163,PSYC-134128,TOTDay1,Experiment, 5,1, 6.jpg,6.jpg,90,90,13.563, 437.859,451.422,437.859,-1,0,0,1,BE6_90,2023-10-05 09:40:49.114
9163,PSYC-134128,TOTDay1,Experiment, 6,0, 3.jpg,3.jpg,240,180,16.902, 451.897,468.799,451.896,-2,0,0,3,BH3_240,2023-10-05 09:41:06.491
9163,PSYC-134128,TOTDay1,Experiment, 7,1, 3.jpg,3.jpg,90,90,10.045, 469.277,479.322,469.276,-1,0,0,1,AE3_90,2023-10-05 09:41:17.014
9163,PSYC-134128,TOTDay1,Experiment, 8,0, 10.jpg,10.jpg,150,120,16.526, 479.897,496.423,479.897,-2,0,0,3,AH10_150,2023-10-05 09:41:34.115
9163,PSYC-134128,TOTDay1,Experiment, 9,1, 9.jpg,9.jpg,30,30,19.018, 496.853,515.871,496.852,-1,0,0,2,BM9_30,2023-10-05 09:41:53.563
9163,PSYC-134128,TOTDay1,Experiment, 10,0, 7.jpg,7.jpg,270,90,11.689, 516.337,528.027,516.336,-2,0,0,1,BE7_270,2023-10-05 09:42:05.718
9163,PSYC-134128,TOTDay1,Experiment, 11,1, 11.jpg,11.jpg,60,60,8.794, 528.527,537.321,528.526,-1,0,0,2,AM11_60,2023-10-05 09:42:15.012
9163,PSYC-134128,TOTDay1,Experiment, 12,0, 9.jpg,9.jpg,240,270,14.123, 537.825,551.948,537.824,-2,0,0,3,AH9_240,2023-10-05 09:42:29.640
9163,PSYC-134128,TOTDay1,Experiment, 13,1, 8.jpg,8.jpg,330,330,16.686, 552.414,569.1,552.414,-1,0,0,2,BM8_330,2023-10-05 09:42:46.792
9163,PSYC-134128,TOTDay1,Experiment, 14,0, 4.jpg,4.jpg,210,180,18.189, 569.637,587.826,569.636,-2,0,0,3,BH4_210,2023-10-05 09:43:05.518
9163,PSYC-134128,TOTDay1,Experiment, 15,1, 11.jpg,11.jpg,180,180,5.383, 588.352,593.735,588.351,-1,0,0,1,BE11_180,2023-10-05 09:43:11.426
9163,PSYC-134128,TOTDay1,Experiment, 16,0, 1.jpg,1.jpg,150,210,6.725, 594.167,600.892,594.166,-2,0,0,3,BH1_150,2023-10-05 09:43:18.583
9163,PSYC-134128,TOTDay1,Experiment, 17,1, 6.jpg,6.jpg,30,30,21.085, 601.373,622.458,601.372,-1,0,0,2,AM6_30,2023-10-05 09:43:40.150
9163,PSYC-134128,TOTDay1,Experiment, 18,1, 4.jpg,4.jpg,180,180,6.279, 622.889,629.168,622.889,0,0,0,1,AE4_180,2023-10-05 09:43:46.860
9164,PSYC-134128,TOTDay1,Training, 1,1, 2.jpg,2.jpg,90,90,9.782, 63.687,73.467,63.686,1,0,0,1,PE2_90,2023-10-05 12:04:43.575
9164,PSYC-134128,TOTDay1,Training, 2,0, 2.jpg,2.jpg,180,270,13.223, 74.858,88.081,74.858,0,0,0,1,PE2_180,2023-10-05 12:04:58.187
9164,PSYC-134128,TOTDay1,Training, 3,0, 2.jpg,2.jpg,60,150,9.115, 95.26,104.375,95.259,-1,0,0,2,PM2_60,2023-10-05 12:05:14.481
9164,PSYC-134128,TOTDay1,Training, 4,0, 2.jpg,2.jpg,30,0,0.937, 107.82,108.757,107.82,-2,0,0,2,PM2_30,2023-10-05 12:05:18.864
9164,PSYC-134128,TOTDay1,Training, 5,0, 2.jpg,2.jpg,210,0,0.699, 110.902,111.601,110.901,-3,0,0,3,PH2_210,2023-10-05 12:05:21.707
9164,PSYC-134128,TOTDay1,Training, 6,0, 2.jpg,2.jpg,120,60,3.445, 117.664,121.109,117.664,-4,0,0,3,PH2_120,2023-10-05 12:05:31.216
9164,PSYC-134128,TOTDay1,Training, 7,0, 2.jpg,2.jpg,0,180,6.181, 126.81,132.991,126.809,-5,0,0,1,PE2_0,2023-10-05 12:05:43.098
9164,PSYC-134128,TOTDay1,Training, 8,0, 2.jpg,2.jpg,240,0,0.4, 137.657,138.058,137.656,-6,0,0,3,PH2_240,2023-10-05 12:05:48.164
9164,PSYC-134128,TOTDay1,Training, 9,0, 2.jpg,2.jpg,330,0,2.139, 139.68,141.819,139.679,-7,0,0,2,PM2_330,2023-10-05 12:05:51.925
9164,PSYC-134128,TOTDay1,Training, 10,0, 2.jpg,2.jpg,150,0,1.311, 143.986,145.297,143.986,-8,0,0,3,PH2_150,2023-10-05 12:05:55.403
9164,PSYC-134128,TOTDay1,Training, 11,0, 2.jpg,2.jpg,300,0,0.906, 146.502,147.407,146.501,-9,0,0,2,PM2_300,2023-10-05 12:05:57.514
9164,PSYC-134128,TOTDay1,Training, 12,0, 2.jpg,2.jpg,270,0,1.16, 148.892,150.051,148.891,-10,0,0,1,PE2_270,2023-10-05 12:06:00.158
9164,PSYC-134128,TOTDay1,Experiment, 1,0, 1.jpg,1.jpg,150,90,10.002, 153.441,163.443,151.071,-1,0,0,3,BH1_150,2023-10-05 12:06:13.549
9164,PSYC-134128,TOTDay1,Experiment, 2,0, 8.jpg,8.jpg,330,270,8.275, 164.45,172.725,164.45,-2,0,0,2,BM8_330,2023-10-05 12:06:22.832
9164,PSYC-134128,TOTDay1,Experiment, 3,1, 11.jpg,11.jpg,180,180,6.043, 173.382,179.425,173.381,-1,0,0,1,BE11_180,2023-10-05 12:06:29.531
9164,PSYC-134128,TOTDay1,Experiment, 4,0, 11.jpg,11.jpg,60,240,6.194, 180.275,186.469,180.275,-2,0,0,2,AM11_60,2023-10-05 12:06:36.576
9164,PSYC-134128,TOTDay1,Experiment, 5,0, 3.jpg,3.jpg,240,90,5.611, 187.056,192.667,187.056,-3,0,0,3,BH3_240,2023-10-05 12:06:42.774
9164,PSYC-134128,TOTDay1,Experiment, 6,0, 3.jpg,3.jpg,90,0,4.015, 193.186,197.201,193.185,-4,0,0,1,AE3_90,2023-10-05 12:06:47.307
9164,PSYC-134128,TOTDay1,Experiment, 7,0, 10.jpg,10.jpg,150,30,6.303, 197.694,203.998,197.693,-5,0,0,3,AH10_150,2023-10-05 12:06:54.103
9164,PSYC-134128,TOTDay1,Experiment, 8,0, 7.jpg,7.jpg,270,90,4.105, 204.596,208.701,204.595,-6,0,0,1,BE7_270,2023-10-05 12:06:58.807
9164,PSYC-134128,TOTDay1,Experiment, 9,0, 9.jpg,9.jpg,30,0,3.696, 209.275,212.971,209.274,-7,0,0,2,BM9_30,2023-10-05 12:07:03.078
9164,PSYC-134128,TOTDay1,Experiment, 10,0, 10.jpg,10.jpg,60,210,5.192, 213.543,218.735,213.542,-8,0,0,2,BM10_60,2023-10-05 12:07:08.842
9164,PSYC-134128,TOTDay1,Experiment, 11,1, 6.jpg,6.jpg,90,90,7.704, 219.45,227.154,219.449,-7,0,0,1,BE6_90,2023-10-05 12:07:17.260
9164,PSYC-134128,TOTDay1,Experiment, 12,0, 9.jpg,9.jpg,240,330,16.213, 228.158,244.371,228.157,-8,0,0,3,AH9_240,2023-10-05 12:07:34.478
9164,PSYC-134128,TOTDay1,Experiment, 13,0, 1.jpg,1.jpg,270,90,11.474, 244.9,256.374,244.899,-9,0,0,1,AE1_270,2023-10-05 12:07:46.480
9164,PSYC-134128,TOTDay1,Experiment, 14,0, 7.jpg,7.jpg,330,60,5.599, 257.108,262.707,257.108,-10,0,0,2,AM7_330,2023-10-05 12:07:52.814
9164,PSYC-134128,TOTDay1,Experiment, 15,0, 8.jpg,8.jpg,210,90,3.899, 263.216,267.115,263.215,-11,0,0,3,AH8_210,2023-10-05 12:07:57.221
9164,PSYC-134128,TOTDay1,Experiment, 16,1, 4.jpg,4.jpg,180,180,4.443, 267.624,272.067,267.623,-10,0,0,1,AE4_180,2023-10-05 12:08:02.174
9164,PSYC-134128,TOTDay1,Experiment, 17,0, 6.jpg,6.jpg,30,150,4.185, 272.774,276.959,272.773,-11,0,0,2,AM6_30,2023-10-05 12:08:07.066
9164,PSYC-134128,TOTDay1,Experiment, 18,0, 4.jpg,4.jpg,210,120,4.799, 278.02,282.819,278.02,-12,0,0,3,BH4_210,2023-10-05 12:08:12.925
9165,PSYC-132589,TOTDay1,Training, 1,0, 2.jpg,2.jpg,90,270,28.048, 255.014,283.061,255.013,-1,0,0,1,PE2_90,2023-10-05 12:13:21.036
9165,PSYC-132589,TOTDay1,Training, 2,1, 2.jpg,2.jpg,180,180,17.05, 300.173,317.223,300.173,0,0,0,1,PE2_180,2023-10-05 12:13:55.197
9165,PSYC-132589,TOTDay1,Training, 3,0, 2.jpg,2.jpg,60,240,12.124, 320.806,332.931,320.806,-1,0,0,2,PM2_60,2023-10-05 12:14:10.904
9165,PSYC-132589,TOTDay1,Training, 4,0, 2.jpg,2.jpg,30,150,9.495, 356.493,365.988,356.492,-2,0,0,2,PM2_30,2023-10-05 12:14:43.961
9165,PSYC-132589,TOTDay1,Training, 5,0, 2.jpg,2.jpg,210,0,1.1, 383.629,384.729,383.628,-3,0,0,3,PH2_210,2023-10-05 12:15:02.702
9165,PSYC-132589,TOTDay1,Training, 6,0, 2.jpg,2.jpg,120,300,17.197, 404.911,422.108,404.91,-4,0,0,3,PH2_120,2023-10-05 12:15:40.081
9165,PSYC-132589,TOTDay1,Training, 7,1, 2.jpg,2.jpg,0,0,4.631, 434.045,438.676,434.044,-3,0,0,1,PE2_0,2023-10-05 12:15:56.649
9165,PSYC-132589,TOTDay1,Training, 8,0, 2.jpg,2.jpg,240,30,10.462, 440.081,450.542,440.08,-4,0,0,3,PH2_240,2023-10-05 12:16:08.515
9165,PSYC-132589,TOTDay1,Training, 9,1, 2.jpg,2.jpg,330,330,17.501, 460.243,477.745,460.243,-3,0,0,2,PM2_330,2023-10-05 12:16:35.718
9165,PSYC-132589,TOTDay1,Training, 10,1, 2.jpg,2.jpg,150,150,27.431, 481.051,508.482,481.05,-2,0,0,3,PH2_150,2023-10-05 12:17:06.455
9165,PSYC-132589,TOTDay1,Training, 11,0, 2.jpg,2.jpg,300,60,9.115, 510.623,519.738,510.622,-3,0,0,2,PM2_300,2023-10-05 12:17:17.711
9165,PSYC-132589,TOTDay1,Training, 12,0, 2.jpg,2.jpg,270,90,13.421, 525.927,539.348,525.926,-4,0,0,1,PE2_270,2023-10-05 12:17:37.321
9165,PSYC-132589,TOTDay1,Experiment, 1,1, 11.jpg,11.jpg,180,180,7.575, 544.645,552.22,542.888,1,0,0,1,BE11_180,2023-10-05 12:17:50.192
9165,PSYC-132589,TOTDay1,Experiment, 2,0, 10.jpg,10.jpg,60,300,8.856, 553.412,562.269,553.412,0,0,0,2,BM10_60,2023-10-05 12:18:00.241
9165,PSYC-132589,TOTDay1,Experiment, 3,1, 10.jpg,10.jpg,150,150,26.901, 563.577,590.479,563.577,1,0,0,3,AH10_150,2023-10-05 12:18:28.451
9165,PSYC-132589,TOTDay1,Experiment, 4,0, 1.jpg,1.jpg,270,180,20.091, 591.583,611.675,591.583,0,0,0,1,AE1_270,2023-10-05 12:18:49.647
9165,PSYC-132589,TOTDay1,Experiment, 5,0, 9.jpg,9.jpg,30,150,22.641, 614.145,636.786,614.144,-1,0,0,2,BM9_30,2023-10-05 12:19:14.759
9165,PSYC-132589,TOTDay1,Experiment, 6,0, 8.jpg,8.jpg,210,330,17.987, 638.519,656.506,638.518,-2,0,0,3,AH8_210,2023-10-05 12:19:34.479
9165,PSYC-132589,TOTDay1,Experiment, 7,0, 6.jpg,6.jpg,90,300,29.372, 657.169,686.54,657.168,-3,0,0,1,BE6_90,2023-10-05 12:20:04.514
9165,PSYC-132589,TOTDay1,Experiment, 8,0, 7.jpg,7.jpg,330,0,11.046, 687.252,698.298,687.252,-4,0,0,2,AM7_330,2023-10-05 12:20:16.271
9165,PSYC-132589,TOTDay1,Experiment, 9,0, 4.jpg,4.jpg,210,180,9.725, 698.869,708.594,698.868,-5,0,0,3,BH4_210,2023-10-05 12:20:26.566
9165,PSYC-132589,TOTDay1,Experiment, 10,0, 8.jpg,8.jpg,330,240,18.289, 709.307,727.596,709.306,-6,0,0,2,BM8_330,2023-10-05 12:20:45.568
9165,PSYC-132589,TOTDay1,Experiment, 11,0, 7.jpg,7.jpg,270,330,20.317, 728.212,748.53,728.211,-7,0,0,1,BE7_270,2023-10-05 12:21:06.503
9165,PSYC-132589,TOTDay1,Experiment, 12,0, 9.jpg,9.jpg,240,0,8.226, 749.166,757.392,749.166,-8,0,0,3,AH9_240,2023-10-05 12:21:15.364
9165,PSYC-132589,TOTDay1,Experiment, 13,0, 4.jpg,4.jpg,180,60,14.56, 757.96,772.521,757.96,-9,0,0,1,AE4_180,2023-10-05 12:21:30.493
9165,PSYC-132589,TOTDay1,Experiment, 14,0, 1.jpg,1.jpg,150,90,11.623, 773.2,784.823,773.2,-10,0,0,3,BH1_150,2023-10-05 12:21:42.795
9165,PSYC-132589,TOTDay1,Experiment, 15,0, 11.jpg,11.jpg,60,210,14.613, 785.522,800.136,785.522,-11,0,0,2,AM11_60,2023-10-05 12:21:58.109
9165,PSYC-132589,TOTDay1,Experiment, 16,0, 3.jpg,3.jpg,240,60,19.577, 800.817,820.394,800.816,-12,0,0,3,BH3_240,2023-10-05 12:22:18.367
9165,PSYC-132589,TOTDay1,Experiment, 17,0, 3.jpg,3.jpg,90,60,5.333, 821.38,826.714,821.38,-13,0,0,1,AE3_90,2023-10-05 12:22:24.686
9165,PSYC-132589,TOTDay1,Experiment, 18,0, 6.jpg,6.jpg,30,180,15.737, 827.392,843.13,827.392,-14,0,0,2,AM6_30,2023-10-05 12:22:41.102
9166,PSYC-134130,TOTDay1,Training, 1,1, 2.jpg,2.jpg,90,90,12.772, 76.14,88.911,76.139,1,0,0,1,PE2_90,2023-10-05 12:19:40.701
9166,PSYC-134130,TOTDay1,Training, 2,1, 2.jpg,2.jpg,180,180,8.531, 89.598,98.13,89.598,2,0,0,1,PE2_180,2023-10-05 12:19:49.919
9166,PSYC-134130,TOTDay1,Training, 3,0, 2.jpg,2.jpg,60,210,9.901, 98.839,108.74,98.838,1,0,0,2,PM2_60,2023-10-05 12:20:00.530
9166,PSYC-134130,TOTDay1,Training, 4,1, 2.jpg,2.jpg,30,30,12.212, 114.346,126.558,114.346,2,0,0,2,PM2_30,2023-10-05 12:20:18.348
9166,PSYC-134130,TOTDay1,Training, 5,1, 2.jpg,2.jpg,210,210,13.407, 127.261,140.669,127.261,3,0,0,3,PH2_210,2023-10-05 12:20:32.458
9166,PSYC-134130,TOTDay1,Training, 6,0, 2.jpg,2.jpg,120,330,7.885, 141.317,149.202,141.316,2,0,0,3,PH2_120,2023-10-05 12:20:40.991
9166,PSYC-134130,TOTDay1,Training, 7,1, 2.jpg,2.jpg,0,0,7.017, 157.603,164.62,157.603,3,0,0,1,PE2_0,2023-10-05 12:20:56.410
9166,PSYC-134130,TOTDay1,Training, 8,0, 2.jpg,2.jpg,240,120,15.19, 165.113,180.303,165.112,2,0,0,3,PH2_240,2023-10-05 12:21:12.092
9166,PSYC-134130,TOTDay1,Training, 9,1, 2.jpg,2.jpg,330,330,9.844, 184.465,194.309,184.464,3,0,0,2,PM2_330,2023-10-05 12:21:26.098
9166,PSYC-134130,TOTDay1,Training, 10,1, 2.jpg,2.jpg,150,150,8.586, 194.802,203.389,194.802,4,0,0,3,PH2_150,2023-10-05 12:21:35.178
9166,PSYC-134130,TOTDay1,Training, 11,1, 2.jpg,2.jpg,300,300,9.205, 204.149,213.354,204.148,5,0,0,2,PM2_300,2023-10-05 12:21:45.143
9166,PSYC-134130,TOTDay1,Training, 12,1, 2.jpg,2.jpg,270,270,7.164, 213.896,221.061,213.896,6,0,0,1,PE2_270,2023-10-05 12:21:52.849
9166,PSYC-134130,TOTDay1,Experiment, 1,1, 4.jpg,4.jpg,180,180,13.594, 223.258,236.852,221.587,1,0,0,1,AE4_180,2023-10-05 12:22:08.641
9166,PSYC-134130,TOTDay1,Experiment, 2,0, 11.jpg,11.jpg,60,90,15.323, 237.439,252.762,237.438,0,0,0,2,AM11_60,2023-10-05 12:22:24.551
9166,PSYC-134130,TOTDay1,Experiment, 3,1, 9.jpg,9.jpg,240,240,14.512, 254.009,268.522,254.009,1,0,0,3,AH9_240,2023-10-05 12:22:40.311
9166,PSYC-134130,TOTDay1,Experiment, 4,0, 11.jpg,11.jpg,180,0,14.279, 269.155,283.434,269.154,0,0,0,1,BE11_180,2023-10-05 12:22:55.223
9166,PSYC-134130,TOTDay1,Experiment, 5,0, 9.jpg,9.jpg,30,90,12.412, 283.956,296.368,283.956,-1,0,0,2,BM9_30,2023-10-05 12:23:08.158
9166,PSYC-134130,TOTDay1,Experiment, 6,0, 4.jpg,4.jpg,210,300,5.653, 296.961,302.614,296.96,-2,0,0,3,BH4_210,2023-10-05 12:23:14.403
9166,PSYC-134130,TOTDay1,Experiment, 7,1, 8.jpg,8.jpg,330,330,13.82, 303.148,316.968,303.148,-1,0,0,2,BM8_330,2023-10-05 12:23:28.758
9166,PSYC-134130,TOTDay1,Experiment, 8,1, 8.jpg,8.jpg,210,210,18.407, 317.497,335.904,317.496,0,0,0,3,AH8_210,2023-10-05 12:23:47.694
9166,PSYC-134130,TOTDay1,Experiment, 9,1, 3.jpg,3.jpg,90,90,16.31, 336.472,352.782,336.472,1,0,0,1,AE3_90,2023-10-05 12:24:04.572
9166,PSYC-134130,TOTDay1,Experiment, 10,1, 7.jpg,7.jpg,330,330,6.197, 353.477,359.674,353.476,2,0,0,2,AM7_330,2023-10-05 12:24:11.463
9166,PSYC-134130,TOTDay1,Experiment, 11,0, 3.jpg,3.jpg,240,300,15.225, 360.159,375.384,360.158,1,0,0,3,BH3_240,2023-10-05 12:24:27.174
9166,PSYC-134130,TOTDay1,Experiment, 12,0, 7.jpg,7.jpg,270,0,17.633, 375.897,393.53,375.896,0,0,0,1,BE7_270,2023-10-05 12:24:45.320
9166,PSYC-134130,TOTDay1,Experiment, 13,0, 10.jpg,10.jpg,60,30,15.514, 393.998,409.513,393.998,-1,0,0,2,BM10_60,2023-10-05 12:25:01.301
9166,PSYC-134130,TOTDay1,Experiment, 14,0, 1.jpg,1.jpg,150,30,7.931, 410.258,418.19,410.258,-2,0,0,3,BH1_150,2023-10-05 12:25:09.979
9166,PSYC-134130,TOTDay1,Experiment, 15,1, 6.jpg,6.jpg,90,90,12.039, 418.703,430.742,418.702,-1,0,0,1,BE6_90,2023-10-05 12:25:22.532
9166,PSYC-134130,TOTDay1,Experiment, 16,0, 10.jpg,10.jpg,150,330,19.643, 431.504,451.148,431.504,-2,0,0,3,AH10_150,2023-10-05 12:25:42.937
9166,PSYC-134130,TOTDay1,Experiment, 17,1, 1.jpg,1.jpg,270,270,8.103, 451.593,459.696,451.592,-1,0,0,1,AE1_270,2023-10-05 12:25:51.485
9166,PSYC-134130,TOTDay1,Experiment, 18,1, 6.jpg,6.jpg,30,30,6.989, 460.199,467.188,460.198,0,0,0,2,AM6_30,2023-10-05 12:25:58.977
9169,PSYC-132589,TOTDay1,Training, 1,0, 2.jpg,2.jpg,90,180,8.174, 48.308,56.48,48.307,-1,0,0,1,PE2_90,2023-10-05 15:21:25.288
9169,PSYC-132589,TOTDay1,Training, 2,1, 2.jpg,2.jpg,180,180,4.934, 63.74,68.674,63.74,0,0,0,1,PE2_180,2023-10-05 15:21:37.481
9169,PSYC-132589,TOTDay1,Training, 3,1, 2.jpg,2.jpg,60,60,11.976, 69.852,81.828,69.852,1,0,0,2,PM2_60,2023-10-05 15:21:50.634
9169,PSYC-132589,TOTDay1,Training, 4,0, 2.jpg,2.jpg,30,210,4.093, 82.935,87.028,82.934,0,0,0,2,PM2_30,2023-10-05 15:21:55.833
9169,PSYC-132589,TOTDay1,Training, 5,0, 2.jpg,2.jpg,210,150,9.017, 89.146,98.164,89.146,-1,0,0,3,PH2_210,2023-10-05 15:22:06.970
9169,PSYC-132589,TOTDay1,Training, 6,1, 2.jpg,2.jpg,120,120,10.674, 104.302,114.976,104.302,0,0,0,3,PH2_120,2023-10-05 15:22:23.782
9169,PSYC-132589,TOTDay1,Training, 7,1, 2.jpg,2.jpg,0,0,9.73, 115.896,125.626,115.896,1,0,0,1,PE2_0,2023-10-05 15:22:34.432
9169,PSYC-132589,TOTDay1,Training, 8,1, 2.jpg,2.jpg,240,240,15.719, 126.473,142.192,126.472,2,0,0,3,PH2_240,2023-10-05 15:22:50.997
9169,PSYC-132589,TOTDay1,Training, 9,0, 2.jpg,2.jpg,330,150,6.201, 142.97,149.172,142.97,1,0,0,2,PM2_330,2023-10-05 15:22:57.977
9169,PSYC-132589,TOTDay1,Training, 10,1, 2.jpg,2.jpg,150,150,7.476, 151.157,158.634,151.157,2,0,0,3,PH2_150,2023-10-05 15:23:07.438
9169,PSYC-132589,TOTDay1,Training, 11,1, 2.jpg,2.jpg,300,300,5.571, 159.485,165.056,159.484,3,0,0,2,PM2_300,2023-10-05 15:23:13.861
9169,PSYC-132589,TOTDay1,Training, 12,1, 2.jpg,2.jpg,270,270,4.234, 165.714,169.948,165.714,4,0,0,1,PE2_270,2023-10-05 15:23:18.753
9169,PSYC-132589,TOTDay1,Experiment, 1,0, 1.jpg,1.jpg,150,270,7.917, 173.801,181.718,170.604,-1,0,0,3,BH1_150,2023-10-05 15:23:30.522
9169,PSYC-132589,TOTDay1,Experiment, 2,1, 1.jpg,1.jpg,270,270,6.904, 182.653,189.558,182.652,0,0,0,1,AE1_270,2023-10-05 15:23:38.362
9169,PSYC-132589,TOTDay1,Experiment, 3,1, 11.jpg,11.jpg,60,60,8.688, 190.261,198.95,190.26,1,0,0,2,AM11_60,2023-10-05 15:23:47.754
9169,PSYC-132589,TOTDay1,Experiment, 4,0, 3.jpg,3.jpg,240,300,6.863, 199.654,206.518,199.654,0,0,0,3,BH3_240,2023-10-05 15:23:55.323
9169,PSYC-132589,TOTDay1,Experiment, 5,1, 11.jpg,11.jpg,180,180,6.89, 207.172,214.062,207.172,1,0,0,1,BE11_180,2023-10-05 15:24:02.866
9169,PSYC-132589,TOTDay1,Experiment, 6,1, 10.jpg,10.jpg,60,60,12.579, 214.593,227.172,214.593,2,0,0,2,BM10_60,2023-10-05 15:24:15.976
9169,PSYC-132589,TOTDay1,Experiment, 7,1, 9.jpg,9.jpg,30,30,5.873, 227.87,233.744,227.87,3,0,0,2,BM9_30,2023-10-05 15:24:22.548
9169,PSYC-132589,TOTDay1,Experiment, 8,0, 4.jpg,4.jpg,210,180,8.568, 234.326,242.894,234.326,2,0,0,3,BH4_210,2023-10-05 15:24:31.699
9169,PSYC-132589,TOTDay1,Experiment, 9,0, 3.jpg,3.jpg,90,150,13.179, 243.771,256.95,243.77,1,0,0,1,AE3_90,2023-10-05 15:24:45.754
9169,PSYC-132589,TOTDay1,Experiment, 10,0, 6.jpg,6.jpg,30,210,3.498, 257.51,261.008,257.51,0,0,0,2,AM6_30,2023-10-05 15:24:49.812
9169,PSYC-132589,TOTDay1,Experiment, 11,0, 10.jpg,10.jpg,150,210,5.578, 263.12,268.698,263.12,-1,0,0,3,AH10_150,2023-10-05 15:24:57.502
9169,PSYC-132589,TOTDay1,Experiment, 12,0, 7.jpg,7.jpg,270,180,8.193, 269.238,277.432,269.238,-2,0,0,1,BE7_270,2023-10-05 15:25:06.236
9169,PSYC-132589,TOTDay1,Experiment, 13,0, 6.jpg,6.jpg,90,210,10.559, 278.121,288.68,278.12,-3,0,0,1,BE6_90,2023-10-05 15:25:17.483
9169,PSYC-132589,TOTDay1,Experiment, 14,0, 8.jpg,8.jpg,330,0,4.977, 289.255,294.232,289.254,-4,0,0,2,BM8_330,2023-10-05 15:25:23.036
9169,PSYC-132589,TOTDay1,Experiment, 15,0, 9.jpg,9.jpg,240,210,10.122, 294.846,304.968,294.846,-5,0,0,3,AH9_240,2023-10-05 15:25:33.772
9169,PSYC-132589,TOTDay1,Experiment, 16,0, 7.jpg,7.jpg,330,150,7.768, 305.624,313.392,305.623,-6,0,0,2,AM7_330,2023-10-05 15:25:42.196
9169,PSYC-132589,TOTDay1,Experiment, 17,0, 8.jpg,8.jpg,210,330,8.517, 314.07,322.588,314.07,-7,0,0,3,AH8_210,2023-10-05 15:25:51.391
9169,PSYC-132589,TOTDay1,Experiment, 18,0, 4.jpg,4.jpg,180,210,8.363, 323.598,331.962,323.598,-8,0,0,1,AE4_180,2023-10-05 15:26:00.765
9167,PSYC-134130,TOTDay1,Training, 1,1, 2.jpg,2.jpg,90,90,9.882, 93.774,103.654,93.773,1,0,0,1,PE2_90,2023-10-05 15:22:33.862
9167,PSYC-134130,TOTDay1,Training, 2,1, 2.jpg,2.jpg,180,180,6.082, 107.335,113.417,107.335,2,0,0,1,PE2_180,2023-10-05 15:22:43.624
9167,PSYC-134130,TOTDay1,Training, 3,0, 2.jpg,2.jpg,60,120,10.865, 114.17,125.035,114.17,1,0,0,2,PM2_60,2023-10-05 15:22:55.242
9167,PSYC-134130,TOTDay1,Training, 4,0, 2.jpg,2.jpg,30,60,8.565, 130.767,139.333,130.767,0,0,0,2,PM2_30,2023-10-05 15:23:09.540
9167,PSYC-134130,TOTDay1,Training, 5,1, 2.jpg,2.jpg,210,210,7.746, 142.513,150.259,142.513,1,0,0,3,PH2_210,2023-10-05 15:23:20.467
9167,PSYC-134130,TOTDay1,Training, 6,0, 2.jpg,2.jpg,120,150,5.852, 150.747,156.599,150.747,0,0,0,3,PH2_120,2023-10-05 15:23:26.806
9167,PSYC-134130,TOTDay1,Training, 7,1, 2.jpg,2.jpg,0,0,5.119, 163.782,168.901,163.781,1,0,0,1,PE2_0,2023-10-05 15:23:39.108
9167,PSYC-134130,TOTDay1,Training, 8,1, 2.jpg,2.jpg,240,240,12.945, 169.401,182.347,169.401,2,0,0,3,PH2_240,2023-10-05 15:23:52.554
9167,PSYC-134130,TOTDay1,Training, 9,0, 2.jpg,2.jpg,330,150,6.988, 182.902,189.89,182.902,1,0,0,2,PM2_330,2023-10-05 15:24:00.097
9167,PSYC-134130,TOTDay1,Training, 10,1, 2.jpg,2.jpg,150,150,7.504, 190.269,197.774,190.269,2,0,0,3,PH2_150,2023-10-05 15:24:07.981
9167,PSYC-134130,TOTDay1,Training, 11,1, 2.jpg,2.jpg,300,300,13.243, 198.192,211.435,198.191,3,0,0,2,PM2_300,2023-10-05 15:24:21.642
9167,PSYC-134130,TOTDay1,Training, 12,1, 2.jpg,2.jpg,270,270,3.016, 211.798,214.815,211.798,4,0,0,1,PE2_270,2023-10-05 15:24:25.023
9167,PSYC-134130,TOTDay1,Experiment, 1,1, 1.jpg,1.jpg,270,270,7.269, 218.766,226.035,215.221,1,0,0,1,AE1_270,2023-10-05 15:24:36.243
9167,PSYC-134130,TOTDay1,Experiment, 2,0, 1.jpg,1.jpg,150,210,13.106, 226.473,239.579,226.473,0,0,0,3,BH1_150,2023-10-05 15:24:49.787
9167,PSYC-134130,TOTDay1,Experiment, 3,1, 11.jpg,11.jpg,60,60,9.549, 240.219,249.769,240.219,1,0,0,2,AM11_60,2023-10-05 15:24:59.977
9167,PSYC-134130,TOTDay1,Experiment, 4,1, 7.jpg,7.jpg,330,330,7.535, 250.221,257.757,250.221,2,0,0,2,AM7_330,2023-10-05 15:25:07.965
9167,PSYC-134130,TOTDay1,Experiment, 5,0, 3.jpg,3.jpg,90,180,8.47, 258.169,266.639,258.169,1,0,0,1,AE3_90,2023-10-05 15:25:16.847
9167,PSYC-134130,TOTDay1,Experiment, 6,1, 10.jpg,10.jpg,150,150,8.848, 272.442,281.29,272.441,2,0,0,3,AH10_150,2023-10-05 15:25:31.498
9167,PSYC-134130,TOTDay1,Experiment, 7,0, 9.jpg,9.jpg,240,60,14.646, 281.743,296.389,281.743,1,0,0,3,AH9_240,2023-10-05 15:25:46.597
9167,PSYC-134130,TOTDay1,Experiment, 8,1, 8.jpg,8.jpg,330,330,6.706, 296.979,303.686,296.979,2,0,0,2,BM8_330,2023-10-05 15:25:53.894
9167,PSYC-134130,TOTDay1,Experiment, 9,0, 6.jpg,6.jpg,90,60,18.613, 304.115,322.729,304.115,1,0,0,1,BE6_90,2023-10-05 15:26:12.937
9167,PSYC-134130,TOTDay1,Experiment, 10,0, 10.jpg,10.jpg,60,120,7.642, 323.146,330.787,323.145,0,0,0,2,BM10_60,2023-10-05 15:26:20.995
9167,PSYC-134130,TOTDay1,Experiment, 11,0, 8.jpg,8.jpg,210,330,8.903, 331.21,340.113,331.209,-1,0,0,3,AH8_210,2023-10-05 15:26:30.322
9167,PSYC-134130,TOTDay1,Experiment, 12,1, 4.jpg,4.jpg,180,180,9.676, 340.508,350.184,340.507,0,0,0,1,AE4_180,2023-10-05 15:26:40.392
9167,PSYC-134130,TOTDay1,Experiment, 13,1, 7.jpg,7.jpg,270,270,13.113, 350.492,363.605,350.492,1,0,0,1,BE7_270,2023-10-05 15:26:53.814
9167,PSYC-134130,TOTDay1,Experiment, 14,0, 3.jpg,3.jpg,240,300,8.968, 364.008,372.976,364.007,0,0,0,3,BH3_240,2023-10-05 15:27:03.185
9167,PSYC-134130,TOTDay1,Experiment, 15,0, 6.jpg,6.jpg,30,210,7.103, 373.302,380.405,373.301,-1,0,0,2,AM6_30,2023-10-05 15:27:10.613
9167,PSYC-134130,TOTDay1,Experiment, 16,1, 11.jpg,11.jpg,180,180,3.451, 380.746,384.197,380.745,0,0,0,1,BE11_180,2023-10-05 15:27:14.405
9167,PSYC-134130,TOTDay1,Experiment, 17,0, 9.jpg,9.jpg,30,60,6.326, 384.509,390.835,384.509,-1,0,0,2,BM9_30,2023-10-05 15:27:21.043
9167,PSYC-134130,TOTDay1,Experiment, 18,1, 4.jpg,4.jpg,210,210,14.182, 391.129,405.311,391.129,0,0,0,3,BH4_210,2023-10-05 15:27:35.520
9168,PSYC-134128,TOTDay1,Training, 1,0, 2.jpg,2.jpg,90,0,9.328, 213.917,223.243,213.916,-1,0,0,1,PE2_90,2023-10-05 15:33:59.533
9168,PSYC-134128,TOTDay1,Training, 2,0, 2.jpg,2.jpg,180,0,11.851, 231.532,243.384,231.532,-2,0,0,1,PE2_180,2023-10-05 15:34:19.673
9168,PSYC-134128,TOTDay1,Training, 3,0, 2.jpg,2.jpg,60,270,7.836, 262.336,270.172,262.336,-3,0,0,2,PM2_60,2023-10-05 15:34:46.461
9168,PSYC-134128,TOTDay1,Training, 4,0, 2.jpg,2.jpg,30,330,8.836, 275.52,284.356,275.52,-4,0,0,2,PM2_30,2023-10-05 15:35:00.644
9168,PSYC-134128,TOTDay1,Training, 5,0, 2.jpg,2.jpg,210,120,14.537, 288.841,303.378,288.84,-5,0,0,3,PH2_210,2023-10-05 15:35:19.666
9168,PSYC-134128,TOTDay1,Training, 6,0, 2.jpg,2.jpg,120,210,5.733, 312.282,318.016,312.282,-6,0,0,3,PH2_120,2023-10-05 15:35:34.305
9168,PSYC-134128,TOTDay1,Training, 7,1, 2.jpg,2.jpg,0,0,4.978, 325.279,330.258,325.278,-5,0,0,1,PE2_0,2023-10-05 15:35:46.546
9168,PSYC-134128,TOTDay1,Training, 8,0, 2.jpg,2.jpg,240,120,8.779, 332.903,341.682,332.902,-6,0,0,3,PH2_240,2023-10-05 15:35:57.970
9168,PSYC-134128,TOTDay1,Training, 9,0, 2.jpg,2.jpg,330,60,14.668, 342.818,357.486,342.818,-7,0,0,2,PM2_330,2023-10-05 15:36:13.774
9168,PSYC-134128,TOTDay1,Training, 10,0, 2.jpg,2.jpg,150,120,15.037, 365.275,380.312,365.274,-8,0,0,3,PH2_150,2023-10-05 15:36:36.600
9168,PSYC-134128,TOTDay1,Training, 11,0, 2.jpg,2.jpg,300,60,28.615, 381.091,409.706,381.091,-9,0,0,2,PM2_300,2023-10-05 15:37:05.995
9168,PSYC-134128,TOTDay1,Training, 12,0, 2.jpg,2.jpg,270,90,9.726, 410.543,420.268,410.542,-10,0,0,1,PE2_270,2023-10-05 15:37:16.557
9168,PSYC-134128,TOTDay1,Experiment, 1,0, 9.jpg,9.jpg,240,120,13.905, 422.299,436.203,420.97,-1,0,0,3,AH9_240,2023-10-05 15:37:32.492
9168,PSYC-134128,TOTDay1,Experiment, 2,1, 11.jpg,11.jpg,180,180,7.926, 439.019,446.946,439.019,0,0,0,1,BE11_180,2023-10-05 15:37:43.234
9168,PSYC-134128,TOTDay1,Experiment, 3,0, 10.jpg,10.jpg,60,270,17.879, 447.968,465.848,447.968,-1,0,0,2,BM10_60,2023-10-05 15:38:02.137
9168,PSYC-134128,TOTDay1,Experiment, 4,1, 6.jpg,6.jpg,30,30,14.451, 466.536,480.988,466.536,0,0,0,2,AM6_30,2023-10-05 15:38:17.277
9168,PSYC-134128,TOTDay1,Experiment, 5,1, 4.jpg,4.jpg,210,210,16.756, 482.964,499.72,482.964,1,0,0,3,BH4_210,2023-10-05 15:38:36.008
9168,PSYC-134128,TOTDay1,Experiment, 6,0, 7.jpg,7.jpg,270,90,9.815, 500.592,510.408,500.592,0,0,0,1,BE7_270,2023-10-05 15:38:46.696
9168,PSYC-134128,TOTDay1,Experiment, 7,0, 4.jpg,4.jpg,180,240,10.058, 511.082,521.14,511.081,-1,0,0,1,AE4_180,2023-10-05 15:38:57.428
9168,PSYC-134128,TOTDay1,Experiment, 8,0, 11.jpg,11.jpg,60,240,8.504, 521.774,530.278,521.773,-2,0,0,2,AM11_60,2023-10-05 15:39:06.566
9168,PSYC-134128,TOTDay1,Experiment, 9,0, 10.jpg,10.jpg,150,120,24.347, 530.845,555.192,530.844,-3,0,0,3,AH10_150,2023-10-05 15:39:31.480
9168,PSYC-134128,TOTDay1,Experiment, 10,0, 8.jpg,8.jpg,210,240,19.82, 555.766,575.587,555.766,-4,0,0,3,AH8_210,2023-10-05 15:39:51.875
9168,PSYC-134128,TOTDay1,Experiment, 11,0, 1.jpg,1.jpg,270,90,16.762, 576.262,593.024,576.262,-5,0,0,1,AE1_270,2023-10-05 15:40:09.312
9168,PSYC-134128,TOTDay1,Experiment, 12,0, 8.jpg,8.jpg,330,240,14.055, 593.489,607.544,593.489,-6,0,0,2,BM8_330,2023-10-05 15:40:23.832
9168,PSYC-134128,TOTDay1,Experiment, 13,0, 6.jpg,6.jpg,90,270,13.987, 608.012,622,608.012,-7,0,0,1,BE6_90,2023-10-05 15:40:38.288
9168,PSYC-134128,TOTDay1,Experiment, 14,0, 1.jpg,1.jpg,150,30,13.999, 622.522,636.522,622.522,-8,0,0,3,BH1_150,2023-10-05 15:40:52.810
9168,PSYC-134128,TOTDay1,Experiment, 15,1, 7.jpg,7.jpg,330,330,8.451, 637.029,645.48,637.028,-7,0,0,2,AM7_330,2023-10-05 15:41:01.768
9168,PSYC-134128,TOTDay1,Experiment, 16,1, 9.jpg,9.jpg,30,30,13.913, 646.083,659.996,646.083,-6,0,0,2,BM9_30,2023-10-05 15:41:16.284
9168,PSYC-134128,TOTDay1,Experiment, 17,0, 3.jpg,3.jpg,240,60,16.174, 660.502,676.676,660.501,-7,0,0,3,BH3_240,2023-10-05 15:41:32.964
9168,PSYC-134128,TOTDay1,Experiment, 18,0, 3.jpg,3.jpg,90,210,8.344, 677.124,685.469,677.124,-8,0,0,1,AE3_90,2023-10-05 15:41:41.757
9170,PSYC-132589,TOTDay1,Training, 1,1, 2.jpg,2.jpg,90,90,21.496, 90.155,111.648,90.153,1,0,0,1,PE2_90,2023-10-06 09:27:30.578
9170,PSYC-132589,TOTDay1,Training, 2,0, 2.jpg,2.jpg,180,0,11.22, 114.957,126.177,114.957,0,0,0,1,PE2_180,2023-10-06 09:27:45.104
9170,PSYC-132589,TOTDay1,Training, 3,0, 2.jpg,2.jpg,60,270,10.204, 135.643,145.847,135.643,-1,0,0,2,PM2_60,2023-10-06 09:28:04.775
9170,PSYC-132589,TOTDay1,Training, 4,0, 2.jpg,2.jpg,30,240,16.551, 148.874,165.425,148.873,-2,0,0,2,PM2_30,2023-10-06 09:28:24.352
9170,PSYC-132589,TOTDay1,Training, 5,0, 2.jpg,2.jpg,210,60,19.141, 172.473,191.613,172.472,-3,0,0,3,PH2_210,2023-10-06 09:28:50.541
9170,PSYC-132589,TOTDay1,Training, 6,0, 2.jpg,2.jpg,120,30,9.473, 205.394,214.867,205.394,-4,0,0,3,PH2_120,2023-10-06 09:29:13.795
9170,PSYC-132589,TOTDay1,Training, 7,0, 2.jpg,2.jpg,0,180,9.002, 221.305,230.307,221.305,-5,0,0,1,PE2_0,2023-10-06 09:29:29.234
9170,PSYC-132589,TOTDay1,Training, 8,0, 2.jpg,2.jpg,240,30,12.556, 239.129,251.685,239.129,-6,0,0,3,PH2_240,2023-10-06 09:29:50.612
9170,PSYC-132589,TOTDay1,Training, 9,0, 2.jpg,2.jpg,330,150,7.231, 253.337,260.569,253.337,-7,0,0,2,PM2_330,2023-10-06 09:29:59.496
9170,PSYC-132589,TOTDay1,Training, 10,0, 2.jpg,2.jpg,150,120,15.695, 262.73,278.426,262.729,-8,0,0,3,PH2_150,2023-10-06 09:30:17.354
9170,PSYC-132589,TOTDay1,Training, 11,0, 2.jpg,2.jpg,300,120,12.341, 280.467,292.809,280.467,-9,0,0,2,PM2_300,2023-10-06 09:30:31.736
9170,PSYC-132589,TOTDay1,Training, 12,0, 2.jpg,2.jpg,270,180,6.684, 295.087,301.771,295.087,-10,0,0,1,PE2_270,2023-10-06 09:30:40.699
9170,PSYC-132589,TOTDay1,Training, 13,0, 2.jpg,2.jpg,270,-1,36.093, 295.087,331.18,306.929,-11,0,0,1,PE2_270,2023-10-06 09:31:10.107
9170,PSYC-132589,TOTDay1,Experiment, 1,0, 7.jpg,7.jpg,330,150,18.323, 335.086,353.409,306.929,-1,0,0,2,AM7_330,2023-10-06 09:31:32.336
9170,PSYC-132589,TOTDay1,Experiment, 2,1, 1.jpg,1.jpg,270,270,9.147, 355.996,365.143,355.995,0,0,0,1,AE1_270,2023-10-06 09:31:44.070
9170,PSYC-132589,TOTDay1,Experiment, 3,0, 3.jpg,3.jpg,240,150,16.419, 366.75,383.169,366.749,-1,0,0,3,BH3_240,2023-10-06 09:32:02.096
9170,PSYC-132589,TOTDay1,Experiment, 4,0, 1.jpg,1.jpg,150,300,7.189, 384.391,391.581,384.391,-2,0,0,3,BH1_150,2023-10-06 09:32:10.508
9170,PSYC-132589,TOTDay1,Experiment, 5,1, 9.jpg,9.jpg,30,30,8.601, 392.557,401.159,392.557,-1,0,0,2,BM9_30,2023-10-06 09:32:20.086
9170,PSYC-132589,TOTDay1,Experiment, 6,0, 7.jpg,7.jpg,270,150,15.305, 401.81,417.116,401.81,-2,0,0,1,BE7_270,2023-10-06 09:32:36.043
9170,PSYC-132589,TOTDay1,Experiment, 7,0, 4.jpg,4.jpg,210,30,7.898, 418.819,426.717,418.819,-3,0,0,3,BH4_210,2023-10-06 09:32:45.644
9170,PSYC-132589,TOTDay1,Experiment, 8,0, 8.jpg,8.jpg,330,300,9.203, 427.608,436.811,427.607,-4,0,0,2,BM8_330,2023-10-06 09:32:55.738
9170,PSYC-132589,TOTDay1,Experiment, 9,0, 4.jpg,4.jpg,180,210,11.167, 438.316,449.483,438.315,-5,0,0,1,AE4_180,2023-10-06 09:33:08.410
9170,PSYC-132589,TOTDay1,Experiment, 10,0, 6.jpg,6.jpg,30,210,12.543, 450.128,462.671,450.127,-6,0,0,2,AM6_30,2023-10-06 09:33:21.599
9170,PSYC-132589,TOTDay1,Experiment, 11,0, 9.jpg,9.jpg,240,120,11.543, 463.499,475.043,463.499,-7,0,0,3,AH9_240,2023-10-06 09:33:33.970
9170,PSYC-132589,TOTDay1,Experiment, 12,0, 6.jpg,6.jpg,90,270,12.224, 475.559,487.783,475.559,-8,0,0,1,BE6_90,2023-10-06 09:33:46.711
9170,PSYC-132589,TOTDay1,Experiment, 13,0, 10.jpg,10.jpg,60,150,8.278, 488.556,496.835,488.556,-9,0,0,2,BM10_60,2023-10-06 09:33:55.763
9170,PSYC-132589,TOTDay1,Experiment, 14,1, 11.jpg,11.jpg,180,180,8.217, 497.359,505.577,497.359,-8,0,0,1,BE11_180,2023-10-06 09:34:04.504
9170,PSYC-132589,TOTDay1,Experiment, 15,1, 8.jpg,8.jpg,210,210,5.499, 506.414,511.913,506.413,-7,0,0,3,AH8_210,2023-10-06 09:34:10.840
9170,PSYC-132589,TOTDay1,Experiment, 16,0, 3.jpg,3.jpg,90,150,3.711, 512.883,516.594,512.883,-8,0,0,1,AE3_90,2023-10-06 09:34:15.522
9170,PSYC-132589,TOTDay1,Experiment, 17,1, 10.jpg,10.jpg,150,150,12.969, 517.189,530.159,517.189,-7,0,0,3,AH10_150,2023-10-06 09:34:29.086
9170,PSYC-132589,TOTDay1,Experiment, 18,0, 11.jpg,11.jpg,60,90,8.985, 530.936,539.921,530.935,-8,0,0,2,AM11_60,2023-10-06 09:34:38.849
9171,PSYC-134128,TOTDay1,Training, 1,0, 2.jpg,2.jpg,90,60,5.511, 19.652,25.157,19.651,-1,0,0,1,PE2_90,2023-10-06 09:31:47.022
9171,PSYC-134128,TOTDay1,Training, 2,1, 2.jpg,2.jpg,180,180,8.676, 30.811,39.486,30.81,0,0,0,1,PE2_180,2023-10-06 09:32:01.344
9171,PSYC-134128,TOTDay1,Training, 3,1, 2.jpg,2.jpg,60,60,9.631, 41.01,50.642,41.01,1,0,0,2,PM2_60,2023-10-06 09:32:12.500
9171,PSYC-134128,TOTDay1,Training, 4,0, 2.jpg,2.jpg,30,210,6.762, 51.797,58.56,51.797,0,0,0,2,PM2_30,2023-10-06 09:32:20.418
9171,PSYC-134128,TOTDay1,Training, 5,0, 2.jpg,2.jpg,210,330,3.671, 64.567,68.239,64.567,-1,0,0,3,PH2_210,2023-10-06 09:32:30.097
9171,PSYC-134128,TOTDay1,Training, 6,0, 2.jpg,2.jpg,120,150,11.838, 76.203,88.04,76.202,-2,0,0,3,PH2_120,2023-10-06 09:32:49.899
9171,PSYC-134128,TOTDay1,Training, 7,0, 2.jpg,2.jpg,0,180,4.333, 93.731,98.064,93.73,-3,0,0,1,PE2_0,2023-10-06 09:32:59.922
9171,PSYC-134128,TOTDay1,Training, 8,0, 2.jpg,2.jpg,240,60,4.777, 99.846,104.624,99.846,-4,0,0,3,PH2_240,2023-10-06 09:33:06.482
9171,PSYC-134128,TOTDay1,Training, 9,0, 2.jpg,2.jpg,330,60,4.181, 107.658,111.84,107.658,-5,0,0,2,PM2_330,2023-10-06 09:33:13.699
9171,PSYC-134128,TOTDay1,Training, 10,0, 2.jpg,2.jpg,150,180,4.772, 114.188,118.96,114.188,-6,0,0,3,PH2_150,2023-10-06 09:33:20.819
9171,PSYC-134128,TOTDay1,Training, 11,0, 2.jpg,2.jpg,300,330,5.575, 120.509,126.084,120.508,-7,0,0,2,PM2_300,2023-10-06 09:33:27.943
9171,PSYC-134128,TOTDay1,Training, 12,0, 2.jpg,2.jpg,270,60,3.171, 127.121,130.292,127.12,-8,0,0,1,PE2_270,2023-10-06 09:33:32.150
9171,PSYC-134128,TOTDay1,Experiment, 1,0, 10.jpg,10.jpg,150,60,6.328, 133.098,139.426,131.328,-1,0,0,3,AH10_150,2023-10-06 09:33:41.285
9171,PSYC-134128,TOTDay1,Experiment, 2,1, 4.jpg,4.jpg,180,180,7.493, 141.791,149.284,141.79,0,0,0,1,AE4_180,2023-10-06 09:33:51.143
9171,PSYC-134128,TOTDay1,Experiment, 3,0, 6.jpg,6.jpg,30,180,5.529, 150.37,155.898,150.369,-1,0,0,2,AM6_30,2023-10-06 09:33:57.757
9171,PSYC-134128,TOTDay1,Experiment, 4,0, 10.jpg,10.jpg,60,300,6.211, 156.813,163.024,156.812,-2,0,0,2,BM10_60,2023-10-06 09:34:04.883
9171,PSYC-134128,TOTDay1,Experiment, 5,0, 9.jpg,9.jpg,240,210,7.183, 163.799,170.982,163.798,-3,0,0,3,AH9_240,2023-10-06 09:34:12.841
9171,PSYC-134128,TOTDay1,Experiment, 6,0, 3.jpg,3.jpg,90,60,9.845, 171.733,181.578,171.732,-4,0,0,1,AE3_90,2023-10-06 09:34:23.436
9171,PSYC-134128,TOTDay1,Experiment, 7,1, 6.jpg,6.jpg,90,90,11.093, 182.337,193.43,182.336,-3,0,0,1,BE6_90,2023-10-06 09:34:35.288
9171,PSYC-134128,TOTDay1,Experiment, 8,0, 8.jpg,8.jpg,210,60,4.514, 194.777,199.292,194.777,-4,0,0,3,AH8_210,2023-10-06 09:34:41.150
9171,PSYC-134128,TOTDay1,Experiment, 9,1, 7.jpg,7.jpg,330,330,4.299, 200.203,204.502,200.202,-3,0,0,2,AM7_330,2023-10-06 09:34:46.361
9171,PSYC-134128,TOTDay1,Experiment, 10,0, 7.jpg,7.jpg,270,120,2.583, 207.772,210.356,207.772,-4,0,0,1,BE7_270,2023-10-06 09:34:52.215
9171,PSYC-134128,TOTDay1,Experiment, 11,0, 4.jpg,4.jpg,210,180,5.778, 211.07,216.849,211.07,-5,0,0,3,BH4_210,2023-10-06 09:34:58.708
9171,PSYC-134128,TOTDay1,Experiment, 12,0, 11.jpg,11.jpg,60,300,6.375, 217.986,224.362,217.986,-6,0,0,2,AM11_60,2023-10-06 09:35:06.220
9171,PSYC-134128,TOTDay1,Experiment, 13,0, 1.jpg,1.jpg,270,60,6.677, 225.046,231.724,225.046,-7,0,0,1,AE1_270,2023-10-06 09:35:13.582
9171,PSYC-134128,TOTDay1,Experiment, 14,0, 8.jpg,8.jpg,330,0,5.847, 235.359,241.206,235.359,-8,0,0,2,BM8_330,2023-10-06 09:35:23.064
9171,PSYC-134128,TOTDay1,Experiment, 15,0, 1.jpg,1.jpg,150,90,5.703, 242.204,247.908,242.204,-9,0,0,3,BH1_150,2023-10-06 09:35:29.767
9171,PSYC-134128,TOTDay1,Experiment, 16,0, 11.jpg,11.jpg,180,150,9.37, 249.112,258.482,249.112,-10,0,0,1,BE11_180,2023-10-06 09:35:40.341
9171,PSYC-134128,TOTDay1,Experiment, 17,0, 9.jpg,9.jpg,30,60,4.603, 259.217,263.821,259.217,-11,0,0,2,BM9_30,2023-10-06 09:35:45.679
9171,PSYC-134128,TOTDay1,Experiment, 18,0, 3.jpg,3.jpg,240,300,6.047, 264.419,270.466,264.418,-12,0,0,3,BH3_240,2023-10-06 09:35:52.325
9173,PSYC-134128,TOTDay1,Training, 1,0, 2.jpg,2.jpg,90,270,6.256, 19.754,26.008,19.753,-1,0,0,1,PE2_90,2023-10-06 12:26:37.291
9173,PSYC-134128,TOTDay1,Training, 2,0, 2.jpg,2.jpg,180,90,6.913, 33.982,40.896,33.982,-2,0,0,1,PE2_180,2023-10-06 12:26:52.176
9173,PSYC-134128,TOTDay1,Training, 3,0, 2.jpg,2.jpg,60,210,6.671, 49.51,56.182,49.51,-3,0,0,2,PM2_60,2023-10-06 12:27:07.463
9173,PSYC-134128,TOTDay1,Training, 4,1, 2.jpg,2.jpg,30,30,6.336, 62.026,68.362,62.025,-2,0,0,2,PM2_30,2023-10-06 12:27:19.643
9173,PSYC-134128,TOTDay1,Training, 5,1, 2.jpg,2.jpg,210,210,7.381, 69.343,76.724,69.343,-1,0,0,3,PH2_210,2023-10-06 12:27:28.005
9173,PSYC-134128,TOTDay1,Training, 6,0, 2.jpg,2.jpg,120,300,5.377, 77.561,82.938,77.56,-2,0,0,3,PH2_120,2023-10-06 12:27:34.220
9173,PSYC-134128,TOTDay1,Training, 7,1, 2.jpg,2.jpg,0,0,4.245, 88.892,93.138,88.892,-1,0,0,1,PE2_0,2023-10-06 12:27:44.420
9173,PSYC-134128,TOTDay1,Training, 8,0, 2.jpg,2.jpg,240,150,8.302, 94.087,102.39,94.087,-2,0,0,3,PH2_240,2023-10-06 12:27:53.671
9173,PSYC-134128,TOTDay1,Training, 9,0, 2.jpg,2.jpg,330,240,13.643, 104.663,118.306,104.662,-3,0,0,2,PM2_330,2023-10-06 12:28:09.587
9173,PSYC-134128,TOTDay1,Training, 10,0, 2.jpg,2.jpg,150,210,3.057, 119.344,122.402,119.344,-4,0,0,3,PH2_150,2023-10-06 12:28:13.683
9173,PSYC-134128,TOTDay1,Training, 11,0, 2.jpg,2.jpg,300,210,7.087, 123.336,130.424,123.336,-5,0,0,2,PM2_300,2023-10-06 12:28:21.705
9173,PSYC-134128,TOTDay1,Training, 12,1, 2.jpg,2.jpg,270,270,7.992, 131.139,139.131,131.138,-4,0,0,1,PE2_270,2023-10-06 12:28:30.414
9173,PSYC-134128,TOTDay1,Experiment, 1,1, 9.jpg,9.jpg,30,30,11.619, 141.729,153.348,140.254,1,0,0,2,BM9_30,2023-10-06 12:28:44.630
9173,PSYC-134128,TOTDay1,Experiment, 2,0, 6.jpg,6.jpg,90,210,12.853, 154.75,167.604,154.749,0,0,0,1,BE6_90,2023-10-06 12:28:58.885
9173,PSYC-134128,TOTDay1,Experiment, 3,0, 9.jpg,9.jpg,240,210,11.217, 171.114,182.332,171.114,-1,0,0,3,AH9_240,2023-10-06 12:29:13.613
9173,PSYC-134128,TOTDay1,Experiment, 4,0, 6.jpg,6.jpg,30,210,3.845, 183.508,187.353,183.508,-2,0,0,2,AM6_30,2023-10-06 12:29:18.636
9173,PSYC-134128,TOTDay1,Experiment, 5,1, 11.jpg,11.jpg,180,180,9.879, 188.002,197.881,188.002,-1,0,0,1,BE11_180,2023-10-06 12:29:29.164
9173,PSYC-134128,TOTDay1,Experiment, 6,1, 10.jpg,10.jpg,150,150,10.201, 199.121,209.322,199.12,0,0,0,3,AH10_150,2023-10-06 12:29:40.604
9173,PSYC-134128,TOTDay1,Experiment, 7,0, 11.jpg,11.jpg,60,210,10.809, 209.992,220.801,209.992,-1,0,0,2,AM11_60,2023-10-06 12:29:52.084
9173,PSYC-134128,TOTDay1,Experiment, 8,0, 8.jpg,8.jpg,210,300,8.733, 221.377,230.11,221.376,-2,0,0,3,AH8_210,2023-10-06 12:30:01.392
9173,PSYC-134128,TOTDay1,Experiment, 9,1, 3.jpg,3.jpg,90,90,8.309, 230.806,239.115,230.806,-1,0,0,1,AE3_90,2023-10-06 12:30:10.399
9173,PSYC-134128,TOTDay1,Experiment, 10,0, 1.jpg,1.jpg,150,60,7.841, 239.97,247.812,239.97,-2,0,0,3,BH1_150,2023-10-06 12:30:19.094
9173,PSYC-134128,TOTDay1,Experiment, 11,0, 8.jpg,8.jpg,330,300,3.779, 249.174,252.954,249.173,-3,0,0,2,BM8_330,2023-10-06 12:30:24.237
9173,PSYC-134128,TOTDay1,Experiment, 12,1, 7.jpg,7.jpg,270,270,14.127, 253.467,267.594,253.466,-2,0,0,1,BE7_270,2023-10-06 12:30:38.877
9173,PSYC-134128,TOTDay1,Experiment, 13,1, 4.jpg,4.jpg,210,210,8.367, 268.136,276.504,268.136,-1,0,0,3,BH4_210,2023-10-06 12:30:47.786
9173,PSYC-134128,TOTDay1,Experiment, 14,0, 10.jpg,10.jpg,60,330,8.507, 277.13,285.638,277.13,-2,0,0,2,BM10_60,2023-10-06 12:30:56.921
9173,PSYC-134128,TOTDay1,Experiment, 15,1, 1.jpg,1.jpg,270,270,10.381, 286.438,296.82,286.438,-1,0,0,1,AE1_270,2023-10-06 12:31:08.103
9173,PSYC-134128,TOTDay1,Experiment, 16,0, 7.jpg,7.jpg,330,300,3.947, 298.098,302.045,298.098,-2,0,0,2,AM7_330,2023-10-06 12:31:13.328
9173,PSYC-134128,TOTDay1,Experiment, 17,1, 3.jpg,3.jpg,240,240,10.183, 303.38,313.563,303.38,-1,0,0,3,BH3_240,2023-10-06 12:31:24.847
9173,PSYC-134128,TOTDay1,Experiment, 18,1, 4.jpg,4.jpg,180,180,5.973, 314.418,320.392,314.418,0,0,0,1,AE4_180,2023-10-06 12:31:31.675
9177,PSYC-132589,TOTDay1,Training, 1,0, 2.jpg,2.jpg,90,270,7.838, 92.104,99.939,92.103,-1,0,0,1,PE2_90,2023-10-06 12:31:56.103
9177,PSYC-132589,TOTDay1,Training, 2,1, 2.jpg,2.jpg,180,180,4.189, 106.893,111.083,106.893,0,0,0,1,PE2_180,2023-10-06 12:32:07.244
9177,PSYC-132589,TOTDay1,Training, 3,0, 2.jpg,2.jpg,60,300,11.934, 112.898,124.831,112.897,-1,0,0,2,PM2_60,2023-10-06 12:32:20.994
9177,PSYC-132589,TOTDay1,Training, 4,1, 2.jpg,2.jpg,30,30,3.546, 130.898,134.443,130.897,0,0,0,2,PM2_30,2023-10-06 12:32:30.605
9177,PSYC-132589,TOTDay1,Training, 5,0, 2.jpg,2.jpg,210,240,19.705, 135.07,154.775,135.07,-1,0,0,3,PH2_210,2023-10-06 12:32:50.937
9177,PSYC-132589,TOTDay1,Training, 6,0, 2.jpg,2.jpg,120,210,14.848, 161.136,175.984,161.135,-2,0,0,3,PH2_120,2023-10-06 12:33:12.145
9177,PSYC-132589,TOTDay1,Training, 7,1, 2.jpg,2.jpg,0,0,5.325, 187.62,192.945,187.62,-1,0,0,1,PE2_0,2023-10-06 12:33:29.107
9177,PSYC-132589,TOTDay1,Training, 8,0, 2.jpg,2.jpg,240,300,8.405, 193.56,201.965,193.56,-2,0,0,3,PH2_240,2023-10-06 12:33:38.126
9177,PSYC-132589,TOTDay1,Training, 9,0, 2.jpg,2.jpg,330,150,2.384, 203.704,206.087,203.703,-3,0,0,2,PM2_330,2023-10-06 12:33:42.249
9177,PSYC-132589,TOTDay1,Training, 10,1, 2.jpg,2.jpg,150,150,4.534, 207.691,212.226,207.691,-2,0,0,3,PH2_150,2023-10-06 12:33:48.388
9177,PSYC-132589,TOTDay1,Training, 11,0, 2.jpg,2.jpg,300,330,22.676, 214.151,236.827,214.151,-3,0,0,2,PM2_300,2023-10-06 12:34:12.989
9177,PSYC-132589,TOTDay1,Training, 12,0, 2.jpg,2.jpg,270,90,15.055, 239.638,254.693,239.637,-4,0,0,1,PE2_270,2023-10-06 12:34:30.855
9177,PSYC-132589,TOTDay1,Experiment, 1,1, 7.jpg,7.jpg,270,270,26.567, 259.821,286.388,257.826,1,0,0,1,BE7_270,2023-10-06 12:35:02.548
9177,PSYC-132589,TOTDay1,Experiment, 2,0, 6.jpg,6.jpg,30,330,8.057, 287.057,295.115,287.057,0,0,0,2,AM6_30,2023-10-06 12:35:11.275
9177,PSYC-132589,TOTDay1,Experiment, 3,1, 9.jpg,9.jpg,240,240,16.647, 298.164,314.811,298.163,1,0,0,3,AH9_240,2023-10-06 12:35:30.971
9177,PSYC-132589,TOTDay1,Experiment, 4,0, 1.jpg,1.jpg,270,90,12.46, 316.612,329.072,316.611,0,0,0,1,AE1_270,2023-10-06 12:35:45.231
9177,PSYC-132589,TOTDay1,Experiment, 5,0, 4.jpg,4.jpg,210,30,11.765, 334.958,346.723,334.957,-1,0,0,3,BH4_210,2023-10-06 12:36:02.882
9177,PSYC-132589,TOTDay1,Experiment, 6,0, 11.jpg,11.jpg,60,150,12.649, 353.2,365.849,353.199,-2,0,0,2,AM11_60,2023-10-06 12:36:22.007
9177,PSYC-132589,TOTDay1,Experiment, 7,0, 3.jpg,3.jpg,240,60,9.792, 367.351,377.143,367.351,-3,0,0,3,BH3_240,2023-10-06 12:36:33.301
9177,PSYC-132589,TOTDay1,Experiment, 8,0, 4.jpg,4.jpg,180,210,18.417, 377.818,396.235,377.817,-4,0,0,1,AE4_180,2023-10-06 12:36:52.393
9177,PSYC-132589,TOTDay1,Experiment, 9,0, 7.jpg,7.jpg,330,300,4.635, 397.226,401.861,397.225,-5,0,0,2,AM7_330,2023-10-06 12:36:58.018
9177,PSYC-132589,TOTDay1,Experiment, 10,0, 8.jpg,8.jpg,210,60,7.66, 402.614,410.275,402.614,-6,0,0,3,AH8_210,2023-10-06 12:37:06.432
9177,PSYC-132589,TOTDay1,Experiment, 11,1, 3.jpg,3.jpg,90,90,9.544, 411.351,420.895,411.351,-5,0,0,1,AE3_90,2023-10-06 12:37:17.052
9177,PSYC-132589,TOTDay1,Experiment, 12,1, 10.jpg,10.jpg,60,60,24.726, 429.807,454.533,429.806,-4,0,0,2,BM10_60,2023-10-06 12:37:50.688
9177,PSYC-132589,TOTDay1,Experiment, 13,0, 11.jpg,11.jpg,180,0,4.301, 455.114,459.415,455.113,-5,0,0,1,BE11_180,2023-10-06 12:37:55.570
9177,PSYC-132589,TOTDay1,Experiment, 14,0, 8.jpg,8.jpg,330,120,13.432, 464.877,478.309,464.876,-6,0,0,2,BM8_330,2023-10-06 12:38:14.465
9177,PSYC-132589,TOTDay1,Experiment, 15,1, 1.jpg,1.jpg,150,150,19.267, 478.9,498.167,478.899,-5,0,0,3,BH1_150,2023-10-06 12:38:34.322
9177,PSYC-132589,TOTDay1,Experiment, 16,1, 6.jpg,6.jpg,90,90,12.996, 498.844,511.841,498.844,-4,0,0,1,BE6_90,2023-10-06 12:38:47.995
9177,PSYC-132589,TOTDay1,Experiment, 17,0, 10.jpg,10.jpg,150,300,20.022, 512.495,532.517,512.495,-5,0,0,3,AH10_150,2023-10-06 12:39:08.671
9177,PSYC-132589,TOTDay1,Experiment, 18,0, 9.jpg,9.jpg,30,210,8.633, 533.128,541.761,533.127,-6,0,0,2,BM9_30,2023-10-06 12:39:17.914
9175,PSYC-134130,TOTDay1,Training, 1,0, 2.jpg,2.jpg,90,270,7.034, 126.803,133.829,126.802,-1,0,0,1,PE2_90,2023-10-06 15:10:47.782
9175,PSYC-134130,TOTDay1,Training, 2,1, 2.jpg,2.jpg,180,180,3.591, 138.279,141.87,138.279,0,0,0,1,PE2_180,2023-10-06 15:10:55.816
9175,PSYC-134130,TOTDay1,Training, 3,0, 2.jpg,2.jpg,60,210,6.864, 143.733,150.597,143.732,-1,0,0,2,PM2_60,2023-10-06 15:11:04.542
9175,PSYC-134130,TOTDay1,Training, 4,0, 2.jpg,2.jpg,30,330,7.192, 154.459,161.651,154.458,-2,0,0,2,PM2_30,2023-10-06 15:11:15.596
9175,PSYC-134130,TOTDay1,Training, 5,1, 2.jpg,2.jpg,210,210,17.671, 163.891,181.562,163.89,-1,0,0,3,PH2_210,2023-10-06 15:11:35.507
9175,PSYC-134130,TOTDay1,Training, 6,0, 2.jpg,2.jpg,120,60,12.874, 182.203,195.077,182.202,-2,0,0,3,PH2_120,2023-10-06 15:11:49.022
9175,PSYC-134130,TOTDay1,Training, 7,1, 2.jpg,2.jpg,0,0,3.223, 200.099,203.322,200.099,-1,0,0,1,PE2_0,2023-10-06 15:11:57.268
9175,PSYC-134130,TOTDay1,Training, 8,0, 2.jpg,2.jpg,240,120,5.387, 203.999,209.386,203.998,-2,0,0,3,PH2_240,2023-10-06 15:12:03.331
9175,PSYC-134130,TOTDay1,Training, 9,0, 2.jpg,2.jpg,330,30,4.707, 211.157,215.865,211.157,-3,0,0,2,PM2_330,2023-10-06 15:12:09.810
9175,PSYC-134130,TOTDay1,Training, 10,1, 2.jpg,2.jpg,150,150,20.422, 216.937,237.359,216.936,-2,0,0,3,PH2_150,2023-10-06 15:12:31.304
9175,PSYC-134130,TOTDay1,Training, 11,0, 2.jpg,2.jpg,300,30,12.527, 238.143,250.67,238.142,-3,0,0,2,PM2_300,2023-10-06 15:12:44.616
9175,PSYC-134130,TOTDay1,Training, 12,1, 2.jpg,2.jpg,270,270,4.441, 252.061,256.502,252.06,-2,0,0,1,PE2_270,2023-10-06 15:12:50.448
9175,PSYC-134130,TOTDay1,Experiment, 1,0, 8.jpg,8.jpg,210,60,7.368, 259.078,266.446,257.044,-1,0,0,3,AH8_210,2023-10-06 15:13:00.392
9175,PSYC-134130,TOTDay1,Experiment, 2,1, 9.jpg,9.jpg,30,30,4.468, 267.379,271.846,267.378,0,0,0,2,BM9_30,2023-10-06 15:13:05.792
9175,PSYC-134130,TOTDay1,Experiment, 3,1, 1.jpg,1.jpg,270,270,12.25, 272.663,284.913,272.662,1,0,0,1,AE1_270,2023-10-06 15:13:18.858
9175,PSYC-134130,TOTDay1,Experiment, 4,1, 7.jpg,7.jpg,270,270,11.073, 285.523,296.596,285.522,2,0,0,1,BE7_270,2023-10-06 15:13:30.542
9175,PSYC-134130,TOTDay1,Experiment, 5,0, 8.jpg,8.jpg,330,30,7.372, 297.089,304.461,297.089,1,0,0,2,BM8_330,2023-10-06 15:13:38.407
9175,PSYC-134130,TOTDay1,Experiment, 6,0, 3.jpg,3.jpg,240,210,16.748, 305.269,322.017,305.268,0,0,0,3,BH3_240,2023-10-06 15:13:55.963
9175,PSYC-134130,TOTDay1,Experiment, 7,1, 11.jpg,11.jpg,60,60,15.593, 322.909,338.502,322.908,1,0,0,2,AM11_60,2023-10-06 15:14:12.448
9175,PSYC-134130,TOTDay1,Experiment, 8,0, 3.jpg,3.jpg,90,270,9.74, 339.213,348.953,339.212,0,0,0,1,AE3_90,2023-10-06 15:14:22.899
9175,PSYC-134130,TOTDay1,Experiment, 9,0, 9.jpg,9.jpg,240,210,18.08, 349.759,367.839,349.758,-1,0,0,3,AH9_240,2023-10-06 15:14:41.785
9175,PSYC-134130,TOTDay1,Experiment, 10,1, 6.jpg,6.jpg,30,30,9.081, 368.459,377.54,368.458,0,0,0,2,AM6_30,2023-10-06 15:14:51.487
9175,PSYC-134130,TOTDay1,Experiment, 11,1, 11.jpg,11.jpg,180,180,3.285, 378.041,381.327,378.041,1,0,0,1,BE11_180,2023-10-06 15:14:55.273
9175,PSYC-134130,TOTDay1,Experiment, 12,1, 4.jpg,4.jpg,210,210,18.227, 381.733,399.96,381.732,2,0,0,3,BH4_210,2023-10-06 15:15:13.906
9175,PSYC-134130,TOTDay1,Experiment, 13,1, 4.jpg,4.jpg,180,180,3.211, 400.535,403.746,400.535,3,0,0,1,AE4_180,2023-10-06 15:15:17.693
9175,PSYC-134130,TOTDay1,Experiment, 14,0, 10.jpg,10.jpg,60,300,10.262, 404.187,414.449,404.186,2,0,0,2,BM10_60,2023-10-06 15:15:28.394
9175,PSYC-134130,TOTDay1,Experiment, 15,1, 1.jpg,1.jpg,150,150,12.133, 414.943,427.077,414.943,3,0,0,3,BH1_150,2023-10-06 15:15:41.022
9175,PSYC-134130,TOTDay1,Experiment, 16,0, 6.jpg,6.jpg,90,270,19.689, 427.713,447.402,427.712,2,0,0,1,BE6_90,2023-10-06 15:16:01.349
9175,PSYC-134130,TOTDay1,Experiment, 17,1, 10.jpg,10.jpg,150,150,15.748, 448.089,463.836,448.088,3,0,0,3,AH10_150,2023-10-06 15:16:17.783
9175,PSYC-134130,TOTDay1,Experiment, 18,0, 7.jpg,7.jpg,330,60,6.214, 464.377,470.591,464.376,2,0,0,2,AM7_330,2023-10-06 15:16:24.537
9174,PSYC-132589,TOTDay1,Training, 1,1, 2.jpg,2.jpg,90,90,13.081, 131.809,144.888,131.808,1,0,0,1,PE2_90,2023-10-06 15:17:51.661
9174,PSYC-132589,TOTDay1,Training, 2,1, 2.jpg,2.jpg,180,180,6.277, 147.898,154.176,147.898,2,0,0,1,PE2_180,2023-10-06 15:18:00.946
9174,PSYC-132589,TOTDay1,Training, 3,0, 2.jpg,2.jpg,60,120,10.656, 155.179,165.834,155.178,1,0,0,2,PM2_60,2023-10-06 15:18:12.605
9174,PSYC-132589,TOTDay1,Training, 4,1, 2.jpg,2.jpg,30,30,5.344, 170.048,175.392,170.048,2,0,0,2,PM2_30,2023-10-06 15:18:22.162
9174,PSYC-132589,TOTDay1,Training, 5,0, 2.jpg,2.jpg,210,240,13.282, 176.522,189.804,176.522,1,0,0,3,PH2_210,2023-10-06 15:18:36.575
9174,PSYC-132589,TOTDay1,Training, 6,1, 2.jpg,2.jpg,120,120,8.037, 198.083,206.12,198.082,2,0,0,3,PH2_120,2023-10-06 15:18:52.890
9174,PSYC-132589,TOTDay1,Training, 7,0, 2.jpg,2.jpg,0,180,5.149, 207.173,212.322,207.172,1,0,0,1,PE2_0,2023-10-06 15:18:59.092
9174,PSYC-132589,TOTDay1,Training, 8,0, 2.jpg,2.jpg,240,300,15.113, 216.899,232.012,216.898,0,0,0,3,PH2_240,2023-10-06 15:19:18.782
9174,PSYC-132589,TOTDay1,Training, 9,1, 2.jpg,2.jpg,330,330,12.155, 233.251,245.406,233.25,1,0,0,2,PM2_330,2023-10-06 15:19:32.175
9174,PSYC-132589,TOTDay1,Training, 10,1, 2.jpg,2.jpg,150,150,6.669, 246.388,253.058,246.388,2,0,0,3,PH2_150,2023-10-06 15:19:39.828
9174,PSYC-132589,TOTDay1,Training, 11,0, 2.jpg,2.jpg,300,240,16.308, 253.598,269.906,253.598,1,0,0,2,PM2_300,2023-10-06 15:19:56.676
9174,PSYC-132589,TOTDay1,Training, 12,1, 2.jpg,2.jpg,270,270,4.981, 270.755,275.736,270.754,2,0,0,1,PE2_270,2023-10-06 15:20:02.505
9174,PSYC-132589,TOTDay1,Experiment, 1,1, 4.jpg,4.jpg,180,180,14.11, 278.972,293.082,276.51,1,0,0,1,AE4_180,2023-10-06 15:20:19.851
9174,PSYC-132589,TOTDay1,Experiment, 2,0, 8.jpg,8.jpg,210,120,11.502, 294.548,306.05,294.548,0,0,0,3,AH8_210,2023-10-06 15:20:32.819
9174,PSYC-132589,TOTDay1,Experiment, 3,1, 6.jpg,6.jpg,30,30,15.232, 307.287,322.52,307.287,1,0,0,2,AM6_30,2023-10-06 15:20:49.288
9174,PSYC-132589,TOTDay1,Experiment, 4,0, 9.jpg,9.jpg,30,60,14.436, 323.576,338.012,323.576,0,0,0,2,BM9_30,2023-10-06 15:21:04.781
9174,PSYC-132589,TOTDay1,Experiment, 5,0, 3.jpg,3.jpg,240,270,30.151, 339.12,369.272,339.12,-1,0,0,3,BH3_240,2023-10-06 15:21:36.040
9174,PSYC-132589,TOTDay1,Experiment, 6,1, 11.jpg,11.jpg,180,180,12.533, 370.061,382.594,370.06,0,0,0,1,BE11_180,2023-10-06 15:21:49.362
9174,PSYC-132589,TOTDay1,Experiment, 7,1, 1.jpg,1.jpg,270,270,6.939, 383.311,390.25,383.31,1,0,0,1,AE1_270,2023-10-06 15:21:57.017
9174,PSYC-132589,TOTDay1,Experiment, 8,0, 10.jpg,10.jpg,60,150,14.052, 390.938,404.99,390.938,0,0,0,2,BM10_60,2023-10-06 15:22:11.758
9174,PSYC-132589,TOTDay1,Experiment, 9,0, 9.jpg,9.jpg,240,300,6.857, 405.662,412.52,405.662,-1,0,0,3,AH9_240,2023-10-06 15:22:19.288
9174,PSYC-132589,TOTDay1,Experiment, 10,0, 1.jpg,1.jpg,150,240,17.716, 413.224,430.94,413.224,-2,0,0,3,BH1_150,2023-10-06 15:22:37.708
9174,PSYC-132589,TOTDay1,Experiment, 11,1, 3.jpg,3.jpg,90,90,21.795, 431.617,453.412,431.616,-1,0,0,1,AE3_90,2023-10-06 15:23:00.180
9174,PSYC-132589,TOTDay1,Experiment, 12,0, 11.jpg,11.jpg,60,270,10.994, 454.222,465.216,454.222,-2,0,0,2,AM11_60,2023-10-06 15:23:11.983
9174,PSYC-132589,TOTDay1,Experiment, 13,0, 7.jpg,7.jpg,330,60,5.083, 465.724,470.808,465.724,-3,0,0,2,AM7_330,2023-10-06 15:23:17.575
9174,PSYC-132589,TOTDay1,Experiment, 14,0, 4.jpg,4.jpg,210,180,6.815, 471.306,478.122,471.306,-4,0,0,3,BH4_210,2023-10-06 15:23:24.889
9174,PSYC-132589,TOTDay1,Experiment, 15,0, 6.jpg,6.jpg,90,270,10.503, 478.878,489.382,478.878,-5,0,0,1,BE6_90,2023-10-06 15:23:36.149
9174,PSYC-132589,TOTDay1,Experiment, 16,0, 10.jpg,10.jpg,150,120,4.825, 489.942,494.768,489.942,-6,0,0,3,AH10_150,2023-10-06 15:23:41.535
9174,PSYC-132589,TOTDay1,Experiment, 17,1, 7.jpg,7.jpg,270,270,8.113, 495.272,503.386,495.272,-5,0,0,1,BE7_270,2023-10-06 15:23:50.153
9174,PSYC-132589,TOTDay1,Experiment, 18,0, 8.jpg,8.jpg,330,300,12.052, 503.958,516.01,503.958,-6,0,0,2,BM8_330,2023-10-06 15:24:02.777
9176,PSYC-134128,TOTDay1,Training, 1,1, 2.jpg,2.jpg,90,90,8.152, 129.29,137.44,129.289,1,0,0,1,PE2_90,2023-10-06 15:23:32.247
9176,PSYC-134128,TOTDay1,Training, 2,0, 2.jpg,2.jpg,180,270,6.302, 142.4,148.702,142.4,0,0,0,1,PE2_180,2023-10-06 15:23:43.506
9176,PSYC-134128,TOTDay1,Training, 3,0, 2.jpg,2.jpg,60,150,4.365, 156.295,160.66,156.294,-1,0,0,2,PM2_60,2023-10-06 15:23:55.465
9176,PSYC-134128,TOTDay1,Training, 4,0, 2.jpg,2.jpg,30,150,4.699, 166.703,171.402,166.702,-2,0,0,2,PM2_30,2023-10-06 15:24:06.206
9176,PSYC-134128,TOTDay1,Training, 5,0, 2.jpg,2.jpg,210,300,6.349, 176.125,182.474,176.124,-3,0,0,3,PH2_210,2023-10-06 15:24:17.279
9176,PSYC-134128,TOTDay1,Training, 6,0, 2.jpg,2.jpg,120,30,4.335, 195.583,199.918,195.582,-4,0,0,3,PH2_120,2023-10-06 15:24:34.723
9176,PSYC-134128,TOTDay1,Training, 7,1, 2.jpg,2.jpg,0,0,8.353, 212.902,221.256,212.902,-3,0,0,1,PE2_0,2023-10-06 15:24:56.061
9176,PSYC-134128,TOTDay1,Training, 8,0, 2.jpg,2.jpg,240,120,9.541, 226.892,236.434,226.892,-4,0,0,3,PH2_240,2023-10-06 15:25:11.239
9176,PSYC-134128,TOTDay1,Training, 9,0, 2.jpg,2.jpg,330,150,13.406, 241.75,255.156,241.75,-5,0,0,2,PM2_330,2023-10-06 15:25:29.961
9176,PSYC-134128,TOTDay1,Training, 10,0, 2.jpg,2.jpg,150,180,6.005, 261.464,267.47,261.464,-6,0,0,3,PH2_150,2023-10-06 15:25:42.275
9176,PSYC-134128,TOTDay1,Training, 11,0, 2.jpg,2.jpg,300,240,5.759, 270.36,276.12,270.36,-7,0,0,2,PM2_300,2023-10-06 15:25:50.926
9176,PSYC-134128,TOTDay1,Training, 12,1, 2.jpg,2.jpg,270,270,4.976, 277.71,282.686,277.71,-6,0,0,1,PE2_270,2023-10-06 15:25:57.492
9176,PSYC-134128,TOTDay1,Experiment, 1,0, 7.jpg,7.jpg,330,60,4.081, 286.639,290.72,285.134,-1,0,0,2,AM7_330,2023-10-06 15:26:05.525
9176,PSYC-134128,TOTDay1,Experiment, 2,0, 1.jpg,1.jpg,150,180,5.505, 294.04,299.546,294.04,-2,0,0,3,BH1_150,2023-10-06 15:26:14.352
9176,PSYC-134128,TOTDay1,Experiment, 3,0, 7.jpg,7.jpg,270,60,26.627, 305.004,331.632,305.004,-3,0,0,1,BE7_270,2023-10-06 15:26:46.437
9176,PSYC-134128,TOTDay1,Experiment, 4,0, 1.jpg,1.jpg,270,240,9.172, 333.52,342.692,333.52,-4,0,0,1,AE1_270,2023-10-06 15:26:57.498
9176,PSYC-134128,TOTDay1,Experiment, 5,0, 6.jpg,6.jpg,30,120,4.01, 344.193,348.204,344.193,-5,0,0,2,AM6_30,2023-10-06 15:27:03.009
9176,PSYC-134128,TOTDay1,Experiment, 6,0, 9.jpg,9.jpg,240,180,9.039, 348.919,357.958,348.918,-6,0,0,3,AH9_240,2023-10-06 15:27:12.764
9176,PSYC-134128,TOTDay1,Experiment, 7,0, 8.jpg,8.jpg,330,30,8.571, 358.536,367.108,358.536,-7,0,0,2,BM8_330,2023-10-06 15:27:21.914
9176,PSYC-134128,TOTDay1,Experiment, 8,0, 8.jpg,8.jpg,210,0,2.995, 367.678,370.674,367.678,-8,0,0,3,AH8_210,2023-10-06 15:27:25.480
9176,PSYC-134128,TOTDay1,Experiment, 9,1, 4.jpg,4.jpg,180,180,3.855, 371.573,375.428,371.573,-7,0,0,1,AE4_180,2023-10-06 15:27:30.235
9176,PSYC-134128,TOTDay1,Experiment, 10,0, 11.jpg,11.jpg,60,150,15.597, 377.804,393.401,377.804,-8,0,0,2,AM11_60,2023-10-06 15:27:48.207
9176,PSYC-134128,TOTDay1,Experiment, 11,0, 4.jpg,4.jpg,210,240,13.083, 394.011,407.094,394.01,-9,0,0,3,BH4_210,2023-10-06 15:28:01.901
9176,PSYC-134128,TOTDay1,Experiment, 12,0, 3.jpg,3.jpg,90,60,11.865, 407.676,419.542,407.676,-10,0,0,1,AE3_90,2023-10-06 15:28:14.349
9176,PSYC-134128,TOTDay1,Experiment, 13,0, 10.jpg,10.jpg,60,300,4.989, 420.054,425.044,420.054,-11,0,0,2,BM10_60,2023-10-06 15:28:19.850
9176,PSYC-134128,TOTDay1,Experiment, 14,0, 3.jpg,3.jpg,240,120,5.632, 425.577,431.21,425.576,-12,0,0,3,BH3_240,2023-10-06 15:28:26.017
9176,PSYC-134128,TOTDay1,Experiment, 15,0, 11.jpg,11.jpg,180,0,0.605, 431.624,432.23,431.624,-13,0,0,1,BE11_180,2023-10-06 15:28:27.037
9176,PSYC-134128,TOTDay1,Experiment, 16,1, 6.jpg,6.jpg,90,90,4.281, 438.265,442.546,438.264,-12,0,0,1,BE6_90,2023-10-06 15:28:37.353
9176,PSYC-134128,TOTDay1,Experiment, 17,0, 10.jpg,10.jpg,150,270,4.033, 445.14,449.174,445.14,-13,0,0,3,AH10_150,2023-10-06 15:28:43.980
9176,PSYC-134128,TOTDay1,Experiment, 18,0, 9.jpg,9.jpg,30,0,3.559, 449.974,453.534,449.974,-14,0,0,2,BM9_30,2023-10-06 15:28:48.341
9179,PSYC-134130,TOTDay1,Training, 1,0, 2.jpg,2.jpg,90,180,3.984, 34.646,38.622,34.645,-1,0,0,1,PE2_90,2023-10-30 09:30:09.239
9179,PSYC-134130,TOTDay1,Training, 2,0, 2.jpg,2.jpg,180,0,6.216, 44.888,51.104,44.888,-2,0,0,1,PE2_180,2023-10-30 09:30:21.714
9179,PSYC-134130,TOTDay1,Training, 3,0, 2.jpg,2.jpg,60,120,4.059, 60.302,64.362,60.302,-3,0,0,2,PM2_60,2023-10-30 09:30:34.971
9179,PSYC-134130,TOTDay1,Training, 4,0, 2.jpg,2.jpg,30,210,4.357, 67.893,72.25,67.892,-4,0,0,2,PM2_30,2023-10-30 09:30:42.860
9179,PSYC-134130,TOTDay1,Training, 5,0, 2.jpg,2.jpg,210,330,5.831, 74.365,80.196,74.364,-5,0,0,3,PH2_210,2023-10-30 09:30:50.807
9179,PSYC-134130,TOTDay1,Training, 6,0, 2.jpg,2.jpg,120,60,6.642, 87.505,94.146,87.504,-6,0,0,3,PH2_120,2023-10-30 09:31:04.757
9179,PSYC-134130,TOTDay1,Training, 7,0, 2.jpg,2.jpg,0,180,5.028, 100.724,105.752,100.724,-7,0,0,1,PE2_0,2023-10-30 09:31:16.363
9179,PSYC-134130,TOTDay1,Training, 8,0, 2.jpg,2.jpg,240,0,1.247, 109.542,110.79,109.542,-8,0,0,3,PH2_240,2023-10-30 09:31:21.401
9179,PSYC-134130,TOTDay1,Training, 9,0, 2.jpg,2.jpg,330,210,3.299, 113.26,116.56,113.26,-9,0,0,2,PM2_330,2023-10-30 09:31:27.171
9179,PSYC-134130,TOTDay1,Training, 10,0, 2.jpg,2.jpg,150,60,3.455, 117.278,120.734,117.278,-10,0,0,3,PH2_150,2023-10-30 09:31:31.345
9179,PSYC-134130,TOTDay1,Training, 11,0, 2.jpg,2.jpg,300,0,0.585, 121.491,122.076,121.49,-11,0,0,2,PM2_300,2023-10-30 09:31:32.687
9179,PSYC-134130,TOTDay1,Training, 12,0, 2.jpg,2.jpg,270,240,2.48, 130.414,132.894,130.414,-12,0,0,1,PE2_270,2023-10-30 09:31:43.506
9179,PSYC-134130,TOTDay1,Experiment, 1,0, 7.jpg,7.jpg,330,270,7.501, 141.224,148.725,136.098,-1,0,0,2,AM7_330,2023-10-30 09:31:59.338
9179,PSYC-134130,TOTDay1,Experiment, 2,0, 3.jpg,3.jpg,90,210,4.577, 149.304,153.882,149.304,-2,0,0,1,AE3_90,2023-10-30 09:32:04.495
9179,PSYC-134130,TOTDay1,Experiment, 3,0, 3.jpg,3.jpg,240,60,2.962, 154.772,157.734,154.772,-3,0,0,3,BH3_240,2023-10-30 09:32:08.347
9179,PSYC-134130,TOTDay1,Experiment, 4,0, 8.jpg,8.jpg,330,270,3.495, 158.28,161.776,158.28,-4,0,0,2,BM8_330,2023-10-30 09:32:12.389
9179,PSYC-134130,TOTDay1,Experiment, 5,0, 9.jpg,9.jpg,240,150,5.595, 162.216,167.812,162.216,-5,0,0,3,AH9_240,2023-10-30 09:32:18.424
9179,PSYC-134130,TOTDay1,Experiment, 6,0, 4.jpg,4.jpg,180,30,6.626, 168.386,175.012,168.386,-6,0,0,1,AE4_180,2023-10-30 09:32:25.625
9179,PSYC-134130,TOTDay1,Experiment, 7,0, 8.jpg,8.jpg,210,90,3.227, 175.488,178.716,175.488,-7,0,0,3,AH8_210,2023-10-30 09:32:29.329
9179,PSYC-134130,TOTDay1,Experiment, 8,0, 9.jpg,9.jpg,30,240,2.541, 179.248,181.79,179.248,-8,0,0,2,BM9_30,2023-10-30 09:32:32.404
9179,PSYC-134130,TOTDay1,Experiment, 9,0, 1.jpg,1.jpg,270,0,6.401, 184.595,190.996,184.594,-9,0,0,1,AE1_270,2023-10-30 09:32:41.609
9179,PSYC-134130,TOTDay1,Experiment, 10,0, 11.jpg,11.jpg,60,150,3.86, 191.46,195.32,191.46,-10,0,0,2,AM11_60,2023-10-30 09:32:45.934
9179,PSYC-134130,TOTDay1,Experiment, 11,0, 10.jpg,10.jpg,150,210,3.169, 196.026,199.196,196.026,-11,0,0,3,AH10_150,2023-10-30 09:32:49.810
9179,PSYC-134130,TOTDay1,Experiment, 12,0, 6.jpg,6.jpg,90,330,3.397, 199.782,203.18,199.782,-12,0,0,1,BE6_90,2023-10-30 09:32:53.794
9179,PSYC-134130,TOTDay1,Experiment, 13,0, 11.jpg,11.jpg,180,120,3.743, 203.645,207.388,203.644,-13,0,0,1,BE11_180,2023-10-30 09:32:58.002
9179,PSYC-134130,TOTDay1,Experiment, 14,0, 4.jpg,4.jpg,210,60,4.153, 208.152,212.306,208.152,-14,0,0,3,BH4_210,2023-10-30 09:33:02.920
9179,PSYC-134130,TOTDay1,Experiment, 15,0, 6.jpg,6.jpg,30,240,3.386, 212.882,216.268,212.882,-15,0,0,2,AM6_30,2023-10-30 09:33:06.883
9179,PSYC-134130,TOTDay1,Experiment, 16,0, 7.jpg,7.jpg,270,330,4.829, 216.97,221.8,216.969,-16,0,0,1,BE7_270,2023-10-30 09:33:12.414
9179,PSYC-134130,TOTDay1,Experiment, 17,0, 10.jpg,10.jpg,60,90,3.729, 222.252,225.981,222.252,-17,0,0,2,BM10_60,2023-10-30 09:33:16.596
9179,PSYC-134130,TOTDay1,Experiment, 18,1, 1.jpg,1.jpg,150,150,2.623, 226.858,229.482,226.858,-16,0,0,3,BH1_150,2023-10-30 09:33:20.096
9180,PSYC-134128,TOTDay1,Training, 1,1, 2.jpg,2.jpg,90,90,4.739, 21.542,26.279,21.54,1,0,0,1,PE2_90,2023-10-30 09:40:15.456
9180,PSYC-134128,TOTDay1,Training, 2,1, 2.jpg,2.jpg,180,180,5.799, 27.961,33.76,27.961,2,0,0,1,PE2_180,2023-10-30 09:40:22.936
9180,PSYC-134128,TOTDay1,Training, 3,0, 2.jpg,2.jpg,60,30,5.123, 36.703,41.826,36.702,1,0,0,2,PM2_60,2023-10-30 09:40:31.001
9180,PSYC-134128,TOTDay1,Training, 4,1, 2.jpg,2.jpg,30,30,3.83, 45.931,49.761,45.93,2,0,0,2,PM2_30,2023-10-30 09:40:38.936
9180,PSYC-134128,TOTDay1,Training, 5,1, 2.jpg,2.jpg,210,210,3.526, 50.606,54.133,50.605,3,0,0,3,PH2_210,2023-10-30 09:40:43.308
9180,PSYC-134128,TOTDay1,Training, 6,1, 2.jpg,2.jpg,120,120,8.896, 55.791,64.687,55.79,4,0,0,3,PH2_120,2023-10-30 09:40:53.862
9180,PSYC-134128,TOTDay1,Training, 7,1, 2.jpg,2.jpg,0,0,2.29, 66.423,68.713,66.422,5,0,0,1,PE2_0,2023-10-30 09:40:57.888
9180,PSYC-134128,TOTDay1,Training, 8,1, 2.jpg,2.jpg,240,240,4.541, 69.409,73.95,69.408,6,0,0,3,PH2_240,2023-10-30 09:41:03.125
9180,PSYC-134128,TOTDay1,Training, 9,1, 2.jpg,2.jpg,330,330,4.936, 75.589,80.525,75.588,7,0,0,2,PM2_330,2023-10-30 09:41:09.700
9180,PSYC-134128,TOTDay1,Training, 10,1, 2.jpg,2.jpg,150,150,4.346, 81.017,85.363,81.016,8,0,0,3,PH2_150,2023-10-30 09:41:14.538
9180,PSYC-134128,TOTDay1,Training, 11,1, 2.jpg,2.jpg,300,300,3.316, 85.965,89.281,85.964,9,0,0,2,PM2_300,2023-10-30 09:41:18.456
9180,PSYC-134128,TOTDay1,Training, 12,1, 2.jpg,2.jpg,270,270,4.47, 89.827,94.297,89.826,10,0,0,1,PE2_270,2023-10-30 09:41:23.472
9180,PSYC-134128,TOTDay1,Experiment, 1,0, 10.jpg,10.jpg,60,30,4.356, 96.417,100.773,94.922,-1,0,0,2,BM10_60,2023-10-30 09:41:29.948
9180,PSYC-134128,TOTDay1,Experiment, 2,1, 4.jpg,4.jpg,210,210,21.637, 103.745,125.382,103.745,0,0,0,3,BH4_210,2023-10-30 09:41:54.557
9180,PSYC-134128,TOTDay1,Experiment, 3,1, 11.jpg,11.jpg,180,180,9.965, 126.051,136.016,126.05,1,0,0,1,BE11_180,2023-10-30 09:42:05.192
9180,PSYC-134128,TOTDay1,Experiment, 4,0, 4.jpg,4.jpg,180,90,21.307, 136.533,157.84,136.533,0,0,0,1,AE4_180,2023-10-30 09:42:27.015
9180,PSYC-134128,TOTDay1,Experiment, 5,1, 8.jpg,8.jpg,330,330,8.229, 158.44,166.67,158.44,1,0,0,2,BM8_330,2023-10-30 09:42:35.845
9180,PSYC-134128,TOTDay1,Experiment, 6,0, 9.jpg,9.jpg,240,210,8.221, 167.191,175.412,167.19,0,0,0,3,AH9_240,2023-10-30 09:42:44.587
9180,PSYC-134128,TOTDay1,Experiment, 7,0, 6.jpg,6.jpg,30,0,6.618, 176.376,182.994,176.375,-1,0,0,2,AM6_30,2023-10-30 09:42:52.169
9180,PSYC-134128,TOTDay1,Experiment, 8,1, 1.jpg,1.jpg,270,270,7.517, 185.039,192.556,185.038,0,0,0,1,AE1_270,2023-10-30 09:43:01.731
9180,PSYC-134128,TOTDay1,Experiment, 9,1, 8.jpg,8.jpg,210,210,19.605, 193.039,212.644,193.039,1,0,0,3,AH8_210,2023-10-30 09:43:21.819
9180,PSYC-134128,TOTDay1,Experiment, 10,0, 3.jpg,3.jpg,90,270,16.453, 213.187,229.64,213.186,0,0,0,1,AE3_90,2023-10-30 09:43:38.815
9180,PSYC-134128,TOTDay1,Experiment, 11,0, 1.jpg,1.jpg,150,120,13.125, 230.235,243.36,230.234,-1,0,0,3,BH1_150,2023-10-30 09:43:52.535
9180,PSYC-134128,TOTDay1,Experiment, 12,0, 11.jpg,11.jpg,60,210,8.219, 243.99,252.21,243.99,-2,0,0,2,AM11_60,2023-10-30 09:44:01.385
9180,PSYC-134128,TOTDay1,Experiment, 13,0, 3.jpg,3.jpg,240,210,11.194, 253.074,264.269,253.074,-3,0,0,3,BH3_240,2023-10-30 09:44:13.444
9180,PSYC-134128,TOTDay1,Experiment, 14,1, 6.jpg,6.jpg,90,90,6.161, 264.945,271.106,264.944,-2,0,0,1,BE6_90,2023-10-30 09:44:20.281
9180,PSYC-134128,TOTDay1,Experiment, 15,1, 7.jpg,7.jpg,330,330,8.39, 271.574,279.964,271.574,-1,0,0,2,AM7_330,2023-10-30 09:44:29.140
9180,PSYC-134128,TOTDay1,Experiment, 16,1, 9.jpg,9.jpg,30,30,5.699, 280.421,286.121,280.42,0,0,0,2,BM9_30,2023-10-30 09:44:35.295
9180,PSYC-134128,TOTDay1,Experiment, 17,1, 7.jpg,7.jpg,270,270,15.699, 286.563,302.262,286.562,1,0,0,1,BE7_270,2023-10-30 09:44:51.437
9180,PSYC-134128,TOTDay1,Experiment, 18,1, 10.jpg,10.jpg,150,150,6.003, 302.716,308.72,302.716,2,0,0,3,AH10_150,2023-10-30 09:44:57.895
9182,PSYC-132589,TOTDay1,Training, 1,1, 2.jpg,2.jpg,90,90,17.57, 65.441,83.008,65.439,1,0,0,1,PE2_90,2023-10-30 12:01:34.880
9182,PSYC-132589,TOTDay1,Training, 2,1, 2.jpg,2.jpg,180,180,10.507, 85.051,95.558,85.051,2,0,0,1,PE2_180,2023-10-30 12:01:47.428
9182,PSYC-132589,TOTDay1,Training, 3,1, 2.jpg,2.jpg,60,60,11.772, 96.384,108.157,96.384,3,0,0,2,PM2_60,2023-10-30 12:02:00.026
9182,PSYC-132589,TOTDay1,Training, 4,1, 2.jpg,2.jpg,30,30,4.937, 109.256,114.193,109.255,4,0,0,2,PM2_30,2023-10-30 12:02:06.062
9182,PSYC-132589,TOTDay1,Training, 5,0, 2.jpg,2.jpg,210,240,10.157, 114.745,124.903,114.744,3,0,0,3,PH2_210,2023-10-30 12:02:16.772
9182,PSYC-132589,TOTDay1,Training, 6,1, 2.jpg,2.jpg,120,120,16.272, 131.397,147.669,131.397,4,0,0,3,PH2_120,2023-10-30 12:02:39.539
9182,PSYC-132589,TOTDay1,Training, 7,1, 2.jpg,2.jpg,0,0,4.574, 148.242,152.816,148.241,5,0,0,1,PE2_0,2023-10-30 12:02:44.686
9182,PSYC-132589,TOTDay1,Training, 8,0, 2.jpg,2.jpg,240,300,9.156, 153.292,162.449,153.291,4,0,0,3,PH2_240,2023-10-30 12:02:54.318
9182,PSYC-132589,TOTDay1,Training, 9,1, 2.jpg,2.jpg,330,330,6.711, 167.515,174.227,167.515,5,0,0,2,PM2_330,2023-10-30 12:03:06.095
9182,PSYC-132589,TOTDay1,Training, 10,1, 2.jpg,2.jpg,150,150,11.144, 174.857,186.001,174.856,6,0,0,3,PH2_150,2023-10-30 12:03:17.871
9182,PSYC-132589,TOTDay1,Training, 11,0, 2.jpg,2.jpg,300,330,6.485, 186.425,192.909,186.424,5,0,0,2,PM2_300,2023-10-30 12:03:24.778
9182,PSYC-132589,TOTDay1,Training, 12,1, 2.jpg,2.jpg,270,270,4.021, 193.947,197.968,193.946,6,0,0,1,PE2_270,2023-10-30 12:03:29.838
9182,PSYC-132589,TOTDay1,Experiment, 1,1, 10.jpg,10.jpg,150,150,9.446, 201.146,210.593,198.357,1,0,0,3,AH10_150,2023-10-30 12:03:42.462
9182,PSYC-132589,TOTDay1,Experiment, 2,0, 6.jpg,6.jpg,90,180,16.486, 211.146,227.633,211.145,0,0,0,1,BE6_90,2023-10-30 12:03:59.502
9182,PSYC-132589,TOTDay1,Experiment, 3,0, 11.jpg,11.jpg,60,300,16.011, 228.443,244.454,228.442,-1,0,0,2,AM11_60,2023-10-30 12:04:16.323
9182,PSYC-132589,TOTDay1,Experiment, 4,0, 9.jpg,9.jpg,240,180,21.381, 245.195,266.576,245.194,-2,0,0,3,AH9_240,2023-10-30 12:04:38.445
9182,PSYC-132589,TOTDay1,Experiment, 5,1, 10.jpg,10.jpg,60,60,12.659, 266.995,279.655,266.995,-1,0,0,2,BM10_60,2023-10-30 12:04:51.524
9182,PSYC-132589,TOTDay1,Experiment, 6,1, 11.jpg,11.jpg,180,180,9.575, 280.172,289.747,280.171,0,0,0,1,BE11_180,2023-10-30 12:05:01.616
9182,PSYC-132589,TOTDay1,Experiment, 7,0, 1.jpg,1.jpg,150,60,17.204, 290.249,307.454,290.248,-1,0,0,3,BH1_150,2023-10-30 12:05:19.323
9182,PSYC-132589,TOTDay1,Experiment, 8,1, 1.jpg,1.jpg,270,270,28.567, 308.065,336.633,308.065,0,0,0,1,AE1_270,2023-10-30 12:05:48.502
9182,PSYC-132589,TOTDay1,Experiment, 9,1, 6.jpg,6.jpg,30,30,13.301, 337.231,350.532,337.23,1,0,0,2,AM6_30,2023-10-30 12:06:02.401
9182,PSYC-132589,TOTDay1,Experiment, 10,1, 8.jpg,8.jpg,210,210,23.111, 350.971,374.082,350.97,2,0,0,3,AH8_210,2023-10-30 12:06:25.951
9182,PSYC-132589,TOTDay1,Experiment, 11,0, 8.jpg,8.jpg,330,30,19.414, 374.615,394.028,374.614,1,0,0,2,BM8_330,2023-10-30 12:06:45.898
9182,PSYC-132589,TOTDay1,Experiment, 12,0, 3.jpg,3.jpg,90,270,24.033, 394.823,418.856,394.822,0,0,0,1,AE3_90,2023-10-30 12:07:10.725
9182,PSYC-132589,TOTDay1,Experiment, 13,0, 7.jpg,7.jpg,270,90,32.63, 419.342,451.972,419.342,-1,0,0,1,BE7_270,2023-10-30 12:07:43.841
9182,PSYC-132589,TOTDay1,Experiment, 14,0, 3.jpg,3.jpg,240,60,23.137, 452.452,475.59,452.452,-2,0,0,3,BH3_240,2023-10-30 12:08:07.459
9182,PSYC-132589,TOTDay1,Experiment, 15,0, 9.jpg,9.jpg,30,330,30.531, 476.139,506.67,476.138,-3,0,0,2,BM9_30,2023-10-30 12:08:38.539
9182,PSYC-132589,TOTDay1,Experiment, 16,1, 4.jpg,4.jpg,210,210,17.657, 507.592,525.25,507.592,-2,0,0,3,BH4_210,2023-10-30 12:08:57.118
9182,PSYC-132589,TOTDay1,Experiment, 17,1, 7.jpg,7.jpg,330,330,21.517, 525.924,547.442,525.924,-1,0,0,2,AM7_330,2023-10-30 12:09:19.310
9182,PSYC-132589,TOTDay1,Experiment, 18,1, 4.jpg,4.jpg,180,180,11.062, 548.044,559.106,548.044,0,0,0,1,AE4_180,2023-10-30 12:09:30.975
9183,PSYC-134130,TOTDay1,Training, 1,1, 2.jpg,2.jpg,90,90,14.243, 49.235,63.477,49.234,1,0,0,1,PE2_90,2023-10-30 12:12:17.018
9183,PSYC-134130,TOTDay1,Training, 2,1, 2.jpg,2.jpg,180,180,7.609, 64.606,72.215,64.605,2,0,0,1,PE2_180,2023-10-30 12:12:25.755
9183,PSYC-134130,TOTDay1,Training, 3,0, 2.jpg,2.jpg,60,30,16.032, 74.215,90.247,74.214,1,0,0,2,PM2_60,2023-10-30 12:12:43.787
9183,PSYC-134130,TOTDay1,Training, 4,1, 2.jpg,2.jpg,30,30,7.449, 93.72,101.169,93.72,2,0,0,2,PM2_30,2023-10-30 12:12:54.709
9183,PSYC-134130,TOTDay1,Training, 5,1, 2.jpg,2.jpg,210,210,11.835, 104.364,116.199,104.364,3,0,0,3,PH2_210,2023-10-30 12:13:09.739
9183,PSYC-134130,TOTDay1,Training, 6,1, 2.jpg,2.jpg,120,120,10.807, 119.8,130.607,119.799,4,0,0,3,PH2_120,2023-10-30 12:13:24.147
9183,PSYC-134130,TOTDay1,Training, 7,1, 2.jpg,2.jpg,0,0,12.061, 131.981,144.042,131.98,5,0,0,1,PE2_0,2023-10-30 12:13:37.582
9183,PSYC-134130,TOTDay1,Training, 8,1, 2.jpg,2.jpg,240,240,12.003, 145.696,157.7,145.696,6,0,0,3,PH2_240,2023-10-30 12:13:51.240
9183,PSYC-134130,TOTDay1,Training, 9,1, 2.jpg,2.jpg,330,330,10.365, 158.638,169.003,158.637,7,0,0,2,PM2_330,2023-10-30 12:14:02.544
9183,PSYC-134130,TOTDay1,Training, 10,0, 2.jpg,2.jpg,150,120,7.795, 169.678,177.473,169.677,6,0,0,3,PH2_150,2023-10-30 12:14:11.013
9183,PSYC-134130,TOTDay1,Training, 11,1, 2.jpg,2.jpg,300,300,9.588, 178.804,188.392,178.803,7,0,0,2,PM2_300,2023-10-30 12:14:21.932
9183,PSYC-134130,TOTDay1,Training, 12,1, 2.jpg,2.jpg,270,270,12.005, 189.266,201.271,189.265,8,0,0,1,PE2_270,2023-10-30 12:14:34.812
9183,PSYC-134130,TOTDay1,Experiment, 1,1, 9.jpg,9.jpg,30,30,9.097, 202.884,211.982,201.789,1,0,0,2,BM9_30,2023-10-30 12:14:45.521
9183,PSYC-134130,TOTDay1,Experiment, 2,0, 6.jpg,6.jpg,90,180,9.857, 213.086,222.944,213.086,0,0,0,1,BE6_90,2023-10-30 12:14:56.484
9183,PSYC-134130,TOTDay1,Experiment, 3,0, 3.jpg,3.jpg,240,270,16.599, 224.2,240.799,224.2,-1,0,0,3,BH3_240,2023-10-30 12:15:14.339
9183,PSYC-134130,TOTDay1,Experiment, 4,1, 7.jpg,7.jpg,330,330,7.969, 241.45,249.419,241.449,0,0,0,2,AM7_330,2023-10-30 12:15:22.959
9183,PSYC-134130,TOTDay1,Experiment, 5,1, 1.jpg,1.jpg,150,150,17.498, 250.32,267.818,250.319,1,0,0,3,BH1_150,2023-10-30 12:15:41.359
9183,PSYC-134130,TOTDay1,Experiment, 6,1, 7.jpg,7.jpg,270,270,11.626, 268.304,279.93,268.304,2,0,0,1,BE7_270,2023-10-30 12:15:53.470
9183,PSYC-134130,TOTDay1,Experiment, 7,1, 11.jpg,11.jpg,180,180,9.896, 280.97,290.866,280.97,3,0,0,1,BE11_180,2023-10-30 12:16:04.407
9183,PSYC-134130,TOTDay1,Experiment, 8,1, 6.jpg,6.jpg,30,30,19.187, 291.98,311.168,291.98,4,0,0,2,AM6_30,2023-10-30 12:16:24.708
9183,PSYC-134130,TOTDay1,Experiment, 9,1, 4.jpg,4.jpg,210,210,12.006, 311.866,323.872,311.866,5,0,0,3,BH4_210,2023-10-30 12:16:37.412
9183,PSYC-134130,TOTDay1,Experiment, 10,1, 9.jpg,9.jpg,240,240,11.592, 324.406,335.998,324.406,6,0,0,3,AH9_240,2023-10-30 12:16:49.538
9183,PSYC-134130,TOTDay1,Experiment, 11,0, 1.jpg,1.jpg,270,240,14.412, 336.706,351.118,336.706,5,0,0,1,AE1_270,2023-10-30 12:17:04.659
9183,PSYC-134130,TOTDay1,Experiment, 12,0, 8.jpg,8.jpg,330,300,15.92, 352.298,368.218,352.298,4,0,0,2,BM8_330,2023-10-30 12:17:21.758
9183,PSYC-134130,TOTDay1,Experiment, 13,1, 10.jpg,10.jpg,60,60,18.695, 369.326,388.022,369.326,5,0,0,2,BM10_60,2023-10-30 12:17:41.562
9183,PSYC-134130,TOTDay1,Experiment, 14,1, 8.jpg,8.jpg,210,210,10.605, 388.541,399.146,388.54,6,0,0,3,AH8_210,2023-10-30 12:17:52.686
9183,PSYC-134130,TOTDay1,Experiment, 15,1, 3.jpg,3.jpg,90,90,11.563, 399.894,411.457,399.894,7,0,0,1,AE3_90,2023-10-30 12:18:04.999
9183,PSYC-134130,TOTDay1,Experiment, 16,0, 11.jpg,11.jpg,60,30,11.809, 412.188,423.998,412.188,6,0,0,2,AM11_60,2023-10-30 12:18:17.538
9183,PSYC-134130,TOTDay1,Experiment, 17,1, 4.jpg,4.jpg,180,180,8.789, 424.569,433.358,424.568,7,0,0,1,AE4_180,2023-10-30 12:18:26.899
9183,PSYC-134130,TOTDay1,Experiment, 18,0, 10.jpg,10.jpg,150,330,8.183, 434.2,442.384,434.2,6,0,0,3,AH10_150,2023-10-30 12:18:35.925
9181,PSYC-134128,TOTDay1,Training, 1,0, 2.jpg,2.jpg,90,270,12.777, 15.615,28.39,15.613,-1,0,0,1,PE2_90,2023-10-30 12:59:57.015
9181,PSYC-134128,TOTDay1,Training, 2,1, 2.jpg,2.jpg,180,180,5.199, 33.124,38.323,33.124,0,0,0,1,PE2_180,2023-10-30 13:00:06.947
9181,PSYC-134128,TOTDay1,Training, 3,0, 2.jpg,2.jpg,60,210,6.082, 40.918,47,40.917,-1,0,0,2,PM2_60,2023-10-30 13:00:15.623
9181,PSYC-134128,TOTDay1,Training, 4,0, 2.jpg,2.jpg,30,330,9.258, 50.729,59.987,50.728,-2,0,0,2,PM2_30,2023-10-30 13:00:28.610
9181,PSYC-134128,TOTDay1,Training, 5,0, 2.jpg,2.jpg,210,330,6.013, 62.434,68.447,62.433,-3,0,0,3,PH2_210,2023-10-30 13:00:37.070
9181,PSYC-134128,TOTDay1,Training, 6,0, 2.jpg,2.jpg,120,240,4.389, 76.186,80.575,76.186,-4,0,0,3,PH2_120,2023-10-30 13:00:49.199
9181,PSYC-134128,TOTDay1,Training, 7,1, 2.jpg,2.jpg,0,0,0.582, 85.914,86.496,85.913,-3,0,0,1,PE2_0,2023-10-30 13:00:55.119
9181,PSYC-134128,TOTDay1,Training, 8,0, 2.jpg,2.jpg,240,120,2.606, 88.252,90.858,88.251,-4,0,0,3,PH2_240,2023-10-30 13:00:59.482
9181,PSYC-134128,TOTDay1,Training, 9,0, 2.jpg,2.jpg,330,120,4.503, 91.955,96.459,91.955,-5,0,0,2,PM2_330,2023-10-30 13:01:05.083
9181,PSYC-134128,TOTDay1,Training, 10,0, 2.jpg,2.jpg,150,240,5.173, 98.05,103.223,98.05,-6,0,0,3,PH2_150,2023-10-30 13:01:11.847
9181,PSYC-134128,TOTDay1,Training, 11,0, 2.jpg,2.jpg,300,0,0.601, 103.868,104.469,103.868,-7,0,0,2,PM2_300,2023-10-30 13:01:13.094
9181,PSYC-134128,TOTDay1,Training, 12,0, 2.jpg,2.jpg,270,0,0.438, 104.986,105.424,104.985,-8,0,0,1,PE2_270,2023-10-30 13:01:14.048
9181,PSYC-134128,TOTDay1,Experiment, 1,0, 11.jpg,11.jpg,60,0,1.189, 107.632,108.821,105.779,-1,0,0,2,AM11_60,2023-10-30 13:01:17.446
9181,PSYC-134128,TOTDay1,Experiment, 2,0, 10.jpg,10.jpg,150,0,0.245, 109.072,109.317,109.072,-2,0,0,3,AH10_150,2023-10-30 13:01:17.942
9181,PSYC-134128,TOTDay1,Experiment, 3,0, 3.jpg,3.jpg,90,0,0.236, 109.568,109.804,109.567,-3,0,0,1,AE3_90,2023-10-30 13:01:18.428
9181,PSYC-134128,TOTDay1,Experiment, 4,0, 8.jpg,8.jpg,330,0,0.183, 110.214,110.397,110.213,-4,0,0,2,BM8_330,2023-10-30 13:01:19.021
9181,PSYC-134128,TOTDay1,Experiment, 5,0, 8.jpg,8.jpg,210,0,0.268, 110.651,110.92,110.651,-5,0,0,3,AH8_210,2023-10-30 13:01:19.544
9181,PSYC-134128,TOTDay1,Experiment, 6,0, 1.jpg,1.jpg,270,0,0.209, 111.144,111.353,111.144,-6,0,0,1,AE1_270,2023-10-30 13:01:19.978
9181,PSYC-134128,TOTDay1,Experiment, 7,0, 6.jpg,6.jpg,90,0,0.213, 111.566,111.78,111.565,-7,0,0,1,BE6_90,2023-10-30 13:01:20.404
9181,PSYC-134128,TOTDay1,Experiment, 8,0, 9.jpg,9.jpg,240,0,0.221, 111.976,112.197,111.975,-8,0,0,3,AH9_240,2023-10-30 13:01:20.822
9181,PSYC-134128,TOTDay1,Experiment, 9,0, 6.jpg,6.jpg,30,0,0.233, 112.428,112.661,112.427,-9,0,0,2,AM6_30,2023-10-30 13:01:21.285
9181,PSYC-134128,TOTDay1,Experiment, 10,0, 7.jpg,7.jpg,330,0,0.197, 112.874,113.071,112.873,-10,0,0,2,AM7_330,2023-10-30 13:01:21.696
9181,PSYC-134128,TOTDay1,Experiment, 11,0, 4.jpg,4.jpg,180,0,0.195, 113.259,113.455,113.259,-11,0,0,1,AE4_180,2023-10-30 13:01:22.080
9181,PSYC-134128,TOTDay1,Experiment, 12,0, 4.jpg,4.jpg,210,0,0.224, 113.657,113.881,113.656,-12,0,0,3,BH4_210,2023-10-30 13:01:22.505
9181,PSYC-134128,TOTDay1,Experiment, 13,0, 10.jpg,10.jpg,60,0,0.219, 114.076,114.295,114.075,-13,0,0,2,BM10_60,2023-10-30 13:01:22.919
9181,PSYC-134128,TOTDay1,Experiment, 14,0, 1.jpg,1.jpg,150,0,0.21, 114.514,114.723,114.513,-14,0,0,3,BH1_150,2023-10-30 13:01:23.348
9181,PSYC-134128,TOTDay1,Experiment, 15,0, 7.jpg,7.jpg,270,0,0.208, 114.943,115.151,114.943,-15,0,0,1,BE7_270,2023-10-30 13:01:23.775
9181,PSYC-134128,TOTDay1,Experiment, 16,0, 9.jpg,9.jpg,30,0,0.221, 115.386,115.607,115.386,-16,0,0,2,BM9_30,2023-10-30 13:01:24.231
9181,PSYC-134128,TOTDay1,Experiment, 17,0, 3.jpg,3.jpg,240,0,0.211, 115.825,116.037,115.825,-17,0,0,3,BH3_240,2023-10-30 13:01:24.661
9181,PSYC-134128,TOTDay1,Experiment, 18,0, 11.jpg,11.jpg,180,0,0.234, 116.264,116.498,116.263,-18,0,0,1,BE11_180,2023-10-30 13:01:25.122
9185,PSYC-134128,TOTDay1,Training, 1,0, 2.jpg,2.jpg,90,270,6.522, 37.019,43.538,37.018,-1,0,0,1,PE2_90,2023-10-30 15:02:05.330
9185,PSYC-134128,TOTDay1,Training, 2,1, 2.jpg,2.jpg,180,180,3.948, 48.454,52.402,48.454,0,0,0,1,PE2_180,2023-10-30 15:02:14.192
9185,PSYC-134128,TOTDay1,Training, 3,0, 2.jpg,2.jpg,60,120,5.112, 55.723,60.835,55.722,-1,0,0,2,PM2_60,2023-10-30 15:02:22.624
9185,PSYC-134128,TOTDay1,Training, 4,0, 2.jpg,2.jpg,30,150,6.16, 69.286,75.446,69.285,-2,0,0,2,PM2_30,2023-10-30 15:02:37.235
9185,PSYC-134128,TOTDay1,Training, 5,1, 2.jpg,2.jpg,210,210,6.814, 78.446,85.26,78.445,-1,0,0,3,PH2_210,2023-10-30 15:02:47.050
9185,PSYC-134128,TOTDay1,Training, 6,0, 2.jpg,2.jpg,120,330,4.319, 88.674,92.993,88.673,-2,0,0,3,PH2_120,2023-10-30 15:02:54.783
9185,PSYC-134128,TOTDay1,Training, 7,1, 2.jpg,2.jpg,0,0,10.548, 98.4,108.948,98.399,-1,0,0,1,PE2_0,2023-10-30 15:03:10.738
9185,PSYC-134128,TOTDay1,Training, 8,0, 2.jpg,2.jpg,240,330,5.417, 112.444,117.861,112.443,-2,0,0,3,PH2_240,2023-10-30 15:03:19.651
9185,PSYC-134128,TOTDay1,Training, 9,1, 2.jpg,2.jpg,330,330,10.456, 119.549,130.005,119.549,-1,0,0,2,PM2_330,2023-10-30 15:03:31.795
9185,PSYC-134128,TOTDay1,Training, 10,0, 2.jpg,2.jpg,150,30,4.905, 132.784,137.69,132.784,-2,0,0,3,PH2_150,2023-10-30 15:03:39.480
9185,PSYC-134128,TOTDay1,Training, 11,0, 2.jpg,2.jpg,300,240,4.39, 139.26,143.649,139.259,-3,0,0,2,PM2_300,2023-10-30 15:03:45.439
9185,PSYC-134128,TOTDay1,Training, 12,1, 2.jpg,2.jpg,270,270,5.14, 145.146,150.285,145.145,-2,0,0,1,PE2_270,2023-10-30 15:03:52.075
9185,PSYC-134128,TOTDay1,Experiment, 1,1, 6.jpg,6.jpg,90,90,6.933, 153.216,160.149,151.254,1,0,0,1,BE6_90,2023-10-30 15:04:01.938
9185,PSYC-134128,TOTDay1,Experiment, 2,0, 7.jpg,7.jpg,330,60,10.921, 162.402,173.323,162.401,0,0,0,2,AM7_330,2023-10-30 15:04:15.113
9185,PSYC-134128,TOTDay1,Experiment, 3,0, 3.jpg,3.jpg,240,90,5.249, 174.4,179.649,174.399,-1,0,0,3,BH3_240,2023-10-30 15:04:21.439
9185,PSYC-134128,TOTDay1,Experiment, 4,0, 1.jpg,1.jpg,150,300,3.43, 180.618,184.048,180.617,-2,0,0,3,BH1_150,2023-10-30 15:04:25.838
9185,PSYC-134128,TOTDay1,Experiment, 5,0, 11.jpg,11.jpg,180,0,3.642, 185.061,188.704,185.06,-3,0,0,1,BE11_180,2023-10-30 15:04:30.493
9185,PSYC-134128,TOTDay1,Experiment, 6,1, 11.jpg,11.jpg,60,60,2.012, 189.598,191.61,189.597,-2,0,0,2,AM11_60,2023-10-30 15:04:33.399
9185,PSYC-134128,TOTDay1,Experiment, 7,0, 4.jpg,4.jpg,180,300,4.909, 192.48,197.39,192.48,-3,0,0,1,AE4_180,2023-10-30 15:04:39.180
9185,PSYC-134128,TOTDay1,Experiment, 8,0, 4.jpg,4.jpg,210,240,5.467, 198.442,203.909,198.441,-4,0,0,3,BH4_210,2023-10-30 15:04:45.699
9185,PSYC-134128,TOTDay1,Experiment, 9,0, 6.jpg,6.jpg,30,0,0.371, 204.542,204.913,204.542,-5,0,0,2,AM6_30,2023-10-30 15:04:46.703
9185,PSYC-134128,TOTDay1,Experiment, 10,0, 9.jpg,9.jpg,30,60,3.428, 207.574,211.002,207.573,-6,0,0,2,BM9_30,2023-10-30 15:04:52.791
9185,PSYC-134128,TOTDay1,Experiment, 11,0, 10.jpg,10.jpg,150,330,7.272, 211.238,218.51,211.238,-7,0,0,3,AH10_150,2023-10-30 15:05:00.300
9185,PSYC-134128,TOTDay1,Experiment, 12,0, 7.jpg,7.jpg,270,90,3.058, 219.296,222.354,219.296,-8,0,0,1,BE7_270,2023-10-30 15:05:04.143
9185,PSYC-134128,TOTDay1,Experiment, 13,0, 3.jpg,3.jpg,90,270,3.453, 223.49,226.943,223.49,-9,0,0,1,AE3_90,2023-10-30 15:05:08.733
9185,PSYC-134128,TOTDay1,Experiment, 14,1, 10.jpg,10.jpg,60,60,2.685, 227.686,230.371,227.685,-8,0,0,2,BM10_60,2023-10-30 15:05:12.161
9185,PSYC-134128,TOTDay1,Experiment, 15,0, 9.jpg,9.jpg,240,300,3.463, 231.654,235.118,231.654,-9,0,0,3,AH9_240,2023-10-30 15:05:16.908
9185,PSYC-134128,TOTDay1,Experiment, 16,0, 1.jpg,1.jpg,270,30,2.8, 235.724,238.524,235.723,-10,0,0,1,AE1_270,2023-10-30 15:05:20.314
9185,PSYC-134128,TOTDay1,Experiment, 17,0, 8.jpg,8.jpg,330,120,2.285, 239.164,241.45,239.164,-11,0,0,2,BM8_330,2023-10-30 15:05:23.240
9185,PSYC-134128,TOTDay1,Experiment, 18,0, 8.jpg,8.jpg,210,270,4.795, 242.712,247.507,242.711,-12,0,0,3,AH8_210,2023-10-30 15:05:29.297
9184,PSYC-132589,TOTDay1,Training, 1,1, 2.jpg,2.jpg,90,90,4.343, 79.699,84.04,79.698,1,0,0,1,PE2_90,2023-10-30 15:03:00.676
9184,PSYC-132589,TOTDay1,Training, 2,1, 2.jpg,2.jpg,180,180,5.392, 86.948,92.34,86.948,2,0,0,1,PE2_180,2023-10-30 15:03:08.973
9184,PSYC-132589,TOTDay1,Training, 3,0, 2.jpg,2.jpg,60,120,6.928, 97.556,104.484,97.556,1,0,0,2,PM2_60,2023-10-30 15:03:21.116
9184,PSYC-132589,TOTDay1,Training, 4,0, 2.jpg,2.jpg,30,60,5.216, 107.814,113.03,107.814,0,0,0,2,PM2_30,2023-10-30 15:03:29.663
9184,PSYC-132589,TOTDay1,Training, 5,0, 2.jpg,2.jpg,210,300,9.457, 115.391,124.847,115.39,-1,0,0,3,PH2_210,2023-10-30 15:03:41.481
9184,PSYC-132589,TOTDay1,Training, 6,1, 2.jpg,2.jpg,120,120,4.48, 131.108,135.588,131.108,0,0,0,3,PH2_120,2023-10-30 15:03:52.220
9184,PSYC-132589,TOTDay1,Training, 7,1, 2.jpg,2.jpg,0,0,4.871, 139.67,144.542,139.67,1,0,0,1,PE2_0,2023-10-30 15:04:01.174
9184,PSYC-132589,TOTDay1,Training, 8,0, 2.jpg,2.jpg,240,300,22.275, 147.188,169.463,147.188,0,0,0,3,PH2_240,2023-10-30 15:04:26.094
9184,PSYC-132589,TOTDay1,Training, 9,0, 2.jpg,2.jpg,330,30,5.595, 170.588,176.184,170.588,-1,0,0,2,PM2_330,2023-10-30 15:04:32.815
9184,PSYC-132589,TOTDay1,Training, 10,0, 2.jpg,2.jpg,150,210,7.369, 177.105,184.474,177.104,-2,0,0,3,PH2_150,2023-10-30 15:04:41.105
9184,PSYC-132589,TOTDay1,Training, 11,0, 2.jpg,2.jpg,300,120,13.929, 185.477,199.406,185.476,-3,0,0,2,PM2_300,2023-10-30 15:04:56.037
9184,PSYC-132589,TOTDay1,Training, 12,0, 2.jpg,2.jpg,270,90,11.921, 200.619,212.54,200.618,-4,0,0,1,PE2_270,2023-10-30 15:05:09.170
9184,PSYC-132589,TOTDay1,Experiment, 1,0, 1.jpg,1.jpg,150,240,6.629, 215.632,222.261,213.432,-1,0,0,3,BH1_150,2023-10-30 15:05:18.891
9184,PSYC-132589,TOTDay1,Experiment, 2,0, 8.jpg,8.jpg,330,30,13.06, 224.434,237.495,224.434,-2,0,0,2,BM8_330,2023-10-30 15:05:34.125
9184,PSYC-132589,TOTDay1,Experiment, 3,0, 7.jpg,7.jpg,270,240,5.174, 241.06,246.234,241.059,-3,0,0,1,BE7_270,2023-10-30 15:05:42.863
9184,PSYC-132589,TOTDay1,Experiment, 4,0, 3.jpg,3.jpg,90,60,6.262, 250.148,256.41,250.147,-4,0,0,1,AE3_90,2023-10-30 15:05:53.040
9184,PSYC-132589,TOTDay1,Experiment, 5,0, 10.jpg,10.jpg,150,60,10.61, 257.437,268.047,257.436,-5,0,0,3,AH10_150,2023-10-30 15:06:04.676
9184,PSYC-132589,TOTDay1,Experiment, 6,0, 10.jpg,10.jpg,60,270,7.63, 268.832,276.463,268.832,-6,0,0,2,BM10_60,2023-10-30 15:06:13.093
9184,PSYC-132589,TOTDay1,Experiment, 7,0, 6.jpg,6.jpg,30,330,9.615, 278.027,287.642,278.027,-7,0,0,2,AM6_30,2023-10-30 15:06:24.272
9184,PSYC-132589,TOTDay1,Experiment, 8,1, 1.jpg,1.jpg,270,270,8.971, 291.549,300.521,291.549,-6,0,0,1,AE1_270,2023-10-30 15:06:37.149
9184,PSYC-132589,TOTDay1,Experiment, 9,1, 9.jpg,9.jpg,240,240,7.029, 301.483,308.512,301.483,-5,0,0,3,AH9_240,2023-10-30 15:06:45.141
9184,PSYC-132589,TOTDay1,Experiment, 10,0, 8.jpg,8.jpg,210,120,6.378, 309.143,315.522,309.143,-6,0,0,3,AH8_210,2023-10-30 15:06:52.151
9184,PSYC-132589,TOTDay1,Experiment, 11,1, 7.jpg,7.jpg,330,330,5.097, 316.157,321.254,316.156,-5,0,0,2,AM7_330,2023-10-30 15:06:57.884
9184,PSYC-132589,TOTDay1,Experiment, 12,1, 11.jpg,11.jpg,180,180,4.219, 321.951,326.17,321.951,-4,0,0,1,BE11_180,2023-10-30 15:07:02.799
9184,PSYC-132589,TOTDay1,Experiment, 13,0, 9.jpg,9.jpg,30,120,5.541, 326.677,332.218,326.676,-5,0,0,2,BM9_30,2023-10-30 15:07:08.847
9184,PSYC-132589,TOTDay1,Experiment, 14,1, 4.jpg,4.jpg,180,180,5.589, 332.775,338.364,332.775,-4,0,0,1,AE4_180,2023-10-30 15:07:14.993
9184,PSYC-132589,TOTDay1,Experiment, 15,0, 4.jpg,4.jpg,210,120,10.133, 339.053,349.187,339.053,-5,0,0,3,BH4_210,2023-10-30 15:07:25.815
9184,PSYC-132589,TOTDay1,Experiment, 16,0, 3.jpg,3.jpg,240,270,7.773, 349.681,357.454,349.681,-6,0,0,3,BH3_240,2023-10-30 15:07:34.083
9184,PSYC-132589,TOTDay1,Experiment, 17,1, 6.jpg,6.jpg,90,90,16.217, 357.889,374.107,357.888,-5,0,0,1,BE6_90,2023-10-30 15:07:50.735
9184,PSYC-132589,TOTDay1,Experiment, 18,0, 11.jpg,11.jpg,60,90,8.333, 374.651,382.984,374.65,-6,0,0,2,AM11_60,2023-10-30 15:07:59.613
9186,PSYC-134130,TOTDay1,Training, 1,0, 2.jpg,2.jpg,90,180,17.296, 85.481,102.775,85.48,-1,0,0,1,PE2_90,2023-10-30 15:03:40.363
9186,PSYC-134130,TOTDay1,Training, 2,1, 2.jpg,2.jpg,180,180,5.158, 108.857,114.015,108.857,0,0,0,1,PE2_180,2023-10-30 15:03:51.602
9186,PSYC-134130,TOTDay1,Training, 3,0, 2.jpg,2.jpg,60,120,7.307, 115.722,123.029,115.721,-1,0,0,2,PM2_60,2023-10-30 15:04:00.615
9186,PSYC-134130,TOTDay1,Training, 4,0, 2.jpg,2.jpg,30,60,3.656, 132.149,135.806,132.149,-2,0,0,2,PM2_30,2023-10-30 15:04:13.393
9186,PSYC-134130,TOTDay1,Training, 5,0, 2.jpg,2.jpg,210,150,12.453, 140.96,153.413,140.959,-3,0,0,3,PH2_210,2023-10-30 15:04:31.000
9186,PSYC-134130,TOTDay1,Training, 6,0, 2.jpg,2.jpg,120,60,3.599, 161.159,164.759,161.159,-4,0,0,3,PH2_120,2023-10-30 15:04:42.346
9186,PSYC-134130,TOTDay1,Training, 7,1, 2.jpg,2.jpg,0,0,6.127, 170.213,176.341,170.213,-3,0,0,1,PE2_0,2023-10-30 15:04:53.928
9186,PSYC-134130,TOTDay1,Training, 8,0, 2.jpg,2.jpg,240,210,8.482, 178.097,186.579,178.097,-4,0,0,3,PH2_240,2023-10-30 15:05:04.167
9186,PSYC-134130,TOTDay1,Training, 9,1, 2.jpg,2.jpg,330,330,10.09, 187.505,197.595,187.505,-3,0,0,2,PM2_330,2023-10-30 15:05:15.183
9186,PSYC-134130,TOTDay1,Training, 10,0, 2.jpg,2.jpg,150,240,8.793, 198.107,206.901,198.107,-4,0,0,3,PH2_150,2023-10-30 15:05:24.489
9186,PSYC-134130,TOTDay1,Training, 11,0, 2.jpg,2.jpg,300,210,11.372, 208.903,220.275,208.903,-5,0,0,2,PM2_300,2023-10-30 15:05:37.863
9186,PSYC-134130,TOTDay1,Training, 12,0, 2.jpg,2.jpg,270,180,9.281, 221.457,230.739,221.457,-6,0,0,1,PE2_270,2023-10-30 15:05:48.327
9186,PSYC-134130,TOTDay1,Experiment, 1,0, 4.jpg,4.jpg,210,180,6.488, 237.319,243.807,234.709,-1,0,0,3,BH4_210,2023-10-30 15:06:01.395
9186,PSYC-134130,TOTDay1,Experiment, 2,0, 10.jpg,10.jpg,60,150,6.309, 246.355,252.665,246.355,-2,0,0,2,BM10_60,2023-10-30 15:06:10.253
9186,PSYC-134130,TOTDay1,Experiment, 3,0, 6.jpg,6.jpg,90,300,15.791, 253.695,269.487,253.695,-3,0,0,1,BE6_90,2023-10-30 15:06:27.075
9186,PSYC-134130,TOTDay1,Experiment, 4,1, 1.jpg,1.jpg,270,270,9.822, 270.01,279.833,270.009,-2,0,0,1,AE1_270,2023-10-30 15:06:37.422
9186,PSYC-134130,TOTDay1,Experiment, 5,0, 8.jpg,8.jpg,330,30,10.127, 280.723,290.851,280.723,-3,0,0,2,BM8_330,2023-10-30 15:06:48.440
9186,PSYC-134130,TOTDay1,Experiment, 6,0, 9.jpg,9.jpg,240,90,12.537, 291.542,304.079,291.541,-4,0,0,3,AH9_240,2023-10-30 15:07:01.668
9186,PSYC-134130,TOTDay1,Experiment, 7,0, 9.jpg,9.jpg,30,330,12.493, 304.671,317.165,304.671,-5,0,0,2,BM9_30,2023-10-30 15:07:14.753
9186,PSYC-134130,TOTDay1,Experiment, 8,0, 7.jpg,7.jpg,270,0,12.795, 317.757,330.553,317.757,-6,0,0,1,BE7_270,2023-10-30 15:07:28.142
9186,PSYC-134130,TOTDay1,Experiment, 9,0, 8.jpg,8.jpg,210,120,7.829, 331.703,339.532,331.703,-7,0,0,3,AH8_210,2023-10-30 15:07:37.121
9186,PSYC-134130,TOTDay1,Experiment, 10,1, 4.jpg,4.jpg,180,180,9.777, 340.093,349.87,340.093,-6,0,0,1,AE4_180,2023-10-30 15:07:47.460
9186,PSYC-134130,TOTDay1,Experiment, 11,1, 10.jpg,10.jpg,150,150,8.588, 350.433,359.021,350.433,-5,0,0,3,AH10_150,2023-10-30 15:07:56.611
9186,PSYC-134130,TOTDay1,Experiment, 12,0, 7.jpg,7.jpg,330,30,6.173, 359.629,365.803,359.629,-6,0,0,2,AM7_330,2023-10-30 15:08:03.393
9186,PSYC-134130,TOTDay1,Experiment, 13,0, 6.jpg,6.jpg,30,210,13.141, 366.365,379.507,366.365,-7,0,0,2,AM6_30,2023-10-30 15:08:17.096
9186,PSYC-134130,TOTDay1,Experiment, 14,1, 11.jpg,11.jpg,180,180,11.493, 380.103,391.597,380.103,-6,0,0,1,BE11_180,2023-10-30 15:08:29.186
9186,PSYC-134130,TOTDay1,Experiment, 15,0, 3.jpg,3.jpg,240,300,19.971, 392.213,412.185,392.213,-7,0,0,3,BH3_240,2023-10-30 15:08:49.775
9186,PSYC-134130,TOTDay1,Experiment, 16,0, 3.jpg,3.jpg,90,300,19.994, 412.677,432.671,412.677,-8,0,0,1,AE3_90,2023-10-30 15:09:10.261
9186,PSYC-134130,TOTDay1,Experiment, 17,0, 1.jpg,1.jpg,150,90,5.815, 433.198,439.013,433.197,-9,0,0,3,BH1_150,2023-10-30 15:09:16.604
9186,PSYC-134130,TOTDay1,Experiment, 18,0, 11.jpg,11.jpg,60,270,8.343, 439.535,447.878,439.534,-10,0,0,2,AM11_60,2023-10-30 15:09:25.469
9188,PSYC-134128,TOTDay1,Training, 1,0, 2.jpg,2.jpg,90,30,2.109, 18.219,20.321,18.218,-1,0,0,1,PE2_90,2023-10-31 09:27:53.358
9188,PSYC-134128,TOTDay1,Training, 2,0, 2.jpg,2.jpg,180,0,0.73, 27.535,28.265,27.535,-2,0,0,1,PE2_180,2023-10-31 09:28:01.296
9188,PSYC-134128,TOTDay1,Training, 3,1, 2.jpg,2.jpg,60,60,2.868, 36.235,39.103,36.235,-1,0,0,2,PM2_60,2023-10-31 09:28:12.134
9188,PSYC-134128,TOTDay1,Training, 4,0, 2.jpg,2.jpg,30,60,1.909, 41.817,43.726,41.816,-2,0,0,2,PM2_30,2023-10-31 09:28:16.757
9188,PSYC-134128,TOTDay1,Training, 5,0, 2.jpg,2.jpg,210,300,2.246, 45.509,47.755,45.509,-3,0,0,3,PH2_210,2023-10-31 09:28:20.786
9188,PSYC-134128,TOTDay1,Training, 6,0, 2.jpg,2.jpg,120,30,2.249, 53.927,56.176,53.927,-4,0,0,3,PH2_120,2023-10-31 09:28:29.207
9188,PSYC-134128,TOTDay1,Training, 7,0, 2.jpg,2.jpg,0,90,3.881, 61.459,65.34,61.458,-5,0,0,1,PE2_0,2023-10-31 09:28:38.371
9188,PSYC-134128,TOTDay1,Training, 8,0, 2.jpg,2.jpg,240,60,2.141, 67.155,69.296,67.155,-6,0,0,3,PH2_240,2023-10-31 09:28:42.328
9188,PSYC-134128,TOTDay1,Training, 9,0, 2.jpg,2.jpg,330,30,1.87, 71.016,72.885,71.015,-7,0,0,2,PM2_330,2023-10-31 09:28:45.917
9188,PSYC-134128,TOTDay1,Training, 10,0, 2.jpg,2.jpg,150,90,1.848, 74.577,76.425,74.576,-8,0,0,3,PH2_150,2023-10-31 09:28:49.456
9188,PSYC-134128,TOTDay1,Training, 11,0, 2.jpg,2.jpg,300,60,1.864, 76.925,78.789,76.924,-9,0,0,2,PM2_300,2023-10-31 09:28:51.821
9188,PSYC-134128,TOTDay1,Training, 12,0, 2.jpg,2.jpg,270,0,2.49, 79.073,81.562,79.072,-10,0,0,1,PE2_270,2023-10-31 09:28:54.594
9188,PSYC-134128,TOTDay1,Experiment, 1,0, 9.jpg,9.jpg,240,60,1.926, 84.882,86.808,82.042,-1,0,0,3,AH9_240,2023-10-31 09:28:59.839
9188,PSYC-134128,TOTDay1,Experiment, 2,1, 6.jpg,6.jpg,90,90,1.613, 88.867,90.48,88.867,0,0,0,1,BE6_90,2023-10-31 09:29:03.512
9188,PSYC-134128,TOTDay1,Experiment, 3,1, 10.jpg,10.jpg,60,60,1.34, 91.068,92.408,91.067,1,0,0,2,BM10_60,2023-10-31 09:29:05.439
9188,PSYC-134128,TOTDay1,Experiment, 4,0, 3.jpg,3.jpg,240,270,2.628, 92.919,95.547,92.918,0,0,0,3,BH3_240,2023-10-31 09:29:08.578
9188,PSYC-134128,TOTDay1,Experiment, 5,0, 7.jpg,7.jpg,330,300,1.765, 95.837,97.602,95.837,-1,0,0,2,AM7_330,2023-10-31 09:29:10.634
9188,PSYC-134128,TOTDay1,Experiment, 6,0, 4.jpg,4.jpg,180,330,2.099, 97.779,99.878,97.779,-2,0,0,1,AE4_180,2023-10-31 09:29:12.911
9188,PSYC-134128,TOTDay1,Experiment, 7,0, 7.jpg,7.jpg,270,0,2.162, 100.063,102.225,100.062,-3,0,0,1,BE7_270,2023-10-31 09:29:15.257
9188,PSYC-134128,TOTDay1,Experiment, 8,0, 8.jpg,8.jpg,330,90,1.705, 102.431,104.136,102.43,-4,0,0,2,BM8_330,2023-10-31 09:29:17.168
9188,PSYC-134128,TOTDay1,Experiment, 9,0, 10.jpg,10.jpg,150,60,1.359, 104.337,105.696,104.337,-5,0,0,3,AH10_150,2023-10-31 09:29:18.728
9188,PSYC-134128,TOTDay1,Experiment, 10,0, 8.jpg,8.jpg,210,90,1.353, 105.865,107.218,105.864,-6,0,0,3,AH8_210,2023-10-31 09:29:20.250
9188,PSYC-134128,TOTDay1,Experiment, 11,0, 11.jpg,11.jpg,60,120,2.409, 107.399,109.808,107.399,-7,0,0,2,AM11_60,2023-10-31 09:29:22.840
9188,PSYC-134128,TOTDay1,Experiment, 12,0, 11.jpg,11.jpg,180,150,1.707, 109.954,111.661,109.953,-8,0,0,1,BE11_180,2023-10-31 09:29:24.693
9188,PSYC-134128,TOTDay1,Experiment, 13,0, 9.jpg,9.jpg,30,60,1.324, 111.833,113.157,111.833,-9,0,0,2,BM9_30,2023-10-31 09:29:26.189
9188,PSYC-134128,TOTDay1,Experiment, 14,0, 1.jpg,1.jpg,150,90,1.189, 113.349,114.538,113.349,-10,0,0,3,BH1_150,2023-10-31 09:29:27.570
9188,PSYC-134128,TOTDay1,Experiment, 15,0, 3.jpg,3.jpg,90,240,2.265, 114.736,117.001,114.735,-11,0,0,1,AE3_90,2023-10-31 09:29:30.032
9188,PSYC-134128,TOTDay1,Experiment, 16,0, 4.jpg,4.jpg,210,300,2.483, 117.189,119.673,117.189,-12,0,0,3,BH4_210,2023-10-31 09:29:32.705
9188,PSYC-134128,TOTDay1,Experiment, 17,0, 1.jpg,1.jpg,270,0,2.831, 119.871,122.703,119.871,-13,0,0,1,AE1_270,2023-10-31 09:29:35.735
9188,PSYC-134128,TOTDay1,Experiment, 18,0, 6.jpg,6.jpg,30,120,1.929, 122.892,124.821,122.891,-14,0,0,2,AM6_30,2023-10-31 09:29:37.853
9189,PSYC-134130,TOTDay1,Training, 1,0, 2.jpg,2.jpg,90,120,11.089, 108.76,119.848,108.759,-1,0,0,1,PE2_90,2023-10-31 09:27:00.116
9189,PSYC-134130,TOTDay1,Training, 2,1, 2.jpg,2.jpg,180,180,4.265, 131.796,136.062,131.796,0,0,0,1,PE2_180,2023-10-31 09:27:16.328
9189,PSYC-134130,TOTDay1,Training, 3,0, 2.jpg,2.jpg,60,30,4.061, 139.231,143.292,139.23,-1,0,0,2,PM2_60,2023-10-31 09:27:23.558
9189,PSYC-134130,TOTDay1,Training, 4,0, 2.jpg,2.jpg,30,60,4.741, 147.662,152.404,147.662,-2,0,0,2,PM2_30,2023-10-31 09:27:32.670
9189,PSYC-134130,TOTDay1,Training, 5,1, 2.jpg,2.jpg,210,210,4.124, 155.228,159.352,155.227,-1,0,0,3,PH2_210,2023-10-31 09:27:39.618
9189,PSYC-134130,TOTDay1,Training, 6,1, 2.jpg,2.jpg,120,120,3.799, 160.596,164.396,160.596,0,0,0,3,PH2_120,2023-10-31 09:27:44.662
9189,PSYC-134130,TOTDay1,Training, 7,1, 2.jpg,2.jpg,0,0,5.742, 165.254,170.996,165.253,1,0,0,1,PE2_0,2023-10-31 09:27:51.262
9189,PSYC-134130,TOTDay1,Training, 8,1, 2.jpg,2.jpg,240,240,4.576, 172.416,176.992,172.416,2,0,0,3,PH2_240,2023-10-31 09:27:57.258
9189,PSYC-134130,TOTDay1,Training, 9,1, 2.jpg,2.jpg,330,330,4.477, 177.932,182.409,177.932,3,0,0,2,PM2_330,2023-10-31 09:28:02.675
9189,PSYC-134130,TOTDay1,Training, 10,1, 2.jpg,2.jpg,150,150,3.132, 183.338,186.47,183.338,4,0,0,3,PH2_150,2023-10-31 09:28:06.736
9189,PSYC-134130,TOTDay1,Training, 11,0, 2.jpg,2.jpg,300,330,5.633, 187.472,193.106,187.472,3,0,0,2,PM2_300,2023-10-31 09:28:13.372
9189,PSYC-134130,TOTDay1,Training, 12,0, 2.jpg,2.jpg,270,90,4.291, 194.084,198.376,194.084,2,0,0,1,PE2_270,2023-10-31 09:28:18.642
9189,PSYC-134130,TOTDay1,Experiment, 1,0, 6.jpg,6.jpg,90,30,6.029, 202.8,208.83,201.15,-1,0,0,1,BE6_90,2023-10-31 09:28:29.095
9189,PSYC-134130,TOTDay1,Experiment, 2,0, 9.jpg,9.jpg,30,150,3.489, 209.908,213.397,209.908,-2,0,0,2,BM9_30,2023-10-31 09:28:33.664
9189,PSYC-134130,TOTDay1,Experiment, 3,0, 10.jpg,10.jpg,150,120,3.033, 214.308,217.342,214.307,-3,0,0,3,AH10_150,2023-10-31 09:28:37.607
9189,PSYC-134130,TOTDay1,Experiment, 4,0, 4.jpg,4.jpg,210,240,9.558, 218.158,227.716,218.158,-4,0,0,3,BH4_210,2023-10-31 09:28:47.981
9189,PSYC-134130,TOTDay1,Experiment, 5,0, 1.jpg,1.jpg,270,240,8.799, 228.512,237.311,228.512,-5,0,0,1,AE1_270,2023-10-31 09:28:57.577
9189,PSYC-134130,TOTDay1,Experiment, 6,1, 7.jpg,7.jpg,330,330,10.206, 238.124,248.33,238.123,-4,0,0,2,AM7_330,2023-10-31 09:29:08.596
9189,PSYC-134130,TOTDay1,Experiment, 7,1, 8.jpg,8.jpg,210,210,10.445, 249.308,259.754,249.307,-3,0,0,3,AH8_210,2023-10-31 09:29:20.019
9189,PSYC-134130,TOTDay1,Experiment, 8,0, 10.jpg,10.jpg,60,30,4.806, 261.232,266.038,261.231,-4,0,0,2,BM10_60,2023-10-31 09:29:26.304
9189,PSYC-134130,TOTDay1,Experiment, 9,0, 11.jpg,11.jpg,180,210,4.477, 266.862,271.34,266.862,-5,0,0,1,BE11_180,2023-10-31 09:29:31.605
9189,PSYC-134130,TOTDay1,Experiment, 10,0, 9.jpg,9.jpg,240,60,9.059, 272.018,281.077,272.018,-6,0,0,3,AH9_240,2023-10-31 09:29:41.343
9189,PSYC-134130,TOTDay1,Experiment, 11,0, 11.jpg,11.jpg,60,300,4.453, 281.798,286.251,281.797,-7,0,0,2,AM11_60,2023-10-31 09:29:46.517
9189,PSYC-134130,TOTDay1,Experiment, 12,0, 4.jpg,4.jpg,180,330,9.048, 286.928,295.976,286.928,-8,0,0,1,AE4_180,2023-10-31 09:29:56.242
9189,PSYC-134130,TOTDay1,Experiment, 13,0, 7.jpg,7.jpg,270,150,8.013, 296.814,304.827,296.814,-9,0,0,1,BE7_270,2023-10-31 09:30:05.093
9189,PSYC-134130,TOTDay1,Experiment, 14,0, 3.jpg,3.jpg,240,60,4.119, 305.676,309.795,305.675,-10,0,0,3,BH3_240,2023-10-31 09:30:10.061
9189,PSYC-134130,TOTDay1,Experiment, 15,0, 6.jpg,6.jpg,30,330,3.32, 310.6,313.92,310.599,-11,0,0,2,AM6_30,2023-10-31 09:30:14.186
9189,PSYC-134130,TOTDay1,Experiment, 16,0, 8.jpg,8.jpg,330,240,2.419, 314.903,317.322,314.902,-12,0,0,2,BM8_330,2023-10-31 09:30:17.588
9189,PSYC-134130,TOTDay1,Experiment, 17,0, 3.jpg,3.jpg,90,120,3.049, 318.005,321.054,318.004,-13,0,0,1,AE3_90,2023-10-31 09:30:21.320
9189,PSYC-134130,TOTDay1,Experiment, 18,0, 1.jpg,1.jpg,150,270,3.393, 321.686,325.079,321.685,-14,0,0,3,BH1_150,2023-10-31 09:30:25.345
9187,PSYC-132589,TOTDay1,Training, 1,1, 2.jpg,2.jpg,90,90,3.658, 18.945,22.6,18.943,1,0,0,1,PE2_90,2023-10-31 09:27:15.002
9187,PSYC-132589,TOTDay1,Training, 2,0, 2.jpg,2.jpg,180,0,4.165, 31.014,35.18,31.014,0,0,0,1,PE2_180,2023-10-31 09:27:27.578
9187,PSYC-132589,TOTDay1,Training, 3,0, 2.jpg,2.jpg,60,240,7.384, 42.796,50.18,42.795,-1,0,0,2,PM2_60,2023-10-31 09:27:42.579
9187,PSYC-132589,TOTDay1,Training, 4,1, 2.jpg,2.jpg,30,30,4.175, 54.43,58.605,54.429,0,0,0,2,PM2_30,2023-10-31 09:27:51.005
9187,PSYC-132589,TOTDay1,Training, 5,0, 2.jpg,2.jpg,210,240,6.727, 61.135,67.861,61.134,-1,0,0,3,PH2_210,2023-10-31 09:28:00.260
9187,PSYC-132589,TOTDay1,Training, 6,0, 2.jpg,2.jpg,120,60,7.429, 84.152,91.581,84.152,-2,0,0,3,PH2_120,2023-10-31 09:28:23.980
9187,PSYC-132589,TOTDay1,Training, 7,1, 2.jpg,2.jpg,0,0,6.484, 96.591,103.074,96.59,-1,0,0,1,PE2_0,2023-10-31 09:28:35.473
9187,PSYC-132589,TOTDay1,Training, 8,0, 2.jpg,2.jpg,240,30,6.488, 106.542,113.03,106.541,-2,0,0,3,PH2_240,2023-10-31 09:28:45.429
9187,PSYC-132589,TOTDay1,Training, 9,0, 2.jpg,2.jpg,330,150,3.157, 113.872,117.03,113.872,-3,0,0,2,PM2_330,2023-10-31 09:28:49.428
9187,PSYC-132589,TOTDay1,Training, 10,0, 2.jpg,2.jpg,150,30,4.201, 118.27,122.471,118.269,-4,0,0,3,PH2_150,2023-10-31 09:28:54.871
9187,PSYC-132589,TOTDay1,Training, 11,0, 2.jpg,2.jpg,300,330,3.197, 123.806,127.003,123.806,-5,0,0,2,PM2_300,2023-10-31 09:28:59.402
9187,PSYC-132589,TOTDay1,Training, 12,0, 2.jpg,2.jpg,270,90,5.389, 128.264,133.654,128.263,-6,0,0,1,PE2_270,2023-10-31 09:29:06.053
9187,PSYC-132589,TOTDay1,Experiment, 1,0, 3.jpg,3.jpg,240,60,2.347, 138.67,141.017,134.894,-1,0,0,3,BH3_240,2023-10-31 09:29:13.416
9187,PSYC-132589,TOTDay1,Experiment, 2,0, 4.jpg,4.jpg,180,330,3.405, 143.39,146.796,143.389,-2,0,0,1,AE4_180,2023-10-31 09:29:19.194
9187,PSYC-132589,TOTDay1,Experiment, 3,0, 7.jpg,7.jpg,330,300,3.775, 147.861,151.636,147.86,-3,0,0,2,AM7_330,2023-10-31 09:29:24.035
9187,PSYC-132589,TOTDay1,Experiment, 4,0, 1.jpg,1.jpg,150,60,8.115, 155.356,163.471,155.355,-4,0,0,3,BH1_150,2023-10-31 09:29:35.870
9187,PSYC-132589,TOTDay1,Experiment, 5,1, 1.jpg,1.jpg,270,270,8.766, 164.961,173.727,164.96,-3,0,0,1,AE1_270,2023-10-31 09:29:46.127
9187,PSYC-132589,TOTDay1,Experiment, 6,0, 8.jpg,8.jpg,330,30,12.235, 178.212,190.448,178.212,-4,0,0,2,BM8_330,2023-10-31 09:30:02.847
9187,PSYC-132589,TOTDay1,Experiment, 7,0, 10.jpg,10.jpg,60,240,4.96, 194.901,199.862,194.9,-5,0,0,2,BM10_60,2023-10-31 09:30:12.261
9187,PSYC-132589,TOTDay1,Experiment, 8,0, 10.jpg,10.jpg,150,30,3.693, 201.248,204.941,201.248,-6,0,0,3,AH10_150,2023-10-31 09:30:17.341
9187,PSYC-132589,TOTDay1,Experiment, 9,0, 11.jpg,11.jpg,180,0,5.278, 206.278,211.556,206.278,-7,0,0,1,BE11_180,2023-10-31 09:30:23.954
9187,PSYC-132589,TOTDay1,Experiment, 10,0, 8.jpg,8.jpg,210,60,5.25, 218.184,223.434,218.184,-8,0,0,3,AH8_210,2023-10-31 09:30:35.833
9187,PSYC-132589,TOTDay1,Experiment, 11,0, 7.jpg,7.jpg,270,30,5.847, 225.763,231.61,225.762,-9,0,0,1,BE7_270,2023-10-31 09:30:44.009
9187,PSYC-132589,TOTDay1,Experiment, 12,1, 9.jpg,9.jpg,30,30,3.552, 232.821,236.373,232.82,-8,0,0,2,BM9_30,2023-10-31 09:30:48.772
9187,PSYC-132589,TOTDay1,Experiment, 13,0, 4.jpg,4.jpg,210,30,8.03, 238.657,246.688,238.656,-9,0,0,3,BH4_210,2023-10-31 09:30:59.087
9187,PSYC-132589,TOTDay1,Experiment, 14,0, 3.jpg,3.jpg,90,330,5.271, 247.846,253.118,247.846,-10,0,0,1,AE3_90,2023-10-31 09:31:05.516
9187,PSYC-132589,TOTDay1,Experiment, 15,0, 11.jpg,11.jpg,60,0,2.843, 253.993,256.836,253.992,-11,0,0,2,AM11_60,2023-10-31 09:31:09.235
9187,PSYC-132589,TOTDay1,Experiment, 16,0, 6.jpg,6.jpg,30,300,5.262, 258.87,264.132,258.87,-12,0,0,2,AM6_30,2023-10-31 09:31:16.531
9187,PSYC-132589,TOTDay1,Experiment, 17,0, 9.jpg,9.jpg,240,60,3.579, 264.997,268.576,264.996,-13,0,0,3,AH9_240,2023-10-31 09:31:20.975
9187,PSYC-132589,TOTDay1,Experiment, 18,0, 6.jpg,6.jpg,90,300,8.379, 271.146,279.526,271.146,-14,0,0,1,BE6_90,2023-10-31 09:31:31.925
9191,PSYC-132589,TOTDay1,Training, 1,1, 2.jpg,2.jpg,90,90,4.843, 20.867,25.705,20.866,1,0,0,1,PE2_90,2023-10-31 12:19:57.074
9191,PSYC-132589,TOTDay1,Training, 2,1, 2.jpg,2.jpg,180,180,3.911, 27.928,31.839,27.928,2,0,0,1,PE2_180,2023-10-31 12:20:03.204
9191,PSYC-132589,TOTDay1,Training, 3,1, 2.jpg,2.jpg,60,60,4.346, 32.368,36.714,32.367,3,0,0,2,PM2_60,2023-10-31 12:20:08.079
9191,PSYC-132589,TOTDay1,Training, 4,1, 2.jpg,2.jpg,30,30,4.753, 37.18,41.933,37.179,4,0,0,2,PM2_30,2023-10-31 12:20:13.298
9191,PSYC-132589,TOTDay1,Training, 5,1, 2.jpg,2.jpg,210,210,5.514, 42.343,47.858,42.343,5,0,0,3,PH2_210,2023-10-31 12:20:19.222
9191,PSYC-132589,TOTDay1,Training, 6,0, 2.jpg,2.jpg,120,150,3.861, 48.28,52.142,48.28,4,0,0,3,PH2_120,2023-10-31 12:20:23.507
9191,PSYC-132589,TOTDay1,Training, 7,1, 2.jpg,2.jpg,0,0,2.258, 58.635,60.893,58.634,5,0,0,1,PE2_0,2023-10-31 12:20:32.258
9191,PSYC-132589,TOTDay1,Training, 8,1, 2.jpg,2.jpg,240,240,4.079, 61.335,65.413,61.334,6,0,0,3,PH2_240,2023-10-31 12:20:36.779
9191,PSYC-132589,TOTDay1,Training, 9,0, 2.jpg,2.jpg,330,300,4.983, 65.962,70.945,65.962,5,0,0,2,PM2_330,2023-10-31 12:20:42.310
9191,PSYC-132589,TOTDay1,Training, 10,1, 2.jpg,2.jpg,150,150,4.006, 71.634,75.64,71.634,6,0,0,3,PH2_150,2023-10-31 12:20:47.005
9191,PSYC-132589,TOTDay1,Training, 11,1, 2.jpg,2.jpg,300,300,3.499, 76.127,79.626,76.126,7,0,0,2,PM2_300,2023-10-31 12:20:50.991
9191,PSYC-132589,TOTDay1,Training, 12,1, 2.jpg,2.jpg,270,270,2.526, 80.097,82.624,80.097,8,0,0,1,PE2_270,2023-10-31 12:20:53.988
9191,PSYC-132589,TOTDay1,Experiment, 1,0, 8.jpg,8.jpg,210,150,8.33, 86.002,94.332,83.241,-1,0,0,3,AH8_210,2023-10-31 12:21:05.696
9191,PSYC-132589,TOTDay1,Experiment, 2,1, 10.jpg,10.jpg,60,60,2.787, 96.79,99.577,96.789,0,0,0,2,BM10_60,2023-10-31 12:21:10.941
9191,PSYC-132589,TOTDay1,Experiment, 3,1, 1.jpg,1.jpg,270,270,6.431, 100.028,106.46,100.028,1,0,0,1,AE1_270,2023-10-31 12:21:17.825
9191,PSYC-132589,TOTDay1,Experiment, 4,0, 6.jpg,6.jpg,30,60,4.673, 106.898,111.571,106.897,0,0,0,2,AM6_30,2023-10-31 12:21:22.935
9191,PSYC-132589,TOTDay1,Experiment, 5,1, 10.jpg,10.jpg,150,150,3.023, 112.015,115.037,112.014,1,0,0,3,AH10_150,2023-10-31 12:21:26.403
9191,PSYC-132589,TOTDay1,Experiment, 6,1, 7.jpg,7.jpg,270,270,18.041, 115.496,133.537,115.495,2,0,0,1,BE7_270,2023-10-31 12:21:44.901
9191,PSYC-132589,TOTDay1,Experiment, 7,0, 9.jpg,9.jpg,240,210,6.051, 134.039,140.09,134.038,1,0,0,3,AH9_240,2023-10-31 12:21:51.455
9191,PSYC-132589,TOTDay1,Experiment, 8,1, 11.jpg,11.jpg,180,180,3.57, 140.525,144.095,140.524,2,0,0,1,BE11_180,2023-10-31 12:21:55.460
9191,PSYC-132589,TOTDay1,Experiment, 9,1, 7.jpg,7.jpg,330,330,3.605, 144.53,148.135,144.529,3,0,0,2,AM7_330,2023-10-31 12:21:59.499
9191,PSYC-132589,TOTDay1,Experiment, 10,1, 8.jpg,8.jpg,330,330,4.669, 148.55,153.219,148.55,4,0,0,2,BM8_330,2023-10-31 12:22:04.584
9191,PSYC-132589,TOTDay1,Experiment, 11,0, 3.jpg,3.jpg,240,210,5.454, 153.624,159.078,153.624,3,0,0,3,BH3_240,2023-10-31 12:22:10.442
9191,PSYC-132589,TOTDay1,Experiment, 12,0, 6.jpg,6.jpg,90,150,8.734, 159.437,168.171,159.436,2,0,0,1,BE6_90,2023-10-31 12:22:19.536
9191,PSYC-132589,TOTDay1,Experiment, 13,1, 4.jpg,4.jpg,180,180,3.408, 168.532,171.94,168.531,3,0,0,1,AE4_180,2023-10-31 12:22:23.304
9191,PSYC-132589,TOTDay1,Experiment, 14,0, 9.jpg,9.jpg,30,60,3.777, 172.292,176.069,172.292,2,0,0,2,BM9_30,2023-10-31 12:22:27.433
9191,PSYC-132589,TOTDay1,Experiment, 15,1, 4.jpg,4.jpg,210,210,6.813, 176.426,183.24,176.426,3,0,0,3,BH4_210,2023-10-31 12:22:34.604
9191,PSYC-132589,TOTDay1,Experiment, 16,0, 1.jpg,1.jpg,150,210,7.078, 183.559,190.637,183.558,2,0,0,3,BH1_150,2023-10-31 12:22:42.002
9191,PSYC-132589,TOTDay1,Experiment, 17,1, 11.jpg,11.jpg,60,60,7.198, 192.18,199.378,192.18,3,0,0,2,AM11_60,2023-10-31 12:22:50.743
9191,PSYC-132589,TOTDay1,Experiment, 18,1, 3.jpg,3.jpg,90,90,7.928, 199.727,207.655,199.727,4,0,0,1,AE3_90,2023-10-31 12:22:59.019
9190,PSYC-134128,TOTDay1,Training, 1,0, 2.jpg,2.jpg,90,270,8.126, 43.003,51.126,43.002,-1,0,0,1,PE2_90,2023-10-31 12:18:31.602
9190,PSYC-134128,TOTDay1,Training, 2,1, 2.jpg,2.jpg,180,180,4.912, 61.379,66.291,61.379,0,0,0,1,PE2_180,2023-10-31 12:18:46.764
9190,PSYC-134128,TOTDay1,Training, 3,1, 2.jpg,2.jpg,60,60,13.834, 73.233,87.067,73.233,1,0,0,2,PM2_60,2023-10-31 12:19:07.540
9190,PSYC-134128,TOTDay1,Training, 4,1, 2.jpg,2.jpg,30,30,13.877, 90.158,104.035,90.157,2,0,0,2,PM2_30,2023-10-31 12:19:24.508
9190,PSYC-134128,TOTDay1,Training, 5,1, 2.jpg,2.jpg,210,210,6.485, 105.097,111.583,105.096,3,0,0,3,PH2_210,2023-10-31 12:19:32.056
9190,PSYC-134128,TOTDay1,Training, 6,1, 2.jpg,2.jpg,120,120,8.147, 112.428,120.575,112.427,4,0,0,3,PH2_120,2023-10-31 12:19:41.049
9190,PSYC-134128,TOTDay1,Training, 7,1, 2.jpg,2.jpg,0,0,6.224, 120.956,127.18,120.955,5,0,0,1,PE2_0,2023-10-31 12:19:47.654
9190,PSYC-134128,TOTDay1,Training, 8,0, 2.jpg,2.jpg,240,210,7.253, 127.441,134.695,127.441,4,0,0,3,PH2_240,2023-10-31 12:19:55.168
9190,PSYC-134128,TOTDay1,Training, 9,1, 2.jpg,2.jpg,330,330,11.975, 135.933,147.909,135.933,5,0,0,2,PM2_330,2023-10-31 12:20:08.382
9190,PSYC-134128,TOTDay1,Training, 10,0, 2.jpg,2.jpg,150,120,11.703, 148.643,160.346,148.643,4,0,0,3,PH2_150,2023-10-31 12:20:20.820
9190,PSYC-134128,TOTDay1,Training, 11,1, 2.jpg,2.jpg,300,300,7.101, 161.663,168.765,161.663,5,0,0,2,PM2_300,2023-10-31 12:20:29.239
9190,PSYC-134128,TOTDay1,Training, 12,1, 2.jpg,2.jpg,270,270,8.98, 169.063,178.043,169.063,6,0,0,1,PE2_270,2023-10-31 12:20:38.516
9190,PSYC-134128,TOTDay1,Experiment, 1,0, 9.jpg,9.jpg,240,210,9.894, 180.719,190.613,178.387,-1,0,0,3,AH9_240,2023-10-31 12:20:51.087
9190,PSYC-134128,TOTDay1,Experiment, 2,1, 6.jpg,6.jpg,90,90,10.193, 190.83,201.023,190.829,0,0,0,1,BE6_90,2023-10-31 12:21:01.497
9190,PSYC-134128,TOTDay1,Experiment, 3,1, 8.jpg,8.jpg,330,330,7.023, 202.679,209.703,202.679,1,0,0,2,BM8_330,2023-10-31 12:21:10.176
9190,PSYC-134128,TOTDay1,Experiment, 4,1, 7.jpg,7.jpg,330,330,10.401, 210.428,220.829,210.427,2,0,0,2,AM7_330,2023-10-31 12:21:21.302
9190,PSYC-134128,TOTDay1,Experiment, 5,0, 3.jpg,3.jpg,240,210,7.398, 221.629,229.027,221.629,1,0,0,3,BH3_240,2023-10-31 12:21:29.502
9190,PSYC-134128,TOTDay1,Experiment, 6,1, 1.jpg,1.jpg,270,270,8.928, 231.137,240.065,231.137,2,0,0,1,AE1_270,2023-10-31 12:21:40.539
9190,PSYC-134128,TOTDay1,Experiment, 7,1, 8.jpg,8.jpg,210,210,30.415, 240.737,271.152,240.736,3,0,0,3,AH8_210,2023-10-31 12:22:11.627
9190,PSYC-134128,TOTDay1,Experiment, 8,1, 4.jpg,4.jpg,180,180,8.646, 271.775,280.421,271.775,4,0,0,1,AE4_180,2023-10-31 12:22:20.895
9190,PSYC-134128,TOTDay1,Experiment, 9,0, 6.jpg,6.jpg,30,60,8.717, 280.931,289.649,280.931,3,0,0,2,AM6_30,2023-10-31 12:22:30.123
9190,PSYC-134128,TOTDay1,Experiment, 10,1, 4.jpg,4.jpg,210,210,7.082, 291.033,298.115,291.032,4,0,0,3,BH4_210,2023-10-31 12:22:38.589
9190,PSYC-134128,TOTDay1,Experiment, 11,0, 9.jpg,9.jpg,30,60,12.677, 298.617,311.294,298.617,3,0,0,2,BM9_30,2023-10-31 12:22:51.768
9190,PSYC-134128,TOTDay1,Experiment, 12,1, 3.jpg,3.jpg,90,90,15.203, 311.584,326.787,311.583,4,0,0,1,AE3_90,2023-10-31 12:23:07.261
9190,PSYC-134128,TOTDay1,Experiment, 13,1, 1.jpg,1.jpg,150,150,14.281, 327.509,341.791,327.509,5,0,0,3,BH1_150,2023-10-31 12:23:22.265
9190,PSYC-134128,TOTDay1,Experiment, 14,1, 11.jpg,11.jpg,60,60,9.837, 342.245,352.083,342.245,6,0,0,2,AM11_60,2023-10-31 12:23:32.557
9190,PSYC-134128,TOTDay1,Experiment, 15,1, 11.jpg,11.jpg,180,180,6.561, 352.561,359.122,352.561,7,0,0,1,BE11_180,2023-10-31 12:23:39.597
9190,PSYC-134128,TOTDay1,Experiment, 16,1, 10.jpg,10.jpg,60,60,15.103, 359.589,374.693,359.589,8,0,0,2,BM10_60,2023-10-31 12:23:55.167
9190,PSYC-134128,TOTDay1,Experiment, 17,1, 10.jpg,10.jpg,150,150,15.411, 375.479,390.89,375.479,9,0,0,3,AH10_150,2023-10-31 12:24:11.365
9190,PSYC-134128,TOTDay1,Experiment, 18,1, 7.jpg,7.jpg,270,270,7.863, 391.845,399.709,391.845,10,0,0,1,BE7_270,2023-10-31 12:24:20.183
9192,PSYC-134130,TOTDay1,Training, 1,0, 2.jpg,2.jpg,90,270,7.55, 170.217,177.766,170.216,-1,0,0,1,PE2_90,2023-10-31 12:20:29.909
9192,PSYC-134130,TOTDay1,Training, 2,0, 2.jpg,2.jpg,180,0,8.335, 181.764,190.1,181.764,-2,0,0,1,PE2_180,2023-10-31 12:20:42.242
9192,PSYC-134130,TOTDay1,Training, 3,0, 2.jpg,2.jpg,60,90,10.877, 198.153,209.029,198.152,-3,0,0,2,PM2_60,2023-10-31 12:21:01.171
9192,PSYC-134130,TOTDay1,Training, 4,1, 2.jpg,2.jpg,30,30,7.923, 213.728,221.651,213.721,-2,0,0,2,PM2_30,2023-10-31 12:21:13.793
9192,PSYC-134130,TOTDay1,Training, 5,0, 2.jpg,2.jpg,210,150,12.414, 223.252,235.666,223.251,-3,0,0,3,PH2_210,2023-10-31 12:21:27.808
9192,PSYC-134130,TOTDay1,Training, 6,0, 2.jpg,2.jpg,120,60,13.1, 243.835,256.935,243.834,-4,0,0,3,PH2_120,2023-10-31 12:21:49.078
9192,PSYC-134130,TOTDay1,Training, 7,1, 2.jpg,2.jpg,0,0,4.104, 262.502,266.606,262.502,-3,0,0,1,PE2_0,2023-10-31 12:21:58.749
9192,PSYC-134130,TOTDay1,Training, 8,0, 2.jpg,2.jpg,240,30,7.857, 268.428,276.286,268.428,-4,0,0,3,PH2_240,2023-10-31 12:22:08.427
9192,PSYC-134130,TOTDay1,Training, 9,1, 2.jpg,2.jpg,330,330,8.53, 282.14,290.67,282.139,-3,0,0,2,PM2_330,2023-10-31 12:22:22.812
9192,PSYC-134130,TOTDay1,Training, 10,0, 2.jpg,2.jpg,150,210,7.767, 292.68,300.448,292.68,-4,0,0,3,PH2_150,2023-10-31 12:22:32.589
9192,PSYC-134130,TOTDay1,Training, 11,1, 2.jpg,2.jpg,300,300,10.336, 304.972,315.308,304.971,-3,0,0,2,PM2_300,2023-10-31 12:22:47.450
9192,PSYC-134130,TOTDay1,Training, 12,1, 2.jpg,2.jpg,270,270,8.262, 321.286,329.548,321.285,-2,0,0,1,PE2_270,2023-10-31 12:23:01.690
9192,PSYC-134130,TOTDay1,Experiment, 1,0, 11.jpg,11.jpg,60,90,10.95, 335.458,346.408,333.758,-1,0,0,2,AM11_60,2023-10-31 12:23:18.549
9192,PSYC-134130,TOTDay1,Experiment, 2,1, 4.jpg,4.jpg,180,180,6.087, 347.64,353.727,347.64,0,0,0,1,AE4_180,2023-10-31 12:23:25.869
9192,PSYC-134130,TOTDay1,Experiment, 3,1, 9.jpg,9.jpg,240,240,15.12, 354.641,369.762,354.641,1,0,0,3,AH9_240,2023-10-31 12:23:41.904
9192,PSYC-134130,TOTDay1,Experiment, 4,0, 10.jpg,10.jpg,150,210,9.001, 370.978,379.98,370.978,0,0,0,3,AH10_150,2023-10-31 12:23:52.122
9192,PSYC-134130,TOTDay1,Experiment, 5,0, 1.jpg,1.jpg,270,180,4.621, 381.996,386.617,381.995,-1,0,0,1,AE1_270,2023-10-31 12:23:58.761
9192,PSYC-134130,TOTDay1,Experiment, 6,0, 10.jpg,10.jpg,60,330,8.389, 387.868,396.257,387.868,-2,0,0,2,BM10_60,2023-10-31 12:24:08.401
9192,PSYC-134130,TOTDay1,Experiment, 7,1, 11.jpg,11.jpg,180,180,6.699, 397.014,403.713,397.014,-1,0,0,1,BE11_180,2023-10-31 12:24:15.857
9192,PSYC-134130,TOTDay1,Experiment, 8,0, 6.jpg,6.jpg,30,60,6.779, 404.252,411.031,404.252,-2,0,0,2,AM6_30,2023-10-31 12:24:23.176
9192,PSYC-134130,TOTDay1,Experiment, 9,1, 8.jpg,8.jpg,210,210,8.907, 411.684,420.592,411.684,-1,0,0,3,AH8_210,2023-10-31 12:24:32.736
9192,PSYC-134130,TOTDay1,Experiment, 10,1, 7.jpg,7.jpg,330,330,11.051, 421.146,432.197,421.145,0,0,0,2,AM7_330,2023-10-31 12:24:44.342
9192,PSYC-134130,TOTDay1,Experiment, 11,0, 4.jpg,4.jpg,210,60,8.736, 432.826,441.562,432.825,-1,0,0,3,BH4_210,2023-10-31 12:24:53.707
9192,PSYC-134130,TOTDay1,Experiment, 12,1, 7.jpg,7.jpg,270,270,10.123, 441.99,452.113,441.99,0,0,0,1,BE7_270,2023-10-31 12:25:04.259
9192,PSYC-134130,TOTDay1,Experiment, 13,0, 3.jpg,3.jpg,240,150,10.217, 452.602,462.819,452.601,-1,0,0,3,BH3_240,2023-10-31 12:25:14.965
9192,PSYC-134130,TOTDay1,Experiment, 14,0, 3.jpg,3.jpg,90,240,12.637, 463.56,476.197,463.559,-2,0,0,1,AE3_90,2023-10-31 12:25:28.344
9192,PSYC-134130,TOTDay1,Experiment, 15,0, 8.jpg,8.jpg,330,30,7.747, 476.862,484.609,476.861,-3,0,0,2,BM8_330,2023-10-31 12:25:36.756
9192,PSYC-134130,TOTDay1,Experiment, 16,0, 9.jpg,9.jpg,30,210,7.035, 485.034,492.07,485.034,-4,0,0,2,BM9_30,2023-10-31 12:25:44.217
9192,PSYC-134130,TOTDay1,Experiment, 17,0, 6.jpg,6.jpg,90,30,11.057, 492.678,503.736,492.678,-5,0,0,1,BE6_90,2023-10-31 12:25:55.884
9192,PSYC-134130,TOTDay1,Experiment, 18,1, 1.jpg,1.jpg,150,150,12.899, 504.188,517.088,504.188,-4,0,0,3,BH1_150,2023-10-31 12:26:09.236
9195,PSYC-134128,TOTDay1,Training, 1,1, 2.jpg,2.jpg,90,90,6.252, 28.949,35.2,28.948,1,0,0,1,PE2_90,2023-10-31 15:22:44.657
9195,PSYC-134128,TOTDay1,Training, 2,0, 2.jpg,2.jpg,180,0,10.091, 36.848,46.939,36.847,0,0,0,1,PE2_180,2023-10-31 15:22:56.394
9195,PSYC-134128,TOTDay1,Training, 3,0, 2.jpg,2.jpg,60,120,9.557, 55.898,65.455,55.898,-1,0,0,2,PM2_60,2023-10-31 15:23:14.911
9195,PSYC-134128,TOTDay1,Training, 4,0, 2.jpg,2.jpg,30,120,6.234, 68.539,74.773,68.538,-2,0,0,2,PM2_30,2023-10-31 15:23:24.229
9195,PSYC-134128,TOTDay1,Training, 5,0, 2.jpg,2.jpg,210,330,9.434, 77.387,86.821,77.386,-3,0,0,3,PH2_210,2023-10-31 15:23:36.277
9195,PSYC-134128,TOTDay1,Training, 6,0, 2.jpg,2.jpg,120,300,6.593, 92.822,99.415,92.822,-4,0,0,3,PH2_120,2023-10-31 15:23:48.872
9195,PSYC-134128,TOTDay1,Training, 7,0, 2.jpg,2.jpg,0,180,7.448, 106.524,113.972,106.523,-5,0,0,1,PE2_0,2023-10-31 15:24:03.427
9195,PSYC-134128,TOTDay1,Training, 8,0, 2.jpg,2.jpg,240,300,17.696, 116.87,134.566,116.87,-6,0,0,3,PH2_240,2023-10-31 15:24:24.022
9195,PSYC-134128,TOTDay1,Training, 9,0, 2.jpg,2.jpg,330,150,8.078, 137.621,145.699,137.62,-7,0,0,2,PM2_330,2023-10-31 15:24:35.155
9195,PSYC-134128,TOTDay1,Training, 10,0, 2.jpg,2.jpg,150,60,5.419, 149.062,154.481,149.061,-8,0,0,3,PH2_150,2023-10-31 15:24:43.938
9195,PSYC-134128,TOTDay1,Training, 11,0, 2.jpg,2.jpg,300,240,6.533, 156,162.533,156,-9,0,0,2,PM2_300,2023-10-31 15:24:51.990
9195,PSYC-134128,TOTDay1,Training, 12,1, 2.jpg,2.jpg,270,270,4.619, 164.17,168.789,164.169,-8,0,0,1,PE2_270,2023-10-31 15:24:58.245
9195,PSYC-134128,TOTDay1,Experiment, 1,0, 7.jpg,7.jpg,330,300,23.955, 173.58,197.535,170.849,-1,0,0,2,AM7_330,2023-10-31 15:25:26.992
9195,PSYC-134128,TOTDay1,Experiment, 2,1, 6.jpg,6.jpg,90,90,6.44, 200.726,207.166,200.725,0,0,0,1,BE6_90,2023-10-31 15:25:36.622
9195,PSYC-134128,TOTDay1,Experiment, 3,0, 1.jpg,1.jpg,150,90,5.534, 208.758,214.292,208.757,-1,0,0,3,BH1_150,2023-10-31 15:25:43.749
9195,PSYC-134128,TOTDay1,Experiment, 4,0, 11.jpg,11.jpg,180,150,18.76, 217.642,236.402,217.641,-2,0,0,1,BE11_180,2023-10-31 15:26:05.859
9195,PSYC-134128,TOTDay1,Experiment, 5,1, 10.jpg,10.jpg,60,60,18.333, 237.296,255.629,237.296,-1,0,0,2,BM10_60,2023-10-31 15:26:25.086
9195,PSYC-134128,TOTDay1,Experiment, 6,1, 3.jpg,3.jpg,240,240,14.69, 258.948,273.638,258.947,0,0,0,3,BH3_240,2023-10-31 15:26:43.094
9195,PSYC-134128,TOTDay1,Experiment, 7,0, 1.jpg,1.jpg,270,0,12.744, 275.067,287.812,275.066,-1,0,0,1,AE1_270,2023-10-31 15:26:57.269
9195,PSYC-134128,TOTDay1,Experiment, 8,0, 10.jpg,10.jpg,150,300,26.278, 290.881,317.159,290.88,-2,0,0,3,AH10_150,2023-10-31 15:27:26.617
9195,PSYC-134128,TOTDay1,Experiment, 9,1, 8.jpg,8.jpg,330,330,12.179, 319.646,331.825,319.646,-1,0,0,2,BM8_330,2023-10-31 15:27:41.282
9195,PSYC-134128,TOTDay1,Experiment, 10,0, 9.jpg,9.jpg,30,210,13.91, 332.786,346.695,332.785,-2,0,0,2,BM9_30,2023-10-31 15:27:56.153
9195,PSYC-134128,TOTDay1,Experiment, 11,0, 8.jpg,8.jpg,210,60,12.321, 347.946,360.268,347.946,-3,0,0,3,AH8_210,2023-10-31 15:28:09.726
9195,PSYC-134128,TOTDay1,Experiment, 12,0, 4.jpg,4.jpg,180,240,9.237, 361.594,370.831,361.594,-4,0,0,1,AE4_180,2023-10-31 15:28:20.288
9195,PSYC-134128,TOTDay1,Experiment, 13,0, 4.jpg,4.jpg,210,180,6.038, 372.588,378.627,372.588,-5,0,0,3,BH4_210,2023-10-31 15:28:28.085
9195,PSYC-134128,TOTDay1,Experiment, 14,0, 7.jpg,7.jpg,270,60,2.244, 379.788,382.032,379.788,-6,0,0,1,BE7_270,2023-10-31 15:28:31.490
9195,PSYC-134128,TOTDay1,Experiment, 15,0, 11.jpg,11.jpg,60,270,1.724, 383.063,384.787,383.062,-7,0,0,2,AM11_60,2023-10-31 15:28:34.245
9195,PSYC-134128,TOTDay1,Experiment, 16,0, 6.jpg,6.jpg,30,150,2.415, 386.124,388.539,386.123,-8,0,0,2,AM6_30,2023-10-31 15:28:37.996
9195,PSYC-134128,TOTDay1,Experiment, 17,0, 9.jpg,9.jpg,240,330,3.874, 389.707,393.581,389.707,-9,0,0,3,AH9_240,2023-10-31 15:28:43.039
9195,PSYC-134128,TOTDay1,Experiment, 18,1, 3.jpg,3.jpg,90,90,4.955, 394.596,399.551,394.595,-8,0,0,1,AE3_90,2023-10-31 15:28:49.009
9193,PSYC-134130,TOTDay1,Training, 1,0, 2.jpg,2.jpg,90,240,17.732, 19.159,36.889,19.158,-1,0,0,1,PE2_90,2023-10-31 15:22:45.689
9193,PSYC-134130,TOTDay1,Training, 2,1, 2.jpg,2.jpg,180,180,16.813, 53.95,70.763,53.949,0,0,0,1,PE2_180,2023-10-31 15:23:19.561
9193,PSYC-134130,TOTDay1,Training, 3,1, 2.jpg,2.jpg,60,60,7.797, 75.132,82.929,75.131,1,0,0,2,PM2_60,2023-10-31 15:23:31.729
9193,PSYC-134130,TOTDay1,Training, 4,1, 2.jpg,2.jpg,30,30,8.877, 83.787,92.665,83.787,2,0,0,2,PM2_30,2023-10-31 15:23:41.464
9193,PSYC-134130,TOTDay1,Training, 5,0, 2.jpg,2.jpg,210,240,8.705, 96.875,105.581,96.875,1,0,0,3,PH2_210,2023-10-31 15:23:54.380
9193,PSYC-134130,TOTDay1,Training, 6,0, 2.jpg,2.jpg,120,150,14.853, 113.675,128.529,113.675,0,0,0,3,PH2_120,2023-10-31 15:24:17.329
9193,PSYC-134130,TOTDay1,Training, 7,1, 2.jpg,2.jpg,0,0,15.231, 135.513,150.745,135.513,1,0,0,1,PE2_0,2023-10-31 15:24:39.545
9193,PSYC-134130,TOTDay1,Training, 8,1, 2.jpg,2.jpg,240,240,13.911, 152.721,166.633,152.721,2,0,0,3,PH2_240,2023-10-31 15:24:55.434
9193,PSYC-134130,TOTDay1,Training, 9,0, 2.jpg,2.jpg,330,300,4.429, 167.274,171.703,167.273,1,0,0,2,PM2_330,2023-10-31 15:25:00.504
9193,PSYC-134130,TOTDay1,Training, 10,0, 2.jpg,2.jpg,150,210,20.75, 173.594,194.343,173.593,0,0,0,3,PH2_150,2023-10-31 15:25:23.144
9193,PSYC-134130,TOTDay1,Training, 11,0, 2.jpg,2.jpg,300,270,17.091, 195.624,212.715,195.617,-1,0,0,2,PM2_300,2023-10-31 15:25:41.516
9193,PSYC-134130,TOTDay1,Training, 12,1, 2.jpg,2.jpg,270,270,4.697, 213.554,218.251,213.553,0,0,0,1,PE2_270,2023-10-31 15:25:47.052
9193,PSYC-134130,TOTDay1,Experiment, 1,1, 1.jpg,1.jpg,270,270,9.562, 221.439,231.001,218.991,1,0,0,1,AE1_270,2023-10-31 15:25:59.802
9193,PSYC-134130,TOTDay1,Experiment, 2,0, 9.jpg,9.jpg,240,210,19.095, 233.42,252.515,233.419,0,0,0,3,AH9_240,2023-10-31 15:26:21.316
9193,PSYC-134130,TOTDay1,Experiment, 3,0, 7.jpg,7.jpg,330,300,18.142, 253.635,271.777,253.635,-1,0,0,2,AM7_330,2023-10-31 15:26:40.579
9193,PSYC-134130,TOTDay1,Experiment, 4,0, 10.jpg,10.jpg,60,150,13.261, 273.186,286.447,273.185,-2,0,0,2,BM10_60,2023-10-31 15:26:55.248
9193,PSYC-134130,TOTDay1,Experiment, 5,1, 4.jpg,4.jpg,180,180,18.995, 287.15,306.145,287.149,-1,0,0,1,AE4_180,2023-10-31 15:27:14.947
9193,PSYC-134130,TOTDay1,Experiment, 6,0, 1.jpg,1.jpg,150,180,13.715, 306.71,320.425,306.71,-2,0,0,3,BH1_150,2023-10-31 15:27:29.227
9193,PSYC-134130,TOTDay1,Experiment, 7,1, 11.jpg,11.jpg,180,180,19.854, 321.333,341.187,321.333,-1,0,0,1,BE11_180,2023-10-31 15:27:49.989
9193,PSYC-134130,TOTDay1,Experiment, 8,0, 3.jpg,3.jpg,240,300,19.719, 341.881,361.601,341.881,-2,0,0,3,BH3_240,2023-10-31 15:28:10.403
9193,PSYC-134130,TOTDay1,Experiment, 9,0, 6.jpg,6.jpg,30,90,3.266, 362.233,365.499,362.233,-3,0,0,2,AM6_30,2023-10-31 15:28:14.301
9193,PSYC-134130,TOTDay1,Experiment, 10,1, 10.jpg,10.jpg,150,150,10.04, 366.805,376.845,366.805,-2,0,0,3,AH10_150,2023-10-31 15:28:25.648
9193,PSYC-134130,TOTDay1,Experiment, 11,0, 8.jpg,8.jpg,330,30,8.018, 377.384,385.402,377.383,-3,0,0,2,BM8_330,2023-10-31 15:28:34.204
9193,PSYC-134130,TOTDay1,Experiment, 12,1, 6.jpg,6.jpg,90,90,10.615, 386.284,396.899,386.284,-2,0,0,1,BE6_90,2023-10-31 15:28:45.702
9193,PSYC-134130,TOTDay1,Experiment, 13,1, 7.jpg,7.jpg,270,270,9.279, 397.798,407.077,397.797,-1,0,0,1,BE7_270,2023-10-31 15:28:55.879
9193,PSYC-134130,TOTDay1,Experiment, 14,1, 11.jpg,11.jpg,60,60,14.32, 407.71,422.029,407.709,0,0,0,2,AM11_60,2023-10-31 15:29:10.832
9193,PSYC-134130,TOTDay1,Experiment, 15,0, 4.jpg,4.jpg,210,180,6.622, 422.501,429.124,422.501,-1,0,0,3,BH4_210,2023-10-31 15:29:17.926
9193,PSYC-134130,TOTDay1,Experiment, 16,1, 3.jpg,3.jpg,90,90,11.076, 429.854,440.93,429.853,0,0,0,1,AE3_90,2023-10-31 15:29:29.733
9193,PSYC-134130,TOTDay1,Experiment, 17,1, 9.jpg,9.jpg,30,30,10.703, 441.562,452.265,441.561,1,0,0,2,BM9_30,2023-10-31 15:29:41.068
9193,PSYC-134130,TOTDay1,Experiment, 18,0, 8.jpg,8.jpg,210,150,16.761, 452.886,469.647,452.885,0,0,0,3,AH8_210,2023-10-31 15:29:58.451
9194,PSYC-132589,TOTDay1,Training, 1,0, 2.jpg,2.jpg,90,60,17.402, 212.125,229.525,212.124,-1,0,0,1,PE2_90,2023-10-31 15:24:18.969
9194,PSYC-132589,TOTDay1,Training, 2,0, 2.jpg,2.jpg,180,0,17.353, 250.447,267.801,250.447,-2,0,0,1,PE2_180,2023-10-31 15:24:57.243
9194,PSYC-132589,TOTDay1,Training, 3,1, 2.jpg,2.jpg,60,60,31.654, 284.365,316.019,284.365,-1,0,0,2,PM2_60,2023-10-31 15:25:45.461
9194,PSYC-132589,TOTDay1,Training, 4,1, 2.jpg,2.jpg,30,30,13.043, 319.528,332.571,319.527,0,0,0,2,PM2_30,2023-10-31 15:26:02.012
9194,PSYC-132589,TOTDay1,Training, 5,0, 2.jpg,2.jpg,210,330,19.425, 334.456,353.881,334.455,-1,0,0,3,PH2_210,2023-10-31 15:26:23.322
9194,PSYC-132589,TOTDay1,Training, 6,1, 2.jpg,2.jpg,120,120,23.537, 361.232,384.769,361.231,0,0,0,3,PH2_120,2023-10-31 15:26:54.210
9194,PSYC-132589,TOTDay1,Training, 7,0, 2.jpg,2.jpg,0,30,18.482, 388.375,406.857,388.373,-1,0,0,1,PE2_0,2023-10-31 15:27:16.297
9194,PSYC-132589,TOTDay1,Training, 8,1, 2.jpg,2.jpg,240,240,28.855, 409.4,438.255,409.4,0,0,0,3,PH2_240,2023-10-31 15:27:47.696
9194,PSYC-132589,TOTDay1,Training, 9,0, 2.jpg,2.jpg,330,30,23.448, 439.435,462.883,439.435,-1,0,0,2,PM2_330,2023-10-31 15:28:12.324
9194,PSYC-132589,TOTDay1,Training, 10,0, 2.jpg,2.jpg,150,120,13.114, 465.689,478.803,465.689,-2,0,0,3,PH2_150,2023-10-31 15:28:28.244
9194,PSYC-132589,TOTDay1,Training, 11,0, 2.jpg,2.jpg,300,240,13.29, 481.306,494.595,481.305,-3,0,0,2,PM2_300,2023-10-31 15:28:44.036
9194,PSYC-132589,TOTDay1,Training, 12,1, 2.jpg,2.jpg,270,270,10.609, 498.466,509.075,498.465,-2,0,0,1,PE2_270,2023-10-31 15:28:58.516
9194,PSYC-132589,TOTDay1,Experiment, 1,1, 7.jpg,7.jpg,270,270,15.025, 511.437,526.462,509.873,1,0,0,1,BE7_270,2023-10-31 15:29:15.903
9194,PSYC-132589,TOTDay1,Experiment, 2,1, 8.jpg,8.jpg,330,330,20.55, 527.491,548.042,527.491,2,0,0,2,BM8_330,2023-10-31 15:29:37.482
9194,PSYC-132589,TOTDay1,Experiment, 3,1, 3.jpg,3.jpg,240,240,27.438, 549.101,576.54,549.101,3,0,0,3,BH3_240,2023-10-31 15:30:05.980
9194,PSYC-132589,TOTDay1,Experiment, 4,1, 11.jpg,11.jpg,60,60,35.367, 577.45,612.818,577.45,4,0,0,2,AM11_60,2023-10-31 15:30:42.258
9194,PSYC-132589,TOTDay1,Experiment, 5,1, 1.jpg,1.jpg,150,150,21.59, 613.65,635.24,613.649,5,0,0,3,BH1_150,2023-10-31 15:31:04.680
9194,PSYC-132589,TOTDay1,Experiment, 6,0, 4.jpg,4.jpg,180,210,21.118, 636.252,657.369,636.251,4,0,0,1,AE4_180,2023-10-31 15:31:26.810
9194,PSYC-132589,TOTDay1,Experiment, 7,0, 8.jpg,8.jpg,210,150,25.257, 658.594,683.851,658.593,3,0,0,3,AH8_210,2023-10-31 15:31:53.290
9194,PSYC-132589,TOTDay1,Experiment, 8,1, 9.jpg,9.jpg,30,30,23.486, 685.78,709.266,685.779,4,0,0,2,BM9_30,2023-10-31 15:32:18.706
9194,PSYC-132589,TOTDay1,Experiment, 9,0, 3.jpg,3.jpg,90,-1,36.056, 710.182,746.239,710.182,3,0,0,1,AE3_90,2023-10-31 15:32:55.677
9194,PSYC-132589,TOTDay1,Experiment, 10,0, 4.jpg,4.jpg,210,180,27.785, 748.892,776.677,748.891,2,0,0,3,BH4_210,2023-10-31 15:33:26.116
9194,PSYC-132589,TOTDay1,Experiment, 11,1, 6.jpg,6.jpg,30,30,20.709, 778.136,798.846,778.136,3,0,0,2,AM6_30,2023-10-31 15:33:48.284
9194,PSYC-132589,TOTDay1,Experiment, 12,0, 1.jpg,1.jpg,270,240,27.5, 799.748,827.248,799.747,2,0,0,1,AE1_270,2023-10-31 15:34:16.685
9194,PSYC-132589,TOTDay1,Experiment, 13,1, 10.jpg,10.jpg,60,60,31.255, 828.048,859.303,828.047,3,0,0,2,BM10_60,2023-10-31 15:34:48.741
9194,PSYC-132589,TOTDay1,Experiment, 14,0, 11.jpg,11.jpg,180,330,13.962, 859.945,873.907,859.945,2,0,0,1,BE11_180,2023-10-31 15:35:03.344
9194,PSYC-132589,TOTDay1,Experiment, 15,1, 9.jpg,9.jpg,240,240,14.796, 874.9,889.696,874.9,3,0,0,3,AH9_240,2023-10-31 15:35:19.133
9194,PSYC-132589,TOTDay1,Experiment, 16,1, 6.jpg,6.jpg,90,90,20.657, 890.444,911.102,890.443,4,0,0,1,BE6_90,2023-10-31 15:35:40.538
9194,PSYC-132589,TOTDay1,Experiment, 17,1, 7.jpg,7.jpg,330,330,13.293, 911.708,925.001,911.708,5,0,0,2,AM7_330,2023-10-31 15:35:54.437
9194,PSYC-132589,TOTDay1,Experiment, 18,1, 10.jpg,10.jpg,150,150,28.111, 925.613,953.724,925.612,6,0,0,3,AH10_150,2023-10-31 15:36:23.160
9196,PSYC-134128,TOTDay1,Training, 1,0, 2.jpg,2.jpg,90,180,6.47, 23.35,29.813,23.349,-1,0,0,1,PE2_90,2023-11-01 09:27:43.897
9196,PSYC-134128,TOTDay1,Training, 2,1, 2.jpg,2.jpg,180,180,11.09, 39.122,50.212,39.121,0,0,0,1,PE2_180,2023-11-01 09:28:04.289
9196,PSYC-134128,TOTDay1,Training, 3,0, 2.jpg,2.jpg,60,90,8.103, 54.622,62.725,54.621,-1,0,0,2,PM2_60,2023-11-01 09:28:16.802
9196,PSYC-134128,TOTDay1,Training, 4,0, 2.jpg,2.jpg,30,0,0.274, 65.667,65.941,65.667,-2,0,0,2,PM2_30,2023-11-01 09:28:20.019
9196,PSYC-134128,TOTDay1,Training, 5,0, 2.jpg,2.jpg,210,0,0.259, 67.873,68.133,67.873,-3,0,0,3,PH2_210,2023-11-01 09:28:22.211
9196,PSYC-134128,TOTDay1,Training, 6,0, 2.jpg,2.jpg,120,30,6.501, 75.392,81.893,75.392,-4,0,0,3,PH2_120,2023-11-01 09:28:35.971
9196,PSYC-134128,TOTDay1,Training, 7,1, 2.jpg,2.jpg,0,0,6.363, 87.652,94.015,87.651,-3,0,0,1,PE2_0,2023-11-01 09:28:48.093
9196,PSYC-134128,TOTDay1,Training, 8,0, 2.jpg,2.jpg,240,210,9.555, 95.259,104.813,95.258,-4,0,0,3,PH2_240,2023-11-01 09:28:58.891
9196,PSYC-134128,TOTDay1,Training, 9,0, 2.jpg,2.jpg,330,210,11.671, 107.512,119.183,107.511,-5,0,0,2,PM2_330,2023-11-01 09:29:13.261
9196,PSYC-134128,TOTDay1,Training, 10,0, 2.jpg,2.jpg,150,30,11.86, 121.397,133.257,121.397,-6,0,0,3,PH2_150,2023-11-01 09:29:27.336
9196,PSYC-134128,TOTDay1,Training, 11,0, 2.jpg,2.jpg,300,150,10.808, 134.969,145.777,134.969,-7,0,0,2,PM2_300,2023-11-01 09:29:39.857
9196,PSYC-134128,TOTDay1,Training, 12,1, 2.jpg,2.jpg,270,270,12.15, 148.211,160.361,148.211,-6,0,0,1,PE2_270,2023-11-01 09:29:54.441
9196,PSYC-134128,TOTDay1,Experiment, 1,0, 6.jpg,6.jpg,90,270,12.763, 165.661,178.425,163.338,-1,0,0,1,BE6_90,2023-11-01 09:30:12.505
9196,PSYC-134128,TOTDay1,Experiment, 2,0, 10.jpg,10.jpg,60,330,11.141, 182.237,193.379,182.237,-2,0,0,2,BM10_60,2023-11-01 09:30:27.459
9196,PSYC-134128,TOTDay1,Experiment, 3,0, 4.jpg,4.jpg,210,180,14.816, 196.005,210.821,196.005,-3,0,0,3,BH4_210,2023-11-01 09:30:44.902
9196,PSYC-134128,TOTDay1,Experiment, 4,0, 1.jpg,1.jpg,270,210,7.017, 212.867,219.885,212.867,-4,0,0,1,AE1_270,2023-11-01 09:30:53.966
9196,PSYC-134128,TOTDay1,Experiment, 5,0, 9.jpg,9.jpg,30,0,9.094, 223.659,232.753,223.657,-5,0,0,2,BM9_30,2023-11-01 09:31:06.834
9196,PSYC-134128,TOTDay1,Experiment, 6,0, 8.jpg,8.jpg,210,180,8.881, 244.385,253.267,244.385,-6,0,0,3,AH8_210,2023-11-01 09:31:27.348
9196,PSYC-134128,TOTDay1,Experiment, 7,0, 7.jpg,7.jpg,330,0,7.744, 257.567,265.311,257.567,-7,0,0,2,AM7_330,2023-11-01 09:31:39.393
9196,PSYC-134128,TOTDay1,Experiment, 8,1, 7.jpg,7.jpg,270,270,5.028, 269.444,274.473,269.444,-6,0,0,1,BE7_270,2023-11-01 09:31:48.555
9196,PSYC-134128,TOTDay1,Experiment, 9,0, 3.jpg,3.jpg,240,90,7.514, 276.773,284.287,276.773,-7,0,0,3,BH3_240,2023-11-01 09:31:58.369
9196,PSYC-134128,TOTDay1,Experiment, 10,0, 6.jpg,6.jpg,30,210,7.169, 288.746,295.915,288.745,-8,0,0,2,AM6_30,2023-11-01 09:32:09.997
9196,PSYC-134128,TOTDay1,Experiment, 11,1, 11.jpg,11.jpg,180,180,11.215, 299.45,310.665,299.45,-7,0,0,1,BE11_180,2023-11-01 09:32:24.747
9196,PSYC-134128,TOTDay1,Experiment, 12,0, 1.jpg,1.jpg,150,60,10.697, 310.932,321.629,310.931,-8,0,0,3,BH1_150,2023-11-01 09:32:35.712
9196,PSYC-134128,TOTDay1,Experiment, 13,0, 8.jpg,8.jpg,330,0,3.311, 324.069,327.381,324.069,-9,0,0,2,BM8_330,2023-11-01 09:32:41.464
9196,PSYC-134128,TOTDay1,Experiment, 14,0, 9.jpg,9.jpg,240,30,7.425, 331.597,339.023,331.597,-10,0,0,3,AH9_240,2023-11-01 09:32:53.105
9196,PSYC-134128,TOTDay1,Experiment, 15,0, 4.jpg,4.jpg,180,30,16.199, 342.116,358.315,342.115,-11,0,0,1,AE4_180,2023-11-01 09:33:12.398
9196,PSYC-134128,TOTDay1,Experiment, 16,0, 11.jpg,11.jpg,60,270,10.926, 359.635,370.561,359.635,-12,0,0,2,AM11_60,2023-11-01 09:33:24.645
9196,PSYC-134128,TOTDay1,Experiment, 17,0, 3.jpg,3.jpg,90,210,10.39, 373.553,383.944,373.553,-13,0,0,1,AE3_90,2023-11-01 09:33:38.028
9196,PSYC-134128,TOTDay1,Experiment, 18,0, 10.jpg,10.jpg,150,30,6.931, 384.247,391.179,384.247,-14,0,0,3,AH10_150,2023-11-01 09:33:45.263
9197,PSYC-132589,TOTDay1,Training, 1,1, 2.jpg,2.jpg,90,90,19.207, 71.159,90.365,71.158,1,0,0,1,PE2_90,2023-11-01 09:30:13.275
9197,PSYC-132589,TOTDay1,Training, 2,1, 2.jpg,2.jpg,180,180,4.373, 93.311,97.685,93.311,2,0,0,1,PE2_180,2023-11-01 09:30:20.593
9197,PSYC-132589,TOTDay1,Training, 3,0, 2.jpg,2.jpg,60,120,6.69, 98.806,105.496,98.805,1,0,0,2,PM2_60,2023-11-01 09:30:28.404
9197,PSYC-132589,TOTDay1,Training, 4,0, 2.jpg,2.jpg,30,60,10.422, 108.841,119.263,108.841,0,0,0,2,PM2_30,2023-11-01 09:30:42.172
9197,PSYC-132589,TOTDay1,Training, 5,1, 2.jpg,2.jpg,210,210,3.091, 121.331,124.423,121.331,1,0,0,3,PH2_210,2023-11-01 09:30:47.331
9197,PSYC-132589,TOTDay1,Training, 6,0, 2.jpg,2.jpg,120,60,5.53, 126.876,132.407,126.876,0,0,0,3,PH2_120,2023-11-01 09:30:55.315
9197,PSYC-132589,TOTDay1,Training, 7,0, 2.jpg,2.jpg,0,180,4.552, 137.544,142.097,137.543,-1,0,0,1,PE2_0,2023-11-01 09:31:05.005
9197,PSYC-132589,TOTDay1,Training, 8,0, 2.jpg,2.jpg,240,150,3.621, 144.265,147.887,144.265,-2,0,0,3,PH2_240,2023-11-01 09:31:10.795
9197,PSYC-132589,TOTDay1,Training, 9,1, 2.jpg,2.jpg,330,330,9.628, 149.803,159.431,149.802,-1,0,0,2,PM2_330,2023-11-01 09:31:22.339
9197,PSYC-132589,TOTDay1,Training, 10,1, 2.jpg,2.jpg,150,150,5.53, 160.617,166.147,160.617,0,0,0,3,PH2_150,2023-11-01 09:31:29.055
9197,PSYC-132589,TOTDay1,Training, 11,0, 2.jpg,2.jpg,300,60,2.948, 167.6,170.549,167.599,-1,0,0,2,PM2_300,2023-11-01 09:31:33.457
9197,PSYC-132589,TOTDay1,Training, 12,0, 2.jpg,2.jpg,270,90,2.869, 172.837,175.706,172.837,-2,0,0,1,PE2_270,2023-11-01 09:31:38.614
9197,PSYC-132589,TOTDay1,Experiment, 1,0, 1.jpg,1.jpg,150,180,10.607, 178.99,189.597,176.731,-1,0,0,3,BH1_150,2023-11-01 09:31:52.505
9197,PSYC-132589,TOTDay1,Experiment, 2,0, 8.jpg,8.jpg,330,0,8.595, 190.673,199.269,190.673,-2,0,0,2,BM8_330,2023-11-01 09:32:02.177
9197,PSYC-132589,TOTDay1,Experiment, 3,0, 7.jpg,7.jpg,270,90,5.412, 201.249,206.661,201.249,-3,0,0,1,BE7_270,2023-11-01 09:32:09.569
9197,PSYC-132589,TOTDay1,Experiment, 4,1, 11.jpg,11.jpg,180,180,7.181, 207.932,215.113,207.932,-2,0,0,1,BE11_180,2023-11-01 09:32:18.022
9197,PSYC-132589,TOTDay1,Experiment, 5,1, 8.jpg,8.jpg,210,210,3.46, 215.768,219.229,215.768,-1,0,0,3,AH8_210,2023-11-01 09:32:22.137
9197,PSYC-132589,TOTDay1,Experiment, 6,0, 9.jpg,9.jpg,30,240,6.777, 219.809,226.587,219.809,-2,0,0,2,BM9_30,2023-11-01 09:32:29.495
9197,PSYC-132589,TOTDay1,Experiment, 7,0, 3.jpg,3.jpg,90,240,12.264, 227.299,239.563,227.299,-3,0,0,1,AE3_90,2023-11-01 09:32:42.471
9197,PSYC-132589,TOTDay1,Experiment, 8,1, 6.jpg,6.jpg,30,30,4.223, 240.75,244.973,240.749,-2,0,0,2,AM6_30,2023-11-01 09:32:47.882
9197,PSYC-132589,TOTDay1,Experiment, 9,0, 9.jpg,9.jpg,240,330,5.001, 246.296,251.297,246.295,-3,0,0,3,AH9_240,2023-11-01 09:32:54.205
9197,PSYC-132589,TOTDay1,Experiment, 10,0, 3.jpg,3.jpg,240,210,6.613, 251.854,258.467,251.853,-4,0,0,3,BH3_240,2023-11-01 09:33:01.375
9197,PSYC-132589,TOTDay1,Experiment, 11,0, 6.jpg,6.jpg,90,240,3.891, 260.477,264.369,260.477,-5,0,0,1,BE6_90,2023-11-01 09:33:07.277
9197,PSYC-132589,TOTDay1,Experiment, 12,0, 10.jpg,10.jpg,60,330,6.033, 266.428,272.461,266.427,-6,0,0,2,BM10_60,2023-11-01 09:33:15.370
9197,PSYC-132589,TOTDay1,Experiment, 13,0, 11.jpg,11.jpg,60,120,4.87, 273.489,278.36,273.489,-7,0,0,2,AM11_60,2023-11-01 09:33:21.268
9197,PSYC-132589,TOTDay1,Experiment, 14,0, 10.jpg,10.jpg,150,210,3.209, 279.017,282.227,279.017,-8,0,0,3,AH10_150,2023-11-01 09:33:25.134
9197,PSYC-132589,TOTDay1,Experiment, 15,0, 1.jpg,1.jpg,270,60,4.061, 283.11,287.172,283.11,-9,0,0,1,AE1_270,2023-11-01 09:33:30.080
9197,PSYC-132589,TOTDay1,Experiment, 16,0, 7.jpg,7.jpg,330,300,4.773, 288.169,292.943,288.169,-10,0,0,2,AM7_330,2023-11-01 09:33:35.851
9197,PSYC-132589,TOTDay1,Experiment, 17,0, 4.jpg,4.jpg,180,30,4.927, 293.95,298.877,293.949,-11,0,0,1,AE4_180,2023-11-01 09:33:41.785
9197,PSYC-132589,TOTDay1,Experiment, 18,1, 4.jpg,4.jpg,210,210,3.649, 299.902,303.551,299.901,-10,0,0,3,BH4_210,2023-11-01 09:33:46.459
9201,PSYC-134130,TOTDay1,Training, 1,0, 2.jpg,2.jpg,90,270,8.62, 61.392,70.006,61.391,-1,0,0,1,PE2_90,2023-11-01 12:30:19.508
9201,PSYC-134130,TOTDay1,Training, 2,1, 2.jpg,2.jpg,180,180,6.749, 77.166,83.915,77.166,0,0,0,1,PE2_180,2023-11-01 12:30:33.412
9201,PSYC-134130,TOTDay1,Training, 3,1, 2.jpg,2.jpg,60,60,11.804, 87.658,99.462,87.658,1,0,0,2,PM2_60,2023-11-01 12:30:48.958
9201,PSYC-134130,TOTDay1,Training, 4,0, 2.jpg,2.jpg,30,120,3.505, 102.528,106.033,102.527,0,0,0,2,PM2_30,2023-11-01 12:30:55.530
9201,PSYC-134130,TOTDay1,Training, 5,1, 2.jpg,2.jpg,210,210,11.784, 108.99,120.774,108.989,1,0,0,3,PH2_210,2023-11-01 12:31:10.272
9201,PSYC-134130,TOTDay1,Training, 6,0, 2.jpg,2.jpg,120,150,7.815, 122.95,130.766,122.95,0,0,0,3,PH2_120,2023-11-01 12:31:20.263
9201,PSYC-134130,TOTDay1,Training, 7,1, 2.jpg,2.jpg,0,0,5.31, 137.515,142.826,137.515,1,0,0,1,PE2_0,2023-11-01 12:31:32.324
9201,PSYC-134130,TOTDay1,Training, 8,0, 2.jpg,2.jpg,240,210,11.729, 144.12,155.85,144.12,0,0,0,3,PH2_240,2023-11-01 12:31:45.348
9201,PSYC-134130,TOTDay1,Training, 9,0, 2.jpg,2.jpg,330,150,11.347, 156.182,167.53,156.182,-1,0,0,2,PM2_330,2023-11-01 12:31:57.028
9201,PSYC-134130,TOTDay1,Training, 10,1, 2.jpg,2.jpg,150,150,7.596, 172.358,179.954,172.358,0,0,0,3,PH2_150,2023-11-01 12:32:09.454
9201,PSYC-134130,TOTDay1,Training, 11,0, 2.jpg,2.jpg,300,240,8.717, 181.246,189.964,181.246,-1,0,0,2,PM2_300,2023-11-01 12:32:19.463
9201,PSYC-134130,TOTDay1,Training, 12,1, 2.jpg,2.jpg,270,270,4.184, 191.672,195.856,191.672,0,0,0,1,PE2_270,2023-11-01 12:32:25.356
9201,PSYC-134130,TOTDay1,Experiment, 1,0, 1.jpg,1.jpg,150,120,8.215, 198.948,207.164,197.088,-1,0,0,3,BH1_150,2023-11-01 12:32:36.663
9201,PSYC-134130,TOTDay1,Experiment, 2,0, 6.jpg,6.jpg,90,180,11.826, 208.142,219.968,208.142,-2,0,0,1,BE6_90,2023-11-01 12:32:49.468
9201,PSYC-134130,TOTDay1,Experiment, 3,1, 8.jpg,8.jpg,330,330,6.303, 220.842,227.146,220.842,-1,0,0,2,BM8_330,2023-11-01 12:32:56.646
9201,PSYC-134130,TOTDay1,Experiment, 4,0, 6.jpg,6.jpg,30,330,5.933, 228.486,234.42,228.486,-2,0,0,2,AM6_30,2023-11-01 12:33:03.920
9201,PSYC-134130,TOTDay1,Experiment, 5,0, 9.jpg,9.jpg,240,300,8.75, 235.262,244.012,235.262,-3,0,0,3,AH9_240,2023-11-01 12:33:13.512
9201,PSYC-134130,TOTDay1,Experiment, 6,0, 4.jpg,4.jpg,180,240,14.024, 244.904,258.928,244.904,-4,0,0,1,AE4_180,2023-11-01 12:33:28.429
9201,PSYC-134130,TOTDay1,Experiment, 7,0, 8.jpg,8.jpg,210,300,3.437, 259.678,263.116,259.678,-5,0,0,3,AH8_210,2023-11-01 12:33:32.617
9201,PSYC-134130,TOTDay1,Experiment, 8,0, 9.jpg,9.jpg,30,120,3.505, 263.7,267.206,263.7,-6,0,0,2,BM9_30,2023-11-01 12:33:36.707
9201,PSYC-134130,TOTDay1,Experiment, 9,0, 7.jpg,7.jpg,270,180,4.874, 268.158,273.032,268.158,-7,0,0,1,BE7_270,2023-11-01 12:33:42.533
9201,PSYC-134130,TOTDay1,Experiment, 10,0, 11.jpg,11.jpg,60,240,12.861, 273.899,286.76,273.898,-8,0,0,2,AM11_60,2023-11-01 12:33:56.261
9201,PSYC-134130,TOTDay1,Experiment, 11,0, 1.jpg,1.jpg,270,90,4.993, 287.428,292.422,287.428,-9,0,0,1,AE1_270,2023-11-01 12:34:01.923
9201,PSYC-134130,TOTDay1,Experiment, 12,0, 10.jpg,10.jpg,150,210,8.972, 293.577,302.55,293.576,-10,0,0,3,AH10_150,2023-11-01 12:34:12.051
9201,PSYC-134130,TOTDay1,Experiment, 13,0, 10.jpg,10.jpg,60,300,8.027, 303.384,311.412,303.384,-11,0,0,2,BM10_60,2023-11-01 12:34:20.913
9201,PSYC-134130,TOTDay1,Experiment, 14,0, 3.jpg,3.jpg,90,120,8.447, 312.082,320.53,312.082,-12,0,0,1,AE3_90,2023-11-01 12:34:30.031
9201,PSYC-134130,TOTDay1,Experiment, 15,0, 3.jpg,3.jpg,240,300,12.531, 324.707,337.238,324.706,-13,0,0,3,BH3_240,2023-11-01 12:34:46.739
9201,PSYC-134130,TOTDay1,Experiment, 16,0, 4.jpg,4.jpg,210,240,3.995, 338.023,342.018,338.023,-14,0,0,3,BH4_210,2023-11-01 12:34:51.520
9201,PSYC-134130,TOTDay1,Experiment, 17,0, 7.jpg,7.jpg,330,300,6.59, 343.382,349.972,343.382,-15,0,0,2,AM7_330,2023-11-01 12:34:59.474
9201,PSYC-134130,TOTDay1,Experiment, 18,0, 11.jpg,11.jpg,180,0,3.037, 350.618,353.656,350.618,-16,0,0,1,BE11_180,2023-11-01 12:35:03.157
9200,PSYC-134128,TOTDay1,Training, 1,1, 2.jpg,2.jpg,90,90,9.819, 59.151,68.969,59.15,1,0,0,1,PE2_90,2023-11-01 12:44:43.374
9200,PSYC-134128,TOTDay1,Training, 2,1, 2.jpg,2.jpg,180,180,3.369, 70.262,73.631,70.261,2,0,0,1,PE2_180,2023-11-01 12:44:48.034
9200,PSYC-134128,TOTDay1,Training, 3,0, 2.jpg,2.jpg,60,90,8.497, 76.679,85.176,76.678,1,0,0,2,PM2_60,2023-11-01 12:44:59.580
9200,PSYC-134128,TOTDay1,Training, 4,1, 2.jpg,2.jpg,30,30,3.202, 89.328,92.531,89.328,2,0,0,2,PM2_30,2023-11-01 12:45:06.935
9200,PSYC-134128,TOTDay1,Training, 5,0, 2.jpg,2.jpg,210,330,2.422, 93.378,95.8,93.378,1,0,0,3,PH2_210,2023-11-01 12:45:10.205
9200,PSYC-134128,TOTDay1,Training, 6,0, 2.jpg,2.jpg,120,150,6.218, 103.396,109.614,103.396,0,0,0,3,PH2_120,2023-11-01 12:45:24.018
9200,PSYC-134128,TOTDay1,Training, 7,1, 2.jpg,2.jpg,0,0,3.598, 115.603,119.201,115.603,1,0,0,1,PE2_0,2023-11-01 12:45:33.606
9200,PSYC-134128,TOTDay1,Training, 8,1, 2.jpg,2.jpg,240,240,7.622, 119.778,127.401,119.778,2,0,0,3,PH2_240,2023-11-01 12:45:41.805
9200,PSYC-134128,TOTDay1,Training, 9,1, 2.jpg,2.jpg,330,330,6.21, 128.284,134.494,128.284,3,0,0,2,PM2_330,2023-11-01 12:45:48.899
9200,PSYC-134128,TOTDay1,Training, 10,1, 2.jpg,2.jpg,150,150,6.299, 135.347,141.646,135.346,4,0,0,3,PH2_150,2023-11-01 12:45:56.051
9200,PSYC-134128,TOTDay1,Training, 11,1, 2.jpg,2.jpg,300,300,9.664, 142.3,151.964,142.299,5,0,0,2,PM2_300,2023-11-01 12:46:06.369
9200,PSYC-134128,TOTDay1,Training, 12,1, 2.jpg,2.jpg,270,270,3.095, 152.68,155.776,152.68,6,0,0,1,PE2_270,2023-11-01 12:46:10.180
9200,PSYC-134128,TOTDay1,Experiment, 1,1, 4.jpg,4.jpg,210,210,11.565, 157.888,169.454,156.292,1,0,0,3,BH4_210,2023-11-01 12:46:23.859
9200,PSYC-134128,TOTDay1,Experiment, 2,0, 8.jpg,8.jpg,330,300,12.357, 170.466,182.824,170.466,0,0,0,2,BM8_330,2023-11-01 12:46:37.228
9200,PSYC-134128,TOTDay1,Experiment, 3,0, 6.jpg,6.jpg,90,180,10.867, 186.311,197.178,186.311,-1,0,0,1,BE6_90,2023-11-01 12:46:51.582
9200,PSYC-134128,TOTDay1,Experiment, 4,1, 4.jpg,4.jpg,180,180,14.153, 202.581,216.734,202.58,0,0,0,1,AE4_180,2023-11-01 12:47:11.139
9200,PSYC-134128,TOTDay1,Experiment, 5,1, 9.jpg,9.jpg,30,30,5.412, 219.31,224.722,219.31,1,0,0,2,BM9_30,2023-11-01 12:47:19.128
9200,PSYC-134128,TOTDay1,Experiment, 6,0, 9.jpg,9.jpg,240,150,12.878, 225.59,238.468,225.59,0,0,0,3,AH9_240,2023-11-01 12:47:32.874
9200,PSYC-134128,TOTDay1,Experiment, 7,0, 3.jpg,3.jpg,240,150,14.149, 240.719,254.868,240.718,-1,0,0,3,BH3_240,2023-11-01 12:47:49.273
9200,PSYC-134128,TOTDay1,Experiment, 8,1, 3.jpg,3.jpg,90,90,6.087, 256.586,262.674,256.586,0,0,0,1,AE3_90,2023-11-01 12:47:57.079
9200,PSYC-134128,TOTDay1,Experiment, 9,0, 6.jpg,6.jpg,30,330,4.49, 263.547,268.036,263.546,-1,0,0,2,AM6_30,2023-11-01 12:48:02.442
9200,PSYC-134128,TOTDay1,Experiment, 10,1, 10.jpg,10.jpg,150,150,11.083, 271.517,282.6,271.516,0,0,0,3,AH10_150,2023-11-01 12:48:17.006
9200,PSYC-134128,TOTDay1,Experiment, 11,1, 11.jpg,11.jpg,180,180,6.002, 283.522,289.524,283.522,1,0,0,1,BE11_180,2023-11-01 12:48:23.929
9200,PSYC-134128,TOTDay1,Experiment, 12,1, 11.jpg,11.jpg,60,60,10.907, 290.035,300.942,290.034,2,0,0,2,AM11_60,2023-11-01 12:48:35.347
9200,PSYC-134128,TOTDay1,Experiment, 13,1, 7.jpg,7.jpg,270,270,7.573, 301.529,309.102,301.528,3,0,0,1,BE7_270,2023-11-01 12:48:43.508
9200,PSYC-134128,TOTDay1,Experiment, 14,1, 7.jpg,7.jpg,330,330,5.862, 309.737,315.6,309.737,4,0,0,2,AM7_330,2023-11-01 12:48:50.006
9200,PSYC-134128,TOTDay1,Experiment, 15,0, 8.jpg,8.jpg,210,150,20.971, 316.257,337.229,316.257,3,0,0,3,AH8_210,2023-11-01 12:49:11.635
9200,PSYC-134128,TOTDay1,Experiment, 16,1, 10.jpg,10.jpg,60,60,6.905, 339.306,346.212,339.306,4,0,0,2,BM10_60,2023-11-01 12:49:20.617
9200,PSYC-134128,TOTDay1,Experiment, 17,0, 1.jpg,1.jpg,150,180,4.633, 346.823,351.456,346.822,3,0,0,3,BH1_150,2023-11-01 12:49:25.862
9200,PSYC-134128,TOTDay1,Experiment, 18,0, 1.jpg,1.jpg,270,60,5.762, 353.658,359.421,353.658,2,0,0,1,AE1_270,2023-11-01 12:49:33.826
9203,PSYC-134128,TOTDay1,Training, 1,0, 2.jpg,2.jpg,90,60,16.749, 53.811,70.558,53.809,-1,0,0,1,PE2_90,2023-11-01 15:16:11.128
9203,PSYC-134128,TOTDay1,Training, 2,0, 2.jpg,2.jpg,180,0,23.663, 77.749,101.413,77.749,-2,0,0,1,PE2_180,2023-11-01 15:16:41.981
9203,PSYC-134128,TOTDay1,Training, 3,0, 2.jpg,2.jpg,60,300,11.706, 108.743,120.449,108.743,-3,0,0,2,PM2_60,2023-11-01 15:17:01.018
9203,PSYC-134128,TOTDay1,Training, 4,0, 2.jpg,2.jpg,30,330,13.136, 126.588,139.724,126.587,-4,0,0,2,PM2_30,2023-11-01 15:17:20.293
9203,PSYC-134128,TOTDay1,Training, 5,1, 2.jpg,2.jpg,210,210,9.301, 152.967,162.269,152.967,-3,0,0,3,PH2_210,2023-11-01 15:17:42.838
9203,PSYC-134128,TOTDay1,Training, 6,0, 2.jpg,2.jpg,120,240,10.097, 164.559,174.657,164.559,-4,0,0,3,PH2_120,2023-11-01 15:17:55.225
9203,PSYC-134128,TOTDay1,Training, 7,1, 2.jpg,2.jpg,0,0,13.961, 180.563,194.525,180.563,-3,0,0,1,PE2_0,2023-11-01 15:18:15.093
9203,PSYC-134128,TOTDay1,Training, 8,0, 2.jpg,2.jpg,240,300,9.758, 196.447,206.205,196.447,-4,0,0,3,PH2_240,2023-11-01 15:18:26.774
9203,PSYC-134128,TOTDay1,Training, 9,0, 2.jpg,2.jpg,330,270,6.573, 208.563,215.137,208.563,-5,0,0,2,PM2_330,2023-11-01 15:18:35.705
9203,PSYC-134128,TOTDay1,Training, 10,0, 2.jpg,2.jpg,150,120,18.735, 217.959,236.695,217.959,-6,0,0,3,PH2_150,2023-11-01 15:18:57.263
9203,PSYC-134128,TOTDay1,Training, 11,1, 2.jpg,2.jpg,300,300,6.573, 238.155,244.729,238.155,-5,0,0,2,PM2_300,2023-11-01 15:19:05.297
9203,PSYC-134128,TOTDay1,Training, 12,1, 2.jpg,2.jpg,270,270,5.738, 247.231,252.969,247.231,-4,0,0,1,PE2_270,2023-11-01 15:19:13.539
9203,PSYC-134128,TOTDay1,Experiment, 1,0, 6.jpg,6.jpg,30,60,13.659, 259.673,273.333,255.187,-1,0,0,2,AM6_30,2023-11-01 15:19:33.902
9203,PSYC-134128,TOTDay1,Experiment, 2,0, 7.jpg,7.jpg,270,300,29.012, 277.422,306.435,277.422,-2,0,0,1,BE7_270,2023-11-01 15:20:07.003
9203,PSYC-134128,TOTDay1,Experiment, 3,0, 1.jpg,1.jpg,150,90,9.355, 307.641,316.996,307.641,-3,0,0,3,BH1_150,2023-11-01 15:20:17.565
9203,PSYC-134128,TOTDay1,Experiment, 4,1, 11.jpg,11.jpg,60,60,7.559, 318.862,326.421,318.861,-2,0,0,2,AM11_60,2023-11-01 15:20:26.989
9203,PSYC-134128,TOTDay1,Experiment, 5,0, 3.jpg,3.jpg,90,240,27.256, 328.81,356.067,328.809,-3,0,0,1,AE3_90,2023-11-01 15:20:56.635
9203,PSYC-134128,TOTDay1,Experiment, 6,0, 8.jpg,8.jpg,210,120,6.267, 358.173,364.44,358.172,-4,0,0,3,AH8_210,2023-11-01 15:21:05.010
9203,PSYC-134128,TOTDay1,Experiment, 7,0, 8.jpg,8.jpg,330,60,18.111, 366.357,384.469,366.357,-5,0,0,2,BM8_330,2023-11-01 15:21:25.037
9203,PSYC-134128,TOTDay1,Experiment, 8,0, 4.jpg,4.jpg,180,210,9.037, 385.739,394.776,385.739,-6,0,0,1,AE4_180,2023-11-01 15:21:35.345
9203,PSYC-134128,TOTDay1,Experiment, 9,0, 4.jpg,4.jpg,210,240,9.96, 398.023,407.983,398.022,-7,0,0,3,BH4_210,2023-11-01 15:21:48.552
9203,PSYC-134128,TOTDay1,Experiment, 10,1, 1.jpg,1.jpg,270,270,20.023, 410.207,430.23,410.207,-6,0,0,1,AE1_270,2023-11-01 15:22:10.799
9203,PSYC-134128,TOTDay1,Experiment, 11,0, 7.jpg,7.jpg,330,0,6.509, 432.983,439.492,432.982,-7,0,0,2,AM7_330,2023-11-01 15:22:20.061
9203,PSYC-134128,TOTDay1,Experiment, 12,0, 10.jpg,10.jpg,150,60,22.323, 440.359,462.682,440.358,-8,0,0,3,AH10_150,2023-11-01 15:22:43.251
9203,PSYC-134128,TOTDay1,Experiment, 13,0, 6.jpg,6.jpg,90,60,13.139, 464.275,477.414,464.274,-9,0,0,1,BE6_90,2023-11-01 15:22:57.984
9203,PSYC-134128,TOTDay1,Experiment, 14,0, 3.jpg,3.jpg,240,60,28.06, 478.913,506.973,478.912,-10,0,0,3,BH3_240,2023-11-01 15:23:27.542
9203,PSYC-134128,TOTDay1,Experiment, 15,0, 9.jpg,9.jpg,30,150,14.478, 509.051,523.529,509.05,-11,0,0,2,BM9_30,2023-11-01 15:23:44.098
9203,PSYC-134128,TOTDay1,Experiment, 16,0, 11.jpg,11.jpg,180,90,28.703, 535.329,564.032,535.328,-12,0,0,1,BE11_180,2023-11-01 15:24:24.601
9203,PSYC-134128,TOTDay1,Experiment, 17,1, 10.jpg,10.jpg,60,60,16.146, 565.719,581.864,565.718,-11,0,0,2,BM10_60,2023-11-01 15:24:42.433
9203,PSYC-134128,TOTDay1,Experiment, 18,0, 9.jpg,9.jpg,240,60,31.377, 584.607,615.984,584.606,-12,0,0,3,AH9_240,2023-11-01 15:25:16.553
9203,PSYC-134128,TOTDay1,Experiment, 19,0, 9.jpg,9.jpg,240,-1,36.109, 584.607,620.716,618.29,-13,0,0,3,AH9_240,2023-11-01 15:25:21.285
9204,PSYC-134130,TOTDay1,Training, 1,1, 2.jpg,2.jpg,90,90,18.192, 280.933,299.124,280.932,1,0,0,1,PE2_90,2023-11-01 15:21:03.011
9204,PSYC-134130,TOTDay1,Training, 2,1, 2.jpg,2.jpg,180,180,10.983, 301.23,312.214,301.23,2,0,0,1,PE2_180,2023-11-01 15:21:16.099
9204,PSYC-134130,TOTDay1,Training, 3,0, 2.jpg,2.jpg,60,270,32.095, 314.138,346.233,314.138,1,0,0,2,PM2_60,2023-11-01 15:21:50.119
9204,PSYC-134130,TOTDay1,Training, 4,1, 2.jpg,2.jpg,30,30,17.592, 353.83,371.422,353.83,2,0,0,2,PM2_30,2023-11-01 15:22:15.308
9204,PSYC-134130,TOTDay1,Training, 5,0, 2.jpg,2.jpg,210,240,20.773, 372.927,393.7,372.926,1,0,0,3,PH2_210,2023-11-01 15:22:37.585
9204,PSYC-134130,TOTDay1,Training, 6,0, 2.jpg,2.jpg,120,150,18.242, 402.494,420.736,402.493,0,0,0,3,PH2_120,2023-11-01 15:23:04.622
9204,PSYC-134130,TOTDay1,Training, 7,1, 2.jpg,2.jpg,0,0,7.429, 429.899,437.327,429.898,1,0,0,1,PE2_0,2023-11-01 15:23:21.213
9204,PSYC-134130,TOTDay1,Training, 8,0, 2.jpg,2.jpg,240,210,18.367, 438.752,457.12,438.752,0,0,0,3,PH2_240,2023-11-01 15:23:41.005
9204,PSYC-134130,TOTDay1,Training, 9,1, 2.jpg,2.jpg,330,330,17.025, 459.756,476.782,459.756,1,0,0,2,PM2_330,2023-11-01 15:24:00.668
9204,PSYC-134130,TOTDay1,Training, 10,1, 2.jpg,2.jpg,150,150,26.187, 477.838,504.026,477.838,2,0,0,3,PH2_150,2023-11-01 15:24:27.912
9204,PSYC-134130,TOTDay1,Training, 11,1, 2.jpg,2.jpg,300,300,10.36, 505.518,515.878,505.517,3,0,0,2,PM2_300,2023-11-01 15:24:39.764
9204,PSYC-134130,TOTDay1,Training, 12,1, 2.jpg,2.jpg,270,270,6.826, 517.848,524.674,517.847,4,0,0,1,PE2_270,2023-11-01 15:24:48.559
9204,PSYC-134130,TOTDay1,Experiment, 1,1, 6.jpg,6.jpg,90,90,13.688, 540.752,554.44,526.695,1,0,0,1,BE6_90,2023-11-01 15:25:18.325
9204,PSYC-134130,TOTDay1,Experiment, 2,1, 11.jpg,11.jpg,60,60,12.332, 556.01,568.342,556.01,2,0,0,2,AM11_60,2023-11-01 15:25:32.228
9204,PSYC-134130,TOTDay1,Experiment, 3,0, 8.jpg,8.jpg,210,180,24.263, 569.508,593.772,569.508,1,0,0,3,AH8_210,2023-11-01 15:25:57.658
9204,PSYC-134130,TOTDay1,Experiment, 4,1, 3.jpg,3.jpg,90,90,13.777, 595.688,609.466,595.688,2,0,0,1,AE3_90,2023-11-01 15:26:13.352
9204,PSYC-134130,TOTDay1,Experiment, 5,0, 10.jpg,10.jpg,60,30,20.745, 610.156,630.902,610.156,1,0,0,2,BM10_60,2023-11-01 15:26:34.789
9204,PSYC-134130,TOTDay1,Experiment, 6,0, 3.jpg,3.jpg,240,210,33.266, 633.352,666.618,633.351,0,0,0,3,BH3_240,2023-11-01 15:27:10.505
9204,PSYC-134130,TOTDay1,Experiment, 7,1, 10.jpg,10.jpg,150,150,10.315, 667.448,677.764,667.448,1,0,0,3,AH10_150,2023-11-01 15:27:21.652
9204,PSYC-134130,TOTDay1,Experiment, 8,1, 11.jpg,11.jpg,180,180,12.012, 678.54,690.552,678.539,2,0,0,1,BE11_180,2023-11-01 15:27:34.440
9204,PSYC-134130,TOTDay1,Experiment, 9,1, 6.jpg,6.jpg,30,30,24.308, 691.39,715.697,691.389,3,0,0,2,AM6_30,2023-11-01 15:27:59.586
9204,PSYC-134130,TOTDay1,Experiment, 10,1, 8.jpg,8.jpg,330,330,9.674, 716.626,726.3,716.625,4,0,0,2,BM8_330,2023-11-01 15:28:10.188
9204,PSYC-134130,TOTDay1,Experiment, 11,1, 7.jpg,7.jpg,270,270,11.499, 727.348,738.848,727.348,5,0,0,1,BE7_270,2023-11-01 15:28:22.736
9204,PSYC-134130,TOTDay1,Experiment, 12,0, 1.jpg,1.jpg,150,180,13.949, 739.561,753.51,739.56,4,0,0,3,BH1_150,2023-11-01 15:28:37.399
9204,PSYC-134130,TOTDay1,Experiment, 13,0, 1.jpg,1.jpg,270,300,11.921, 756.224,768.145,756.224,3,0,0,1,AE1_270,2023-11-01 15:28:52.034
9204,PSYC-134130,TOTDay1,Experiment, 14,1, 4.jpg,4.jpg,210,210,8.571, 771.226,779.798,771.226,4,0,0,3,BH4_210,2023-11-01 15:29:03.687
9204,PSYC-134130,TOTDay1,Experiment, 15,1, 7.jpg,7.jpg,330,330,8.664, 780.612,789.276,780.611,5,0,0,2,AM7_330,2023-11-01 15:29:13.166
9204,PSYC-134130,TOTDay1,Experiment, 16,0, 9.jpg,9.jpg,30,330,21.001, 790.41,811.411,790.41,4,0,0,2,BM9_30,2023-11-01 15:29:35.301
9204,PSYC-134130,TOTDay1,Experiment, 17,0, 4.jpg,4.jpg,180,150,7.769, 812.196,819.966,812.196,3,0,0,1,AE4_180,2023-11-01 15:29:43.857
9204,PSYC-134130,TOTDay1,Experiment, 18,0, 9.jpg,9.jpg,240,210,13.487, 822.912,836.4,822.912,2,0,0,3,AH9_240,2023-11-01 15:30:00.290
9202,PSYC-132589,TOTDay1,Training, 1,0, 2.jpg,2.jpg,90,180,8.019, 125.738,133.755,125.736,-1,0,0,1,PE2_90,2023-11-01 15:26:57.241
9202,PSYC-132589,TOTDay1,Training, 2,1, 2.jpg,2.jpg,180,180,7.786, 138.693,146.48,138.693,0,0,0,1,PE2_180,2023-11-01 15:27:09.964
9202,PSYC-132589,TOTDay1,Training, 3,0, 2.jpg,2.jpg,60,300,4.387, 147.633,152.021,147.633,-1,0,0,2,PM2_60,2023-11-01 15:27:15.505
9202,PSYC-132589,TOTDay1,Training, 4,0, 2.jpg,2.jpg,30,150,6.769, 156.513,163.282,156.512,-2,0,0,2,PM2_30,2023-11-01 15:27:26.766
9202,PSYC-132589,TOTDay1,Training, 5,0, 2.jpg,2.jpg,210,330,4.795, 168.357,173.152,168.356,-3,0,0,3,PH2_210,2023-11-01 15:27:36.636
9202,PSYC-132589,TOTDay1,Training, 6,0, 2.jpg,2.jpg,120,30,5.754, 179.781,185.534,179.78,-4,0,0,3,PH2_120,2023-11-01 15:27:49.018
9202,PSYC-132589,TOTDay1,Training, 7,1, 2.jpg,2.jpg,0,0,8.685, 190.987,199.672,190.986,-3,0,0,1,PE2_0,2023-11-01 15:28:03.155
9202,PSYC-132589,TOTDay1,Training, 8,1, 2.jpg,2.jpg,240,240,11.794, 201.029,212.823,201.028,-2,0,0,3,PH2_240,2023-11-01 15:28:16.305
9202,PSYC-132589,TOTDay1,Training, 9,0, 2.jpg,2.jpg,330,270,9.598, 214.239,223.837,214.239,-3,0,0,2,PM2_330,2023-11-01 15:28:27.319
9202,PSYC-132589,TOTDay1,Training, 10,0, 2.jpg,2.jpg,150,30,12.947, 225.863,238.811,225.863,-4,0,0,3,PH2_150,2023-11-01 15:28:42.292
9202,PSYC-132589,TOTDay1,Training, 11,0, 2.jpg,2.jpg,300,330,6.18, 241.419,247.599,241.419,-5,0,0,2,PM2_300,2023-11-01 15:28:51.080
9202,PSYC-132589,TOTDay1,Training, 12,0, 2.jpg,2.jpg,270,90,3.707, 248.479,252.186,248.478,-6,0,0,1,PE2_270,2023-11-01 15:28:55.668
9202,PSYC-132589,TOTDay1,Experiment, 1,0, 10.jpg,10.jpg,150,210,9.723, 257.263,266.985,253.842,-1,0,0,3,AH10_150,2023-11-01 15:29:10.466
9202,PSYC-132589,TOTDay1,Experiment, 2,0, 11.jpg,11.jpg,60,240,9.029, 269.731,278.76,269.73,-2,0,0,2,AM11_60,2023-11-01 15:29:22.241
9202,PSYC-132589,TOTDay1,Experiment, 3,0, 7.jpg,7.jpg,270,120,4.775, 281.508,286.283,281.507,-3,0,0,1,BE7_270,2023-11-01 15:29:29.764
9202,PSYC-132589,TOTDay1,Experiment, 4,0, 9.jpg,9.jpg,30,330,4.395, 288.771,293.166,288.77,-4,0,0,2,BM9_30,2023-11-01 15:29:36.647
9202,PSYC-132589,TOTDay1,Experiment, 5,0, 9.jpg,9.jpg,240,210,7.393, 295.697,303.09,295.697,-5,0,0,3,AH9_240,2023-11-01 15:29:46.570
9202,PSYC-132589,TOTDay1,Experiment, 6,0, 4.jpg,4.jpg,180,210,9.243, 305.685,314.928,305.684,-6,0,0,1,AE4_180,2023-11-01 15:29:58.409
9202,PSYC-132589,TOTDay1,Experiment, 7,0, 10.jpg,10.jpg,60,330,3.311, 319.735,323.046,319.735,-7,0,0,2,BM10_60,2023-11-01 15:30:06.526
9202,PSYC-132589,TOTDay1,Experiment, 8,0, 8.jpg,8.jpg,210,180,10.08, 325.744,335.825,325.743,-8,0,0,3,AH8_210,2023-11-01 15:30:19.304
9202,PSYC-132589,TOTDay1,Experiment, 9,1, 11.jpg,11.jpg,180,180,7.233, 337.537,344.771,337.537,-7,0,0,1,BE11_180,2023-11-01 15:30:28.250
9202,PSYC-132589,TOTDay1,Experiment, 10,0, 4.jpg,4.jpg,210,150,14.845, 346.126,360.971,346.126,-8,0,0,3,BH4_210,2023-11-01 15:30:44.450
9202,PSYC-132589,TOTDay1,Experiment, 11,0, 6.jpg,6.jpg,30,210,8.191, 362.439,370.631,362.439,-9,0,0,2,AM6_30,2023-11-01 15:30:54.110
9202,PSYC-132589,TOTDay1,Experiment, 12,0, 6.jpg,6.jpg,90,150,7.827, 371.265,379.092,371.265,-10,0,0,1,BE6_90,2023-11-01 15:31:02.571
9202,PSYC-132589,TOTDay1,Experiment, 13,0, 8.jpg,8.jpg,330,30,5.032, 380.97,386.003,380.969,-11,0,0,2,BM8_330,2023-11-01 15:31:09.481
9202,PSYC-132589,TOTDay1,Experiment, 14,0, 3.jpg,3.jpg,90,120,6.372, 388.017,394.389,388.017,-12,0,0,1,AE3_90,2023-11-01 15:31:17.868
9202,PSYC-132589,TOTDay1,Experiment, 15,0, 3.jpg,3.jpg,240,30,3.315, 396.633,399.949,396.633,-13,0,0,3,BH3_240,2023-11-01 15:31:23.428
9202,PSYC-132589,TOTDay1,Experiment, 16,0, 1.jpg,1.jpg,150,90,4.715, 402.245,406.961,402.245,-14,0,0,3,BH1_150,2023-11-01 15:31:30.439
9202,PSYC-132589,TOTDay1,Experiment, 17,0, 7.jpg,7.jpg,330,30,8.884, 409.476,418.361,409.475,-15,0,0,2,AM7_330,2023-11-01 15:31:41.838
9202,PSYC-132589,TOTDay1,Experiment, 18,0, 1.jpg,1.jpg,270,330,3.697, 419.281,422.979,419.281,-16,0,0,1,AE1_270,2023-11-01 15:31:46.456
9206,PSYC-134128,TOTDay1,Training, 1,1, 2.jpg,2.jpg,90,90,2.687, 31.785,34.47,31.783,1,0,0,1,PE2_90,2023-11-02 11:15:57.870
9206,PSYC-134128,TOTDay1,Training, 2,0, 2.jpg,2.jpg,180,0,0.59, 37.072,37.661,37.071,0,0,0,1,PE2_180,2023-11-02 11:16:01.060
9206,PSYC-134128,TOTDay1,Training, 3,1, 2.jpg,2.jpg,60,60,3.087, 46.658,49.745,46.658,1,0,0,2,PM2_60,2023-11-02 11:16:13.144
9206,PSYC-134128,TOTDay1,Training, 4,0, 2.jpg,2.jpg,30,0,1.214, 50.306,51.52,50.306,0,0,0,2,PM2_30,2023-11-02 11:16:14.918
9206,PSYC-134128,TOTDay1,Training, 5,0, 2.jpg,2.jpg,210,0,0.454, 54.25,54.703,54.249,-1,0,0,3,PH2_210,2023-11-02 11:16:18.102
9206,PSYC-134128,TOTDay1,Training, 6,0, 2.jpg,2.jpg,120,0,0.754, 61.027,61.782,61.027,-2,0,0,3,PH2_120,2023-11-02 11:16:25.179
9206,PSYC-134128,TOTDay1,Training, 7,1, 2.jpg,2.jpg,0,0,0.88, 67.354,68.235,67.354,-1,0,0,1,PE2_0,2023-11-02 11:16:31.633
9206,PSYC-134128,TOTDay1,Training, 8,0, 2.jpg,2.jpg,240,0,1.205, 68.886,70.092,68.886,-2,0,0,3,PH2_240,2023-11-02 11:16:33.490
9206,PSYC-134128,TOTDay1,Training, 9,0, 2.jpg,2.jpg,330,0,1.391, 70.936,72.327,70.935,-3,0,0,2,PM2_330,2023-11-02 11:16:35.726
9206,PSYC-134128,TOTDay1,Training, 10,0, 2.jpg,2.jpg,150,0,1.755, 72.858,74.613,72.857,-4,0,0,3,PH2_150,2023-11-02 11:16:38.012
9206,PSYC-134128,TOTDay1,Training, 11,0, 2.jpg,2.jpg,300,0,1.209, 74.984,76.193,74.983,-5,0,0,2,PM2_300,2023-11-02 11:16:39.592
9206,PSYC-134128,TOTDay1,Training, 12,0, 2.jpg,2.jpg,270,0,1.727, 76.522,78.249,76.521,-6,0,0,1,PE2_270,2023-11-02 11:16:41.648
9206,PSYC-134128,TOTDay1,Experiment, 1,0, 11.jpg,11.jpg,180,90,3.824, 81.178,85.002,78.835,-1,0,0,1,BE11_180,2023-11-02 11:16:48.400
9206,PSYC-134128,TOTDay1,Experiment, 2,0, 9.jpg,9.jpg,240,0,0.489, 85.618,86.108,85.618,-2,0,0,3,AH9_240,2023-11-02 11:16:49.505
9206,PSYC-134128,TOTDay1,Experiment, 3,0, 10.jpg,10.jpg,60,0,0.584, 86.564,87.149,86.564,-3,0,0,2,BM10_60,2023-11-02 11:16:50.547
9206,PSYC-134128,TOTDay1,Experiment, 4,0, 10.jpg,10.jpg,150,0,0.715, 87.654,88.369,87.653,-4,0,0,3,AH10_150,2023-11-02 11:16:51.768
9206,PSYC-134128,TOTDay1,Experiment, 5,0, 6.jpg,6.jpg,30,0,0.621, 88.834,89.455,88.833,-5,0,0,2,AM6_30,2023-11-02 11:16:52.853
9206,PSYC-134128,TOTDay1,Experiment, 6,0, 4.jpg,4.jpg,180,0,0.848, 90.736,91.584,90.735,-6,0,0,1,AE4_180,2023-11-02 11:16:54.982
9206,PSYC-134128,TOTDay1,Experiment, 7,0, 3.jpg,3.jpg,90,0,0.487, 92.092,92.579,92.092,-7,0,0,1,AE3_90,2023-11-02 11:16:55.977
9206,PSYC-134128,TOTDay1,Experiment, 8,0, 4.jpg,4.jpg,210,0,0.53, 93.304,93.834,93.303,-8,0,0,3,BH4_210,2023-11-02 11:16:57.232
9206,PSYC-134128,TOTDay1,Experiment, 9,0, 8.jpg,8.jpg,330,0,0.601, 94.284,94.885,94.283,-9,0,0,2,BM8_330,2023-11-02 11:16:58.284
9206,PSYC-134128,TOTDay1,Experiment, 10,0, 7.jpg,7.jpg,330,0,0.507, 95.378,95.885,95.378,-10,0,0,2,AM7_330,2023-11-02 11:16:59.283
9206,PSYC-134128,TOTDay1,Experiment, 11,0, 1.jpg,1.jpg,150,0,0.461, 96.915,97.377,96.915,-11,0,0,3,BH1_150,2023-11-02 11:17:00.775
9206,PSYC-134128,TOTDay1,Experiment, 12,0, 7.jpg,7.jpg,270,300,4.241, 98.166,102.407,98.165,-12,0,0,1,BE7_270,2023-11-02 11:17:05.806
9206,PSYC-134128,TOTDay1,Experiment, 13,0, 1.jpg,1.jpg,270,0,0.462, 102.792,103.255,102.792,-13,0,0,1,AE1_270,2023-11-02 11:17:06.653
9206,PSYC-134128,TOTDay1,Experiment, 14,0, 8.jpg,8.jpg,210,0,0.646, 103.732,104.378,103.731,-14,0,0,3,AH8_210,2023-11-02 11:17:07.775
9206,PSYC-134128,TOTDay1,Experiment, 15,0, 11.jpg,11.jpg,60,0,0.868, 106.408,107.276,106.407,-15,0,0,2,AM11_60,2023-11-02 11:17:10.673
9206,PSYC-134128,TOTDay1,Experiment, 16,0, 3.jpg,3.jpg,240,0,2.134, 107.568,109.702,107.567,-16,0,0,3,BH3_240,2023-11-02 11:17:13.099
9206,PSYC-134128,TOTDay1,Experiment, 17,0, 9.jpg,9.jpg,30,180,2.603, 113.78,116.383,113.779,-17,0,0,2,BM9_30,2023-11-02 11:17:19.782
9206,PSYC-134128,TOTDay1,Experiment, 18,0, 6.jpg,6.jpg,90,0,0.388, 116.763,117.151,116.763,-18,0,0,1,BE6_90,2023-11-02 11:17:20.550
9207,PSYC-132589,TOTDay1,Training, 1,1, 2.jpg,2.jpg,90,90,11.43, 70.061,81.489,70.06,1,0,0,1,PE2_90,2023-11-02 12:20:33.113
9207,PSYC-132589,TOTDay1,Training, 2,1, 2.jpg,2.jpg,180,180,9.859, 84.94,94.799,84.939,2,0,0,1,PE2_180,2023-11-02 12:20:46.421
9207,PSYC-132589,TOTDay1,Training, 3,0, 2.jpg,2.jpg,60,240,9.391, 97.811,107.202,97.81,1,0,0,2,PM2_60,2023-11-02 12:20:58.825
9207,PSYC-132589,TOTDay1,Training, 4,0, 2.jpg,2.jpg,30,240,9.811, 113.057,122.869,113.057,0,0,0,2,PM2_30,2023-11-02 12:21:14.491
9207,PSYC-132589,TOTDay1,Training, 5,0, 2.jpg,2.jpg,210,30,6.433, 129.041,135.474,129.041,-1,0,0,3,PH2_210,2023-11-02 12:21:27.096
9207,PSYC-132589,TOTDay1,Training, 6,0, 2.jpg,2.jpg,120,150,10.812, 142.149,152.961,142.149,-2,0,0,3,PH2_120,2023-11-02 12:21:44.583
9207,PSYC-132589,TOTDay1,Training, 7,0, 2.jpg,2.jpg,0,180,7.625, 157.881,165.507,157.881,-3,0,0,1,PE2_0,2023-11-02 12:21:57.128
9207,PSYC-132589,TOTDay1,Training, 8,0, 2.jpg,2.jpg,240,300,15.301, 167.357,182.658,167.357,-4,0,0,3,PH2_240,2023-11-02 12:22:14.280
9207,PSYC-132589,TOTDay1,Training, 9,0, 2.jpg,2.jpg,330,60,30.333, 186.667,217.001,186.667,-5,0,0,2,PM2_330,2023-11-02 12:22:48.623
9207,PSYC-132589,TOTDay1,Training, 10,0, 2.jpg,2.jpg,150,120,22.732, 219.978,242.711,219.978,-6,0,0,3,PH2_150,2023-11-02 12:23:14.333
9207,PSYC-132589,TOTDay1,Training, 11,0, 2.jpg,2.jpg,300,30,16.706, 244.759,261.465,244.759,-7,0,0,2,PM2_300,2023-11-02 12:23:33.087
9207,PSYC-132589,TOTDay1,Training, 12,0, 2.jpg,2.jpg,270,90,24.238, 265.035,289.273,265.034,-8,0,0,1,PE2_270,2023-11-02 12:24:00.894
9207,PSYC-132589,TOTDay1,Experiment, 1,0, 9.jpg,9.jpg,30,150,19.081, 293.086,312.167,290.521,-1,0,0,2,BM9_30,2023-11-02 12:24:23.789
9207,PSYC-132589,TOTDay1,Experiment, 2,1, 11.jpg,11.jpg,180,180,12.658, 314.333,326.991,314.332,0,0,0,1,BE11_180,2023-11-02 12:24:38.613
9207,PSYC-132589,TOTDay1,Experiment, 3,0, 3.jpg,3.jpg,240,120,23.945, 327.896,351.841,327.895,-1,0,0,3,BH3_240,2023-11-02 12:25:03.462
9207,PSYC-132589,TOTDay1,Experiment, 4,0, 6.jpg,6.jpg,30,150,6.776, 353.75,360.527,353.749,-2,0,0,2,AM6_30,2023-11-02 12:25:12.148
9207,PSYC-132589,TOTDay1,Experiment, 5,0, 8.jpg,8.jpg,210,330,18.555, 362.671,381.227,362.671,-3,0,0,3,AH8_210,2023-11-02 12:25:32.848
9207,PSYC-132589,TOTDay1,Experiment, 6,0, 4.jpg,4.jpg,180,60,31.499, 383.265,414.764,383.265,-4,0,0,1,AE4_180,2023-11-02 12:26:06.386
9207,PSYC-132589,TOTDay1,Experiment, 7,0, 11.jpg,11.jpg,60,300,18.531, 416.121,434.653,416.121,-5,0,0,2,AM11_60,2023-11-02 12:26:26.274
9207,PSYC-132589,TOTDay1,Experiment, 8,1, 1.jpg,1.jpg,150,150,6.718, 438.615,445.332,438.614,-4,0,0,3,BH1_150,2023-11-02 12:26:36.954
9207,PSYC-132589,TOTDay1,Experiment, 9,0, 3.jpg,3.jpg,90,210,16.185, 447.165,463.351,447.165,-5,0,0,1,AE3_90,2023-11-02 12:26:54.972
9207,PSYC-132589,TOTDay1,Experiment, 10,0, 7.jpg,7.jpg,330,120,7.907, 465.207,473.114,465.207,-6,0,0,2,AM7_330,2023-11-02 12:27:04.736
9207,PSYC-132589,TOTDay1,Experiment, 11,0, 1.jpg,1.jpg,270,30,5.372, 474.675,480.047,474.674,-7,0,0,1,AE1_270,2023-11-02 12:27:11.669
9207,PSYC-132589,TOTDay1,Experiment, 12,1, 10.jpg,10.jpg,150,150,23.277, 481.267,504.544,481.267,-6,0,0,3,AH10_150,2023-11-02 12:27:36.166
9207,PSYC-132589,TOTDay1,Experiment, 13,0, 6.jpg,6.jpg,90,330,32.855, 506.563,539.419,506.563,-7,0,0,1,BE6_90,2023-11-02 12:28:11.040
9207,PSYC-132589,TOTDay1,Experiment, 14,0, 10.jpg,10.jpg,60,120,20.049, 542.277,562.326,542.277,-8,0,0,2,BM10_60,2023-11-02 12:28:33.948
9207,PSYC-132589,TOTDay1,Experiment, 15,0, 9.jpg,9.jpg,240,210,11.5, 564.132,575.633,564.131,-9,0,0,3,AH9_240,2023-11-02 12:28:47.254
9207,PSYC-132589,TOTDay1,Experiment, 16,1, 4.jpg,4.jpg,210,210,27.593, 576.899,604.493,576.899,-8,0,0,3,BH4_210,2023-11-02 12:29:16.115
9207,PSYC-132589,TOTDay1,Experiment, 17,0, 8.jpg,8.jpg,330,270,18.733, 606.381,625.114,606.38,-9,0,0,2,BM8_330,2023-11-02 12:29:36.736
9207,PSYC-132589,TOTDay1,Experiment, 18,0, 7.jpg,7.jpg,270,-1,36.079, 626.553,662.632,626.552,-10,0,0,1,BE7_270,2023-11-02 12:30:14.254
9209,PSYC-134130,TOTDay1,Training, 1,1, 2.jpg,2.jpg,90,90,5.201, 14.284,19.484,14.283,1,0,0,1,PE2_90,2023-11-02 12:32:41.255
9209,PSYC-134130,TOTDay1,Training, 2,1, 2.jpg,2.jpg,180,180,6.7, 23.112,29.813,23.112,2,0,0,1,PE2_180,2023-11-02 12:32:51.582
9209,PSYC-134130,TOTDay1,Training, 3,0, 2.jpg,2.jpg,60,240,4.469, 30.959,35.428,30.958,1,0,0,2,PM2_60,2023-11-02 12:32:57.198
9209,PSYC-134130,TOTDay1,Training, 4,0, 2.jpg,2.jpg,30,210,4.889, 40.545,45.434,40.544,0,0,0,2,PM2_30,2023-11-02 12:33:07.204
9209,PSYC-134130,TOTDay1,Training, 5,0, 2.jpg,2.jpg,210,150,9.723, 48.452,58.176,48.452,-1,0,0,3,PH2_210,2023-11-02 12:33:19.946
9209,PSYC-134130,TOTDay1,Training, 6,1, 2.jpg,2.jpg,120,120,6.052, 64.884,70.936,64.884,0,0,0,3,PH2_120,2023-11-02 12:33:32.706
9209,PSYC-134130,TOTDay1,Training, 7,1, 2.jpg,2.jpg,0,0,4.155, 76.043,80.198,76.042,1,0,0,1,PE2_0,2023-11-02 12:33:41.967
9209,PSYC-134130,TOTDay1,Training, 8,0, 2.jpg,2.jpg,240,60,9.439, 84.51,93.95,84.51,0,0,0,3,PH2_240,2023-11-02 12:33:55.720
9209,PSYC-134130,TOTDay1,Training, 9,0, 2.jpg,2.jpg,330,60,9.217, 96.559,105.776,96.558,-1,0,0,2,PM2_330,2023-11-02 12:34:07.545
9209,PSYC-134130,TOTDay1,Training, 10,0, 2.jpg,2.jpg,150,0,0.511, 107.285,107.796,107.284,-2,0,0,3,PH2_150,2023-11-02 12:34:09.566
9209,PSYC-134130,TOTDay1,Training, 11,1, 2.jpg,2.jpg,300,300,9.664, 109.069,118.733,109.069,-1,0,0,2,PM2_300,2023-11-02 12:34:20.503
9209,PSYC-134130,TOTDay1,Training, 12,1, 2.jpg,2.jpg,270,270,4.112, 119.416,123.528,119.416,0,0,0,1,PE2_270,2023-11-02 12:34:25.299
9209,PSYC-134130,TOTDay1,Experiment, 1,0, 9.jpg,9.jpg,240,150,8.028, 126.356,134.384,124.316,-1,0,0,3,AH9_240,2023-11-02 12:34:36.153
9209,PSYC-134130,TOTDay1,Experiment, 2,0, 11.jpg,11.jpg,180,210,2.373, 134.918,137.292,134.918,-2,0,0,1,BE11_180,2023-11-02 12:34:39.062
9209,PSYC-134130,TOTDay1,Experiment, 3,0, 11.jpg,11.jpg,60,270,5.723, 139.141,144.864,139.14,-3,0,0,2,AM11_60,2023-11-02 12:34:46.633
9209,PSYC-134130,TOTDay1,Experiment, 4,0, 8.jpg,8.jpg,330,300,4.171, 145.116,149.288,145.116,-4,0,0,2,BM8_330,2023-11-02 12:34:51.057
9209,PSYC-134130,TOTDay1,Experiment, 5,1, 1.jpg,1.jpg,270,270,5.793, 152.138,157.932,152.138,-3,0,0,1,AE1_270,2023-11-02 12:34:59.702
9209,PSYC-134130,TOTDay1,Experiment, 6,0, 3.jpg,3.jpg,240,150,9.083, 158.601,167.684,158.601,-4,0,0,3,BH3_240,2023-11-02 12:35:09.453
9209,PSYC-134130,TOTDay1,Experiment, 7,0, 4.jpg,4.jpg,210,180,4.437, 168.393,172.83,168.393,-5,0,0,3,BH4_210,2023-11-02 12:35:14.600
9209,PSYC-134130,TOTDay1,Experiment, 8,0, 3.jpg,3.jpg,90,240,2.985, 173.384,176.37,173.384,-6,0,0,1,AE3_90,2023-11-02 12:35:18.140
9209,PSYC-134130,TOTDay1,Experiment, 9,0, 10.jpg,10.jpg,60,300,3.621, 176.884,180.506,176.884,-7,0,0,2,BM10_60,2023-11-02 12:35:22.275
9209,PSYC-134130,TOTDay1,Experiment, 10,0, 7.jpg,7.jpg,270,120,2.235, 181.825,184.06,181.824,-8,0,0,1,BE7_270,2023-11-02 12:35:25.829
9209,PSYC-134130,TOTDay1,Experiment, 11,0, 9.jpg,9.jpg,30,0,1.482, 186.169,187.651,186.168,-9,0,0,2,BM9_30,2023-11-02 12:35:29.420
9209,PSYC-134130,TOTDay1,Experiment, 12,0, 10.jpg,10.jpg,150,60,3.119, 189.587,192.706,189.586,-10,0,0,3,AH10_150,2023-11-02 12:35:34.475
9209,PSYC-134130,TOTDay1,Experiment, 13,0, 6.jpg,6.jpg,30,120,2.269, 193.266,195.536,193.266,-11,0,0,2,AM6_30,2023-11-02 12:35:37.306
9209,PSYC-134130,TOTDay1,Experiment, 14,0, 1.jpg,1.jpg,150,90,2.696, 195.868,198.564,195.867,-12,0,0,3,BH1_150,2023-11-02 12:35:40.334
9209,PSYC-134130,TOTDay1,Experiment, 15,0, 6.jpg,6.jpg,90,150,3.447, 199.455,202.903,199.454,-13,0,0,1,BE6_90,2023-11-02 12:35:44.672
9209,PSYC-134130,TOTDay1,Experiment, 16,0, 8.jpg,8.jpg,210,90,2.815, 203.137,205.952,203.137,-14,0,0,3,AH8_210,2023-11-02 12:35:47.722
9209,PSYC-134130,TOTDay1,Experiment, 17,0, 4.jpg,4.jpg,180,240,2.014, 206.682,208.696,206.682,-15,0,0,1,AE4_180,2023-11-02 12:35:50.466
9209,PSYC-134130,TOTDay1,Experiment, 18,0, 7.jpg,7.jpg,330,90,3.166, 210.252,213.418,210.252,-16,0,0,2,AM7_330,2023-11-02 12:35:55.188
9210,PSYC-132589,TOTDay1,Training, 1,0, 2.jpg,2.jpg,90,180,6.285, 16.688,22.971,16.687,-1,0,0,1,PE2_90,2023-11-02 15:21:34.358
9210,PSYC-132589,TOTDay1,Training, 2,1, 2.jpg,2.jpg,180,180,3.719, 29.257,32.976,29.257,0,0,0,1,PE2_180,2023-11-02 15:21:44.363
9210,PSYC-132589,TOTDay1,Training, 3,1, 2.jpg,2.jpg,60,60,8.651, 34.177,42.828,34.177,1,0,0,2,PM2_60,2023-11-02 15:21:54.214
9210,PSYC-132589,TOTDay1,Training, 4,1, 2.jpg,2.jpg,30,30,6.277, 43.423,49.701,43.423,2,0,0,2,PM2_30,2023-11-02 15:22:01.086
9210,PSYC-132589,TOTDay1,Training, 5,1, 2.jpg,2.jpg,210,210,10.276, 50.287,60.563,50.286,3,0,0,3,PH2_210,2023-11-02 15:22:11.948
9210,PSYC-132589,TOTDay1,Training, 6,1, 2.jpg,2.jpg,120,120,4.973, 61.111,66.084,61.11,4,0,0,3,PH2_120,2023-11-02 15:22:17.470
9210,PSYC-132589,TOTDay1,Training, 7,1, 2.jpg,2.jpg,0,0,4.108, 66.602,70.71,66.601,5,0,0,1,PE2_0,2023-11-02 15:22:22.096
9210,PSYC-132589,TOTDay1,Training, 8,0, 2.jpg,2.jpg,240,210,7.088, 71.157,78.245,71.157,4,0,0,3,PH2_240,2023-11-02 15:22:29.630
9210,PSYC-132589,TOTDay1,Training, 9,1, 2.jpg,2.jpg,330,330,5.709, 78.812,84.521,78.811,5,0,0,2,PM2_330,2023-11-02 15:22:35.907
9210,PSYC-132589,TOTDay1,Training, 10,1, 2.jpg,2.jpg,150,150,3.868, 84.951,88.819,84.95,6,0,0,3,PH2_150,2023-11-02 15:22:40.204
9210,PSYC-132589,TOTDay1,Training, 11,0, 2.jpg,2.jpg,300,330,4.526, 89.203,93.729,89.203,5,0,0,2,PM2_300,2023-11-02 15:22:45.115
9210,PSYC-132589,TOTDay1,Training, 12,1, 2.jpg,2.jpg,270,270,3.135, 94.441,97.576,94.44,6,0,0,1,PE2_270,2023-11-02 15:22:48.962
9210,PSYC-132589,TOTDay1,Experiment, 1,1, 3.jpg,3.jpg,90,90,5.421, 100.203,105.625,98.383,1,0,0,1,AE3_90,2023-11-02 15:22:57.010
9210,PSYC-132589,TOTDay1,Experiment, 2,1, 8.jpg,8.jpg,210,210,8.41, 106.485,114.896,106.485,2,0,0,3,AH8_210,2023-11-02 15:23:06.282
9210,PSYC-132589,TOTDay1,Experiment, 3,1, 11.jpg,11.jpg,60,60,7.175, 115.417,122.593,115.416,3,0,0,2,AM11_60,2023-11-02 15:23:13.979
9210,PSYC-132589,TOTDay1,Experiment, 4,1, 8.jpg,8.jpg,330,330,3.65, 122.982,126.633,122.982,4,0,0,2,BM8_330,2023-11-02 15:23:18.019
9210,PSYC-132589,TOTDay1,Experiment, 5,1, 1.jpg,1.jpg,270,270,4.288, 126.978,131.267,126.977,5,0,0,1,AE1_270,2023-11-02 15:23:22.652
9210,PSYC-132589,TOTDay1,Experiment, 6,1, 1.jpg,1.jpg,150,150,5.122, 131.673,136.795,131.672,6,0,0,3,BH1_150,2023-11-02 15:23:28.181
9210,PSYC-132589,TOTDay1,Experiment, 7,0, 10.jpg,10.jpg,60,30,5.353, 137.262,142.616,137.261,5,0,0,2,BM10_60,2023-11-02 15:23:34.002
9210,PSYC-132589,TOTDay1,Experiment, 8,1, 6.jpg,6.jpg,90,90,8.967, 143.314,152.281,143.313,6,0,0,1,BE6_90,2023-11-02 15:23:43.666
9210,PSYC-132589,TOTDay1,Experiment, 9,1, 4.jpg,4.jpg,210,210,5.317, 152.871,158.188,152.87,7,0,0,3,BH4_210,2023-11-02 15:23:49.574
9210,PSYC-132589,TOTDay1,Experiment, 10,1, 9.jpg,9.jpg,30,30,6.852, 158.763,165.615,158.762,8,0,0,2,BM9_30,2023-11-02 15:23:57.000
9210,PSYC-132589,TOTDay1,Experiment, 11,1, 4.jpg,4.jpg,180,180,4.979, 166.039,171.018,166.039,9,0,0,1,AE4_180,2023-11-02 15:24:02.404
9210,PSYC-132589,TOTDay1,Experiment, 12,0, 10.jpg,10.jpg,150,120,6.667, 171.605,178.272,171.605,8,0,0,3,AH10_150,2023-11-02 15:24:09.658
9210,PSYC-132589,TOTDay1,Experiment, 13,1, 7.jpg,7.jpg,270,270,6.025, 178.859,184.884,178.858,9,0,0,1,BE7_270,2023-11-02 15:24:16.270
9210,PSYC-132589,TOTDay1,Experiment, 14,1, 6.jpg,6.jpg,30,30,6.407, 185.491,191.899,185.49,10,0,0,2,AM6_30,2023-11-02 15:24:23.284
9210,PSYC-132589,TOTDay1,Experiment, 15,0, 3.jpg,3.jpg,240,300,4.187, 192.415,196.602,192.414,9,0,0,3,BH3_240,2023-11-02 15:24:27.988
9210,PSYC-132589,TOTDay1,Experiment, 16,1, 11.jpg,11.jpg,180,180,10.273, 197.504,207.778,197.504,10,0,0,1,BE11_180,2023-11-02 15:24:39.164
9210,PSYC-132589,TOTDay1,Experiment, 17,0, 7.jpg,7.jpg,330,300,6.547, 208.309,214.856,208.309,9,0,0,2,AM7_330,2023-11-02 15:24:46.242
9210,PSYC-132589,TOTDay1,Experiment, 18,0, 9.jpg,9.jpg,240,210,5.529, 215.322,220.851,215.321,8,0,0,3,AH9_240,2023-11-02 15:24:52.237
9211,PSYC-134130,TOTDay1,Training, 1,1, 2.jpg,2.jpg,90,90,6.509, 337.261,343.768,337.26,1,0,0,1,PE2_90,2023-11-02 15:27:59.630
9211,PSYC-134130,TOTDay1,Training, 2,0, 2.jpg,2.jpg,180,0,3.882, 348.133,352.015,348.133,0,0,0,1,PE2_180,2023-11-02 15:28:07.874
9211,PSYC-134130,TOTDay1,Training, 3,0, 2.jpg,2.jpg,60,90,8.217, 360.797,369.015,360.797,-1,0,0,2,PM2_60,2023-11-02 15:28:24.875
9211,PSYC-134130,TOTDay1,Training, 4,1, 2.jpg,2.jpg,30,30,6.743, 373.408,380.151,373.407,0,0,0,2,PM2_30,2023-11-02 15:28:36.011
9211,PSYC-134130,TOTDay1,Training, 5,1, 2.jpg,2.jpg,210,210,10.874, 381.795,392.669,381.795,1,0,0,3,PH2_210,2023-11-02 15:28:48.530
9211,PSYC-134130,TOTDay1,Training, 6,1, 2.jpg,2.jpg,120,120,11.325, 394.514,405.839,394.513,2,0,0,3,PH2_120,2023-11-02 15:29:01.699
9211,PSYC-134130,TOTDay1,Training, 7,1, 2.jpg,2.jpg,0,0,3.418, 407.84,411.257,407.839,3,0,0,1,PE2_0,2023-11-02 15:29:07.119
9211,PSYC-134130,TOTDay1,Training, 8,0, 2.jpg,2.jpg,240,210,15.491, 412.154,427.645,412.153,2,0,0,3,PH2_240,2023-11-02 15:29:23.506
9211,PSYC-134130,TOTDay1,Training, 9,1, 2.jpg,2.jpg,330,330,11.31, 429.879,441.189,429.879,3,0,0,2,PM2_330,2023-11-02 15:29:37.051
9211,PSYC-134130,TOTDay1,Training, 10,1, 2.jpg,2.jpg,150,150,9.821, 443.045,452.867,443.045,4,0,0,3,PH2_150,2023-11-02 15:29:48.729
9211,PSYC-134130,TOTDay1,Training, 11,1, 2.jpg,2.jpg,300,300,12.733, 454.212,466.945,454.211,5,0,0,2,PM2_300,2023-11-02 15:30:02.807
9211,PSYC-134130,TOTDay1,Training, 12,1, 2.jpg,2.jpg,270,270,3.92, 467.955,471.875,467.955,6,0,0,1,PE2_270,2023-11-02 15:30:07.738
9211,PSYC-134130,TOTDay1,Experiment, 1,1, 4.jpg,4.jpg,210,210,11.911, 477.026,488.937,473.029,1,0,0,3,BH4_210,2023-11-02 15:30:24.800
9211,PSYC-134130,TOTDay1,Experiment, 2,1, 6.jpg,6.jpg,30,30,14.903, 490.363,505.267,490.363,2,0,0,2,AM6_30,2023-11-02 15:30:41.130
9211,PSYC-134130,TOTDay1,Experiment, 3,0, 1.jpg,1.jpg,270,240,10.829, 506.363,517.193,506.363,1,0,0,1,AE1_270,2023-11-02 15:30:53.056
9211,PSYC-134130,TOTDay1,Experiment, 4,1, 9.jpg,9.jpg,240,240,8.269, 518.544,526.813,518.543,2,0,0,3,AH9_240,2023-11-02 15:31:02.676
9211,PSYC-134130,TOTDay1,Experiment, 5,0, 11.jpg,11.jpg,60,30,19.7, 527.845,547.545,527.845,1,0,0,2,AM11_60,2023-11-02 15:31:23.408
9211,PSYC-134130,TOTDay1,Experiment, 6,1, 3.jpg,3.jpg,90,90,8.409, 548.146,556.555,548.145,2,0,0,1,AE3_90,2023-11-02 15:31:32.418
9211,PSYC-134130,TOTDay1,Experiment, 7,0, 3.jpg,3.jpg,240,210,21.311, 557.323,578.635,557.323,1,0,0,3,BH3_240,2023-11-02 15:31:54.499
9211,PSYC-134130,TOTDay1,Experiment, 8,1, 11.jpg,11.jpg,180,180,7.976, 579.672,587.647,579.671,2,0,0,1,BE11_180,2023-11-02 15:32:03.511
9211,PSYC-134130,TOTDay1,Experiment, 9,0, 8.jpg,8.jpg,330,300,6.854, 588.51,595.364,588.509,1,0,0,2,BM8_330,2023-11-02 15:32:11.227
9211,PSYC-134130,TOTDay1,Experiment, 10,1, 8.jpg,8.jpg,210,210,30.708, 596.291,626.999,596.291,2,0,0,3,AH8_210,2023-11-02 15:32:42.863
9211,PSYC-134130,TOTDay1,Experiment, 11,1, 7.jpg,7.jpg,270,270,19.454, 628.169,647.623,628.169,3,0,0,1,BE7_270,2023-11-02 15:33:03.488
9211,PSYC-134130,TOTDay1,Experiment, 12,0, 10.jpg,10.jpg,60,240,15.091, 648.626,663.717,648.625,2,0,0,2,BM10_60,2023-11-02 15:33:19.582
9211,PSYC-134130,TOTDay1,Experiment, 13,0, 6.jpg,6.jpg,90,180,12.647, 664.465,677.113,664.465,1,0,0,1,BE6_90,2023-11-02 15:33:32.977
9211,PSYC-134130,TOTDay1,Experiment, 14,0, 1.jpg,1.jpg,150,210,9.659, 678.458,688.117,678.457,0,0,0,3,BH1_150,2023-11-02 15:33:43.982
9211,PSYC-134130,TOTDay1,Experiment, 15,1, 7.jpg,7.jpg,330,330,20.652, 688.961,709.613,688.961,1,0,0,2,AM7_330,2023-11-02 15:34:05.478
9211,PSYC-134130,TOTDay1,Experiment, 16,0, 9.jpg,9.jpg,30,60,15.551, 710.183,725.735,710.183,0,0,0,2,BM9_30,2023-11-02 15:34:21.600
9211,PSYC-134130,TOTDay1,Experiment, 17,1, 4.jpg,4.jpg,180,180,8.515, 726.389,734.904,726.389,1,0,0,1,AE4_180,2023-11-02 15:34:30.770
9211,PSYC-134130,TOTDay1,Experiment, 18,1, 10.jpg,10.jpg,150,150,16.811, 735.935,752.747,735.935,2,0,0,3,AH10_150,2023-11-02 15:34:48.612
9214,PSYC-132589,TOTDay1,Training, 1,1, 2.jpg,2.jpg,90,90,15.466, 17.682,33.146,17.68,1,0,0,1,PE2_90,2023-11-03 09:24:34.641
9214,PSYC-132589,TOTDay1,Training, 2,0, 2.jpg,2.jpg,180,150,14.443, 34.736,49.179,34.736,0,0,0,1,PE2_180,2023-11-03 09:24:50.672
9214,PSYC-132589,TOTDay1,Training, 3,0, 2.jpg,2.jpg,60,120,11.703, 58.878,70.581,58.877,-1,0,0,2,PM2_60,2023-11-03 09:25:12.075
9214,PSYC-132589,TOTDay1,Training, 4,0, 2.jpg,2.jpg,30,60,3.861, 77.527,81.388,77.526,-2,0,0,2,PM2_30,2023-11-03 09:25:22.880
9214,PSYC-132589,TOTDay1,Training, 5,0, 2.jpg,2.jpg,210,60,6.742, 83.365,90.107,83.365,-3,0,0,3,PH2_210,2023-11-03 09:25:31.601
9214,PSYC-132589,TOTDay1,Training, 6,1, 2.jpg,2.jpg,120,120,17.641, 97.937,115.579,97.937,-2,0,0,3,PH2_120,2023-11-03 09:25:57.072
9214,PSYC-132589,TOTDay1,Training, 7,1, 2.jpg,2.jpg,0,0,4.621, 116.214,120.835,116.213,-1,0,0,1,PE2_0,2023-11-03 09:26:02.329
9214,PSYC-132589,TOTDay1,Training, 8,0, 2.jpg,2.jpg,240,210,8.051, 121.519,129.571,121.519,-2,0,0,3,PH2_240,2023-11-03 09:26:11.064
9214,PSYC-132589,TOTDay1,Training, 9,1, 2.jpg,2.jpg,330,330,4.995, 130.218,135.213,130.217,-1,0,0,2,PM2_330,2023-11-03 09:26:16.707
9214,PSYC-132589,TOTDay1,Training, 10,1, 2.jpg,2.jpg,150,150,10.642, 135.733,146.375,135.733,0,0,0,3,PH2_150,2023-11-03 09:26:27.868
9214,PSYC-132589,TOTDay1,Training, 11,1, 2.jpg,2.jpg,300,300,7.909, 146.8,154.709,146.799,1,0,0,2,PM2_300,2023-11-03 09:26:36.202
9214,PSYC-132589,TOTDay1,Training, 12,0, 2.jpg,2.jpg,270,60,7.652, 155.069,162.721,155.069,0,0,0,1,PE2_270,2023-11-03 09:26:44.215
9214,PSYC-132589,TOTDay1,Experiment, 1,1, 10.jpg,10.jpg,60,60,11.258, 167.378,178.637,164.349,1,0,0,2,BM10_60,2023-11-03 09:27:00.130
9214,PSYC-132589,TOTDay1,Experiment, 2,1, 10.jpg,10.jpg,150,150,19.369, 179.165,198.535,179.165,2,0,0,3,AH10_150,2023-11-03 09:27:20.028
9214,PSYC-132589,TOTDay1,Experiment, 3,0, 4.jpg,4.jpg,180,90,19.607, 199.008,218.615,199.007,1,0,0,1,AE4_180,2023-11-03 09:27:40.108
9214,PSYC-132589,TOTDay1,Experiment, 4,0, 8.jpg,8.jpg,210,90,21.042, 219.565,240.607,219.565,0,0,0,3,AH8_210,2023-11-03 09:28:02.100
9214,PSYC-132589,TOTDay1,Experiment, 5,0, 11.jpg,11.jpg,60,120,16.287, 241.075,257.363,241.075,-1,0,0,2,AM11_60,2023-11-03 09:28:18.856
9214,PSYC-132589,TOTDay1,Experiment, 6,0, 7.jpg,7.jpg,270,120,10.512, 257.864,268.376,257.863,-2,0,0,1,BE7_270,2023-11-03 09:28:29.870
9214,PSYC-132589,TOTDay1,Experiment, 7,0, 4.jpg,4.jpg,210,180,4.585, 268.857,273.443,268.857,-3,0,0,3,BH4_210,2023-11-03 09:28:34.936
9214,PSYC-132589,TOTDay1,Experiment, 8,0, 7.jpg,7.jpg,330,90,4.798, 274.035,278.833,274.035,-4,0,0,2,AM7_330,2023-11-03 09:28:40.327
9214,PSYC-132589,TOTDay1,Experiment, 9,0, 3.jpg,3.jpg,90,150,17.336, 279.566,296.902,279.565,-5,0,0,1,AE3_90,2023-11-03 09:28:58.395
9214,PSYC-132589,TOTDay1,Experiment, 10,0, 6.jpg,6.jpg,30,0,0.277, 297.426,297.703,297.426,-6,0,0,2,AM6_30,2023-11-03 09:28:59.197
9214,PSYC-132589,TOTDay1,Experiment, 11,0, 6.jpg,6.jpg,90,150,12.246, 300.259,312.505,300.259,-7,0,0,1,BE6_90,2023-11-03 09:29:13.999
9214,PSYC-132589,TOTDay1,Experiment, 12,0, 1.jpg,1.jpg,150,120,10.145, 313.013,323.159,313.013,-8,0,0,3,BH1_150,2023-11-03 09:29:24.652
9214,PSYC-132589,TOTDay1,Experiment, 13,0, 3.jpg,3.jpg,240,0,1.08, 323.586,324.667,323.586,-9,0,0,3,BH3_240,2023-11-03 09:29:26.160
9214,PSYC-132589,TOTDay1,Experiment, 14,0, 8.jpg,8.jpg,330,30,8.075, 325.269,333.345,325.269,-10,0,0,2,BM8_330,2023-11-03 09:29:34.838
9214,PSYC-132589,TOTDay1,Experiment, 15,1, 11.jpg,11.jpg,180,180,7.801, 333.819,341.621,333.819,-9,0,0,1,BE11_180,2023-11-03 09:29:43.114
9214,PSYC-132589,TOTDay1,Experiment, 16,0, 9.jpg,9.jpg,240,270,6.392, 342.037,348.429,342.036,-10,0,0,3,AH9_240,2023-11-03 09:29:49.923
9214,PSYC-132589,TOTDay1,Experiment, 17,0, 9.jpg,9.jpg,30,300,5.129, 348.794,353.923,348.793,-11,0,0,2,BM9_30,2023-11-03 09:29:55.416
9214,PSYC-132589,TOTDay1,Experiment, 18,0, 1.jpg,1.jpg,270,60,2.643, 354.357,357.001,354.357,-12,0,0,1,AE1_270,2023-11-03 09:29:58.494
9217,PSYC-132589,TOTDay1,Training, 1,1, 2.jpg,2.jpg,90,90,9.856, 47.915,57.769,47.914,1,0,0,1,PE2_90,2023-11-03 12:13:43.130
9217,PSYC-132589,TOTDay1,Training, 2,0, 2.jpg,2.jpg,180,0,7.676, 61.951,69.627,61.95,0,0,0,1,PE2_180,2023-11-03 12:13:54.987
9217,PSYC-132589,TOTDay1,Training, 3,0, 2.jpg,2.jpg,60,120,10.339, 77.475,87.814,77.475,-1,0,0,2,PM2_60,2023-11-03 12:14:13.174
9217,PSYC-132589,TOTDay1,Training, 4,0, 2.jpg,2.jpg,30,330,13.775, 91.757,105.533,91.756,-2,0,0,2,PM2_30,2023-11-03 12:14:30.891
9217,PSYC-132589,TOTDay1,Training, 5,0, 2.jpg,2.jpg,210,120,19.979, 108.735,128.714,108.734,-3,0,0,3,PH2_210,2023-11-03 12:14:54.074
9217,PSYC-132589,TOTDay1,Training, 6,0, 2.jpg,2.jpg,120,60,16.523, 134.991,151.514,134.99,-4,0,0,3,PH2_120,2023-11-03 12:15:16.873
9217,PSYC-132589,TOTDay1,Training, 7,1, 2.jpg,2.jpg,0,0,5.528, 162.177,167.705,162.176,-3,0,0,1,PE2_0,2023-11-03 12:15:33.064
9217,PSYC-132589,TOTDay1,Training, 8,0, 2.jpg,2.jpg,240,120,18.197, 170.829,189.026,170.829,-4,0,0,3,PH2_240,2023-11-03 12:15:54.386
9217,PSYC-132589,TOTDay1,Training, 9,0, 2.jpg,2.jpg,330,300,10.405, 193.435,203.84,193.434,-5,0,0,2,PM2_330,2023-11-03 12:16:09.200
9217,PSYC-132589,TOTDay1,Training, 10,0, 2.jpg,2.jpg,150,120,12.851, 207.121,219.972,207.121,-6,0,0,3,PH2_150,2023-11-03 12:16:25.332
9217,PSYC-132589,TOTDay1,Training, 11,0, 2.jpg,2.jpg,300,240,11.115, 223.249,234.365,223.249,-7,0,0,2,PM2_300,2023-11-03 12:16:39.724
9217,PSYC-132589,TOTDay1,Training, 12,1, 2.jpg,2.jpg,270,270,4.729, 239.497,244.227,239.497,-6,0,0,1,PE2_270,2023-11-03 12:16:49.586
9217,PSYC-132589,TOTDay1,Experiment, 1,0, 9.jpg,9.jpg,240,120,24.916, 249.95,274.866,247.652,-1,0,0,3,AH9_240,2023-11-03 12:17:20.225
9217,PSYC-132589,TOTDay1,Experiment, 2,0, 3.jpg,3.jpg,90,120,25.845, 277.419,303.264,277.418,-2,0,0,1,AE3_90,2023-11-03 12:17:48.623
9217,PSYC-132589,TOTDay1,Experiment, 3,0, 8.jpg,8.jpg,330,0,0.323, 305.219,305.543,305.219,-3,0,0,2,BM8_330,2023-11-03 12:17:50.902
9217,PSYC-132589,TOTDay1,Experiment, 4,1, 9.jpg,9.jpg,30,30,8.822, 310.757,319.58,310.757,-2,0,0,2,BM9_30,2023-11-03 12:18:04.940
9217,PSYC-132589,TOTDay1,Experiment, 5,0, 4.jpg,4.jpg,210,150,16.798, 323.283,340.081,323.283,-3,0,0,3,BH4_210,2023-11-03 12:18:25.440
9217,PSYC-132589,TOTDay1,Experiment, 6,0, 1.jpg,1.jpg,270,300,11.699, 343.286,354.985,343.285,-4,0,0,1,AE1_270,2023-11-03 12:18:40.344
9217,PSYC-132589,TOTDay1,Experiment, 7,1, 11.jpg,11.jpg,180,180,9.053, 357.041,366.094,357.041,-3,0,0,1,BE11_180,2023-11-03 12:18:51.454
9217,PSYC-132589,TOTDay1,Experiment, 8,0, 6.jpg,6.jpg,30,300,7.593, 369.505,377.098,369.505,-4,0,0,2,AM6_30,2023-11-03 12:19:02.458
9217,PSYC-132589,TOTDay1,Experiment, 9,1, 10.jpg,10.jpg,150,150,16.828, 378.906,395.734,378.905,-3,0,0,3,AH10_150,2023-11-03 12:19:21.093
9217,PSYC-132589,TOTDay1,Experiment, 10,0, 6.jpg,6.jpg,90,270,12.446, 398.159,410.605,398.158,-4,0,0,1,BE6_90,2023-11-03 12:19:35.964
9217,PSYC-132589,TOTDay1,Experiment, 11,0, 1.jpg,1.jpg,150,180,12.943, 411.921,424.864,411.92,-5,0,0,3,BH1_150,2023-11-03 12:19:50.223
9217,PSYC-132589,TOTDay1,Experiment, 12,1, 7.jpg,7.jpg,330,330,6.538, 426.045,432.583,426.044,-4,0,0,2,AM7_330,2023-11-03 12:19:57.942
9217,PSYC-132589,TOTDay1,Experiment, 13,0, 10.jpg,10.jpg,60,210,9.095, 436.475,445.57,436.475,-5,0,0,2,BM10_60,2023-11-03 12:20:10.929
9217,PSYC-132589,TOTDay1,Experiment, 14,0, 4.jpg,4.jpg,180,60,17.266, 447.963,465.229,447.962,-6,0,0,1,AE4_180,2023-11-03 12:20:30.588
9217,PSYC-132589,TOTDay1,Experiment, 15,1, 8.jpg,8.jpg,210,210,11.893, 466.183,478.076,466.183,-5,0,0,3,AH8_210,2023-11-03 12:20:43.435
9217,PSYC-132589,TOTDay1,Experiment, 16,0, 3.jpg,3.jpg,240,300,19.639, 480.359,499.998,480.358,-6,0,0,3,BH3_240,2023-11-03 12:21:05.357
9217,PSYC-132589,TOTDay1,Experiment, 17,0, 7.jpg,7.jpg,270,330,17.359, 502.221,519.58,502.22,-7,0,0,1,BE7_270,2023-11-03 12:21:24.940
9217,PSYC-132589,TOTDay1,Experiment, 18,1, 11.jpg,11.jpg,60,60,9.779, 520.429,530.208,520.429,-6,0,0,2,AM11_60,2023-11-03 12:21:35.567
9216,PSYC-134128,TOTDay1,Training, 1,0, 2.jpg,2.jpg,90,180,5.397, 25.074,30.47,25.073,-1,0,0,1,PE2_90,2023-11-03 12:18:33.334
9216,PSYC-134128,TOTDay1,Training, 2,1, 2.jpg,2.jpg,180,180,5.083, 41.929,47.012,41.928,0,0,0,1,PE2_180,2023-11-03 12:18:49.874
9216,PSYC-134128,TOTDay1,Training, 3,0, 2.jpg,2.jpg,60,150,11.338, 48.989,60.327,48.988,-1,0,0,2,PM2_60,2023-11-03 12:19:03.189
9216,PSYC-134128,TOTDay1,Training, 4,0, 2.jpg,2.jpg,30,120,10.445, 67.273,77.718,67.273,-2,0,0,2,PM2_30,2023-11-03 12:19:20.581
9216,PSYC-134128,TOTDay1,Training, 5,1, 2.jpg,2.jpg,210,210,6.907, 80.925,87.832,80.924,-1,0,0,3,PH2_210,2023-11-03 12:19:30.694
9216,PSYC-134128,TOTDay1,Training, 6,0, 2.jpg,2.jpg,120,210,22.411, 88.774,111.186,88.774,-2,0,0,3,PH2_120,2023-11-03 12:19:54.049
9216,PSYC-134128,TOTDay1,Training, 7,1, 2.jpg,2.jpg,0,0,5.587, 116.692,122.28,116.692,-1,0,0,1,PE2_0,2023-11-03 12:20:05.143
9216,PSYC-134128,TOTDay1,Training, 8,0, 2.jpg,2.jpg,240,60,7.119, 123.033,130.152,123.032,-2,0,0,3,PH2_240,2023-11-03 12:20:13.015
9216,PSYC-134128,TOTDay1,Training, 9,0, 2.jpg,2.jpg,330,210,6.867, 134.088,140.956,134.088,-3,0,0,2,PM2_330,2023-11-03 12:20:23.819
9216,PSYC-134128,TOTDay1,Training, 10,0, 2.jpg,2.jpg,150,330,6.754, 142.05,148.804,142.05,-4,0,0,3,PH2_150,2023-11-03 12:20:31.668
9216,PSYC-134128,TOTDay1,Training, 11,1, 2.jpg,2.jpg,300,300,14.087, 151.396,165.484,151.396,-3,0,0,2,PM2_300,2023-11-03 12:20:48.347
9216,PSYC-134128,TOTDay1,Training, 12,1, 2.jpg,2.jpg,270,270,6.097, 166.91,173.008,166.91,-2,0,0,1,PE2_270,2023-11-03 12:20:55.871
9216,PSYC-134128,TOTDay1,Experiment, 1,0, 6.jpg,6.jpg,30,330,8.81, 175.598,184.408,173.722,-1,0,0,2,AM6_30,2023-11-03 12:21:07.272
9216,PSYC-134128,TOTDay1,Experiment, 2,0, 6.jpg,6.jpg,90,180,4.637, 185.409,190.046,185.408,-2,0,0,1,BE6_90,2023-11-03 12:21:12.909
9216,PSYC-134128,TOTDay1,Experiment, 3,0, 8.jpg,8.jpg,210,150,12.469, 192.588,205.058,192.588,-3,0,0,3,AH8_210,2023-11-03 12:21:27.922
9216,PSYC-134128,TOTDay1,Experiment, 4,0, 8.jpg,8.jpg,330,30,6.939, 206.165,213.104,206.164,-4,0,0,2,BM8_330,2023-11-03 12:21:35.967
9216,PSYC-134128,TOTDay1,Experiment, 5,0, 1.jpg,1.jpg,150,210,10.499, 215.195,225.694,215.194,-5,0,0,3,BH1_150,2023-11-03 12:21:48.558
9216,PSYC-134128,TOTDay1,Experiment, 6,1, 7.jpg,7.jpg,270,270,5.948, 227.44,233.388,227.44,-4,0,0,1,BE7_270,2023-11-03 12:21:56.252
9216,PSYC-134128,TOTDay1,Experiment, 7,1, 7.jpg,7.jpg,330,330,7.139, 234.848,241.988,234.848,-3,0,0,2,AM7_330,2023-11-03 12:22:04.852
9216,PSYC-134128,TOTDay1,Experiment, 8,0, 10.jpg,10.jpg,150,210,7.021, 242.756,249.778,242.756,-4,0,0,3,AH10_150,2023-11-03 12:22:12.642
9216,PSYC-134128,TOTDay1,Experiment, 9,1, 3.jpg,3.jpg,90,90,5.581, 251.06,256.642,251.06,-3,0,0,1,AE3_90,2023-11-03 12:22:19.507
9216,PSYC-134128,TOTDay1,Experiment, 10,1, 4.jpg,4.jpg,180,180,6.931, 257.426,264.358,257.426,-2,0,0,1,AE4_180,2023-11-03 12:22:27.222
9216,PSYC-134128,TOTDay1,Experiment, 11,1, 11.jpg,11.jpg,60,60,10.041, 265.076,275.118,265.076,-1,0,0,2,AM11_60,2023-11-03 12:22:37.983
9216,PSYC-134128,TOTDay1,Experiment, 12,0, 9.jpg,9.jpg,240,330,11.727, 275.68,287.408,275.68,-2,0,0,3,AH9_240,2023-11-03 12:22:50.272
9216,PSYC-134128,TOTDay1,Experiment, 13,1, 9.jpg,9.jpg,30,30,4.319, 288.294,292.614,288.294,-1,0,0,2,BM9_30,2023-11-03 12:22:55.478
9216,PSYC-134128,TOTDay1,Experiment, 14,1, 4.jpg,4.jpg,210,210,7.467, 293.197,300.664,293.196,0,0,0,3,BH4_210,2023-11-03 12:23:03.529
9216,PSYC-134128,TOTDay1,Experiment, 15,0, 1.jpg,1.jpg,270,90,6.656, 301.34,307.996,301.34,-1,0,0,1,AE1_270,2023-11-03 12:23:10.862
9216,PSYC-134128,TOTDay1,Experiment, 16,1, 11.jpg,11.jpg,180,180,3.427, 308.612,312.04,308.612,0,0,0,1,BE11_180,2023-11-03 12:23:14.905
9216,PSYC-134128,TOTDay1,Experiment, 17,0, 3.jpg,3.jpg,240,300,5.978, 312.66,318.638,312.66,-1,0,0,3,BH3_240,2023-11-03 12:23:21.503
9216,PSYC-134128,TOTDay1,Experiment, 18,1, 10.jpg,10.jpg,60,60,7.009, 319.327,326.336,319.326,0,0,0,2,BM10_60,2023-11-03 12:23:29.201
9215,PSYC-134130,TOTDay1,Training, 1,0, 2.jpg,2.jpg,90,270,19.944, 122.503,142.438,122.502,-1,0,0,1,PE2_90,2023-11-03 12:35:40.500
9215,PSYC-134130,TOTDay1,Training, 2,1, 2.jpg,2.jpg,180,180,9.065, 151.879,160.943,151.879,0,0,0,1,PE2_180,2023-11-03 12:35:58.998
9215,PSYC-134130,TOTDay1,Training, 3,0, 2.jpg,2.jpg,60,240,17.077, 164.811,181.889,164.811,-1,0,0,2,PM2_60,2023-11-03 12:36:19.942
9215,PSYC-134130,TOTDay1,Training, 4,0, 2.jpg,2.jpg,30,60,6.022, 200.609,206.631,200.609,-2,0,0,2,PM2_30,2023-11-03 12:36:44.685
9215,PSYC-134130,TOTDay1,Training, 5,0, 2.jpg,2.jpg,210,240,30.199, 211.547,241.747,211.547,-3,0,0,3,PH2_210,2023-11-03 12:37:19.802
9215,PSYC-134130,TOTDay1,Training, 6,0, 2.jpg,2.jpg,120,-1,36.071, 250.289,286.36,250.289,-4,0,0,3,PH2_120,2023-11-03 12:38:04.416
9215,PSYC-134130,TOTDay1,Training, 7,1, 2.jpg,2.jpg,0,0,4.573, 292.95,297.523,292.949,-3,0,0,1,PE2_0,2023-11-03 12:38:15.579
9215,PSYC-134130,TOTDay1,Training, 8,0, 2.jpg,2.jpg,240,60,17.822, 300.973,318.795,300.973,-4,0,0,3,PH2_240,2023-11-03 12:38:36.851
9215,PSYC-134130,TOTDay1,Training, 9,1, 2.jpg,2.jpg,330,330,29.903, 353.527,383.43,353.527,-3,0,0,2,PM2_330,2023-11-03 12:39:41.487
9215,PSYC-134130,TOTDay1,Training, 10,0, 2.jpg,2.jpg,150,300,30.999, 388.35,419.349,388.349,-4,0,0,3,PH2_150,2023-11-03 12:40:17.407
9215,PSYC-134130,TOTDay1,Training, 11,0, 2.jpg,2.jpg,300,-1,36.125, 428.426,464.55,428.425,-5,0,0,2,PM2_300,2023-11-03 12:41:02.609
9215,PSYC-134130,TOTDay1,Training, 12,1, 2.jpg,2.jpg,270,270,21.734, 469.659,491.393,469.659,-4,0,0,1,PE2_270,2023-11-03 12:41:29.453
9215,PSYC-134130,TOTDay1,Experiment, 1,0, 4.jpg,4.jpg,210,180,14.534, 501.111,515.645,498.597,-1,0,0,3,BH4_210,2023-11-03 12:41:53.705
9215,PSYC-134130,TOTDay1,Experiment, 2,1, 8.jpg,8.jpg,330,330,9.204, 523.064,532.268,523.063,0,0,0,2,BM8_330,2023-11-03 12:42:10.328
9215,PSYC-134130,TOTDay1,Experiment, 3,0, 7.jpg,7.jpg,270,180,33.62, 535.897,569.517,535.897,-1,0,0,1,BE7_270,2023-11-03 12:42:47.577
9215,PSYC-134130,TOTDay1,Experiment, 4,0, 4.jpg,4.jpg,180,150,18.724, 574.361,593.085,574.36,-2,0,0,1,AE4_180,2023-11-03 12:43:11.145
9215,PSYC-134130,TOTDay1,Experiment, 5,0, 9.jpg,9.jpg,30,330,5.953, 596.357,602.31,596.357,-3,0,0,2,BM9_30,2023-11-03 12:43:20.371
9215,PSYC-134130,TOTDay1,Experiment, 6,0, 1.jpg,1.jpg,150,210,20.333, 606.298,626.631,606.297,-4,0,0,3,BH1_150,2023-11-03 12:43:44.691
9215,PSYC-134130,TOTDay1,Experiment, 7,1, 11.jpg,11.jpg,180,180,9.415, 630.671,640.087,630.671,-3,0,0,1,BE11_180,2023-11-03 12:43:58.148
9215,PSYC-134130,TOTDay1,Experiment, 8,0, 10.jpg,10.jpg,60,-1,36.049, 645.837,681.886,645.837,-4,0,0,2,BM10_60,2023-11-03 12:44:39.948
9215,PSYC-134130,TOTDay1,Experiment, 9,0, 10.jpg,10.jpg,150,330,11.711, 684.769,696.48,684.769,-5,0,0,3,AH10_150,2023-11-03 12:44:54.542
9215,PSYC-134130,TOTDay1,Experiment, 10,1, 3.jpg,3.jpg,90,90,26.27, 707.287,733.557,707.287,-4,0,0,1,AE3_90,2023-11-03 12:45:31.619
9215,PSYC-134130,TOTDay1,Experiment, 11,1, 9.jpg,9.jpg,240,240,32.737, 739.083,771.82,739.083,-3,0,0,3,AH9_240,2023-11-03 12:46:09.883
9215,PSYC-134130,TOTDay1,Experiment, 12,1, 7.jpg,7.jpg,330,330,20.712, 776.816,797.528,776.815,-2,0,0,2,AM7_330,2023-11-03 12:46:35.591
9215,PSYC-134130,TOTDay1,Experiment, 13,0, 3.jpg,3.jpg,240,-1,36.069, 800.087,836.155,800.086,-3,0,0,3,BH3_240,2023-11-03 12:47:14.219
9215,PSYC-134130,TOTDay1,Experiment, 14,0, 11.jpg,11.jpg,60,240,30.867, 840.525,871.393,840.525,-4,0,0,2,AM11_60,2023-11-03 12:47:49.455
9215,PSYC-134130,TOTDay1,Experiment, 15,1, 1.jpg,1.jpg,270,270,30.623, 875.783,906.407,875.783,-3,0,0,1,AE1_270,2023-11-03 12:48:24.471
9215,PSYC-134130,TOTDay1,Experiment, 16,1, 6.jpg,6.jpg,90,90,19.783, 909.605,929.389,909.605,-2,0,0,1,BE6_90,2023-11-03 12:48:47.453
9215,PSYC-134130,TOTDay1,Experiment, 17,0, 8.jpg,8.jpg,210,180,12.071, 932.213,944.285,932.213,-3,0,0,3,AH8_210,2023-11-03 12:49:02.348
9215,PSYC-134130,TOTDay1,Experiment, 18,1, 6.jpg,6.jpg,30,30,27.815, 947.277,975.092,947.277,-2,0,0,2,AM6_30,2023-11-03 12:49:33.157
9218,PSYC-132589,TOTDay1,Training, 1,1, 2.jpg,2.jpg,90,90,8.535, 24.685,33.217,24.684,1,0,0,1,PE2_90,2023-11-03 15:23:56.334
9218,PSYC-132589,TOTDay1,Training, 2,1, 2.jpg,2.jpg,180,180,3.213, 35.63,38.844,35.63,2,0,0,1,PE2_180,2023-11-03 15:24:01.958
9218,PSYC-132589,TOTDay1,Training, 3,1, 2.jpg,2.jpg,60,60,14.685, 39.591,54.276,39.59,3,0,0,2,PM2_60,2023-11-03 15:24:17.390
9218,PSYC-132589,TOTDay1,Training, 4,1, 2.jpg,2.jpg,30,30,3.781, 56.354,60.135,56.353,4,0,0,2,PM2_30,2023-11-03 15:24:23.249
9218,PSYC-132589,TOTDay1,Training, 5,1, 2.jpg,2.jpg,210,210,4.939, 60.812,65.751,60.811,5,0,0,3,PH2_210,2023-11-03 15:24:28.865
9218,PSYC-132589,TOTDay1,Training, 6,0, 2.jpg,2.jpg,120,240,5.032, 66.31,71.343,66.31,4,0,0,3,PH2_120,2023-11-03 15:24:34.457
9218,PSYC-132589,TOTDay1,Training, 7,1, 2.jpg,2.jpg,0,0,4.243, 77.925,82.168,77.924,5,0,0,1,PE2_0,2023-11-03 15:24:45.281
9218,PSYC-132589,TOTDay1,Training, 8,0, 2.jpg,2.jpg,240,300,10.462, 82.664,93.126,82.664,4,0,0,3,PH2_240,2023-11-03 15:24:56.239
9218,PSYC-132589,TOTDay1,Training, 9,1, 2.jpg,2.jpg,330,330,9.427, 93.847,103.274,93.846,5,0,0,2,PM2_330,2023-11-03 15:25:06.387
9218,PSYC-132589,TOTDay1,Training, 10,1, 2.jpg,2.jpg,150,150,4.007, 104.702,108.71,104.702,6,0,0,3,PH2_150,2023-11-03 15:25:11.823
9218,PSYC-132589,TOTDay1,Training, 11,0, 2.jpg,2.jpg,300,270,10.522, 109.402,119.924,109.401,5,0,0,2,PM2_300,2023-11-03 15:25:23.037
9218,PSYC-132589,TOTDay1,Training, 12,1, 2.jpg,2.jpg,270,270,2.592, 120.738,123.33,120.738,6,0,0,1,PE2_270,2023-11-03 15:25:26.443
9218,PSYC-132589,TOTDay1,Experiment, 1,0, 7.jpg,7.jpg,330,30,7.933, 126.138,134.071,123.914,-1,0,0,2,AM7_330,2023-11-03 15:25:37.184
9218,PSYC-132589,TOTDay1,Experiment, 2,1, 1.jpg,1.jpg,270,270,10.175, 135.226,145.401,135.225,0,0,0,1,AE1_270,2023-11-03 15:25:48.514
9218,PSYC-132589,TOTDay1,Experiment, 3,0, 1.jpg,1.jpg,150,180,11.067, 146.814,157.882,146.814,-1,0,0,3,BH1_150,2023-11-03 15:26:00.994
9218,PSYC-132589,TOTDay1,Experiment, 4,1, 11.jpg,11.jpg,180,180,4.471, 158.59,163.062,158.59,0,0,0,1,BE11_180,2023-11-03 15:26:06.174
9218,PSYC-132589,TOTDay1,Experiment, 5,1, 10.jpg,10.jpg,150,150,9.472, 163.664,173.136,163.664,1,0,0,3,AH10_150,2023-11-03 15:26:16.248
9218,PSYC-132589,TOTDay1,Experiment, 6,0, 9.jpg,9.jpg,30,330,10.001, 173.746,183.747,173.746,0,0,0,2,BM9_30,2023-11-03 15:26:26.859
9218,PSYC-132589,TOTDay1,Experiment, 7,1, 8.jpg,8.jpg,210,210,9.615, 184.46,194.075,184.459,1,0,0,3,AH8_210,2023-11-03 15:26:37.188
9218,PSYC-132589,TOTDay1,Experiment, 8,1, 6.jpg,6.jpg,30,30,6.883, 194.714,201.598,194.714,2,0,0,2,AM6_30,2023-11-03 15:26:44.709
9218,PSYC-132589,TOTDay1,Experiment, 9,1, 6.jpg,6.jpg,90,90,17.219, 202.224,219.443,202.223,3,0,0,1,BE6_90,2023-11-03 15:27:02.555
9218,PSYC-132589,TOTDay1,Experiment, 10,1, 10.jpg,10.jpg,60,60,5.359, 220.031,225.39,220.03,4,0,0,2,BM10_60,2023-11-03 15:27:08.501
9218,PSYC-132589,TOTDay1,Experiment, 11,0, 9.jpg,9.jpg,240,270,18.675, 225.964,244.639,225.964,3,0,0,3,AH9_240,2023-11-03 15:27:27.750
9218,PSYC-132589,TOTDay1,Experiment, 12,1, 3.jpg,3.jpg,90,90,9.766, 245.176,254.941,245.175,4,0,0,1,AE3_90,2023-11-03 15:27:38.053
9218,PSYC-132589,TOTDay1,Experiment, 13,0, 11.jpg,11.jpg,60,240,11.877, 255.548,267.426,255.548,3,0,0,2,AM11_60,2023-11-03 15:27:50.537
9218,PSYC-132589,TOTDay1,Experiment, 14,1, 4.jpg,4.jpg,180,180,15.28, 267.98,283.26,267.979,4,0,0,1,AE4_180,2023-11-03 15:28:06.371
9218,PSYC-132589,TOTDay1,Experiment, 15,0, 4.jpg,4.jpg,210,150,6.426, 283.78,290.206,283.78,3,0,0,3,BH4_210,2023-11-03 15:28:13.316
9218,PSYC-132589,TOTDay1,Experiment, 16,0, 8.jpg,8.jpg,330,30,4.378, 290.778,295.156,290.778,2,0,0,2,BM8_330,2023-11-03 15:28:18.267
9218,PSYC-132589,TOTDay1,Experiment, 17,0, 7.jpg,7.jpg,270,90,5.656, 295.786,301.442,295.785,1,0,0,1,BE7_270,2023-11-03 15:28:24.553
9218,PSYC-132589,TOTDay1,Experiment, 18,0, 3.jpg,3.jpg,240,180,22.895, 307.867,330.762,307.866,0,0,0,3,BH3_240,2023-11-03 15:28:53.872
9219,PSYC-134128,TOTDay1,Training, 1,1, 2.jpg,2.jpg,90,90,8.577, 45.674,54.25,45.674,1,0,0,1,PE2_90,2023-11-03 15:30:37.647
9219,PSYC-134128,TOTDay1,Training, 2,1, 2.jpg,2.jpg,180,180,7.895, 57.992,65.888,57.991,2,0,0,1,PE2_180,2023-11-03 15:30:49.284
9219,PSYC-134128,TOTDay1,Training, 3,0, 2.jpg,2.jpg,60,30,11.457, 66.524,77.981,66.523,1,0,0,2,PM2_60,2023-11-03 15:31:01.377
9219,PSYC-134128,TOTDay1,Training, 4,1, 2.jpg,2.jpg,30,30,7.745, 81.452,89.197,81.452,2,0,0,2,PM2_30,2023-11-03 15:31:12.593
9219,PSYC-134128,TOTDay1,Training, 5,1, 2.jpg,2.jpg,210,210,7.825, 89.682,97.507,89.681,3,0,0,3,PH2_210,2023-11-03 15:31:20.904
9219,PSYC-134128,TOTDay1,Training, 6,0, 2.jpg,2.jpg,120,150,7.548, 98.499,106.047,98.499,2,0,0,3,PH2_120,2023-11-03 15:31:29.443
9219,PSYC-134128,TOTDay1,Training, 7,1, 2.jpg,2.jpg,0,0,5.895, 111.312,117.207,111.312,3,0,0,1,PE2_0,2023-11-03 15:31:40.604
9219,PSYC-134128,TOTDay1,Training, 8,1, 2.jpg,2.jpg,240,240,9.225, 117.72,126.945,117.72,4,0,0,3,PH2_240,2023-11-03 15:31:50.342
9219,PSYC-134128,TOTDay1,Training, 9,0, 2.jpg,2.jpg,330,150,5.953, 127.486,133.439,127.485,3,0,0,2,PM2_330,2023-11-03 15:31:56.836
9219,PSYC-134128,TOTDay1,Training, 10,1, 2.jpg,2.jpg,150,150,3.914, 137.88,141.793,137.879,4,0,0,3,PH2_150,2023-11-03 15:32:05.190
9219,PSYC-134128,TOTDay1,Training, 11,1, 2.jpg,2.jpg,300,300,11.648, 142.289,153.937,142.289,5,0,0,2,PM2_300,2023-11-03 15:32:17.335
9219,PSYC-134128,TOTDay1,Training, 12,1, 2.jpg,2.jpg,270,270,5.411, 154.644,160.055,154.644,6,0,0,1,PE2_270,2023-11-03 15:32:23.452
9219,PSYC-134128,TOTDay1,Experiment, 1,0, 8.jpg,8.jpg,330,300,10.872, 167.381,178.253,160.601,-1,0,0,2,BM8_330,2023-11-03 15:32:41.651
9219,PSYC-134128,TOTDay1,Experiment, 2,1, 1.jpg,1.jpg,270,270,6.331, 179.574,185.905,179.573,0,0,0,1,AE1_270,2023-11-03 15:32:49.303
9219,PSYC-134128,TOTDay1,Experiment, 3,0, 9.jpg,9.jpg,240,150,22.349, 186.489,208.839,186.488,-1,0,0,3,AH9_240,2023-11-03 15:33:12.237
9219,PSYC-134128,TOTDay1,Experiment, 4,1, 11.jpg,11.jpg,180,180,8.426, 209.519,217.945,209.519,0,0,0,1,BE11_180,2023-11-03 15:33:21.344
9219,PSYC-134128,TOTDay1,Experiment, 5,1, 7.jpg,7.jpg,330,330,7.125, 218.73,225.855,218.729,1,0,0,2,AM7_330,2023-11-03 15:33:29.253
9219,PSYC-134128,TOTDay1,Experiment, 6,1, 10.jpg,10.jpg,150,150,10.355, 226.495,236.851,226.495,2,0,0,3,AH10_150,2023-11-03 15:33:40.250
9219,PSYC-134128,TOTDay1,Experiment, 7,1, 1.jpg,1.jpg,150,150,16.98, 237.385,254.365,237.385,3,0,0,3,BH1_150,2023-11-03 15:33:57.764
9219,PSYC-134128,TOTDay1,Experiment, 8,1, 6.jpg,6.jpg,30,30,12.567, 255.072,267.639,255.071,4,0,0,2,AM6_30,2023-11-03 15:34:11.039
9219,PSYC-134128,TOTDay1,Experiment, 9,1, 4.jpg,4.jpg,180,180,8.835, 268.205,277.041,268.205,5,0,0,1,AE4_180,2023-11-03 15:34:20.440
9219,PSYC-134128,TOTDay1,Experiment, 10,1, 6.jpg,6.jpg,90,90,8.699, 277.659,286.359,277.659,6,0,0,1,BE6_90,2023-11-03 15:34:29.759
9219,PSYC-134128,TOTDay1,Experiment, 11,1, 4.jpg,4.jpg,210,210,8.489, 286.868,295.357,286.867,7,0,0,3,BH4_210,2023-11-03 15:34:38.757
9219,PSYC-134128,TOTDay1,Experiment, 12,0, 11.jpg,11.jpg,60,90,13.619, 296.1,309.719,296.099,6,0,0,2,AM11_60,2023-11-03 15:34:53.119
9219,PSYC-134128,TOTDay1,Experiment, 13,1, 9.jpg,9.jpg,30,30,11.731, 310.466,322.197,310.465,7,0,0,2,BM9_30,2023-11-03 15:35:05.598
9219,PSYC-134128,TOTDay1,Experiment, 14,1, 3.jpg,3.jpg,90,90,7.179, 323.038,330.217,323.037,8,0,0,1,AE3_90,2023-11-03 15:35:13.618
9219,PSYC-134128,TOTDay1,Experiment, 15,1, 8.jpg,8.jpg,210,210,7.654, 330.729,338.383,330.729,9,0,0,3,AH8_210,2023-11-03 15:35:21.784
9219,PSYC-134128,TOTDay1,Experiment, 16,0, 3.jpg,3.jpg,240,330,13.131, 338.895,352.027,338.895,8,0,0,3,BH3_240,2023-11-03 15:35:35.429
9219,PSYC-134128,TOTDay1,Experiment, 17,0, 10.jpg,10.jpg,60,30,8.094, 352.777,360.871,352.777,7,0,0,2,BM10_60,2023-11-03 15:35:44.272
9219,PSYC-134128,TOTDay1,Experiment, 18,1, 7.jpg,7.jpg,270,270,10.253, 361.392,371.645,361.391,8,0,0,1,BE7_270,2023-11-03 15:35:55.046
9199,PSYC-132589,TOTDay1,Training, 1,0, 2.jpg,2.jpg,90,180,10.578, 45.912,56.483,45.91,-1,0,0,1,PE2_90,2023-11-08 12:21:46.797
9199,PSYC-132589,TOTDay1,Training, 2,0, 2.jpg,2.jpg,180,330,4.987, 62.636,67.624,62.636,-2,0,0,1,PE2_180,2023-11-08 12:21:57.931
9199,PSYC-132589,TOTDay1,Training, 3,0, 2.jpg,2.jpg,60,240,8.177, 77.244,85.42,77.244,-3,0,0,2,PM2_60,2023-11-08 12:22:15.727
9199,PSYC-132589,TOTDay1,Training, 4,0, 2.jpg,2.jpg,30,60,3.119, 90.425,93.544,90.424,-4,0,0,2,PM2_30,2023-11-08 12:22:23.850
9199,PSYC-132589,TOTDay1,Training, 5,0, 2.jpg,2.jpg,210,330,3.082, 97.194,100.276,97.194,-5,0,0,3,PH2_210,2023-11-08 12:22:30.583
9199,PSYC-132589,TOTDay1,Training, 6,0, 2.jpg,2.jpg,120,210,4.748, 106.536,111.284,106.536,-6,0,0,3,PH2_120,2023-11-08 12:22:41.590
9199,PSYC-132589,TOTDay1,Training, 7,0, 2.jpg,2.jpg,0,330,3.546, 117.055,120.602,117.055,-7,0,0,1,PE2_0,2023-11-08 12:22:50.907
9199,PSYC-132589,TOTDay1,Training, 8,0, 2.jpg,2.jpg,240,0,2.466, 121.643,124.108,121.642,-8,0,0,3,PH2_240,2023-11-08 12:22:54.414
9199,PSYC-132589,TOTDay1,Training, 9,0, 2.jpg,2.jpg,330,0,1.454, 124.761,126.216,124.761,-9,0,0,2,PM2_330,2023-11-08 12:22:56.521
9199,PSYC-132589,TOTDay1,Training, 10,0, 2.jpg,2.jpg,150,0,0.935, 126.663,127.598,126.663,-10,0,0,3,PH2_150,2023-11-08 12:22:57.903
9199,PSYC-132589,TOTDay1,Training, 11,0, 2.jpg,2.jpg,300,90,2.327, 127.986,130.313,127.984,-11,0,0,2,PM2_300,2023-11-08 12:23:00.618
9199,PSYC-132589,TOTDay1,Training, 12,0, 2.jpg,2.jpg,270,0,0.67, 131.863,132.534,131.862,-12,0,0,1,PE2_270,2023-11-08 12:23:02.839
9199,PSYC-132589,TOTDay1,Experiment, 1,0, 9.jpg,9.jpg,240,330,4.196, 136.278,140.474,133.438,-1,0,0,3,AH9_240,2023-11-08 12:23:10.778
9199,PSYC-132589,TOTDay1,Experiment, 2,0, 1.jpg,1.jpg,270,210,3.481, 141.194,144.676,141.194,-2,0,0,1,AE1_270,2023-11-08 12:23:14.981
9199,PSYC-132589,TOTDay1,Experiment, 3,0, 9.jpg,9.jpg,30,120,1.679, 145.141,146.82,145.14,-3,0,0,2,BM9_30,2023-11-08 12:23:17.124
9199,PSYC-132589,TOTDay1,Experiment, 4,1, 10.jpg,10.jpg,60,60,5.672, 146.998,152.67,146.997,-2,0,0,2,BM10_60,2023-11-08 12:23:22.974
9199,PSYC-132589,TOTDay1,Experiment, 5,0, 10.jpg,10.jpg,150,300,3.246, 153.458,156.705,153.458,-3,0,0,3,AH10_150,2023-11-08 12:23:27.009
9199,PSYC-132589,TOTDay1,Experiment, 6,0, 6.jpg,6.jpg,90,30,5.345, 157.213,162.558,157.212,-4,0,0,1,BE6_90,2023-11-08 12:23:32.863
9199,PSYC-132589,TOTDay1,Experiment, 7,0, 4.jpg,4.jpg,210,240,3.102, 163.543,166.646,163.541,-5,0,0,3,BH4_210,2023-11-08 12:23:36.949
9199,PSYC-132589,TOTDay1,Experiment, 8,0, 4.jpg,4.jpg,180,210,4.223, 166.897,171.12,166.896,-6,0,0,1,AE4_180,2023-11-08 12:23:41.424
9199,PSYC-132589,TOTDay1,Experiment, 9,0, 7.jpg,7.jpg,330,120,2.302, 173.074,175.376,173.073,-7,0,0,2,AM7_330,2023-11-08 12:23:45.680
9199,PSYC-132589,TOTDay1,Experiment, 10,0, 3.jpg,3.jpg,90,300,2.175, 175.857,178.032,175.856,-8,0,0,1,AE3_90,2023-11-08 12:23:48.335
9199,PSYC-132589,TOTDay1,Experiment, 11,0, 1.jpg,1.jpg,150,60,5.016, 178.448,183.464,178.448,-9,0,0,3,BH1_150,2023-11-08 12:23:53.768
9199,PSYC-132589,TOTDay1,Experiment, 12,0, 8.jpg,8.jpg,330,270,2.23, 183.914,186.144,183.913,-10,0,0,2,BM8_330,2023-11-08 12:23:56.448
9199,PSYC-132589,TOTDay1,Experiment, 13,0, 11.jpg,11.jpg,180,90,5.006, 186.53,191.536,186.529,-11,0,0,1,BE11_180,2023-11-08 12:24:01.839
9199,PSYC-132589,TOTDay1,Experiment, 14,0, 11.jpg,11.jpg,60,150,2.056, 191.848,193.905,191.848,-12,0,0,2,AM11_60,2023-11-08 12:24:04.208
9199,PSYC-132589,TOTDay1,Experiment, 15,0, 3.jpg,3.jpg,240,300,2.48, 194.16,196.64,194.16,-13,0,0,3,BH3_240,2023-11-08 12:24:06.943
9199,PSYC-132589,TOTDay1,Experiment, 16,0, 8.jpg,8.jpg,210,330,2.248, 197.185,199.433,197.184,-14,0,0,3,AH8_210,2023-11-08 12:24:09.736
9199,PSYC-132589,TOTDay1,Experiment, 17,0, 7.jpg,7.jpg,270,60,2.063, 199.793,201.856,199.792,-15,0,0,1,BE7_270,2023-11-08 12:24:12.159
9199,PSYC-132589,TOTDay1,Experiment, 18,1, 6.jpg,6.jpg,30,30,1.487, 202.257,203.744,202.256,-14,0,0,2,AM6_30,2023-11-08 12:24:14.047
9198,PSYC-134130,TOTDay1,Training, 1,0, 2.jpg,2.jpg,90,60,3.012, 11.217,14.222,11.216,-1,0,0,1,PE2_90,2023-11-08 13:51:31.484
9198,PSYC-134130,TOTDay1,Training, 2,0, 2.jpg,2.jpg,180,0,1.021, 18.376,19.398,18.376,-2,0,0,1,PE2_180,2023-11-08 13:51:36.654
9198,PSYC-134130,TOTDay1,Training, 3,0, 2.jpg,2.jpg,60,270,5.307, 26.808,32.116,26.808,-3,0,0,2,PM2_60,2023-11-08 13:51:49.372
9198,PSYC-134130,TOTDay1,Training, 4,0, 2.jpg,2.jpg,30,90,2.767, 37.125,39.892,37.124,-4,0,0,2,PM2_30,2023-11-08 13:51:57.148
9198,PSYC-134130,TOTDay1,Training, 5,0, 2.jpg,2.jpg,210,90,2.953, 42.169,45.122,42.168,-5,0,0,3,PH2_210,2023-11-08 13:52:02.378
9198,PSYC-134130,TOTDay1,Training, 6,0, 2.jpg,2.jpg,120,0,2.372, 52.061,54.434,52.06,-6,0,0,3,PH2_120,2023-11-08 13:52:11.690
9198,PSYC-134130,TOTDay1,Training, 7,0, 2.jpg,2.jpg,0,90,2.4, 62.082,64.482,62.082,-7,0,0,1,PE2_0,2023-11-08 13:52:21.739
9198,PSYC-134130,TOTDay1,Training, 8,0, 2.jpg,2.jpg,240,60,2.983, 65.777,68.76,65.776,-8,0,0,3,PH2_240,2023-11-08 13:52:26.016
9198,PSYC-134130,TOTDay1,Training, 9,0, 2.jpg,2.jpg,330,90,2.066, 70.17,72.236,70.17,-9,0,0,2,PM2_330,2023-11-08 13:52:29.492
9198,PSYC-134130,TOTDay1,Training, 10,0, 2.jpg,2.jpg,150,90,1.675, 74.213,75.888,74.212,-10,0,0,3,PH2_150,2023-11-08 13:52:33.144
9198,PSYC-134130,TOTDay1,Training, 11,0, 2.jpg,2.jpg,300,90,2.407, 77.794,80.202,77.794,-11,0,0,2,PM2_300,2023-11-08 13:52:37.458
9198,PSYC-134130,TOTDay1,Training, 12,0, 2.jpg,2.jpg,270,180,1.597, 82.097,83.694,82.096,-12,0,0,1,PE2_270,2023-11-08 13:52:40.949
9198,PSYC-134130,TOTDay1,Experiment, 1,1, 4.jpg,4.jpg,180,180,2.028, 90.198,92.226,85.588,1,0,0,1,AE4_180,2023-11-08 13:52:49.483
9198,PSYC-134130,TOTDay1,Experiment, 2,0, 9.jpg,9.jpg,30,90,1.951, 93.914,95.866,93.914,0,0,0,2,BM9_30,2023-11-08 13:52:53.121
9198,PSYC-134130,TOTDay1,Experiment, 3,0, 3.jpg,3.jpg,240,0,1.789, 97.943,99.732,97.942,-1,0,0,3,BH3_240,2023-11-08 13:52:56.989
9198,PSYC-134130,TOTDay1,Experiment, 4,0, 10.jpg,10.jpg,150,90,2.676, 101.61,104.286,101.61,-2,0,0,3,AH10_150,2023-11-08 13:53:01.543
9198,PSYC-134130,TOTDay1,Experiment, 5,0, 1.jpg,1.jpg,270,210,2.6, 106.82,109.42,106.82,-3,0,0,1,AE1_270,2023-11-08 13:53:06.676
9198,PSYC-134130,TOTDay1,Experiment, 6,0, 10.jpg,10.jpg,60,90,1.811, 111.68,113.492,111.68,-4,0,0,2,BM10_60,2023-11-08 13:53:10.748
9198,PSYC-134130,TOTDay1,Experiment, 7,0, 7.jpg,7.jpg,270,60,4.58, 115.078,119.658,115.078,-5,0,0,1,BE7_270,2023-11-08 13:53:16.915
9198,PSYC-134130,TOTDay1,Experiment, 8,0, 1.jpg,1.jpg,150,90,1.75, 121.22,122.97,121.22,-6,0,0,3,BH1_150,2023-11-08 13:53:20.227
9198,PSYC-134130,TOTDay1,Experiment, 9,0, 8.jpg,8.jpg,330,90,1.557, 124.503,126.06,124.502,-7,0,0,2,BM8_330,2023-11-08 13:53:23.316
9198,PSYC-134130,TOTDay1,Experiment, 10,0, 4.jpg,4.jpg,210,90,2.165, 126.345,128.51,126.344,-8,0,0,3,BH4_210,2023-11-08 13:53:25.766
9198,PSYC-134130,TOTDay1,Experiment, 11,0, 11.jpg,11.jpg,60,120,2.532, 128.792,131.325,128.792,-9,0,0,2,AM11_60,2023-11-08 13:53:28.581
9198,PSYC-134130,TOTDay1,Experiment, 12,0, 11.jpg,11.jpg,180,90,2.189, 133.034,135.224,133.034,-10,0,0,1,BE11_180,2023-11-08 13:53:32.480
9198,PSYC-134130,TOTDay1,Experiment, 13,0, 7.jpg,7.jpg,330,90,2.387, 135.827,138.214,135.826,-11,0,0,2,AM7_330,2023-11-08 13:53:35.470
9198,PSYC-134130,TOTDay1,Experiment, 14,1, 3.jpg,3.jpg,90,90,1.502, 140.006,141.509,140.006,-10,0,0,1,AE3_90,2023-11-08 13:53:38.765
9198,PSYC-134130,TOTDay1,Experiment, 15,0, 8.jpg,8.jpg,210,240,2.613, 143.597,146.21,143.596,-11,0,0,3,AH8_210,2023-11-08 13:53:43.467
9198,PSYC-134130,TOTDay1,Experiment, 16,0, 9.jpg,9.jpg,240,180,4.765, 148.537,153.302,148.536,-12,0,0,3,AH9_240,2023-11-08 13:53:50.559
9198,PSYC-134130,TOTDay1,Experiment, 17,1, 6.jpg,6.jpg,90,90,4.515, 155.579,160.094,155.578,-11,0,0,1,BE6_90,2023-11-08 13:53:57.350
9198,PSYC-134130,TOTDay1,Experiment, 18,0, 6.jpg,6.jpg,30,0,0.661, 161.712,162.374,161.712,-12,0,0,2,AM6_30,2023-11-08 13:53:59.629
9212,PSYC-132589,TOTDay1,Training, 1,0, 2.jpg,2.jpg,90,270,5.228, 35.455,40.678,35.454,-1,0,0,1,PE2_90,2023-11-10 09:19:44.274
9212,PSYC-132589,TOTDay1,Training, 2,1, 2.jpg,2.jpg,180,180,5.643, 49.21,54.853,49.209,0,0,0,1,PE2_180,2023-11-10 09:19:58.443
9212,PSYC-132589,TOTDay1,Training, 3,1, 2.jpg,2.jpg,60,60,8.857, 55.541,64.399,55.541,1,0,0,2,PM2_60,2023-11-10 09:20:07.990
9212,PSYC-132589,TOTDay1,Training, 4,0, 2.jpg,2.jpg,30,330,5.494, 65.062,70.555,65.061,0,0,0,2,PM2_30,2023-11-10 09:20:14.146
9212,PSYC-132589,TOTDay1,Training, 5,1, 2.jpg,2.jpg,210,210,5.35, 72.664,78.015,72.663,1,0,0,3,PH2_210,2023-11-10 09:20:21.606
9212,PSYC-132589,TOTDay1,Training, 6,1, 2.jpg,2.jpg,120,120,6.506, 78.677,85.184,78.677,2,0,0,3,PH2_120,2023-11-10 09:20:28.774
9212,PSYC-132589,TOTDay1,Training, 7,1, 2.jpg,2.jpg,0,0,5.774, 85.747,91.521,85.747,3,0,0,1,PE2_0,2023-11-10 09:20:35.112
9212,PSYC-132589,TOTDay1,Training, 8,1, 2.jpg,2.jpg,240,240,8.55, 91.999,100.549,91.999,4,0,0,3,PH2_240,2023-11-10 09:20:44.140
9212,PSYC-132589,TOTDay1,Training, 9,1, 2.jpg,2.jpg,330,330,5.625, 101.117,106.743,101.117,5,0,0,2,PM2_330,2023-11-10 09:20:50.333
9212,PSYC-132589,TOTDay1,Training, 10,1, 2.jpg,2.jpg,150,150,5.551, 107.263,112.815,107.263,6,0,0,3,PH2_150,2023-11-10 09:20:56.405
9212,PSYC-132589,TOTDay1,Training, 11,1, 2.jpg,2.jpg,300,300,5.927, 113.484,119.411,113.483,7,0,0,2,PM2_300,2023-11-10 09:21:03.002
9212,PSYC-132589,TOTDay1,Training, 12,1, 2.jpg,2.jpg,270,270,3.729, 120.022,123.751,120.021,8,0,0,1,PE2_270,2023-11-10 09:21:07.341
9212,PSYC-132589,TOTDay1,Experiment, 1,1, 9.jpg,9.jpg,30,30,5.173, 125.818,130.991,124.232,1,0,0,2,BM9_30,2023-11-10 09:21:14.582
9212,PSYC-132589,TOTDay1,Experiment, 2,0, 9.jpg,9.jpg,240,300,16.857, 131.503,148.361,131.503,0,0,0,3,AH9_240,2023-11-10 09:21:31.951
9212,PSYC-132589,TOTDay1,Experiment, 3,1, 6.jpg,6.jpg,90,90,6.933, 149.075,156.009,149.075,1,0,0,1,BE6_90,2023-11-10 09:21:39.599
9212,PSYC-132589,TOTDay1,Experiment, 4,0, 7.jpg,7.jpg,270,90,7.28, 156.537,163.817,156.537,0,0,0,1,BE7_270,2023-11-10 09:21:47.408
9212,PSYC-132589,TOTDay1,Experiment, 5,0, 7.jpg,7.jpg,330,30,7.868, 164.791,172.659,164.791,-1,0,0,2,AM7_330,2023-11-10 09:21:56.250
9212,PSYC-132589,TOTDay1,Experiment, 6,1, 3.jpg,3.jpg,240,240,8.139, 173.111,181.251,173.111,0,0,0,3,BH3_240,2023-11-10 09:22:04.841
9212,PSYC-132589,TOTDay1,Experiment, 7,1, 4.jpg,4.jpg,210,210,8.362, 181.861,190.223,181.861,1,0,0,3,BH4_210,2023-11-10 09:22:13.814
9212,PSYC-132589,TOTDay1,Experiment, 8,1, 6.jpg,6.jpg,30,30,8.581, 190.784,199.364,190.783,2,0,0,2,AM6_30,2023-11-10 09:22:22.955
9212,PSYC-132589,TOTDay1,Experiment, 9,0, 4.jpg,4.jpg,180,240,9.961, 199.934,209.895,199.933,1,0,0,1,AE4_180,2023-11-10 09:22:33.486
9212,PSYC-132589,TOTDay1,Experiment, 10,0, 1.jpg,1.jpg,270,60,6.433, 210.58,217.013,210.579,0,0,0,1,AE1_270,2023-11-10 09:22:40.604
9212,PSYC-132589,TOTDay1,Experiment, 11,0, 10.jpg,10.jpg,60,300,5.371, 217.62,222.992,217.619,-1,0,0,2,BM10_60,2023-11-10 09:22:46.583
9212,PSYC-132589,TOTDay1,Experiment, 12,0, 10.jpg,10.jpg,150,210,4.58, 223.55,228.131,223.549,-2,0,0,3,AH10_150,2023-11-10 09:22:51.722
9212,PSYC-132589,TOTDay1,Experiment, 13,0, 3.jpg,3.jpg,90,270,5.455, 228.676,234.131,228.675,-3,0,0,1,AE3_90,2023-11-10 09:22:57.721
9212,PSYC-132589,TOTDay1,Experiment, 14,0, 8.jpg,8.jpg,330,120,8.557, 234.884,243.441,234.883,-4,0,0,2,BM8_330,2023-11-10 09:23:07.031
9212,PSYC-132589,TOTDay1,Experiment, 15,1, 1.jpg,1.jpg,150,150,5.501, 244.052,249.554,244.052,-3,0,0,3,BH1_150,2023-11-10 09:23:13.145
9212,PSYC-132589,TOTDay1,Experiment, 16,0, 8.jpg,8.jpg,210,150,8.269, 250.211,258.481,250.211,-4,0,0,3,AH8_210,2023-11-10 09:23:22.071
9212,PSYC-132589,TOTDay1,Experiment, 17,0, 11.jpg,11.jpg,60,300,5.102, 259.018,264.121,259.017,-5,0,0,2,AM11_60,2023-11-10 09:23:27.712
9212,PSYC-132589,TOTDay1,Experiment, 18,1, 11.jpg,11.jpg,180,180,8.829, 264.649,273.479,264.649,-4,0,0,1,BE11_180,2023-11-10 09:23:37.069
9213,PSYC-134128,TOTDay1,Training, 1,0, 2.jpg,2.jpg,90,0,5.114, 22.968,28.075,22.967,-1,0,0,1,PE2_90,2023-11-10 09:24:27.647
9213,PSYC-134128,TOTDay1,Training, 2,1, 2.jpg,2.jpg,180,180,4.022, 34.445,38.467,34.445,0,0,0,1,PE2_180,2023-11-10 09:24:38.033
9213,PSYC-134128,TOTDay1,Training, 3,1, 2.jpg,2.jpg,60,60,5.594, 39.783,45.376,39.782,1,0,0,2,PM2_60,2023-11-10 09:24:44.941
9213,PSYC-134128,TOTDay1,Training, 4,1, 2.jpg,2.jpg,30,30,5.833, 46.733,52.566,46.733,2,0,0,2,PM2_30,2023-11-10 09:24:52.131
9213,PSYC-134128,TOTDay1,Training, 5,1, 2.jpg,2.jpg,210,210,7.803, 53.841,61.644,53.841,3,0,0,3,PH2_210,2023-11-10 09:25:01.209
9213,PSYC-134128,TOTDay1,Training, 6,1, 2.jpg,2.jpg,120,120,5.638, 62.143,67.781,62.143,4,0,0,3,PH2_120,2023-11-10 09:25:07.346
9213,PSYC-134128,TOTDay1,Training, 7,1, 2.jpg,2.jpg,0,0,4.672, 68.445,73.117,68.444,5,0,0,1,PE2_0,2023-11-10 09:25:12.682
9213,PSYC-134128,TOTDay1,Training, 8,1, 2.jpg,2.jpg,240,240,3.182, 74.125,77.307,74.124,6,0,0,3,PH2_240,2023-11-10 09:25:16.871
9213,PSYC-134128,TOTDay1,Training, 9,1, 2.jpg,2.jpg,330,330,2.823, 77.738,80.561,77.737,7,0,0,2,PM2_330,2023-11-10 09:25:20.126
9213,PSYC-134128,TOTDay1,Training, 10,1, 2.jpg,2.jpg,150,150,3.284, 81.022,84.306,81.021,8,0,0,3,PH2_150,2023-11-10 09:25:23.871
9213,PSYC-134128,TOTDay1,Training, 11,1, 2.jpg,2.jpg,300,300,3.636, 84.751,88.387,84.751,9,0,0,2,PM2_300,2023-11-10 09:25:27.952
9213,PSYC-134128,TOTDay1,Training, 12,1, 2.jpg,2.jpg,270,270,2.625, 88.969,91.594,88.969,10,0,0,1,PE2_270,2023-11-10 09:25:31.159
9213,PSYC-134128,TOTDay1,Experiment, 1,1, 8.jpg,8.jpg,330,330,7.06, 93.7,100.76,91.832,1,0,0,2,BM8_330,2023-11-10 09:25:40.325
9213,PSYC-134128,TOTDay1,Experiment, 2,1, 8.jpg,8.jpg,210,210,9.435, 101.885,111.32,101.885,2,0,0,3,AH8_210,2023-11-10 09:25:50.885
9213,PSYC-134128,TOTDay1,Experiment, 3,1, 3.jpg,3.jpg,90,90,5.083, 111.645,116.729,111.644,3,0,0,1,AE3_90,2023-11-10 09:25:56.294
9213,PSYC-134128,TOTDay1,Experiment, 4,1, 11.jpg,11.jpg,180,180,4.608, 117.022,121.631,117.022,4,0,0,1,BE11_180,2023-11-10 09:26:01.195
9213,PSYC-134128,TOTDay1,Experiment, 5,1, 3.jpg,3.jpg,240,240,7.128, 121.996,129.124,121.995,5,0,0,3,BH3_240,2023-11-10 09:26:08.689
9213,PSYC-134128,TOTDay1,Experiment, 6,0, 6.jpg,6.jpg,30,60,4.608, 129.695,134.303,129.694,4,0,0,2,AM6_30,2023-11-10 09:26:13.868
9213,PSYC-134128,TOTDay1,Experiment, 7,1, 6.jpg,6.jpg,90,90,4.582, 134.667,139.249,134.666,5,0,0,1,BE6_90,2023-11-10 09:26:18.814
9213,PSYC-134128,TOTDay1,Experiment, 8,1, 9.jpg,9.jpg,240,240,11.137, 139.689,150.826,139.688,6,0,0,3,AH9_240,2023-11-10 09:26:30.391
9213,PSYC-134128,TOTDay1,Experiment, 9,1, 11.jpg,11.jpg,60,60,12.033, 151.259,163.293,151.259,7,0,0,2,AM11_60,2023-11-10 09:26:42.858
9213,PSYC-134128,TOTDay1,Experiment, 10,1, 4.jpg,4.jpg,180,180,6.161, 164.355,170.516,164.354,8,0,0,1,AE4_180,2023-11-10 09:26:50.082
9213,PSYC-134128,TOTDay1,Experiment, 11,1, 10.jpg,10.jpg,60,60,4.087, 170.853,174.94,170.853,9,0,0,2,BM10_60,2023-11-10 09:26:54.505
9213,PSYC-134128,TOTDay1,Experiment, 12,1, 10.jpg,10.jpg,150,150,7.034, 175.339,182.372,175.338,10,0,0,3,AH10_150,2023-11-10 09:27:01.937
9213,PSYC-134128,TOTDay1,Experiment, 13,1, 9.jpg,9.jpg,30,30,9.179, 182.779,191.958,182.778,11,0,0,2,BM9_30,2023-11-10 09:27:11.524
9213,PSYC-134128,TOTDay1,Experiment, 14,1, 1.jpg,1.jpg,270,270,7.712, 192.408,200.121,192.408,12,0,0,1,AE1_270,2023-11-10 09:27:19.685
9213,PSYC-134128,TOTDay1,Experiment, 15,1, 1.jpg,1.jpg,150,150,9.123, 200.605,209.728,200.604,13,0,0,3,BH1_150,2023-11-10 09:27:29.293
9213,PSYC-134128,TOTDay1,Experiment, 16,1, 7.jpg,7.jpg,270,270,8.663, 210.365,219.028,210.365,14,0,0,1,BE7_270,2023-11-10 09:27:38.593
9213,PSYC-134128,TOTDay1,Experiment, 17,1, 7.jpg,7.jpg,330,330,4.256, 219.443,223.7,219.442,15,0,0,2,AM7_330,2023-11-10 09:27:43.265
9213,PSYC-134128,TOTDay1,Experiment, 18,1, 4.jpg,4.jpg,210,210,10.871, 224.052,234.924,224.052,16,0,0,3,BH4_210,2023-11-10 09:27:54.489
9220,PSYC-132589,TOTDay1,Training, 1,0, 2.jpg,2.jpg,90,180,7.146, 84.721,91.858,84.719,-1,0,0,1,PE2_90,2024-02-26 09:26:33.929
9220,PSYC-132589,TOTDay1,Training, 2,0, 2.jpg,2.jpg,180,210,16.166, 99.624,115.79,99.623,-2,0,0,1,PE2_180,2024-02-26 09:26:57.849
9220,PSYC-132589,TOTDay1,Training, 3,1, 2.jpg,2.jpg,60,60,13.089, 123.56,136.65,123.559,-1,0,0,2,PM2_60,2024-02-26 09:27:18.704
9220,PSYC-132589,TOTDay1,Training, 4,0, 2.jpg,2.jpg,30,150,6.892, 138.077,144.969,138.076,-2,0,0,2,PM2_30,2024-02-26 09:27:27.031
9220,PSYC-132589,TOTDay1,Training, 5,0, 2.jpg,2.jpg,210,300,9.324, 147.319,156.644,147.319,-3,0,0,3,PH2_210,2024-02-26 09:27:38.708
9220,PSYC-132589,TOTDay1,Training, 6,0, 2.jpg,2.jpg,120,210,26.502, 167.671,194.173,167.671,-4,0,0,3,PH2_120,2024-02-26 09:28:16.234
9220,PSYC-132589,TOTDay1,Training, 7,0, 2.jpg,2.jpg,0,180,4.007, 199.342,203.349,199.341,-5,0,0,1,PE2_0,2024-02-26 09:28:25.411
9220,PSYC-132589,TOTDay1,Training, 8,0, 2.jpg,2.jpg,240,0,0.726, 204.989,205.715,204.988,-6,0,0,3,PH2_240,2024-02-26 09:28:27.768
9220,PSYC-132589,TOTDay1,Training, 9,0, 2.jpg,2.jpg,330,240,7.711, 207.849,215.56,207.849,-7,0,0,2,PM2_330,2024-02-26 09:28:37.618
9220,PSYC-132589,TOTDay1,Training, 10,0, 2.jpg,2.jpg,150,30,15.523, 216.674,232.197,216.673,-8,0,0,3,PH2_150,2024-02-26 09:28:54.261
9220,PSYC-132589,TOTDay1,Training, 11,0, 2.jpg,2.jpg,300,240,16.67, 234.234,250.904,234.233,-9,0,0,2,PM2_300,2024-02-26 09:29:12.961
9220,PSYC-132589,TOTDay1,Training, 12,0, 2.jpg,2.jpg,270,120,14.27, 251.967,266.236,251.967,-10,0,0,1,PE2_270,2024-02-26 09:29:28.299
9220,PSYC-132589,TOTDay1,Experiment, 1,0, 6.jpg,6.jpg,30,210,19.284, 286.444,305.728,266.906,-1,0,0,2,AM6_30,2024-02-26 09:30:07.790
9220,PSYC-132589,TOTDay1,Experiment, 2,0, 1.jpg,1.jpg,150,120,8.917, 306.828,315.746,306.828,-2,0,0,3,BH1_150,2024-02-26 09:30:17.801
9220,PSYC-132589,TOTDay1,Experiment, 3,1, 6.jpg,6.jpg,90,90,5.184, 316.299,321.483,316.298,-1,0,0,1,BE6_90,2024-02-26 09:30:23.538
9220,PSYC-132589,TOTDay1,Experiment, 4,0, 7.jpg,7.jpg,330,30,12.486, 335.42,347.906,335.419,-2,0,0,2,AM7_330,2024-02-26 09:30:49.970
9220,PSYC-132589,TOTDay1,Experiment, 5,1, 9.jpg,9.jpg,240,240,3.357, 349.028,352.386,349.028,-1,0,0,3,AH9_240,2024-02-26 09:30:54.445
9220,PSYC-132589,TOTDay1,Experiment, 6,0, 4.jpg,4.jpg,180,210,13.617, 352.941,366.559,352.941,-2,0,0,1,AE4_180,2024-02-26 09:31:08.614
9220,PSYC-132589,TOTDay1,Experiment, 7,1, 9.jpg,9.jpg,30,30,6.627, 367.169,373.796,367.169,-1,0,0,2,BM9_30,2024-02-26 09:31:15.847
9220,PSYC-132589,TOTDay1,Experiment, 8,0, 8.jpg,8.jpg,210,150,4.752, 374.247,378.999,374.246,-2,0,0,3,AH8_210,2024-02-26 09:31:21.058
9220,PSYC-132589,TOTDay1,Experiment, 9,0, 3.jpg,3.jpg,90,210,3.423, 379.559,382.982,379.558,-3,0,0,1,AE3_90,2024-02-26 09:31:25.042
9220,PSYC-132589,TOTDay1,Experiment, 10,1, 4.jpg,4.jpg,210,210,12.586, 383.432,396.018,383.431,-2,0,0,3,BH4_210,2024-02-26 09:31:38.068
9220,PSYC-132589,TOTDay1,Experiment, 11,0, 11.jpg,11.jpg,180,0,13.818, 396.564,410.382,396.563,-3,0,0,1,BE11_180,2024-02-26 09:31:52.431
9220,PSYC-132589,TOTDay1,Experiment, 12,1, 11.jpg,11.jpg,60,60,3.539, 410.649,414.188,410.648,-2,0,0,2,AM11_60,2024-02-26 09:31:56.248
9220,PSYC-132589,TOTDay1,Experiment, 13,1, 8.jpg,8.jpg,330,330,9.441, 414.669,424.11,414.668,-1,0,0,2,BM8_330,2024-02-26 09:32:06.164
9220,PSYC-132589,TOTDay1,Experiment, 14,0, 10.jpg,10.jpg,150,210,19.979, 425.935,445.915,425.935,-2,0,0,3,AH10_150,2024-02-26 09:32:27.974
9220,PSYC-132589,TOTDay1,Experiment, 15,0, 1.jpg,1.jpg,270,30,17.398, 446.443,463.842,446.443,-3,0,0,1,AE1_270,2024-02-26 09:32:45.898
9220,PSYC-132589,TOTDay1,Experiment, 16,0, 3.jpg,3.jpg,240,300,17.31, 464.34,481.65,464.34,-4,0,0,3,BH3_240,2024-02-26 09:33:03.710
9220,PSYC-132589,TOTDay1,Experiment, 17,0, 10.jpg,10.jpg,60,150,16.478, 482.211,498.69,482.211,-5,0,0,2,BM10_60,2024-02-26 09:33:20.744
9220,PSYC-132589,TOTDay1,Experiment, 18,1, 7.jpg,7.jpg,270,270,22.402, 499.209,521.611,499.208,-4,0,0,1,BE7_270,2024-02-26 09:33:43.673
9222,PSYC-132589,TOTDay1,Training, 1,0, 2.jpg,2.jpg,90,270,4.43, 82.816,87.242,82.814,-1,0,0,1,PE2_90,2024-02-26 12:25:33.219
9222,PSYC-132589,TOTDay1,Training, 2,0, 2.jpg,2.jpg,180,0,4.771, 91.491,96.262,91.49,-2,0,0,1,PE2_180,2024-02-26 12:25:42.221
9222,PSYC-132589,TOTDay1,Training, 3,0, 2.jpg,2.jpg,60,120,8.469, 103.948,112.417,103.947,-3,0,0,2,PM2_60,2024-02-26 12:25:58.383
9222,PSYC-132589,TOTDay1,Training, 4,0, 2.jpg,2.jpg,30,120,9.674, 121.422,131.096,121.421,-4,0,0,2,PM2_30,2024-02-26 12:26:17.068
9222,PSYC-132589,TOTDay1,Training, 5,0, 2.jpg,2.jpg,210,300,7.74, 141.865,149.605,141.864,-5,0,0,3,PH2_210,2024-02-26 12:26:35.576
9222,PSYC-132589,TOTDay1,Training, 6,1, 2.jpg,2.jpg,120,120,17.794, 156.231,174.025,156.231,-4,0,0,3,PH2_120,2024-02-26 12:26:59.999
9222,PSYC-132589,TOTDay1,Training, 7,1, 2.jpg,2.jpg,0,0,7.816, 175.689,183.506,175.689,-3,0,0,1,PE2_0,2024-02-26 12:27:09.466
9222,PSYC-132589,TOTDay1,Training, 8,0, 2.jpg,2.jpg,240,120,13.077, 184.758,197.836,184.757,-4,0,0,3,PH2_240,2024-02-26 12:27:23.800
9222,PSYC-132589,TOTDay1,Training, 9,0, 2.jpg,2.jpg,330,60,6.007, 199.856,205.863,199.855,-5,0,0,2,PM2_330,2024-02-26 12:27:31.831
9222,PSYC-132589,TOTDay1,Training, 10,0, 2.jpg,2.jpg,150,120,7.412, 210.109,217.521,210.109,-6,0,0,3,PH2_150,2024-02-26 12:27:43.485
9222,PSYC-132589,TOTDay1,Training, 11,0, 2.jpg,2.jpg,300,60,13.505, 219.199,232.705,219.199,-7,0,0,2,PM2_300,2024-02-26 12:27:58.669
9222,PSYC-132589,TOTDay1,Training, 12,1, 2.jpg,2.jpg,270,270,5.21, 235.225,240.436,235.225,-6,0,0,1,PE2_270,2024-02-26 12:28:06.402
9222,PSYC-132589,TOTDay1,Experiment, 1,1, 4.jpg,4.jpg,210,210,14.041, 243.821,257.862,241.805,1,0,0,3,BH4_210,2024-02-26 12:28:23.833
9222,PSYC-132589,TOTDay1,Experiment, 2,0, 6.jpg,6.jpg,90,120,7.899, 259.085,266.985,259.085,0,0,0,1,BE6_90,2024-02-26 12:28:32.951
9222,PSYC-132589,TOTDay1,Experiment, 3,0, 11.jpg,11.jpg,60,300,14.342, 268.081,282.424,268.081,-1,0,0,2,AM11_60,2024-02-26 12:28:48.384
9222,PSYC-132589,TOTDay1,Experiment, 4,0, 3.jpg,3.jpg,240,300,13.483, 283.283,296.766,283.282,-2,0,0,3,BH3_240,2024-02-26 12:29:02.735
9222,PSYC-132589,TOTDay1,Experiment, 5,0, 7.jpg,7.jpg,270,120,12.788, 297.497,310.285,297.497,-3,0,0,1,BE7_270,2024-02-26 12:29:16.246
9222,PSYC-132589,TOTDay1,Experiment, 6,0, 7.jpg,7.jpg,330,150,8.166, 317.039,325.206,317.038,-4,0,0,2,AM7_330,2024-02-26 12:29:31.179
9222,PSYC-132589,TOTDay1,Experiment, 7,0, 3.jpg,3.jpg,90,330,12.862, 325.825,338.687,325.824,-5,0,0,1,AE3_90,2024-02-26 12:29:44.646
9222,PSYC-132589,TOTDay1,Experiment, 8,0, 10.jpg,10.jpg,60,330,12.168, 339.395,351.564,339.394,-6,0,0,2,BM10_60,2024-02-26 12:29:57.534
9222,PSYC-132589,TOTDay1,Experiment, 9,0, 1.jpg,1.jpg,150,240,14.305, 352.242,366.547,352.242,-7,0,0,3,BH1_150,2024-02-26 12:30:12.508
9222,PSYC-132589,TOTDay1,Experiment, 10,0, 6.jpg,6.jpg,30,210,13.901, 368.504,382.406,368.504,-8,0,0,2,AM6_30,2024-02-26 12:30:28.368
9222,PSYC-132589,TOTDay1,Experiment, 11,1, 1.jpg,1.jpg,270,270,8.179, 384.662,392.841,384.661,-7,0,0,1,AE1_270,2024-02-26 12:30:38.804
9222,PSYC-132589,TOTDay1,Experiment, 12,0, 9.jpg,9.jpg,240,210,13.436, 394.054,407.49,394.053,-8,0,0,3,AH9_240,2024-02-26 12:30:53.464
9222,PSYC-132589,TOTDay1,Experiment, 13,0, 8.jpg,8.jpg,330,30,9.016, 408.534,417.549,408.533,-9,0,0,2,BM8_330,2024-02-26 12:31:03.525
9222,PSYC-132589,TOTDay1,Experiment, 14,0, 10.jpg,10.jpg,150,120,8.503, 418.134,426.637,418.133,-10,0,0,3,AH10_150,2024-02-26 12:31:12.608
9222,PSYC-132589,TOTDay1,Experiment, 15,0, 11.jpg,11.jpg,180,330,8.625, 428.637,437.262,428.637,-11,0,0,1,BE11_180,2024-02-26 12:31:23.235
9222,PSYC-132589,TOTDay1,Experiment, 16,0, 8.jpg,8.jpg,210,30,17.056, 438.443,455.499,438.443,-12,0,0,3,AH8_210,2024-02-26 12:31:41.464
9222,PSYC-132589,TOTDay1,Experiment, 17,0, 4.jpg,4.jpg,180,60,7.915, 456.737,464.652,456.736,-13,0,0,1,AE4_180,2024-02-26 12:31:50.612
9222,PSYC-132589,TOTDay1,Experiment, 18,0, 9.jpg,9.jpg,30,60,7.803, 466.057,473.86,466.056,-14,0,0,2,BM9_30,2024-02-26 12:31:59.821
9223,PSYC-132589,TOTDay1,Training, 1,1, 2.jpg,2.jpg,90,90,10.368, 17.437,27.802,17.435,1,0,0,1,PE2_90,2024-02-26 15:21:10.231
9223,PSYC-132589,TOTDay1,Training, 2,1, 2.jpg,2.jpg,180,180,7.544, 30.156,37.701,30.156,2,0,0,1,PE2_180,2024-02-26 15:21:20.126
9223,PSYC-132589,TOTDay1,Training, 3,0, 2.jpg,2.jpg,60,300,11.795, 38.883,50.678,38.882,1,0,0,2,PM2_60,2024-02-26 15:21:33.102
9223,PSYC-132589,TOTDay1,Training, 4,0, 2.jpg,2.jpg,30,60,3.279, 62.685,65.964,62.684,0,0,0,2,PM2_30,2024-02-26 15:21:48.383
9223,PSYC-132589,TOTDay1,Training, 5,0, 2.jpg,2.jpg,210,240,3.252, 68.587,71.838,68.586,-1,0,0,3,PH2_210,2024-02-26 15:21:54.259
9223,PSYC-132589,TOTDay1,Training, 6,0, 2.jpg,2.jpg,120,30,9.729, 77.984,87.713,77.984,-2,0,0,3,PH2_120,2024-02-26 15:22:10.127
9223,PSYC-132589,TOTDay1,Training, 7,1, 2.jpg,2.jpg,0,0,0.141, 92.622,92.763,92.622,-1,0,0,1,PE2_0,2024-02-26 15:22:15.189
9223,PSYC-132589,TOTDay1,Training, 8,0, 2.jpg,2.jpg,240,300,12.711, 92.917,105.628,92.916,-2,0,0,3,PH2_240,2024-02-26 15:22:28.056
9223,PSYC-132589,TOTDay1,Training, 9,0, 2.jpg,2.jpg,330,30,2.187, 108.464,110.651,108.464,-3,0,0,2,PM2_330,2024-02-26 15:22:33.066
9223,PSYC-132589,TOTDay1,Training, 10,0, 2.jpg,2.jpg,150,120,2.596, 111.864,114.46,111.864,-4,0,0,3,PH2_150,2024-02-26 15:22:36.884
9223,PSYC-132589,TOTDay1,Training, 11,0, 2.jpg,2.jpg,300,330,4.328, 115.819,120.147,115.818,-5,0,0,2,PM2_300,2024-02-26 15:22:42.571
9223,PSYC-132589,TOTDay1,Training, 12,1, 2.jpg,2.jpg,270,270,5.609, 122.132,127.741,122.131,-4,0,0,1,PE2_270,2024-02-26 15:22:50.161
9223,PSYC-132589,TOTDay1,Experiment, 1,0, 8.jpg,8.jpg,210,30,5.667, 132.612,138.28,129.407,-1,0,0,3,AH8_210,2024-02-26 15:23:00.705
9223,PSYC-132589,TOTDay1,Experiment, 2,0, 7.jpg,7.jpg,270,180,6.359, 140.94,147.3,140.94,-2,0,0,1,BE7_270,2024-02-26 15:23:09.722
9223,PSYC-132589,TOTDay1,Experiment, 3,0, 6.jpg,6.jpg,30,90,2.605, 147.977,150.582,147.976,-3,0,0,2,AM6_30,2024-02-26 15:23:13.004
9223,PSYC-132589,TOTDay1,Experiment, 4,0, 6.jpg,6.jpg,90,270,3.057, 151.792,154.85,151.792,-4,0,0,1,BE6_90,2024-02-26 15:23:17.276
9223,PSYC-132589,TOTDay1,Experiment, 5,0, 1.jpg,1.jpg,150,30,3.914, 156.187,160.101,156.186,-5,0,0,3,BH1_150,2024-02-26 15:23:22.518
9223,PSYC-132589,TOTDay1,Experiment, 6,0, 11.jpg,11.jpg,60,120,6.447, 160.896,167.343,160.895,-6,0,0,2,AM11_60,2024-02-26 15:23:29.761
9223,PSYC-132589,TOTDay1,Experiment, 7,0, 3.jpg,3.jpg,90,180,4.913, 170.192,175.105,170.191,-7,0,0,1,AE3_90,2024-02-26 15:23:37.524
9223,PSYC-132589,TOTDay1,Experiment, 8,0, 4.jpg,4.jpg,210,270,3.558, 177.794,181.352,177.793,-8,0,0,3,BH4_210,2024-02-26 15:23:43.774
9223,PSYC-132589,TOTDay1,Experiment, 9,0, 9.jpg,9.jpg,30,90,1.647, 182.896,184.543,182.895,-9,0,0,2,BM9_30,2024-02-26 15:23:46.963
9223,PSYC-132589,TOTDay1,Experiment, 10,0, 9.jpg,9.jpg,240,0,1.815, 185.42,187.235,185.419,-10,0,0,3,AH9_240,2024-02-26 15:23:49.662
9223,PSYC-132589,TOTDay1,Experiment, 11,0, 4.jpg,4.jpg,180,0,0.886, 188.14,189.027,188.14,-11,0,0,1,AE4_180,2024-02-26 15:23:51.453
9223,PSYC-132589,TOTDay1,Experiment, 12,0, 10.jpg,10.jpg,60,0,0.627, 189.777,190.405,189.777,-12,0,0,2,BM10_60,2024-02-26 15:23:52.820
9223,PSYC-132589,TOTDay1,Experiment, 13,0, 8.jpg,8.jpg,330,0,0.532, 190.913,191.446,190.913,-13,0,0,2,BM8_330,2024-02-26 15:23:53.871
9223,PSYC-132589,TOTDay1,Experiment, 14,0, 3.jpg,3.jpg,240,0,1.403, 197.966,199.369,197.965,-14,0,0,3,BH3_240,2024-02-26 15:24:01.791
9223,PSYC-132589,TOTDay1,Experiment, 15,0, 1.jpg,1.jpg,270,0,0.322, 199.55,199.872,199.549,-15,0,0,1,AE1_270,2024-02-26 15:24:02.293
9223,PSYC-132589,TOTDay1,Experiment, 16,0, 7.jpg,7.jpg,330,0,0.18, 200.047,200.227,200.046,-16,0,0,2,AM7_330,2024-02-26 15:24:02.654
9223,PSYC-132589,TOTDay1,Experiment, 17,1, 11.jpg,11.jpg,180,180,3.763, 201.476,205.239,201.475,-15,0,0,1,BE11_180,2024-02-26 15:24:07.666
9223,PSYC-132589,TOTDay1,Experiment, 18,0, 10.jpg,10.jpg,150,30,4.271, 208.135,212.406,208.135,-16,0,0,3,AH10_150,2024-02-26 15:24:14.825
9226,PSYC-132589,TOTDay1,Training, 1,0, 2.jpg,2.jpg,90,0,7.972, 97.535,105.504,97.533,-1,0,0,1,PE2_90,2024-02-27 09:25:23.776
9226,PSYC-132589,TOTDay1,Training, 2,1, 2.jpg,2.jpg,180,180,9.784, 117.365,127.149,117.364,0,0,0,1,PE2_180,2024-02-27 09:25:45.423
9226,PSYC-132589,TOTDay1,Training, 3,0, 2.jpg,2.jpg,60,30,7.326, 130.281,137.608,130.281,-1,0,0,2,PM2_60,2024-02-27 09:25:55.888
9226,PSYC-132589,TOTDay1,Training, 4,1, 2.jpg,2.jpg,30,30,9.401, 141.67,151.071,141.669,0,0,0,2,PM2_30,2024-02-27 09:26:09.347
9226,PSYC-132589,TOTDay1,Training, 5,1, 2.jpg,2.jpg,210,210,11.06, 155.195,166.255,155.195,1,0,0,3,PH2_210,2024-02-27 09:26:24.522
9226,PSYC-132589,TOTDay1,Training, 6,1, 2.jpg,2.jpg,120,120,6.511, 169.91,176.421,169.909,2,0,0,3,PH2_120,2024-02-27 09:26:34.699
9226,PSYC-132589,TOTDay1,Training, 7,1, 2.jpg,2.jpg,0,0,3.563, 178.385,181.948,178.385,3,0,0,1,PE2_0,2024-02-27 09:26:40.225
9226,PSYC-132589,TOTDay1,Training, 8,1, 2.jpg,2.jpg,240,240,11.19, 183.082,194.273,183.081,4,0,0,3,PH2_240,2024-02-27 09:26:52.543
9226,PSYC-132589,TOTDay1,Training, 9,1, 2.jpg,2.jpg,330,330,5.839, 195.538,201.377,195.537,5,0,0,2,PM2_330,2024-02-27 09:26:59.656
9226,PSYC-132589,TOTDay1,Training, 10,1, 2.jpg,2.jpg,150,150,6.138, 202.893,209.031,202.893,6,0,0,3,PH2_150,2024-02-27 09:27:07.309
9226,PSYC-132589,TOTDay1,Training, 11,0, 2.jpg,2.jpg,300,330,9.681, 210.001,219.681,210,5,0,0,2,PM2_300,2024-02-27 09:27:17.956
9226,PSYC-132589,TOTDay1,Training, 12,1, 2.jpg,2.jpg,270,270,5.35, 221.197,226.548,221.197,6,0,0,1,PE2_270,2024-02-27 09:27:24.821
9226,PSYC-132589,TOTDay1,Experiment, 1,0, 9.jpg,9.jpg,30,210,11.993, 229.348,241.341,227.502,-1,0,0,2,BM9_30,2024-02-27 09:27:39.617
9226,PSYC-132589,TOTDay1,Experiment, 2,1, 4.jpg,4.jpg,180,180,8.692, 242.849,251.542,242.849,0,0,0,1,AE4_180,2024-02-27 09:27:49.815
9226,PSYC-132589,TOTDay1,Experiment, 3,1, 8.jpg,8.jpg,210,210,12.169, 252.56,264.73,252.559,1,0,0,3,AH8_210,2024-02-27 09:28:02.995
9226,PSYC-132589,TOTDay1,Experiment, 4,0, 11.jpg,11.jpg,180,0,4.556, 265.575,270.132,265.574,0,0,0,1,BE11_180,2024-02-27 09:28:08.398
9226,PSYC-132589,TOTDay1,Experiment, 5,1, 1.jpg,1.jpg,150,150,10.997, 273.9,284.897,273.9,1,0,0,3,BH1_150,2024-02-27 09:28:23.166
9226,PSYC-132589,TOTDay1,Experiment, 6,0, 6.jpg,6.jpg,30,60,10.538, 285.797,296.336,285.797,0,0,0,2,AM6_30,2024-02-27 09:28:34.600
9226,PSYC-132589,TOTDay1,Experiment, 7,0, 7.jpg,7.jpg,330,300,13.768, 298.162,311.93,298.161,-1,0,0,2,AM7_330,2024-02-27 09:28:50.202
9226,PSYC-132589,TOTDay1,Experiment, 8,1, 3.jpg,3.jpg,90,90,6.367, 312.952,319.32,312.952,0,0,0,1,AE3_90,2024-02-27 09:28:57.587
9226,PSYC-132589,TOTDay1,Experiment, 9,1, 9.jpg,9.jpg,240,240,8.715, 320.193,328.908,320.192,1,0,0,3,AH9_240,2024-02-27 09:29:07.172
9226,PSYC-132589,TOTDay1,Experiment, 10,0, 4.jpg,4.jpg,210,180,9.958, 329.812,339.771,329.812,0,0,0,3,BH4_210,2024-02-27 09:29:18.043
9226,PSYC-132589,TOTDay1,Experiment, 11,1, 6.jpg,6.jpg,90,90,4.595, 345.268,349.863,345.267,1,0,0,1,BE6_90,2024-02-27 09:29:28.142
9226,PSYC-132589,TOTDay1,Experiment, 12,1, 11.jpg,11.jpg,60,60,10.263, 353.394,363.658,353.393,2,0,0,2,AM11_60,2024-02-27 09:29:41.937
9226,PSYC-132589,TOTDay1,Experiment, 13,1, 8.jpg,8.jpg,330,330,9.281, 364.542,373.823,364.541,3,0,0,2,BM8_330,2024-02-27 09:29:52.096
9226,PSYC-132589,TOTDay1,Experiment, 14,1, 1.jpg,1.jpg,270,270,7.665, 374.61,382.275,374.609,4,0,0,1,AE1_270,2024-02-27 09:30:00.550
9226,PSYC-132589,TOTDay1,Experiment, 15,1, 10.jpg,10.jpg,150,150,8.074, 388.158,396.232,388.157,5,0,0,3,AH10_150,2024-02-27 09:30:14.505
9226,PSYC-132589,TOTDay1,Experiment, 16,1, 3.jpg,3.jpg,240,240,8.418, 396.904,405.322,396.903,6,0,0,3,BH3_240,2024-02-27 09:30:23.594
9226,PSYC-132589,TOTDay1,Experiment, 17,0, 10.jpg,10.jpg,60,30,7.771, 406.176,413.947,406.175,5,0,0,2,BM10_60,2024-02-27 09:30:32.219
9226,PSYC-132589,TOTDay1,Experiment, 18,1, 7.jpg,7.jpg,270,270,6.984, 416.865,423.85,416.865,6,0,0,1,BE7_270,2024-02-27 09:30:42.120
9228,PSYC-132589,TOTDay1,Training, 1,0, 2.jpg,2.jpg,90,180,10.955, 16.232,27.184,16.23,-1,0,0,1,PE2_90,2024-02-27 12:37:22.577
9228,PSYC-132589,TOTDay1,Training, 2,1, 2.jpg,2.jpg,180,180,13.958, 43.57,57.528,43.57,0,0,0,1,PE2_180,2024-02-27 12:37:52.918
9228,PSYC-132589,TOTDay1,Training, 3,0, 2.jpg,2.jpg,60,210,15.425, 58.223,73.648,58.223,-1,0,0,2,PM2_60,2024-02-27 12:38:09.038
9228,PSYC-132589,TOTDay1,Training, 4,0, 2.jpg,2.jpg,30,240,7.599, 79.239,86.839,79.239,-2,0,0,2,PM2_30,2024-02-27 12:38:22.219
9228,PSYC-132589,TOTDay1,Training, 5,1, 2.jpg,2.jpg,210,210,14.588, 89.394,103.981,89.393,-1,0,0,3,PH2_210,2024-02-27 12:38:39.361
9228,PSYC-132589,TOTDay1,Training, 6,0, 2.jpg,2.jpg,120,150,2.893, 104.827,107.72,104.827,-2,0,0,3,PH2_120,2024-02-27 12:38:43.100
9228,PSYC-132589,TOTDay1,Training, 7,1, 2.jpg,2.jpg,0,0,4.276, 112.733,117.009,112.732,-1,0,0,1,PE2_0,2024-02-27 12:38:52.401
9228,PSYC-132589,TOTDay1,Training, 8,0, 2.jpg,2.jpg,240,330,5.818, 117.566,123.384,117.565,-2,0,0,3,PH2_240,2024-02-27 12:38:58.763
9228,PSYC-132589,TOTDay1,Training, 9,0, 2.jpg,2.jpg,330,240,5.358, 124.453,129.811,124.452,-3,0,0,2,PM2_330,2024-02-27 12:39:05.188
9228,PSYC-132589,TOTDay1,Training, 10,0, 2.jpg,2.jpg,150,330,9.722, 130.43,140.152,130.429,-4,0,0,3,PH2_150,2024-02-27 12:39:15.543
9228,PSYC-132589,TOTDay1,Training, 11,1, 2.jpg,2.jpg,300,300,6.676, 140.639,147.315,140.639,-3,0,0,2,PM2_300,2024-02-27 12:39:22.708
9228,PSYC-132589,TOTDay1,Training, 12,1, 2.jpg,2.jpg,270,270,5.564, 147.999,153.564,147.999,-2,0,0,1,PE2_270,2024-02-27 12:39:28.953
9228,PSYC-132589,TOTDay1,Experiment, 1,0, 3.jpg,3.jpg,90,180,11.928, 156.926,168.854,154.161,-1,0,0,1,AE3_90,2024-02-27 12:39:44.245
9228,PSYC-132589,TOTDay1,Experiment, 2,0, 8.jpg,8.jpg,210,90,13.098, 172.907,186.006,172.907,-2,0,0,3,AH8_210,2024-02-27 12:40:01.387
9228,PSYC-132589,TOTDay1,Experiment, 3,0, 7.jpg,7.jpg,330,120,8.791, 186.445,195.236,186.444,-3,0,0,2,AM7_330,2024-02-27 12:40:10.626
9228,PSYC-132589,TOTDay1,Experiment, 4,0, 11.jpg,11.jpg,60,300,2.678, 195.685,198.363,195.684,-4,0,0,2,AM11_60,2024-02-27 12:40:13.750
9228,PSYC-132589,TOTDay1,Experiment, 5,0, 1.jpg,1.jpg,150,120,5.88, 198.772,204.652,198.771,-5,0,0,3,BH1_150,2024-02-27 12:40:20.034
9228,PSYC-132589,TOTDay1,Experiment, 6,1, 7.jpg,7.jpg,270,270,3.293, 205.181,208.475,205.18,-4,0,0,1,BE7_270,2024-02-27 12:40:23.854
9228,PSYC-132589,TOTDay1,Experiment, 7,0, 1.jpg,1.jpg,270,330,4.202, 208.896,213.098,208.896,-5,0,0,1,AE1_270,2024-02-27 12:40:28.486
9228,PSYC-132589,TOTDay1,Experiment, 8,0, 6.jpg,6.jpg,30,150,4.391, 213.541,217.932,213.54,-6,0,0,2,AM6_30,2024-02-27 12:40:33.310
9228,PSYC-132589,TOTDay1,Experiment, 9,0, 10.jpg,10.jpg,150,0,1.689, 218.407,220.096,218.407,-7,0,0,3,AH10_150,2024-02-27 12:40:35.477
9228,PSYC-132589,TOTDay1,Experiment, 10,0, 3.jpg,3.jpg,240,210,11.454, 224.574,236.028,224.574,-8,0,0,3,BH3_240,2024-02-27 12:40:51.419
9228,PSYC-132589,TOTDay1,Experiment, 11,0, 10.jpg,10.jpg,60,120,7.224, 236.537,243.762,236.536,-9,0,0,2,BM10_60,2024-02-27 12:40:59.146
9228,PSYC-132589,TOTDay1,Experiment, 12,1, 6.jpg,6.jpg,90,90,4.088, 244.176,248.264,244.175,-8,0,0,1,BE6_90,2024-02-27 12:41:03.655
9228,PSYC-132589,TOTDay1,Experiment, 13,0, 8.jpg,8.jpg,330,150,5.046, 251.076,256.122,251.075,-9,0,0,2,BM8_330,2024-02-27 12:41:11.509
9228,PSYC-132589,TOTDay1,Experiment, 14,0, 4.jpg,4.jpg,180,240,3.217, 257.166,260.383,257.165,-10,0,0,1,AE4_180,2024-02-27 12:41:15.766
9228,PSYC-132589,TOTDay1,Experiment, 15,0, 4.jpg,4.jpg,210,90,2.898, 260.764,263.662,260.763,-11,0,0,3,BH4_210,2024-02-27 12:41:19.050
9228,PSYC-132589,TOTDay1,Experiment, 16,1, 9.jpg,9.jpg,30,30,2.481, 265.372,267.854,265.371,-10,0,0,2,BM9_30,2024-02-27 12:41:23.243
9228,PSYC-132589,TOTDay1,Experiment, 17,0, 11.jpg,11.jpg,180,0,2.845, 268.16,271.005,268.16,-11,0,0,1,BE11_180,2024-02-27 12:41:26.386
9228,PSYC-132589,TOTDay1,Experiment, 18,1, 9.jpg,9.jpg,240,240,2.732, 271.481,274.213,271.48,-10,0,0,3,AH9_240,2024-02-27 12:41:29.592
9229,PSYC-134128,TOTDay1,Training, 1,0, 2.jpg,2.jpg,90,0,15.397, 89.063,104.452,89.061,-1,0,0,1,PE2_90,2024-02-27 12:28:37.425
9229,PSYC-134128,TOTDay1,Training, 2,0, 2.jpg,2.jpg,180,90,6.874, 111.208,118.082,111.208,-2,0,0,1,PE2_180,2024-02-27 12:28:51.044
9229,PSYC-134128,TOTDay1,Training, 3,0, 2.jpg,2.jpg,60,180,8.215, 129.604,137.82,129.604,-3,0,0,2,PM2_60,2024-02-27 12:29:10.780
9229,PSYC-134128,TOTDay1,Training, 4,0, 2.jpg,2.jpg,30,0,0.227, 142.52,142.748,142.52,-4,0,0,2,PM2_30,2024-02-27 12:29:15.711
9229,PSYC-134128,TOTDay1,Training, 5,0, 2.jpg,2.jpg,210,300,6.623, 145.29,151.913,145.29,-5,0,0,3,PH2_210,2024-02-27 12:29:24.869
9229,PSYC-134128,TOTDay1,Training, 6,0, 2.jpg,2.jpg,120,150,18.629, 173.752,192.381,173.751,-6,0,0,3,PH2_120,2024-02-27 12:30:05.338
9229,PSYC-134128,TOTDay1,Training, 7,1, 2.jpg,2.jpg,0,0,20.616, 197.798,218.415,197.798,-5,0,0,1,PE2_0,2024-02-27 12:30:31.370
9229,PSYC-134128,TOTDay1,Training, 8,0, 2.jpg,2.jpg,240,90,33.422, 219.173,252.595,219.173,-6,0,0,3,PH2_240,2024-02-27 12:31:05.564
9229,PSYC-134128,TOTDay1,Training, 9,0, 2.jpg,2.jpg,330,-1,36.068, 260.646,296.713,260.645,-7,0,0,2,PM2_330,2024-02-27 12:31:49.686
9229,PSYC-134128,TOTDay1,Training, 10,0, 2.jpg,2.jpg,150,330,13.676, 301.113,314.789,301.113,-8,0,0,3,PH2_150,2024-02-27 12:32:07.761
9229,PSYC-134128,TOTDay1,Training, 11,0, 2.jpg,2.jpg,300,120,21.279, 327.047,348.327,327.047,-9,0,0,2,PM2_300,2024-02-27 12:32:41.291
9229,PSYC-134128,TOTDay1,Training, 12,0, 2.jpg,2.jpg,270,60,20.473, 355.305,375.778,355.304,-10,0,0,1,PE2_270,2024-02-27 12:33:08.742
9229,PSYC-134128,TOTDay1,Experiment, 1,0, 6.jpg,6.jpg,90,270,13.686, 386.182,399.869,379.943,-1,0,0,1,BE6_90,2024-02-27 12:33:32.837
9229,PSYC-134128,TOTDay1,Experiment, 2,0, 1.jpg,1.jpg,150,120,13.59, 405.028,418.619,405.028,-2,0,0,3,BH1_150,2024-02-27 12:33:51.584
9229,PSYC-134128,TOTDay1,Experiment, 3,0, 11.jpg,11.jpg,60,240,18.022, 437.899,455.922,437.898,-3,0,0,2,AM11_60,2024-02-27 12:34:28.883
9229,PSYC-134128,TOTDay1,Experiment, 4,0, 3.jpg,3.jpg,240,90,14.201, 464.491,478.692,464.49,-4,0,0,3,BH3_240,2024-02-27 12:34:51.664
9229,PSYC-134128,TOTDay1,Experiment, 5,0, 10.jpg,10.jpg,60,330,33.771, 483.924,517.696,483.924,-5,0,0,2,BM10_60,2024-02-27 12:35:30.661
9229,PSYC-134128,TOTDay1,Experiment, 6,0, 4.jpg,4.jpg,180,60,18.549, 519.246,537.795,519.246,-6,0,0,1,AE4_180,2024-02-27 12:35:50.755
9229,PSYC-134128,TOTDay1,Experiment, 7,0, 7.jpg,7.jpg,270,120,31.449, 540.276,571.725,540.275,-7,0,0,1,BE7_270,2024-02-27 12:36:24.691
9229,PSYC-134128,TOTDay1,Experiment, 8,0, 9.jpg,9.jpg,30,210,24.705, 575.665,600.37,575.664,-8,0,0,2,BM9_30,2024-02-27 12:36:53.333
9229,PSYC-134128,TOTDay1,Experiment, 9,0, 9.jpg,9.jpg,240,30,17.134, 608.934,626.068,608.933,-9,0,0,3,AH9_240,2024-02-27 12:37:19.038
9229,PSYC-134128,TOTDay1,Experiment, 10,0, 10.jpg,10.jpg,150,330,33.839, 630.38,664.218,630.379,-10,0,0,3,AH10_150,2024-02-27 12:37:57.186
9229,PSYC-134128,TOTDay1,Experiment, 11,0, 6.jpg,6.jpg,30,-1,36.114, 668.064,704.178,668.063,-11,0,0,2,AM6_30,2024-02-27 12:38:37.150
9229,PSYC-134128,TOTDay1,Experiment, 12,0, 11.jpg,11.jpg,180,-1,36.043, 706.833,742.876,706.833,-12,0,0,1,BE11_180,2024-02-27 12:39:15.850
9229,PSYC-134128,TOTDay1,Experiment, 13,0, 4.jpg,4.jpg,210,180,15.848, 746.897,762.745,746.896,-13,0,0,3,BH4_210,2024-02-27 12:39:35.711
9229,PSYC-134128,TOTDay1,Experiment, 14,0, 3.jpg,3.jpg,90,120,34.912, 777.565,812.477,777.564,-14,0,0,1,AE3_90,2024-02-27 12:40:25.446
9229,PSYC-134128,TOTDay1,Experiment, 15,0, 8.jpg,8.jpg,330,210,34.594, 846.657,881.252,846.657,-15,0,0,2,BM8_330,2024-02-27 12:41:34.211
9229,PSYC-134128,TOTDay1,Experiment, 16,0, 7.jpg,7.jpg,330,-1,36.049, 884.667,920.716,884.667,-16,0,0,2,AM7_330,2024-02-27 12:42:13.689
9229,PSYC-134128,TOTDay1,Experiment, 17,0, 1.jpg,1.jpg,270,90,29.474, 921.047,950.522,921.047,-17,0,0,1,AE1_270,2024-02-27 12:42:43.481
9229,PSYC-134128,TOTDay1,Experiment, 18,0, 8.jpg,8.jpg,210,30,34.483, 953.428,987.912,953.428,-18,0,0,3,AH8_210,2024-02-27 12:43:20.880
9229,PSYC-134128,TOTDay1,Experiment, 19,0, 8.jpg,8.jpg,210,-1,36.081, 953.428,989.509,989.19,-19,0,0,3,AH8_210,2024-02-27 12:43:22.482
9230,PSYC-132589,TOTDay1,Training, 1,1, 2.jpg,2.jpg,90,90,7.813, 16.812,24.616,16.811,1,0,0,1,PE2_90,2024-02-28 09:19:20.567
9230,PSYC-132589,TOTDay1,Training, 2,1, 2.jpg,2.jpg,180,180,4.477, 27.774,32.251,27.773,2,0,0,1,PE2_180,2024-02-28 09:19:28.181
9230,PSYC-132589,TOTDay1,Training, 3,0, 2.jpg,2.jpg,60,30,3.97, 32.531,36.501,32.53,1,0,0,2,PM2_60,2024-02-28 09:19:32.440
9230,PSYC-132589,TOTDay1,Training, 4,0, 2.jpg,2.jpg,30,150,8.021, 42.252,50.273,42.252,0,0,0,2,PM2_30,2024-02-28 09:19:46.209
9230,PSYC-132589,TOTDay1,Training, 5,1, 2.jpg,2.jpg,210,210,5.921, 52.438,58.359,52.437,1,0,0,3,PH2_210,2024-02-28 09:19:54.299
9230,PSYC-132589,TOTDay1,Training, 6,1, 2.jpg,2.jpg,120,120,4.53, 59.19,63.721,59.19,2,0,0,3,PH2_120,2024-02-28 09:19:59.656
9230,PSYC-132589,TOTDay1,Training, 7,1, 2.jpg,2.jpg,0,0,1.083, 65.44,66.523,65.439,3,0,0,1,PE2_0,2024-02-28 09:20:02.452
9230,PSYC-132589,TOTDay1,Training, 8,1, 2.jpg,2.jpg,240,240,16.46, 66.753,83.214,66.753,4,0,0,3,PH2_240,2024-02-28 09:20:19.146
9230,PSYC-132589,TOTDay1,Training, 9,0, 2.jpg,2.jpg,330,150,6.441, 88.196,94.638,88.195,3,0,0,2,PM2_330,2024-02-28 09:20:30.577
9230,PSYC-132589,TOTDay1,Training, 10,1, 2.jpg,2.jpg,150,150,8.631, 95.812,104.444,95.811,4,0,0,3,PH2_150,2024-02-28 09:20:40.377
9230,PSYC-132589,TOTDay1,Training, 11,0, 2.jpg,2.jpg,300,330,14.969, 105.266,120.235,105.266,3,0,0,2,PM2_300,2024-02-28 09:20:56.171
9230,PSYC-132589,TOTDay1,Training, 12,1, 2.jpg,2.jpg,270,270,5.85, 122.101,127.952,122.1,4,0,0,1,PE2_270,2024-02-28 09:21:03.886
9230,PSYC-132589,TOTDay1,Experiment, 1,1, 10.jpg,10.jpg,60,60,13.987, 133.503,147.49,128.586,1,0,0,2,BM10_60,2024-02-28 09:21:23.422
9230,PSYC-132589,TOTDay1,Experiment, 2,0, 6.jpg,6.jpg,90,30,7.094, 148.398,155.492,148.397,0,0,0,1,BE6_90,2024-02-28 09:21:31.435
9230,PSYC-132589,TOTDay1,Experiment, 3,1, 8.jpg,8.jpg,210,210,9.278, 156.306,165.584,156.306,1,0,0,3,AH8_210,2024-02-28 09:21:41.521
9230,PSYC-132589,TOTDay1,Experiment, 4,0, 1.jpg,1.jpg,270,240,15.374, 166.12,181.494,166.119,0,0,0,1,AE1_270,2024-02-28 09:21:57.428
9230,PSYC-132589,TOTDay1,Experiment, 5,0, 11.jpg,11.jpg,60,120,12.889, 182.326,195.216,182.325,-1,0,0,2,AM11_60,2024-02-28 09:22:11.149
9230,PSYC-132589,TOTDay1,Experiment, 6,0, 1.jpg,1.jpg,150,300,10.303, 195.889,206.193,195.889,-2,0,0,3,BH1_150,2024-02-28 09:22:22.134
9230,PSYC-132589,TOTDay1,Experiment, 7,0, 9.jpg,9.jpg,240,60,3.417, 206.769,210.187,206.768,-3,0,0,3,AH9_240,2024-02-28 09:22:26.124
9230,PSYC-132589,TOTDay1,Experiment, 8,0, 8.jpg,8.jpg,330,90,1.435, 212.041,213.476,212.04,-4,0,0,2,BM8_330,2024-02-28 09:22:29.408
9230,PSYC-132589,TOTDay1,Experiment, 9,0, 7.jpg,7.jpg,270,0,1.948, 214.7,216.648,214.7,-5,0,0,1,BE7_270,2024-02-28 09:22:32.579
9230,PSYC-132589,TOTDay1,Experiment, 10,0, 6.jpg,6.jpg,30,0,0.895, 216.915,217.81,216.914,-6,0,0,2,AM6_30,2024-02-28 09:22:33.741
9230,PSYC-132589,TOTDay1,Experiment, 11,0, 4.jpg,4.jpg,210,0,0.159, 218.022,218.182,218.022,-7,0,0,3,BH4_210,2024-02-28 09:22:34.117
9230,PSYC-132589,TOTDay1,Experiment, 12,0, 3.jpg,3.jpg,90,0,0.126, 218.338,218.464,218.338,-8,0,0,1,AE3_90,2024-02-28 09:22:34.400
9230,PSYC-132589,TOTDay1,Experiment, 13,0, 9.jpg,9.jpg,30,0,0.137, 218.589,218.726,218.588,-9,0,0,2,BM9_30,2024-02-28 09:22:34.667
9230,PSYC-132589,TOTDay1,Experiment, 14,0, 10.jpg,10.jpg,150,0,0.13, 218.853,218.984,218.852,-10,0,0,3,AH10_150,2024-02-28 09:22:34.918
9230,PSYC-132589,TOTDay1,Experiment, 15,0, 11.jpg,11.jpg,180,0,0.141, 219.14,219.282,219.14,-11,0,0,1,BE11_180,2024-02-28 09:22:35.217
9230,PSYC-132589,TOTDay1,Experiment, 16,0, 3.jpg,3.jpg,240,0,0.151, 228.28,228.432,228.28,-12,0,0,3,BH3_240,2024-02-28 09:22:44.361
9230,PSYC-132589,TOTDay1,Experiment, 17,0, 4.jpg,4.jpg,180,60,3.797, 228.559,232.356,228.558,-13,0,0,1,AE4_180,2024-02-28 09:22:48.291
9230,PSYC-132589,TOTDay1,Experiment, 18,0, 7.jpg,7.jpg,330,120,5.98, 232.915,238.896,232.914,-14,0,0,2,AM7_330,2024-02-28 09:22:54.828
9231,PSYC-134128,TOTDay1,Training, 1,0, 2.jpg,2.jpg,90,270,12.038, 122.281,134.311,122.28,-1,0,0,1,PE2_90,2024-02-28 09:22:56.108
9231,PSYC-134128,TOTDay1,Training, 2,1, 2.jpg,2.jpg,180,180,8.639, 143.153,151.791,143.153,0,0,0,1,PE2_180,2024-02-28 09:23:13.571
9231,PSYC-134128,TOTDay1,Training, 3,0, 2.jpg,2.jpg,60,90,7.807, 155.625,163.431,155.624,-1,0,0,2,PM2_60,2024-02-28 09:23:25.215
9231,PSYC-134128,TOTDay1,Training, 4,0, 2.jpg,2.jpg,30,60,3.207, 174.497,177.705,174.496,-2,0,0,2,PM2_30,2024-02-28 09:23:39.482
9231,PSYC-134128,TOTDay1,Training, 5,0, 2.jpg,2.jpg,210,330,5.951, 182.827,188.778,182.827,-3,0,0,3,PH2_210,2024-02-28 09:23:50.562
9231,PSYC-134128,TOTDay1,Training, 6,0, 2.jpg,2.jpg,120,240,4.44, 196.662,201.102,196.661,-4,0,0,3,PH2_120,2024-02-28 09:24:02.891
9231,PSYC-134128,TOTDay1,Training, 7,1, 2.jpg,2.jpg,0,0,6.5, 207.06,213.561,207.06,-3,0,0,1,PE2_0,2024-02-28 09:24:15.351
9231,PSYC-134128,TOTDay1,Training, 8,0, 2.jpg,2.jpg,240,300,7.325, 215.523,222.848,215.522,-4,0,0,3,PH2_240,2024-02-28 09:24:24.633
9231,PSYC-134128,TOTDay1,Training, 9,0, 2.jpg,2.jpg,330,60,5.135, 224.923,230.058,224.922,-5,0,0,2,PM2_330,2024-02-28 09:24:31.843
9231,PSYC-134128,TOTDay1,Training, 10,0, 2.jpg,2.jpg,150,330,5.182, 231.039,236.221,231.038,-6,0,0,3,PH2_150,2024-02-28 09:24:38.002
9231,PSYC-134128,TOTDay1,Training, 11,0, 2.jpg,2.jpg,300,30,9.022, 237.343,246.365,237.342,-7,0,0,2,PM2_300,2024-02-28 09:24:48.151
9231,PSYC-134128,TOTDay1,Training, 12,0, 2.jpg,2.jpg,270,300,12.33, 247.217,259.548,247.217,-8,0,0,1,PE2_270,2024-02-28 09:25:01.334
9231,PSYC-134128,TOTDay1,Experiment, 1,0, 10.jpg,10.jpg,150,240,20.518, 262.465,282.984,260.044,-1,0,0,3,AH10_150,2024-02-28 09:25:24.771
9231,PSYC-134128,TOTDay1,Experiment, 2,0, 1.jpg,1.jpg,270,210,6.568, 283.799,290.368,283.798,-2,0,0,1,AE1_270,2024-02-28 09:25:32.157
9231,PSYC-134128,TOTDay1,Experiment, 3,0, 9.jpg,9.jpg,30,60,3.003, 290.958,293.962,290.958,-3,0,0,2,BM9_30,2024-02-28 09:25:35.738
9231,PSYC-134128,TOTDay1,Experiment, 4,0, 7.jpg,7.jpg,330,60,5.926, 294.394,300.32,294.393,-4,0,0,2,AM7_330,2024-02-28 09:25:42.101
9231,PSYC-134128,TOTDay1,Experiment, 5,0, 7.jpg,7.jpg,270,150,11.217, 301.199,312.416,301.198,-5,0,0,1,BE7_270,2024-02-28 09:25:54.197
9231,PSYC-134128,TOTDay1,Experiment, 6,0, 4.jpg,4.jpg,210,30,10.776, 312.818,323.594,312.818,-6,0,0,3,BH4_210,2024-02-28 09:26:05.384
9231,PSYC-134128,TOTDay1,Experiment, 7,0, 6.jpg,6.jpg,90,60,3.341, 324.056,327.398,324.055,-7,0,0,1,BE6_90,2024-02-28 09:26:09.187
9231,PSYC-134128,TOTDay1,Experiment, 8,0, 1.jpg,1.jpg,150,0,5.748, 327.885,333.634,327.885,-8,0,0,3,BH1_150,2024-02-28 09:26:15.424
9231,PSYC-134128,TOTDay1,Experiment, 9,0, 10.jpg,10.jpg,60,300,12.506, 336.756,349.262,336.756,-9,0,0,2,BM10_60,2024-02-28 09:26:31.050
9231,PSYC-134128,TOTDay1,Experiment, 10,0, 6.jpg,6.jpg,30,300,5.109, 349.759,354.868,349.758,-10,0,0,2,AM6_30,2024-02-28 09:26:36.658
9231,PSYC-134128,TOTDay1,Experiment, 11,0, 11.jpg,11.jpg,180,60,5.696, 355.262,360.958,355.262,-11,0,0,1,BE11_180,2024-02-28 09:26:42.749
9231,PSYC-134128,TOTDay1,Experiment, 12,0, 3.jpg,3.jpg,240,60,6.517, 361.314,367.831,361.313,-12,0,0,3,BH3_240,2024-02-28 09:26:49.617
9231,PSYC-134128,TOTDay1,Experiment, 13,0, 8.jpg,8.jpg,330,300,8.706, 368.152,376.858,368.151,-13,0,0,2,BM8_330,2024-02-28 09:26:58.646
9231,PSYC-134128,TOTDay1,Experiment, 14,0, 9.jpg,9.jpg,240,180,5.555, 377.337,382.892,377.336,-14,0,0,3,AH9_240,2024-02-28 09:27:04.678
9231,PSYC-134128,TOTDay1,Experiment, 15,0, 4.jpg,4.jpg,180,60,3.286, 383.192,386.478,383.191,-15,0,0,1,AE4_180,2024-02-28 09:27:08.260
9231,PSYC-134128,TOTDay1,Experiment, 16,0, 3.jpg,3.jpg,90,60,4.779, 386.786,391.565,386.786,-16,0,0,1,AE3_90,2024-02-28 09:27:13.348
9231,PSYC-134128,TOTDay1,Experiment, 17,0, 11.jpg,11.jpg,60,330,8.317, 391.714,400.031,391.713,-17,0,0,2,AM11_60,2024-02-28 09:27:21.814
9231,PSYC-134128,TOTDay1,Experiment, 18,0, 8.jpg,8.jpg,210,60,1.996, 400.41,402.407,400.41,-18,0,0,3,AH8_210,2024-02-28 09:27:24.185
9221,PSYC-134130,TOTDay1,Training, 1,0, 2.jpg,2.jpg,90,-1,36.15, 96.472,132.619,96.471,-1,0,0,1,PE2_90,2024-02-28 09:57:25.304
9232,PSYC-134128,TOTDay1,Training, 1,0, 2.jpg,2.jpg,90,270,4.385, 79.478,83.861,79.477,-1,0,0,1,PE2_90,2024-02-28 12:19:36.995
9232,PSYC-134128,TOTDay1,Training, 2,1, 2.jpg,2.jpg,180,180,5.458, 92.155,97.613,92.155,0,0,0,1,PE2_180,2024-02-28 12:19:50.737
9232,PSYC-134128,TOTDay1,Training, 3,0, 2.jpg,2.jpg,60,120,10.772, 99.061,109.831,99.061,-1,0,0,2,PM2_60,2024-02-28 12:20:02.972
9232,PSYC-134128,TOTDay1,Training, 4,0, 2.jpg,2.jpg,30,60,4.487, 114.515,119.002,114.515,-2,0,0,2,PM2_30,2024-02-28 12:20:12.127
9232,PSYC-134128,TOTDay1,Training, 5,0, 2.jpg,2.jpg,210,150,9.358, 123.6,132.958,123.6,-3,0,0,3,PH2_210,2024-02-28 12:20:26.090
9232,PSYC-134128,TOTDay1,Training, 6,0, 2.jpg,2.jpg,120,150,8.943, 139.887,148.83,139.887,-4,0,0,3,PH2_120,2024-02-28 12:20:41.965
9232,PSYC-134128,TOTDay1,Training, 7,1, 2.jpg,2.jpg,0,0,2.912, 155.534,158.446,155.533,-3,0,0,1,PE2_0,2024-02-28 12:20:51.576
9232,PSYC-134128,TOTDay1,Training, 8,0, 2.jpg,2.jpg,240,150,20.753, 159.201,179.954,159.2,-4,0,0,3,PH2_240,2024-02-28 12:21:13.090
9232,PSYC-134128,TOTDay1,Training, 9,0, 2.jpg,2.jpg,330,300,8.628, 182.021,190.649,182.021,-5,0,0,2,PM2_330,2024-02-28 12:21:23.785
9232,PSYC-134128,TOTDay1,Training, 10,0, 2.jpg,2.jpg,150,210,8.909, 191.905,200.814,191.903,-6,0,0,3,PH2_150,2024-02-28 12:21:33.946
9232,PSYC-134128,TOTDay1,Training, 11,0, 2.jpg,2.jpg,300,60,10.353, 201.651,212.004,201.651,-7,0,0,2,PM2_300,2024-02-28 12:21:45.140
9232,PSYC-134128,TOTDay1,Training, 12,1, 2.jpg,2.jpg,270,270,10.102, 213.083,223.185,213.082,-6,0,0,1,PE2_270,2024-02-28 12:21:56.323
9232,PSYC-134128,TOTDay1,Experiment, 1,1, 9.jpg,9.jpg,30,30,8.95, 226.527,235.478,224.366,1,0,0,2,BM9_30,2024-02-28 12:22:08.616
9232,PSYC-134128,TOTDay1,Experiment, 2,1, 9.jpg,9.jpg,240,240,14.1, 236.265,250.366,236.265,2,0,0,3,AH9_240,2024-02-28 12:22:23.500
9232,PSYC-134128,TOTDay1,Experiment, 3,1, 1.jpg,1.jpg,270,270,6.072, 251.126,257.198,251.126,3,0,0,1,AE1_270,2024-02-28 12:22:30.331
9232,PSYC-134128,TOTDay1,Experiment, 4,0, 8.jpg,8.jpg,210,150,13.116, 257.683,270.8,257.683,2,0,0,3,AH8_210,2024-02-28 12:22:43.927
9232,PSYC-134128,TOTDay1,Experiment, 5,0, 10.jpg,10.jpg,60,300,27.135, 272.124,299.26,272.124,1,0,0,2,BM10_60,2024-02-28 12:23:12.391
9232,PSYC-134128,TOTDay1,Experiment, 6,1, 3.jpg,3.jpg,90,90,7.383, 300.252,307.636,300.252,2,0,0,1,AE3_90,2024-02-28 12:23:20.762
9232,PSYC-134128,TOTDay1,Experiment, 7,1, 6.jpg,6.jpg,90,90,9.992, 308.688,318.681,308.688,3,0,0,1,BE6_90,2024-02-28 12:23:31.805
9232,PSYC-134128,TOTDay1,Experiment, 8,0, 10.jpg,10.jpg,150,210,14.443, 319.212,333.656,319.212,2,0,0,3,AH10_150,2024-02-28 12:23:46.786
9232,PSYC-134128,TOTDay1,Experiment, 9,0, 8.jpg,8.jpg,330,30,9.107, 334.296,343.404,334.296,1,0,0,2,BM8_330,2024-02-28 12:23:56.539
9232,PSYC-134128,TOTDay1,Experiment, 10,1, 11.jpg,11.jpg,180,180,5.811, 344.012,349.824,344.012,2,0,0,1,BE11_180,2024-02-28 12:24:02.947
9232,PSYC-134128,TOTDay1,Experiment, 11,0, 1.jpg,1.jpg,150,210,10.513, 350.342,360.855,350.342,1,0,0,3,BH1_150,2024-02-28 12:24:13.991
9232,PSYC-134128,TOTDay1,Experiment, 12,1, 11.jpg,11.jpg,60,60,11.501, 361.459,372.96,361.458,2,0,0,2,AM11_60,2024-02-28 12:24:26.095
9232,PSYC-134128,TOTDay1,Experiment, 13,1, 4.jpg,4.jpg,210,210,6.185, 373.588,379.773,373.587,3,0,0,3,BH4_210,2024-02-28 12:24:32.909
9232,PSYC-134128,TOTDay1,Experiment, 14,1, 4.jpg,4.jpg,180,180,6.911, 380.418,387.329,380.417,4,0,0,1,AE4_180,2024-02-28 12:24:40.455
9232,PSYC-134128,TOTDay1,Experiment, 15,1, 6.jpg,6.jpg,30,30,9.681, 388.342,398.024,388.341,5,0,0,2,AM6_30,2024-02-28 12:24:51.156
9232,PSYC-134128,TOTDay1,Experiment, 16,1, 7.jpg,7.jpg,330,330,10.841, 398.606,409.448,398.606,6,0,0,2,AM7_330,2024-02-28 12:25:02.586
9232,PSYC-134128,TOTDay1,Experiment, 17,0, 7.jpg,7.jpg,270,180,8.31, 410.156,418.467,410.156,5,0,0,1,BE7_270,2024-02-28 12:25:11.599
9232,PSYC-134128,TOTDay1,Experiment, 18,0, 3.jpg,3.jpg,240,300,18.767, 420.134,438.901,420.134,4,0,0,3,BH3_240,2024-02-28 12:25:32.036
9233,PSYC-132589,TOTDay1,Training, 1,1, 2.jpg,2.jpg,90,90,11.098, 112.609,123.705,112.607,1,0,0,1,PE2_90,2024-02-28 12:25:42.666
9233,PSYC-132589,TOTDay1,Training, 2,1, 2.jpg,2.jpg,180,180,4.502, 124.711,129.213,124.71,2,0,0,1,PE2_180,2024-02-28 12:25:48.183
9233,PSYC-132589,TOTDay1,Training, 3,1, 2.jpg,2.jpg,60,60,8.903, 132.932,141.835,132.931,3,0,0,2,PM2_60,2024-02-28 12:26:00.801
9233,PSYC-132589,TOTDay1,Training, 4,1, 2.jpg,2.jpg,30,30,9.029, 143.539,152.568,143.538,4,0,0,2,PM2_30,2024-02-28 12:26:11.532
9233,PSYC-132589,TOTDay1,Training, 5,0, 2.jpg,2.jpg,210,300,10.147, 152.981,163.129,152.981,3,0,0,3,PH2_210,2024-02-28 12:26:22.091
9233,PSYC-132589,TOTDay1,Training, 6,0, 2.jpg,2.jpg,120,240,14.047, 169.989,184.036,169.989,2,0,0,3,PH2_120,2024-02-28 12:26:43.004
9233,PSYC-132589,TOTDay1,Training, 7,1, 2.jpg,2.jpg,0,0,6.649, 191.489,198.139,191.488,3,0,0,1,PE2_0,2024-02-28 12:26:57.097
9233,PSYC-132589,TOTDay1,Training, 8,0, 2.jpg,2.jpg,240,330,10.761, 198.609,209.37,198.608,2,0,0,3,PH2_240,2024-02-28 12:27:08.327
9233,PSYC-132589,TOTDay1,Training, 9,1, 2.jpg,2.jpg,330,330,9.336, 210.482,219.819,210.482,3,0,0,2,PM2_330,2024-02-28 12:27:18.788
9233,PSYC-132589,TOTDay1,Training, 10,1, 2.jpg,2.jpg,150,150,4.278, 220.757,225.036,220.756,4,0,0,3,PH2_150,2024-02-28 12:27:24.004
9233,PSYC-132589,TOTDay1,Training, 11,1, 2.jpg,2.jpg,300,300,10.799, 225.816,236.616,225.816,5,0,0,2,PM2_300,2024-02-28 12:27:35.582
9233,PSYC-132589,TOTDay1,Training, 12,1, 2.jpg,2.jpg,270,270,4.496, 237.056,241.552,237.055,6,0,0,1,PE2_270,2024-02-28 12:27:40.512
9233,PSYC-132589,TOTDay1,Experiment, 1,0, 8.jpg,8.jpg,210,30,8.295, 244.77,253.066,242.251,-1,0,0,3,AH8_210,2024-02-28 12:27:52.029
9233,PSYC-132589,TOTDay1,Experiment, 2,1, 3.jpg,3.jpg,90,90,18.514, 254.667,273.181,254.666,0,0,0,1,AE3_90,2024-02-28 12:28:12.147
9233,PSYC-132589,TOTDay1,Experiment, 3,0, 7.jpg,7.jpg,330,300,14.656, 273.725,288.381,273.724,-1,0,0,2,AM7_330,2024-02-28 12:28:27.349
9233,PSYC-132589,TOTDay1,Experiment, 4,0, 8.jpg,8.jpg,330,30,8.356, 291.674,300.03,291.674,-2,0,0,2,BM8_330,2024-02-28 12:28:39.000
9233,PSYC-132589,TOTDay1,Experiment, 5,0, 1.jpg,1.jpg,150,240,18.456, 300.758,319.214,300.757,-3,0,0,3,BH1_150,2024-02-28 12:28:58.170
9233,PSYC-132589,TOTDay1,Experiment, 6,1, 1.jpg,1.jpg,270,270,6.949, 321.429,328.378,321.428,-2,0,0,1,AE1_270,2024-02-28 12:29:07.347
9233,PSYC-132589,TOTDay1,Experiment, 7,1, 10.jpg,10.jpg,60,60,8.634, 329.066,337.7,329.065,-1,0,0,2,BM10_60,2024-02-28 12:29:16.660
9233,PSYC-132589,TOTDay1,Experiment, 8,1, 7.jpg,7.jpg,270,270,16.311, 338.45,354.761,338.449,0,0,0,1,BE7_270,2024-02-28 12:29:33.724
9233,PSYC-132589,TOTDay1,Experiment, 9,1, 9.jpg,9.jpg,240,240,20.884, 355.372,376.256,355.371,1,0,0,3,AH9_240,2024-02-28 12:29:55.221
9233,PSYC-132589,TOTDay1,Experiment, 10,0, 6.jpg,6.jpg,90,30,16.958, 377.194,394.152,377.193,0,0,0,1,BE6_90,2024-02-28 12:30:13.120
9233,PSYC-132589,TOTDay1,Experiment, 11,0, 3.jpg,3.jpg,240,180,21.308, 395.053,416.362,395.053,-1,0,0,3,BH3_240,2024-02-28 12:30:35.324
9233,PSYC-132589,TOTDay1,Experiment, 12,0, 11.jpg,11.jpg,60,90,9.486, 417.116,426.603,417.116,-2,0,0,2,AM11_60,2024-02-28 12:30:45.572
9233,PSYC-132589,TOTDay1,Experiment, 13,0, 6.jpg,6.jpg,30,330,10.355, 428.162,438.518,428.162,-3,0,0,2,AM6_30,2024-02-28 12:30:57.483
9233,PSYC-132589,TOTDay1,Experiment, 14,1, 10.jpg,10.jpg,150,150,19.493, 441.079,460.573,441.079,-2,0,0,3,AH10_150,2024-02-28 12:31:19.535
9233,PSYC-132589,TOTDay1,Experiment, 15,1, 4.jpg,4.jpg,180,180,11.181, 461.563,472.745,461.563,-1,0,0,1,AE4_180,2024-02-28 12:31:31.705
9233,PSYC-132589,TOTDay1,Experiment, 16,0, 4.jpg,4.jpg,210,60,11.789, 473.32,485.11,473.319,-2,0,0,3,BH4_210,2024-02-28 12:31:44.069
9233,PSYC-132589,TOTDay1,Experiment, 17,0, 9.jpg,9.jpg,30,330,17.077, 487.496,504.573,487.496,-3,0,0,2,BM9_30,2024-02-28 12:32:03.540
9233,PSYC-132589,TOTDay1,Experiment, 18,1, 11.jpg,11.jpg,180,180,5.269, 505.257,510.527,505.257,-2,0,0,1,BE11_180,2024-02-28 12:32:09.495
9234,PSYC-134130,TOTDay1,Training, 1,0, 2.jpg,2.jpg,90,0,27.319, 101.976,129.294,101.975,-1,0,0,1,PE2_90,2024-02-28 12:35:35.717
9234,PSYC-134130,TOTDay1,Training, 2,0, 2.jpg,2.jpg,180,0,14.815, 139.706,154.521,139.706,-2,0,0,1,PE2_180,2024-02-28 12:36:00.944
9234,PSYC-134130,TOTDay1,Training, 3,0, 2.jpg,2.jpg,60,0,0.643, 165.952,166.595,165.952,-3,0,0,2,PM2_60,2024-02-28 12:36:13.014
9234,PSYC-134130,TOTDay1,Training, 4,0, 2.jpg,2.jpg,30,330,7.209, 172.255,179.465,172.255,-4,0,0,2,PM2_30,2024-02-28 12:36:25.878
9234,PSYC-134130,TOTDay1,Training, 5,1, 2.jpg,2.jpg,210,210,19.039, 188.965,208.005,188.965,-3,0,0,3,PH2_210,2024-02-28 12:36:54.425
9234,PSYC-134130,TOTDay1,Training, 6,0, 2.jpg,2.jpg,120,30,16.202, 209.384,225.587,209.384,-4,0,0,3,PH2_120,2024-02-28 12:37:12.006
9234,PSYC-134130,TOTDay1,Training, 7,1, 2.jpg,2.jpg,0,0,12.185, 230.609,242.795,230.609,-3,0,0,1,PE2_0,2024-02-28 12:37:29.219
9234,PSYC-134130,TOTDay1,Training, 8,0, 2.jpg,2.jpg,240,120,16.333, 243.754,260.087,243.753,-4,0,0,3,PH2_240,2024-02-28 12:37:46.510
9234,PSYC-134130,TOTDay1,Training, 9,0, 2.jpg,2.jpg,330,0,9.02, 263.499,272.519,263.499,-5,0,0,2,PM2_330,2024-02-28 12:37:58.944
9234,PSYC-134130,TOTDay1,Training, 10,0, 2.jpg,2.jpg,150,120,15.684, 273.751,289.435,273.751,-6,0,0,3,PH2_150,2024-02-28 12:38:15.852
9234,PSYC-134130,TOTDay1,Training, 11,1, 2.jpg,2.jpg,300,300,10.397, 291.311,301.709,291.31,-5,0,0,2,PM2_300,2024-02-28 12:38:28.128
9234,PSYC-134130,TOTDay1,Training, 12,1, 2.jpg,2.jpg,270,270,11.103, 302.702,313.805,302.701,-4,0,0,1,PE2_270,2024-02-28 12:38:40.229
9234,PSYC-134130,TOTDay1,Experiment, 1,1, 10.jpg,10.jpg,60,60,30.28, 317.528,347.808,315.212,1,0,0,2,BM10_60,2024-02-28 12:39:14.235
9234,PSYC-134130,TOTDay1,Experiment, 2,0, 8.jpg,8.jpg,210,150,27.831, 350.121,377.952,350.12,0,0,0,3,AH8_210,2024-02-28 12:39:44.379
9234,PSYC-134130,TOTDay1,Experiment, 3,1, 1.jpg,1.jpg,270,270,14.599, 380.093,394.692,380.093,1,0,0,1,AE1_270,2024-02-28 12:40:01.128
9234,PSYC-134130,TOTDay1,Experiment, 4,0, 9.jpg,9.jpg,240,30,30.867, 395.546,426.414,395.546,0,0,0,3,AH9_240,2024-02-28 12:40:32.841
9234,PSYC-134130,TOTDay1,Experiment, 5,0, 6.jpg,6.jpg,30,120,33.319, 427.574,460.894,427.574,-1,0,0,2,AM6_30,2024-02-28 12:41:07.321
9234,PSYC-134130,TOTDay1,Experiment, 6,1, 3.jpg,3.jpg,90,90,14.336, 462.242,476.578,462.242,0,0,0,1,AE3_90,2024-02-28 12:41:23.014
9234,PSYC-134130,TOTDay1,Experiment, 7,0, 7.jpg,7.jpg,330,30,35.562, 477.358,512.921,477.358,-1,0,0,2,AM7_330,2024-02-28 12:41:59.359
9234,PSYC-134130,TOTDay1,Experiment, 8,0, 7.jpg,7.jpg,270,210,17.757, 513.693,531.45,513.692,-2,0,0,1,BE7_270,2024-02-28 12:42:17.884
9234,PSYC-134130,TOTDay1,Experiment, 9,0, 10.jpg,10.jpg,150,90,20.721, 532.005,552.726,532.004,-3,0,0,3,AH10_150,2024-02-28 12:42:39.164
9234,PSYC-134130,TOTDay1,Experiment, 10,0, 1.jpg,1.jpg,150,90,13.984, 553.462,567.447,553.462,-4,0,0,3,BH1_150,2024-02-28 12:42:53.875
9234,PSYC-134130,TOTDay1,Experiment, 11,1, 6.jpg,6.jpg,90,90,9.591, 568.196,577.787,568.196,-3,0,0,1,BE6_90,2024-02-28 12:43:04.228
9234,PSYC-134130,TOTDay1,Experiment, 12,0, 9.jpg,9.jpg,30,330,11.665, 578.442,590.107,578.442,-4,0,0,2,BM9_30,2024-02-28 12:43:16.535
9234,PSYC-134130,TOTDay1,Experiment, 13,1, 4.jpg,4.jpg,180,180,9.546, 591.799,601.345,591.799,-3,0,0,1,AE4_180,2024-02-28 12:43:27.777
9234,PSYC-134130,TOTDay1,Experiment, 14,0, 3.jpg,3.jpg,240,150,19.774, 602.451,622.225,602.451,-4,0,0,3,BH3_240,2024-02-28 12:43:48.653
9234,PSYC-134130,TOTDay1,Experiment, 15,1, 8.jpg,8.jpg,330,330,8.467, 623.268,631.735,623.267,-3,0,0,2,BM8_330,2024-02-28 12:43:58.173
9234,PSYC-134130,TOTDay1,Experiment, 16,0, 4.jpg,4.jpg,210,180,12.726, 632.738,645.465,632.738,-4,0,0,3,BH4_210,2024-02-28 12:44:11.895
9234,PSYC-134130,TOTDay1,Experiment, 17,0, 11.jpg,11.jpg,180,0,5.949, 646.969,652.919,646.969,-5,0,0,1,BE11_180,2024-02-28 12:44:19.357
9234,PSYC-134130,TOTDay1,Experiment, 18,0, 11.jpg,11.jpg,60,90,9.045, 653.949,662.994,653.949,-6,0,0,2,AM11_60,2024-02-28 12:44:29.432
9236,PSYC-134130,TOTDay1,Training, 1,1, 2.jpg,2.jpg,90,90,7.972, 52.62,60.591,52.619,1,0,0,1,PE2_90,2024-02-28 15:20:25.036
9236,PSYC-134130,TOTDay1,Training, 2,1, 2.jpg,2.jpg,180,180,4.327, 63.005,67.332,63.005,2,0,0,1,PE2_180,2024-02-28 15:20:31.772
9236,PSYC-134130,TOTDay1,Training, 3,0, 2.jpg,2.jpg,60,120,5.599, 70.103,75.702,70.102,1,0,0,2,PM2_60,2024-02-28 15:20:40.142
9236,PSYC-134130,TOTDay1,Training, 4,1, 2.jpg,2.jpg,30,30,5.793, 78.966,84.76,78.966,2,0,0,2,PM2_30,2024-02-28 15:20:49.205
9236,PSYC-134130,TOTDay1,Training, 5,1, 2.jpg,2.jpg,210,210,8.727, 85.572,94.3,85.572,3,0,0,3,PH2_210,2024-02-28 15:20:58.740
9236,PSYC-134130,TOTDay1,Training, 6,0, 2.jpg,2.jpg,120,150,3.782, 94.95,98.732,94.95,2,0,0,3,PH2_120,2024-02-28 15:21:03.168
9236,PSYC-134130,TOTDay1,Training, 7,1, 2.jpg,2.jpg,0,0,5.096, 104.211,109.307,104.21,3,0,0,1,PE2_0,2024-02-28 15:21:13.751
9236,PSYC-134130,TOTDay1,Training, 8,0, 2.jpg,2.jpg,240,300,8.359, 109.918,118.278,109.917,2,0,0,3,PH2_240,2024-02-28 15:21:22.718
9236,PSYC-134130,TOTDay1,Training, 9,1, 2.jpg,2.jpg,330,330,10.687, 119.48,130.167,119.48,3,0,0,2,PM2_330,2024-02-28 15:21:34.608
9236,PSYC-134130,TOTDay1,Training, 10,1, 2.jpg,2.jpg,150,150,3.846, 132.719,136.566,132.718,4,0,0,3,PH2_150,2024-02-28 15:21:41.002
9236,PSYC-134130,TOTDay1,Training, 11,1, 2.jpg,2.jpg,300,300,6.228, 138.535,144.763,138.534,5,0,0,2,PM2_300,2024-02-28 15:21:49.204
9236,PSYC-134130,TOTDay1,Training, 12,1, 2.jpg,2.jpg,270,270,3.005, 145.582,148.588,145.582,6,0,0,1,PE2_270,2024-02-28 15:21:53.034
9236,PSYC-134130,TOTDay1,Experiment, 1,1, 9.jpg,9.jpg,30,30,9.183, 150.958,160.141,149.357,1,0,0,2,BM9_30,2024-02-28 15:22:04.580
9236,PSYC-134130,TOTDay1,Experiment, 2,0, 3.jpg,3.jpg,240,300,14.908, 160.978,175.886,160.978,0,0,0,3,BH3_240,2024-02-28 15:22:20.333
9236,PSYC-134130,TOTDay1,Experiment, 3,1, 4.jpg,4.jpg,180,180,10.764, 176.976,187.74,176.975,1,0,0,1,AE4_180,2024-02-28 15:22:32.185
9236,PSYC-134130,TOTDay1,Experiment, 4,1, 1.jpg,1.jpg,270,270,6.583, 188.282,194.865,188.281,2,0,0,1,AE1_270,2024-02-28 15:22:39.299
9236,PSYC-134130,TOTDay1,Experiment, 5,1, 10.jpg,10.jpg,150,150,5.557, 195.58,201.138,195.579,3,0,0,3,AH10_150,2024-02-28 15:22:45.581
9236,PSYC-134130,TOTDay1,Experiment, 6,0, 10.jpg,10.jpg,60,120,7.296, 201.985,209.281,201.984,2,0,0,2,BM10_60,2024-02-28 15:22:53.716
9236,PSYC-134130,TOTDay1,Experiment, 7,0, 11.jpg,11.jpg,60,90,12.838, 210.4,223.238,210.399,1,0,0,2,AM11_60,2024-02-28 15:23:07.681
9236,PSYC-134130,TOTDay1,Experiment, 8,1, 8.jpg,8.jpg,210,210,6.904, 224.156,231.06,224.155,2,0,0,3,AH8_210,2024-02-28 15:23:15.499
9236,PSYC-134130,TOTDay1,Experiment, 9,1, 11.jpg,11.jpg,180,180,6.738, 231.697,238.435,231.696,3,0,0,1,BE11_180,2024-02-28 15:23:22.883
9236,PSYC-134130,TOTDay1,Experiment, 10,0, 3.jpg,3.jpg,90,270,9.998, 239.024,249.022,239.023,2,0,0,1,AE3_90,2024-02-28 15:23:33.468
9236,PSYC-134130,TOTDay1,Experiment, 11,0, 4.jpg,4.jpg,210,240,9.261, 250.01,259.271,250.009,1,0,0,3,BH4_210,2024-02-28 15:23:43.708
9236,PSYC-134130,TOTDay1,Experiment, 12,1, 7.jpg,7.jpg,330,330,6.803, 260.604,267.407,260.603,2,0,0,2,AM7_330,2024-02-28 15:23:51.851
9236,PSYC-134130,TOTDay1,Experiment, 13,1, 6.jpg,6.jpg,30,30,9.355, 268.183,277.539,268.183,3,0,0,2,AM6_30,2024-02-28 15:24:01.978
9236,PSYC-134130,TOTDay1,Experiment, 14,1, 1.jpg,1.jpg,150,150,9.381, 278.198,287.579,278.197,4,0,0,3,BH1_150,2024-02-28 15:24:12.020
9236,PSYC-134130,TOTDay1,Experiment, 15,1, 7.jpg,7.jpg,270,270,7.288, 288.474,295.762,288.474,5,0,0,1,BE7_270,2024-02-28 15:24:20.206
9236,PSYC-134130,TOTDay1,Experiment, 16,1, 6.jpg,6.jpg,90,90,13.87, 296.53,310.4,296.529,6,0,0,1,BE6_90,2024-02-28 15:24:34.836
9236,PSYC-134130,TOTDay1,Experiment, 17,1, 8.jpg,8.jpg,330,330,6.348, 311.199,317.548,311.199,7,0,0,2,BM8_330,2024-02-28 15:24:41.987
9236,PSYC-134130,TOTDay1,Experiment, 18,0, 9.jpg,9.jpg,240,150,10.671, 318.843,329.515,318.843,6,0,0,3,AH9_240,2024-02-28 15:24:53.957
9235,PSYC-132589,TOTDay1,Training, 1,0, 2.jpg,2.jpg,90,180,6.61, 79.937,86.545,79.936,-1,0,0,1,PE2_90,2024-02-28 15:26:07.547
9235,PSYC-132589,TOTDay1,Training, 2,1, 2.jpg,2.jpg,180,180,5.264, 93.765,99.029,93.764,0,0,0,1,PE2_180,2024-02-28 15:26:20.038
9235,PSYC-132589,TOTDay1,Training, 3,1, 2.jpg,2.jpg,60,60,17.112, 101.947,119.059,101.947,1,0,0,2,PM2_60,2024-02-28 15:26:40.070
9235,PSYC-132589,TOTDay1,Training, 4,1, 2.jpg,2.jpg,30,30,8.481, 120.183,128.665,120.183,2,0,0,2,PM2_30,2024-02-28 15:26:49.671
9235,PSYC-132589,TOTDay1,Training, 5,1, 2.jpg,2.jpg,210,210,7.048, 129.339,136.388,129.339,3,0,0,3,PH2_210,2024-02-28 15:26:57.386
9235,PSYC-132589,TOTDay1,Training, 6,1, 2.jpg,2.jpg,120,120,8.26, 137.439,145.699,137.438,4,0,0,3,PH2_120,2024-02-28 15:27:06.701
9235,PSYC-132589,TOTDay1,Training, 7,1, 2.jpg,2.jpg,0,0,6.408, 146.588,152.996,146.587,5,0,0,1,PE2_0,2024-02-28 15:27:14.006
9235,PSYC-132589,TOTDay1,Training, 8,1, 2.jpg,2.jpg,240,240,9.586, 154.381,163.966,154.38,6,0,0,3,PH2_240,2024-02-28 15:27:24.964
9235,PSYC-132589,TOTDay1,Training, 9,1, 2.jpg,2.jpg,330,330,10.274, 164.903,175.176,164.902,7,0,0,2,PM2_330,2024-02-28 15:27:36.181
9235,PSYC-132589,TOTDay1,Training, 10,1, 2.jpg,2.jpg,150,150,6.669, 176.003,182.672,176.003,8,0,0,3,PH2_150,2024-02-28 15:27:43.679
9235,PSYC-132589,TOTDay1,Training, 11,1, 2.jpg,2.jpg,300,300,8.191, 183.765,191.956,183.765,9,0,0,2,PM2_300,2024-02-28 15:27:52.969
9235,PSYC-132589,TOTDay1,Training, 12,1, 2.jpg,2.jpg,270,270,6.524, 192.673,199.196,192.672,10,0,0,1,PE2_270,2024-02-28 15:28:00.199
9235,PSYC-132589,TOTDay1,Experiment, 1,1, 8.jpg,8.jpg,210,210,26.839, 202.593,229.432,200.01,1,0,0,3,AH8_210,2024-02-28 15:28:30.439
9235,PSYC-132589,TOTDay1,Experiment, 2,0, 1.jpg,1.jpg,270,90,9.805, 230.169,239.974,230.168,0,0,0,1,AE1_270,2024-02-28 15:28:40.986
9235,PSYC-132589,TOTDay1,Experiment, 3,1, 7.jpg,7.jpg,330,330,13.133, 241.738,254.87,241.737,1,0,0,2,AM7_330,2024-02-28 15:28:55.870
9235,PSYC-132589,TOTDay1,Experiment, 4,1, 11.jpg,11.jpg,60,60,13.784, 255.589,269.372,255.588,2,0,0,2,AM11_60,2024-02-28 15:29:10.375
9235,PSYC-132589,TOTDay1,Experiment, 5,1, 6.jpg,6.jpg,90,90,8.966, 270.131,279.097,270.13,3,0,0,1,BE6_90,2024-02-28 15:29:20.099
9235,PSYC-132589,TOTDay1,Experiment, 6,0, 4.jpg,4.jpg,210,180,6.248, 279.819,286.068,279.818,2,0,0,3,BH4_210,2024-02-28 15:29:27.077
9235,PSYC-132589,TOTDay1,Experiment, 7,1, 9.jpg,9.jpg,240,240,30.016, 288.804,318.82,288.804,3,0,0,3,AH9_240,2024-02-28 15:29:59.825
9235,PSYC-132589,TOTDay1,Experiment, 8,1, 8.jpg,8.jpg,330,330,14.427, 319.517,333.944,319.516,4,0,0,2,BM8_330,2024-02-28 15:30:14.955
9235,PSYC-132589,TOTDay1,Experiment, 9,1, 7.jpg,7.jpg,270,270,11.339, 334.678,346.017,334.678,5,0,0,1,BE7_270,2024-02-28 15:30:27.029
9235,PSYC-132589,TOTDay1,Experiment, 10,1, 4.jpg,4.jpg,180,180,10.089, 346.715,356.803,346.714,6,0,0,1,AE4_180,2024-02-28 15:30:37.808
9235,PSYC-132589,TOTDay1,Experiment, 11,1, 6.jpg,6.jpg,30,30,13.965, 357.742,371.708,357.742,7,0,0,2,AM6_30,2024-02-28 15:30:52.716
9235,PSYC-132589,TOTDay1,Experiment, 12,1, 3.jpg,3.jpg,240,240,21.845, 372.543,394.388,372.542,8,0,0,3,BH3_240,2024-02-28 15:31:15.397
9235,PSYC-132589,TOTDay1,Experiment, 13,1, 10.jpg,10.jpg,150,150,11.937, 395.38,407.318,395.38,9,0,0,3,AH10_150,2024-02-28 15:31:28.316
9235,PSYC-132589,TOTDay1,Experiment, 14,1, 11.jpg,11.jpg,180,180,7.677, 408.716,416.393,408.715,10,0,0,1,BE11_180,2024-02-28 15:31:37.405
9235,PSYC-132589,TOTDay1,Experiment, 15,1, 9.jpg,9.jpg,30,30,15.952, 417.178,433.131,417.178,11,0,0,2,BM9_30,2024-02-28 15:31:54.137
9235,PSYC-132589,TOTDay1,Experiment, 16,1, 3.jpg,3.jpg,90,90,9.629, 433.712,443.342,433.712,12,0,0,1,AE3_90,2024-02-28 15:32:04.352
9235,PSYC-132589,TOTDay1,Experiment, 17,1, 1.jpg,1.jpg,150,150,17.391, 444.23,461.621,444.229,13,0,0,3,BH1_150,2024-02-28 15:32:22.625
9235,PSYC-132589,TOTDay1,Experiment, 18,1, 10.jpg,10.jpg,60,60,17.053, 462.424,479.477,462.423,14,0,0,2,BM10_60,2024-02-28 15:32:40.473
9237,PSYC-134128,TOTDay1,Training, 1,0, 2.jpg,2.jpg,90,0,5.946, 9.1,15.038,9.099,-1,0,0,1,PE2_90,2024-02-29 15:20:06.249
9237,PSYC-134128,TOTDay1,Training, 2,1, 2.jpg,2.jpg,180,180,2.741, 19.338,22.078,19.337,0,0,0,1,PE2_180,2024-02-29 15:20:13.280
9237,PSYC-134128,TOTDay1,Training, 3,0, 2.jpg,2.jpg,60,90,1.922, 24.127,26.049,24.127,-1,0,0,2,PM2_60,2024-02-29 15:20:17.241
9237,PSYC-134128,TOTDay1,Training, 4,0, 2.jpg,2.jpg,30,270,2.304, 29.403,31.707,29.402,-2,0,0,2,PM2_30,2024-02-29 15:20:22.899
9237,PSYC-134128,TOTDay1,Training, 5,0, 2.jpg,2.jpg,210,180,4.579, 34.887,39.465,34.886,-3,0,0,3,PH2_210,2024-02-29 15:20:30.664
9237,PSYC-134128,TOTDay1,Training, 6,0, 2.jpg,2.jpg,120,0,2.02, 53.583,55.603,53.583,-4,0,0,3,PH2_120,2024-02-29 15:20:46.805
9237,PSYC-134128,TOTDay1,Training, 7,1, 2.jpg,2.jpg,0,0,0.272, 60.769,61.041,60.768,-3,0,0,1,PE2_0,2024-02-29 15:20:52.244
9237,PSYC-134128,TOTDay1,Training, 8,0, 2.jpg,2.jpg,240,0,0.336, 61.303,61.639,61.303,-4,0,0,3,PH2_240,2024-02-29 15:20:52.841
9237,PSYC-134128,TOTDay1,Training, 9,0, 2.jpg,2.jpg,330,0,0.283, 61.898,62.182,61.898,-5,0,0,2,PM2_330,2024-02-29 15:20:53.376
9237,PSYC-134128,TOTDay1,Training, 10,0, 2.jpg,2.jpg,150,0,0.279, 62.471,62.751,62.471,-6,0,0,3,PH2_150,2024-02-29 15:20:53.948
9237,PSYC-134128,TOTDay1,Training, 11,0, 2.jpg,2.jpg,300,0,0.3, 63.057,63.357,63.057,-7,0,0,2,PM2_300,2024-02-29 15:20:54.557
9237,PSYC-134128,TOTDay1,Training, 12,0, 2.jpg,2.jpg,270,0,0.285, 63.641,63.927,63.641,-8,0,0,1,PE2_270,2024-02-29 15:20:55.122
9237,PSYC-134128,TOTDay1,Experiment, 1,0, 3.jpg,3.jpg,240,0,1.504, 66.904,68.409,64.197,-1,0,0,3,BH3_240,2024-02-29 15:20:59.613
9237,PSYC-134128,TOTDay1,Experiment, 2,0, 7.jpg,7.jpg,330,0,0.28, 68.8,69.081,68.8,-2,0,0,2,AM7_330,2024-02-29 15:21:00.283
9237,PSYC-134128,TOTDay1,Experiment, 3,0, 7.jpg,7.jpg,270,0,0.245, 69.327,69.573,69.327,-3,0,0,1,BE7_270,2024-02-29 15:21:00.761
9237,PSYC-134128,TOTDay1,Experiment, 4,0, 9.jpg,9.jpg,30,0,0.479, 69.807,70.287,69.807,-4,0,0,2,BM9_30,2024-02-29 15:21:01.485
9237,PSYC-134128,TOTDay1,Experiment, 5,0, 1.jpg,1.jpg,270,0,0.241, 70.517,70.759,70.517,-5,0,0,1,AE1_270,2024-02-29 15:21:01.956
9237,PSYC-134128,TOTDay1,Experiment, 6,0, 4.jpg,4.jpg,210,0,0.264, 70.999,71.263,70.999,-6,0,0,3,BH4_210,2024-02-29 15:21:02.460
9237,PSYC-134128,TOTDay1,Experiment, 7,0, 11.jpg,11.jpg,60,0,0.221, 72.238,72.459,72.237,-7,0,0,2,AM11_60,2024-02-29 15:21:03.655
9237,PSYC-134128,TOTDay1,Experiment, 8,0, 9.jpg,9.jpg,240,0,0.256, 72.695,72.951,72.694,-8,0,0,3,AH9_240,2024-02-29 15:21:04.142
9237,PSYC-134128,TOTDay1,Experiment, 9,0, 6.jpg,6.jpg,90,0,0.229, 73.18,73.409,73.179,-9,0,0,1,BE6_90,2024-02-29 15:21:04.598
9237,PSYC-134128,TOTDay1,Experiment, 10,0, 6.jpg,6.jpg,30,0,0.319, 73.672,73.991,73.672,-10,0,0,2,AM6_30,2024-02-29 15:21:05.192
9237,PSYC-134128,TOTDay1,Experiment, 11,0, 4.jpg,4.jpg,180,0,0.265, 74.258,74.523,74.257,-11,0,0,1,AE4_180,2024-02-29 15:21:05.715
9237,PSYC-134128,TOTDay1,Experiment, 12,0, 10.jpg,10.jpg,150,0,0.274, 74.787,75.061,74.787,-12,0,0,3,AH10_150,2024-02-29 15:21:06.263
9237,PSYC-134128,TOTDay1,Experiment, 13,0, 1.jpg,1.jpg,150,0,0.26, 75.304,75.565,75.303,-13,0,0,3,BH1_150,2024-02-29 15:21:06.766
9237,PSYC-134128,TOTDay1,Experiment, 14,0, 10.jpg,10.jpg,60,0,0.252, 75.784,76.036,75.784,-14,0,0,2,BM10_60,2024-02-29 15:21:07.238
9237,PSYC-134128,TOTDay1,Experiment, 15,0, 11.jpg,11.jpg,180,0,0.224, 76.262,76.487,76.261,-15,0,0,1,BE11_180,2024-02-29 15:21:07.677
9237,PSYC-134128,TOTDay1,Experiment, 16,0, 8.jpg,8.jpg,210,0,0.229, 76.794,77.023,76.793,-16,0,0,3,AH8_210,2024-02-29 15:21:08.211
9237,PSYC-134128,TOTDay1,Experiment, 17,0, 3.jpg,3.jpg,90,0,0.266, 77.293,77.559,77.293,-17,0,0,1,AE3_90,2024-02-29 15:21:08.760
9237,PSYC-134128,TOTDay1,Experiment, 18,0, 8.jpg,8.jpg,330,0,0.219, 77.82,78.039,77.82,-18,0,0,2,BM8_330,2024-02-29 15:21:09.231
9238,PSYC-132589,TOTDay1,Training, 1,0, 2.jpg,2.jpg,90,270,13.807, 74.175,87.979,74.172,-1,0,0,1,PE2_90,2024-02-29 15:22:53.240
9238,PSYC-132589,TOTDay1,Training, 2,1, 2.jpg,2.jpg,180,180,5.941, 93.298,99.239,93.297,0,0,0,1,PE2_180,2024-02-29 15:23:04.493
9238,PSYC-132589,TOTDay1,Training, 3,0, 2.jpg,2.jpg,60,300,12.391, 100.308,112.698,100.307,-1,0,0,2,PM2_60,2024-02-29 15:23:17.955
9238,PSYC-132589,TOTDay1,Training, 4,1, 2.jpg,2.jpg,30,30,9.807, 118.765,128.573,118.765,0,0,0,2,PM2_30,2024-02-29 15:23:33.839
9238,PSYC-132589,TOTDay1,Training, 5,0, 2.jpg,2.jpg,210,150,13.306, 129.289,142.594,129.287,-1,0,0,3,PH2_210,2024-02-29 15:23:47.853
9238,PSYC-132589,TOTDay1,Training, 6,1, 2.jpg,2.jpg,120,120,18.305, 152.176,170.481,152.176,0,0,0,3,PH2_120,2024-02-29 15:24:15.744
9238,PSYC-132589,TOTDay1,Training, 7,1, 2.jpg,2.jpg,0,0,6.319, 171.401,177.721,171.401,1,0,0,1,PE2_0,2024-02-29 15:24:22.983
9238,PSYC-132589,TOTDay1,Training, 8,0, 2.jpg,2.jpg,240,120,19.477, 178.442,197.919,178.441,0,0,0,3,PH2_240,2024-02-29 15:24:43.172
9238,PSYC-132589,TOTDay1,Training, 9,0, 2.jpg,2.jpg,330,30,8.57, 198.795,207.365,198.794,-1,0,0,2,PM2_330,2024-02-29 15:24:52.629
9238,PSYC-132589,TOTDay1,Training, 10,1, 2.jpg,2.jpg,150,150,9.407, 211.493,220.9,211.492,0,0,0,3,PH2_150,2024-02-29 15:25:06.156
9238,PSYC-132589,TOTDay1,Training, 11,0, 2.jpg,2.jpg,300,30,12.031, 221.609,233.64,221.608,-1,0,0,2,PM2_300,2024-02-29 15:25:18.898
9238,PSYC-132589,TOTDay1,Training, 12,1, 2.jpg,2.jpg,270,270,14.394, 234.595,248.989,234.594,0,0,0,1,PE2_270,2024-02-29 15:25:34.256
9238,PSYC-132589,TOTDay1,Experiment, 1,1, 4.jpg,4.jpg,180,180,9.493, 251.656,261.149,249.695,1,0,0,1,AE4_180,2024-02-29 15:25:46.415
9238,PSYC-132589,TOTDay1,Experiment, 2,0, 11.jpg,11.jpg,60,240,27.345, 261.647,288.992,261.645,0,0,0,2,AM11_60,2024-02-29 15:26:14.252
9238,PSYC-132589,TOTDay1,Experiment, 3,1, 1.jpg,1.jpg,150,150,11.407, 290.236,301.644,290.236,1,0,0,3,BH1_150,2024-02-29 15:26:26.901
9238,PSYC-132589,TOTDay1,Experiment, 4,1, 7.jpg,7.jpg,270,270,9.521, 302.313,311.835,302.313,2,0,0,1,BE7_270,2024-02-29 15:26:37.101
9238,PSYC-132589,TOTDay1,Experiment, 5,0, 10.jpg,10.jpg,150,210,16.503, 312.429,328.932,312.428,1,0,0,3,AH10_150,2024-02-29 15:26:54.187
9238,PSYC-132589,TOTDay1,Experiment, 6,1, 6.jpg,6.jpg,30,30,15.346, 329.617,344.963,329.616,2,0,0,2,AM6_30,2024-02-29 15:27:10.229
9238,PSYC-132589,TOTDay1,Experiment, 7,1, 4.jpg,4.jpg,210,210,19.385, 345.573,364.958,345.572,3,0,0,3,BH4_210,2024-02-29 15:27:30.223
9238,PSYC-132589,TOTDay1,Experiment, 8,1, 7.jpg,7.jpg,330,330,10.595, 365.725,376.32,365.724,4,0,0,2,AM7_330,2024-02-29 15:27:41.583
9238,PSYC-132589,TOTDay1,Experiment, 9,0, 1.jpg,1.jpg,270,90,10.766, 377.157,387.924,377.156,3,0,0,1,AE1_270,2024-02-29 15:27:53.180
9238,PSYC-132589,TOTDay1,Experiment, 10,0, 8.jpg,8.jpg,210,150,17.16, 392.203,409.363,392.202,2,0,0,3,AH8_210,2024-02-29 15:28:14.629
9238,PSYC-132589,TOTDay1,Experiment, 11,1, 6.jpg,6.jpg,90,90,19.703, 410.086,429.79,410.086,3,0,0,1,BE6_90,2024-02-29 15:28:35.057
9238,PSYC-132589,TOTDay1,Experiment, 12,0, 10.jpg,10.jpg,60,90,10.251, 430.518,440.769,430.518,2,0,0,2,BM10_60,2024-02-29 15:28:46.029
9238,PSYC-132589,TOTDay1,Experiment, 13,0, 9.jpg,9.jpg,30,60,13.497, 441.381,454.878,441.38,1,0,0,2,BM9_30,2024-02-29 15:29:00.142
9238,PSYC-132589,TOTDay1,Experiment, 14,1, 3.jpg,3.jpg,240,240,20.419, 455.496,475.916,455.496,2,0,0,3,BH3_240,2024-02-29 15:29:21.179
9238,PSYC-132589,TOTDay1,Experiment, 15,1, 3.jpg,3.jpg,90,90,11.841, 476.6,488.442,476.6,3,0,0,1,AE3_90,2024-02-29 15:29:33.708
9238,PSYC-132589,TOTDay1,Experiment, 16,1, 11.jpg,11.jpg,180,180,6.531, 488.932,495.464,488.932,4,0,0,1,BE11_180,2024-02-29 15:29:40.732
9238,PSYC-132589,TOTDay1,Experiment, 17,0, 8.jpg,8.jpg,330,120,14.904, 496.132,511.036,496.131,3,0,0,2,BM8_330,2024-02-29 15:29:56.300
9238,PSYC-132589,TOTDay1,Experiment, 18,1, 9.jpg,9.jpg,240,240,14.582, 511.679,526.261,511.679,4,0,0,3,AH9_240,2024-02-29 15:30:11.516
9240,PSYC-134128,TOTDay1,Training, 1,1, 2.jpg,2.jpg,90,90,5.716, 11.668,17.382,11.667,1,0,0,1,PE2_90,2024-03-01 09:27:28.335
9240,PSYC-134128,TOTDay1,Training, 2,1, 2.jpg,2.jpg,180,180,2.894, 17.989,20.883,17.988,2,0,0,1,PE2_180,2024-03-01 09:27:31.838
9240,PSYC-134128,TOTDay1,Training, 3,1, 2.jpg,2.jpg,60,60,7.769, 21.374,29.144,21.374,3,0,0,2,PM2_60,2024-03-01 09:27:40.094
9240,PSYC-134128,TOTDay1,Training, 4,0, 2.jpg,2.jpg,30,120,3.426, 29.878,33.304,29.878,2,0,0,2,PM2_30,2024-03-01 09:27:44.255
9240,PSYC-134128,TOTDay1,Training, 5,1, 2.jpg,2.jpg,210,210,6.141, 37.038,43.18,37.038,3,0,0,3,PH2_210,2024-03-01 09:27:54.136
9240,PSYC-134128,TOTDay1,Training, 6,0, 2.jpg,2.jpg,120,150,9.164, 43.704,52.868,43.704,2,0,0,3,PH2_120,2024-03-01 09:28:03.831
9240,PSYC-134128,TOTDay1,Training, 7,1, 2.jpg,2.jpg,0,0,0.927, 57.738,58.665,57.738,3,0,0,1,PE2_0,2024-03-01 09:28:09.627
9240,PSYC-134128,TOTDay1,Training, 8,1, 2.jpg,2.jpg,240,240,7.596, 61.72,69.316,61.719,4,0,0,3,PH2_240,2024-03-01 09:28:20.275
9240,PSYC-134128,TOTDay1,Training, 9,0, 2.jpg,2.jpg,330,30,5.305, 69.84,75.145,69.839,3,0,0,2,PM2_330,2024-03-01 09:28:26.101
9240,PSYC-134128,TOTDay1,Training, 10,1, 2.jpg,2.jpg,150,150,6.092, 76.198,82.29,76.197,4,0,0,3,PH2_150,2024-03-01 09:28:33.249
9240,PSYC-134128,TOTDay1,Training, 11,0, 2.jpg,2.jpg,300,240,6.575, 82.798,89.374,82.798,3,0,0,2,PM2_300,2024-03-01 09:28:40.335
9240,PSYC-134128,TOTDay1,Training, 12,1, 2.jpg,2.jpg,270,270,6.314, 90.762,97.076,90.761,4,0,0,1,PE2_270,2024-03-01 09:28:48.031
9240,PSYC-134128,TOTDay1,Experiment, 1,0, 1.jpg,1.jpg,150,120,5.386, 99.103,104.49,97.487,-1,0,0,3,BH1_150,2024-03-01 09:28:55.446
9240,PSYC-134128,TOTDay1,Experiment, 2,0, 1.jpg,1.jpg,270,300,6.684, 105.124,111.808,105.124,-2,0,0,1,AE1_270,2024-03-01 09:29:02.766
9240,PSYC-134128,TOTDay1,Experiment, 3,0, 7.jpg,7.jpg,330,30,5.882, 112.421,118.304,112.421,-3,0,0,2,AM7_330,2024-03-01 09:29:09.256
9240,PSYC-134128,TOTDay1,Experiment, 4,0, 7.jpg,7.jpg,270,180,7.18, 118.918,126.098,118.917,-4,0,0,1,BE7_270,2024-03-01 09:29:17.048
9240,PSYC-134128,TOTDay1,Experiment, 5,0, 3.jpg,3.jpg,240,210,7.601, 126.504,134.106,126.504,-5,0,0,3,BH3_240,2024-03-01 09:29:25.058
9240,PSYC-134128,TOTDay1,Experiment, 6,0, 6.jpg,6.jpg,30,330,7.147, 134.614,141.761,134.613,-6,0,0,2,AM6_30,2024-03-01 09:29:32.724
9240,PSYC-134128,TOTDay1,Experiment, 7,0, 9.jpg,9.jpg,30,330,5.326, 142.88,148.206,142.879,-7,0,0,2,BM9_30,2024-03-01 09:29:39.165
9240,PSYC-134128,TOTDay1,Experiment, 8,0, 9.jpg,9.jpg,240,120,3.305, 148.706,152.011,148.705,-8,0,0,3,AH9_240,2024-03-01 09:29:42.965
9240,PSYC-134128,TOTDay1,Experiment, 9,1, 11.jpg,11.jpg,180,180,4.254, 152.515,156.769,152.515,-7,0,0,1,BE11_180,2024-03-01 09:29:47.727
9240,PSYC-134128,TOTDay1,Experiment, 10,1, 10.jpg,10.jpg,150,150,9.013, 157.376,166.389,157.375,-6,0,0,3,AH10_150,2024-03-01 09:29:57.350
9240,PSYC-134128,TOTDay1,Experiment, 11,0, 11.jpg,11.jpg,60,300,5.602, 167.035,172.637,167.035,-7,0,0,2,AM11_60,2024-03-01 09:30:03.591
9240,PSYC-134128,TOTDay1,Experiment, 12,0, 6.jpg,6.jpg,90,180,6.569, 173.128,179.697,173.127,-8,0,0,1,BE6_90,2024-03-01 09:30:10.655
9240,PSYC-134128,TOTDay1,Experiment, 13,0, 10.jpg,10.jpg,60,120,8.252, 180.121,188.373,180.12,-9,0,0,2,BM10_60,2024-03-01 09:30:19.335
9240,PSYC-134128,TOTDay1,Experiment, 14,0, 8.jpg,8.jpg,210,150,10.13, 188.826,198.957,188.825,-10,0,0,3,AH8_210,2024-03-01 09:30:29.913
9240,PSYC-134128,TOTDay1,Experiment, 15,1, 4.jpg,4.jpg,180,180,7.669, 199.438,207.107,199.437,-9,0,0,1,AE4_180,2024-03-01 09:30:38.066
9240,PSYC-134128,TOTDay1,Experiment, 16,0, 4.jpg,4.jpg,210,150,7.137, 207.67,214.807,207.669,-10,0,0,3,BH4_210,2024-03-01 09:30:45.760
9240,PSYC-134128,TOTDay1,Experiment, 17,0, 8.jpg,8.jpg,330,30,6.26, 215.304,221.565,215.304,-11,0,0,2,BM8_330,2024-03-01 09:30:52.515
9240,PSYC-134128,TOTDay1,Experiment, 18,0, 3.jpg,3.jpg,90,180,3.171, 222.054,225.225,222.053,-12,0,0,1,AE3_90,2024-03-01 09:30:56.177
9239,PSYC-134130,TOTDay1,Training, 1,1, 2.jpg,2.jpg,90,90,14.493, 28.705,43.19,28.704,1,0,0,1,PE2_90,2024-03-01 09:28:12.158
9239,PSYC-134130,TOTDay1,Training, 2,1, 2.jpg,2.jpg,180,180,5.407, 45.714,51.121,45.713,2,0,0,1,PE2_180,2024-03-01 09:28:20.073
9239,PSYC-134130,TOTDay1,Training, 3,1, 2.jpg,2.jpg,60,60,5.277, 51.852,57.129,51.851,3,0,0,2,PM2_60,2024-03-01 09:28:26.079
9239,PSYC-134130,TOTDay1,Training, 4,1, 2.jpg,2.jpg,30,30,2.495, 57.664,60.16,57.664,4,0,0,2,PM2_30,2024-03-01 09:28:29.112
9239,PSYC-134130,TOTDay1,Training, 5,1, 2.jpg,2.jpg,210,210,14.883, 60.696,75.579,60.695,5,0,0,3,PH2_210,2024-03-01 09:28:44.530
9239,PSYC-134130,TOTDay1,Training, 6,1, 2.jpg,2.jpg,120,120,19.357, 76.274,95.631,76.274,6,0,0,3,PH2_120,2024-03-01 09:29:04.579
9239,PSYC-134130,TOTDay1,Training, 7,1, 2.jpg,2.jpg,0,0,3.655, 96.345,100.001,96.345,7,0,0,1,PE2_0,2024-03-01 09:29:08.948
9239,PSYC-134130,TOTDay1,Training, 8,1, 2.jpg,2.jpg,240,240,17.704, 100.812,118.516,100.811,8,0,0,3,PH2_240,2024-03-01 09:29:27.462
9239,PSYC-134130,TOTDay1,Training, 9,1, 2.jpg,2.jpg,330,330,8.852, 118.905,127.757,118.905,9,0,0,2,PM2_330,2024-03-01 09:29:36.718
9239,PSYC-134130,TOTDay1,Training, 10,1, 2.jpg,2.jpg,150,150,7.331, 128.284,135.615,128.283,10,0,0,3,PH2_150,2024-03-01 09:29:44.573
9239,PSYC-134130,TOTDay1,Training, 11,1, 2.jpg,2.jpg,300,300,8.894, 136.161,145.056,136.161,11,0,0,2,PM2_300,2024-03-01 09:29:54.015
9239,PSYC-134130,TOTDay1,Training, 12,1, 2.jpg,2.jpg,270,270,3.815, 145.816,149.631,145.815,12,0,0,1,PE2_270,2024-03-01 09:29:58.587
9239,PSYC-134130,TOTDay1,Experiment, 1,0, 3.jpg,3.jpg,90,120,16.114, 151.484,167.598,150.187,-1,0,0,1,AE3_90,2024-03-01 09:30:16.560
9239,PSYC-134130,TOTDay1,Experiment, 2,0, 4.jpg,4.jpg,210,180,5.192, 168.765,173.957,168.764,-2,0,0,3,BH4_210,2024-03-01 09:30:22.909
9239,PSYC-134130,TOTDay1,Experiment, 3,1, 11.jpg,11.jpg,60,60,13.514, 178.533,192.047,178.532,-1,0,0,2,AM11_60,2024-03-01 09:30:40.996
9239,PSYC-134130,TOTDay1,Experiment, 4,1, 4.jpg,4.jpg,180,180,6.395, 192.675,199.07,192.675,0,0,0,1,AE4_180,2024-03-01 09:30:48.020
9239,PSYC-134130,TOTDay1,Experiment, 5,0, 10.jpg,10.jpg,60,30,12.202, 199.618,211.82,199.617,-1,0,0,2,BM10_60,2024-03-01 09:31:00.777
9239,PSYC-134130,TOTDay1,Experiment, 6,1, 3.jpg,3.jpg,240,240,10.413, 212.367,222.78,212.366,0,0,0,3,BH3_240,2024-03-01 09:31:11.728
9239,PSYC-134130,TOTDay1,Experiment, 7,0, 11.jpg,11.jpg,180,270,11.563, 223.337,234.9,223.336,-1,0,0,1,BE11_180,2024-03-01 09:31:23.852
9239,PSYC-134130,TOTDay1,Experiment, 8,1, 1.jpg,1.jpg,150,150,9.599, 239.341,248.94,239.34,0,0,0,3,BH1_150,2024-03-01 09:31:37.902
9239,PSYC-134130,TOTDay1,Experiment, 9,1, 8.jpg,8.jpg,330,330,7.652, 249.412,257.065,249.412,1,0,0,2,BM8_330,2024-03-01 09:31:46.012
9239,PSYC-134130,TOTDay1,Experiment, 10,1, 9.jpg,9.jpg,240,240,21.29, 257.52,278.81,257.52,2,0,0,3,AH9_240,2024-03-01 09:32:07.761
9239,PSYC-134130,TOTDay1,Experiment, 11,1, 7.jpg,7.jpg,330,330,11.59, 279.303,290.893,279.302,3,0,0,2,AM7_330,2024-03-01 09:32:19.843
9239,PSYC-134130,TOTDay1,Experiment, 12,1, 6.jpg,6.jpg,90,90,7.307, 291.516,298.824,291.516,4,0,0,1,BE6_90,2024-03-01 09:32:27.774
9239,PSYC-134130,TOTDay1,Experiment, 13,0, 7.jpg,7.jpg,270,90,8.706, 299.33,308.036,299.33,3,0,0,1,BE7_270,2024-03-01 09:32:36.994
9239,PSYC-134130,TOTDay1,Experiment, 14,1, 9.jpg,9.jpg,30,30,13.352, 313.107,326.46,313.107,4,0,0,2,BM9_30,2024-03-01 09:32:55.416
9239,PSYC-134130,TOTDay1,Experiment, 15,1, 10.jpg,10.jpg,150,150,12.284, 327.069,339.354,327.069,5,0,0,3,AH10_150,2024-03-01 09:33:08.312
9239,PSYC-134130,TOTDay1,Experiment, 16,1, 6.jpg,6.jpg,30,30,11.379, 339.874,351.254,339.874,6,0,0,2,AM6_30,2024-03-01 09:33:20.210
9239,PSYC-134130,TOTDay1,Experiment, 17,1, 1.jpg,1.jpg,270,270,11.551, 351.762,363.314,351.762,7,0,0,1,AE1_270,2024-03-01 09:33:32.273
9239,PSYC-134130,TOTDay1,Experiment, 18,0, 8.jpg,8.jpg,210,240,15.148, 363.84,378.988,363.839,6,0,0,3,AH8_210,2024-03-01 09:33:47.945
9241,PSYC-132589,TOTDay1,Training, 1,0, 2.jpg,2.jpg,90,150,17.979, 85.939,103.907,85.937,-1,0,0,1,PE2_90,2024-03-01 09:30:00.021
9241,PSYC-132589,TOTDay1,Training, 2,1, 2.jpg,2.jpg,180,180,10.984, 108.913,119.897,108.913,0,0,0,1,PE2_180,2024-03-01 09:30:15.991
9241,PSYC-132589,TOTDay1,Training, 3,0, 2.jpg,2.jpg,60,150,19.028, 121.037,140.064,121.036,-1,0,0,2,PM2_60,2024-03-01 09:30:36.160
9241,PSYC-132589,TOTDay1,Training, 4,0, 2.jpg,2.jpg,30,330,11.028, 144.605,155.634,144.605,-2,0,0,2,PM2_30,2024-03-01 09:30:51.736
9241,PSYC-132589,TOTDay1,Training, 5,0, 2.jpg,2.jpg,210,180,8.979, 158.487,167.466,158.486,-3,0,0,3,PH2_210,2024-03-01 09:31:03.568
9241,PSYC-132589,TOTDay1,Training, 6,1, 2.jpg,2.jpg,120,120,16.416, 173.65,190.066,173.65,-2,0,0,3,PH2_120,2024-03-01 09:31:26.168
9241,PSYC-132589,TOTDay1,Training, 7,0, 2.jpg,2.jpg,0,180,10.057, 191.273,201.33,191.272,-3,0,0,1,PE2_0,2024-03-01 09:31:37.431
9241,PSYC-132589,TOTDay1,Training, 8,0, 2.jpg,2.jpg,240,210,11.701, 203.262,214.963,203.262,-4,0,0,3,PH2_240,2024-03-01 09:31:51.062
9241,PSYC-132589,TOTDay1,Training, 9,0, 2.jpg,2.jpg,330,0,21.226, 216.228,237.454,216.228,-5,0,0,2,PM2_330,2024-03-01 09:32:13.552
9241,PSYC-132589,TOTDay1,Training, 10,0, 2.jpg,2.jpg,150,120,12.479, 238.882,251.361,238.881,-6,0,0,3,PH2_150,2024-03-01 09:32:27.458
9241,PSYC-132589,TOTDay1,Training, 11,0, 2.jpg,2.jpg,300,150,8.877, 252.704,261.581,252.703,-7,0,0,2,PM2_300,2024-03-01 09:32:37.671
9241,PSYC-132589,TOTDay1,Training, 12,0, 2.jpg,2.jpg,270,180,12.66, 262.886,275.546,262.885,-8,0,0,1,PE2_270,2024-03-01 09:32:51.640
9241,PSYC-132589,TOTDay1,Experiment, 1,0, 7.jpg,7.jpg,270,180,18.62, 278.38,297,276.788,-1,0,0,1,BE7_270,2024-03-01 09:33:13.095
9241,PSYC-132589,TOTDay1,Experiment, 2,0, 6.jpg,6.jpg,30,120,21.533, 300.32,321.853,300.32,-2,0,0,2,AM6_30,2024-03-01 09:33:37.956
9241,PSYC-132589,TOTDay1,Experiment, 3,0, 3.jpg,3.jpg,240,150,25.105, 324.293,349.397,324.292,-3,0,0,3,BH3_240,2024-03-01 09:34:05.497
9241,PSYC-132589,TOTDay1,Experiment, 4,0, 1.jpg,1.jpg,270,210,14.677, 351.008,365.685,351.008,-4,0,0,1,AE1_270,2024-03-01 09:34:21.777
9241,PSYC-132589,TOTDay1,Experiment, 5,0, 9.jpg,9.jpg,240,180,9.582, 366.824,376.406,366.823,-5,0,0,3,AH9_240,2024-03-01 09:34:32.496
9241,PSYC-132589,TOTDay1,Experiment, 6,0, 10.jpg,10.jpg,60,120,17.151, 377.91,395.061,377.909,-6,0,0,2,BM10_60,2024-03-01 09:34:51.155
9241,PSYC-132589,TOTDay1,Experiment, 7,0, 11.jpg,11.jpg,180,270,15.909, 396.272,412.181,396.272,-7,0,0,1,BE11_180,2024-03-01 09:35:08.279
9241,PSYC-132589,TOTDay1,Experiment, 8,0, 9.jpg,9.jpg,30,0,7.575, 413.324,420.899,413.323,-8,0,0,2,BM9_30,2024-03-01 09:35:16.992
9241,PSYC-132589,TOTDay1,Experiment, 9,0, 4.jpg,4.jpg,210,180,17.318, 421.847,439.165,421.846,-9,0,0,3,BH4_210,2024-03-01 09:35:35.255
9241,PSYC-132589,TOTDay1,Experiment, 10,0, 11.jpg,11.jpg,60,90,8.765, 439.922,448.687,439.921,-10,0,0,2,AM11_60,2024-03-01 09:35:44.790
9241,PSYC-132589,TOTDay1,Experiment, 11,0, 3.jpg,3.jpg,90,330,27.725, 449.772,477.497,449.772,-11,0,0,1,AE3_90,2024-03-01 09:36:13.593
9241,PSYC-132589,TOTDay1,Experiment, 12,0, 8.jpg,8.jpg,210,270,16.365, 478.335,494.701,478.335,-12,0,0,3,AH8_210,2024-03-01 09:36:30.796
9241,PSYC-132589,TOTDay1,Experiment, 13,0, 8.jpg,8.jpg,330,30,6.189, 495.359,501.549,495.359,-13,0,0,2,BM8_330,2024-03-01 09:36:37.648
9241,PSYC-132589,TOTDay1,Experiment, 14,1, 10.jpg,10.jpg,150,150,23.777, 502.614,526.391,502.613,-12,0,0,3,AH10_150,2024-03-01 09:37:02.484
9241,PSYC-132589,TOTDay1,Experiment, 15,0, 4.jpg,4.jpg,180,60,19.851, 527.394,547.245,527.393,-13,0,0,1,AE4_180,2024-03-01 09:37:23.349
9241,PSYC-132589,TOTDay1,Experiment, 16,0, 6.jpg,6.jpg,90,270,21.06, 549.679,570.739,549.678,-14,0,0,1,BE6_90,2024-03-01 09:37:46.841
9241,PSYC-132589,TOTDay1,Experiment, 17,0, 7.jpg,7.jpg,330,0,10.044, 571.585,581.63,571.585,-15,0,0,2,AM7_330,2024-03-01 09:37:57.732
9241,PSYC-132589,TOTDay1,Experiment, 18,0, 1.jpg,1.jpg,150,30,24.895, 582.812,607.707,582.811,-16,0,0,3,BH1_150,2024-03-01 09:38:23.798
9244,PSYC-134130,TOTDay1,Training, 1,0, 2.jpg,2.jpg,90,180,4.204, 31.399,35.601,31.398,-1,0,0,1,PE2_90,2024-03-01 12:27:46.901
9244,PSYC-134130,TOTDay1,Training, 2,1, 2.jpg,2.jpg,180,180,4.01, 43.126,47.136,43.126,0,0,0,1,PE2_180,2024-03-01 12:27:58.438
9244,PSYC-134130,TOTDay1,Training, 3,0, 2.jpg,2.jpg,60,210,7.267, 49.261,56.528,49.261,-1,0,0,2,PM2_60,2024-03-01 12:28:07.830
9244,PSYC-134130,TOTDay1,Training, 4,0, 2.jpg,2.jpg,30,150,4.296, 59.44,63.736,59.44,-2,0,0,2,PM2_30,2024-03-01 12:28:15.042
9244,PSYC-134130,TOTDay1,Training, 5,0, 2.jpg,2.jpg,210,240,6.39, 67.1,73.49,67.1,-3,0,0,3,PH2_210,2024-03-01 12:28:24.797
9244,PSYC-134130,TOTDay1,Training, 6,0, 2.jpg,2.jpg,120,150,3.317, 81.708,85.025,81.707,-4,0,0,3,PH2_120,2024-03-01 12:28:36.321
9244,PSYC-134130,TOTDay1,Training, 7,1, 2.jpg,2.jpg,0,0,6.715, 90.558,97.273,90.558,-3,0,0,1,PE2_0,2024-03-01 12:28:48.570
9244,PSYC-134130,TOTDay1,Training, 8,0, 2.jpg,2.jpg,240,30,7.869, 98.712,106.581,98.712,-4,0,0,3,PH2_240,2024-03-01 12:28:57.885
9244,PSYC-134130,TOTDay1,Training, 9,0, 2.jpg,2.jpg,330,150,2.772, 108.442,111.215,108.442,-5,0,0,2,PM2_330,2024-03-01 12:29:02.521
9244,PSYC-134130,TOTDay1,Training, 10,0, 2.jpg,2.jpg,150,60,2.548, 112.187,114.735,112.187,-6,0,0,3,PH2_150,2024-03-01 12:29:06.037
9244,PSYC-134130,TOTDay1,Training, 11,0, 2.jpg,2.jpg,300,210,3.121, 115.452,118.573,115.451,-7,0,0,2,PM2_300,2024-03-01 12:29:09.880
9244,PSYC-134130,TOTDay1,Training, 12,0, 2.jpg,2.jpg,270,90,2.649, 119.222,121.871,119.221,-8,0,0,1,PE2_270,2024-03-01 12:29:13.166
9244,PSYC-134130,TOTDay1,Experiment, 1,0, 9.jpg,9.jpg,240,150,3.491, 124.323,127.815,122.467,-1,0,0,3,AH9_240,2024-03-01 12:29:19.118
9244,PSYC-134130,TOTDay1,Experiment, 2,1, 11.jpg,11.jpg,180,180,4.523, 131.874,136.397,131.873,0,0,0,1,BE11_180,2024-03-01 12:29:27.706
9244,PSYC-134130,TOTDay1,Experiment, 3,0, 8.jpg,8.jpg,330,120,4.019, 137.021,141.041,137.021,-1,0,0,2,BM8_330,2024-03-01 12:29:32.339
9244,PSYC-134130,TOTDay1,Experiment, 4,1, 10.jpg,10.jpg,60,60,3.256, 141.629,144.885,141.628,0,0,0,2,BM10_60,2024-03-01 12:29:36.187
9244,PSYC-134130,TOTDay1,Experiment, 5,0, 3.jpg,3.jpg,90,210,3.552, 145.428,148.981,145.427,-1,0,0,1,AE3_90,2024-03-01 12:29:40.287
9244,PSYC-134130,TOTDay1,Experiment, 6,0, 10.jpg,10.jpg,150,330,2.814, 149.541,152.356,149.541,-2,0,0,3,AH10_150,2024-03-01 12:29:43.663
9244,PSYC-134130,TOTDay1,Experiment, 7,0, 1.jpg,1.jpg,150,120,3.905, 152.819,156.725,152.819,-3,0,0,3,BH1_150,2024-03-01 12:29:48.030
9244,PSYC-134130,TOTDay1,Experiment, 8,1, 4.jpg,4.jpg,180,180,3.354, 157.154,160.508,157.153,-2,0,0,1,AE4_180,2024-03-01 12:29:51.815
9244,PSYC-134130,TOTDay1,Experiment, 9,0, 9.jpg,9.jpg,30,210,3.221, 161.015,164.237,161.015,-3,0,0,2,BM9_30,2024-03-01 12:29:55.538
9244,PSYC-134130,TOTDay1,Experiment, 10,0, 7.jpg,7.jpg,270,90,3.345, 164.718,168.063,164.717,-4,0,0,1,BE7_270,2024-03-01 12:29:59.372
9244,PSYC-134130,TOTDay1,Experiment, 11,0, 4.jpg,4.jpg,210,150,3.719, 168.505,172.224,168.504,-5,0,0,3,BH4_210,2024-03-01 12:30:03.519
9244,PSYC-134130,TOTDay1,Experiment, 12,0, 11.jpg,11.jpg,60,270,3.253, 172.674,175.927,172.673,-6,0,0,2,AM11_60,2024-03-01 12:30:07.227
9244,PSYC-134130,TOTDay1,Experiment, 13,0, 3.jpg,3.jpg,240,210,3.311, 176.367,179.678,176.366,-7,0,0,3,BH3_240,2024-03-01 12:30:10.980
9244,PSYC-134130,TOTDay1,Experiment, 14,0, 1.jpg,1.jpg,270,90,3.059, 180.139,183.198,180.138,-8,0,0,1,AE1_270,2024-03-01 12:30:14.500
9244,PSYC-134130,TOTDay1,Experiment, 15,0, 7.jpg,7.jpg,330,120,3.307, 183.643,186.95,183.642,-9,0,0,2,AM7_330,2024-03-01 12:30:18.253
9244,PSYC-134130,TOTDay1,Experiment, 16,0, 6.jpg,6.jpg,90,0,5.045, 187.353,192.398,187.353,-10,0,0,1,BE6_90,2024-03-01 12:30:23.701
9244,PSYC-134130,TOTDay1,Experiment, 17,0, 8.jpg,8.jpg,210,240,5.649, 193.037,198.686,193.037,-11,0,0,3,AH8_210,2024-03-01 12:30:29.984
9244,PSYC-134130,TOTDay1,Experiment, 18,1, 6.jpg,6.jpg,30,30,4.883, 199.157,204.041,199.157,-10,0,0,2,AM6_30,2024-03-01 12:30:35.340
9243,PSYC-132589,TOTDay1,Training, 1,1, 2.jpg,2.jpg,90,90,4.612, 23.773,28.383,23.77,1,0,0,1,PE2_90,2024-03-01 12:30:19.623
9243,PSYC-132589,TOTDay1,Training, 2,1, 2.jpg,2.jpg,180,180,3.943, 31.477,35.42,31.476,2,0,0,1,PE2_180,2024-03-01 12:30:26.669
9243,PSYC-132589,TOTDay1,Training, 3,0, 2.jpg,2.jpg,60,120,3.012, 36.477,39.489,36.476,1,0,0,2,PM2_60,2024-03-01 12:30:30.730
9243,PSYC-132589,TOTDay1,Training, 4,1, 2.jpg,2.jpg,30,30,7.624, 43.465,51.089,43.465,2,0,0,2,PM2_30,2024-03-01 12:30:42.338
9243,PSYC-132589,TOTDay1,Training, 5,0, 2.jpg,2.jpg,210,330,3.563, 51.821,55.385,51.821,1,0,0,3,PH2_210,2024-03-01 12:30:46.629
9243,PSYC-132589,TOTDay1,Training, 6,0, 2.jpg,2.jpg,120,240,4.843, 67.685,72.529,67.685,0,0,0,3,PH2_120,2024-03-01 12:31:03.767
9243,PSYC-132589,TOTDay1,Training, 7,0, 2.jpg,2.jpg,0,180,6.035, 79.939,85.975,79.939,-1,0,0,1,PE2_0,2024-03-01 12:31:17.221
9243,PSYC-132589,TOTDay1,Training, 8,1, 2.jpg,2.jpg,240,240,7.222, 91.747,98.968,91.746,0,0,0,3,PH2_240,2024-03-01 12:31:30.216
9243,PSYC-132589,TOTDay1,Training, 9,1, 2.jpg,2.jpg,330,330,5.724, 99.866,105.59,99.865,1,0,0,2,PM2_330,2024-03-01 12:31:36.831
9243,PSYC-132589,TOTDay1,Training, 10,1, 2.jpg,2.jpg,150,150,7.191, 106.475,113.666,106.474,2,0,0,3,PH2_150,2024-03-01 12:31:44.914
9243,PSYC-132589,TOTDay1,Training, 11,0, 2.jpg,2.jpg,300,240,3.743, 114.367,118.11,114.367,1,0,0,2,PM2_300,2024-03-01 12:31:49.354
9243,PSYC-132589,TOTDay1,Training, 12,0, 2.jpg,2.jpg,270,90,3.007, 118.885,121.892,118.884,0,0,0,1,PE2_270,2024-03-01 12:31:53.144
9243,PSYC-132589,TOTDay1,Experiment, 1,0, 4.jpg,4.jpg,180,270,7.827, 126.273,134.1,123.025,-1,0,0,1,AE4_180,2024-03-01 12:32:05.338
9243,PSYC-132589,TOTDay1,Experiment, 2,0, 8.jpg,8.jpg,330,90,3.053, 142.865,145.919,142.864,-2,0,0,2,BM8_330,2024-03-01 12:32:17.159
9243,PSYC-132589,TOTDay1,Experiment, 3,0, 1.jpg,1.jpg,150,90,4.37, 147.131,151.501,147.13,-3,0,0,3,BH1_150,2024-03-01 12:32:22.740
9243,PSYC-132589,TOTDay1,Experiment, 4,0, 4.jpg,4.jpg,210,60,6.243, 152.585,158.828,152.584,-4,0,0,3,BH4_210,2024-03-01 12:32:30.078
9243,PSYC-132589,TOTDay1,Experiment, 5,0, 1.jpg,1.jpg,270,180,3.582, 159.53,163.112,159.528,-5,0,0,1,AE1_270,2024-03-01 12:32:34.351
9243,PSYC-132589,TOTDay1,Experiment, 6,0, 9.jpg,9.jpg,30,60,5.395, 163.561,168.956,163.56,-6,0,0,2,BM9_30,2024-03-01 12:32:40.196
9243,PSYC-132589,TOTDay1,Experiment, 7,0, 3.jpg,3.jpg,240,30,2.676, 169.56,172.236,169.559,-7,0,0,3,BH3_240,2024-03-01 12:32:43.481
9243,PSYC-132589,TOTDay1,Experiment, 8,0, 3.jpg,3.jpg,90,270,2.035, 172.676,174.712,172.676,-8,0,0,1,AE3_90,2024-03-01 12:32:45.951
9243,PSYC-132589,TOTDay1,Experiment, 9,0, 7.jpg,7.jpg,330,30,1.536, 175.065,176.601,175.065,-9,0,0,2,AM7_330,2024-03-01 12:32:47.846
9243,PSYC-132589,TOTDay1,Experiment, 10,0, 11.jpg,11.jpg,180,60,1.823, 176.858,178.681,176.857,-10,0,0,1,BE11_180,2024-03-01 12:32:49.933
9243,PSYC-132589,TOTDay1,Experiment, 11,0, 8.jpg,8.jpg,210,120,2.818, 178.887,181.706,178.887,-11,0,0,3,AH8_210,2024-03-01 12:32:52.957
9243,PSYC-132589,TOTDay1,Experiment, 12,0, 11.jpg,11.jpg,60,240,2.181, 181.919,184.1,181.919,-12,0,0,2,AM11_60,2024-03-01 12:32:55.337
9243,PSYC-132589,TOTDay1,Experiment, 13,0, 6.jpg,6.jpg,90,330,2.073, 184.301,186.374,184.301,-13,0,0,1,BE6_90,2024-03-01 12:32:57.615
9243,PSYC-132589,TOTDay1,Experiment, 14,0, 10.jpg,10.jpg,150,30,3.339, 186.569,189.908,186.568,-14,0,0,3,AH10_150,2024-03-01 12:33:01.150
9243,PSYC-132589,TOTDay1,Experiment, 15,0, 6.jpg,6.jpg,30,90,2.165, 190.129,192.294,190.128,-15,0,0,2,AM6_30,2024-03-01 12:33:03.541
9243,PSYC-132589,TOTDay1,Experiment, 16,0, 10.jpg,10.jpg,60,0,1.996, 192.547,194.544,192.547,-16,0,0,2,BM10_60,2024-03-01 12:33:05.787
9243,PSYC-132589,TOTDay1,Experiment, 17,0, 9.jpg,9.jpg,240,0,0.899, 194.861,195.76,194.86,-17,0,0,3,AH9_240,2024-03-01 12:33:06.997
9243,PSYC-132589,TOTDay1,Experiment, 18,0, 7.jpg,7.jpg,270,0,0.685, 195.991,196.676,195.99,-18,0,0,1,BE7_270,2024-03-01 12:33:07.924
9242,PSYC-134128,TOTDay1,Training, 1,0, 2.jpg,2.jpg,90,0,7.082, 80.471,87.551,80.47,-1,0,0,1,PE2_90,2024-03-01 12:33:49.596
9242,PSYC-134128,TOTDay1,Training, 2,1, 2.jpg,2.jpg,180,180,5.066, 93.881,98.946,93.88,0,0,0,1,PE2_180,2024-03-01 12:34:00.989
9242,PSYC-134128,TOTDay1,Training, 3,1, 2.jpg,2.jpg,60,60,11.152, 104.129,115.281,104.128,1,0,0,2,PM2_60,2024-03-01 12:34:17.325
9242,PSYC-134128,TOTDay1,Training, 4,1, 2.jpg,2.jpg,30,30,3.801, 116.285,120.086,116.284,2,0,0,2,PM2_30,2024-03-01 12:34:22.130
9242,PSYC-134128,TOTDay1,Training, 5,0, 2.jpg,2.jpg,210,150,5.506, 120.692,126.199,120.692,1,0,0,3,PH2_210,2024-03-01 12:34:28.243
9242,PSYC-134128,TOTDay1,Training, 6,0, 2.jpg,2.jpg,120,210,8.081, 133.169,141.25,133.168,0,0,0,3,PH2_120,2024-03-01 12:34:43.294
9242,PSYC-134128,TOTDay1,Training, 7,1, 2.jpg,2.jpg,0,0,4.232, 147.258,151.49,147.258,1,0,0,1,PE2_0,2024-03-01 12:34:53.535
9242,PSYC-134128,TOTDay1,Training, 8,0, 2.jpg,2.jpg,240,330,8.118, 153.124,161.242,153.124,0,0,0,3,PH2_240,2024-03-01 12:35:03.286
9242,PSYC-134128,TOTDay1,Training, 9,1, 2.jpg,2.jpg,330,330,7.423, 162.636,170.06,162.636,1,0,0,2,PM2_330,2024-03-01 12:35:12.105
9242,PSYC-134128,TOTDay1,Training, 10,0, 2.jpg,2.jpg,150,210,6.743, 170.9,177.644,170.9,0,0,0,3,PH2_150,2024-03-01 12:35:19.689
9242,PSYC-134128,TOTDay1,Training, 11,0, 2.jpg,2.jpg,300,210,2.665, 178.191,180.854,178.19,-1,0,0,2,PM2_300,2024-03-01 12:35:22.901
9242,PSYC-134128,TOTDay1,Training, 12,0, 2.jpg,2.jpg,270,90,10.731, 181.528,192.26,181.528,-2,0,0,1,PE2_270,2024-03-01 12:35:34.305
9242,PSYC-134128,TOTDay1,Experiment, 1,0, 11.jpg,11.jpg,60,90,11.324, 200.388,211.713,197.952,-1,0,0,2,AM11_60,2024-03-01 12:35:53.759
9242,PSYC-134128,TOTDay1,Experiment, 2,0, 3.jpg,3.jpg,240,270,3.673, 213.821,217.494,213.819,-2,0,0,3,BH3_240,2024-03-01 12:35:59.541
9242,PSYC-134128,TOTDay1,Experiment, 3,0, 7.jpg,7.jpg,270,90,2.037, 219.2,221.238,219.2,-3,0,0,1,BE7_270,2024-03-01 12:36:03.283
9242,PSYC-134128,TOTDay1,Experiment, 4,0, 8.jpg,8.jpg,210,90,2.087, 223.084,225.172,223.083,-4,0,0,3,AH8_210,2024-03-01 12:36:07.218
9242,PSYC-134128,TOTDay1,Experiment, 5,0, 3.jpg,3.jpg,90,180,2.251, 226.098,228.349,226.097,-5,0,0,1,AE3_90,2024-03-01 12:36:10.395
9242,PSYC-134128,TOTDay1,Experiment, 6,0, 10.jpg,10.jpg,60,270,1.945, 229.712,231.658,229.712,-6,0,0,2,BM10_60,2024-03-01 12:36:13.703
9242,PSYC-134128,TOTDay1,Experiment, 7,0, 1.jpg,1.jpg,270,0,2.017, 234.066,236.083,234.066,-7,0,0,1,AE1_270,2024-03-01 12:36:18.130
9242,PSYC-134128,TOTDay1,Experiment, 8,0, 1.jpg,1.jpg,150,0,0.671, 237.59,238.261,237.589,-8,0,0,3,BH1_150,2024-03-01 12:36:20.308
9242,PSYC-134128,TOTDay1,Experiment, 9,0, 6.jpg,6.jpg,30,0,1.131, 238.902,240.034,238.902,-9,0,0,2,AM6_30,2024-03-01 12:36:22.080
9242,PSYC-134128,TOTDay1,Experiment, 10,0, 7.jpg,7.jpg,330,0,1.086, 242.351,243.437,242.35,-10,0,0,2,AM7_330,2024-03-01 12:36:25.484
9242,PSYC-134128,TOTDay1,Experiment, 11,0, 6.jpg,6.jpg,90,0,0.863, 244.153,245.016,244.152,-11,0,0,1,BE6_90,2024-03-01 12:36:27.062
9242,PSYC-134128,TOTDay1,Experiment, 12,0, 4.jpg,4.jpg,210,0,0.73, 245.652,246.382,245.651,-12,0,0,3,BH4_210,2024-03-01 12:36:28.428
9242,PSYC-134128,TOTDay1,Experiment, 13,0, 9.jpg,9.jpg,30,0,2.291, 247.116,249.408,247.116,-13,0,0,2,BM9_30,2024-03-01 12:36:31.454
9242,PSYC-134128,TOTDay1,Experiment, 14,0, 10.jpg,10.jpg,150,0,1.915, 252,253.916,252,-14,0,0,3,AH10_150,2024-03-01 12:36:35.962
9242,PSYC-134128,TOTDay1,Experiment, 15,0, 4.jpg,4.jpg,180,0,0.586, 256.388,256.974,256.388,-15,0,0,1,AE4_180,2024-03-01 12:36:39.021
9242,PSYC-134128,TOTDay1,Experiment, 16,0, 8.jpg,8.jpg,330,0,0.737, 257.86,258.597,257.859,-16,0,0,2,BM8_330,2024-03-01 12:36:40.644
9242,PSYC-134128,TOTDay1,Experiment, 17,0, 9.jpg,9.jpg,240,0,0.682, 259.103,259.785,259.102,-17,0,0,3,AH9_240,2024-03-01 12:36:41.831
9242,PSYC-134128,TOTDay1,Experiment, 18,0, 11.jpg,11.jpg,180,0,0.585, 260.567,261.152,260.566,-18,0,0,1,BE11_180,2024-03-01 12:36:43.197
9245,PSYC-134128,TOTDay1,Training, 1,1, 2.jpg,2.jpg,90,90,3.451, 18.374,21.803,18.373,1,0,0,1,PE2_90,2024-03-01 15:24:09.322
9245,PSYC-134128,TOTDay1,Training, 2,0, 2.jpg,2.jpg,180,300,3.119, 23.932,27.051,23.931,0,0,0,1,PE2_180,2024-03-01 15:24:14.554
9245,PSYC-134128,TOTDay1,Training, 3,0, 2.jpg,2.jpg,60,90,3.729, 37.078,40.807,37.077,-1,0,0,2,PM2_60,2024-03-01 15:24:28.306
9245,PSYC-134128,TOTDay1,Training, 4,0, 2.jpg,2.jpg,30,240,3.316, 45.837,49.153,45.837,-2,0,0,2,PM2_30,2024-03-01 15:24:36.655
9245,PSYC-134128,TOTDay1,Training, 5,0, 2.jpg,2.jpg,210,90,2.644, 51.093,53.737,51.093,-3,0,0,3,PH2_210,2024-03-01 15:24:41.243
9245,PSYC-134128,TOTDay1,Training, 6,0, 2.jpg,2.jpg,120,0,2.82, 60.229,63.049,60.229,-4,0,0,3,PH2_120,2024-03-01 15:24:50.553
9245,PSYC-134128,TOTDay1,Training, 7,0, 2.jpg,2.jpg,0,300,2.991, 68.145,71.137,68.145,-5,0,0,1,PE2_0,2024-03-01 15:24:58.642
9245,PSYC-134128,TOTDay1,Training, 8,0, 2.jpg,2.jpg,240,330,5.416, 73.286,78.702,73.285,-6,0,0,3,PH2_240,2024-03-01 15:25:06.196
9245,PSYC-134128,TOTDay1,Training, 9,0, 2.jpg,2.jpg,330,90,3.03, 80.449,83.48,80.449,-7,0,0,2,PM2_330,2024-03-01 15:25:10.984
9245,PSYC-134128,TOTDay1,Training, 10,0, 2.jpg,2.jpg,150,270,4.26, 88.018,92.278,88.018,-8,0,0,3,PH2_150,2024-03-01 15:25:19.780
9245,PSYC-134128,TOTDay1,Training, 11,0, 2.jpg,2.jpg,300,90,3.514, 94.083,97.597,94.082,-9,0,0,2,PM2_300,2024-03-01 15:25:25.103
9245,PSYC-134128,TOTDay1,Training, 12,0, 2.jpg,2.jpg,270,210,6.301, 98.898,105.199,98.897,-10,0,0,1,PE2_270,2024-03-01 15:25:32.702
9245,PSYC-134128,TOTDay1,Experiment, 1,0, 10.jpg,10.jpg,150,90,2.72, 111.06,113.78,106.004,-1,0,0,3,AH10_150,2024-03-01 15:25:41.275
9245,PSYC-134128,TOTDay1,Experiment, 2,0, 7.jpg,7.jpg,270,300,2.456, 116.554,119.011,116.554,-2,0,0,1,BE7_270,2024-03-01 15:25:46.506
9245,PSYC-134128,TOTDay1,Experiment, 3,0, 7.jpg,7.jpg,330,90,2.162, 120.757,122.919,120.756,-3,0,0,2,AM7_330,2024-03-01 15:25:50.416
9245,PSYC-134128,TOTDay1,Experiment, 4,0, 6.jpg,6.jpg,90,60,2.189, 123.349,125.539,123.349,-4,0,0,1,BE6_90,2024-03-01 15:25:53.037
9245,PSYC-134128,TOTDay1,Experiment, 5,1, 4.jpg,4.jpg,210,210,4.879, 125.969,130.848,125.968,-3,0,0,3,BH4_210,2024-03-01 15:25:58.345
9245,PSYC-134128,TOTDay1,Experiment, 6,0, 11.jpg,11.jpg,60,300,8.006, 131.143,139.15,131.143,-4,0,0,2,AM11_60,2024-03-01 15:26:06.652
9245,PSYC-134128,TOTDay1,Experiment, 7,0, 9.jpg,9.jpg,240,30,7.022, 139.636,146.658,139.635,-5,0,0,3,AH9_240,2024-03-01 15:26:14.157
9245,PSYC-134128,TOTDay1,Experiment, 8,0, 11.jpg,11.jpg,180,90,1.864, 147.116,148.98,147.115,-6,0,0,1,BE11_180,2024-03-01 15:26:16.482
9245,PSYC-134128,TOTDay1,Experiment, 9,0, 6.jpg,6.jpg,30,270,2.518, 150.699,153.217,150.698,-7,0,0,2,AM6_30,2024-03-01 15:26:20.723
9245,PSYC-134128,TOTDay1,Experiment, 10,0, 10.jpg,10.jpg,60,180,4.45, 153.538,157.988,153.537,-8,0,0,2,BM10_60,2024-03-01 15:26:25.485
9245,PSYC-134128,TOTDay1,Experiment, 11,0, 8.jpg,8.jpg,210,30,2.579, 158.444,161.024,158.444,-9,0,0,3,AH8_210,2024-03-01 15:26:28.530
9245,PSYC-134128,TOTDay1,Experiment, 12,0, 3.jpg,3.jpg,90,270,3.666, 161.457,165.124,161.456,-10,0,0,1,AE3_90,2024-03-01 15:26:32.630
9245,PSYC-134128,TOTDay1,Experiment, 13,0, 9.jpg,9.jpg,30,150,3.31, 165.399,168.71,165.398,-11,0,0,2,BM9_30,2024-03-01 15:26:36.210
9245,PSYC-134128,TOTDay1,Experiment, 14,0, 1.jpg,1.jpg,150,90,2.439, 169.052,171.492,169.052,-12,0,0,3,BH1_150,2024-03-01 15:26:38.991
9245,PSYC-134128,TOTDay1,Experiment, 15,1, 1.jpg,1.jpg,270,270,2.455, 171.841,174.296,171.84,-11,0,0,1,AE1_270,2024-03-01 15:26:41.804
9245,PSYC-134128,TOTDay1,Experiment, 16,0, 8.jpg,8.jpg,330,180,3.239, 174.633,177.872,174.632,-12,0,0,2,BM8_330,2024-03-01 15:26:45.367
9245,PSYC-134128,TOTDay1,Experiment, 17,0, 4.jpg,4.jpg,180,120,1.911, 178.15,180.062,178.15,-13,0,0,1,AE4_180,2024-03-01 15:26:47.565
9245,PSYC-134128,TOTDay1,Experiment, 18,0, 3.jpg,3.jpg,240,30,2.827, 180.262,183.09,180.262,-14,0,0,3,BH3_240,2024-03-01 15:26:50.596
9225,PSYC-134130,TOTDay1,Training, 1,1, 2.jpg,2.jpg,90,90,8.008, 75.437,83.443,75.436,1,0,0,1,PE2_90,2024-03-01 15:22:23.784
9225,PSYC-134130,TOTDay1,Training, 2,1, 2.jpg,2.jpg,180,180,4.693, 84.983,89.676,84.982,2,0,0,1,PE2_180,2024-03-01 15:22:30.011
9225,PSYC-134130,TOTDay1,Training, 3,0, 2.jpg,2.jpg,60,330,12.331, 90.163,102.494,90.162,1,0,0,2,PM2_60,2024-03-01 15:22:42.839
9225,PSYC-134130,TOTDay1,Training, 4,0, 2.jpg,2.jpg,30,330,10.019, 105.702,115.722,105.702,0,0,0,2,PM2_30,2024-03-01 15:22:56.066
9225,PSYC-134130,TOTDay1,Training, 5,1, 2.jpg,2.jpg,210,210,11.874, 120.297,132.172,120.296,1,0,0,3,PH2_210,2024-03-01 15:23:12.511
9225,PSYC-134130,TOTDay1,Training, 6,1, 2.jpg,2.jpg,120,120,10.493, 132.882,143.375,132.882,2,0,0,3,PH2_120,2024-03-01 15:23:23.724
9225,PSYC-134130,TOTDay1,Training, 7,1, 2.jpg,2.jpg,0,0,3.457, 143.88,147.338,143.88,3,0,0,1,PE2_0,2024-03-01 15:23:27.673
9225,PSYC-134130,TOTDay1,Training, 8,1, 2.jpg,2.jpg,240,240,13.691, 148.85,162.541,148.85,4,0,0,3,PH2_240,2024-03-01 15:23:42.882
9225,PSYC-134130,TOTDay1,Training, 9,0, 2.jpg,2.jpg,330,30,7.129, 163.054,170.183,163.054,3,0,0,2,PM2_330,2024-03-01 15:23:50.521
9225,PSYC-134130,TOTDay1,Training, 10,1, 2.jpg,2.jpg,150,150,10.175, 175.514,185.689,175.514,4,0,0,3,PH2_150,2024-03-01 15:24:06.032
9225,PSYC-134130,TOTDay1,Training, 11,0, 2.jpg,2.jpg,300,330,9.097, 186.184,195.281,186.184,3,0,0,2,PM2_300,2024-03-01 15:24:15.631
9225,PSYC-134130,TOTDay1,Training, 12,1, 2.jpg,2.jpg,270,270,5.803, 196.262,202.065,196.261,4,0,0,1,PE2_270,2024-03-01 15:24:22.406
9225,PSYC-134130,TOTDay1,Experiment, 1,0, 6.jpg,6.jpg,30,60,8.57, 205.014,213.585,202.681,-1,0,0,2,AM6_30,2024-03-01 15:24:33.921
9225,PSYC-134130,TOTDay1,Experiment, 2,0, 1.jpg,1.jpg,270,240,9.129, 215.089,224.219,215.089,-2,0,0,1,AE1_270,2024-03-01 15:24:44.561
9225,PSYC-134130,TOTDay1,Experiment, 3,1, 8.jpg,8.jpg,210,210,15.508, 224.841,240.349,224.841,-1,0,0,3,AH8_210,2024-03-01 15:25:00.695
9225,PSYC-134130,TOTDay1,Experiment, 4,0, 8.jpg,8.jpg,330,30,4.612, 240.908,245.52,240.907,-2,0,0,2,BM8_330,2024-03-01 15:25:05.862
9225,PSYC-134130,TOTDay1,Experiment, 5,1, 4.jpg,4.jpg,210,210,9.228, 247.879,257.106,247.878,-1,0,0,3,BH4_210,2024-03-01 15:25:17.460
9225,PSYC-134130,TOTDay1,Experiment, 6,1, 4.jpg,4.jpg,180,180,9.267, 257.605,266.872,257.604,0,0,0,1,AE4_180,2024-03-01 15:25:27.219
9225,PSYC-134130,TOTDay1,Experiment, 7,1, 11.jpg,11.jpg,180,180,4.965, 267.359,272.324,267.359,1,0,0,1,BE11_180,2024-03-01 15:25:32.669
9225,PSYC-134130,TOTDay1,Experiment, 8,1, 10.jpg,10.jpg,150,150,11.51, 272.785,284.296,272.785,2,0,0,3,AH10_150,2024-03-01 15:25:44.643
9225,PSYC-134130,TOTDay1,Experiment, 9,0, 11.jpg,11.jpg,60,150,10.487, 284.796,295.284,284.796,1,0,0,2,AM11_60,2024-03-01 15:25:55.629
9225,PSYC-134130,TOTDay1,Experiment, 10,1, 7.jpg,7.jpg,270,270,11.419, 295.77,307.19,295.77,2,0,0,1,BE7_270,2024-03-01 15:26:07.537
9225,PSYC-134130,TOTDay1,Experiment, 11,0, 3.jpg,3.jpg,240,150,17.084, 307.628,324.712,307.627,1,0,0,3,BH3_240,2024-03-01 15:26:25.056
9225,PSYC-134130,TOTDay1,Experiment, 12,1, 9.jpg,9.jpg,30,30,7.719, 325.224,332.943,325.223,2,0,0,2,BM9_30,2024-03-01 15:26:33.293
9225,PSYC-134130,TOTDay1,Experiment, 13,0, 1.jpg,1.jpg,150,60,7.673, 333.415,341.088,333.414,1,0,0,3,BH1_150,2024-03-01 15:26:41.435
9225,PSYC-134130,TOTDay1,Experiment, 14,0, 7.jpg,7.jpg,330,30,8.1, 341.622,349.723,341.622,0,0,0,2,AM7_330,2024-03-01 15:26:50.078
9225,PSYC-134130,TOTDay1,Experiment, 15,0, 6.jpg,6.jpg,90,270,6.897, 350.351,357.248,350.35,-1,0,0,1,BE6_90,2024-03-01 15:26:57.604
9225,PSYC-134130,TOTDay1,Experiment, 16,1, 9.jpg,9.jpg,240,240,10.011, 358.082,368.093,358.081,0,0,0,3,AH9_240,2024-03-01 15:27:08.444
9225,PSYC-134130,TOTDay1,Experiment, 17,1, 3.jpg,3.jpg,90,90,8.813, 368.57,377.383,368.57,1,0,0,1,AE3_90,2024-03-01 15:27:17.733
9225,PSYC-134130,TOTDay1,Experiment, 18,0, 10.jpg,10.jpg,60,300,7.765, 377.772,385.537,377.771,0,0,0,2,BM10_60,2024-03-01 15:27:25.882
9246,PSYC-132589,TOTDay1,Training, 1,0, 2.jpg,2.jpg,90,120,28.712, 76.059,104.767,76.057,-1,0,0,1,PE2_90,2024-03-01 15:25:53.954
9246,PSYC-132589,TOTDay1,Training, 2,0, 2.jpg,2.jpg,180,0,6.164, 113.118,119.283,113.118,-2,0,0,1,PE2_180,2024-03-01 15:26:08.466
9246,PSYC-132589,TOTDay1,Training, 3,0, 2.jpg,2.jpg,60,210,17.508, 138.205,155.713,138.204,-3,0,0,2,PM2_60,2024-03-01 15:26:44.890
9246,PSYC-132589,TOTDay1,Training, 4,0, 2.jpg,2.jpg,30,60,12.203, 164.125,176.329,164.125,-4,0,0,2,PM2_30,2024-03-01 15:27:05.510
9246,PSYC-132589,TOTDay1,Training, 5,1, 2.jpg,2.jpg,210,210,20.749, 179.426,200.175,179.426,-3,0,0,3,PH2_210,2024-03-01 15:27:29.355
9246,PSYC-132589,TOTDay1,Training, 6,0, 2.jpg,2.jpg,120,240,24.981, 201.498,226.479,201.497,-4,0,0,3,PH2_120,2024-03-01 15:27:55.654
9246,PSYC-132589,TOTDay1,Training, 7,0, 2.jpg,2.jpg,0,180,8.179, 232.479,240.658,232.478,-5,0,0,1,PE2_0,2024-03-01 15:28:09.838
9246,PSYC-132589,TOTDay1,Training, 8,0, 2.jpg,2.jpg,240,300,29.122, 244.451,273.573,244.45,-6,0,0,3,PH2_240,2024-03-01 15:28:42.753
9246,PSYC-132589,TOTDay1,Training, 9,0, 2.jpg,2.jpg,330,120,34.066, 288.428,322.494,288.428,-7,0,0,2,PM2_330,2024-03-01 15:29:31.678
9246,PSYC-132589,TOTDay1,Training, 10,0, 2.jpg,2.jpg,150,-1,36.142, 341.403,377.545,341.402,-8,0,0,3,PH2_150,2024-03-01 15:30:26.728
9246,PSYC-132589,TOTDay1,Training, 11,0, 2.jpg,2.jpg,300,210,18.507, 377.587,396.093,377.586,-9,0,0,2,PM2_300,2024-03-01 15:30:45.271
9246,PSYC-132589,TOTDay1,Training, 12,0, 2.jpg,2.jpg,270,90,20.503, 401.766,422.268,401.765,-10,0,0,1,PE2_270,2024-03-01 15:31:11.437
9246,PSYC-132589,TOTDay1,Experiment, 1,0, 4.jpg,4.jpg,180,60,24.137, 427.693,451.83,424.94,-1,0,0,1,AE4_180,2024-03-01 15:31:41.012
9246,PSYC-132589,TOTDay1,Experiment, 2,0, 9.jpg,9.jpg,30,240,4.185, 455.787,459.972,455.786,-2,0,0,2,BM9_30,2024-03-01 15:31:49.147
9246,PSYC-132589,TOTDay1,Experiment, 3,0, 1.jpg,1.jpg,150,90,9.292, 475.056,484.348,475.055,-3,0,0,3,BH1_150,2024-03-01 15:32:13.530
9246,PSYC-132589,TOTDay1,Experiment, 4,1, 11.jpg,11.jpg,180,180,11.356, 491.342,502.698,491.342,-2,0,0,1,BE11_180,2024-03-01 15:32:31.865
9246,PSYC-132589,TOTDay1,Experiment, 5,0, 9.jpg,9.jpg,240,30,17.228, 503.614,520.842,503.614,-3,0,0,3,AH9_240,2024-03-01 15:32:50.009
9246,PSYC-132589,TOTDay1,Experiment, 6,0, 6.jpg,6.jpg,30,330,10.841, 540.484,551.326,540.484,-4,0,0,2,AM6_30,2024-03-01 15:33:20.507
9246,PSYC-132589,TOTDay1,Experiment, 7,0, 6.jpg,6.jpg,90,270,17.581, 568.512,586.094,568.511,-5,0,0,1,BE6_90,2024-03-01 15:33:55.271
9246,PSYC-132589,TOTDay1,Experiment, 8,0, 8.jpg,8.jpg,210,30,12.203, 590.879,603.082,590.878,-6,0,0,3,AH8_210,2024-03-01 15:34:12.256
9246,PSYC-132589,TOTDay1,Experiment, 9,0, 10.jpg,10.jpg,60,210,12.083, 604.006,616.09,604.006,-7,0,0,2,BM10_60,2024-03-01 15:34:25.269
9246,PSYC-132589,TOTDay1,Experiment, 10,0, 7.jpg,7.jpg,330,30,12.239, 631.412,643.651,631.411,-8,0,0,2,AM7_330,2024-03-01 15:34:52.817
9246,PSYC-132589,TOTDay1,Experiment, 11,0, 4.jpg,4.jpg,210,30,23.849, 655.138,678.987,655.137,-9,0,0,3,BH4_210,2024-03-01 15:35:28.163
9246,PSYC-132589,TOTDay1,Experiment, 12,0, 7.jpg,7.jpg,270,90,10.5, 682.385,692.885,682.384,-10,0,0,1,BE7_270,2024-03-01 15:35:42.057
9246,PSYC-132589,TOTDay1,Experiment, 13,0, 11.jpg,11.jpg,60,300,12.447, 702.882,715.329,702.881,-11,0,0,2,AM11_60,2024-03-01 15:36:04.506
9246,PSYC-132589,TOTDay1,Experiment, 14,0, 10.jpg,10.jpg,150,330,35.457, 720.878,756.335,720.877,-12,0,0,3,AH10_150,2024-03-01 15:36:45.504
9246,PSYC-132589,TOTDay1,Experiment, 15,0, 3.jpg,3.jpg,90,0,0.597, 793.984,794.581,793.984,-13,0,0,1,AE3_90,2024-03-01 15:37:23.760
9246,PSYC-132589,TOTDay1,Experiment, 16,1, 3.jpg,3.jpg,240,240,4.141, 797.37,801.511,797.369,-12,0,0,3,BH3_240,2024-03-01 15:37:30.675
9246,PSYC-132589,TOTDay1,Experiment, 17,0, 1.jpg,1.jpg,270,180,19.455, 802.552,822.007,802.552,-13,0,0,1,AE1_270,2024-03-01 15:37:51.183
9246,PSYC-132589,TOTDay1,Experiment, 18,0, 8.jpg,8.jpg,330,270,8.429, 824.524,832.953,824.524,-14,0,0,2,BM8_330,2024-03-01 15:38:02.127
9247,PSYC-132589,TOTDay1,Training, 1,1, 2.jpg,2.jpg,90,90,9.178, 33.494,42.667,33.492,1,0,0,1,PE2_90,2024-04-08 09:21:06.630
9247,PSYC-132589,TOTDay1,Training, 2,0, 2.jpg,2.jpg,180,300,8.34, 47.969,56.309,47.967,0,0,0,1,PE2_180,2024-04-08 09:21:20.271
9247,PSYC-132589,TOTDay1,Training, 3,0, 2.jpg,2.jpg,60,150,5.036, 63.827,68.863,63.826,-1,0,0,2,PM2_60,2024-04-08 09:21:32.821
9247,PSYC-132589,TOTDay1,Training, 4,0, 2.jpg,2.jpg,30,120,4.232, 73.654,77.885,73.653,-2,0,0,2,PM2_30,2024-04-08 09:21:41.844
9247,PSYC-132589,TOTDay1,Training, 5,0, 2.jpg,2.jpg,210,300,4.272, 81.175,85.448,81.175,-3,0,0,3,PH2_210,2024-04-08 09:21:49.401
9247,PSYC-132589,TOTDay1,Training, 6,0, 2.jpg,2.jpg,120,0,7.032, 92.322,99.353,92.322,-4,0,0,3,PH2_120,2024-04-08 09:22:03.312
9247,PSYC-132589,TOTDay1,Training, 7,0, 2.jpg,2.jpg,0,210,4.491, 105.861,110.353,105.861,-5,0,0,1,PE2_0,2024-04-08 09:22:14.309
9247,PSYC-132589,TOTDay1,Training, 8,0, 2.jpg,2.jpg,240,180,2.831, 117.14,119.971,117.139,-6,0,0,3,PH2_240,2024-04-08 09:22:23.921
9247,PSYC-132589,TOTDay1,Training, 9,0, 2.jpg,2.jpg,330,90,3.301, 122.102,125.403,122.102,-7,0,0,2,PM2_330,2024-04-08 09:22:29.361
9247,PSYC-132589,TOTDay1,Training, 10,0, 2.jpg,2.jpg,150,90,9.009, 127.212,136.222,127.211,-8,0,0,3,PH2_150,2024-04-08 09:22:40.180
9247,PSYC-132589,TOTDay1,Training, 11,0, 2.jpg,2.jpg,300,240,5.26, 140.953,146.213,140.952,-9,0,0,2,PM2_300,2024-04-08 09:22:50.166
9247,PSYC-132589,TOTDay1,Training, 12,1, 2.jpg,2.jpg,270,270,4.036, 149.03,153.065,149.029,-8,0,0,1,PE2_270,2024-04-08 09:22:57.022
9247,PSYC-132589,TOTDay1,Experiment, 1,0, 11.jpg,11.jpg,60,240,10.857, 159.412,170.269,155.943,-1,0,0,2,AM11_60,2024-04-08 09:23:14.233
9247,PSYC-132589,TOTDay1,Experiment, 2,0, 1.jpg,1.jpg,150,120,4.016, 173.655,177.671,173.655,-2,0,0,3,BH1_150,2024-04-08 09:23:21.629
9247,PSYC-132589,TOTDay1,Experiment, 3,0, 7.jpg,7.jpg,270,60,5.246, 180.353,185.599,180.353,-3,0,0,1,BE7_270,2024-04-08 09:23:29.556
9247,PSYC-132589,TOTDay1,Experiment, 4,1, 9.jpg,9.jpg,30,30,5.58, 188.708,194.289,188.708,-2,0,0,2,BM9_30,2024-04-08 09:23:38.238
9247,PSYC-132589,TOTDay1,Experiment, 5,0, 6.jpg,6.jpg,90,150,6.346, 196.6,202.945,196.599,-3,0,0,1,BE6_90,2024-04-08 09:23:46.905
9247,PSYC-132589,TOTDay1,Experiment, 6,0, 9.jpg,9.jpg,240,210,7.111, 206.07,213.181,206.069,-4,0,0,3,AH9_240,2024-04-08 09:23:57.144
9247,PSYC-132589,TOTDay1,Experiment, 7,0, 11.jpg,11.jpg,180,240,7.116, 221.466,228.581,221.465,-5,0,0,1,BE11_180,2024-04-08 09:24:12.534
9247,PSYC-132589,TOTDay1,Experiment, 8,0, 8.jpg,8.jpg,330,120,5.475, 231.027,236.503,231.027,-6,0,0,2,BM8_330,2024-04-08 09:24:20.461
9247,PSYC-132589,TOTDay1,Experiment, 9,0, 4.jpg,4.jpg,210,60,6.085, 240.751,246.837,240.751,-7,0,0,3,BH4_210,2024-04-08 09:24:30.792
9247,PSYC-132589,TOTDay1,Experiment, 10,0, 3.jpg,3.jpg,240,300,3.767, 252.447,256.215,252.447,-8,0,0,3,BH3_240,2024-04-08 09:24:40.177
9247,PSYC-132589,TOTDay1,Experiment, 11,0, 10.jpg,10.jpg,60,180,3.549, 258.464,262.013,258.463,-9,0,0,2,BM10_60,2024-04-08 09:24:45.962
9247,PSYC-132589,TOTDay1,Experiment, 12,0, 3.jpg,3.jpg,90,240,10.504, 269.533,280.037,269.532,-10,0,0,1,AE3_90,2024-04-08 09:25:03.998
9247,PSYC-132589,TOTDay1,Experiment, 13,0, 6.jpg,6.jpg,30,150,5.093, 282.722,287.815,282.721,-11,0,0,2,AM6_30,2024-04-08 09:25:11.765
9247,PSYC-132589,TOTDay1,Experiment, 14,0, 4.jpg,4.jpg,180,150,10.205, 292.627,302.833,292.627,-12,0,0,1,AE4_180,2024-04-08 09:25:26.797
9247,PSYC-132589,TOTDay1,Experiment, 15,0, 10.jpg,10.jpg,150,210,5.531, 304.552,310.083,304.551,-13,0,0,3,AH10_150,2024-04-08 09:25:34.032
9247,PSYC-132589,TOTDay1,Experiment, 16,0, 1.jpg,1.jpg,270,60,3.721, 313.222,316.943,313.221,-14,0,0,1,AE1_270,2024-04-08 09:25:40.903
9247,PSYC-132589,TOTDay1,Experiment, 17,0, 8.jpg,8.jpg,210,120,5.485, 317.999,323.485,317.999,-15,0,0,3,AH8_210,2024-04-08 09:25:47.443
9247,PSYC-132589,TOTDay1,Experiment, 18,0, 7.jpg,7.jpg,330,60,5.869, 326.308,332.177,326.307,-16,0,0,2,AM7_330,2024-04-08 09:25:56.137
9253,PSYC-132589,TOTDay1,Training, 1,1, 2.jpg,2.jpg,90,90,18.238, 16.131,34.366,16.129,1,0,0,1,PE2_90,2024-04-08 15:24:31.760
9253,PSYC-132589,TOTDay1,Training, 2,1, 2.jpg,2.jpg,180,180,4.536, 38.783,43.32,38.782,2,0,0,1,PE2_180,2024-04-08 15:24:40.702
9253,PSYC-132589,TOTDay1,Training, 3,0, 2.jpg,2.jpg,60,120,15.42, 43.701,59.121,43.7,1,0,0,2,PM2_60,2024-04-08 15:24:56.507
9253,PSYC-132589,TOTDay1,Training, 4,0, 2.jpg,2.jpg,30,60,3.932, 62.451,66.384,62.45,0,0,0,2,PM2_30,2024-04-08 15:25:03.765
9253,PSYC-132589,TOTDay1,Training, 5,0, 2.jpg,2.jpg,210,150,10.055, 68.126,78.182,68.126,-1,0,0,3,PH2_210,2024-04-08 15:25:15.558
9253,PSYC-132589,TOTDay1,Training, 6,0, 2.jpg,2.jpg,120,150,4.891, 84.497,89.388,84.496,-2,0,0,3,PH2_120,2024-04-08 15:25:26.769
9253,PSYC-132589,TOTDay1,Training, 7,1, 2.jpg,2.jpg,0,0,4.918, 95.186,100.104,95.186,-1,0,0,1,PE2_0,2024-04-08 15:25:37.492
9253,PSYC-132589,TOTDay1,Training, 8,0, 2.jpg,2.jpg,240,120,12.851, 100.635,113.486,100.634,-2,0,0,3,PH2_240,2024-04-08 15:25:50.869
9253,PSYC-132589,TOTDay1,Training, 9,0, 2.jpg,2.jpg,330,0,1.931, 114.129,116.06,114.128,-3,0,0,2,PM2_330,2024-04-08 15:25:53.446
9253,PSYC-132589,TOTDay1,Training, 10,0, 2.jpg,2.jpg,150,240,9.549, 116.829,126.378,116.828,-4,0,0,3,PH2_150,2024-04-08 15:26:03.754
9253,PSYC-132589,TOTDay1,Training, 11,0, 2.jpg,2.jpg,300,0,0.589, 127.016,127.605,127.016,-5,0,0,2,PM2_300,2024-04-08 15:26:04.994
9253,PSYC-132589,TOTDay1,Training, 12,0, 2.jpg,2.jpg,270,0,0.27, 128.104,128.374,128.104,-6,0,0,1,PE2_270,2024-04-08 15:26:05.765
9253,PSYC-132589,TOTDay1,Experiment, 1,0, 6.jpg,6.jpg,90,120,10.84, 133.875,144.716,128.58,-1,0,0,1,BE6_90,2024-04-08 15:26:22.107
9253,PSYC-132589,TOTDay1,Experiment, 2,0, 9.jpg,9.jpg,240,210,4.945, 145.256,150.202,145.256,-2,0,0,3,AH9_240,2024-04-08 15:26:27.578
9253,PSYC-132589,TOTDay1,Experiment, 3,0, 11.jpg,11.jpg,60,90,3.505, 150.689,154.193,150.688,-3,0,0,2,AM11_60,2024-04-08 15:26:31.581
9253,PSYC-132589,TOTDay1,Experiment, 4,0, 9.jpg,9.jpg,30,270,2.288, 154.688,156.976,154.687,-4,0,0,2,BM9_30,2024-04-08 15:26:34.366
9253,PSYC-132589,TOTDay1,Experiment, 5,0, 1.jpg,1.jpg,150,30,2.863, 157.426,160.29,157.425,-5,0,0,3,BH1_150,2024-04-08 15:26:37.667
9253,PSYC-132589,TOTDay1,Experiment, 6,0, 11.jpg,11.jpg,180,0,5.434, 160.933,166.368,160.932,-6,0,0,1,BE11_180,2024-04-08 15:26:43.749
9253,PSYC-132589,TOTDay1,Experiment, 7,0, 10.jpg,10.jpg,60,150,7.594, 166.933,174.528,166.933,-7,0,0,2,BM10_60,2024-04-08 15:26:51.918
9253,PSYC-132589,TOTDay1,Experiment, 8,0, 8.jpg,8.jpg,210,120,2.73, 175.013,177.744,175.013,-8,0,0,3,AH8_210,2024-04-08 15:26:55.134
9253,PSYC-132589,TOTDay1,Experiment, 9,0, 1.jpg,1.jpg,270,180,11.141, 179.497,190.638,179.495,-9,0,0,1,AE1_270,2024-04-08 15:27:08.015
9253,PSYC-132589,TOTDay1,Experiment, 10,0, 4.jpg,4.jpg,180,210,9.277, 191.153,200.43,191.152,-10,0,0,1,AE4_180,2024-04-08 15:27:17.809
9253,PSYC-132589,TOTDay1,Experiment, 11,0, 10.jpg,10.jpg,150,120,5.531, 200.888,206.419,200.887,-11,0,0,3,AH10_150,2024-04-08 15:27:23.799
9253,PSYC-132589,TOTDay1,Experiment, 12,0, 7.jpg,7.jpg,330,150,3.352, 207.024,210.377,207.024,-12,0,0,2,AM7_330,2024-04-08 15:27:27.760
9253,PSYC-132589,TOTDay1,Experiment, 13,0, 4.jpg,4.jpg,210,180,7.116, 211.943,219.059,211.942,-13,0,0,3,BH4_210,2024-04-08 15:27:36.439
9253,PSYC-132589,TOTDay1,Experiment, 14,0, 3.jpg,3.jpg,90,60,5.763, 219.49,225.254,219.489,-14,0,0,1,AE3_90,2024-04-08 15:27:42.631
9253,PSYC-132589,TOTDay1,Experiment, 15,0, 8.jpg,8.jpg,330,240,3.013, 225.697,228.71,225.696,-15,0,0,2,BM8_330,2024-04-08 15:27:46.089
9253,PSYC-132589,TOTDay1,Experiment, 16,0, 3.jpg,3.jpg,240,60,6.197, 229.172,235.369,229.172,-16,0,0,3,BH3_240,2024-04-08 15:27:52.755
9253,PSYC-132589,TOTDay1,Experiment, 17,1, 7.jpg,7.jpg,270,270,7.466, 235.834,243.3,235.834,-15,0,0,1,BE7_270,2024-04-08 15:28:00.680
9253,PSYC-132589,TOTDay1,Experiment, 18,0, 6.jpg,6.jpg,30,240,10.349, 244.099,254.449,244.099,-16,0,0,2,AM6_30,2024-04-08 15:28:11.830
9255,PSYC-134128,TOTDay1,Training, 1,0, 2.jpg,2.jpg,90,270,8.568, 127.695,136.255,127.693,-1,0,0,1,PE2_90,2024-04-09 09:24:04.976
9255,PSYC-134128,TOTDay1,Training, 2,0, 2.jpg,2.jpg,180,0,19.001, 141.419,160.419,141.418,-2,0,0,1,PE2_180,2024-04-09 09:24:29.132
9255,PSYC-134128,TOTDay1,Training, 3,0, 2.jpg,2.jpg,60,150,12.795, 172.464,185.259,172.463,-3,0,0,2,PM2_60,2024-04-09 09:24:53.968
9255,PSYC-134128,TOTDay1,Training, 4,1, 2.jpg,2.jpg,30,30,18.032, 192.476,210.507,192.475,-2,0,0,2,PM2_30,2024-04-09 09:25:19.221
9255,PSYC-134128,TOTDay1,Training, 5,1, 2.jpg,2.jpg,210,210,14.027, 213.248,227.275,213.247,-1,0,0,3,PH2_210,2024-04-09 09:25:35.990
9255,PSYC-134128,TOTDay1,Training, 6,0, 2.jpg,2.jpg,120,300,19.675, 229.246,248.922,229.245,-2,0,0,3,PH2_120,2024-04-09 09:25:57.629
9255,PSYC-134128,TOTDay1,Training, 7,1, 2.jpg,2.jpg,0,0,7.214, 254.823,262.038,254.823,-1,0,0,1,PE2_0,2024-04-09 09:26:10.752
9255,PSYC-134128,TOTDay1,Training, 8,0, 2.jpg,2.jpg,240,300,5.616, 264.577,270.193,264.577,-2,0,0,3,PH2_240,2024-04-09 09:26:18.909
9255,PSYC-134128,TOTDay1,Training, 9,0, 2.jpg,2.jpg,330,300,4.067, 272.304,276.372,272.304,-3,0,0,2,PM2_330,2024-04-09 09:26:25.090
9255,PSYC-134128,TOTDay1,Training, 10,0, 2.jpg,2.jpg,150,30,4.202, 278.096,282.299,278.096,-4,0,0,3,PH2_150,2024-04-09 09:26:31.016
9255,PSYC-134128,TOTDay1,Training, 11,0, 2.jpg,2.jpg,300,120,10.59, 283.435,294.025,283.435,-5,0,0,2,PM2_300,2024-04-09 09:26:42.743
9255,PSYC-134128,TOTDay1,Training, 12,1, 2.jpg,2.jpg,270,270,7.965, 295.795,303.761,295.795,-4,0,0,1,PE2_270,2024-04-09 09:26:52.469
9255,PSYC-134128,TOTDay1,Experiment, 1,0, 11.jpg,11.jpg,180,270,9.119, 309.9,319.019,305.403,-1,0,0,1,BE11_180,2024-04-09 09:27:07.733
9255,PSYC-134128,TOTDay1,Experiment, 2,0, 1.jpg,1.jpg,150,60,5.508, 320.173,325.681,320.173,-2,0,0,3,BH1_150,2024-04-09 09:27:14.403
9255,PSYC-134128,TOTDay1,Experiment, 3,0, 8.jpg,8.jpg,330,120,8.863, 326.431,335.295,326.431,-3,0,0,2,BM8_330,2024-04-09 09:27:24.008
9255,PSYC-134128,TOTDay1,Experiment, 4,0, 4.jpg,4.jpg,180,150,13.937, 337.745,351.683,337.745,-4,0,0,1,AE4_180,2024-04-09 09:27:40.403
9255,PSYC-134128,TOTDay1,Experiment, 5,0, 8.jpg,8.jpg,210,60,4.613, 355.999,360.613,355.998,-5,0,0,3,AH8_210,2024-04-09 09:27:49.328
9255,PSYC-134128,TOTDay1,Experiment, 6,0, 7.jpg,7.jpg,330,300,4.867, 363.817,368.685,363.817,-6,0,0,2,AM7_330,2024-04-09 09:27:57.405
9255,PSYC-134128,TOTDay1,Experiment, 7,0, 11.jpg,11.jpg,60,210,5.254, 373.107,378.361,373.107,-7,0,0,2,AM11_60,2024-04-09 09:28:07.082
9255,PSYC-134128,TOTDay1,Experiment, 8,0, 4.jpg,4.jpg,210,180,6.764, 379.902,386.666,379.901,-8,0,0,3,BH4_210,2024-04-09 09:28:15.379
9255,PSYC-134128,TOTDay1,Experiment, 9,0, 1.jpg,1.jpg,270,60,7.042, 391.486,398.529,391.485,-9,0,0,1,AE1_270,2024-04-09 09:28:27.245
9255,PSYC-134128,TOTDay1,Experiment, 10,0, 3.jpg,3.jpg,240,30,7.261, 400.451,407.713,400.451,-10,0,0,3,BH3_240,2024-04-09 09:28:36.428
9255,PSYC-134128,TOTDay1,Experiment, 11,0, 6.jpg,6.jpg,90,210,5.998, 408.922,414.92,408.921,-11,0,0,1,BE6_90,2024-04-09 09:28:43.644
9255,PSYC-134128,TOTDay1,Experiment, 12,0, 10.jpg,10.jpg,60,120,3.893, 418.753,422.646,418.753,-12,0,0,2,BM10_60,2024-04-09 09:28:51.360
9255,PSYC-134128,TOTDay1,Experiment, 13,0, 7.jpg,7.jpg,270,330,4.631, 431.947,436.578,431.946,-13,0,0,1,BE7_270,2024-04-09 09:29:05.303
9255,PSYC-134128,TOTDay1,Experiment, 14,0, 6.jpg,6.jpg,30,60,5.966, 439.393,445.36,439.393,-14,0,0,2,AM6_30,2024-04-09 09:29:14.073
9255,PSYC-134128,TOTDay1,Experiment, 15,0, 9.jpg,9.jpg,240,270,4.258, 446.111,450.369,446.11,-15,0,0,3,AH9_240,2024-04-09 09:29:19.086
9255,PSYC-134128,TOTDay1,Experiment, 16,0, 9.jpg,9.jpg,30,0,3.198, 450.962,454.16,450.962,-16,0,0,2,BM9_30,2024-04-09 09:29:22.872
9255,PSYC-134128,TOTDay1,Experiment, 17,0, 3.jpg,3.jpg,90,210,6.27, 454.705,460.975,454.704,-17,0,0,1,AE3_90,2024-04-09 09:29:29.689
9255,PSYC-134128,TOTDay1,Experiment, 18,0, 10.jpg,10.jpg,150,120,4.766, 461.685,466.451,461.684,-18,0,0,3,AH10_150,2024-04-09 09:29:35.173
9254,PSYC-132589,TOTDay1,Training, 1,0, 2.jpg,2.jpg,90,120,19.01, 44.083,63.089,44.081,-1,0,0,1,PE2_90,2024-04-09 09:26:15.894
9254,PSYC-132589,TOTDay1,Training, 2,0, 2.jpg,2.jpg,180,0,15.421, 71.5,86.922,71.5,-2,0,0,1,PE2_180,2024-04-09 09:26:39.730
9254,PSYC-132589,TOTDay1,Training, 3,0, 2.jpg,2.jpg,60,150,11.294, 95.552,106.846,95.551,-3,0,0,2,PM2_60,2024-04-09 09:26:59.651
9254,PSYC-132589,TOTDay1,Training, 4,1, 2.jpg,2.jpg,30,30,13.684, 112.919,126.603,112.918,-2,0,0,2,PM2_30,2024-04-09 09:27:19.404
9254,PSYC-132589,TOTDay1,Training, 5,0, 2.jpg,2.jpg,210,330,14.198, 127.479,141.678,127.479,-3,0,0,3,PH2_210,2024-04-09 09:27:34.485
9254,PSYC-132589,TOTDay1,Training, 6,0, 2.jpg,2.jpg,120,0,33.273, 151.768,185.042,151.768,-4,0,0,3,PH2_120,2024-04-09 09:28:17.851
9254,PSYC-132589,TOTDay1,Training, 7,1, 2.jpg,2.jpg,0,0,10.792, 203.464,214.256,203.464,-3,0,0,1,PE2_0,2024-04-09 09:28:47.058
9254,PSYC-132589,TOTDay1,Training, 8,0, 2.jpg,2.jpg,240,30,27.095, 215.27,242.365,215.269,-4,0,0,3,PH2_240,2024-04-09 09:29:15.173
9254,PSYC-132589,TOTDay1,Training, 9,0, 2.jpg,2.jpg,330,60,23.767, 244.996,268.763,244.995,-5,0,0,2,PM2_330,2024-04-09 09:29:41.564
9254,PSYC-132589,TOTDay1,Training, 10,1, 2.jpg,2.jpg,150,150,29.707, 271.456,301.163,271.455,-4,0,0,3,PH2_150,2024-04-09 09:30:13.969
9254,PSYC-132589,TOTDay1,Training, 11,0, 2.jpg,2.jpg,300,180,27.055, 301.932,328.987,301.931,-5,0,0,2,PM2_300,2024-04-09 09:30:41.790
9254,PSYC-132589,TOTDay1,Training, 12,1, 2.jpg,2.jpg,270,270,11.949, 331.182,343.131,331.181,-4,0,0,1,PE2_270,2024-04-09 09:30:55.943
9254,PSYC-132589,TOTDay1,Experiment, 1,1, 11.jpg,11.jpg,60,60,13.033, 347.729,360.761,343.789,1,0,0,2,AM11_60,2024-04-09 09:31:13.570
9254,PSYC-132589,TOTDay1,Experiment, 2,0, 6.jpg,6.jpg,90,0,29.637, 361.693,391.331,361.693,0,0,0,1,BE6_90,2024-04-09 09:31:44.143
9254,PSYC-132589,TOTDay1,Experiment, 3,0, 4.jpg,4.jpg,210,180,10.688, 392.588,403.276,392.587,-1,0,0,3,BH4_210,2024-04-09 09:31:56.086
9254,PSYC-132589,TOTDay1,Experiment, 4,0, 7.jpg,7.jpg,270,90,25.274, 406.231,431.505,406.23,-2,0,0,1,BE7_270,2024-04-09 09:32:24.306
9254,PSYC-132589,TOTDay1,Experiment, 5,0, 1.jpg,1.jpg,150,90,10.653, 432.279,442.933,432.279,-3,0,0,3,BH1_150,2024-04-09 09:32:35.731
9254,PSYC-132589,TOTDay1,Experiment, 6,1, 9.jpg,9.jpg,30,30,13.574, 443.481,457.055,443.48,-2,0,0,2,BM9_30,2024-04-09 09:32:49.853
9254,PSYC-132589,TOTDay1,Experiment, 7,0, 10.jpg,10.jpg,60,150,15.615, 457.649,473.264,457.648,-3,0,0,2,BM10_60,2024-04-09 09:33:06.067
9254,PSYC-132589,TOTDay1,Experiment, 8,0, 9.jpg,9.jpg,240,120,32.425, 474.024,506.449,474.023,-4,0,0,3,AH9_240,2024-04-09 09:33:39.259
9254,PSYC-132589,TOTDay1,Experiment, 9,0, 3.jpg,3.jpg,90,120,32.868, 507.055,539.923,507.054,-5,0,0,1,AE3_90,2024-04-09 09:34:12.734
9254,PSYC-132589,TOTDay1,Experiment, 10,0, 7.jpg,7.jpg,330,30,15.221, 540.569,555.79,540.569,-6,0,0,2,AM7_330,2024-04-09 09:34:28.598
9254,PSYC-132589,TOTDay1,Experiment, 11,1, 10.jpg,10.jpg,150,150,30.023, 556.382,586.405,556.381,-5,0,0,3,AH10_150,2024-04-09 09:34:59.211
9254,PSYC-132589,TOTDay1,Experiment, 12,0, 1.jpg,1.jpg,270,240,25.23, 587.035,612.265,587.035,-6,0,0,1,AE1_270,2024-04-09 09:35:25.070
9254,PSYC-132589,TOTDay1,Experiment, 13,0, 4.jpg,4.jpg,180,30,16.185, 612.826,629.011,612.825,-7,0,0,1,AE4_180,2024-04-09 09:35:41.822
9254,PSYC-132589,TOTDay1,Experiment, 14,0, 6.jpg,6.jpg,30,240,21.428, 629.574,651.002,629.573,-8,0,0,2,AM6_30,2024-04-09 09:36:03.808
9254,PSYC-132589,TOTDay1,Experiment, 15,0, 3.jpg,3.jpg,240,210,36.019, 651.48,687.499,651.479,-9,0,0,3,BH3_240,2024-04-09 09:36:40.300
9254,PSYC-132589,TOTDay1,Experiment, 16,0, 11.jpg,11.jpg,180,0,23.453, 687.996,711.449,687.995,-10,0,0,1,BE11_180,2024-04-09 09:37:04.258
9254,PSYC-132589,TOTDay1,Experiment, 17,0, 8.jpg,8.jpg,210,330,34.687, 711.966,746.653,711.965,-11,0,0,3,AH8_210,2024-04-09 09:37:39.462
9254,PSYC-132589,TOTDay1,Experiment, 18,0, 8.jpg,8.jpg,330,30,6.594, 747.151,753.744,747.15,-12,0,0,2,BM8_330,2024-04-09 09:37:46.549
9256,PSYC-132589,TOTDay1,Training, 1,1, 2.jpg,2.jpg,90,90,5.791, 86.406,92.193,86.404,1,0,0,1,PE2_90,2024-04-09 12:25:43.388
9256,PSYC-132589,TOTDay1,Training, 2,0, 2.jpg,2.jpg,180,0,6.504, 94.277,100.781,94.276,0,0,0,1,PE2_180,2024-04-09 12:25:51.969
9256,PSYC-132589,TOTDay1,Training, 3,0, 2.jpg,2.jpg,60,120,4.195, 108.137,112.332,108.136,-1,0,0,2,PM2_60,2024-04-09 12:26:03.524
9256,PSYC-132589,TOTDay1,Training, 4,0, 2.jpg,2.jpg,30,120,7.081, 117.411,124.492,117.41,-2,0,0,2,PM2_30,2024-04-09 12:26:15.681
9256,PSYC-132589,TOTDay1,Training, 5,0, 2.jpg,2.jpg,210,330,8.636, 126.737,135.374,126.736,-3,0,0,3,PH2_210,2024-04-09 12:26:26.564
9256,PSYC-132589,TOTDay1,Training, 6,1, 2.jpg,2.jpg,120,120,6.309, 142.657,148.966,142.656,-2,0,0,3,PH2_120,2024-04-09 12:26:40.162
9256,PSYC-132589,TOTDay1,Training, 7,0, 2.jpg,2.jpg,0,180,5.723, 150.195,155.918,150.194,-3,0,0,1,PE2_0,2024-04-09 12:26:47.112
9256,PSYC-132589,TOTDay1,Training, 8,1, 2.jpg,2.jpg,240,240,7.071, 156.723,163.794,156.722,-2,0,0,3,PH2_240,2024-04-09 12:26:54.990
9256,PSYC-132589,TOTDay1,Training, 9,0, 2.jpg,2.jpg,330,210,6.499, 165.145,171.644,165.144,-3,0,0,2,PM2_330,2024-04-09 12:27:02.827
9256,PSYC-132589,TOTDay1,Training, 10,0, 2.jpg,2.jpg,150,30,7.225, 173.364,180.589,173.363,-4,0,0,3,PH2_150,2024-04-09 12:27:11.785
9256,PSYC-132589,TOTDay1,Training, 11,0, 2.jpg,2.jpg,300,210,5.24, 181.789,187.029,181.788,-5,0,0,2,PM2_300,2024-04-09 12:27:18.216
9256,PSYC-132589,TOTDay1,Training, 12,1, 2.jpg,2.jpg,270,270,4.05, 188.469,192.519,188.468,-4,0,0,1,PE2_270,2024-04-09 12:27:23.703
9256,PSYC-132589,TOTDay1,Experiment, 1,1, 8.jpg,8.jpg,210,210,9.182, 195.183,204.366,193.266,1,0,0,3,AH8_210,2024-04-09 12:27:35.553
9256,PSYC-132589,TOTDay1,Experiment, 2,0, 3.jpg,3.jpg,90,210,8.345, 205.368,213.713,205.367,0,0,0,1,AE3_90,2024-04-09 12:27:44.894
9256,PSYC-132589,TOTDay1,Experiment, 3,0, 8.jpg,8.jpg,330,210,10.136, 214.684,224.82,214.683,-1,0,0,2,BM8_330,2024-04-09 12:27:56.011
9256,PSYC-132589,TOTDay1,Experiment, 4,0, 6.jpg,6.jpg,90,60,9.945, 225.394,235.34,225.394,-2,0,0,1,BE6_90,2024-04-09 12:28:06.527
9256,PSYC-132589,TOTDay1,Experiment, 5,0, 4.jpg,4.jpg,210,0,9.029, 236.029,245.058,236.028,-3,0,0,3,BH4_210,2024-04-09 12:28:16.242
9256,PSYC-132589,TOTDay1,Experiment, 6,1, 7.jpg,7.jpg,330,330,9.607, 245.738,255.346,245.738,-2,0,0,2,AM7_330,2024-04-09 12:28:26.533
9256,PSYC-132589,TOTDay1,Experiment, 7,0, 10.jpg,10.jpg,60,120,7.887, 256.022,263.91,256.022,-3,0,0,2,BM10_60,2024-04-09 12:28:35.097
9256,PSYC-132589,TOTDay1,Experiment, 8,0, 4.jpg,4.jpg,180,30,5.692, 264.439,270.131,264.438,-4,0,0,1,AE4_180,2024-04-09 12:28:41.323
9256,PSYC-132589,TOTDay1,Experiment, 9,0, 3.jpg,3.jpg,240,60,9.302, 270.756,280.058,270.756,-5,0,0,3,BH3_240,2024-04-09 12:28:51.241
9256,PSYC-132589,TOTDay1,Experiment, 10,0, 1.jpg,1.jpg,270,210,6.373, 280.619,286.992,280.618,-6,0,0,1,AE1_270,2024-04-09 12:28:58.187
9256,PSYC-132589,TOTDay1,Experiment, 11,0, 10.jpg,10.jpg,150,120,8.015, 287.555,295.57,287.554,-7,0,0,3,AH10_150,2024-04-09 12:29:06.751
9256,PSYC-132589,TOTDay1,Experiment, 12,0, 6.jpg,6.jpg,30,300,7.607, 296.118,303.726,296.118,-8,0,0,2,AM6_30,2024-04-09 12:29:14.914
9256,PSYC-132589,TOTDay1,Experiment, 13,0, 9.jpg,9.jpg,30,60,9.895, 304.335,314.23,304.335,-9,0,0,2,BM9_30,2024-04-09 12:29:25.425
9256,PSYC-132589,TOTDay1,Experiment, 14,1, 1.jpg,1.jpg,150,150,11.223, 314.763,325.985,314.762,-8,0,0,3,BH1_150,2024-04-09 12:29:37.181
9256,PSYC-132589,TOTDay1,Experiment, 15,0, 11.jpg,11.jpg,180,60,10.831, 326.542,337.373,326.542,-9,0,0,1,BE11_180,2024-04-09 12:29:48.565
9256,PSYC-132589,TOTDay1,Experiment, 16,0, 7.jpg,7.jpg,270,300,9.223, 337.886,347.109,337.886,-10,0,0,1,BE7_270,2024-04-09 12:29:58.304
9256,PSYC-132589,TOTDay1,Experiment, 17,0, 11.jpg,11.jpg,60,300,7.921, 347.586,355.508,347.585,-11,0,0,2,AM11_60,2024-04-09 12:30:06.703
9256,PSYC-132589,TOTDay1,Experiment, 18,0, 9.jpg,9.jpg,240,150,8.604, 355.958,364.562,355.957,-12,0,0,3,AH9_240,2024-04-09 12:30:15.757
9258,PSYC-134130,TOTDay1,Training, 1,0, 2.jpg,2.jpg,90,180,11.824, 267.973,279.793,267.97,-1,0,0,1,PE2_90,2024-04-09 12:30:12.232
9258,PSYC-134130,TOTDay1,Training, 2,1, 2.jpg,2.jpg,180,180,15.533, 302.891,318.424,302.891,0,0,0,1,PE2_180,2024-04-09 12:30:50.861
9258,PSYC-134130,TOTDay1,Training, 3,0, 2.jpg,2.jpg,60,210,19.038, 322.13,341.168,322.13,-1,0,0,2,PM2_60,2024-04-09 12:31:13.609
9258,PSYC-134130,TOTDay1,Training, 4,0, 2.jpg,2.jpg,30,300,19.516, 350.486,370.002,350.486,-2,0,0,2,PM2_30,2024-04-09 12:31:42.435
9258,PSYC-134130,TOTDay1,Training, 5,0, 2.jpg,2.jpg,210,150,21.55, 380.581,402.131,380.58,-3,0,0,3,PH2_210,2024-04-09 12:32:14.571
9258,PSYC-134130,TOTDay1,Training, 6,0, 2.jpg,2.jpg,120,-1,36.068, 416.841,452.909,416.84,-4,0,0,3,PH2_120,2024-04-09 12:33:05.354
9258,PSYC-134130,TOTDay1,Training, 7,1, 2.jpg,2.jpg,0,0,9.569, 469.794,479.363,469.793,-3,0,0,1,PE2_0,2024-04-09 12:33:31.805
9258,PSYC-134130,TOTDay1,Training, 8,0, 2.jpg,2.jpg,240,330,25.903, 488.526,514.429,488.525,-4,0,0,3,PH2_240,2024-04-09 12:34:06.872
9258,PSYC-134130,TOTDay1,Training, 9,0, 2.jpg,2.jpg,330,210,17.04, 517.924,534.963,517.923,-5,0,0,2,PM2_330,2024-04-09 12:34:27.406
9258,PSYC-134130,TOTDay1,Training, 10,1, 2.jpg,2.jpg,150,150,20.312, 537.067,557.379,537.066,-4,0,0,3,PH2_150,2024-04-09 12:34:49.810
9258,PSYC-134130,TOTDay1,Training, 11,0, 2.jpg,2.jpg,300,330,11.785, 561.096,572.881,561.095,-5,0,0,2,PM2_300,2024-04-09 12:35:05.320
9258,PSYC-134130,TOTDay1,Training, 12,0, 2.jpg,2.jpg,270,90,5.011, 574.891,579.903,574.891,-6,0,0,1,PE2_270,2024-04-09 12:35:12.343
9258,PSYC-134130,TOTDay1,Experiment, 1,0, 7.jpg,7.jpg,330,300,13.644, 584.729,598.373,582.725,-1,0,0,2,AM7_330,2024-04-09 12:35:30.814
9258,PSYC-134130,TOTDay1,Experiment, 2,0, 4.jpg,4.jpg,210,180,5.506, 599.367,604.873,599.367,-2,0,0,3,BH4_210,2024-04-09 12:35:37.318
9258,PSYC-134130,TOTDay1,Experiment, 3,0, 7.jpg,7.jpg,270,90,7.829, 605.848,613.677,605.847,-3,0,0,1,BE7_270,2024-04-09 12:35:46.116
9258,PSYC-134130,TOTDay1,Experiment, 4,0, 4.jpg,4.jpg,180,210,17.526, 614.148,631.675,614.147,-4,0,0,1,AE4_180,2024-04-09 12:36:04.105
9258,PSYC-134130,TOTDay1,Experiment, 5,0, 9.jpg,9.jpg,30,150,20.554, 632.416,652.97,632.415,-5,0,0,2,BM9_30,2024-04-09 12:36:25.415
9258,PSYC-134130,TOTDay1,Experiment, 6,0, 8.jpg,8.jpg,210,300,7.352, 653.634,660.987,653.634,-6,0,0,3,AH8_210,2024-04-09 12:36:33.433
9258,PSYC-134130,TOTDay1,Experiment, 7,1, 3.jpg,3.jpg,240,240,6.438, 661.716,668.155,661.715,-5,0,0,3,BH3_240,2024-04-09 12:36:40.587
9258,PSYC-134130,TOTDay1,Experiment, 8,1, 6.jpg,6.jpg,30,30,5.883, 668.666,674.549,668.665,-4,0,0,2,AM6_30,2024-04-09 12:36:46.984
9258,PSYC-134130,TOTDay1,Experiment, 9,0, 3.jpg,3.jpg,90,180,6.523, 674.967,681.491,674.967,-5,0,0,1,AE3_90,2024-04-09 12:36:53.932
9258,PSYC-134130,TOTDay1,Experiment, 10,0, 10.jpg,10.jpg,60,210,19.518, 681.975,701.493,681.975,-6,0,0,2,BM10_60,2024-04-09 12:37:13.939
9258,PSYC-134130,TOTDay1,Experiment, 11,0, 1.jpg,1.jpg,270,-1,36.093, 702.385,738.478,702.385,-7,0,0,1,AE1_270,2024-04-09 12:37:50.927
9258,PSYC-134130,TOTDay1,Experiment, 12,0, 10.jpg,10.jpg,150,210,12.129, 738.795,750.925,738.794,-8,0,0,3,AH10_150,2024-04-09 12:38:03.370
9258,PSYC-134130,TOTDay1,Experiment, 13,0, 1.jpg,1.jpg,150,90,9.075, 752.499,761.574,752.498,-9,0,0,3,BH1_150,2024-04-09 12:38:14.010
9258,PSYC-134130,TOTDay1,Experiment, 14,1, 11.jpg,11.jpg,180,180,7.439, 762.254,769.693,762.253,-8,0,0,1,BE11_180,2024-04-09 12:38:22.132
9258,PSYC-134130,TOTDay1,Experiment, 15,0, 8.jpg,8.jpg,330,240,7.97, 770.231,778.201,770.23,-9,0,0,2,BM8_330,2024-04-09 12:38:30.649
9258,PSYC-134130,TOTDay1,Experiment, 16,0, 9.jpg,9.jpg,240,30,9.11, 778.728,787.838,778.727,-10,0,0,3,AH9_240,2024-04-09 12:38:40.275
9258,PSYC-134130,TOTDay1,Experiment, 17,0, 11.jpg,11.jpg,60,120,8.733, 788.295,797.028,788.294,-11,0,0,2,AM11_60,2024-04-09 12:38:49.476
9258,PSYC-134130,TOTDay1,Experiment, 18,0, 6.jpg,6.jpg,90,270,6.724, 797.629,804.353,797.628,-12,0,0,1,BE6_90,2024-04-09 12:38:56.797
9257,PSYC-134128,TOTDay1,Training, 1,0, 2.jpg,2.jpg,90,180,17.491, 141.652,159.14,141.651,-1,0,0,1,PE2_90,2024-04-09 12:33:44.637
9257,PSYC-134128,TOTDay1,Training, 2,1, 2.jpg,2.jpg,180,180,6.466, 168.802,175.268,168.801,0,0,0,1,PE2_180,2024-04-09 12:34:00.764
9257,PSYC-134128,TOTDay1,Training, 3,0, 2.jpg,2.jpg,60,120,15.426, 176.178,191.604,176.177,-1,0,0,2,PM2_60,2024-04-09 12:34:17.100
9257,PSYC-134128,TOTDay1,Training, 4,0, 2.jpg,2.jpg,30,60,8.083, 195.168,203.251,195.167,-2,0,0,2,PM2_30,2024-04-09 12:34:28.751
9257,PSYC-134128,TOTDay1,Training, 5,1, 2.jpg,2.jpg,210,210,12.502, 205.796,218.299,205.796,-1,0,0,3,PH2_210,2024-04-09 12:34:43.796
9257,PSYC-134128,TOTDay1,Training, 6,0, 2.jpg,2.jpg,120,210,10.084, 218.944,229.029,218.943,-2,0,0,3,PH2_120,2024-04-09 12:34:54.530
9257,PSYC-134128,TOTDay1,Training, 7,1, 2.jpg,2.jpg,0,0,6.533, 237.106,243.64,237.106,-1,0,0,1,PE2_0,2024-04-09 12:35:09.141
9257,PSYC-134128,TOTDay1,Training, 8,0, 2.jpg,2.jpg,240,210,16.685, 244.182,260.867,244.181,-2,0,0,3,PH2_240,2024-04-09 12:35:26.362
9257,PSYC-134128,TOTDay1,Training, 9,0, 2.jpg,2.jpg,330,30,12.691, 261.601,274.292,261.601,-3,0,0,2,PM2_330,2024-04-09 12:35:39.789
9257,PSYC-134128,TOTDay1,Training, 10,1, 2.jpg,2.jpg,150,150,7.908, 277.831,285.739,277.831,-2,0,0,3,PH2_150,2024-04-09 12:35:51.233
9257,PSYC-134128,TOTDay1,Training, 11,0, 2.jpg,2.jpg,300,330,9.248, 286.433,295.681,286.433,-3,0,0,2,PM2_300,2024-04-09 12:36:01.176
9257,PSYC-134128,TOTDay1,Training, 12,1, 2.jpg,2.jpg,270,270,5.058, 296.659,301.717,296.659,-2,0,0,1,PE2_270,2024-04-09 12:36:07.209
9257,PSYC-134128,TOTDay1,Experiment, 1,0, 7.jpg,7.jpg,270,90,16.956, 305.612,322.569,302.261,-1,0,0,1,BE7_270,2024-04-09 12:36:28.059
9257,PSYC-134128,TOTDay1,Experiment, 2,0, 9.jpg,9.jpg,30,330,11.944, 323.503,335.447,323.503,-2,0,0,2,BM9_30,2024-04-09 12:36:40.945
9257,PSYC-134128,TOTDay1,Experiment, 3,0, 8.jpg,8.jpg,210,240,13.631, 336.291,349.923,336.291,-3,0,0,3,AH8_210,2024-04-09 12:36:55.411
9257,PSYC-134128,TOTDay1,Experiment, 4,1, 10.jpg,10.jpg,150,150,15.087, 350.633,365.72,350.633,-2,0,0,3,AH10_150,2024-04-09 12:37:11.217
9257,PSYC-134128,TOTDay1,Experiment, 5,1, 10.jpg,10.jpg,60,60,17.859, 366.341,384.201,366.341,-1,0,0,2,BM10_60,2024-04-09 12:37:29.699
9257,PSYC-134128,TOTDay1,Experiment, 6,1, 6.jpg,6.jpg,90,90,19.643, 384.783,404.426,384.783,0,0,0,1,BE6_90,2024-04-09 12:37:49.930
9257,PSYC-134128,TOTDay1,Experiment, 7,0, 9.jpg,9.jpg,240,210,16.642, 405.083,421.725,405.082,-1,0,0,3,AH9_240,2024-04-09 12:38:07.229
9257,PSYC-134128,TOTDay1,Experiment, 8,1, 11.jpg,11.jpg,60,60,14.214, 422.324,436.539,422.324,0,0,0,2,AM11_60,2024-04-09 12:38:22.030
9257,PSYC-134128,TOTDay1,Experiment, 9,0, 3.jpg,3.jpg,90,120,24.013, 437.1,461.114,437.1,-1,0,0,1,AE3_90,2024-04-09 12:38:46.606
9257,PSYC-134128,TOTDay1,Experiment, 10,1, 11.jpg,11.jpg,180,180,5.021, 461.661,466.682,461.66,0,0,0,1,BE11_180,2024-04-09 12:38:52.181
9257,PSYC-134128,TOTDay1,Experiment, 11,1, 8.jpg,8.jpg,330,330,9.758, 467.243,477.002,467.243,1,0,0,2,BM8_330,2024-04-09 12:39:02.500
9257,PSYC-134128,TOTDay1,Experiment, 12,0, 1.jpg,1.jpg,150,330,8.342, 477.828,486.17,477.827,0,0,0,3,BH1_150,2024-04-09 12:39:11.676
9257,PSYC-134128,TOTDay1,Experiment, 13,0, 4.jpg,4.jpg,210,180,5.478, 487.52,492.999,487.52,-1,0,0,3,BH4_210,2024-04-09 12:39:18.498
9257,PSYC-134128,TOTDay1,Experiment, 14,0, 6.jpg,6.jpg,30,300,11.526, 493.643,505.169,493.642,-2,0,0,2,AM6_30,2024-04-09 12:39:30.665
9257,PSYC-134128,TOTDay1,Experiment, 15,1, 1.jpg,1.jpg,270,270,8.073, 505.697,513.77,505.696,-1,0,0,1,AE1_270,2024-04-09 12:39:39.268
9257,PSYC-134128,TOTDay1,Experiment, 16,1, 4.jpg,4.jpg,180,180,7.851, 514.289,522.141,514.289,0,0,0,1,AE4_180,2024-04-09 12:39:47.639
9257,PSYC-134128,TOTDay1,Experiment, 17,0, 3.jpg,3.jpg,240,210,9.874, 522.788,532.662,522.788,-1,0,0,3,BH3_240,2024-04-09 12:39:58.161
9257,PSYC-134128,TOTDay1,Experiment, 18,0, 7.jpg,7.jpg,330,30,9.177, 533.211,542.388,533.21,-2,0,0,2,AM7_330,2024-04-09 12:40:07.887
9261,PSYC-134128,TOTDay1,Training, 1,0, 2.jpg,2.jpg,90,180,13.727, 67.34,81.059,67.338,-1,0,0,1,PE2_90,2024-04-10 09:09:47.976
9261,PSYC-134128,TOTDay1,Training, 2,0, 2.jpg,2.jpg,180,270,7.267, 89.367,96.634,89.366,-2,0,0,1,PE2_180,2024-04-10 09:10:03.531
9261,PSYC-134128,TOTDay1,Training, 3,0, 2.jpg,2.jpg,60,150,15.028, 103.871,118.9,103.87,-3,0,0,2,PM2_60,2024-04-10 09:10:25.800
9261,PSYC-134128,TOTDay1,Training, 4,0, 2.jpg,2.jpg,30,120,17.68, 124.494,142.174,124.494,-4,0,0,2,PM2_30,2024-04-10 09:10:49.076
9261,PSYC-134128,TOTDay1,Training, 5,0, 2.jpg,2.jpg,210,300,12.736, 147.105,159.842,147.104,-5,0,0,3,PH2_210,2024-04-10 09:11:06.743
9261,PSYC-134128,TOTDay1,Training, 6,0, 2.jpg,2.jpg,120,90,8.985, 168.341,177.326,168.341,-6,0,0,3,PH2_120,2024-04-10 09:11:24.235
9261,PSYC-134128,TOTDay1,Training, 7,1, 2.jpg,2.jpg,0,0,10.867, 184.292,195.16,184.292,-5,0,0,1,PE2_0,2024-04-10 09:11:42.056
9261,PSYC-134128,TOTDay1,Training, 8,0, 2.jpg,2.jpg,240,300,9.188, 197.442,206.63,197.442,-6,0,0,3,PH2_240,2024-04-10 09:11:53.539
9261,PSYC-134128,TOTDay1,Training, 9,0, 2.jpg,2.jpg,330,300,8.893, 211.012,219.905,211.011,-7,0,0,2,PM2_330,2024-04-10 09:12:06.806
9261,PSYC-134128,TOTDay1,Training, 10,1, 2.jpg,2.jpg,150,150,7.791, 222.758,230.549,222.757,-6,0,0,3,PH2_150,2024-04-10 09:12:17.449
9261,PSYC-134128,TOTDay1,Training, 11,0, 2.jpg,2.jpg,300,210,9.541, 233.046,242.587,233.046,-7,0,0,2,PM2_300,2024-04-10 09:12:29.485
9261,PSYC-134128,TOTDay1,Training, 12,1, 2.jpg,2.jpg,270,270,7.329, 245.507,252.836,245.507,-6,0,0,1,PE2_270,2024-04-10 09:12:39.745
9261,PSYC-134128,TOTDay1,Experiment, 1,0, 1.jpg,1.jpg,150,120,15.603, 260.34,275.944,255.983,-1,0,0,3,BH1_150,2024-04-10 09:13:02.847
9261,PSYC-134128,TOTDay1,Experiment, 2,1, 1.jpg,1.jpg,270,270,9.916, 278.992,288.907,278.991,0,0,0,1,AE1_270,2024-04-10 09:13:15.811
9261,PSYC-134128,TOTDay1,Experiment, 3,0, 8.jpg,8.jpg,330,120,14.051, 291.829,305.881,291.829,-1,0,0,2,BM8_330,2024-04-10 09:13:32.788
9261,PSYC-134128,TOTDay1,Experiment, 4,0, 9.jpg,9.jpg,240,210,13.341, 309.022,322.364,309.022,-2,0,0,3,AH9_240,2024-04-10 09:13:49.269
9261,PSYC-134128,TOTDay1,Experiment, 5,0, 4.jpg,4.jpg,180,210,18.494, 326.426,344.92,326.426,-3,0,0,1,AE4_180,2024-04-10 09:14:11.822
9261,PSYC-134128,TOTDay1,Experiment, 6,0, 7.jpg,7.jpg,330,60,27.187, 348.611,375.799,348.61,-4,0,0,2,AM7_330,2024-04-10 09:14:42.697
9261,PSYC-134128,TOTDay1,Experiment, 7,0, 4.jpg,4.jpg,210,180,8.888, 377.033,385.921,377.033,-5,0,0,3,BH4_210,2024-04-10 09:14:52.820
9261,PSYC-134128,TOTDay1,Experiment, 8,0, 9.jpg,9.jpg,30,330,20.579, 389.114,409.693,389.113,-6,0,0,2,BM9_30,2024-04-10 09:15:16.604
9261,PSYC-134128,TOTDay1,Experiment, 9,0, 3.jpg,3.jpg,90,210,10.787, 411.158,421.945,411.157,-7,0,0,1,AE3_90,2024-04-10 09:15:28.849
9261,PSYC-134128,TOTDay1,Experiment, 10,0, 6.jpg,6.jpg,30,120,18.231, 424.089,442.32,424.088,-8,0,0,2,AM6_30,2024-04-10 09:15:49.228
9261,PSYC-134128,TOTDay1,Experiment, 11,0, 7.jpg,7.jpg,270,90,12.79, 443.961,456.751,443.96,-9,0,0,1,BE7_270,2024-04-10 09:16:03.653
9261,PSYC-134128,TOTDay1,Experiment, 12,0, 8.jpg,8.jpg,210,0,0.389, 466.241,466.63,466.24,-10,0,0,3,AH8_210,2024-04-10 09:16:13.540
9261,PSYC-134128,TOTDay1,Experiment, 13,0, 10.jpg,10.jpg,150,60,8.027, 469.875,477.902,469.875,-11,0,0,3,AH10_150,2024-04-10 09:16:24.806
9261,PSYC-134128,TOTDay1,Experiment, 14,1, 11.jpg,11.jpg,180,180,8.449, 480.591,489.04,480.59,-10,0,0,1,BE11_180,2024-04-10 09:16:35.945
9261,PSYC-134128,TOTDay1,Experiment, 15,0, 10.jpg,10.jpg,60,120,12.703, 492.317,505.02,492.316,-11,0,0,2,BM10_60,2024-04-10 09:16:51.929
9261,PSYC-134128,TOTDay1,Experiment, 16,0, 3.jpg,3.jpg,240,90,13.012, 506.72,519.732,506.719,-12,0,0,3,BH3_240,2024-04-10 09:17:06.641
9261,PSYC-134128,TOTDay1,Experiment, 17,1, 6.jpg,6.jpg,90,90,8.884, 522.142,531.026,522.141,-11,0,0,1,BE6_90,2024-04-10 09:17:17.925
9261,PSYC-134128,TOTDay1,Experiment, 18,0, 11.jpg,11.jpg,60,210,22.202, 533.314,555.516,533.314,-12,0,0,2,AM11_60,2024-04-10 09:17:42.429
9260,PSYC-132589,TOTDay1,Training, 1,0, 2.jpg,2.jpg,90,270,15.917, 26.202,42.109,26.2,-1,0,0,1,PE2_90,2024-04-10 09:16:39.595
9260,PSYC-132589,TOTDay1,Training, 2,0, 2.jpg,2.jpg,180,0,9.223, 56.012,65.235,56.011,-2,0,0,1,PE2_180,2024-04-10 09:17:02.708
9260,PSYC-132589,TOTDay1,Training, 3,0, 2.jpg,2.jpg,60,120,13.12, 74.164,87.284,74.163,-3,0,0,2,PM2_60,2024-04-10 09:17:24.758
9260,PSYC-132589,TOTDay1,Training, 4,0, 2.jpg,2.jpg,30,150,4.249, 93.153,97.403,93.152,-4,0,0,2,PM2_30,2024-04-10 09:17:34.881
9260,PSYC-132589,TOTDay1,Training, 5,0, 2.jpg,2.jpg,210,300,6.033, 102.2,108.233,102.199,-5,0,0,3,PH2_210,2024-04-10 09:17:45.710
9260,PSYC-132589,TOTDay1,Training, 6,0, 2.jpg,2.jpg,120,60,4.987, 115.559,120.546,115.558,-6,0,0,3,PH2_120,2024-04-10 09:17:58.012
9260,PSYC-132589,TOTDay1,Training, 7,1, 2.jpg,2.jpg,0,0,4.494, 126.104,130.598,126.103,-5,0,0,1,PE2_0,2024-04-10 09:18:08.070
9260,PSYC-132589,TOTDay1,Training, 8,1, 2.jpg,2.jpg,240,240,4.842, 131.986,136.828,131.985,-4,0,0,3,PH2_240,2024-04-10 09:18:14.293
9260,PSYC-132589,TOTDay1,Training, 9,0, 2.jpg,2.jpg,330,300,5.421, 139.378,144.799,139.377,-5,0,0,2,PM2_330,2024-04-10 09:18:22.267
9260,PSYC-132589,TOTDay1,Training, 10,0, 2.jpg,2.jpg,150,30,3.315, 146.647,149.963,146.647,-6,0,0,3,PH2_150,2024-04-10 09:18:27.440
9260,PSYC-132589,TOTDay1,Training, 11,0, 2.jpg,2.jpg,300,330,4.161, 152.265,156.427,152.264,-7,0,0,2,PM2_300,2024-04-10 09:18:33.900
9260,PSYC-132589,TOTDay1,Training, 12,1, 2.jpg,2.jpg,270,270,4.651, 157.528,162.18,157.527,-6,0,0,1,PE2_270,2024-04-10 09:18:39.654
9260,PSYC-132589,TOTDay1,Experiment, 1,0, 6.jpg,6.jpg,90,270,20.579, 166.195,186.774,163.837,-1,0,0,1,BE6_90,2024-04-10 09:19:04.250
9260,PSYC-132589,TOTDay1,Experiment, 2,0, 1.jpg,1.jpg,150,270,3.815, 188.099,191.915,188.098,-2,0,0,3,BH1_150,2024-04-10 09:19:09.388
9260,PSYC-132589,TOTDay1,Experiment, 3,0, 6.jpg,6.jpg,30,210,4.012, 194.168,198.181,194.168,-3,0,0,2,AM6_30,2024-04-10 09:19:15.645
9260,PSYC-132589,TOTDay1,Experiment, 4,1, 10.jpg,10.jpg,60,60,6.428, 199.592,206.02,199.592,-2,0,0,2,BM10_60,2024-04-10 09:19:23.483
9260,PSYC-132589,TOTDay1,Experiment, 5,0, 3.jpg,3.jpg,90,30,9.47, 208.042,217.511,208.041,-3,0,0,1,AE3_90,2024-04-10 09:19:34.975
9260,PSYC-132589,TOTDay1,Experiment, 6,0, 9.jpg,9.jpg,240,330,13.421, 218.709,232.13,218.708,-4,0,0,3,AH9_240,2024-04-10 09:19:49.598
9260,PSYC-132589,TOTDay1,Experiment, 7,0, 11.jpg,11.jpg,180,0,5.6, 233.508,239.108,233.508,-5,0,0,1,BE11_180,2024-04-10 09:19:56.580
9260,PSYC-132589,TOTDay1,Experiment, 8,0, 8.jpg,8.jpg,210,30,11.186, 241.862,253.048,241.86,-6,0,0,3,AH8_210,2024-04-10 09:20:10.523
9260,PSYC-132589,TOTDay1,Experiment, 9,0, 8.jpg,8.jpg,330,210,3.179, 256.572,259.751,256.571,-7,0,0,2,BM8_330,2024-04-10 09:20:17.221
9260,PSYC-132589,TOTDay1,Experiment, 10,0, 7.jpg,7.jpg,270,90,8.726, 261.057,269.782,261.056,-8,0,0,1,BE7_270,2024-04-10 09:20:27.244
9260,PSYC-132589,TOTDay1,Experiment, 11,0, 11.jpg,11.jpg,60,270,8.317, 274.323,282.64,274.322,-9,0,0,2,AM11_60,2024-04-10 09:20:40.107
9260,PSYC-132589,TOTDay1,Experiment, 12,0, 4.jpg,4.jpg,210,180,6.458, 283.426,289.884,283.426,-10,0,0,3,BH4_210,2024-04-10 09:20:47.357
9260,PSYC-132589,TOTDay1,Experiment, 13,0, 3.jpg,3.jpg,240,120,4.296, 290.741,295.038,290.74,-11,0,0,3,BH3_240,2024-04-10 09:20:52.512
9260,PSYC-132589,TOTDay1,Experiment, 14,0, 4.jpg,4.jpg,180,240,23.471, 298.859,322.33,298.858,-12,0,0,1,AE4_180,2024-04-10 09:21:19.795
9260,PSYC-132589,TOTDay1,Experiment, 15,0, 7.jpg,7.jpg,330,30,7.613, 323.748,331.361,323.748,-13,0,0,2,AM7_330,2024-04-10 09:21:28.833
9260,PSYC-132589,TOTDay1,Experiment, 16,0, 1.jpg,1.jpg,270,150,12.413, 334.141,346.554,334.14,-14,0,0,1,AE1_270,2024-04-10 09:21:44.023
9260,PSYC-132589,TOTDay1,Experiment, 17,0, 10.jpg,10.jpg,150,120,6.562, 347.514,354.076,347.513,-15,0,0,3,AH10_150,2024-04-10 09:21:51.537
9260,PSYC-132589,TOTDay1,Experiment, 18,0, 9.jpg,9.jpg,30,0,0.781, 355.765,356.546,355.764,-16,0,0,2,BM9_30,2024-04-10 09:21:54.021
9259,PSYC-134130,TOTDay1,Training, 1,0, 2.jpg,2.jpg,90,270,8.278, 101.784,110.055,101.783,-1,0,0,1,PE2_90,2024-04-10 09:21:04.536
9259,PSYC-134130,TOTDay1,Training, 2,1, 2.jpg,2.jpg,180,180,4.071, 123.28,127.35,123.28,0,0,0,1,PE2_180,2024-04-10 09:21:21.823
9259,PSYC-134130,TOTDay1,Training, 3,1, 2.jpg,2.jpg,60,60,8.284, 129.497,137.782,129.496,1,0,0,2,PM2_60,2024-04-10 09:21:32.248
9259,PSYC-134130,TOTDay1,Training, 4,1, 2.jpg,2.jpg,30,30,4.057, 140.817,144.874,140.817,2,0,0,2,PM2_30,2024-04-10 09:21:39.342
9259,PSYC-134130,TOTDay1,Training, 5,1, 2.jpg,2.jpg,210,210,6.259, 147.933,154.191,147.932,3,0,0,3,PH2_210,2024-04-10 09:21:48.659
9259,PSYC-134130,TOTDay1,Training, 6,0, 2.jpg,2.jpg,120,60,13.006, 155.058,168.064,155.058,2,0,0,3,PH2_120,2024-04-10 09:22:02.533
9259,PSYC-134130,TOTDay1,Training, 7,1, 2.jpg,2.jpg,0,0,3.737, 173.567,177.304,173.566,3,0,0,1,PE2_0,2024-04-10 09:22:11.777
9259,PSYC-134130,TOTDay1,Training, 8,1, 2.jpg,2.jpg,240,240,19.054, 177.769,196.823,177.768,4,0,0,3,PH2_240,2024-04-10 09:22:31.294
9259,PSYC-134130,TOTDay1,Training, 9,0, 2.jpg,2.jpg,330,30,6.988, 200.224,207.212,200.224,3,0,0,2,PM2_330,2024-04-10 09:22:41.680
9259,PSYC-134130,TOTDay1,Training, 10,1, 2.jpg,2.jpg,150,150,13.469, 214.435,227.904,214.434,4,0,0,3,PH2_150,2024-04-10 09:23:02.380
9259,PSYC-134130,TOTDay1,Training, 11,1, 2.jpg,2.jpg,300,300,18.934, 230.086,249.02,230.086,5,0,0,2,PM2_300,2024-04-10 09:23:23.490
9259,PSYC-134130,TOTDay1,Training, 12,1, 2.jpg,2.jpg,270,270,13.009, 253.051,266.06,253.05,6,0,0,1,PE2_270,2024-04-10 09:23:40.539
9259,PSYC-134130,TOTDay1,Experiment, 1,1, 10.jpg,10.jpg,60,60,5.917, 269.611,275.528,266.806,1,0,0,2,BM10_60,2024-04-10 09:23:49.996
9259,PSYC-134130,TOTDay1,Experiment, 2,0, 1.jpg,1.jpg,150,210,11.397, 276.542,287.94,276.542,0,0,0,3,BH1_150,2024-04-10 09:24:02.409
9259,PSYC-134130,TOTDay1,Experiment, 3,0, 6.jpg,6.jpg,90,210,10.274, 288.866,299.14,288.865,-1,0,0,1,BE6_90,2024-04-10 09:24:13.613
9259,PSYC-134130,TOTDay1,Experiment, 4,0, 6.jpg,6.jpg,30,300,12.354, 304,316.355,304,-2,0,0,2,AM6_30,2024-04-10 09:24:30.823
9259,PSYC-134130,TOTDay1,Experiment, 5,1, 8.jpg,8.jpg,210,210,4.979, 317.463,322.443,317.463,-1,0,0,3,AH8_210,2024-04-10 09:24:36.919
9259,PSYC-134130,TOTDay1,Experiment, 6,0, 3.jpg,3.jpg,90,240,32.884, 323.286,356.17,323.285,-2,0,0,1,AE3_90,2024-04-10 09:25:10.644
9259,PSYC-134130,TOTDay1,Experiment, 7,1, 3.jpg,3.jpg,240,240,26.787, 357.238,384.025,357.237,-1,0,0,3,BH3_240,2024-04-10 09:25:38.503
9259,PSYC-134130,TOTDay1,Experiment, 8,0, 11.jpg,11.jpg,60,300,14.802, 384.943,399.746,384.943,-2,0,0,2,AM11_60,2024-04-10 09:25:54.224
9259,PSYC-134130,TOTDay1,Experiment, 9,1, 7.jpg,7.jpg,270,270,21.062, 400.978,422.041,400.978,-1,0,0,1,BE7_270,2024-04-10 09:26:16.524
9259,PSYC-134130,TOTDay1,Experiment, 10,0, 1.jpg,1.jpg,270,90,16.638, 422.482,439.121,422.482,-2,0,0,1,AE1_270,2024-04-10 09:26:33.592
9259,PSYC-134130,TOTDay1,Experiment, 11,0, 4.jpg,4.jpg,210,180,11.682, 440.119,451.801,440.119,-3,0,0,3,BH4_210,2024-04-10 09:26:46.271
9259,PSYC-134130,TOTDay1,Experiment, 12,0, 7.jpg,7.jpg,330,30,10.937, 456.95,467.887,456.949,-4,0,0,2,AM7_330,2024-04-10 09:27:02.363
9259,PSYC-134130,TOTDay1,Experiment, 13,1, 4.jpg,4.jpg,180,180,6.692, 468.921,475.613,468.921,-3,0,0,1,AE4_180,2024-04-10 09:27:10.095
9259,PSYC-134130,TOTDay1,Experiment, 14,0, 9.jpg,9.jpg,30,60,5.906, 476.152,482.058,476.151,-4,0,0,2,BM9_30,2024-04-10 09:27:16.536
9259,PSYC-134130,TOTDay1,Experiment, 15,0, 9.jpg,9.jpg,240,210,10.484, 482.771,493.255,482.771,-5,0,0,3,AH9_240,2024-04-10 09:27:27.738
9259,PSYC-134130,TOTDay1,Experiment, 16,1, 11.jpg,11.jpg,180,180,6.785, 494.004,500.789,494.003,-4,0,0,1,BE11_180,2024-04-10 09:27:35.264
9259,PSYC-134130,TOTDay1,Experiment, 17,1, 10.jpg,10.jpg,150,150,28.159, 501.221,529.381,501.221,-3,0,0,3,AH10_150,2024-04-10 09:28:03.864
9259,PSYC-134130,TOTDay1,Experiment, 18,1, 8.jpg,8.jpg,330,330,5.993, 532.193,538.186,532.192,-2,0,0,2,BM8_330,2024-04-10 09:28:12.658
9251,PSYC-132589,TOTDay1,Training, 1,0, 2.jpg,2.jpg,90,270,8.083, 57.267,65.347,57.266,-1,0,0,1,PE2_90,2024-04-10 12:25:22.962
9251,PSYC-132589,TOTDay1,Training, 2,1, 2.jpg,2.jpg,180,180,4.081, 76.594,80.675,76.594,0,0,0,1,PE2_180,2024-04-10 12:25:38.280
9251,PSYC-132589,TOTDay1,Training, 3,0, 2.jpg,2.jpg,60,120,5.455, 83.304,88.759,83.304,-1,0,0,2,PM2_60,2024-04-10 12:25:46.373
9251,PSYC-132589,TOTDay1,Training, 4,0, 2.jpg,2.jpg,30,150,3.679, 97.083,100.762,97.082,-2,0,0,2,PM2_30,2024-04-10 12:25:58.375
9251,PSYC-132589,TOTDay1,Training, 5,0, 2.jpg,2.jpg,210,330,5.599, 106.152,111.752,106.152,-3,0,0,3,PH2_210,2024-04-10 12:26:09.369
9251,PSYC-132589,TOTDay1,Training, 6,0, 2.jpg,2.jpg,120,150,10.437, 119.146,129.584,119.146,-4,0,0,3,PH2_120,2024-04-10 12:26:27.194
9251,PSYC-132589,TOTDay1,Training, 7,1, 2.jpg,2.jpg,0,0,5.873, 137.489,143.362,137.488,-3,0,0,1,PE2_0,2024-04-10 12:26:40.979
9251,PSYC-132589,TOTDay1,Training, 8,0, 2.jpg,2.jpg,240,210,8.3, 145.938,154.238,145.937,-4,0,0,3,PH2_240,2024-04-10 12:26:51.851
9251,PSYC-132589,TOTDay1,Training, 9,0, 2.jpg,2.jpg,330,120,4.198, 158.814,163.012,158.813,-5,0,0,2,PM2_330,2024-04-10 12:27:00.621
9251,PSYC-132589,TOTDay1,Training, 10,1, 2.jpg,2.jpg,150,150,5.579, 164.93,170.509,164.93,-4,0,0,3,PH2_150,2024-04-10 12:27:08.116
9251,PSYC-132589,TOTDay1,Training, 11,0, 2.jpg,2.jpg,300,30,13.156, 173.148,186.303,173.147,-5,0,0,2,PM2_300,2024-04-10 12:27:23.907
9251,PSYC-132589,TOTDay1,Training, 12,0, 2.jpg,2.jpg,270,90,3.305, 189.539,192.845,189.539,-6,0,0,1,PE2_270,2024-04-10 12:27:30.456
9251,PSYC-132589,TOTDay1,Experiment, 1,1, 1.jpg,1.jpg,270,270,9.908, 198.547,208.455,193.961,1,0,0,1,AE1_270,2024-04-10 12:27:46.068
9251,PSYC-132589,TOTDay1,Experiment, 2,0, 7.jpg,7.jpg,330,30,9.518, 210.227,219.745,210.227,0,0,0,2,AM7_330,2024-04-10 12:27:57.358
9251,PSYC-132589,TOTDay1,Experiment, 3,0, 8.jpg,8.jpg,210,330,6.899, 222.379,229.279,222.379,-1,0,0,3,AH8_210,2024-04-10 12:28:06.896
9251,PSYC-132589,TOTDay1,Experiment, 4,1, 3.jpg,3.jpg,90,90,15.42, 230.344,245.763,230.343,0,0,0,1,AE3_90,2024-04-10 12:28:23.377
9251,PSYC-132589,TOTDay1,Experiment, 5,1, 8.jpg,8.jpg,330,330,7.333, 246.468,253.801,246.467,1,0,0,2,BM8_330,2024-04-10 12:28:31.404
9251,PSYC-132589,TOTDay1,Experiment, 6,0, 10.jpg,10.jpg,150,210,12.248, 254.333,266.581,254.333,0,0,0,3,AH10_150,2024-04-10 12:28:44.198
9251,PSYC-132589,TOTDay1,Experiment, 7,0, 10.jpg,10.jpg,60,300,3.877, 267.142,271.02,267.141,-1,0,0,2,BM10_60,2024-04-10 12:28:48.636
9251,PSYC-132589,TOTDay1,Experiment, 8,0, 11.jpg,11.jpg,180,0,6.226, 271.493,277.719,271.493,-2,0,0,1,BE11_180,2024-04-10 12:28:55.326
9251,PSYC-132589,TOTDay1,Experiment, 9,1, 4.jpg,4.jpg,210,210,8.443, 278.354,286.797,278.353,-1,0,0,3,BH4_210,2024-04-10 12:29:04.409
9251,PSYC-132589,TOTDay1,Experiment, 10,1, 6.jpg,6.jpg,90,90,11.221, 287.268,298.489,287.267,0,0,0,1,BE6_90,2024-04-10 12:29:16.101
9251,PSYC-132589,TOTDay1,Experiment, 11,0, 9.jpg,9.jpg,240,210,5.685, 298.984,304.669,298.983,-1,0,0,3,AH9_240,2024-04-10 12:29:22.277
9251,PSYC-132589,TOTDay1,Experiment, 12,0, 6.jpg,6.jpg,30,330,5.692, 305.091,310.783,305.091,-2,0,0,2,AM6_30,2024-04-10 12:29:28.390
9251,PSYC-132589,TOTDay1,Experiment, 13,0, 1.jpg,1.jpg,150,180,3.939, 311.184,315.123,311.183,-3,0,0,3,BH1_150,2024-04-10 12:29:32.725
9251,PSYC-132589,TOTDay1,Experiment, 14,1, 11.jpg,11.jpg,60,60,3.215, 316.286,319.502,316.285,-2,0,0,2,AM11_60,2024-04-10 12:29:37.108
9251,PSYC-132589,TOTDay1,Experiment, 15,1, 4.jpg,4.jpg,180,180,4.783, 319.971,324.755,319.971,-1,0,0,1,AE4_180,2024-04-10 12:29:42.372
9251,PSYC-132589,TOTDay1,Experiment, 16,0, 3.jpg,3.jpg,240,330,4.218, 325.147,329.365,325.147,-2,0,0,3,BH3_240,2024-04-10 12:29:46.976
9251,PSYC-132589,TOTDay1,Experiment, 17,0, 9.jpg,9.jpg,30,300,3.309, 329.819,333.129,329.819,-3,0,0,2,BM9_30,2024-04-10 12:29:50.732
9251,PSYC-132589,TOTDay1,Experiment, 18,0, 7.jpg,7.jpg,270,90,4.416, 333.489,337.905,333.489,-4,0,0,1,BE7_270,2024-04-10 12:29:55.522
9262,PSYC-134128,TOTDay1,Training, 1,1, 2.jpg,2.jpg,90,90,7.333, 13.711,21.042,13.709,1,0,0,1,PE2_90,2024-04-10 12:44:48.217
9262,PSYC-134128,TOTDay1,Training, 2,0, 2.jpg,2.jpg,180,0,2.677, 22.416,25.092,22.415,0,0,0,1,PE2_180,2024-04-10 12:44:52.264
9262,PSYC-134128,TOTDay1,Training, 3,1, 2.jpg,2.jpg,60,60,10.796, 35.979,46.775,35.979,1,0,0,2,PM2_60,2024-04-10 12:45:13.949
9262,PSYC-134128,TOTDay1,Training, 4,0, 2.jpg,2.jpg,30,120,4.462, 48.701,53.163,48.701,0,0,0,2,PM2_30,2024-04-10 12:45:20.339
9262,PSYC-134128,TOTDay1,Training, 5,0, 2.jpg,2.jpg,210,300,3.396, 57.288,60.683,57.287,-1,0,0,3,PH2_210,2024-04-10 12:45:27.850
9262,PSYC-134128,TOTDay1,Training, 6,0, 2.jpg,2.jpg,120,60,3.843, 67.4,71.243,67.399,-2,0,0,3,PH2_120,2024-04-10 12:45:38.420
9262,PSYC-134128,TOTDay1,Training, 7,0, 2.jpg,2.jpg,0,60,3.212, 77.434,80.647,77.434,-3,0,0,1,PE2_0,2024-04-10 12:45:47.815
9262,PSYC-134128,TOTDay1,Training, 8,0, 2.jpg,2.jpg,240,300,2.515, 82.09,84.605,82.089,-4,0,0,3,PH2_240,2024-04-10 12:45:51.769
9262,PSYC-134128,TOTDay1,Training, 9,0, 2.jpg,2.jpg,330,210,4.835, 87.026,91.861,87.025,-5,0,0,2,PM2_330,2024-04-10 12:45:59.036
9262,PSYC-134128,TOTDay1,Training, 10,0, 2.jpg,2.jpg,150,60,4.099, 92.826,96.925,92.825,-6,0,0,3,PH2_150,2024-04-10 12:46:04.101
9262,PSYC-134128,TOTDay1,Training, 11,1, 2.jpg,2.jpg,300,300,2.434, 98.324,100.758,98.323,-5,0,0,2,PM2_300,2024-04-10 12:46:07.934
9262,PSYC-134128,TOTDay1,Training, 12,1, 2.jpg,2.jpg,270,270,3.625, 105.004,108.629,105.004,-4,0,0,1,PE2_270,2024-04-10 12:46:15.803
9262,PSYC-134128,TOTDay1,Experiment, 1,0, 11.jpg,11.jpg,60,270,3.459, 119.134,122.593,116.559,-1,0,0,2,AM11_60,2024-04-10 12:46:29.769
9262,PSYC-134128,TOTDay1,Experiment, 2,0, 1.jpg,1.jpg,150,300,2.117, 123.933,126.051,123.933,-2,0,0,3,BH1_150,2024-04-10 12:46:33.224
9262,PSYC-134128,TOTDay1,Experiment, 3,0, 3.jpg,3.jpg,90,60,1.851, 128.629,130.481,128.629,-3,0,0,1,AE3_90,2024-04-10 12:46:37.651
9262,PSYC-134128,TOTDay1,Experiment, 4,0, 7.jpg,7.jpg,330,120,3.257, 134.168,137.425,134.167,-4,0,0,2,AM7_330,2024-04-10 12:46:44.594
9262,PSYC-134128,TOTDay1,Experiment, 5,0, 4.jpg,4.jpg,210,270,2.432, 138.208,140.641,138.208,-5,0,0,3,BH4_210,2024-04-10 12:46:47.812
9262,PSYC-134128,TOTDay1,Experiment, 6,0, 11.jpg,11.jpg,180,300,4.676, 147.839,152.515,147.839,-6,0,0,1,BE11_180,2024-04-10 12:46:59.685
9262,PSYC-134128,TOTDay1,Experiment, 7,0, 8.jpg,8.jpg,330,30,2.314, 155.134,157.449,155.134,-7,0,0,2,BM8_330,2024-04-10 12:47:04.617
9262,PSYC-134128,TOTDay1,Experiment, 8,0, 9.jpg,9.jpg,240,300,1.995, 160.692,162.687,160.692,-8,0,0,3,AH9_240,2024-04-10 12:47:09.862
9262,PSYC-134128,TOTDay1,Experiment, 9,0, 7.jpg,7.jpg,270,300,1.893, 165.827,167.721,165.826,-9,0,0,1,BE7_270,2024-04-10 12:47:14.889
9262,PSYC-134128,TOTDay1,Experiment, 10,0, 3.jpg,3.jpg,240,60,1.593, 169.989,171.583,169.989,-10,0,0,3,BH3_240,2024-04-10 12:47:18.752
9262,PSYC-134128,TOTDay1,Experiment, 11,1, 10.jpg,10.jpg,60,60,4.209, 173.063,177.272,173.063,-9,0,0,2,BM10_60,2024-04-10 12:47:24.435
9262,PSYC-134128,TOTDay1,Experiment, 12,0, 4.jpg,4.jpg,180,150,5.001, 178.387,183.389,178.387,-10,0,0,1,AE4_180,2024-04-10 12:47:30.561
9262,PSYC-134128,TOTDay1,Experiment, 13,0, 9.jpg,9.jpg,30,0,0.649, 183.764,184.413,183.764,-11,0,0,2,BM9_30,2024-04-10 12:47:31.582
9262,PSYC-134128,TOTDay1,Experiment, 14,0, 1.jpg,1.jpg,270,0,0.529, 185.737,186.267,185.737,-12,0,0,1,AE1_270,2024-04-10 12:47:33.436
9262,PSYC-134128,TOTDay1,Experiment, 15,0, 8.jpg,8.jpg,210,0,2.848, 186.972,189.821,186.972,-13,0,0,3,AH8_210,2024-04-10 12:47:36.986
9262,PSYC-134128,TOTDay1,Experiment, 16,0, 6.jpg,6.jpg,30,270,1.78, 193.599,195.379,193.598,-14,0,0,2,AM6_30,2024-04-10 12:47:42.547
9262,PSYC-134128,TOTDay1,Experiment, 17,1, 10.jpg,10.jpg,150,150,2.42, 197.262,199.683,197.261,-13,0,0,3,AH10_150,2024-04-10 12:47:46.857
9262,PSYC-134128,TOTDay1,Experiment, 18,0, 6.jpg,6.jpg,90,0,0.445, 200.737,201.183,200.737,-14,0,0,1,BE6_90,2024-04-10 12:47:48.358
9263,PSYC-132589,TOTDay1,Training, 1,1, 2.jpg,2.jpg,90,90,12.559, 180.066,192.622,180.064,1,0,0,1,PE2_90,2024-04-10 15:23:10.593
9263,PSYC-132589,TOTDay1,Training, 2,1, 2.jpg,2.jpg,180,180,5.329, 193.573,198.902,193.572,2,0,0,1,PE2_180,2024-04-10 15:23:16.873
9263,PSYC-132589,TOTDay1,Training, 3,0, 2.jpg,2.jpg,60,210,14.546, 199.43,213.976,199.429,1,0,0,2,PM2_60,2024-04-10 15:23:31.947
9263,PSYC-132589,TOTDay1,Training, 4,0, 2.jpg,2.jpg,30,330,16.737, 218.034,234.772,218.034,0,0,0,2,PM2_30,2024-04-10 15:23:52.740
9263,PSYC-132589,TOTDay1,Training, 5,0, 2.jpg,2.jpg,210,150,4.212, 240.078,244.29,240.077,-1,0,0,3,PH2_210,2024-04-10 15:24:02.257
9263,PSYC-132589,TOTDay1,Training, 6,1, 2.jpg,2.jpg,120,120,10.292, 251.888,262.18,251.887,0,0,0,3,PH2_120,2024-04-10 15:24:20.143
9263,PSYC-132589,TOTDay1,Training, 7,1, 2.jpg,2.jpg,0,0,7.881, 263.35,271.232,263.35,1,0,0,1,PE2_0,2024-04-10 15:24:29.200
9263,PSYC-132589,TOTDay1,Training, 8,0, 2.jpg,2.jpg,240,330,16.305, 271.766,288.072,271.766,0,0,0,3,PH2_240,2024-04-10 15:24:46.047
9263,PSYC-132589,TOTDay1,Training, 9,1, 2.jpg,2.jpg,330,330,7.054, 290.682,297.736,290.682,1,0,0,2,PM2_330,2024-04-10 15:24:55.708
9263,PSYC-132589,TOTDay1,Training, 10,0, 2.jpg,2.jpg,150,30,3.817, 300.462,304.28,300.462,0,0,0,3,PH2_150,2024-04-10 15:25:02.248
9263,PSYC-132589,TOTDay1,Training, 11,0, 2.jpg,2.jpg,300,120,7.006, 306.836,313.842,306.836,-1,0,0,2,PM2_300,2024-04-10 15:25:11.806
9263,PSYC-132589,TOTDay1,Training, 12,1, 2.jpg,2.jpg,270,270,16.738, 320.45,337.188,320.45,0,0,0,1,PE2_270,2024-04-10 15:25:35.155
9263,PSYC-132589,TOTDay1,Experiment, 1,0, 1.jpg,1.jpg,150,240,12.651, 341.282,353.934,337.884,-1,0,0,3,BH1_150,2024-04-10 15:25:51.899
9263,PSYC-132589,TOTDay1,Experiment, 2,0, 7.jpg,7.jpg,330,120,7.359, 354.807,362.166,354.806,-2,0,0,2,AM7_330,2024-04-10 15:26:00.141
9263,PSYC-132589,TOTDay1,Experiment, 3,1, 1.jpg,1.jpg,270,270,6.743, 363.207,369.95,363.206,-1,0,0,1,AE1_270,2024-04-10 15:26:07.916
9263,PSYC-132589,TOTDay1,Experiment, 4,1, 3.jpg,3.jpg,90,90,13.601, 370.603,384.204,370.603,0,0,0,1,AE3_90,2024-04-10 15:26:22.178
9263,PSYC-132589,TOTDay1,Experiment, 5,0, 10.jpg,10.jpg,150,210,11.764, 384.753,396.517,384.752,-1,0,0,3,AH10_150,2024-04-10 15:26:34.489
9263,PSYC-132589,TOTDay1,Experiment, 6,0, 11.jpg,11.jpg,60,300,10.008, 397.307,407.315,397.307,-2,0,0,2,AM11_60,2024-04-10 15:26:45.276
9263,PSYC-132589,TOTDay1,Experiment, 7,0, 7.jpg,7.jpg,270,180,7.88, 407.899,415.779,407.898,-3,0,0,1,BE7_270,2024-04-10 15:26:53.739
9263,PSYC-132589,TOTDay1,Experiment, 8,0, 3.jpg,3.jpg,240,210,16.91, 418.489,435.399,418.488,-4,0,0,3,BH3_240,2024-04-10 15:27:13.364
9263,PSYC-132589,TOTDay1,Experiment, 9,1, 8.jpg,8.jpg,330,330,13.962, 437.76,451.722,437.759,-3,0,0,2,BM8_330,2024-04-10 15:27:29.682
9263,PSYC-132589,TOTDay1,Experiment, 10,1, 6.jpg,6.jpg,90,90,25.767, 452.7,478.468,452.7,-2,0,0,1,BE6_90,2024-04-10 15:27:56.440
9263,PSYC-132589,TOTDay1,Experiment, 11,0, 6.jpg,6.jpg,30,60,15.389, 479.31,494.699,479.309,-3,0,0,2,AM6_30,2024-04-10 15:28:12.662
9263,PSYC-132589,TOTDay1,Experiment, 12,1, 9.jpg,9.jpg,240,240,20.785, 497.605,518.391,497.605,-2,0,0,3,AH9_240,2024-04-10 15:28:36.360
9263,PSYC-132589,TOTDay1,Experiment, 13,1, 4.jpg,4.jpg,210,210,12.153, 518.89,531.044,518.889,-1,0,0,3,BH4_210,2024-04-10 15:28:49.005
9263,PSYC-132589,TOTDay1,Experiment, 14,1, 10.jpg,10.jpg,60,60,12.473, 531.641,544.115,531.641,0,0,0,2,BM10_60,2024-04-10 15:29:02.077
9263,PSYC-132589,TOTDay1,Experiment, 15,1, 11.jpg,11.jpg,180,180,5.545, 544.534,550.079,544.533,1,0,0,1,BE11_180,2024-04-10 15:29:08.047
9263,PSYC-132589,TOTDay1,Experiment, 16,0, 9.jpg,9.jpg,30,60,18.659, 550.612,569.272,550.612,0,0,0,2,BM9_30,2024-04-10 15:29:27.235
9263,PSYC-132589,TOTDay1,Experiment, 17,0, 8.jpg,8.jpg,210,120,18.949, 571.283,590.232,571.282,-1,0,0,3,AH8_210,2024-04-10 15:29:48.199
9263,PSYC-132589,TOTDay1,Experiment, 18,1, 4.jpg,4.jpg,180,180,5.579, 592.148,597.727,592.147,0,0,0,1,AE4_180,2024-04-10 15:29:55.691
9264,PSYC-134130,TOTDay1,Training, 1,0, 2.jpg,2.jpg,90,270,9.887, 42.924,52.809,42.922,-1,0,0,1,PE2_90,2024-04-10 15:25:24.216
9264,PSYC-134130,TOTDay1,Training, 2,1, 2.jpg,2.jpg,180,180,4.77, 65.597,70.366,65.596,0,0,0,1,PE2_180,2024-04-10 15:25:41.770
9264,PSYC-134130,TOTDay1,Training, 3,0, 2.jpg,2.jpg,60,300,3.792, 75.157,78.948,75.156,-1,0,0,2,PM2_60,2024-04-10 15:25:50.358
9264,PSYC-134130,TOTDay1,Training, 4,1, 2.jpg,2.jpg,30,30,4.547, 82.629,87.177,82.629,0,0,0,2,PM2_30,2024-04-10 15:25:58.576
9264,PSYC-134130,TOTDay1,Training, 5,0, 2.jpg,2.jpg,210,240,4.66, 88.106,92.766,88.105,-1,0,0,3,PH2_210,2024-04-10 15:26:04.168
9264,PSYC-134130,TOTDay1,Training, 6,1, 2.jpg,2.jpg,120,120,7.63, 99.629,107.258,99.628,0,0,0,3,PH2_120,2024-04-10 15:26:18.660
9264,PSYC-134130,TOTDay1,Training, 7,1, 2.jpg,2.jpg,0,0,3.206, 108.177,111.383,108.176,1,0,0,1,PE2_0,2024-04-10 15:26:22.792
9264,PSYC-134130,TOTDay1,Training, 8,1, 2.jpg,2.jpg,240,240,3.948, 112.318,116.267,112.318,2,0,0,3,PH2_240,2024-04-10 15:26:27.677
9264,PSYC-134130,TOTDay1,Training, 9,1, 2.jpg,2.jpg,330,330,3.446, 117.207,120.654,117.207,3,0,0,2,PM2_330,2024-04-10 15:26:32.061
9264,PSYC-134130,TOTDay1,Training, 10,1, 2.jpg,2.jpg,150,150,6.642, 121.174,127.816,121.174,4,0,0,3,PH2_150,2024-04-10 15:26:39.226
9264,PSYC-134130,TOTDay1,Training, 11,1, 2.jpg,2.jpg,300,300,4.189, 128.301,132.49,128.3,5,0,0,2,PM2_300,2024-04-10 15:26:43.893
9264,PSYC-134130,TOTDay1,Training, 12,1, 2.jpg,2.jpg,270,270,2.864, 133.07,135.934,133.07,6,0,0,1,PE2_270,2024-04-10 15:26:47.349
9264,PSYC-134130,TOTDay1,Experiment, 1,1, 11.jpg,11.jpg,180,180,7.557, 141.477,149.034,137.314,1,0,0,1,BE11_180,2024-04-10 15:27:00.444
9264,PSYC-134130,TOTDay1,Experiment, 2,0, 8.jpg,8.jpg,330,300,12.629, 149.625,162.255,149.624,0,0,0,2,BM8_330,2024-04-10 15:27:13.657
9264,PSYC-134130,TOTDay1,Experiment, 3,1, 8.jpg,8.jpg,210,210,8.431, 163.643,172.074,163.642,1,0,0,3,AH8_210,2024-04-10 15:27:23.480
9264,PSYC-134130,TOTDay1,Experiment, 4,1, 4.jpg,4.jpg,210,210,13.944, 172.558,186.502,172.558,2,0,0,3,BH4_210,2024-04-10 15:27:37.919
9264,PSYC-134130,TOTDay1,Experiment, 5,1, 11.jpg,11.jpg,60,60,7.222, 187.673,194.895,187.672,3,0,0,2,AM11_60,2024-04-10 15:27:46.308
9264,PSYC-134130,TOTDay1,Experiment, 6,0, 6.jpg,6.jpg,90,270,8.66, 195.599,204.26,195.598,2,0,0,1,BE6_90,2024-04-10 15:27:55.663
9264,PSYC-134130,TOTDay1,Experiment, 7,0, 7.jpg,7.jpg,330,30,5.809, 207.003,212.812,207.002,1,0,0,2,AM7_330,2024-04-10 15:28:04.214
9264,PSYC-134130,TOTDay1,Experiment, 8,1, 9.jpg,9.jpg,240,240,12.246, 213.456,225.703,213.456,2,0,0,3,AH9_240,2024-04-10 15:28:17.115
9264,PSYC-134130,TOTDay1,Experiment, 9,1, 4.jpg,4.jpg,180,180,9.131, 226.193,235.324,226.192,3,0,0,1,AE4_180,2024-04-10 15:28:26.730
9264,PSYC-134130,TOTDay1,Experiment, 10,1, 6.jpg,6.jpg,30,30,8.221, 235.838,244.06,235.837,4,0,0,2,AM6_30,2024-04-10 15:28:35.472
9264,PSYC-134130,TOTDay1,Experiment, 11,0, 1.jpg,1.jpg,150,60,15.395, 244.503,259.898,244.502,3,0,0,3,BH1_150,2024-04-10 15:28:51.314
9264,PSYC-134130,TOTDay1,Experiment, 12,1, 3.jpg,3.jpg,90,90,15.502, 260.454,275.956,260.453,4,0,0,1,AE3_90,2024-04-10 15:29:07.366
9264,PSYC-134130,TOTDay1,Experiment, 13,0, 1.jpg,1.jpg,270,180,7.895, 276.522,284.418,276.522,3,0,0,1,AE1_270,2024-04-10 15:29:15.821
9264,PSYC-134130,TOTDay1,Experiment, 14,0, 3.jpg,3.jpg,240,210,31.248, 284.895,316.143,284.894,2,0,0,3,BH3_240,2024-04-10 15:29:47.547
9264,PSYC-134130,TOTDay1,Experiment, 15,0, 10.jpg,10.jpg,60,300,5.285, 316.666,321.951,316.665,1,0,0,2,BM10_60,2024-04-10 15:29:53.360
9264,PSYC-134130,TOTDay1,Experiment, 16,1, 7.jpg,7.jpg,270,270,15.466, 322.383,337.85,322.382,2,0,0,1,BE7_270,2024-04-10 15:30:09.262
9264,PSYC-134130,TOTDay1,Experiment, 17,1, 9.jpg,9.jpg,30,30,15.505, 338.943,354.448,338.942,3,0,0,2,BM9_30,2024-04-10 15:30:25.862
9264,PSYC-134130,TOTDay1,Experiment, 18,0, 10.jpg,10.jpg,150,120,15.371, 354.885,370.256,354.884,2,0,0,3,AH10_150,2024-04-10 15:30:41.659
9265,PSYC-132589,TOTDay1,Training, 1,1, 2.jpg,2.jpg,90,90,10.984, 58.73,69.711,58.729,1,0,0,1,PE2_90,2024-04-11 12:26:47.460
9265,PSYC-132589,TOTDay1,Training, 2,1, 2.jpg,2.jpg,180,180,3.297, 71.852,75.149,71.851,2,0,0,1,PE2_180,2024-04-11 12:26:52.898
9265,PSYC-132589,TOTDay1,Training, 3,0, 2.jpg,2.jpg,60,30,9.466, 75.949,85.416,75.949,1,0,0,2,PM2_60,2024-04-11 12:27:03.158
9265,PSYC-132589,TOTDay1,Training, 4,1, 2.jpg,2.jpg,30,30,6.532, 89.991,96.523,89.991,2,0,0,2,PM2_30,2024-04-11 12:27:14.272
9265,PSYC-132589,TOTDay1,Training, 5,1, 2.jpg,2.jpg,210,210,12.207, 98.877,111.085,98.876,3,0,0,3,PH2_210,2024-04-11 12:27:28.827
9265,PSYC-132589,TOTDay1,Training, 6,0, 2.jpg,2.jpg,120,240,9.408, 111.755,121.163,111.754,2,0,0,3,PH2_120,2024-04-11 12:27:38.900
9265,PSYC-132589,TOTDay1,Training, 7,1, 2.jpg,2.jpg,0,0,3.722, 126.931,130.654,126.931,3,0,0,1,PE2_0,2024-04-11 12:27:48.398
9265,PSYC-132589,TOTDay1,Training, 8,0, 2.jpg,2.jpg,240,300,14.207, 131.378,145.586,131.378,2,0,0,3,PH2_240,2024-04-11 12:28:03.330
9265,PSYC-132589,TOTDay1,Training, 9,0, 2.jpg,2.jpg,330,30,5.497, 146.683,152.18,146.683,1,0,0,2,PM2_330,2024-04-11 12:28:09.929
9265,PSYC-132589,TOTDay1,Training, 10,0, 2.jpg,2.jpg,150,210,3.43, 153.109,156.539,153.109,0,0,0,3,PH2_150,2024-04-11 12:28:14.284
9265,PSYC-132589,TOTDay1,Training, 11,1, 2.jpg,2.jpg,300,300,6.561, 157.048,163.61,157.048,1,0,0,2,PM2_300,2024-04-11 12:28:21.357
9265,PSYC-132589,TOTDay1,Training, 12,1, 2.jpg,2.jpg,270,270,3.689, 164.143,167.832,164.142,2,0,0,1,PE2_270,2024-04-11 12:28:25.572
9265,PSYC-132589,TOTDay1,Experiment, 1,0, 9.jpg,9.jpg,240,330,7.388, 170.232,177.62,168.302,-1,0,0,3,AH9_240,2024-04-11 12:28:35.364
9265,PSYC-132589,TOTDay1,Experiment, 2,1, 4.jpg,4.jpg,180,180,4.461, 178.452,182.914,178.452,0,0,0,1,AE4_180,2024-04-11 12:28:40.659
9265,PSYC-132589,TOTDay1,Experiment, 3,0, 10.jpg,10.jpg,60,120,20.267, 183.405,203.672,183.404,-1,0,0,2,BM10_60,2024-04-11 12:29:01.412
9265,PSYC-132589,TOTDay1,Experiment, 4,0, 11.jpg,11.jpg,60,120,18.394, 204.382,222.776,204.381,-2,0,0,2,AM11_60,2024-04-11 12:29:20.512
9265,PSYC-132589,TOTDay1,Experiment, 5,1, 11.jpg,11.jpg,180,180,8.967, 223.328,232.296,223.328,-1,0,0,1,BE11_180,2024-04-11 12:29:30.039
9265,PSYC-132589,TOTDay1,Experiment, 6,0, 8.jpg,8.jpg,210,300,7.45, 232.804,240.254,232.803,-2,0,0,3,AH8_210,2024-04-11 12:29:37.997
9265,PSYC-132589,TOTDay1,Experiment, 7,0, 6.jpg,6.jpg,30,330,8.859, 240.812,249.671,240.811,-3,0,0,2,AM6_30,2024-04-11 12:29:47.405
9265,PSYC-132589,TOTDay1,Experiment, 8,0, 1.jpg,1.jpg,150,210,13.934, 250.335,264.27,250.334,-4,0,0,3,BH1_150,2024-04-11 12:30:02.013
9265,PSYC-132589,TOTDay1,Experiment, 9,1, 6.jpg,6.jpg,90,90,7.311, 264.839,272.15,264.837,-3,0,0,1,BE6_90,2024-04-11 12:30:09.886
9265,PSYC-132589,TOTDay1,Experiment, 10,1, 4.jpg,4.jpg,210,210,8.306, 272.638,280.943,272.637,-2,0,0,3,BH4_210,2024-04-11 12:30:18.687
9265,PSYC-132589,TOTDay1,Experiment, 11,1, 1.jpg,1.jpg,270,270,10.573, 281.377,291.951,281.377,-1,0,0,1,AE1_270,2024-04-11 12:30:29.693
9265,PSYC-132589,TOTDay1,Experiment, 12,1, 7.jpg,7.jpg,330,330,15.386, 292.399,307.785,292.399,0,0,0,2,AM7_330,2024-04-11 12:30:45.525
9265,PSYC-132589,TOTDay1,Experiment, 13,1, 3.jpg,3.jpg,90,90,8.214, 308.322,316.536,308.321,1,0,0,1,AE3_90,2024-04-11 12:30:54.277
9265,PSYC-132589,TOTDay1,Experiment, 14,0, 9.jpg,9.jpg,30,330,10.44, 317.065,327.505,317.064,0,0,0,2,BM9_30,2024-04-11 12:31:05.238
9265,PSYC-132589,TOTDay1,Experiment, 15,1, 3.jpg,3.jpg,240,240,8.568, 327.891,336.46,327.89,1,0,0,3,BH3_240,2024-04-11 12:31:14.197
9265,PSYC-132589,TOTDay1,Experiment, 16,1, 7.jpg,7.jpg,270,270,13.012, 336.898,349.909,336.897,2,0,0,1,BE7_270,2024-04-11 12:31:27.647
9265,PSYC-132589,TOTDay1,Experiment, 17,1, 10.jpg,10.jpg,150,150,6.43, 350.242,356.673,350.241,3,0,0,3,AH10_150,2024-04-11 12:31:34.414
9265,PSYC-132589,TOTDay1,Experiment, 18,0, 8.jpg,8.jpg,330,210,3.696, 357.221,360.918,357.221,2,0,0,2,BM8_330,2024-04-11 12:31:38.656
9266,PSYC-132589,TOTDay1,Training, 1,0, 2.jpg,2.jpg,90,270,10.866, 27.279,38.137,27.278,-1,0,0,1,PE2_90,2024-04-12 09:29:54.005
9266,PSYC-132589,TOTDay1,Training, 2,1, 2.jpg,2.jpg,180,180,8.966, 56.626,65.591,56.625,0,0,0,1,PE2_180,2024-04-12 09:30:21.450
9266,PSYC-132589,TOTDay1,Training, 3,0, 2.jpg,2.jpg,60,210,6.62, 68.314,74.934,68.313,-1,0,0,2,PM2_60,2024-04-12 09:30:30.783
9266,PSYC-132589,TOTDay1,Training, 4,0, 2.jpg,2.jpg,30,0,1.345, 78.16,79.505,78.159,-2,0,0,2,PM2_30,2024-04-12 09:30:35.354
9266,PSYC-132589,TOTDay1,Training, 5,0, 2.jpg,2.jpg,210,150,10.123, 81.813,91.937,81.813,-3,0,0,3,PH2_210,2024-04-12 09:30:47.796
9266,PSYC-132589,TOTDay1,Training, 6,1, 2.jpg,2.jpg,120,120,6.818, 99.588,106.407,99.587,-2,0,0,3,PH2_120,2024-04-12 09:31:02.254
9266,PSYC-132589,TOTDay1,Training, 7,0, 2.jpg,2.jpg,0,180,3.415, 107.148,110.563,107.147,-3,0,0,1,PE2_0,2024-04-12 09:31:06.417
9266,PSYC-132589,TOTDay1,Training, 8,0, 2.jpg,2.jpg,240,210,8.887, 114.08,122.967,114.079,-4,0,0,3,PH2_240,2024-04-12 09:31:18.828
9266,PSYC-132589,TOTDay1,Training, 9,1, 2.jpg,2.jpg,330,330,6.61, 124.011,130.622,124.011,-3,0,0,2,PM2_330,2024-04-12 09:31:26.480
9266,PSYC-132589,TOTDay1,Training, 10,1, 2.jpg,2.jpg,150,150,10.761, 132.34,143.101,132.339,-2,0,0,3,PH2_150,2024-04-12 09:31:38.959
9266,PSYC-132589,TOTDay1,Training, 11,1, 2.jpg,2.jpg,300,300,8.167, 143.727,151.895,143.727,-1,0,0,2,PM2_300,2024-04-12 09:31:47.743
9266,PSYC-132589,TOTDay1,Training, 12,1, 2.jpg,2.jpg,270,270,7.104, 152.563,159.666,152.562,0,0,0,1,PE2_270,2024-04-12 09:31:55.525
9266,PSYC-132589,TOTDay1,Experiment, 1,0, 3.jpg,3.jpg,240,120,13.953, 162.986,176.939,160.253,-1,0,0,3,BH3_240,2024-04-12 09:32:12.797
9266,PSYC-132589,TOTDay1,Experiment, 2,0, 3.jpg,3.jpg,90,0,6.954, 179.002,185.956,179.001,-2,0,0,1,AE3_90,2024-04-12 09:32:21.810
9266,PSYC-132589,TOTDay1,Experiment, 3,0, 7.jpg,7.jpg,330,150,16.729, 186.543,203.273,186.543,-3,0,0,2,AM7_330,2024-04-12 09:32:39.128
9266,PSYC-132589,TOTDay1,Experiment, 4,0, 4.jpg,4.jpg,210,0,6.486, 204.116,210.603,204.115,-4,0,0,3,BH4_210,2024-04-12 09:32:46.461
9266,PSYC-132589,TOTDay1,Experiment, 5,0, 7.jpg,7.jpg,270,60,2.873, 211.038,213.911,211.037,-5,0,0,1,BE7_270,2024-04-12 09:32:49.758
9266,PSYC-132589,TOTDay1,Experiment, 6,1, 8.jpg,8.jpg,330,330,4.255, 214.493,218.748,214.492,-4,0,0,2,BM8_330,2024-04-12 09:32:54.594
9266,PSYC-132589,TOTDay1,Experiment, 7,1, 4.jpg,4.jpg,180,180,7.335, 219.49,226.825,219.489,-3,0,0,1,AE4_180,2024-04-12 09:33:02.683
9266,PSYC-132589,TOTDay1,Experiment, 8,0, 11.jpg,11.jpg,60,150,8.584, 227.367,235.951,227.366,-4,0,0,2,AM11_60,2024-04-12 09:33:11.799
9266,PSYC-132589,TOTDay1,Experiment, 9,0, 8.jpg,8.jpg,210,30,5.042, 236.574,241.616,236.573,-5,0,0,3,AH8_210,2024-04-12 09:33:17.471
9266,PSYC-132589,TOTDay1,Experiment, 10,0, 10.jpg,10.jpg,60,330,11.969, 242.057,254.026,242.056,-6,0,0,2,BM10_60,2024-04-12 09:33:29.876
9266,PSYC-132589,TOTDay1,Experiment, 11,0, 10.jpg,10.jpg,150,210,15.709, 254.478,270.187,254.477,-7,0,0,3,AH10_150,2024-04-12 09:33:46.044
9266,PSYC-132589,TOTDay1,Experiment, 12,0, 6.jpg,6.jpg,90,240,17.2, 270.646,287.847,270.646,-8,0,0,1,BE6_90,2024-04-12 09:34:03.705
9266,PSYC-132589,TOTDay1,Experiment, 13,0, 9.jpg,9.jpg,240,150,10.709, 288.301,299.01,288.301,-9,0,0,3,AH9_240,2024-04-12 09:34:14.865
9266,PSYC-132589,TOTDay1,Experiment, 14,0, 6.jpg,6.jpg,30,300,4.046, 299.64,303.687,299.639,-10,0,0,2,AM6_30,2024-04-12 09:34:19.541
9266,PSYC-132589,TOTDay1,Experiment, 15,0, 11.jpg,11.jpg,180,0,15.661, 304.113,319.774,304.113,-11,0,0,1,BE11_180,2024-04-12 09:34:35.627
9266,PSYC-132589,TOTDay1,Experiment, 16,1, 1.jpg,1.jpg,270,270,9.974, 320.391,330.365,320.39,-10,0,0,1,AE1_270,2024-04-12 09:34:46.226
9266,PSYC-132589,TOTDay1,Experiment, 17,0, 1.jpg,1.jpg,150,240,4.811, 332.036,336.847,332.035,-11,0,0,3,BH1_150,2024-04-12 09:34:52.708
9266,PSYC-132589,TOTDay1,Experiment, 18,1, 9.jpg,9.jpg,30,30,8.076, 337.297,345.373,337.297,-10,0,0,2,BM9_30,2024-04-12 09:35:01.228
9268,PSYC-134128,TOTDay1,Training, 1,0, 2.jpg,2.jpg,90,180,9.445, 186.95,196.392,186.949,-1,0,0,1,PE2_90,2024-04-12 12:23:29.463
9268,PSYC-134128,TOTDay1,Training, 2,1, 2.jpg,2.jpg,180,180,5.294, 202.152,207.446,202.151,0,0,0,1,PE2_180,2024-04-12 12:23:40.523
9268,PSYC-134128,TOTDay1,Training, 3,0, 2.jpg,2.jpg,60,150,6.625, 208.947,215.572,208.946,-1,0,0,2,PM2_60,2024-04-12 12:23:48.645
9268,PSYC-134128,TOTDay1,Training, 4,0, 2.jpg,2.jpg,30,60,4.538, 224.169,228.708,224.168,-2,0,0,2,PM2_30,2024-04-12 12:24:01.787
9268,PSYC-134128,TOTDay1,Training, 5,1, 2.jpg,2.jpg,210,210,6.659, 237.746,244.405,237.746,-1,0,0,3,PH2_210,2024-04-12 12:24:17.471
9268,PSYC-134128,TOTDay1,Training, 6,1, 2.jpg,2.jpg,120,120,3.917, 246.844,250.761,246.844,0,0,0,3,PH2_120,2024-04-12 12:24:23.836
9268,PSYC-134128,TOTDay1,Training, 7,1, 2.jpg,2.jpg,0,0,4.523, 252.565,257.088,252.564,1,0,0,1,PE2_0,2024-04-12 12:24:30.165
9268,PSYC-134128,TOTDay1,Training, 8,0, 2.jpg,2.jpg,240,210,3.644, 258.48,262.124,258.48,0,0,0,3,PH2_240,2024-04-12 12:24:35.193
9268,PSYC-134128,TOTDay1,Training, 9,1, 2.jpg,2.jpg,330,330,12.316, 265.41,277.726,265.41,1,0,0,2,PM2_330,2024-04-12 12:24:50.799
9268,PSYC-134128,TOTDay1,Training, 10,1, 2.jpg,2.jpg,150,150,3.513, 279.104,282.617,279.102,2,0,0,3,PH2_150,2024-04-12 12:24:55.685
9268,PSYC-134128,TOTDay1,Training, 11,1, 2.jpg,2.jpg,300,300,3.032, 283.988,287.02,283.987,3,0,0,2,PM2_300,2024-04-12 12:25:00.098
9268,PSYC-134128,TOTDay1,Training, 12,0, 2.jpg,2.jpg,270,90,3.491, 288.423,291.914,288.422,2,0,0,1,PE2_270,2024-04-12 12:25:04.989
9268,PSYC-134128,TOTDay1,Experiment, 1,1, 11.jpg,11.jpg,180,180,7.605, 296.762,304.367,294.228,1,0,0,1,BE11_180,2024-04-12 12:25:17.433
9268,PSYC-134128,TOTDay1,Experiment, 2,1, 10.jpg,10.jpg,150,150,4.766, 306.068,310.834,306.067,2,0,0,3,AH10_150,2024-04-12 12:25:23.907
9268,PSYC-134128,TOTDay1,Experiment, 3,1, 7.jpg,7.jpg,330,330,5.338, 311.893,317.231,311.892,3,0,0,2,AM7_330,2024-04-12 12:25:30.300
9268,PSYC-134128,TOTDay1,Experiment, 4,0, 6.jpg,6.jpg,30,120,13.176, 318.265,331.441,318.264,2,0,0,2,AM6_30,2024-04-12 12:25:44.507
9268,PSYC-134128,TOTDay1,Experiment, 5,0, 6.jpg,6.jpg,90,210,10.465, 332.826,343.291,332.826,1,0,0,1,BE6_90,2024-04-12 12:25:56.370
9268,PSYC-134128,TOTDay1,Experiment, 6,0, 3.jpg,3.jpg,240,210,11.137, 343.801,354.939,343.801,0,0,0,3,BH3_240,2024-04-12 12:26:08.015
9268,PSYC-134128,TOTDay1,Experiment, 7,0, 1.jpg,1.jpg,270,120,17.009, 356.026,373.035,356.025,-1,0,0,1,AE1_270,2024-04-12 12:26:26.108
9268,PSYC-134128,TOTDay1,Experiment, 8,0, 8.jpg,8.jpg,210,330,17.26, 373.761,391.022,373.76,-2,0,0,3,AH8_210,2024-04-12 12:26:44.088
9268,PSYC-134128,TOTDay1,Experiment, 9,0, 11.jpg,11.jpg,60,30,12.604, 391.812,404.417,391.811,-3,0,0,2,AM11_60,2024-04-12 12:26:57.484
9268,PSYC-134128,TOTDay1,Experiment, 10,0, 1.jpg,1.jpg,150,60,28.227, 405.359,433.586,405.359,-4,0,0,3,BH1_150,2024-04-12 12:27:26.661
9268,PSYC-134128,TOTDay1,Experiment, 11,0, 8.jpg,8.jpg,330,60,6.104, 434.402,440.507,434.401,-5,0,0,2,BM8_330,2024-04-12 12:27:33.578
9268,PSYC-134128,TOTDay1,Experiment, 12,0, 7.jpg,7.jpg,270,90,9.827, 441.639,451.467,441.639,-6,0,0,1,BE7_270,2024-04-12 12:27:44.535
9268,PSYC-134128,TOTDay1,Experiment, 13,0, 3.jpg,3.jpg,90,300,7.537, 452.679,460.217,452.679,-7,0,0,1,AE3_90,2024-04-12 12:27:53.289
9268,PSYC-134128,TOTDay1,Experiment, 14,0, 4.jpg,4.jpg,210,150,16.493, 461.148,477.642,461.147,-8,0,0,3,BH4_210,2024-04-12 12:28:10.714
9268,PSYC-134128,TOTDay1,Experiment, 15,1, 10.jpg,10.jpg,60,60,10.416, 478.539,488.955,478.539,-7,0,0,2,BM10_60,2024-04-12 12:28:22.026
9268,PSYC-134128,TOTDay1,Experiment, 16,0, 9.jpg,9.jpg,240,150,11.018, 489.86,500.879,489.859,-8,0,0,3,AH9_240,2024-04-12 12:28:33.948
9268,PSYC-134128,TOTDay1,Experiment, 17,0, 4.jpg,4.jpg,180,210,4.491, 502.101,506.593,502.1,-9,0,0,1,AE4_180,2024-04-12 12:28:39.664
9268,PSYC-134128,TOTDay1,Experiment, 18,1, 9.jpg,9.jpg,30,30,7.868, 507.44,515.308,507.439,-8,0,0,2,BM9_30,2024-04-12 12:28:48.382
9270,PSYC-134128,TOTDay1,Training, 1,1, 2.jpg,2.jpg,90,90,6.371, 13.965,20.334,13.963,1,0,0,1,PE2_90,2024-04-12 15:22:23.435
9270,PSYC-134128,TOTDay1,Training, 2,1, 2.jpg,2.jpg,180,180,6.419, 26.316,32.736,26.316,2,0,0,1,PE2_180,2024-04-12 15:22:35.837
9270,PSYC-134128,TOTDay1,Training, 3,0, 2.jpg,2.jpg,60,120,2.852, 34.784,37.635,34.783,1,0,0,2,PM2_60,2024-04-12 15:22:40.730
9270,PSYC-134128,TOTDay1,Training, 4,0, 2.jpg,2.jpg,30,330,3.904, 42.523,46.428,42.523,0,0,0,2,PM2_30,2024-04-12 15:22:49.529
9270,PSYC-134128,TOTDay1,Training, 5,0, 2.jpg,2.jpg,210,150,6.936, 49.916,56.851,49.915,-1,0,0,3,PH2_210,2024-04-12 15:22:59.943
9270,PSYC-134128,TOTDay1,Training, 6,0, 2.jpg,2.jpg,120,240,5.186, 64.779,69.965,64.778,-2,0,0,3,PH2_120,2024-04-12 15:23:13.062
9270,PSYC-134128,TOTDay1,Training, 7,1, 2.jpg,2.jpg,0,0,8.605, 78.758,87.363,78.757,-1,0,0,1,PE2_0,2024-04-12 15:23:30.453
9270,PSYC-134128,TOTDay1,Training, 8,0, 2.jpg,2.jpg,240,300,8.207, 91.626,99.833,91.626,-2,0,0,3,PH2_240,2024-04-12 15:23:42.922
9270,PSYC-134128,TOTDay1,Training, 9,0, 2.jpg,2.jpg,330,30,4.024, 102.059,106.083,102.058,-3,0,0,2,PM2_330,2024-04-12 15:23:49.178
9270,PSYC-134128,TOTDay1,Training, 10,0, 2.jpg,2.jpg,150,210,4.628, 108.139,112.767,108.139,-4,0,0,3,PH2_150,2024-04-12 15:23:55.859
9270,PSYC-134128,TOTDay1,Training, 11,0, 2.jpg,2.jpg,300,60,3.41, 113.765,117.175,113.764,-5,0,0,2,PM2_300,2024-04-12 15:24:00.272
9270,PSYC-134128,TOTDay1,Training, 12,0, 2.jpg,2.jpg,270,90,3.344, 126.273,129.617,126.273,-6,0,0,1,PE2_270,2024-04-12 15:24:12.708
9270,PSYC-134128,TOTDay1,Experiment, 1,0, 3.jpg,3.jpg,90,270,11.952, 133.728,145.679,132.481,-1,0,0,1,AE3_90,2024-04-12 15:24:28.781
9270,PSYC-134128,TOTDay1,Experiment, 2,1, 7.jpg,7.jpg,330,330,10.69, 150.477,161.167,150.477,0,0,0,2,AM7_330,2024-04-12 15:24:44.267
9270,PSYC-134128,TOTDay1,Experiment, 3,0, 9.jpg,9.jpg,240,120,12.643, 162.391,175.034,162.39,-1,0,0,3,AH9_240,2024-04-12 15:24:58.136
9270,PSYC-134128,TOTDay1,Experiment, 4,1, 11.jpg,11.jpg,180,180,5.337, 176.098,181.435,176.097,0,0,0,1,BE11_180,2024-04-12 15:25:04.529
9270,PSYC-134128,TOTDay1,Experiment, 5,0, 11.jpg,11.jpg,60,240,9.089, 182.635,191.725,182.635,-1,0,0,2,AM11_60,2024-04-12 15:25:14.819
9270,PSYC-134128,TOTDay1,Experiment, 6,1, 10.jpg,10.jpg,150,150,4.516, 192.749,197.265,192.749,0,0,0,3,AH10_150,2024-04-12 15:25:20.365
9270,PSYC-134128,TOTDay1,Experiment, 7,1, 7.jpg,7.jpg,270,270,5.996, 198.281,204.277,198.28,1,0,0,1,BE7_270,2024-04-12 15:25:27.374
9270,PSYC-134128,TOTDay1,Experiment, 8,0, 1.jpg,1.jpg,150,240,4.315, 205.469,209.784,205.469,0,0,0,3,BH1_150,2024-04-12 15:25:32.886
9270,PSYC-134128,TOTDay1,Experiment, 9,0, 8.jpg,8.jpg,330,30,4.631, 210.588,215.219,210.587,-1,0,0,2,BM8_330,2024-04-12 15:25:38.321
9270,PSYC-134128,TOTDay1,Experiment, 10,0, 6.jpg,6.jpg,90,270,8.727, 217.842,226.569,217.841,-2,0,0,1,BE6_90,2024-04-12 15:25:49.658
9270,PSYC-134128,TOTDay1,Experiment, 11,0, 6.jpg,6.jpg,30,60,5.389, 227.127,232.516,227.126,-3,0,0,2,AM6_30,2024-04-12 15:25:55.608
9270,PSYC-134128,TOTDay1,Experiment, 12,1, 8.jpg,8.jpg,210,210,6.814, 233.155,239.97,233.155,-2,0,0,3,AH8_210,2024-04-12 15:26:03.068
9270,PSYC-134128,TOTDay1,Experiment, 13,0, 9.jpg,9.jpg,30,300,6.849, 241.23,248.079,241.229,-3,0,0,2,BM9_30,2024-04-12 15:26:11.173
9270,PSYC-134128,TOTDay1,Experiment, 14,0, 1.jpg,1.jpg,270,120,3.365, 249.235,252.601,249.234,-4,0,0,1,AE1_270,2024-04-12 15:26:15.696
9270,PSYC-134128,TOTDay1,Experiment, 15,1, 4.jpg,4.jpg,210,210,7.782, 253.376,261.158,253.375,-3,0,0,3,BH4_210,2024-04-12 15:26:24.249
9270,PSYC-134128,TOTDay1,Experiment, 16,0, 3.jpg,3.jpg,240,270,4.643, 262.644,267.287,262.643,-4,0,0,3,BH3_240,2024-04-12 15:26:30.387
9270,PSYC-134128,TOTDay1,Experiment, 17,1, 10.jpg,10.jpg,60,60,5.244, 268.045,273.289,268.044,-3,0,0,2,BM10_60,2024-04-12 15:26:36.387
9270,PSYC-134128,TOTDay1,Experiment, 18,0, 4.jpg,4.jpg,180,150,5.381, 274.832,280.213,274.831,-4,0,0,1,AE4_180,2024-04-12 15:26:43.314
9249,PSYC-132589,TOTDay1,Training, 1,1, 2.jpg,2.jpg,90,90,9.18, 72.61,81.786,72.608,1,0,0,1,PE2_90,2024-04-12 15:22:17.479
9249,PSYC-132589,TOTDay1,Training, 2,1, 2.jpg,2.jpg,180,180,3.431, 82.852,86.283,82.851,2,0,0,1,PE2_180,2024-04-12 15:22:21.972
9249,PSYC-132589,TOTDay1,Training, 3,1, 2.jpg,2.jpg,60,60,4.538, 87.289,91.827,87.288,3,0,0,2,PM2_60,2024-04-12 15:22:27.517
9249,PSYC-132589,TOTDay1,Training, 4,1, 2.jpg,2.jpg,30,30,8.799, 92.596,101.395,92.595,4,0,0,2,PM2_30,2024-04-12 15:22:37.091
9249,PSYC-132589,TOTDay1,Training, 5,0, 2.jpg,2.jpg,210,150,5.909, 102.012,107.922,102.012,3,0,0,3,PH2_210,2024-04-12 15:22:43.613
9249,PSYC-132589,TOTDay1,Training, 6,0, 2.jpg,2.jpg,120,210,10.928, 116.802,127.729,116.801,2,0,0,3,PH2_120,2024-04-12 15:23:03.423
9249,PSYC-132589,TOTDay1,Training, 7,1, 2.jpg,2.jpg,0,0,6.167, 133.982,140.15,133.982,3,0,0,1,PE2_0,2024-04-12 15:23:15.837
9249,PSYC-132589,TOTDay1,Training, 8,0, 2.jpg,2.jpg,240,300,17.039, 140.75,157.79,140.75,2,0,0,3,PH2_240,2024-04-12 15:23:33.472
9249,PSYC-132589,TOTDay1,Training, 9,0, 2.jpg,2.jpg,330,30,5.74, 159.004,164.745,159.004,1,0,0,2,PM2_330,2024-04-12 15:23:40.433
9249,PSYC-132589,TOTDay1,Training, 10,0, 2.jpg,2.jpg,150,210,5.234, 165.688,170.922,165.687,0,0,0,3,PH2_150,2024-04-12 15:23:46.607
9249,PSYC-132589,TOTDay1,Training, 11,0, 2.jpg,2.jpg,300,60,3.857, 171.65,175.508,171.65,-1,0,0,2,PM2_300,2024-04-12 15:23:51.195
9249,PSYC-132589,TOTDay1,Training, 12,1, 2.jpg,2.jpg,270,270,7.573, 176.127,183.7,176.127,0,0,0,1,PE2_270,2024-04-12 15:23:59.394
9249,PSYC-132589,TOTDay1,Experiment, 1,0, 9.jpg,9.jpg,30,0,7.086, 187.595,194.682,184.302,-1,0,0,2,BM9_30,2024-04-12 15:24:10.377
9249,PSYC-132589,TOTDay1,Experiment, 2,0, 6.jpg,6.jpg,90,60,14.109, 198.779,212.889,198.779,-2,0,0,1,BE6_90,2024-04-12 15:24:28.583
9249,PSYC-132589,TOTDay1,Experiment, 3,0, 9.jpg,9.jpg,240,210,9.818, 213.911,223.729,213.911,-3,0,0,3,AH9_240,2024-04-12 15:24:39.418
9249,PSYC-132589,TOTDay1,Experiment, 4,0, 3.jpg,3.jpg,240,120,7.613, 224.312,231.925,224.311,-4,0,0,3,BH3_240,2024-04-12 15:24:47.621
9249,PSYC-132589,TOTDay1,Experiment, 5,0, 6.jpg,6.jpg,30,210,2.939, 232.756,235.695,232.755,-5,0,0,2,AM6_30,2024-04-12 15:24:51.388
9249,PSYC-132589,TOTDay1,Experiment, 6,1, 11.jpg,11.jpg,180,180,7.753, 236.309,244.063,236.309,-4,0,0,1,BE11_180,2024-04-12 15:24:59.750
9249,PSYC-132589,TOTDay1,Experiment, 7,1, 1.jpg,1.jpg,270,270,6.596, 244.829,251.425,244.828,-3,0,0,1,AE1_270,2024-04-12 15:25:07.116
9249,PSYC-132589,TOTDay1,Experiment, 8,0, 10.jpg,10.jpg,60,30,11.679, 252.016,263.696,252.015,-4,0,0,2,BM10_60,2024-04-12 15:25:19.390
9249,PSYC-132589,TOTDay1,Experiment, 9,1, 4.jpg,4.jpg,210,210,7.541, 264.227,271.769,264.227,-3,0,0,3,BH4_210,2024-04-12 15:25:27.452
9249,PSYC-132589,TOTDay1,Experiment, 10,0, 7.jpg,7.jpg,330,0,4.103, 272.386,276.489,272.385,-4,0,0,2,AM7_330,2024-04-12 15:25:32.180
9249,PSYC-132589,TOTDay1,Experiment, 11,0, 8.jpg,8.jpg,210,60,8.195, 278.99,287.185,278.989,-5,0,0,3,AH8_210,2024-04-12 15:25:42.867
9249,PSYC-132589,TOTDay1,Experiment, 12,1, 7.jpg,7.jpg,270,270,15.98, 287.752,303.732,287.751,-4,0,0,1,BE7_270,2024-04-12 15:25:59.414
9249,PSYC-132589,TOTDay1,Experiment, 13,0, 1.jpg,1.jpg,150,90,3.232, 304.309,307.541,304.308,-5,0,0,3,BH1_150,2024-04-12 15:26:03.231
9249,PSYC-132589,TOTDay1,Experiment, 14,0, 11.jpg,11.jpg,60,210,5.636, 308.039,313.675,308.038,-6,0,0,2,AM11_60,2024-04-12 15:26:09.362
9249,PSYC-132589,TOTDay1,Experiment, 15,0, 4.jpg,4.jpg,180,240,10.359, 314.176,324.536,314.176,-7,0,0,1,AE4_180,2024-04-12 15:26:20.218
9249,PSYC-132589,TOTDay1,Experiment, 16,0, 3.jpg,3.jpg,90,120,2.596, 325.048,327.643,325.047,-8,0,0,1,AE3_90,2024-04-12 15:26:23.331
9249,PSYC-132589,TOTDay1,Experiment, 17,0, 10.jpg,10.jpg,150,330,23.638, 328.47,352.108,328.469,-9,0,0,3,AH10_150,2024-04-12 15:26:47.804
9249,PSYC-132589,TOTDay1,Experiment, 18,0, 8.jpg,8.jpg,330,30,13.004, 352.641,365.645,352.64,-10,0,0,2,BM8_330,2024-04-12 15:27:01.340
9249,PSYC-132589,TOTDay1,Experiment, 19,0, 8.jpg,8.jpg,330,-1,36.057, 352.641,388.697,366.208,-11,0,0,2,BM8_330,2024-04-12 15:27:24.393
9271,PSYC-132589,TOTDay1,Training, 1,1, 2.jpg,2.jpg,90,90,7.56, 17.947,25.502,17.946,1,0,0,1,PE2_90,2024-04-17 15:19:33.513
9271,PSYC-132589,TOTDay1,Training, 2,0, 2.jpg,2.jpg,180,30,10.01, 26.945,36.955,26.944,0,0,0,1,PE2_180,2024-04-17 15:19:44.948
9271,PSYC-132589,TOTDay1,Training, 3,0, 2.jpg,2.jpg,60,120,3.779, 45.1,48.879,45.1,-1,0,0,2,PM2_60,2024-04-17 15:19:56.886
9271,PSYC-132589,TOTDay1,Training, 4,0, 2.jpg,2.jpg,30,150,4.083, 52.98,57.064,52.979,-2,0,0,2,PM2_30,2024-04-17 15:20:05.056
9271,PSYC-132589,TOTDay1,Training, 5,0, 2.jpg,2.jpg,210,300,4.609, 59.331,63.94,59.33,-3,0,0,3,PH2_210,2024-04-17 15:20:11.936
9271,PSYC-132589,TOTDay1,Training, 6,0, 2.jpg,2.jpg,120,60,8.664, 71.327,79.991,71.327,-4,0,0,3,PH2_120,2024-04-17 15:20:27.994
9271,PSYC-132589,TOTDay1,Training, 7,0, 2.jpg,2.jpg,0,180,6.146, 86.041,92.187,86.041,-5,0,0,1,PE2_0,2024-04-17 15:20:40.187
9271,PSYC-132589,TOTDay1,Training, 8,0, 2.jpg,2.jpg,240,330,5.9, 95.415,101.316,95.415,-6,0,0,3,PH2_240,2024-04-17 15:20:49.310
9271,PSYC-132589,TOTDay1,Training, 9,0, 2.jpg,2.jpg,330,150,3.548, 105.085,108.634,105.084,-7,0,0,2,PM2_330,2024-04-17 15:20:56.632
9271,PSYC-132589,TOTDay1,Training, 10,0, 2.jpg,2.jpg,150,120,2.84, 111.516,114.357,111.516,-8,0,0,3,PH2_150,2024-04-17 15:21:02.353
9271,PSYC-132589,TOTDay1,Training, 11,0, 2.jpg,2.jpg,300,210,2.721, 116.816,119.537,116.815,-9,0,0,2,PM2_300,2024-04-17 15:21:07.536
9271,PSYC-132589,TOTDay1,Training, 12,1, 2.jpg,2.jpg,270,270,2.783, 121.196,123.979,121.195,-8,0,0,1,PE2_270,2024-04-17 15:21:11.983
9271,PSYC-132589,TOTDay1,Experiment, 1,0, 8.jpg,8.jpg,330,60,3.268, 127.313,130.581,124.754,-1,0,0,2,BM8_330,2024-04-17 15:21:18.583
9271,PSYC-132589,TOTDay1,Experiment, 2,0, 1.jpg,1.jpg,270,330,5.679, 132.232,137.911,132.231,-2,0,0,1,AE1_270,2024-04-17 15:21:25.903
9271,PSYC-132589,TOTDay1,Experiment, 3,1, 1.jpg,1.jpg,150,150,3.708, 138.995,142.703,138.995,-1,0,0,3,BH1_150,2024-04-17 15:21:30.709
9271,PSYC-132589,TOTDay1,Experiment, 4,0, 6.jpg,6.jpg,30,60,4.371, 143.523,147.895,143.522,-2,0,0,2,AM6_30,2024-04-17 15:21:35.893
9271,PSYC-132589,TOTDay1,Experiment, 5,0, 4.jpg,4.jpg,180,0,0.389, 148.538,148.927,148.537,-3,0,0,1,AE4_180,2024-04-17 15:21:36.930
9271,PSYC-132589,TOTDay1,Experiment, 6,0, 10.jpg,10.jpg,150,30,4.745, 152.484,157.229,152.481,-4,0,0,3,AH10_150,2024-04-17 15:21:45.227
9271,PSYC-132589,TOTDay1,Experiment, 7,0, 7.jpg,7.jpg,270,210,6.429, 158.617,165.046,158.617,-5,0,0,1,BE7_270,2024-04-17 15:21:53.048
9271,PSYC-132589,TOTDay1,Experiment, 8,0, 9.jpg,9.jpg,240,30,9.858, 165.917,175.776,165.917,-6,0,0,3,AH9_240,2024-04-17 15:22:03.779
9271,PSYC-132589,TOTDay1,Experiment, 9,0, 9.jpg,9.jpg,30,330,4.238, 176.762,181.001,176.761,-7,0,0,2,BM9_30,2024-04-17 15:22:08.995
9271,PSYC-132589,TOTDay1,Experiment, 10,0, 11.jpg,11.jpg,180,0,15.215, 182.086,197.301,182.085,-8,0,0,1,BE11_180,2024-04-17 15:22:25.306
9271,PSYC-132589,TOTDay1,Experiment, 11,1, 4.jpg,4.jpg,210,210,3.887, 198.389,202.277,198.389,-7,0,0,3,BH4_210,2024-04-17 15:22:30.270
9271,PSYC-132589,TOTDay1,Experiment, 12,1, 10.jpg,10.jpg,60,60,4.17, 204.649,208.819,204.649,-6,0,0,2,BM10_60,2024-04-17 15:22:36.823
9271,PSYC-132589,TOTDay1,Experiment, 13,0, 3.jpg,3.jpg,90,150,5.023, 209.496,214.519,209.495,-7,0,0,1,AE3_90,2024-04-17 15:22:42.525
9271,PSYC-132589,TOTDay1,Experiment, 14,1, 11.jpg,11.jpg,60,60,3.054, 215.097,218.151,215.096,-6,0,0,2,AM11_60,2024-04-17 15:22:46.150
9271,PSYC-132589,TOTDay1,Experiment, 15,0, 3.jpg,3.jpg,240,330,4.498, 218.899,223.397,218.898,-7,0,0,3,BH3_240,2024-04-17 15:22:51.392
9271,PSYC-132589,TOTDay1,Experiment, 16,0, 6.jpg,6.jpg,90,60,6.399, 223.97,230.369,223.969,-8,0,0,1,BE6_90,2024-04-17 15:22:58.369
9271,PSYC-132589,TOTDay1,Experiment, 17,1, 8.jpg,8.jpg,210,210,4.174, 230.983,235.157,230.982,-7,0,0,3,AH8_210,2024-04-17 15:23:03.159
9271,PSYC-132589,TOTDay1,Experiment, 18,0, 7.jpg,7.jpg,330,150,20.62, 235.801,256.421,235.799,-8,0,0,2,AM7_330,2024-04-17 15:23:24.417
